window_size,window_size_1d,horizon_k,recent_bars,n_valid,n_train,n_valid_split,n_test,binary_positive_rate_train,binary_positive_rate_test,cnn_key,obs_key,channel,auc_binary,macro_f1,importance_sum,importance_pct,signal_score,concept_key,variant,symbol_scope,normalized_name
12,6,6,6,2500,1750,375,375,0.5165714285714286,0.5413333333333333,5m_target,price_seq_target,volume_ratio_z_short,0.46712109061748197,1.0,175.0,0.047131699434419604,0.40706975491516295,volume_ratio,z_short,global,volume_ratio_z_short
12,6,6,6,2500,1750,375,375,0.5165714285714286,0.5413333333333333,5m_target,price_seq_target,volume_ratio_z_long,0.4941574063466606,1.0,274.0,0.0737947751144627,0.4110692162671694,volume_ratio,z_long,global,volume_ratio_z_long
12,6,6,6,2500,1750,375,375,0.5165714285714286,0.5413333333333333,5m_target,price_seq_target,long_short_ratio_z,0.4563237484247909,1.0,276.0,0.07433342310799892,0.41115001346619984,long_short_ratio,z,global,long_short_ratio_z
12,6,6,6,2500,1750,375,375,0.5165714285714286,0.5413333333333333,5m_target,price_seq_target,sell_volume_roc_12,0.516840417000802,1.0,269.0,0.07244815513062214,0.42602359857031513,sell_volume,roc_12,global,sell_volume_roc_12
12,6,6,6,2500,1750,375,375,0.5165714285714286,0.5413333333333333,5m_target,price_seq_target,sell_volume_roc_1,0.565414136785428,1.0,375.0,0.10099649878804201,0.4740221979250915,sell_volume,roc_1,global,sell_volume_roc_1
12,6,6,6,2500,1750,375,375,0.5165714285714286,0.5413333333333333,5m_target,price_seq_target,sell_volume_ema_12_48_spread,0.5095371749341275,1.0,208.0,0.0560193913277673,0.4169863661398799,sell_volume,ema_12_48_spread,global,sell_volume_ema_12_48_spread
12,6,6,6,2500,1750,375,375,0.5165714285714286,0.5413333333333333,5m_target,price_seq_target,volume_ratio_ema_12_48_spread,0.48124069194638563,1.0,407.0,0.1096148666846216,0.41644223000269326,volume_ratio,ema_12_48_spread,global,volume_ratio_ema_12_48_spread
12,6,6,6,2500,1750,375,375,0.5165714285714286,0.5413333333333333,5m_target,price_seq_target,trades_z_long,0.46915454233016385,1.0,347.0,0.09345542687853488,0.41401831403178024,trades,z_long,global,trades_z_long
12,6,6,6,2500,1750,375,375,0.5165714285714286,0.5413333333333333,5m_target,price_seq_target,volume_impact_scale,0.550864932982014,1.0,369.0,0.09938055480743334,0.46068552290492765,volume_impact,scale,global,volume_impact_scale
12,6,6,6,2500,1750,375,375,0.5165714285714286,0.5413333333333333,5m_target,price_seq_target,close_z_long,0.41639935846030474,1.0,467.0,0.1257743064907083,0.4188661459736063,close,z_long,global,close_z_long
12,6,6,6,2500,1750,375,375,0.5165714285714286,0.5413333333333333,5m_target,price_seq_target,volume_log_z_short,0.45781303700309317,1.0,262.0,0.07056288715324535,0.4105844330729868,volume_log,z_short,global,volume_log_z_short
12,6,6,6,2500,1750,375,375,0.5165714285714286,0.5413333333333333,5m_target,price_seq_target,ret_15m_z_short,0.431507045480582,1.0,284.0,0.07648801508214383,0.4114732022623216,ret_15m,z_short,global,ret_15m_z_short
12,6,6,6,2500,1750,375,375,0.5165714285714286,0.5413333333333333,5m_others,price_seq_others,ETHUSDT_trades_z_short,0.504009623095429,1.0,58.0,0.014208721215090642,0.4057399689681497,trades,z_short,symbol,trades_z_short
12,6,6,6,2500,1750,375,375,0.5165714285714286,0.5413333333333333,5m_others,price_seq_others,ETHUSDT_long_short_ratio_z_short,0.566731584373926,1.0,84.0,0.020578147966683,0.4631451481315359,long_short_ratio,z_short,symbol,long_short_ratio_z_short
12,6,6,6,2500,1750,375,375,0.5165714285714286,0.5413333333333333,5m_others,price_seq_others,ETHUSDT_volume_log_z,0.5138331996792301,1.0,81.0,0.019843214110730034,0.41542636182791665,volume,log_z,symbol,volume_log_z
12,6,6,6,2500,1750,375,375,0.5165714285714286,0.5413333333333333,5m_others,price_seq_others,ETHUSDT_sell_volume_z_short,0.5182724252491694,1.0,121.0,0.029642332190102892,0.4208915325527679,sell_volume,z_short,symbol,sell_volume_z_short
12,6,6,6,2500,1750,375,375,0.5165714285714286,0.5413333333333333,5m_others,price_seq_others,ETHUSDT_rsi_14,0.4753121777981441,1.0,70.0,0.0171484566389025,0.4025722684958354,rsi_14,raw,symbol,rsi_14
12,6,6,6,2500,1750,375,375,0.5165714285714286,0.5413333333333333,5m_others,price_seq_others,ETHUSDT_buy_volume_z_long,0.48573719784625957,1.0,56.0,0.013718765311121999,0.4020578147966683,buy_volume,z_long,symbol,buy_volume_z_long
12,6,6,6,2500,1750,375,375,0.5165714285714286,0.5413333333333333,5m_others,price_seq_others,ETHUSDT_up_volume_ratio_12,0.5223966090044678,1.0,112.0,0.027437530622243998,0.42427257769735766,up_volume_ratio_12,raw,symbol,up_volume_ratio_12
12,6,6,6,2500,1750,375,375,0.5165714285714286,0.5413333333333333,5m_others,price_seq_others,ETHUSDT_volume_ratio_z_long,0.4681234963913392,1.0,118.0,0.028907398334149927,0.4043361097501225,volume_ratio,z_long,symbol,volume_ratio_z_long
12,6,6,6,2500,1750,375,375,0.5165714285714286,0.5413333333333333,5m_others,price_seq_others,ETHUSDT_high_roc_12,0.5575953717493413,1.0,93.0,0.02278294953454189,0.45525327700458845,high,roc_12,symbol,high_roc_12
12,6,6,6,2500,1750,375,375,0.5165714285714286,0.5413333333333333,5m_others,price_seq_others,ETHUSDT_trades_roc_12,0.4401134150532707,1.0,94.0,0.023027927486526212,0.403454189122979,trades,roc_12,symbol,trades_roc_12
12,6,6,6,2500,1750,375,375,0.5165714285714286,0.5413333333333333,5m_others,price_seq_others,ETHUSDT_quote_volume_z_long,0.4972219039981671,1.0,57.0,0.01396374326310632,0.402094561489466,quote_volume,z_long,symbol,quote_volume_z_long
12,6,6,6,2500,1750,375,375,0.5165714285714286,0.5413333333333333,5m_others,price_seq_others,ETHUSDT_volume_impact_scale,0.4959330965746363,1.0,71.0,0.01739343459088682,0.40260901518863307,volume_impact,scale,symbol,volume_impact_scale
12,6,6,6,2500,1750,375,375,0.5165714285714286,0.5413333333333333,5m_others,price_seq_others,SOLUSDT_trades_z_short,0.5157807308970099,1.0,96.0,0.023517883390494855,0.4177303403158832,trades,z_short,symbol,trades_z_short
12,6,6,6,2500,1750,375,375,0.5165714285714286,0.5413333333333333,5m_others,price_seq_others,SOLUSDT_long_short_ratio_z_short,0.4827872608546225,1.0,108.0,0.02645761881430671,0.403968642822146,long_short_ratio,z_short,symbol,long_short_ratio_z_short
12,6,6,6,2500,1750,375,375,0.5165714285714286,0.5413333333333333,5m_others,price_seq_others,SOLUSDT_volume_log_z,0.5103963798831481,1.0,105.0,0.02572268495835375,0.4132151446385864,volume,log_z,symbol,volume_log_z
12,6,6,6,2500,1750,375,375,0.5165714285714286,0.5413333333333333,5m_others,price_seq_others,SOLUSDT_sell_volume_z_short,0.4477030587696186,1.0,89.0,0.021803037726604607,0.4032704556589907,sell_volume,z_short,symbol,sell_volume_z_short
12,6,6,6,2500,1750,375,375,0.5165714285714286,0.5413333333333333,5m_others,price_seq_others,SOLUSDT_rsi_14,0.49172299232443584,1.0,114.0,0.02792748652621264,0.4041891229789319,rsi_14,raw,symbol,rsi_14
12,6,6,6,2500,1750,375,375,0.5165714285714286,0.5413333333333333,5m_others,price_seq_others,SOLUSDT_buy_volume_z_long,0.4428055905602017,1.0,79.0,0.01935325820676139,0.4029029887310142,buy_volume,z_long,symbol,buy_volume_z_long
12,6,6,6,2500,1750,375,375,0.5165714285714286,0.5413333333333333,5m_others,price_seq_others,SOLUSDT_up_volume_ratio_12,0.489288578302211,1.0,114.0,0.02792748652621264,0.4041891229789319,up_volume_ratio_12,raw,symbol,up_volume_ratio_12
12,6,6,6,2500,1750,375,375,0.5165714285714286,0.5413333333333333,5m_others,price_seq_others,SOLUSDT_volume_ratio_z_long,0.4886871348378966,1.0,81.0,0.019843214110730034,0.4029764821166095,volume_ratio,z_long,symbol,volume_ratio_z_long
12,6,6,6,2500,1750,375,375,0.5165714285714286,0.5413333333333333,5m_others,price_seq_others,SOLUSDT_high_roc_12,0.46276778554244474,1.0,93.0,0.02278294953454189,0.4034174424301813,high,roc_12,symbol,high_roc_12
12,6,6,6,2500,1750,375,375,0.5165714285714286,0.5413333333333333,5m_others,price_seq_others,SOLUSDT_trades_roc_12,0.4717321571772253,1.0,62.0,0.015188633023027927,0.4022782949534542,trades,roc_12,symbol,trades_roc_12
12,6,6,6,2500,1750,375,375,0.5165714285714286,0.5413333333333333,5m_others,price_seq_others,SOLUSDT_quote_volume_z_long,0.4035112842249971,1.0,59.0,0.014453699167074964,0.40216805487506124,quote_volume,z_long,symbol,quote_volume_z_long
12,6,6,6,2500,1750,375,375,0.5165714285714286,0.5413333333333333,5m_others,price_seq_others,SOLUSDT_volume_impact_scale,0.42582197273456296,1.0,77.0,0.018863302302792748,0.40282949534541895,volume_impact,scale,symbol,volume_impact_scale
12,6,6,6,2500,1750,375,375,0.5165714285714286,0.5413333333333333,5m_others,price_seq_others,DOGEUSDT_trades_z_short,0.4879424905487456,1.0,54.0,0.013228809407153356,0.40198432141107304,trades,z_short,symbol,trades_z_short
12,6,6,6,2500,1750,375,375,0.5165714285714286,0.5413333333333333,5m_others,price_seq_others,DOGEUSDT_long_short_ratio_z_short,0.4750830564784053,1.0,63.0,0.015433610975012248,0.40231504164625187,long_short_ratio,z_short,symbol,long_short_ratio_z_short
12,6,6,6,2500,1750,375,375,0.5165714285714286,0.5413333333333333,5m_others,price_seq_others,DOGEUSDT_volume_log_z,0.45878680261198307,1.0,58.0,0.014208721215090642,0.4021313081822636,volume,log_z,symbol,volume_log_z
12,6,6,6,2500,1750,375,375,0.5165714285714286,0.5413333333333333,5m_others,price_seq_others,DOGEUSDT_sell_volume_z_short,0.4923244357887502,1.0,78.0,0.01910828025477707,0.4028662420382166,sell_volume,z_short,symbol,sell_volume_z_short
12,6,6,6,2500,1750,375,375,0.5165714285714286,0.5413333333333333,5m_others,price_seq_others,DOGEUSDT_rsi_14,0.4596173673960362,1.0,142.0,0.03478686918177364,0.40521803037726606,rsi_14,raw,symbol,rsi_14
12,6,6,6,2500,1750,375,375,0.5165714285714286,0.5413333333333333,5m_others,price_seq_others,DOGEUSDT_buy_volume_z_long,0.4908924275403826,1.0,85.0,0.02082312591866732,0.4031234688878001,buy_volume,z_long,symbol,buy_volume_z_long
12,6,6,6,2500,1750,375,375,0.5165714285714286,0.5413333333333333,5m_others,price_seq_others,DOGEUSDT_up_volume_ratio_12,0.4879997708786803,1.0,72.0,0.017638412542871143,0.4026457618814307,up_volume_ratio_12,raw,symbol,up_volume_ratio_12
12,6,6,6,2500,1750,375,375,0.5165714285714286,0.5413333333333333,5m_others,price_seq_others,DOGEUSDT_volume_ratio_z_long,0.48968954061175396,1.0,74.0,0.018128368446839783,0.402719255267026,volume_ratio,z_long,symbol,volume_ratio_z_long
12,6,6,6,2500,1750,375,375,0.5165714285714286,0.5413333333333333,5m_others,price_seq_others,DOGEUSDT_high_roc_12,0.47734562951082593,1.0,86.0,0.021068103870651642,0.4031602155805978,high,roc_12,symbol,high_roc_12
12,6,6,6,2500,1750,375,375,0.5165714285714286,0.5413333333333333,5m_others,price_seq_others,DOGEUSDT_trades_roc_12,0.49255355710848897,1.0,155.0,0.03797158255756982,0.4056957373836355,trades,roc_12,symbol,trades_roc_12
12,6,6,6,2500,1750,375,375,0.5165714285714286,0.5413333333333333,5m_others,price_seq_others,DOGEUSDT_quote_volume_z_long,0.46099209531446894,0.4966442953020134,71.0,0.01739343459088682,0.2012667333094384,quote_volume,z_long,symbol,quote_volume_z_long
12,6,6,6,2500,1750,375,375,0.5165714285714286,0.5413333333333333,5m_others,price_seq_others,DOGEUSDT_volume_impact_scale,0.46663420781303705,1.0,74.0,0.018128368446839783,0.402719255267026,volume_impact,scale,symbol,volume_impact_scale
12,6,6,6,2500,1750,375,375,0.5165714285714286,0.5413333333333333,5m_others,price_seq_others,1000PEPEUSDT_trades_z_short,0.43123496391339217,1.0,111.0,0.027192552670259676,0.40407888290053895,trades,z_short,symbol,trades_z_short
12,6,6,6,2500,1750,375,375,0.5165714285714286,0.5413333333333333,5m_others,price_seq_others,1000PEPEUSDT_long_short_ratio_z_short,0.4624813838927712,1.0,132.0,0.03233708966193043,0.4048505634492896,long_short_ratio,z_short,symbol,long_short_ratio_z_short
12,6,6,6,2500,1750,375,375,0.5165714285714286,0.5413333333333333,5m_others,price_seq_others,1000PEPEUSDT_volume_log_z,0.5313180203917974,1.0,96.0,0.023517883390494855,0.43171390086119193,volume,log_z,symbol,volume_log_z
12,6,6,6,2500,1750,375,375,0.5165714285714286,0.5413333333333333,5m_others,price_seq_others,1000PEPEUSDT_sell_volume_z_short,0.4381372436705236,1.0,97.0,0.023762861342479177,0.4035644292013719,sell_volume,z_short,symbol,sell_volume_z_short
12,6,6,6,2500,1750,375,375,0.5165714285714286,0.5413333333333333,5m_others,price_seq_others,1000PEPEUSDT_rsi_14,0.5476429144231871,1.0,113.0,0.02768250857422832,0.4470309992670027,rsi_14,raw,symbol,rsi_14
12,6,6,6,2500,1750,375,375,0.5165714285714286,0.5413333333333333,5m_others,price_seq_others,1000PEPEUSDT_buy_volume_z_long,0.5120431893687707,1.0,68.0,0.016658500734933857,0.41333764554213376,buy_volume,z_long,symbol,buy_volume_z_long
12,6,6,6,2500,1750,375,375,0.5165714285714286,0.5413333333333333,5m_others,price_seq_others,1000PEPEUSDT_up_volume_ratio_12,0.4396694924962768,1.0,36.0,0.008819206271435572,0.40132288094071533,up_volume_ratio_12,raw,symbol,up_volume_ratio_12
12,6,6,6,2500,1750,375,375,0.5165714285714286,0.5413333333333333,5m_others,price_seq_others,1000PEPEUSDT_volume_ratio_z_long,0.4832455034941001,1.0,71.0,0.01739343459088682,0.40260901518863307,volume_ratio,z_long,symbol,volume_ratio_z_long
12,6,6,6,2500,1750,375,375,0.5165714285714286,0.5413333333333333,5m_others,price_seq_others,1000PEPEUSDT_high_roc_12,0.4372064383090846,1.0,46.0,0.011268985791278784,0.40169034786869184,high,roc_12,symbol,high_roc_12
12,6,6,6,2500,1750,375,375,0.5165714285714286,0.5413333333333333,5m_others,price_seq_others,1000PEPEUSDT_trades_roc_12,0.4575839156833543,1.0,46.0,0.011268985791278784,0.40169034786869184,trades,roc_12,symbol,trades_roc_12
12,6,6,6,2500,1750,375,375,0.5165714285714286,0.5413333333333333,5m_others,price_seq_others,1000PEPEUSDT_quote_volume_z_long,0.4698419062893803,1.0,83.0,0.020333170014698677,0.40304997550220484,quote_volume,z_long,symbol,quote_volume_z_long
12,6,6,6,2500,1750,375,375,0.5165714285714286,0.5413333333333333,5m_others,price_seq_others,1000PEPEUSDT_volume_impact_scale,0.46100641539695264,1.0,79.0,0.01935325820676139,0.4029029887310142,volume_impact,scale,symbol,volume_impact_scale
12,6,6,6,2500,1750,375,375,0.5165714285714286,0.5413333333333333,1d_target,price_seq_1d_target,ret_1d_z_short,0.5,1.0,0.0,0.0,0.4,ret_1d,z_short,global,ret_1d_z_short
12,6,6,6,2500,1750,375,375,0.5165714285714286,0.5413333333333333,1d_target,price_seq_1d_target,ret_3d_z_short,0.5,1.0,0.0,0.0,0.4,ret_3d,z_short,global,ret_3d_z_short
12,6,6,6,2500,1750,375,375,0.5165714285714286,0.5413333333333333,1d_target,price_seq_1d_target,ret_7d_z_long,0.5,1.0,0.0,0.0,0.4,ret_7d,z_long,global,ret_7d_z_long
12,6,6,6,2500,1750,375,375,0.5165714285714286,0.5413333333333333,1d_target,price_seq_1d_target,body_1d_z,0.5,1.0,0.0,0.0,0.4,body_1d,z,global,body_1d_z
12,6,6,6,2500,1750,375,375,0.5165714285714286,0.5413333333333333,1d_target,price_seq_1d_target,oi_close_scale,0.5,1.0,0.0,0.0,0.4,oi_close,scale,global,oi_close_scale
12,6,6,6,2500,1750,375,375,0.5165714285714286,0.5413333333333333,1d_target,price_seq_1d_target,funding_close_scale,0.5,1.0,0.0,0.0,0.4,funding_close,scale,global,funding_close_scale
12,6,6,6,2500,1750,375,375,0.5165714285714286,0.5413333333333333,1d_target,price_seq_1d_target,ls_account_ratio_z,0.5,1.0,0.0,0.0,0.4,ls_account_ratio,z,global,ls_account_ratio_z
12,6,6,6,2500,1750,375,375,0.5165714285714286,0.5413333333333333,1d_target,price_seq_1d_target,liq_long_log_scale,0.5,1.0,0.0,0.0,0.4,liq_long_log,scale,global,liq_long_log_scale
12,6,6,6,2500,1750,375,375,0.5165714285714286,0.5413333333333333,1d_target,price_seq_1d_target,volume_impact_scale,0.5,1.0,0.0,0.0,0.4,volume_impact,scale,global,volume_impact_scale
12,6,6,6,2500,1750,375,375,0.5165714285714286,0.5413333333333333,1d_target,price_seq_1d_target,open_ema_12_48_spread,0.5,1.0,0.0,0.0,0.4,open,ema_12_48_spread,global,open_ema_12_48_spread
12,6,6,6,2500,1750,375,375,0.5165714285714286,0.5413333333333333,1d_target,price_seq_1d_target,high_z_long,0.5,1.0,0.0,0.0,0.4,high,z_long,global,high_z_long
12,6,6,6,2500,1750,375,375,0.5165714285714286,0.5413333333333333,1d_target,price_seq_1d_target,close_roc_12,0.5,1.0,0.0,0.0,0.4,close,roc_12,global,close_roc_12
12,6,6,6,2500,1750,375,375,0.5165714285714286,0.5413333333333333,1d_target,price_seq_1d_target,close_ema_12_48_spread,0.5,1.0,0.0,0.0,0.4,close,ema_12_48_spread,global,close_ema_12_48_spread
12,6,6,6,2500,1750,375,375,0.5165714285714286,0.5413333333333333,1d_target,price_seq_1d_target,sell_volume_roc_1,0.5,1.0,0.0,0.0,0.4,sell_volume,roc_1,global,sell_volume_roc_1
12,6,6,6,2500,1750,375,375,0.5165714285714286,0.5413333333333333,1d_target,price_seq_1d_target,quote_volume_z_long,0.5,1.0,0.0,0.0,0.4,quote_volume,z_long,global,quote_volume_z_long
12,6,6,6,2500,1750,375,375,0.5165714285714286,0.5413333333333333,1d_target,price_seq_1d_target,liq_long_ema_12_48_spread,0.5,1.0,0.0,0.0,0.4,liq_long,ema_12_48_spread,global,liq_long_ema_12_48_spread
12,6,6,6,2500,1750,375,375,0.5165714285714286,0.5413333333333333,1d_others,price_seq_1d_others,ETHUSDT_ret_1d_scale,0.5,1.0,0.0,0.0,0.4,ret_1d,scale,symbol,ret_1d_scale
12,6,6,6,2500,1750,375,375,0.5165714285714286,0.5413333333333333,1d_others,price_seq_1d_others,ETHUSDT_ret_3d_z,0.5,1.0,0.0,0.0,0.4,ret_3d,z,symbol,ret_3d_z
12,6,6,6,2500,1750,375,375,0.5165714285714286,0.5413333333333333,1d_others,price_seq_1d_others,ETHUSDT_oi_close_scale,0.5,1.0,0.0,0.0,0.4,oi_close,scale,symbol,oi_close_scale
12,6,6,6,2500,1750,375,375,0.5165714285714286,0.5413333333333333,1d_others,price_seq_1d_others,ETHUSDT_ls_account_ratio_z,0.5,1.0,0.0,0.0,0.4,ls_account_ratio,z,symbol,ls_account_ratio_z
12,6,6,6,2500,1750,375,375,0.5165714285714286,0.5413333333333333,1d_others,price_seq_1d_others,ETHUSDT_liq_long_log_z,0.5,1.0,0.0,0.0,0.4,liq_long,log_z,symbol,liq_long_log_z
12,6,6,6,2500,1750,375,375,0.5165714285714286,0.5413333333333333,1d_others,price_seq_1d_others,ETHUSDT_open_z_short,0.5,1.0,413.0,0.2558859975216852,0.43838289962825283,open,z_short,symbol,open_z_short
12,6,6,6,2500,1750,375,375,0.5165714285714286,0.5413333333333333,1d_others,price_seq_1d_others,ETHUSDT_high_roc_12,0.5,1.0,0.0,0.0,0.4,high,roc_12,symbol,high_roc_12
12,6,6,6,2500,1750,375,375,0.5165714285714286,0.5413333333333333,1d_others,price_seq_1d_others,ETHUSDT_low_z_short,0.5,1.0,0.0,0.0,0.4,low,z_short,symbol,low_z_short
12,6,6,6,2500,1750,375,375,0.5165714285714286,0.5413333333333333,1d_others,price_seq_1d_others,ETHUSDT_low_roc_1,0.5,1.0,0.0,0.0,0.4,low,roc_1,symbol,low_roc_1
12,6,6,6,2500,1750,375,375,0.5165714285714286,0.5413333333333333,1d_others,price_seq_1d_others,ETHUSDT_volume_roc_1,0.5,1.0,0.0,0.0,0.4,volume,roc_1,symbol,volume_roc_1
12,6,6,6,2500,1750,375,375,0.5165714285714286,0.5413333333333333,1d_others,price_seq_1d_others,ETHUSDT_volume_ema_12_48_spread,0.5,1.0,0.0,0.0,0.4,volume,ema_12_48_spread,symbol,volume_ema_12_48_spread
12,6,6,6,2500,1750,375,375,0.5165714285714286,0.5413333333333333,1d_others,price_seq_1d_others,ETHUSDT_buy_volume_z_long,0.5,1.0,0.0,0.0,0.4,buy_volume,z_long,symbol,buy_volume_z_long
12,6,6,6,2500,1750,375,375,0.5165714285714286,0.5413333333333333,1d_others,price_seq_1d_others,ETHUSDT_buy_volume_roc_12,0.5,1.0,0.0,0.0,0.4,buy_volume,roc_12,symbol,buy_volume_roc_12
12,6,6,6,2500,1750,375,375,0.5165714285714286,0.5413333333333333,1d_others,price_seq_1d_others,ETHUSDT_volume_ratio_z_long,0.5,1.0,0.0,0.0,0.4,volume_ratio,z_long,symbol,volume_ratio_z_long
12,6,6,6,2500,1750,375,375,0.5165714285714286,0.5413333333333333,1d_others,price_seq_1d_others,ETHUSDT_trades_z_short,0.5,1.0,0.0,0.0,0.4,trades,z_short,symbol,trades_z_short
12,6,6,6,2500,1750,375,375,0.5165714285714286,0.5413333333333333,1d_others,price_seq_1d_others,ETHUSDT_trades_z_long,0.5,1.0,0.0,0.0,0.4,trades,z_long,symbol,trades_z_long
12,6,6,6,2500,1750,375,375,0.5165714285714286,0.5413333333333333,1d_others,price_seq_1d_others,ETHUSDT_trades_ema_12_48_spread,0.4751260167258564,1.0,735.0,0.45539033457249073,0.46830855018587364,trades,ema_12_48_spread,symbol,trades_ema_12_48_spread
12,6,6,6,2500,1750,375,375,0.5165714285714286,0.5413333333333333,1d_others,price_seq_1d_others,ETHUSDT_quote_volume_z_short,0.5,1.0,0.0,0.0,0.4,quote_volume,z_short,symbol,quote_volume_z_short
12,6,6,6,2500,1750,375,375,0.5165714285714286,0.5413333333333333,1d_others,price_seq_1d_others,ETHUSDT_quote_volume_roc_1,0.5,1.0,0.0,0.0,0.4,quote_volume,roc_1,symbol,quote_volume_roc_1
12,6,6,6,2500,1750,375,375,0.5165714285714286,0.5413333333333333,1d_others,price_seq_1d_others,ETHUSDT_quote_volume_roc_12,0.5,1.0,0.0,0.0,0.4,quote_volume,roc_12,symbol,quote_volume_roc_12
12,6,6,6,2500,1750,375,375,0.5165714285714286,0.5413333333333333,1d_others,price_seq_1d_others,ETHUSDT_oi_close_z_long,0.5,1.0,0.0,0.0,0.4,oi_close,z_long,symbol,oi_close_z_long
12,6,6,6,2500,1750,375,375,0.5165714285714286,0.5413333333333333,1d_others,price_seq_1d_others,ETHUSDT_oi_close_roc_1,0.5,1.0,0.0,0.0,0.4,oi_close,roc_1,symbol,oi_close_roc_1
12,6,6,6,2500,1750,375,375,0.5165714285714286,0.5413333333333333,1d_others,price_seq_1d_others,ETHUSDT_liq_long_z_long,0.5,1.0,0.0,0.0,0.4,liq_long,z_long,symbol,liq_long_z_long
12,6,6,6,2500,1750,375,375,0.5165714285714286,0.5413333333333333,1d_others,price_seq_1d_others,ETHUSDT_liq_long_roc_1,0.5,1.0,0.0,0.0,0.4,liq_long,roc_1,symbol,liq_long_roc_1
12,6,6,6,2500,1750,375,375,0.5165714285714286,0.5413333333333333,1d_others,price_seq_1d_others,ETHUSDT_liq_short_z_short,0.5,1.0,0.0,0.0,0.4,liq_short,z_short,symbol,liq_short_z_short
12,6,6,6,2500,1750,375,375,0.5165714285714286,0.5413333333333333,1d_others,price_seq_1d_others,ETHUSDT_liq_short_z_long,0.5,1.0,0.0,0.0,0.4,liq_short,z_long,symbol,liq_short_z_long
12,6,6,6,2500,1750,375,375,0.5165714285714286,0.5413333333333333,1d_others,price_seq_1d_others,ETHUSDT_liq_short_roc_1,0.5,1.0,0.0,0.0,0.4,liq_short,roc_1,symbol,liq_short_roc_1
12,6,6,6,2500,1750,375,375,0.5165714285714286,0.5413333333333333,1d_others,price_seq_1d_others,ETHUSDT_ob_imbalance_roc_12,0.5,1.0,0.0,0.0,0.4,ob_imbalance,roc_12,symbol,ob_imbalance_roc_12
12,6,6,6,2500,1750,375,375,0.5165714285714286,0.5413333333333333,1d_others,price_seq_1d_others,SOLUSDT_ret_1d_scale,0.5,1.0,0.0,0.0,0.4,ret_1d,scale,symbol,ret_1d_scale
12,6,6,6,2500,1750,375,375,0.5165714285714286,0.5413333333333333,1d_others,price_seq_1d_others,SOLUSDT_ret_3d_z,0.5,1.0,0.0,0.0,0.4,ret_3d,z,symbol,ret_3d_z
12,6,6,6,2500,1750,375,375,0.5165714285714286,0.5413333333333333,1d_others,price_seq_1d_others,SOLUSDT_oi_close_scale,0.5,1.0,0.0,0.0,0.4,oi_close,scale,symbol,oi_close_scale
12,6,6,6,2500,1750,375,375,0.5165714285714286,0.5413333333333333,1d_others,price_seq_1d_others,SOLUSDT_ls_account_ratio_z,0.5,1.0,0.0,0.0,0.4,ls_account_ratio,z,symbol,ls_account_ratio_z
12,6,6,6,2500,1750,375,375,0.5165714285714286,0.5413333333333333,1d_others,price_seq_1d_others,SOLUSDT_liq_long_log_z,0.5,1.0,0.0,0.0,0.4,liq_long,log_z,symbol,liq_long_log_z
12,6,6,6,2500,1750,375,375,0.5165714285714286,0.5413333333333333,1d_others,price_seq_1d_others,SOLUSDT_open_z_short,0.46803757589643713,1.0,188.0,0.11648079306071871,0.41747211895910785,open,z_short,symbol,open_z_short
12,6,6,6,2500,1750,375,375,0.5165714285714286,0.5413333333333333,1d_others,price_seq_1d_others,SOLUSDT_high_roc_12,0.5,1.0,0.0,0.0,0.4,high,roc_12,symbol,high_roc_12
12,6,6,6,2500,1750,375,375,0.5165714285714286,0.5413333333333333,1d_others,price_seq_1d_others,SOLUSDT_low_z_short,0.5,1.0,0.0,0.0,0.4,low,z_short,symbol,low_z_short
12,6,6,6,2500,1750,375,375,0.5165714285714286,0.5413333333333333,1d_others,price_seq_1d_others,SOLUSDT_low_roc_1,0.5,1.0,0.0,0.0,0.4,low,roc_1,symbol,low_roc_1
12,6,6,6,2500,1750,375,375,0.5165714285714286,0.5413333333333333,1d_others,price_seq_1d_others,SOLUSDT_volume_roc_1,0.5,1.0,0.0,0.0,0.4,volume,roc_1,symbol,volume_roc_1
12,6,6,6,2500,1750,375,375,0.5165714285714286,0.5413333333333333,1d_others,price_seq_1d_others,SOLUSDT_volume_ema_12_48_spread,0.5,1.0,0.0,0.0,0.4,volume,ema_12_48_spread,symbol,volume_ema_12_48_spread
12,6,6,6,2500,1750,375,375,0.5165714285714286,0.5413333333333333,1d_others,price_seq_1d_others,SOLUSDT_buy_volume_z_long,0.5,1.0,0.0,0.0,0.4,buy_volume,z_long,symbol,buy_volume_z_long
12,6,6,6,2500,1750,375,375,0.5165714285714286,0.5413333333333333,1d_others,price_seq_1d_others,SOLUSDT_buy_volume_roc_12,0.5,1.0,0.0,0.0,0.4,buy_volume,roc_12,symbol,buy_volume_roc_12
12,6,6,6,2500,1750,375,375,0.5165714285714286,0.5413333333333333,1d_others,price_seq_1d_others,SOLUSDT_volume_ratio_z_long,0.5,1.0,0.0,0.0,0.4,volume_ratio,z_long,symbol,volume_ratio_z_long
12,6,6,6,2500,1750,375,375,0.5165714285714286,0.5413333333333333,1d_others,price_seq_1d_others,SOLUSDT_trades_z_short,0.5,1.0,0.0,0.0,0.4,trades,z_short,symbol,trades_z_short
12,6,6,6,2500,1750,375,375,0.5165714285714286,0.5413333333333333,1d_others,price_seq_1d_others,SOLUSDT_trades_z_long,0.5,1.0,0.0,0.0,0.4,trades,z_long,symbol,trades_z_long
12,6,6,6,2500,1750,375,375,0.5165714285714286,0.5413333333333333,1d_others,price_seq_1d_others,SOLUSDT_trades_ema_12_48_spread,0.5,1.0,0.0,0.0,0.4,trades,ema_12_48_spread,symbol,trades_ema_12_48_spread
12,6,6,6,2500,1750,375,375,0.5165714285714286,0.5413333333333333,1d_others,price_seq_1d_others,SOLUSDT_quote_volume_z_short,0.5,1.0,0.0,0.0,0.4,quote_volume,z_short,symbol,quote_volume_z_short
12,6,6,6,2500,1750,375,375,0.5165714285714286,0.5413333333333333,1d_others,price_seq_1d_others,SOLUSDT_quote_volume_roc_1,0.5,1.0,0.0,0.0,0.4,quote_volume,roc_1,symbol,quote_volume_roc_1
12,6,6,6,2500,1750,375,375,0.5165714285714286,0.5413333333333333,1d_others,price_seq_1d_others,SOLUSDT_quote_volume_roc_12,0.5,1.0,0.0,0.0,0.4,quote_volume,roc_12,symbol,quote_volume_roc_12
12,6,6,6,2500,1750,375,375,0.5165714285714286,0.5413333333333333,1d_others,price_seq_1d_others,SOLUSDT_oi_close_z_long,0.5,1.0,0.0,0.0,0.4,oi_close,z_long,symbol,oi_close_z_long
12,6,6,6,2500,1750,375,375,0.5165714285714286,0.5413333333333333,1d_others,price_seq_1d_others,SOLUSDT_oi_close_roc_1,0.5,1.0,0.0,0.0,0.4,oi_close,roc_1,symbol,oi_close_roc_1
12,6,6,6,2500,1750,375,375,0.5165714285714286,0.5413333333333333,1d_others,price_seq_1d_others,SOLUSDT_liq_long_z_long,0.5434328101729866,1.0,269.0,0.16666666666666666,0.464089529155688,liq_long,z_long,symbol,liq_long_z_long
12,6,6,6,2500,1750,375,375,0.5165714285714286,0.5413333333333333,1d_others,price_seq_1d_others,SOLUSDT_liq_long_roc_1,0.5,1.0,0.0,0.0,0.4,liq_long,roc_1,symbol,liq_long_roc_1
12,6,6,6,2500,1750,375,375,0.5165714285714286,0.5413333333333333,1d_others,price_seq_1d_others,SOLUSDT_liq_short_z_short,0.5,1.0,0.0,0.0,0.4,liq_short,z_short,symbol,liq_short_z_short
12,6,6,6,2500,1750,375,375,0.5165714285714286,0.5413333333333333,1d_others,price_seq_1d_others,SOLUSDT_liq_short_z_long,0.5,1.0,0.0,0.0,0.4,liq_short,z_long,symbol,liq_short_z_long
12,6,6,6,2500,1750,375,375,0.5165714285714286,0.5413333333333333,1d_others,price_seq_1d_others,SOLUSDT_liq_short_roc_1,0.5,1.0,0.0,0.0,0.4,liq_short,roc_1,symbol,liq_short_roc_1
12,6,6,6,2500,1750,375,375,0.5165714285714286,0.5413333333333333,1d_others,price_seq_1d_others,SOLUSDT_ob_imbalance_roc_12,0.5,1.0,0.0,0.0,0.4,ob_imbalance,roc_12,symbol,ob_imbalance_roc_12
12,6,6,6,2500,1750,375,375,0.5165714285714286,0.5413333333333333,1d_others,price_seq_1d_others,DOGEUSDT_ret_1d_scale,0.5,1.0,0.0,0.0,0.4,ret_1d,scale,symbol,ret_1d_scale
12,6,6,6,2500,1750,375,375,0.5165714285714286,0.5413333333333333,1d_others,price_seq_1d_others,DOGEUSDT_ret_3d_z,0.5,1.0,0.0,0.0,0.4,ret_3d,z,symbol,ret_3d_z
12,6,6,6,2500,1750,375,375,0.5165714285714286,0.5413333333333333,1d_others,price_seq_1d_others,DOGEUSDT_oi_close_scale,0.5,1.0,0.0,0.0,0.4,oi_close,scale,symbol,oi_close_scale
12,6,6,6,2500,1750,375,375,0.5165714285714286,0.5413333333333333,1d_others,price_seq_1d_others,DOGEUSDT_ls_account_ratio_z,0.5,1.0,0.0,0.0,0.4,ls_account_ratio,z,symbol,ls_account_ratio_z
12,6,6,6,2500,1750,375,375,0.5165714285714286,0.5413333333333333,1d_others,price_seq_1d_others,DOGEUSDT_liq_long_log_z,0.5,1.0,0.0,0.0,0.4,liq_long,log_z,symbol,liq_long_log_z
12,6,6,6,2500,1750,375,375,0.5165714285714286,0.5413333333333333,1d_others,price_seq_1d_others,DOGEUSDT_open_z_short,0.5,1.0,0.0,0.0,0.4,open,z_short,symbol,open_z_short
12,6,6,6,2500,1750,375,375,0.5165714285714286,0.5413333333333333,1d_others,price_seq_1d_others,DOGEUSDT_high_roc_12,0.5,1.0,0.0,0.0,0.4,high,roc_12,symbol,high_roc_12
12,6,6,6,2500,1750,375,375,0.5165714285714286,0.5413333333333333,1d_others,price_seq_1d_others,DOGEUSDT_low_z_short,0.5,1.0,0.0,0.0,0.4,low,z_short,symbol,low_z_short
12,6,6,6,2500,1750,375,375,0.5165714285714286,0.5413333333333333,1d_others,price_seq_1d_others,DOGEUSDT_low_roc_1,0.5,1.0,0.0,0.0,0.4,low,roc_1,symbol,low_roc_1
12,6,6,6,2500,1750,375,375,0.5165714285714286,0.5413333333333333,1d_others,price_seq_1d_others,DOGEUSDT_volume_roc_1,0.5,1.0,0.0,0.0,0.4,volume,roc_1,symbol,volume_roc_1
12,6,6,6,2500,1750,375,375,0.5165714285714286,0.5413333333333333,1d_others,price_seq_1d_others,DOGEUSDT_volume_ema_12_48_spread,0.5,1.0,0.0,0.0,0.4,volume,ema_12_48_spread,symbol,volume_ema_12_48_spread
12,6,6,6,2500,1750,375,375,0.5165714285714286,0.5413333333333333,1d_others,price_seq_1d_others,DOGEUSDT_buy_volume_z_long,0.46803757589643713,1.0,0.0,0.0,0.4,buy_volume,z_long,symbol,buy_volume_z_long
12,6,6,6,2500,1750,375,375,0.5165714285714286,0.5413333333333333,1d_others,price_seq_1d_others,DOGEUSDT_buy_volume_roc_12,0.5,1.0,0.0,0.0,0.4,buy_volume,roc_12,symbol,buy_volume_roc_12
12,6,6,6,2500,1750,375,375,0.5165714285714286,0.5413333333333333,1d_others,price_seq_1d_others,DOGEUSDT_volume_ratio_z_long,0.5,1.0,0.0,0.0,0.4,volume_ratio,z_long,symbol,volume_ratio_z_long
12,6,6,6,2500,1750,375,375,0.5165714285714286,0.5413333333333333,1d_others,price_seq_1d_others,DOGEUSDT_trades_z_short,0.5,1.0,0.0,0.0,0.4,trades,z_short,symbol,trades_z_short
12,6,6,6,2500,1750,375,375,0.5165714285714286,0.5413333333333333,1d_others,price_seq_1d_others,DOGEUSDT_trades_z_long,0.5,1.0,0.0,0.0,0.4,trades,z_long,symbol,trades_z_long
12,6,6,6,2500,1750,375,375,0.5165714285714286,0.5413333333333333,1d_others,price_seq_1d_others,DOGEUSDT_trades_ema_12_48_spread,0.5,1.0,0.0,0.0,0.4,trades,ema_12_48_spread,symbol,trades_ema_12_48_spread
12,6,6,6,2500,1750,375,375,0.5165714285714286,0.5413333333333333,1d_others,price_seq_1d_others,DOGEUSDT_quote_volume_z_short,0.5,1.0,0.0,0.0,0.4,quote_volume,z_short,symbol,quote_volume_z_short
12,6,6,6,2500,1750,375,375,0.5165714285714286,0.5413333333333333,1d_others,price_seq_1d_others,DOGEUSDT_quote_volume_roc_1,0.5,1.0,0.0,0.0,0.4,quote_volume,roc_1,symbol,quote_volume_roc_1
12,6,6,6,2500,1750,375,375,0.5165714285714286,0.5413333333333333,1d_others,price_seq_1d_others,DOGEUSDT_quote_volume_roc_12,0.5,1.0,0.0,0.0,0.4,quote_volume,roc_12,symbol,quote_volume_roc_12
12,6,6,6,2500,1750,375,375,0.5165714285714286,0.5413333333333333,1d_others,price_seq_1d_others,DOGEUSDT_oi_close_z_long,0.5,1.0,0.0,0.0,0.4,oi_close,z_long,symbol,oi_close_z_long
12,6,6,6,2500,1750,375,375,0.5165714285714286,0.5413333333333333,1d_others,price_seq_1d_others,DOGEUSDT_oi_close_roc_1,0.5,1.0,0.0,0.0,0.4,oi_close,roc_1,symbol,oi_close_roc_1
12,6,6,6,2500,1750,375,375,0.5165714285714286,0.5413333333333333,1d_others,price_seq_1d_others,DOGEUSDT_liq_long_z_long,0.5,1.0,0.0,0.0,0.4,liq_long,z_long,symbol,liq_long_z_long
12,6,6,6,2500,1750,375,375,0.5165714285714286,0.5413333333333333,1d_others,price_seq_1d_others,DOGEUSDT_liq_long_roc_1,0.5,1.0,0.0,0.0,0.4,liq_long,roc_1,symbol,liq_long_roc_1
12,6,6,6,2500,1750,375,375,0.5165714285714286,0.5413333333333333,1d_others,price_seq_1d_others,DOGEUSDT_liq_short_z_short,0.5,1.0,0.0,0.0,0.4,liq_short,z_short,symbol,liq_short_z_short
12,6,6,6,2500,1750,375,375,0.5165714285714286,0.5413333333333333,1d_others,price_seq_1d_others,DOGEUSDT_liq_short_z_long,0.5,1.0,0.0,0.0,0.4,liq_short,z_long,symbol,liq_short_z_long
12,6,6,6,2500,1750,375,375,0.5165714285714286,0.5413333333333333,1d_others,price_seq_1d_others,DOGEUSDT_liq_short_roc_1,0.5,1.0,0.0,0.0,0.4,liq_short,roc_1,symbol,liq_short_roc_1
12,6,6,6,2500,1750,375,375,0.5165714285714286,0.5413333333333333,1d_others,price_seq_1d_others,DOGEUSDT_ob_imbalance_roc_12,0.5,1.0,0.0,0.0,0.4,ob_imbalance,roc_12,symbol,ob_imbalance_roc_12
12,6,6,6,2500,1750,375,375,0.5165714285714286,0.5413333333333333,1d_others,price_seq_1d_others,1000PEPEUSDT_ret_1d_scale,0.5434328101729866,1.0,0.0,0.0,0.439089529155688,ret_1d,scale,symbol,ret_1d_scale
12,6,6,6,2500,1750,375,375,0.5165714285714286,0.5413333333333333,1d_others,price_seq_1d_others,1000PEPEUSDT_ret_3d_z,0.5,1.0,0.0,0.0,0.4,ret_3d,z,symbol,ret_3d_z
12,6,6,6,2500,1750,375,375,0.5165714285714286,0.5413333333333333,1d_others,price_seq_1d_others,1000PEPEUSDT_oi_close_scale,0.5,1.0,0.0,0.0,0.4,oi_close,scale,symbol,oi_close_scale
12,6,6,6,2500,1750,375,375,0.5165714285714286,0.5413333333333333,1d_others,price_seq_1d_others,1000PEPEUSDT_ls_account_ratio_z,0.5,1.0,0.0,0.0,0.4,ls_account_ratio,z,symbol,ls_account_ratio_z
12,6,6,6,2500,1750,375,375,0.5165714285714286,0.5413333333333333,1d_others,price_seq_1d_others,1000PEPEUSDT_liq_long_log_z,0.5,1.0,0.0,0.0,0.4,liq_long,log_z,symbol,liq_long_log_z
12,6,6,6,2500,1750,375,375,0.5165714285714286,0.5413333333333333,1d_others,price_seq_1d_others,1000PEPEUSDT_open_z_short,0.5,1.0,0.0,0.0,0.4,open,z_short,symbol,open_z_short
12,6,6,6,2500,1750,375,375,0.5165714285714286,0.5413333333333333,1d_others,price_seq_1d_others,1000PEPEUSDT_high_roc_12,0.5,1.0,0.0,0.0,0.4,high,roc_12,symbol,high_roc_12
12,6,6,6,2500,1750,375,375,0.5165714285714286,0.5413333333333333,1d_others,price_seq_1d_others,1000PEPEUSDT_low_z_short,0.5,1.0,0.0,0.0,0.4,low,z_short,symbol,low_z_short
12,6,6,6,2500,1750,375,375,0.5165714285714286,0.5413333333333333,1d_others,price_seq_1d_others,1000PEPEUSDT_low_roc_1,0.5,1.0,0.0,0.0,0.4,low,roc_1,symbol,low_roc_1
12,6,6,6,2500,1750,375,375,0.5165714285714286,0.5413333333333333,1d_others,price_seq_1d_others,1000PEPEUSDT_volume_roc_1,0.5,1.0,0.0,0.0,0.4,volume,roc_1,symbol,volume_roc_1
12,6,6,6,2500,1750,375,375,0.5165714285714286,0.5413333333333333,1d_others,price_seq_1d_others,1000PEPEUSDT_volume_ema_12_48_spread,0.5,1.0,0.0,0.0,0.4,volume,ema_12_48_spread,symbol,volume_ema_12_48_spread
12,6,6,6,2500,1750,375,375,0.5165714285714286,0.5413333333333333,1d_others,price_seq_1d_others,1000PEPEUSDT_buy_volume_z_long,0.5,1.0,0.0,0.0,0.4,buy_volume,z_long,symbol,buy_volume_z_long
12,6,6,6,2500,1750,375,375,0.5165714285714286,0.5413333333333333,1d_others,price_seq_1d_others,1000PEPEUSDT_buy_volume_roc_12,0.5,1.0,0.0,0.0,0.4,buy_volume,roc_12,symbol,buy_volume_roc_12
12,6,6,6,2500,1750,375,375,0.5165714285714286,0.5413333333333333,1d_others,price_seq_1d_others,1000PEPEUSDT_volume_ratio_z_long,0.5,1.0,0.0,0.0,0.4,volume_ratio,z_long,symbol,volume_ratio_z_long
12,6,6,6,2500,1750,375,375,0.5165714285714286,0.5413333333333333,1d_others,price_seq_1d_others,1000PEPEUSDT_trades_z_short,0.5,1.0,0.0,0.0,0.4,trades,z_short,symbol,trades_z_short
12,6,6,6,2500,1750,375,375,0.5165714285714286,0.5413333333333333,1d_others,price_seq_1d_others,1000PEPEUSDT_trades_z_long,0.5,1.0,0.0,0.0,0.4,trades,z_long,symbol,trades_z_long
12,6,6,6,2500,1750,375,375,0.5165714285714286,0.5413333333333333,1d_others,price_seq_1d_others,1000PEPEUSDT_trades_ema_12_48_spread,0.5,1.0,0.0,0.0,0.4,trades,ema_12_48_spread,symbol,trades_ema_12_48_spread
12,6,6,6,2500,1750,375,375,0.5165714285714286,0.5413333333333333,1d_others,price_seq_1d_others,1000PEPEUSDT_quote_volume_z_short,0.5,1.0,9.0,0.0055762081784386614,0.4008364312267658,quote_volume,z_short,symbol,quote_volume_z_short
12,6,6,6,2500,1750,375,375,0.5165714285714286,0.5413333333333333,1d_others,price_seq_1d_others,1000PEPEUSDT_quote_volume_roc_1,0.5,1.0,0.0,0.0,0.4,quote_volume,roc_1,symbol,quote_volume_roc_1
12,6,6,6,2500,1750,375,375,0.5165714285714286,0.5413333333333333,1d_others,price_seq_1d_others,1000PEPEUSDT_quote_volume_roc_12,0.5,1.0,0.0,0.0,0.4,quote_volume,roc_12,symbol,quote_volume_roc_12
12,6,6,6,2500,1750,375,375,0.5165714285714286,0.5413333333333333,1d_others,price_seq_1d_others,1000PEPEUSDT_oi_close_z_long,0.5,1.0,0.0,0.0,0.4,oi_close,z_long,symbol,oi_close_z_long
12,6,6,6,2500,1750,375,375,0.5165714285714286,0.5413333333333333,1d_others,price_seq_1d_others,1000PEPEUSDT_oi_close_roc_1,0.5,1.0,0.0,0.0,0.4,oi_close,roc_1,symbol,oi_close_roc_1
12,6,6,6,2500,1750,375,375,0.5165714285714286,0.5413333333333333,1d_others,price_seq_1d_others,1000PEPEUSDT_liq_long_z_long,0.5,1.0,0.0,0.0,0.4,liq_long,z_long,symbol,liq_long_z_long
12,6,6,6,2500,1750,375,375,0.5165714285714286,0.5413333333333333,1d_others,price_seq_1d_others,1000PEPEUSDT_liq_long_roc_1,0.5,1.0,0.0,0.0,0.4,liq_long,roc_1,symbol,liq_long_roc_1
12,6,6,6,2500,1750,375,375,0.5165714285714286,0.5413333333333333,1d_others,price_seq_1d_others,1000PEPEUSDT_liq_short_z_short,0.5,1.0,0.0,0.0,0.4,liq_short,z_short,symbol,liq_short_z_short
12,6,6,6,2500,1750,375,375,0.5165714285714286,0.5413333333333333,1d_others,price_seq_1d_others,1000PEPEUSDT_liq_short_z_long,0.5,1.0,0.0,0.0,0.4,liq_short,z_long,symbol,liq_short_z_long
12,6,6,6,2500,1750,375,375,0.5165714285714286,0.5413333333333333,1d_others,price_seq_1d_others,1000PEPEUSDT_liq_short_roc_1,0.5,1.0,0.0,0.0,0.4,liq_short,roc_1,symbol,liq_short_roc_1
12,6,6,6,2500,1750,375,375,0.5165714285714286,0.5413333333333333,1d_others,price_seq_1d_others,1000PEPEUSDT_ob_imbalance_roc_12,0.5,1.0,0.0,0.0,0.4,ob_imbalance,roc_12,symbol,ob_imbalance_roc_12
12,6,6,6,2500,1750,375,375,0.5165714285714286,0.5413333333333333,1d_others,price_seq_1d_others,sopr_z,0.5,1.0,0.0,0.0,0.4,sopr,z,global,sopr_z
12,6,6,6,2500,1750,375,375,0.5165714285714286,0.5413333333333333,1d_others,price_seq_1d_others,fear_greed_roc_12,0.5,1.0,0.0,0.0,0.4,fear_greed,roc_12,global,fear_greed_roc_12
12,6,6,6,2500,1750,375,375,0.5165714285714286,0.5413333333333333,1d_others,price_seq_1d_others,altcoin_season_roc_1,0.5,1.0,0.0,0.0,0.4,altcoin_season,roc_1,global,altcoin_season_roc_1
12,6,6,6,2500,1750,375,375,0.5165714285714286,0.5413333333333333,1d_others,price_seq_1d_others,altcoin_season_roc_12,0.5,1.0,0.0,0.0,0.4,altcoin_season,roc_12,global,altcoin_season_roc_12
12,6,6,6,2500,1750,375,375,0.5165714285714286,0.5413333333333333,1d_others,price_seq_1d_others,altcoin_season_ema_12_48_spread,0.5,1.0,0.0,0.0,0.4,altcoin_season,ema_12_48_spread,global,altcoin_season_ema_12_48_spread
12,6,6,6,2500,1750,375,375,0.5165714285714286,0.5413333333333333,1d_others,price_seq_1d_others,bmo_ema_12_48_spread,0.5,1.0,0.0,0.0,0.4,bmo,ema_12_48_spread,global,bmo_ema_12_48_spread
12,6,6,6,2500,1750,375,375,0.5165714285714286,0.5413333333333333,1d_others,price_seq_1d_others,sopr_roc_12,0.4605052125100241,1.0,0.0,0.0,0.4,sopr,roc_12,global,sopr_roc_12
12,6,12,12,2500,1750,375,375,0.5182857142857142,0.576,5m_target,price_seq_target,volume_ratio_z_short,0.5285057069648265,0.33199464524765726,337.0,0.08764629388816644,0.1715999384506317,volume_ratio,z_short,global,volume_ratio_z_short
12,6,12,12,2500,1750,375,375,0.5182857142857142,0.576,5m_target,price_seq_target,volume_ratio_z_long,0.5404437456324249,0.3324420677361854,363.0,0.09440832249674902,0.18353744653816895,volume_ratio,z_long,global,volume_ratio_z_long
12,6,12,12,2500,1750,375,375,0.5182857142857142,0.576,5m_target,price_seq_target,long_short_ratio_z,0.4742313067784766,0.3324420677361854,356.0,0.09258777633289987,0.14686499354440916,long_short_ratio,z,global,long_short_ratio_z
12,6,12,12,2500,1750,375,375,0.5182857142857142,0.576,5m_target,price_seq_target,sell_volume_roc_12,0.5439960400652224,0.3324420677361854,347.0,0.09024707412223668,0.18611032427150984,sell_volume,roc_12,global,sell_volume_roc_12
12,6,12,12,2500,1750,375,375,0.5182857142857142,0.576,5m_target,price_seq_target,sell_volume_roc_1,0.45932331702771956,0.3324420677361854,579.0,0.1505851755526658,0.15556460342737405,sell_volume,roc_1,global,sell_volume_roc_1
12,6,12,12,2500,1750,375,375,0.5182857142857142,0.576,5m_target,price_seq_target,sell_volume_ema_12_48_spread,0.5392208245981831,0.3324420677361854,93.0,0.024187256176853057,0.1719036576593669,sell_volume,ema_12_48_spread,global,sell_volume_ema_12_48_spread
12,6,12,12,2500,1750,375,375,0.5182857142857142,0.576,5m_target,price_seq_target,volume_ratio_ema_12_48_spread,0.4696890286512928,0.3324420677361854,0.0,0.0,0.13297682709447417,volume_ratio,ema_12_48_spread,global,volume_ratio_ema_12_48_spread
12,6,12,12,2500,1750,375,375,0.5182857142857142,0.576,5m_target,price_seq_target,trades_z_long,0.4749155602143023,0.3324420677361854,0.0,0.0,0.13297682709447417,trades,z_long,global,trades_z_long
12,6,12,12,2500,1750,375,375,0.5182857142857142,0.576,5m_target,price_seq_target,volume_impact_scale,0.5066678313533659,0.3324420677361854,183.0,0.047594278283485045,0.14611701705502625,volume_impact,scale,global,volume_impact_scale
12,6,12,12,2500,1750,375,375,0.5182857142857142,0.576,5m_target,price_seq_target,close_z_long,0.4782494758909853,0.3324420677361854,763.0,0.19843953185955787,0.16274275687340783,close,z_long,global,close_z_long
12,6,12,12,2500,1750,375,375,0.5182857142857142,0.576,5m_target,price_seq_target,volume_log_z_short,0.4846698113207547,0.3324420677361854,341.0,0.08868660598179454,0.14627981799174336,volume_log,z_short,global,volume_log_z_short
12,6,12,12,2500,1750,375,375,0.5182857142857142,0.576,5m_target,price_seq_target,ret_15m_z_short,0.47255706964826455,0.3324420677361854,483.0,0.12561768530559167,0.15181947989031291,ret_15m,z_short,global,ret_15m_z_short
12,6,12,12,2500,1750,375,375,0.5182857142857142,0.576,5m_others,price_seq_others,ETHUSDT_trades_z_short,0.5509841602608898,0.3324420677361854,148.0,0.03608875883930748,0.18427588515517113,trades,z_short,symbol,trades_z_short
12,6,12,12,2500,1750,375,375,0.5182857142857142,0.576,5m_others,price_seq_others,ETHUSDT_long_short_ratio_z_short,0.5214302352667133,0.3324420677361854,108.0,0.026335040234089245,0.1562142948696295,long_short_ratio,z_short,symbol,long_short_ratio_z_short
12,6,12,12,2500,1750,375,375,0.5182857142857142,0.576,5m_others,price_seq_others,ETHUSDT_volume_log_z,0.5262928022361985,0.3324420677361854,120.0,0.029261155815654718,0.16102952247940097,volume,log_z,symbol,volume_log_z
12,6,12,12,2500,1750,375,375,0.5182857142857142,0.576,5m_others,price_seq_others,ETHUSDT_sell_volume_z_short,0.49854414162590255,0.3324420677361854,115.0,0.02804194099000244,0.13718311824297452,sell_volume,z_short,symbol,sell_volume_z_short
12,6,12,12,2500,1750,375,375,0.5182857142857142,0.576,5m_others,price_seq_others,ETHUSDT_rsi_14,0.4435126950850221,0.3324420677361854,89.0,0.021702023896610582,0.13623213067896575,rsi_14,raw,symbol,rsi_14
12,6,12,12,2500,1750,375,375,0.5182857142857142,0.576,5m_others,price_seq_others,ETHUSDT_buy_volume_z_long,0.5166550197996739,0.3324420677361854,118.0,0.028773469885393806,0.15228236539698972,buy_volume,z_long,symbol,buy_volume_z_long
12,6,12,12,2500,1750,375,375,0.5182857142857142,0.576,5m_others,price_seq_others,ETHUSDT_up_volume_ratio_12,0.6053750291171673,0.3324420677361854,109.0,0.0265788831992197,0.23180118577980774,up_volume_ratio_12,raw,symbol,up_volume_ratio_12
12,6,12,12,2500,1750,375,375,0.5182857142857142,0.576,5m_others,price_seq_others,ETHUSDT_volume_ratio_z_long,0.5839739110179362,0.3324420677361854,89.0,0.021702023896610582,0.2118086505951083,volume_ratio,z_long,symbol,volume_ratio_z_long
12,6,12,12,2500,1750,375,375,0.5182857142857142,0.576,5m_others,price_seq_others,ETHUSDT_high_roc_12,0.5590787328208713,0.3324420677361854,126.0,0.030724213606437453,0.19075631867422393,high,roc_12,symbol,high_roc_12
12,6,12,12,2500,1750,375,375,0.5182857142857142,0.576,5m_others,price_seq_others,ETHUSDT_trades_roc_12,0.5533426508269275,0.3324420677361854,74.0,0.01804437941965374,0.18369186975165694,trades,roc_12,symbol,trades_roc_12
12,6,12,12,2500,1750,375,375,0.5182857142857142,0.576,5m_others,price_seq_others,ETHUSDT_quote_volume_z_long,0.5120690659212672,0.3324420677361854,100.0,0.0243842965130456,0.14749663090057152,quote_volume,z_long,symbol,quote_volume_z_long
12,6,12,12,2500,1750,375,375,0.5182857142857142,0.576,5m_others,price_seq_others,ETHUSDT_volume_impact_scale,0.5736955508968087,0.3324420677361854,88.0,0.021458180931480126,0.20252155004132402,volume_impact,scale,symbol,volume_impact_scale
12,6,12,12,2500,1750,375,375,0.5182857142857142,0.576,5m_others,price_seq_others,SOLUSDT_trades_z_short,0.5168006056370836,0.3324420677361854,112.0,0.02731041209461107,0.1521939339820411,trades,z_short,symbol,trades_z_short
12,6,12,12,2500,1750,375,375,0.5182857142857142,0.576,5m_others,price_seq_others,SOLUSDT_long_short_ratio_z_short,0.4981073841136734,0.3324420677361854,98.0,0.023896610582784687,0.13656131868189186,long_short_ratio,z_short,symbol,long_short_ratio_z_short
12,6,12,12,2500,1750,375,375,0.5182857142857142,0.576,5m_others,price_seq_others,SOLUSDT_volume_log_z,0.5329751921733054,0.3324420677361854,153.0,0.03730797366495977,0.16825069610019294,volume,log_z,symbol,volume_log_z
12,6,12,12,2500,1750,375,375,0.5182857142857142,0.576,5m_others,price_seq_others,SOLUSDT_sell_volume_z_short,0.47568716515257387,0.3324420677361854,81.0,0.019751280175566936,0.1359395191208092,sell_volume,z_short,symbol,sell_volume_z_short
12,6,12,12,2500,1750,375,375,0.5182857142857142,0.576,5m_others,price_seq_others,SOLUSDT_rsi_14,0.5178779408339156,0.3324420677361854,181.0,0.04413557668861253,0.1556873103482901,rsi_14,raw,symbol,rsi_14
12,6,12,12,2500,1750,375,375,0.5182857142857142,0.576,5m_others,price_seq_others,SOLUSDT_buy_volume_z_long,0.4661512928022362,0.3324420677361854,138.0,0.033650329188002925,0.1380243764726746,buy_volume,z_long,symbol,buy_volume_z_long
12,6,12,12,2500,1750,375,375,0.5182857142857142,0.576,5m_others,price_seq_others,SOLUSDT_up_volume_ratio_12,0.4099988353133007,0.3324420677361854,154.0,0.037551816630090225,0.1386095995889877,up_volume_ratio_12,raw,symbol,up_volume_ratio_12
12,6,12,12,2500,1750,375,375,0.5182857142857142,0.576,5m_others,price_seq_others,SOLUSDT_volume_ratio_z_long,0.3638772420218961,0.3324420677361854,127.0,0.030968056571567912,0.13762203558020936,volume_ratio,z_long,symbol,volume_ratio_z_long
12,6,12,12,2500,1750,375,375,0.5182857142857142,0.576,5m_others,price_seq_others,SOLUSDT_high_roc_12,0.524895178197065,0.3324420677361854,97.0,0.02365276761765423,0.1589304026144808,high,roc_12,symbol,high_roc_12
12,6,12,12,2500,1750,375,375,0.5182857142857142,0.576,5m_others,price_seq_others,SOLUSDT_trades_roc_12,0.604501514092709,0.3324420677361854,0.0,0.0,0.22702818977791228,trades,roc_12,symbol,trades_roc_12
12,6,12,12,2500,1750,375,375,0.5182857142857142,0.576,5m_others,price_seq_others,SOLUSDT_quote_volume_z_long,0.44534707663638484,0.3324420677361854,0.0,0.0,0.13297682709447417,quote_volume,z_long,symbol,quote_volume_z_long
12,6,12,12,2500,1750,375,375,0.5182857142857142,0.576,5m_others,price_seq_others,SOLUSDT_volume_impact_scale,0.43137083624505007,0.3324420677361854,0.0,0.0,0.13297682709447417,volume_impact,scale,symbol,volume_impact_scale
12,6,12,12,2500,1750,375,375,0.5182857142857142,0.576,5m_others,price_seq_others,DOGEUSDT_trades_z_short,0.5689348940135104,0.3324420677361854,0.0,0.0,0.19501823170663352,trades,z_short,symbol,trades_z_short
12,6,12,12,2500,1750,375,375,0.5182857142857142,0.576,5m_others,price_seq_others,DOGEUSDT_long_short_ratio_z_short,0.44281388306545544,0.3324420677361854,0.0,0.0,0.13297682709447417,long_short_ratio,z_short,symbol,long_short_ratio_z_short
12,6,12,12,2500,1750,375,375,0.5182857142857142,0.576,5m_others,price_seq_others,DOGEUSDT_volume_log_z,0.49158513859771724,0.3324420677361854,0.0,0.0,0.13297682709447417,volume,log_z,symbol,volume_log_z
12,6,12,12,2500,1750,375,375,0.5182857142857142,0.576,5m_others,price_seq_others,DOGEUSDT_sell_volume_z_short,0.4551158863265782,0.3324420677361854,0.0,0.0,0.13297682709447417,sell_volume,z_short,symbol,sell_volume_z_short
12,6,12,12,2500,1750,375,375,0.5182857142857142,0.576,5m_others,price_seq_others,DOGEUSDT_rsi_14,0.5966689960400653,0.3324420677361854,0.0,0.0,0.21997892353053294,rsi_14,raw,symbol,rsi_14
12,6,12,12,2500,1750,375,375,0.5182857142857142,0.576,5m_others,price_seq_others,DOGEUSDT_buy_volume_z_long,0.5317959468902865,0.3324420677361854,0.0,0.0,0.16159317929573205,buy_volume,z_long,symbol,buy_volume_z_long
12,6,12,12,2500,1750,375,375,0.5182857142857142,0.576,5m_others,price_seq_others,DOGEUSDT_up_volume_ratio_12,0.5145585837409737,0.3324420677361854,0.0,0.0,0.14607955246135054,up_volume_ratio_12,raw,symbol,up_volume_ratio_12
12,6,12,12,2500,1750,375,375,0.5182857142857142,0.576,5m_others,price_seq_others,DOGEUSDT_volume_ratio_z_long,0.5117633356627067,0.3324420677361854,0.0,0.0,0.1435638291909102,volume_ratio,z_long,symbol,volume_ratio_z_long
12,6,12,12,2500,1750,375,375,0.5182857142857142,0.576,5m_others,price_seq_others,DOGEUSDT_high_roc_12,0.3995457721872816,0.3324420677361854,0.0,0.0,0.13297682709447417,high,roc_12,symbol,high_roc_12
12,6,12,12,2500,1750,375,375,0.5182857142857142,0.576,5m_others,price_seq_others,DOGEUSDT_trades_roc_12,0.43151642208245977,0.3324420677361854,0.0,0.0,0.13297682709447417,trades,roc_12,symbol,trades_roc_12
12,6,12,12,2500,1750,375,375,0.5182857142857142,0.576,5m_others,price_seq_others,DOGEUSDT_quote_volume_z_long,0.4576781970649895,0.3324420677361854,93.0,0.02267739575713241,0.13637843645804404,quote_volume,z_long,symbol,quote_volume_z_long
12,6,12,12,2500,1750,375,375,0.5182857142857142,0.576,5m_others,price_seq_others,DOGEUSDT_volume_impact_scale,0.5278505706964827,0.3324420677361854,134.0,0.0326749573274811,0.16294358432043074,volume_impact,scale,symbol,volume_impact_scale
12,6,12,12,2500,1750,375,375,0.5182857142857142,0.576,5m_others,price_seq_others,1000PEPEUSDT_trades_z_short,0.5372990915443745,0.3324420677361854,132.0,0.03218727139722019,0.17137410019399427,trades,z_short,symbol,trades_z_short
12,6,12,12,2500,1750,375,375,0.5182857142857142,0.576,5m_others,price_seq_others,1000PEPEUSDT_long_short_ratio_z_short,0.4789046121593291,0.3324420677361854,152.0,0.03706413069982931,0.13853644669944856,long_short_ratio,z_short,symbol,long_short_ratio_z_short
12,6,12,12,2500,1750,375,375,0.5182857142857142,0.576,5m_others,price_seq_others,1000PEPEUSDT_volume_log_z,0.5424965059399021,0.3324420677361854,124.0,0.03023652767617654,0.1757591615918125,volume,log_z,symbol,volume_log_z
12,6,12,12,2500,1750,375,375,0.5182857142857142,0.576,5m_others,price_seq_others,1000PEPEUSDT_sell_volume_z_short,0.4027049848590729,0.3324420677361854,104.0,0.025359668373567422,0.13678077735050928,sell_volume,z_short,symbol,sell_volume_z_short
12,6,12,12,2500,1750,375,375,0.5182857142857142,0.576,5m_others,price_seq_others,1000PEPEUSDT_rsi_14,0.43752911716748194,0.3324420677361854,150.0,0.036576444769568395,0.13846329380990943,rsi_14,raw,symbol,rsi_14
12,6,12,12,2500,1750,375,375,0.5182857142857142,0.576,5m_others,price_seq_others,1000PEPEUSDT_buy_volume_z_long,0.5742342184952247,0.3324420677361854,133.0,0.032431114362350646,0.20465229089452902,buy_volume,z_long,symbol,buy_volume_z_long
12,6,12,12,2500,1750,375,375,0.5182857142857142,0.576,5m_others,price_seq_others,1000PEPEUSDT_up_volume_ratio_12,0.45457721872816215,0.3324420677361854,56.0,0.013655206047305536,0.13502510800157,up_volume_ratio_12,raw,symbol,up_volume_ratio_12
12,6,12,12,2500,1750,375,375,0.5182857142857142,0.576,5m_others,price_seq_others,1000PEPEUSDT_volume_ratio_z_long,0.43867924528301894,0.3324420677361854,82.0,0.01999512314069739,0.13597609556557877,volume_ratio,z_long,symbol,volume_ratio_z_long
12,6,12,12,2500,1750,375,375,0.5182857142857142,0.576,5m_others,price_seq_others,1000PEPEUSDT_high_roc_12,0.41972396925227107,0.3324420677361854,123.0,0.029992684711046085,0.1374757298011311,high,roc_12,symbol,high_roc_12
12,6,12,12,2500,1750,375,375,0.5182857142857142,0.576,5m_others,price_seq_others,1000PEPEUSDT_trades_roc_12,0.4608519683205218,0.3324420677361854,88.0,0.021458180931480126,0.1361955542341962,trades,roc_12,symbol,trades_roc_12
12,6,12,12,2500,1750,375,375,0.5182857142857142,0.576,5m_others,price_seq_others,1000PEPEUSDT_quote_volume_z_long,0.3873456790123457,0.3324420677361854,152.0,0.03706413069982931,0.13853644669944856,quote_volume,z_long,symbol,quote_volume_z_long
12,6,12,12,2500,1750,375,375,0.5182857142857142,0.576,5m_others,price_seq_others,1000PEPEUSDT_volume_impact_scale,0.4738236664337293,0.3324420677361854,153.0,0.03730797366495977,0.13857302314421813,volume_impact,scale,symbol,volume_impact_scale
12,6,12,12,2500,1750,375,375,0.5182857142857142,0.576,1d_target,price_seq_1d_target,ret_1d_z_short,0.5,0.3324420677361854,0.0,0.0,0.13297682709447417,ret_1d,z_short,global,ret_1d_z_short
12,6,12,12,2500,1750,375,375,0.5182857142857142,0.576,1d_target,price_seq_1d_target,ret_3d_z_short,0.5,0.3324420677361854,0.0,0.0,0.13297682709447417,ret_3d,z_short,global,ret_3d_z_short
12,6,12,12,2500,1750,375,375,0.5182857142857142,0.576,1d_target,price_seq_1d_target,ret_7d_z_long,0.5,0.3324420677361854,0.0,0.0,0.13297682709447417,ret_7d,z_long,global,ret_7d_z_long
12,6,12,12,2500,1750,375,375,0.5182857142857142,0.576,1d_target,price_seq_1d_target,body_1d_z,0.5,0.3324420677361854,0.0,0.0,0.13297682709447417,body_1d,z,global,body_1d_z
12,6,12,12,2500,1750,375,375,0.5182857142857142,0.576,1d_target,price_seq_1d_target,oi_close_scale,0.5,0.3324420677361854,0.0,0.0,0.13297682709447417,oi_close,scale,global,oi_close_scale
12,6,12,12,2500,1750,375,375,0.5182857142857142,0.576,1d_target,price_seq_1d_target,funding_close_scale,0.5,0.3324420677361854,0.0,0.0,0.13297682709447417,funding_close,scale,global,funding_close_scale
12,6,12,12,2500,1750,375,375,0.5182857142857142,0.576,1d_target,price_seq_1d_target,ls_account_ratio_z,0.5,0.3324420677361854,0.0,0.0,0.13297682709447417,ls_account_ratio,z,global,ls_account_ratio_z
12,6,12,12,2500,1750,375,375,0.5182857142857142,0.576,1d_target,price_seq_1d_target,liq_long_log_scale,0.5,0.3324420677361854,0.0,0.0,0.13297682709447417,liq_long_log,scale,global,liq_long_log_scale
12,6,12,12,2500,1750,375,375,0.5182857142857142,0.576,1d_target,price_seq_1d_target,volume_impact_scale,0.5,0.3324420677361854,0.0,0.0,0.13297682709447417,volume_impact,scale,global,volume_impact_scale
12,6,12,12,2500,1750,375,375,0.5182857142857142,0.576,1d_target,price_seq_1d_target,open_ema_12_48_spread,0.5,0.3324420677361854,0.0,0.0,0.13297682709447417,open,ema_12_48_spread,global,open_ema_12_48_spread
12,6,12,12,2500,1750,375,375,0.5182857142857142,0.576,1d_target,price_seq_1d_target,high_z_long,0.5,0.3324420677361854,0.0,0.0,0.13297682709447417,high,z_long,global,high_z_long
12,6,12,12,2500,1750,375,375,0.5182857142857142,0.576,1d_target,price_seq_1d_target,close_roc_12,0.5,0.3324420677361854,0.0,0.0,0.13297682709447417,close,roc_12,global,close_roc_12
12,6,12,12,2500,1750,375,375,0.5182857142857142,0.576,1d_target,price_seq_1d_target,close_ema_12_48_spread,0.5,0.3324420677361854,0.0,0.0,0.13297682709447417,close,ema_12_48_spread,global,close_ema_12_48_spread
12,6,12,12,2500,1750,375,375,0.5182857142857142,0.576,1d_target,price_seq_1d_target,sell_volume_roc_1,0.5,0.3324420677361854,0.0,0.0,0.13297682709447417,sell_volume,roc_1,global,sell_volume_roc_1
12,6,12,12,2500,1750,375,375,0.5182857142857142,0.576,1d_target,price_seq_1d_target,quote_volume_z_long,0.5,0.3324420677361854,0.0,0.0,0.13297682709447417,quote_volume,z_long,global,quote_volume_z_long
12,6,12,12,2500,1750,375,375,0.5182857142857142,0.576,1d_target,price_seq_1d_target,liq_long_ema_12_48_spread,0.5,0.3324420677361854,0.0,0.0,0.13297682709447417,liq_long,ema_12_48_spread,global,liq_long_ema_12_48_spread
12,6,12,12,2500,1750,375,375,0.5182857142857142,0.576,1d_others,price_seq_1d_others,ETHUSDT_ret_1d_scale,0.5,0.3324420677361854,0.0,0.0,0.13297682709447417,ret_1d,scale,symbol,ret_1d_scale
12,6,12,12,2500,1750,375,375,0.5182857142857142,0.576,1d_others,price_seq_1d_others,ETHUSDT_ret_3d_z,0.5,0.3324420677361854,0.0,0.0,0.13297682709447417,ret_3d,z,symbol,ret_3d_z
12,6,12,12,2500,1750,375,375,0.5182857142857142,0.576,1d_others,price_seq_1d_others,ETHUSDT_oi_close_scale,0.5,0.3324420677361854,0.0,0.0,0.13297682709447417,oi_close,scale,symbol,oi_close_scale
12,6,12,12,2500,1750,375,375,0.5182857142857142,0.576,1d_others,price_seq_1d_others,ETHUSDT_ls_account_ratio_z,0.5,0.3324420677361854,0.0,0.0,0.13297682709447417,ls_account_ratio,z,symbol,ls_account_ratio_z
12,6,12,12,2500,1750,375,375,0.5182857142857142,0.576,1d_others,price_seq_1d_others,ETHUSDT_liq_long_log_z,0.5,0.3324420677361854,0.0,0.0,0.13297682709447417,liq_long,log_z,symbol,liq_long_log_z
12,6,12,12,2500,1750,375,375,0.5182857142857142,0.576,1d_others,price_seq_1d_others,ETHUSDT_open_z_short,0.5,0.3324420677361854,316.0,0.20127388535031848,0.16316790989702196,open,z_short,symbol,open_z_short
12,6,12,12,2500,1750,375,375,0.5182857142857142,0.576,1d_others,price_seq_1d_others,ETHUSDT_high_roc_12,0.5,0.3324420677361854,0.0,0.0,0.13297682709447417,high,roc_12,symbol,high_roc_12
12,6,12,12,2500,1750,375,375,0.5182857142857142,0.576,1d_others,price_seq_1d_others,ETHUSDT_low_z_short,0.5,0.3324420677361854,0.0,0.0,0.13297682709447417,low,z_short,symbol,low_z_short
12,6,12,12,2500,1750,375,375,0.5182857142857142,0.576,1d_others,price_seq_1d_others,ETHUSDT_low_roc_1,0.5,0.3324420677361854,0.0,0.0,0.13297682709447417,low,roc_1,symbol,low_roc_1
12,6,12,12,2500,1750,375,375,0.5182857142857142,0.576,1d_others,price_seq_1d_others,ETHUSDT_volume_roc_1,0.5,0.3324420677361854,0.0,0.0,0.13297682709447417,volume,roc_1,symbol,volume_roc_1
12,6,12,12,2500,1750,375,375,0.5182857142857142,0.576,1d_others,price_seq_1d_others,ETHUSDT_volume_ema_12_48_spread,0.5,0.3324420677361854,0.0,0.0,0.13297682709447417,volume,ema_12_48_spread,symbol,volume_ema_12_48_spread
12,6,12,12,2500,1750,375,375,0.5182857142857142,0.576,1d_others,price_seq_1d_others,ETHUSDT_buy_volume_z_long,0.5,0.3324420677361854,0.0,0.0,0.13297682709447417,buy_volume,z_long,symbol,buy_volume_z_long
12,6,12,12,2500,1750,375,375,0.5182857142857142,0.576,1d_others,price_seq_1d_others,ETHUSDT_buy_volume_roc_12,0.5,0.3324420677361854,0.0,0.0,0.13297682709447417,buy_volume,roc_12,symbol,buy_volume_roc_12
12,6,12,12,2500,1750,375,375,0.5182857142857142,0.576,1d_others,price_seq_1d_others,ETHUSDT_volume_ratio_z_long,0.5,0.3324420677361854,0.0,0.0,0.13297682709447417,volume_ratio,z_long,symbol,volume_ratio_z_long
12,6,12,12,2500,1750,375,375,0.5182857142857142,0.576,1d_others,price_seq_1d_others,ETHUSDT_trades_z_short,0.5,0.3324420677361854,0.0,0.0,0.13297682709447417,trades,z_short,symbol,trades_z_short
12,6,12,12,2500,1750,375,375,0.5182857142857142,0.576,1d_others,price_seq_1d_others,ETHUSDT_trades_z_long,0.5,0.3324420677361854,0.0,0.0,0.13297682709447417,trades,z_long,symbol,trades_z_long
12,6,12,12,2500,1750,375,375,0.5182857142857142,0.576,1d_others,price_seq_1d_others,ETHUSDT_trades_ema_12_48_spread,0.5369933612858142,0.3324420677361854,724.0,0.46114649681528663,0.23544282677399997,trades,ema_12_48_spread,symbol,trades_ema_12_48_spread
12,6,12,12,2500,1750,375,375,0.5182857142857142,0.576,1d_others,price_seq_1d_others,ETHUSDT_quote_volume_z_short,0.5,0.3324420677361854,0.0,0.0,0.13297682709447417,quote_volume,z_short,symbol,quote_volume_z_short
12,6,12,12,2500,1750,375,375,0.5182857142857142,0.576,1d_others,price_seq_1d_others,ETHUSDT_quote_volume_roc_1,0.5,0.3324420677361854,0.0,0.0,0.13297682709447417,quote_volume,roc_1,symbol,quote_volume_roc_1
12,6,12,12,2500,1750,375,375,0.5182857142857142,0.576,1d_others,price_seq_1d_others,ETHUSDT_quote_volume_roc_12,0.5,0.3324420677361854,0.0,0.0,0.13297682709447417,quote_volume,roc_12,symbol,quote_volume_roc_12
12,6,12,12,2500,1750,375,375,0.5182857142857142,0.576,1d_others,price_seq_1d_others,ETHUSDT_oi_close_z_long,0.5,0.3324420677361854,0.0,0.0,0.13297682709447417,oi_close,z_long,symbol,oi_close_z_long
12,6,12,12,2500,1750,375,375,0.5182857142857142,0.576,1d_others,price_seq_1d_others,ETHUSDT_oi_close_roc_1,0.5,0.3324420677361854,0.0,0.0,0.13297682709447417,oi_close,roc_1,symbol,oi_close_roc_1
12,6,12,12,2500,1750,375,375,0.5182857142857142,0.576,1d_others,price_seq_1d_others,ETHUSDT_liq_long_z_long,0.5,0.3324420677361854,0.0,0.0,0.13297682709447417,liq_long,z_long,symbol,liq_long_z_long
12,6,12,12,2500,1750,375,375,0.5182857142857142,0.576,1d_others,price_seq_1d_others,ETHUSDT_liq_long_roc_1,0.5,0.3324420677361854,0.0,0.0,0.13297682709447417,liq_long,roc_1,symbol,liq_long_roc_1
12,6,12,12,2500,1750,375,375,0.5182857142857142,0.576,1d_others,price_seq_1d_others,ETHUSDT_liq_short_z_short,0.5,0.3324420677361854,0.0,0.0,0.13297682709447417,liq_short,z_short,symbol,liq_short_z_short
12,6,12,12,2500,1750,375,375,0.5182857142857142,0.576,1d_others,price_seq_1d_others,ETHUSDT_liq_short_z_long,0.5,0.3324420677361854,0.0,0.0,0.13297682709447417,liq_short,z_long,symbol,liq_short_z_long
12,6,12,12,2500,1750,375,375,0.5182857142857142,0.576,1d_others,price_seq_1d_others,ETHUSDT_liq_short_roc_1,0.5,0.3324420677361854,0.0,0.0,0.13297682709447417,liq_short,roc_1,symbol,liq_short_roc_1
12,6,12,12,2500,1750,375,375,0.5182857142857142,0.576,1d_others,price_seq_1d_others,ETHUSDT_ob_imbalance_roc_12,0.5,0.3324420677361854,0.0,0.0,0.13297682709447417,ob_imbalance,roc_12,symbol,ob_imbalance_roc_12
12,6,12,12,2500,1750,375,375,0.5182857142857142,0.576,1d_others,price_seq_1d_others,SOLUSDT_ret_1d_scale,0.5,0.3324420677361854,0.0,0.0,0.13297682709447417,ret_1d,scale,symbol,ret_1d_scale
12,6,12,12,2500,1750,375,375,0.5182857142857142,0.576,1d_others,price_seq_1d_others,SOLUSDT_ret_3d_z,0.5,0.3324420677361854,0.0,0.0,0.13297682709447417,ret_3d,z,symbol,ret_3d_z
12,6,12,12,2500,1750,375,375,0.5182857142857142,0.576,1d_others,price_seq_1d_others,SOLUSDT_oi_close_scale,0.5,0.3324420677361854,0.0,0.0,0.13297682709447417,oi_close,scale,symbol,oi_close_scale
12,6,12,12,2500,1750,375,375,0.5182857142857142,0.576,1d_others,price_seq_1d_others,SOLUSDT_ls_account_ratio_z,0.5,0.3324420677361854,0.0,0.0,0.13297682709447417,ls_account_ratio,z,symbol,ls_account_ratio_z
12,6,12,12,2500,1750,375,375,0.5182857142857142,0.576,1d_others,price_seq_1d_others,SOLUSDT_liq_long_log_z,0.5,0.3324420677361854,0.0,0.0,0.13297682709447417,liq_long,log_z,symbol,liq_long_log_z
12,6,12,12,2500,1750,375,375,0.5182857142857142,0.576,1d_others,price_seq_1d_others,SOLUSDT_open_z_short,0.483927323549965,0.3324420677361854,228.0,0.14522292993630573,0.15476026658492004,open,z_short,symbol,open_z_short
12,6,12,12,2500,1750,375,375,0.5182857142857142,0.576,1d_others,price_seq_1d_others,SOLUSDT_high_roc_12,0.5,0.3324420677361854,0.0,0.0,0.13297682709447417,high,roc_12,symbol,high_roc_12
12,6,12,12,2500,1750,375,375,0.5182857142857142,0.576,1d_others,price_seq_1d_others,SOLUSDT_low_z_short,0.5,0.3324420677361854,0.0,0.0,0.13297682709447417,low,z_short,symbol,low_z_short
12,6,12,12,2500,1750,375,375,0.5182857142857142,0.576,1d_others,price_seq_1d_others,SOLUSDT_low_roc_1,0.5,0.3324420677361854,0.0,0.0,0.13297682709447417,low,roc_1,symbol,low_roc_1
12,6,12,12,2500,1750,375,375,0.5182857142857142,0.576,1d_others,price_seq_1d_others,SOLUSDT_volume_roc_1,0.5,0.3324420677361854,0.0,0.0,0.13297682709447417,volume,roc_1,symbol,volume_roc_1
12,6,12,12,2500,1750,375,375,0.5182857142857142,0.576,1d_others,price_seq_1d_others,SOLUSDT_volume_ema_12_48_spread,0.5,0.3324420677361854,0.0,0.0,0.13297682709447417,volume,ema_12_48_spread,symbol,volume_ema_12_48_spread
12,6,12,12,2500,1750,375,375,0.5182857142857142,0.576,1d_others,price_seq_1d_others,SOLUSDT_buy_volume_z_long,0.5,0.3324420677361854,0.0,0.0,0.13297682709447417,buy_volume,z_long,symbol,buy_volume_z_long
12,6,12,12,2500,1750,375,375,0.5182857142857142,0.576,1d_others,price_seq_1d_others,SOLUSDT_buy_volume_roc_12,0.5,0.3324420677361854,0.0,0.0,0.13297682709447417,buy_volume,roc_12,symbol,buy_volume_roc_12
12,6,12,12,2500,1750,375,375,0.5182857142857142,0.576,1d_others,price_seq_1d_others,SOLUSDT_volume_ratio_z_long,0.5,0.3324420677361854,0.0,0.0,0.13297682709447417,volume_ratio,z_long,symbol,volume_ratio_z_long
12,6,12,12,2500,1750,375,375,0.5182857142857142,0.576,1d_others,price_seq_1d_others,SOLUSDT_trades_z_short,0.5,0.3324420677361854,0.0,0.0,0.13297682709447417,trades,z_short,symbol,trades_z_short
12,6,12,12,2500,1750,375,375,0.5182857142857142,0.576,1d_others,price_seq_1d_others,SOLUSDT_trades_z_long,0.5,0.3324420677361854,0.0,0.0,0.13297682709447417,trades,z_long,symbol,trades_z_long
12,6,12,12,2500,1750,375,375,0.5182857142857142,0.576,1d_others,price_seq_1d_others,SOLUSDT_trades_ema_12_48_spread,0.5,0.3324420677361854,0.0,0.0,0.13297682709447417,trades,ema_12_48_spread,symbol,trades_ema_12_48_spread
12,6,12,12,2500,1750,375,375,0.5182857142857142,0.576,1d_others,price_seq_1d_others,SOLUSDT_quote_volume_z_short,0.5,0.3324420677361854,0.0,0.0,0.13297682709447417,quote_volume,z_short,symbol,quote_volume_z_short
12,6,12,12,2500,1750,375,375,0.5182857142857142,0.576,1d_others,price_seq_1d_others,SOLUSDT_quote_volume_roc_1,0.5,0.3324420677361854,0.0,0.0,0.13297682709447417,quote_volume,roc_1,symbol,quote_volume_roc_1
12,6,12,12,2500,1750,375,375,0.5182857142857142,0.576,1d_others,price_seq_1d_others,SOLUSDT_quote_volume_roc_12,0.5,0.3324420677361854,0.0,0.0,0.13297682709447417,quote_volume,roc_12,symbol,quote_volume_roc_12
12,6,12,12,2500,1750,375,375,0.5182857142857142,0.576,1d_others,price_seq_1d_others,SOLUSDT_oi_close_z_long,0.5,0.3324420677361854,0.0,0.0,0.13297682709447417,oi_close,z_long,symbol,oi_close_z_long
12,6,12,12,2500,1750,375,375,0.5182857142857142,0.576,1d_others,price_seq_1d_others,SOLUSDT_oi_close_roc_1,0.5,0.3324420677361854,0.0,0.0,0.13297682709447417,oi_close,roc_1,symbol,oi_close_roc_1
12,6,12,12,2500,1750,375,375,0.5182857142857142,0.576,1d_others,price_seq_1d_others,SOLUSDT_liq_long_z_long,0.5457285115303984,0.3324420677361854,276.0,0.17579617834394903,0.20050191422342503,liq_long,z_long,symbol,liq_long_z_long
12,6,12,12,2500,1750,375,375,0.5182857142857142,0.576,1d_others,price_seq_1d_others,SOLUSDT_liq_long_roc_1,0.5,0.3324420677361854,0.0,0.0,0.13297682709447417,liq_long,roc_1,symbol,liq_long_roc_1
12,6,12,12,2500,1750,375,375,0.5182857142857142,0.576,1d_others,price_seq_1d_others,SOLUSDT_liq_short_z_short,0.5,0.3324420677361854,0.0,0.0,0.13297682709447417,liq_short,z_short,symbol,liq_short_z_short
12,6,12,12,2500,1750,375,375,0.5182857142857142,0.576,1d_others,price_seq_1d_others,SOLUSDT_liq_short_z_long,0.5,0.3324420677361854,0.0,0.0,0.13297682709447417,liq_short,z_long,symbol,liq_short_z_long
12,6,12,12,2500,1750,375,375,0.5182857142857142,0.576,1d_others,price_seq_1d_others,SOLUSDT_liq_short_roc_1,0.5,0.3324420677361854,0.0,0.0,0.13297682709447417,liq_short,roc_1,symbol,liq_short_roc_1
12,6,12,12,2500,1750,375,375,0.5182857142857142,0.576,1d_others,price_seq_1d_others,SOLUSDT_ob_imbalance_roc_12,0.5,0.3324420677361854,0.0,0.0,0.13297682709447417,ob_imbalance,roc_12,symbol,ob_imbalance_roc_12
12,6,12,12,2500,1750,375,375,0.5182857142857142,0.576,1d_others,price_seq_1d_others,DOGEUSDT_ret_1d_scale,0.5,0.3324420677361854,0.0,0.0,0.13297682709447417,ret_1d,scale,symbol,ret_1d_scale
12,6,12,12,2500,1750,375,375,0.5182857142857142,0.576,1d_others,price_seq_1d_others,DOGEUSDT_ret_3d_z,0.5,0.3324420677361854,0.0,0.0,0.13297682709447417,ret_3d,z,symbol,ret_3d_z
12,6,12,12,2500,1750,375,375,0.5182857142857142,0.576,1d_others,price_seq_1d_others,DOGEUSDT_oi_close_scale,0.5,0.3324420677361854,0.0,0.0,0.13297682709447417,oi_close,scale,symbol,oi_close_scale
12,6,12,12,2500,1750,375,375,0.5182857142857142,0.576,1d_others,price_seq_1d_others,DOGEUSDT_ls_account_ratio_z,0.5,0.3324420677361854,0.0,0.0,0.13297682709447417,ls_account_ratio,z,symbol,ls_account_ratio_z
12,6,12,12,2500,1750,375,375,0.5182857142857142,0.576,1d_others,price_seq_1d_others,DOGEUSDT_liq_long_log_z,0.5,0.3324420677361854,0.0,0.0,0.13297682709447417,liq_long,log_z,symbol,liq_long_log_z
12,6,12,12,2500,1750,375,375,0.5182857142857142,0.576,1d_others,price_seq_1d_others,DOGEUSDT_open_z_short,0.5,0.3324420677361854,0.0,0.0,0.13297682709447417,open,z_short,symbol,open_z_short
12,6,12,12,2500,1750,375,375,0.5182857142857142,0.576,1d_others,price_seq_1d_others,DOGEUSDT_high_roc_12,0.5,0.3324420677361854,0.0,0.0,0.13297682709447417,high,roc_12,symbol,high_roc_12
12,6,12,12,2500,1750,375,375,0.5182857142857142,0.576,1d_others,price_seq_1d_others,DOGEUSDT_low_z_short,0.5,0.3324420677361854,0.0,0.0,0.13297682709447417,low,z_short,symbol,low_z_short
12,6,12,12,2500,1750,375,375,0.5182857142857142,0.576,1d_others,price_seq_1d_others,DOGEUSDT_low_roc_1,0.5,0.3324420677361854,0.0,0.0,0.13297682709447417,low,roc_1,symbol,low_roc_1
12,6,12,12,2500,1750,375,375,0.5182857142857142,0.576,1d_others,price_seq_1d_others,DOGEUSDT_volume_roc_1,0.5,0.3324420677361854,0.0,0.0,0.13297682709447417,volume,roc_1,symbol,volume_roc_1
12,6,12,12,2500,1750,375,375,0.5182857142857142,0.576,1d_others,price_seq_1d_others,DOGEUSDT_volume_ema_12_48_spread,0.5,0.3324420677361854,0.0,0.0,0.13297682709447417,volume,ema_12_48_spread,symbol,volume_ema_12_48_spread
12,6,12,12,2500,1750,375,375,0.5182857142857142,0.576,1d_others,price_seq_1d_others,DOGEUSDT_buy_volume_z_long,0.483927323549965,0.3324420677361854,0.0,0.0,0.13297682709447417,buy_volume,z_long,symbol,buy_volume_z_long
12,6,12,12,2500,1750,375,375,0.5182857142857142,0.576,1d_others,price_seq_1d_others,DOGEUSDT_buy_volume_roc_12,0.5,0.3324420677361854,0.0,0.0,0.13297682709447417,buy_volume,roc_12,symbol,buy_volume_roc_12
12,6,12,12,2500,1750,375,375,0.5182857142857142,0.576,1d_others,price_seq_1d_others,DOGEUSDT_volume_ratio_z_long,0.5,0.3324420677361854,0.0,0.0,0.13297682709447417,volume_ratio,z_long,symbol,volume_ratio_z_long
12,6,12,12,2500,1750,375,375,0.5182857142857142,0.576,1d_others,price_seq_1d_others,DOGEUSDT_trades_z_short,0.5,0.3324420677361854,0.0,0.0,0.13297682709447417,trades,z_short,symbol,trades_z_short
12,6,12,12,2500,1750,375,375,0.5182857142857142,0.576,1d_others,price_seq_1d_others,DOGEUSDT_trades_z_long,0.5,0.3324420677361854,0.0,0.0,0.13297682709447417,trades,z_long,symbol,trades_z_long
12,6,12,12,2500,1750,375,375,0.5182857142857142,0.576,1d_others,price_seq_1d_others,DOGEUSDT_trades_ema_12_48_spread,0.5,0.3324420677361854,0.0,0.0,0.13297682709447417,trades,ema_12_48_spread,symbol,trades_ema_12_48_spread
12,6,12,12,2500,1750,375,375,0.5182857142857142,0.576,1d_others,price_seq_1d_others,DOGEUSDT_quote_volume_z_short,0.5,0.3324420677361854,0.0,0.0,0.13297682709447417,quote_volume,z_short,symbol,quote_volume_z_short
12,6,12,12,2500,1750,375,375,0.5182857142857142,0.576,1d_others,price_seq_1d_others,DOGEUSDT_quote_volume_roc_1,0.5,0.3324420677361854,0.0,0.0,0.13297682709447417,quote_volume,roc_1,symbol,quote_volume_roc_1
12,6,12,12,2500,1750,375,375,0.5182857142857142,0.576,1d_others,price_seq_1d_others,DOGEUSDT_quote_volume_roc_12,0.5,0.3324420677361854,0.0,0.0,0.13297682709447417,quote_volume,roc_12,symbol,quote_volume_roc_12
12,6,12,12,2500,1750,375,375,0.5182857142857142,0.576,1d_others,price_seq_1d_others,DOGEUSDT_oi_close_z_long,0.5,0.3324420677361854,0.0,0.0,0.13297682709447417,oi_close,z_long,symbol,oi_close_z_long
12,6,12,12,2500,1750,375,375,0.5182857142857142,0.576,1d_others,price_seq_1d_others,DOGEUSDT_oi_close_roc_1,0.5,0.3324420677361854,0.0,0.0,0.13297682709447417,oi_close,roc_1,symbol,oi_close_roc_1
12,6,12,12,2500,1750,375,375,0.5182857142857142,0.576,1d_others,price_seq_1d_others,DOGEUSDT_liq_long_z_long,0.5,0.3324420677361854,0.0,0.0,0.13297682709447417,liq_long,z_long,symbol,liq_long_z_long
12,6,12,12,2500,1750,375,375,0.5182857142857142,0.576,1d_others,price_seq_1d_others,DOGEUSDT_liq_long_roc_1,0.5,0.3324420677361854,0.0,0.0,0.13297682709447417,liq_long,roc_1,symbol,liq_long_roc_1
12,6,12,12,2500,1750,375,375,0.5182857142857142,0.576,1d_others,price_seq_1d_others,DOGEUSDT_liq_short_z_short,0.5,0.3324420677361854,0.0,0.0,0.13297682709447417,liq_short,z_short,symbol,liq_short_z_short
12,6,12,12,2500,1750,375,375,0.5182857142857142,0.576,1d_others,price_seq_1d_others,DOGEUSDT_liq_short_z_long,0.5,0.3324420677361854,0.0,0.0,0.13297682709447417,liq_short,z_long,symbol,liq_short_z_long
12,6,12,12,2500,1750,375,375,0.5182857142857142,0.576,1d_others,price_seq_1d_others,DOGEUSDT_liq_short_roc_1,0.5,0.3324420677361854,0.0,0.0,0.13297682709447417,liq_short,roc_1,symbol,liq_short_roc_1
12,6,12,12,2500,1750,375,375,0.5182857142857142,0.576,1d_others,price_seq_1d_others,DOGEUSDT_ob_imbalance_roc_12,0.5,0.3324420677361854,0.0,0.0,0.13297682709447417,ob_imbalance,roc_12,symbol,ob_imbalance_roc_12
12,6,12,12,2500,1750,375,375,0.5182857142857142,0.576,1d_others,price_seq_1d_others,1000PEPEUSDT_ret_1d_scale,0.5457285115303984,0.3324420677361854,0.0,0.0,0.1741324874718327,ret_1d,scale,symbol,ret_1d_scale
12,6,12,12,2500,1750,375,375,0.5182857142857142,0.576,1d_others,price_seq_1d_others,1000PEPEUSDT_ret_3d_z,0.5,0.3324420677361854,0.0,0.0,0.13297682709447417,ret_3d,z,symbol,ret_3d_z
12,6,12,12,2500,1750,375,375,0.5182857142857142,0.576,1d_others,price_seq_1d_others,1000PEPEUSDT_oi_close_scale,0.5,0.3324420677361854,0.0,0.0,0.13297682709447417,oi_close,scale,symbol,oi_close_scale
12,6,12,12,2500,1750,375,375,0.5182857142857142,0.576,1d_others,price_seq_1d_others,1000PEPEUSDT_ls_account_ratio_z,0.5,0.3324420677361854,0.0,0.0,0.13297682709447417,ls_account_ratio,z,symbol,ls_account_ratio_z
12,6,12,12,2500,1750,375,375,0.5182857142857142,0.576,1d_others,price_seq_1d_others,1000PEPEUSDT_liq_long_log_z,0.5,0.3324420677361854,0.0,0.0,0.13297682709447417,liq_long,log_z,symbol,liq_long_log_z
12,6,12,12,2500,1750,375,375,0.5182857142857142,0.576,1d_others,price_seq_1d_others,1000PEPEUSDT_open_z_short,0.5,0.3324420677361854,0.0,0.0,0.13297682709447417,open,z_short,symbol,open_z_short
12,6,12,12,2500,1750,375,375,0.5182857142857142,0.576,1d_others,price_seq_1d_others,1000PEPEUSDT_high_roc_12,0.5,0.3324420677361854,0.0,0.0,0.13297682709447417,high,roc_12,symbol,high_roc_12
12,6,12,12,2500,1750,375,375,0.5182857142857142,0.576,1d_others,price_seq_1d_others,1000PEPEUSDT_low_z_short,0.5,0.3324420677361854,0.0,0.0,0.13297682709447417,low,z_short,symbol,low_z_short
12,6,12,12,2500,1750,375,375,0.5182857142857142,0.576,1d_others,price_seq_1d_others,1000PEPEUSDT_low_roc_1,0.5,0.3324420677361854,0.0,0.0,0.13297682709447417,low,roc_1,symbol,low_roc_1
12,6,12,12,2500,1750,375,375,0.5182857142857142,0.576,1d_others,price_seq_1d_others,1000PEPEUSDT_volume_roc_1,0.5,0.3324420677361854,0.0,0.0,0.13297682709447417,volume,roc_1,symbol,volume_roc_1
12,6,12,12,2500,1750,375,375,0.5182857142857142,0.576,1d_others,price_seq_1d_others,1000PEPEUSDT_volume_ema_12_48_spread,0.5,0.3324420677361854,0.0,0.0,0.13297682709447417,volume,ema_12_48_spread,symbol,volume_ema_12_48_spread
12,6,12,12,2500,1750,375,375,0.5182857142857142,0.576,1d_others,price_seq_1d_others,1000PEPEUSDT_buy_volume_z_long,0.5,0.3324420677361854,0.0,0.0,0.13297682709447417,buy_volume,z_long,symbol,buy_volume_z_long
12,6,12,12,2500,1750,375,375,0.5182857142857142,0.576,1d_others,price_seq_1d_others,1000PEPEUSDT_buy_volume_roc_12,0.5,0.3324420677361854,0.0,0.0,0.13297682709447417,buy_volume,roc_12,symbol,buy_volume_roc_12
12,6,12,12,2500,1750,375,375,0.5182857142857142,0.576,1d_others,price_seq_1d_others,1000PEPEUSDT_volume_ratio_z_long,0.5,0.3324420677361854,0.0,0.0,0.13297682709447417,volume_ratio,z_long,symbol,volume_ratio_z_long
12,6,12,12,2500,1750,375,375,0.5182857142857142,0.576,1d_others,price_seq_1d_others,1000PEPEUSDT_trades_z_short,0.5,0.3324420677361854,0.0,0.0,0.13297682709447417,trades,z_short,symbol,trades_z_short
12,6,12,12,2500,1750,375,375,0.5182857142857142,0.576,1d_others,price_seq_1d_others,1000PEPEUSDT_trades_z_long,0.5,0.3324420677361854,0.0,0.0,0.13297682709447417,trades,z_long,symbol,trades_z_long
12,6,12,12,2500,1750,375,375,0.5182857142857142,0.576,1d_others,price_seq_1d_others,1000PEPEUSDT_trades_ema_12_48_spread,0.5,0.3324420677361854,0.0,0.0,0.13297682709447417,trades,ema_12_48_spread,symbol,trades_ema_12_48_spread
12,6,12,12,2500,1750,375,375,0.5182857142857142,0.576,1d_others,price_seq_1d_others,1000PEPEUSDT_quote_volume_z_short,0.5,0.3324420677361854,22.0,0.014012738853503185,0.13507873792249964,quote_volume,z_short,symbol,quote_volume_z_short
12,6,12,12,2500,1750,375,375,0.5182857142857142,0.576,1d_others,price_seq_1d_others,1000PEPEUSDT_quote_volume_roc_1,0.5,0.3324420677361854,0.0,0.0,0.13297682709447417,quote_volume,roc_1,symbol,quote_volume_roc_1
12,6,12,12,2500,1750,375,375,0.5182857142857142,0.576,1d_others,price_seq_1d_others,1000PEPEUSDT_quote_volume_roc_12,0.5,0.3324420677361854,0.0,0.0,0.13297682709447417,quote_volume,roc_12,symbol,quote_volume_roc_12
12,6,12,12,2500,1750,375,375,0.5182857142857142,0.576,1d_others,price_seq_1d_others,1000PEPEUSDT_oi_close_z_long,0.5,0.3324420677361854,0.0,0.0,0.13297682709447417,oi_close,z_long,symbol,oi_close_z_long
12,6,12,12,2500,1750,375,375,0.5182857142857142,0.576,1d_others,price_seq_1d_others,1000PEPEUSDT_oi_close_roc_1,0.5,0.3324420677361854,0.0,0.0,0.13297682709447417,oi_close,roc_1,symbol,oi_close_roc_1
12,6,12,12,2500,1750,375,375,0.5182857142857142,0.576,1d_others,price_seq_1d_others,1000PEPEUSDT_liq_long_z_long,0.5,0.3324420677361854,0.0,0.0,0.13297682709447417,liq_long,z_long,symbol,liq_long_z_long
12,6,12,12,2500,1750,375,375,0.5182857142857142,0.576,1d_others,price_seq_1d_others,1000PEPEUSDT_liq_long_roc_1,0.5,0.3324420677361854,0.0,0.0,0.13297682709447417,liq_long,roc_1,symbol,liq_long_roc_1
12,6,12,12,2500,1750,375,375,0.5182857142857142,0.576,1d_others,price_seq_1d_others,1000PEPEUSDT_liq_short_z_short,0.5,0.3324420677361854,0.0,0.0,0.13297682709447417,liq_short,z_short,symbol,liq_short_z_short
12,6,12,12,2500,1750,375,375,0.5182857142857142,0.576,1d_others,price_seq_1d_others,1000PEPEUSDT_liq_short_z_long,0.5,0.3324420677361854,0.0,0.0,0.13297682709447417,liq_short,z_long,symbol,liq_short_z_long
12,6,12,12,2500,1750,375,375,0.5182857142857142,0.576,1d_others,price_seq_1d_others,1000PEPEUSDT_liq_short_roc_1,0.5,0.3324420677361854,0.0,0.0,0.13297682709447417,liq_short,roc_1,symbol,liq_short_roc_1
12,6,12,12,2500,1750,375,375,0.5182857142857142,0.576,1d_others,price_seq_1d_others,1000PEPEUSDT_ob_imbalance_roc_12,0.5,0.3324420677361854,0.0,0.0,0.13297682709447417,ob_imbalance,roc_12,symbol,ob_imbalance_roc_12
12,6,12,12,2500,1750,375,375,0.5182857142857142,0.576,1d_others,price_seq_1d_others,sopr_z,0.5,0.3324420677361854,0.0,0.0,0.13297682709447417,sopr,z,global,sopr_z
12,6,12,12,2500,1750,375,375,0.5182857142857142,0.576,1d_others,price_seq_1d_others,fear_greed_roc_12,0.5,0.3324420677361854,0.0,0.0,0.13297682709447417,fear_greed,roc_12,global,fear_greed_roc_12
12,6,12,12,2500,1750,375,375,0.5182857142857142,0.576,1d_others,price_seq_1d_others,altcoin_season_roc_1,0.5,0.3324420677361854,0.0,0.0,0.13297682709447417,altcoin_season,roc_1,global,altcoin_season_roc_1
12,6,12,12,2500,1750,375,375,0.5182857142857142,0.576,1d_others,price_seq_1d_others,altcoin_season_roc_12,0.5,0.3324420677361854,0.0,0.0,0.13297682709447417,altcoin_season,roc_12,global,altcoin_season_roc_12
12,6,12,12,2500,1750,375,375,0.5182857142857142,0.576,1d_others,price_seq_1d_others,altcoin_season_ema_12_48_spread,0.5,0.3324420677361854,0.0,0.0,0.13297682709447417,altcoin_season,ema_12_48_spread,global,altcoin_season_ema_12_48_spread
12,6,12,12,2500,1750,375,375,0.5182857142857142,0.576,1d_others,price_seq_1d_others,bmo_ema_12_48_spread,0.5,0.3324420677361854,0.0,0.0,0.13297682709447417,bmo,ema_12_48_spread,global,bmo_ema_12_48_spread
12,6,12,12,2500,1750,375,375,0.5182857142857142,0.576,1d_others,price_seq_1d_others,sopr_roc_12,0.4521022594921966,0.3324420677361854,4.0,0.0025477707006369425,0.13335899269956972,sopr,roc_12,global,sopr_roc_12
12,12,6,6,2500,1750,375,375,0.5165714285714286,0.5413333333333333,5m_target,price_seq_target,volume_ratio_z_short,0.46712109061748197,1.0,175.0,0.047131699434419604,0.40706975491516295,volume_ratio,z_short,global,volume_ratio_z_short
12,12,6,6,2500,1750,375,375,0.5165714285714286,0.5413333333333333,5m_target,price_seq_target,volume_ratio_z_long,0.4941574063466606,1.0,274.0,0.0737947751144627,0.4110692162671694,volume_ratio,z_long,global,volume_ratio_z_long
12,12,6,6,2500,1750,375,375,0.5165714285714286,0.5413333333333333,5m_target,price_seq_target,long_short_ratio_z,0.4563237484247909,1.0,276.0,0.07433342310799892,0.41115001346619984,long_short_ratio,z,global,long_short_ratio_z
12,12,6,6,2500,1750,375,375,0.5165714285714286,0.5413333333333333,5m_target,price_seq_target,sell_volume_roc_12,0.516840417000802,1.0,269.0,0.07244815513062214,0.42602359857031513,sell_volume,roc_12,global,sell_volume_roc_12
12,12,6,6,2500,1750,375,375,0.5165714285714286,0.5413333333333333,5m_target,price_seq_target,sell_volume_roc_1,0.565414136785428,1.0,375.0,0.10099649878804201,0.4740221979250915,sell_volume,roc_1,global,sell_volume_roc_1
12,12,6,6,2500,1750,375,375,0.5165714285714286,0.5413333333333333,5m_target,price_seq_target,sell_volume_ema_12_48_spread,0.5095371749341275,1.0,208.0,0.0560193913277673,0.4169863661398799,sell_volume,ema_12_48_spread,global,sell_volume_ema_12_48_spread
12,12,6,6,2500,1750,375,375,0.5165714285714286,0.5413333333333333,5m_target,price_seq_target,volume_ratio_ema_12_48_spread,0.48124069194638563,1.0,407.0,0.1096148666846216,0.41644223000269326,volume_ratio,ema_12_48_spread,global,volume_ratio_ema_12_48_spread
12,12,6,6,2500,1750,375,375,0.5165714285714286,0.5413333333333333,5m_target,price_seq_target,trades_z_long,0.46915454233016385,1.0,347.0,0.09345542687853488,0.41401831403178024,trades,z_long,global,trades_z_long
12,12,6,6,2500,1750,375,375,0.5165714285714286,0.5413333333333333,5m_target,price_seq_target,volume_impact_scale,0.550864932982014,1.0,369.0,0.09938055480743334,0.46068552290492765,volume_impact,scale,global,volume_impact_scale
12,12,6,6,2500,1750,375,375,0.5165714285714286,0.5413333333333333,5m_target,price_seq_target,close_z_long,0.41639935846030474,1.0,467.0,0.1257743064907083,0.4188661459736063,close,z_long,global,close_z_long
12,12,6,6,2500,1750,375,375,0.5165714285714286,0.5413333333333333,5m_target,price_seq_target,volume_log_z_short,0.45781303700309317,1.0,262.0,0.07056288715324535,0.4105844330729868,volume_log,z_short,global,volume_log_z_short
12,12,6,6,2500,1750,375,375,0.5165714285714286,0.5413333333333333,5m_target,price_seq_target,ret_15m_z_short,0.431507045480582,1.0,284.0,0.07648801508214383,0.4114732022623216,ret_15m,z_short,global,ret_15m_z_short
12,12,6,6,2500,1750,375,375,0.5165714285714286,0.5413333333333333,5m_others,price_seq_others,ETHUSDT_trades_z_short,0.504009623095429,1.0,58.0,0.014208721215090642,0.4057399689681497,trades,z_short,symbol,trades_z_short
12,12,6,6,2500,1750,375,375,0.5165714285714286,0.5413333333333333,5m_others,price_seq_others,ETHUSDT_long_short_ratio_z_short,0.566731584373926,1.0,84.0,0.020578147966683,0.4631451481315359,long_short_ratio,z_short,symbol,long_short_ratio_z_short
12,12,6,6,2500,1750,375,375,0.5165714285714286,0.5413333333333333,5m_others,price_seq_others,ETHUSDT_volume_log_z,0.5138331996792301,1.0,81.0,0.019843214110730034,0.41542636182791665,volume,log_z,symbol,volume_log_z
12,12,6,6,2500,1750,375,375,0.5165714285714286,0.5413333333333333,5m_others,price_seq_others,ETHUSDT_sell_volume_z_short,0.5182724252491694,1.0,121.0,0.029642332190102892,0.4208915325527679,sell_volume,z_short,symbol,sell_volume_z_short
12,12,6,6,2500,1750,375,375,0.5165714285714286,0.5413333333333333,5m_others,price_seq_others,ETHUSDT_rsi_14,0.4753121777981441,1.0,70.0,0.0171484566389025,0.4025722684958354,rsi_14,raw,symbol,rsi_14
12,12,6,6,2500,1750,375,375,0.5165714285714286,0.5413333333333333,5m_others,price_seq_others,ETHUSDT_buy_volume_z_long,0.48573719784625957,1.0,56.0,0.013718765311121999,0.4020578147966683,buy_volume,z_long,symbol,buy_volume_z_long
12,12,6,6,2500,1750,375,375,0.5165714285714286,0.5413333333333333,5m_others,price_seq_others,ETHUSDT_up_volume_ratio_12,0.5223966090044678,1.0,112.0,0.027437530622243998,0.42427257769735766,up_volume_ratio_12,raw,symbol,up_volume_ratio_12
12,12,6,6,2500,1750,375,375,0.5165714285714286,0.5413333333333333,5m_others,price_seq_others,ETHUSDT_volume_ratio_z_long,0.4681234963913392,1.0,118.0,0.028907398334149927,0.4043361097501225,volume_ratio,z_long,symbol,volume_ratio_z_long
12,12,6,6,2500,1750,375,375,0.5165714285714286,0.5413333333333333,5m_others,price_seq_others,ETHUSDT_high_roc_12,0.5575953717493413,1.0,93.0,0.02278294953454189,0.45525327700458845,high,roc_12,symbol,high_roc_12
12,12,6,6,2500,1750,375,375,0.5165714285714286,0.5413333333333333,5m_others,price_seq_others,ETHUSDT_trades_roc_12,0.4401134150532707,1.0,94.0,0.023027927486526212,0.403454189122979,trades,roc_12,symbol,trades_roc_12
12,12,6,6,2500,1750,375,375,0.5165714285714286,0.5413333333333333,5m_others,price_seq_others,ETHUSDT_quote_volume_z_long,0.4972219039981671,1.0,57.0,0.01396374326310632,0.402094561489466,quote_volume,z_long,symbol,quote_volume_z_long
12,12,6,6,2500,1750,375,375,0.5165714285714286,0.5413333333333333,5m_others,price_seq_others,ETHUSDT_volume_impact_scale,0.4959330965746363,1.0,71.0,0.01739343459088682,0.40260901518863307,volume_impact,scale,symbol,volume_impact_scale
12,12,6,6,2500,1750,375,375,0.5165714285714286,0.5413333333333333,5m_others,price_seq_others,SOLUSDT_trades_z_short,0.5157807308970099,1.0,96.0,0.023517883390494855,0.4177303403158832,trades,z_short,symbol,trades_z_short
12,12,6,6,2500,1750,375,375,0.5165714285714286,0.5413333333333333,5m_others,price_seq_others,SOLUSDT_long_short_ratio_z_short,0.4827872608546225,1.0,108.0,0.02645761881430671,0.403968642822146,long_short_ratio,z_short,symbol,long_short_ratio_z_short
12,12,6,6,2500,1750,375,375,0.5165714285714286,0.5413333333333333,5m_others,price_seq_others,SOLUSDT_volume_log_z,0.5103963798831481,1.0,105.0,0.02572268495835375,0.4132151446385864,volume,log_z,symbol,volume_log_z
12,12,6,6,2500,1750,375,375,0.5165714285714286,0.5413333333333333,5m_others,price_seq_others,SOLUSDT_sell_volume_z_short,0.4477030587696186,1.0,89.0,0.021803037726604607,0.4032704556589907,sell_volume,z_short,symbol,sell_volume_z_short
12,12,6,6,2500,1750,375,375,0.5165714285714286,0.5413333333333333,5m_others,price_seq_others,SOLUSDT_rsi_14,0.49172299232443584,1.0,114.0,0.02792748652621264,0.4041891229789319,rsi_14,raw,symbol,rsi_14
12,12,6,6,2500,1750,375,375,0.5165714285714286,0.5413333333333333,5m_others,price_seq_others,SOLUSDT_buy_volume_z_long,0.4428055905602017,1.0,79.0,0.01935325820676139,0.4029029887310142,buy_volume,z_long,symbol,buy_volume_z_long
12,12,6,6,2500,1750,375,375,0.5165714285714286,0.5413333333333333,5m_others,price_seq_others,SOLUSDT_up_volume_ratio_12,0.489288578302211,1.0,114.0,0.02792748652621264,0.4041891229789319,up_volume_ratio_12,raw,symbol,up_volume_ratio_12
12,12,6,6,2500,1750,375,375,0.5165714285714286,0.5413333333333333,5m_others,price_seq_others,SOLUSDT_volume_ratio_z_long,0.4886871348378966,1.0,81.0,0.019843214110730034,0.4029764821166095,volume_ratio,z_long,symbol,volume_ratio_z_long
12,12,6,6,2500,1750,375,375,0.5165714285714286,0.5413333333333333,5m_others,price_seq_others,SOLUSDT_high_roc_12,0.46276778554244474,1.0,93.0,0.02278294953454189,0.4034174424301813,high,roc_12,symbol,high_roc_12
12,12,6,6,2500,1750,375,375,0.5165714285714286,0.5413333333333333,5m_others,price_seq_others,SOLUSDT_trades_roc_12,0.4717321571772253,1.0,62.0,0.015188633023027927,0.4022782949534542,trades,roc_12,symbol,trades_roc_12
12,12,6,6,2500,1750,375,375,0.5165714285714286,0.5413333333333333,5m_others,price_seq_others,SOLUSDT_quote_volume_z_long,0.4035112842249971,1.0,59.0,0.014453699167074964,0.40216805487506124,quote_volume,z_long,symbol,quote_volume_z_long
12,12,6,6,2500,1750,375,375,0.5165714285714286,0.5413333333333333,5m_others,price_seq_others,SOLUSDT_volume_impact_scale,0.42582197273456296,1.0,77.0,0.018863302302792748,0.40282949534541895,volume_impact,scale,symbol,volume_impact_scale
12,12,6,6,2500,1750,375,375,0.5165714285714286,0.5413333333333333,5m_others,price_seq_others,DOGEUSDT_trades_z_short,0.4879424905487456,1.0,54.0,0.013228809407153356,0.40198432141107304,trades,z_short,symbol,trades_z_short
12,12,6,6,2500,1750,375,375,0.5165714285714286,0.5413333333333333,5m_others,price_seq_others,DOGEUSDT_long_short_ratio_z_short,0.4750830564784053,1.0,63.0,0.015433610975012248,0.40231504164625187,long_short_ratio,z_short,symbol,long_short_ratio_z_short
12,12,6,6,2500,1750,375,375,0.5165714285714286,0.5413333333333333,5m_others,price_seq_others,DOGEUSDT_volume_log_z,0.45878680261198307,1.0,58.0,0.014208721215090642,0.4021313081822636,volume,log_z,symbol,volume_log_z
12,12,6,6,2500,1750,375,375,0.5165714285714286,0.5413333333333333,5m_others,price_seq_others,DOGEUSDT_sell_volume_z_short,0.4923244357887502,1.0,78.0,0.01910828025477707,0.4028662420382166,sell_volume,z_short,symbol,sell_volume_z_short
12,12,6,6,2500,1750,375,375,0.5165714285714286,0.5413333333333333,5m_others,price_seq_others,DOGEUSDT_rsi_14,0.4596173673960362,1.0,142.0,0.03478686918177364,0.40521803037726606,rsi_14,raw,symbol,rsi_14
12,12,6,6,2500,1750,375,375,0.5165714285714286,0.5413333333333333,5m_others,price_seq_others,DOGEUSDT_buy_volume_z_long,0.4908924275403826,1.0,85.0,0.02082312591866732,0.4031234688878001,buy_volume,z_long,symbol,buy_volume_z_long
12,12,6,6,2500,1750,375,375,0.5165714285714286,0.5413333333333333,5m_others,price_seq_others,DOGEUSDT_up_volume_ratio_12,0.4879997708786803,1.0,72.0,0.017638412542871143,0.4026457618814307,up_volume_ratio_12,raw,symbol,up_volume_ratio_12
12,12,6,6,2500,1750,375,375,0.5165714285714286,0.5413333333333333,5m_others,price_seq_others,DOGEUSDT_volume_ratio_z_long,0.48968954061175396,1.0,74.0,0.018128368446839783,0.402719255267026,volume_ratio,z_long,symbol,volume_ratio_z_long
12,12,6,6,2500,1750,375,375,0.5165714285714286,0.5413333333333333,5m_others,price_seq_others,DOGEUSDT_high_roc_12,0.47734562951082593,1.0,86.0,0.021068103870651642,0.4031602155805978,high,roc_12,symbol,high_roc_12
12,12,6,6,2500,1750,375,375,0.5165714285714286,0.5413333333333333,5m_others,price_seq_others,DOGEUSDT_trades_roc_12,0.49255355710848897,1.0,155.0,0.03797158255756982,0.4056957373836355,trades,roc_12,symbol,trades_roc_12
12,12,6,6,2500,1750,375,375,0.5165714285714286,0.5413333333333333,5m_others,price_seq_others,DOGEUSDT_quote_volume_z_long,0.46099209531446894,0.4966442953020134,71.0,0.01739343459088682,0.2012667333094384,quote_volume,z_long,symbol,quote_volume_z_long
12,12,6,6,2500,1750,375,375,0.5165714285714286,0.5413333333333333,5m_others,price_seq_others,DOGEUSDT_volume_impact_scale,0.46663420781303705,1.0,74.0,0.018128368446839783,0.402719255267026,volume_impact,scale,symbol,volume_impact_scale
12,12,6,6,2500,1750,375,375,0.5165714285714286,0.5413333333333333,5m_others,price_seq_others,1000PEPEUSDT_trades_z_short,0.43123496391339217,1.0,111.0,0.027192552670259676,0.40407888290053895,trades,z_short,symbol,trades_z_short
12,12,6,6,2500,1750,375,375,0.5165714285714286,0.5413333333333333,5m_others,price_seq_others,1000PEPEUSDT_long_short_ratio_z_short,0.4624813838927712,1.0,132.0,0.03233708966193043,0.4048505634492896,long_short_ratio,z_short,symbol,long_short_ratio_z_short
12,12,6,6,2500,1750,375,375,0.5165714285714286,0.5413333333333333,5m_others,price_seq_others,1000PEPEUSDT_volume_log_z,0.5313180203917974,1.0,96.0,0.023517883390494855,0.43171390086119193,volume,log_z,symbol,volume_log_z
12,12,6,6,2500,1750,375,375,0.5165714285714286,0.5413333333333333,5m_others,price_seq_others,1000PEPEUSDT_sell_volume_z_short,0.4381372436705236,1.0,97.0,0.023762861342479177,0.4035644292013719,sell_volume,z_short,symbol,sell_volume_z_short
12,12,6,6,2500,1750,375,375,0.5165714285714286,0.5413333333333333,5m_others,price_seq_others,1000PEPEUSDT_rsi_14,0.5476429144231871,1.0,113.0,0.02768250857422832,0.4470309992670027,rsi_14,raw,symbol,rsi_14
12,12,6,6,2500,1750,375,375,0.5165714285714286,0.5413333333333333,5m_others,price_seq_others,1000PEPEUSDT_buy_volume_z_long,0.5120431893687707,1.0,68.0,0.016658500734933857,0.41333764554213376,buy_volume,z_long,symbol,buy_volume_z_long
12,12,6,6,2500,1750,375,375,0.5165714285714286,0.5413333333333333,5m_others,price_seq_others,1000PEPEUSDT_up_volume_ratio_12,0.4396694924962768,1.0,36.0,0.008819206271435572,0.40132288094071533,up_volume_ratio_12,raw,symbol,up_volume_ratio_12
12,12,6,6,2500,1750,375,375,0.5165714285714286,0.5413333333333333,5m_others,price_seq_others,1000PEPEUSDT_volume_ratio_z_long,0.4832455034941001,1.0,71.0,0.01739343459088682,0.40260901518863307,volume_ratio,z_long,symbol,volume_ratio_z_long
12,12,6,6,2500,1750,375,375,0.5165714285714286,0.5413333333333333,5m_others,price_seq_others,1000PEPEUSDT_high_roc_12,0.4372064383090846,1.0,46.0,0.011268985791278784,0.40169034786869184,high,roc_12,symbol,high_roc_12
12,12,6,6,2500,1750,375,375,0.5165714285714286,0.5413333333333333,5m_others,price_seq_others,1000PEPEUSDT_trades_roc_12,0.4575839156833543,1.0,46.0,0.011268985791278784,0.40169034786869184,trades,roc_12,symbol,trades_roc_12
12,12,6,6,2500,1750,375,375,0.5165714285714286,0.5413333333333333,5m_others,price_seq_others,1000PEPEUSDT_quote_volume_z_long,0.4698419062893803,1.0,83.0,0.020333170014698677,0.40304997550220484,quote_volume,z_long,symbol,quote_volume_z_long
12,12,6,6,2500,1750,375,375,0.5165714285714286,0.5413333333333333,5m_others,price_seq_others,1000PEPEUSDT_volume_impact_scale,0.46100641539695264,1.0,79.0,0.01935325820676139,0.4029029887310142,volume_impact,scale,symbol,volume_impact_scale
12,12,6,6,2500,1750,375,375,0.5165714285714286,0.5413333333333333,1d_target,price_seq_1d_target,ret_1d_z_short,0.5,1.0,0.0,0.0,0.4,ret_1d,z_short,global,ret_1d_z_short
12,12,6,6,2500,1750,375,375,0.5165714285714286,0.5413333333333333,1d_target,price_seq_1d_target,ret_3d_z_short,0.5,1.0,0.0,0.0,0.4,ret_3d,z_short,global,ret_3d_z_short
12,12,6,6,2500,1750,375,375,0.5165714285714286,0.5413333333333333,1d_target,price_seq_1d_target,ret_7d_z_long,0.5,1.0,0.0,0.0,0.4,ret_7d,z_long,global,ret_7d_z_long
12,12,6,6,2500,1750,375,375,0.5165714285714286,0.5413333333333333,1d_target,price_seq_1d_target,body_1d_z,0.5,1.0,0.0,0.0,0.4,body_1d,z,global,body_1d_z
12,12,6,6,2500,1750,375,375,0.5165714285714286,0.5413333333333333,1d_target,price_seq_1d_target,oi_close_scale,0.5,1.0,0.0,0.0,0.4,oi_close,scale,global,oi_close_scale
12,12,6,6,2500,1750,375,375,0.5165714285714286,0.5413333333333333,1d_target,price_seq_1d_target,funding_close_scale,0.5,1.0,0.0,0.0,0.4,funding_close,scale,global,funding_close_scale
12,12,6,6,2500,1750,375,375,0.5165714285714286,0.5413333333333333,1d_target,price_seq_1d_target,ls_account_ratio_z,0.5,1.0,0.0,0.0,0.4,ls_account_ratio,z,global,ls_account_ratio_z
12,12,6,6,2500,1750,375,375,0.5165714285714286,0.5413333333333333,1d_target,price_seq_1d_target,liq_long_log_scale,0.5,1.0,0.0,0.0,0.4,liq_long_log,scale,global,liq_long_log_scale
12,12,6,6,2500,1750,375,375,0.5165714285714286,0.5413333333333333,1d_target,price_seq_1d_target,volume_impact_scale,0.5,1.0,0.0,0.0,0.4,volume_impact,scale,global,volume_impact_scale
12,12,6,6,2500,1750,375,375,0.5165714285714286,0.5413333333333333,1d_target,price_seq_1d_target,open_ema_12_48_spread,0.5,1.0,0.0,0.0,0.4,open,ema_12_48_spread,global,open_ema_12_48_spread
12,12,6,6,2500,1750,375,375,0.5165714285714286,0.5413333333333333,1d_target,price_seq_1d_target,high_z_long,0.5,1.0,0.0,0.0,0.4,high,z_long,global,high_z_long
12,12,6,6,2500,1750,375,375,0.5165714285714286,0.5413333333333333,1d_target,price_seq_1d_target,close_roc_12,0.5,1.0,0.0,0.0,0.4,close,roc_12,global,close_roc_12
12,12,6,6,2500,1750,375,375,0.5165714285714286,0.5413333333333333,1d_target,price_seq_1d_target,close_ema_12_48_spread,0.5,1.0,0.0,0.0,0.4,close,ema_12_48_spread,global,close_ema_12_48_spread
12,12,6,6,2500,1750,375,375,0.5165714285714286,0.5413333333333333,1d_target,price_seq_1d_target,sell_volume_roc_1,0.5,1.0,0.0,0.0,0.4,sell_volume,roc_1,global,sell_volume_roc_1
12,12,6,6,2500,1750,375,375,0.5165714285714286,0.5413333333333333,1d_target,price_seq_1d_target,quote_volume_z_long,0.5,1.0,0.0,0.0,0.4,quote_volume,z_long,global,quote_volume_z_long
12,12,6,6,2500,1750,375,375,0.5165714285714286,0.5413333333333333,1d_target,price_seq_1d_target,liq_long_ema_12_48_spread,0.5,1.0,0.0,0.0,0.4,liq_long,ema_12_48_spread,global,liq_long_ema_12_48_spread
12,12,6,6,2500,1750,375,375,0.5165714285714286,0.5413333333333333,1d_others,price_seq_1d_others,ETHUSDT_ret_1d_scale,0.5,1.0,0.0,0.0,0.4,ret_1d,scale,symbol,ret_1d_scale
12,12,6,6,2500,1750,375,375,0.5165714285714286,0.5413333333333333,1d_others,price_seq_1d_others,ETHUSDT_ret_3d_z,0.5,1.0,0.0,0.0,0.4,ret_3d,z,symbol,ret_3d_z
12,12,6,6,2500,1750,375,375,0.5165714285714286,0.5413333333333333,1d_others,price_seq_1d_others,ETHUSDT_oi_close_scale,0.5,1.0,0.0,0.0,0.4,oi_close,scale,symbol,oi_close_scale
12,12,6,6,2500,1750,375,375,0.5165714285714286,0.5413333333333333,1d_others,price_seq_1d_others,ETHUSDT_ls_account_ratio_z,0.5,1.0,0.0,0.0,0.4,ls_account_ratio,z,symbol,ls_account_ratio_z
12,12,6,6,2500,1750,375,375,0.5165714285714286,0.5413333333333333,1d_others,price_seq_1d_others,ETHUSDT_liq_long_log_z,0.5,1.0,0.0,0.0,0.4,liq_long,log_z,symbol,liq_long_log_z
12,12,6,6,2500,1750,375,375,0.5165714285714286,0.5413333333333333,1d_others,price_seq_1d_others,ETHUSDT_open_z_short,0.5,1.0,326.0,0.22359396433470508,0.4335390946502058,open,z_short,symbol,open_z_short
12,12,6,6,2500,1750,375,375,0.5165714285714286,0.5413333333333333,1d_others,price_seq_1d_others,ETHUSDT_high_roc_12,0.5,1.0,0.0,0.0,0.4,high,roc_12,symbol,high_roc_12
12,12,6,6,2500,1750,375,375,0.5165714285714286,0.5413333333333333,1d_others,price_seq_1d_others,ETHUSDT_low_z_short,0.5,1.0,0.0,0.0,0.4,low,z_short,symbol,low_z_short
12,12,6,6,2500,1750,375,375,0.5165714285714286,0.5413333333333333,1d_others,price_seq_1d_others,ETHUSDT_low_roc_1,0.5,1.0,0.0,0.0,0.4,low,roc_1,symbol,low_roc_1
12,12,6,6,2500,1750,375,375,0.5165714285714286,0.5413333333333333,1d_others,price_seq_1d_others,ETHUSDT_volume_roc_1,0.5,1.0,0.0,0.0,0.4,volume,roc_1,symbol,volume_roc_1
12,12,6,6,2500,1750,375,375,0.5165714285714286,0.5413333333333333,1d_others,price_seq_1d_others,ETHUSDT_volume_ema_12_48_spread,0.5,1.0,0.0,0.0,0.4,volume,ema_12_48_spread,symbol,volume_ema_12_48_spread
12,12,6,6,2500,1750,375,375,0.5165714285714286,0.5413333333333333,1d_others,price_seq_1d_others,ETHUSDT_buy_volume_z_long,0.5,1.0,0.0,0.0,0.4,buy_volume,z_long,symbol,buy_volume_z_long
12,12,6,6,2500,1750,375,375,0.5165714285714286,0.5413333333333333,1d_others,price_seq_1d_others,ETHUSDT_buy_volume_roc_12,0.5,1.0,0.0,0.0,0.4,buy_volume,roc_12,symbol,buy_volume_roc_12
12,12,6,6,2500,1750,375,375,0.5165714285714286,0.5413333333333333,1d_others,price_seq_1d_others,ETHUSDT_volume_ratio_z_long,0.5,1.0,0.0,0.0,0.4,volume_ratio,z_long,symbol,volume_ratio_z_long
12,12,6,6,2500,1750,375,375,0.5165714285714286,0.5413333333333333,1d_others,price_seq_1d_others,ETHUSDT_trades_z_short,0.5,1.0,0.0,0.0,0.4,trades,z_short,symbol,trades_z_short
12,12,6,6,2500,1750,375,375,0.5165714285714286,0.5413333333333333,1d_others,price_seq_1d_others,ETHUSDT_trades_z_long,0.5,1.0,0.0,0.0,0.4,trades,z_long,symbol,trades_z_long
12,12,6,6,2500,1750,375,375,0.5165714285714286,0.5413333333333333,1d_others,price_seq_1d_others,ETHUSDT_trades_ema_12_48_spread,0.4751260167258564,1.0,638.0,0.4375857338820302,0.46563786008230457,trades,ema_12_48_spread,symbol,trades_ema_12_48_spread
12,12,6,6,2500,1750,375,375,0.5165714285714286,0.5413333333333333,1d_others,price_seq_1d_others,ETHUSDT_quote_volume_z_short,0.5,1.0,0.0,0.0,0.4,quote_volume,z_short,symbol,quote_volume_z_short
12,12,6,6,2500,1750,375,375,0.5165714285714286,0.5413333333333333,1d_others,price_seq_1d_others,ETHUSDT_quote_volume_roc_1,0.5,1.0,0.0,0.0,0.4,quote_volume,roc_1,symbol,quote_volume_roc_1
12,12,6,6,2500,1750,375,375,0.5165714285714286,0.5413333333333333,1d_others,price_seq_1d_others,ETHUSDT_quote_volume_roc_12,0.5,1.0,0.0,0.0,0.4,quote_volume,roc_12,symbol,quote_volume_roc_12
12,12,6,6,2500,1750,375,375,0.5165714285714286,0.5413333333333333,1d_others,price_seq_1d_others,ETHUSDT_oi_close_z_long,0.5,1.0,0.0,0.0,0.4,oi_close,z_long,symbol,oi_close_z_long
12,12,6,6,2500,1750,375,375,0.5165714285714286,0.5413333333333333,1d_others,price_seq_1d_others,ETHUSDT_oi_close_roc_1,0.5,1.0,0.0,0.0,0.4,oi_close,roc_1,symbol,oi_close_roc_1
12,12,6,6,2500,1750,375,375,0.5165714285714286,0.5413333333333333,1d_others,price_seq_1d_others,ETHUSDT_liq_long_z_long,0.5,1.0,0.0,0.0,0.4,liq_long,z_long,symbol,liq_long_z_long
12,12,6,6,2500,1750,375,375,0.5165714285714286,0.5413333333333333,1d_others,price_seq_1d_others,ETHUSDT_liq_long_roc_1,0.5,1.0,0.0,0.0,0.4,liq_long,roc_1,symbol,liq_long_roc_1
12,12,6,6,2500,1750,375,375,0.5165714285714286,0.5413333333333333,1d_others,price_seq_1d_others,ETHUSDT_liq_short_z_short,0.5,1.0,0.0,0.0,0.4,liq_short,z_short,symbol,liq_short_z_short
12,12,6,6,2500,1750,375,375,0.5165714285714286,0.5413333333333333,1d_others,price_seq_1d_others,ETHUSDT_liq_short_z_long,0.5,1.0,0.0,0.0,0.4,liq_short,z_long,symbol,liq_short_z_long
12,12,6,6,2500,1750,375,375,0.5165714285714286,0.5413333333333333,1d_others,price_seq_1d_others,ETHUSDT_liq_short_roc_1,0.5,1.0,0.0,0.0,0.4,liq_short,roc_1,symbol,liq_short_roc_1
12,12,6,6,2500,1750,375,375,0.5165714285714286,0.5413333333333333,1d_others,price_seq_1d_others,ETHUSDT_ob_imbalance_roc_12,0.5,1.0,0.0,0.0,0.4,ob_imbalance,roc_12,symbol,ob_imbalance_roc_12
12,12,6,6,2500,1750,375,375,0.5165714285714286,0.5413333333333333,1d_others,price_seq_1d_others,SOLUSDT_ret_1d_scale,0.5,1.0,0.0,0.0,0.4,ret_1d,scale,symbol,ret_1d_scale
12,12,6,6,2500,1750,375,375,0.5165714285714286,0.5413333333333333,1d_others,price_seq_1d_others,SOLUSDT_ret_3d_z,0.5,1.0,0.0,0.0,0.4,ret_3d,z,symbol,ret_3d_z
12,12,6,6,2500,1750,375,375,0.5165714285714286,0.5413333333333333,1d_others,price_seq_1d_others,SOLUSDT_oi_close_scale,0.5,1.0,0.0,0.0,0.4,oi_close,scale,symbol,oi_close_scale
12,12,6,6,2500,1750,375,375,0.5165714285714286,0.5413333333333333,1d_others,price_seq_1d_others,SOLUSDT_ls_account_ratio_z,0.5,1.0,0.0,0.0,0.4,ls_account_ratio,z,symbol,ls_account_ratio_z
12,12,6,6,2500,1750,375,375,0.5165714285714286,0.5413333333333333,1d_others,price_seq_1d_others,SOLUSDT_liq_long_log_z,0.5,1.0,0.0,0.0,0.4,liq_long,log_z,symbol,liq_long_log_z
12,12,6,6,2500,1750,375,375,0.5165714285714286,0.5413333333333333,1d_others,price_seq_1d_others,SOLUSDT_open_z_short,0.46803757589643713,1.0,124.0,0.0850480109739369,0.41275720164609053,open,z_short,symbol,open_z_short
12,12,6,6,2500,1750,375,375,0.5165714285714286,0.5413333333333333,1d_others,price_seq_1d_others,SOLUSDT_high_roc_12,0.5,1.0,0.0,0.0,0.4,high,roc_12,symbol,high_roc_12
12,12,6,6,2500,1750,375,375,0.5165714285714286,0.5413333333333333,1d_others,price_seq_1d_others,SOLUSDT_low_z_short,0.5,1.0,0.0,0.0,0.4,low,z_short,symbol,low_z_short
12,12,6,6,2500,1750,375,375,0.5165714285714286,0.5413333333333333,1d_others,price_seq_1d_others,SOLUSDT_low_roc_1,0.5,1.0,0.0,0.0,0.4,low,roc_1,symbol,low_roc_1
12,12,6,6,2500,1750,375,375,0.5165714285714286,0.5413333333333333,1d_others,price_seq_1d_others,SOLUSDT_volume_roc_1,0.5,1.0,0.0,0.0,0.4,volume,roc_1,symbol,volume_roc_1
12,12,6,6,2500,1750,375,375,0.5165714285714286,0.5413333333333333,1d_others,price_seq_1d_others,SOLUSDT_volume_ema_12_48_spread,0.5,1.0,0.0,0.0,0.4,volume,ema_12_48_spread,symbol,volume_ema_12_48_spread
12,12,6,6,2500,1750,375,375,0.5165714285714286,0.5413333333333333,1d_others,price_seq_1d_others,SOLUSDT_buy_volume_z_long,0.5,1.0,0.0,0.0,0.4,buy_volume,z_long,symbol,buy_volume_z_long
12,12,6,6,2500,1750,375,375,0.5165714285714286,0.5413333333333333,1d_others,price_seq_1d_others,SOLUSDT_buy_volume_roc_12,0.5,1.0,0.0,0.0,0.4,buy_volume,roc_12,symbol,buy_volume_roc_12
12,12,6,6,2500,1750,375,375,0.5165714285714286,0.5413333333333333,1d_others,price_seq_1d_others,SOLUSDT_volume_ratio_z_long,0.5,1.0,0.0,0.0,0.4,volume_ratio,z_long,symbol,volume_ratio_z_long
12,12,6,6,2500,1750,375,375,0.5165714285714286,0.5413333333333333,1d_others,price_seq_1d_others,SOLUSDT_trades_z_short,0.5,1.0,0.0,0.0,0.4,trades,z_short,symbol,trades_z_short
12,12,6,6,2500,1750,375,375,0.5165714285714286,0.5413333333333333,1d_others,price_seq_1d_others,SOLUSDT_trades_z_long,0.5,1.0,0.0,0.0,0.4,trades,z_long,symbol,trades_z_long
12,12,6,6,2500,1750,375,375,0.5165714285714286,0.5413333333333333,1d_others,price_seq_1d_others,SOLUSDT_trades_ema_12_48_spread,0.5,1.0,0.0,0.0,0.4,trades,ema_12_48_spread,symbol,trades_ema_12_48_spread
12,12,6,6,2500,1750,375,375,0.5165714285714286,0.5413333333333333,1d_others,price_seq_1d_others,SOLUSDT_quote_volume_z_short,0.5,1.0,0.0,0.0,0.4,quote_volume,z_short,symbol,quote_volume_z_short
12,12,6,6,2500,1750,375,375,0.5165714285714286,0.5413333333333333,1d_others,price_seq_1d_others,SOLUSDT_quote_volume_roc_1,0.5,1.0,0.0,0.0,0.4,quote_volume,roc_1,symbol,quote_volume_roc_1
12,12,6,6,2500,1750,375,375,0.5165714285714286,0.5413333333333333,1d_others,price_seq_1d_others,SOLUSDT_quote_volume_roc_12,0.5,1.0,0.0,0.0,0.4,quote_volume,roc_12,symbol,quote_volume_roc_12
12,12,6,6,2500,1750,375,375,0.5165714285714286,0.5413333333333333,1d_others,price_seq_1d_others,SOLUSDT_oi_close_z_long,0.5,1.0,0.0,0.0,0.4,oi_close,z_long,symbol,oi_close_z_long
12,12,6,6,2500,1750,375,375,0.5165714285714286,0.5413333333333333,1d_others,price_seq_1d_others,SOLUSDT_oi_close_roc_1,0.5,1.0,0.0,0.0,0.4,oi_close,roc_1,symbol,oi_close_roc_1
12,12,6,6,2500,1750,375,375,0.5165714285714286,0.5413333333333333,1d_others,price_seq_1d_others,SOLUSDT_liq_long_z_long,0.5434328101729866,1.0,270.0,0.18518518518518517,0.4668673069334658,liq_long,z_long,symbol,liq_long_z_long
12,12,6,6,2500,1750,375,375,0.5165714285714286,0.5413333333333333,1d_others,price_seq_1d_others,SOLUSDT_liq_long_roc_1,0.5,1.0,0.0,0.0,0.4,liq_long,roc_1,symbol,liq_long_roc_1
12,12,6,6,2500,1750,375,375,0.5165714285714286,0.5413333333333333,1d_others,price_seq_1d_others,SOLUSDT_liq_short_z_short,0.5,1.0,0.0,0.0,0.4,liq_short,z_short,symbol,liq_short_z_short
12,12,6,6,2500,1750,375,375,0.5165714285714286,0.5413333333333333,1d_others,price_seq_1d_others,SOLUSDT_liq_short_z_long,0.5,1.0,0.0,0.0,0.4,liq_short,z_long,symbol,liq_short_z_long
12,12,6,6,2500,1750,375,375,0.5165714285714286,0.5413333333333333,1d_others,price_seq_1d_others,SOLUSDT_liq_short_roc_1,0.5,1.0,0.0,0.0,0.4,liq_short,roc_1,symbol,liq_short_roc_1
12,12,6,6,2500,1750,375,375,0.5165714285714286,0.5413333333333333,1d_others,price_seq_1d_others,SOLUSDT_ob_imbalance_roc_12,0.5,1.0,0.0,0.0,0.4,ob_imbalance,roc_12,symbol,ob_imbalance_roc_12
12,12,6,6,2500,1750,375,375,0.5165714285714286,0.5413333333333333,1d_others,price_seq_1d_others,DOGEUSDT_ret_1d_scale,0.5,1.0,0.0,0.0,0.4,ret_1d,scale,symbol,ret_1d_scale
12,12,6,6,2500,1750,375,375,0.5165714285714286,0.5413333333333333,1d_others,price_seq_1d_others,DOGEUSDT_ret_3d_z,0.5,1.0,0.0,0.0,0.4,ret_3d,z,symbol,ret_3d_z
12,12,6,6,2500,1750,375,375,0.5165714285714286,0.5413333333333333,1d_others,price_seq_1d_others,DOGEUSDT_oi_close_scale,0.5,1.0,0.0,0.0,0.4,oi_close,scale,symbol,oi_close_scale
12,12,6,6,2500,1750,375,375,0.5165714285714286,0.5413333333333333,1d_others,price_seq_1d_others,DOGEUSDT_ls_account_ratio_z,0.5,1.0,0.0,0.0,0.4,ls_account_ratio,z,symbol,ls_account_ratio_z
12,12,6,6,2500,1750,375,375,0.5165714285714286,0.5413333333333333,1d_others,price_seq_1d_others,DOGEUSDT_liq_long_log_z,0.5,1.0,0.0,0.0,0.4,liq_long,log_z,symbol,liq_long_log_z
12,12,6,6,2500,1750,375,375,0.5165714285714286,0.5413333333333333,1d_others,price_seq_1d_others,DOGEUSDT_open_z_short,0.5,1.0,0.0,0.0,0.4,open,z_short,symbol,open_z_short
12,12,6,6,2500,1750,375,375,0.5165714285714286,0.5413333333333333,1d_others,price_seq_1d_others,DOGEUSDT_high_roc_12,0.5,1.0,0.0,0.0,0.4,high,roc_12,symbol,high_roc_12
12,12,6,6,2500,1750,375,375,0.5165714285714286,0.5413333333333333,1d_others,price_seq_1d_others,DOGEUSDT_low_z_short,0.5,1.0,0.0,0.0,0.4,low,z_short,symbol,low_z_short
12,12,6,6,2500,1750,375,375,0.5165714285714286,0.5413333333333333,1d_others,price_seq_1d_others,DOGEUSDT_low_roc_1,0.5,1.0,0.0,0.0,0.4,low,roc_1,symbol,low_roc_1
12,12,6,6,2500,1750,375,375,0.5165714285714286,0.5413333333333333,1d_others,price_seq_1d_others,DOGEUSDT_volume_roc_1,0.5,1.0,0.0,0.0,0.4,volume,roc_1,symbol,volume_roc_1
12,12,6,6,2500,1750,375,375,0.5165714285714286,0.5413333333333333,1d_others,price_seq_1d_others,DOGEUSDT_volume_ema_12_48_spread,0.5,1.0,0.0,0.0,0.4,volume,ema_12_48_spread,symbol,volume_ema_12_48_spread
12,12,6,6,2500,1750,375,375,0.5165714285714286,0.5413333333333333,1d_others,price_seq_1d_others,DOGEUSDT_buy_volume_z_long,0.5,1.0,45.0,0.030864197530864196,0.4046296296296297,buy_volume,z_long,symbol,buy_volume_z_long
12,12,6,6,2500,1750,375,375,0.5165714285714286,0.5413333333333333,1d_others,price_seq_1d_others,DOGEUSDT_buy_volume_roc_12,0.5,1.0,0.0,0.0,0.4,buy_volume,roc_12,symbol,buy_volume_roc_12
12,12,6,6,2500,1750,375,375,0.5165714285714286,0.5413333333333333,1d_others,price_seq_1d_others,DOGEUSDT_volume_ratio_z_long,0.5,1.0,0.0,0.0,0.4,volume_ratio,z_long,symbol,volume_ratio_z_long
12,12,6,6,2500,1750,375,375,0.5165714285714286,0.5413333333333333,1d_others,price_seq_1d_others,DOGEUSDT_trades_z_short,0.5,1.0,0.0,0.0,0.4,trades,z_short,symbol,trades_z_short
12,12,6,6,2500,1750,375,375,0.5165714285714286,0.5413333333333333,1d_others,price_seq_1d_others,DOGEUSDT_trades_z_long,0.5,1.0,0.0,0.0,0.4,trades,z_long,symbol,trades_z_long
12,12,6,6,2500,1750,375,375,0.5165714285714286,0.5413333333333333,1d_others,price_seq_1d_others,DOGEUSDT_trades_ema_12_48_spread,0.5,1.0,0.0,0.0,0.4,trades,ema_12_48_spread,symbol,trades_ema_12_48_spread
12,12,6,6,2500,1750,375,375,0.5165714285714286,0.5413333333333333,1d_others,price_seq_1d_others,DOGEUSDT_quote_volume_z_short,0.5,1.0,0.0,0.0,0.4,quote_volume,z_short,symbol,quote_volume_z_short
12,12,6,6,2500,1750,375,375,0.5165714285714286,0.5413333333333333,1d_others,price_seq_1d_others,DOGEUSDT_quote_volume_roc_1,0.5,1.0,0.0,0.0,0.4,quote_volume,roc_1,symbol,quote_volume_roc_1
12,12,6,6,2500,1750,375,375,0.5165714285714286,0.5413333333333333,1d_others,price_seq_1d_others,DOGEUSDT_quote_volume_roc_12,0.5,1.0,0.0,0.0,0.4,quote_volume,roc_12,symbol,quote_volume_roc_12
12,12,6,6,2500,1750,375,375,0.5165714285714286,0.5413333333333333,1d_others,price_seq_1d_others,DOGEUSDT_oi_close_z_long,0.5,1.0,0.0,0.0,0.4,oi_close,z_long,symbol,oi_close_z_long
12,12,6,6,2500,1750,375,375,0.5165714285714286,0.5413333333333333,1d_others,price_seq_1d_others,DOGEUSDT_oi_close_roc_1,0.5,1.0,0.0,0.0,0.4,oi_close,roc_1,symbol,oi_close_roc_1
12,12,6,6,2500,1750,375,375,0.5165714285714286,0.5413333333333333,1d_others,price_seq_1d_others,DOGEUSDT_liq_long_z_long,0.5,1.0,0.0,0.0,0.4,liq_long,z_long,symbol,liq_long_z_long
12,12,6,6,2500,1750,375,375,0.5165714285714286,0.5413333333333333,1d_others,price_seq_1d_others,DOGEUSDT_liq_long_roc_1,0.5,1.0,0.0,0.0,0.4,liq_long,roc_1,symbol,liq_long_roc_1
12,12,6,6,2500,1750,375,375,0.5165714285714286,0.5413333333333333,1d_others,price_seq_1d_others,DOGEUSDT_liq_short_z_short,0.5,1.0,0.0,0.0,0.4,liq_short,z_short,symbol,liq_short_z_short
12,12,6,6,2500,1750,375,375,0.5165714285714286,0.5413333333333333,1d_others,price_seq_1d_others,DOGEUSDT_liq_short_z_long,0.5,1.0,0.0,0.0,0.4,liq_short,z_long,symbol,liq_short_z_long
12,12,6,6,2500,1750,375,375,0.5165714285714286,0.5413333333333333,1d_others,price_seq_1d_others,DOGEUSDT_liq_short_roc_1,0.5,1.0,0.0,0.0,0.4,liq_short,roc_1,symbol,liq_short_roc_1
12,12,6,6,2500,1750,375,375,0.5165714285714286,0.5413333333333333,1d_others,price_seq_1d_others,DOGEUSDT_ob_imbalance_roc_12,0.5,1.0,0.0,0.0,0.4,ob_imbalance,roc_12,symbol,ob_imbalance_roc_12
12,12,6,6,2500,1750,375,375,0.5165714285714286,0.5413333333333333,1d_others,price_seq_1d_others,1000PEPEUSDT_ret_1d_scale,0.4731212051781418,1.0,49.0,0.033607681755829906,0.4050411522633745,ret_1d,scale,symbol,ret_1d_scale
12,12,6,6,2500,1750,375,375,0.5165714285714286,0.5413333333333333,1d_others,price_seq_1d_others,1000PEPEUSDT_ret_3d_z,0.5,1.0,0.0,0.0,0.4,ret_3d,z,symbol,ret_3d_z
12,12,6,6,2500,1750,375,375,0.5165714285714286,0.5413333333333333,1d_others,price_seq_1d_others,1000PEPEUSDT_oi_close_scale,0.5,1.0,0.0,0.0,0.4,oi_close,scale,symbol,oi_close_scale
12,12,6,6,2500,1750,375,375,0.5165714285714286,0.5413333333333333,1d_others,price_seq_1d_others,1000PEPEUSDT_ls_account_ratio_z,0.5,1.0,0.0,0.0,0.4,ls_account_ratio,z,symbol,ls_account_ratio_z
12,12,6,6,2500,1750,375,375,0.5165714285714286,0.5413333333333333,1d_others,price_seq_1d_others,1000PEPEUSDT_liq_long_log_z,0.5,1.0,0.0,0.0,0.4,liq_long,log_z,symbol,liq_long_log_z
12,12,6,6,2500,1750,375,375,0.5165714285714286,0.5413333333333333,1d_others,price_seq_1d_others,1000PEPEUSDT_open_z_short,0.5,1.0,0.0,0.0,0.4,open,z_short,symbol,open_z_short
12,12,6,6,2500,1750,375,375,0.5165714285714286,0.5413333333333333,1d_others,price_seq_1d_others,1000PEPEUSDT_high_roc_12,0.5,1.0,0.0,0.0,0.4,high,roc_12,symbol,high_roc_12
12,12,6,6,2500,1750,375,375,0.5165714285714286,0.5413333333333333,1d_others,price_seq_1d_others,1000PEPEUSDT_low_z_short,0.5,1.0,0.0,0.0,0.4,low,z_short,symbol,low_z_short
12,12,6,6,2500,1750,375,375,0.5165714285714286,0.5413333333333333,1d_others,price_seq_1d_others,1000PEPEUSDT_low_roc_1,0.5,1.0,0.0,0.0,0.4,low,roc_1,symbol,low_roc_1
12,12,6,6,2500,1750,375,375,0.5165714285714286,0.5413333333333333,1d_others,price_seq_1d_others,1000PEPEUSDT_volume_roc_1,0.5,1.0,0.0,0.0,0.4,volume,roc_1,symbol,volume_roc_1
12,12,6,6,2500,1750,375,375,0.5165714285714286,0.5413333333333333,1d_others,price_seq_1d_others,1000PEPEUSDT_volume_ema_12_48_spread,0.5,1.0,0.0,0.0,0.4,volume,ema_12_48_spread,symbol,volume_ema_12_48_spread
12,12,6,6,2500,1750,375,375,0.5165714285714286,0.5413333333333333,1d_others,price_seq_1d_others,1000PEPEUSDT_buy_volume_z_long,0.5,1.0,0.0,0.0,0.4,buy_volume,z_long,symbol,buy_volume_z_long
12,12,6,6,2500,1750,375,375,0.5165714285714286,0.5413333333333333,1d_others,price_seq_1d_others,1000PEPEUSDT_buy_volume_roc_12,0.5,1.0,0.0,0.0,0.4,buy_volume,roc_12,symbol,buy_volume_roc_12
12,12,6,6,2500,1750,375,375,0.5165714285714286,0.5413333333333333,1d_others,price_seq_1d_others,1000PEPEUSDT_volume_ratio_z_long,0.5,1.0,0.0,0.0,0.4,volume_ratio,z_long,symbol,volume_ratio_z_long
12,12,6,6,2500,1750,375,375,0.5165714285714286,0.5413333333333333,1d_others,price_seq_1d_others,1000PEPEUSDT_trades_z_short,0.5,1.0,0.0,0.0,0.4,trades,z_short,symbol,trades_z_short
12,12,6,6,2500,1750,375,375,0.5165714285714286,0.5413333333333333,1d_others,price_seq_1d_others,1000PEPEUSDT_trades_z_long,0.5,1.0,0.0,0.0,0.4,trades,z_long,symbol,trades_z_long
12,12,6,6,2500,1750,375,375,0.5165714285714286,0.5413333333333333,1d_others,price_seq_1d_others,1000PEPEUSDT_trades_ema_12_48_spread,0.5,1.0,0.0,0.0,0.4,trades,ema_12_48_spread,symbol,trades_ema_12_48_spread
12,12,6,6,2500,1750,375,375,0.5165714285714286,0.5413333333333333,1d_others,price_seq_1d_others,1000PEPEUSDT_quote_volume_z_short,0.546497307824493,1.0,6.0,0.00411522633744856,0.442464860992661,quote_volume,z_short,symbol,quote_volume_z_short
12,12,6,6,2500,1750,375,375,0.5165714285714286,0.5413333333333333,1d_others,price_seq_1d_others,1000PEPEUSDT_quote_volume_roc_1,0.5,1.0,0.0,0.0,0.4,quote_volume,roc_1,symbol,quote_volume_roc_1
12,12,6,6,2500,1750,375,375,0.5165714285714286,0.5413333333333333,1d_others,price_seq_1d_others,1000PEPEUSDT_quote_volume_roc_12,0.5,1.0,0.0,0.0,0.4,quote_volume,roc_12,symbol,quote_volume_roc_12
12,12,6,6,2500,1750,375,375,0.5165714285714286,0.5413333333333333,1d_others,price_seq_1d_others,1000PEPEUSDT_oi_close_z_long,0.5,1.0,0.0,0.0,0.4,oi_close,z_long,symbol,oi_close_z_long
12,12,6,6,2500,1750,375,375,0.5165714285714286,0.5413333333333333,1d_others,price_seq_1d_others,1000PEPEUSDT_oi_close_roc_1,0.5,1.0,0.0,0.0,0.4,oi_close,roc_1,symbol,oi_close_roc_1
12,12,6,6,2500,1750,375,375,0.5165714285714286,0.5413333333333333,1d_others,price_seq_1d_others,1000PEPEUSDT_liq_long_z_long,0.5,1.0,0.0,0.0,0.4,liq_long,z_long,symbol,liq_long_z_long
12,12,6,6,2500,1750,375,375,0.5165714285714286,0.5413333333333333,1d_others,price_seq_1d_others,1000PEPEUSDT_liq_long_roc_1,0.5,1.0,0.0,0.0,0.4,liq_long,roc_1,symbol,liq_long_roc_1
12,12,6,6,2500,1750,375,375,0.5165714285714286,0.5413333333333333,1d_others,price_seq_1d_others,1000PEPEUSDT_liq_short_z_short,0.5,1.0,0.0,0.0,0.4,liq_short,z_short,symbol,liq_short_z_short
12,12,6,6,2500,1750,375,375,0.5165714285714286,0.5413333333333333,1d_others,price_seq_1d_others,1000PEPEUSDT_liq_short_z_long,0.5,1.0,0.0,0.0,0.4,liq_short,z_long,symbol,liq_short_z_long
12,12,6,6,2500,1750,375,375,0.5165714285714286,0.5413333333333333,1d_others,price_seq_1d_others,1000PEPEUSDT_liq_short_roc_1,0.5,1.0,0.0,0.0,0.4,liq_short,roc_1,symbol,liq_short_roc_1
12,12,6,6,2500,1750,375,375,0.5165714285714286,0.5413333333333333,1d_others,price_seq_1d_others,1000PEPEUSDT_ob_imbalance_roc_12,0.5,1.0,0.0,0.0,0.4,ob_imbalance,roc_12,symbol,ob_imbalance_roc_12
12,12,6,6,2500,1750,375,375,0.5165714285714286,0.5413333333333333,1d_others,price_seq_1d_others,sopr_z,0.5,1.0,0.0,0.0,0.4,sopr,z,global,sopr_z
12,12,6,6,2500,1750,375,375,0.5165714285714286,0.5413333333333333,1d_others,price_seq_1d_others,fear_greed_roc_12,0.5,1.0,0.0,0.0,0.4,fear_greed,roc_12,global,fear_greed_roc_12
12,12,6,6,2500,1750,375,375,0.5165714285714286,0.5413333333333333,1d_others,price_seq_1d_others,altcoin_season_roc_1,0.5,1.0,0.0,0.0,0.4,altcoin_season,roc_1,global,altcoin_season_roc_1
12,12,6,6,2500,1750,375,375,0.5165714285714286,0.5413333333333333,1d_others,price_seq_1d_others,altcoin_season_roc_12,0.5,1.0,0.0,0.0,0.4,altcoin_season,roc_12,global,altcoin_season_roc_12
12,12,6,6,2500,1750,375,375,0.5165714285714286,0.5413333333333333,1d_others,price_seq_1d_others,altcoin_season_ema_12_48_spread,0.5,1.0,0.0,0.0,0.4,altcoin_season,ema_12_48_spread,global,altcoin_season_ema_12_48_spread
12,12,6,6,2500,1750,375,375,0.5165714285714286,0.5413333333333333,1d_others,price_seq_1d_others,bmo_ema_12_48_spread,0.5,1.0,0.0,0.0,0.4,bmo,ema_12_48_spread,global,bmo_ema_12_48_spread
12,12,6,6,2500,1750,375,375,0.5165714285714286,0.5413333333333333,1d_others,price_seq_1d_others,sopr_roc_12,0.5,1.0,0.0,0.0,0.4,sopr,roc_12,global,sopr_roc_12
12,12,12,12,2500,1750,375,375,0.5182857142857142,0.576,5m_target,price_seq_target,volume_ratio_z_short,0.5285057069648265,0.33199464524765726,337.0,0.08764629388816644,0.1715999384506317,volume_ratio,z_short,global,volume_ratio_z_short
12,12,12,12,2500,1750,375,375,0.5182857142857142,0.576,5m_target,price_seq_target,volume_ratio_z_long,0.5404437456324249,0.3324420677361854,363.0,0.09440832249674902,0.18353744653816895,volume_ratio,z_long,global,volume_ratio_z_long
12,12,12,12,2500,1750,375,375,0.5182857142857142,0.576,5m_target,price_seq_target,long_short_ratio_z,0.4742313067784766,0.3324420677361854,356.0,0.09258777633289987,0.14686499354440916,long_short_ratio,z,global,long_short_ratio_z
12,12,12,12,2500,1750,375,375,0.5182857142857142,0.576,5m_target,price_seq_target,sell_volume_roc_12,0.5439960400652224,0.3324420677361854,347.0,0.09024707412223668,0.18611032427150984,sell_volume,roc_12,global,sell_volume_roc_12
12,12,12,12,2500,1750,375,375,0.5182857142857142,0.576,5m_target,price_seq_target,sell_volume_roc_1,0.45932331702771956,0.3324420677361854,579.0,0.1505851755526658,0.15556460342737405,sell_volume,roc_1,global,sell_volume_roc_1
12,12,12,12,2500,1750,375,375,0.5182857142857142,0.576,5m_target,price_seq_target,sell_volume_ema_12_48_spread,0.5392208245981831,0.3324420677361854,93.0,0.024187256176853057,0.1719036576593669,sell_volume,ema_12_48_spread,global,sell_volume_ema_12_48_spread
12,12,12,12,2500,1750,375,375,0.5182857142857142,0.576,5m_target,price_seq_target,volume_ratio_ema_12_48_spread,0.4696890286512928,0.3324420677361854,0.0,0.0,0.13297682709447417,volume_ratio,ema_12_48_spread,global,volume_ratio_ema_12_48_spread
12,12,12,12,2500,1750,375,375,0.5182857142857142,0.576,5m_target,price_seq_target,trades_z_long,0.4749155602143023,0.3324420677361854,0.0,0.0,0.13297682709447417,trades,z_long,global,trades_z_long
12,12,12,12,2500,1750,375,375,0.5182857142857142,0.576,5m_target,price_seq_target,volume_impact_scale,0.5066678313533659,0.3324420677361854,183.0,0.047594278283485045,0.14611701705502625,volume_impact,scale,global,volume_impact_scale
12,12,12,12,2500,1750,375,375,0.5182857142857142,0.576,5m_target,price_seq_target,close_z_long,0.4782494758909853,0.3324420677361854,763.0,0.19843953185955787,0.16274275687340783,close,z_long,global,close_z_long
12,12,12,12,2500,1750,375,375,0.5182857142857142,0.576,5m_target,price_seq_target,volume_log_z_short,0.4846698113207547,0.3324420677361854,341.0,0.08868660598179454,0.14627981799174336,volume_log,z_short,global,volume_log_z_short
12,12,12,12,2500,1750,375,375,0.5182857142857142,0.576,5m_target,price_seq_target,ret_15m_z_short,0.47255706964826455,0.3324420677361854,483.0,0.12561768530559167,0.15181947989031291,ret_15m,z_short,global,ret_15m_z_short
12,12,12,12,2500,1750,375,375,0.5182857142857142,0.576,5m_others,price_seq_others,ETHUSDT_trades_z_short,0.5509841602608898,0.3324420677361854,148.0,0.03608875883930748,0.18427588515517113,trades,z_short,symbol,trades_z_short
12,12,12,12,2500,1750,375,375,0.5182857142857142,0.576,5m_others,price_seq_others,ETHUSDT_long_short_ratio_z_short,0.5214302352667133,0.3324420677361854,108.0,0.026335040234089245,0.1562142948696295,long_short_ratio,z_short,symbol,long_short_ratio_z_short
12,12,12,12,2500,1750,375,375,0.5182857142857142,0.576,5m_others,price_seq_others,ETHUSDT_volume_log_z,0.5262928022361985,0.3324420677361854,120.0,0.029261155815654718,0.16102952247940097,volume,log_z,symbol,volume_log_z
12,12,12,12,2500,1750,375,375,0.5182857142857142,0.576,5m_others,price_seq_others,ETHUSDT_sell_volume_z_short,0.49854414162590255,0.3324420677361854,115.0,0.02804194099000244,0.13718311824297452,sell_volume,z_short,symbol,sell_volume_z_short
12,12,12,12,2500,1750,375,375,0.5182857142857142,0.576,5m_others,price_seq_others,ETHUSDT_rsi_14,0.4435126950850221,0.3324420677361854,89.0,0.021702023896610582,0.13623213067896575,rsi_14,raw,symbol,rsi_14
12,12,12,12,2500,1750,375,375,0.5182857142857142,0.576,5m_others,price_seq_others,ETHUSDT_buy_volume_z_long,0.5166550197996739,0.3324420677361854,118.0,0.028773469885393806,0.15228236539698972,buy_volume,z_long,symbol,buy_volume_z_long
12,12,12,12,2500,1750,375,375,0.5182857142857142,0.576,5m_others,price_seq_others,ETHUSDT_up_volume_ratio_12,0.6053750291171673,0.3324420677361854,109.0,0.0265788831992197,0.23180118577980774,up_volume_ratio_12,raw,symbol,up_volume_ratio_12
12,12,12,12,2500,1750,375,375,0.5182857142857142,0.576,5m_others,price_seq_others,ETHUSDT_volume_ratio_z_long,0.5839739110179362,0.3324420677361854,89.0,0.021702023896610582,0.2118086505951083,volume_ratio,z_long,symbol,volume_ratio_z_long
12,12,12,12,2500,1750,375,375,0.5182857142857142,0.576,5m_others,price_seq_others,ETHUSDT_high_roc_12,0.5590787328208713,0.3324420677361854,126.0,0.030724213606437453,0.19075631867422393,high,roc_12,symbol,high_roc_12
12,12,12,12,2500,1750,375,375,0.5182857142857142,0.576,5m_others,price_seq_others,ETHUSDT_trades_roc_12,0.5533426508269275,0.3324420677361854,74.0,0.01804437941965374,0.18369186975165694,trades,roc_12,symbol,trades_roc_12
12,12,12,12,2500,1750,375,375,0.5182857142857142,0.576,5m_others,price_seq_others,ETHUSDT_quote_volume_z_long,0.5120690659212672,0.3324420677361854,100.0,0.0243842965130456,0.14749663090057152,quote_volume,z_long,symbol,quote_volume_z_long
12,12,12,12,2500,1750,375,375,0.5182857142857142,0.576,5m_others,price_seq_others,ETHUSDT_volume_impact_scale,0.5736955508968087,0.3324420677361854,88.0,0.021458180931480126,0.20252155004132402,volume_impact,scale,symbol,volume_impact_scale
12,12,12,12,2500,1750,375,375,0.5182857142857142,0.576,5m_others,price_seq_others,SOLUSDT_trades_z_short,0.5168006056370836,0.3324420677361854,112.0,0.02731041209461107,0.1521939339820411,trades,z_short,symbol,trades_z_short
12,12,12,12,2500,1750,375,375,0.5182857142857142,0.576,5m_others,price_seq_others,SOLUSDT_long_short_ratio_z_short,0.4981073841136734,0.3324420677361854,98.0,0.023896610582784687,0.13656131868189186,long_short_ratio,z_short,symbol,long_short_ratio_z_short
12,12,12,12,2500,1750,375,375,0.5182857142857142,0.576,5m_others,price_seq_others,SOLUSDT_volume_log_z,0.5329751921733054,0.3324420677361854,153.0,0.03730797366495977,0.16825069610019294,volume,log_z,symbol,volume_log_z
12,12,12,12,2500,1750,375,375,0.5182857142857142,0.576,5m_others,price_seq_others,SOLUSDT_sell_volume_z_short,0.47568716515257387,0.3324420677361854,81.0,0.019751280175566936,0.1359395191208092,sell_volume,z_short,symbol,sell_volume_z_short
12,12,12,12,2500,1750,375,375,0.5182857142857142,0.576,5m_others,price_seq_others,SOLUSDT_rsi_14,0.5178779408339156,0.3324420677361854,181.0,0.04413557668861253,0.1556873103482901,rsi_14,raw,symbol,rsi_14
12,12,12,12,2500,1750,375,375,0.5182857142857142,0.576,5m_others,price_seq_others,SOLUSDT_buy_volume_z_long,0.4661512928022362,0.3324420677361854,138.0,0.033650329188002925,0.1380243764726746,buy_volume,z_long,symbol,buy_volume_z_long
12,12,12,12,2500,1750,375,375,0.5182857142857142,0.576,5m_others,price_seq_others,SOLUSDT_up_volume_ratio_12,0.4099988353133007,0.3324420677361854,154.0,0.037551816630090225,0.1386095995889877,up_volume_ratio_12,raw,symbol,up_volume_ratio_12
12,12,12,12,2500,1750,375,375,0.5182857142857142,0.576,5m_others,price_seq_others,SOLUSDT_volume_ratio_z_long,0.3638772420218961,0.3324420677361854,127.0,0.030968056571567912,0.13762203558020936,volume_ratio,z_long,symbol,volume_ratio_z_long
12,12,12,12,2500,1750,375,375,0.5182857142857142,0.576,5m_others,price_seq_others,SOLUSDT_high_roc_12,0.524895178197065,0.3324420677361854,97.0,0.02365276761765423,0.1589304026144808,high,roc_12,symbol,high_roc_12
12,12,12,12,2500,1750,375,375,0.5182857142857142,0.576,5m_others,price_seq_others,SOLUSDT_trades_roc_12,0.604501514092709,0.3324420677361854,0.0,0.0,0.22702818977791228,trades,roc_12,symbol,trades_roc_12
12,12,12,12,2500,1750,375,375,0.5182857142857142,0.576,5m_others,price_seq_others,SOLUSDT_quote_volume_z_long,0.44534707663638484,0.3324420677361854,0.0,0.0,0.13297682709447417,quote_volume,z_long,symbol,quote_volume_z_long
12,12,12,12,2500,1750,375,375,0.5182857142857142,0.576,5m_others,price_seq_others,SOLUSDT_volume_impact_scale,0.43137083624505007,0.3324420677361854,0.0,0.0,0.13297682709447417,volume_impact,scale,symbol,volume_impact_scale
12,12,12,12,2500,1750,375,375,0.5182857142857142,0.576,5m_others,price_seq_others,DOGEUSDT_trades_z_short,0.5689348940135104,0.3324420677361854,0.0,0.0,0.19501823170663352,trades,z_short,symbol,trades_z_short
12,12,12,12,2500,1750,375,375,0.5182857142857142,0.576,5m_others,price_seq_others,DOGEUSDT_long_short_ratio_z_short,0.44281388306545544,0.3324420677361854,0.0,0.0,0.13297682709447417,long_short_ratio,z_short,symbol,long_short_ratio_z_short
12,12,12,12,2500,1750,375,375,0.5182857142857142,0.576,5m_others,price_seq_others,DOGEUSDT_volume_log_z,0.49158513859771724,0.3324420677361854,0.0,0.0,0.13297682709447417,volume,log_z,symbol,volume_log_z
12,12,12,12,2500,1750,375,375,0.5182857142857142,0.576,5m_others,price_seq_others,DOGEUSDT_sell_volume_z_short,0.4551158863265782,0.3324420677361854,0.0,0.0,0.13297682709447417,sell_volume,z_short,symbol,sell_volume_z_short
12,12,12,12,2500,1750,375,375,0.5182857142857142,0.576,5m_others,price_seq_others,DOGEUSDT_rsi_14,0.5966689960400653,0.3324420677361854,0.0,0.0,0.21997892353053294,rsi_14,raw,symbol,rsi_14
12,12,12,12,2500,1750,375,375,0.5182857142857142,0.576,5m_others,price_seq_others,DOGEUSDT_buy_volume_z_long,0.5317959468902865,0.3324420677361854,0.0,0.0,0.16159317929573205,buy_volume,z_long,symbol,buy_volume_z_long
12,12,12,12,2500,1750,375,375,0.5182857142857142,0.576,5m_others,price_seq_others,DOGEUSDT_up_volume_ratio_12,0.5145585837409737,0.3324420677361854,0.0,0.0,0.14607955246135054,up_volume_ratio_12,raw,symbol,up_volume_ratio_12
12,12,12,12,2500,1750,375,375,0.5182857142857142,0.576,5m_others,price_seq_others,DOGEUSDT_volume_ratio_z_long,0.5117633356627067,0.3324420677361854,0.0,0.0,0.1435638291909102,volume_ratio,z_long,symbol,volume_ratio_z_long
12,12,12,12,2500,1750,375,375,0.5182857142857142,0.576,5m_others,price_seq_others,DOGEUSDT_high_roc_12,0.3995457721872816,0.3324420677361854,0.0,0.0,0.13297682709447417,high,roc_12,symbol,high_roc_12
12,12,12,12,2500,1750,375,375,0.5182857142857142,0.576,5m_others,price_seq_others,DOGEUSDT_trades_roc_12,0.43151642208245977,0.3324420677361854,0.0,0.0,0.13297682709447417,trades,roc_12,symbol,trades_roc_12
12,12,12,12,2500,1750,375,375,0.5182857142857142,0.576,5m_others,price_seq_others,DOGEUSDT_quote_volume_z_long,0.4576781970649895,0.3324420677361854,93.0,0.02267739575713241,0.13637843645804404,quote_volume,z_long,symbol,quote_volume_z_long
12,12,12,12,2500,1750,375,375,0.5182857142857142,0.576,5m_others,price_seq_others,DOGEUSDT_volume_impact_scale,0.5278505706964827,0.3324420677361854,134.0,0.0326749573274811,0.16294358432043074,volume_impact,scale,symbol,volume_impact_scale
12,12,12,12,2500,1750,375,375,0.5182857142857142,0.576,5m_others,price_seq_others,1000PEPEUSDT_trades_z_short,0.5372990915443745,0.3324420677361854,132.0,0.03218727139722019,0.17137410019399427,trades,z_short,symbol,trades_z_short
12,12,12,12,2500,1750,375,375,0.5182857142857142,0.576,5m_others,price_seq_others,1000PEPEUSDT_long_short_ratio_z_short,0.4789046121593291,0.3324420677361854,152.0,0.03706413069982931,0.13853644669944856,long_short_ratio,z_short,symbol,long_short_ratio_z_short
12,12,12,12,2500,1750,375,375,0.5182857142857142,0.576,5m_others,price_seq_others,1000PEPEUSDT_volume_log_z,0.5424965059399021,0.3324420677361854,124.0,0.03023652767617654,0.1757591615918125,volume,log_z,symbol,volume_log_z
12,12,12,12,2500,1750,375,375,0.5182857142857142,0.576,5m_others,price_seq_others,1000PEPEUSDT_sell_volume_z_short,0.4027049848590729,0.3324420677361854,104.0,0.025359668373567422,0.13678077735050928,sell_volume,z_short,symbol,sell_volume_z_short
12,12,12,12,2500,1750,375,375,0.5182857142857142,0.576,5m_others,price_seq_others,1000PEPEUSDT_rsi_14,0.43752911716748194,0.3324420677361854,150.0,0.036576444769568395,0.13846329380990943,rsi_14,raw,symbol,rsi_14
12,12,12,12,2500,1750,375,375,0.5182857142857142,0.576,5m_others,price_seq_others,1000PEPEUSDT_buy_volume_z_long,0.5742342184952247,0.3324420677361854,133.0,0.032431114362350646,0.20465229089452902,buy_volume,z_long,symbol,buy_volume_z_long
12,12,12,12,2500,1750,375,375,0.5182857142857142,0.576,5m_others,price_seq_others,1000PEPEUSDT_up_volume_ratio_12,0.45457721872816215,0.3324420677361854,56.0,0.013655206047305536,0.13502510800157,up_volume_ratio_12,raw,symbol,up_volume_ratio_12
12,12,12,12,2500,1750,375,375,0.5182857142857142,0.576,5m_others,price_seq_others,1000PEPEUSDT_volume_ratio_z_long,0.43867924528301894,0.3324420677361854,82.0,0.01999512314069739,0.13597609556557877,volume_ratio,z_long,symbol,volume_ratio_z_long
12,12,12,12,2500,1750,375,375,0.5182857142857142,0.576,5m_others,price_seq_others,1000PEPEUSDT_high_roc_12,0.41972396925227107,0.3324420677361854,123.0,0.029992684711046085,0.1374757298011311,high,roc_12,symbol,high_roc_12
12,12,12,12,2500,1750,375,375,0.5182857142857142,0.576,5m_others,price_seq_others,1000PEPEUSDT_trades_roc_12,0.4608519683205218,0.3324420677361854,88.0,0.021458180931480126,0.1361955542341962,trades,roc_12,symbol,trades_roc_12
12,12,12,12,2500,1750,375,375,0.5182857142857142,0.576,5m_others,price_seq_others,1000PEPEUSDT_quote_volume_z_long,0.3873456790123457,0.3324420677361854,152.0,0.03706413069982931,0.13853644669944856,quote_volume,z_long,symbol,quote_volume_z_long
12,12,12,12,2500,1750,375,375,0.5182857142857142,0.576,5m_others,price_seq_others,1000PEPEUSDT_volume_impact_scale,0.4738236664337293,0.3324420677361854,153.0,0.03730797366495977,0.13857302314421813,volume_impact,scale,symbol,volume_impact_scale
12,12,12,12,2500,1750,375,375,0.5182857142857142,0.576,1d_target,price_seq_1d_target,ret_1d_z_short,0.5,0.3324420677361854,0.0,0.0,0.13297682709447417,ret_1d,z_short,global,ret_1d_z_short
12,12,12,12,2500,1750,375,375,0.5182857142857142,0.576,1d_target,price_seq_1d_target,ret_3d_z_short,0.5,0.3324420677361854,0.0,0.0,0.13297682709447417,ret_3d,z_short,global,ret_3d_z_short
12,12,12,12,2500,1750,375,375,0.5182857142857142,0.576,1d_target,price_seq_1d_target,ret_7d_z_long,0.5,0.3324420677361854,0.0,0.0,0.13297682709447417,ret_7d,z_long,global,ret_7d_z_long
12,12,12,12,2500,1750,375,375,0.5182857142857142,0.576,1d_target,price_seq_1d_target,body_1d_z,0.5,0.3324420677361854,0.0,0.0,0.13297682709447417,body_1d,z,global,body_1d_z
12,12,12,12,2500,1750,375,375,0.5182857142857142,0.576,1d_target,price_seq_1d_target,oi_close_scale,0.5,0.3324420677361854,0.0,0.0,0.13297682709447417,oi_close,scale,global,oi_close_scale
12,12,12,12,2500,1750,375,375,0.5182857142857142,0.576,1d_target,price_seq_1d_target,funding_close_scale,0.5,0.3324420677361854,0.0,0.0,0.13297682709447417,funding_close,scale,global,funding_close_scale
12,12,12,12,2500,1750,375,375,0.5182857142857142,0.576,1d_target,price_seq_1d_target,ls_account_ratio_z,0.5,0.3324420677361854,0.0,0.0,0.13297682709447417,ls_account_ratio,z,global,ls_account_ratio_z
12,12,12,12,2500,1750,375,375,0.5182857142857142,0.576,1d_target,price_seq_1d_target,liq_long_log_scale,0.5,0.3324420677361854,0.0,0.0,0.13297682709447417,liq_long_log,scale,global,liq_long_log_scale
12,12,12,12,2500,1750,375,375,0.5182857142857142,0.576,1d_target,price_seq_1d_target,volume_impact_scale,0.5,0.3324420677361854,0.0,0.0,0.13297682709447417,volume_impact,scale,global,volume_impact_scale
12,12,12,12,2500,1750,375,375,0.5182857142857142,0.576,1d_target,price_seq_1d_target,open_ema_12_48_spread,0.5,0.3324420677361854,0.0,0.0,0.13297682709447417,open,ema_12_48_spread,global,open_ema_12_48_spread
12,12,12,12,2500,1750,375,375,0.5182857142857142,0.576,1d_target,price_seq_1d_target,high_z_long,0.5,0.3324420677361854,0.0,0.0,0.13297682709447417,high,z_long,global,high_z_long
12,12,12,12,2500,1750,375,375,0.5182857142857142,0.576,1d_target,price_seq_1d_target,close_roc_12,0.5,0.3324420677361854,0.0,0.0,0.13297682709447417,close,roc_12,global,close_roc_12
12,12,12,12,2500,1750,375,375,0.5182857142857142,0.576,1d_target,price_seq_1d_target,close_ema_12_48_spread,0.5,0.3324420677361854,0.0,0.0,0.13297682709447417,close,ema_12_48_spread,global,close_ema_12_48_spread
12,12,12,12,2500,1750,375,375,0.5182857142857142,0.576,1d_target,price_seq_1d_target,sell_volume_roc_1,0.5,0.3324420677361854,0.0,0.0,0.13297682709447417,sell_volume,roc_1,global,sell_volume_roc_1
12,12,12,12,2500,1750,375,375,0.5182857142857142,0.576,1d_target,price_seq_1d_target,quote_volume_z_long,0.5,0.3324420677361854,0.0,0.0,0.13297682709447417,quote_volume,z_long,global,quote_volume_z_long
12,12,12,12,2500,1750,375,375,0.5182857142857142,0.576,1d_target,price_seq_1d_target,liq_long_ema_12_48_spread,0.5,0.3324420677361854,0.0,0.0,0.13297682709447417,liq_long,ema_12_48_spread,global,liq_long_ema_12_48_spread
12,12,12,12,2500,1750,375,375,0.5182857142857142,0.576,1d_others,price_seq_1d_others,ETHUSDT_ret_1d_scale,0.5,0.3324420677361854,0.0,0.0,0.13297682709447417,ret_1d,scale,symbol,ret_1d_scale
12,12,12,12,2500,1750,375,375,0.5182857142857142,0.576,1d_others,price_seq_1d_others,ETHUSDT_ret_3d_z,0.5,0.3324420677361854,0.0,0.0,0.13297682709447417,ret_3d,z,symbol,ret_3d_z
12,12,12,12,2500,1750,375,375,0.5182857142857142,0.576,1d_others,price_seq_1d_others,ETHUSDT_oi_close_scale,0.5,0.3324420677361854,0.0,0.0,0.13297682709447417,oi_close,scale,symbol,oi_close_scale
12,12,12,12,2500,1750,375,375,0.5182857142857142,0.576,1d_others,price_seq_1d_others,ETHUSDT_ls_account_ratio_z,0.5,0.3324420677361854,0.0,0.0,0.13297682709447417,ls_account_ratio,z,symbol,ls_account_ratio_z
12,12,12,12,2500,1750,375,375,0.5182857142857142,0.576,1d_others,price_seq_1d_others,ETHUSDT_liq_long_log_z,0.5,0.3324420677361854,0.0,0.0,0.13297682709447417,liq_long,log_z,symbol,liq_long_log_z
12,12,12,12,2500,1750,375,375,0.5182857142857142,0.576,1d_others,price_seq_1d_others,ETHUSDT_open_z_short,0.5,0.3324420677361854,417.0,0.27634194831013914,0.17442811934099503,open,z_short,symbol,open_z_short
12,12,12,12,2500,1750,375,375,0.5182857142857142,0.576,1d_others,price_seq_1d_others,ETHUSDT_high_roc_12,0.5,0.3324420677361854,0.0,0.0,0.13297682709447417,high,roc_12,symbol,high_roc_12
12,12,12,12,2500,1750,375,375,0.5182857142857142,0.576,1d_others,price_seq_1d_others,ETHUSDT_low_z_short,0.5,0.3324420677361854,0.0,0.0,0.13297682709447417,low,z_short,symbol,low_z_short
12,12,12,12,2500,1750,375,375,0.5182857142857142,0.576,1d_others,price_seq_1d_others,ETHUSDT_low_roc_1,0.5,0.3324420677361854,0.0,0.0,0.13297682709447417,low,roc_1,symbol,low_roc_1
12,12,12,12,2500,1750,375,375,0.5182857142857142,0.576,1d_others,price_seq_1d_others,ETHUSDT_volume_roc_1,0.5,0.3324420677361854,0.0,0.0,0.13297682709447417,volume,roc_1,symbol,volume_roc_1
12,12,12,12,2500,1750,375,375,0.5182857142857142,0.576,1d_others,price_seq_1d_others,ETHUSDT_volume_ema_12_48_spread,0.5,0.3324420677361854,0.0,0.0,0.13297682709447417,volume,ema_12_48_spread,symbol,volume_ema_12_48_spread
12,12,12,12,2500,1750,375,375,0.5182857142857142,0.576,1d_others,price_seq_1d_others,ETHUSDT_buy_volume_z_long,0.5,0.3324420677361854,0.0,0.0,0.13297682709447417,buy_volume,z_long,symbol,buy_volume_z_long
12,12,12,12,2500,1750,375,375,0.5182857142857142,0.576,1d_others,price_seq_1d_others,ETHUSDT_buy_volume_roc_12,0.5,0.3324420677361854,0.0,0.0,0.13297682709447417,buy_volume,roc_12,symbol,buy_volume_roc_12
12,12,12,12,2500,1750,375,375,0.5182857142857142,0.576,1d_others,price_seq_1d_others,ETHUSDT_volume_ratio_z_long,0.5,0.3324420677361854,0.0,0.0,0.13297682709447417,volume_ratio,z_long,symbol,volume_ratio_z_long
12,12,12,12,2500,1750,375,375,0.5182857142857142,0.576,1d_others,price_seq_1d_others,ETHUSDT_trades_z_short,0.5,0.3324420677361854,0.0,0.0,0.13297682709447417,trades,z_short,symbol,trades_z_short
12,12,12,12,2500,1750,375,375,0.5182857142857142,0.576,1d_others,price_seq_1d_others,ETHUSDT_trades_z_long,0.5,0.3324420677361854,0.0,0.0,0.13297682709447417,trades,z_long,symbol,trades_z_long
12,12,12,12,2500,1750,375,375,0.5182857142857142,0.576,1d_others,price_seq_1d_others,ETHUSDT_trades_ema_12_48_spread,0.5369933612858142,0.3324420677361854,702.0,0.46520874751491054,0.23605216437894355,trades,ema_12_48_spread,symbol,trades_ema_12_48_spread
12,12,12,12,2500,1750,375,375,0.5182857142857142,0.576,1d_others,price_seq_1d_others,ETHUSDT_quote_volume_z_short,0.5,0.3324420677361854,0.0,0.0,0.13297682709447417,quote_volume,z_short,symbol,quote_volume_z_short
12,12,12,12,2500,1750,375,375,0.5182857142857142,0.576,1d_others,price_seq_1d_others,ETHUSDT_quote_volume_roc_1,0.5,0.3324420677361854,0.0,0.0,0.13297682709447417,quote_volume,roc_1,symbol,quote_volume_roc_1
12,12,12,12,2500,1750,375,375,0.5182857142857142,0.576,1d_others,price_seq_1d_others,ETHUSDT_quote_volume_roc_12,0.5,0.3324420677361854,0.0,0.0,0.13297682709447417,quote_volume,roc_12,symbol,quote_volume_roc_12
12,12,12,12,2500,1750,375,375,0.5182857142857142,0.576,1d_others,price_seq_1d_others,ETHUSDT_oi_close_z_long,0.5,0.3324420677361854,0.0,0.0,0.13297682709447417,oi_close,z_long,symbol,oi_close_z_long
12,12,12,12,2500,1750,375,375,0.5182857142857142,0.576,1d_others,price_seq_1d_others,ETHUSDT_oi_close_roc_1,0.5,0.3324420677361854,0.0,0.0,0.13297682709447417,oi_close,roc_1,symbol,oi_close_roc_1
12,12,12,12,2500,1750,375,375,0.5182857142857142,0.576,1d_others,price_seq_1d_others,ETHUSDT_liq_long_z_long,0.5,0.3324420677361854,0.0,0.0,0.13297682709447417,liq_long,z_long,symbol,liq_long_z_long
12,12,12,12,2500,1750,375,375,0.5182857142857142,0.576,1d_others,price_seq_1d_others,ETHUSDT_liq_long_roc_1,0.5,0.3324420677361854,0.0,0.0,0.13297682709447417,liq_long,roc_1,symbol,liq_long_roc_1
12,12,12,12,2500,1750,375,375,0.5182857142857142,0.576,1d_others,price_seq_1d_others,ETHUSDT_liq_short_z_short,0.5,0.3324420677361854,0.0,0.0,0.13297682709447417,liq_short,z_short,symbol,liq_short_z_short
12,12,12,12,2500,1750,375,375,0.5182857142857142,0.576,1d_others,price_seq_1d_others,ETHUSDT_liq_short_z_long,0.5,0.3324420677361854,0.0,0.0,0.13297682709447417,liq_short,z_long,symbol,liq_short_z_long
12,12,12,12,2500,1750,375,375,0.5182857142857142,0.576,1d_others,price_seq_1d_others,ETHUSDT_liq_short_roc_1,0.5,0.3324420677361854,0.0,0.0,0.13297682709447417,liq_short,roc_1,symbol,liq_short_roc_1
12,12,12,12,2500,1750,375,375,0.5182857142857142,0.576,1d_others,price_seq_1d_others,ETHUSDT_ob_imbalance_roc_12,0.5,0.3324420677361854,0.0,0.0,0.13297682709447417,ob_imbalance,roc_12,symbol,ob_imbalance_roc_12
12,12,12,12,2500,1750,375,375,0.5182857142857142,0.576,1d_others,price_seq_1d_others,SOLUSDT_ret_1d_scale,0.5,0.3324420677361854,0.0,0.0,0.13297682709447417,ret_1d,scale,symbol,ret_1d_scale
12,12,12,12,2500,1750,375,375,0.5182857142857142,0.576,1d_others,price_seq_1d_others,SOLUSDT_ret_3d_z,0.5,0.3324420677361854,0.0,0.0,0.13297682709447417,ret_3d,z,symbol,ret_3d_z
12,12,12,12,2500,1750,375,375,0.5182857142857142,0.576,1d_others,price_seq_1d_others,SOLUSDT_oi_close_scale,0.5,0.3324420677361854,0.0,0.0,0.13297682709447417,oi_close,scale,symbol,oi_close_scale
12,12,12,12,2500,1750,375,375,0.5182857142857142,0.576,1d_others,price_seq_1d_others,SOLUSDT_ls_account_ratio_z,0.5,0.3324420677361854,0.0,0.0,0.13297682709447417,ls_account_ratio,z,symbol,ls_account_ratio_z
12,12,12,12,2500,1750,375,375,0.5182857142857142,0.576,1d_others,price_seq_1d_others,SOLUSDT_liq_long_log_z,0.5,0.3324420677361854,0.0,0.0,0.13297682709447417,liq_long,log_z,symbol,liq_long_log_z
12,12,12,12,2500,1750,375,375,0.5182857142857142,0.576,1d_others,price_seq_1d_others,SOLUSDT_open_z_short,0.5,0.3324420677361854,219.0,0.14512922465208747,0.1547462107922873,open,z_short,symbol,open_z_short
12,12,12,12,2500,1750,375,375,0.5182857142857142,0.576,1d_others,price_seq_1d_others,SOLUSDT_high_roc_12,0.5,0.3324420677361854,0.0,0.0,0.13297682709447417,high,roc_12,symbol,high_roc_12
12,12,12,12,2500,1750,375,375,0.5182857142857142,0.576,1d_others,price_seq_1d_others,SOLUSDT_low_z_short,0.5,0.3324420677361854,0.0,0.0,0.13297682709447417,low,z_short,symbol,low_z_short
12,12,12,12,2500,1750,375,375,0.5182857142857142,0.576,1d_others,price_seq_1d_others,SOLUSDT_low_roc_1,0.5,0.3324420677361854,0.0,0.0,0.13297682709447417,low,roc_1,symbol,low_roc_1
12,12,12,12,2500,1750,375,375,0.5182857142857142,0.576,1d_others,price_seq_1d_others,SOLUSDT_volume_roc_1,0.5,0.3324420677361854,0.0,0.0,0.13297682709447417,volume,roc_1,symbol,volume_roc_1
12,12,12,12,2500,1750,375,375,0.5182857142857142,0.576,1d_others,price_seq_1d_others,SOLUSDT_volume_ema_12_48_spread,0.5,0.3324420677361854,0.0,0.0,0.13297682709447417,volume,ema_12_48_spread,symbol,volume_ema_12_48_spread
12,12,12,12,2500,1750,375,375,0.5182857142857142,0.576,1d_others,price_seq_1d_others,SOLUSDT_buy_volume_z_long,0.5,0.3324420677361854,0.0,0.0,0.13297682709447417,buy_volume,z_long,symbol,buy_volume_z_long
12,12,12,12,2500,1750,375,375,0.5182857142857142,0.576,1d_others,price_seq_1d_others,SOLUSDT_buy_volume_roc_12,0.5,0.3324420677361854,0.0,0.0,0.13297682709447417,buy_volume,roc_12,symbol,buy_volume_roc_12
12,12,12,12,2500,1750,375,375,0.5182857142857142,0.576,1d_others,price_seq_1d_others,SOLUSDT_volume_ratio_z_long,0.5,0.3324420677361854,0.0,0.0,0.13297682709447417,volume_ratio,z_long,symbol,volume_ratio_z_long
12,12,12,12,2500,1750,375,375,0.5182857142857142,0.576,1d_others,price_seq_1d_others,SOLUSDT_trades_z_short,0.5,0.3324420677361854,0.0,0.0,0.13297682709447417,trades,z_short,symbol,trades_z_short
12,12,12,12,2500,1750,375,375,0.5182857142857142,0.576,1d_others,price_seq_1d_others,SOLUSDT_trades_z_long,0.5,0.3324420677361854,0.0,0.0,0.13297682709447417,trades,z_long,symbol,trades_z_long
12,12,12,12,2500,1750,375,375,0.5182857142857142,0.576,1d_others,price_seq_1d_others,SOLUSDT_trades_ema_12_48_spread,0.5,0.3324420677361854,0.0,0.0,0.13297682709447417,trades,ema_12_48_spread,symbol,trades_ema_12_48_spread
12,12,12,12,2500,1750,375,375,0.5182857142857142,0.576,1d_others,price_seq_1d_others,SOLUSDT_quote_volume_z_short,0.5,0.3324420677361854,0.0,0.0,0.13297682709447417,quote_volume,z_short,symbol,quote_volume_z_short
12,12,12,12,2500,1750,375,375,0.5182857142857142,0.576,1d_others,price_seq_1d_others,SOLUSDT_quote_volume_roc_1,0.5,0.3324420677361854,0.0,0.0,0.13297682709447417,quote_volume,roc_1,symbol,quote_volume_roc_1
12,12,12,12,2500,1750,375,375,0.5182857142857142,0.576,1d_others,price_seq_1d_others,SOLUSDT_quote_volume_roc_12,0.5,0.3324420677361854,0.0,0.0,0.13297682709447417,quote_volume,roc_12,symbol,quote_volume_roc_12
12,12,12,12,2500,1750,375,375,0.5182857142857142,0.576,1d_others,price_seq_1d_others,SOLUSDT_oi_close_z_long,0.5,0.3324420677361854,0.0,0.0,0.13297682709447417,oi_close,z_long,symbol,oi_close_z_long
12,12,12,12,2500,1750,375,375,0.5182857142857142,0.576,1d_others,price_seq_1d_others,SOLUSDT_oi_close_roc_1,0.5,0.3324420677361854,0.0,0.0,0.13297682709447417,oi_close,roc_1,symbol,oi_close_roc_1
12,12,12,12,2500,1750,375,375,0.5182857142857142,0.576,1d_others,price_seq_1d_others,SOLUSDT_liq_long_z_long,0.5179216165851386,0.3324420677361854,156.0,0.10337972166998012,0.1646132402715959,liq_long,z_long,symbol,liq_long_z_long
12,12,12,12,2500,1750,375,375,0.5182857142857142,0.576,1d_others,price_seq_1d_others,SOLUSDT_liq_long_roc_1,0.5,0.3324420677361854,0.0,0.0,0.13297682709447417,liq_long,roc_1,symbol,liq_long_roc_1
12,12,12,12,2500,1750,375,375,0.5182857142857142,0.576,1d_others,price_seq_1d_others,SOLUSDT_liq_short_z_short,0.5,0.3324420677361854,0.0,0.0,0.13297682709447417,liq_short,z_short,symbol,liq_short_z_short
12,12,12,12,2500,1750,375,375,0.5182857142857142,0.576,1d_others,price_seq_1d_others,SOLUSDT_liq_short_z_long,0.5,0.3324420677361854,0.0,0.0,0.13297682709447417,liq_short,z_long,symbol,liq_short_z_long
12,12,12,12,2500,1750,375,375,0.5182857142857142,0.576,1d_others,price_seq_1d_others,SOLUSDT_liq_short_roc_1,0.5,0.3324420677361854,0.0,0.0,0.13297682709447417,liq_short,roc_1,symbol,liq_short_roc_1
12,12,12,12,2500,1750,375,375,0.5182857142857142,0.576,1d_others,price_seq_1d_others,SOLUSDT_ob_imbalance_roc_12,0.5,0.3324420677361854,0.0,0.0,0.13297682709447417,ob_imbalance,roc_12,symbol,ob_imbalance_roc_12
12,12,12,12,2500,1750,375,375,0.5182857142857142,0.576,1d_others,price_seq_1d_others,DOGEUSDT_ret_1d_scale,0.5,0.3324420677361854,0.0,0.0,0.13297682709447417,ret_1d,scale,symbol,ret_1d_scale
12,12,12,12,2500,1750,375,375,0.5182857142857142,0.576,1d_others,price_seq_1d_others,DOGEUSDT_ret_3d_z,0.5,0.3324420677361854,0.0,0.0,0.13297682709447417,ret_3d,z,symbol,ret_3d_z
12,12,12,12,2500,1750,375,375,0.5182857142857142,0.576,1d_others,price_seq_1d_others,DOGEUSDT_oi_close_scale,0.5,0.3324420677361854,0.0,0.0,0.13297682709447417,oi_close,scale,symbol,oi_close_scale
12,12,12,12,2500,1750,375,375,0.5182857142857142,0.576,1d_others,price_seq_1d_others,DOGEUSDT_ls_account_ratio_z,0.5,0.3324420677361854,0.0,0.0,0.13297682709447417,ls_account_ratio,z,symbol,ls_account_ratio_z
12,12,12,12,2500,1750,375,375,0.5182857142857142,0.576,1d_others,price_seq_1d_others,DOGEUSDT_liq_long_log_z,0.5,0.3324420677361854,0.0,0.0,0.13297682709447417,liq_long,log_z,symbol,liq_long_log_z
12,12,12,12,2500,1750,375,375,0.5182857142857142,0.576,1d_others,price_seq_1d_others,DOGEUSDT_open_z_short,0.5,0.3324420677361854,0.0,0.0,0.13297682709447417,open,z_short,symbol,open_z_short
12,12,12,12,2500,1750,375,375,0.5182857142857142,0.576,1d_others,price_seq_1d_others,DOGEUSDT_high_roc_12,0.5,0.3324420677361854,0.0,0.0,0.13297682709447417,high,roc_12,symbol,high_roc_12
12,12,12,12,2500,1750,375,375,0.5182857142857142,0.576,1d_others,price_seq_1d_others,DOGEUSDT_low_z_short,0.5,0.3324420677361854,0.0,0.0,0.13297682709447417,low,z_short,symbol,low_z_short
12,12,12,12,2500,1750,375,375,0.5182857142857142,0.576,1d_others,price_seq_1d_others,DOGEUSDT_low_roc_1,0.5,0.3324420677361854,0.0,0.0,0.13297682709447417,low,roc_1,symbol,low_roc_1
12,12,12,12,2500,1750,375,375,0.5182857142857142,0.576,1d_others,price_seq_1d_others,DOGEUSDT_volume_roc_1,0.5,0.3324420677361854,0.0,0.0,0.13297682709447417,volume,roc_1,symbol,volume_roc_1
12,12,12,12,2500,1750,375,375,0.5182857142857142,0.576,1d_others,price_seq_1d_others,DOGEUSDT_volume_ema_12_48_spread,0.5,0.3324420677361854,0.0,0.0,0.13297682709447417,volume,ema_12_48_spread,symbol,volume_ema_12_48_spread
12,12,12,12,2500,1750,375,375,0.5182857142857142,0.576,1d_others,price_seq_1d_others,DOGEUSDT_buy_volume_z_long,0.5,0.3324420677361854,0.0,0.0,0.13297682709447417,buy_volume,z_long,symbol,buy_volume_z_long
12,12,12,12,2500,1750,375,375,0.5182857142857142,0.576,1d_others,price_seq_1d_others,DOGEUSDT_buy_volume_roc_12,0.5,0.3324420677361854,0.0,0.0,0.13297682709447417,buy_volume,roc_12,symbol,buy_volume_roc_12
12,12,12,12,2500,1750,375,375,0.5182857142857142,0.576,1d_others,price_seq_1d_others,DOGEUSDT_volume_ratio_z_long,0.5,0.3324420677361854,0.0,0.0,0.13297682709447417,volume_ratio,z_long,symbol,volume_ratio_z_long
12,12,12,12,2500,1750,375,375,0.5182857142857142,0.576,1d_others,price_seq_1d_others,DOGEUSDT_trades_z_short,0.5,0.3324420677361854,0.0,0.0,0.13297682709447417,trades,z_short,symbol,trades_z_short
12,12,12,12,2500,1750,375,375,0.5182857142857142,0.576,1d_others,price_seq_1d_others,DOGEUSDT_trades_z_long,0.5,0.3324420677361854,0.0,0.0,0.13297682709447417,trades,z_long,symbol,trades_z_long
12,12,12,12,2500,1750,375,375,0.5182857142857142,0.576,1d_others,price_seq_1d_others,DOGEUSDT_trades_ema_12_48_spread,0.5,0.3324420677361854,0.0,0.0,0.13297682709447417,trades,ema_12_48_spread,symbol,trades_ema_12_48_spread
12,12,12,12,2500,1750,375,375,0.5182857142857142,0.576,1d_others,price_seq_1d_others,DOGEUSDT_quote_volume_z_short,0.5,0.3324420677361854,0.0,0.0,0.13297682709447417,quote_volume,z_short,symbol,quote_volume_z_short
12,12,12,12,2500,1750,375,375,0.5182857142857142,0.576,1d_others,price_seq_1d_others,DOGEUSDT_quote_volume_roc_1,0.5,0.3324420677361854,0.0,0.0,0.13297682709447417,quote_volume,roc_1,symbol,quote_volume_roc_1
12,12,12,12,2500,1750,375,375,0.5182857142857142,0.576,1d_others,price_seq_1d_others,DOGEUSDT_quote_volume_roc_12,0.5,0.3324420677361854,0.0,0.0,0.13297682709447417,quote_volume,roc_12,symbol,quote_volume_roc_12
12,12,12,12,2500,1750,375,375,0.5182857142857142,0.576,1d_others,price_seq_1d_others,DOGEUSDT_oi_close_z_long,0.5,0.3324420677361854,0.0,0.0,0.13297682709447417,oi_close,z_long,symbol,oi_close_z_long
12,12,12,12,2500,1750,375,375,0.5182857142857142,0.576,1d_others,price_seq_1d_others,DOGEUSDT_oi_close_roc_1,0.5,0.3324420677361854,0.0,0.0,0.13297682709447417,oi_close,roc_1,symbol,oi_close_roc_1
12,12,12,12,2500,1750,375,375,0.5182857142857142,0.576,1d_others,price_seq_1d_others,DOGEUSDT_liq_long_z_long,0.5,0.3324420677361854,0.0,0.0,0.13297682709447417,liq_long,z_long,symbol,liq_long_z_long
12,12,12,12,2500,1750,375,375,0.5182857142857142,0.576,1d_others,price_seq_1d_others,DOGEUSDT_liq_long_roc_1,0.5,0.3324420677361854,0.0,0.0,0.13297682709447417,liq_long,roc_1,symbol,liq_long_roc_1
12,12,12,12,2500,1750,375,375,0.5182857142857142,0.576,1d_others,price_seq_1d_others,DOGEUSDT_liq_short_z_short,0.5,0.3324420677361854,0.0,0.0,0.13297682709447417,liq_short,z_short,symbol,liq_short_z_short
12,12,12,12,2500,1750,375,375,0.5182857142857142,0.576,1d_others,price_seq_1d_others,DOGEUSDT_liq_short_z_long,0.5,0.3324420677361854,0.0,0.0,0.13297682709447417,liq_short,z_long,symbol,liq_short_z_long
12,12,12,12,2500,1750,375,375,0.5182857142857142,0.576,1d_others,price_seq_1d_others,DOGEUSDT_liq_short_roc_1,0.5,0.3324420677361854,0.0,0.0,0.13297682709447417,liq_short,roc_1,symbol,liq_short_roc_1
12,12,12,12,2500,1750,375,375,0.5182857142857142,0.576,1d_others,price_seq_1d_others,DOGEUSDT_ob_imbalance_roc_12,0.5,0.3324420677361854,0.0,0.0,0.13297682709447417,ob_imbalance,roc_12,symbol,ob_imbalance_roc_12
12,12,12,12,2500,1750,375,375,0.5182857142857142,0.576,1d_others,price_seq_1d_others,1000PEPEUSDT_ret_1d_scale,0.5179216165851386,0.3324420677361854,0.0,0.0,0.14910628202109888,ret_1d,scale,symbol,ret_1d_scale
12,12,12,12,2500,1750,375,375,0.5182857142857142,0.576,1d_others,price_seq_1d_others,1000PEPEUSDT_ret_3d_z,0.5,0.3324420677361854,0.0,0.0,0.13297682709447417,ret_3d,z,symbol,ret_3d_z
12,12,12,12,2500,1750,375,375,0.5182857142857142,0.576,1d_others,price_seq_1d_others,1000PEPEUSDT_oi_close_scale,0.5,0.3324420677361854,0.0,0.0,0.13297682709447417,oi_close,scale,symbol,oi_close_scale
12,12,12,12,2500,1750,375,375,0.5182857142857142,0.576,1d_others,price_seq_1d_others,1000PEPEUSDT_ls_account_ratio_z,0.5,0.3324420677361854,0.0,0.0,0.13297682709447417,ls_account_ratio,z,symbol,ls_account_ratio_z
12,12,12,12,2500,1750,375,375,0.5182857142857142,0.576,1d_others,price_seq_1d_others,1000PEPEUSDT_liq_long_log_z,0.5,0.3324420677361854,0.0,0.0,0.13297682709447417,liq_long,log_z,symbol,liq_long_log_z
12,12,12,12,2500,1750,375,375,0.5182857142857142,0.576,1d_others,price_seq_1d_others,1000PEPEUSDT_open_z_short,0.5,0.3324420677361854,0.0,0.0,0.13297682709447417,open,z_short,symbol,open_z_short
12,12,12,12,2500,1750,375,375,0.5182857142857142,0.576,1d_others,price_seq_1d_others,1000PEPEUSDT_high_roc_12,0.5,0.3324420677361854,0.0,0.0,0.13297682709447417,high,roc_12,symbol,high_roc_12
12,12,12,12,2500,1750,375,375,0.5182857142857142,0.576,1d_others,price_seq_1d_others,1000PEPEUSDT_low_z_short,0.5,0.3324420677361854,0.0,0.0,0.13297682709447417,low,z_short,symbol,low_z_short
12,12,12,12,2500,1750,375,375,0.5182857142857142,0.576,1d_others,price_seq_1d_others,1000PEPEUSDT_low_roc_1,0.5,0.3324420677361854,0.0,0.0,0.13297682709447417,low,roc_1,symbol,low_roc_1
12,12,12,12,2500,1750,375,375,0.5182857142857142,0.576,1d_others,price_seq_1d_others,1000PEPEUSDT_volume_roc_1,0.5,0.3324420677361854,0.0,0.0,0.13297682709447417,volume,roc_1,symbol,volume_roc_1
12,12,12,12,2500,1750,375,375,0.5182857142857142,0.576,1d_others,price_seq_1d_others,1000PEPEUSDT_volume_ema_12_48_spread,0.5,0.3324420677361854,0.0,0.0,0.13297682709447417,volume,ema_12_48_spread,symbol,volume_ema_12_48_spread
12,12,12,12,2500,1750,375,375,0.5182857142857142,0.576,1d_others,price_seq_1d_others,1000PEPEUSDT_buy_volume_z_long,0.5,0.3324420677361854,0.0,0.0,0.13297682709447417,buy_volume,z_long,symbol,buy_volume_z_long
12,12,12,12,2500,1750,375,375,0.5182857142857142,0.576,1d_others,price_seq_1d_others,1000PEPEUSDT_buy_volume_roc_12,0.5,0.3324420677361854,0.0,0.0,0.13297682709447417,buy_volume,roc_12,symbol,buy_volume_roc_12
12,12,12,12,2500,1750,375,375,0.5182857142857142,0.576,1d_others,price_seq_1d_others,1000PEPEUSDT_volume_ratio_z_long,0.5,0.3324420677361854,0.0,0.0,0.13297682709447417,volume_ratio,z_long,symbol,volume_ratio_z_long
12,12,12,12,2500,1750,375,375,0.5182857142857142,0.576,1d_others,price_seq_1d_others,1000PEPEUSDT_trades_z_short,0.5,0.3324420677361854,0.0,0.0,0.13297682709447417,trades,z_short,symbol,trades_z_short
12,12,12,12,2500,1750,375,375,0.5182857142857142,0.576,1d_others,price_seq_1d_others,1000PEPEUSDT_trades_z_long,0.5,0.3324420677361854,0.0,0.0,0.13297682709447417,trades,z_long,symbol,trades_z_long
12,12,12,12,2500,1750,375,375,0.5182857142857142,0.576,1d_others,price_seq_1d_others,1000PEPEUSDT_trades_ema_12_48_spread,0.5,0.3324420677361854,0.0,0.0,0.13297682709447417,trades,ema_12_48_spread,symbol,trades_ema_12_48_spread
12,12,12,12,2500,1750,375,375,0.5182857142857142,0.576,1d_others,price_seq_1d_others,1000PEPEUSDT_quote_volume_z_short,0.5263364779874214,0.3324420677361854,0.0,0.0,0.15667965728315347,quote_volume,z_short,symbol,quote_volume_z_short
12,12,12,12,2500,1750,375,375,0.5182857142857142,0.576,1d_others,price_seq_1d_others,1000PEPEUSDT_quote_volume_roc_1,0.5,0.3324420677361854,0.0,0.0,0.13297682709447417,quote_volume,roc_1,symbol,quote_volume_roc_1
12,12,12,12,2500,1750,375,375,0.5182857142857142,0.576,1d_others,price_seq_1d_others,1000PEPEUSDT_quote_volume_roc_12,0.5,0.3324420677361854,0.0,0.0,0.13297682709447417,quote_volume,roc_12,symbol,quote_volume_roc_12
12,12,12,12,2500,1750,375,375,0.5182857142857142,0.576,1d_others,price_seq_1d_others,1000PEPEUSDT_oi_close_z_long,0.5,0.3324420677361854,0.0,0.0,0.13297682709447417,oi_close,z_long,symbol,oi_close_z_long
12,12,12,12,2500,1750,375,375,0.5182857142857142,0.576,1d_others,price_seq_1d_others,1000PEPEUSDT_oi_close_roc_1,0.5,0.3324420677361854,0.0,0.0,0.13297682709447417,oi_close,roc_1,symbol,oi_close_roc_1
12,12,12,12,2500,1750,375,375,0.5182857142857142,0.576,1d_others,price_seq_1d_others,1000PEPEUSDT_liq_long_z_long,0.5,0.3324420677361854,0.0,0.0,0.13297682709447417,liq_long,z_long,symbol,liq_long_z_long
12,12,12,12,2500,1750,375,375,0.5182857142857142,0.576,1d_others,price_seq_1d_others,1000PEPEUSDT_liq_long_roc_1,0.5,0.3324420677361854,0.0,0.0,0.13297682709447417,liq_long,roc_1,symbol,liq_long_roc_1
12,12,12,12,2500,1750,375,375,0.5182857142857142,0.576,1d_others,price_seq_1d_others,1000PEPEUSDT_liq_short_z_short,0.5,0.3324420677361854,0.0,0.0,0.13297682709447417,liq_short,z_short,symbol,liq_short_z_short
12,12,12,12,2500,1750,375,375,0.5182857142857142,0.576,1d_others,price_seq_1d_others,1000PEPEUSDT_liq_short_z_long,0.5,0.3324420677361854,0.0,0.0,0.13297682709447417,liq_short,z_long,symbol,liq_short_z_long
12,12,12,12,2500,1750,375,375,0.5182857142857142,0.576,1d_others,price_seq_1d_others,1000PEPEUSDT_liq_short_roc_1,0.5,0.3324420677361854,0.0,0.0,0.13297682709447417,liq_short,roc_1,symbol,liq_short_roc_1
12,12,12,12,2500,1750,375,375,0.5182857142857142,0.576,1d_others,price_seq_1d_others,1000PEPEUSDT_ob_imbalance_roc_12,0.5,0.3324420677361854,0.0,0.0,0.13297682709447417,ob_imbalance,roc_12,symbol,ob_imbalance_roc_12
12,12,12,12,2500,1750,375,375,0.5182857142857142,0.576,1d_others,price_seq_1d_others,sopr_z,0.5,0.3324420677361854,0.0,0.0,0.13297682709447417,sopr,z,global,sopr_z
12,12,12,12,2500,1750,375,375,0.5182857142857142,0.576,1d_others,price_seq_1d_others,fear_greed_roc_12,0.5,0.3324420677361854,0.0,0.0,0.13297682709447417,fear_greed,roc_12,global,fear_greed_roc_12
12,12,12,12,2500,1750,375,375,0.5182857142857142,0.576,1d_others,price_seq_1d_others,altcoin_season_roc_1,0.5,0.3324420677361854,0.0,0.0,0.13297682709447417,altcoin_season,roc_1,global,altcoin_season_roc_1
12,12,12,12,2500,1750,375,375,0.5182857142857142,0.576,1d_others,price_seq_1d_others,altcoin_season_roc_12,0.5,0.3324420677361854,0.0,0.0,0.13297682709447417,altcoin_season,roc_12,global,altcoin_season_roc_12
12,12,12,12,2500,1750,375,375,0.5182857142857142,0.576,1d_others,price_seq_1d_others,altcoin_season_ema_12_48_spread,0.5,0.3324420677361854,0.0,0.0,0.13297682709447417,altcoin_season,ema_12_48_spread,global,altcoin_season_ema_12_48_spread
12,12,12,12,2500,1750,375,375,0.5182857142857142,0.576,1d_others,price_seq_1d_others,bmo_ema_12_48_spread,0.5,0.3324420677361854,0.0,0.0,0.13297682709447417,bmo,ema_12_48_spread,global,bmo_ema_12_48_spread
12,12,12,12,2500,1750,375,375,0.5182857142857142,0.576,1d_others,price_seq_1d_others,sopr_roc_12,0.5,0.3324420677361854,15.0,0.009940357852882704,0.13446788077240657,sopr,roc_12,global,sopr_roc_12
24,6,12,12,2500,1750,375,375,0.5154285714285715,0.568,5m_target,price_seq_target,volume_ratio_z_short,0.5328058888309279,0.33199464524765726,296.0,0.07184466019417475,0.17309985707602427,volume_ratio,z_short,global,volume_ratio_z_short
24,6,12,12,2500,1750,375,375,0.5154285714285715,0.568,5m_target,price_seq_target,volume_ratio_z_long,0.5208659363588941,0.3324420677361854,370.0,0.08980582524271845,0.16522704360388663,volume_ratio,z_long,global,volume_ratio_z_long
24,6,12,12,2500,1750,375,375,0.5154285714285715,0.568,5m_target,price_seq_target,long_short_ratio_z,0.4485017098475627,0.3324420677361854,284.0,0.06893203883495146,0.14331663291971689,long_short_ratio,z,global,long_short_ratio_z
24,6,12,12,2500,1750,375,375,0.5154285714285715,0.568,5m_target,price_seq_target,sell_volume_roc_12,0.5323566915898684,0.3324420677361854,290.0,0.0703883495145631,0.17265610195254022,sell_volume,roc_12,global,sell_volume_roc_12
24,6,12,12,2500,1750,375,375,0.5154285714285715,0.568,5m_target,price_seq_target,sell_volume_roc_1,0.4753376224424738,0.3324420677361854,421.0,0.10218446601941747,0.1483044969973868,sell_volume,roc_1,global,sell_volume_roc_1
24,6,12,12,2500,1750,375,375,0.5154285714285715,0.568,5m_target,price_seq_target,sell_volume_ema_12_48_spread,0.5741030545412392,0.3324420677361854,292.0,0.070873786407767,0.21030064414275454,sell_volume,ema_12_48_spread,global,sell_volume_ema_12_48_spread
24,6,12,12,2500,1750,375,375,0.5154285714285715,0.568,5m_target,price_seq_target,volume_ratio_ema_12_48_spread,0.3985104039877123,0.3324420677361854,383.0,0.0929611650485437,0.14692100185175572,volume_ratio,ema_12_48_spread,global,volume_ratio_ema_12_48_spread
24,6,12,12,2500,1750,375,375,0.5154285714285715,0.568,5m_target,price_seq_target,trades_z_long,0.5126209934504145,0.3324420677361854,353.0,0.08567961165048543,0.15718766294741998,trades,z_long,global,trades_z_long
24,6,12,12,2500,1750,375,375,0.5154285714285715,0.568,5m_target,price_seq_target,volume_impact_scale,0.5269663246971541,0.3324420677361854,370.0,0.08980582524271845,0.17071739310832063,volume_impact,scale,global,volume_impact_scale
24,6,12,12,2500,1750,375,375,0.5154285714285715,0.568,5m_target,price_seq_target,close_z_long,0.5556280067234682,0.3324420677361854,404.0,0.09805825242718447,0.19775077100967325,close,z_long,global,close_z_long
24,6,12,12,2500,1750,375,375,0.5154285714285715,0.568,5m_target,price_seq_target,volume_log_z_short,0.5451805483104388,0.3324420677361854,232.0,0.05631067961165048,0.18208592251561667,volume_log,z_short,global,volume_log_z_short
24,6,12,12,2500,1750,375,375,0.5154285714285715,0.568,5m_target,price_seq_target,ret_15m_z_short,0.53603721091984,0.3324420677361854,425.0,0.10315533980582524,0.18088361789320398,ret_15m,z_short,global,ret_15m_z_short
24,6,12,12,2500,1750,375,375,0.5154285714285715,0.568,5m_others,price_seq_others,ETHUSDT_trades_z_short,0.5427751695357328,0.3324420677361854,111.0,0.025090415913200725,0.1752380420636138,trades,z_short,symbol,trades_z_short
24,6,12,12,2500,1750,375,375,0.5154285714285715,0.568,5m_others,price_seq_others,ETHUSDT_long_short_ratio_z_short,0.5269518344635715,0.3324420677361854,100.0,0.022603978300180832,0.16062407485671565,long_short_ratio,z_short,symbol,long_short_ratio_z_short
24,6,12,12,2500,1750,375,375,0.5154285714285715,0.568,5m_others,price_seq_others,ETHUSDT_volume_log_z,0.5133599953631253,0.3324420677361854,108.0,0.024412296564195298,0.14866266740591622,volume,log_z,symbol,volume_log_z
24,6,12,12,2500,1750,375,375,0.5154285714285715,0.568,5m_others,price_seq_others,ETHUSDT_sell_volume_z_short,0.49562394945806526,0.3324420677361854,131.0,0.02961121157323689,0.1374185088304597,sell_volume,z_short,symbol,sell_volume_z_short
24,6,12,12,2500,1750,375,375,0.5154285714285715,0.568,5m_others,price_seq_others,ETHUSDT_rsi_14,0.4401843157711702,0.3324420677361854,78.0,0.01763110307414105,0.13562149255559533,rsi_14,raw,symbol,rsi_14
24,6,12,12,2500,1750,375,375,0.5154285714285715,0.568,5m_others,price_seq_others,ETHUSDT_buy_volume_z_long,0.4876253405204891,0.3324420677361854,79.0,0.017857142857142856,0.1356553985230456,buy_volume,z_long,symbol,buy_volume_z_long
24,6,12,12,2500,1750,375,375,0.5154285714285715,0.568,5m_others,price_seq_others,ETHUSDT_up_volume_ratio_12,0.5962151509882339,0.33199464524765726,95.0,0.02147377938517179,0.22261256089624917,up_volume_ratio_12,raw,symbol,up_volume_ratio_12
24,6,12,12,2500,1750,375,375,0.5154285714285715,0.568,5m_others,price_seq_others,ETHUSDT_volume_ratio_z_long,0.5566568133078307,0.3324420677361854,66.0,0.014918625678119348,0.18620575292323968,volume_ratio,z_long,symbol,volume_ratio_z_long
24,6,12,12,2500,1750,375,375,0.5154285714285715,0.568,5m_others,price_seq_others,ETHUSDT_high_roc_12,0.5011592186866052,0.3324420677361854,107.0,0.02418625678119349,0.13764806242959784,high,roc_12,symbol,high_roc_12
24,6,12,12,2500,1750,375,375,0.5154285714285715,0.568,5m_others,price_seq_others,ETHUSDT_trades_roc_12,0.5497884425896945,0.3324420677361854,55.0,0.012432188065099457,0.17965125363496415,trades,roc_12,symbol,trades_roc_12
24,6,12,12,2500,1750,375,375,0.5154285714285715,0.568,5m_others,price_seq_others,ETHUSDT_quote_volume_z_long,0.5048107575494117,0.3324420677361854,74.0,0.016726943942133816,0.1398155504802648,quote_volume,z_long,symbol,quote_volume_z_long
24,6,12,12,2500,1750,375,375,0.5154285714285715,0.568,5m_others,price_seq_others,ETHUSDT_volume_impact_scale,0.5358198574161015,0.3324420677361854,74.0,0.016726943942133816,0.1677237403602856,volume_impact,scale,symbol,volume_impact_scale
24,6,12,12,2500,1750,375,375,0.5154285714285715,0.568,5m_others,price_seq_others,SOLUSDT_trades_z_short,0.5147510577870515,0.3324420677361854,64.0,0.014466546112115732,0.14842276101963792,trades,z_short,symbol,trades_z_short
24,6,12,12,2500,1750,375,375,0.5154285714285715,0.568,5m_others,price_seq_others,SOLUSDT_long_short_ratio_z_short,0.5054483278270445,0.3324420677361854,77.0,0.01740506329113924,0.1404910816324851,long_short_ratio,z_short,symbol,long_short_ratio_z_short
24,6,12,12,2500,1750,375,375,0.5154285714285715,0.568,5m_others,price_seq_others,SOLUSDT_volume_log_z,0.5076073726308468,0.3324420677361854,115.0,0.025994575045207958,0.14372264871901747,volume,log_z,symbol,volume_log_z
24,6,12,12,2500,1750,375,375,0.5154285714285715,0.568,5m_others,price_seq_others,SOLUSDT_sell_volume_z_short,0.5003912363067292,0.3324420677361854,103.0,0.02328209764918626,0.13682125441790838,sell_volume,z_short,symbol,sell_volume_z_short
24,6,12,12,2500,1750,375,375,0.5154285714285715,0.568,5m_others,price_seq_others,SOLUSDT_rsi_14,0.5057091520315308,0.3324420677361854,175.0,0.03955696202531646,0.14404860822664933,rsi_14,raw,symbol,rsi_14
24,6,12,12,2500,1750,375,375,0.5154285714285715,0.568,5m_others,price_seq_others,SOLUSDT_buy_volume_z_long,0.41342085434417203,0.3324420677361854,133.0,0.030063291139240507,0.13748632076536024,buy_volume,z_long,symbol,buy_volume_z_long
24,6,12,12,2500,1750,375,375,0.5154285714285715,0.568,5m_others,price_seq_others,SOLUSDT_up_volume_ratio_12,0.40607430591781135,0.3324420677361854,122.0,0.027576853526220614,0.13711335512340725,up_volume_ratio_12,raw,symbol,up_volume_ratio_12
24,6,12,12,2500,1750,375,375,0.5154285714285715,0.568,5m_others,price_seq_others,SOLUSDT_volume_ratio_z_long,0.4115805946791863,0.3324420677361854,147.0,0.03322784810126582,0.13796100430966404,volume_ratio,z_long,symbol,volume_ratio_z_long
24,6,12,12,2500,1750,375,375,0.5154285714285715,0.568,5m_others,price_seq_others,SOLUSDT_high_roc_12,0.5166927490871154,0.3324420677361854,113.0,0.02554249547920434,0.15183167559475866,high,roc_12,symbol,high_roc_12
24,6,12,12,2500,1750,375,375,0.5154285714285715,0.568,5m_others,price_seq_others,SOLUSDT_trades_roc_12,0.5392975134759171,0.3324420677361854,77.0,0.01740506329113924,0.17095534871647047,trades,roc_12,symbol,trades_roc_12
24,6,12,12,2500,1750,375,375,0.5154285714285715,0.568,5m_others,price_seq_others,SOLUSDT_quote_volume_z_long,0.513099171158639,0.3324420677361854,137.0,0.03096745027124774,0.14941119867793645,quote_volume,z_long,symbol,quote_volume_z_long
24,6,12,12,2500,1750,375,375,0.5154285714285715,0.568,5m_others,price_seq_others,SOLUSDT_volume_impact_scale,0.4781052570567437,0.3324420677361854,88.0,0.019891500904159132,0.13596055223009804,volume_impact,scale,symbol,volume_impact_scale
24,6,12,12,2500,1750,375,375,0.5154285714285715,0.568,5m_others,price_seq_others,DOGEUSDT_trades_z_short,0.4759172317857764,0.3324420677361854,52.0,0.011754068716094032,0.13473993740188828,trades,z_short,symbol,trades_z_short
24,6,12,12,2500,1750,375,375,0.5154285714285715,0.568,5m_others,price_seq_others,DOGEUSDT_long_short_ratio_z_short,0.596910682200197,0.3324420677361854,101.0,0.022830018083182642,0.22362094378712893,long_short_ratio,z_short,symbol,long_short_ratio_z_short
24,6,12,12,2500,1750,375,375,0.5154285714285715,0.568,5m_others,price_seq_others,DOGEUSDT_volume_log_z,0.555671477424216,0.3324420677361854,105.0,0.023734177215189875,0.18664128335854702,volume,log_z,symbol,volume_log_z
24,6,12,12,2500,1750,375,375,0.5154285714285715,0.568,5m_others,price_seq_others,DOGEUSDT_sell_volume_z_short,0.4678896423810352,0.3324420677361854,123.0,0.027802893309222424,0.13714726109085754,sell_volume,z_short,symbol,sell_volume_z_short
24,6,12,12,2500,1750,375,375,0.5154285714285715,0.568,5m_others,price_seq_others,DOGEUSDT_rsi_14,0.5429635425723063,0.3324420677361854,95.0,0.02147377938517179,0.1748650823173256,rsi_14,raw,symbol,rsi_14
24,6,12,12,2500,1750,375,375,0.5154285714285715,0.568,5m_others,price_seq_others,DOGEUSDT_buy_volume_z_long,0.5995334144786414,0.3324420677361854,114.0,0.025768535262206148,0.22642218041458234,buy_volume,z_long,symbol,buy_volume_z_long
24,6,12,12,2500,1750,375,375,0.5154285714285715,0.568,5m_others,price_seq_others,DOGEUSDT_up_volume_ratio_12,0.6129079000753492,0.3324420677361854,151.0,0.03413200723327306,0.23971373824727946,up_volume_ratio_12,raw,symbol,up_volume_ratio_12
24,6,12,12,2500,1750,375,375,0.5154285714285715,0.568,5m_others,price_seq_others,DOGEUSDT_volume_ratio_z_long,0.4371703471859966,0.3324420677361854,84.0,0.0189873417721519,0.13582492836029694,volume_ratio,z_long,symbol,volume_ratio_z_long
24,6,12,12,2500,1750,375,375,0.5154285714285715,0.568,5m_others,price_seq_others,DOGEUSDT_high_roc_12,0.5297629397785892,0.3324420677361854,61.0,0.013788426763110307,0.16183173690967104,high,roc_12,symbol,high_roc_12
24,6,12,12,2500,1750,375,375,0.5154285714285715,0.568,5m_others,price_seq_others,DOGEUSDT_trades_roc_12,0.47110647423636465,0.3324420677361854,126.0,0.028481012658227847,0.13724897899320834,trades,roc_12,symbol,trades_roc_12
24,6,12,12,2500,1750,375,375,0.5154285714285715,0.568,5m_others,price_seq_others,DOGEUSDT_quote_volume_z_long,0.391917347707645,0.3324420677361854,66.0,0.014918625678119348,0.13521462094619208,quote_volume,z_long,symbol,quote_volume_z_long
24,6,12,12,2500,1750,375,375,0.5154285714285715,0.568,5m_others,price_seq_others,DOGEUSDT_volume_impact_scale,0.5438329565872602,0.3324420677361854,74.0,0.016726943942133816,0.17493552961432837,volume_impact,scale,symbol,volume_impact_scale
24,6,12,12,2500,1750,375,375,0.5154285714285715,0.568,5m_others,price_seq_others,1000PEPEUSDT_trades_z_short,0.4785544542978033,0.3324420677361854,80.0,0.018083182640144666,0.13568930449049588,trades,z_short,symbol,trades_z_short
24,6,12,12,2500,1750,375,375,0.5154285714285715,0.568,5m_others,price_seq_others,1000PEPEUSDT_long_short_ratio_z_short,0.5536573349562395,0.3324420677361854,106.0,0.02396021699819168,0.18486246110481847,long_short_ratio,z_short,symbol,long_short_ratio_z_short
24,6,12,12,2500,1750,375,375,0.5154285714285715,0.568,5m_others,price_seq_others,1000PEPEUSDT_volume_log_z,0.49681214861183565,0.3324420677361854,77.0,0.01740506329113924,0.13558758658814504,volume,log_z,symbol,volume_log_z
24,6,12,12,2500,1750,375,375,0.5154285714285715,0.568,5m_others,price_seq_others,1000PEPEUSDT_sell_volume_z_short,0.580044050310091,0.3324420677361854,79.0,0.017857142857142856,0.2076950438021275,sell_volume,z_short,symbol,sell_volume_z_short
24,6,12,12,2500,1750,375,375,0.5154285714285715,0.568,5m_others,price_seq_others,1000PEPEUSDT_rsi_14,0.45570335593809774,0.3324420677361854,70.0,0.015822784810126583,0.13535024481599317,rsi_14,raw,symbol,rsi_14
24,6,12,12,2500,1750,375,375,0.5154285714285715,0.568,5m_others,price_seq_others,1000PEPEUSDT_buy_volume_z_long,0.5376890975482524,0.3324420677361854,51.0,0.011528028933092224,0.16862621922786522,buy_volume,z_long,symbol,buy_volume_z_long
24,6,12,12,2500,1750,375,375,0.5154285714285715,0.568,5m_others,price_seq_others,1000PEPEUSDT_up_volume_ratio_12,0.4699907262505072,0.3324420677361854,46.0,0.010397830018083183,0.13453650159718664,up_volume_ratio_12,raw,symbol,up_volume_ratio_12
24,6,12,12,2500,1750,375,375,0.5154285714285715,0.568,5m_others,price_seq_others,1000PEPEUSDT_volume_ratio_z_long,0.35528603721091984,0.3324420677361854,56.0,0.012658227848101266,0.13487556127168937,volume_ratio,z_long,symbol,volume_ratio_z_long
24,6,12,12,2500,1750,375,375,0.5154285714285715,0.568,5m_others,price_seq_others,1000PEPEUSDT_high_roc_12,0.391352228597925,0.3324420677361854,81.0,0.018309222423146473,0.13572321045794614,high,roc_12,symbol,high_roc_12
24,6,12,12,2500,1750,375,375,0.5154285714285715,0.568,5m_others,price_seq_others,1000PEPEUSDT_trades_roc_12,0.5025792615776966,0.3324420677361854,78.0,0.01763110307414105,0.1379428279755223,trades,roc_12,symbol,trades_roc_12
24,6,12,12,2500,1750,375,375,0.5154285714285715,0.568,5m_others,price_seq_others,1000PEPEUSDT_quote_volume_z_long,0.5029270271836782,0.3324420677361854,50.0,0.011301989150090416,0.13730644993229812,quote_volume,z_long,symbol,quote_volume_z_long
24,6,12,12,2500,1750,375,375,0.5154285714285715,0.568,5m_others,price_seq_others,1000PEPEUSDT_volume_impact_scale,0.5060424274039297,0.3324420677361854,69.0,0.015596745027124773,0.1407545235120796,volume_impact,scale,symbol,volume_impact_scale
24,6,12,12,2500,1750,375,375,0.5154285714285715,0.568,1d_target,price_seq_1d_target,ret_1d_z_short,0.5,0.3324420677361854,0.0,0.0,0.13297682709447417,ret_1d,z_short,global,ret_1d_z_short
24,6,12,12,2500,1750,375,375,0.5154285714285715,0.568,1d_target,price_seq_1d_target,ret_3d_z_short,0.5,0.3324420677361854,0.0,0.0,0.13297682709447417,ret_3d,z_short,global,ret_3d_z_short
24,6,12,12,2500,1750,375,375,0.5154285714285715,0.568,1d_target,price_seq_1d_target,ret_7d_z_long,0.5,0.3324420677361854,0.0,0.0,0.13297682709447417,ret_7d,z_long,global,ret_7d_z_long
24,6,12,12,2500,1750,375,375,0.5154285714285715,0.568,1d_target,price_seq_1d_target,body_1d_z,0.5,0.3324420677361854,0.0,0.0,0.13297682709447417,body_1d,z,global,body_1d_z
24,6,12,12,2500,1750,375,375,0.5154285714285715,0.568,1d_target,price_seq_1d_target,oi_close_scale,0.5,0.3324420677361854,0.0,0.0,0.13297682709447417,oi_close,scale,global,oi_close_scale
24,6,12,12,2500,1750,375,375,0.5154285714285715,0.568,1d_target,price_seq_1d_target,funding_close_scale,0.5,0.3324420677361854,0.0,0.0,0.13297682709447417,funding_close,scale,global,funding_close_scale
24,6,12,12,2500,1750,375,375,0.5154285714285715,0.568,1d_target,price_seq_1d_target,ls_account_ratio_z,0.5,0.3324420677361854,0.0,0.0,0.13297682709447417,ls_account_ratio,z,global,ls_account_ratio_z
24,6,12,12,2500,1750,375,375,0.5154285714285715,0.568,1d_target,price_seq_1d_target,liq_long_log_scale,0.5,0.3324420677361854,0.0,0.0,0.13297682709447417,liq_long_log,scale,global,liq_long_log_scale
24,6,12,12,2500,1750,375,375,0.5154285714285715,0.568,1d_target,price_seq_1d_target,volume_impact_scale,0.5,0.3324420677361854,0.0,0.0,0.13297682709447417,volume_impact,scale,global,volume_impact_scale
24,6,12,12,2500,1750,375,375,0.5154285714285715,0.568,1d_target,price_seq_1d_target,open_ema_12_48_spread,0.5,0.3324420677361854,0.0,0.0,0.13297682709447417,open,ema_12_48_spread,global,open_ema_12_48_spread
24,6,12,12,2500,1750,375,375,0.5154285714285715,0.568,1d_target,price_seq_1d_target,high_z_long,0.5,0.3324420677361854,0.0,0.0,0.13297682709447417,high,z_long,global,high_z_long
24,6,12,12,2500,1750,375,375,0.5154285714285715,0.568,1d_target,price_seq_1d_target,close_roc_12,0.5,0.3324420677361854,0.0,0.0,0.13297682709447417,close,roc_12,global,close_roc_12
24,6,12,12,2500,1750,375,375,0.5154285714285715,0.568,1d_target,price_seq_1d_target,close_ema_12_48_spread,0.5,0.3324420677361854,0.0,0.0,0.13297682709447417,close,ema_12_48_spread,global,close_ema_12_48_spread
24,6,12,12,2500,1750,375,375,0.5154285714285715,0.568,1d_target,price_seq_1d_target,sell_volume_roc_1,0.5,0.3324420677361854,0.0,0.0,0.13297682709447417,sell_volume,roc_1,global,sell_volume_roc_1
24,6,12,12,2500,1750,375,375,0.5154285714285715,0.568,1d_target,price_seq_1d_target,quote_volume_z_long,0.5,0.3324420677361854,0.0,0.0,0.13297682709447417,quote_volume,z_long,global,quote_volume_z_long
24,6,12,12,2500,1750,375,375,0.5154285714285715,0.568,1d_target,price_seq_1d_target,liq_long_ema_12_48_spread,0.5,0.3324420677361854,0.0,0.0,0.13297682709447417,liq_long,ema_12_48_spread,global,liq_long_ema_12_48_spread
24,6,12,12,2500,1750,375,375,0.5154285714285715,0.568,1d_others,price_seq_1d_others,ETHUSDT_ret_1d_scale,0.5,0.3324420677361854,0.0,0.0,0.13297682709447417,ret_1d,scale,symbol,ret_1d_scale
24,6,12,12,2500,1750,375,375,0.5154285714285715,0.568,1d_others,price_seq_1d_others,ETHUSDT_ret_3d_z,0.5,0.3324420677361854,0.0,0.0,0.13297682709447417,ret_3d,z,symbol,ret_3d_z
24,6,12,12,2500,1750,375,375,0.5154285714285715,0.568,1d_others,price_seq_1d_others,ETHUSDT_oi_close_scale,0.5,0.3324420677361854,0.0,0.0,0.13297682709447417,oi_close,scale,symbol,oi_close_scale
24,6,12,12,2500,1750,375,375,0.5154285714285715,0.568,1d_others,price_seq_1d_others,ETHUSDT_ls_account_ratio_z,0.5,0.3324420677361854,0.0,0.0,0.13297682709447417,ls_account_ratio,z,symbol,ls_account_ratio_z
24,6,12,12,2500,1750,375,375,0.5154285714285715,0.568,1d_others,price_seq_1d_others,ETHUSDT_liq_long_log_z,0.5,0.3324420677361854,0.0,0.0,0.13297682709447417,liq_long,log_z,symbol,liq_long_log_z
24,6,12,12,2500,1750,375,375,0.5154285714285715,0.568,1d_others,price_seq_1d_others,ETHUSDT_open_z_short,0.5,0.3324420677361854,363.0,0.23992068737607403,0.16896493020088527,open,z_short,symbol,open_z_short
24,6,12,12,2500,1750,375,375,0.5154285714285715,0.568,1d_others,price_seq_1d_others,ETHUSDT_high_roc_12,0.5,0.3324420677361854,0.0,0.0,0.13297682709447417,high,roc_12,symbol,high_roc_12
24,6,12,12,2500,1750,375,375,0.5154285714285715,0.568,1d_others,price_seq_1d_others,ETHUSDT_low_z_short,0.5,0.3324420677361854,0.0,0.0,0.13297682709447417,low,z_short,symbol,low_z_short
24,6,12,12,2500,1750,375,375,0.5154285714285715,0.568,1d_others,price_seq_1d_others,ETHUSDT_low_roc_1,0.5,0.3324420677361854,0.0,0.0,0.13297682709447417,low,roc_1,symbol,low_roc_1
24,6,12,12,2500,1750,375,375,0.5154285714285715,0.568,1d_others,price_seq_1d_others,ETHUSDT_volume_roc_1,0.5,0.3324420677361854,0.0,0.0,0.13297682709447417,volume,roc_1,symbol,volume_roc_1
24,6,12,12,2500,1750,375,375,0.5154285714285715,0.568,1d_others,price_seq_1d_others,ETHUSDT_volume_ema_12_48_spread,0.5,0.3324420677361854,0.0,0.0,0.13297682709447417,volume,ema_12_48_spread,symbol,volume_ema_12_48_spread
24,6,12,12,2500,1750,375,375,0.5154285714285715,0.568,1d_others,price_seq_1d_others,ETHUSDT_buy_volume_z_long,0.5,0.3324420677361854,0.0,0.0,0.13297682709447417,buy_volume,z_long,symbol,buy_volume_z_long
24,6,12,12,2500,1750,375,375,0.5154285714285715,0.568,1d_others,price_seq_1d_others,ETHUSDT_buy_volume_roc_12,0.5,0.3324420677361854,0.0,0.0,0.13297682709447417,buy_volume,roc_12,symbol,buy_volume_roc_12
24,6,12,12,2500,1750,375,375,0.5154285714285715,0.568,1d_others,price_seq_1d_others,ETHUSDT_volume_ratio_z_long,0.5,0.3324420677361854,0.0,0.0,0.13297682709447417,volume_ratio,z_long,symbol,volume_ratio_z_long
24,6,12,12,2500,1750,375,375,0.5154285714285715,0.568,1d_others,price_seq_1d_others,ETHUSDT_trades_z_short,0.5,0.3324420677361854,0.0,0.0,0.13297682709447417,trades,z_short,symbol,trades_z_short
24,6,12,12,2500,1750,375,375,0.5154285714285715,0.568,1d_others,price_seq_1d_others,ETHUSDT_trades_z_long,0.5,0.3324420677361854,0.0,0.0,0.13297682709447417,trades,z_long,symbol,trades_z_long
24,6,12,12,2500,1750,375,375,0.5154285714285715,0.568,1d_others,price_seq_1d_others,ETHUSDT_trades_ema_12_48_spread,0.5650901292528836,0.3324420677361854,728.0,0.48116325181758096,0.2637324311947066,trades,ema_12_48_spread,symbol,trades_ema_12_48_spread
24,6,12,12,2500,1750,375,375,0.5154285714285715,0.568,1d_others,price_seq_1d_others,ETHUSDT_quote_volume_z_short,0.5,0.3324420677361854,0.0,0.0,0.13297682709447417,quote_volume,z_short,symbol,quote_volume_z_short
24,6,12,12,2500,1750,375,375,0.5154285714285715,0.568,1d_others,price_seq_1d_others,ETHUSDT_quote_volume_roc_1,0.5,0.3324420677361854,0.0,0.0,0.13297682709447417,quote_volume,roc_1,symbol,quote_volume_roc_1
24,6,12,12,2500,1750,375,375,0.5154285714285715,0.568,1d_others,price_seq_1d_others,ETHUSDT_quote_volume_roc_12,0.5,0.3324420677361854,0.0,0.0,0.13297682709447417,quote_volume,roc_12,symbol,quote_volume_roc_12
24,6,12,12,2500,1750,375,375,0.5154285714285715,0.568,1d_others,price_seq_1d_others,ETHUSDT_oi_close_z_long,0.5,0.3324420677361854,0.0,0.0,0.13297682709447417,oi_close,z_long,symbol,oi_close_z_long
24,6,12,12,2500,1750,375,375,0.5154285714285715,0.568,1d_others,price_seq_1d_others,ETHUSDT_oi_close_roc_1,0.5,0.3324420677361854,0.0,0.0,0.13297682709447417,oi_close,roc_1,symbol,oi_close_roc_1
24,6,12,12,2500,1750,375,375,0.5154285714285715,0.568,1d_others,price_seq_1d_others,ETHUSDT_liq_long_z_long,0.5,0.3324420677361854,0.0,0.0,0.13297682709447417,liq_long,z_long,symbol,liq_long_z_long
24,6,12,12,2500,1750,375,375,0.5154285714285715,0.568,1d_others,price_seq_1d_others,ETHUSDT_liq_long_roc_1,0.5,0.3324420677361854,0.0,0.0,0.13297682709447417,liq_long,roc_1,symbol,liq_long_roc_1
24,6,12,12,2500,1750,375,375,0.5154285714285715,0.568,1d_others,price_seq_1d_others,ETHUSDT_liq_short_z_short,0.5,0.3324420677361854,0.0,0.0,0.13297682709447417,liq_short,z_short,symbol,liq_short_z_short
24,6,12,12,2500,1750,375,375,0.5154285714285715,0.568,1d_others,price_seq_1d_others,ETHUSDT_liq_short_z_long,0.5,0.3324420677361854,0.0,0.0,0.13297682709447417,liq_short,z_long,symbol,liq_short_z_long
24,6,12,12,2500,1750,375,375,0.5154285714285715,0.568,1d_others,price_seq_1d_others,ETHUSDT_liq_short_roc_1,0.5,0.3324420677361854,0.0,0.0,0.13297682709447417,liq_short,roc_1,symbol,liq_short_roc_1
24,6,12,12,2500,1750,375,375,0.5154285714285715,0.568,1d_others,price_seq_1d_others,ETHUSDT_ob_imbalance_roc_12,0.5,0.3324420677361854,0.0,0.0,0.13297682709447417,ob_imbalance,roc_12,symbol,ob_imbalance_roc_12
24,6,12,12,2500,1750,375,375,0.5154285714285715,0.568,1d_others,price_seq_1d_others,SOLUSDT_ret_1d_scale,0.5,0.3324420677361854,0.0,0.0,0.13297682709447417,ret_1d,scale,symbol,ret_1d_scale
24,6,12,12,2500,1750,375,375,0.5154285714285715,0.568,1d_others,price_seq_1d_others,SOLUSDT_ret_3d_z,0.5,0.3324420677361854,0.0,0.0,0.13297682709447417,ret_3d,z,symbol,ret_3d_z
24,6,12,12,2500,1750,375,375,0.5154285714285715,0.568,1d_others,price_seq_1d_others,SOLUSDT_oi_close_scale,0.5,0.3324420677361854,0.0,0.0,0.13297682709447417,oi_close,scale,symbol,oi_close_scale
24,6,12,12,2500,1750,375,375,0.5154285714285715,0.568,1d_others,price_seq_1d_others,SOLUSDT_ls_account_ratio_z,0.5,0.3324420677361854,0.0,0.0,0.13297682709447417,ls_account_ratio,z,symbol,ls_account_ratio_z
24,6,12,12,2500,1750,375,375,0.5154285714285715,0.568,1d_others,price_seq_1d_others,SOLUSDT_liq_long_log_z,0.5,0.3324420677361854,0.0,0.0,0.13297682709447417,liq_long,log_z,symbol,liq_long_log_z
24,6,12,12,2500,1750,375,375,0.5154285714285715,0.568,1d_others,price_seq_1d_others,SOLUSDT_open_z_short,0.575943314206225,0.3324420677361854,179.0,0.11830799735624586,0.21907200948351357,open,z_short,symbol,open_z_short
24,6,12,12,2500,1750,375,375,0.5154285714285715,0.568,1d_others,price_seq_1d_others,SOLUSDT_high_roc_12,0.5,0.3324420677361854,0.0,0.0,0.13297682709447417,high,roc_12,symbol,high_roc_12
24,6,12,12,2500,1750,375,375,0.5154285714285715,0.568,1d_others,price_seq_1d_others,SOLUSDT_low_z_short,0.5,0.3324420677361854,0.0,0.0,0.13297682709447417,low,z_short,symbol,low_z_short
24,6,12,12,2500,1750,375,375,0.5154285714285715,0.568,1d_others,price_seq_1d_others,SOLUSDT_low_roc_1,0.5,0.3324420677361854,0.0,0.0,0.13297682709447417,low,roc_1,symbol,low_roc_1
24,6,12,12,2500,1750,375,375,0.5154285714285715,0.568,1d_others,price_seq_1d_others,SOLUSDT_volume_roc_1,0.5,0.3324420677361854,0.0,0.0,0.13297682709447417,volume,roc_1,symbol,volume_roc_1
24,6,12,12,2500,1750,375,375,0.5154285714285715,0.568,1d_others,price_seq_1d_others,SOLUSDT_volume_ema_12_48_spread,0.5,0.3324420677361854,0.0,0.0,0.13297682709447417,volume,ema_12_48_spread,symbol,volume_ema_12_48_spread
24,6,12,12,2500,1750,375,375,0.5154285714285715,0.568,1d_others,price_seq_1d_others,SOLUSDT_buy_volume_z_long,0.5,0.3324420677361854,0.0,0.0,0.13297682709447417,buy_volume,z_long,symbol,buy_volume_z_long
24,6,12,12,2500,1750,375,375,0.5154285714285715,0.568,1d_others,price_seq_1d_others,SOLUSDT_buy_volume_roc_12,0.5,0.3324420677361854,0.0,0.0,0.13297682709447417,buy_volume,roc_12,symbol,buy_volume_roc_12
24,6,12,12,2500,1750,375,375,0.5154285714285715,0.568,1d_others,price_seq_1d_others,SOLUSDT_volume_ratio_z_long,0.5,0.3324420677361854,0.0,0.0,0.13297682709447417,volume_ratio,z_long,symbol,volume_ratio_z_long
24,6,12,12,2500,1750,375,375,0.5154285714285715,0.568,1d_others,price_seq_1d_others,SOLUSDT_trades_z_short,0.5,0.3324420677361854,0.0,0.0,0.13297682709447417,trades,z_short,symbol,trades_z_short
24,6,12,12,2500,1750,375,375,0.5154285714285715,0.568,1d_others,price_seq_1d_others,SOLUSDT_trades_z_long,0.5,0.3324420677361854,0.0,0.0,0.13297682709447417,trades,z_long,symbol,trades_z_long
24,6,12,12,2500,1750,375,375,0.5154285714285715,0.568,1d_others,price_seq_1d_others,SOLUSDT_trades_ema_12_48_spread,0.5,0.3324420677361854,0.0,0.0,0.13297682709447417,trades,ema_12_48_spread,symbol,trades_ema_12_48_spread
24,6,12,12,2500,1750,375,375,0.5154285714285715,0.568,1d_others,price_seq_1d_others,SOLUSDT_quote_volume_z_short,0.5,0.3324420677361854,0.0,0.0,0.13297682709447417,quote_volume,z_short,symbol,quote_volume_z_short
24,6,12,12,2500,1750,375,375,0.5154285714285715,0.568,1d_others,price_seq_1d_others,SOLUSDT_quote_volume_roc_1,0.5,0.3324420677361854,0.0,0.0,0.13297682709447417,quote_volume,roc_1,symbol,quote_volume_roc_1
24,6,12,12,2500,1750,375,375,0.5154285714285715,0.568,1d_others,price_seq_1d_others,SOLUSDT_quote_volume_roc_12,0.5,0.3324420677361854,0.0,0.0,0.13297682709447417,quote_volume,roc_12,symbol,quote_volume_roc_12
24,6,12,12,2500,1750,375,375,0.5154285714285715,0.568,1d_others,price_seq_1d_others,SOLUSDT_oi_close_z_long,0.5,0.3324420677361854,0.0,0.0,0.13297682709447417,oi_close,z_long,symbol,oi_close_z_long
24,6,12,12,2500,1750,375,375,0.5154285714285715,0.568,1d_others,price_seq_1d_others,SOLUSDT_oi_close_roc_1,0.5,0.3324420677361854,0.0,0.0,0.13297682709447417,oi_close,roc_1,symbol,oi_close_roc_1
24,6,12,12,2500,1750,375,375,0.5154285714285715,0.568,1d_others,price_seq_1d_others,SOLUSDT_liq_long_z_long,0.5829276067930216,0.3324420677361854,235.0,0.1553205551883675,0.2309097564864487,liq_long,z_long,symbol,liq_long_z_long
24,6,12,12,2500,1750,375,375,0.5154285714285715,0.568,1d_others,price_seq_1d_others,SOLUSDT_liq_long_roc_1,0.5,0.3324420677361854,0.0,0.0,0.13297682709447417,liq_long,roc_1,symbol,liq_long_roc_1
24,6,12,12,2500,1750,375,375,0.5154285714285715,0.568,1d_others,price_seq_1d_others,SOLUSDT_liq_short_z_short,0.5,0.3324420677361854,0.0,0.0,0.13297682709447417,liq_short,z_short,symbol,liq_short_z_short
24,6,12,12,2500,1750,375,375,0.5154285714285715,0.568,1d_others,price_seq_1d_others,SOLUSDT_liq_short_z_long,0.5,0.3324420677361854,0.0,0.0,0.13297682709447417,liq_short,z_long,symbol,liq_short_z_long
24,6,12,12,2500,1750,375,375,0.5154285714285715,0.568,1d_others,price_seq_1d_others,SOLUSDT_liq_short_roc_1,0.5,0.3324420677361854,0.0,0.0,0.13297682709447417,liq_short,roc_1,symbol,liq_short_roc_1
24,6,12,12,2500,1750,375,375,0.5154285714285715,0.568,1d_others,price_seq_1d_others,SOLUSDT_ob_imbalance_roc_12,0.5,0.3324420677361854,0.0,0.0,0.13297682709447417,ob_imbalance,roc_12,symbol,ob_imbalance_roc_12
24,6,12,12,2500,1750,375,375,0.5154285714285715,0.568,1d_others,price_seq_1d_others,DOGEUSDT_ret_1d_scale,0.5,0.3324420677361854,0.0,0.0,0.13297682709447417,ret_1d,scale,symbol,ret_1d_scale
24,6,12,12,2500,1750,375,375,0.5154285714285715,0.568,1d_others,price_seq_1d_others,DOGEUSDT_ret_3d_z,0.5,0.3324420677361854,0.0,0.0,0.13297682709447417,ret_3d,z,symbol,ret_3d_z
24,6,12,12,2500,1750,375,375,0.5154285714285715,0.568,1d_others,price_seq_1d_others,DOGEUSDT_oi_close_scale,0.5,0.3324420677361854,0.0,0.0,0.13297682709447417,oi_close,scale,symbol,oi_close_scale
24,6,12,12,2500,1750,375,375,0.5154285714285715,0.568,1d_others,price_seq_1d_others,DOGEUSDT_ls_account_ratio_z,0.5,0.3324420677361854,0.0,0.0,0.13297682709447417,ls_account_ratio,z,symbol,ls_account_ratio_z
24,6,12,12,2500,1750,375,375,0.5154285714285715,0.568,1d_others,price_seq_1d_others,DOGEUSDT_liq_long_log_z,0.5,0.3324420677361854,0.0,0.0,0.13297682709447417,liq_long,log_z,symbol,liq_long_log_z
24,6,12,12,2500,1750,375,375,0.5154285714285715,0.568,1d_others,price_seq_1d_others,DOGEUSDT_open_z_short,0.5,0.3324420677361854,0.0,0.0,0.13297682709447417,open,z_short,symbol,open_z_short
24,6,12,12,2500,1750,375,375,0.5154285714285715,0.568,1d_others,price_seq_1d_others,DOGEUSDT_high_roc_12,0.5,0.3324420677361854,0.0,0.0,0.13297682709447417,high,roc_12,symbol,high_roc_12
24,6,12,12,2500,1750,375,375,0.5154285714285715,0.568,1d_others,price_seq_1d_others,DOGEUSDT_low_z_short,0.5,0.3324420677361854,0.0,0.0,0.13297682709447417,low,z_short,symbol,low_z_short
24,6,12,12,2500,1750,375,375,0.5154285714285715,0.568,1d_others,price_seq_1d_others,DOGEUSDT_low_roc_1,0.5,0.3324420677361854,0.0,0.0,0.13297682709447417,low,roc_1,symbol,low_roc_1
24,6,12,12,2500,1750,375,375,0.5154285714285715,0.568,1d_others,price_seq_1d_others,DOGEUSDT_volume_roc_1,0.5,0.3324420677361854,0.0,0.0,0.13297682709447417,volume,roc_1,symbol,volume_roc_1
24,6,12,12,2500,1750,375,375,0.5154285714285715,0.568,1d_others,price_seq_1d_others,DOGEUSDT_volume_ema_12_48_spread,0.5,0.3324420677361854,0.0,0.0,0.13297682709447417,volume,ema_12_48_spread,symbol,volume_ema_12_48_spread
24,6,12,12,2500,1750,375,375,0.5154285714285715,0.568,1d_others,price_seq_1d_others,DOGEUSDT_buy_volume_z_long,0.575943314206225,0.3324420677361854,0.0,0.0,0.2013258098800767,buy_volume,z_long,symbol,buy_volume_z_long
24,6,12,12,2500,1750,375,375,0.5154285714285715,0.568,1d_others,price_seq_1d_others,DOGEUSDT_buy_volume_roc_12,0.5,0.3324420677361854,0.0,0.0,0.13297682709447417,buy_volume,roc_12,symbol,buy_volume_roc_12
24,6,12,12,2500,1750,375,375,0.5154285714285715,0.568,1d_others,price_seq_1d_others,DOGEUSDT_volume_ratio_z_long,0.5,0.3324420677361854,0.0,0.0,0.13297682709447417,volume_ratio,z_long,symbol,volume_ratio_z_long
24,6,12,12,2500,1750,375,375,0.5154285714285715,0.568,1d_others,price_seq_1d_others,DOGEUSDT_trades_z_short,0.5,0.3324420677361854,0.0,0.0,0.13297682709447417,trades,z_short,symbol,trades_z_short
24,6,12,12,2500,1750,375,375,0.5154285714285715,0.568,1d_others,price_seq_1d_others,DOGEUSDT_trades_z_long,0.5,0.3324420677361854,0.0,0.0,0.13297682709447417,trades,z_long,symbol,trades_z_long
24,6,12,12,2500,1750,375,375,0.5154285714285715,0.568,1d_others,price_seq_1d_others,DOGEUSDT_trades_ema_12_48_spread,0.5,0.3324420677361854,0.0,0.0,0.13297682709447417,trades,ema_12_48_spread,symbol,trades_ema_12_48_spread
24,6,12,12,2500,1750,375,375,0.5154285714285715,0.568,1d_others,price_seq_1d_others,DOGEUSDT_quote_volume_z_short,0.5,0.3324420677361854,0.0,0.0,0.13297682709447417,quote_volume,z_short,symbol,quote_volume_z_short
24,6,12,12,2500,1750,375,375,0.5154285714285715,0.568,1d_others,price_seq_1d_others,DOGEUSDT_quote_volume_roc_1,0.5,0.3324420677361854,0.0,0.0,0.13297682709447417,quote_volume,roc_1,symbol,quote_volume_roc_1
24,6,12,12,2500,1750,375,375,0.5154285714285715,0.568,1d_others,price_seq_1d_others,DOGEUSDT_quote_volume_roc_12,0.5,0.3324420677361854,0.0,0.0,0.13297682709447417,quote_volume,roc_12,symbol,quote_volume_roc_12
24,6,12,12,2500,1750,375,375,0.5154285714285715,0.568,1d_others,price_seq_1d_others,DOGEUSDT_oi_close_z_long,0.5,0.3324420677361854,0.0,0.0,0.13297682709447417,oi_close,z_long,symbol,oi_close_z_long
24,6,12,12,2500,1750,375,375,0.5154285714285715,0.568,1d_others,price_seq_1d_others,DOGEUSDT_oi_close_roc_1,0.5,0.3324420677361854,0.0,0.0,0.13297682709447417,oi_close,roc_1,symbol,oi_close_roc_1
24,6,12,12,2500,1750,375,375,0.5154285714285715,0.568,1d_others,price_seq_1d_others,DOGEUSDT_liq_long_z_long,0.5,0.3324420677361854,0.0,0.0,0.13297682709447417,liq_long,z_long,symbol,liq_long_z_long
24,6,12,12,2500,1750,375,375,0.5154285714285715,0.568,1d_others,price_seq_1d_others,DOGEUSDT_liq_long_roc_1,0.5,0.3324420677361854,0.0,0.0,0.13297682709447417,liq_long,roc_1,symbol,liq_long_roc_1
24,6,12,12,2500,1750,375,375,0.5154285714285715,0.568,1d_others,price_seq_1d_others,DOGEUSDT_liq_short_z_short,0.5,0.3324420677361854,0.0,0.0,0.13297682709447417,liq_short,z_short,symbol,liq_short_z_short
24,6,12,12,2500,1750,375,375,0.5154285714285715,0.568,1d_others,price_seq_1d_others,DOGEUSDT_liq_short_z_long,0.5,0.3324420677361854,0.0,0.0,0.13297682709447417,liq_short,z_long,symbol,liq_short_z_long
24,6,12,12,2500,1750,375,375,0.5154285714285715,0.568,1d_others,price_seq_1d_others,DOGEUSDT_liq_short_roc_1,0.5,0.3324420677361854,0.0,0.0,0.13297682709447417,liq_short,roc_1,symbol,liq_short_roc_1
24,6,12,12,2500,1750,375,375,0.5154285714285715,0.568,1d_others,price_seq_1d_others,DOGEUSDT_ob_imbalance_roc_12,0.5,0.3324420677361854,0.0,0.0,0.13297682709447417,ob_imbalance,roc_12,symbol,ob_imbalance_roc_12
24,6,12,12,2500,1750,375,375,0.5154285714285715,0.568,1d_others,price_seq_1d_others,1000PEPEUSDT_ret_1d_scale,0.5829276067930216,0.3324420677361854,0.0,0.0,0.2076116732081936,ret_1d,scale,symbol,ret_1d_scale
24,6,12,12,2500,1750,375,375,0.5154285714285715,0.568,1d_others,price_seq_1d_others,1000PEPEUSDT_ret_3d_z,0.5,0.3324420677361854,0.0,0.0,0.13297682709447417,ret_3d,z,symbol,ret_3d_z
24,6,12,12,2500,1750,375,375,0.5154285714285715,0.568,1d_others,price_seq_1d_others,1000PEPEUSDT_oi_close_scale,0.5,0.3324420677361854,0.0,0.0,0.13297682709447417,oi_close,scale,symbol,oi_close_scale
24,6,12,12,2500,1750,375,375,0.5154285714285715,0.568,1d_others,price_seq_1d_others,1000PEPEUSDT_ls_account_ratio_z,0.5,0.3324420677361854,0.0,0.0,0.13297682709447417,ls_account_ratio,z,symbol,ls_account_ratio_z
24,6,12,12,2500,1750,375,375,0.5154285714285715,0.568,1d_others,price_seq_1d_others,1000PEPEUSDT_liq_long_log_z,0.5,0.3324420677361854,0.0,0.0,0.13297682709447417,liq_long,log_z,symbol,liq_long_log_z
24,6,12,12,2500,1750,375,375,0.5154285714285715,0.568,1d_others,price_seq_1d_others,1000PEPEUSDT_open_z_short,0.5,0.3324420677361854,0.0,0.0,0.13297682709447417,open,z_short,symbol,open_z_short
24,6,12,12,2500,1750,375,375,0.5154285714285715,0.568,1d_others,price_seq_1d_others,1000PEPEUSDT_high_roc_12,0.5,0.3324420677361854,0.0,0.0,0.13297682709447417,high,roc_12,symbol,high_roc_12
24,6,12,12,2500,1750,375,375,0.5154285714285715,0.568,1d_others,price_seq_1d_others,1000PEPEUSDT_low_z_short,0.5,0.3324420677361854,0.0,0.0,0.13297682709447417,low,z_short,symbol,low_z_short
24,6,12,12,2500,1750,375,375,0.5154285714285715,0.568,1d_others,price_seq_1d_others,1000PEPEUSDT_low_roc_1,0.5,0.3324420677361854,0.0,0.0,0.13297682709447417,low,roc_1,symbol,low_roc_1
24,6,12,12,2500,1750,375,375,0.5154285714285715,0.568,1d_others,price_seq_1d_others,1000PEPEUSDT_volume_roc_1,0.5,0.3324420677361854,0.0,0.0,0.13297682709447417,volume,roc_1,symbol,volume_roc_1
24,6,12,12,2500,1750,375,375,0.5154285714285715,0.568,1d_others,price_seq_1d_others,1000PEPEUSDT_volume_ema_12_48_spread,0.5,0.3324420677361854,0.0,0.0,0.13297682709447417,volume,ema_12_48_spread,symbol,volume_ema_12_48_spread
24,6,12,12,2500,1750,375,375,0.5154285714285715,0.568,1d_others,price_seq_1d_others,1000PEPEUSDT_buy_volume_z_long,0.5,0.3324420677361854,0.0,0.0,0.13297682709447417,buy_volume,z_long,symbol,buy_volume_z_long
24,6,12,12,2500,1750,375,375,0.5154285714285715,0.568,1d_others,price_seq_1d_others,1000PEPEUSDT_buy_volume_roc_12,0.5,0.3324420677361854,0.0,0.0,0.13297682709447417,buy_volume,roc_12,symbol,buy_volume_roc_12
24,6,12,12,2500,1750,375,375,0.5154285714285715,0.568,1d_others,price_seq_1d_others,1000PEPEUSDT_volume_ratio_z_long,0.5,0.3324420677361854,0.0,0.0,0.13297682709447417,volume_ratio,z_long,symbol,volume_ratio_z_long
24,6,12,12,2500,1750,375,375,0.5154285714285715,0.568,1d_others,price_seq_1d_others,1000PEPEUSDT_trades_z_short,0.5,0.3324420677361854,0.0,0.0,0.13297682709447417,trades,z_short,symbol,trades_z_short
24,6,12,12,2500,1750,375,375,0.5154285714285715,0.568,1d_others,price_seq_1d_others,1000PEPEUSDT_trades_z_long,0.5,0.3324420677361854,0.0,0.0,0.13297682709447417,trades,z_long,symbol,trades_z_long
24,6,12,12,2500,1750,375,375,0.5154285714285715,0.568,1d_others,price_seq_1d_others,1000PEPEUSDT_trades_ema_12_48_spread,0.5,0.3324420677361854,0.0,0.0,0.13297682709447417,trades,ema_12_48_spread,symbol,trades_ema_12_48_spread
24,6,12,12,2500,1750,375,375,0.5154285714285715,0.568,1d_others,price_seq_1d_others,1000PEPEUSDT_quote_volume_z_short,0.5,0.3324420677361854,8.0,0.005287508261731659,0.13376995333373393,quote_volume,z_short,symbol,quote_volume_z_short
24,6,12,12,2500,1750,375,375,0.5154285714285715,0.568,1d_others,price_seq_1d_others,1000PEPEUSDT_quote_volume_roc_1,0.5,0.3324420677361854,0.0,0.0,0.13297682709447417,quote_volume,roc_1,symbol,quote_volume_roc_1
24,6,12,12,2500,1750,375,375,0.5154285714285715,0.568,1d_others,price_seq_1d_others,1000PEPEUSDT_quote_volume_roc_12,0.5,0.3324420677361854,0.0,0.0,0.13297682709447417,quote_volume,roc_12,symbol,quote_volume_roc_12
24,6,12,12,2500,1750,375,375,0.5154285714285715,0.568,1d_others,price_seq_1d_others,1000PEPEUSDT_oi_close_z_long,0.5,0.3324420677361854,0.0,0.0,0.13297682709447417,oi_close,z_long,symbol,oi_close_z_long
24,6,12,12,2500,1750,375,375,0.5154285714285715,0.568,1d_others,price_seq_1d_others,1000PEPEUSDT_oi_close_roc_1,0.5,0.3324420677361854,0.0,0.0,0.13297682709447417,oi_close,roc_1,symbol,oi_close_roc_1
24,6,12,12,2500,1750,375,375,0.5154285714285715,0.568,1d_others,price_seq_1d_others,1000PEPEUSDT_liq_long_z_long,0.5,0.3324420677361854,0.0,0.0,0.13297682709447417,liq_long,z_long,symbol,liq_long_z_long
24,6,12,12,2500,1750,375,375,0.5154285714285715,0.568,1d_others,price_seq_1d_others,1000PEPEUSDT_liq_long_roc_1,0.5,0.3324420677361854,0.0,0.0,0.13297682709447417,liq_long,roc_1,symbol,liq_long_roc_1
24,6,12,12,2500,1750,375,375,0.5154285714285715,0.568,1d_others,price_seq_1d_others,1000PEPEUSDT_liq_short_z_short,0.5,0.3324420677361854,0.0,0.0,0.13297682709447417,liq_short,z_short,symbol,liq_short_z_short
24,6,12,12,2500,1750,375,375,0.5154285714285715,0.568,1d_others,price_seq_1d_others,1000PEPEUSDT_liq_short_z_long,0.5,0.3324420677361854,0.0,0.0,0.13297682709447417,liq_short,z_long,symbol,liq_short_z_long
24,6,12,12,2500,1750,375,375,0.5154285714285715,0.568,1d_others,price_seq_1d_others,1000PEPEUSDT_liq_short_roc_1,0.5,0.3324420677361854,0.0,0.0,0.13297682709447417,liq_short,roc_1,symbol,liq_short_roc_1
24,6,12,12,2500,1750,375,375,0.5154285714285715,0.568,1d_others,price_seq_1d_others,1000PEPEUSDT_ob_imbalance_roc_12,0.5,0.3324420677361854,0.0,0.0,0.13297682709447417,ob_imbalance,roc_12,symbol,ob_imbalance_roc_12
24,6,12,12,2500,1750,375,375,0.5154285714285715,0.568,1d_others,price_seq_1d_others,sopr_z,0.5,0.3324420677361854,0.0,0.0,0.13297682709447417,sopr,z,global,sopr_z
24,6,12,12,2500,1750,375,375,0.5154285714285715,0.568,1d_others,price_seq_1d_others,fear_greed_roc_12,0.5,0.3324420677361854,0.0,0.0,0.13297682709447417,fear_greed,roc_12,global,fear_greed_roc_12
24,6,12,12,2500,1750,375,375,0.5154285714285715,0.568,1d_others,price_seq_1d_others,altcoin_season_roc_1,0.5,0.3324420677361854,0.0,0.0,0.13297682709447417,altcoin_season,roc_1,global,altcoin_season_roc_1
24,6,12,12,2500,1750,375,375,0.5154285714285715,0.568,1d_others,price_seq_1d_others,altcoin_season_roc_12,0.5,0.3324420677361854,0.0,0.0,0.13297682709447417,altcoin_season,roc_12,global,altcoin_season_roc_12
24,6,12,12,2500,1750,375,375,0.5154285714285715,0.568,1d_others,price_seq_1d_others,altcoin_season_ema_12_48_spread,0.5,0.3324420677361854,0.0,0.0,0.13297682709447417,altcoin_season,ema_12_48_spread,global,altcoin_season_ema_12_48_spread
24,6,12,12,2500,1750,375,375,0.5154285714285715,0.568,1d_others,price_seq_1d_others,bmo_ema_12_48_spread,0.5,0.3324420677361854,0.0,0.0,0.13297682709447417,bmo,ema_12_48_spread,global,bmo_ema_12_48_spread
24,6,12,12,2500,1750,375,375,0.5154285714285715,0.568,1d_others,price_seq_1d_others,sopr_roc_12,0.43104097838057154,0.3324420677361854,0.0,0.0,0.13297682709447417,sopr,roc_12,global,sopr_roc_12
24,6,24,24,2500,1750,375,375,0.5291428571428571,0.6266666666666667,5m_target,price_seq_target,volume_ratio_z_short,0.4359878419452888,0.33109619686800895,390.0,0.0986093552465234,0.14722988203418208,volume_ratio,z_short,global,volume_ratio_z_short
24,6,24,24,2500,1750,375,375,0.5291428571428571,0.6266666666666667,5m_target,price_seq_target,volume_ratio_z_long,0.5970820668693009,0.3301929116195603,506.0,0.12793931731984828,0.23864192242817214,volume_ratio,z_long,global,volume_ratio_z_long
24,6,24,24,2500,1750,375,375,0.5291428571428571,0.6266666666666667,5m_target,price_seq_target,long_short_ratio_z,0.37063829787234037,0.33064516129032256,420.0,0.10619469026548672,0.14818726805595206,long_short_ratio,z,global,long_short_ratio_z
24,6,24,24,2500,1750,375,375,0.5291428571428571,0.6266666666666667,5m_target,price_seq_target,sell_volume_roc_12,0.39699088145896655,0.31603553062178585,433.0,0.10948166877370417,0.14283646256476998,sell_volume,roc_12,global,sell_volume_roc_12
24,6,24,24,2500,1750,375,375,0.5291428571428571,0.6266666666666667,5m_target,price_seq_target,sell_volume_roc_1,0.4453495440729484,0.33109619686800895,604.0,0.15271807838179519,0.15534619050447285,sell_volume,roc_1,global,sell_volume_roc_1
24,6,24,24,2500,1750,375,375,0.5291428571428571,0.6266666666666667,5m_target,price_seq_target,sell_volume_ema_12_48_spread,0.4195744680851064,0.32973944294699015,96.0,0.02427307206068268,0.13553673798789845,sell_volume,ema_12_48_spread,global,sell_volume_ema_12_48_spread
24,6,24,24,2500,1750,375,375,0.5291428571428571,0.6266666666666667,5m_target,price_seq_target,volume_ratio_ema_12_48_spread,0.4226747720364742,0.3242009132420091,0.0,0.0,0.12968036529680366,volume_ratio,ema_12_48_spread,global,volume_ratio_ema_12_48_spread
24,6,24,24,2500,1750,375,375,0.5291428571428571,0.6266666666666667,5m_target,price_seq_target,trades_z_long,0.4604103343465046,0.33064516129032256,0.0,0.0,0.13225806451612904,trades,z_long,global,trades_z_long
24,6,24,24,2500,1750,375,375,0.5291428571428571,0.6266666666666667,5m_target,price_seq_target,volume_impact_scale,0.6388601823708207,0.32231404958677684,120.0,0.03034134007585335,0.2584509849798273,volume_impact,scale,global,volume_impact_scale
24,6,24,24,2500,1750,375,375,0.5291428571428571,0.6266666666666667,5m_target,price_seq_target,close_z_long,0.4552735562310031,0.33109619686800895,522.0,0.13198482932996208,0.1522362031466979,close,z_long,global,close_z_long
24,6,24,24,2500,1750,375,375,0.5291428571428571,0.6266666666666667,5m_target,price_seq_target,volume_log_z_short,0.4886930091185411,0.33109619686800895,335.0,0.08470290771175727,0.14514391490396716,volume_log,z_short,global,volume_log_z_short
24,6,24,24,2500,1750,375,375,0.5291428571428571,0.6266666666666667,5m_target,price_seq_target,ret_15m_z_short,0.4525227963525835,0.33109619686800895,529.0,0.13375474083438685,0.1525016898723616,ret_15m,z_short,global,ret_15m_z_short
24,6,24,24,2500,1750,375,375,0.5291428571428571,0.6266666666666667,5m_others,price_seq_others,ETHUSDT_trades_z_short,0.5817629179331307,0.33109619686800895,171.0,0.04142441860465116,0.21223876767771893,trades,z_short,symbol,trades_z_short
24,6,24,24,2500,1750,375,375,0.5291428571428571,0.6266666666666667,5m_others,price_seq_others,ETHUSDT_long_short_ratio_z_short,0.5560182370820669,0.33109619686800895,131.0,0.03173449612403101,0.18761506653966842,long_short_ratio,z_short,symbol,long_short_ratio_z_short
24,6,24,24,2500,1750,375,375,0.5291428571428571,0.6266666666666667,5m_others,price_seq_others,ETHUSDT_volume_log_z,0.5480243161094225,0.33109619686800895,155.0,0.0375484496124031,0.18129263068754428,volume,log_z,symbol,volume_log_z
24,6,24,24,2500,1750,375,375,0.5291428571428571,0.6266666666666667,5m_others,price_seq_others,ETHUSDT_sell_volume_z_short,0.5159270516717325,0.33109619686800895,150.0,0.036337209302325583,0.15222340664711165,sell_volume,z_short,symbol,sell_volume_z_short
24,6,24,24,2500,1750,375,375,0.5291428571428571,0.6266666666666667,5m_others,price_seq_others,ETHUSDT_rsi_14,0.4493313069908814,0.3301929116195603,105.0,0.025436046511627907,0.1358925716245683,rsi_14,raw,symbol,rsi_14
24,6,24,24,2500,1750,375,375,0.5291428571428571,0.6266666666666667,5m_others,price_seq_others,ETHUSDT_buy_volume_z_long,0.5013677811550152,0.33064516129032256,153.0,0.037063953488372096,0.13904866057889856,buy_volume,z_long,symbol,buy_volume_z_long
24,6,24,24,2500,1750,375,375,0.5291428571428571,0.6266666666666667,5m_others,price_seq_others,ETHUSDT_up_volume_ratio_12,0.4557750759878419,0.33064516129032256,129.0,0.03125,0.13694556451612905,up_volume_ratio_12,raw,symbol,up_volume_ratio_12
24,6,24,24,2500,1750,375,375,0.5291428571428571,0.6266666666666667,5m_others,price_seq_others,ETHUSDT_volume_ratio_z_long,0.5546960486322188,0.3274536408864767,86.0,0.020833333333333332,0.18333290012358758,volume_ratio,z_long,symbol,volume_ratio_z_long
24,6,24,24,2500,1750,375,375,0.5291428571428571,0.6266666666666667,5m_others,price_seq_others,ETHUSDT_high_roc_12,0.534468085106383,0.3301929116195603,118.0,0.028585271317829456,0.16738623194124325,high,roc_12,symbol,high_roc_12
24,6,24,24,2500,1750,375,375,0.5291428571428571,0.6266666666666667,5m_others,price_seq_others,ETHUSDT_trades_roc_12,0.531322188449848,0.3301929116195603,149.0,0.03609496124031008,0.16568137843873387,trades,roc_12,symbol,trades_roc_12
24,6,24,24,2500,1750,375,375,0.5291428571428571,0.6266666666666667,5m_others,price_seq_others,ETHUSDT_quote_volume_z_long,0.42016717325227965,0.33109619686800895,121.0,0.02931201550387597,0.13683528107278498,quote_volume,z_long,symbol,quote_volume_z_long
24,6,24,24,2500,1750,375,375,0.5291428571428571,0.6266666666666667,5m_others,price_seq_others,ETHUSDT_volume_impact_scale,0.555258358662614,0.33109619686800895,97.0,0.023498062015503876,0.1856957108458817,volume_impact,scale,symbol,volume_impact_scale
24,6,24,24,2500,1750,375,375,0.5291428571428571,0.6266666666666667,5m_others,price_seq_others,SOLUSDT_trades_z_short,0.60161094224924,0.3301929116195603,156.0,0.0377906976744186,0.22919561732330296,trades,z_short,symbol,trades_z_short
24,6,24,24,2500,1750,375,375,0.5291428571428571,0.6266666666666667,5m_others,price_seq_others,SOLUSDT_long_short_ratio_z_short,0.5276595744680851,0.32882882882882886,150.0,0.036337209302325583,0.16187572994815697,long_short_ratio,z_short,symbol,long_short_ratio_z_short
24,6,24,24,2500,1750,375,375,0.5291428571428571,0.6266666666666667,5m_others,price_seq_others,SOLUSDT_volume_log_z,0.2826747720364742,0.33109619686800895,149.0,0.03609496124031008,0.1378527229332501,volume,log_z,symbol,volume_log_z
24,6,24,24,2500,1750,375,375,0.5291428571428571,0.6266666666666667,5m_others,price_seq_others,SOLUSDT_sell_volume_z_short,0.5774468085106382,0.33109619686800895,133.0,0.03221899224806202,0.2069734552439873,sell_volume,z_short,symbol,sell_volume_z_short
24,6,24,24,2500,1750,375,375,0.5291428571428571,0.6266666666666667,5m_others,price_seq_others,SOLUSDT_rsi_14,0.555531914893617,0.33109619686800895,167.0,0.04045542635658915,0.1884855161049472,rsi_14,raw,symbol,rsi_14
24,6,24,24,2500,1750,375,375,0.5291428571428571,0.6266666666666667,5m_others,price_seq_others,SOLUSDT_buy_volume_z_long,0.4896960486322188,0.33109619686800895,174.0,0.04215116279069767,0.13876115316580823,buy_volume,z_long,symbol,buy_volume_z_long
24,6,24,24,2500,1750,375,375,0.5291428571428571,0.6266666666666667,5m_others,price_seq_others,SOLUSDT_up_volume_ratio_12,0.43746200607902735,0.33064516129032256,116.0,0.02810077519379845,0.1364731807951988,up_volume_ratio_12,raw,symbol,up_volume_ratio_12
24,6,24,24,2500,1750,375,375,0.5291428571428571,0.6266666666666667,5m_others,price_seq_others,SOLUSDT_volume_ratio_z_long,0.48968085106382975,0.33109619686800895,139.0,0.033672480620155036,0.13748935084022684,volume_ratio,z_long,symbol,volume_ratio_z_long
24,6,24,24,2500,1750,375,375,0.5291428571428571,0.6266666666666667,5m_others,price_seq_others,SOLUSDT_high_roc_12,0.528723404255319,0.33109619686800895,62.0,0.015019379844961241,0.1605424495537349,high,roc_12,symbol,high_roc_12
24,6,24,24,2500,1750,375,375,0.5291428571428571,0.6266666666666667,5m_others,price_seq_others,SOLUSDT_trades_roc_12,0.5420668693009119,0.32973944294699015,0.0,0.0,0.16975595954961673,trades,roc_12,symbol,trades_roc_12
24,6,24,24,2500,1750,375,375,0.5291428571428571,0.6266666666666667,5m_others,price_seq_others,SOLUSDT_quote_volume_z_long,0.5418541033434651,0.33109619686800895,0.0,0.0,0.17010717175632215,quote_volume,z_long,symbol,quote_volume_z_long
24,6,24,24,2500,1750,375,375,0.5291428571428571,0.6266666666666667,5m_others,price_seq_others,SOLUSDT_volume_impact_scale,0.5410942249240122,0.33109619686800895,0.0,0.0,0.16942328117881453,volume_impact,scale,symbol,volume_impact_scale
24,6,24,24,2500,1750,375,375,0.5291428571428571,0.6266666666666667,5m_others,price_seq_others,DOGEUSDT_trades_z_short,0.495790273556231,0.3292847503373819,0.0,0.0,0.13171390013495277,trades,z_short,symbol,trades_z_short
24,6,24,24,2500,1750,375,375,0.5291428571428571,0.6266666666666667,5m_others,price_seq_others,DOGEUSDT_long_short_ratio_z_short,0.28857142857142853,0.3301929116195603,0.0,0.0,0.13207716464782412,long_short_ratio,z_short,symbol,long_short_ratio_z_short
24,6,24,24,2500,1750,375,375,0.5291428571428571,0.6266666666666667,5m_others,price_seq_others,DOGEUSDT_volume_log_z,0.6503343465045591,0.32973944294699015,0.0,0.0,0.2671966890328993,volume,log_z,symbol,volume_log_z
24,6,24,24,2500,1750,375,375,0.5291428571428571,0.6266666666666667,5m_others,price_seq_others,DOGEUSDT_sell_volume_z_short,0.4655927051671732,0.3292847503373819,0.0,0.0,0.13171390013495277,sell_volume,z_short,symbol,sell_volume_z_short
24,6,24,24,2500,1750,375,375,0.5291428571428571,0.6266666666666667,5m_others,price_seq_others,DOGEUSDT_rsi_14,0.3689057750759879,0.33109619686800895,0.0,0.0,0.13243847874720358,rsi_14,raw,symbol,rsi_14
24,6,24,24,2500,1750,375,375,0.5291428571428571,0.6266666666666667,5m_others,price_seq_others,DOGEUSDT_buy_volume_z_long,0.5714285714285714,0.32653061224489793,0.0,0.0,0.19489795918367342,buy_volume,z_long,symbol,buy_volume_z_long
24,6,24,24,2500,1750,375,375,0.5291428571428571,0.6266666666666667,5m_others,price_seq_others,DOGEUSDT_up_volume_ratio_12,0.7158662613981762,0.33109619686800895,0.0,0.0,0.32671811400556217,up_volume_ratio_12,raw,symbol,up_volume_ratio_12
24,6,24,24,2500,1750,375,375,0.5291428571428571,0.6266666666666667,5m_others,price_seq_others,DOGEUSDT_volume_ratio_z_long,0.49785714285714283,0.3283716734325665,0.0,0.0,0.1313486693730266,volume_ratio,z_long,symbol,volume_ratio_z_long
24,6,24,24,2500,1750,375,375,0.5291428571428571,0.6266666666666667,5m_others,price_seq_others,DOGEUSDT_high_roc_12,0.4873100303951368,0.3301929116195603,0.0,0.0,0.13207716464782412,high,roc_12,symbol,high_roc_12
24,6,24,24,2500,1750,375,375,0.5291428571428571,0.6266666666666667,5m_others,price_seq_others,DOGEUSDT_trades_roc_12,0.41344984802431606,0.3260672116257947,0.0,0.0,0.1304268846503179,trades,roc_12,symbol,trades_roc_12
24,6,24,24,2500,1750,375,375,0.5291428571428571,0.6266666666666667,5m_others,price_seq_others,DOGEUSDT_quote_volume_z_long,0.2989969604863222,0.33109619686800895,79.0,0.019137596899224806,0.1353091182820873,quote_volume,z_long,symbol,quote_volume_z_long
24,6,24,24,2500,1750,375,375,0.5291428571428571,0.6266666666666667,5m_others,price_seq_others,DOGEUSDT_volume_impact_scale,0.47268996960486326,0.33109619686800895,85.0,0.020591085271317828,0.13552714153790124,volume_impact,scale,symbol,volume_impact_scale
24,6,24,24,2500,1750,375,375,0.5291428571428571,0.6266666666666667,5m_others,price_seq_others,1000PEPEUSDT_trades_z_short,0.6508510638297872,0.33109619686800895,131.0,0.03173449612403101,0.2729646106126167,trades,z_short,symbol,trades_z_short
24,6,24,24,2500,1750,375,375,0.5291428571428571,0.6266666666666667,5m_others,price_seq_others,1000PEPEUSDT_long_short_ratio_z_short,0.4598784194528876,0.3283716734325665,124.0,0.030038759689922482,0.13585448332651498,long_short_ratio,z_short,symbol,long_short_ratio_z_short
24,6,24,24,2500,1750,375,375,0.5291428571428571,0.6266666666666667,5m_others,price_seq_others,1000PEPEUSDT_volume_log_z,0.3741489361702127,0.33109619686800895,128.0,0.031007751937984496,0.13708964153790126,volume,log_z,symbol,volume_log_z
24,6,24,24,2500,1750,375,375,0.5291428571428571,0.6266666666666667,5m_others,price_seq_others,1000PEPEUSDT_sell_volume_z_short,0.6554711246200607,0.33109619686800895,96.0,0.023255813953488372,0.2758508629982815,sell_volume,z_short,symbol,sell_volume_z_short
24,6,24,24,2500,1750,375,375,0.5291428571428571,0.6266666666666667,5m_others,price_seq_others,1000PEPEUSDT_rsi_14,0.38919452887538,0.33109619686800895,88.0,0.02131782945736434,0.13563615316580824,rsi_14,raw,symbol,rsi_14
24,6,24,24,2500,1750,375,375,0.5291428571428571,0.6266666666666667,5m_others,price_seq_others,1000PEPEUSDT_buy_volume_z_long,0.39171732522796354,0.33109619686800895,93.0,0.02252906976744186,0.13581783921231985,buy_volume,z_long,symbol,buy_volume_z_long
24,6,24,24,2500,1750,375,375,0.5291428571428571,0.6266666666666667,5m_others,price_seq_others,1000PEPEUSDT_up_volume_ratio_12,0.5258966565349544,0.33109619686800895,66.0,0.015988372093023256,0.15814372544261604,up_volume_ratio_12,raw,symbol,up_volume_ratio_12
24,6,24,24,2500,1750,375,375,0.5291428571428571,0.6266666666666667,5m_others,price_seq_others,1000PEPEUSDT_volume_ratio_z_long,0.5116109422492401,0.33109619686800895,96.0,0.023255813953488372,0.1463766988645429,volume_ratio,z_long,symbol,volume_ratio_z_long
24,6,24,24,2500,1750,375,375,0.5291428571428571,0.6266666666666667,5m_others,price_seq_others,1000PEPEUSDT_high_roc_12,0.6285410334346505,0.33109619686800895,89.0,0.021560077519379845,0.251359420466296,high,roc_12,symbol,high_roc_12
24,6,24,24,2500,1750,375,375,0.5291428571428571,0.6266666666666667,5m_others,price_seq_others,1000PEPEUSDT_trades_roc_12,0.5551671732522796,0.33109619686800895,88.0,0.02131782945736434,0.18528660909285988,trades,roc_12,symbol,trades_roc_12
24,6,24,24,2500,1750,375,375,0.5291428571428571,0.6266666666666667,5m_others,price_seq_others,1000PEPEUSDT_quote_volume_z_long,0.39621580547112456,0.33109619686800895,80.0,0.01937984496124031,0.13534545549138963,quote_volume,z_long,symbol,quote_volume_z_long
24,6,24,24,2500,1750,375,375,0.5291428571428571,0.6266666666666667,5m_others,price_seq_others,1000PEPEUSDT_volume_impact_scale,0.5375683890577507,0.3283716734325665,74.0,0.017926356589147287,0.16784917301337435,volume_impact,scale,symbol,volume_impact_scale
24,6,24,24,2500,1750,375,375,0.5291428571428571,0.6266666666666667,1d_target,price_seq_1d_target,ret_1d_z_short,0.5,0.33109619686800895,0.0,0.0,0.13243847874720358,ret_1d,z_short,global,ret_1d_z_short
24,6,24,24,2500,1750,375,375,0.5291428571428571,0.6266666666666667,1d_target,price_seq_1d_target,ret_3d_z_short,0.5,0.33109619686800895,0.0,0.0,0.13243847874720358,ret_3d,z_short,global,ret_3d_z_short
24,6,24,24,2500,1750,375,375,0.5291428571428571,0.6266666666666667,1d_target,price_seq_1d_target,ret_7d_z_long,0.5,0.33109619686800895,0.0,0.0,0.13243847874720358,ret_7d,z_long,global,ret_7d_z_long
24,6,24,24,2500,1750,375,375,0.5291428571428571,0.6266666666666667,1d_target,price_seq_1d_target,body_1d_z,0.5,0.33109619686800895,0.0,0.0,0.13243847874720358,body_1d,z,global,body_1d_z
24,6,24,24,2500,1750,375,375,0.5291428571428571,0.6266666666666667,1d_target,price_seq_1d_target,oi_close_scale,0.5,0.33109619686800895,0.0,0.0,0.13243847874720358,oi_close,scale,global,oi_close_scale
24,6,24,24,2500,1750,375,375,0.5291428571428571,0.6266666666666667,1d_target,price_seq_1d_target,funding_close_scale,0.5,0.33109619686800895,0.0,0.0,0.13243847874720358,funding_close,scale,global,funding_close_scale
24,6,24,24,2500,1750,375,375,0.5291428571428571,0.6266666666666667,1d_target,price_seq_1d_target,ls_account_ratio_z,0.5,0.33109619686800895,0.0,0.0,0.13243847874720358,ls_account_ratio,z,global,ls_account_ratio_z
24,6,24,24,2500,1750,375,375,0.5291428571428571,0.6266666666666667,1d_target,price_seq_1d_target,liq_long_log_scale,0.5,0.33109619686800895,0.0,0.0,0.13243847874720358,liq_long_log,scale,global,liq_long_log_scale
24,6,24,24,2500,1750,375,375,0.5291428571428571,0.6266666666666667,1d_target,price_seq_1d_target,volume_impact_scale,0.5,0.33109619686800895,0.0,0.0,0.13243847874720358,volume_impact,scale,global,volume_impact_scale
24,6,24,24,2500,1750,375,375,0.5291428571428571,0.6266666666666667,1d_target,price_seq_1d_target,open_ema_12_48_spread,0.5,0.33109619686800895,0.0,0.0,0.13243847874720358,open,ema_12_48_spread,global,open_ema_12_48_spread
24,6,24,24,2500,1750,375,375,0.5291428571428571,0.6266666666666667,1d_target,price_seq_1d_target,high_z_long,0.5,0.33109619686800895,0.0,0.0,0.13243847874720358,high,z_long,global,high_z_long
24,6,24,24,2500,1750,375,375,0.5291428571428571,0.6266666666666667,1d_target,price_seq_1d_target,close_roc_12,0.5,0.33109619686800895,0.0,0.0,0.13243847874720358,close,roc_12,global,close_roc_12
24,6,24,24,2500,1750,375,375,0.5291428571428571,0.6266666666666667,1d_target,price_seq_1d_target,close_ema_12_48_spread,0.5,0.33109619686800895,0.0,0.0,0.13243847874720358,close,ema_12_48_spread,global,close_ema_12_48_spread
24,6,24,24,2500,1750,375,375,0.5291428571428571,0.6266666666666667,1d_target,price_seq_1d_target,sell_volume_roc_1,0.5,0.33109619686800895,0.0,0.0,0.13243847874720358,sell_volume,roc_1,global,sell_volume_roc_1
24,6,24,24,2500,1750,375,375,0.5291428571428571,0.6266666666666667,1d_target,price_seq_1d_target,quote_volume_z_long,0.5,0.33109619686800895,0.0,0.0,0.13243847874720358,quote_volume,z_long,global,quote_volume_z_long
24,6,24,24,2500,1750,375,375,0.5291428571428571,0.6266666666666667,1d_target,price_seq_1d_target,liq_long_ema_12_48_spread,0.5,0.33109619686800895,0.0,0.0,0.13243847874720358,liq_long,ema_12_48_spread,global,liq_long_ema_12_48_spread
24,6,24,24,2500,1750,375,375,0.5291428571428571,0.6266666666666667,1d_others,price_seq_1d_others,ETHUSDT_ret_1d_scale,0.5,0.33109619686800895,0.0,0.0,0.13243847874720358,ret_1d,scale,symbol,ret_1d_scale
24,6,24,24,2500,1750,375,375,0.5291428571428571,0.6266666666666667,1d_others,price_seq_1d_others,ETHUSDT_ret_3d_z,0.5,0.33109619686800895,0.0,0.0,0.13243847874720358,ret_3d,z,symbol,ret_3d_z
24,6,24,24,2500,1750,375,375,0.5291428571428571,0.6266666666666667,1d_others,price_seq_1d_others,ETHUSDT_oi_close_scale,0.5,0.33109619686800895,0.0,0.0,0.13243847874720358,oi_close,scale,symbol,oi_close_scale
24,6,24,24,2500,1750,375,375,0.5291428571428571,0.6266666666666667,1d_others,price_seq_1d_others,ETHUSDT_ls_account_ratio_z,0.5,0.33109619686800895,0.0,0.0,0.13243847874720358,ls_account_ratio,z,symbol,ls_account_ratio_z
24,6,24,24,2500,1750,375,375,0.5291428571428571,0.6266666666666667,1d_others,price_seq_1d_others,ETHUSDT_liq_long_log_z,0.5,0.33109619686800895,0.0,0.0,0.13243847874720358,liq_long,log_z,symbol,liq_long_log_z
24,6,24,24,2500,1750,375,375,0.5291428571428571,0.6266666666666667,1d_others,price_seq_1d_others,ETHUSDT_open_z_short,0.5,0.33109619686800895,354.0,0.20147979510529312,0.16266044801299753,open,z_short,symbol,open_z_short
24,6,24,24,2500,1750,375,375,0.5291428571428571,0.6266666666666667,1d_others,price_seq_1d_others,ETHUSDT_high_roc_12,0.5,0.33109619686800895,0.0,0.0,0.13243847874720358,high,roc_12,symbol,high_roc_12
24,6,24,24,2500,1750,375,375,0.5291428571428571,0.6266666666666667,1d_others,price_seq_1d_others,ETHUSDT_low_z_short,0.5,0.33109619686800895,0.0,0.0,0.13243847874720358,low,z_short,symbol,low_z_short
24,6,24,24,2500,1750,375,375,0.5291428571428571,0.6266666666666667,1d_others,price_seq_1d_others,ETHUSDT_low_roc_1,0.5,0.33109619686800895,0.0,0.0,0.13243847874720358,low,roc_1,symbol,low_roc_1
24,6,24,24,2500,1750,375,375,0.5291428571428571,0.6266666666666667,1d_others,price_seq_1d_others,ETHUSDT_volume_roc_1,0.5,0.33109619686800895,0.0,0.0,0.13243847874720358,volume,roc_1,symbol,volume_roc_1
24,6,24,24,2500,1750,375,375,0.5291428571428571,0.6266666666666667,1d_others,price_seq_1d_others,ETHUSDT_volume_ema_12_48_spread,0.5,0.33109619686800895,0.0,0.0,0.13243847874720358,volume,ema_12_48_spread,symbol,volume_ema_12_48_spread
24,6,24,24,2500,1750,375,375,0.5291428571428571,0.6266666666666667,1d_others,price_seq_1d_others,ETHUSDT_buy_volume_z_long,0.5,0.33109619686800895,0.0,0.0,0.13243847874720358,buy_volume,z_long,symbol,buy_volume_z_long
24,6,24,24,2500,1750,375,375,0.5291428571428571,0.6266666666666667,1d_others,price_seq_1d_others,ETHUSDT_buy_volume_roc_12,0.5,0.33109619686800895,0.0,0.0,0.13243847874720358,buy_volume,roc_12,symbol,buy_volume_roc_12
24,6,24,24,2500,1750,375,375,0.5291428571428571,0.6266666666666667,1d_others,price_seq_1d_others,ETHUSDT_volume_ratio_z_long,0.5,0.33109619686800895,0.0,0.0,0.13243847874720358,volume_ratio,z_long,symbol,volume_ratio_z_long
24,6,24,24,2500,1750,375,375,0.5291428571428571,0.6266666666666667,1d_others,price_seq_1d_others,ETHUSDT_trades_z_short,0.5,0.33109619686800895,0.0,0.0,0.13243847874720358,trades,z_short,symbol,trades_z_short
24,6,24,24,2500,1750,375,375,0.5291428571428571,0.6266666666666667,1d_others,price_seq_1d_others,ETHUSDT_trades_z_long,0.5,0.33109619686800895,0.0,0.0,0.13243847874720358,trades,z_long,symbol,trades_z_long
24,6,24,24,2500,1750,375,375,0.5291428571428571,0.6266666666666667,1d_others,price_seq_1d_others,ETHUSDT_trades_ema_12_48_spread,0.5205015197568389,0.33109619686800895,825.0,0.4695503699487763,0.22132240202067502,trades,ema_12_48_spread,symbol,trades_ema_12_48_spread
24,6,24,24,2500,1750,375,375,0.5291428571428571,0.6266666666666667,1d_others,price_seq_1d_others,ETHUSDT_quote_volume_z_short,0.5,0.33109619686800895,0.0,0.0,0.13243847874720358,quote_volume,z_short,symbol,quote_volume_z_short
24,6,24,24,2500,1750,375,375,0.5291428571428571,0.6266666666666667,1d_others,price_seq_1d_others,ETHUSDT_quote_volume_roc_1,0.5,0.33109619686800895,0.0,0.0,0.13243847874720358,quote_volume,roc_1,symbol,quote_volume_roc_1
24,6,24,24,2500,1750,375,375,0.5291428571428571,0.6266666666666667,1d_others,price_seq_1d_others,ETHUSDT_quote_volume_roc_12,0.5,0.33109619686800895,0.0,0.0,0.13243847874720358,quote_volume,roc_12,symbol,quote_volume_roc_12
24,6,24,24,2500,1750,375,375,0.5291428571428571,0.6266666666666667,1d_others,price_seq_1d_others,ETHUSDT_oi_close_z_long,0.5,0.33109619686800895,0.0,0.0,0.13243847874720358,oi_close,z_long,symbol,oi_close_z_long
24,6,24,24,2500,1750,375,375,0.5291428571428571,0.6266666666666667,1d_others,price_seq_1d_others,ETHUSDT_oi_close_roc_1,0.5,0.33109619686800895,0.0,0.0,0.13243847874720358,oi_close,roc_1,symbol,oi_close_roc_1
24,6,24,24,2500,1750,375,375,0.5291428571428571,0.6266666666666667,1d_others,price_seq_1d_others,ETHUSDT_liq_long_z_long,0.5,0.33109619686800895,0.0,0.0,0.13243847874720358,liq_long,z_long,symbol,liq_long_z_long
24,6,24,24,2500,1750,375,375,0.5291428571428571,0.6266666666666667,1d_others,price_seq_1d_others,ETHUSDT_liq_long_roc_1,0.5,0.33109619686800895,0.0,0.0,0.13243847874720358,liq_long,roc_1,symbol,liq_long_roc_1
24,6,24,24,2500,1750,375,375,0.5291428571428571,0.6266666666666667,1d_others,price_seq_1d_others,ETHUSDT_liq_short_z_short,0.5,0.33109619686800895,0.0,0.0,0.13243847874720358,liq_short,z_short,symbol,liq_short_z_short
24,6,24,24,2500,1750,375,375,0.5291428571428571,0.6266666666666667,1d_others,price_seq_1d_others,ETHUSDT_liq_short_z_long,0.5,0.33109619686800895,0.0,0.0,0.13243847874720358,liq_short,z_long,symbol,liq_short_z_long
24,6,24,24,2500,1750,375,375,0.5291428571428571,0.6266666666666667,1d_others,price_seq_1d_others,ETHUSDT_liq_short_roc_1,0.5,0.33109619686800895,0.0,0.0,0.13243847874720358,liq_short,roc_1,symbol,liq_short_roc_1
24,6,24,24,2500,1750,375,375,0.5291428571428571,0.6266666666666667,1d_others,price_seq_1d_others,ETHUSDT_ob_imbalance_roc_12,0.5,0.33109619686800895,0.0,0.0,0.13243847874720358,ob_imbalance,roc_12,symbol,ob_imbalance_roc_12
24,6,24,24,2500,1750,375,375,0.5291428571428571,0.6266666666666667,1d_others,price_seq_1d_others,SOLUSDT_ret_1d_scale,0.5,0.33109619686800895,0.0,0.0,0.13243847874720358,ret_1d,scale,symbol,ret_1d_scale
24,6,24,24,2500,1750,375,375,0.5291428571428571,0.6266666666666667,1d_others,price_seq_1d_others,SOLUSDT_ret_3d_z,0.5,0.33109619686800895,0.0,0.0,0.13243847874720358,ret_3d,z,symbol,ret_3d_z
24,6,24,24,2500,1750,375,375,0.5291428571428571,0.6266666666666667,1d_others,price_seq_1d_others,SOLUSDT_oi_close_scale,0.5,0.33109619686800895,0.0,0.0,0.13243847874720358,oi_close,scale,symbol,oi_close_scale
24,6,24,24,2500,1750,375,375,0.5291428571428571,0.6266666666666667,1d_others,price_seq_1d_others,SOLUSDT_ls_account_ratio_z,0.5,0.33109619686800895,0.0,0.0,0.13243847874720358,ls_account_ratio,z,symbol,ls_account_ratio_z
24,6,24,24,2500,1750,375,375,0.5291428571428571,0.6266666666666667,1d_others,price_seq_1d_others,SOLUSDT_liq_long_log_z,0.5,0.33109619686800895,0.0,0.0,0.13243847874720358,liq_long,log_z,symbol,liq_long_log_z
24,6,24,24,2500,1750,375,375,0.5291428571428571,0.6266666666666667,1d_others,price_seq_1d_others,SOLUSDT_open_z_short,0.47287234042553195,0.33109619686800895,157.0,0.08935685828116106,0.14584200748937773,open,z_short,symbol,open_z_short
24,6,24,24,2500,1750,375,375,0.5291428571428571,0.6266666666666667,1d_others,price_seq_1d_others,SOLUSDT_high_roc_12,0.5,0.33109619686800895,0.0,0.0,0.13243847874720358,high,roc_12,symbol,high_roc_12
24,6,24,24,2500,1750,375,375,0.5291428571428571,0.6266666666666667,1d_others,price_seq_1d_others,SOLUSDT_low_z_short,0.5,0.33109619686800895,0.0,0.0,0.13243847874720358,low,z_short,symbol,low_z_short
24,6,24,24,2500,1750,375,375,0.5291428571428571,0.6266666666666667,1d_others,price_seq_1d_others,SOLUSDT_low_roc_1,0.5,0.33109619686800895,0.0,0.0,0.13243847874720358,low,roc_1,symbol,low_roc_1
24,6,24,24,2500,1750,375,375,0.5291428571428571,0.6266666666666667,1d_others,price_seq_1d_others,SOLUSDT_volume_roc_1,0.5,0.33109619686800895,0.0,0.0,0.13243847874720358,volume,roc_1,symbol,volume_roc_1
24,6,24,24,2500,1750,375,375,0.5291428571428571,0.6266666666666667,1d_others,price_seq_1d_others,SOLUSDT_volume_ema_12_48_spread,0.5,0.33109619686800895,0.0,0.0,0.13243847874720358,volume,ema_12_48_spread,symbol,volume_ema_12_48_spread
24,6,24,24,2500,1750,375,375,0.5291428571428571,0.6266666666666667,1d_others,price_seq_1d_others,SOLUSDT_buy_volume_z_long,0.5,0.33109619686800895,0.0,0.0,0.13243847874720358,buy_volume,z_long,symbol,buy_volume_z_long
24,6,24,24,2500,1750,375,375,0.5291428571428571,0.6266666666666667,1d_others,price_seq_1d_others,SOLUSDT_buy_volume_roc_12,0.5,0.33109619686800895,0.0,0.0,0.13243847874720358,buy_volume,roc_12,symbol,buy_volume_roc_12
24,6,24,24,2500,1750,375,375,0.5291428571428571,0.6266666666666667,1d_others,price_seq_1d_others,SOLUSDT_volume_ratio_z_long,0.5,0.33109619686800895,0.0,0.0,0.13243847874720358,volume_ratio,z_long,symbol,volume_ratio_z_long
24,6,24,24,2500,1750,375,375,0.5291428571428571,0.6266666666666667,1d_others,price_seq_1d_others,SOLUSDT_trades_z_short,0.5,0.33109619686800895,0.0,0.0,0.13243847874720358,trades,z_short,symbol,trades_z_short
24,6,24,24,2500,1750,375,375,0.5291428571428571,0.6266666666666667,1d_others,price_seq_1d_others,SOLUSDT_trades_z_long,0.5,0.33109619686800895,0.0,0.0,0.13243847874720358,trades,z_long,symbol,trades_z_long
24,6,24,24,2500,1750,375,375,0.5291428571428571,0.6266666666666667,1d_others,price_seq_1d_others,SOLUSDT_trades_ema_12_48_spread,0.5,0.33109619686800895,0.0,0.0,0.13243847874720358,trades,ema_12_48_spread,symbol,trades_ema_12_48_spread
24,6,24,24,2500,1750,375,375,0.5291428571428571,0.6266666666666667,1d_others,price_seq_1d_others,SOLUSDT_quote_volume_z_short,0.5,0.33109619686800895,0.0,0.0,0.13243847874720358,quote_volume,z_short,symbol,quote_volume_z_short
24,6,24,24,2500,1750,375,375,0.5291428571428571,0.6266666666666667,1d_others,price_seq_1d_others,SOLUSDT_quote_volume_roc_1,0.5,0.33109619686800895,0.0,0.0,0.13243847874720358,quote_volume,roc_1,symbol,quote_volume_roc_1
24,6,24,24,2500,1750,375,375,0.5291428571428571,0.6266666666666667,1d_others,price_seq_1d_others,SOLUSDT_quote_volume_roc_12,0.5,0.33109619686800895,0.0,0.0,0.13243847874720358,quote_volume,roc_12,symbol,quote_volume_roc_12
24,6,24,24,2500,1750,375,375,0.5291428571428571,0.6266666666666667,1d_others,price_seq_1d_others,SOLUSDT_oi_close_z_long,0.5,0.33109619686800895,0.0,0.0,0.13243847874720358,oi_close,z_long,symbol,oi_close_z_long
24,6,24,24,2500,1750,375,375,0.5291428571428571,0.6266666666666667,1d_others,price_seq_1d_others,SOLUSDT_oi_close_roc_1,0.5,0.33109619686800895,0.0,0.0,0.13243847874720358,oi_close,roc_1,symbol,oi_close_roc_1
24,6,24,24,2500,1750,375,375,0.5291428571428571,0.6266666666666667,1d_others,price_seq_1d_others,SOLUSDT_liq_long_z_long,0.5694680851063829,0.33109619686800895,410.0,0.2333523050654525,0.22996260110276606,liq_long,z_long,symbol,liq_long_z_long
24,6,24,24,2500,1750,375,375,0.5291428571428571,0.6266666666666667,1d_others,price_seq_1d_others,SOLUSDT_liq_long_roc_1,0.5,0.33109619686800895,0.0,0.0,0.13243847874720358,liq_long,roc_1,symbol,liq_long_roc_1
24,6,24,24,2500,1750,375,375,0.5291428571428571,0.6266666666666667,1d_others,price_seq_1d_others,SOLUSDT_liq_short_z_short,0.5,0.33109619686800895,0.0,0.0,0.13243847874720358,liq_short,z_short,symbol,liq_short_z_short
24,6,24,24,2500,1750,375,375,0.5291428571428571,0.6266666666666667,1d_others,price_seq_1d_others,SOLUSDT_liq_short_z_long,0.5,0.33109619686800895,0.0,0.0,0.13243847874720358,liq_short,z_long,symbol,liq_short_z_long
24,6,24,24,2500,1750,375,375,0.5291428571428571,0.6266666666666667,1d_others,price_seq_1d_others,SOLUSDT_liq_short_roc_1,0.5,0.33109619686800895,0.0,0.0,0.13243847874720358,liq_short,roc_1,symbol,liq_short_roc_1
24,6,24,24,2500,1750,375,375,0.5291428571428571,0.6266666666666667,1d_others,price_seq_1d_others,SOLUSDT_ob_imbalance_roc_12,0.5,0.33109619686800895,0.0,0.0,0.13243847874720358,ob_imbalance,roc_12,symbol,ob_imbalance_roc_12
24,6,24,24,2500,1750,375,375,0.5291428571428571,0.6266666666666667,1d_others,price_seq_1d_others,DOGEUSDT_ret_1d_scale,0.5,0.33109619686800895,0.0,0.0,0.13243847874720358,ret_1d,scale,symbol,ret_1d_scale
24,6,24,24,2500,1750,375,375,0.5291428571428571,0.6266666666666667,1d_others,price_seq_1d_others,DOGEUSDT_ret_3d_z,0.5,0.33109619686800895,0.0,0.0,0.13243847874720358,ret_3d,z,symbol,ret_3d_z
24,6,24,24,2500,1750,375,375,0.5291428571428571,0.6266666666666667,1d_others,price_seq_1d_others,DOGEUSDT_oi_close_scale,0.5,0.33109619686800895,0.0,0.0,0.13243847874720358,oi_close,scale,symbol,oi_close_scale
24,6,24,24,2500,1750,375,375,0.5291428571428571,0.6266666666666667,1d_others,price_seq_1d_others,DOGEUSDT_ls_account_ratio_z,0.5,0.33109619686800895,0.0,0.0,0.13243847874720358,ls_account_ratio,z,symbol,ls_account_ratio_z
24,6,24,24,2500,1750,375,375,0.5291428571428571,0.6266666666666667,1d_others,price_seq_1d_others,DOGEUSDT_liq_long_log_z,0.5,0.33109619686800895,0.0,0.0,0.13243847874720358,liq_long,log_z,symbol,liq_long_log_z
24,6,24,24,2500,1750,375,375,0.5291428571428571,0.6266666666666667,1d_others,price_seq_1d_others,DOGEUSDT_open_z_short,0.5,0.33109619686800895,0.0,0.0,0.13243847874720358,open,z_short,symbol,open_z_short
24,6,24,24,2500,1750,375,375,0.5291428571428571,0.6266666666666667,1d_others,price_seq_1d_others,DOGEUSDT_high_roc_12,0.5,0.33109619686800895,0.0,0.0,0.13243847874720358,high,roc_12,symbol,high_roc_12
24,6,24,24,2500,1750,375,375,0.5291428571428571,0.6266666666666667,1d_others,price_seq_1d_others,DOGEUSDT_low_z_short,0.5,0.33109619686800895,0.0,0.0,0.13243847874720358,low,z_short,symbol,low_z_short
24,6,24,24,2500,1750,375,375,0.5291428571428571,0.6266666666666667,1d_others,price_seq_1d_others,DOGEUSDT_low_roc_1,0.5,0.33109619686800895,0.0,0.0,0.13243847874720358,low,roc_1,symbol,low_roc_1
24,6,24,24,2500,1750,375,375,0.5291428571428571,0.6266666666666667,1d_others,price_seq_1d_others,DOGEUSDT_volume_roc_1,0.5,0.33109619686800895,0.0,0.0,0.13243847874720358,volume,roc_1,symbol,volume_roc_1
24,6,24,24,2500,1750,375,375,0.5291428571428571,0.6266666666666667,1d_others,price_seq_1d_others,DOGEUSDT_volume_ema_12_48_spread,0.5,0.33109619686800895,0.0,0.0,0.13243847874720358,volume,ema_12_48_spread,symbol,volume_ema_12_48_spread
24,6,24,24,2500,1750,375,375,0.5291428571428571,0.6266666666666667,1d_others,price_seq_1d_others,DOGEUSDT_buy_volume_z_long,0.47287234042553195,0.33109619686800895,0.0,0.0,0.13243847874720358,buy_volume,z_long,symbol,buy_volume_z_long
24,6,24,24,2500,1750,375,375,0.5291428571428571,0.6266666666666667,1d_others,price_seq_1d_others,DOGEUSDT_buy_volume_roc_12,0.5,0.33109619686800895,0.0,0.0,0.13243847874720358,buy_volume,roc_12,symbol,buy_volume_roc_12
24,6,24,24,2500,1750,375,375,0.5291428571428571,0.6266666666666667,1d_others,price_seq_1d_others,DOGEUSDT_volume_ratio_z_long,0.5,0.33109619686800895,0.0,0.0,0.13243847874720358,volume_ratio,z_long,symbol,volume_ratio_z_long
24,6,24,24,2500,1750,375,375,0.5291428571428571,0.6266666666666667,1d_others,price_seq_1d_others,DOGEUSDT_trades_z_short,0.5,0.33109619686800895,0.0,0.0,0.13243847874720358,trades,z_short,symbol,trades_z_short
24,6,24,24,2500,1750,375,375,0.5291428571428571,0.6266666666666667,1d_others,price_seq_1d_others,DOGEUSDT_trades_z_long,0.5,0.33109619686800895,0.0,0.0,0.13243847874720358,trades,z_long,symbol,trades_z_long
24,6,24,24,2500,1750,375,375,0.5291428571428571,0.6266666666666667,1d_others,price_seq_1d_others,DOGEUSDT_trades_ema_12_48_spread,0.5,0.33109619686800895,0.0,0.0,0.13243847874720358,trades,ema_12_48_spread,symbol,trades_ema_12_48_spread
24,6,24,24,2500,1750,375,375,0.5291428571428571,0.6266666666666667,1d_others,price_seq_1d_others,DOGEUSDT_quote_volume_z_short,0.5,0.33109619686800895,0.0,0.0,0.13243847874720358,quote_volume,z_short,symbol,quote_volume_z_short
24,6,24,24,2500,1750,375,375,0.5291428571428571,0.6266666666666667,1d_others,price_seq_1d_others,DOGEUSDT_quote_volume_roc_1,0.5,0.33109619686800895,0.0,0.0,0.13243847874720358,quote_volume,roc_1,symbol,quote_volume_roc_1
24,6,24,24,2500,1750,375,375,0.5291428571428571,0.6266666666666667,1d_others,price_seq_1d_others,DOGEUSDT_quote_volume_roc_12,0.5,0.33109619686800895,0.0,0.0,0.13243847874720358,quote_volume,roc_12,symbol,quote_volume_roc_12
24,6,24,24,2500,1750,375,375,0.5291428571428571,0.6266666666666667,1d_others,price_seq_1d_others,DOGEUSDT_oi_close_z_long,0.5,0.33109619686800895,0.0,0.0,0.13243847874720358,oi_close,z_long,symbol,oi_close_z_long
24,6,24,24,2500,1750,375,375,0.5291428571428571,0.6266666666666667,1d_others,price_seq_1d_others,DOGEUSDT_oi_close_roc_1,0.5,0.33109619686800895,0.0,0.0,0.13243847874720358,oi_close,roc_1,symbol,oi_close_roc_1
24,6,24,24,2500,1750,375,375,0.5291428571428571,0.6266666666666667,1d_others,price_seq_1d_others,DOGEUSDT_liq_long_z_long,0.5,0.33109619686800895,0.0,0.0,0.13243847874720358,liq_long,z_long,symbol,liq_long_z_long
24,6,24,24,2500,1750,375,375,0.5291428571428571,0.6266666666666667,1d_others,price_seq_1d_others,DOGEUSDT_liq_long_roc_1,0.5,0.33109619686800895,0.0,0.0,0.13243847874720358,liq_long,roc_1,symbol,liq_long_roc_1
24,6,24,24,2500,1750,375,375,0.5291428571428571,0.6266666666666667,1d_others,price_seq_1d_others,DOGEUSDT_liq_short_z_short,0.5,0.33109619686800895,0.0,0.0,0.13243847874720358,liq_short,z_short,symbol,liq_short_z_short
24,6,24,24,2500,1750,375,375,0.5291428571428571,0.6266666666666667,1d_others,price_seq_1d_others,DOGEUSDT_liq_short_z_long,0.5,0.33109619686800895,0.0,0.0,0.13243847874720358,liq_short,z_long,symbol,liq_short_z_long
24,6,24,24,2500,1750,375,375,0.5291428571428571,0.6266666666666667,1d_others,price_seq_1d_others,DOGEUSDT_liq_short_roc_1,0.5,0.33109619686800895,0.0,0.0,0.13243847874720358,liq_short,roc_1,symbol,liq_short_roc_1
24,6,24,24,2500,1750,375,375,0.5291428571428571,0.6266666666666667,1d_others,price_seq_1d_others,DOGEUSDT_ob_imbalance_roc_12,0.5,0.33109619686800895,0.0,0.0,0.13243847874720358,ob_imbalance,roc_12,symbol,ob_imbalance_roc_12
24,6,24,24,2500,1750,375,375,0.5291428571428571,0.6266666666666667,1d_others,price_seq_1d_others,1000PEPEUSDT_ret_1d_scale,0.5694680851063829,0.33109619686800895,0.0,0.0,0.19495975534294818,ret_1d,scale,symbol,ret_1d_scale
24,6,24,24,2500,1750,375,375,0.5291428571428571,0.6266666666666667,1d_others,price_seq_1d_others,1000PEPEUSDT_ret_3d_z,0.5,0.33109619686800895,0.0,0.0,0.13243847874720358,ret_3d,z,symbol,ret_3d_z
24,6,24,24,2500,1750,375,375,0.5291428571428571,0.6266666666666667,1d_others,price_seq_1d_others,1000PEPEUSDT_oi_close_scale,0.5,0.33109619686800895,0.0,0.0,0.13243847874720358,oi_close,scale,symbol,oi_close_scale
24,6,24,24,2500,1750,375,375,0.5291428571428571,0.6266666666666667,1d_others,price_seq_1d_others,1000PEPEUSDT_ls_account_ratio_z,0.5,0.33109619686800895,0.0,0.0,0.13243847874720358,ls_account_ratio,z,symbol,ls_account_ratio_z
24,6,24,24,2500,1750,375,375,0.5291428571428571,0.6266666666666667,1d_others,price_seq_1d_others,1000PEPEUSDT_liq_long_log_z,0.5,0.33109619686800895,0.0,0.0,0.13243847874720358,liq_long,log_z,symbol,liq_long_log_z
24,6,24,24,2500,1750,375,375,0.5291428571428571,0.6266666666666667,1d_others,price_seq_1d_others,1000PEPEUSDT_open_z_short,0.5,0.33109619686800895,0.0,0.0,0.13243847874720358,open,z_short,symbol,open_z_short
24,6,24,24,2500,1750,375,375,0.5291428571428571,0.6266666666666667,1d_others,price_seq_1d_others,1000PEPEUSDT_high_roc_12,0.5,0.33109619686800895,0.0,0.0,0.13243847874720358,high,roc_12,symbol,high_roc_12
24,6,24,24,2500,1750,375,375,0.5291428571428571,0.6266666666666667,1d_others,price_seq_1d_others,1000PEPEUSDT_low_z_short,0.5,0.33109619686800895,0.0,0.0,0.13243847874720358,low,z_short,symbol,low_z_short
24,6,24,24,2500,1750,375,375,0.5291428571428571,0.6266666666666667,1d_others,price_seq_1d_others,1000PEPEUSDT_low_roc_1,0.5,0.33109619686800895,0.0,0.0,0.13243847874720358,low,roc_1,symbol,low_roc_1
24,6,24,24,2500,1750,375,375,0.5291428571428571,0.6266666666666667,1d_others,price_seq_1d_others,1000PEPEUSDT_volume_roc_1,0.5,0.33109619686800895,0.0,0.0,0.13243847874720358,volume,roc_1,symbol,volume_roc_1
24,6,24,24,2500,1750,375,375,0.5291428571428571,0.6266666666666667,1d_others,price_seq_1d_others,1000PEPEUSDT_volume_ema_12_48_spread,0.5,0.33109619686800895,0.0,0.0,0.13243847874720358,volume,ema_12_48_spread,symbol,volume_ema_12_48_spread
24,6,24,24,2500,1750,375,375,0.5291428571428571,0.6266666666666667,1d_others,price_seq_1d_others,1000PEPEUSDT_buy_volume_z_long,0.5,0.33109619686800895,0.0,0.0,0.13243847874720358,buy_volume,z_long,symbol,buy_volume_z_long
24,6,24,24,2500,1750,375,375,0.5291428571428571,0.6266666666666667,1d_others,price_seq_1d_others,1000PEPEUSDT_buy_volume_roc_12,0.5,0.33109619686800895,0.0,0.0,0.13243847874720358,buy_volume,roc_12,symbol,buy_volume_roc_12
24,6,24,24,2500,1750,375,375,0.5291428571428571,0.6266666666666667,1d_others,price_seq_1d_others,1000PEPEUSDT_volume_ratio_z_long,0.5,0.33109619686800895,0.0,0.0,0.13243847874720358,volume_ratio,z_long,symbol,volume_ratio_z_long
24,6,24,24,2500,1750,375,375,0.5291428571428571,0.6266666666666667,1d_others,price_seq_1d_others,1000PEPEUSDT_trades_z_short,0.5,0.33109619686800895,0.0,0.0,0.13243847874720358,trades,z_short,symbol,trades_z_short
24,6,24,24,2500,1750,375,375,0.5291428571428571,0.6266666666666667,1d_others,price_seq_1d_others,1000PEPEUSDT_trades_z_long,0.5,0.33109619686800895,0.0,0.0,0.13243847874720358,trades,z_long,symbol,trades_z_long
24,6,24,24,2500,1750,375,375,0.5291428571428571,0.6266666666666667,1d_others,price_seq_1d_others,1000PEPEUSDT_trades_ema_12_48_spread,0.5,0.33109619686800895,0.0,0.0,0.13243847874720358,trades,ema_12_48_spread,symbol,trades_ema_12_48_spread
24,6,24,24,2500,1750,375,375,0.5291428571428571,0.6266666666666667,1d_others,price_seq_1d_others,1000PEPEUSDT_quote_volume_z_short,0.5,0.33109619686800895,11.0,0.006260671599317018,0.13337757948710113,quote_volume,z_short,symbol,quote_volume_z_short
24,6,24,24,2500,1750,375,375,0.5291428571428571,0.6266666666666667,1d_others,price_seq_1d_others,1000PEPEUSDT_quote_volume_roc_1,0.5,0.33109619686800895,0.0,0.0,0.13243847874720358,quote_volume,roc_1,symbol,quote_volume_roc_1
24,6,24,24,2500,1750,375,375,0.5291428571428571,0.6266666666666667,1d_others,price_seq_1d_others,1000PEPEUSDT_quote_volume_roc_12,0.5,0.33109619686800895,0.0,0.0,0.13243847874720358,quote_volume,roc_12,symbol,quote_volume_roc_12
24,6,24,24,2500,1750,375,375,0.5291428571428571,0.6266666666666667,1d_others,price_seq_1d_others,1000PEPEUSDT_oi_close_z_long,0.5,0.33109619686800895,0.0,0.0,0.13243847874720358,oi_close,z_long,symbol,oi_close_z_long
24,6,24,24,2500,1750,375,375,0.5291428571428571,0.6266666666666667,1d_others,price_seq_1d_others,1000PEPEUSDT_oi_close_roc_1,0.5,0.33109619686800895,0.0,0.0,0.13243847874720358,oi_close,roc_1,symbol,oi_close_roc_1
24,6,24,24,2500,1750,375,375,0.5291428571428571,0.6266666666666667,1d_others,price_seq_1d_others,1000PEPEUSDT_liq_long_z_long,0.5,0.33109619686800895,0.0,0.0,0.13243847874720358,liq_long,z_long,symbol,liq_long_z_long
24,6,24,24,2500,1750,375,375,0.5291428571428571,0.6266666666666667,1d_others,price_seq_1d_others,1000PEPEUSDT_liq_long_roc_1,0.5,0.33109619686800895,0.0,0.0,0.13243847874720358,liq_long,roc_1,symbol,liq_long_roc_1
24,6,24,24,2500,1750,375,375,0.5291428571428571,0.6266666666666667,1d_others,price_seq_1d_others,1000PEPEUSDT_liq_short_z_short,0.5,0.33109619686800895,0.0,0.0,0.13243847874720358,liq_short,z_short,symbol,liq_short_z_short
24,6,24,24,2500,1750,375,375,0.5291428571428571,0.6266666666666667,1d_others,price_seq_1d_others,1000PEPEUSDT_liq_short_z_long,0.5,0.33109619686800895,0.0,0.0,0.13243847874720358,liq_short,z_long,symbol,liq_short_z_long
24,6,24,24,2500,1750,375,375,0.5291428571428571,0.6266666666666667,1d_others,price_seq_1d_others,1000PEPEUSDT_liq_short_roc_1,0.5,0.33109619686800895,0.0,0.0,0.13243847874720358,liq_short,roc_1,symbol,liq_short_roc_1
24,6,24,24,2500,1750,375,375,0.5291428571428571,0.6266666666666667,1d_others,price_seq_1d_others,1000PEPEUSDT_ob_imbalance_roc_12,0.5,0.33109619686800895,0.0,0.0,0.13243847874720358,ob_imbalance,roc_12,symbol,ob_imbalance_roc_12
24,6,24,24,2500,1750,375,375,0.5291428571428571,0.6266666666666667,1d_others,price_seq_1d_others,sopr_z,0.5,0.33109619686800895,0.0,0.0,0.13243847874720358,sopr,z,global,sopr_z
24,6,24,24,2500,1750,375,375,0.5291428571428571,0.6266666666666667,1d_others,price_seq_1d_others,fear_greed_roc_12,0.5,0.33109619686800895,0.0,0.0,0.13243847874720358,fear_greed,roc_12,global,fear_greed_roc_12
24,6,24,24,2500,1750,375,375,0.5291428571428571,0.6266666666666667,1d_others,price_seq_1d_others,altcoin_season_roc_1,0.5,0.33109619686800895,0.0,0.0,0.13243847874720358,altcoin_season,roc_1,global,altcoin_season_roc_1
24,6,24,24,2500,1750,375,375,0.5291428571428571,0.6266666666666667,1d_others,price_seq_1d_others,altcoin_season_roc_12,0.5,0.33109619686800895,0.0,0.0,0.13243847874720358,altcoin_season,roc_12,global,altcoin_season_roc_12
24,6,24,24,2500,1750,375,375,0.5291428571428571,0.6266666666666667,1d_others,price_seq_1d_others,altcoin_season_ema_12_48_spread,0.5,0.33109619686800895,0.0,0.0,0.13243847874720358,altcoin_season,ema_12_48_spread,global,altcoin_season_ema_12_48_spread
24,6,24,24,2500,1750,375,375,0.5291428571428571,0.6266666666666667,1d_others,price_seq_1d_others,bmo_ema_12_48_spread,0.5,0.33109619686800895,0.0,0.0,0.13243847874720358,bmo,ema_12_48_spread,global,bmo_ema_12_48_spread
24,6,24,24,2500,1750,375,375,0.5291428571428571,0.6266666666666667,1d_others,price_seq_1d_others,sopr_roc_12,0.41990881458966567,0.33109619686800895,0.0,0.0,0.13243847874720358,sopr,roc_12,global,sopr_roc_12
24,12,12,12,2500,1750,375,375,0.5154285714285715,0.568,5m_target,price_seq_target,volume_ratio_z_short,0.5328058888309279,0.33199464524765726,296.0,0.07184466019417475,0.17309985707602427,volume_ratio,z_short,global,volume_ratio_z_short
24,12,12,12,2500,1750,375,375,0.5154285714285715,0.568,5m_target,price_seq_target,volume_ratio_z_long,0.5208659363588941,0.3324420677361854,370.0,0.08980582524271845,0.16522704360388663,volume_ratio,z_long,global,volume_ratio_z_long
24,12,12,12,2500,1750,375,375,0.5154285714285715,0.568,5m_target,price_seq_target,long_short_ratio_z,0.4485017098475627,0.3324420677361854,284.0,0.06893203883495146,0.14331663291971689,long_short_ratio,z,global,long_short_ratio_z
24,12,12,12,2500,1750,375,375,0.5154285714285715,0.568,5m_target,price_seq_target,sell_volume_roc_12,0.5323566915898684,0.3324420677361854,290.0,0.0703883495145631,0.17265610195254022,sell_volume,roc_12,global,sell_volume_roc_12
24,12,12,12,2500,1750,375,375,0.5154285714285715,0.568,5m_target,price_seq_target,sell_volume_roc_1,0.4753376224424738,0.3324420677361854,421.0,0.10218446601941747,0.1483044969973868,sell_volume,roc_1,global,sell_volume_roc_1
24,12,12,12,2500,1750,375,375,0.5154285714285715,0.568,5m_target,price_seq_target,sell_volume_ema_12_48_spread,0.5741030545412392,0.3324420677361854,292.0,0.070873786407767,0.21030064414275454,sell_volume,ema_12_48_spread,global,sell_volume_ema_12_48_spread
24,12,12,12,2500,1750,375,375,0.5154285714285715,0.568,5m_target,price_seq_target,volume_ratio_ema_12_48_spread,0.3985104039877123,0.3324420677361854,383.0,0.0929611650485437,0.14692100185175572,volume_ratio,ema_12_48_spread,global,volume_ratio_ema_12_48_spread
24,12,12,12,2500,1750,375,375,0.5154285714285715,0.568,5m_target,price_seq_target,trades_z_long,0.5126209934504145,0.3324420677361854,353.0,0.08567961165048543,0.15718766294741998,trades,z_long,global,trades_z_long
24,12,12,12,2500,1750,375,375,0.5154285714285715,0.568,5m_target,price_seq_target,volume_impact_scale,0.5269663246971541,0.3324420677361854,370.0,0.08980582524271845,0.17071739310832063,volume_impact,scale,global,volume_impact_scale
24,12,12,12,2500,1750,375,375,0.5154285714285715,0.568,5m_target,price_seq_target,close_z_long,0.5556280067234682,0.3324420677361854,404.0,0.09805825242718447,0.19775077100967325,close,z_long,global,close_z_long
24,12,12,12,2500,1750,375,375,0.5154285714285715,0.568,5m_target,price_seq_target,volume_log_z_short,0.5451805483104388,0.3324420677361854,232.0,0.05631067961165048,0.18208592251561667,volume_log,z_short,global,volume_log_z_short
24,12,12,12,2500,1750,375,375,0.5154285714285715,0.568,5m_target,price_seq_target,ret_15m_z_short,0.53603721091984,0.3324420677361854,425.0,0.10315533980582524,0.18088361789320398,ret_15m,z_short,global,ret_15m_z_short
24,12,12,12,2500,1750,375,375,0.5154285714285715,0.568,5m_others,price_seq_others,ETHUSDT_trades_z_short,0.5427751695357328,0.3324420677361854,111.0,0.025090415913200725,0.1752380420636138,trades,z_short,symbol,trades_z_short
24,12,12,12,2500,1750,375,375,0.5154285714285715,0.568,5m_others,price_seq_others,ETHUSDT_long_short_ratio_z_short,0.5269518344635715,0.3324420677361854,100.0,0.022603978300180832,0.16062407485671565,long_short_ratio,z_short,symbol,long_short_ratio_z_short
24,12,12,12,2500,1750,375,375,0.5154285714285715,0.568,5m_others,price_seq_others,ETHUSDT_volume_log_z,0.5133599953631253,0.3324420677361854,108.0,0.024412296564195298,0.14866266740591622,volume,log_z,symbol,volume_log_z
24,12,12,12,2500,1750,375,375,0.5154285714285715,0.568,5m_others,price_seq_others,ETHUSDT_sell_volume_z_short,0.49562394945806526,0.3324420677361854,131.0,0.02961121157323689,0.1374185088304597,sell_volume,z_short,symbol,sell_volume_z_short
24,12,12,12,2500,1750,375,375,0.5154285714285715,0.568,5m_others,price_seq_others,ETHUSDT_rsi_14,0.4401843157711702,0.3324420677361854,78.0,0.01763110307414105,0.13562149255559533,rsi_14,raw,symbol,rsi_14
24,12,12,12,2500,1750,375,375,0.5154285714285715,0.568,5m_others,price_seq_others,ETHUSDT_buy_volume_z_long,0.4876253405204891,0.3324420677361854,79.0,0.017857142857142856,0.1356553985230456,buy_volume,z_long,symbol,buy_volume_z_long
24,12,12,12,2500,1750,375,375,0.5154285714285715,0.568,5m_others,price_seq_others,ETHUSDT_up_volume_ratio_12,0.5962151509882339,0.33199464524765726,95.0,0.02147377938517179,0.22261256089624917,up_volume_ratio_12,raw,symbol,up_volume_ratio_12
24,12,12,12,2500,1750,375,375,0.5154285714285715,0.568,5m_others,price_seq_others,ETHUSDT_volume_ratio_z_long,0.5566568133078307,0.3324420677361854,66.0,0.014918625678119348,0.18620575292323968,volume_ratio,z_long,symbol,volume_ratio_z_long
24,12,12,12,2500,1750,375,375,0.5154285714285715,0.568,5m_others,price_seq_others,ETHUSDT_high_roc_12,0.5011592186866052,0.3324420677361854,107.0,0.02418625678119349,0.13764806242959784,high,roc_12,symbol,high_roc_12
24,12,12,12,2500,1750,375,375,0.5154285714285715,0.568,5m_others,price_seq_others,ETHUSDT_trades_roc_12,0.5497884425896945,0.3324420677361854,55.0,0.012432188065099457,0.17965125363496415,trades,roc_12,symbol,trades_roc_12
24,12,12,12,2500,1750,375,375,0.5154285714285715,0.568,5m_others,price_seq_others,ETHUSDT_quote_volume_z_long,0.5048107575494117,0.3324420677361854,74.0,0.016726943942133816,0.1398155504802648,quote_volume,z_long,symbol,quote_volume_z_long
24,12,12,12,2500,1750,375,375,0.5154285714285715,0.568,5m_others,price_seq_others,ETHUSDT_volume_impact_scale,0.5358198574161015,0.3324420677361854,74.0,0.016726943942133816,0.1677237403602856,volume_impact,scale,symbol,volume_impact_scale
24,12,12,12,2500,1750,375,375,0.5154285714285715,0.568,5m_others,price_seq_others,SOLUSDT_trades_z_short,0.5147510577870515,0.3324420677361854,64.0,0.014466546112115732,0.14842276101963792,trades,z_short,symbol,trades_z_short
24,12,12,12,2500,1750,375,375,0.5154285714285715,0.568,5m_others,price_seq_others,SOLUSDT_long_short_ratio_z_short,0.5054483278270445,0.3324420677361854,77.0,0.01740506329113924,0.1404910816324851,long_short_ratio,z_short,symbol,long_short_ratio_z_short
24,12,12,12,2500,1750,375,375,0.5154285714285715,0.568,5m_others,price_seq_others,SOLUSDT_volume_log_z,0.5076073726308468,0.3324420677361854,115.0,0.025994575045207958,0.14372264871901747,volume,log_z,symbol,volume_log_z
24,12,12,12,2500,1750,375,375,0.5154285714285715,0.568,5m_others,price_seq_others,SOLUSDT_sell_volume_z_short,0.5003912363067292,0.3324420677361854,103.0,0.02328209764918626,0.13682125441790838,sell_volume,z_short,symbol,sell_volume_z_short
24,12,12,12,2500,1750,375,375,0.5154285714285715,0.568,5m_others,price_seq_others,SOLUSDT_rsi_14,0.5057091520315308,0.3324420677361854,175.0,0.03955696202531646,0.14404860822664933,rsi_14,raw,symbol,rsi_14
24,12,12,12,2500,1750,375,375,0.5154285714285715,0.568,5m_others,price_seq_others,SOLUSDT_buy_volume_z_long,0.41342085434417203,0.3324420677361854,133.0,0.030063291139240507,0.13748632076536024,buy_volume,z_long,symbol,buy_volume_z_long
24,12,12,12,2500,1750,375,375,0.5154285714285715,0.568,5m_others,price_seq_others,SOLUSDT_up_volume_ratio_12,0.40607430591781135,0.3324420677361854,122.0,0.027576853526220614,0.13711335512340725,up_volume_ratio_12,raw,symbol,up_volume_ratio_12
24,12,12,12,2500,1750,375,375,0.5154285714285715,0.568,5m_others,price_seq_others,SOLUSDT_volume_ratio_z_long,0.4115805946791863,0.3324420677361854,147.0,0.03322784810126582,0.13796100430966404,volume_ratio,z_long,symbol,volume_ratio_z_long
24,12,12,12,2500,1750,375,375,0.5154285714285715,0.568,5m_others,price_seq_others,SOLUSDT_high_roc_12,0.5166927490871154,0.3324420677361854,113.0,0.02554249547920434,0.15183167559475866,high,roc_12,symbol,high_roc_12
24,12,12,12,2500,1750,375,375,0.5154285714285715,0.568,5m_others,price_seq_others,SOLUSDT_trades_roc_12,0.5392975134759171,0.3324420677361854,77.0,0.01740506329113924,0.17095534871647047,trades,roc_12,symbol,trades_roc_12
24,12,12,12,2500,1750,375,375,0.5154285714285715,0.568,5m_others,price_seq_others,SOLUSDT_quote_volume_z_long,0.513099171158639,0.3324420677361854,137.0,0.03096745027124774,0.14941119867793645,quote_volume,z_long,symbol,quote_volume_z_long
24,12,12,12,2500,1750,375,375,0.5154285714285715,0.568,5m_others,price_seq_others,SOLUSDT_volume_impact_scale,0.4781052570567437,0.3324420677361854,88.0,0.019891500904159132,0.13596055223009804,volume_impact,scale,symbol,volume_impact_scale
24,12,12,12,2500,1750,375,375,0.5154285714285715,0.568,5m_others,price_seq_others,DOGEUSDT_trades_z_short,0.4759172317857764,0.3324420677361854,52.0,0.011754068716094032,0.13473993740188828,trades,z_short,symbol,trades_z_short
24,12,12,12,2500,1750,375,375,0.5154285714285715,0.568,5m_others,price_seq_others,DOGEUSDT_long_short_ratio_z_short,0.596910682200197,0.3324420677361854,101.0,0.022830018083182642,0.22362094378712893,long_short_ratio,z_short,symbol,long_short_ratio_z_short
24,12,12,12,2500,1750,375,375,0.5154285714285715,0.568,5m_others,price_seq_others,DOGEUSDT_volume_log_z,0.555671477424216,0.3324420677361854,105.0,0.023734177215189875,0.18664128335854702,volume,log_z,symbol,volume_log_z
24,12,12,12,2500,1750,375,375,0.5154285714285715,0.568,5m_others,price_seq_others,DOGEUSDT_sell_volume_z_short,0.4678896423810352,0.3324420677361854,123.0,0.027802893309222424,0.13714726109085754,sell_volume,z_short,symbol,sell_volume_z_short
24,12,12,12,2500,1750,375,375,0.5154285714285715,0.568,5m_others,price_seq_others,DOGEUSDT_rsi_14,0.5429635425723063,0.3324420677361854,95.0,0.02147377938517179,0.1748650823173256,rsi_14,raw,symbol,rsi_14
24,12,12,12,2500,1750,375,375,0.5154285714285715,0.568,5m_others,price_seq_others,DOGEUSDT_buy_volume_z_long,0.5995334144786414,0.3324420677361854,114.0,0.025768535262206148,0.22642218041458234,buy_volume,z_long,symbol,buy_volume_z_long
24,12,12,12,2500,1750,375,375,0.5154285714285715,0.568,5m_others,price_seq_others,DOGEUSDT_up_volume_ratio_12,0.6129079000753492,0.3324420677361854,151.0,0.03413200723327306,0.23971373824727946,up_volume_ratio_12,raw,symbol,up_volume_ratio_12
24,12,12,12,2500,1750,375,375,0.5154285714285715,0.568,5m_others,price_seq_others,DOGEUSDT_volume_ratio_z_long,0.4371703471859966,0.3324420677361854,84.0,0.0189873417721519,0.13582492836029694,volume_ratio,z_long,symbol,volume_ratio_z_long
24,12,12,12,2500,1750,375,375,0.5154285714285715,0.568,5m_others,price_seq_others,DOGEUSDT_high_roc_12,0.5297629397785892,0.3324420677361854,61.0,0.013788426763110307,0.16183173690967104,high,roc_12,symbol,high_roc_12
24,12,12,12,2500,1750,375,375,0.5154285714285715,0.568,5m_others,price_seq_others,DOGEUSDT_trades_roc_12,0.47110647423636465,0.3324420677361854,126.0,0.028481012658227847,0.13724897899320834,trades,roc_12,symbol,trades_roc_12
24,12,12,12,2500,1750,375,375,0.5154285714285715,0.568,5m_others,price_seq_others,DOGEUSDT_quote_volume_z_long,0.391917347707645,0.3324420677361854,66.0,0.014918625678119348,0.13521462094619208,quote_volume,z_long,symbol,quote_volume_z_long
24,12,12,12,2500,1750,375,375,0.5154285714285715,0.568,5m_others,price_seq_others,DOGEUSDT_volume_impact_scale,0.5438329565872602,0.3324420677361854,74.0,0.016726943942133816,0.17493552961432837,volume_impact,scale,symbol,volume_impact_scale
24,12,12,12,2500,1750,375,375,0.5154285714285715,0.568,5m_others,price_seq_others,1000PEPEUSDT_trades_z_short,0.4785544542978033,0.3324420677361854,80.0,0.018083182640144666,0.13568930449049588,trades,z_short,symbol,trades_z_short
24,12,12,12,2500,1750,375,375,0.5154285714285715,0.568,5m_others,price_seq_others,1000PEPEUSDT_long_short_ratio_z_short,0.5536573349562395,0.3324420677361854,106.0,0.02396021699819168,0.18486246110481847,long_short_ratio,z_short,symbol,long_short_ratio_z_short
24,12,12,12,2500,1750,375,375,0.5154285714285715,0.568,5m_others,price_seq_others,1000PEPEUSDT_volume_log_z,0.49681214861183565,0.3324420677361854,77.0,0.01740506329113924,0.13558758658814504,volume,log_z,symbol,volume_log_z
24,12,12,12,2500,1750,375,375,0.5154285714285715,0.568,5m_others,price_seq_others,1000PEPEUSDT_sell_volume_z_short,0.580044050310091,0.3324420677361854,79.0,0.017857142857142856,0.2076950438021275,sell_volume,z_short,symbol,sell_volume_z_short
24,12,12,12,2500,1750,375,375,0.5154285714285715,0.568,5m_others,price_seq_others,1000PEPEUSDT_rsi_14,0.45570335593809774,0.3324420677361854,70.0,0.015822784810126583,0.13535024481599317,rsi_14,raw,symbol,rsi_14
24,12,12,12,2500,1750,375,375,0.5154285714285715,0.568,5m_others,price_seq_others,1000PEPEUSDT_buy_volume_z_long,0.5376890975482524,0.3324420677361854,51.0,0.011528028933092224,0.16862621922786522,buy_volume,z_long,symbol,buy_volume_z_long
24,12,12,12,2500,1750,375,375,0.5154285714285715,0.568,5m_others,price_seq_others,1000PEPEUSDT_up_volume_ratio_12,0.4699907262505072,0.3324420677361854,46.0,0.010397830018083183,0.13453650159718664,up_volume_ratio_12,raw,symbol,up_volume_ratio_12
24,12,12,12,2500,1750,375,375,0.5154285714285715,0.568,5m_others,price_seq_others,1000PEPEUSDT_volume_ratio_z_long,0.35528603721091984,0.3324420677361854,56.0,0.012658227848101266,0.13487556127168937,volume_ratio,z_long,symbol,volume_ratio_z_long
24,12,12,12,2500,1750,375,375,0.5154285714285715,0.568,5m_others,price_seq_others,1000PEPEUSDT_high_roc_12,0.391352228597925,0.3324420677361854,81.0,0.018309222423146473,0.13572321045794614,high,roc_12,symbol,high_roc_12
24,12,12,12,2500,1750,375,375,0.5154285714285715,0.568,5m_others,price_seq_others,1000PEPEUSDT_trades_roc_12,0.5025792615776966,0.3324420677361854,78.0,0.01763110307414105,0.1379428279755223,trades,roc_12,symbol,trades_roc_12
24,12,12,12,2500,1750,375,375,0.5154285714285715,0.568,5m_others,price_seq_others,1000PEPEUSDT_quote_volume_z_long,0.5029270271836782,0.3324420677361854,50.0,0.011301989150090416,0.13730644993229812,quote_volume,z_long,symbol,quote_volume_z_long
24,12,12,12,2500,1750,375,375,0.5154285714285715,0.568,5m_others,price_seq_others,1000PEPEUSDT_volume_impact_scale,0.5060424274039297,0.3324420677361854,69.0,0.015596745027124773,0.1407545235120796,volume_impact,scale,symbol,volume_impact_scale
24,12,12,12,2500,1750,375,375,0.5154285714285715,0.568,1d_target,price_seq_1d_target,ret_1d_z_short,0.5,0.3324420677361854,0.0,0.0,0.13297682709447417,ret_1d,z_short,global,ret_1d_z_short
24,12,12,12,2500,1750,375,375,0.5154285714285715,0.568,1d_target,price_seq_1d_target,ret_3d_z_short,0.5,0.3324420677361854,0.0,0.0,0.13297682709447417,ret_3d,z_short,global,ret_3d_z_short
24,12,12,12,2500,1750,375,375,0.5154285714285715,0.568,1d_target,price_seq_1d_target,ret_7d_z_long,0.5,0.3324420677361854,0.0,0.0,0.13297682709447417,ret_7d,z_long,global,ret_7d_z_long
24,12,12,12,2500,1750,375,375,0.5154285714285715,0.568,1d_target,price_seq_1d_target,body_1d_z,0.5,0.3324420677361854,0.0,0.0,0.13297682709447417,body_1d,z,global,body_1d_z
24,12,12,12,2500,1750,375,375,0.5154285714285715,0.568,1d_target,price_seq_1d_target,oi_close_scale,0.5,0.3324420677361854,0.0,0.0,0.13297682709447417,oi_close,scale,global,oi_close_scale
24,12,12,12,2500,1750,375,375,0.5154285714285715,0.568,1d_target,price_seq_1d_target,funding_close_scale,0.5,0.3324420677361854,0.0,0.0,0.13297682709447417,funding_close,scale,global,funding_close_scale
24,12,12,12,2500,1750,375,375,0.5154285714285715,0.568,1d_target,price_seq_1d_target,ls_account_ratio_z,0.5,0.3324420677361854,0.0,0.0,0.13297682709447417,ls_account_ratio,z,global,ls_account_ratio_z
24,12,12,12,2500,1750,375,375,0.5154285714285715,0.568,1d_target,price_seq_1d_target,liq_long_log_scale,0.5,0.3324420677361854,0.0,0.0,0.13297682709447417,liq_long_log,scale,global,liq_long_log_scale
24,12,12,12,2500,1750,375,375,0.5154285714285715,0.568,1d_target,price_seq_1d_target,volume_impact_scale,0.5,0.3324420677361854,0.0,0.0,0.13297682709447417,volume_impact,scale,global,volume_impact_scale
24,12,12,12,2500,1750,375,375,0.5154285714285715,0.568,1d_target,price_seq_1d_target,open_ema_12_48_spread,0.5,0.3324420677361854,0.0,0.0,0.13297682709447417,open,ema_12_48_spread,global,open_ema_12_48_spread
24,12,12,12,2500,1750,375,375,0.5154285714285715,0.568,1d_target,price_seq_1d_target,high_z_long,0.5,0.3324420677361854,0.0,0.0,0.13297682709447417,high,z_long,global,high_z_long
24,12,12,12,2500,1750,375,375,0.5154285714285715,0.568,1d_target,price_seq_1d_target,close_roc_12,0.5,0.3324420677361854,0.0,0.0,0.13297682709447417,close,roc_12,global,close_roc_12
24,12,12,12,2500,1750,375,375,0.5154285714285715,0.568,1d_target,price_seq_1d_target,close_ema_12_48_spread,0.5,0.3324420677361854,0.0,0.0,0.13297682709447417,close,ema_12_48_spread,global,close_ema_12_48_spread
24,12,12,12,2500,1750,375,375,0.5154285714285715,0.568,1d_target,price_seq_1d_target,sell_volume_roc_1,0.5,0.3324420677361854,0.0,0.0,0.13297682709447417,sell_volume,roc_1,global,sell_volume_roc_1
24,12,12,12,2500,1750,375,375,0.5154285714285715,0.568,1d_target,price_seq_1d_target,quote_volume_z_long,0.5,0.3324420677361854,0.0,0.0,0.13297682709447417,quote_volume,z_long,global,quote_volume_z_long
24,12,12,12,2500,1750,375,375,0.5154285714285715,0.568,1d_target,price_seq_1d_target,liq_long_ema_12_48_spread,0.5,0.3324420677361854,0.0,0.0,0.13297682709447417,liq_long,ema_12_48_spread,global,liq_long_ema_12_48_spread
24,12,12,12,2500,1750,375,375,0.5154285714285715,0.568,1d_others,price_seq_1d_others,ETHUSDT_ret_1d_scale,0.5,0.3324420677361854,0.0,0.0,0.13297682709447417,ret_1d,scale,symbol,ret_1d_scale
24,12,12,12,2500,1750,375,375,0.5154285714285715,0.568,1d_others,price_seq_1d_others,ETHUSDT_ret_3d_z,0.5,0.3324420677361854,0.0,0.0,0.13297682709447417,ret_3d,z,symbol,ret_3d_z
24,12,12,12,2500,1750,375,375,0.5154285714285715,0.568,1d_others,price_seq_1d_others,ETHUSDT_oi_close_scale,0.5,0.3324420677361854,0.0,0.0,0.13297682709447417,oi_close,scale,symbol,oi_close_scale
24,12,12,12,2500,1750,375,375,0.5154285714285715,0.568,1d_others,price_seq_1d_others,ETHUSDT_ls_account_ratio_z,0.5,0.3324420677361854,0.0,0.0,0.13297682709447417,ls_account_ratio,z,symbol,ls_account_ratio_z
24,12,12,12,2500,1750,375,375,0.5154285714285715,0.568,1d_others,price_seq_1d_others,ETHUSDT_liq_long_log_z,0.5,0.3324420677361854,0.0,0.0,0.13297682709447417,liq_long,log_z,symbol,liq_long_log_z
24,12,12,12,2500,1750,375,375,0.5154285714285715,0.568,1d_others,price_seq_1d_others,ETHUSDT_open_z_short,0.5,0.3324420677361854,361.0,0.24195710455764075,0.16927039277812028,open,z_short,symbol,open_z_short
24,12,12,12,2500,1750,375,375,0.5154285714285715,0.568,1d_others,price_seq_1d_others,ETHUSDT_high_roc_12,0.5,0.3324420677361854,0.0,0.0,0.13297682709447417,high,roc_12,symbol,high_roc_12
24,12,12,12,2500,1750,375,375,0.5154285714285715,0.568,1d_others,price_seq_1d_others,ETHUSDT_low_z_short,0.5,0.3324420677361854,0.0,0.0,0.13297682709447417,low,z_short,symbol,low_z_short
24,12,12,12,2500,1750,375,375,0.5154285714285715,0.568,1d_others,price_seq_1d_others,ETHUSDT_low_roc_1,0.5,0.3324420677361854,0.0,0.0,0.13297682709447417,low,roc_1,symbol,low_roc_1
24,12,12,12,2500,1750,375,375,0.5154285714285715,0.568,1d_others,price_seq_1d_others,ETHUSDT_volume_roc_1,0.5,0.3324420677361854,0.0,0.0,0.13297682709447417,volume,roc_1,symbol,volume_roc_1
24,12,12,12,2500,1750,375,375,0.5154285714285715,0.568,1d_others,price_seq_1d_others,ETHUSDT_volume_ema_12_48_spread,0.5,0.3324420677361854,0.0,0.0,0.13297682709447417,volume,ema_12_48_spread,symbol,volume_ema_12_48_spread
24,12,12,12,2500,1750,375,375,0.5154285714285715,0.568,1d_others,price_seq_1d_others,ETHUSDT_buy_volume_z_long,0.5,0.3324420677361854,0.0,0.0,0.13297682709447417,buy_volume,z_long,symbol,buy_volume_z_long
24,12,12,12,2500,1750,375,375,0.5154285714285715,0.568,1d_others,price_seq_1d_others,ETHUSDT_buy_volume_roc_12,0.5,0.3324420677361854,0.0,0.0,0.13297682709447417,buy_volume,roc_12,symbol,buy_volume_roc_12
24,12,12,12,2500,1750,375,375,0.5154285714285715,0.568,1d_others,price_seq_1d_others,ETHUSDT_volume_ratio_z_long,0.5,0.3324420677361854,0.0,0.0,0.13297682709447417,volume_ratio,z_long,symbol,volume_ratio_z_long
24,12,12,12,2500,1750,375,375,0.5154285714285715,0.568,1d_others,price_seq_1d_others,ETHUSDT_trades_z_short,0.5,0.3324420677361854,0.0,0.0,0.13297682709447417,trades,z_short,symbol,trades_z_short
24,12,12,12,2500,1750,375,375,0.5154285714285715,0.568,1d_others,price_seq_1d_others,ETHUSDT_trades_z_long,0.5,0.3324420677361854,0.0,0.0,0.13297682709447417,trades,z_long,symbol,trades_z_long
24,12,12,12,2500,1750,375,375,0.5154285714285715,0.568,1d_others,price_seq_1d_others,ETHUSDT_trades_ema_12_48_spread,0.5650901292528836,0.3324420677361854,701.0,0.4698391420911528,0.26203381473574233,trades,ema_12_48_spread,symbol,trades_ema_12_48_spread
24,12,12,12,2500,1750,375,375,0.5154285714285715,0.568,1d_others,price_seq_1d_others,ETHUSDT_quote_volume_z_short,0.5,0.3324420677361854,0.0,0.0,0.13297682709447417,quote_volume,z_short,symbol,quote_volume_z_short
24,12,12,12,2500,1750,375,375,0.5154285714285715,0.568,1d_others,price_seq_1d_others,ETHUSDT_quote_volume_roc_1,0.5,0.3324420677361854,0.0,0.0,0.13297682709447417,quote_volume,roc_1,symbol,quote_volume_roc_1
24,12,12,12,2500,1750,375,375,0.5154285714285715,0.568,1d_others,price_seq_1d_others,ETHUSDT_quote_volume_roc_12,0.5,0.3324420677361854,0.0,0.0,0.13297682709447417,quote_volume,roc_12,symbol,quote_volume_roc_12
24,12,12,12,2500,1750,375,375,0.5154285714285715,0.568,1d_others,price_seq_1d_others,ETHUSDT_oi_close_z_long,0.5,0.3324420677361854,0.0,0.0,0.13297682709447417,oi_close,z_long,symbol,oi_close_z_long
24,12,12,12,2500,1750,375,375,0.5154285714285715,0.568,1d_others,price_seq_1d_others,ETHUSDT_oi_close_roc_1,0.5,0.3324420677361854,0.0,0.0,0.13297682709447417,oi_close,roc_1,symbol,oi_close_roc_1
24,12,12,12,2500,1750,375,375,0.5154285714285715,0.568,1d_others,price_seq_1d_others,ETHUSDT_liq_long_z_long,0.5,0.3324420677361854,0.0,0.0,0.13297682709447417,liq_long,z_long,symbol,liq_long_z_long
24,12,12,12,2500,1750,375,375,0.5154285714285715,0.568,1d_others,price_seq_1d_others,ETHUSDT_liq_long_roc_1,0.5,0.3324420677361854,0.0,0.0,0.13297682709447417,liq_long,roc_1,symbol,liq_long_roc_1
24,12,12,12,2500,1750,375,375,0.5154285714285715,0.568,1d_others,price_seq_1d_others,ETHUSDT_liq_short_z_short,0.5,0.3324420677361854,0.0,0.0,0.13297682709447417,liq_short,z_short,symbol,liq_short_z_short
24,12,12,12,2500,1750,375,375,0.5154285714285715,0.568,1d_others,price_seq_1d_others,ETHUSDT_liq_short_z_long,0.5,0.3324420677361854,0.0,0.0,0.13297682709447417,liq_short,z_long,symbol,liq_short_z_long
24,12,12,12,2500,1750,375,375,0.5154285714285715,0.568,1d_others,price_seq_1d_others,ETHUSDT_liq_short_roc_1,0.5,0.3324420677361854,0.0,0.0,0.13297682709447417,liq_short,roc_1,symbol,liq_short_roc_1
24,12,12,12,2500,1750,375,375,0.5154285714285715,0.568,1d_others,price_seq_1d_others,ETHUSDT_ob_imbalance_roc_12,0.5,0.3324420677361854,0.0,0.0,0.13297682709447417,ob_imbalance,roc_12,symbol,ob_imbalance_roc_12
24,12,12,12,2500,1750,375,375,0.5154285714285715,0.568,1d_others,price_seq_1d_others,SOLUSDT_ret_1d_scale,0.5,0.3324420677361854,0.0,0.0,0.13297682709447417,ret_1d,scale,symbol,ret_1d_scale
24,12,12,12,2500,1750,375,375,0.5154285714285715,0.568,1d_others,price_seq_1d_others,SOLUSDT_ret_3d_z,0.5,0.3324420677361854,0.0,0.0,0.13297682709447417,ret_3d,z,symbol,ret_3d_z
24,12,12,12,2500,1750,375,375,0.5154285714285715,0.568,1d_others,price_seq_1d_others,SOLUSDT_oi_close_scale,0.5,0.3324420677361854,0.0,0.0,0.13297682709447417,oi_close,scale,symbol,oi_close_scale
24,12,12,12,2500,1750,375,375,0.5154285714285715,0.568,1d_others,price_seq_1d_others,SOLUSDT_ls_account_ratio_z,0.5,0.3324420677361854,0.0,0.0,0.13297682709447417,ls_account_ratio,z,symbol,ls_account_ratio_z
24,12,12,12,2500,1750,375,375,0.5154285714285715,0.568,1d_others,price_seq_1d_others,SOLUSDT_liq_long_log_z,0.5,0.3324420677361854,0.0,0.0,0.13297682709447417,liq_long,log_z,symbol,liq_long_log_z
24,12,12,12,2500,1750,375,375,0.5154285714285715,0.568,1d_others,price_seq_1d_others,SOLUSDT_open_z_short,0.5,0.3324420677361854,235.0,0.15750670241286863,0.15660283245640447,open,z_short,symbol,open_z_short
24,12,12,12,2500,1750,375,375,0.5154285714285715,0.568,1d_others,price_seq_1d_others,SOLUSDT_high_roc_12,0.5,0.3324420677361854,0.0,0.0,0.13297682709447417,high,roc_12,symbol,high_roc_12
24,12,12,12,2500,1750,375,375,0.5154285714285715,0.568,1d_others,price_seq_1d_others,SOLUSDT_low_z_short,0.5,0.3324420677361854,0.0,0.0,0.13297682709447417,low,z_short,symbol,low_z_short
24,12,12,12,2500,1750,375,375,0.5154285714285715,0.568,1d_others,price_seq_1d_others,SOLUSDT_low_roc_1,0.5,0.3324420677361854,0.0,0.0,0.13297682709447417,low,roc_1,symbol,low_roc_1
24,12,12,12,2500,1750,375,375,0.5154285714285715,0.568,1d_others,price_seq_1d_others,SOLUSDT_volume_roc_1,0.5,0.3324420677361854,0.0,0.0,0.13297682709447417,volume,roc_1,symbol,volume_roc_1
24,12,12,12,2500,1750,375,375,0.5154285714285715,0.568,1d_others,price_seq_1d_others,SOLUSDT_volume_ema_12_48_spread,0.5,0.3324420677361854,0.0,0.0,0.13297682709447417,volume,ema_12_48_spread,symbol,volume_ema_12_48_spread
24,12,12,12,2500,1750,375,375,0.5154285714285715,0.568,1d_others,price_seq_1d_others,SOLUSDT_buy_volume_z_long,0.5,0.3324420677361854,0.0,0.0,0.13297682709447417,buy_volume,z_long,symbol,buy_volume_z_long
24,12,12,12,2500,1750,375,375,0.5154285714285715,0.568,1d_others,price_seq_1d_others,SOLUSDT_buy_volume_roc_12,0.5,0.3324420677361854,0.0,0.0,0.13297682709447417,buy_volume,roc_12,symbol,buy_volume_roc_12
24,12,12,12,2500,1750,375,375,0.5154285714285715,0.568,1d_others,price_seq_1d_others,SOLUSDT_volume_ratio_z_long,0.5,0.3324420677361854,0.0,0.0,0.13297682709447417,volume_ratio,z_long,symbol,volume_ratio_z_long
24,12,12,12,2500,1750,375,375,0.5154285714285715,0.568,1d_others,price_seq_1d_others,SOLUSDT_trades_z_short,0.5,0.3324420677361854,0.0,0.0,0.13297682709447417,trades,z_short,symbol,trades_z_short
24,12,12,12,2500,1750,375,375,0.5154285714285715,0.568,1d_others,price_seq_1d_others,SOLUSDT_trades_z_long,0.5,0.3324420677361854,0.0,0.0,0.13297682709447417,trades,z_long,symbol,trades_z_long
24,12,12,12,2500,1750,375,375,0.5154285714285715,0.568,1d_others,price_seq_1d_others,SOLUSDT_trades_ema_12_48_spread,0.5,0.3324420677361854,0.0,0.0,0.13297682709447417,trades,ema_12_48_spread,symbol,trades_ema_12_48_spread
24,12,12,12,2500,1750,375,375,0.5154285714285715,0.568,1d_others,price_seq_1d_others,SOLUSDT_quote_volume_z_short,0.5,0.3324420677361854,0.0,0.0,0.13297682709447417,quote_volume,z_short,symbol,quote_volume_z_short
24,12,12,12,2500,1750,375,375,0.5154285714285715,0.568,1d_others,price_seq_1d_others,SOLUSDT_quote_volume_roc_1,0.5,0.3324420677361854,0.0,0.0,0.13297682709447417,quote_volume,roc_1,symbol,quote_volume_roc_1
24,12,12,12,2500,1750,375,375,0.5154285714285715,0.568,1d_others,price_seq_1d_others,SOLUSDT_quote_volume_roc_12,0.5,0.3324420677361854,0.0,0.0,0.13297682709447417,quote_volume,roc_12,symbol,quote_volume_roc_12
24,12,12,12,2500,1750,375,375,0.5154285714285715,0.568,1d_others,price_seq_1d_others,SOLUSDT_oi_close_z_long,0.5,0.3324420677361854,0.0,0.0,0.13297682709447417,oi_close,z_long,symbol,oi_close_z_long
24,12,12,12,2500,1750,375,375,0.5154285714285715,0.568,1d_others,price_seq_1d_others,SOLUSDT_oi_close_roc_1,0.5,0.3324420677361854,0.0,0.0,0.13297682709447417,oi_close,roc_1,symbol,oi_close_roc_1
24,12,12,12,2500,1750,375,375,0.5154285714285715,0.568,1d_others,price_seq_1d_others,SOLUSDT_liq_long_z_long,0.4332000231843738,0.3324420677361854,171.0,0.1146112600536193,0.15016851610251705,liq_long,z_long,symbol,liq_long_z_long
24,12,12,12,2500,1750,375,375,0.5154285714285715,0.568,1d_others,price_seq_1d_others,SOLUSDT_liq_long_roc_1,0.5,0.3324420677361854,0.0,0.0,0.13297682709447417,liq_long,roc_1,symbol,liq_long_roc_1
24,12,12,12,2500,1750,375,375,0.5154285714285715,0.568,1d_others,price_seq_1d_others,SOLUSDT_liq_short_z_short,0.5,0.3324420677361854,0.0,0.0,0.13297682709447417,liq_short,z_short,symbol,liq_short_z_short
24,12,12,12,2500,1750,375,375,0.5154285714285715,0.568,1d_others,price_seq_1d_others,SOLUSDT_liq_short_z_long,0.5,0.3324420677361854,0.0,0.0,0.13297682709447417,liq_short,z_long,symbol,liq_short_z_long
24,12,12,12,2500,1750,375,375,0.5154285714285715,0.568,1d_others,price_seq_1d_others,SOLUSDT_liq_short_roc_1,0.5,0.3324420677361854,0.0,0.0,0.13297682709447417,liq_short,roc_1,symbol,liq_short_roc_1
24,12,12,12,2500,1750,375,375,0.5154285714285715,0.568,1d_others,price_seq_1d_others,SOLUSDT_ob_imbalance_roc_12,0.5,0.3324420677361854,0.0,0.0,0.13297682709447417,ob_imbalance,roc_12,symbol,ob_imbalance_roc_12
24,12,12,12,2500,1750,375,375,0.5154285714285715,0.568,1d_others,price_seq_1d_others,DOGEUSDT_ret_1d_scale,0.5,0.3324420677361854,0.0,0.0,0.13297682709447417,ret_1d,scale,symbol,ret_1d_scale
24,12,12,12,2500,1750,375,375,0.5154285714285715,0.568,1d_others,price_seq_1d_others,DOGEUSDT_ret_3d_z,0.5,0.3324420677361854,0.0,0.0,0.13297682709447417,ret_3d,z,symbol,ret_3d_z
24,12,12,12,2500,1750,375,375,0.5154285714285715,0.568,1d_others,price_seq_1d_others,DOGEUSDT_oi_close_scale,0.5,0.3324420677361854,0.0,0.0,0.13297682709447417,oi_close,scale,symbol,oi_close_scale
24,12,12,12,2500,1750,375,375,0.5154285714285715,0.568,1d_others,price_seq_1d_others,DOGEUSDT_ls_account_ratio_z,0.5,0.3324420677361854,0.0,0.0,0.13297682709447417,ls_account_ratio,z,symbol,ls_account_ratio_z
24,12,12,12,2500,1750,375,375,0.5154285714285715,0.568,1d_others,price_seq_1d_others,DOGEUSDT_liq_long_log_z,0.5,0.3324420677361854,0.0,0.0,0.13297682709447417,liq_long,log_z,symbol,liq_long_log_z
24,12,12,12,2500,1750,375,375,0.5154285714285715,0.568,1d_others,price_seq_1d_others,DOGEUSDT_open_z_short,0.5,0.3324420677361854,0.0,0.0,0.13297682709447417,open,z_short,symbol,open_z_short
24,12,12,12,2500,1750,375,375,0.5154285714285715,0.568,1d_others,price_seq_1d_others,DOGEUSDT_high_roc_12,0.5,0.3324420677361854,0.0,0.0,0.13297682709447417,high,roc_12,symbol,high_roc_12
24,12,12,12,2500,1750,375,375,0.5154285714285715,0.568,1d_others,price_seq_1d_others,DOGEUSDT_low_z_short,0.5,0.3324420677361854,0.0,0.0,0.13297682709447417,low,z_short,symbol,low_z_short
24,12,12,12,2500,1750,375,375,0.5154285714285715,0.568,1d_others,price_seq_1d_others,DOGEUSDT_low_roc_1,0.5,0.3324420677361854,0.0,0.0,0.13297682709447417,low,roc_1,symbol,low_roc_1
24,12,12,12,2500,1750,375,375,0.5154285714285715,0.568,1d_others,price_seq_1d_others,DOGEUSDT_volume_roc_1,0.5,0.3324420677361854,0.0,0.0,0.13297682709447417,volume,roc_1,symbol,volume_roc_1
24,12,12,12,2500,1750,375,375,0.5154285714285715,0.568,1d_others,price_seq_1d_others,DOGEUSDT_volume_ema_12_48_spread,0.5,0.3324420677361854,0.0,0.0,0.13297682709447417,volume,ema_12_48_spread,symbol,volume_ema_12_48_spread
24,12,12,12,2500,1750,375,375,0.5154285714285715,0.568,1d_others,price_seq_1d_others,DOGEUSDT_buy_volume_z_long,0.5,0.3324420677361854,0.0,0.0,0.13297682709447417,buy_volume,z_long,symbol,buy_volume_z_long
24,12,12,12,2500,1750,375,375,0.5154285714285715,0.568,1d_others,price_seq_1d_others,DOGEUSDT_buy_volume_roc_12,0.5,0.3324420677361854,0.0,0.0,0.13297682709447417,buy_volume,roc_12,symbol,buy_volume_roc_12
24,12,12,12,2500,1750,375,375,0.5154285714285715,0.568,1d_others,price_seq_1d_others,DOGEUSDT_volume_ratio_z_long,0.5,0.3324420677361854,0.0,0.0,0.13297682709447417,volume_ratio,z_long,symbol,volume_ratio_z_long
24,12,12,12,2500,1750,375,375,0.5154285714285715,0.568,1d_others,price_seq_1d_others,DOGEUSDT_trades_z_short,0.5,0.3324420677361854,0.0,0.0,0.13297682709447417,trades,z_short,symbol,trades_z_short
24,12,12,12,2500,1750,375,375,0.5154285714285715,0.568,1d_others,price_seq_1d_others,DOGEUSDT_trades_z_long,0.5,0.3324420677361854,0.0,0.0,0.13297682709447417,trades,z_long,symbol,trades_z_long
24,12,12,12,2500,1750,375,375,0.5154285714285715,0.568,1d_others,price_seq_1d_others,DOGEUSDT_trades_ema_12_48_spread,0.5,0.3324420677361854,0.0,0.0,0.13297682709447417,trades,ema_12_48_spread,symbol,trades_ema_12_48_spread
24,12,12,12,2500,1750,375,375,0.5154285714285715,0.568,1d_others,price_seq_1d_others,DOGEUSDT_quote_volume_z_short,0.5,0.3324420677361854,0.0,0.0,0.13297682709447417,quote_volume,z_short,symbol,quote_volume_z_short
24,12,12,12,2500,1750,375,375,0.5154285714285715,0.568,1d_others,price_seq_1d_others,DOGEUSDT_quote_volume_roc_1,0.5,0.3324420677361854,0.0,0.0,0.13297682709447417,quote_volume,roc_1,symbol,quote_volume_roc_1
24,12,12,12,2500,1750,375,375,0.5154285714285715,0.568,1d_others,price_seq_1d_others,DOGEUSDT_quote_volume_roc_12,0.5,0.3324420677361854,0.0,0.0,0.13297682709447417,quote_volume,roc_12,symbol,quote_volume_roc_12
24,12,12,12,2500,1750,375,375,0.5154285714285715,0.568,1d_others,price_seq_1d_others,DOGEUSDT_oi_close_z_long,0.5,0.3324420677361854,0.0,0.0,0.13297682709447417,oi_close,z_long,symbol,oi_close_z_long
24,12,12,12,2500,1750,375,375,0.5154285714285715,0.568,1d_others,price_seq_1d_others,DOGEUSDT_oi_close_roc_1,0.5,0.3324420677361854,0.0,0.0,0.13297682709447417,oi_close,roc_1,symbol,oi_close_roc_1
24,12,12,12,2500,1750,375,375,0.5154285714285715,0.568,1d_others,price_seq_1d_others,DOGEUSDT_liq_long_z_long,0.5,0.3324420677361854,0.0,0.0,0.13297682709447417,liq_long,z_long,symbol,liq_long_z_long
24,12,12,12,2500,1750,375,375,0.5154285714285715,0.568,1d_others,price_seq_1d_others,DOGEUSDT_liq_long_roc_1,0.5,0.3324420677361854,0.0,0.0,0.13297682709447417,liq_long,roc_1,symbol,liq_long_roc_1
24,12,12,12,2500,1750,375,375,0.5154285714285715,0.568,1d_others,price_seq_1d_others,DOGEUSDT_liq_short_z_short,0.5,0.3324420677361854,0.0,0.0,0.13297682709447417,liq_short,z_short,symbol,liq_short_z_short
24,12,12,12,2500,1750,375,375,0.5154285714285715,0.568,1d_others,price_seq_1d_others,DOGEUSDT_liq_short_z_long,0.5,0.3324420677361854,0.0,0.0,0.13297682709447417,liq_short,z_long,symbol,liq_short_z_long
24,12,12,12,2500,1750,375,375,0.5154285714285715,0.568,1d_others,price_seq_1d_others,DOGEUSDT_liq_short_roc_1,0.5,0.3324420677361854,0.0,0.0,0.13297682709447417,liq_short,roc_1,symbol,liq_short_roc_1
24,12,12,12,2500,1750,375,375,0.5154285714285715,0.568,1d_others,price_seq_1d_others,DOGEUSDT_ob_imbalance_roc_12,0.5,0.3324420677361854,0.0,0.0,0.13297682709447417,ob_imbalance,roc_12,symbol,ob_imbalance_roc_12
24,12,12,12,2500,1750,375,375,0.5154285714285715,0.568,1d_others,price_seq_1d_others,1000PEPEUSDT_ret_1d_scale,0.4332000231843738,0.3324420677361854,0.0,0.0,0.13297682709447417,ret_1d,scale,symbol,ret_1d_scale
24,12,12,12,2500,1750,375,375,0.5154285714285715,0.568,1d_others,price_seq_1d_others,1000PEPEUSDT_ret_3d_z,0.5,0.3324420677361854,0.0,0.0,0.13297682709447417,ret_3d,z,symbol,ret_3d_z
24,12,12,12,2500,1750,375,375,0.5154285714285715,0.568,1d_others,price_seq_1d_others,1000PEPEUSDT_oi_close_scale,0.5,0.3324420677361854,0.0,0.0,0.13297682709447417,oi_close,scale,symbol,oi_close_scale
24,12,12,12,2500,1750,375,375,0.5154285714285715,0.568,1d_others,price_seq_1d_others,1000PEPEUSDT_ls_account_ratio_z,0.5,0.3324420677361854,0.0,0.0,0.13297682709447417,ls_account_ratio,z,symbol,ls_account_ratio_z
24,12,12,12,2500,1750,375,375,0.5154285714285715,0.568,1d_others,price_seq_1d_others,1000PEPEUSDT_liq_long_log_z,0.5,0.3324420677361854,0.0,0.0,0.13297682709447417,liq_long,log_z,symbol,liq_long_log_z
24,12,12,12,2500,1750,375,375,0.5154285714285715,0.568,1d_others,price_seq_1d_others,1000PEPEUSDT_open_z_short,0.5,0.3324420677361854,0.0,0.0,0.13297682709447417,open,z_short,symbol,open_z_short
24,12,12,12,2500,1750,375,375,0.5154285714285715,0.568,1d_others,price_seq_1d_others,1000PEPEUSDT_high_roc_12,0.5,0.3324420677361854,0.0,0.0,0.13297682709447417,high,roc_12,symbol,high_roc_12
24,12,12,12,2500,1750,375,375,0.5154285714285715,0.568,1d_others,price_seq_1d_others,1000PEPEUSDT_low_z_short,0.5,0.3324420677361854,0.0,0.0,0.13297682709447417,low,z_short,symbol,low_z_short
24,12,12,12,2500,1750,375,375,0.5154285714285715,0.568,1d_others,price_seq_1d_others,1000PEPEUSDT_low_roc_1,0.5,0.3324420677361854,0.0,0.0,0.13297682709447417,low,roc_1,symbol,low_roc_1
24,12,12,12,2500,1750,375,375,0.5154285714285715,0.568,1d_others,price_seq_1d_others,1000PEPEUSDT_volume_roc_1,0.5,0.3324420677361854,0.0,0.0,0.13297682709447417,volume,roc_1,symbol,volume_roc_1
24,12,12,12,2500,1750,375,375,0.5154285714285715,0.568,1d_others,price_seq_1d_others,1000PEPEUSDT_volume_ema_12_48_spread,0.5,0.3324420677361854,0.0,0.0,0.13297682709447417,volume,ema_12_48_spread,symbol,volume_ema_12_48_spread
24,12,12,12,2500,1750,375,375,0.5154285714285715,0.568,1d_others,price_seq_1d_others,1000PEPEUSDT_buy_volume_z_long,0.5,0.3324420677361854,0.0,0.0,0.13297682709447417,buy_volume,z_long,symbol,buy_volume_z_long
24,12,12,12,2500,1750,375,375,0.5154285714285715,0.568,1d_others,price_seq_1d_others,1000PEPEUSDT_buy_volume_roc_12,0.5,0.3324420677361854,0.0,0.0,0.13297682709447417,buy_volume,roc_12,symbol,buy_volume_roc_12
24,12,12,12,2500,1750,375,375,0.5154285714285715,0.568,1d_others,price_seq_1d_others,1000PEPEUSDT_volume_ratio_z_long,0.5,0.3324420677361854,0.0,0.0,0.13297682709447417,volume_ratio,z_long,symbol,volume_ratio_z_long
24,12,12,12,2500,1750,375,375,0.5154285714285715,0.568,1d_others,price_seq_1d_others,1000PEPEUSDT_trades_z_short,0.5,0.3324420677361854,0.0,0.0,0.13297682709447417,trades,z_short,symbol,trades_z_short
24,12,12,12,2500,1750,375,375,0.5154285714285715,0.568,1d_others,price_seq_1d_others,1000PEPEUSDT_trades_z_long,0.5,0.3324420677361854,0.0,0.0,0.13297682709447417,trades,z_long,symbol,trades_z_long
24,12,12,12,2500,1750,375,375,0.5154285714285715,0.568,1d_others,price_seq_1d_others,1000PEPEUSDT_trades_ema_12_48_spread,0.5,0.3324420677361854,0.0,0.0,0.13297682709447417,trades,ema_12_48_spread,symbol,trades_ema_12_48_spread
24,12,12,12,2500,1750,375,375,0.5154285714285715,0.568,1d_others,price_seq_1d_others,1000PEPEUSDT_quote_volume_z_short,0.5459050599895671,0.3324420677361854,17.0,0.011394101876675604,0.17600049636658585,quote_volume,z_short,symbol,quote_volume_z_short
24,12,12,12,2500,1750,375,375,0.5154285714285715,0.568,1d_others,price_seq_1d_others,1000PEPEUSDT_quote_volume_roc_1,0.5,0.3324420677361854,0.0,0.0,0.13297682709447417,quote_volume,roc_1,symbol,quote_volume_roc_1
24,12,12,12,2500,1750,375,375,0.5154285714285715,0.568,1d_others,price_seq_1d_others,1000PEPEUSDT_quote_volume_roc_12,0.5,0.3324420677361854,0.0,0.0,0.13297682709447417,quote_volume,roc_12,symbol,quote_volume_roc_12
24,12,12,12,2500,1750,375,375,0.5154285714285715,0.568,1d_others,price_seq_1d_others,1000PEPEUSDT_oi_close_z_long,0.5,0.3324420677361854,0.0,0.0,0.13297682709447417,oi_close,z_long,symbol,oi_close_z_long
24,12,12,12,2500,1750,375,375,0.5154285714285715,0.568,1d_others,price_seq_1d_others,1000PEPEUSDT_oi_close_roc_1,0.5,0.3324420677361854,0.0,0.0,0.13297682709447417,oi_close,roc_1,symbol,oi_close_roc_1
24,12,12,12,2500,1750,375,375,0.5154285714285715,0.568,1d_others,price_seq_1d_others,1000PEPEUSDT_liq_long_z_long,0.5,0.3324420677361854,0.0,0.0,0.13297682709447417,liq_long,z_long,symbol,liq_long_z_long
24,12,12,12,2500,1750,375,375,0.5154285714285715,0.568,1d_others,price_seq_1d_others,1000PEPEUSDT_liq_long_roc_1,0.5,0.3324420677361854,0.0,0.0,0.13297682709447417,liq_long,roc_1,symbol,liq_long_roc_1
24,12,12,12,2500,1750,375,375,0.5154285714285715,0.568,1d_others,price_seq_1d_others,1000PEPEUSDT_liq_short_z_short,0.5,0.3324420677361854,0.0,0.0,0.13297682709447417,liq_short,z_short,symbol,liq_short_z_short
24,12,12,12,2500,1750,375,375,0.5154285714285715,0.568,1d_others,price_seq_1d_others,1000PEPEUSDT_liq_short_z_long,0.5,0.3324420677361854,0.0,0.0,0.13297682709447417,liq_short,z_long,symbol,liq_short_z_long
24,12,12,12,2500,1750,375,375,0.5154285714285715,0.568,1d_others,price_seq_1d_others,1000PEPEUSDT_liq_short_roc_1,0.5,0.3324420677361854,0.0,0.0,0.13297682709447417,liq_short,roc_1,symbol,liq_short_roc_1
24,12,12,12,2500,1750,375,375,0.5154285714285715,0.568,1d_others,price_seq_1d_others,1000PEPEUSDT_ob_imbalance_roc_12,0.5,0.3324420677361854,0.0,0.0,0.13297682709447417,ob_imbalance,roc_12,symbol,ob_imbalance_roc_12
24,12,12,12,2500,1750,375,375,0.5154285714285715,0.568,1d_others,price_seq_1d_others,sopr_z,0.5,0.3324420677361854,0.0,0.0,0.13297682709447417,sopr,z,global,sopr_z
24,12,12,12,2500,1750,375,375,0.5154285714285715,0.568,1d_others,price_seq_1d_others,fear_greed_roc_12,0.5,0.3324420677361854,0.0,0.0,0.13297682709447417,fear_greed,roc_12,global,fear_greed_roc_12
24,12,12,12,2500,1750,375,375,0.5154285714285715,0.568,1d_others,price_seq_1d_others,altcoin_season_roc_1,0.5,0.3324420677361854,0.0,0.0,0.13297682709447417,altcoin_season,roc_1,global,altcoin_season_roc_1
24,12,12,12,2500,1750,375,375,0.5154285714285715,0.568,1d_others,price_seq_1d_others,altcoin_season_roc_12,0.5,0.3324420677361854,0.0,0.0,0.13297682709447417,altcoin_season,roc_12,global,altcoin_season_roc_12
24,12,12,12,2500,1750,375,375,0.5154285714285715,0.568,1d_others,price_seq_1d_others,altcoin_season_ema_12_48_spread,0.5,0.3324420677361854,0.0,0.0,0.13297682709447417,altcoin_season,ema_12_48_spread,global,altcoin_season_ema_12_48_spread
24,12,12,12,2500,1750,375,375,0.5154285714285715,0.568,1d_others,price_seq_1d_others,bmo_ema_12_48_spread,0.5,0.3324420677361854,0.0,0.0,0.13297682709447417,bmo,ema_12_48_spread,global,bmo_ema_12_48_spread
24,12,12,12,2500,1750,375,375,0.5154285714285715,0.568,1d_others,price_seq_1d_others,sopr_roc_12,0.5,0.3324420677361854,7.0,0.004691689008042895,0.1336805804456806,sopr,roc_12,global,sopr_roc_12
24,12,24,24,2500,1750,375,375,0.5291428571428571,0.6266666666666667,5m_target,price_seq_target,volume_ratio_z_short,0.4359878419452888,0.33109619686800895,390.0,0.0986093552465234,0.14722988203418208,volume_ratio,z_short,global,volume_ratio_z_short
24,12,24,24,2500,1750,375,375,0.5291428571428571,0.6266666666666667,5m_target,price_seq_target,volume_ratio_z_long,0.5970820668693009,0.3301929116195603,506.0,0.12793931731984828,0.23864192242817214,volume_ratio,z_long,global,volume_ratio_z_long
24,12,24,24,2500,1750,375,375,0.5291428571428571,0.6266666666666667,5m_target,price_seq_target,long_short_ratio_z,0.37063829787234037,0.33064516129032256,420.0,0.10619469026548672,0.14818726805595206,long_short_ratio,z,global,long_short_ratio_z
24,12,24,24,2500,1750,375,375,0.5291428571428571,0.6266666666666667,5m_target,price_seq_target,sell_volume_roc_12,0.39699088145896655,0.31603553062178585,433.0,0.10948166877370417,0.14283646256476998,sell_volume,roc_12,global,sell_volume_roc_12
24,12,24,24,2500,1750,375,375,0.5291428571428571,0.6266666666666667,5m_target,price_seq_target,sell_volume_roc_1,0.4453495440729484,0.33109619686800895,604.0,0.15271807838179519,0.15534619050447285,sell_volume,roc_1,global,sell_volume_roc_1
24,12,24,24,2500,1750,375,375,0.5291428571428571,0.6266666666666667,5m_target,price_seq_target,sell_volume_ema_12_48_spread,0.4195744680851064,0.32973944294699015,96.0,0.02427307206068268,0.13553673798789845,sell_volume,ema_12_48_spread,global,sell_volume_ema_12_48_spread
24,12,24,24,2500,1750,375,375,0.5291428571428571,0.6266666666666667,5m_target,price_seq_target,volume_ratio_ema_12_48_spread,0.4226747720364742,0.3242009132420091,0.0,0.0,0.12968036529680366,volume_ratio,ema_12_48_spread,global,volume_ratio_ema_12_48_spread
24,12,24,24,2500,1750,375,375,0.5291428571428571,0.6266666666666667,5m_target,price_seq_target,trades_z_long,0.4604103343465046,0.33064516129032256,0.0,0.0,0.13225806451612904,trades,z_long,global,trades_z_long
24,12,24,24,2500,1750,375,375,0.5291428571428571,0.6266666666666667,5m_target,price_seq_target,volume_impact_scale,0.6388601823708207,0.32231404958677684,120.0,0.03034134007585335,0.2584509849798273,volume_impact,scale,global,volume_impact_scale
24,12,24,24,2500,1750,375,375,0.5291428571428571,0.6266666666666667,5m_target,price_seq_target,close_z_long,0.4552735562310031,0.33109619686800895,522.0,0.13198482932996208,0.1522362031466979,close,z_long,global,close_z_long
24,12,24,24,2500,1750,375,375,0.5291428571428571,0.6266666666666667,5m_target,price_seq_target,volume_log_z_short,0.4886930091185411,0.33109619686800895,335.0,0.08470290771175727,0.14514391490396716,volume_log,z_short,global,volume_log_z_short
24,12,24,24,2500,1750,375,375,0.5291428571428571,0.6266666666666667,5m_target,price_seq_target,ret_15m_z_short,0.4525227963525835,0.33109619686800895,529.0,0.13375474083438685,0.1525016898723616,ret_15m,z_short,global,ret_15m_z_short
24,12,24,24,2500,1750,375,375,0.5291428571428571,0.6266666666666667,5m_others,price_seq_others,ETHUSDT_trades_z_short,0.5817629179331307,0.33109619686800895,171.0,0.04142441860465116,0.21223876767771893,trades,z_short,symbol,trades_z_short
24,12,24,24,2500,1750,375,375,0.5291428571428571,0.6266666666666667,5m_others,price_seq_others,ETHUSDT_long_short_ratio_z_short,0.5560182370820669,0.33109619686800895,131.0,0.03173449612403101,0.18761506653966842,long_short_ratio,z_short,symbol,long_short_ratio_z_short
24,12,24,24,2500,1750,375,375,0.5291428571428571,0.6266666666666667,5m_others,price_seq_others,ETHUSDT_volume_log_z,0.5480243161094225,0.33109619686800895,155.0,0.0375484496124031,0.18129263068754428,volume,log_z,symbol,volume_log_z
24,12,24,24,2500,1750,375,375,0.5291428571428571,0.6266666666666667,5m_others,price_seq_others,ETHUSDT_sell_volume_z_short,0.5159270516717325,0.33109619686800895,150.0,0.036337209302325583,0.15222340664711165,sell_volume,z_short,symbol,sell_volume_z_short
24,12,24,24,2500,1750,375,375,0.5291428571428571,0.6266666666666667,5m_others,price_seq_others,ETHUSDT_rsi_14,0.4493313069908814,0.3301929116195603,105.0,0.025436046511627907,0.1358925716245683,rsi_14,raw,symbol,rsi_14
24,12,24,24,2500,1750,375,375,0.5291428571428571,0.6266666666666667,5m_others,price_seq_others,ETHUSDT_buy_volume_z_long,0.5013677811550152,0.33064516129032256,153.0,0.037063953488372096,0.13904866057889856,buy_volume,z_long,symbol,buy_volume_z_long
24,12,24,24,2500,1750,375,375,0.5291428571428571,0.6266666666666667,5m_others,price_seq_others,ETHUSDT_up_volume_ratio_12,0.4557750759878419,0.33064516129032256,129.0,0.03125,0.13694556451612905,up_volume_ratio_12,raw,symbol,up_volume_ratio_12
24,12,24,24,2500,1750,375,375,0.5291428571428571,0.6266666666666667,5m_others,price_seq_others,ETHUSDT_volume_ratio_z_long,0.5546960486322188,0.3274536408864767,86.0,0.020833333333333332,0.18333290012358758,volume_ratio,z_long,symbol,volume_ratio_z_long
24,12,24,24,2500,1750,375,375,0.5291428571428571,0.6266666666666667,5m_others,price_seq_others,ETHUSDT_high_roc_12,0.534468085106383,0.3301929116195603,118.0,0.028585271317829456,0.16738623194124325,high,roc_12,symbol,high_roc_12
24,12,24,24,2500,1750,375,375,0.5291428571428571,0.6266666666666667,5m_others,price_seq_others,ETHUSDT_trades_roc_12,0.531322188449848,0.3301929116195603,149.0,0.03609496124031008,0.16568137843873387,trades,roc_12,symbol,trades_roc_12
24,12,24,24,2500,1750,375,375,0.5291428571428571,0.6266666666666667,5m_others,price_seq_others,ETHUSDT_quote_volume_z_long,0.42016717325227965,0.33109619686800895,121.0,0.02931201550387597,0.13683528107278498,quote_volume,z_long,symbol,quote_volume_z_long
24,12,24,24,2500,1750,375,375,0.5291428571428571,0.6266666666666667,5m_others,price_seq_others,ETHUSDT_volume_impact_scale,0.555258358662614,0.33109619686800895,97.0,0.023498062015503876,0.1856957108458817,volume_impact,scale,symbol,volume_impact_scale
24,12,24,24,2500,1750,375,375,0.5291428571428571,0.6266666666666667,5m_others,price_seq_others,SOLUSDT_trades_z_short,0.60161094224924,0.3301929116195603,156.0,0.0377906976744186,0.22919561732330296,trades,z_short,symbol,trades_z_short
24,12,24,24,2500,1750,375,375,0.5291428571428571,0.6266666666666667,5m_others,price_seq_others,SOLUSDT_long_short_ratio_z_short,0.5276595744680851,0.32882882882882886,150.0,0.036337209302325583,0.16187572994815697,long_short_ratio,z_short,symbol,long_short_ratio_z_short
24,12,24,24,2500,1750,375,375,0.5291428571428571,0.6266666666666667,5m_others,price_seq_others,SOLUSDT_volume_log_z,0.2826747720364742,0.33109619686800895,149.0,0.03609496124031008,0.1378527229332501,volume,log_z,symbol,volume_log_z
24,12,24,24,2500,1750,375,375,0.5291428571428571,0.6266666666666667,5m_others,price_seq_others,SOLUSDT_sell_volume_z_short,0.5774468085106382,0.33109619686800895,133.0,0.03221899224806202,0.2069734552439873,sell_volume,z_short,symbol,sell_volume_z_short
24,12,24,24,2500,1750,375,375,0.5291428571428571,0.6266666666666667,5m_others,price_seq_others,SOLUSDT_rsi_14,0.555531914893617,0.33109619686800895,167.0,0.04045542635658915,0.1884855161049472,rsi_14,raw,symbol,rsi_14
24,12,24,24,2500,1750,375,375,0.5291428571428571,0.6266666666666667,5m_others,price_seq_others,SOLUSDT_buy_volume_z_long,0.4896960486322188,0.33109619686800895,174.0,0.04215116279069767,0.13876115316580823,buy_volume,z_long,symbol,buy_volume_z_long
24,12,24,24,2500,1750,375,375,0.5291428571428571,0.6266666666666667,5m_others,price_seq_others,SOLUSDT_up_volume_ratio_12,0.43746200607902735,0.33064516129032256,116.0,0.02810077519379845,0.1364731807951988,up_volume_ratio_12,raw,symbol,up_volume_ratio_12
24,12,24,24,2500,1750,375,375,0.5291428571428571,0.6266666666666667,5m_others,price_seq_others,SOLUSDT_volume_ratio_z_long,0.48968085106382975,0.33109619686800895,139.0,0.033672480620155036,0.13748935084022684,volume_ratio,z_long,symbol,volume_ratio_z_long
24,12,24,24,2500,1750,375,375,0.5291428571428571,0.6266666666666667,5m_others,price_seq_others,SOLUSDT_high_roc_12,0.528723404255319,0.33109619686800895,62.0,0.015019379844961241,0.1605424495537349,high,roc_12,symbol,high_roc_12
24,12,24,24,2500,1750,375,375,0.5291428571428571,0.6266666666666667,5m_others,price_seq_others,SOLUSDT_trades_roc_12,0.5420668693009119,0.32973944294699015,0.0,0.0,0.16975595954961673,trades,roc_12,symbol,trades_roc_12
24,12,24,24,2500,1750,375,375,0.5291428571428571,0.6266666666666667,5m_others,price_seq_others,SOLUSDT_quote_volume_z_long,0.5418541033434651,0.33109619686800895,0.0,0.0,0.17010717175632215,quote_volume,z_long,symbol,quote_volume_z_long
24,12,24,24,2500,1750,375,375,0.5291428571428571,0.6266666666666667,5m_others,price_seq_others,SOLUSDT_volume_impact_scale,0.5410942249240122,0.33109619686800895,0.0,0.0,0.16942328117881453,volume_impact,scale,symbol,volume_impact_scale
24,12,24,24,2500,1750,375,375,0.5291428571428571,0.6266666666666667,5m_others,price_seq_others,DOGEUSDT_trades_z_short,0.495790273556231,0.3292847503373819,0.0,0.0,0.13171390013495277,trades,z_short,symbol,trades_z_short
24,12,24,24,2500,1750,375,375,0.5291428571428571,0.6266666666666667,5m_others,price_seq_others,DOGEUSDT_long_short_ratio_z_short,0.28857142857142853,0.3301929116195603,0.0,0.0,0.13207716464782412,long_short_ratio,z_short,symbol,long_short_ratio_z_short
24,12,24,24,2500,1750,375,375,0.5291428571428571,0.6266666666666667,5m_others,price_seq_others,DOGEUSDT_volume_log_z,0.6503343465045591,0.32973944294699015,0.0,0.0,0.2671966890328993,volume,log_z,symbol,volume_log_z
24,12,24,24,2500,1750,375,375,0.5291428571428571,0.6266666666666667,5m_others,price_seq_others,DOGEUSDT_sell_volume_z_short,0.4655927051671732,0.3292847503373819,0.0,0.0,0.13171390013495277,sell_volume,z_short,symbol,sell_volume_z_short
24,12,24,24,2500,1750,375,375,0.5291428571428571,0.6266666666666667,5m_others,price_seq_others,DOGEUSDT_rsi_14,0.3689057750759879,0.33109619686800895,0.0,0.0,0.13243847874720358,rsi_14,raw,symbol,rsi_14
24,12,24,24,2500,1750,375,375,0.5291428571428571,0.6266666666666667,5m_others,price_seq_others,DOGEUSDT_buy_volume_z_long,0.5714285714285714,0.32653061224489793,0.0,0.0,0.19489795918367342,buy_volume,z_long,symbol,buy_volume_z_long
24,12,24,24,2500,1750,375,375,0.5291428571428571,0.6266666666666667,5m_others,price_seq_others,DOGEUSDT_up_volume_ratio_12,0.7158662613981762,0.33109619686800895,0.0,0.0,0.32671811400556217,up_volume_ratio_12,raw,symbol,up_volume_ratio_12
24,12,24,24,2500,1750,375,375,0.5291428571428571,0.6266666666666667,5m_others,price_seq_others,DOGEUSDT_volume_ratio_z_long,0.49785714285714283,0.3283716734325665,0.0,0.0,0.1313486693730266,volume_ratio,z_long,symbol,volume_ratio_z_long
24,12,24,24,2500,1750,375,375,0.5291428571428571,0.6266666666666667,5m_others,price_seq_others,DOGEUSDT_high_roc_12,0.4873100303951368,0.3301929116195603,0.0,0.0,0.13207716464782412,high,roc_12,symbol,high_roc_12
24,12,24,24,2500,1750,375,375,0.5291428571428571,0.6266666666666667,5m_others,price_seq_others,DOGEUSDT_trades_roc_12,0.41344984802431606,0.3260672116257947,0.0,0.0,0.1304268846503179,trades,roc_12,symbol,trades_roc_12
24,12,24,24,2500,1750,375,375,0.5291428571428571,0.6266666666666667,5m_others,price_seq_others,DOGEUSDT_quote_volume_z_long,0.2989969604863222,0.33109619686800895,79.0,0.019137596899224806,0.1353091182820873,quote_volume,z_long,symbol,quote_volume_z_long
24,12,24,24,2500,1750,375,375,0.5291428571428571,0.6266666666666667,5m_others,price_seq_others,DOGEUSDT_volume_impact_scale,0.47268996960486326,0.33109619686800895,85.0,0.020591085271317828,0.13552714153790124,volume_impact,scale,symbol,volume_impact_scale
24,12,24,24,2500,1750,375,375,0.5291428571428571,0.6266666666666667,5m_others,price_seq_others,1000PEPEUSDT_trades_z_short,0.6508510638297872,0.33109619686800895,131.0,0.03173449612403101,0.2729646106126167,trades,z_short,symbol,trades_z_short
24,12,24,24,2500,1750,375,375,0.5291428571428571,0.6266666666666667,5m_others,price_seq_others,1000PEPEUSDT_long_short_ratio_z_short,0.4598784194528876,0.3283716734325665,124.0,0.030038759689922482,0.13585448332651498,long_short_ratio,z_short,symbol,long_short_ratio_z_short
24,12,24,24,2500,1750,375,375,0.5291428571428571,0.6266666666666667,5m_others,price_seq_others,1000PEPEUSDT_volume_log_z,0.3741489361702127,0.33109619686800895,128.0,0.031007751937984496,0.13708964153790126,volume,log_z,symbol,volume_log_z
24,12,24,24,2500,1750,375,375,0.5291428571428571,0.6266666666666667,5m_others,price_seq_others,1000PEPEUSDT_sell_volume_z_short,0.6554711246200607,0.33109619686800895,96.0,0.023255813953488372,0.2758508629982815,sell_volume,z_short,symbol,sell_volume_z_short
24,12,24,24,2500,1750,375,375,0.5291428571428571,0.6266666666666667,5m_others,price_seq_others,1000PEPEUSDT_rsi_14,0.38919452887538,0.33109619686800895,88.0,0.02131782945736434,0.13563615316580824,rsi_14,raw,symbol,rsi_14
24,12,24,24,2500,1750,375,375,0.5291428571428571,0.6266666666666667,5m_others,price_seq_others,1000PEPEUSDT_buy_volume_z_long,0.39171732522796354,0.33109619686800895,93.0,0.02252906976744186,0.13581783921231985,buy_volume,z_long,symbol,buy_volume_z_long
24,12,24,24,2500,1750,375,375,0.5291428571428571,0.6266666666666667,5m_others,price_seq_others,1000PEPEUSDT_up_volume_ratio_12,0.5258966565349544,0.33109619686800895,66.0,0.015988372093023256,0.15814372544261604,up_volume_ratio_12,raw,symbol,up_volume_ratio_12
24,12,24,24,2500,1750,375,375,0.5291428571428571,0.6266666666666667,5m_others,price_seq_others,1000PEPEUSDT_volume_ratio_z_long,0.5116109422492401,0.33109619686800895,96.0,0.023255813953488372,0.1463766988645429,volume_ratio,z_long,symbol,volume_ratio_z_long
24,12,24,24,2500,1750,375,375,0.5291428571428571,0.6266666666666667,5m_others,price_seq_others,1000PEPEUSDT_high_roc_12,0.6285410334346505,0.33109619686800895,89.0,0.021560077519379845,0.251359420466296,high,roc_12,symbol,high_roc_12
24,12,24,24,2500,1750,375,375,0.5291428571428571,0.6266666666666667,5m_others,price_seq_others,1000PEPEUSDT_trades_roc_12,0.5551671732522796,0.33109619686800895,88.0,0.02131782945736434,0.18528660909285988,trades,roc_12,symbol,trades_roc_12
24,12,24,24,2500,1750,375,375,0.5291428571428571,0.6266666666666667,5m_others,price_seq_others,1000PEPEUSDT_quote_volume_z_long,0.39621580547112456,0.33109619686800895,80.0,0.01937984496124031,0.13534545549138963,quote_volume,z_long,symbol,quote_volume_z_long
24,12,24,24,2500,1750,375,375,0.5291428571428571,0.6266666666666667,5m_others,price_seq_others,1000PEPEUSDT_volume_impact_scale,0.5375683890577507,0.3283716734325665,74.0,0.017926356589147287,0.16784917301337435,volume_impact,scale,symbol,volume_impact_scale
24,12,24,24,2500,1750,375,375,0.5291428571428571,0.6266666666666667,1d_target,price_seq_1d_target,ret_1d_z_short,0.5,0.33109619686800895,0.0,0.0,0.13243847874720358,ret_1d,z_short,global,ret_1d_z_short
24,12,24,24,2500,1750,375,375,0.5291428571428571,0.6266666666666667,1d_target,price_seq_1d_target,ret_3d_z_short,0.5,0.33109619686800895,0.0,0.0,0.13243847874720358,ret_3d,z_short,global,ret_3d_z_short
24,12,24,24,2500,1750,375,375,0.5291428571428571,0.6266666666666667,1d_target,price_seq_1d_target,ret_7d_z_long,0.5,0.33109619686800895,0.0,0.0,0.13243847874720358,ret_7d,z_long,global,ret_7d_z_long
24,12,24,24,2500,1750,375,375,0.5291428571428571,0.6266666666666667,1d_target,price_seq_1d_target,body_1d_z,0.5,0.33109619686800895,0.0,0.0,0.13243847874720358,body_1d,z,global,body_1d_z
24,12,24,24,2500,1750,375,375,0.5291428571428571,0.6266666666666667,1d_target,price_seq_1d_target,oi_close_scale,0.5,0.33109619686800895,0.0,0.0,0.13243847874720358,oi_close,scale,global,oi_close_scale
24,12,24,24,2500,1750,375,375,0.5291428571428571,0.6266666666666667,1d_target,price_seq_1d_target,funding_close_scale,0.5,0.33109619686800895,0.0,0.0,0.13243847874720358,funding_close,scale,global,funding_close_scale
24,12,24,24,2500,1750,375,375,0.5291428571428571,0.6266666666666667,1d_target,price_seq_1d_target,ls_account_ratio_z,0.5,0.33109619686800895,0.0,0.0,0.13243847874720358,ls_account_ratio,z,global,ls_account_ratio_z
24,12,24,24,2500,1750,375,375,0.5291428571428571,0.6266666666666667,1d_target,price_seq_1d_target,liq_long_log_scale,0.5,0.33109619686800895,0.0,0.0,0.13243847874720358,liq_long_log,scale,global,liq_long_log_scale
24,12,24,24,2500,1750,375,375,0.5291428571428571,0.6266666666666667,1d_target,price_seq_1d_target,volume_impact_scale,0.5,0.33109619686800895,0.0,0.0,0.13243847874720358,volume_impact,scale,global,volume_impact_scale
24,12,24,24,2500,1750,375,375,0.5291428571428571,0.6266666666666667,1d_target,price_seq_1d_target,open_ema_12_48_spread,0.5,0.33109619686800895,0.0,0.0,0.13243847874720358,open,ema_12_48_spread,global,open_ema_12_48_spread
24,12,24,24,2500,1750,375,375,0.5291428571428571,0.6266666666666667,1d_target,price_seq_1d_target,high_z_long,0.5,0.33109619686800895,0.0,0.0,0.13243847874720358,high,z_long,global,high_z_long
24,12,24,24,2500,1750,375,375,0.5291428571428571,0.6266666666666667,1d_target,price_seq_1d_target,close_roc_12,0.5,0.33109619686800895,0.0,0.0,0.13243847874720358,close,roc_12,global,close_roc_12
24,12,24,24,2500,1750,375,375,0.5291428571428571,0.6266666666666667,1d_target,price_seq_1d_target,close_ema_12_48_spread,0.5,0.33109619686800895,0.0,0.0,0.13243847874720358,close,ema_12_48_spread,global,close_ema_12_48_spread
24,12,24,24,2500,1750,375,375,0.5291428571428571,0.6266666666666667,1d_target,price_seq_1d_target,sell_volume_roc_1,0.5,0.33109619686800895,0.0,0.0,0.13243847874720358,sell_volume,roc_1,global,sell_volume_roc_1
24,12,24,24,2500,1750,375,375,0.5291428571428571,0.6266666666666667,1d_target,price_seq_1d_target,quote_volume_z_long,0.5,0.33109619686800895,0.0,0.0,0.13243847874720358,quote_volume,z_long,global,quote_volume_z_long
24,12,24,24,2500,1750,375,375,0.5291428571428571,0.6266666666666667,1d_target,price_seq_1d_target,liq_long_ema_12_48_spread,0.5,0.33109619686800895,0.0,0.0,0.13243847874720358,liq_long,ema_12_48_spread,global,liq_long_ema_12_48_spread
24,12,24,24,2500,1750,375,375,0.5291428571428571,0.6266666666666667,1d_others,price_seq_1d_others,ETHUSDT_ret_1d_scale,0.5,0.33109619686800895,0.0,0.0,0.13243847874720358,ret_1d,scale,symbol,ret_1d_scale
24,12,24,24,2500,1750,375,375,0.5291428571428571,0.6266666666666667,1d_others,price_seq_1d_others,ETHUSDT_ret_3d_z,0.5,0.33109619686800895,0.0,0.0,0.13243847874720358,ret_3d,z,symbol,ret_3d_z
24,12,24,24,2500,1750,375,375,0.5291428571428571,0.6266666666666667,1d_others,price_seq_1d_others,ETHUSDT_oi_close_scale,0.5,0.33109619686800895,0.0,0.0,0.13243847874720358,oi_close,scale,symbol,oi_close_scale
24,12,24,24,2500,1750,375,375,0.5291428571428571,0.6266666666666667,1d_others,price_seq_1d_others,ETHUSDT_ls_account_ratio_z,0.5,0.33109619686800895,0.0,0.0,0.13243847874720358,ls_account_ratio,z,symbol,ls_account_ratio_z
24,12,24,24,2500,1750,375,375,0.5291428571428571,0.6266666666666667,1d_others,price_seq_1d_others,ETHUSDT_liq_long_log_z,0.5,0.33109619686800895,0.0,0.0,0.13243847874720358,liq_long,log_z,symbol,liq_long_log_z
24,12,24,24,2500,1750,375,375,0.5291428571428571,0.6266666666666667,1d_others,price_seq_1d_others,ETHUSDT_open_z_short,0.5,0.33109619686800895,363.0,0.22659176029962547,0.16642724279214738,open,z_short,symbol,open_z_short
24,12,24,24,2500,1750,375,375,0.5291428571428571,0.6266666666666667,1d_others,price_seq_1d_others,ETHUSDT_high_roc_12,0.5,0.33109619686800895,0.0,0.0,0.13243847874720358,high,roc_12,symbol,high_roc_12
24,12,24,24,2500,1750,375,375,0.5291428571428571,0.6266666666666667,1d_others,price_seq_1d_others,ETHUSDT_low_z_short,0.5,0.33109619686800895,0.0,0.0,0.13243847874720358,low,z_short,symbol,low_z_short
24,12,24,24,2500,1750,375,375,0.5291428571428571,0.6266666666666667,1d_others,price_seq_1d_others,ETHUSDT_low_roc_1,0.5,0.33109619686800895,0.0,0.0,0.13243847874720358,low,roc_1,symbol,low_roc_1
24,12,24,24,2500,1750,375,375,0.5291428571428571,0.6266666666666667,1d_others,price_seq_1d_others,ETHUSDT_volume_roc_1,0.5,0.33109619686800895,0.0,0.0,0.13243847874720358,volume,roc_1,symbol,volume_roc_1
24,12,24,24,2500,1750,375,375,0.5291428571428571,0.6266666666666667,1d_others,price_seq_1d_others,ETHUSDT_volume_ema_12_48_spread,0.5,0.33109619686800895,0.0,0.0,0.13243847874720358,volume,ema_12_48_spread,symbol,volume_ema_12_48_spread
24,12,24,24,2500,1750,375,375,0.5291428571428571,0.6266666666666667,1d_others,price_seq_1d_others,ETHUSDT_buy_volume_z_long,0.5,0.33109619686800895,0.0,0.0,0.13243847874720358,buy_volume,z_long,symbol,buy_volume_z_long
24,12,24,24,2500,1750,375,375,0.5291428571428571,0.6266666666666667,1d_others,price_seq_1d_others,ETHUSDT_buy_volume_roc_12,0.5,0.33109619686800895,0.0,0.0,0.13243847874720358,buy_volume,roc_12,symbol,buy_volume_roc_12
24,12,24,24,2500,1750,375,375,0.5291428571428571,0.6266666666666667,1d_others,price_seq_1d_others,ETHUSDT_volume_ratio_z_long,0.5,0.33109619686800895,0.0,0.0,0.13243847874720358,volume_ratio,z_long,symbol,volume_ratio_z_long
24,12,24,24,2500,1750,375,375,0.5291428571428571,0.6266666666666667,1d_others,price_seq_1d_others,ETHUSDT_trades_z_short,0.5,0.33109619686800895,0.0,0.0,0.13243847874720358,trades,z_short,symbol,trades_z_short
24,12,24,24,2500,1750,375,375,0.5291428571428571,0.6266666666666667,1d_others,price_seq_1d_others,ETHUSDT_trades_z_long,0.5,0.33109619686800895,0.0,0.0,0.13243847874720358,trades,z_long,symbol,trades_z_long
24,12,24,24,2500,1750,375,375,0.5291428571428571,0.6266666666666667,1d_others,price_seq_1d_others,ETHUSDT_trades_ema_12_48_spread,0.5205015197568389,0.33109619686800895,629.0,0.39263420724094883,0.20978497761450088,trades,ema_12_48_spread,symbol,trades_ema_12_48_spread
24,12,24,24,2500,1750,375,375,0.5291428571428571,0.6266666666666667,1d_others,price_seq_1d_others,ETHUSDT_quote_volume_z_short,0.5,0.33109619686800895,0.0,0.0,0.13243847874720358,quote_volume,z_short,symbol,quote_volume_z_short
24,12,24,24,2500,1750,375,375,0.5291428571428571,0.6266666666666667,1d_others,price_seq_1d_others,ETHUSDT_quote_volume_roc_1,0.5,0.33109619686800895,0.0,0.0,0.13243847874720358,quote_volume,roc_1,symbol,quote_volume_roc_1
24,12,24,24,2500,1750,375,375,0.5291428571428571,0.6266666666666667,1d_others,price_seq_1d_others,ETHUSDT_quote_volume_roc_12,0.5,0.33109619686800895,0.0,0.0,0.13243847874720358,quote_volume,roc_12,symbol,quote_volume_roc_12
24,12,24,24,2500,1750,375,375,0.5291428571428571,0.6266666666666667,1d_others,price_seq_1d_others,ETHUSDT_oi_close_z_long,0.5,0.33109619686800895,0.0,0.0,0.13243847874720358,oi_close,z_long,symbol,oi_close_z_long
24,12,24,24,2500,1750,375,375,0.5291428571428571,0.6266666666666667,1d_others,price_seq_1d_others,ETHUSDT_oi_close_roc_1,0.5,0.33109619686800895,0.0,0.0,0.13243847874720358,oi_close,roc_1,symbol,oi_close_roc_1
24,12,24,24,2500,1750,375,375,0.5291428571428571,0.6266666666666667,1d_others,price_seq_1d_others,ETHUSDT_liq_long_z_long,0.5,0.33109619686800895,0.0,0.0,0.13243847874720358,liq_long,z_long,symbol,liq_long_z_long
24,12,24,24,2500,1750,375,375,0.5291428571428571,0.6266666666666667,1d_others,price_seq_1d_others,ETHUSDT_liq_long_roc_1,0.5,0.33109619686800895,0.0,0.0,0.13243847874720358,liq_long,roc_1,symbol,liq_long_roc_1
24,12,24,24,2500,1750,375,375,0.5291428571428571,0.6266666666666667,1d_others,price_seq_1d_others,ETHUSDT_liq_short_z_short,0.5,0.33109619686800895,0.0,0.0,0.13243847874720358,liq_short,z_short,symbol,liq_short_z_short
24,12,24,24,2500,1750,375,375,0.5291428571428571,0.6266666666666667,1d_others,price_seq_1d_others,ETHUSDT_liq_short_z_long,0.5,0.33109619686800895,0.0,0.0,0.13243847874720358,liq_short,z_long,symbol,liq_short_z_long
24,12,24,24,2500,1750,375,375,0.5291428571428571,0.6266666666666667,1d_others,price_seq_1d_others,ETHUSDT_liq_short_roc_1,0.5,0.33109619686800895,0.0,0.0,0.13243847874720358,liq_short,roc_1,symbol,liq_short_roc_1
24,12,24,24,2500,1750,375,375,0.5291428571428571,0.6266666666666667,1d_others,price_seq_1d_others,ETHUSDT_ob_imbalance_roc_12,0.5,0.33109619686800895,0.0,0.0,0.13243847874720358,ob_imbalance,roc_12,symbol,ob_imbalance_roc_12
24,12,24,24,2500,1750,375,375,0.5291428571428571,0.6266666666666667,1d_others,price_seq_1d_others,SOLUSDT_ret_1d_scale,0.5,0.33109619686800895,0.0,0.0,0.13243847874720358,ret_1d,scale,symbol,ret_1d_scale
24,12,24,24,2500,1750,375,375,0.5291428571428571,0.6266666666666667,1d_others,price_seq_1d_others,SOLUSDT_ret_3d_z,0.5,0.33109619686800895,0.0,0.0,0.13243847874720358,ret_3d,z,symbol,ret_3d_z
24,12,24,24,2500,1750,375,375,0.5291428571428571,0.6266666666666667,1d_others,price_seq_1d_others,SOLUSDT_oi_close_scale,0.5,0.33109619686800895,0.0,0.0,0.13243847874720358,oi_close,scale,symbol,oi_close_scale
24,12,24,24,2500,1750,375,375,0.5291428571428571,0.6266666666666667,1d_others,price_seq_1d_others,SOLUSDT_ls_account_ratio_z,0.5,0.33109619686800895,0.0,0.0,0.13243847874720358,ls_account_ratio,z,symbol,ls_account_ratio_z
24,12,24,24,2500,1750,375,375,0.5291428571428571,0.6266666666666667,1d_others,price_seq_1d_others,SOLUSDT_liq_long_log_z,0.5,0.33109619686800895,0.0,0.0,0.13243847874720358,liq_long,log_z,symbol,liq_long_log_z
24,12,24,24,2500,1750,375,375,0.5291428571428571,0.6266666666666667,1d_others,price_seq_1d_others,SOLUSDT_open_z_short,0.5,0.33109619686800895,215.0,0.13420724094881398,0.15256956488952567,open,z_short,symbol,open_z_short
24,12,24,24,2500,1750,375,375,0.5291428571428571,0.6266666666666667,1d_others,price_seq_1d_others,SOLUSDT_high_roc_12,0.5,0.33109619686800895,0.0,0.0,0.13243847874720358,high,roc_12,symbol,high_roc_12
24,12,24,24,2500,1750,375,375,0.5291428571428571,0.6266666666666667,1d_others,price_seq_1d_others,SOLUSDT_low_z_short,0.5,0.33109619686800895,0.0,0.0,0.13243847874720358,low,z_short,symbol,low_z_short
24,12,24,24,2500,1750,375,375,0.5291428571428571,0.6266666666666667,1d_others,price_seq_1d_others,SOLUSDT_low_roc_1,0.5,0.33109619686800895,0.0,0.0,0.13243847874720358,low,roc_1,symbol,low_roc_1
24,12,24,24,2500,1750,375,375,0.5291428571428571,0.6266666666666667,1d_others,price_seq_1d_others,SOLUSDT_volume_roc_1,0.5,0.33109619686800895,0.0,0.0,0.13243847874720358,volume,roc_1,symbol,volume_roc_1
24,12,24,24,2500,1750,375,375,0.5291428571428571,0.6266666666666667,1d_others,price_seq_1d_others,SOLUSDT_volume_ema_12_48_spread,0.5,0.33109619686800895,0.0,0.0,0.13243847874720358,volume,ema_12_48_spread,symbol,volume_ema_12_48_spread
24,12,24,24,2500,1750,375,375,0.5291428571428571,0.6266666666666667,1d_others,price_seq_1d_others,SOLUSDT_buy_volume_z_long,0.5,0.33109619686800895,0.0,0.0,0.13243847874720358,buy_volume,z_long,symbol,buy_volume_z_long
24,12,24,24,2500,1750,375,375,0.5291428571428571,0.6266666666666667,1d_others,price_seq_1d_others,SOLUSDT_buy_volume_roc_12,0.5,0.33109619686800895,0.0,0.0,0.13243847874720358,buy_volume,roc_12,symbol,buy_volume_roc_12
24,12,24,24,2500,1750,375,375,0.5291428571428571,0.6266666666666667,1d_others,price_seq_1d_others,SOLUSDT_volume_ratio_z_long,0.5,0.33109619686800895,0.0,0.0,0.13243847874720358,volume_ratio,z_long,symbol,volume_ratio_z_long
24,12,24,24,2500,1750,375,375,0.5291428571428571,0.6266666666666667,1d_others,price_seq_1d_others,SOLUSDT_trades_z_short,0.5,0.33109619686800895,0.0,0.0,0.13243847874720358,trades,z_short,symbol,trades_z_short
24,12,24,24,2500,1750,375,375,0.5291428571428571,0.6266666666666667,1d_others,price_seq_1d_others,SOLUSDT_trades_z_long,0.5,0.33109619686800895,0.0,0.0,0.13243847874720358,trades,z_long,symbol,trades_z_long
24,12,24,24,2500,1750,375,375,0.5291428571428571,0.6266666666666667,1d_others,price_seq_1d_others,SOLUSDT_trades_ema_12_48_spread,0.5,0.33109619686800895,0.0,0.0,0.13243847874720358,trades,ema_12_48_spread,symbol,trades_ema_12_48_spread
24,12,24,24,2500,1750,375,375,0.5291428571428571,0.6266666666666667,1d_others,price_seq_1d_others,SOLUSDT_quote_volume_z_short,0.5,0.33109619686800895,0.0,0.0,0.13243847874720358,quote_volume,z_short,symbol,quote_volume_z_short
24,12,24,24,2500,1750,375,375,0.5291428571428571,0.6266666666666667,1d_others,price_seq_1d_others,SOLUSDT_quote_volume_roc_1,0.5,0.33109619686800895,0.0,0.0,0.13243847874720358,quote_volume,roc_1,symbol,quote_volume_roc_1
24,12,24,24,2500,1750,375,375,0.5291428571428571,0.6266666666666667,1d_others,price_seq_1d_others,SOLUSDT_quote_volume_roc_12,0.5,0.33109619686800895,0.0,0.0,0.13243847874720358,quote_volume,roc_12,symbol,quote_volume_roc_12
24,12,24,24,2500,1750,375,375,0.5291428571428571,0.6266666666666667,1d_others,price_seq_1d_others,SOLUSDT_oi_close_z_long,0.5,0.33109619686800895,0.0,0.0,0.13243847874720358,oi_close,z_long,symbol,oi_close_z_long
24,12,24,24,2500,1750,375,375,0.5291428571428571,0.6266666666666667,1d_others,price_seq_1d_others,SOLUSDT_oi_close_roc_1,0.5,0.33109619686800895,0.0,0.0,0.13243847874720358,oi_close,roc_1,symbol,oi_close_roc_1
24,12,24,24,2500,1750,375,375,0.5291428571428571,0.6266666666666667,1d_others,price_seq_1d_others,SOLUSDT_liq_long_z_long,0.40107902735562306,0.33109619686800895,363.0,0.22659176029962547,0.16642724279214738,liq_long,z_long,symbol,liq_long_z_long
24,12,24,24,2500,1750,375,375,0.5291428571428571,0.6266666666666667,1d_others,price_seq_1d_others,SOLUSDT_liq_long_roc_1,0.5,0.33109619686800895,0.0,0.0,0.13243847874720358,liq_long,roc_1,symbol,liq_long_roc_1
24,12,24,24,2500,1750,375,375,0.5291428571428571,0.6266666666666667,1d_others,price_seq_1d_others,SOLUSDT_liq_short_z_short,0.5,0.33109619686800895,0.0,0.0,0.13243847874720358,liq_short,z_short,symbol,liq_short_z_short
24,12,24,24,2500,1750,375,375,0.5291428571428571,0.6266666666666667,1d_others,price_seq_1d_others,SOLUSDT_liq_short_z_long,0.5,0.33109619686800895,0.0,0.0,0.13243847874720358,liq_short,z_long,symbol,liq_short_z_long
24,12,24,24,2500,1750,375,375,0.5291428571428571,0.6266666666666667,1d_others,price_seq_1d_others,SOLUSDT_liq_short_roc_1,0.5,0.33109619686800895,0.0,0.0,0.13243847874720358,liq_short,roc_1,symbol,liq_short_roc_1
24,12,24,24,2500,1750,375,375,0.5291428571428571,0.6266666666666667,1d_others,price_seq_1d_others,SOLUSDT_ob_imbalance_roc_12,0.5,0.33109619686800895,0.0,0.0,0.13243847874720358,ob_imbalance,roc_12,symbol,ob_imbalance_roc_12
24,12,24,24,2500,1750,375,375,0.5291428571428571,0.6266666666666667,1d_others,price_seq_1d_others,DOGEUSDT_ret_1d_scale,0.5,0.33109619686800895,0.0,0.0,0.13243847874720358,ret_1d,scale,symbol,ret_1d_scale
24,12,24,24,2500,1750,375,375,0.5291428571428571,0.6266666666666667,1d_others,price_seq_1d_others,DOGEUSDT_ret_3d_z,0.5,0.33109619686800895,0.0,0.0,0.13243847874720358,ret_3d,z,symbol,ret_3d_z
24,12,24,24,2500,1750,375,375,0.5291428571428571,0.6266666666666667,1d_others,price_seq_1d_others,DOGEUSDT_oi_close_scale,0.5,0.33109619686800895,0.0,0.0,0.13243847874720358,oi_close,scale,symbol,oi_close_scale
24,12,24,24,2500,1750,375,375,0.5291428571428571,0.6266666666666667,1d_others,price_seq_1d_others,DOGEUSDT_ls_account_ratio_z,0.5,0.33109619686800895,0.0,0.0,0.13243847874720358,ls_account_ratio,z,symbol,ls_account_ratio_z
24,12,24,24,2500,1750,375,375,0.5291428571428571,0.6266666666666667,1d_others,price_seq_1d_others,DOGEUSDT_liq_long_log_z,0.5,0.33109619686800895,0.0,0.0,0.13243847874720358,liq_long,log_z,symbol,liq_long_log_z
24,12,24,24,2500,1750,375,375,0.5291428571428571,0.6266666666666667,1d_others,price_seq_1d_others,DOGEUSDT_open_z_short,0.5,0.33109619686800895,0.0,0.0,0.13243847874720358,open,z_short,symbol,open_z_short
24,12,24,24,2500,1750,375,375,0.5291428571428571,0.6266666666666667,1d_others,price_seq_1d_others,DOGEUSDT_high_roc_12,0.5,0.33109619686800895,0.0,0.0,0.13243847874720358,high,roc_12,symbol,high_roc_12
24,12,24,24,2500,1750,375,375,0.5291428571428571,0.6266666666666667,1d_others,price_seq_1d_others,DOGEUSDT_low_z_short,0.5,0.33109619686800895,0.0,0.0,0.13243847874720358,low,z_short,symbol,low_z_short
24,12,24,24,2500,1750,375,375,0.5291428571428571,0.6266666666666667,1d_others,price_seq_1d_others,DOGEUSDT_low_roc_1,0.5,0.33109619686800895,0.0,0.0,0.13243847874720358,low,roc_1,symbol,low_roc_1
24,12,24,24,2500,1750,375,375,0.5291428571428571,0.6266666666666667,1d_others,price_seq_1d_others,DOGEUSDT_volume_roc_1,0.5,0.33109619686800895,0.0,0.0,0.13243847874720358,volume,roc_1,symbol,volume_roc_1
24,12,24,24,2500,1750,375,375,0.5291428571428571,0.6266666666666667,1d_others,price_seq_1d_others,DOGEUSDT_volume_ema_12_48_spread,0.5,0.33109619686800895,0.0,0.0,0.13243847874720358,volume,ema_12_48_spread,symbol,volume_ema_12_48_spread
24,12,24,24,2500,1750,375,375,0.5291428571428571,0.6266666666666667,1d_others,price_seq_1d_others,DOGEUSDT_buy_volume_z_long,0.5,0.33109619686800895,0.0,0.0,0.13243847874720358,buy_volume,z_long,symbol,buy_volume_z_long
24,12,24,24,2500,1750,375,375,0.5291428571428571,0.6266666666666667,1d_others,price_seq_1d_others,DOGEUSDT_buy_volume_roc_12,0.5,0.33109619686800895,0.0,0.0,0.13243847874720358,buy_volume,roc_12,symbol,buy_volume_roc_12
24,12,24,24,2500,1750,375,375,0.5291428571428571,0.6266666666666667,1d_others,price_seq_1d_others,DOGEUSDT_volume_ratio_z_long,0.5,0.33109619686800895,0.0,0.0,0.13243847874720358,volume_ratio,z_long,symbol,volume_ratio_z_long
24,12,24,24,2500,1750,375,375,0.5291428571428571,0.6266666666666667,1d_others,price_seq_1d_others,DOGEUSDT_trades_z_short,0.5,0.33109619686800895,0.0,0.0,0.13243847874720358,trades,z_short,symbol,trades_z_short
24,12,24,24,2500,1750,375,375,0.5291428571428571,0.6266666666666667,1d_others,price_seq_1d_others,DOGEUSDT_trades_z_long,0.5,0.33109619686800895,0.0,0.0,0.13243847874720358,trades,z_long,symbol,trades_z_long
24,12,24,24,2500,1750,375,375,0.5291428571428571,0.6266666666666667,1d_others,price_seq_1d_others,DOGEUSDT_trades_ema_12_48_spread,0.5,0.33109619686800895,0.0,0.0,0.13243847874720358,trades,ema_12_48_spread,symbol,trades_ema_12_48_spread
24,12,24,24,2500,1750,375,375,0.5291428571428571,0.6266666666666667,1d_others,price_seq_1d_others,DOGEUSDT_quote_volume_z_short,0.5,0.33109619686800895,0.0,0.0,0.13243847874720358,quote_volume,z_short,symbol,quote_volume_z_short
24,12,24,24,2500,1750,375,375,0.5291428571428571,0.6266666666666667,1d_others,price_seq_1d_others,DOGEUSDT_quote_volume_roc_1,0.5,0.33109619686800895,0.0,0.0,0.13243847874720358,quote_volume,roc_1,symbol,quote_volume_roc_1
24,12,24,24,2500,1750,375,375,0.5291428571428571,0.6266666666666667,1d_others,price_seq_1d_others,DOGEUSDT_quote_volume_roc_12,0.5,0.33109619686800895,0.0,0.0,0.13243847874720358,quote_volume,roc_12,symbol,quote_volume_roc_12
24,12,24,24,2500,1750,375,375,0.5291428571428571,0.6266666666666667,1d_others,price_seq_1d_others,DOGEUSDT_oi_close_z_long,0.5,0.33109619686800895,0.0,0.0,0.13243847874720358,oi_close,z_long,symbol,oi_close_z_long
24,12,24,24,2500,1750,375,375,0.5291428571428571,0.6266666666666667,1d_others,price_seq_1d_others,DOGEUSDT_oi_close_roc_1,0.5,0.33109619686800895,0.0,0.0,0.13243847874720358,oi_close,roc_1,symbol,oi_close_roc_1
24,12,24,24,2500,1750,375,375,0.5291428571428571,0.6266666666666667,1d_others,price_seq_1d_others,DOGEUSDT_liq_long_z_long,0.5,0.33109619686800895,0.0,0.0,0.13243847874720358,liq_long,z_long,symbol,liq_long_z_long
24,12,24,24,2500,1750,375,375,0.5291428571428571,0.6266666666666667,1d_others,price_seq_1d_others,DOGEUSDT_liq_long_roc_1,0.5,0.33109619686800895,0.0,0.0,0.13243847874720358,liq_long,roc_1,symbol,liq_long_roc_1
24,12,24,24,2500,1750,375,375,0.5291428571428571,0.6266666666666667,1d_others,price_seq_1d_others,DOGEUSDT_liq_short_z_short,0.5,0.33109619686800895,0.0,0.0,0.13243847874720358,liq_short,z_short,symbol,liq_short_z_short
24,12,24,24,2500,1750,375,375,0.5291428571428571,0.6266666666666667,1d_others,price_seq_1d_others,DOGEUSDT_liq_short_z_long,0.5,0.33109619686800895,0.0,0.0,0.13243847874720358,liq_short,z_long,symbol,liq_short_z_long
24,12,24,24,2500,1750,375,375,0.5291428571428571,0.6266666666666667,1d_others,price_seq_1d_others,DOGEUSDT_liq_short_roc_1,0.5,0.33109619686800895,0.0,0.0,0.13243847874720358,liq_short,roc_1,symbol,liq_short_roc_1
24,12,24,24,2500,1750,375,375,0.5291428571428571,0.6266666666666667,1d_others,price_seq_1d_others,DOGEUSDT_ob_imbalance_roc_12,0.5,0.33109619686800895,0.0,0.0,0.13243847874720358,ob_imbalance,roc_12,symbol,ob_imbalance_roc_12
24,12,24,24,2500,1750,375,375,0.5291428571428571,0.6266666666666667,1d_others,price_seq_1d_others,1000PEPEUSDT_ret_1d_scale,0.40107902735562306,0.33109619686800895,0.0,0.0,0.13243847874720358,ret_1d,scale,symbol,ret_1d_scale
24,12,24,24,2500,1750,375,375,0.5291428571428571,0.6266666666666667,1d_others,price_seq_1d_others,1000PEPEUSDT_ret_3d_z,0.5,0.33109619686800895,0.0,0.0,0.13243847874720358,ret_3d,z,symbol,ret_3d_z
24,12,24,24,2500,1750,375,375,0.5291428571428571,0.6266666666666667,1d_others,price_seq_1d_others,1000PEPEUSDT_oi_close_scale,0.5,0.33109619686800895,0.0,0.0,0.13243847874720358,oi_close,scale,symbol,oi_close_scale
24,12,24,24,2500,1750,375,375,0.5291428571428571,0.6266666666666667,1d_others,price_seq_1d_others,1000PEPEUSDT_ls_account_ratio_z,0.5,0.33109619686800895,0.0,0.0,0.13243847874720358,ls_account_ratio,z,symbol,ls_account_ratio_z
24,12,24,24,2500,1750,375,375,0.5291428571428571,0.6266666666666667,1d_others,price_seq_1d_others,1000PEPEUSDT_liq_long_log_z,0.5,0.33109619686800895,0.0,0.0,0.13243847874720358,liq_long,log_z,symbol,liq_long_log_z
24,12,24,24,2500,1750,375,375,0.5291428571428571,0.6266666666666667,1d_others,price_seq_1d_others,1000PEPEUSDT_open_z_short,0.5,0.33109619686800895,0.0,0.0,0.13243847874720358,open,z_short,symbol,open_z_short
24,12,24,24,2500,1750,375,375,0.5291428571428571,0.6266666666666667,1d_others,price_seq_1d_others,1000PEPEUSDT_high_roc_12,0.5,0.33109619686800895,0.0,0.0,0.13243847874720358,high,roc_12,symbol,high_roc_12
24,12,24,24,2500,1750,375,375,0.5291428571428571,0.6266666666666667,1d_others,price_seq_1d_others,1000PEPEUSDT_low_z_short,0.5,0.33109619686800895,0.0,0.0,0.13243847874720358,low,z_short,symbol,low_z_short
24,12,24,24,2500,1750,375,375,0.5291428571428571,0.6266666666666667,1d_others,price_seq_1d_others,1000PEPEUSDT_low_roc_1,0.5,0.33109619686800895,0.0,0.0,0.13243847874720358,low,roc_1,symbol,low_roc_1
24,12,24,24,2500,1750,375,375,0.5291428571428571,0.6266666666666667,1d_others,price_seq_1d_others,1000PEPEUSDT_volume_roc_1,0.5,0.33109619686800895,0.0,0.0,0.13243847874720358,volume,roc_1,symbol,volume_roc_1
24,12,24,24,2500,1750,375,375,0.5291428571428571,0.6266666666666667,1d_others,price_seq_1d_others,1000PEPEUSDT_volume_ema_12_48_spread,0.5,0.33109619686800895,0.0,0.0,0.13243847874720358,volume,ema_12_48_spread,symbol,volume_ema_12_48_spread
24,12,24,24,2500,1750,375,375,0.5291428571428571,0.6266666666666667,1d_others,price_seq_1d_others,1000PEPEUSDT_buy_volume_z_long,0.5,0.33109619686800895,0.0,0.0,0.13243847874720358,buy_volume,z_long,symbol,buy_volume_z_long
24,12,24,24,2500,1750,375,375,0.5291428571428571,0.6266666666666667,1d_others,price_seq_1d_others,1000PEPEUSDT_buy_volume_roc_12,0.5,0.33109619686800895,0.0,0.0,0.13243847874720358,buy_volume,roc_12,symbol,buy_volume_roc_12
24,12,24,24,2500,1750,375,375,0.5291428571428571,0.6266666666666667,1d_others,price_seq_1d_others,1000PEPEUSDT_volume_ratio_z_long,0.5,0.33109619686800895,0.0,0.0,0.13243847874720358,volume_ratio,z_long,symbol,volume_ratio_z_long
24,12,24,24,2500,1750,375,375,0.5291428571428571,0.6266666666666667,1d_others,price_seq_1d_others,1000PEPEUSDT_trades_z_short,0.5,0.33109619686800895,0.0,0.0,0.13243847874720358,trades,z_short,symbol,trades_z_short
24,12,24,24,2500,1750,375,375,0.5291428571428571,0.6266666666666667,1d_others,price_seq_1d_others,1000PEPEUSDT_trades_z_long,0.5,0.33109619686800895,0.0,0.0,0.13243847874720358,trades,z_long,symbol,trades_z_long
24,12,24,24,2500,1750,375,375,0.5291428571428571,0.6266666666666667,1d_others,price_seq_1d_others,1000PEPEUSDT_trades_ema_12_48_spread,0.5,0.33109619686800895,0.0,0.0,0.13243847874720358,trades,ema_12_48_spread,symbol,trades_ema_12_48_spread
24,12,24,24,2500,1750,375,375,0.5291428571428571,0.6266666666666667,1d_others,price_seq_1d_others,1000PEPEUSDT_quote_volume_z_short,0.5,0.33109619686800895,22.0,0.01373283395755306,0.13449840384083653,quote_volume,z_short,symbol,quote_volume_z_short
24,12,24,24,2500,1750,375,375,0.5291428571428571,0.6266666666666667,1d_others,price_seq_1d_others,1000PEPEUSDT_quote_volume_roc_1,0.5,0.33109619686800895,0.0,0.0,0.13243847874720358,quote_volume,roc_1,symbol,quote_volume_roc_1
24,12,24,24,2500,1750,375,375,0.5291428571428571,0.6266666666666667,1d_others,price_seq_1d_others,1000PEPEUSDT_quote_volume_roc_12,0.5,0.33109619686800895,0.0,0.0,0.13243847874720358,quote_volume,roc_12,symbol,quote_volume_roc_12
24,12,24,24,2500,1750,375,375,0.5291428571428571,0.6266666666666667,1d_others,price_seq_1d_others,1000PEPEUSDT_oi_close_z_long,0.5,0.33109619686800895,0.0,0.0,0.13243847874720358,oi_close,z_long,symbol,oi_close_z_long
24,12,24,24,2500,1750,375,375,0.5291428571428571,0.6266666666666667,1d_others,price_seq_1d_others,1000PEPEUSDT_oi_close_roc_1,0.5,0.33109619686800895,0.0,0.0,0.13243847874720358,oi_close,roc_1,symbol,oi_close_roc_1
24,12,24,24,2500,1750,375,375,0.5291428571428571,0.6266666666666667,1d_others,price_seq_1d_others,1000PEPEUSDT_liq_long_z_long,0.5,0.33109619686800895,0.0,0.0,0.13243847874720358,liq_long,z_long,symbol,liq_long_z_long
24,12,24,24,2500,1750,375,375,0.5291428571428571,0.6266666666666667,1d_others,price_seq_1d_others,1000PEPEUSDT_liq_long_roc_1,0.5,0.33109619686800895,0.0,0.0,0.13243847874720358,liq_long,roc_1,symbol,liq_long_roc_1
24,12,24,24,2500,1750,375,375,0.5291428571428571,0.6266666666666667,1d_others,price_seq_1d_others,1000PEPEUSDT_liq_short_z_short,0.5,0.33109619686800895,0.0,0.0,0.13243847874720358,liq_short,z_short,symbol,liq_short_z_short
24,12,24,24,2500,1750,375,375,0.5291428571428571,0.6266666666666667,1d_others,price_seq_1d_others,1000PEPEUSDT_liq_short_z_long,0.5,0.33109619686800895,0.0,0.0,0.13243847874720358,liq_short,z_long,symbol,liq_short_z_long
24,12,24,24,2500,1750,375,375,0.5291428571428571,0.6266666666666667,1d_others,price_seq_1d_others,1000PEPEUSDT_liq_short_roc_1,0.5,0.33109619686800895,0.0,0.0,0.13243847874720358,liq_short,roc_1,symbol,liq_short_roc_1
24,12,24,24,2500,1750,375,375,0.5291428571428571,0.6266666666666667,1d_others,price_seq_1d_others,1000PEPEUSDT_ob_imbalance_roc_12,0.5,0.33109619686800895,0.0,0.0,0.13243847874720358,ob_imbalance,roc_12,symbol,ob_imbalance_roc_12
24,12,24,24,2500,1750,375,375,0.5291428571428571,0.6266666666666667,1d_others,price_seq_1d_others,sopr_z,0.5,0.33109619686800895,0.0,0.0,0.13243847874720358,sopr,z,global,sopr_z
24,12,24,24,2500,1750,375,375,0.5291428571428571,0.6266666666666667,1d_others,price_seq_1d_others,fear_greed_roc_12,0.5,0.33109619686800895,0.0,0.0,0.13243847874720358,fear_greed,roc_12,global,fear_greed_roc_12
24,12,24,24,2500,1750,375,375,0.5291428571428571,0.6266666666666667,1d_others,price_seq_1d_others,altcoin_season_roc_1,0.5,0.33109619686800895,0.0,0.0,0.13243847874720358,altcoin_season,roc_1,global,altcoin_season_roc_1
24,12,24,24,2500,1750,375,375,0.5291428571428571,0.6266666666666667,1d_others,price_seq_1d_others,altcoin_season_roc_12,0.5,0.33109619686800895,0.0,0.0,0.13243847874720358,altcoin_season,roc_12,global,altcoin_season_roc_12
24,12,24,24,2500,1750,375,375,0.5291428571428571,0.6266666666666667,1d_others,price_seq_1d_others,altcoin_season_ema_12_48_spread,0.5,0.33109619686800895,0.0,0.0,0.13243847874720358,altcoin_season,ema_12_48_spread,global,altcoin_season_ema_12_48_spread
24,12,24,24,2500,1750,375,375,0.5291428571428571,0.6266666666666667,1d_others,price_seq_1d_others,bmo_ema_12_48_spread,0.5,0.33109619686800895,0.0,0.0,0.13243847874720358,bmo,ema_12_48_spread,global,bmo_ema_12_48_spread
24,12,24,24,2500,1750,375,375,0.5291428571428571,0.6266666666666667,1d_others,price_seq_1d_others,sopr_roc_12,0.5,0.33109619686800895,10.0,0.006242197253433208,0.13337480833521856,sopr,roc_12,global,sopr_roc_12
48,6,24,24,2500,1750,375,375,0.5308571428571428,0.6133333333333333,5m_target,price_seq_target,volume_ratio_z_short,0.4725337331334333,0.33109619686800895,237.0,0.06640515550574391,0.14239925207306517,volume_ratio,z_short,global,volume_ratio_z_short
48,6,24,24,2500,1750,375,375,0.5308571428571428,0.6133333333333333,5m_target,price_seq_target,volume_ratio_z_long,0.5647976011994003,0.33064516129032256,330.0,0.0924628747548333,0.20444533680881424,volume_ratio,z_long,global,volume_ratio_z_long
48,6,24,24,2500,1750,375,375,0.5308571428571428,0.6133333333333333,5m_target,price_seq_target,long_short_ratio_z,0.42161919040479756,0.33064516129032256,288.0,0.08069487251330905,0.1443622953931254,long_short_ratio,z,global,long_short_ratio_z
48,6,24,24,2500,1750,375,375,0.5308571428571428,0.6133333333333333,5m_target,price_seq_target,sell_volume_roc_12,0.46950524737631194,0.31750465549348234,291.0,0.08153544410198935,0.13923217881269134,sell_volume,roc_12,global,sell_volume_roc_12
48,6,24,24,2500,1750,375,375,0.5308571428571428,0.6133333333333333,5m_target,price_seq_target,sell_volume_roc_1,0.36131934032983504,0.33109619686800895,446.0,0.12496497618380499,0.15118322517477434,sell_volume,roc_1,global,sell_volume_roc_1
48,6,24,24,2500,1750,375,375,0.5308571428571428,0.6133333333333333,5m_target,price_seq_target,sell_volume_ema_12_48_spread,0.4350824587706147,0.33109619686800895,294.0,0.08237601569066966,0.14479488110080402,sell_volume,ema_12_48_spread,global,sell_volume_ema_12_48_spread
48,6,24,24,2500,1750,375,375,0.5308571428571428,0.6133333333333333,5m_target,price_seq_target,volume_ratio_ema_12_48_spread,0.39439280359820095,0.33109619686800895,399.0,0.11179602129448024,0.1492078819413756,volume_ratio,ema_12_48_spread,global,volume_ratio_ema_12_48_spread
48,6,24,24,2500,1750,375,375,0.5308571428571428,0.6133333333333333,5m_target,price_seq_target,trades_z_long,0.49871064467766113,0.33109619686800895,320.0,0.08966096945923228,0.14588762416608841,trades,z_long,global,trades_z_long
48,6,24,24,2500,1750,375,375,0.5308571428571428,0.6133333333333333,5m_target,price_seq_target,volume_impact_scale,0.4701499250374813,0.3301929116195603,280.0,0.07845334827682825,0.14384516688934837,volume_impact,scale,global,volume_impact_scale
48,6,24,24,2500,1750,375,375,0.5308571428571428,0.6133333333333333,5m_target,price_seq_target,close_z_long,0.5321289355322338,0.33109619686800895,260.0,0.07284953768562623,0.17228195137905797,close,z_long,global,close_z_long
48,6,24,24,2500,1750,375,375,0.5308571428571428,0.6133333333333333,5m_target,price_seq_target,volume_log_z_short,0.48881559220389803,0.33109619686800895,205.0,0.05743905855982068,0.1410543375311767,volume_log,z_short,global,volume_log_z_short
48,6,24,24,2500,1750,375,375,0.5308571428571428,0.6133333333333333,5m_target,price_seq_target,ret_15m_z_short,0.5190404797601198,0.32973944294699015,219.0,0.06136172597366209,0.15823646785895318,ret_15m,z_short,global,ret_15m_z_short
48,6,24,24,2500,1750,375,375,0.5308571428571428,0.6133333333333333,5m_others,price_seq_others,ETHUSDT_trades_z_short,0.5560419790104948,0.33109619686800895,119.0,0.02971285892634207,0.18733318869560023,trades,z_short,symbol,trades_z_short
48,6,24,24,2500,1750,375,375,0.5308571428571428,0.6133333333333333,5m_others,price_seq_others,ETHUSDT_long_short_ratio_z_short,0.5247976011994003,0.33109619686800895,102.0,0.02546816479400749,0.158576544545765,long_short_ratio,z_short,symbol,long_short_ratio_z_short
48,6,24,24,2500,1750,375,375,0.5308571428571428,0.6133333333333333,5m_others,price_seq_others,ETHUSDT_volume_log_z,0.5407796101949026,0.33109619686800895,100.0,0.024968789013732832,0.17288544627467586,volume,log_z,symbol,volume_log_z
48,6,24,24,2500,1750,375,375,0.5308571428571428,0.6133333333333333,5m_others,price_seq_others,ETHUSDT_sell_volume_z_short,0.5520839580209895,0.33109619686800895,130.0,0.03245942571785269,0.18418295482377206,sell_volume,z_short,symbol,sell_volume_z_short
48,6,24,24,2500,1750,375,375,0.5308571428571428,0.6133333333333333,5m_others,price_seq_others,ETHUSDT_rsi_14,0.46077961019490254,0.33064516129032256,101.0,0.025218476903870163,0.13604083605170955,rsi_14,raw,symbol,rsi_14
48,6,24,24,2500,1750,375,375,0.5308571428571428,0.6133333333333333,5m_others,price_seq_others,ETHUSDT_buy_volume_z_long,0.4964017991004498,0.33064516129032256,134.0,0.033458177278401995,0.13727679110788935,buy_volume,z_long,symbol,buy_volume_z_long
48,6,24,24,2500,1750,375,375,0.5308571428571428,0.6133333333333333,5m_others,price_seq_others,ETHUSDT_up_volume_ratio_12,0.4772413793103449,0.33064516129032256,89.0,0.022222222222222223,0.13559139784946236,up_volume_ratio_12,raw,symbol,up_volume_ratio_12
48,6,24,24,2500,1750,375,375,0.5308571428571428,0.6133333333333333,5m_others,price_seq_others,ETHUSDT_volume_ratio_z_long,0.5832983508245877,0.3301929116195603,97.0,0.02421972534332085,0.2106786391914512,volume_ratio,z_long,symbol,volume_ratio_z_long
48,6,24,24,2500,1750,375,375,0.5308571428571428,0.6133333333333333,5m_others,price_seq_others,ETHUSDT_high_roc_12,0.388215892053973,0.3301929116195603,118.0,0.029463171036204744,0.13649664030325484,high,roc_12,symbol,high_roc_12
48,6,24,24,2500,1750,375,375,0.5308571428571428,0.6133333333333333,5m_others,price_seq_others,ETHUSDT_trades_roc_12,0.5185007496251874,0.32973944294699015,84.0,0.020973782771535582,0.1516925192571951,trades,roc_12,symbol,trades_roc_12
48,6,24,24,2500,1750,375,375,0.5308571428571428,0.6133333333333333,5m_others,price_seq_others,ETHUSDT_quote_volume_z_long,0.43883058470764613,0.33109619686800895,86.0,0.021473158551810236,0.1356594525299751,quote_volume,z_long,symbol,quote_volume_z_long
48,6,24,24,2500,1750,375,375,0.5308571428571428,0.6133333333333333,5m_others,price_seq_others,ETHUSDT_volume_impact_scale,0.608695652173913,0.33109619686800895,58.0,0.014481897627965043,0.23243685034792,volume_impact,scale,symbol,volume_impact_scale
48,6,24,24,2500,1750,375,375,0.5308571428571428,0.6133333333333333,5m_others,price_seq_others,SOLUSDT_trades_z_short,0.6613193403298351,0.3301929116195603,111.0,0.027715355805243445,0.28142187431546223,trades,z_short,symbol,trades_z_short
48,6,24,24,2500,1750,375,375,0.5308571428571428,0.6133333333333333,5m_others,price_seq_others,SOLUSDT_long_short_ratio_z_short,0.5497301349325338,0.32882882882882886,97.0,0.02421972534332085,0.17992161177231006,long_short_ratio,z_short,symbol,long_short_ratio_z_short
48,6,24,24,2500,1750,375,375,0.5308571428571428,0.6133333333333333,5m_others,price_seq_others,SOLUSDT_volume_log_z,0.3648725637181409,0.33109619686800895,132.0,0.03295880149812734,0.13738229897192267,volume,log_z,symbol,volume_log_z
48,6,24,24,2500,1750,375,375,0.5308571428571428,0.6133333333333333,5m_others,price_seq_others,SOLUSDT_sell_volume_z_short,0.5352773613193403,0.33064516129032256,122.0,0.03046192259675406,0.16857697809304847,sell_volume,z_short,symbol,sell_volume_z_short
48,6,24,24,2500,1750,375,375,0.5308571428571428,0.6133333333333333,5m_others,price_seq_others,SOLUSDT_rsi_14,0.4446176911544228,0.33109619686800895,130.0,0.03245942571785269,0.13730739260488148,rsi_14,raw,symbol,rsi_14
48,6,24,24,2500,1750,375,375,0.5308571428571428,0.6133333333333333,5m_others,price_seq_others,SOLUSDT_buy_volume_z_long,0.505952023988006,0.33109619686800895,145.0,0.03620474406991261,0.14322601194689585,buy_volume,z_long,symbol,buy_volume_z_long
48,6,24,24,2500,1750,375,375,0.5308571428571428,0.6133333333333333,5m_others,price_seq_others,SOLUSDT_up_volume_ratio_12,0.35187406296851576,0.32973944294699015,68.0,0.016978776529338328,0.1344425936581968,up_volume_ratio_12,raw,symbol,up_volume_ratio_12
48,6,24,24,2500,1750,375,375,0.5308571428571428,0.6133333333333333,5m_others,price_seq_others,SOLUSDT_volume_ratio_z_long,0.5161019490254872,0.33109619686800895,111.0,0.027715355805243445,0.1510875362409286,volume_ratio,z_long,symbol,volume_ratio_z_long
48,6,24,24,2500,1750,375,375,0.5308571428571428,0.6133333333333333,5m_others,price_seq_others,SOLUSDT_high_roc_12,0.41082458770614694,0.33064516129032256,108.0,0.02696629213483146,0.13630300833635375,high,roc_12,symbol,high_roc_12
48,6,24,24,2500,1750,375,375,0.5308571428571428,0.6133333333333333,5m_others,price_seq_others,SOLUSDT_trades_roc_12,0.4698050974512744,0.33064516129032256,75.0,0.018726591760299626,0.135067053280174,trades,roc_12,symbol,trades_roc_12
48,6,24,24,2500,1750,375,375,0.5308571428571428,0.6133333333333333,5m_others,price_seq_others,SOLUSDT_quote_volume_z_long,0.5971364317841079,0.33109619686800895,108.0,0.02696629213483146,0.2239062111731254,quote_volume,z_long,symbol,quote_volume_z_long
48,6,24,24,2500,1750,375,375,0.5308571428571428,0.6133333333333333,5m_others,price_seq_others,SOLUSDT_volume_impact_scale,0.7064167916041979,0.33109619686800895,56.0,0.013982521847690388,0.32031096946813525,volume_impact,scale,symbol,volume_impact_scale
48,6,24,24,2500,1750,375,375,0.5308571428571428,0.6133333333333333,5m_others,price_seq_others,DOGEUSDT_trades_z_short,0.44194902548725634,0.33109619686800895,54.0,0.01348314606741573,0.13446095065731595,trades,z_short,symbol,trades_z_short
48,6,24,24,2500,1750,375,375,0.5308571428571428,0.6133333333333333,5m_others,price_seq_others,DOGEUSDT_long_short_ratio_z_short,0.5075412293853073,0.33109619686800895,112.0,0.027965043695380776,0.1434203417482873,long_short_ratio,z_short,symbol,long_short_ratio_z_short
48,6,24,24,2500,1750,375,375,0.5308571428571428,0.6133333333333333,5m_others,price_seq_others,DOGEUSDT_volume_log_z,0.5096701649175412,0.33109619686800895,86.0,0.021473158551810236,0.14436260095576223,volume,log_z,symbol,volume_log_z
48,6,24,24,2500,1750,375,375,0.5308571428571428,0.6133333333333333,5m_others,price_seq_others,DOGEUSDT_sell_volume_z_short,0.4849475262368816,0.33109619686800895,115.0,0.02871410736579276,0.1367455948520725,sell_volume,z_short,symbol,sell_volume_z_short
48,6,24,24,2500,1750,375,375,0.5308571428571428,0.6133333333333333,5m_others,price_seq_others,DOGEUSDT_rsi_14,0.29247376311844075,0.33064516129032256,95.0,0.02372034956304619,0.13581611695058596,rsi_14,raw,symbol,rsi_14
48,6,24,24,2500,1750,375,375,0.5308571428571428,0.6133333333333333,5m_others,price_seq_others,DOGEUSDT_buy_volume_z_long,0.526791604197901,0.33109619686800895,84.0,0.020973782771535582,0.15969698994104486,buy_volume,z_long,symbol,buy_volume_z_long
48,6,24,24,2500,1750,375,375,0.5308571428571428,0.6133333333333333,5m_others,price_seq_others,DOGEUSDT_up_volume_ratio_12,0.607991004497751,0.33109619686800895,80.0,0.019975031210986267,0.23262663747682744,up_volume_ratio_12,raw,symbol,up_volume_ratio_12
48,6,24,24,2500,1750,375,375,0.5308571428571428,0.6133333333333333,5m_others,price_seq_others,DOGEUSDT_volume_ratio_z_long,0.5497151424287856,0.33109619686800895,131.0,0.03270911360799001,0.18208847397430913,volume_ratio,z_long,symbol,volume_ratio_z_long
48,6,24,24,2500,1750,375,375,0.5308571428571428,0.6133333333333333,5m_others,price_seq_others,DOGEUSDT_high_roc_12,0.4924737631184408,0.33109619686800895,87.0,0.021722846441947566,0.1356969057134957,high,roc_12,symbol,high_roc_12
48,6,24,24,2500,1750,375,375,0.5308571428571428,0.6133333333333333,5m_others,price_seq_others,DOGEUSDT_trades_roc_12,0.29770614692653674,0.3227293683725219,86.0,0.021473158551810236,0.1323127211317803,trades,roc_12,symbol,trades_roc_12
48,6,24,24,2500,1750,375,375,0.5308571428571428,0.6133333333333333,5m_others,price_seq_others,DOGEUSDT_quote_volume_z_long,0.23926536731634185,0.33109619686800895,27.0,0.006741573033707865,0.13344971470225975,quote_volume,z_long,symbol,quote_volume_z_long
48,6,24,24,2500,1750,375,375,0.5308571428571428,0.6133333333333333,5m_others,price_seq_others,DOGEUSDT_volume_impact_scale,0.4530884557721139,0.33109619686800895,54.0,0.01348314606741573,0.13446095065731595,volume_impact,scale,symbol,volume_impact_scale
48,6,24,24,2500,1750,375,375,0.5308571428571428,0.6133333333333333,5m_others,price_seq_others,1000PEPEUSDT_trades_z_short,0.5772713643178412,0.33109619686800895,35.0,0.008739076154806492,0.20329356805648166,trades,z_short,symbol,trades_z_short
48,6,24,24,2500,1750,375,375,0.5308571428571428,0.6133333333333333,5m_others,price_seq_others,1000PEPEUSDT_long_short_ratio_z_short,0.5749175412293852,0.37191622001748587,113.0,0.028214731585518103,0.22042448485126873,long_short_ratio,z_short,symbol,long_short_ratio_z_short
48,6,24,24,2500,1750,375,375,0.5308571428571428,0.6133333333333333,5m_others,price_seq_others,1000PEPEUSDT_volume_log_z,0.6606146926536731,0.33109619686800895,38.0,0.009488139825218476,0.27841492310929217,volume,log_z,symbol,volume_log_z
48,6,24,24,2500,1750,375,375,0.5308571428571428,0.6133333333333333,5m_others,price_seq_others,1000PEPEUSDT_sell_volume_z_short,0.5634932533733132,0.33109619686800895,63.0,0.015730337078651686,0.19194195734498326,sell_volume,z_short,symbol,sell_volume_z_short
48,6,24,24,2500,1750,375,375,0.5308571428571428,0.6133333333333333,5m_others,price_seq_others,1000PEPEUSDT_rsi_14,0.31295352323838077,0.33109619686800895,38.0,0.009488139825218476,0.13386169972098635,rsi_14,raw,symbol,rsi_14
48,6,24,24,2500,1750,375,375,0.5308571428571428,0.6133333333333333,5m_others,price_seq_others,1000PEPEUSDT_buy_volume_z_long,0.6379460269865067,0.33109619686800895,27.0,0.006741573033707865,0.25760113899011583,buy_volume,z_long,symbol,buy_volume_z_long
48,6,24,24,2500,1750,375,375,0.5308571428571428,0.6133333333333333,5m_others,price_seq_others,1000PEPEUSDT_up_volume_ratio_12,0.5812443778110944,0.33109619686800895,49.0,0.01223470661672909,0.2073936247696979,up_volume_ratio_12,raw,symbol,up_volume_ratio_12
48,6,24,24,2500,1750,375,375,0.5308571428571428,0.6133333333333333,5m_others,price_seq_others,1000PEPEUSDT_volume_ratio_z_long,0.5552023988005997,0.33109619686800895,22.0,0.005493133583021223,0.18294460770519652,volume_ratio,z_long,symbol,volume_ratio_z_long
48,6,24,24,2500,1750,375,375,0.5308571428571428,0.6133333333333333,5m_others,price_seq_others,1000PEPEUSDT_high_roc_12,0.7097001499250375,0.33109619686800895,29.0,0.007240948813982522,0.3222547560018347,high,roc_12,symbol,high_roc_12
48,6,24,24,2500,1750,375,375,0.5308571428571428,0.6133333333333333,5m_others,price_seq_others,1000PEPEUSDT_trades_roc_12,0.31880059970014996,0.33109619686800895,42.0,0.010486891385767791,0.13401151245506873,trades,roc_12,symbol,trades_roc_12
48,6,24,24,2500,1750,375,375,0.5308571428571428,0.6133333333333333,5m_others,price_seq_others,1000PEPEUSDT_quote_volume_z_long,0.39337331334332837,0.33109619686800895,25.0,0.006242197253433208,0.13337480833521856,quote_volume,z_long,symbol,quote_volume_z_long
48,6,24,24,2500,1750,375,375,0.5308571428571428,0.6133333333333333,5m_others,price_seq_others,1000PEPEUSDT_volume_impact_scale,0.6168515742128935,0.33109619686800895,32.0,0.007990012484394507,0.2388033974114669,volume_impact,scale,symbol,volume_impact_scale
48,6,24,24,2500,1750,375,375,0.5308571428571428,0.6133333333333333,1d_target,price_seq_1d_target,ret_1d_z_short,0.5,0.33109619686800895,0.0,0.0,0.13243847874720358,ret_1d,z_short,global,ret_1d_z_short
48,6,24,24,2500,1750,375,375,0.5308571428571428,0.6133333333333333,1d_target,price_seq_1d_target,ret_3d_z_short,0.5,0.33109619686800895,0.0,0.0,0.13243847874720358,ret_3d,z_short,global,ret_3d_z_short
48,6,24,24,2500,1750,375,375,0.5308571428571428,0.6133333333333333,1d_target,price_seq_1d_target,ret_7d_z_long,0.5,0.33109619686800895,0.0,0.0,0.13243847874720358,ret_7d,z_long,global,ret_7d_z_long
48,6,24,24,2500,1750,375,375,0.5308571428571428,0.6133333333333333,1d_target,price_seq_1d_target,body_1d_z,0.5,0.33109619686800895,0.0,0.0,0.13243847874720358,body_1d,z,global,body_1d_z
48,6,24,24,2500,1750,375,375,0.5308571428571428,0.6133333333333333,1d_target,price_seq_1d_target,oi_close_scale,0.5,0.33109619686800895,0.0,0.0,0.13243847874720358,oi_close,scale,global,oi_close_scale
48,6,24,24,2500,1750,375,375,0.5308571428571428,0.6133333333333333,1d_target,price_seq_1d_target,funding_close_scale,0.5,0.33109619686800895,0.0,0.0,0.13243847874720358,funding_close,scale,global,funding_close_scale
48,6,24,24,2500,1750,375,375,0.5308571428571428,0.6133333333333333,1d_target,price_seq_1d_target,ls_account_ratio_z,0.5,0.33109619686800895,0.0,0.0,0.13243847874720358,ls_account_ratio,z,global,ls_account_ratio_z
48,6,24,24,2500,1750,375,375,0.5308571428571428,0.6133333333333333,1d_target,price_seq_1d_target,liq_long_log_scale,0.5,0.33109619686800895,0.0,0.0,0.13243847874720358,liq_long_log,scale,global,liq_long_log_scale
48,6,24,24,2500,1750,375,375,0.5308571428571428,0.6133333333333333,1d_target,price_seq_1d_target,volume_impact_scale,0.5,0.33109619686800895,0.0,0.0,0.13243847874720358,volume_impact,scale,global,volume_impact_scale
48,6,24,24,2500,1750,375,375,0.5308571428571428,0.6133333333333333,1d_target,price_seq_1d_target,open_ema_12_48_spread,0.5,0.33109619686800895,0.0,0.0,0.13243847874720358,open,ema_12_48_spread,global,open_ema_12_48_spread
48,6,24,24,2500,1750,375,375,0.5308571428571428,0.6133333333333333,1d_target,price_seq_1d_target,high_z_long,0.5,0.33109619686800895,0.0,0.0,0.13243847874720358,high,z_long,global,high_z_long
48,6,24,24,2500,1750,375,375,0.5308571428571428,0.6133333333333333,1d_target,price_seq_1d_target,close_roc_12,0.5,0.33109619686800895,0.0,0.0,0.13243847874720358,close,roc_12,global,close_roc_12
48,6,24,24,2500,1750,375,375,0.5308571428571428,0.6133333333333333,1d_target,price_seq_1d_target,close_ema_12_48_spread,0.5,0.33109619686800895,0.0,0.0,0.13243847874720358,close,ema_12_48_spread,global,close_ema_12_48_spread
48,6,24,24,2500,1750,375,375,0.5308571428571428,0.6133333333333333,1d_target,price_seq_1d_target,sell_volume_roc_1,0.5,0.33109619686800895,0.0,0.0,0.13243847874720358,sell_volume,roc_1,global,sell_volume_roc_1
48,6,24,24,2500,1750,375,375,0.5308571428571428,0.6133333333333333,1d_target,price_seq_1d_target,quote_volume_z_long,0.5,0.33109619686800895,0.0,0.0,0.13243847874720358,quote_volume,z_long,global,quote_volume_z_long
48,6,24,24,2500,1750,375,375,0.5308571428571428,0.6133333333333333,1d_target,price_seq_1d_target,liq_long_ema_12_48_spread,0.5,0.33109619686800895,0.0,0.0,0.13243847874720358,liq_long,ema_12_48_spread,global,liq_long_ema_12_48_spread
48,6,24,24,2500,1750,375,375,0.5308571428571428,0.6133333333333333,1d_others,price_seq_1d_others,ETHUSDT_ret_1d_scale,0.5,0.33109619686800895,0.0,0.0,0.13243847874720358,ret_1d,scale,symbol,ret_1d_scale
48,6,24,24,2500,1750,375,375,0.5308571428571428,0.6133333333333333,1d_others,price_seq_1d_others,ETHUSDT_ret_3d_z,0.5,0.33109619686800895,0.0,0.0,0.13243847874720358,ret_3d,z,symbol,ret_3d_z
48,6,24,24,2500,1750,375,375,0.5308571428571428,0.6133333333333333,1d_others,price_seq_1d_others,ETHUSDT_oi_close_scale,0.5,0.33109619686800895,0.0,0.0,0.13243847874720358,oi_close,scale,symbol,oi_close_scale
48,6,24,24,2500,1750,375,375,0.5308571428571428,0.6133333333333333,1d_others,price_seq_1d_others,ETHUSDT_ls_account_ratio_z,0.5,0.33109619686800895,0.0,0.0,0.13243847874720358,ls_account_ratio,z,symbol,ls_account_ratio_z
48,6,24,24,2500,1750,375,375,0.5308571428571428,0.6133333333333333,1d_others,price_seq_1d_others,ETHUSDT_liq_long_log_z,0.5,0.33109619686800895,0.0,0.0,0.13243847874720358,liq_long,log_z,symbol,liq_long_log_z
48,6,24,24,2500,1750,375,375,0.5308571428571428,0.6133333333333333,1d_others,price_seq_1d_others,ETHUSDT_open_z_short,0.5,0.33109619686800895,327.0,0.22064777327935223,0.16553564473910642,open,z_short,symbol,open_z_short
48,6,24,24,2500,1750,375,375,0.5308571428571428,0.6133333333333333,1d_others,price_seq_1d_others,ETHUSDT_high_roc_12,0.5,0.33109619686800895,0.0,0.0,0.13243847874720358,high,roc_12,symbol,high_roc_12
48,6,24,24,2500,1750,375,375,0.5308571428571428,0.6133333333333333,1d_others,price_seq_1d_others,ETHUSDT_low_z_short,0.5,0.33109619686800895,0.0,0.0,0.13243847874720358,low,z_short,symbol,low_z_short
48,6,24,24,2500,1750,375,375,0.5308571428571428,0.6133333333333333,1d_others,price_seq_1d_others,ETHUSDT_low_roc_1,0.5,0.33109619686800895,0.0,0.0,0.13243847874720358,low,roc_1,symbol,low_roc_1
48,6,24,24,2500,1750,375,375,0.5308571428571428,0.6133333333333333,1d_others,price_seq_1d_others,ETHUSDT_volume_roc_1,0.5,0.33109619686800895,0.0,0.0,0.13243847874720358,volume,roc_1,symbol,volume_roc_1
48,6,24,24,2500,1750,375,375,0.5308571428571428,0.6133333333333333,1d_others,price_seq_1d_others,ETHUSDT_volume_ema_12_48_spread,0.5,0.33109619686800895,0.0,0.0,0.13243847874720358,volume,ema_12_48_spread,symbol,volume_ema_12_48_spread
48,6,24,24,2500,1750,375,375,0.5308571428571428,0.6133333333333333,1d_others,price_seq_1d_others,ETHUSDT_buy_volume_z_long,0.5,0.33109619686800895,0.0,0.0,0.13243847874720358,buy_volume,z_long,symbol,buy_volume_z_long
48,6,24,24,2500,1750,375,375,0.5308571428571428,0.6133333333333333,1d_others,price_seq_1d_others,ETHUSDT_buy_volume_roc_12,0.5,0.33109619686800895,0.0,0.0,0.13243847874720358,buy_volume,roc_12,symbol,buy_volume_roc_12
48,6,24,24,2500,1750,375,375,0.5308571428571428,0.6133333333333333,1d_others,price_seq_1d_others,ETHUSDT_volume_ratio_z_long,0.5,0.33109619686800895,0.0,0.0,0.13243847874720358,volume_ratio,z_long,symbol,volume_ratio_z_long
48,6,24,24,2500,1750,375,375,0.5308571428571428,0.6133333333333333,1d_others,price_seq_1d_others,ETHUSDT_trades_z_short,0.5,0.33109619686800895,0.0,0.0,0.13243847874720358,trades,z_short,symbol,trades_z_short
48,6,24,24,2500,1750,375,375,0.5308571428571428,0.6133333333333333,1d_others,price_seq_1d_others,ETHUSDT_trades_z_long,0.5,0.33109619686800895,0.0,0.0,0.13243847874720358,trades,z_long,symbol,trades_z_long
48,6,24,24,2500,1750,375,375,0.5308571428571428,0.6133333333333333,1d_others,price_seq_1d_others,ETHUSDT_trades_ema_12_48_spread,0.6653973013493254,0.33109619686800895,711.0,0.4797570850202429,0.35325961271463285,trades,ema_12_48_spread,symbol,trades_ema_12_48_spread
48,6,24,24,2500,1750,375,375,0.5308571428571428,0.6133333333333333,1d_others,price_seq_1d_others,ETHUSDT_quote_volume_z_short,0.5,0.33109619686800895,0.0,0.0,0.13243847874720358,quote_volume,z_short,symbol,quote_volume_z_short
48,6,24,24,2500,1750,375,375,0.5308571428571428,0.6133333333333333,1d_others,price_seq_1d_others,ETHUSDT_quote_volume_roc_1,0.5,0.33109619686800895,0.0,0.0,0.13243847874720358,quote_volume,roc_1,symbol,quote_volume_roc_1
48,6,24,24,2500,1750,375,375,0.5308571428571428,0.6133333333333333,1d_others,price_seq_1d_others,ETHUSDT_quote_volume_roc_12,0.5,0.33109619686800895,0.0,0.0,0.13243847874720358,quote_volume,roc_12,symbol,quote_volume_roc_12
48,6,24,24,2500,1750,375,375,0.5308571428571428,0.6133333333333333,1d_others,price_seq_1d_others,ETHUSDT_oi_close_z_long,0.5,0.33109619686800895,0.0,0.0,0.13243847874720358,oi_close,z_long,symbol,oi_close_z_long
48,6,24,24,2500,1750,375,375,0.5308571428571428,0.6133333333333333,1d_others,price_seq_1d_others,ETHUSDT_oi_close_roc_1,0.5,0.33109619686800895,0.0,0.0,0.13243847874720358,oi_close,roc_1,symbol,oi_close_roc_1
48,6,24,24,2500,1750,375,375,0.5308571428571428,0.6133333333333333,1d_others,price_seq_1d_others,ETHUSDT_liq_long_z_long,0.5,0.33109619686800895,0.0,0.0,0.13243847874720358,liq_long,z_long,symbol,liq_long_z_long
48,6,24,24,2500,1750,375,375,0.5308571428571428,0.6133333333333333,1d_others,price_seq_1d_others,ETHUSDT_liq_long_roc_1,0.5,0.33109619686800895,0.0,0.0,0.13243847874720358,liq_long,roc_1,symbol,liq_long_roc_1
48,6,24,24,2500,1750,375,375,0.5308571428571428,0.6133333333333333,1d_others,price_seq_1d_others,ETHUSDT_liq_short_z_short,0.5,0.33109619686800895,0.0,0.0,0.13243847874720358,liq_short,z_short,symbol,liq_short_z_short
48,6,24,24,2500,1750,375,375,0.5308571428571428,0.6133333333333333,1d_others,price_seq_1d_others,ETHUSDT_liq_short_z_long,0.5,0.33109619686800895,0.0,0.0,0.13243847874720358,liq_short,z_long,symbol,liq_short_z_long
48,6,24,24,2500,1750,375,375,0.5308571428571428,0.6133333333333333,1d_others,price_seq_1d_others,ETHUSDT_liq_short_roc_1,0.5,0.33109619686800895,0.0,0.0,0.13243847874720358,liq_short,roc_1,symbol,liq_short_roc_1
48,6,24,24,2500,1750,375,375,0.5308571428571428,0.6133333333333333,1d_others,price_seq_1d_others,ETHUSDT_ob_imbalance_roc_12,0.5,0.33109619686800895,0.0,0.0,0.13243847874720358,ob_imbalance,roc_12,symbol,ob_imbalance_roc_12
48,6,24,24,2500,1750,375,375,0.5308571428571428,0.6133333333333333,1d_others,price_seq_1d_others,SOLUSDT_ret_1d_scale,0.5,0.33109619686800895,0.0,0.0,0.13243847874720358,ret_1d,scale,symbol,ret_1d_scale
48,6,24,24,2500,1750,375,375,0.5308571428571428,0.6133333333333333,1d_others,price_seq_1d_others,SOLUSDT_ret_3d_z,0.5,0.33109619686800895,0.0,0.0,0.13243847874720358,ret_3d,z,symbol,ret_3d_z
48,6,24,24,2500,1750,375,375,0.5308571428571428,0.6133333333333333,1d_others,price_seq_1d_others,SOLUSDT_oi_close_scale,0.5,0.33109619686800895,0.0,0.0,0.13243847874720358,oi_close,scale,symbol,oi_close_scale
48,6,24,24,2500,1750,375,375,0.5308571428571428,0.6133333333333333,1d_others,price_seq_1d_others,SOLUSDT_ls_account_ratio_z,0.5,0.33109619686800895,0.0,0.0,0.13243847874720358,ls_account_ratio,z,symbol,ls_account_ratio_z
48,6,24,24,2500,1750,375,375,0.5308571428571428,0.6133333333333333,1d_others,price_seq_1d_others,SOLUSDT_liq_long_log_z,0.5,0.33109619686800895,0.0,0.0,0.13243847874720358,liq_long,log_z,symbol,liq_long_log_z
48,6,24,24,2500,1750,375,375,0.5308571428571428,0.6133333333333333,1d_others,price_seq_1d_others,SOLUSDT_open_z_short,0.6474062968515741,0.33109619686800895,171.0,0.11538461538461539,0.2824118382213126,open,z_short,symbol,open_z_short
48,6,24,24,2500,1750,375,375,0.5308571428571428,0.6133333333333333,1d_others,price_seq_1d_others,SOLUSDT_high_roc_12,0.5,0.33109619686800895,0.0,0.0,0.13243847874720358,high,roc_12,symbol,high_roc_12
48,6,24,24,2500,1750,375,375,0.5308571428571428,0.6133333333333333,1d_others,price_seq_1d_others,SOLUSDT_low_z_short,0.5,0.33109619686800895,0.0,0.0,0.13243847874720358,low,z_short,symbol,low_z_short
48,6,24,24,2500,1750,375,375,0.5308571428571428,0.6133333333333333,1d_others,price_seq_1d_others,SOLUSDT_low_roc_1,0.5,0.33109619686800895,0.0,0.0,0.13243847874720358,low,roc_1,symbol,low_roc_1
48,6,24,24,2500,1750,375,375,0.5308571428571428,0.6133333333333333,1d_others,price_seq_1d_others,SOLUSDT_volume_roc_1,0.5,0.33109619686800895,0.0,0.0,0.13243847874720358,volume,roc_1,symbol,volume_roc_1
48,6,24,24,2500,1750,375,375,0.5308571428571428,0.6133333333333333,1d_others,price_seq_1d_others,SOLUSDT_volume_ema_12_48_spread,0.5,0.33109619686800895,0.0,0.0,0.13243847874720358,volume,ema_12_48_spread,symbol,volume_ema_12_48_spread
48,6,24,24,2500,1750,375,375,0.5308571428571428,0.6133333333333333,1d_others,price_seq_1d_others,SOLUSDT_buy_volume_z_long,0.5,0.33109619686800895,0.0,0.0,0.13243847874720358,buy_volume,z_long,symbol,buy_volume_z_long
48,6,24,24,2500,1750,375,375,0.5308571428571428,0.6133333333333333,1d_others,price_seq_1d_others,SOLUSDT_buy_volume_roc_12,0.5,0.33109619686800895,0.0,0.0,0.13243847874720358,buy_volume,roc_12,symbol,buy_volume_roc_12
48,6,24,24,2500,1750,375,375,0.5308571428571428,0.6133333333333333,1d_others,price_seq_1d_others,SOLUSDT_volume_ratio_z_long,0.5,0.33109619686800895,0.0,0.0,0.13243847874720358,volume_ratio,z_long,symbol,volume_ratio_z_long
48,6,24,24,2500,1750,375,375,0.5308571428571428,0.6133333333333333,1d_others,price_seq_1d_others,SOLUSDT_trades_z_short,0.5,0.33109619686800895,0.0,0.0,0.13243847874720358,trades,z_short,symbol,trades_z_short
48,6,24,24,2500,1750,375,375,0.5308571428571428,0.6133333333333333,1d_others,price_seq_1d_others,SOLUSDT_trades_z_long,0.5,0.33109619686800895,0.0,0.0,0.13243847874720358,trades,z_long,symbol,trades_z_long
48,6,24,24,2500,1750,375,375,0.5308571428571428,0.6133333333333333,1d_others,price_seq_1d_others,SOLUSDT_trades_ema_12_48_spread,0.5,0.33109619686800895,0.0,0.0,0.13243847874720358,trades,ema_12_48_spread,symbol,trades_ema_12_48_spread
48,6,24,24,2500,1750,375,375,0.5308571428571428,0.6133333333333333,1d_others,price_seq_1d_others,SOLUSDT_quote_volume_z_short,0.5,0.33109619686800895,0.0,0.0,0.13243847874720358,quote_volume,z_short,symbol,quote_volume_z_short
48,6,24,24,2500,1750,375,375,0.5308571428571428,0.6133333333333333,1d_others,price_seq_1d_others,SOLUSDT_quote_volume_roc_1,0.5,0.33109619686800895,0.0,0.0,0.13243847874720358,quote_volume,roc_1,symbol,quote_volume_roc_1
48,6,24,24,2500,1750,375,375,0.5308571428571428,0.6133333333333333,1d_others,price_seq_1d_others,SOLUSDT_quote_volume_roc_12,0.5,0.33109619686800895,0.0,0.0,0.13243847874720358,quote_volume,roc_12,symbol,quote_volume_roc_12
48,6,24,24,2500,1750,375,375,0.5308571428571428,0.6133333333333333,1d_others,price_seq_1d_others,SOLUSDT_oi_close_z_long,0.5,0.33109619686800895,0.0,0.0,0.13243847874720358,oi_close,z_long,symbol,oi_close_z_long
48,6,24,24,2500,1750,375,375,0.5308571428571428,0.6133333333333333,1d_others,price_seq_1d_others,SOLUSDT_oi_close_roc_1,0.5,0.33109619686800895,0.0,0.0,0.13243847874720358,oi_close,roc_1,symbol,oi_close_roc_1
48,6,24,24,2500,1750,375,375,0.5308571428571428,0.6133333333333333,1d_others,price_seq_1d_others,SOLUSDT_liq_long_z_long,0.6514542728635682,0.33109619686800895,244.0,0.16464237516869096,0.2934436805997186,liq_long,z_long,symbol,liq_long_z_long
48,6,24,24,2500,1750,375,375,0.5308571428571428,0.6133333333333333,1d_others,price_seq_1d_others,SOLUSDT_liq_long_roc_1,0.5,0.33109619686800895,0.0,0.0,0.13243847874720358,liq_long,roc_1,symbol,liq_long_roc_1
48,6,24,24,2500,1750,375,375,0.5308571428571428,0.6133333333333333,1d_others,price_seq_1d_others,SOLUSDT_liq_short_z_short,0.5,0.33109619686800895,0.0,0.0,0.13243847874720358,liq_short,z_short,symbol,liq_short_z_short
48,6,24,24,2500,1750,375,375,0.5308571428571428,0.6133333333333333,1d_others,price_seq_1d_others,SOLUSDT_liq_short_z_long,0.5,0.33109619686800895,0.0,0.0,0.13243847874720358,liq_short,z_long,symbol,liq_short_z_long
48,6,24,24,2500,1750,375,375,0.5308571428571428,0.6133333333333333,1d_others,price_seq_1d_others,SOLUSDT_liq_short_roc_1,0.5,0.33109619686800895,0.0,0.0,0.13243847874720358,liq_short,roc_1,symbol,liq_short_roc_1
48,6,24,24,2500,1750,375,375,0.5308571428571428,0.6133333333333333,1d_others,price_seq_1d_others,SOLUSDT_ob_imbalance_roc_12,0.5,0.33109619686800895,0.0,0.0,0.13243847874720358,ob_imbalance,roc_12,symbol,ob_imbalance_roc_12
48,6,24,24,2500,1750,375,375,0.5308571428571428,0.6133333333333333,1d_others,price_seq_1d_others,DOGEUSDT_ret_1d_scale,0.5,0.33109619686800895,0.0,0.0,0.13243847874720358,ret_1d,scale,symbol,ret_1d_scale
48,6,24,24,2500,1750,375,375,0.5308571428571428,0.6133333333333333,1d_others,price_seq_1d_others,DOGEUSDT_ret_3d_z,0.5,0.33109619686800895,0.0,0.0,0.13243847874720358,ret_3d,z,symbol,ret_3d_z
48,6,24,24,2500,1750,375,375,0.5308571428571428,0.6133333333333333,1d_others,price_seq_1d_others,DOGEUSDT_oi_close_scale,0.5,0.33109619686800895,0.0,0.0,0.13243847874720358,oi_close,scale,symbol,oi_close_scale
48,6,24,24,2500,1750,375,375,0.5308571428571428,0.6133333333333333,1d_others,price_seq_1d_others,DOGEUSDT_ls_account_ratio_z,0.5,0.33109619686800895,0.0,0.0,0.13243847874720358,ls_account_ratio,z,symbol,ls_account_ratio_z
48,6,24,24,2500,1750,375,375,0.5308571428571428,0.6133333333333333,1d_others,price_seq_1d_others,DOGEUSDT_liq_long_log_z,0.5,0.33109619686800895,0.0,0.0,0.13243847874720358,liq_long,log_z,symbol,liq_long_log_z
48,6,24,24,2500,1750,375,375,0.5308571428571428,0.6133333333333333,1d_others,price_seq_1d_others,DOGEUSDT_open_z_short,0.5,0.33109619686800895,0.0,0.0,0.13243847874720358,open,z_short,symbol,open_z_short
48,6,24,24,2500,1750,375,375,0.5308571428571428,0.6133333333333333,1d_others,price_seq_1d_others,DOGEUSDT_high_roc_12,0.5,0.33109619686800895,0.0,0.0,0.13243847874720358,high,roc_12,symbol,high_roc_12
48,6,24,24,2500,1750,375,375,0.5308571428571428,0.6133333333333333,1d_others,price_seq_1d_others,DOGEUSDT_low_z_short,0.5,0.33109619686800895,0.0,0.0,0.13243847874720358,low,z_short,symbol,low_z_short
48,6,24,24,2500,1750,375,375,0.5308571428571428,0.6133333333333333,1d_others,price_seq_1d_others,DOGEUSDT_low_roc_1,0.5,0.33109619686800895,0.0,0.0,0.13243847874720358,low,roc_1,symbol,low_roc_1
48,6,24,24,2500,1750,375,375,0.5308571428571428,0.6133333333333333,1d_others,price_seq_1d_others,DOGEUSDT_volume_roc_1,0.5,0.33109619686800895,0.0,0.0,0.13243847874720358,volume,roc_1,symbol,volume_roc_1
48,6,24,24,2500,1750,375,375,0.5308571428571428,0.6133333333333333,1d_others,price_seq_1d_others,DOGEUSDT_volume_ema_12_48_spread,0.5,0.33109619686800895,0.0,0.0,0.13243847874720358,volume,ema_12_48_spread,symbol,volume_ema_12_48_spread
48,6,24,24,2500,1750,375,375,0.5308571428571428,0.6133333333333333,1d_others,price_seq_1d_others,DOGEUSDT_buy_volume_z_long,0.6474062968515741,0.33109619686800895,0.0,0.0,0.2651041459136203,buy_volume,z_long,symbol,buy_volume_z_long
48,6,24,24,2500,1750,375,375,0.5308571428571428,0.6133333333333333,1d_others,price_seq_1d_others,DOGEUSDT_buy_volume_roc_12,0.5,0.33109619686800895,0.0,0.0,0.13243847874720358,buy_volume,roc_12,symbol,buy_volume_roc_12
48,6,24,24,2500,1750,375,375,0.5308571428571428,0.6133333333333333,1d_others,price_seq_1d_others,DOGEUSDT_volume_ratio_z_long,0.5,0.33109619686800895,0.0,0.0,0.13243847874720358,volume_ratio,z_long,symbol,volume_ratio_z_long
48,6,24,24,2500,1750,375,375,0.5308571428571428,0.6133333333333333,1d_others,price_seq_1d_others,DOGEUSDT_trades_z_short,0.5,0.33109619686800895,0.0,0.0,0.13243847874720358,trades,z_short,symbol,trades_z_short
48,6,24,24,2500,1750,375,375,0.5308571428571428,0.6133333333333333,1d_others,price_seq_1d_others,DOGEUSDT_trades_z_long,0.5,0.33109619686800895,0.0,0.0,0.13243847874720358,trades,z_long,symbol,trades_z_long
48,6,24,24,2500,1750,375,375,0.5308571428571428,0.6133333333333333,1d_others,price_seq_1d_others,DOGEUSDT_trades_ema_12_48_spread,0.5,0.33109619686800895,0.0,0.0,0.13243847874720358,trades,ema_12_48_spread,symbol,trades_ema_12_48_spread
48,6,24,24,2500,1750,375,375,0.5308571428571428,0.6133333333333333,1d_others,price_seq_1d_others,DOGEUSDT_quote_volume_z_short,0.5,0.33109619686800895,0.0,0.0,0.13243847874720358,quote_volume,z_short,symbol,quote_volume_z_short
48,6,24,24,2500,1750,375,375,0.5308571428571428,0.6133333333333333,1d_others,price_seq_1d_others,DOGEUSDT_quote_volume_roc_1,0.5,0.33109619686800895,0.0,0.0,0.13243847874720358,quote_volume,roc_1,symbol,quote_volume_roc_1
48,6,24,24,2500,1750,375,375,0.5308571428571428,0.6133333333333333,1d_others,price_seq_1d_others,DOGEUSDT_quote_volume_roc_12,0.5,0.33109619686800895,0.0,0.0,0.13243847874720358,quote_volume,roc_12,symbol,quote_volume_roc_12
48,6,24,24,2500,1750,375,375,0.5308571428571428,0.6133333333333333,1d_others,price_seq_1d_others,DOGEUSDT_oi_close_z_long,0.5,0.33109619686800895,0.0,0.0,0.13243847874720358,oi_close,z_long,symbol,oi_close_z_long
48,6,24,24,2500,1750,375,375,0.5308571428571428,0.6133333333333333,1d_others,price_seq_1d_others,DOGEUSDT_oi_close_roc_1,0.5,0.33109619686800895,0.0,0.0,0.13243847874720358,oi_close,roc_1,symbol,oi_close_roc_1
48,6,24,24,2500,1750,375,375,0.5308571428571428,0.6133333333333333,1d_others,price_seq_1d_others,DOGEUSDT_liq_long_z_long,0.5,0.33109619686800895,0.0,0.0,0.13243847874720358,liq_long,z_long,symbol,liq_long_z_long
48,6,24,24,2500,1750,375,375,0.5308571428571428,0.6133333333333333,1d_others,price_seq_1d_others,DOGEUSDT_liq_long_roc_1,0.5,0.33109619686800895,0.0,0.0,0.13243847874720358,liq_long,roc_1,symbol,liq_long_roc_1
48,6,24,24,2500,1750,375,375,0.5308571428571428,0.6133333333333333,1d_others,price_seq_1d_others,DOGEUSDT_liq_short_z_short,0.5,0.33109619686800895,0.0,0.0,0.13243847874720358,liq_short,z_short,symbol,liq_short_z_short
48,6,24,24,2500,1750,375,375,0.5308571428571428,0.6133333333333333,1d_others,price_seq_1d_others,DOGEUSDT_liq_short_z_long,0.5,0.33109619686800895,0.0,0.0,0.13243847874720358,liq_short,z_long,symbol,liq_short_z_long
48,6,24,24,2500,1750,375,375,0.5308571428571428,0.6133333333333333,1d_others,price_seq_1d_others,DOGEUSDT_liq_short_roc_1,0.5,0.33109619686800895,0.0,0.0,0.13243847874720358,liq_short,roc_1,symbol,liq_short_roc_1
48,6,24,24,2500,1750,375,375,0.5308571428571428,0.6133333333333333,1d_others,price_seq_1d_others,DOGEUSDT_ob_imbalance_roc_12,0.5,0.33109619686800895,0.0,0.0,0.13243847874720358,ob_imbalance,roc_12,symbol,ob_imbalance_roc_12
48,6,24,24,2500,1750,375,375,0.5308571428571428,0.6133333333333333,1d_others,price_seq_1d_others,1000PEPEUSDT_ret_1d_scale,0.6514542728635682,0.33109619686800895,0.0,0.0,0.26874732432441495,ret_1d,scale,symbol,ret_1d_scale
48,6,24,24,2500,1750,375,375,0.5308571428571428,0.6133333333333333,1d_others,price_seq_1d_others,1000PEPEUSDT_ret_3d_z,0.5,0.33109619686800895,0.0,0.0,0.13243847874720358,ret_3d,z,symbol,ret_3d_z
48,6,24,24,2500,1750,375,375,0.5308571428571428,0.6133333333333333,1d_others,price_seq_1d_others,1000PEPEUSDT_oi_close_scale,0.5,0.33109619686800895,0.0,0.0,0.13243847874720358,oi_close,scale,symbol,oi_close_scale
48,6,24,24,2500,1750,375,375,0.5308571428571428,0.6133333333333333,1d_others,price_seq_1d_others,1000PEPEUSDT_ls_account_ratio_z,0.5,0.33109619686800895,0.0,0.0,0.13243847874720358,ls_account_ratio,z,symbol,ls_account_ratio_z
48,6,24,24,2500,1750,375,375,0.5308571428571428,0.6133333333333333,1d_others,price_seq_1d_others,1000PEPEUSDT_liq_long_log_z,0.5,0.33109619686800895,0.0,0.0,0.13243847874720358,liq_long,log_z,symbol,liq_long_log_z
48,6,24,24,2500,1750,375,375,0.5308571428571428,0.6133333333333333,1d_others,price_seq_1d_others,1000PEPEUSDT_open_z_short,0.5,0.33109619686800895,0.0,0.0,0.13243847874720358,open,z_short,symbol,open_z_short
48,6,24,24,2500,1750,375,375,0.5308571428571428,0.6133333333333333,1d_others,price_seq_1d_others,1000PEPEUSDT_high_roc_12,0.5,0.33109619686800895,0.0,0.0,0.13243847874720358,high,roc_12,symbol,high_roc_12
48,6,24,24,2500,1750,375,375,0.5308571428571428,0.6133333333333333,1d_others,price_seq_1d_others,1000PEPEUSDT_low_z_short,0.5,0.33109619686800895,0.0,0.0,0.13243847874720358,low,z_short,symbol,low_z_short
48,6,24,24,2500,1750,375,375,0.5308571428571428,0.6133333333333333,1d_others,price_seq_1d_others,1000PEPEUSDT_low_roc_1,0.5,0.33109619686800895,0.0,0.0,0.13243847874720358,low,roc_1,symbol,low_roc_1
48,6,24,24,2500,1750,375,375,0.5308571428571428,0.6133333333333333,1d_others,price_seq_1d_others,1000PEPEUSDT_volume_roc_1,0.5,0.33109619686800895,0.0,0.0,0.13243847874720358,volume,roc_1,symbol,volume_roc_1
48,6,24,24,2500,1750,375,375,0.5308571428571428,0.6133333333333333,1d_others,price_seq_1d_others,1000PEPEUSDT_volume_ema_12_48_spread,0.5,0.33109619686800895,0.0,0.0,0.13243847874720358,volume,ema_12_48_spread,symbol,volume_ema_12_48_spread
48,6,24,24,2500,1750,375,375,0.5308571428571428,0.6133333333333333,1d_others,price_seq_1d_others,1000PEPEUSDT_buy_volume_z_long,0.5,0.33109619686800895,0.0,0.0,0.13243847874720358,buy_volume,z_long,symbol,buy_volume_z_long
48,6,24,24,2500,1750,375,375,0.5308571428571428,0.6133333333333333,1d_others,price_seq_1d_others,1000PEPEUSDT_buy_volume_roc_12,0.5,0.33109619686800895,0.0,0.0,0.13243847874720358,buy_volume,roc_12,symbol,buy_volume_roc_12
48,6,24,24,2500,1750,375,375,0.5308571428571428,0.6133333333333333,1d_others,price_seq_1d_others,1000PEPEUSDT_volume_ratio_z_long,0.5,0.33109619686800895,0.0,0.0,0.13243847874720358,volume_ratio,z_long,symbol,volume_ratio_z_long
48,6,24,24,2500,1750,375,375,0.5308571428571428,0.6133333333333333,1d_others,price_seq_1d_others,1000PEPEUSDT_trades_z_short,0.5,0.33109619686800895,0.0,0.0,0.13243847874720358,trades,z_short,symbol,trades_z_short
48,6,24,24,2500,1750,375,375,0.5308571428571428,0.6133333333333333,1d_others,price_seq_1d_others,1000PEPEUSDT_trades_z_long,0.5,0.33109619686800895,0.0,0.0,0.13243847874720358,trades,z_long,symbol,trades_z_long
48,6,24,24,2500,1750,375,375,0.5308571428571428,0.6133333333333333,1d_others,price_seq_1d_others,1000PEPEUSDT_trades_ema_12_48_spread,0.5,0.33109619686800895,0.0,0.0,0.13243847874720358,trades,ema_12_48_spread,symbol,trades_ema_12_48_spread
48,6,24,24,2500,1750,375,375,0.5308571428571428,0.6133333333333333,1d_others,price_seq_1d_others,1000PEPEUSDT_quote_volume_z_short,0.5,0.33109619686800895,25.0,0.016869095816464237,0.13496884311967322,quote_volume,z_short,symbol,quote_volume_z_short
48,6,24,24,2500,1750,375,375,0.5308571428571428,0.6133333333333333,1d_others,price_seq_1d_others,1000PEPEUSDT_quote_volume_roc_1,0.5,0.33109619686800895,0.0,0.0,0.13243847874720358,quote_volume,roc_1,symbol,quote_volume_roc_1
48,6,24,24,2500,1750,375,375,0.5308571428571428,0.6133333333333333,1d_others,price_seq_1d_others,1000PEPEUSDT_quote_volume_roc_12,0.5,0.33109619686800895,0.0,0.0,0.13243847874720358,quote_volume,roc_12,symbol,quote_volume_roc_12
48,6,24,24,2500,1750,375,375,0.5308571428571428,0.6133333333333333,1d_others,price_seq_1d_others,1000PEPEUSDT_oi_close_z_long,0.5,0.33109619686800895,0.0,0.0,0.13243847874720358,oi_close,z_long,symbol,oi_close_z_long
48,6,24,24,2500,1750,375,375,0.5308571428571428,0.6133333333333333,1d_others,price_seq_1d_others,1000PEPEUSDT_oi_close_roc_1,0.5,0.33109619686800895,0.0,0.0,0.13243847874720358,oi_close,roc_1,symbol,oi_close_roc_1
48,6,24,24,2500,1750,375,375,0.5308571428571428,0.6133333333333333,1d_others,price_seq_1d_others,1000PEPEUSDT_liq_long_z_long,0.5,0.33109619686800895,0.0,0.0,0.13243847874720358,liq_long,z_long,symbol,liq_long_z_long
48,6,24,24,2500,1750,375,375,0.5308571428571428,0.6133333333333333,1d_others,price_seq_1d_others,1000PEPEUSDT_liq_long_roc_1,0.5,0.33109619686800895,0.0,0.0,0.13243847874720358,liq_long,roc_1,symbol,liq_long_roc_1
48,6,24,24,2500,1750,375,375,0.5308571428571428,0.6133333333333333,1d_others,price_seq_1d_others,1000PEPEUSDT_liq_short_z_short,0.5,0.33109619686800895,0.0,0.0,0.13243847874720358,liq_short,z_short,symbol,liq_short_z_short
48,6,24,24,2500,1750,375,375,0.5308571428571428,0.6133333333333333,1d_others,price_seq_1d_others,1000PEPEUSDT_liq_short_z_long,0.5,0.33109619686800895,0.0,0.0,0.13243847874720358,liq_short,z_long,symbol,liq_short_z_long
48,6,24,24,2500,1750,375,375,0.5308571428571428,0.6133333333333333,1d_others,price_seq_1d_others,1000PEPEUSDT_liq_short_roc_1,0.5,0.33109619686800895,0.0,0.0,0.13243847874720358,liq_short,roc_1,symbol,liq_short_roc_1
48,6,24,24,2500,1750,375,375,0.5308571428571428,0.6133333333333333,1d_others,price_seq_1d_others,1000PEPEUSDT_ob_imbalance_roc_12,0.5,0.33109619686800895,0.0,0.0,0.13243847874720358,ob_imbalance,roc_12,symbol,ob_imbalance_roc_12
48,6,24,24,2500,1750,375,375,0.5308571428571428,0.6133333333333333,1d_others,price_seq_1d_others,sopr_z,0.5,0.33109619686800895,0.0,0.0,0.13243847874720358,sopr,z,global,sopr_z
48,6,24,24,2500,1750,375,375,0.5308571428571428,0.6133333333333333,1d_others,price_seq_1d_others,fear_greed_roc_12,0.5,0.33109619686800895,0.0,0.0,0.13243847874720358,fear_greed,roc_12,global,fear_greed_roc_12
48,6,24,24,2500,1750,375,375,0.5308571428571428,0.6133333333333333,1d_others,price_seq_1d_others,altcoin_season_roc_1,0.5,0.33109619686800895,0.0,0.0,0.13243847874720358,altcoin_season,roc_1,global,altcoin_season_roc_1
48,6,24,24,2500,1750,375,375,0.5308571428571428,0.6133333333333333,1d_others,price_seq_1d_others,altcoin_season_roc_12,0.5,0.33109619686800895,0.0,0.0,0.13243847874720358,altcoin_season,roc_12,global,altcoin_season_roc_12
48,6,24,24,2500,1750,375,375,0.5308571428571428,0.6133333333333333,1d_others,price_seq_1d_others,altcoin_season_ema_12_48_spread,0.5,0.33109619686800895,0.0,0.0,0.13243847874720358,altcoin_season,ema_12_48_spread,global,altcoin_season_ema_12_48_spread
48,6,24,24,2500,1750,375,375,0.5308571428571428,0.6133333333333333,1d_others,price_seq_1d_others,bmo_ema_12_48_spread,0.5,0.33109619686800895,0.0,0.0,0.13243847874720358,bmo,ema_12_48_spread,global,bmo_ema_12_48_spread
48,6,24,24,2500,1750,375,375,0.5308571428571428,0.6133333333333333,1d_others,price_seq_1d_others,sopr_roc_12,0.3623988005997002,0.33109619686800895,4.0,0.002699055330634278,0.1328433370467987,sopr,roc_12,global,sopr_roc_12
48,6,48,48,2500,1750,375,375,0.5274285714285715,0.584,5m_target,price_seq_target,volume_ratio_z_short,0.4640557311790189,0.32973944294699015,465.0,0.1287375415282392,0.15120640840803193,volume_ratio,z_short,global,volume_ratio_z_short
48,6,48,48,2500,1750,375,375,0.5274285714285715,0.584,5m_target,price_seq_target,volume_ratio_z_long,0.47705186746282635,0.35306165099268544,469.0,0.1298449612403101,0.16070140458312068,volume_ratio,z_long,global,volume_ratio_z_long
48,6,48,48,2500,1750,375,375,0.5274285714285715,0.584,5m_target,price_seq_target,long_short_ratio_z,0.5075225383444562,0.43946932006633493,501.0,0.13870431893687707,0.2033636603770761,long_short_ratio,z,global,long_short_ratio_z
48,6,48,48,2500,1750,375,375,0.5274285714285715,0.584,5m_target,price_seq_target,sell_volume_roc_12,0.7085528626624518,0.3292847503373819,510.0,0.14119601328903655,0.34059087852451486,sell_volume,roc_12,global,sell_volume_roc_12
48,6,48,48,2500,1750,375,375,0.5274285714285715,0.584,5m_target,price_seq_target,sell_volume_roc_1,0.3718680482379112,0.3194444444444445,593.0,0.1641749723145072,0.15240402362495387,sell_volume,roc_1,global,sell_volume_roc_1
48,6,48,48,2500,1750,375,375,0.5274285714285715,0.584,5m_target,price_seq_target,sell_volume_ema_12_48_spread,0.3268791710572532,0.38431078321037054,65.0,0.017995570321151715,0.156423648832321,sell_volume,ema_12_48_spread,global,sell_volume_ema_12_48_spread
48,6,48,48,2500,1750,375,375,0.5274285714285715,0.584,5m_target,price_seq_target,volume_ratio_ema_12_48_spread,0.48612574639971895,0.3301929116195603,0.0,0.0,0.13207716464782412,volume_ratio,ema_12_48_spread,global,volume_ratio_ema_12_48_spread
48,6,48,48,2500,1750,375,375,0.5274285714285715,0.584,5m_target,price_seq_target,trades_z_long,0.5881922491511532,0.3274536408864767,0.0,0.0,0.21035448059062856,trades,z_long,global,trades_z_long
48,6,48,48,2500,1750,375,375,0.5274285714285715,0.584,5m_target,price_seq_target,volume_impact_scale,0.2306960543261913,0.3256025466120964,45.0,0.012458471760797342,0.13210978940895818,volume_impact,scale,global,volume_impact_scale
48,6,48,48,2500,1750,375,375,0.5274285714285715,0.584,5m_target,price_seq_target,close_z_long,0.5165232408383094,0.3301929116195603,361.0,0.09994462901439645,0.16193977575446203,close,z_long,global,close_z_long
48,6,48,48,2500,1750,375,375,0.5274285714285715,0.584,5m_target,price_seq_target,volume_log_z_short,0.43190200210748153,0.32373113854595337,325.0,0.08997785160575858,0.14298913315924516,volume_log,z_short,global,volume_log_z_short
48,6,48,48,2500,1750,375,375,0.5274285714285715,0.584,5m_target,price_seq_target,ret_15m_z_short,0.4880722397845686,0.30329457364341084,278.0,0.0769656699889258,0.13286267995570322,ret_15m,z_short,global,ret_15m_z_short
48,6,48,48,2500,1750,375,375,0.5274285714285715,0.584,5m_others,price_seq_others,ETHUSDT_trades_z_short,0.5130546774382391,0.32791327913279134,139.0,0.032514619883040934,0.14779171432998786,trades,z_short,symbol,trades_z_short
48,6,48,48,2500,1750,375,375,0.5274285714285715,0.584,5m_others,price_seq_others,ETHUSDT_long_short_ratio_z_short,0.4864184521718768,0.32973944294699015,124.0,0.029005847953216375,0.13624665437177852,long_short_ratio,z_short,symbol,long_short_ratio_z_short
48,6,48,48,2500,1750,375,375,0.5274285714285715,0.584,5m_others,price_seq_others,ETHUSDT_volume_log_z,0.49247746165554385,0.32882882882882886,192.0,0.04491228070175438,0.1382683736367947,volume,log_z,symbol,volume_log_z
48,6,48,48,2500,1750,375,375,0.5274285714285715,0.584,5m_others,price_seq_others,ETHUSDT_sell_volume_z_short,0.5396909027046013,0.32973944294699015,199.0,0.04654970760233918,0.17460004575328808,sell_volume,z_short,symbol,sell_volume_z_short
48,6,48,48,2500,1750,375,375,0.5274285714285715,0.584,5m_others,price_seq_others,ETHUSDT_rsi_14,0.5083128439292822,0.3301929116195603,208.0,0.048654970760233916,0.1468569697982132,rsi_14,raw,symbol,rsi_14
48,6,48,48,2500,1750,375,375,0.5274285714285715,0.584,5m_others,price_seq_others,ETHUSDT_buy_volume_z_long,0.5362077040159232,0.3292847503373819,195.0,0.0456140350877193,0.17114293901244157,buy_volume,z_long,symbol,buy_volume_z_long
48,6,48,48,2500,1750,375,375,0.5274285714285715,0.584,5m_others,price_seq_others,ETHUSDT_up_volume_ratio_12,0.5317293057019085,0.4126071267478575,155.0,0.03625730994152047,0.1990378223220887,up_volume_ratio_12,raw,symbol,up_volume_ratio_12
48,6,48,48,2500,1750,375,375,0.5274285714285715,0.584,5m_others,price_seq_others,ETHUSDT_volume_ratio_z_long,0.5356222924716075,0.4968425800631484,154.0,0.0360233918128655,0.23620060402163598,volume_ratio,z_long,symbol,volume_ratio_z_long
48,6,48,48,2500,1750,375,375,0.5274285714285715,0.584,5m_others,price_seq_others,ETHUSDT_high_roc_12,0.6334445615267533,0.32973944294699015,148.0,0.034619883040935676,0.2571888650090144,high,roc_12,symbol,high_roc_12
48,6,48,48,2500,1750,375,375,0.5274285714285715,0.584,5m_others,price_seq_others,ETHUSDT_trades_roc_12,0.5453840299730711,0.4394557823129252,113.0,0.026432748538011697,0.22059285218163585,trades,roc_12,symbol,trades_roc_12
48,6,48,48,2500,1750,375,375,0.5274285714285715,0.584,5m_others,price_seq_others,ETHUSDT_quote_volume_z_long,0.5671174335557897,0.3251366120218579,136.0,0.03181286549707602,0.19523226483351527,quote_volume,z_long,symbol,quote_volume_z_long
48,6,48,48,2500,1750,375,375,0.5274285714285715,0.584,5m_others,price_seq_others,ETHUSDT_volume_impact_scale,0.48081313663505443,0.3148936170212766,124.0,0.029005847953216375,0.13030832400149311,volume_impact,scale,symbol,volume_impact_scale
48,6,48,48,2500,1750,375,375,0.5274285714285715,0.584,5m_others,price_seq_others,SOLUSDT_trades_z_short,0.4503131951762088,0.3256025466120964,199.0,0.04654970760233918,0.13722347478518945,trades,z_short,symbol,trades_z_short
48,6,48,48,2500,1750,375,375,0.5274285714285715,0.584,5m_others,price_seq_others,SOLUSDT_long_short_ratio_z_short,0.6255561409670999,0.32882882882882886,111.0,0.025964912280701753,0.2484267952440267,long_short_ratio,z_short,symbol,long_short_ratio_z_short
48,6,48,48,2500,1750,375,375,0.5274285714285715,0.584,5m_others,price_seq_others,SOLUSDT_volume_log_z,0.4632507903055848,0.32882882882882886,170.0,0.03976608187134503,0.1374964438122333,volume,log_z,symbol,volume_log_z
48,6,48,48,2500,1750,375,375,0.5274285714285715,0.584,5m_others,price_seq_others,SOLUSDT_sell_volume_z_short,0.4699391171993912,0.3301929116195603,132.0,0.030877192982456142,0.13670874359519256,sell_volume,z_short,symbol,sell_volume_z_short
48,6,48,48,2500,1750,375,375,0.5274285714285715,0.584,5m_others,price_seq_others,SOLUSDT_rsi_14,0.4739199157007376,0.32088520055325037,167.0,0.039064327485380114,0.13421372934410716,rsi_14,raw,symbol,rsi_14
48,6,48,48,2500,1750,375,375,0.5274285714285715,0.584,5m_others,price_seq_others,SOLUSDT_buy_volume_z_long,0.6767650158061117,0.3242009132420091,90.0,0.021052631578947368,0.2919267742591463,buy_volume,z_long,symbol,buy_volume_z_long
48,6,48,48,2500,1750,375,375,0.5274285714285715,0.584,5m_others,price_seq_others,SOLUSDT_up_volume_ratio_12,0.41979861842875543,0.32973944294699015,110.0,0.025730994152046785,0.13575542630160306,up_volume_ratio_12,raw,symbol,up_volume_ratio_12
48,6,48,48,2500,1750,375,375,0.5274285714285715,0.584,5m_others,price_seq_others,SOLUSDT_volume_ratio_z_long,0.5849139445029856,0.31155303030303033,152.0,0.035555555555555556,0.20637709550723252,volume_ratio,z_long,symbol,volume_ratio_z_long
48,6,48,48,2500,1750,375,375,0.5274285714285715,0.584,5m_others,price_seq_others,SOLUSDT_high_roc_12,0.4935751083011357,0.3292847503373819,82.0,0.0191812865497076,0.1345910931174089,high,roc_12,symbol,high_roc_12
48,6,48,48,2500,1750,375,375,0.5274285714285715,0.584,5m_others,price_seq_others,SOLUSDT_trades_roc_12,0.6312346329469617,0.3260672116257947,0.0,0.0,0.2485380543025834,trades,roc_12,symbol,trades_roc_12
48,6,48,48,2500,1750,375,375,0.5274285714285715,0.584,5m_others,price_seq_others,SOLUSDT_quote_volume_z_long,0.5640879288139562,0.3292847503373819,0.0,0.0,0.18939303606751334,quote_volume,z_long,symbol,quote_volume_z_long
48,6,48,48,2500,1750,375,375,0.5274285714285715,0.584,5m_others,price_seq_others,SOLUSDT_volume_impact_scale,0.4997512000936659,0.3301929116195603,0.0,0.0,0.13207716464782412,volume_impact,scale,symbol,volume_impact_scale
48,6,48,48,2500,1750,375,375,0.5274285714285715,0.584,5m_others,price_seq_others,DOGEUSDT_trades_z_short,0.41344690317293054,0.3242009132420091,0.0,0.0,0.12968036529680366,trades,z_short,symbol,trades_z_short
48,6,48,48,2500,1750,375,375,0.5274285714285715,0.584,5m_others,price_seq_others,DOGEUSDT_long_short_ratio_z_short,0.3183028919330289,0.32231404958677684,0.0,0.0,0.12892561983471074,long_short_ratio,z_short,symbol,long_short_ratio_z_short
48,6,48,48,2500,1750,375,375,0.5274285714285715,0.584,5m_others,price_seq_others,DOGEUSDT_volume_log_z,0.44017094017094016,0.3274536408864767,0.0,0.0,0.1309814563545907,volume,log_z,symbol,volume_log_z
48,6,48,48,2500,1750,375,375,0.5274285714285715,0.584,5m_others,price_seq_others,DOGEUSDT_sell_volume_z_short,0.6030909729539866,0.3242009132420091,0.0,0.0,0.22246224095539163,sell_volume,z_short,symbol,sell_volume_z_short
48,6,48,48,2500,1750,375,375,0.5274285714285715,0.584,5m_others,price_seq_others,DOGEUSDT_rsi_14,0.37296569488350306,0.32973944294699015,0.0,0.0,0.13189577717879605,rsi_14,raw,symbol,rsi_14
48,6,48,48,2500,1750,375,375,0.5274285714285715,0.584,5m_others,price_seq_others,DOGEUSDT_buy_volume_z_long,0.4625336611637981,0.3301929116195603,0.0,0.0,0.13207716464782412,buy_volume,z_long,symbol,buy_volume_z_long
48,6,48,48,2500,1750,375,375,0.5274285714285715,0.584,5m_others,price_seq_others,DOGEUSDT_up_volume_ratio_12,0.6204484252429459,0.32791327913279134,0.0,0.0,0.23956889437176782,up_volume_ratio_12,raw,symbol,up_volume_ratio_12
48,6,48,48,2500,1750,375,375,0.5274285714285715,0.584,5m_others,price_seq_others,DOGEUSDT_volume_ratio_z_long,0.5812258517737969,0.3301929116195603,0.0,0.0,0.20518043124424135,volume_ratio,z_long,symbol,volume_ratio_z_long
48,6,48,48,2500,1750,375,375,0.5274285714285715,0.584,5m_others,price_seq_others,DOGEUSDT_high_roc_12,0.6375424423369629,0.32323232323232326,0.0,0.0,0.2530811273961959,high,roc_12,symbol,high_roc_12
48,6,48,48,2500,1750,375,375,0.5274285714285715,0.584,5m_others,price_seq_others,DOGEUSDT_trades_roc_12,0.2716163212738555,0.31054131054131057,0.0,0.0,0.12421652421652424,trades,roc_12,symbol,trades_roc_12
48,6,48,48,2500,1750,375,375,0.5274285714285715,0.584,5m_others,price_seq_others,DOGEUSDT_quote_volume_z_long,0.5178111462358037,0.3301929116195603,28.0,0.006549707602339181,0.14908965240039834,quote_volume,z_long,symbol,quote_volume_z_long
48,6,48,48,2500,1750,375,375,0.5274285714285715,0.584,5m_others,price_seq_others,DOGEUSDT_volume_impact_scale,0.48081313663505443,0.32882882882882886,59.0,0.013801169590643274,0.13360170697012805,volume_impact,scale,symbol,volume_impact_scale
48,6,48,48,2500,1750,375,375,0.5274285714285715,0.584,5m_others,price_seq_others,1000PEPEUSDT_trades_z_short,0.6006615150450766,0.40725055565567364,123.0,0.028771929824561403,0.2578113752765226,trades,z_short,symbol,trades_z_short
48,6,48,48,2500,1750,375,375,0.5274285714285715,0.584,5m_others,price_seq_others,1000PEPEUSDT_long_short_ratio_z_short,0.6594368340943684,0.3301929116195603,98.0,0.022923976608187135,0.27900891182398374,long_short_ratio,z_short,symbol,long_short_ratio_z_short
48,6,48,48,2500,1750,375,375,0.5274285714285715,0.584,5m_others,price_seq_others,1000PEPEUSDT_volume_log_z,0.7116994497131482,0.3301929116195603,96.0,0.02245614035087719,0.3259750904422891,volume,log_z,symbol,volume_log_z
48,6,48,48,2500,1750,375,375,0.5274285714285715,0.584,5m_others,price_seq_others,1000PEPEUSDT_sell_volume_z_short,0.5438765952464583,0.3301929116195603,87.0,0.020350877192982456,0.17461873194858393,sell_volume,z_short,symbol,sell_volume_z_short
48,6,48,48,2500,1750,375,375,0.5274285714285715,0.584,5m_others,price_seq_others,1000PEPEUSDT_rsi_14,0.3868692190609999,0.3301929116195603,84.0,0.019649122807017545,0.13502453306887677,rsi_14,raw,symbol,rsi_14
48,6,48,48,2500,1750,375,375,0.5274285714285715,0.584,5m_others,price_seq_others,1000PEPEUSDT_buy_volume_z_long,0.4601042032548882,0.32088520055325037,93.0,0.02175438596491228,0.13161723811603698,buy_volume,z_long,symbol,buy_volume_z_long
48,6,48,48,2500,1750,375,375,0.5274285714285715,0.584,5m_others,price_seq_others,1000PEPEUSDT_up_volume_ratio_12,0.3687507317644304,0.3301929116195603,148.0,0.034619883040935676,0.13727014710396448,up_volume_ratio_12,raw,symbol,up_volume_ratio_12
48,6,48,48,2500,1750,375,375,0.5274285714285715,0.584,5m_others,price_seq_others,1000PEPEUSDT_volume_ratio_z_long,0.6719646411427234,0.3301929116195603,87.0,0.020350877192982456,0.28989797325522254,volume_ratio,z_long,symbol,volume_ratio_z_long
48,6,48,48,2500,1750,375,375,0.5274285714285715,0.584,5m_others,price_seq_others,1000PEPEUSDT_high_roc_12,0.7368282402528978,0.4394557823129252,93.0,0.02175438596491228,0.39219088704751504,high,roc_12,symbol,high_roc_12
48,6,48,48,2500,1750,375,375,0.5274285714285715,0.584,5m_others,price_seq_others,1000PEPEUSDT_trades_roc_12,0.2677233345041564,0.3301929116195603,63.0,0.014736842105263158,0.1342876909636136,trades,roc_12,symbol,trades_roc_12
48,6,48,48,2500,1750,375,375,0.5274285714285715,0.584,5m_others,price_seq_others,1000PEPEUSDT_quote_volume_z_long,0.34190961245755763,0.3301929116195603,44.0,0.010292397660818714,0.13362102429694694,quote_volume,z_long,symbol,quote_volume_z_long
48,6,48,48,2500,1750,375,375,0.5274285714285715,0.584,5m_others,price_seq_others,1000PEPEUSDT_volume_impact_scale,0.746209460250556,0.3301929116195603,72.0,0.016842105263157894,0.3561919946627983,volume_impact,scale,symbol,volume_impact_scale
48,6,48,48,2500,1750,375,375,0.5274285714285715,0.584,1d_target,price_seq_1d_target,ret_1d_z_short,0.5,0.3301929116195603,0.0,0.0,0.13207716464782412,ret_1d,z_short,global,ret_1d_z_short
48,6,48,48,2500,1750,375,375,0.5274285714285715,0.584,1d_target,price_seq_1d_target,ret_3d_z_short,0.5,0.3301929116195603,0.0,0.0,0.13207716464782412,ret_3d,z_short,global,ret_3d_z_short
48,6,48,48,2500,1750,375,375,0.5274285714285715,0.584,1d_target,price_seq_1d_target,ret_7d_z_long,0.5,0.3301929116195603,0.0,0.0,0.13207716464782412,ret_7d,z_long,global,ret_7d_z_long
48,6,48,48,2500,1750,375,375,0.5274285714285715,0.584,1d_target,price_seq_1d_target,body_1d_z,0.5,0.3301929116195603,0.0,0.0,0.13207716464782412,body_1d,z,global,body_1d_z
48,6,48,48,2500,1750,375,375,0.5274285714285715,0.584,1d_target,price_seq_1d_target,oi_close_scale,0.5,0.3301929116195603,0.0,0.0,0.13207716464782412,oi_close,scale,global,oi_close_scale
48,6,48,48,2500,1750,375,375,0.5274285714285715,0.584,1d_target,price_seq_1d_target,funding_close_scale,0.5,0.3301929116195603,0.0,0.0,0.13207716464782412,funding_close,scale,global,funding_close_scale
48,6,48,48,2500,1750,375,375,0.5274285714285715,0.584,1d_target,price_seq_1d_target,ls_account_ratio_z,0.5,0.3301929116195603,0.0,0.0,0.13207716464782412,ls_account_ratio,z,global,ls_account_ratio_z
48,6,48,48,2500,1750,375,375,0.5274285714285715,0.584,1d_target,price_seq_1d_target,liq_long_log_scale,0.5,0.3301929116195603,0.0,0.0,0.13207716464782412,liq_long_log,scale,global,liq_long_log_scale
48,6,48,48,2500,1750,375,375,0.5274285714285715,0.584,1d_target,price_seq_1d_target,volume_impact_scale,0.5,0.3301929116195603,0.0,0.0,0.13207716464782412,volume_impact,scale,global,volume_impact_scale
48,6,48,48,2500,1750,375,375,0.5274285714285715,0.584,1d_target,price_seq_1d_target,open_ema_12_48_spread,0.5,0.3301929116195603,0.0,0.0,0.13207716464782412,open,ema_12_48_spread,global,open_ema_12_48_spread
48,6,48,48,2500,1750,375,375,0.5274285714285715,0.584,1d_target,price_seq_1d_target,high_z_long,0.5,0.3301929116195603,0.0,0.0,0.13207716464782412,high,z_long,global,high_z_long
48,6,48,48,2500,1750,375,375,0.5274285714285715,0.584,1d_target,price_seq_1d_target,close_roc_12,0.5,0.3301929116195603,0.0,0.0,0.13207716464782412,close,roc_12,global,close_roc_12
48,6,48,48,2500,1750,375,375,0.5274285714285715,0.584,1d_target,price_seq_1d_target,close_ema_12_48_spread,0.5,0.3301929116195603,0.0,0.0,0.13207716464782412,close,ema_12_48_spread,global,close_ema_12_48_spread
48,6,48,48,2500,1750,375,375,0.5274285714285715,0.584,1d_target,price_seq_1d_target,sell_volume_roc_1,0.5,0.3301929116195603,0.0,0.0,0.13207716464782412,sell_volume,roc_1,global,sell_volume_roc_1
48,6,48,48,2500,1750,375,375,0.5274285714285715,0.584,1d_target,price_seq_1d_target,quote_volume_z_long,0.5,0.3301929116195603,0.0,0.0,0.13207716464782412,quote_volume,z_long,global,quote_volume_z_long
48,6,48,48,2500,1750,375,375,0.5274285714285715,0.584,1d_target,price_seq_1d_target,liq_long_ema_12_48_spread,0.5,0.3301929116195603,0.0,0.0,0.13207716464782412,liq_long,ema_12_48_spread,global,liq_long_ema_12_48_spread
48,6,48,48,2500,1750,375,375,0.5274285714285715,0.584,1d_others,price_seq_1d_others,ETHUSDT_ret_1d_scale,0.5,0.3301929116195603,0.0,0.0,0.13207716464782412,ret_1d,scale,symbol,ret_1d_scale
48,6,48,48,2500,1750,375,375,0.5274285714285715,0.584,1d_others,price_seq_1d_others,ETHUSDT_ret_3d_z,0.5,0.3301929116195603,0.0,0.0,0.13207716464782412,ret_3d,z,symbol,ret_3d_z
48,6,48,48,2500,1750,375,375,0.5274285714285715,0.584,1d_others,price_seq_1d_others,ETHUSDT_oi_close_scale,0.5,0.3301929116195603,0.0,0.0,0.13207716464782412,oi_close,scale,symbol,oi_close_scale
48,6,48,48,2500,1750,375,375,0.5274285714285715,0.584,1d_others,price_seq_1d_others,ETHUSDT_ls_account_ratio_z,0.5,0.3301929116195603,0.0,0.0,0.13207716464782412,ls_account_ratio,z,symbol,ls_account_ratio_z
48,6,48,48,2500,1750,375,375,0.5274285714285715,0.584,1d_others,price_seq_1d_others,ETHUSDT_liq_long_log_z,0.5,0.3301929116195603,0.0,0.0,0.13207716464782412,liq_long,log_z,symbol,liq_long_log_z
48,6,48,48,2500,1750,375,375,0.5274285714285715,0.584,1d_others,price_seq_1d_others,ETHUSDT_open_z_short,0.5,0.3301929116195603,302.0,0.17743830787309048,0.1586929108287877,open,z_short,symbol,open_z_short
48,6,48,48,2500,1750,375,375,0.5274285714285715,0.584,1d_others,price_seq_1d_others,ETHUSDT_high_roc_12,0.5,0.3301929116195603,0.0,0.0,0.13207716464782412,high,roc_12,symbol,high_roc_12
48,6,48,48,2500,1750,375,375,0.5274285714285715,0.584,1d_others,price_seq_1d_others,ETHUSDT_low_z_short,0.5,0.3301929116195603,0.0,0.0,0.13207716464782412,low,z_short,symbol,low_z_short
48,6,48,48,2500,1750,375,375,0.5274285714285715,0.584,1d_others,price_seq_1d_others,ETHUSDT_low_roc_1,0.5,0.3301929116195603,0.0,0.0,0.13207716464782412,low,roc_1,symbol,low_roc_1
48,6,48,48,2500,1750,375,375,0.5274285714285715,0.584,1d_others,price_seq_1d_others,ETHUSDT_volume_roc_1,0.5,0.3301929116195603,0.0,0.0,0.13207716464782412,volume,roc_1,symbol,volume_roc_1
48,6,48,48,2500,1750,375,375,0.5274285714285715,0.584,1d_others,price_seq_1d_others,ETHUSDT_volume_ema_12_48_spread,0.5,0.3301929116195603,0.0,0.0,0.13207716464782412,volume,ema_12_48_spread,symbol,volume_ema_12_48_spread
48,6,48,48,2500,1750,375,375,0.5274285714285715,0.584,1d_others,price_seq_1d_others,ETHUSDT_buy_volume_z_long,0.5,0.3301929116195603,0.0,0.0,0.13207716464782412,buy_volume,z_long,symbol,buy_volume_z_long
48,6,48,48,2500,1750,375,375,0.5274285714285715,0.584,1d_others,price_seq_1d_others,ETHUSDT_buy_volume_roc_12,0.5,0.3301929116195603,0.0,0.0,0.13207716464782412,buy_volume,roc_12,symbol,buy_volume_roc_12
48,6,48,48,2500,1750,375,375,0.5274285714285715,0.584,1d_others,price_seq_1d_others,ETHUSDT_volume_ratio_z_long,0.5,0.3301929116195603,0.0,0.0,0.13207716464782412,volume_ratio,z_long,symbol,volume_ratio_z_long
48,6,48,48,2500,1750,375,375,0.5274285714285715,0.584,1d_others,price_seq_1d_others,ETHUSDT_trades_z_short,0.5,0.3301929116195603,0.0,0.0,0.13207716464782412,trades,z_short,symbol,trades_z_short
48,6,48,48,2500,1750,375,375,0.5274285714285715,0.584,1d_others,price_seq_1d_others,ETHUSDT_trades_z_long,0.5,0.3301929116195603,0.0,0.0,0.13207716464782412,trades,z_long,symbol,trades_z_long
48,6,48,48,2500,1750,375,375,0.5274285714285715,0.584,1d_others,price_seq_1d_others,ETHUSDT_trades_ema_12_48_spread,0.5856896147992038,0.3301929116195603,597.0,0.3507638072855464,0.2618123890599395,trades,ema_12_48_spread,symbol,trades_ema_12_48_spread
48,6,48,48,2500,1750,375,375,0.5274285714285715,0.584,1d_others,price_seq_1d_others,ETHUSDT_quote_volume_z_short,0.5,0.3301929116195603,0.0,0.0,0.13207716464782412,quote_volume,z_short,symbol,quote_volume_z_short
48,6,48,48,2500,1750,375,375,0.5274285714285715,0.584,1d_others,price_seq_1d_others,ETHUSDT_quote_volume_roc_1,0.5,0.3301929116195603,0.0,0.0,0.13207716464782412,quote_volume,roc_1,symbol,quote_volume_roc_1
48,6,48,48,2500,1750,375,375,0.5274285714285715,0.584,1d_others,price_seq_1d_others,ETHUSDT_quote_volume_roc_12,0.5,0.3301929116195603,0.0,0.0,0.13207716464782412,quote_volume,roc_12,symbol,quote_volume_roc_12
48,6,48,48,2500,1750,375,375,0.5274285714285715,0.584,1d_others,price_seq_1d_others,ETHUSDT_oi_close_z_long,0.5,0.3301929116195603,0.0,0.0,0.13207716464782412,oi_close,z_long,symbol,oi_close_z_long
48,6,48,48,2500,1750,375,375,0.5274285714285715,0.584,1d_others,price_seq_1d_others,ETHUSDT_oi_close_roc_1,0.5,0.3301929116195603,0.0,0.0,0.13207716464782412,oi_close,roc_1,symbol,oi_close_roc_1
48,6,48,48,2500,1750,375,375,0.5274285714285715,0.584,1d_others,price_seq_1d_others,ETHUSDT_liq_long_z_long,0.5,0.3301929116195603,0.0,0.0,0.13207716464782412,liq_long,z_long,symbol,liq_long_z_long
48,6,48,48,2500,1750,375,375,0.5274285714285715,0.584,1d_others,price_seq_1d_others,ETHUSDT_liq_long_roc_1,0.5,0.3301929116195603,0.0,0.0,0.13207716464782412,liq_long,roc_1,symbol,liq_long_roc_1
48,6,48,48,2500,1750,375,375,0.5274285714285715,0.584,1d_others,price_seq_1d_others,ETHUSDT_liq_short_z_short,0.5,0.3301929116195603,0.0,0.0,0.13207716464782412,liq_short,z_short,symbol,liq_short_z_short
48,6,48,48,2500,1750,375,375,0.5274285714285715,0.584,1d_others,price_seq_1d_others,ETHUSDT_liq_short_z_long,0.5,0.3301929116195603,0.0,0.0,0.13207716464782412,liq_short,z_long,symbol,liq_short_z_long
48,6,48,48,2500,1750,375,375,0.5274285714285715,0.584,1d_others,price_seq_1d_others,ETHUSDT_liq_short_roc_1,0.5,0.3301929116195603,0.0,0.0,0.13207716464782412,liq_short,roc_1,symbol,liq_short_roc_1
48,6,48,48,2500,1750,375,375,0.5274285714285715,0.584,1d_others,price_seq_1d_others,ETHUSDT_ob_imbalance_roc_12,0.5,0.3301929116195603,0.0,0.0,0.13207716464782412,ob_imbalance,roc_12,symbol,ob_imbalance_roc_12
48,6,48,48,2500,1750,375,375,0.5274285714285715,0.584,1d_others,price_seq_1d_others,SOLUSDT_ret_1d_scale,0.5,0.3301929116195603,0.0,0.0,0.13207716464782412,ret_1d,scale,symbol,ret_1d_scale
48,6,48,48,2500,1750,375,375,0.5274285714285715,0.584,1d_others,price_seq_1d_others,SOLUSDT_ret_3d_z,0.5,0.3301929116195603,0.0,0.0,0.13207716464782412,ret_3d,z,symbol,ret_3d_z
48,6,48,48,2500,1750,375,375,0.5274285714285715,0.584,1d_others,price_seq_1d_others,SOLUSDT_oi_close_scale,0.5,0.3301929116195603,0.0,0.0,0.13207716464782412,oi_close,scale,symbol,oi_close_scale
48,6,48,48,2500,1750,375,375,0.5274285714285715,0.584,1d_others,price_seq_1d_others,SOLUSDT_ls_account_ratio_z,0.5,0.3301929116195603,0.0,0.0,0.13207716464782412,ls_account_ratio,z,symbol,ls_account_ratio_z
48,6,48,48,2500,1750,375,375,0.5274285714285715,0.584,1d_others,price_seq_1d_others,SOLUSDT_liq_long_log_z,0.5,0.3301929116195603,0.0,0.0,0.13207716464782412,liq_long,log_z,symbol,liq_long_log_z
48,6,48,48,2500,1750,375,375,0.5274285714285715,0.584,1d_others,price_seq_1d_others,SOLUSDT_open_z_short,0.6695937243882448,0.3301929116195603,375.0,0.22032902467685075,0.3177608702987721,open,z_short,symbol,open_z_short
48,6,48,48,2500,1750,375,375,0.5274285714285715,0.584,1d_others,price_seq_1d_others,SOLUSDT_high_roc_12,0.5,0.3301929116195603,0.0,0.0,0.13207716464782412,high,roc_12,symbol,high_roc_12
48,6,48,48,2500,1750,375,375,0.5274285714285715,0.584,1d_others,price_seq_1d_others,SOLUSDT_low_z_short,0.5,0.3301929116195603,0.0,0.0,0.13207716464782412,low,z_short,symbol,low_z_short
48,6,48,48,2500,1750,375,375,0.5274285714285715,0.584,1d_others,price_seq_1d_others,SOLUSDT_low_roc_1,0.5,0.3301929116195603,0.0,0.0,0.13207716464782412,low,roc_1,symbol,low_roc_1
48,6,48,48,2500,1750,375,375,0.5274285714285715,0.584,1d_others,price_seq_1d_others,SOLUSDT_volume_roc_1,0.5,0.3301929116195603,0.0,0.0,0.13207716464782412,volume,roc_1,symbol,volume_roc_1
48,6,48,48,2500,1750,375,375,0.5274285714285715,0.584,1d_others,price_seq_1d_others,SOLUSDT_volume_ema_12_48_spread,0.5,0.3301929116195603,0.0,0.0,0.13207716464782412,volume,ema_12_48_spread,symbol,volume_ema_12_48_spread
48,6,48,48,2500,1750,375,375,0.5274285714285715,0.584,1d_others,price_seq_1d_others,SOLUSDT_buy_volume_z_long,0.5,0.3301929116195603,0.0,0.0,0.13207716464782412,buy_volume,z_long,symbol,buy_volume_z_long
48,6,48,48,2500,1750,375,375,0.5274285714285715,0.584,1d_others,price_seq_1d_others,SOLUSDT_buy_volume_roc_12,0.5,0.3301929116195603,0.0,0.0,0.13207716464782412,buy_volume,roc_12,symbol,buy_volume_roc_12
48,6,48,48,2500,1750,375,375,0.5274285714285715,0.584,1d_others,price_seq_1d_others,SOLUSDT_volume_ratio_z_long,0.5,0.3301929116195603,0.0,0.0,0.13207716464782412,volume_ratio,z_long,symbol,volume_ratio_z_long
48,6,48,48,2500,1750,375,375,0.5274285714285715,0.584,1d_others,price_seq_1d_others,SOLUSDT_trades_z_short,0.5,0.3301929116195603,0.0,0.0,0.13207716464782412,trades,z_short,symbol,trades_z_short
48,6,48,48,2500,1750,375,375,0.5274285714285715,0.584,1d_others,price_seq_1d_others,SOLUSDT_trades_z_long,0.5,0.3301929116195603,0.0,0.0,0.13207716464782412,trades,z_long,symbol,trades_z_long
48,6,48,48,2500,1750,375,375,0.5274285714285715,0.584,1d_others,price_seq_1d_others,SOLUSDT_trades_ema_12_48_spread,0.5,0.3301929116195603,0.0,0.0,0.13207716464782412,trades,ema_12_48_spread,symbol,trades_ema_12_48_spread
48,6,48,48,2500,1750,375,375,0.5274285714285715,0.584,1d_others,price_seq_1d_others,SOLUSDT_quote_volume_z_short,0.5,0.3301929116195603,0.0,0.0,0.13207716464782412,quote_volume,z_short,symbol,quote_volume_z_short
48,6,48,48,2500,1750,375,375,0.5274285714285715,0.584,1d_others,price_seq_1d_others,SOLUSDT_quote_volume_roc_1,0.5,0.3301929116195603,0.0,0.0,0.13207716464782412,quote_volume,roc_1,symbol,quote_volume_roc_1
48,6,48,48,2500,1750,375,375,0.5274285714285715,0.584,1d_others,price_seq_1d_others,SOLUSDT_quote_volume_roc_12,0.5,0.3301929116195603,0.0,0.0,0.13207716464782412,quote_volume,roc_12,symbol,quote_volume_roc_12
48,6,48,48,2500,1750,375,375,0.5274285714285715,0.584,1d_others,price_seq_1d_others,SOLUSDT_oi_close_z_long,0.5,0.3301929116195603,0.0,0.0,0.13207716464782412,oi_close,z_long,symbol,oi_close_z_long
48,6,48,48,2500,1750,375,375,0.5274285714285715,0.584,1d_others,price_seq_1d_others,SOLUSDT_oi_close_roc_1,0.5,0.3301929116195603,0.0,0.0,0.13207716464782412,oi_close,roc_1,symbol,oi_close_roc_1
48,6,48,48,2500,1750,375,375,0.5274285714285715,0.584,1d_others,price_seq_1d_others,SOLUSDT_liq_long_z_long,0.2857393747804707,0.3301929116195603,408.0,0.23971797884841364,0.16803486147508617,liq_long,z_long,symbol,liq_long_z_long
48,6,48,48,2500,1750,375,375,0.5274285714285715,0.584,1d_others,price_seq_1d_others,SOLUSDT_liq_long_roc_1,0.5,0.3301929116195603,0.0,0.0,0.13207716464782412,liq_long,roc_1,symbol,liq_long_roc_1
48,6,48,48,2500,1750,375,375,0.5274285714285715,0.584,1d_others,price_seq_1d_others,SOLUSDT_liq_short_z_short,0.5,0.3301929116195603,0.0,0.0,0.13207716464782412,liq_short,z_short,symbol,liq_short_z_short
48,6,48,48,2500,1750,375,375,0.5274285714285715,0.584,1d_others,price_seq_1d_others,SOLUSDT_liq_short_z_long,0.5,0.3301929116195603,0.0,0.0,0.13207716464782412,liq_short,z_long,symbol,liq_short_z_long
48,6,48,48,2500,1750,375,375,0.5274285714285715,0.584,1d_others,price_seq_1d_others,SOLUSDT_liq_short_roc_1,0.5,0.3301929116195603,0.0,0.0,0.13207716464782412,liq_short,roc_1,symbol,liq_short_roc_1
48,6,48,48,2500,1750,375,375,0.5274285714285715,0.584,1d_others,price_seq_1d_others,SOLUSDT_ob_imbalance_roc_12,0.5,0.3301929116195603,0.0,0.0,0.13207716464782412,ob_imbalance,roc_12,symbol,ob_imbalance_roc_12
48,6,48,48,2500,1750,375,375,0.5274285714285715,0.584,1d_others,price_seq_1d_others,DOGEUSDT_ret_1d_scale,0.5,0.3301929116195603,0.0,0.0,0.13207716464782412,ret_1d,scale,symbol,ret_1d_scale
48,6,48,48,2500,1750,375,375,0.5274285714285715,0.584,1d_others,price_seq_1d_others,DOGEUSDT_ret_3d_z,0.5,0.3301929116195603,0.0,0.0,0.13207716464782412,ret_3d,z,symbol,ret_3d_z
48,6,48,48,2500,1750,375,375,0.5274285714285715,0.584,1d_others,price_seq_1d_others,DOGEUSDT_oi_close_scale,0.5,0.3301929116195603,0.0,0.0,0.13207716464782412,oi_close,scale,symbol,oi_close_scale
48,6,48,48,2500,1750,375,375,0.5274285714285715,0.584,1d_others,price_seq_1d_others,DOGEUSDT_ls_account_ratio_z,0.5,0.3301929116195603,0.0,0.0,0.13207716464782412,ls_account_ratio,z,symbol,ls_account_ratio_z
48,6,48,48,2500,1750,375,375,0.5274285714285715,0.584,1d_others,price_seq_1d_others,DOGEUSDT_liq_long_log_z,0.5,0.3301929116195603,0.0,0.0,0.13207716464782412,liq_long,log_z,symbol,liq_long_log_z
48,6,48,48,2500,1750,375,375,0.5274285714285715,0.584,1d_others,price_seq_1d_others,DOGEUSDT_open_z_short,0.5,0.3301929116195603,0.0,0.0,0.13207716464782412,open,z_short,symbol,open_z_short
48,6,48,48,2500,1750,375,375,0.5274285714285715,0.584,1d_others,price_seq_1d_others,DOGEUSDT_high_roc_12,0.5,0.3301929116195603,0.0,0.0,0.13207716464782412,high,roc_12,symbol,high_roc_12
48,6,48,48,2500,1750,375,375,0.5274285714285715,0.584,1d_others,price_seq_1d_others,DOGEUSDT_low_z_short,0.5,0.3301929116195603,0.0,0.0,0.13207716464782412,low,z_short,symbol,low_z_short
48,6,48,48,2500,1750,375,375,0.5274285714285715,0.584,1d_others,price_seq_1d_others,DOGEUSDT_low_roc_1,0.5,0.3301929116195603,0.0,0.0,0.13207716464782412,low,roc_1,symbol,low_roc_1
48,6,48,48,2500,1750,375,375,0.5274285714285715,0.584,1d_others,price_seq_1d_others,DOGEUSDT_volume_roc_1,0.5,0.3301929116195603,0.0,0.0,0.13207716464782412,volume,roc_1,symbol,volume_roc_1
48,6,48,48,2500,1750,375,375,0.5274285714285715,0.584,1d_others,price_seq_1d_others,DOGEUSDT_volume_ema_12_48_spread,0.5,0.3301929116195603,0.0,0.0,0.13207716464782412,volume,ema_12_48_spread,symbol,volume_ema_12_48_spread
48,6,48,48,2500,1750,375,375,0.5274285714285715,0.584,1d_others,price_seq_1d_others,DOGEUSDT_buy_volume_z_long,0.6695937243882448,0.3301929116195603,0.0,0.0,0.2847115165972445,buy_volume,z_long,symbol,buy_volume_z_long
48,6,48,48,2500,1750,375,375,0.5274285714285715,0.584,1d_others,price_seq_1d_others,DOGEUSDT_buy_volume_roc_12,0.5,0.3301929116195603,0.0,0.0,0.13207716464782412,buy_volume,roc_12,symbol,buy_volume_roc_12
48,6,48,48,2500,1750,375,375,0.5274285714285715,0.584,1d_others,price_seq_1d_others,DOGEUSDT_volume_ratio_z_long,0.5,0.3301929116195603,0.0,0.0,0.13207716464782412,volume_ratio,z_long,symbol,volume_ratio_z_long
48,6,48,48,2500,1750,375,375,0.5274285714285715,0.584,1d_others,price_seq_1d_others,DOGEUSDT_trades_z_short,0.5,0.3301929116195603,0.0,0.0,0.13207716464782412,trades,z_short,symbol,trades_z_short
48,6,48,48,2500,1750,375,375,0.5274285714285715,0.584,1d_others,price_seq_1d_others,DOGEUSDT_trades_z_long,0.5,0.3301929116195603,0.0,0.0,0.13207716464782412,trades,z_long,symbol,trades_z_long
48,6,48,48,2500,1750,375,375,0.5274285714285715,0.584,1d_others,price_seq_1d_others,DOGEUSDT_trades_ema_12_48_spread,0.5,0.3301929116195603,0.0,0.0,0.13207716464782412,trades,ema_12_48_spread,symbol,trades_ema_12_48_spread
48,6,48,48,2500,1750,375,375,0.5274285714285715,0.584,1d_others,price_seq_1d_others,DOGEUSDT_quote_volume_z_short,0.5,0.3301929116195603,0.0,0.0,0.13207716464782412,quote_volume,z_short,symbol,quote_volume_z_short
48,6,48,48,2500,1750,375,375,0.5274285714285715,0.584,1d_others,price_seq_1d_others,DOGEUSDT_quote_volume_roc_1,0.5,0.3301929116195603,0.0,0.0,0.13207716464782412,quote_volume,roc_1,symbol,quote_volume_roc_1
48,6,48,48,2500,1750,375,375,0.5274285714285715,0.584,1d_others,price_seq_1d_others,DOGEUSDT_quote_volume_roc_12,0.5,0.3301929116195603,0.0,0.0,0.13207716464782412,quote_volume,roc_12,symbol,quote_volume_roc_12
48,6,48,48,2500,1750,375,375,0.5274285714285715,0.584,1d_others,price_seq_1d_others,DOGEUSDT_oi_close_z_long,0.5,0.3301929116195603,0.0,0.0,0.13207716464782412,oi_close,z_long,symbol,oi_close_z_long
48,6,48,48,2500,1750,375,375,0.5274285714285715,0.584,1d_others,price_seq_1d_others,DOGEUSDT_oi_close_roc_1,0.5,0.3301929116195603,0.0,0.0,0.13207716464782412,oi_close,roc_1,symbol,oi_close_roc_1
48,6,48,48,2500,1750,375,375,0.5274285714285715,0.584,1d_others,price_seq_1d_others,DOGEUSDT_liq_long_z_long,0.5,0.3301929116195603,0.0,0.0,0.13207716464782412,liq_long,z_long,symbol,liq_long_z_long
48,6,48,48,2500,1750,375,375,0.5274285714285715,0.584,1d_others,price_seq_1d_others,DOGEUSDT_liq_long_roc_1,0.5,0.3301929116195603,0.0,0.0,0.13207716464782412,liq_long,roc_1,symbol,liq_long_roc_1
48,6,48,48,2500,1750,375,375,0.5274285714285715,0.584,1d_others,price_seq_1d_others,DOGEUSDT_liq_short_z_short,0.5,0.3301929116195603,0.0,0.0,0.13207716464782412,liq_short,z_short,symbol,liq_short_z_short
48,6,48,48,2500,1750,375,375,0.5274285714285715,0.584,1d_others,price_seq_1d_others,DOGEUSDT_liq_short_z_long,0.5,0.3301929116195603,0.0,0.0,0.13207716464782412,liq_short,z_long,symbol,liq_short_z_long
48,6,48,48,2500,1750,375,375,0.5274285714285715,0.584,1d_others,price_seq_1d_others,DOGEUSDT_liq_short_roc_1,0.5,0.3301929116195603,0.0,0.0,0.13207716464782412,liq_short,roc_1,symbol,liq_short_roc_1
48,6,48,48,2500,1750,375,375,0.5274285714285715,0.584,1d_others,price_seq_1d_others,DOGEUSDT_ob_imbalance_roc_12,0.5,0.3301929116195603,0.0,0.0,0.13207716464782412,ob_imbalance,roc_12,symbol,ob_imbalance_roc_12
48,6,48,48,2500,1750,375,375,0.5274285714285715,0.584,1d_others,price_seq_1d_others,1000PEPEUSDT_ret_1d_scale,0.2857393747804707,0.3301929116195603,0.0,0.0,0.13207716464782412,ret_1d,scale,symbol,ret_1d_scale
48,6,48,48,2500,1750,375,375,0.5274285714285715,0.584,1d_others,price_seq_1d_others,1000PEPEUSDT_ret_3d_z,0.5,0.3301929116195603,0.0,0.0,0.13207716464782412,ret_3d,z,symbol,ret_3d_z
48,6,48,48,2500,1750,375,375,0.5274285714285715,0.584,1d_others,price_seq_1d_others,1000PEPEUSDT_oi_close_scale,0.5,0.3301929116195603,0.0,0.0,0.13207716464782412,oi_close,scale,symbol,oi_close_scale
48,6,48,48,2500,1750,375,375,0.5274285714285715,0.584,1d_others,price_seq_1d_others,1000PEPEUSDT_ls_account_ratio_z,0.5,0.3301929116195603,0.0,0.0,0.13207716464782412,ls_account_ratio,z,symbol,ls_account_ratio_z
48,6,48,48,2500,1750,375,375,0.5274285714285715,0.584,1d_others,price_seq_1d_others,1000PEPEUSDT_liq_long_log_z,0.5,0.3301929116195603,0.0,0.0,0.13207716464782412,liq_long,log_z,symbol,liq_long_log_z
48,6,48,48,2500,1750,375,375,0.5274285714285715,0.584,1d_others,price_seq_1d_others,1000PEPEUSDT_open_z_short,0.5,0.3301929116195603,0.0,0.0,0.13207716464782412,open,z_short,symbol,open_z_short
48,6,48,48,2500,1750,375,375,0.5274285714285715,0.584,1d_others,price_seq_1d_others,1000PEPEUSDT_high_roc_12,0.5,0.3301929116195603,0.0,0.0,0.13207716464782412,high,roc_12,symbol,high_roc_12
48,6,48,48,2500,1750,375,375,0.5274285714285715,0.584,1d_others,price_seq_1d_others,1000PEPEUSDT_low_z_short,0.5,0.3301929116195603,0.0,0.0,0.13207716464782412,low,z_short,symbol,low_z_short
48,6,48,48,2500,1750,375,375,0.5274285714285715,0.584,1d_others,price_seq_1d_others,1000PEPEUSDT_low_roc_1,0.5,0.3301929116195603,0.0,0.0,0.13207716464782412,low,roc_1,symbol,low_roc_1
48,6,48,48,2500,1750,375,375,0.5274285714285715,0.584,1d_others,price_seq_1d_others,1000PEPEUSDT_volume_roc_1,0.5,0.3301929116195603,0.0,0.0,0.13207716464782412,volume,roc_1,symbol,volume_roc_1
48,6,48,48,2500,1750,375,375,0.5274285714285715,0.584,1d_others,price_seq_1d_others,1000PEPEUSDT_volume_ema_12_48_spread,0.5,0.3301929116195603,0.0,0.0,0.13207716464782412,volume,ema_12_48_spread,symbol,volume_ema_12_48_spread
48,6,48,48,2500,1750,375,375,0.5274285714285715,0.584,1d_others,price_seq_1d_others,1000PEPEUSDT_buy_volume_z_long,0.5,0.3301929116195603,0.0,0.0,0.13207716464782412,buy_volume,z_long,symbol,buy_volume_z_long
48,6,48,48,2500,1750,375,375,0.5274285714285715,0.584,1d_others,price_seq_1d_others,1000PEPEUSDT_buy_volume_roc_12,0.5,0.3301929116195603,0.0,0.0,0.13207716464782412,buy_volume,roc_12,symbol,buy_volume_roc_12
48,6,48,48,2500,1750,375,375,0.5274285714285715,0.584,1d_others,price_seq_1d_others,1000PEPEUSDT_volume_ratio_z_long,0.5,0.3301929116195603,0.0,0.0,0.13207716464782412,volume_ratio,z_long,symbol,volume_ratio_z_long
48,6,48,48,2500,1750,375,375,0.5274285714285715,0.584,1d_others,price_seq_1d_others,1000PEPEUSDT_trades_z_short,0.5,0.3301929116195603,0.0,0.0,0.13207716464782412,trades,z_short,symbol,trades_z_short
48,6,48,48,2500,1750,375,375,0.5274285714285715,0.584,1d_others,price_seq_1d_others,1000PEPEUSDT_trades_z_long,0.5,0.3301929116195603,0.0,0.0,0.13207716464782412,trades,z_long,symbol,trades_z_long
48,6,48,48,2500,1750,375,375,0.5274285714285715,0.584,1d_others,price_seq_1d_others,1000PEPEUSDT_trades_ema_12_48_spread,0.5,0.3301929116195603,0.0,0.0,0.13207716464782412,trades,ema_12_48_spread,symbol,trades_ema_12_48_spread
48,6,48,48,2500,1750,375,375,0.5274285714285715,0.584,1d_others,price_seq_1d_others,1000PEPEUSDT_quote_volume_z_short,0.5,0.3301929116195603,8.0,0.004700352526439483,0.13278221752679004,quote_volume,z_short,symbol,quote_volume_z_short
48,6,48,48,2500,1750,375,375,0.5274285714285715,0.584,1d_others,price_seq_1d_others,1000PEPEUSDT_quote_volume_roc_1,0.5,0.3301929116195603,0.0,0.0,0.13207716464782412,quote_volume,roc_1,symbol,quote_volume_roc_1
48,6,48,48,2500,1750,375,375,0.5274285714285715,0.584,1d_others,price_seq_1d_others,1000PEPEUSDT_quote_volume_roc_12,0.5,0.3301929116195603,0.0,0.0,0.13207716464782412,quote_volume,roc_12,symbol,quote_volume_roc_12
48,6,48,48,2500,1750,375,375,0.5274285714285715,0.584,1d_others,price_seq_1d_others,1000PEPEUSDT_oi_close_z_long,0.5,0.3301929116195603,0.0,0.0,0.13207716464782412,oi_close,z_long,symbol,oi_close_z_long
48,6,48,48,2500,1750,375,375,0.5274285714285715,0.584,1d_others,price_seq_1d_others,1000PEPEUSDT_oi_close_roc_1,0.5,0.3301929116195603,0.0,0.0,0.13207716464782412,oi_close,roc_1,symbol,oi_close_roc_1
48,6,48,48,2500,1750,375,375,0.5274285714285715,0.584,1d_others,price_seq_1d_others,1000PEPEUSDT_liq_long_z_long,0.5,0.3301929116195603,0.0,0.0,0.13207716464782412,liq_long,z_long,symbol,liq_long_z_long
48,6,48,48,2500,1750,375,375,0.5274285714285715,0.584,1d_others,price_seq_1d_others,1000PEPEUSDT_liq_long_roc_1,0.5,0.3301929116195603,0.0,0.0,0.13207716464782412,liq_long,roc_1,symbol,liq_long_roc_1
48,6,48,48,2500,1750,375,375,0.5274285714285715,0.584,1d_others,price_seq_1d_others,1000PEPEUSDT_liq_short_z_short,0.5,0.3301929116195603,0.0,0.0,0.13207716464782412,liq_short,z_short,symbol,liq_short_z_short
48,6,48,48,2500,1750,375,375,0.5274285714285715,0.584,1d_others,price_seq_1d_others,1000PEPEUSDT_liq_short_z_long,0.5,0.3301929116195603,0.0,0.0,0.13207716464782412,liq_short,z_long,symbol,liq_short_z_long
48,6,48,48,2500,1750,375,375,0.5274285714285715,0.584,1d_others,price_seq_1d_others,1000PEPEUSDT_liq_short_roc_1,0.5,0.3301929116195603,0.0,0.0,0.13207716464782412,liq_short,roc_1,symbol,liq_short_roc_1
48,6,48,48,2500,1750,375,375,0.5274285714285715,0.584,1d_others,price_seq_1d_others,1000PEPEUSDT_ob_imbalance_roc_12,0.5,0.3301929116195603,0.0,0.0,0.13207716464782412,ob_imbalance,roc_12,symbol,ob_imbalance_roc_12
48,6,48,48,2500,1750,375,375,0.5274285714285715,0.584,1d_others,price_seq_1d_others,sopr_z,0.5,0.3301929116195603,0.0,0.0,0.13207716464782412,sopr,z,global,sopr_z
48,6,48,48,2500,1750,375,375,0.5274285714285715,0.584,1d_others,price_seq_1d_others,fear_greed_roc_12,0.5,0.3301929116195603,0.0,0.0,0.13207716464782412,fear_greed,roc_12,global,fear_greed_roc_12
48,6,48,48,2500,1750,375,375,0.5274285714285715,0.584,1d_others,price_seq_1d_others,altcoin_season_roc_1,0.5,0.3301929116195603,0.0,0.0,0.13207716464782412,altcoin_season,roc_1,global,altcoin_season_roc_1
48,6,48,48,2500,1750,375,375,0.5274285714285715,0.584,1d_others,price_seq_1d_others,altcoin_season_roc_12,0.5,0.3301929116195603,0.0,0.0,0.13207716464782412,altcoin_season,roc_12,global,altcoin_season_roc_12
48,6,48,48,2500,1750,375,375,0.5274285714285715,0.584,1d_others,price_seq_1d_others,altcoin_season_ema_12_48_spread,0.5,0.3301929116195603,0.0,0.0,0.13207716464782412,altcoin_season,ema_12_48_spread,global,altcoin_season_ema_12_48_spread
48,6,48,48,2500,1750,375,375,0.5274285714285715,0.584,1d_others,price_seq_1d_others,bmo_ema_12_48_spread,0.5,0.3301929116195603,0.0,0.0,0.13207716464782412,bmo,ema_12_48_spread,global,bmo_ema_12_48_spread
48,6,48,48,2500,1750,375,375,0.5274285714285715,0.584,1d_others,price_seq_1d_others,sopr_roc_12,0.7047476876243999,0.3301929116195603,12.0,0.007050528789659225,0.3174076628282329,sopr,roc_12,global,sopr_roc_12
48,12,24,24,2500,1750,375,375,0.5308571428571428,0.6133333333333333,5m_target,price_seq_target,volume_ratio_z_short,0.4725337331334333,0.33109619686800895,237.0,0.06640515550574391,0.14239925207306517,volume_ratio,z_short,global,volume_ratio_z_short
48,12,24,24,2500,1750,375,375,0.5308571428571428,0.6133333333333333,5m_target,price_seq_target,volume_ratio_z_long,0.5647976011994003,0.33064516129032256,330.0,0.0924628747548333,0.20444533680881424,volume_ratio,z_long,global,volume_ratio_z_long
48,12,24,24,2500,1750,375,375,0.5308571428571428,0.6133333333333333,5m_target,price_seq_target,long_short_ratio_z,0.42161919040479756,0.33064516129032256,288.0,0.08069487251330905,0.1443622953931254,long_short_ratio,z,global,long_short_ratio_z
48,12,24,24,2500,1750,375,375,0.5308571428571428,0.6133333333333333,5m_target,price_seq_target,sell_volume_roc_12,0.46950524737631194,0.31750465549348234,291.0,0.08153544410198935,0.13923217881269134,sell_volume,roc_12,global,sell_volume_roc_12
48,12,24,24,2500,1750,375,375,0.5308571428571428,0.6133333333333333,5m_target,price_seq_target,sell_volume_roc_1,0.36131934032983504,0.33109619686800895,446.0,0.12496497618380499,0.15118322517477434,sell_volume,roc_1,global,sell_volume_roc_1
48,12,24,24,2500,1750,375,375,0.5308571428571428,0.6133333333333333,5m_target,price_seq_target,sell_volume_ema_12_48_spread,0.4350824587706147,0.33109619686800895,294.0,0.08237601569066966,0.14479488110080402,sell_volume,ema_12_48_spread,global,sell_volume_ema_12_48_spread
48,12,24,24,2500,1750,375,375,0.5308571428571428,0.6133333333333333,5m_target,price_seq_target,volume_ratio_ema_12_48_spread,0.39439280359820095,0.33109619686800895,399.0,0.11179602129448024,0.1492078819413756,volume_ratio,ema_12_48_spread,global,volume_ratio_ema_12_48_spread
48,12,24,24,2500,1750,375,375,0.5308571428571428,0.6133333333333333,5m_target,price_seq_target,trades_z_long,0.49871064467766113,0.33109619686800895,320.0,0.08966096945923228,0.14588762416608841,trades,z_long,global,trades_z_long
48,12,24,24,2500,1750,375,375,0.5308571428571428,0.6133333333333333,5m_target,price_seq_target,volume_impact_scale,0.4701499250374813,0.3301929116195603,280.0,0.07845334827682825,0.14384516688934837,volume_impact,scale,global,volume_impact_scale
48,12,24,24,2500,1750,375,375,0.5308571428571428,0.6133333333333333,5m_target,price_seq_target,close_z_long,0.5321289355322338,0.33109619686800895,260.0,0.07284953768562623,0.17228195137905797,close,z_long,global,close_z_long
48,12,24,24,2500,1750,375,375,0.5308571428571428,0.6133333333333333,5m_target,price_seq_target,volume_log_z_short,0.48881559220389803,0.33109619686800895,205.0,0.05743905855982068,0.1410543375311767,volume_log,z_short,global,volume_log_z_short
48,12,24,24,2500,1750,375,375,0.5308571428571428,0.6133333333333333,5m_target,price_seq_target,ret_15m_z_short,0.5190404797601198,0.32973944294699015,219.0,0.06136172597366209,0.15823646785895318,ret_15m,z_short,global,ret_15m_z_short
48,12,24,24,2500,1750,375,375,0.5308571428571428,0.6133333333333333,5m_others,price_seq_others,ETHUSDT_trades_z_short,0.5560419790104948,0.33109619686800895,119.0,0.02971285892634207,0.18733318869560023,trades,z_short,symbol,trades_z_short
48,12,24,24,2500,1750,375,375,0.5308571428571428,0.6133333333333333,5m_others,price_seq_others,ETHUSDT_long_short_ratio_z_short,0.5247976011994003,0.33109619686800895,102.0,0.02546816479400749,0.158576544545765,long_short_ratio,z_short,symbol,long_short_ratio_z_short
48,12,24,24,2500,1750,375,375,0.5308571428571428,0.6133333333333333,5m_others,price_seq_others,ETHUSDT_volume_log_z,0.5407796101949026,0.33109619686800895,100.0,0.024968789013732832,0.17288544627467586,volume,log_z,symbol,volume_log_z
48,12,24,24,2500,1750,375,375,0.5308571428571428,0.6133333333333333,5m_others,price_seq_others,ETHUSDT_sell_volume_z_short,0.5520839580209895,0.33109619686800895,130.0,0.03245942571785269,0.18418295482377206,sell_volume,z_short,symbol,sell_volume_z_short
48,12,24,24,2500,1750,375,375,0.5308571428571428,0.6133333333333333,5m_others,price_seq_others,ETHUSDT_rsi_14,0.46077961019490254,0.33064516129032256,101.0,0.025218476903870163,0.13604083605170955,rsi_14,raw,symbol,rsi_14
48,12,24,24,2500,1750,375,375,0.5308571428571428,0.6133333333333333,5m_others,price_seq_others,ETHUSDT_buy_volume_z_long,0.4964017991004498,0.33064516129032256,134.0,0.033458177278401995,0.13727679110788935,buy_volume,z_long,symbol,buy_volume_z_long
48,12,24,24,2500,1750,375,375,0.5308571428571428,0.6133333333333333,5m_others,price_seq_others,ETHUSDT_up_volume_ratio_12,0.4772413793103449,0.33064516129032256,89.0,0.022222222222222223,0.13559139784946236,up_volume_ratio_12,raw,symbol,up_volume_ratio_12
48,12,24,24,2500,1750,375,375,0.5308571428571428,0.6133333333333333,5m_others,price_seq_others,ETHUSDT_volume_ratio_z_long,0.5832983508245877,0.3301929116195603,97.0,0.02421972534332085,0.2106786391914512,volume_ratio,z_long,symbol,volume_ratio_z_long
48,12,24,24,2500,1750,375,375,0.5308571428571428,0.6133333333333333,5m_others,price_seq_others,ETHUSDT_high_roc_12,0.388215892053973,0.3301929116195603,118.0,0.029463171036204744,0.13649664030325484,high,roc_12,symbol,high_roc_12
48,12,24,24,2500,1750,375,375,0.5308571428571428,0.6133333333333333,5m_others,price_seq_others,ETHUSDT_trades_roc_12,0.5185007496251874,0.32973944294699015,84.0,0.020973782771535582,0.1516925192571951,trades,roc_12,symbol,trades_roc_12
48,12,24,24,2500,1750,375,375,0.5308571428571428,0.6133333333333333,5m_others,price_seq_others,ETHUSDT_quote_volume_z_long,0.43883058470764613,0.33109619686800895,86.0,0.021473158551810236,0.1356594525299751,quote_volume,z_long,symbol,quote_volume_z_long
48,12,24,24,2500,1750,375,375,0.5308571428571428,0.6133333333333333,5m_others,price_seq_others,ETHUSDT_volume_impact_scale,0.608695652173913,0.33109619686800895,58.0,0.014481897627965043,0.23243685034792,volume_impact,scale,symbol,volume_impact_scale
48,12,24,24,2500,1750,375,375,0.5308571428571428,0.6133333333333333,5m_others,price_seq_others,SOLUSDT_trades_z_short,0.6613193403298351,0.3301929116195603,111.0,0.027715355805243445,0.28142187431546223,trades,z_short,symbol,trades_z_short
48,12,24,24,2500,1750,375,375,0.5308571428571428,0.6133333333333333,5m_others,price_seq_others,SOLUSDT_long_short_ratio_z_short,0.5497301349325338,0.32882882882882886,97.0,0.02421972534332085,0.17992161177231006,long_short_ratio,z_short,symbol,long_short_ratio_z_short
48,12,24,24,2500,1750,375,375,0.5308571428571428,0.6133333333333333,5m_others,price_seq_others,SOLUSDT_volume_log_z,0.3648725637181409,0.33109619686800895,132.0,0.03295880149812734,0.13738229897192267,volume,log_z,symbol,volume_log_z
48,12,24,24,2500,1750,375,375,0.5308571428571428,0.6133333333333333,5m_others,price_seq_others,SOLUSDT_sell_volume_z_short,0.5352773613193403,0.33064516129032256,122.0,0.03046192259675406,0.16857697809304847,sell_volume,z_short,symbol,sell_volume_z_short
48,12,24,24,2500,1750,375,375,0.5308571428571428,0.6133333333333333,5m_others,price_seq_others,SOLUSDT_rsi_14,0.4446176911544228,0.33109619686800895,130.0,0.03245942571785269,0.13730739260488148,rsi_14,raw,symbol,rsi_14
48,12,24,24,2500,1750,375,375,0.5308571428571428,0.6133333333333333,5m_others,price_seq_others,SOLUSDT_buy_volume_z_long,0.505952023988006,0.33109619686800895,145.0,0.03620474406991261,0.14322601194689585,buy_volume,z_long,symbol,buy_volume_z_long
48,12,24,24,2500,1750,375,375,0.5308571428571428,0.6133333333333333,5m_others,price_seq_others,SOLUSDT_up_volume_ratio_12,0.35187406296851576,0.32973944294699015,68.0,0.016978776529338328,0.1344425936581968,up_volume_ratio_12,raw,symbol,up_volume_ratio_12
48,12,24,24,2500,1750,375,375,0.5308571428571428,0.6133333333333333,5m_others,price_seq_others,SOLUSDT_volume_ratio_z_long,0.5161019490254872,0.33109619686800895,111.0,0.027715355805243445,0.1510875362409286,volume_ratio,z_long,symbol,volume_ratio_z_long
48,12,24,24,2500,1750,375,375,0.5308571428571428,0.6133333333333333,5m_others,price_seq_others,SOLUSDT_high_roc_12,0.41082458770614694,0.33064516129032256,108.0,0.02696629213483146,0.13630300833635375,high,roc_12,symbol,high_roc_12
48,12,24,24,2500,1750,375,375,0.5308571428571428,0.6133333333333333,5m_others,price_seq_others,SOLUSDT_trades_roc_12,0.4698050974512744,0.33064516129032256,75.0,0.018726591760299626,0.135067053280174,trades,roc_12,symbol,trades_roc_12
48,12,24,24,2500,1750,375,375,0.5308571428571428,0.6133333333333333,5m_others,price_seq_others,SOLUSDT_quote_volume_z_long,0.5971364317841079,0.33109619686800895,108.0,0.02696629213483146,0.2239062111731254,quote_volume,z_long,symbol,quote_volume_z_long
48,12,24,24,2500,1750,375,375,0.5308571428571428,0.6133333333333333,5m_others,price_seq_others,SOLUSDT_volume_impact_scale,0.7064167916041979,0.33109619686800895,56.0,0.013982521847690388,0.32031096946813525,volume_impact,scale,symbol,volume_impact_scale
48,12,24,24,2500,1750,375,375,0.5308571428571428,0.6133333333333333,5m_others,price_seq_others,DOGEUSDT_trades_z_short,0.44194902548725634,0.33109619686800895,54.0,0.01348314606741573,0.13446095065731595,trades,z_short,symbol,trades_z_short
48,12,24,24,2500,1750,375,375,0.5308571428571428,0.6133333333333333,5m_others,price_seq_others,DOGEUSDT_long_short_ratio_z_short,0.5075412293853073,0.33109619686800895,112.0,0.027965043695380776,0.1434203417482873,long_short_ratio,z_short,symbol,long_short_ratio_z_short
48,12,24,24,2500,1750,375,375,0.5308571428571428,0.6133333333333333,5m_others,price_seq_others,DOGEUSDT_volume_log_z,0.5096701649175412,0.33109619686800895,86.0,0.021473158551810236,0.14436260095576223,volume,log_z,symbol,volume_log_z
48,12,24,24,2500,1750,375,375,0.5308571428571428,0.6133333333333333,5m_others,price_seq_others,DOGEUSDT_sell_volume_z_short,0.4849475262368816,0.33109619686800895,115.0,0.02871410736579276,0.1367455948520725,sell_volume,z_short,symbol,sell_volume_z_short
48,12,24,24,2500,1750,375,375,0.5308571428571428,0.6133333333333333,5m_others,price_seq_others,DOGEUSDT_rsi_14,0.29247376311844075,0.33064516129032256,95.0,0.02372034956304619,0.13581611695058596,rsi_14,raw,symbol,rsi_14
48,12,24,24,2500,1750,375,375,0.5308571428571428,0.6133333333333333,5m_others,price_seq_others,DOGEUSDT_buy_volume_z_long,0.526791604197901,0.33109619686800895,84.0,0.020973782771535582,0.15969698994104486,buy_volume,z_long,symbol,buy_volume_z_long
48,12,24,24,2500,1750,375,375,0.5308571428571428,0.6133333333333333,5m_others,price_seq_others,DOGEUSDT_up_volume_ratio_12,0.607991004497751,0.33109619686800895,80.0,0.019975031210986267,0.23262663747682744,up_volume_ratio_12,raw,symbol,up_volume_ratio_12
48,12,24,24,2500,1750,375,375,0.5308571428571428,0.6133333333333333,5m_others,price_seq_others,DOGEUSDT_volume_ratio_z_long,0.5497151424287856,0.33109619686800895,131.0,0.03270911360799001,0.18208847397430913,volume_ratio,z_long,symbol,volume_ratio_z_long
48,12,24,24,2500,1750,375,375,0.5308571428571428,0.6133333333333333,5m_others,price_seq_others,DOGEUSDT_high_roc_12,0.4924737631184408,0.33109619686800895,87.0,0.021722846441947566,0.1356969057134957,high,roc_12,symbol,high_roc_12
48,12,24,24,2500,1750,375,375,0.5308571428571428,0.6133333333333333,5m_others,price_seq_others,DOGEUSDT_trades_roc_12,0.29770614692653674,0.3227293683725219,86.0,0.021473158551810236,0.1323127211317803,trades,roc_12,symbol,trades_roc_12
48,12,24,24,2500,1750,375,375,0.5308571428571428,0.6133333333333333,5m_others,price_seq_others,DOGEUSDT_quote_volume_z_long,0.23926536731634185,0.33109619686800895,27.0,0.006741573033707865,0.13344971470225975,quote_volume,z_long,symbol,quote_volume_z_long
48,12,24,24,2500,1750,375,375,0.5308571428571428,0.6133333333333333,5m_others,price_seq_others,DOGEUSDT_volume_impact_scale,0.4530884557721139,0.33109619686800895,54.0,0.01348314606741573,0.13446095065731595,volume_impact,scale,symbol,volume_impact_scale
48,12,24,24,2500,1750,375,375,0.5308571428571428,0.6133333333333333,5m_others,price_seq_others,1000PEPEUSDT_trades_z_short,0.5772713643178412,0.33109619686800895,35.0,0.008739076154806492,0.20329356805648166,trades,z_short,symbol,trades_z_short
48,12,24,24,2500,1750,375,375,0.5308571428571428,0.6133333333333333,5m_others,price_seq_others,1000PEPEUSDT_long_short_ratio_z_short,0.5749175412293852,0.37191622001748587,113.0,0.028214731585518103,0.22042448485126873,long_short_ratio,z_short,symbol,long_short_ratio_z_short
48,12,24,24,2500,1750,375,375,0.5308571428571428,0.6133333333333333,5m_others,price_seq_others,1000PEPEUSDT_volume_log_z,0.6606146926536731,0.33109619686800895,38.0,0.009488139825218476,0.27841492310929217,volume,log_z,symbol,volume_log_z
48,12,24,24,2500,1750,375,375,0.5308571428571428,0.6133333333333333,5m_others,price_seq_others,1000PEPEUSDT_sell_volume_z_short,0.5634932533733132,0.33109619686800895,63.0,0.015730337078651686,0.19194195734498326,sell_volume,z_short,symbol,sell_volume_z_short
48,12,24,24,2500,1750,375,375,0.5308571428571428,0.6133333333333333,5m_others,price_seq_others,1000PEPEUSDT_rsi_14,0.31295352323838077,0.33109619686800895,38.0,0.009488139825218476,0.13386169972098635,rsi_14,raw,symbol,rsi_14
48,12,24,24,2500,1750,375,375,0.5308571428571428,0.6133333333333333,5m_others,price_seq_others,1000PEPEUSDT_buy_volume_z_long,0.6379460269865067,0.33109619686800895,27.0,0.006741573033707865,0.25760113899011583,buy_volume,z_long,symbol,buy_volume_z_long
48,12,24,24,2500,1750,375,375,0.5308571428571428,0.6133333333333333,5m_others,price_seq_others,1000PEPEUSDT_up_volume_ratio_12,0.5812443778110944,0.33109619686800895,49.0,0.01223470661672909,0.2073936247696979,up_volume_ratio_12,raw,symbol,up_volume_ratio_12
48,12,24,24,2500,1750,375,375,0.5308571428571428,0.6133333333333333,5m_others,price_seq_others,1000PEPEUSDT_volume_ratio_z_long,0.5552023988005997,0.33109619686800895,22.0,0.005493133583021223,0.18294460770519652,volume_ratio,z_long,symbol,volume_ratio_z_long
48,12,24,24,2500,1750,375,375,0.5308571428571428,0.6133333333333333,5m_others,price_seq_others,1000PEPEUSDT_high_roc_12,0.7097001499250375,0.33109619686800895,29.0,0.007240948813982522,0.3222547560018347,high,roc_12,symbol,high_roc_12
48,12,24,24,2500,1750,375,375,0.5308571428571428,0.6133333333333333,5m_others,price_seq_others,1000PEPEUSDT_trades_roc_12,0.31880059970014996,0.33109619686800895,42.0,0.010486891385767791,0.13401151245506873,trades,roc_12,symbol,trades_roc_12
48,12,24,24,2500,1750,375,375,0.5308571428571428,0.6133333333333333,5m_others,price_seq_others,1000PEPEUSDT_quote_volume_z_long,0.39337331334332837,0.33109619686800895,25.0,0.006242197253433208,0.13337480833521856,quote_volume,z_long,symbol,quote_volume_z_long
48,12,24,24,2500,1750,375,375,0.5308571428571428,0.6133333333333333,5m_others,price_seq_others,1000PEPEUSDT_volume_impact_scale,0.6168515742128935,0.33109619686800895,32.0,0.007990012484394507,0.2388033974114669,volume_impact,scale,symbol,volume_impact_scale
48,12,24,24,2500,1750,375,375,0.5308571428571428,0.6133333333333333,1d_target,price_seq_1d_target,ret_1d_z_short,0.5,0.33109619686800895,0.0,0.0,0.13243847874720358,ret_1d,z_short,global,ret_1d_z_short
48,12,24,24,2500,1750,375,375,0.5308571428571428,0.6133333333333333,1d_target,price_seq_1d_target,ret_3d_z_short,0.5,0.33109619686800895,0.0,0.0,0.13243847874720358,ret_3d,z_short,global,ret_3d_z_short
48,12,24,24,2500,1750,375,375,0.5308571428571428,0.6133333333333333,1d_target,price_seq_1d_target,ret_7d_z_long,0.5,0.33109619686800895,0.0,0.0,0.13243847874720358,ret_7d,z_long,global,ret_7d_z_long
48,12,24,24,2500,1750,375,375,0.5308571428571428,0.6133333333333333,1d_target,price_seq_1d_target,body_1d_z,0.5,0.33109619686800895,0.0,0.0,0.13243847874720358,body_1d,z,global,body_1d_z
48,12,24,24,2500,1750,375,375,0.5308571428571428,0.6133333333333333,1d_target,price_seq_1d_target,oi_close_scale,0.5,0.33109619686800895,0.0,0.0,0.13243847874720358,oi_close,scale,global,oi_close_scale
48,12,24,24,2500,1750,375,375,0.5308571428571428,0.6133333333333333,1d_target,price_seq_1d_target,funding_close_scale,0.5,0.33109619686800895,0.0,0.0,0.13243847874720358,funding_close,scale,global,funding_close_scale
48,12,24,24,2500,1750,375,375,0.5308571428571428,0.6133333333333333,1d_target,price_seq_1d_target,ls_account_ratio_z,0.5,0.33109619686800895,0.0,0.0,0.13243847874720358,ls_account_ratio,z,global,ls_account_ratio_z
48,12,24,24,2500,1750,375,375,0.5308571428571428,0.6133333333333333,1d_target,price_seq_1d_target,liq_long_log_scale,0.5,0.33109619686800895,0.0,0.0,0.13243847874720358,liq_long_log,scale,global,liq_long_log_scale
48,12,24,24,2500,1750,375,375,0.5308571428571428,0.6133333333333333,1d_target,price_seq_1d_target,volume_impact_scale,0.5,0.33109619686800895,0.0,0.0,0.13243847874720358,volume_impact,scale,global,volume_impact_scale
48,12,24,24,2500,1750,375,375,0.5308571428571428,0.6133333333333333,1d_target,price_seq_1d_target,open_ema_12_48_spread,0.5,0.33109619686800895,0.0,0.0,0.13243847874720358,open,ema_12_48_spread,global,open_ema_12_48_spread
48,12,24,24,2500,1750,375,375,0.5308571428571428,0.6133333333333333,1d_target,price_seq_1d_target,high_z_long,0.5,0.33109619686800895,0.0,0.0,0.13243847874720358,high,z_long,global,high_z_long
48,12,24,24,2500,1750,375,375,0.5308571428571428,0.6133333333333333,1d_target,price_seq_1d_target,close_roc_12,0.5,0.33109619686800895,0.0,0.0,0.13243847874720358,close,roc_12,global,close_roc_12
48,12,24,24,2500,1750,375,375,0.5308571428571428,0.6133333333333333,1d_target,price_seq_1d_target,close_ema_12_48_spread,0.5,0.33109619686800895,0.0,0.0,0.13243847874720358,close,ema_12_48_spread,global,close_ema_12_48_spread
48,12,24,24,2500,1750,375,375,0.5308571428571428,0.6133333333333333,1d_target,price_seq_1d_target,sell_volume_roc_1,0.5,0.33109619686800895,0.0,0.0,0.13243847874720358,sell_volume,roc_1,global,sell_volume_roc_1
48,12,24,24,2500,1750,375,375,0.5308571428571428,0.6133333333333333,1d_target,price_seq_1d_target,quote_volume_z_long,0.5,0.33109619686800895,0.0,0.0,0.13243847874720358,quote_volume,z_long,global,quote_volume_z_long
48,12,24,24,2500,1750,375,375,0.5308571428571428,0.6133333333333333,1d_target,price_seq_1d_target,liq_long_ema_12_48_spread,0.5,0.33109619686800895,0.0,0.0,0.13243847874720358,liq_long,ema_12_48_spread,global,liq_long_ema_12_48_spread
48,12,24,24,2500,1750,375,375,0.5308571428571428,0.6133333333333333,1d_others,price_seq_1d_others,ETHUSDT_ret_1d_scale,0.5,0.33109619686800895,0.0,0.0,0.13243847874720358,ret_1d,scale,symbol,ret_1d_scale
48,12,24,24,2500,1750,375,375,0.5308571428571428,0.6133333333333333,1d_others,price_seq_1d_others,ETHUSDT_ret_3d_z,0.5,0.33109619686800895,0.0,0.0,0.13243847874720358,ret_3d,z,symbol,ret_3d_z
48,12,24,24,2500,1750,375,375,0.5308571428571428,0.6133333333333333,1d_others,price_seq_1d_others,ETHUSDT_oi_close_scale,0.5,0.33109619686800895,0.0,0.0,0.13243847874720358,oi_close,scale,symbol,oi_close_scale
48,12,24,24,2500,1750,375,375,0.5308571428571428,0.6133333333333333,1d_others,price_seq_1d_others,ETHUSDT_ls_account_ratio_z,0.5,0.33109619686800895,0.0,0.0,0.13243847874720358,ls_account_ratio,z,symbol,ls_account_ratio_z
48,12,24,24,2500,1750,375,375,0.5308571428571428,0.6133333333333333,1d_others,price_seq_1d_others,ETHUSDT_liq_long_log_z,0.5,0.33109619686800895,0.0,0.0,0.13243847874720358,liq_long,log_z,symbol,liq_long_log_z
48,12,24,24,2500,1750,375,375,0.5308571428571428,0.6133333333333333,1d_others,price_seq_1d_others,ETHUSDT_open_z_short,0.5,0.33109619686800895,256.0,0.1656957928802589,0.1572928476792424,open,z_short,symbol,open_z_short
48,12,24,24,2500,1750,375,375,0.5308571428571428,0.6133333333333333,1d_others,price_seq_1d_others,ETHUSDT_high_roc_12,0.5,0.33109619686800895,0.0,0.0,0.13243847874720358,high,roc_12,symbol,high_roc_12
48,12,24,24,2500,1750,375,375,0.5308571428571428,0.6133333333333333,1d_others,price_seq_1d_others,ETHUSDT_low_z_short,0.5,0.33109619686800895,0.0,0.0,0.13243847874720358,low,z_short,symbol,low_z_short
48,12,24,24,2500,1750,375,375,0.5308571428571428,0.6133333333333333,1d_others,price_seq_1d_others,ETHUSDT_low_roc_1,0.5,0.33109619686800895,0.0,0.0,0.13243847874720358,low,roc_1,symbol,low_roc_1
48,12,24,24,2500,1750,375,375,0.5308571428571428,0.6133333333333333,1d_others,price_seq_1d_others,ETHUSDT_volume_roc_1,0.5,0.33109619686800895,0.0,0.0,0.13243847874720358,volume,roc_1,symbol,volume_roc_1
48,12,24,24,2500,1750,375,375,0.5308571428571428,0.6133333333333333,1d_others,price_seq_1d_others,ETHUSDT_volume_ema_12_48_spread,0.5,0.33109619686800895,0.0,0.0,0.13243847874720358,volume,ema_12_48_spread,symbol,volume_ema_12_48_spread
48,12,24,24,2500,1750,375,375,0.5308571428571428,0.6133333333333333,1d_others,price_seq_1d_others,ETHUSDT_buy_volume_z_long,0.5,0.33109619686800895,0.0,0.0,0.13243847874720358,buy_volume,z_long,symbol,buy_volume_z_long
48,12,24,24,2500,1750,375,375,0.5308571428571428,0.6133333333333333,1d_others,price_seq_1d_others,ETHUSDT_buy_volume_roc_12,0.5,0.33109619686800895,0.0,0.0,0.13243847874720358,buy_volume,roc_12,symbol,buy_volume_roc_12
48,12,24,24,2500,1750,375,375,0.5308571428571428,0.6133333333333333,1d_others,price_seq_1d_others,ETHUSDT_volume_ratio_z_long,0.5,0.33109619686800895,0.0,0.0,0.13243847874720358,volume_ratio,z_long,symbol,volume_ratio_z_long
48,12,24,24,2500,1750,375,375,0.5308571428571428,0.6133333333333333,1d_others,price_seq_1d_others,ETHUSDT_trades_z_short,0.5,0.33109619686800895,0.0,0.0,0.13243847874720358,trades,z_short,symbol,trades_z_short
48,12,24,24,2500,1750,375,375,0.5308571428571428,0.6133333333333333,1d_others,price_seq_1d_others,ETHUSDT_trades_z_long,0.5,0.33109619686800895,0.0,0.0,0.13243847874720358,trades,z_long,symbol,trades_z_long
48,12,24,24,2500,1750,375,375,0.5308571428571428,0.6133333333333333,1d_others,price_seq_1d_others,ETHUSDT_trades_ema_12_48_spread,0.6653973013493254,0.33109619686800895,838.0,0.5423948220064725,0.3626552732625673,trades,ema_12_48_spread,symbol,trades_ema_12_48_spread
48,12,24,24,2500,1750,375,375,0.5308571428571428,0.6133333333333333,1d_others,price_seq_1d_others,ETHUSDT_quote_volume_z_short,0.5,0.33109619686800895,0.0,0.0,0.13243847874720358,quote_volume,z_short,symbol,quote_volume_z_short
48,12,24,24,2500,1750,375,375,0.5308571428571428,0.6133333333333333,1d_others,price_seq_1d_others,ETHUSDT_quote_volume_roc_1,0.5,0.33109619686800895,0.0,0.0,0.13243847874720358,quote_volume,roc_1,symbol,quote_volume_roc_1
48,12,24,24,2500,1750,375,375,0.5308571428571428,0.6133333333333333,1d_others,price_seq_1d_others,ETHUSDT_quote_volume_roc_12,0.5,0.33109619686800895,0.0,0.0,0.13243847874720358,quote_volume,roc_12,symbol,quote_volume_roc_12
48,12,24,24,2500,1750,375,375,0.5308571428571428,0.6133333333333333,1d_others,price_seq_1d_others,ETHUSDT_oi_close_z_long,0.5,0.33109619686800895,0.0,0.0,0.13243847874720358,oi_close,z_long,symbol,oi_close_z_long
48,12,24,24,2500,1750,375,375,0.5308571428571428,0.6133333333333333,1d_others,price_seq_1d_others,ETHUSDT_oi_close_roc_1,0.5,0.33109619686800895,0.0,0.0,0.13243847874720358,oi_close,roc_1,symbol,oi_close_roc_1
48,12,24,24,2500,1750,375,375,0.5308571428571428,0.6133333333333333,1d_others,price_seq_1d_others,ETHUSDT_liq_long_z_long,0.5,0.33109619686800895,0.0,0.0,0.13243847874720358,liq_long,z_long,symbol,liq_long_z_long
48,12,24,24,2500,1750,375,375,0.5308571428571428,0.6133333333333333,1d_others,price_seq_1d_others,ETHUSDT_liq_long_roc_1,0.5,0.33109619686800895,0.0,0.0,0.13243847874720358,liq_long,roc_1,symbol,liq_long_roc_1
48,12,24,24,2500,1750,375,375,0.5308571428571428,0.6133333333333333,1d_others,price_seq_1d_others,ETHUSDT_liq_short_z_short,0.5,0.33109619686800895,0.0,0.0,0.13243847874720358,liq_short,z_short,symbol,liq_short_z_short
48,12,24,24,2500,1750,375,375,0.5308571428571428,0.6133333333333333,1d_others,price_seq_1d_others,ETHUSDT_liq_short_z_long,0.5,0.33109619686800895,0.0,0.0,0.13243847874720358,liq_short,z_long,symbol,liq_short_z_long
48,12,24,24,2500,1750,375,375,0.5308571428571428,0.6133333333333333,1d_others,price_seq_1d_others,ETHUSDT_liq_short_roc_1,0.5,0.33109619686800895,0.0,0.0,0.13243847874720358,liq_short,roc_1,symbol,liq_short_roc_1
48,12,24,24,2500,1750,375,375,0.5308571428571428,0.6133333333333333,1d_others,price_seq_1d_others,ETHUSDT_ob_imbalance_roc_12,0.5,0.33109619686800895,0.0,0.0,0.13243847874720358,ob_imbalance,roc_12,symbol,ob_imbalance_roc_12
48,12,24,24,2500,1750,375,375,0.5308571428571428,0.6133333333333333,1d_others,price_seq_1d_others,SOLUSDT_ret_1d_scale,0.5,0.33109619686800895,0.0,0.0,0.13243847874720358,ret_1d,scale,symbol,ret_1d_scale
48,12,24,24,2500,1750,375,375,0.5308571428571428,0.6133333333333333,1d_others,price_seq_1d_others,SOLUSDT_ret_3d_z,0.5,0.33109619686800895,0.0,0.0,0.13243847874720358,ret_3d,z,symbol,ret_3d_z
48,12,24,24,2500,1750,375,375,0.5308571428571428,0.6133333333333333,1d_others,price_seq_1d_others,SOLUSDT_oi_close_scale,0.5,0.33109619686800895,0.0,0.0,0.13243847874720358,oi_close,scale,symbol,oi_close_scale
48,12,24,24,2500,1750,375,375,0.5308571428571428,0.6133333333333333,1d_others,price_seq_1d_others,SOLUSDT_ls_account_ratio_z,0.5,0.33109619686800895,0.0,0.0,0.13243847874720358,ls_account_ratio,z,symbol,ls_account_ratio_z
48,12,24,24,2500,1750,375,375,0.5308571428571428,0.6133333333333333,1d_others,price_seq_1d_others,SOLUSDT_liq_long_log_z,0.5,0.33109619686800895,0.0,0.0,0.13243847874720358,liq_long,log_z,symbol,liq_long_log_z
48,12,24,24,2500,1750,375,375,0.5308571428571428,0.6133333333333333,1d_others,price_seq_1d_others,SOLUSDT_open_z_short,0.5,0.33109619686800895,94.0,0.060841423948220064,0.14156469233943658,open,z_short,symbol,open_z_short
48,12,24,24,2500,1750,375,375,0.5308571428571428,0.6133333333333333,1d_others,price_seq_1d_others,SOLUSDT_high_roc_12,0.5,0.33109619686800895,0.0,0.0,0.13243847874720358,high,roc_12,symbol,high_roc_12
48,12,24,24,2500,1750,375,375,0.5308571428571428,0.6133333333333333,1d_others,price_seq_1d_others,SOLUSDT_low_z_short,0.5,0.33109619686800895,0.0,0.0,0.13243847874720358,low,z_short,symbol,low_z_short
48,12,24,24,2500,1750,375,375,0.5308571428571428,0.6133333333333333,1d_others,price_seq_1d_others,SOLUSDT_low_roc_1,0.5,0.33109619686800895,0.0,0.0,0.13243847874720358,low,roc_1,symbol,low_roc_1
48,12,24,24,2500,1750,375,375,0.5308571428571428,0.6133333333333333,1d_others,price_seq_1d_others,SOLUSDT_volume_roc_1,0.5,0.33109619686800895,0.0,0.0,0.13243847874720358,volume,roc_1,symbol,volume_roc_1
48,12,24,24,2500,1750,375,375,0.5308571428571428,0.6133333333333333,1d_others,price_seq_1d_others,SOLUSDT_volume_ema_12_48_spread,0.5,0.33109619686800895,0.0,0.0,0.13243847874720358,volume,ema_12_48_spread,symbol,volume_ema_12_48_spread
48,12,24,24,2500,1750,375,375,0.5308571428571428,0.6133333333333333,1d_others,price_seq_1d_others,SOLUSDT_buy_volume_z_long,0.5,0.33109619686800895,0.0,0.0,0.13243847874720358,buy_volume,z_long,symbol,buy_volume_z_long
48,12,24,24,2500,1750,375,375,0.5308571428571428,0.6133333333333333,1d_others,price_seq_1d_others,SOLUSDT_buy_volume_roc_12,0.5,0.33109619686800895,0.0,0.0,0.13243847874720358,buy_volume,roc_12,symbol,buy_volume_roc_12
48,12,24,24,2500,1750,375,375,0.5308571428571428,0.6133333333333333,1d_others,price_seq_1d_others,SOLUSDT_volume_ratio_z_long,0.5,0.33109619686800895,0.0,0.0,0.13243847874720358,volume_ratio,z_long,symbol,volume_ratio_z_long
48,12,24,24,2500,1750,375,375,0.5308571428571428,0.6133333333333333,1d_others,price_seq_1d_others,SOLUSDT_trades_z_short,0.5,0.33109619686800895,0.0,0.0,0.13243847874720358,trades,z_short,symbol,trades_z_short
48,12,24,24,2500,1750,375,375,0.5308571428571428,0.6133333333333333,1d_others,price_seq_1d_others,SOLUSDT_trades_z_long,0.5,0.33109619686800895,0.0,0.0,0.13243847874720358,trades,z_long,symbol,trades_z_long
48,12,24,24,2500,1750,375,375,0.5308571428571428,0.6133333333333333,1d_others,price_seq_1d_others,SOLUSDT_trades_ema_12_48_spread,0.5,0.33109619686800895,0.0,0.0,0.13243847874720358,trades,ema_12_48_spread,symbol,trades_ema_12_48_spread
48,12,24,24,2500,1750,375,375,0.5308571428571428,0.6133333333333333,1d_others,price_seq_1d_others,SOLUSDT_quote_volume_z_short,0.5,0.33109619686800895,0.0,0.0,0.13243847874720358,quote_volume,z_short,symbol,quote_volume_z_short
48,12,24,24,2500,1750,375,375,0.5308571428571428,0.6133333333333333,1d_others,price_seq_1d_others,SOLUSDT_quote_volume_roc_1,0.5,0.33109619686800895,0.0,0.0,0.13243847874720358,quote_volume,roc_1,symbol,quote_volume_roc_1
48,12,24,24,2500,1750,375,375,0.5308571428571428,0.6133333333333333,1d_others,price_seq_1d_others,SOLUSDT_quote_volume_roc_12,0.5,0.33109619686800895,0.0,0.0,0.13243847874720358,quote_volume,roc_12,symbol,quote_volume_roc_12
48,12,24,24,2500,1750,375,375,0.5308571428571428,0.6133333333333333,1d_others,price_seq_1d_others,SOLUSDT_oi_close_z_long,0.5,0.33109619686800895,0.0,0.0,0.13243847874720358,oi_close,z_long,symbol,oi_close_z_long
48,12,24,24,2500,1750,375,375,0.5308571428571428,0.6133333333333333,1d_others,price_seq_1d_others,SOLUSDT_oi_close_roc_1,0.5,0.33109619686800895,0.0,0.0,0.13243847874720358,oi_close,roc_1,symbol,oi_close_roc_1
48,12,24,24,2500,1750,375,375,0.5308571428571428,0.6133333333333333,1d_others,price_seq_1d_others,SOLUSDT_liq_long_z_long,0.5522938530734632,0.33109619686800895,274.0,0.1773462783171521,0.20610488826089332,liq_long,z_long,symbol,liq_long_z_long
48,12,24,24,2500,1750,375,375,0.5308571428571428,0.6133333333333333,1d_others,price_seq_1d_others,SOLUSDT_liq_long_roc_1,0.5,0.33109619686800895,0.0,0.0,0.13243847874720358,liq_long,roc_1,symbol,liq_long_roc_1
48,12,24,24,2500,1750,375,375,0.5308571428571428,0.6133333333333333,1d_others,price_seq_1d_others,SOLUSDT_liq_short_z_short,0.5,0.33109619686800895,0.0,0.0,0.13243847874720358,liq_short,z_short,symbol,liq_short_z_short
48,12,24,24,2500,1750,375,375,0.5308571428571428,0.6133333333333333,1d_others,price_seq_1d_others,SOLUSDT_liq_short_z_long,0.5,0.33109619686800895,0.0,0.0,0.13243847874720358,liq_short,z_long,symbol,liq_short_z_long
48,12,24,24,2500,1750,375,375,0.5308571428571428,0.6133333333333333,1d_others,price_seq_1d_others,SOLUSDT_liq_short_roc_1,0.5,0.33109619686800895,0.0,0.0,0.13243847874720358,liq_short,roc_1,symbol,liq_short_roc_1
48,12,24,24,2500,1750,375,375,0.5308571428571428,0.6133333333333333,1d_others,price_seq_1d_others,SOLUSDT_ob_imbalance_roc_12,0.5,0.33109619686800895,0.0,0.0,0.13243847874720358,ob_imbalance,roc_12,symbol,ob_imbalance_roc_12
48,12,24,24,2500,1750,375,375,0.5308571428571428,0.6133333333333333,1d_others,price_seq_1d_others,DOGEUSDT_ret_1d_scale,0.5,0.33109619686800895,0.0,0.0,0.13243847874720358,ret_1d,scale,symbol,ret_1d_scale
48,12,24,24,2500,1750,375,375,0.5308571428571428,0.6133333333333333,1d_others,price_seq_1d_others,DOGEUSDT_ret_3d_z,0.5,0.33109619686800895,0.0,0.0,0.13243847874720358,ret_3d,z,symbol,ret_3d_z
48,12,24,24,2500,1750,375,375,0.5308571428571428,0.6133333333333333,1d_others,price_seq_1d_others,DOGEUSDT_oi_close_scale,0.5,0.33109619686800895,0.0,0.0,0.13243847874720358,oi_close,scale,symbol,oi_close_scale
48,12,24,24,2500,1750,375,375,0.5308571428571428,0.6133333333333333,1d_others,price_seq_1d_others,DOGEUSDT_ls_account_ratio_z,0.5,0.33109619686800895,0.0,0.0,0.13243847874720358,ls_account_ratio,z,symbol,ls_account_ratio_z
48,12,24,24,2500,1750,375,375,0.5308571428571428,0.6133333333333333,1d_others,price_seq_1d_others,DOGEUSDT_liq_long_log_z,0.5,0.33109619686800895,0.0,0.0,0.13243847874720358,liq_long,log_z,symbol,liq_long_log_z
48,12,24,24,2500,1750,375,375,0.5308571428571428,0.6133333333333333,1d_others,price_seq_1d_others,DOGEUSDT_open_z_short,0.5,0.33109619686800895,0.0,0.0,0.13243847874720358,open,z_short,symbol,open_z_short
48,12,24,24,2500,1750,375,375,0.5308571428571428,0.6133333333333333,1d_others,price_seq_1d_others,DOGEUSDT_high_roc_12,0.5,0.33109619686800895,0.0,0.0,0.13243847874720358,high,roc_12,symbol,high_roc_12
48,12,24,24,2500,1750,375,375,0.5308571428571428,0.6133333333333333,1d_others,price_seq_1d_others,DOGEUSDT_low_z_short,0.5,0.33109619686800895,0.0,0.0,0.13243847874720358,low,z_short,symbol,low_z_short
48,12,24,24,2500,1750,375,375,0.5308571428571428,0.6133333333333333,1d_others,price_seq_1d_others,DOGEUSDT_low_roc_1,0.5,0.33109619686800895,0.0,0.0,0.13243847874720358,low,roc_1,symbol,low_roc_1
48,12,24,24,2500,1750,375,375,0.5308571428571428,0.6133333333333333,1d_others,price_seq_1d_others,DOGEUSDT_volume_roc_1,0.5,0.33109619686800895,0.0,0.0,0.13243847874720358,volume,roc_1,symbol,volume_roc_1
48,12,24,24,2500,1750,375,375,0.5308571428571428,0.6133333333333333,1d_others,price_seq_1d_others,DOGEUSDT_volume_ema_12_48_spread,0.5,0.33109619686800895,0.0,0.0,0.13243847874720358,volume,ema_12_48_spread,symbol,volume_ema_12_48_spread
48,12,24,24,2500,1750,375,375,0.5308571428571428,0.6133333333333333,1d_others,price_seq_1d_others,DOGEUSDT_buy_volume_z_long,0.5,0.33109619686800895,0.0,0.0,0.13243847874720358,buy_volume,z_long,symbol,buy_volume_z_long
48,12,24,24,2500,1750,375,375,0.5308571428571428,0.6133333333333333,1d_others,price_seq_1d_others,DOGEUSDT_buy_volume_roc_12,0.5,0.33109619686800895,0.0,0.0,0.13243847874720358,buy_volume,roc_12,symbol,buy_volume_roc_12
48,12,24,24,2500,1750,375,375,0.5308571428571428,0.6133333333333333,1d_others,price_seq_1d_others,DOGEUSDT_volume_ratio_z_long,0.5,0.33109619686800895,0.0,0.0,0.13243847874720358,volume_ratio,z_long,symbol,volume_ratio_z_long
48,12,24,24,2500,1750,375,375,0.5308571428571428,0.6133333333333333,1d_others,price_seq_1d_others,DOGEUSDT_trades_z_short,0.5,0.33109619686800895,0.0,0.0,0.13243847874720358,trades,z_short,symbol,trades_z_short
48,12,24,24,2500,1750,375,375,0.5308571428571428,0.6133333333333333,1d_others,price_seq_1d_others,DOGEUSDT_trades_z_long,0.5,0.33109619686800895,0.0,0.0,0.13243847874720358,trades,z_long,symbol,trades_z_long
48,12,24,24,2500,1750,375,375,0.5308571428571428,0.6133333333333333,1d_others,price_seq_1d_others,DOGEUSDT_trades_ema_12_48_spread,0.5,0.33109619686800895,0.0,0.0,0.13243847874720358,trades,ema_12_48_spread,symbol,trades_ema_12_48_spread
48,12,24,24,2500,1750,375,375,0.5308571428571428,0.6133333333333333,1d_others,price_seq_1d_others,DOGEUSDT_quote_volume_z_short,0.5,0.33109619686800895,0.0,0.0,0.13243847874720358,quote_volume,z_short,symbol,quote_volume_z_short
48,12,24,24,2500,1750,375,375,0.5308571428571428,0.6133333333333333,1d_others,price_seq_1d_others,DOGEUSDT_quote_volume_roc_1,0.5,0.33109619686800895,0.0,0.0,0.13243847874720358,quote_volume,roc_1,symbol,quote_volume_roc_1
48,12,24,24,2500,1750,375,375,0.5308571428571428,0.6133333333333333,1d_others,price_seq_1d_others,DOGEUSDT_quote_volume_roc_12,0.5,0.33109619686800895,0.0,0.0,0.13243847874720358,quote_volume,roc_12,symbol,quote_volume_roc_12
48,12,24,24,2500,1750,375,375,0.5308571428571428,0.6133333333333333,1d_others,price_seq_1d_others,DOGEUSDT_oi_close_z_long,0.5,0.33109619686800895,0.0,0.0,0.13243847874720358,oi_close,z_long,symbol,oi_close_z_long
48,12,24,24,2500,1750,375,375,0.5308571428571428,0.6133333333333333,1d_others,price_seq_1d_others,DOGEUSDT_oi_close_roc_1,0.5,0.33109619686800895,0.0,0.0,0.13243847874720358,oi_close,roc_1,symbol,oi_close_roc_1
48,12,24,24,2500,1750,375,375,0.5308571428571428,0.6133333333333333,1d_others,price_seq_1d_others,DOGEUSDT_liq_long_z_long,0.5,0.33109619686800895,0.0,0.0,0.13243847874720358,liq_long,z_long,symbol,liq_long_z_long
48,12,24,24,2500,1750,375,375,0.5308571428571428,0.6133333333333333,1d_others,price_seq_1d_others,DOGEUSDT_liq_long_roc_1,0.5,0.33109619686800895,0.0,0.0,0.13243847874720358,liq_long,roc_1,symbol,liq_long_roc_1
48,12,24,24,2500,1750,375,375,0.5308571428571428,0.6133333333333333,1d_others,price_seq_1d_others,DOGEUSDT_liq_short_z_short,0.5,0.33109619686800895,0.0,0.0,0.13243847874720358,liq_short,z_short,symbol,liq_short_z_short
48,12,24,24,2500,1750,375,375,0.5308571428571428,0.6133333333333333,1d_others,price_seq_1d_others,DOGEUSDT_liq_short_z_long,0.5,0.33109619686800895,0.0,0.0,0.13243847874720358,liq_short,z_long,symbol,liq_short_z_long
48,12,24,24,2500,1750,375,375,0.5308571428571428,0.6133333333333333,1d_others,price_seq_1d_others,DOGEUSDT_liq_short_roc_1,0.5,0.33109619686800895,0.0,0.0,0.13243847874720358,liq_short,roc_1,symbol,liq_short_roc_1
48,12,24,24,2500,1750,375,375,0.5308571428571428,0.6133333333333333,1d_others,price_seq_1d_others,DOGEUSDT_ob_imbalance_roc_12,0.5,0.33109619686800895,0.0,0.0,0.13243847874720358,ob_imbalance,roc_12,symbol,ob_imbalance_roc_12
48,12,24,24,2500,1750,375,375,0.5308571428571428,0.6133333333333333,1d_others,price_seq_1d_others,1000PEPEUSDT_ret_1d_scale,0.5522938530734632,0.33109619686800895,0.0,0.0,0.1795029465133205,ret_1d,scale,symbol,ret_1d_scale
48,12,24,24,2500,1750,375,375,0.5308571428571428,0.6133333333333333,1d_others,price_seq_1d_others,1000PEPEUSDT_ret_3d_z,0.5,0.33109619686800895,0.0,0.0,0.13243847874720358,ret_3d,z,symbol,ret_3d_z
48,12,24,24,2500,1750,375,375,0.5308571428571428,0.6133333333333333,1d_others,price_seq_1d_others,1000PEPEUSDT_oi_close_scale,0.5,0.33109619686800895,0.0,0.0,0.13243847874720358,oi_close,scale,symbol,oi_close_scale
48,12,24,24,2500,1750,375,375,0.5308571428571428,0.6133333333333333,1d_others,price_seq_1d_others,1000PEPEUSDT_ls_account_ratio_z,0.5,0.33109619686800895,0.0,0.0,0.13243847874720358,ls_account_ratio,z,symbol,ls_account_ratio_z
48,12,24,24,2500,1750,375,375,0.5308571428571428,0.6133333333333333,1d_others,price_seq_1d_others,1000PEPEUSDT_liq_long_log_z,0.5,0.33109619686800895,0.0,0.0,0.13243847874720358,liq_long,log_z,symbol,liq_long_log_z
48,12,24,24,2500,1750,375,375,0.5308571428571428,0.6133333333333333,1d_others,price_seq_1d_others,1000PEPEUSDT_open_z_short,0.5,0.33109619686800895,0.0,0.0,0.13243847874720358,open,z_short,symbol,open_z_short
48,12,24,24,2500,1750,375,375,0.5308571428571428,0.6133333333333333,1d_others,price_seq_1d_others,1000PEPEUSDT_high_roc_12,0.5,0.33109619686800895,0.0,0.0,0.13243847874720358,high,roc_12,symbol,high_roc_12
48,12,24,24,2500,1750,375,375,0.5308571428571428,0.6133333333333333,1d_others,price_seq_1d_others,1000PEPEUSDT_low_z_short,0.5,0.33109619686800895,0.0,0.0,0.13243847874720358,low,z_short,symbol,low_z_short
48,12,24,24,2500,1750,375,375,0.5308571428571428,0.6133333333333333,1d_others,price_seq_1d_others,1000PEPEUSDT_low_roc_1,0.5,0.33109619686800895,0.0,0.0,0.13243847874720358,low,roc_1,symbol,low_roc_1
48,12,24,24,2500,1750,375,375,0.5308571428571428,0.6133333333333333,1d_others,price_seq_1d_others,1000PEPEUSDT_volume_roc_1,0.5,0.33109619686800895,0.0,0.0,0.13243847874720358,volume,roc_1,symbol,volume_roc_1
48,12,24,24,2500,1750,375,375,0.5308571428571428,0.6133333333333333,1d_others,price_seq_1d_others,1000PEPEUSDT_volume_ema_12_48_spread,0.5,0.33109619686800895,0.0,0.0,0.13243847874720358,volume,ema_12_48_spread,symbol,volume_ema_12_48_spread
48,12,24,24,2500,1750,375,375,0.5308571428571428,0.6133333333333333,1d_others,price_seq_1d_others,1000PEPEUSDT_buy_volume_z_long,0.5,0.33109619686800895,0.0,0.0,0.13243847874720358,buy_volume,z_long,symbol,buy_volume_z_long
48,12,24,24,2500,1750,375,375,0.5308571428571428,0.6133333333333333,1d_others,price_seq_1d_others,1000PEPEUSDT_buy_volume_roc_12,0.5,0.33109619686800895,0.0,0.0,0.13243847874720358,buy_volume,roc_12,symbol,buy_volume_roc_12
48,12,24,24,2500,1750,375,375,0.5308571428571428,0.6133333333333333,1d_others,price_seq_1d_others,1000PEPEUSDT_volume_ratio_z_long,0.5,0.33109619686800895,0.0,0.0,0.13243847874720358,volume_ratio,z_long,symbol,volume_ratio_z_long
48,12,24,24,2500,1750,375,375,0.5308571428571428,0.6133333333333333,1d_others,price_seq_1d_others,1000PEPEUSDT_trades_z_short,0.5,0.33109619686800895,0.0,0.0,0.13243847874720358,trades,z_short,symbol,trades_z_short
48,12,24,24,2500,1750,375,375,0.5308571428571428,0.6133333333333333,1d_others,price_seq_1d_others,1000PEPEUSDT_trades_z_long,0.5,0.33109619686800895,0.0,0.0,0.13243847874720358,trades,z_long,symbol,trades_z_long
48,12,24,24,2500,1750,375,375,0.5308571428571428,0.6133333333333333,1d_others,price_seq_1d_others,1000PEPEUSDT_trades_ema_12_48_spread,0.5,0.33109619686800895,0.0,0.0,0.13243847874720358,trades,ema_12_48_spread,symbol,trades_ema_12_48_spread
48,12,24,24,2500,1750,375,375,0.5308571428571428,0.6133333333333333,1d_others,price_seq_1d_others,1000PEPEUSDT_quote_volume_z_short,0.5,0.33109619686800895,65.0,0.042071197411003236,0.13874915835885407,quote_volume,z_short,symbol,quote_volume_z_short
48,12,24,24,2500,1750,375,375,0.5308571428571428,0.6133333333333333,1d_others,price_seq_1d_others,1000PEPEUSDT_quote_volume_roc_1,0.5,0.33109619686800895,0.0,0.0,0.13243847874720358,quote_volume,roc_1,symbol,quote_volume_roc_1
48,12,24,24,2500,1750,375,375,0.5308571428571428,0.6133333333333333,1d_others,price_seq_1d_others,1000PEPEUSDT_quote_volume_roc_12,0.5,0.33109619686800895,0.0,0.0,0.13243847874720358,quote_volume,roc_12,symbol,quote_volume_roc_12
48,12,24,24,2500,1750,375,375,0.5308571428571428,0.6133333333333333,1d_others,price_seq_1d_others,1000PEPEUSDT_oi_close_z_long,0.5,0.33109619686800895,0.0,0.0,0.13243847874720358,oi_close,z_long,symbol,oi_close_z_long
48,12,24,24,2500,1750,375,375,0.5308571428571428,0.6133333333333333,1d_others,price_seq_1d_others,1000PEPEUSDT_oi_close_roc_1,0.5,0.33109619686800895,0.0,0.0,0.13243847874720358,oi_close,roc_1,symbol,oi_close_roc_1
48,12,24,24,2500,1750,375,375,0.5308571428571428,0.6133333333333333,1d_others,price_seq_1d_others,1000PEPEUSDT_liq_long_z_long,0.5,0.33109619686800895,0.0,0.0,0.13243847874720358,liq_long,z_long,symbol,liq_long_z_long
48,12,24,24,2500,1750,375,375,0.5308571428571428,0.6133333333333333,1d_others,price_seq_1d_others,1000PEPEUSDT_liq_long_roc_1,0.5,0.33109619686800895,0.0,0.0,0.13243847874720358,liq_long,roc_1,symbol,liq_long_roc_1
48,12,24,24,2500,1750,375,375,0.5308571428571428,0.6133333333333333,1d_others,price_seq_1d_others,1000PEPEUSDT_liq_short_z_short,0.5,0.33109619686800895,0.0,0.0,0.13243847874720358,liq_short,z_short,symbol,liq_short_z_short
48,12,24,24,2500,1750,375,375,0.5308571428571428,0.6133333333333333,1d_others,price_seq_1d_others,1000PEPEUSDT_liq_short_z_long,0.5,0.33109619686800895,0.0,0.0,0.13243847874720358,liq_short,z_long,symbol,liq_short_z_long
48,12,24,24,2500,1750,375,375,0.5308571428571428,0.6133333333333333,1d_others,price_seq_1d_others,1000PEPEUSDT_liq_short_roc_1,0.5,0.33109619686800895,0.0,0.0,0.13243847874720358,liq_short,roc_1,symbol,liq_short_roc_1
48,12,24,24,2500,1750,375,375,0.5308571428571428,0.6133333333333333,1d_others,price_seq_1d_others,1000PEPEUSDT_ob_imbalance_roc_12,0.5,0.33109619686800895,0.0,0.0,0.13243847874720358,ob_imbalance,roc_12,symbol,ob_imbalance_roc_12
48,12,24,24,2500,1750,375,375,0.5308571428571428,0.6133333333333333,1d_others,price_seq_1d_others,sopr_z,0.5,0.33109619686800895,0.0,0.0,0.13243847874720358,sopr,z,global,sopr_z
48,12,24,24,2500,1750,375,375,0.5308571428571428,0.6133333333333333,1d_others,price_seq_1d_others,fear_greed_roc_12,0.5,0.33109619686800895,0.0,0.0,0.13243847874720358,fear_greed,roc_12,global,fear_greed_roc_12
48,12,24,24,2500,1750,375,375,0.5308571428571428,0.6133333333333333,1d_others,price_seq_1d_others,altcoin_season_roc_1,0.5,0.33109619686800895,0.0,0.0,0.13243847874720358,altcoin_season,roc_1,global,altcoin_season_roc_1
48,12,24,24,2500,1750,375,375,0.5308571428571428,0.6133333333333333,1d_others,price_seq_1d_others,altcoin_season_roc_12,0.5,0.33109619686800895,0.0,0.0,0.13243847874720358,altcoin_season,roc_12,global,altcoin_season_roc_12
48,12,24,24,2500,1750,375,375,0.5308571428571428,0.6133333333333333,1d_others,price_seq_1d_others,altcoin_season_ema_12_48_spread,0.5,0.33109619686800895,0.0,0.0,0.13243847874720358,altcoin_season,ema_12_48_spread,global,altcoin_season_ema_12_48_spread
48,12,24,24,2500,1750,375,375,0.5308571428571428,0.6133333333333333,1d_others,price_seq_1d_others,bmo_ema_12_48_spread,0.5,0.33109619686800895,0.0,0.0,0.13243847874720358,bmo,ema_12_48_spread,global,bmo_ema_12_48_spread
48,12,24,24,2500,1750,375,375,0.5308571428571428,0.6133333333333333,1d_others,price_seq_1d_others,sopr_roc_12,0.5,0.33109619686800895,18.0,0.011650485436893204,0.13418605156273755,sopr,roc_12,global,sopr_roc_12
48,12,48,48,2500,1750,375,375,0.5274285714285715,0.584,5m_target,price_seq_target,volume_ratio_z_short,0.4640557311790189,0.32973944294699015,465.0,0.1287375415282392,0.15120640840803193,volume_ratio,z_short,global,volume_ratio_z_short
48,12,48,48,2500,1750,375,375,0.5274285714285715,0.584,5m_target,price_seq_target,volume_ratio_z_long,0.47705186746282635,0.35306165099268544,469.0,0.1298449612403101,0.16070140458312068,volume_ratio,z_long,global,volume_ratio_z_long
48,12,48,48,2500,1750,375,375,0.5274285714285715,0.584,5m_target,price_seq_target,long_short_ratio_z,0.5075225383444562,0.43946932006633493,501.0,0.13870431893687707,0.2033636603770761,long_short_ratio,z,global,long_short_ratio_z
48,12,48,48,2500,1750,375,375,0.5274285714285715,0.584,5m_target,price_seq_target,sell_volume_roc_12,0.7085528626624518,0.3292847503373819,510.0,0.14119601328903655,0.34059087852451486,sell_volume,roc_12,global,sell_volume_roc_12
48,12,48,48,2500,1750,375,375,0.5274285714285715,0.584,5m_target,price_seq_target,sell_volume_roc_1,0.3718680482379112,0.3194444444444445,593.0,0.1641749723145072,0.15240402362495387,sell_volume,roc_1,global,sell_volume_roc_1
48,12,48,48,2500,1750,375,375,0.5274285714285715,0.584,5m_target,price_seq_target,sell_volume_ema_12_48_spread,0.3268791710572532,0.38431078321037054,65.0,0.017995570321151715,0.156423648832321,sell_volume,ema_12_48_spread,global,sell_volume_ema_12_48_spread
48,12,48,48,2500,1750,375,375,0.5274285714285715,0.584,5m_target,price_seq_target,volume_ratio_ema_12_48_spread,0.48612574639971895,0.3301929116195603,0.0,0.0,0.13207716464782412,volume_ratio,ema_12_48_spread,global,volume_ratio_ema_12_48_spread
48,12,48,48,2500,1750,375,375,0.5274285714285715,0.584,5m_target,price_seq_target,trades_z_long,0.5881922491511532,0.3274536408864767,0.0,0.0,0.21035448059062856,trades,z_long,global,trades_z_long
48,12,48,48,2500,1750,375,375,0.5274285714285715,0.584,5m_target,price_seq_target,volume_impact_scale,0.2306960543261913,0.3256025466120964,45.0,0.012458471760797342,0.13210978940895818,volume_impact,scale,global,volume_impact_scale
48,12,48,48,2500,1750,375,375,0.5274285714285715,0.584,5m_target,price_seq_target,close_z_long,0.5165232408383094,0.3301929116195603,361.0,0.09994462901439645,0.16193977575446203,close,z_long,global,close_z_long
48,12,48,48,2500,1750,375,375,0.5274285714285715,0.584,5m_target,price_seq_target,volume_log_z_short,0.43190200210748153,0.32373113854595337,325.0,0.08997785160575858,0.14298913315924516,volume_log,z_short,global,volume_log_z_short
48,12,48,48,2500,1750,375,375,0.5274285714285715,0.584,5m_target,price_seq_target,ret_15m_z_short,0.4880722397845686,0.30329457364341084,278.0,0.0769656699889258,0.13286267995570322,ret_15m,z_short,global,ret_15m_z_short
48,12,48,48,2500,1750,375,375,0.5274285714285715,0.584,5m_others,price_seq_others,ETHUSDT_trades_z_short,0.5130546774382391,0.32791327913279134,139.0,0.032514619883040934,0.14779171432998786,trades,z_short,symbol,trades_z_short
48,12,48,48,2500,1750,375,375,0.5274285714285715,0.584,5m_others,price_seq_others,ETHUSDT_long_short_ratio_z_short,0.4864184521718768,0.32973944294699015,124.0,0.029005847953216375,0.13624665437177852,long_short_ratio,z_short,symbol,long_short_ratio_z_short
48,12,48,48,2500,1750,375,375,0.5274285714285715,0.584,5m_others,price_seq_others,ETHUSDT_volume_log_z,0.49247746165554385,0.32882882882882886,192.0,0.04491228070175438,0.1382683736367947,volume,log_z,symbol,volume_log_z
48,12,48,48,2500,1750,375,375,0.5274285714285715,0.584,5m_others,price_seq_others,ETHUSDT_sell_volume_z_short,0.5396909027046013,0.32973944294699015,199.0,0.04654970760233918,0.17460004575328808,sell_volume,z_short,symbol,sell_volume_z_short
48,12,48,48,2500,1750,375,375,0.5274285714285715,0.584,5m_others,price_seq_others,ETHUSDT_rsi_14,0.5083128439292822,0.3301929116195603,208.0,0.048654970760233916,0.1468569697982132,rsi_14,raw,symbol,rsi_14
48,12,48,48,2500,1750,375,375,0.5274285714285715,0.584,5m_others,price_seq_others,ETHUSDT_buy_volume_z_long,0.5362077040159232,0.3292847503373819,195.0,0.0456140350877193,0.17114293901244157,buy_volume,z_long,symbol,buy_volume_z_long
48,12,48,48,2500,1750,375,375,0.5274285714285715,0.584,5m_others,price_seq_others,ETHUSDT_up_volume_ratio_12,0.5317293057019085,0.4126071267478575,155.0,0.03625730994152047,0.1990378223220887,up_volume_ratio_12,raw,symbol,up_volume_ratio_12
48,12,48,48,2500,1750,375,375,0.5274285714285715,0.584,5m_others,price_seq_others,ETHUSDT_volume_ratio_z_long,0.5356222924716075,0.4968425800631484,154.0,0.0360233918128655,0.23620060402163598,volume_ratio,z_long,symbol,volume_ratio_z_long
48,12,48,48,2500,1750,375,375,0.5274285714285715,0.584,5m_others,price_seq_others,ETHUSDT_high_roc_12,0.6334445615267533,0.32973944294699015,148.0,0.034619883040935676,0.2571888650090144,high,roc_12,symbol,high_roc_12
48,12,48,48,2500,1750,375,375,0.5274285714285715,0.584,5m_others,price_seq_others,ETHUSDT_trades_roc_12,0.5453840299730711,0.4394557823129252,113.0,0.026432748538011697,0.22059285218163585,trades,roc_12,symbol,trades_roc_12
48,12,48,48,2500,1750,375,375,0.5274285714285715,0.584,5m_others,price_seq_others,ETHUSDT_quote_volume_z_long,0.5671174335557897,0.3251366120218579,136.0,0.03181286549707602,0.19523226483351527,quote_volume,z_long,symbol,quote_volume_z_long
48,12,48,48,2500,1750,375,375,0.5274285714285715,0.584,5m_others,price_seq_others,ETHUSDT_volume_impact_scale,0.48081313663505443,0.3148936170212766,124.0,0.029005847953216375,0.13030832400149311,volume_impact,scale,symbol,volume_impact_scale
48,12,48,48,2500,1750,375,375,0.5274285714285715,0.584,5m_others,price_seq_others,SOLUSDT_trades_z_short,0.4503131951762088,0.3256025466120964,199.0,0.04654970760233918,0.13722347478518945,trades,z_short,symbol,trades_z_short
48,12,48,48,2500,1750,375,375,0.5274285714285715,0.584,5m_others,price_seq_others,SOLUSDT_long_short_ratio_z_short,0.6255561409670999,0.32882882882882886,111.0,0.025964912280701753,0.2484267952440267,long_short_ratio,z_short,symbol,long_short_ratio_z_short
48,12,48,48,2500,1750,375,375,0.5274285714285715,0.584,5m_others,price_seq_others,SOLUSDT_volume_log_z,0.4632507903055848,0.32882882882882886,170.0,0.03976608187134503,0.1374964438122333,volume,log_z,symbol,volume_log_z
48,12,48,48,2500,1750,375,375,0.5274285714285715,0.584,5m_others,price_seq_others,SOLUSDT_sell_volume_z_short,0.4699391171993912,0.3301929116195603,132.0,0.030877192982456142,0.13670874359519256,sell_volume,z_short,symbol,sell_volume_z_short
48,12,48,48,2500,1750,375,375,0.5274285714285715,0.584,5m_others,price_seq_others,SOLUSDT_rsi_14,0.4739199157007376,0.32088520055325037,167.0,0.039064327485380114,0.13421372934410716,rsi_14,raw,symbol,rsi_14
48,12,48,48,2500,1750,375,375,0.5274285714285715,0.584,5m_others,price_seq_others,SOLUSDT_buy_volume_z_long,0.6767650158061117,0.3242009132420091,90.0,0.021052631578947368,0.2919267742591463,buy_volume,z_long,symbol,buy_volume_z_long
48,12,48,48,2500,1750,375,375,0.5274285714285715,0.584,5m_others,price_seq_others,SOLUSDT_up_volume_ratio_12,0.41979861842875543,0.32973944294699015,110.0,0.025730994152046785,0.13575542630160306,up_volume_ratio_12,raw,symbol,up_volume_ratio_12
48,12,48,48,2500,1750,375,375,0.5274285714285715,0.584,5m_others,price_seq_others,SOLUSDT_volume_ratio_z_long,0.5849139445029856,0.31155303030303033,152.0,0.035555555555555556,0.20637709550723252,volume_ratio,z_long,symbol,volume_ratio_z_long
48,12,48,48,2500,1750,375,375,0.5274285714285715,0.584,5m_others,price_seq_others,SOLUSDT_high_roc_12,0.4935751083011357,0.3292847503373819,82.0,0.0191812865497076,0.1345910931174089,high,roc_12,symbol,high_roc_12
48,12,48,48,2500,1750,375,375,0.5274285714285715,0.584,5m_others,price_seq_others,SOLUSDT_trades_roc_12,0.6312346329469617,0.3260672116257947,0.0,0.0,0.2485380543025834,trades,roc_12,symbol,trades_roc_12
48,12,48,48,2500,1750,375,375,0.5274285714285715,0.584,5m_others,price_seq_others,SOLUSDT_quote_volume_z_long,0.5640879288139562,0.3292847503373819,0.0,0.0,0.18939303606751334,quote_volume,z_long,symbol,quote_volume_z_long
48,12,48,48,2500,1750,375,375,0.5274285714285715,0.584,5m_others,price_seq_others,SOLUSDT_volume_impact_scale,0.4997512000936659,0.3301929116195603,0.0,0.0,0.13207716464782412,volume_impact,scale,symbol,volume_impact_scale
48,12,48,48,2500,1750,375,375,0.5274285714285715,0.584,5m_others,price_seq_others,DOGEUSDT_trades_z_short,0.41344690317293054,0.3242009132420091,0.0,0.0,0.12968036529680366,trades,z_short,symbol,trades_z_short
48,12,48,48,2500,1750,375,375,0.5274285714285715,0.584,5m_others,price_seq_others,DOGEUSDT_long_short_ratio_z_short,0.3183028919330289,0.32231404958677684,0.0,0.0,0.12892561983471074,long_short_ratio,z_short,symbol,long_short_ratio_z_short
48,12,48,48,2500,1750,375,375,0.5274285714285715,0.584,5m_others,price_seq_others,DOGEUSDT_volume_log_z,0.44017094017094016,0.3274536408864767,0.0,0.0,0.1309814563545907,volume,log_z,symbol,volume_log_z
48,12,48,48,2500,1750,375,375,0.5274285714285715,0.584,5m_others,price_seq_others,DOGEUSDT_sell_volume_z_short,0.6030909729539866,0.3242009132420091,0.0,0.0,0.22246224095539163,sell_volume,z_short,symbol,sell_volume_z_short
48,12,48,48,2500,1750,375,375,0.5274285714285715,0.584,5m_others,price_seq_others,DOGEUSDT_rsi_14,0.37296569488350306,0.32973944294699015,0.0,0.0,0.13189577717879605,rsi_14,raw,symbol,rsi_14
48,12,48,48,2500,1750,375,375,0.5274285714285715,0.584,5m_others,price_seq_others,DOGEUSDT_buy_volume_z_long,0.4625336611637981,0.3301929116195603,0.0,0.0,0.13207716464782412,buy_volume,z_long,symbol,buy_volume_z_long
48,12,48,48,2500,1750,375,375,0.5274285714285715,0.584,5m_others,price_seq_others,DOGEUSDT_up_volume_ratio_12,0.6204484252429459,0.32791327913279134,0.0,0.0,0.23956889437176782,up_volume_ratio_12,raw,symbol,up_volume_ratio_12
48,12,48,48,2500,1750,375,375,0.5274285714285715,0.584,5m_others,price_seq_others,DOGEUSDT_volume_ratio_z_long,0.5812258517737969,0.3301929116195603,0.0,0.0,0.20518043124424135,volume_ratio,z_long,symbol,volume_ratio_z_long
48,12,48,48,2500,1750,375,375,0.5274285714285715,0.584,5m_others,price_seq_others,DOGEUSDT_high_roc_12,0.6375424423369629,0.32323232323232326,0.0,0.0,0.2530811273961959,high,roc_12,symbol,high_roc_12
48,12,48,48,2500,1750,375,375,0.5274285714285715,0.584,5m_others,price_seq_others,DOGEUSDT_trades_roc_12,0.2716163212738555,0.31054131054131057,0.0,0.0,0.12421652421652424,trades,roc_12,symbol,trades_roc_12
48,12,48,48,2500,1750,375,375,0.5274285714285715,0.584,5m_others,price_seq_others,DOGEUSDT_quote_volume_z_long,0.5178111462358037,0.3301929116195603,28.0,0.006549707602339181,0.14908965240039834,quote_volume,z_long,symbol,quote_volume_z_long
48,12,48,48,2500,1750,375,375,0.5274285714285715,0.584,5m_others,price_seq_others,DOGEUSDT_volume_impact_scale,0.48081313663505443,0.32882882882882886,59.0,0.013801169590643274,0.13360170697012805,volume_impact,scale,symbol,volume_impact_scale
48,12,48,48,2500,1750,375,375,0.5274285714285715,0.584,5m_others,price_seq_others,1000PEPEUSDT_trades_z_short,0.6006615150450766,0.40725055565567364,123.0,0.028771929824561403,0.2578113752765226,trades,z_short,symbol,trades_z_short
48,12,48,48,2500,1750,375,375,0.5274285714285715,0.584,5m_others,price_seq_others,1000PEPEUSDT_long_short_ratio_z_short,0.6594368340943684,0.3301929116195603,98.0,0.022923976608187135,0.27900891182398374,long_short_ratio,z_short,symbol,long_short_ratio_z_short
48,12,48,48,2500,1750,375,375,0.5274285714285715,0.584,5m_others,price_seq_others,1000PEPEUSDT_volume_log_z,0.7116994497131482,0.3301929116195603,96.0,0.02245614035087719,0.3259750904422891,volume,log_z,symbol,volume_log_z
48,12,48,48,2500,1750,375,375,0.5274285714285715,0.584,5m_others,price_seq_others,1000PEPEUSDT_sell_volume_z_short,0.5438765952464583,0.3301929116195603,87.0,0.020350877192982456,0.17461873194858393,sell_volume,z_short,symbol,sell_volume_z_short
48,12,48,48,2500,1750,375,375,0.5274285714285715,0.584,5m_others,price_seq_others,1000PEPEUSDT_rsi_14,0.3868692190609999,0.3301929116195603,84.0,0.019649122807017545,0.13502453306887677,rsi_14,raw,symbol,rsi_14
48,12,48,48,2500,1750,375,375,0.5274285714285715,0.584,5m_others,price_seq_others,1000PEPEUSDT_buy_volume_z_long,0.4601042032548882,0.32088520055325037,93.0,0.02175438596491228,0.13161723811603698,buy_volume,z_long,symbol,buy_volume_z_long
48,12,48,48,2500,1750,375,375,0.5274285714285715,0.584,5m_others,price_seq_others,1000PEPEUSDT_up_volume_ratio_12,0.3687507317644304,0.3301929116195603,148.0,0.034619883040935676,0.13727014710396448,up_volume_ratio_12,raw,symbol,up_volume_ratio_12
48,12,48,48,2500,1750,375,375,0.5274285714285715,0.584,5m_others,price_seq_others,1000PEPEUSDT_volume_ratio_z_long,0.6719646411427234,0.3301929116195603,87.0,0.020350877192982456,0.28989797325522254,volume_ratio,z_long,symbol,volume_ratio_z_long
48,12,48,48,2500,1750,375,375,0.5274285714285715,0.584,5m_others,price_seq_others,1000PEPEUSDT_high_roc_12,0.7368282402528978,0.4394557823129252,93.0,0.02175438596491228,0.39219088704751504,high,roc_12,symbol,high_roc_12
48,12,48,48,2500,1750,375,375,0.5274285714285715,0.584,5m_others,price_seq_others,1000PEPEUSDT_trades_roc_12,0.2677233345041564,0.3301929116195603,63.0,0.014736842105263158,0.1342876909636136,trades,roc_12,symbol,trades_roc_12
48,12,48,48,2500,1750,375,375,0.5274285714285715,0.584,5m_others,price_seq_others,1000PEPEUSDT_quote_volume_z_long,0.34190961245755763,0.3301929116195603,44.0,0.010292397660818714,0.13362102429694694,quote_volume,z_long,symbol,quote_volume_z_long
48,12,48,48,2500,1750,375,375,0.5274285714285715,0.584,5m_others,price_seq_others,1000PEPEUSDT_volume_impact_scale,0.746209460250556,0.3301929116195603,72.0,0.016842105263157894,0.3561919946627983,volume_impact,scale,symbol,volume_impact_scale
48,12,48,48,2500,1750,375,375,0.5274285714285715,0.584,1d_target,price_seq_1d_target,ret_1d_z_short,0.5,0.3301929116195603,0.0,0.0,0.13207716464782412,ret_1d,z_short,global,ret_1d_z_short
48,12,48,48,2500,1750,375,375,0.5274285714285715,0.584,1d_target,price_seq_1d_target,ret_3d_z_short,0.5,0.3301929116195603,0.0,0.0,0.13207716464782412,ret_3d,z_short,global,ret_3d_z_short
48,12,48,48,2500,1750,375,375,0.5274285714285715,0.584,1d_target,price_seq_1d_target,ret_7d_z_long,0.5,0.3301929116195603,0.0,0.0,0.13207716464782412,ret_7d,z_long,global,ret_7d_z_long
48,12,48,48,2500,1750,375,375,0.5274285714285715,0.584,1d_target,price_seq_1d_target,body_1d_z,0.5,0.3301929116195603,0.0,0.0,0.13207716464782412,body_1d,z,global,body_1d_z
48,12,48,48,2500,1750,375,375,0.5274285714285715,0.584,1d_target,price_seq_1d_target,oi_close_scale,0.5,0.3301929116195603,0.0,0.0,0.13207716464782412,oi_close,scale,global,oi_close_scale
48,12,48,48,2500,1750,375,375,0.5274285714285715,0.584,1d_target,price_seq_1d_target,funding_close_scale,0.5,0.3301929116195603,0.0,0.0,0.13207716464782412,funding_close,scale,global,funding_close_scale
48,12,48,48,2500,1750,375,375,0.5274285714285715,0.584,1d_target,price_seq_1d_target,ls_account_ratio_z,0.5,0.3301929116195603,0.0,0.0,0.13207716464782412,ls_account_ratio,z,global,ls_account_ratio_z
48,12,48,48,2500,1750,375,375,0.5274285714285715,0.584,1d_target,price_seq_1d_target,liq_long_log_scale,0.5,0.3301929116195603,0.0,0.0,0.13207716464782412,liq_long_log,scale,global,liq_long_log_scale
48,12,48,48,2500,1750,375,375,0.5274285714285715,0.584,1d_target,price_seq_1d_target,volume_impact_scale,0.5,0.3301929116195603,0.0,0.0,0.13207716464782412,volume_impact,scale,global,volume_impact_scale
48,12,48,48,2500,1750,375,375,0.5274285714285715,0.584,1d_target,price_seq_1d_target,open_ema_12_48_spread,0.5,0.3301929116195603,0.0,0.0,0.13207716464782412,open,ema_12_48_spread,global,open_ema_12_48_spread
48,12,48,48,2500,1750,375,375,0.5274285714285715,0.584,1d_target,price_seq_1d_target,high_z_long,0.5,0.3301929116195603,0.0,0.0,0.13207716464782412,high,z_long,global,high_z_long
48,12,48,48,2500,1750,375,375,0.5274285714285715,0.584,1d_target,price_seq_1d_target,close_roc_12,0.5,0.3301929116195603,0.0,0.0,0.13207716464782412,close,roc_12,global,close_roc_12
48,12,48,48,2500,1750,375,375,0.5274285714285715,0.584,1d_target,price_seq_1d_target,close_ema_12_48_spread,0.5,0.3301929116195603,0.0,0.0,0.13207716464782412,close,ema_12_48_spread,global,close_ema_12_48_spread
48,12,48,48,2500,1750,375,375,0.5274285714285715,0.584,1d_target,price_seq_1d_target,sell_volume_roc_1,0.5,0.3301929116195603,0.0,0.0,0.13207716464782412,sell_volume,roc_1,global,sell_volume_roc_1
48,12,48,48,2500,1750,375,375,0.5274285714285715,0.584,1d_target,price_seq_1d_target,quote_volume_z_long,0.5,0.3301929116195603,0.0,0.0,0.13207716464782412,quote_volume,z_long,global,quote_volume_z_long
48,12,48,48,2500,1750,375,375,0.5274285714285715,0.584,1d_target,price_seq_1d_target,liq_long_ema_12_48_spread,0.5,0.3301929116195603,0.0,0.0,0.13207716464782412,liq_long,ema_12_48_spread,global,liq_long_ema_12_48_spread
48,12,48,48,2500,1750,375,375,0.5274285714285715,0.584,1d_others,price_seq_1d_others,ETHUSDT_ret_1d_scale,0.5,0.3301929116195603,0.0,0.0,0.13207716464782412,ret_1d,scale,symbol,ret_1d_scale
48,12,48,48,2500,1750,375,375,0.5274285714285715,0.584,1d_others,price_seq_1d_others,ETHUSDT_ret_3d_z,0.5,0.3301929116195603,0.0,0.0,0.13207716464782412,ret_3d,z,symbol,ret_3d_z
48,12,48,48,2500,1750,375,375,0.5274285714285715,0.584,1d_others,price_seq_1d_others,ETHUSDT_oi_close_scale,0.5,0.3301929116195603,0.0,0.0,0.13207716464782412,oi_close,scale,symbol,oi_close_scale
48,12,48,48,2500,1750,375,375,0.5274285714285715,0.584,1d_others,price_seq_1d_others,ETHUSDT_ls_account_ratio_z,0.5,0.3301929116195603,0.0,0.0,0.13207716464782412,ls_account_ratio,z,symbol,ls_account_ratio_z
48,12,48,48,2500,1750,375,375,0.5274285714285715,0.584,1d_others,price_seq_1d_others,ETHUSDT_liq_long_log_z,0.5,0.3301929116195603,0.0,0.0,0.13207716464782412,liq_long,log_z,symbol,liq_long_log_z
48,12,48,48,2500,1750,375,375,0.5274285714285715,0.584,1d_others,price_seq_1d_others,ETHUSDT_open_z_short,0.5,0.3301929116195603,296.0,0.18026796589524968,0.1591173595321116,open,z_short,symbol,open_z_short
48,12,48,48,2500,1750,375,375,0.5274285714285715,0.584,1d_others,price_seq_1d_others,ETHUSDT_high_roc_12,0.5,0.3301929116195603,0.0,0.0,0.13207716464782412,high,roc_12,symbol,high_roc_12
48,12,48,48,2500,1750,375,375,0.5274285714285715,0.584,1d_others,price_seq_1d_others,ETHUSDT_low_z_short,0.5,0.3301929116195603,0.0,0.0,0.13207716464782412,low,z_short,symbol,low_z_short
48,12,48,48,2500,1750,375,375,0.5274285714285715,0.584,1d_others,price_seq_1d_others,ETHUSDT_low_roc_1,0.5,0.3301929116195603,0.0,0.0,0.13207716464782412,low,roc_1,symbol,low_roc_1
48,12,48,48,2500,1750,375,375,0.5274285714285715,0.584,1d_others,price_seq_1d_others,ETHUSDT_volume_roc_1,0.5,0.3301929116195603,0.0,0.0,0.13207716464782412,volume,roc_1,symbol,volume_roc_1
48,12,48,48,2500,1750,375,375,0.5274285714285715,0.584,1d_others,price_seq_1d_others,ETHUSDT_volume_ema_12_48_spread,0.5,0.3301929116195603,0.0,0.0,0.13207716464782412,volume,ema_12_48_spread,symbol,volume_ema_12_48_spread
48,12,48,48,2500,1750,375,375,0.5274285714285715,0.584,1d_others,price_seq_1d_others,ETHUSDT_buy_volume_z_long,0.5,0.3301929116195603,0.0,0.0,0.13207716464782412,buy_volume,z_long,symbol,buy_volume_z_long
48,12,48,48,2500,1750,375,375,0.5274285714285715,0.584,1d_others,price_seq_1d_others,ETHUSDT_buy_volume_roc_12,0.5,0.3301929116195603,0.0,0.0,0.13207716464782412,buy_volume,roc_12,symbol,buy_volume_roc_12
48,12,48,48,2500,1750,375,375,0.5274285714285715,0.584,1d_others,price_seq_1d_others,ETHUSDT_volume_ratio_z_long,0.5,0.3301929116195603,0.0,0.0,0.13207716464782412,volume_ratio,z_long,symbol,volume_ratio_z_long
48,12,48,48,2500,1750,375,375,0.5274285714285715,0.584,1d_others,price_seq_1d_others,ETHUSDT_trades_z_short,0.5,0.3301929116195603,0.0,0.0,0.13207716464782412,trades,z_short,symbol,trades_z_short
48,12,48,48,2500,1750,375,375,0.5274285714285715,0.584,1d_others,price_seq_1d_others,ETHUSDT_trades_z_long,0.5,0.3301929116195603,0.0,0.0,0.13207716464782412,trades,z_long,symbol,trades_z_long
48,12,48,48,2500,1750,375,375,0.5274285714285715,0.584,1d_others,price_seq_1d_others,ETHUSDT_trades_ema_12_48_spread,0.5856896147992038,0.3301929116195603,787.0,0.47929354445797806,0.28109184963580425,trades,ema_12_48_spread,symbol,trades_ema_12_48_spread
48,12,48,48,2500,1750,375,375,0.5274285714285715,0.584,1d_others,price_seq_1d_others,ETHUSDT_quote_volume_z_short,0.5,0.3301929116195603,0.0,0.0,0.13207716464782412,quote_volume,z_short,symbol,quote_volume_z_short
48,12,48,48,2500,1750,375,375,0.5274285714285715,0.584,1d_others,price_seq_1d_others,ETHUSDT_quote_volume_roc_1,0.5,0.3301929116195603,0.0,0.0,0.13207716464782412,quote_volume,roc_1,symbol,quote_volume_roc_1
48,12,48,48,2500,1750,375,375,0.5274285714285715,0.584,1d_others,price_seq_1d_others,ETHUSDT_quote_volume_roc_12,0.5,0.3301929116195603,0.0,0.0,0.13207716464782412,quote_volume,roc_12,symbol,quote_volume_roc_12
48,12,48,48,2500,1750,375,375,0.5274285714285715,0.584,1d_others,price_seq_1d_others,ETHUSDT_oi_close_z_long,0.5,0.3301929116195603,0.0,0.0,0.13207716464782412,oi_close,z_long,symbol,oi_close_z_long
48,12,48,48,2500,1750,375,375,0.5274285714285715,0.584,1d_others,price_seq_1d_others,ETHUSDT_oi_close_roc_1,0.5,0.3301929116195603,0.0,0.0,0.13207716464782412,oi_close,roc_1,symbol,oi_close_roc_1
48,12,48,48,2500,1750,375,375,0.5274285714285715,0.584,1d_others,price_seq_1d_others,ETHUSDT_liq_long_z_long,0.5,0.3301929116195603,0.0,0.0,0.13207716464782412,liq_long,z_long,symbol,liq_long_z_long
48,12,48,48,2500,1750,375,375,0.5274285714285715,0.584,1d_others,price_seq_1d_others,ETHUSDT_liq_long_roc_1,0.5,0.3301929116195603,0.0,0.0,0.13207716464782412,liq_long,roc_1,symbol,liq_long_roc_1
48,12,48,48,2500,1750,375,375,0.5274285714285715,0.584,1d_others,price_seq_1d_others,ETHUSDT_liq_short_z_short,0.5,0.3301929116195603,0.0,0.0,0.13207716464782412,liq_short,z_short,symbol,liq_short_z_short
48,12,48,48,2500,1750,375,375,0.5274285714285715,0.584,1d_others,price_seq_1d_others,ETHUSDT_liq_short_z_long,0.5,0.3301929116195603,0.0,0.0,0.13207716464782412,liq_short,z_long,symbol,liq_short_z_long
48,12,48,48,2500,1750,375,375,0.5274285714285715,0.584,1d_others,price_seq_1d_others,ETHUSDT_liq_short_roc_1,0.5,0.3301929116195603,0.0,0.0,0.13207716464782412,liq_short,roc_1,symbol,liq_short_roc_1
48,12,48,48,2500,1750,375,375,0.5274285714285715,0.584,1d_others,price_seq_1d_others,ETHUSDT_ob_imbalance_roc_12,0.5,0.3301929116195603,0.0,0.0,0.13207716464782412,ob_imbalance,roc_12,symbol,ob_imbalance_roc_12
48,12,48,48,2500,1750,375,375,0.5274285714285715,0.584,1d_others,price_seq_1d_others,SOLUSDT_ret_1d_scale,0.5,0.3301929116195603,0.0,0.0,0.13207716464782412,ret_1d,scale,symbol,ret_1d_scale
48,12,48,48,2500,1750,375,375,0.5274285714285715,0.584,1d_others,price_seq_1d_others,SOLUSDT_ret_3d_z,0.5,0.3301929116195603,0.0,0.0,0.13207716464782412,ret_3d,z,symbol,ret_3d_z
48,12,48,48,2500,1750,375,375,0.5274285714285715,0.584,1d_others,price_seq_1d_others,SOLUSDT_oi_close_scale,0.5,0.3301929116195603,0.0,0.0,0.13207716464782412,oi_close,scale,symbol,oi_close_scale
48,12,48,48,2500,1750,375,375,0.5274285714285715,0.584,1d_others,price_seq_1d_others,SOLUSDT_ls_account_ratio_z,0.5,0.3301929116195603,0.0,0.0,0.13207716464782412,ls_account_ratio,z,symbol,ls_account_ratio_z
48,12,48,48,2500,1750,375,375,0.5274285714285715,0.584,1d_others,price_seq_1d_others,SOLUSDT_liq_long_log_z,0.5,0.3301929116195603,0.0,0.0,0.13207716464782412,liq_long,log_z,symbol,liq_long_log_z
48,12,48,48,2500,1750,375,375,0.5274285714285715,0.584,1d_others,price_seq_1d_others,SOLUSDT_open_z_short,0.5,0.3301929116195603,287.0,0.17478684531059682,0.15829519144441365,open,z_short,symbol,open_z_short
48,12,48,48,2500,1750,375,375,0.5274285714285715,0.584,1d_others,price_seq_1d_others,SOLUSDT_high_roc_12,0.5,0.3301929116195603,0.0,0.0,0.13207716464782412,high,roc_12,symbol,high_roc_12
48,12,48,48,2500,1750,375,375,0.5274285714285715,0.584,1d_others,price_seq_1d_others,SOLUSDT_low_z_short,0.5,0.3301929116195603,0.0,0.0,0.13207716464782412,low,z_short,symbol,low_z_short
48,12,48,48,2500,1750,375,375,0.5274285714285715,0.584,1d_others,price_seq_1d_others,SOLUSDT_low_roc_1,0.5,0.3301929116195603,0.0,0.0,0.13207716464782412,low,roc_1,symbol,low_roc_1
48,12,48,48,2500,1750,375,375,0.5274285714285715,0.584,1d_others,price_seq_1d_others,SOLUSDT_volume_roc_1,0.5,0.3301929116195603,0.0,0.0,0.13207716464782412,volume,roc_1,symbol,volume_roc_1
48,12,48,48,2500,1750,375,375,0.5274285714285715,0.584,1d_others,price_seq_1d_others,SOLUSDT_volume_ema_12_48_spread,0.5,0.3301929116195603,0.0,0.0,0.13207716464782412,volume,ema_12_48_spread,symbol,volume_ema_12_48_spread
48,12,48,48,2500,1750,375,375,0.5274285714285715,0.584,1d_others,price_seq_1d_others,SOLUSDT_buy_volume_z_long,0.5,0.3301929116195603,0.0,0.0,0.13207716464782412,buy_volume,z_long,symbol,buy_volume_z_long
48,12,48,48,2500,1750,375,375,0.5274285714285715,0.584,1d_others,price_seq_1d_others,SOLUSDT_buy_volume_roc_12,0.5,0.3301929116195603,0.0,0.0,0.13207716464782412,buy_volume,roc_12,symbol,buy_volume_roc_12
48,12,48,48,2500,1750,375,375,0.5274285714285715,0.584,1d_others,price_seq_1d_others,SOLUSDT_volume_ratio_z_long,0.5,0.3301929116195603,0.0,0.0,0.13207716464782412,volume_ratio,z_long,symbol,volume_ratio_z_long
48,12,48,48,2500,1750,375,375,0.5274285714285715,0.584,1d_others,price_seq_1d_others,SOLUSDT_trades_z_short,0.5,0.3301929116195603,0.0,0.0,0.13207716464782412,trades,z_short,symbol,trades_z_short
48,12,48,48,2500,1750,375,375,0.5274285714285715,0.584,1d_others,price_seq_1d_others,SOLUSDT_trades_z_long,0.5,0.3301929116195603,0.0,0.0,0.13207716464782412,trades,z_long,symbol,trades_z_long
48,12,48,48,2500,1750,375,375,0.5274285714285715,0.584,1d_others,price_seq_1d_others,SOLUSDT_trades_ema_12_48_spread,0.5,0.3301929116195603,0.0,0.0,0.13207716464782412,trades,ema_12_48_spread,symbol,trades_ema_12_48_spread
48,12,48,48,2500,1750,375,375,0.5274285714285715,0.584,1d_others,price_seq_1d_others,SOLUSDT_quote_volume_z_short,0.5,0.3301929116195603,0.0,0.0,0.13207716464782412,quote_volume,z_short,symbol,quote_volume_z_short
48,12,48,48,2500,1750,375,375,0.5274285714285715,0.584,1d_others,price_seq_1d_others,SOLUSDT_quote_volume_roc_1,0.5,0.3301929116195603,0.0,0.0,0.13207716464782412,quote_volume,roc_1,symbol,quote_volume_roc_1
48,12,48,48,2500,1750,375,375,0.5274285714285715,0.584,1d_others,price_seq_1d_others,SOLUSDT_quote_volume_roc_12,0.5,0.3301929116195603,0.0,0.0,0.13207716464782412,quote_volume,roc_12,symbol,quote_volume_roc_12
48,12,48,48,2500,1750,375,375,0.5274285714285715,0.584,1d_others,price_seq_1d_others,SOLUSDT_oi_close_z_long,0.5,0.3301929116195603,0.0,0.0,0.13207716464782412,oi_close,z_long,symbol,oi_close_z_long
48,12,48,48,2500,1750,375,375,0.5274285714285715,0.584,1d_others,price_seq_1d_others,SOLUSDT_oi_close_roc_1,0.5,0.3301929116195603,0.0,0.0,0.13207716464782412,oi_close,roc_1,symbol,oi_close_roc_1
48,12,48,48,2500,1750,375,375,0.5274285714285715,0.584,1d_others,price_seq_1d_others,SOLUSDT_liq_long_z_long,0.4217743823908207,0.3301929116195603,225.0,0.13702801461632155,0.15263136684027234,liq_long,z_long,symbol,liq_long_z_long
48,12,48,48,2500,1750,375,375,0.5274285714285715,0.584,1d_others,price_seq_1d_others,SOLUSDT_liq_long_roc_1,0.5,0.3301929116195603,0.0,0.0,0.13207716464782412,liq_long,roc_1,symbol,liq_long_roc_1
48,12,48,48,2500,1750,375,375,0.5274285714285715,0.584,1d_others,price_seq_1d_others,SOLUSDT_liq_short_z_short,0.5,0.3301929116195603,0.0,0.0,0.13207716464782412,liq_short,z_short,symbol,liq_short_z_short
48,12,48,48,2500,1750,375,375,0.5274285714285715,0.584,1d_others,price_seq_1d_others,SOLUSDT_liq_short_z_long,0.5,0.3301929116195603,0.0,0.0,0.13207716464782412,liq_short,z_long,symbol,liq_short_z_long
48,12,48,48,2500,1750,375,375,0.5274285714285715,0.584,1d_others,price_seq_1d_others,SOLUSDT_liq_short_roc_1,0.5,0.3301929116195603,0.0,0.0,0.13207716464782412,liq_short,roc_1,symbol,liq_short_roc_1
48,12,48,48,2500,1750,375,375,0.5274285714285715,0.584,1d_others,price_seq_1d_others,SOLUSDT_ob_imbalance_roc_12,0.5,0.3301929116195603,0.0,0.0,0.13207716464782412,ob_imbalance,roc_12,symbol,ob_imbalance_roc_12
48,12,48,48,2500,1750,375,375,0.5274285714285715,0.584,1d_others,price_seq_1d_others,DOGEUSDT_ret_1d_scale,0.5,0.3301929116195603,0.0,0.0,0.13207716464782412,ret_1d,scale,symbol,ret_1d_scale
48,12,48,48,2500,1750,375,375,0.5274285714285715,0.584,1d_others,price_seq_1d_others,DOGEUSDT_ret_3d_z,0.5,0.3301929116195603,0.0,0.0,0.13207716464782412,ret_3d,z,symbol,ret_3d_z
48,12,48,48,2500,1750,375,375,0.5274285714285715,0.584,1d_others,price_seq_1d_others,DOGEUSDT_oi_close_scale,0.5,0.3301929116195603,0.0,0.0,0.13207716464782412,oi_close,scale,symbol,oi_close_scale
48,12,48,48,2500,1750,375,375,0.5274285714285715,0.584,1d_others,price_seq_1d_others,DOGEUSDT_ls_account_ratio_z,0.5,0.3301929116195603,0.0,0.0,0.13207716464782412,ls_account_ratio,z,symbol,ls_account_ratio_z
48,12,48,48,2500,1750,375,375,0.5274285714285715,0.584,1d_others,price_seq_1d_others,DOGEUSDT_liq_long_log_z,0.5,0.3301929116195603,0.0,0.0,0.13207716464782412,liq_long,log_z,symbol,liq_long_log_z
48,12,48,48,2500,1750,375,375,0.5274285714285715,0.584,1d_others,price_seq_1d_others,DOGEUSDT_open_z_short,0.5,0.3301929116195603,0.0,0.0,0.13207716464782412,open,z_short,symbol,open_z_short
48,12,48,48,2500,1750,375,375,0.5274285714285715,0.584,1d_others,price_seq_1d_others,DOGEUSDT_high_roc_12,0.5,0.3301929116195603,0.0,0.0,0.13207716464782412,high,roc_12,symbol,high_roc_12
48,12,48,48,2500,1750,375,375,0.5274285714285715,0.584,1d_others,price_seq_1d_others,DOGEUSDT_low_z_short,0.5,0.3301929116195603,0.0,0.0,0.13207716464782412,low,z_short,symbol,low_z_short
48,12,48,48,2500,1750,375,375,0.5274285714285715,0.584,1d_others,price_seq_1d_others,DOGEUSDT_low_roc_1,0.5,0.3301929116195603,0.0,0.0,0.13207716464782412,low,roc_1,symbol,low_roc_1
48,12,48,48,2500,1750,375,375,0.5274285714285715,0.584,1d_others,price_seq_1d_others,DOGEUSDT_volume_roc_1,0.5,0.3301929116195603,0.0,0.0,0.13207716464782412,volume,roc_1,symbol,volume_roc_1
48,12,48,48,2500,1750,375,375,0.5274285714285715,0.584,1d_others,price_seq_1d_others,DOGEUSDT_volume_ema_12_48_spread,0.5,0.3301929116195603,0.0,0.0,0.13207716464782412,volume,ema_12_48_spread,symbol,volume_ema_12_48_spread
48,12,48,48,2500,1750,375,375,0.5274285714285715,0.584,1d_others,price_seq_1d_others,DOGEUSDT_buy_volume_z_long,0.5,0.3301929116195603,0.0,0.0,0.13207716464782412,buy_volume,z_long,symbol,buy_volume_z_long
48,12,48,48,2500,1750,375,375,0.5274285714285715,0.584,1d_others,price_seq_1d_others,DOGEUSDT_buy_volume_roc_12,0.5,0.3301929116195603,0.0,0.0,0.13207716464782412,buy_volume,roc_12,symbol,buy_volume_roc_12
48,12,48,48,2500,1750,375,375,0.5274285714285715,0.584,1d_others,price_seq_1d_others,DOGEUSDT_volume_ratio_z_long,0.5,0.3301929116195603,0.0,0.0,0.13207716464782412,volume_ratio,z_long,symbol,volume_ratio_z_long
48,12,48,48,2500,1750,375,375,0.5274285714285715,0.584,1d_others,price_seq_1d_others,DOGEUSDT_trades_z_short,0.5,0.3301929116195603,0.0,0.0,0.13207716464782412,trades,z_short,symbol,trades_z_short
48,12,48,48,2500,1750,375,375,0.5274285714285715,0.584,1d_others,price_seq_1d_others,DOGEUSDT_trades_z_long,0.5,0.3301929116195603,0.0,0.0,0.13207716464782412,trades,z_long,symbol,trades_z_long
48,12,48,48,2500,1750,375,375,0.5274285714285715,0.584,1d_others,price_seq_1d_others,DOGEUSDT_trades_ema_12_48_spread,0.5,0.3301929116195603,0.0,0.0,0.13207716464782412,trades,ema_12_48_spread,symbol,trades_ema_12_48_spread
48,12,48,48,2500,1750,375,375,0.5274285714285715,0.584,1d_others,price_seq_1d_others,DOGEUSDT_quote_volume_z_short,0.5,0.3301929116195603,0.0,0.0,0.13207716464782412,quote_volume,z_short,symbol,quote_volume_z_short
48,12,48,48,2500,1750,375,375,0.5274285714285715,0.584,1d_others,price_seq_1d_others,DOGEUSDT_quote_volume_roc_1,0.5,0.3301929116195603,0.0,0.0,0.13207716464782412,quote_volume,roc_1,symbol,quote_volume_roc_1
48,12,48,48,2500,1750,375,375,0.5274285714285715,0.584,1d_others,price_seq_1d_others,DOGEUSDT_quote_volume_roc_12,0.5,0.3301929116195603,0.0,0.0,0.13207716464782412,quote_volume,roc_12,symbol,quote_volume_roc_12
48,12,48,48,2500,1750,375,375,0.5274285714285715,0.584,1d_others,price_seq_1d_others,DOGEUSDT_oi_close_z_long,0.5,0.3301929116195603,0.0,0.0,0.13207716464782412,oi_close,z_long,symbol,oi_close_z_long
48,12,48,48,2500,1750,375,375,0.5274285714285715,0.584,1d_others,price_seq_1d_others,DOGEUSDT_oi_close_roc_1,0.5,0.3301929116195603,0.0,0.0,0.13207716464782412,oi_close,roc_1,symbol,oi_close_roc_1
48,12,48,48,2500,1750,375,375,0.5274285714285715,0.584,1d_others,price_seq_1d_others,DOGEUSDT_liq_long_z_long,0.5,0.3301929116195603,0.0,0.0,0.13207716464782412,liq_long,z_long,symbol,liq_long_z_long
48,12,48,48,2500,1750,375,375,0.5274285714285715,0.584,1d_others,price_seq_1d_others,DOGEUSDT_liq_long_roc_1,0.5,0.3301929116195603,0.0,0.0,0.13207716464782412,liq_long,roc_1,symbol,liq_long_roc_1
48,12,48,48,2500,1750,375,375,0.5274285714285715,0.584,1d_others,price_seq_1d_others,DOGEUSDT_liq_short_z_short,0.5,0.3301929116195603,0.0,0.0,0.13207716464782412,liq_short,z_short,symbol,liq_short_z_short
48,12,48,48,2500,1750,375,375,0.5274285714285715,0.584,1d_others,price_seq_1d_others,DOGEUSDT_liq_short_z_long,0.5,0.3301929116195603,0.0,0.0,0.13207716464782412,liq_short,z_long,symbol,liq_short_z_long
48,12,48,48,2500,1750,375,375,0.5274285714285715,0.584,1d_others,price_seq_1d_others,DOGEUSDT_liq_short_roc_1,0.5,0.3301929116195603,0.0,0.0,0.13207716464782412,liq_short,roc_1,symbol,liq_short_roc_1
48,12,48,48,2500,1750,375,375,0.5274285714285715,0.584,1d_others,price_seq_1d_others,DOGEUSDT_ob_imbalance_roc_12,0.5,0.3301929116195603,0.0,0.0,0.13207716464782412,ob_imbalance,roc_12,symbol,ob_imbalance_roc_12
48,12,48,48,2500,1750,375,375,0.5274285714285715,0.584,1d_others,price_seq_1d_others,1000PEPEUSDT_ret_1d_scale,0.4217743823908207,0.3301929116195603,0.0,0.0,0.13207716464782412,ret_1d,scale,symbol,ret_1d_scale
48,12,48,48,2500,1750,375,375,0.5274285714285715,0.584,1d_others,price_seq_1d_others,1000PEPEUSDT_ret_3d_z,0.5,0.3301929116195603,0.0,0.0,0.13207716464782412,ret_3d,z,symbol,ret_3d_z
48,12,48,48,2500,1750,375,375,0.5274285714285715,0.584,1d_others,price_seq_1d_others,1000PEPEUSDT_oi_close_scale,0.5,0.3301929116195603,0.0,0.0,0.13207716464782412,oi_close,scale,symbol,oi_close_scale
48,12,48,48,2500,1750,375,375,0.5274285714285715,0.584,1d_others,price_seq_1d_others,1000PEPEUSDT_ls_account_ratio_z,0.5,0.3301929116195603,0.0,0.0,0.13207716464782412,ls_account_ratio,z,symbol,ls_account_ratio_z
48,12,48,48,2500,1750,375,375,0.5274285714285715,0.584,1d_others,price_seq_1d_others,1000PEPEUSDT_liq_long_log_z,0.5,0.3301929116195603,0.0,0.0,0.13207716464782412,liq_long,log_z,symbol,liq_long_log_z
48,12,48,48,2500,1750,375,375,0.5274285714285715,0.584,1d_others,price_seq_1d_others,1000PEPEUSDT_open_z_short,0.5,0.3301929116195603,0.0,0.0,0.13207716464782412,open,z_short,symbol,open_z_short
48,12,48,48,2500,1750,375,375,0.5274285714285715,0.584,1d_others,price_seq_1d_others,1000PEPEUSDT_high_roc_12,0.5,0.3301929116195603,0.0,0.0,0.13207716464782412,high,roc_12,symbol,high_roc_12
48,12,48,48,2500,1750,375,375,0.5274285714285715,0.584,1d_others,price_seq_1d_others,1000PEPEUSDT_low_z_short,0.5,0.3301929116195603,0.0,0.0,0.13207716464782412,low,z_short,symbol,low_z_short
48,12,48,48,2500,1750,375,375,0.5274285714285715,0.584,1d_others,price_seq_1d_others,1000PEPEUSDT_low_roc_1,0.5,0.3301929116195603,0.0,0.0,0.13207716464782412,low,roc_1,symbol,low_roc_1
48,12,48,48,2500,1750,375,375,0.5274285714285715,0.584,1d_others,price_seq_1d_others,1000PEPEUSDT_volume_roc_1,0.5,0.3301929116195603,0.0,0.0,0.13207716464782412,volume,roc_1,symbol,volume_roc_1
48,12,48,48,2500,1750,375,375,0.5274285714285715,0.584,1d_others,price_seq_1d_others,1000PEPEUSDT_volume_ema_12_48_spread,0.5,0.3301929116195603,0.0,0.0,0.13207716464782412,volume,ema_12_48_spread,symbol,volume_ema_12_48_spread
48,12,48,48,2500,1750,375,375,0.5274285714285715,0.584,1d_others,price_seq_1d_others,1000PEPEUSDT_buy_volume_z_long,0.5,0.3301929116195603,0.0,0.0,0.13207716464782412,buy_volume,z_long,symbol,buy_volume_z_long
48,12,48,48,2500,1750,375,375,0.5274285714285715,0.584,1d_others,price_seq_1d_others,1000PEPEUSDT_buy_volume_roc_12,0.5,0.3301929116195603,0.0,0.0,0.13207716464782412,buy_volume,roc_12,symbol,buy_volume_roc_12
48,12,48,48,2500,1750,375,375,0.5274285714285715,0.584,1d_others,price_seq_1d_others,1000PEPEUSDT_volume_ratio_z_long,0.5,0.3301929116195603,0.0,0.0,0.13207716464782412,volume_ratio,z_long,symbol,volume_ratio_z_long
48,12,48,48,2500,1750,375,375,0.5274285714285715,0.584,1d_others,price_seq_1d_others,1000PEPEUSDT_trades_z_short,0.5,0.3301929116195603,0.0,0.0,0.13207716464782412,trades,z_short,symbol,trades_z_short
48,12,48,48,2500,1750,375,375,0.5274285714285715,0.584,1d_others,price_seq_1d_others,1000PEPEUSDT_trades_z_long,0.5,0.3301929116195603,0.0,0.0,0.13207716464782412,trades,z_long,symbol,trades_z_long
48,12,48,48,2500,1750,375,375,0.5274285714285715,0.584,1d_others,price_seq_1d_others,1000PEPEUSDT_trades_ema_12_48_spread,0.5,0.3301929116195603,0.0,0.0,0.13207716464782412,trades,ema_12_48_spread,symbol,trades_ema_12_48_spread
48,12,48,48,2500,1750,375,375,0.5274285714285715,0.584,1d_others,price_seq_1d_others,1000PEPEUSDT_quote_volume_z_short,0.6593782929399368,0.3301929116195603,43.0,0.026187576126674786,0.27944576471276844,quote_volume,z_short,symbol,quote_volume_z_short
48,12,48,48,2500,1750,375,375,0.5274285714285715,0.584,1d_others,price_seq_1d_others,1000PEPEUSDT_quote_volume_roc_1,0.5,0.3301929116195603,0.0,0.0,0.13207716464782412,quote_volume,roc_1,symbol,quote_volume_roc_1
48,12,48,48,2500,1750,375,375,0.5274285714285715,0.584,1d_others,price_seq_1d_others,1000PEPEUSDT_quote_volume_roc_12,0.5,0.3301929116195603,0.0,0.0,0.13207716464782412,quote_volume,roc_12,symbol,quote_volume_roc_12
48,12,48,48,2500,1750,375,375,0.5274285714285715,0.584,1d_others,price_seq_1d_others,1000PEPEUSDT_oi_close_z_long,0.5,0.3301929116195603,0.0,0.0,0.13207716464782412,oi_close,z_long,symbol,oi_close_z_long
48,12,48,48,2500,1750,375,375,0.5274285714285715,0.584,1d_others,price_seq_1d_others,1000PEPEUSDT_oi_close_roc_1,0.5,0.3301929116195603,0.0,0.0,0.13207716464782412,oi_close,roc_1,symbol,oi_close_roc_1
48,12,48,48,2500,1750,375,375,0.5274285714285715,0.584,1d_others,price_seq_1d_others,1000PEPEUSDT_liq_long_z_long,0.5,0.3301929116195603,0.0,0.0,0.13207716464782412,liq_long,z_long,symbol,liq_long_z_long
48,12,48,48,2500,1750,375,375,0.5274285714285715,0.584,1d_others,price_seq_1d_others,1000PEPEUSDT_liq_long_roc_1,0.5,0.3301929116195603,0.0,0.0,0.13207716464782412,liq_long,roc_1,symbol,liq_long_roc_1
48,12,48,48,2500,1750,375,375,0.5274285714285715,0.584,1d_others,price_seq_1d_others,1000PEPEUSDT_liq_short_z_short,0.5,0.3301929116195603,0.0,0.0,0.13207716464782412,liq_short,z_short,symbol,liq_short_z_short
48,12,48,48,2500,1750,375,375,0.5274285714285715,0.584,1d_others,price_seq_1d_others,1000PEPEUSDT_liq_short_z_long,0.5,0.3301929116195603,0.0,0.0,0.13207716464782412,liq_short,z_long,symbol,liq_short_z_long
48,12,48,48,2500,1750,375,375,0.5274285714285715,0.584,1d_others,price_seq_1d_others,1000PEPEUSDT_liq_short_roc_1,0.5,0.3301929116195603,0.0,0.0,0.13207716464782412,liq_short,roc_1,symbol,liq_short_roc_1
48,12,48,48,2500,1750,375,375,0.5274285714285715,0.584,1d_others,price_seq_1d_others,1000PEPEUSDT_ob_imbalance_roc_12,0.5,0.3301929116195603,0.0,0.0,0.13207716464782412,ob_imbalance,roc_12,symbol,ob_imbalance_roc_12
48,12,48,48,2500,1750,375,375,0.5274285714285715,0.584,1d_others,price_seq_1d_others,sopr_z,0.5,0.3301929116195603,0.0,0.0,0.13207716464782412,sopr,z,global,sopr_z
48,12,48,48,2500,1750,375,375,0.5274285714285715,0.584,1d_others,price_seq_1d_others,fear_greed_roc_12,0.5,0.3301929116195603,0.0,0.0,0.13207716464782412,fear_greed,roc_12,global,fear_greed_roc_12
48,12,48,48,2500,1750,375,375,0.5274285714285715,0.584,1d_others,price_seq_1d_others,altcoin_season_roc_1,0.5,0.3301929116195603,0.0,0.0,0.13207716464782412,altcoin_season,roc_1,global,altcoin_season_roc_1
48,12,48,48,2500,1750,375,375,0.5274285714285715,0.584,1d_others,price_seq_1d_others,altcoin_season_roc_12,0.5,0.3301929116195603,0.0,0.0,0.13207716464782412,altcoin_season,roc_12,global,altcoin_season_roc_12
48,12,48,48,2500,1750,375,375,0.5274285714285715,0.584,1d_others,price_seq_1d_others,altcoin_season_ema_12_48_spread,0.5,0.3301929116195603,0.0,0.0,0.13207716464782412,altcoin_season,ema_12_48_spread,global,altcoin_season_ema_12_48_spread
48,12,48,48,2500,1750,375,375,0.5274285714285715,0.584,1d_others,price_seq_1d_others,bmo_ema_12_48_spread,0.5,0.3301929116195603,0.0,0.0,0.13207716464782412,bmo,ema_12_48_spread,global,bmo_ema_12_48_spread
48,12,48,48,2500,1750,375,375,0.5274285714285715,0.584,1d_others,price_seq_1d_others,sopr_roc_12,0.5,0.3301929116195603,4.0,0.00243605359317905,0.13244257268680099,sopr,roc_12,global,sopr_roc_12
