cnn_key,obs_key,channel,concept_key,variant,symbol_scope,normalized_name,mean_auc_binary,mean_macro_f1,mean_importance_pct,mean_signal_score,std_signal_score,specs_count,positive_signal_specs,mean_window_size,mean_horizon_k,signal_score_ci_low,signal_score_ci_high
5m_others,price_seq_others,1000PEPEUSDT_low_z_long,low,z_long,symbol,low_z_long,0.5981478266801903,0.48849613067892345,0.0016581200698962747,0.2929390304824939,0.07045503083524941,12,12,28.0,21.0,0.25766493039003696,0.3301508636364061
5m_others,price_seq_others,DOGEUSDT_ret_15m_scale,ret_15m,scale,symbol,ret_15m_scale,0.5710093604516796,0.47549364854729625,0.0019424655981902135,0.27662949824668026,0.06645462621265362,12,12,28.0,21.0,0.23801621249604338,0.31084160858343185
5m_others,price_seq_others,SOLUSDT_volume_ratio_roc_12,volume_ratio,roc_12,symbol,volume_ratio_roc_12,0.5785723606771969,0.47824431589154787,0.0022158246037209156,0.27573431754391137,0.04779464966533131,12,12,28.0,21.0,0.24775316245004625,0.2987302004181817
1d_others,price_seq_1d_others,ETHUSDT_volume_ratio_roc_12,volume_ratio,roc_12,symbol,volume_ratio_roc_12,0.5560965741252412,0.47870843916268874,0.2075167651733918,0.2732783206143111,0.03323106627303665,12,12,28.0,21.0,0.25769676531251584,0.29162017090915554
5m_others,price_seq_others,SOLUSDT_volume_ratio_ema_12_48_spread,volume_ratio,ema_12_48_spread,symbol,volume_ratio_ema_12_48_spread,0.5866624172895832,0.4810482684100473,0.0012166442902910204,0.2716658327383765,0.06613440577384273,12,12,28.0,21.0,0.23640938003670106,0.30941992467476215
5m_others,price_seq_others,SOLUSDT_volume_ratio_z_short,volume_ratio,z_short,symbol,volume_ratio_z_short,0.5865547294082448,0.47870843916268874,0.004295107095334407,0.270026898196796,0.032501357010083096,12,12,28.0,21.0,0.253250511810112,0.28796666733214593
5m_others,price_seq_others,1000PEPEUSDT_high_roc_1,high,roc_1,symbol,high_roc_1,0.5860195512307792,0.47870843916268874,0.005675917034481102,0.2697523593279489,0.05174302352424816,12,12,28.0,21.0,0.24417771765781968,0.30021756483843154
5m_target,price_seq_target,trades_z_short,trades,z_short,global,trades_z_short,0.5691191036311721,0.47870843916268874,0.014542436829024766,0.26831424409445453,0.07374435620442771,12,12,28.0,21.0,0.22869332996192956,0.30458840393888553
5m_others,price_seq_others,ETHUSDT_rsi_14,rsi_14,raw,symbol,rsi_14,0.5841067104826466,0.4783856297540641,0.006492962750179976,0.2680242357485346,0.0375959165669307,12,12,28.0,21.0,0.24624813521455857,0.2856402656018203
5m_others,price_seq_others,ETHUSDT_volume_log_z,volume,log_z,symbol,volume_log_z,0.5952953405159872,0.4521976607164926,0.006220760600490029,0.2675779848410591,0.03203275729246795,12,12,28.0,21.0,0.24994445660082568,0.28307826857657464
5m_others,price_seq_others,ETHUSDT_sell_volume_roc_1,sell_volume,roc_1,symbol,sell_volume_roc_1,0.5593594959922691,0.5297248921608468,0.004591139743153065,0.26708336556932305,0.06831279230365819,12,12,28.0,21.0,0.23112931276447712,0.29978674931007315
5m_others,price_seq_others,SOLUSDT_volume_ratio_roc_1,volume_ratio,roc_1,symbol,volume_ratio_roc_1,0.5823632887380367,0.47762329141859333,0.0009552121303215765,0.2666710599197392,0.0515424256142826,12,12,28.0,21.0,0.24068730631305088,0.29424709057973647
5m_others,price_seq_others,ETHUSDT_sell_volume_z_short,sell_volume,z_short,symbol,sell_volume_z_short,0.5836984462080769,0.4760513746541705,0.001996412149943812,0.2665224731157004,0.04766941761925175,12,12,28.0,21.0,0.24212294034330456,0.29262599831824326
5m_others,price_seq_others,ETHUSDT_buy_volume_ema_12_48_spread,buy_volume,ema_12_48_spread,symbol,buy_volume_ema_12_48_spread,0.5788345732129857,0.4749355661198666,0.00260520062299642,0.26566762410160377,0.061876945889552865,12,12,28.0,21.0,0.23325017804910803,0.2952100704282514
5m_others,price_seq_others,SOLUSDT_trades_z_long,trades,z_long,symbol,trades_z_long,0.571057640957109,0.4783995683942182,0.0022876278492525138,0.26471088147475325,0.06100066616734633,12,12,28.0,21.0,0.2323185869057341,0.2961341870687774
5m_others,price_seq_others,ETHUSDT_buy_volume_roc_12,buy_volume,roc_12,symbol,buy_volume_roc_12,0.561904856894478,0.48602770256213185,0.006250088613478009,0.26392166265232764,0.04528020505675764,12,12,28.0,21.0,0.24024198889960238,0.2866077506771438
5m_others,price_seq_others,DOGEUSDT_trades_roc_1,trades,roc_1,symbol,trades_roc_1,0.5795261238503391,0.4778589658361511,0.001331217157037203,0.26354236581424184,0.05168040253892412,12,12,28.0,21.0,0.23714295593976922,0.29152147943452095
5m_others,price_seq_others,1000PEPEUSDT_trades_z_short,trades,z_short,symbol,trades_z_short,0.5652967761678697,0.47870843916268874,0.0037771708439703453,0.2620063603282698,0.05297790057680596,12,12,28.0,21.0,0.2335751165791274,0.2910331326223122
5m_others,price_seq_others,1000PEPEUSDT_rsi_14,rsi_14,raw,symbol,rsi_14,0.5524011288691542,0.47870843916268874,0.005194215770226283,0.26145413284779584,0.069931243663885,12,12,28.0,21.0,0.22689816661731818,0.30253338679196834
5m_others,price_seq_others,1000PEPEUSDT_volume_ratio_roc_1,volume_ratio,roc_1,symbol,volume_ratio_roc_1,0.5349247460345585,0.47870843916268874,0.0011439938120803245,0.2610378316045417,0.07483974622701978,12,12,28.0,21.0,0.22102502950779415,0.3014019701419934
5m_others,price_seq_others,ETHUSDT_ret_1_atr,ret_1_atr,raw,symbol,ret_1_atr,0.5859460081761843,0.45531705235391123,0.0064419446131223955,0.26044451999209867,0.040126845910799916,12,12,28.0,21.0,0.2388165315867638,0.2786878531142421
5m_others,price_seq_others,SOLUSDT_dist_to_short_liq_zone_atr,dist_to_short_liq_zone_atr,raw,symbol,dist_to_short_liq_zone_atr,0.5690557917760077,0.469119936259148,0.003338800174572881,0.25939053439603393,0.049514934129243536,12,12,28.0,21.0,0.23099059246776693,0.28368093759966123
5m_others,price_seq_others,1000PEPEUSDT_high_ema_12_48_spread,high,ema_12_48_spread,symbol,high_ema_12_48_spread,0.5217628974939869,0.5389910937460284,0.0018828610767319016,0.2565076025694156,0.10858313839598618,12,12,28.0,21.0,0.20585780176294033,0.31992845151558646
5m_others,price_seq_others,DOGEUSDT_dist_to_short_liq_zone_atr,dist_to_short_liq_zone_atr,raw,symbol,dist_to_short_liq_zone_atr,0.5703831112336485,0.4760834282513746,0.0008529337442352527,0.2558556064219637,0.06880747269728332,12,12,28.0,21.0,0.2203661277084292,0.29542716233509864
5m_others,price_seq_others,SOLUSDT_ret_1_atr,ret_1_atr,raw,symbol,ret_1_atr,0.5336690571105842,0.5185332432446333,0.002438904977473692,0.2550277760578293,0.05600402771587457,12,12,28.0,21.0,0.22267651455522144,0.2821582875500846
5m_target,price_seq_target,open_roc_1,open,roc_1,global,open_roc_1,0.5372137736330234,0.47855427519389143,0.02739549051632754,0.25470002451197005,0.03872388251313138,12,12,28.0,21.0,0.2327305321988957,0.2749894199651379
1d_others,price_seq_1d_others,ETHUSDT_long_short_ratio_z_long,long_short_ratio,z_long,symbol,long_short_ratio_z_long,0.5680874335668885,0.44836240340545697,0.0888755370252328,0.25395498212616735,0.02690031447594925,12,12,28.0,21.0,0.24063488820728468,0.26786094951048023
5m_others,price_seq_others,DOGEUSDT_open_z_short,open,z_short,symbol,open_z_short,0.5533182571566353,0.4877438347997833,0.0005160122105699825,0.25392908105075973,0.05683961684129941,12,12,28.0,21.0,0.22529978185151975,0.2853122967980119
5m_others,price_seq_others,DOGEUSDT_trades_ema_12_48_spread,trades,ema_12_48_spread,symbol,trades_ema_12_48_spread,0.56944732175514,0.4782006359195186,0.0008456541540263703,0.25390969207053743,0.02637789646171681,12,12,28.0,21.0,0.23910308842753827,0.2675749765773366
5m_others,price_seq_others,1000PEPEUSDT_close_z_long,close,z_long,symbol,close_z_long,0.568565264971835,0.47870843916268874,0.003380826396630678,0.2536992380992216,0.040912677963928654,12,12,28.0,21.0,0.23039098198486196,0.27567485887633786
5m_others,price_seq_others,DOGEUSDT_high_roc_1,high,roc_1,symbol,high_roc_1,0.560062012928293,0.47870843916268874,0.0034698213838017214,0.25344233240302544,0.06339799880391164,12,12,28.0,21.0,0.21969178645755208,0.286803457955168
5m_others,price_seq_others,1000PEPEUSDT_ret_15m_scale,ret_15m,scale,symbol,ret_15m_scale,0.5447302223814433,0.47870843916268874,0.004774034028737027,0.2523655885336042,0.06529726419960873,12,12,28.0,21.0,0.219659531939022,0.28749294529640496
5m_others,price_seq_others,DOGEUSDT_trades_roc_12,trades,roc_12,symbol,trades_roc_12,0.5628376371947458,0.47870843916268874,0.002354617102363524,0.25039997289445326,0.0640901074731665,12,12,28.0,21.0,0.21730346854935007,0.2848340341737231
5m_others,price_seq_others,SOLUSDT_ret_1h_scale,ret_1h,scale,symbol,ret_1h_scale,0.5331039938246217,0.510246019519164,0.002253372047810612,0.2500161461236189,0.05716895511422706,12,12,28.0,21.0,0.21844219570140053,0.2779057131772429
5m_others,price_seq_others,ETHUSDT_up_volume_ratio_12,up_volume_ratio_12,raw,symbol,up_volume_ratio_12,0.5598717134863044,0.4535086486681544,0.005974238414279993,0.24946103115192744,0.06779852773323981,12,12,28.0,21.0,0.21100892171754151,0.2834176367735219
5m_others,price_seq_others,SOLUSDT_rsi_14,rsi_14,raw,symbol,rsi_14,0.5627592495098306,0.47870843916268874,0.0022342192447606397,0.248765681831438,0.03274029464374945,12,12,28.0,21.0,0.23067382897956965,0.26507551377616545
1d_target,price_seq_1d_target,ret_7d_z_long,ret_7d,z_long,global,ret_7d_z_long,0.49338119336688796,0.47870843916268874,0.2515985426654046,0.24857513963651387,0.04224619075377292,12,12,28.0,21.0,0.2301373728954249,0.27467819860540865
5m_others,price_seq_others,DOGEUSDT_high_roc_12,high,roc_12,symbol,high_roc_12,0.5632758443766605,0.4783995683942182,0.001361804358413473,0.24851235795044377,0.034847642279719815,12,12,28.0,21.0,0.2303353173376415,0.26636696506403795
5m_others,price_seq_others,DOGEUSDT_sell_volume_roc_12,sell_volume,roc_12,symbol,sell_volume_roc_12,0.575900499766005,0.4288572851455892,0.002644486285939376,0.24794191591336948,0.07590628813389572,12,12,28.0,21.0,0.20895976569044633,0.28789453001016097
5m_others,price_seq_others,ETHUSDT_trades_roc_12,trades,roc_12,symbol,trades_roc_12,0.5102832447216109,0.47870843916268874,0.004576791622415883,0.24725448317355003,0.0801883493427526,12,12,28.0,21.0,0.2065881480636999,0.2872027547650337
5m_others,price_seq_others,1000PEPEUSDT_buy_volume_z_short,buy_volume,z_short,symbol,buy_volume_z_short,0.5585691234508571,0.48182235674807145,0.001117836814785892,0.24696573168412028,0.05900540732205447,12,12,28.0,21.0,0.21851472153873028,0.2847271317153778
5m_others,price_seq_others,1000PEPEUSDT_sell_volume_z_long,sell_volume,z_long,symbol,sell_volume_z_long,0.550800523015378,0.47466611781571694,0.0019013937085589712,0.24677040787499857,0.049383547259046125,12,12,28.0,21.0,0.2204266538333061,0.27256856271177593
5m_others,price_seq_others,SOLUSDT_sell_volume_ema_12_48_spread,sell_volume,ema_12_48_spread,symbol,sell_volume_ema_12_48_spread,0.5228481721037729,0.47870843916268874,0.003925109877493804,0.24653090404369124,0.08143018331967869,12,12,28.0,21.0,0.20413597004982698,0.294039332966999
5m_others,price_seq_others,SOLUSDT_dist_to_long_liq_zone_atr,dist_to_long_liq_zone_atr,raw,symbol,dist_to_long_liq_zone_atr,0.521243597644477,0.5268886853311019,0.009817501662360834,0.24594002052035804,0.05554361456786633,12,12,28.0,21.0,0.2158577962833382,0.2760562851010258
5m_others,price_seq_others,SOLUSDT_volume_z_long,volume,z_long,symbol,volume_z_long,0.5549315168917802,0.47870843916268874,0.003725844346911062,0.24585978248639465,0.04967807092882306,12,12,28.0,21.0,0.21877373892257093,0.2704168059937276
5m_target,price_seq_target,trades_roc_1,trades,roc_1,global,trades_roc_1,0.506779200824164,0.47870843916268874,0.006536959886392763,0.24505587309114327,0.06606662207534182,12,12,28.0,21.0,0.21432518522381827,0.2846635335329928
5m_others,price_seq_others,SOLUSDT_sell_volume_z_long,sell_volume,z_long,symbol,sell_volume_z_long,0.5378514893898456,0.47870843916268874,0.008142142703017786,0.2443114971977118,0.04373699895921552,12,12,28.0,21.0,0.22161129549561986,0.26890528735377683
5m_others,price_seq_others,SOLUSDT_buy_volume_z_short,buy_volume,z_short,symbol,buy_volume_z_short,0.5583975445979769,0.4772674518956291,0.003325442693155199,0.2439635873004041,0.049256551982653975,12,12,28.0,21.0,0.22085756772141416,0.2723922806643192
5m_others,price_seq_others,1000PEPEUSDT_high_z_long,high,z_long,symbol,high_z_long,0.537228261912215,0.47870843916268874,0.003726202217551513,0.24342203936495552,0.048770929404826587,12,12,28.0,21.0,0.21834153005531076,0.2675317164983118
1d_others,price_seq_1d_others,ETHUSDT_volume_ratio_ema_12_48_spread,volume_ratio,ema_12_48_spread,symbol,volume_ratio_ema_12_48_spread,0.529205865119457,0.47870843916268874,0.10516675597375623,0.24309002383917766,0.037171962986051854,12,12,28.0,21.0,0.2241410820609764,0.26433232449297056
5m_others,price_seq_others,ETHUSDT_ret_1h_scale,ret_1h,scale,symbol,ret_1h_scale,0.5563976931096136,0.47684151371864586,0.004509070403268384,0.24217088984660082,0.04579982431762128,12,12,28.0,21.0,0.22231997025238326,0.26852352265468626
5m_others,price_seq_others,1000PEPEUSDT_close_roc_1,close,roc_1,symbol,close_roc_1,0.5250467124488012,0.47870843916268874,0.0034531882058390136,0.2421378759610401,0.06632668018974003,12,12,28.0,21.0,0.20817012940756627,0.27704405316494035
5m_others,price_seq_others,1000PEPEUSDT_high_z_short,high,z_short,symbol,high_z_short,0.5299107820868676,0.47870843916268874,0.0018599631868988402,0.24172550563025955,0.049952720866890926,12,12,28.0,21.0,0.21457871361978587,0.26451642416964566
5m_others,price_seq_others,DOGEUSDT_volume_impact_scale,volume_impact,scale,symbol,volume_impact_scale,0.5552196719646818,0.47870843916268874,0.002223433276099745,0.24151459542470408,0.02877376810055384,12,12,28.0,21.0,0.22525863815104252,0.2571514722341971
1d_target,price_seq_1d_target,volume_impact_scale,volume_impact,scale,global,volume_impact_scale,0.4773638549201187,0.47870843916268874,0.2454901627158992,0.24145933999824196,0.02886555184897361,12,12,28.0,21.0,0.22852526093888278,0.2577474395549353
5m_others,price_seq_others,ETHUSDT_volume_ratio_z_long,volume_ratio,z_long,symbol,volume_ratio_z_long,0.5460050394814204,0.47870843916268874,0.00654662014446489,0.239966678413572,0.024455555582932286,12,12,28.0,21.0,0.2260694464701861,0.2519106088765177
5m_others,price_seq_others,SOLUSDT_volume_log_z,volume,log_z,symbol,volume_log_z,0.5258011186144285,0.47870843916268874,0.0024162326766489096,0.23946879500696275,0.046072500772071825,12,12,28.0,21.0,0.2158817022091006,0.261739526134551
5m_others,price_seq_others,1000PEPEUSDT_volume_ratio_z_short,volume_ratio,z_short,symbol,volume_ratio_z_short,0.5103315969850545,0.4782006359195186,0.0022982817400136455,0.23854923336358938,0.05845861981337937,12,12,28.0,21.0,0.20876991167206796,0.27255066133761674
1d_target,price_seq_1d_target,ema_12_slope_z,ema_12_slope,z,global,ema_12_slope_z,0.5082959725496431,0.45345473340293485,0.2998285689510717,0.2385345170655548,0.047051684887463745,12,12,28.0,21.0,0.2117294857760504,0.2592325959377065
5m_others,price_seq_others,1000PEPEUSDT_dist_to_long_liq_zone_atr,dist_to_long_liq_zone_atr,raw,symbol,dist_to_long_liq_zone_atr,0.5194887148103813,0.47870843916268874,0.004059242959409644,0.2385090431506404,0.06217607222894774,12,12,28.0,21.0,0.20963164435567677,0.2744617843727784
5m_others,price_seq_others,1000PEPEUSDT_high_roc_12,high,roc_12,symbol,high_roc_12,0.5406941442750185,0.4593385978700626,0.002324573564367086,0.23816759100622056,0.07630883609987874,12,12,28.0,21.0,0.2026919761640625,0.28230777773810006
5m_others,price_seq_others,DOGEUSDT_open_z_long,open,z_long,symbol,open_z_long,0.5257328842689294,0.47870843916268874,0.0004443865540025947,0.23796406351179136,0.06145484209782117,12,12,28.0,21.0,0.20558625234733835,0.27093613165748603
5m_others,price_seq_others,DOGEUSDT_low_roc_12,low,roc_12,symbol,low_roc_12,0.5190270917836804,0.5149199644171059,0.0021164884027219735,0.2379108204630377,0.08097419179052719,12,12,28.0,21.0,0.1997067116849704,0.2860606038222445
5m_others,price_seq_others,ETHUSDT_trades_z_long,trades,z_long,symbol,trades_z_long,0.5057278194319935,0.4758797554851189,0.004998377130013501,0.23762465978685673,0.050424264724418265,12,12,28.0,21.0,0.21169850469411064,0.2656252862274871
5m_others,price_seq_others,1000PEPEUSDT_close_roc_12,close,roc_12,symbol,close_roc_12,0.5190515977227286,0.47870843916268874,0.002810760177577004,0.23746008366564775,0.06137598695741717,12,12,28.0,21.0,0.20643025848378907,0.2704884289589821
5m_others,price_seq_others,1000PEPEUSDT_buy_volume_z_long,buy_volume,z_long,symbol,buy_volume_z_long,0.5459798088536645,0.47870843916268874,0.002491972090972006,0.23674097143124342,0.040188176110181474,12,12,28.0,21.0,0.21572982121233109,0.26160379138608114
5m_others,price_seq_others,DOGEUSDT_high_ema_12_48_spread,high,ema_12_48_spread,symbol,high_ema_12_48_spread,0.5246844520430979,0.47594548743770937,0.0015662492325274734,0.2365459580040473,0.04587481719528675,12,12,28.0,21.0,0.21191194057637644,0.2603914354382003
5m_others,price_seq_others,DOGEUSDT_dist_to_long_liq_zone_atr,dist_to_long_liq_zone_atr,raw,symbol,dist_to_long_liq_zone_atr,0.5743541701863341,0.4222234641333962,0.0016916961937456282,0.23606189325012106,0.04498516728013584,12,12,28.0,21.0,0.21146087672918154,0.25825455602209235
5m_target,price_seq_target,volume_ratio_roc_1,volume_ratio,roc_1,global,volume_ratio_roc_1,0.5412489357386205,0.47870843916268874,0.011592459861556133,0.23576364384636983,0.03975799035483719,12,12,28.0,21.0,0.21511268600725753,0.2565809523059176
5m_others,price_seq_others,SOLUSDT_open_z_long,open,z_long,symbol,open_z_long,0.557619985297403,0.42533120561837756,0.0035909665894143824,0.23547281045385426,0.0615723974024842,12,12,28.0,21.0,0.20008742943275112,0.26465730128565695
5m_others,price_seq_others,1000PEPEUSDT_ret_1_atr,ret_1_atr,raw,symbol,ret_1_atr,0.5301377808040457,0.47870843916268874,0.0022750368678051175,0.23519101484079663,0.036506689065887846,12,12,28.0,21.0,0.2163000785294331,0.2550157426807354
5m_others,price_seq_others,SOLUSDT_trades_z_short,trades,z_short,symbol,trades_z_short,0.5435656815189371,0.4783705271211931,0.002074995328713969,0.23518313899830393,0.03472208367695427,12,12,28.0,21.0,0.2165408512638628,0.2539928576393822
5m_others,price_seq_others,DOGEUSDT_ret_12_raw,ret_12_raw,raw,symbol,ret_12_raw,0.5002687083655241,0.4955025237723101,0.0011145434931689065,0.23437497298777019,0.040647074794211605,12,12,28.0,21.0,0.21218262005091248,0.25568737783511464
5m_others,price_seq_others,1000PEPEUSDT_open_roc_1,open,roc_1,symbol,open_roc_1,0.5074919367763043,0.47870843916268874,0.004779595276086342,0.23427465577412065,0.08032765696006014,12,12,28.0,21.0,0.19894070114519638,0.28494126410743464
5m_others,price_seq_others,DOGEUSDT_open_roc_1,open,roc_1,symbol,open_roc_1,0.541655992011329,0.4842235308206277,0.0015124279278767062,0.23407627992578195,0.028095723442834234,12,12,28.0,21.0,0.2193219804061287,0.2495532399901064
5m_others,price_seq_others,1000PEPEUSDT_low_ema_12_48_spread,low,ema_12_48_spread,symbol,low_ema_12_48_spread,0.5278735764636121,0.47870843916268874,0.00338272794390695,0.2339457467217434,0.04390005363778811,12,12,28.0,21.0,0.21094049649519925,0.25844867588172166
1d_others,price_seq_1d_others,ETHUSDT_long_short_ratio_z_short,long_short_ratio,z_short,symbol,long_short_ratio_z_short,0.5179606187284155,0.43861835222482815,0.1754791816695769,0.23385667040087377,0.04865366862756855,12,12,28.0,21.0,0.20970809022112136,0.26067157655028633
5m_others,price_seq_others,1000PEPEUSDT_quote_volume_z_short,quote_volume,z_short,symbol,quote_volume_z_short,0.4914609549099928,0.47870843916268874,0.00368142140508694,0.2334320367795818,0.03865218299596932,12,12,28.0,21.0,0.21364530147734856,0.2524826874859521
5m_others,price_seq_others,ETHUSDT_trades_roc_1,trades,roc_1,symbol,trades_roc_1,0.5040073227468093,0.47870843916268874,0.002623125672461963,0.2326283445914409,0.06089877704347311,12,12,28.0,21.0,0.20092500270792116,0.2623924588212428
5m_others,price_seq_others,1000PEPEUSDT_dist_to_short_liq_zone_atr,dist_to_short_liq_zone_atr,raw,symbol,dist_to_short_liq_zone_atr,0.4990885642392118,0.47870843916268874,0.0014549710836693642,0.23256589441344122,0.08997748011234953,12,12,28.0,21.0,0.19354041108830708,0.29007135747234536
1d_others,price_seq_1d_others,SOLUSDT_open_roc_1,open,roc_1,symbol,open_roc_1,0.5206756819790374,0.47870843916268874,0.051231302141072854,0.2324333593308534,0.037626757849541635,12,12,28.0,21.0,0.2123224867063215,0.2529585324561881
5m_others,price_seq_others,SOLUSDT_open_roc_12,open,roc_12,symbol,open_roc_12,0.5066588929836056,0.4533953878670381,0.008853582085591435,0.23212694425710198,0.07147574450162593,12,12,28.0,21.0,0.1944640990073877,0.26692014333804853
5m_target,price_seq_target,sell_volume_ema_12_48_spread,sell_volume,ema_12_48_spread,global,sell_volume_ema_12_48_spread,0.5353115782207931,0.4532817083568604,0.016200977516034307,0.2319815550733609,0.06528252161704864,12,12,28.0,21.0,0.19479521443757328,0.26671874104503585
5m_others,price_seq_others,ETHUSDT_long_short_ratio_roc_1,long_short_ratio,roc_1,symbol,long_short_ratio_roc_1,0.5403534684447934,0.45321375988253393,0.006957849296927652,0.2319513965151182,0.05636180882906115,12,12,28.0,21.0,0.20096490226383812,0.2570342519855033
5m_target,price_seq_target,volume_ratio_z_short,volume_ratio,z_short,global,volume_ratio_z_short,0.48303217680434024,0.47870843916268874,0.012949147620354177,0.2309736301865611,0.04607631029776693,12,12,28.0,21.0,0.20660924247349732,0.2564810186192104
5m_others,price_seq_others,SOLUSDT_volume_ratio_z_long,volume_ratio,z_long,symbol,volume_ratio_z_long,0.5378683907914337,0.4520832341749106,0.003527842099756869,0.23089273102605004,0.040181386359790495,12,12,28.0,21.0,0.2090849144102038,0.25298354976924753
5m_others,price_seq_others,1000PEPEUSDT_sell_volume_roc_1,sell_volume,roc_1,symbol,sell_volume_roc_1,0.5155923495097533,0.47870843916268874,0.0027412750011435,0.23068294706620515,0.0614456689960481,12,12,28.0,21.0,0.1994276660209895,0.2688970879172611
5m_others,price_seq_others,1000PEPEUSDT_close_z_short,close,z_short,symbol,close_z_short,0.5144093975817805,0.47870843916268874,0.0019677735788577286,0.23063681388422064,0.053243893795333085,12,12,28.0,21.0,0.20574179816647248,0.26328202401223144
5m_others,price_seq_others,SOLUSDT_low_z_short,low,z_short,symbol,low_z_short,0.5293659605346414,0.4765271422258528,0.004407229767851216,0.23054049741868396,0.04389570598991144,12,12,28.0,21.0,0.20888667389537408,0.2547295124626918
5m_others,price_seq_others,1000PEPEUSDT_sell_volume_roc_12,sell_volume,roc_12,symbol,sell_volume_roc_12,0.542463178981527,0.47870843916268874,0.0020985548644013607,0.23001501997810989,0.021310979043241342,12,12,28.0,21.0,0.21907416621307158,0.24221108293240945
5m_others,price_seq_others,1000PEPEUSDT_ret_12_raw,ret_12_raw,raw,symbol,ret_12_raw,0.49572036856679597,0.47870843916268874,0.005189080504615168,0.227845053542684,0.06404766569816128,12,12,28.0,21.0,0.19788799543409213,0.26710393879065286
5m_others,price_seq_others,DOGEUSDT_close_ema_12_48_spread,close,ema_12_48_spread,symbol,close_ema_12_48_spread,0.5182130031439399,0.4766611305860406,0.0023240461870681645,0.22778698847929438,0.035608766375397595,12,12,28.0,21.0,0.20921741692403578,0.2472645300352366
5m_others,price_seq_others,DOGEUSDT_volume_log_z,volume,log_z,symbol,volume_log_z,0.49461979358117825,0.47870843916268874,0.0013108595479445248,0.2275150333220888,0.053477994867204746,12,12,28.0,21.0,0.19969606889681363,0.25351388044741396
5m_others,price_seq_others,1000PEPEUSDT_long_short_ratio_z_short,long_short_ratio,z_short,symbol,long_short_ratio_z_short,0.4788178099230058,0.47870843916268874,0.001235851126482792,0.22683624991621917,0.0399207731779172,12,12,28.0,21.0,0.2054703544109293,0.24700032695067214
5m_others,price_seq_others,ETHUSDT_trades_z_short,trades,z_short,symbol,trades_z_short,0.5178205246472748,0.47870843916268874,0.0031419620774617695,0.2267373753847917,0.05039630271979979,12,12,28.0,21.0,0.20140145464970347,0.25125685808597414
5m_target,price_seq_target,buy_volume_z_short,buy_volume,z_short,global,buy_volume_z_short,0.5107720831917035,0.47824431589154787,0.009651397838883307,0.2264017695648448,0.04265462534697189,12,12,28.0,21.0,0.20406834190291728,0.24910693243485496
5m_target,price_seq_target,buy_volume_roc_12,buy_volume,roc_12,global,buy_volume_roc_12,0.5144672139969718,0.47484926397367677,0.008747298054191617,0.22637832503898955,0.046502478917324466,12,12,28.0,21.0,0.20351945673635555,0.25165546125922217
5m_others,price_seq_others,SOLUSDT_low_roc_1,low,roc_1,symbol,low_roc_1,0.500347363127699,0.4773948425650103,0.00587695293503816,0.2263696456050676,0.03844269418820119,12,12,28.0,21.0,0.20635811862090028,0.24515833085976996
5m_others,price_seq_others,DOGEUSDT_long_short_ratio_ema_12_48_spread,long_short_ratio,ema_12_48_spread,symbol,long_short_ratio_ema_12_48_spread,0.47123492105010983,0.47870843916268874,0.001184089669603808,0.2258766296950375,0.040411881451996305,12,12,28.0,21.0,0.2037988071400721,0.24691361939877746
5m_others,price_seq_others,ETHUSDT_long_short_ratio_z_short,long_short_ratio,z_short,symbol,long_short_ratio_z_short,0.5372033999072703,0.4592790477273141,0.0017784771029304804,0.2255327329125496,0.06173130288083914,12,12,28.0,21.0,0.19386766841967817,0.2601630585231177
5m_others,price_seq_others,DOGEUSDT_ret_1_atr,ret_1_atr,raw,symbol,ret_1_atr,0.4839478177675272,0.47870843916268874,0.00040825770320980086,0.22487226041970557,0.05184003098811247,12,12,28.0,21.0,0.19797619242849107,0.2497738699881579
5m_others,price_seq_others,ETHUSDT_high_roc_12,high,roc_12,symbol,high_roc_12,0.5085309175963109,0.4898895745369376,0.0057576584534284846,0.22476450528288527,0.029058469796476475,12,12,28.0,21.0,0.20964488435549633,0.23905801794797563
5m_others,price_seq_others,SOLUSDT_long_short_ratio_z_short,long_short_ratio,z_short,symbol,long_short_ratio_z_short,0.5174275032038932,0.47778019262040705,0.0009729045841795499,0.22458093186041098,0.04431518002413787,12,12,28.0,21.0,0.20166408565784028,0.2507514847073122
5m_others,price_seq_others,ETHUSDT_volume_ratio_z_short,volume_ratio,z_short,symbol,volume_ratio_z_short,0.5257854412800496,0.48253457857747106,0.0024479408014351067,0.22443165695335032,0.02397443466556667,12,12,28.0,21.0,0.21126773997033862,0.23623980155267982
5m_others,price_seq_others,DOGEUSDT_close_roc_1,close,roc_1,symbol,close_roc_1,0.4900195253424078,0.4783705271211931,0.003759207368072492,0.2243932642796591,0.03469750817585589,12,12,28.0,21.0,0.20457005262419964,0.2417344367415313
5m_others,price_seq_others,SOLUSDT_ret_15m_scale,ret_15m,scale,symbol,ret_15m_scale,0.516899946964937,0.4554846744671934,0.005357533883444325,0.22433870232717554,0.030135744074005492,12,12,28.0,21.0,0.20823246030742756,0.24055599779106954
5m_others,price_seq_others,1000PEPEUSDT_open_z_long,open,z_long,symbol,open_z_long,0.46330843706775,0.47870843916268874,0.0012433813212317044,0.22432322163655005,0.0709078285286904,12,12,28.0,21.0,0.19351142572986968,0.2695892106442991
5m_others,price_seq_others,1000PEPEUSDT_open_ema_12_48_spread,open,ema_12_48_spread,symbol,open_ema_12_48_spread,0.5185846263634911,0.47870843916268874,0.007211412917364792,0.22424929314098327,0.03325889741777291,12,12,28.0,21.0,0.20727260008240334,0.24306433939567873
5m_others,price_seq_others,ETHUSDT_buy_volume_roc_1,buy_volume,roc_1,symbol,buy_volume_roc_1,0.48105122597735533,0.5359437259612454,0.0038853945509925727,0.22419589493303851,0.03057645931229857,12,12,28.0,21.0,0.20880526662175355,0.23930735369549314
1d_others,price_seq_1d_others,DOGEUSDT_volume_roc_12,volume,roc_12,symbol,volume_roc_12,0.5260929097655443,0.47870843916268874,0.0012170675830469645,0.22412326167434102,0.03288632953271523,12,12,28.0,21.0,0.20667285325949988,0.24223098703572252
5m_others,price_seq_others,1000PEPEUSDT_close_ema_12_48_spread,close,ema_12_48_spread,symbol,close_ema_12_48_spread,0.4998766842990718,0.47870843916268874,0.003935849583528815,0.22276227242419958,0.032522153362258,12,12,28.0,21.0,0.206263201189149,0.2406633648347381
5m_others,price_seq_others,SOLUSDT_high_roc_12,high,roc_12,symbol,high_roc_12,0.5385722599480524,0.4521657024012617,0.00713653803135551,0.22258879730059541,0.028050005536368234,12,12,28.0,21.0,0.2083302214495193,0.2381579650997674
5m_others,price_seq_others,ETHUSDT_volume_z_long,volume,z_long,symbol,volume_z_long,0.5663911064090111,0.40255480507870317,0.0034537249591010248,0.22225638143778345,0.04547027899763201,12,12,28.0,21.0,0.19905339197085714,0.2451813788603413
5m_others,price_seq_others,DOGEUSDT_long_short_ratio_z_long,long_short_ratio,z_long,symbol,long_short_ratio_z_long,0.5192993926263502,0.47870843916268874,0.004567014981107997,0.22201567401022038,0.02918293588422061,12,12,28.0,21.0,0.20653211320657075,0.23692520813234458
5m_target,price_seq_target,long_short_ratio_z_short,long_short_ratio,z_short,global,long_short_ratio_z_short,0.4610046296203643,0.47870843916268874,0.017410264643248578,0.22164649321367855,0.052928188887856144,12,12,28.0,21.0,0.1976885433577157,0.2539735747969963
1d_others,price_seq_1d_others,SOLUSDT_open_z_short,open,z_short,symbol,open_z_short,0.49047381330623546,0.47870843916268874,0.027190312963855823,0.2212239789032869,0.034239422085706274,12,12,28.0,21.0,0.2033878148692058,0.2400382044983675
5m_others,price_seq_others,ETHUSDT_quote_volume_z_long,quote_volume,z_long,symbol,quote_volume_z_long,0.5255915853542121,0.45227318748402984,0.00595432253356027,0.22116556242108676,0.0665886947918068,12,12,28.0,21.0,0.18687274561567283,0.2585885639614928
5m_others,price_seq_others,SOLUSDT_high_z_short,high,z_short,symbol,high_z_short,0.4937086920048412,0.47870843916268874,0.0005170690943447025,0.22110127870880328,0.04076412433762648,12,12,28.0,21.0,0.19936994703611466,0.24467693977474075
5m_others,price_seq_others,1000PEPEUSDT_quote_volume_ema_12_48_spread,quote_volume,ema_12_48_spread,symbol,quote_volume_ema_12_48_spread,0.47934790113611264,0.4779321621870638,0.0013785440592516682,0.22048286075094412,0.03713714632541522,12,12,28.0,21.0,0.20145025525841406,0.24179634955360307
5m_others,price_seq_others,1000PEPEUSDT_long_short_ratio_ema_12_48_spread,long_short_ratio,ema_12_48_spread,symbol,long_short_ratio_ema_12_48_spread,0.4957837864374279,0.47870843916268874,0.0007542495328578453,0.2202951662226068,0.04047201379034098,12,12,28.0,21.0,0.1978457393911298,0.24217859319772733
5m_others,price_seq_others,DOGEUSDT_ret_1h_scale,ret_1h,scale,symbol,ret_1h_scale,0.5221150028921262,0.45114940409371446,0.0008982248444661333,0.22012937063529384,0.057939933123289905,12,12,28.0,21.0,0.1917932742476481,0.24969377838075626
5m_others,price_seq_others,1000PEPEUSDT_up_volume_ratio_12,up_volume_ratio_12,raw,symbol,up_volume_ratio_12,0.48827571621072363,0.47870843916268874,0.00230997385360352,0.22000747210206842,0.043264520437896525,12,12,28.0,21.0,0.19849083376624976,0.24296827786410483
5m_others,price_seq_others,ETHUSDT_close_z_long,close,z_long,symbol,close_z_long,0.5136869953274528,0.47853979372286143,0.00332775777052558,0.21963852168566408,0.035348858202364705,12,12,28.0,21.0,0.202109046894931,0.23922379000079327
5m_others,price_seq_others,DOGEUSDT_volume_z_short,volume,z_short,symbol,volume_z_short,0.5209363212729866,0.47793544512307734,0.0021274406452696892,0.2195899295684002,0.025125657182357174,12,12,28.0,21.0,0.2075776484693448,0.2335161287155972
5m_others,price_seq_others,1000PEPEUSDT_buy_volume_roc_12,buy_volume,roc_12,symbol,buy_volume_roc_12,0.5245264952056458,0.48358368059498263,0.003294572739570962,0.21956953703681772,0.021965041389821176,12,12,28.0,21.0,0.20912340383475925,0.2309689947352908
5m_target,price_seq_target,trades_roc_12,trades,roc_12,global,trades_roc_12,0.47663659468249214,0.47870843916268874,0.013546606078491535,0.21940182724871551,0.03515890786376728,12,12,28.0,21.0,0.20223697967105006,0.23929662068811514
5m_target,price_seq_target,open_roc_12,open,roc_12,global,open_roc_12,0.5002077449705318,0.4773122378178369,0.027500458285586876,0.21935639073862792,0.038508550684254475,12,12,28.0,21.0,0.2010629768053816,0.23980247102114557
5m_target,price_seq_target,volume_log_scale,volume_log,scale,global,volume_log_scale,0.5190371870063598,0.4530296672638358,0.014496013404071579,0.21899178944545114,0.05138981823621917,12,12,28.0,21.0,0.18992694728617687,0.2446791560340902
5m_others,price_seq_others,SOLUSDT_up_volume_ratio_12,up_volume_ratio_12,raw,symbol,up_volume_ratio_12,0.5094371332136173,0.47870843916268874,0.006854773080938734,0.21857902985816535,0.03286192776487787,12,12,28.0,21.0,0.20193441446404434,0.23579039944056926
1d_others,price_seq_1d_others,SOLUSDT_funding_close_z_short,funding_close,z_short,symbol,funding_close_z_short,0.513391759288972,0.47870843916268874,0.012176678908435714,0.21851924595125496,0.02516756353107281,12,12,28.0,21.0,0.20562979565894235,0.23106416539899272
5m_others,price_seq_others,1000PEPEUSDT_ema_12_48_spread_raw,ema_12_48_spread_raw,raw,symbol,ema_12_48_spread_raw,0.4995383234789164,0.47870843916268874,0.0013568539295025338,0.21839501924440927,0.03320321429432984,12,12,28.0,21.0,0.20161469589234476,0.23602104710176194
1d_others,price_seq_1d_others,SOLUSDT_funding_close_roc_1,funding_close,roc_1,symbol,funding_close_roc_1,0.4989403946064164,0.47870843916268874,0.019303700509095738,0.2183836794476864,0.03460197111602994,12,12,28.0,21.0,0.20150518039087112,0.2396086188637406
5m_others,price_seq_others,ETHUSDT_close_ema_12_48_spread,close,ema_12_48_spread,symbol,close_ema_12_48_spread,0.531241828787622,0.45282275644239983,0.004139950129277377,0.21820033277384318,0.04357774039198644,12,12,28.0,21.0,0.19526011487356953,0.23780789015280562
5m_others,price_seq_others,ETHUSDT_trades_ema_12_48_spread,trades,ema_12_48_spread,symbol,trades_ema_12_48_spread,0.4615432285074781,0.47870843916268874,0.0018494533221733653,0.21814258647492477,0.04107648025792613,12,12,28.0,21.0,0.19683847726981246,0.23776160942870997
5m_others,price_seq_others,ETHUSDT_close_roc_12,close,roc_12,symbol,close_roc_12,0.5294348084461514,0.45331120604518665,0.006725286134567352,0.21813161072622536,0.010901308054612655,12,12,28.0,21.0,0.21183665100459936,0.2237417993996343
5m_others,price_seq_others,SOLUSDT_open_ema_12_48_spread,open,ema_12_48_spread,symbol,open_ema_12_48_spread,0.5074545073846614,0.477514755454766,0.010288013176984375,0.21786961191304036,0.02906045349850298,12,12,28.0,21.0,0.20287749372679972,0.2348597455836665
1d_others,price_seq_1d_others,1000PEPEUSDT_volume_log_z,volume,log_z,symbol,volume_log_z,0.503641711370783,0.47870843916268874,0.01145475372279496,0.21747159716762643,0.0281580361964738,12,12,28.0,21.0,0.20288084853319008,0.23438461998953405
5m_others,price_seq_others,1000PEPEUSDT_trades_ema_12_48_spread,trades,ema_12_48_spread,symbol,trades_ema_12_48_spread,0.5224210795153751,0.47870843916268874,0.001716249353675324,0.21744375205203514,0.03782568538601393,12,12,28.0,21.0,0.199824692430495,0.23943650263978927
5m_others,price_seq_others,1000PEPEUSDT_volume_ratio_z_long,volume_ratio,z_long,symbol,volume_ratio_z_long,0.4682217645809413,0.4783705271211931,0.0031971090352621435,0.21739608433162083,0.05235894468452512,12,12,28.0,21.0,0.19363048511472655,0.2459446757737673
5m_others,price_seq_others,1000PEPEUSDT_body_range_ratio,body_range,ratio,symbol,body_range_ratio,0.507260992394497,0.45188403059845594,0.004792728771843348,0.217365801787351,0.03595873174884186,12,12,28.0,21.0,0.2006262374944361,0.23730793412739346
5m_target,price_seq_target,low_z_short,low,z_short,global,low_z_short,0.5148907132164028,0.4529381342238697,0.005096512906883973,0.21702314801511335,0.04841658513000104,12,12,28.0,21.0,0.19245755507408782,0.24349292917396578
5m_others,price_seq_others,SOLUSDT_quote_volume_ema_12_48_spread,quote_volume,ema_12_48_spread,symbol,quote_volume_ema_12_48_spread,0.5109417087926336,0.4531294746604478,0.0009230588947158688,0.2168688423852039,0.05826617370513328,12,12,28.0,21.0,0.18534659904952944,0.2492724286526083
1d_others,price_seq_1d_others,SOLUSDT_oi_close_ema_12_48_spread,oi_close,ema_12_48_spread,symbol,oi_close_ema_12_48_spread,0.527043079829239,0.47870843916268874,0.006282100181149215,0.21676446253856305,0.028434880835187287,12,12,28.0,21.0,0.20088931530727422,0.23199641818227018
5m_others,price_seq_others,ETHUSDT_volume_impact_scale,volume_impact,scale,symbol,volume_impact_scale,0.5113915931110232,0.4816014405004054,0.008648464028349555,0.2166825143782767,0.02791455175193284,12,12,28.0,21.0,0.2029816702212644,0.23161155382785245
1d_others,price_seq_1d_others,SOLUSDT_funding_close_z_long,funding_close,z_long,symbol,funding_close_z_long,0.4733310692356063,0.46386414460160114,0.06962605351027563,0.21659215025706938,0.0482785679934208,12,12,28.0,21.0,0.1920924812713649,0.24454204904433582
5m_target,price_seq_target,open_ema_12_48_spread,open,ema_12_48_spread,global,open_ema_12_48_spread,0.5013182075773143,0.47870843916268874,0.022845357474753553,0.21659062846952157,0.03326954152068788,12,12,28.0,21.0,0.19933045620301879,0.23248679698322716
5m_others,price_seq_others,ETHUSDT_dist_to_short_liq_zone_atr,dist_to_short_liq_zone_atr,raw,symbol,dist_to_short_liq_zone_atr,0.5357855196552692,0.45316760781145976,0.005644905468649798,0.21653960185347887,0.02110470235187426,12,12,28.0,21.0,0.20483774985978975,0.22721935089105777
5m_others,price_seq_others,1000PEPEUSDT_volume_ratio_roc_12,volume_ratio,roc_12,symbol,volume_ratio_roc_12,0.5018018913064944,0.47870843916268874,0.0016083365947167985,0.21652753549929238,0.039019811435152596,12,12,28.0,21.0,0.19776677305102255,0.2355097513368883
5m_others,price_seq_others,DOGEUSDT_volume_ratio_z_long,volume_ratio,z_long,symbol,volume_ratio_z_long,0.5213775089621108,0.4783705271211931,0.0033412210613119678,0.216480243911464,0.024248904075481897,12,12,28.0,21.0,0.20449724265799946,0.22998898638952978
5m_target,price_seq_target,buy_volume_roc_1,buy_volume,roc_1,global,buy_volume_roc_1,0.5056732836420946,0.4783995683942182,0.004741767230821713,0.21643304858909976,0.023175955285522673,12,12,28.0,21.0,0.20347493169435124,0.2285848126357475
1d_target,price_seq_1d_target,volume_z_short,volume,z_short,global,volume_z_short,0.5134807850195049,0.47870843916268874,0.009406141956477527,0.2162007056752695,0.026563947912600853,12,12,28.0,21.0,0.20338621262020026,0.23053742382455014
5m_others,price_seq_others,DOGEUSDT_close_roc_12,close,roc_12,symbol,close_roc_12,0.501901765395404,0.47870843916268874,0.002538864329684166,0.21580857467952327,0.037070458236150475,12,12,28.0,21.0,0.19858028974104341,0.23802109451096343
1d_target,price_seq_1d_target,open_ema_12_48_spread,open,ema_12_48_spread,global,open_ema_12_48_spread,0.4572694771356434,0.4587823575790806,0.16723217697081158,0.2157046699363598,0.03612049250468799,12,12,28.0,21.0,0.1960212176604633,0.23384914312569108
5m_target,price_seq_target,low_roc_12,low,roc_12,global,low_roc_12,0.4911071545200268,0.47870843916268874,0.005966363360091706,0.21569823114069928,0.034051916454862996,12,12,28.0,21.0,0.19946786362634109,0.23484165265820203
5m_others,price_seq_others,SOLUSDT_open_z_short,open,z_short,symbol,open_z_short,0.501978296402596,0.45087923419040393,0.005338035772523869,0.21548917128297984,0.06321097192900199,12,12,28.0,21.0,0.18146744350627425,0.25129383991480553
5m_others,price_seq_others,1000PEPEUSDT_trades_z_long,trades,z_long,symbol,trades_z_long,0.49876442522913794,0.47870843916268874,0.0035855389464902695,0.21531305447537494,0.030408977362987463,12,12,28.0,21.0,0.1999616136199032,0.23276840704937446
5m_others,price_seq_others,ETHUSDT_ret_12_raw,ret_12_raw,raw,symbol,ret_12_raw,0.5153753108742387,0.4292788347134158,0.004990125542086373,0.21528416654831758,0.07482911880700016,12,12,28.0,21.0,0.17596076186950876,0.2559518302499081
5m_others,price_seq_others,DOGEUSDT_volume_ratio_ema_12_48_spread,volume_ratio,ema_12_48_spread,symbol,volume_ratio_ema_12_48_spread,0.49921868498737726,0.47602464079480944,0.0024117518933481066,0.21502993579815333,0.019752385829142304,12,12,28.0,21.0,0.2045853706665257,0.22576408540394197
5m_others,price_seq_others,SOLUSDT_long_short_ratio_roc_1,long_short_ratio,roc_1,symbol,long_short_ratio_roc_1,0.49526532461449513,0.47870843916268874,0.002504868029996344,0.21485286344335483,0.033240774978616175,12,12,28.0,21.0,0.19837100394188018,0.23453420940538966
5m_others,price_seq_others,1000PEPEUSDT_volume_roc_1,volume,roc_1,symbol,volume_roc_1,0.48349532396678646,0.47870843916268874,0.0017082127402488383,0.21481928605708256,0.03382714109002118,12,12,28.0,21.0,0.19724880225677052,0.2307032960279434
5m_target,price_seq_target,long_short_ratio_ema_12_48_spread,long_short_ratio,ema_12_48_spread,global,long_short_ratio_ema_12_48_spread,0.49441971164521936,0.47870843916268874,0.009986794124521121,0.2148132632000065,0.0384362642591002,12,12,28.0,21.0,0.19595040989566195,0.23887732311804838
5m_target,price_seq_target,low_roc_1,low,roc_1,global,low_roc_1,0.47303758551508746,0.4750593345535477,0.008080425916259385,0.21480004298543978,0.03784800754830798,12,12,28.0,21.0,0.19636678125640925,0.23625829289810876
5m_others,price_seq_others,SOLUSDT_high_ema_12_48_spread,high,ema_12_48_spread,symbol,high_ema_12_48_spread,0.49359969714104324,0.47870843916268874,0.007049481497312872,0.21449893091858074,0.02359819076653488,12,12,28.0,21.0,0.20278076562629627,0.22787320041283243
5m_others,price_seq_others,ETHUSDT_volume_ratio_roc_12,volume_ratio,roc_12,symbol,volume_ratio_roc_12,0.4905006768632017,0.47870843916268874,0.00284346903595043,0.21449876036214732,0.035242585684102413,12,12,28.0,21.0,0.198217639875834,0.2356867177635178
5m_target,price_seq_target,volume_ratio_ema_12_48_spread,volume_ratio,ema_12_48_spread,global,volume_ratio_ema_12_48_spread,0.4515633374402918,0.47870843916268874,0.018132897172265728,0.21424141093641313,0.034592944908321654,12,12,28.0,21.0,0.19712446634238293,0.23394109866256088
5m_others,price_seq_others,DOGEUSDT_buy_volume_ema_12_48_spread,buy_volume,ema_12_48_spread,symbol,buy_volume_ema_12_48_spread,0.5089412071352685,0.47870843916268874,0.0014070954586443533,0.21420076313877465,0.029589947715454125,12,12,28.0,21.0,0.1995739612712088,0.22980900334669627
5m_others,price_seq_others,1000PEPEUSDT_quote_volume_roc_12,quote_volume,roc_12,symbol,quote_volume_roc_12,0.5210464094203042,0.47870843916268874,0.0010514952685369214,0.21418343962906028,0.019556972216538265,12,12,28.0,21.0,0.20341525554822307,0.22400390954127677
5m_target,price_seq_target,sell_volume_roc_12,sell_volume,roc_12,global,sell_volume_roc_12,0.45318104720608904,0.48069523729208496,0.023606480514155606,0.2141021991476483,0.03482461031305567,12,12,28.0,21.0,0.19821615323483974,0.23466671441546913
5m_others,price_seq_others,1000PEPEUSDT_long_short_ratio_z_long,long_short_ratio,z_long,symbol,long_short_ratio_z_long,0.4583601964539319,0.47824431589154787,0.0019668972134730327,0.2140097248609474,0.03627484645944324,12,12,28.0,21.0,0.1949983478983752,0.23444811316114997
5m_others,price_seq_others,DOGEUSDT_open_roc_12,open,roc_12,symbol,open_roc_12,0.5177349742610927,0.4783995683942182,0.0029043060417634006,0.2137866124389147,0.03163580166835875,12,12,28.0,21.0,0.19809856556001967,0.2327726202855954
5m_others,price_seq_others,ETHUSDT_quote_volume_ema_12_48_spread,quote_volume,ema_12_48_spread,symbol,quote_volume_ema_12_48_spread,0.5209904886400513,0.4527236430104494,0.0026926117193981462,0.21372260065632995,0.048848162709164665,12,12,28.0,21.0,0.18700813750805634,0.23991404456112914
5m_others,price_seq_others,SOLUSDT_quote_volume_z_long,quote_volume,z_long,symbol,quote_volume_z_long,0.5067986496103879,0.47725383967862717,0.001142431626564671,0.21349914207581386,0.04056743922369576,12,12,28.0,21.0,0.19405697180876008,0.23938508060323246
5m_others,price_seq_others,1000PEPEUSDT_long_short_ratio_roc_12,long_short_ratio,roc_12,symbol,long_short_ratio_roc_12,0.479210657611306,0.47870843916268874,0.0013137622866363186,0.2132716845273294,0.03560609061303885,12,12,28.0,21.0,0.19477304512005625,0.2332159451270551
5m_others,price_seq_others,DOGEUSDT_rsi_14,rsi_14,raw,symbol,rsi_14,0.5217292466468016,0.4536214930692666,0.0010433192216830233,0.2131956525270419,0.06420241926058849,12,12,28.0,21.0,0.17776050323249873,0.24784099073349963
5m_others,price_seq_others,DOGEUSDT_high_z_long,high,z_long,symbol,high_z_long,0.49314354793946796,0.47855427519389143,0.0016727927208237405,0.2130585475197968,0.026424452864705395,12,12,28.0,21.0,0.20022600336627325,0.228131241978033
5m_others,price_seq_others,SOLUSDT_open_roc_1,open,roc_1,symbol,open_roc_1,0.5230332850876492,0.47870843916268874,0.004618317484999741,0.21305086101149084,0.024875030508759024,12,12,28.0,21.0,0.20019636891666578,0.22726772212854532
5m_others,price_seq_others,DOGEUSDT_close_z_short,close,z_short,symbol,close_z_short,0.4663479276846068,0.47803011665425205,0.0007020206877491622,0.21287258687918856,0.052857788356716416,12,12,28.0,21.0,0.18882849619345438,0.24720158251353194
5m_others,price_seq_others,ETHUSDT_quote_volume_z_short,quote_volume,z_short,symbol,quote_volume_z_short,0.5053507740852893,0.45438260749252796,0.0032071876211551688,0.2127350445070267,0.053880254223886155,12,12,28.0,21.0,0.18476917641741525,0.24164730242063584
5m_others,price_seq_others,DOGEUSDT_sell_volume_roc_1,sell_volume,roc_1,symbol,sell_volume_roc_1,0.5054256262415285,0.47853979372286143,0.0027228521538170216,0.2125268518285951,0.03312066482375693,12,12,28.0,21.0,0.19606930476248477,0.22990160496940307
5m_target,price_seq_target,long_short_ratio_roc_12,long_short_ratio,roc_12,global,long_short_ratio_roc_12,0.490826205126722,0.4517350565478555,0.007803756696471042,0.21235144121867255,0.054708092503527914,12,12,28.0,21.0,0.1831273062525007,0.2414727261404042
5m_others,price_seq_others,SOLUSDT_quote_volume_z_short,quote_volume,z_short,symbol,quote_volume_z_short,0.5134623102682438,0.4523575429569588,0.0007286978020810122,0.21229287879043898,0.06171656281847569,12,12,28.0,21.0,0.1800017854245564,0.24703236953985294
5m_others,price_seq_others,1000PEPEUSDT_trades_roc_1,trades,roc_1,symbol,trades_roc_1,0.49942693951656186,0.47870843916268874,0.0023475893427455543,0.21215147731013062,0.02948194771746426,12,12,28.0,21.0,0.19876843861100948,0.22794102208515649
5m_others,price_seq_others,DOGEUSDT_long_short_ratio_z_short,long_short_ratio,z_short,symbol,long_short_ratio_z_short,0.4974500023286034,0.47870843916268874,0.001077835668330398,0.2120926039937979,0.0352468558638719,12,12,28.0,21.0,0.19512812151549194,0.2341938953054961
5m_others,price_seq_others,SOLUSDT_quote_volume_roc_12,quote_volume,roc_12,symbol,quote_volume_roc_12,0.5259567387676973,0.45378489176207704,0.0006989666046031334,0.21199735250662824,0.04774276179606599,12,12,28.0,21.0,0.18506043198659913,0.2352754344932719
5m_others,price_seq_others,1000PEPEUSDT_volume_log_z,volume,log_z,symbol,volume_log_z,0.5087114680454066,0.47870843916268874,0.002987298077333047,0.2114490823895732,0.02211035775973986,12,12,28.0,21.0,0.20092718134175186,0.22421025235837821
5m_others,price_seq_others,SOLUSDT_volume_roc_12,volume,roc_12,symbol,volume_roc_12,0.51685437564694,0.4519751274523127,0.01139339762653842,0.21143401074489385,0.05064539744906397,12,12,28.0,21.0,0.18414016102019715,0.23433944298869314
5m_others,price_seq_others,DOGEUSDT_quote_volume_ema_12_48_spread,quote_volume,ema_12_48_spread,symbol,quote_volume_ema_12_48_spread,0.48059159760926234,0.47870843916268874,0.0014669983854451649,0.21142871966004315,0.029152856764039815,12,12,28.0,21.0,0.1977613520276104,0.2270090227863883
1d_others,price_seq_1d_others,1000PEPEUSDT_ret_1d_scale,ret_1d,scale,symbol,ret_1d_scale,0.5220653267702847,0.47870843916268874,0.0002147766323024055,0.21137438625317706,0.026879038281712536,12,12,28.0,21.0,0.19718260148974515,0.22532568759231467
1d_others,price_seq_1d_others,DOGEUSDT_volume_z_short,volume,z_short,symbol,volume_z_short,0.5220653267702847,0.47870843916268874,0.0,0.21134216975833167,0.02689494627329921,12,12,28.0,21.0,0.1971503849948998,0.22532568759231467
5m_others,price_seq_others,1000PEPEUSDT_open_z_short,open,z_short,symbol,open_z_short,0.5002885442470254,0.47870843916268874,0.001932137817961398,0.21113897370101942,0.019322458858931267,12,12,28.0,21.0,0.20161823713075405,0.22252957211599955
5m_others,price_seq_others,1000PEPEUSDT_open_roc_12,open,roc_12,symbol,open_roc_12,0.4730530036953154,0.47870843916268874,0.004611333575777479,0.21109161394881004,0.03386750348438723,12,12,28.0,21.0,0.19491895382213048,0.2301393335123277
5m_others,price_seq_others,1000PEPEUSDT_volume_z_short,volume,z_short,symbol,volume_z_short,0.44984638386503,0.47870843916268874,0.0033753074793523006,0.21102179502154875,0.03866518466634014,12,12,28.0,21.0,0.19243670342545482,0.23347746893621563
5m_target,price_seq_target,dist_to_support_96_atr,dist_to_support_96_atr,raw,global,dist_to_support_96_atr,0.5010269810506743,0.4535086486681544,0.01346786531694879,0.21097068779205466,0.054733606060397164,12,12,28.0,21.0,0.1828264218507479,0.23674846086346804
5m_others,price_seq_others,SOLUSDT_long_short_ratio_z_long,long_short_ratio,z_long,symbol,long_short_ratio_z_long,0.5121783522193423,0.4541032322837448,0.0008569093594223389,0.21094400060558494,0.04840789435649024,12,12,28.0,21.0,0.1849382654624611,0.23460796528375574
5m_target,price_seq_target,buy_volume_z_long,buy_volume,z_long,global,buy_volume_z_long,0.5009930658625619,0.4777635167472365,0.010680165624453458,0.21068941840657243,0.0284196310916402,12,12,28.0,21.0,0.19610236907265133,0.22552009636719084
5m_others,price_seq_others,ETHUSDT_ret_15m_scale,ret_15m,scale,symbol,ret_15m_scale,0.5157908293522407,0.47855427519389143,0.012984994493176048,0.2106148757022197,0.014563579928768663,12,12,28.0,21.0,0.20336714081971202,0.21796369687533168
5m_others,price_seq_others,1000PEPEUSDT_quote_volume_roc_1,quote_volume,roc_1,symbol,quote_volume_roc_1,0.5147606705154198,0.47870843916268874,0.0030564602310706114,0.21057747579246164,0.013294314139945279,12,12,28.0,21.0,0.20347804826579308,0.2171982850805038
5m_others,price_seq_others,1000PEPEUSDT_buy_volume_ema_12_48_spread,buy_volume,ema_12_48_spread,symbol,buy_volume_ema_12_48_spread,0.4495938476067302,0.47870843916268874,0.003959095975474999,0.21035209386256634,0.03729822598474307,12,12,28.0,21.0,0.193926332111681,0.2339625097527271
1d_others,price_seq_1d_others,DOGEUSDT_volume_z_long,volume,z_long,symbol,volume_z_long,0.47805299973332344,0.47870843916268874,0.0,0.2102065851918337,0.03249321725296143,12,12,28.0,21.0,0.1938507067019494,0.22710991479955725
5m_others,price_seq_others,DOGEUSDT_buy_volume_roc_12,buy_volume,roc_12,symbol,buy_volume_roc_12,0.5087711396024043,0.47807567045172056,0.0022537434476233385,0.21020638181524767,0.0228226988691394,12,12,28.0,21.0,0.19813236922350214,0.2224337434227123
5m_others,price_seq_others,DOGEUSDT_sell_volume_ema_12_48_spread,sell_volume,ema_12_48_spread,symbol,sell_volume_ema_12_48_spread,0.5095277500918074,0.47870843916268874,0.0006151246154516301,0.21019081992270983,0.02435662054380103,12,12,28.0,21.0,0.19816352453659844,0.2247213120055017
5m_others,price_seq_others,SOLUSDT_volume_z_short,volume,z_short,symbol,volume_z_short,0.5096460822133397,0.4783705271211931,0.006158669079202171,0.2101386982813116,0.023764552931363377,12,12,28.0,21.0,0.19763122042432432,0.22343649902862514
5m_others,price_seq_others,SOLUSDT_trades_ema_12_48_spread,trades,ema_12_48_spread,symbol,trades_ema_12_48_spread,0.5075440407420041,0.4520769593430418,0.00027607053068138816,0.21009123214127365,0.025407055826489146,12,12,28.0,21.0,0.19684946377018234,0.22559462356184454
5m_others,price_seq_others,DOGEUSDT_volume_ratio_roc_12,volume_ratio,roc_12,symbol,volume_ratio_roc_12,0.5013384548419408,0.47430355975559024,0.0026108325442468967,0.2099688212527228,0.034041584273864896,12,12,28.0,21.0,0.19274918950834952,0.22814784665660226
5m_others,price_seq_others,DOGEUSDT_buy_volume_z_long,buy_volume,z_long,symbol,buy_volume_z_long,0.4880012773682098,0.47613543589120827,0.0033259380256487462,0.20995161071777269,0.04317858548870897,12,12,28.0,21.0,0.18998633591897304,0.23174091148439402
5m_target,price_seq_target,trades_z_long,trades,z_long,global,trades_z_long,0.4549107515677606,0.47870843916268874,0.012613548137766592,0.2099303765643368,0.028503994093870756,12,12,28.0,21.0,0.1944930427166477,0.2256876807451259
5m_others,price_seq_others,1000PEPEUSDT_volume_impact_scale,volume_impact,scale,symbol,volume_impact_scale,0.47086124537512614,0.47870843916268874,0.005512475963980663,0.2098600910689159,0.03472320196731877,12,12,28.0,21.0,0.1931785052727693,0.23018343234580663
5m_target,price_seq_target,volume_z_long,volume,z_long,global,volume_z_long,0.5035063870387512,0.41812147895075397,0.005814487804131009,0.20977798739648526,0.08792420801679643,12,12,28.0,21.0,0.16049311886551984,0.25655701336565717
5m_target,price_seq_target,quote_volume_z_short,quote_volume,z_short,global,quote_volume_z_short,0.4858191013059722,0.47870843916268874,0.007009288849193129,0.20965531496863965,0.027670128267274892,12,12,28.0,21.0,0.19449740224892334,0.2246567358453979
5m_others,price_seq_others,SOLUSDT_buy_volume_ema_12_48_spread,buy_volume,ema_12_48_spread,symbol,buy_volume_ema_12_48_spread,0.4843681932142167,0.4954605013200506,0.00601687271472074,0.2095192254439245,0.03158804745376321,12,12,28.0,21.0,0.19501537948864328,0.2263138740341665
5m_others,price_seq_others,ETHUSDT_high_ema_12_48_spread,high,ema_12_48_spread,symbol,high_ema_12_48_spread,0.4908871296173343,0.4536214930692666,0.006763335960129641,0.20935749899947642,0.02258672967993999,12,12,28.0,21.0,0.19823238516288014,0.22015934968131734
5m_others,price_seq_others,ETHUSDT_low_roc_12,low,roc_12,symbol,low_roc_12,0.529401538906462,0.42887384036772164,0.008479453086831906,0.2092957590225701,0.05814037571522226,12,12,28.0,21.0,0.17842199306436252,0.24044293425026483
5m_others,price_seq_others,ETHUSDT_sell_volume_ema_12_48_spread,sell_volume,ema_12_48_spread,symbol,sell_volume_ema_12_48_spread,0.4769078122315846,0.44969498382072737,0.0025641473896524055,0.20928613847203334,0.03769751679213406,12,12,28.0,21.0,0.19183455190614068,0.23223599125209787
5m_target,price_seq_target,sell_volume_z_long,sell_volume,z_long,global,sell_volume_z_long,0.46766005586359943,0.47870843916268874,0.0056628281140727425,0.20928306064100813,0.018816361242452815,12,12,28.0,21.0,0.19972765595087308,0.2190991850771626
5m_others,price_seq_others,DOGEUSDT_trades_z_long,trades,z_long,symbol,trades_z_long,0.47494361689754494,0.47870843916268874,0.0056348076926813736,0.20927435738672817,0.0344586736548793,12,12,28.0,21.0,0.19341105359980357,0.2293342258574426
5m_others,price_seq_others,DOGEUSDT_low_z_long,low,z_long,symbol,low_z_long,0.4988697709024921,0.47824431589154787,0.001788899843639599,0.2092610244611608,0.027776445473439812,12,12,28.0,21.0,0.1955887658838094,0.22445864877015625
5m_others,price_seq_others,SOLUSDT_long_short_ratio_ema_12_48_spread,long_short_ratio,ema_12_48_spread,symbol,long_short_ratio_ema_12_48_spread,0.5199692910076109,0.46340286470780784,0.00144167073237789,0.20921071311219186,0.04769575633618574,12,12,28.0,21.0,0.18270636457643666,0.2334765967905561
5m_others,price_seq_others,DOGEUSDT_quote_volume_z_short,quote_volume,z_short,symbol,quote_volume_z_short,0.4315556331358874,0.47870843916268874,0.0028736705174036785,0.2091966422202051,0.04010794692975652,12,12,28.0,21.0,0.19048540986634657,0.23243772182784211
5m_others,price_seq_others,1000PEPEUSDT_trades_roc_12,trades,roc_12,symbol,trades_roc_12,0.49892472507161423,0.47870843916268874,0.005769257443269833,0.20907419009059688,0.028629265329277044,12,12,28.0,21.0,0.19438934825719867,0.2251043540909504
5m_target,price_seq_target,body_z,body,z,global,body_z,0.5215148884501927,0.45201882670393223,0.017215732844720933,0.20899224030185382,0.044699761430697794,12,12,28.0,21.0,0.18321886075131164,0.2292811938241402
5m_others,price_seq_others,ETHUSDT_long_short_ratio_roc_12,long_short_ratio,roc_12,symbol,long_short_ratio_roc_12,0.5215356669046125,0.45059827404889474,0.0036853670945064284,0.20887548189605143,0.052782774398538956,12,12,28.0,21.0,0.17943148507616677,0.23360497392093119
5m_target,price_seq_target,sell_volume_roc_1,sell_volume,roc_1,global,sell_volume_roc_1,0.48626588506785473,0.47870843916268874,0.006880757254185668,0.20880798048279803,0.02015538994484331,12,12,28.0,21.0,0.19844788783841735,0.2196542968411562
5m_others,price_seq_others,1000PEPEUSDT_low_roc_1,low,roc_1,symbol,low_roc_1,0.440893795103795,0.47870843916268874,0.009103268897005802,0.20868119372628113,0.029867435215684884,12,12,28.0,21.0,0.1937867219656291,0.22650271722738324
1d_others,price_seq_1d_others,1000PEPEUSDT_ret_3d_z,ret_3d,z,symbol,ret_3d_z,0.4916713636355508,0.4635354212840728,0.000286368843069874,0.20853863595405933,0.04800581244433203,12,12,28.0,21.0,0.18389653479926255,0.23484503527569742
5m_others,price_seq_others,ETHUSDT_volume_roc_1,volume,roc_1,symbol,volume_roc_1,0.5197061706435581,0.4535086486681544,0.006591802770029002,0.20837271750249606,0.04493112855743589,12,12,28.0,21.0,0.18190965984648447,0.2290605910707073
5m_target,price_seq_target,ret_15m_z_short,ret_15m,z_short,global,ret_15m_z_short,0.4933269784688561,0.47853979372286143,0.01889712340468572,0.20795956042972275,0.024520207508822955,12,12,28.0,21.0,0.19602408064643695,0.22243608480452523
1d_others,price_seq_1d_others,sopr_ema_12_48_spread,sopr,ema_12_48_spread,global,sopr_ema_12_48_spread,0.5180388425531685,0.47870843916268874,0.0,0.20774520244172337,0.03370449078638614,12,12,28.0,21.0,0.1924177394030278,0.2299535055357873
5m_target,price_seq_target,trades_ema_12_48_spread,trades,ema_12_48_spread,global,trades_ema_12_48_spread,0.4597544636799322,0.47870843916268874,0.009370686112040762,0.2077380476934646,0.027080212874351434,12,12,28.0,21.0,0.19452746455454906,0.22312403594336283
5m_others,price_seq_others,ETHUSDT_ema_12_48_spread_raw,ema_12_48_spread_raw,raw,symbol,ema_12_48_spread_raw,0.5118971610434753,0.47870843916268874,0.0061897019682699205,0.20765143964213376,0.019542778999015162,12,12,28.0,21.0,0.1974572421910477,0.2186320220141106
5m_others,price_seq_others,ETHUSDT_volume_ratio_roc_1,volume_ratio,roc_1,symbol,volume_ratio_roc_1,0.4905351787685084,0.4484949404561895,0.003297774903497973,0.20760914521798024,0.02338969622281722,12,12,28.0,21.0,0.19706613919777038,0.2218661056382805
5m_others,price_seq_others,DOGEUSDT_trades_z_short,trades,z_short,symbol,trades_z_short,0.4669677722159109,0.47853979372286143,0.002415688924361846,0.2076038048388149,0.03955716587858004,12,12,28.0,21.0,0.18931871247601081,0.23316167659392578
5m_others,price_seq_others,ETHUSDT_sell_volume_z_long,sell_volume,z_long,symbol,sell_volume_z_long,0.48773255831875706,0.45335118668153185,0.004031693249602075,0.20750809953866256,0.04984481927065424,12,12,28.0,21.0,0.18033508761842806,0.23294495106064758
5m_others,price_seq_others,SOLUSDT_low_ema_12_48_spread,low,ema_12_48_spread,symbol,low_ema_12_48_spread,0.45784160397831347,0.47853979372286143,0.004116972674948695,0.20746450344497733,0.02058651081928174,12,12,28.0,21.0,0.19715559610578334,0.21720830233851804
5m_others,price_seq_others,DOGEUSDT_long_short_ratio_roc_1,long_short_ratio,roc_1,symbol,long_short_ratio_roc_1,0.47364364866882774,0.4783705271211931,0.003700844094122002,0.20738399983366337,0.02719019304101688,12,12,28.0,21.0,0.19405192906538105,0.2226008722159271
5m_others,price_seq_others,ETHUSDT_low_roc_1,low,roc_1,symbol,low_roc_1,0.5196304696938662,0.42636199176461176,0.0073604897363863594,0.20718648655108773,0.05312506690851717,12,12,28.0,21.0,0.17921286887127946,0.23596852040113064
5m_others,price_seq_others,SOLUSDT_buy_volume_roc_1,buy_volume,roc_1,symbol,buy_volume_roc_1,0.4929164089181559,0.4559523254679723,0.0091885442707538,0.20697952733218675,0.045509300334909256,12,12,28.0,21.0,0.18252855917720637,0.22779680566244728
5m_others,price_seq_others,ETHUSDT_high_z_short,high,z_short,symbol,high_z_short,0.5055411260015835,0.47870843916268874,0.002190087840102642,0.20639735509226811,0.017119670686079308,12,12,28.0,21.0,0.19745942181334172,0.2142280041486013
5m_others,price_seq_others,ETHUSDT_buy_volume_z_long,buy_volume,z_long,symbol,buy_volume_z_long,0.4827769262643448,0.47970281931140063,0.004403782006276642,0.20634835056113401,0.014952422056927827,12,12,28.0,21.0,0.19920734440997784,0.21542019691610526
1d_target,price_seq_1d_target,quote_volume_z_long,quote_volume,z_long,global,quote_volume_z_long,0.49821673779231906,0.47870843916268874,0.015493340838741496,0.2062839644925193,0.026028472649689705,12,12,28.0,21.0,0.19529468805749267,0.2202033605954465
5m_target,price_seq_target,volume_ratio_z_long,volume_ratio,z_long,global,volume_ratio_z_long,0.4613456595199244,0.47870843916268874,0.010953292905892637,0.20617704264311768,0.023291448759662034,12,12,28.0,21.0,0.19448062314662443,0.21829310939139415
5m_others,price_seq_others,DOGEUSDT_body_range_ratio,body_range,ratio,symbol,body_range_ratio,0.4922859985901124,0.4526245288864734,0.0017109422246628586,0.20616328379907958,0.045773827005197484,12,12,28.0,21.0,0.17988518398271397,0.22792597628614078
5m_others,price_seq_others,1000PEPEUSDT_ret_1h_scale,ret_1h,scale,symbol,ret_1h_scale,0.49532234735985536,0.47870843916268874,0.002144593717184767,0.2060284473788082,0.0245851942521318,12,12,28.0,21.0,0.1946540223232996,0.2194640087777259
5m_others,price_seq_others,SOLUSDT_volume_ema_12_48_spread,volume,ema_12_48_spread,symbol,volume_ema_12_48_spread,0.5120862406191478,0.4547901827673681,0.002527270613441764,0.20573041807710468,0.02742519073257837,12,12,28.0,21.0,0.19230195552530577,0.22082484165853952
5m_target,price_seq_target,long_short_ratio_z_long,long_short_ratio,z_long,global,long_short_ratio_z_long,0.43951662588823126,0.47870843916268874,0.011535735660919784,0.2055497263415611,0.03147400255189741,12,12,28.0,21.0,0.19073624349221344,0.2255252635286252
5m_others,price_seq_others,SOLUSDT_trades_roc_12,trades,roc_12,symbol,trades_roc_12,0.511933702739722,0.451764689741875,0.0005260959920491263,0.2050913876951583,0.015228562607512782,12,12,28.0,21.0,0.19739213966482652,0.2127600586244554
5m_target,price_seq_target,close_roc_12,close,roc_12,global,close_roc_12,0.4623992139458511,0.47870843916268874,0.005459228303069987,0.2049792523038799,0.028492345739398673,12,12,28.0,21.0,0.19164047217237754,0.22185979250250992
1d_others,price_seq_1d_others,sopr_roc_1,sopr,roc_1,global,sopr_roc_1,0.5136996014530323,0.47870843916268874,0.00026164311878597594,0.20486236445072337,0.027375152719025676,12,12,28.0,21.0,0.19126694981298867,0.21892904648769262
5m_others,price_seq_others,SOLUSDT_close_z_short,close,z_short,symbol,close_z_short,0.512849404651665,0.44947255956774296,0.0023604466811497013,0.20485920872959051,0.047421847695888406,12,12,28.0,21.0,0.17765472586842898,0.22610674473683487
5m_target,price_seq_target,ret_1_z_short,ret_1,z_short,global,ret_1_z_short,0.4884782362088506,0.4777657053848372,0.0230039922166195,0.20483185366362247,0.018552165673102566,12,12,28.0,21.0,0.19523229414657944,0.214803971285821
5m_others,price_seq_others,ETHUSDT_buy_volume_z_short,buy_volume,z_short,symbol,buy_volume_z_short,0.5249696135249676,0.4537132731821712,0.005544527657051924,0.20478964059389715,0.039089131689092255,12,12,28.0,21.0,0.18161671491323877,0.22295839967164446
5m_others,price_seq_others,1000PEPEUSDT_sell_volume_z_short,sell_volume,z_short,symbol,sell_volume_z_short,0.4618177279183162,0.47870843916268874,0.0012616067551425637,0.20448038029478346,0.0207166083844054,12,12,28.0,21.0,0.1951201171561452,0.2168484454486484
5m_others,price_seq_others,DOGEUSDT_low_z_short,low,z_short,symbol,low_z_short,0.47810758410975707,0.4749167879977139,0.0028280196540182412,0.20435465395414928,0.02264735363427343,12,12,28.0,21.0,0.19259046806594493,0.21671221318781084
5m_others,price_seq_others,1000PEPEUSDT_low_roc_12,low,roc_12,symbol,low_roc_12,0.46635572505787226,0.47870843916268874,0.0035656421443354103,0.20421945303503108,0.021326991246632017,12,12,28.0,21.0,0.19274288301477213,0.2155327752613049
5m_others,price_seq_others,DOGEUSDT_sell_volume_z_short,sell_volume,z_short,symbol,sell_volume_z_short,0.513296229652587,0.47855427519389143,0.0013841044724767322,0.20421132751259577,0.014202741191833868,12,12,28.0,21.0,0.1959381980821658,0.2115907419718547
5m_others,price_seq_others,ETHUSDT_volume_z_short,volume,z_short,symbol,volume_z_short,0.5088642121677089,0.45569740016629817,0.004700464645887811,0.2040618330486618,0.04091467098700239,12,12,28.0,21.0,0.18263563952357917,0.22313245501963191
5m_target,price_seq_target,volume_ratio_roc_12,volume_ratio,roc_12,global,volume_ratio_roc_12,0.4771236519349617,0.4764996798543459,0.01017901323523588,0.20386118046555315,0.018794054211843342,12,12,28.0,21.0,0.19460915115858898,0.21447860717493436
5m_others,price_seq_others,ETHUSDT_open_z_short,open,z_short,symbol,open_z_short,0.49575615170697707,0.47853979372286143,0.005429225554397403,0.2037013397147992,0.015544669688929773,12,12,28.0,21.0,0.19577038189294435,0.21126438165121889
5m_others,price_seq_others,1000PEPEUSDT_sell_volume_ema_12_48_spread,sell_volume,ema_12_48_spread,symbol,sell_volume_ema_12_48_spread,0.4910278023730012,0.47870843916268874,0.0013763296332163107,0.2036521176685685,0.025048789392015627,12,12,28.0,21.0,0.19180308094570103,0.21841055127939074
5m_target,price_seq_target,close_roc_1,close,roc_1,global,close_roc_1,0.46872487638763216,0.4748889328985462,0.006877647437990621,0.20348268357886914,0.02244885544205924,12,12,28.0,21.0,0.19209315959973441,0.21543395287676292
5m_target,price_seq_target,high_z_long,high,z_long,global,high_z_long,0.49376313114308273,0.4505118512797342,0.017634653399588276,0.2029847505666543,0.04405199005256902,12,12,28.0,21.0,0.17720153258108315,0.2228803247891214
5m_target,price_seq_target,price_jump_z,price_jump,z,global,price_jump_z,0.46206304831672335,0.47870843916268874,0.009905614121711832,0.20292085800440554,0.022872337307344462,12,12,28.0,21.0,0.19230394151134914,0.21451356092505852
5m_others,price_seq_others,ETHUSDT_low_z_long,low,z_long,symbol,low_z_long,0.5041339549378685,0.4535086486681544,0.0037247050525641774,0.20285772651448228,0.018607953919195983,12,12,28.0,21.0,0.19350904740419797,0.21132971119906915
5m_others,price_seq_others,DOGEUSDT_buy_volume_roc_1,buy_volume,roc_1,symbol,buy_volume_roc_1,0.4949849737495971,0.42802053204418056,0.0027756400283680837,0.2022684509063959,0.05832006317915533,12,12,28.0,21.0,0.17250156247245074,0.23502095852967497
5m_others,price_seq_others,SOLUSDT_close_z_long,close,z_long,symbol,close_z_long,0.504847789398447,0.4556438421048154,0.005468380824106227,0.20220978703649709,0.04420690631615055,12,12,28.0,21.0,0.17757865591613972,0.22568923998746365
5m_others,price_seq_others,SOLUSDT_sell_volume_roc_12,sell_volume,roc_12,symbol,sell_volume_roc_12,0.4882194324730958,0.47803011665425205,0.009263608484429068,0.20192183874016478,0.01968130368424591,12,12,28.0,21.0,0.1918670429255837,0.2133639781747693
5m_others,price_seq_others,DOGEUSDT_buy_volume_z_short,buy_volume,z_short,symbol,buy_volume_z_short,0.4942623716555044,0.4500190503915114,0.0018171962259362687,0.2019149167570128,0.05515980940896047,12,12,28.0,21.0,0.17041939464907568,0.23407381107279518
5m_target,price_seq_target,ob_depth_imbalance_scale,ob_depth_imbalance,scale,global,ob_depth_imbalance_scale,0.43600493481233404,0.47870843916268874,0.009024095544309997,0.20176691213242834,0.02474259292467495,12,12,28.0,21.0,0.189850890624543,0.21688676488227804
5m_target,price_seq_target,low_ema_12_48_spread,low,ema_12_48_spread,global,low_ema_12_48_spread,0.4734062791965672,0.47855427519389143,0.0027820052062581587,0.20173541126853078,0.017959911286949466,12,12,28.0,21.0,0.1920851404507993,0.2115376693054715
5m_others,price_seq_others,DOGEUSDT_long_short_ratio_roc_12,long_short_ratio,roc_12,symbol,long_short_ratio_roc_12,0.4741507937189042,0.49299946686411467,0.003134742914218566,0.20171817967680608,0.02405109951055016,12,12,28.0,21.0,0.1904351145567615,0.21407487809025347
5m_target,price_seq_target,volume_log_z_short,volume_log,z_short,global,volume_log_z_short,0.4795847795002382,0.47855427519389143,0.02143315191801486,0.20110787855009002,0.01760536499049258,12,12,28.0,21.0,0.1925273425859678,0.21144219767460298
5m_target,price_seq_target,alts_volume_log_mean_scale,alts_volume_log_mean,scale,global,alts_volume_log_mean_scale,0.40901282294385416,0.47840011122509424,0.011677394465848234,0.2010304523250985,0.022168569630103444,12,12,28.0,21.0,0.19028081887754775,0.21434316032986522
1d_others,price_seq_1d_others,1000PEPEUSDT_long_short_ratio_roc_1,long_short_ratio,roc_1,symbol,long_short_ratio_roc_1,0.5158446476260626,0.45345473340293485,0.0,0.20092352445509506,0.03157031317645136,12,12,28.0,21.0,0.18575004396955608,0.21846987540944712
5m_target,price_seq_target,volume_ema_12_48_spread,volume,ema_12_48_spread,global,volume_ema_12_48_spread,0.469184805744326,0.47870843916268874,0.00670217463689369,0.2008959399454754,0.019608308989886303,12,12,28.0,21.0,0.19136117615999404,0.2119724210385844
5m_target,price_seq_target,long_short_ratio_roc_1,long_short_ratio,roc_1,global,long_short_ratio_roc_1,0.446712018344342,0.47870843916268874,0.012051841176272034,0.20017546774807915,0.020594372646064073,12,12,28.0,21.0,0.1900394667648412,0.21241393782161375
5m_others,price_seq_others,ETHUSDT_open_ema_12_48_spread,open,ema_12_48_spread,symbol,open_ema_12_48_spread,0.4847301506163551,0.47870843916268874,0.014726828252498984,0.19987162200470168,0.013337229650811917,12,12,28.0,21.0,0.19279089271950908,0.20769751093789218
5m_others,price_seq_others,DOGEUSDT_up_volume_ratio_12,up_volume_ratio_12,raw,symbol,up_volume_ratio_12,0.5267113818099504,0.4265209192437847,0.0010292009979306314,0.19954314123547426,0.04329265475762922,12,12,28.0,21.0,0.1734280252344564,0.22140217447453844
5m_others,price_seq_others,ETHUSDT_low_z_short,low,z_short,symbol,low_z_short,0.4669699845547723,0.47870843916268874,0.0043639657139544355,0.19941736258187504,0.011822989369991843,12,12,28.0,21.0,0.1932065618578555,0.20492813000117185
5m_others,price_seq_others,ETHUSDT_volume_ratio_ema_12_48_spread,volume_ratio,ema_12_48_spread,symbol,volume_ratio_ema_12_48_spread,0.4956629280442955,0.4521213638273627,0.002316755542747972,0.1994033862037801,0.025785360337759734,12,12,28.0,21.0,0.18568102423373284,0.21139143096746757
5m_others,price_seq_others,DOGEUSDT_volume_ema_12_48_spread,volume,ema_12_48_spread,symbol,volume_ema_12_48_spread,0.46662812774115126,0.4535168706668092,0.000578074232617779,0.19933342317150704,0.04966785647395467,12,12,28.0,21.0,0.1722583304671714,0.22599353635224378
5m_others,price_seq_others,DOGEUSDT_quote_volume_roc_1,quote_volume,roc_1,symbol,quote_volume_roc_1,0.4353565970659525,0.47853979372286143,0.007790297413993712,0.1993275198945246,0.01720897162621,12,12,28.0,21.0,0.1906633298810324,0.20941369896681125
5m_target,price_seq_target,sell_volume_z_short,sell_volume,z_short,global,sell_volume_z_short,0.4680285982101256,0.47824431589154787,0.007969820578246044,0.1993237447989932,0.010975931734841956,12,12,28.0,21.0,0.1941805406518785,0.20557197292667753
5m_others,price_seq_others,SOLUSDT_ret_12_raw,ret_12_raw,raw,symbol,ret_12_raw,0.5165208694207369,0.4536214930692666,0.005455630458283667,0.19882760414163073,0.029083276010157692,12,12,28.0,21.0,0.18248337217892024,0.2126598958815461
5m_others,price_seq_others,SOLUSDT_trades_roc_1,trades,roc_1,symbol,trades_roc_1,0.49090768886596653,0.45079338213003806,0.0014346941050172608,0.19867081511080945,0.045777081783472236,12,12,28.0,21.0,0.1740716424737022,0.22381032331329612
5m_target,price_seq_target,quote_volume_z_long,quote_volume,z_long,global,quote_volume_z_long,0.4673992729987147,0.4509765657763685,0.009126269064216711,0.19866173646671226,0.013568668533243275,12,12,28.0,21.0,0.1914760691334487,0.20604541275429689
5m_others,price_seq_others,DOGEUSDT_quote_volume_z_long,quote_volume,z_long,symbol,quote_volume_z_long,0.4657555559596904,0.47870843916268874,0.003837924521231244,0.19863902582373236,0.008031096659044737,12,12,28.0,21.0,0.19453489442412236,0.20298543079056794
5m_others,price_seq_others,ETHUSDT_open_z_long,open,z_long,symbol,open_z_long,0.51738559605967,0.4532817083568604,0.004165685017497916,0.1984855653411296,0.037552367718429375,12,12,28.0,21.0,0.17489520674529233,0.2153535010078707
5m_others,price_seq_others,SOLUSDT_ema_12_48_spread_raw,ema_12_48_spread_raw,raw,symbol,ema_12_48_spread_raw,0.47106906355046374,0.4773605914859688,0.006687735210168849,0.19846644606749111,0.012645799874457912,12,12,28.0,21.0,0.19170582377213247,0.20483978127682712
5m_others,price_seq_others,ETHUSDT_close_z_short,close,z_short,symbol,close_z_short,0.4828268902098884,0.4783705271211931,0.005008794598309284,0.19845669570753696,0.013135361511109977,12,12,28.0,21.0,0.19165398734879222,0.2062790203450278
5m_others,price_seq_others,1000PEPEUSDT_long_short_ratio_roc_1,long_short_ratio,roc_1,symbol,long_short_ratio_roc_1,0.4294963574324935,0.47870843916268874,0.002522022913343768,0.19829667977378904,0.017900782748710868,12,12,28.0,21.0,0.18955791061649013,0.20966336280021913
5m_target,price_seq_target,high_z_short,high,z_short,global,high_z_short,0.4512281855550822,0.47870843916268874,0.01690493633847459,0.1977148865496832,0.0048037372486806375,12,12,28.0,21.0,0.19552513469329005,0.20024307952340564
5m_target,price_seq_target,volume_roc_12,volume,roc_12,global,volume_roc_12,0.44268850175844815,0.45420342685023013,0.012842418496472316,0.1976066211675106,0.04964855036053217,12,12,28.0,21.0,0.17060584219747196,0.22524732620414917
1d_others,price_seq_1d_others,1000PEPEUSDT_trades_z_short,trades,z_short,symbol,trades_z_short,0.49596195446141117,0.47870843916268874,0.0,0.19752512596615937,0.021309436915260344,12,12,28.0,21.0,0.18844406625057739,0.2096145713089303
5m_target,price_seq_target,quote_volume_roc_1,quote_volume,roc_1,global,quote_volume_roc_1,0.47963484032142284,0.47560156029909123,0.010277427748938481,0.19715940481191116,0.007095063255387625,12,12,28.0,21.0,0.19346253479603867,0.201053678811892
5m_others,price_seq_others,SOLUSDT_close_ema_12_48_spread,close,ema_12_48_spread,symbol,close_ema_12_48_spread,0.48846282821463166,0.47870843916268874,0.00716307913417077,0.19698431249715806,0.004495085902767133,12,12,28.0,21.0,0.1947796984988319,0.19949032472603537
5m_others,price_seq_others,DOGEUSDT_volume_roc_1,volume,roc_1,symbol,volume_roc_1,0.46807801852316544,0.4459243536503199,0.002398725926781581,0.19696244533895646,0.02220495922800116,12,12,28.0,21.0,0.18578993103353314,0.20890981373675563
5m_others,price_seq_others,DOGEUSDT_volume_roc_12,volume,roc_12,symbol,volume_roc_12,0.4315709310569282,0.4835887656804421,0.0020596718420113395,0.1966315171314439,0.01214220856136771,12,12,28.0,21.0,0.1903523055341703,0.20324115710665525
5m_others,price_seq_others,DOGEUSDT_open_ema_12_48_spread,open,ema_12_48_spread,symbol,open_ema_12_48_spread,0.45293610550906366,0.47803011665425205,0.006190120117679789,0.19633785378554106,0.01063278215877319,12,12,28.0,21.0,0.1905382486541111,0.2018143120606072
5m_others,price_seq_others,DOGEUSDT_volume_ratio_roc_1,volume_ratio,roc_1,symbol,volume_ratio_roc_1,0.4561378818332588,0.4391428853585835,0.0018897434145447138,0.19619147113326654,0.055723808500909335,12,12,28.0,21.0,0.1654450320708018,0.22532482058918485
5m_others,price_seq_others,1000PEPEUSDT_low_z_short,low,z_short,symbol,low_z_short,0.47201551479701126,0.4514960458562099,0.0017001362021210893,0.19615094156642113,0.04334968242857387,12,12,28.0,21.0,0.17152667354482162,0.21759055175195513
5m_others,price_seq_others,DOGEUSDT_volume_ratio_z_short,volume_ratio,z_short,symbol,volume_ratio_z_short,0.47870106851052124,0.46121667687350393,0.0010546140222260816,0.19596413746872768,0.006925418831814496,12,12,28.0,21.0,0.19231961322962246,0.19952287523949847
5m_target,price_seq_target,rv_ratio_scale,rv_ratio,scale,global,rv_ratio_scale,0.4501417061691382,0.47870843916268874,0.016582249466134028,0.19541570152508805,0.003543691212313507,12,12,28.0,21.0,0.19360667970665768,0.19733212062900057
5m_others,price_seq_others,DOGEUSDT_volume_z_long,volume,z_long,symbol,volume_z_long,0.4776865933149714,0.4538257414352797,0.0013921676009095519,0.19537390687159298,0.039454826454233094,12,12,28.0,21.0,0.17215313488299078,0.21418891928195657
5m_target,price_seq_target,volume_z_short,volume,z_short,global,volume_z_short,0.4425131346900373,0.47652490071788284,0.005029760650334287,0.19534768294140967,0.012425540865182539,12,12,28.0,21.0,0.18887019857828394,0.20226710091904954
1d_others,price_seq_1d_others,1000PEPEUSDT_ret_3d_scale,ret_3d,scale,symbol,ret_3d_scale,0.46620328121722804,0.47870843916268874,0.006013745704467353,0.1952235102609845,0.012071667960116994,12,12,28.0,21.0,0.18931324829429436,0.20189685604812377
5m_others,price_seq_others,1000PEPEUSDT_volume_ratio_ema_12_48_spread,volume_ratio,ema_12_48_spread,symbol,volume_ratio_ema_12_48_spread,0.5005001672025892,0.4532817083568604,0.0016726247535474852,0.1949982520565576,0.03377004642897265,12,12,28.0,21.0,0.1751203255535805,0.2127800293203332
5m_others,price_seq_others,DOGEUSDT_quote_volume_roc_12,quote_volume,roc_12,symbol,quote_volume_roc_12,0.41355400806284365,0.47870843916268874,0.0012941807250197803,0.19496935343621302,0.009303694907528571,12,12,28.0,21.0,0.18990556630825844,0.1999713277829649
5m_others,price_seq_others,ETHUSDT_high_z_long,high,z_long,symbol,high_z_long,0.5093629748826692,0.42688344368037634,0.0028431496335909953,0.19488307058534102,0.05042989248075393,12,12,28.0,21.0,0.16755851909682665,0.22266276202950586
5m_target,price_seq_target,alts_rel_ret_15m_abs_mean_scale,alts_rel_ret_15m_abs_mean,scale,global,alts_rel_ret_15m_abs_mean_scale,0.4452161239398946,0.4529896511539064,0.023848596791395272,0.19436995995106457,0.011083703301519808,12,12,28.0,21.0,0.18797024162165124,0.20007092967736484
5m_target,price_seq_target,long_short_ratio_z,long_short_ratio,z,global,long_short_ratio_z,0.4956375319242307,0.45252691891575986,0.005223246433986352,0.1940421514325662,0.03828444840962828,12,12,28.0,21.0,0.1725927488480159,0.21403505228673753
5m_target,price_seq_target,ob_slope_ask_z,ob_slope_ask,z,global,ob_slope_ask_z,0.3966307275956942,0.4762110925934186,0.015520123846250998,0.19345650455757538,0.008070782558885489,12,12,28.0,21.0,0.18912600876647964,0.1978797487505267
5m_others,price_seq_others,ETHUSDT_volume_roc_12,volume,roc_12,symbol,volume_roc_12,0.4507211461757212,0.47870843916268874,0.012955020369895544,0.19342662872055982,0.006171735353569616,12,12,28.0,21.0,0.18997499544241098,0.19647956198498215
5m_others,price_seq_others,SOLUSDT_quote_volume_roc_1,quote_volume,roc_1,symbol,quote_volume_roc_1,0.49276789786808123,0.45210087212613836,0.0025409968807891376,0.19340053173195115,0.0297333005594168,12,12,28.0,21.0,0.17763705184872014,0.2091707226273971
5m_target,price_seq_target,quote_volume_log_z,quote_volume,log_z,global,quote_volume_log_z,0.482823940156045,0.4520180904035302,0.025410124469947736,0.1933847331790991,0.03344335442991344,12,12,28.0,21.0,0.17609798771655838,0.2102283370781525
5m_others,price_seq_others,SOLUSDT_low_z_long,low,z_long,symbol,low_z_long,0.47290051591263077,0.4777796440249913,0.005112547527364855,0.19297638283674434,0.007651882098064404,12,12,28.0,21.0,0.18895826470801003,0.19712114849155232
5m_others,price_seq_others,DOGEUSDT_high_z_short,high,z_short,symbol,high_z_short,0.435346534081744,0.48182235674807145,0.0006974660985163617,0.19283356261400605,0.004455527598803984,12,12,28.0,21.0,0.1906289881694131,0.19531643744879226
1d_target,price_seq_1d_target,volume_ratio_z_long,volume_ratio,z_long,global,volume_ratio_z_long,0.46071589908595856,0.4587823575790806,0.010067114093959733,0.19273057791306336,0.038392898787763016,12,12,28.0,21.0,0.17007926303139526,0.21139729825294093
5m_others,price_seq_others,1000PEPEUSDT_buy_volume_roc_1,buy_volume,roc_1,symbol,buy_volume_roc_1,0.44633024632144513,0.47870843916268874,0.003061846468620918,0.19269813489602114,0.006702176398405519,12,12,28.0,21.0,0.18880220979835255,0.19591380680426057
5m_target,price_seq_target,range_atr,range_atr,raw,global,range_atr,0.49961372312638236,0.4532412238982409,0.02085359503614263,0.19264125338257185,0.0315074534941108,12,12,28.0,21.0,0.17336731293288032,0.20643480031545552
5m_target,price_seq_target,close_ema_12_48_spread,close,ema_12_48_spread,global,close_ema_12_48_spread,0.4761667609066013,0.4522297985870752,0.004618114235469344,0.19256954685205743,0.03926412360139824,12,12,28.0,21.0,0.16934617047782935,0.2112237168609444
1d_others,price_seq_1d_others,SOLUSDT_liq_short_log_z,liq_short,log_z,symbol,liq_short_log_z,0.49080607497009215,0.47870843916268874,0.006781843859500453,0.19250065224400056,0.006868090410480446,12,12,28.0,21.0,0.18875788289812484,0.19583659975106066
5m_others,price_seq_others,SOLUSDT_sell_volume_roc_1,sell_volume,roc_1,symbol,sell_volume_roc_1,0.4475927789556596,0.47870843916268874,0.006398658962192665,0.1924431745094044,0.006401418018548306,12,12,28.0,21.0,0.18877966757071396,0.1955378876711227
5m_others,price_seq_others,ETHUSDT_dist_to_long_liq_zone_atr,dist_to_long_liq_zone_atr,raw,symbol,dist_to_long_liq_zone_atr,0.44675248269380363,0.4783705271211931,0.007028876263561559,0.19240254228801149,0.006496760394297439,12,12,28.0,21.0,0.18864617507599443,0.1955331382370854
1d_others,price_seq_1d_others,DOGEUSDT_volume_ema_12_48_spread,volume,ema_12_48_spread,symbol,volume_ema_12_48_spread,0.4803786276856657,0.4497049507372772,0.0,0.1922365931692462,0.05620323512261863,12,11,28.0,21.0,0.15458632233408523,0.21698792510727075
5m_target,price_seq_target,close_z_long,close,z_long,global,close_z_long,0.44640931281705715,0.47870843916268874,0.003928418742945404,0.19207263847651732,0.006893795590093001,12,12,28.0,21.0,0.18822044673015953,0.1955991755352807
5m_target,price_seq_target,high_roc_12,high,roc_12,global,high_roc_12,0.47292877338830563,0.4522070003805481,0.01420477615221029,0.19195074689539005,0.03182747176392306,12,12,28.0,21.0,0.17516819308347042,0.20750350676293008
5m_target,price_seq_target,close_z_short,close,z_short,global,close_z_short,0.47749883196440585,0.4532412238982409,0.003294055023134503,0.19191272105391988,0.03751691595687176,12,12,28.0,21.0,0.17001636272019507,0.20979195116243
5m_target,price_seq_target,quote_volume_ema_12_48_spread,quote_volume,ema_12_48_spread,global,quote_volume_ema_12_48_spread,0.38572255056335275,0.47870843916268874,0.0021727538829650244,0.19180928874752023,0.0065806962636808936,12,12,28.0,21.0,0.18808749412217862,0.19503136262977316
1d_target,price_seq_1d_target,liq_long_roc_1,liq_long,roc_1,global,liq_long_roc_1,0.5,0.47870843916268874,0.0008839518076341484,0.1916159684362206,0.006639798430310228,12,12,28.0,21.0,0.18788164079382125,0.1949743176297994
1d_others,price_seq_1d_others,sopr_z_long,sopr,z_long,global,sopr_z_long,0.5,0.47870843916268874,0.00019623233908948193,0.1915128105159389,0.006543988555074149,12,12,28.0,21.0,0.18780237106849737,0.1947074354084522
5m_others,price_seq_others,1000PEPEUSDT_quote_volume_z_long,quote_volume,z_long,symbol,quote_volume_z_long,0.4369006043729393,0.47742435894389373,0.0035261266206062995,0.19149866257064843,0.006974233106403386,12,12,28.0,21.0,0.18751231025539444,0.1949783101688216
1d_others,price_seq_1d_others,1000PEPEUSDT_body_range_ratio,body_range,ratio,symbol,body_range_ratio,0.5,0.47870843916268874,0.0,0.19148337566507548,0.0065231047294785375,12,12,28.0,21.0,0.18777293621763394,0.19467978585055948
1d_others,price_seq_1d_others,1000PEPEUSDT_buy_volume_ema_12_48_spread,buy_volume,ema_12_48_spread,symbol,buy_volume_ema_12_48_spread,0.5,0.47870843916268874,0.0,0.19148337566507548,0.0065231047294785375,12,12,28.0,21.0,0.18777293621763394,0.19467978585055948
1d_others,price_seq_1d_others,1000PEPEUSDT_buy_volume_roc_1,buy_volume,roc_1,symbol,buy_volume_roc_1,0.5,0.47870843916268874,0.0,0.19148337566507548,0.0065231047294785375,12,12,28.0,21.0,0.18777293621763394,0.19467978585055948
1d_others,price_seq_1d_others,1000PEPEUSDT_buy_volume_roc_12,buy_volume,roc_12,symbol,buy_volume_roc_12,0.5,0.47870843916268874,0.0,0.19148337566507548,0.0065231047294785375,12,12,28.0,21.0,0.18777293621763394,0.19467978585055948
1d_others,price_seq_1d_others,1000PEPEUSDT_buy_volume_z_long,buy_volume,z_long,symbol,buy_volume_z_long,0.5,0.47870843916268874,0.0,0.19148337566507548,0.0065231047294785375,12,12,28.0,21.0,0.18777293621763394,0.19467978585055948
1d_others,price_seq_1d_others,1000PEPEUSDT_buy_volume_z_short,buy_volume,z_short,symbol,buy_volume_z_short,0.5,0.47870843916268874,0.0,0.19148337566507548,0.0065231047294785375,12,12,28.0,21.0,0.18777293621763394,0.19467978585055948
1d_others,price_seq_1d_others,1000PEPEUSDT_close_ema_12_48_spread,close,ema_12_48_spread,symbol,close_ema_12_48_spread,0.5,0.47870843916268874,0.0,0.19148337566507548,0.0065231047294785375,12,12,28.0,21.0,0.18777293621763394,0.19467978585055948
1d_others,price_seq_1d_others,1000PEPEUSDT_close_roc_1,close,roc_1,symbol,close_roc_1,0.5,0.47870843916268874,0.0,0.19148337566507548,0.0065231047294785375,12,12,28.0,21.0,0.18777293621763394,0.19467978585055948
1d_others,price_seq_1d_others,1000PEPEUSDT_close_roc_12,close,roc_12,symbol,close_roc_12,0.5,0.47870843916268874,0.0,0.19148337566507548,0.0065231047294785375,12,12,28.0,21.0,0.18777293621763394,0.19467978585055948
1d_others,price_seq_1d_others,1000PEPEUSDT_close_z_long,close,z_long,symbol,close_z_long,0.5,0.47870843916268874,0.0,0.19148337566507548,0.0065231047294785375,12,12,28.0,21.0,0.18777293621763394,0.19467978585055948
1d_others,price_seq_1d_others,1000PEPEUSDT_close_z_short,close,z_short,symbol,close_z_short,0.5,0.47870843916268874,0.0,0.19148337566507548,0.0065231047294785375,12,12,28.0,21.0,0.18777293621763394,0.19467978585055948
1d_others,price_seq_1d_others,1000PEPEUSDT_dist_to_long_liq_zone_atr,dist_to_long_liq_zone_atr,raw,symbol,dist_to_long_liq_zone_atr,0.5,0.47870843916268874,0.0,0.19148337566507548,0.0065231047294785375,12,12,28.0,21.0,0.18777293621763394,0.19467978585055948
1d_others,price_seq_1d_others,1000PEPEUSDT_dist_to_short_liq_zone_atr,dist_to_short_liq_zone_atr,raw,symbol,dist_to_short_liq_zone_atr,0.5,0.47870843916268874,0.0,0.19148337566507548,0.0065231047294785375,12,12,28.0,21.0,0.18777293621763394,0.19467978585055948
1d_others,price_seq_1d_others,1000PEPEUSDT_ema_12_48_spread_raw,ema_12_48_spread_raw,raw,symbol,ema_12_48_spread_raw,0.5,0.47870843916268874,0.0,0.19148337566507548,0.0065231047294785375,12,12,28.0,21.0,0.18777293621763394,0.19467978585055948
1d_others,price_seq_1d_others,1000PEPEUSDT_funding_close_scale,funding_close,scale,symbol,funding_close_scale,0.5,0.47870843916268874,0.0,0.19148337566507548,0.0065231047294785375,12,12,28.0,21.0,0.18777293621763394,0.19467978585055948
1d_others,price_seq_1d_others,1000PEPEUSDT_funding_close_z_long,funding_close,z_long,symbol,funding_close_z_long,0.5,0.47870843916268874,0.0,0.19148337566507548,0.0065231047294785375,12,12,28.0,21.0,0.18777293621763394,0.19467978585055948
1d_others,price_seq_1d_others,1000PEPEUSDT_funding_close_z_short,funding_close,z_short,symbol,funding_close_z_short,0.5,0.47870843916268874,0.0,0.19148337566507548,0.0065231047294785375,12,12,28.0,21.0,0.18777293621763394,0.19467978585055948
1d_others,price_seq_1d_others,1000PEPEUSDT_high_ema_12_48_spread,high,ema_12_48_spread,symbol,high_ema_12_48_spread,0.5,0.47870843916268874,0.0,0.19148337566507548,0.0065231047294785375,12,12,28.0,21.0,0.18777293621763394,0.19467978585055948
1d_others,price_seq_1d_others,1000PEPEUSDT_high_roc_1,high,roc_1,symbol,high_roc_1,0.5,0.47870843916268874,0.0,0.19148337566507548,0.0065231047294785375,12,12,28.0,21.0,0.18777293621763394,0.19467978585055948
1d_others,price_seq_1d_others,1000PEPEUSDT_high_roc_12,high,roc_12,symbol,high_roc_12,0.5,0.47870843916268874,0.0,0.19148337566507548,0.0065231047294785375,12,12,28.0,21.0,0.18777293621763394,0.19467978585055948
1d_others,price_seq_1d_others,1000PEPEUSDT_high_z_long,high,z_long,symbol,high_z_long,0.5,0.47870843916268874,0.0,0.19148337566507548,0.0065231047294785375,12,12,28.0,21.0,0.18777293621763394,0.19467978585055948
1d_others,price_seq_1d_others,1000PEPEUSDT_liq_long_ema_12_48_spread,liq_long,ema_12_48_spread,symbol,liq_long_ema_12_48_spread,0.5,0.47870843916268874,0.0,0.19148337566507548,0.0065231047294785375,12,12,28.0,21.0,0.18777293621763394,0.19467978585055948
1d_others,price_seq_1d_others,1000PEPEUSDT_liq_long_log_z,liq_long,log_z,symbol,liq_long_log_z,0.5,0.47870843916268874,0.0,0.19148337566507548,0.0065231047294785375,12,12,28.0,21.0,0.18777293621763394,0.19467978585055948
1d_others,price_seq_1d_others,1000PEPEUSDT_liq_long_roc_1,liq_long,roc_1,symbol,liq_long_roc_1,0.5,0.47870843916268874,0.0,0.19148337566507548,0.0065231047294785375,12,12,28.0,21.0,0.18777293621763394,0.19467978585055948
1d_others,price_seq_1d_others,1000PEPEUSDT_liq_long_roc_12,liq_long,roc_12,symbol,liq_long_roc_12,0.5,0.47870843916268874,0.0,0.19148337566507548,0.0065231047294785375,12,12,28.0,21.0,0.18777293621763394,0.19467978585055948
1d_others,price_seq_1d_others,1000PEPEUSDT_liq_long_z_long,liq_long,z_long,symbol,liq_long_z_long,0.5,0.47870843916268874,0.0,0.19148337566507548,0.0065231047294785375,12,12,28.0,21.0,0.18777293621763394,0.19467978585055948
1d_others,price_seq_1d_others,1000PEPEUSDT_liq_short_ema_12_48_spread,liq_short,ema_12_48_spread,symbol,liq_short_ema_12_48_spread,0.5,0.47870843916268874,0.0,0.19148337566507548,0.0065231047294785375,12,12,28.0,21.0,0.18777293621763394,0.19467978585055948
1d_others,price_seq_1d_others,1000PEPEUSDT_liq_short_log_z,liq_short,log_z,symbol,liq_short_log_z,0.5,0.47870843916268874,0.0,0.19148337566507548,0.0065231047294785375,12,12,28.0,21.0,0.18777293621763394,0.19467978585055948
1d_others,price_seq_1d_others,1000PEPEUSDT_liq_short_roc_1,liq_short,roc_1,symbol,liq_short_roc_1,0.5,0.47870843916268874,0.0,0.19148337566507548,0.0065231047294785375,12,12,28.0,21.0,0.18777293621763394,0.19467978585055948
1d_others,price_seq_1d_others,1000PEPEUSDT_liq_short_roc_12,liq_short,roc_12,symbol,liq_short_roc_12,0.5,0.47870843916268874,0.0,0.19148337566507548,0.0065231047294785375,12,12,28.0,21.0,0.18777293621763394,0.19467978585055948
1d_others,price_seq_1d_others,1000PEPEUSDT_liq_short_z_long,liq_short,z_long,symbol,liq_short_z_long,0.5,0.47870843916268874,0.0,0.19148337566507548,0.0065231047294785375,12,12,28.0,21.0,0.18777293621763394,0.19467978585055948
1d_others,price_seq_1d_others,1000PEPEUSDT_liq_sweep_down,liq_sweep_down,raw,symbol,liq_sweep_down,0.5,0.47870843916268874,0.0,0.19148337566507548,0.0065231047294785375,12,12,28.0,21.0,0.18777293621763394,0.19467978585055948
1d_others,price_seq_1d_others,1000PEPEUSDT_long_short_ratio_z_long,long_short_ratio,z_long,symbol,long_short_ratio_z_long,0.5,0.47870843916268874,0.0,0.19148337566507548,0.0065231047294785375,12,12,28.0,21.0,0.18777293621763394,0.19467978585055948
1d_others,price_seq_1d_others,1000PEPEUSDT_long_short_ratio_z_short,long_short_ratio,z_short,symbol,long_short_ratio_z_short,0.5,0.47870843916268874,0.0,0.19148337566507548,0.0065231047294785375,12,12,28.0,21.0,0.18777293621763394,0.19467978585055948
1d_others,price_seq_1d_others,1000PEPEUSDT_low_ema_12_48_spread,low,ema_12_48_spread,symbol,low_ema_12_48_spread,0.5,0.47870843916268874,0.0,0.19148337566507548,0.0065231047294785375,12,12,28.0,21.0,0.18777293621763394,0.19467978585055948
1d_others,price_seq_1d_others,1000PEPEUSDT_low_roc_1,low,roc_1,symbol,low_roc_1,0.5,0.47870843916268874,0.0,0.19148337566507548,0.0065231047294785375,12,12,28.0,21.0,0.18777293621763394,0.19467978585055948
1d_others,price_seq_1d_others,1000PEPEUSDT_low_roc_12,low,roc_12,symbol,low_roc_12,0.5,0.47870843916268874,0.0,0.19148337566507548,0.0065231047294785375,12,12,28.0,21.0,0.18777293621763394,0.19467978585055948
1d_others,price_seq_1d_others,1000PEPEUSDT_low_z_long,low,z_long,symbol,low_z_long,0.5,0.47870843916268874,0.0,0.19148337566507548,0.0065231047294785375,12,12,28.0,21.0,0.18777293621763394,0.19467978585055948
1d_others,price_seq_1d_others,1000PEPEUSDT_ls_account_ratio_z,ls_account_ratio,z,symbol,ls_account_ratio_z,0.5,0.47870843916268874,0.0,0.19148337566507548,0.0065231047294785375,12,12,28.0,21.0,0.18777293621763394,0.19467978585055948
1d_others,price_seq_1d_others,1000PEPEUSDT_ob_imbalance_ema_12_48_spread,ob_imbalance,ema_12_48_spread,symbol,ob_imbalance_ema_12_48_spread,0.5,0.47870843916268874,0.0,0.19148337566507548,0.0065231047294785375,12,12,28.0,21.0,0.18777293621763394,0.19467978585055948
1d_others,price_seq_1d_others,1000PEPEUSDT_ob_imbalance_roc_1,ob_imbalance,roc_1,symbol,ob_imbalance_roc_1,0.5,0.47870843916268874,0.0,0.19148337566507548,0.0065231047294785375,12,12,28.0,21.0,0.18777293621763394,0.19467978585055948
1d_others,price_seq_1d_others,1000PEPEUSDT_ob_imbalance_roc_12,ob_imbalance,roc_12,symbol,ob_imbalance_roc_12,0.5,0.47870843916268874,0.0,0.19148337566507548,0.0065231047294785375,12,12,28.0,21.0,0.18777293621763394,0.19467978585055948
1d_others,price_seq_1d_others,1000PEPEUSDT_ob_imbalance_z,ob_imbalance,z,symbol,ob_imbalance_z,0.5,0.47870843916268874,0.0,0.19148337566507548,0.0065231047294785375,12,12,28.0,21.0,0.18777293621763394,0.19467978585055948
1d_others,price_seq_1d_others,1000PEPEUSDT_ob_imbalance_z_long,ob_imbalance,z_long,symbol,ob_imbalance_z_long,0.5,0.47870843916268874,0.0,0.19148337566507548,0.0065231047294785375,12,12,28.0,21.0,0.18777293621763394,0.19467978585055948
1d_others,price_seq_1d_others,1000PEPEUSDT_ob_imbalance_z_short,ob_imbalance,z_short,symbol,ob_imbalance_z_short,0.5,0.47870843916268874,0.0,0.19148337566507548,0.0065231047294785375,12,12,28.0,21.0,0.18777293621763394,0.19467978585055948
1d_others,price_seq_1d_others,1000PEPEUSDT_oi_close_ema_12_48_spread,oi_close,ema_12_48_spread,symbol,oi_close_ema_12_48_spread,0.5,0.47870843916268874,0.0,0.19148337566507548,0.0065231047294785375,12,12,28.0,21.0,0.18777293621763394,0.19467978585055948
1d_others,price_seq_1d_others,1000PEPEUSDT_oi_close_roc_1,oi_close,roc_1,symbol,oi_close_roc_1,0.5,0.47870843916268874,0.0,0.19148337566507548,0.0065231047294785375,12,12,28.0,21.0,0.18777293621763394,0.19467978585055948
1d_others,price_seq_1d_others,1000PEPEUSDT_oi_close_roc_12,oi_close,roc_12,symbol,oi_close_roc_12,0.5,0.47870843916268874,0.0,0.19148337566507548,0.0065231047294785375,12,12,28.0,21.0,0.18777293621763394,0.19467978585055948
1d_others,price_seq_1d_others,1000PEPEUSDT_oi_close_scale,oi_close,scale,symbol,oi_close_scale,0.5,0.47870843916268874,0.0,0.19148337566507548,0.0065231047294785375,12,12,28.0,21.0,0.18777293621763394,0.19467978585055948
1d_others,price_seq_1d_others,1000PEPEUSDT_oi_close_z_long,oi_close,z_long,symbol,oi_close_z_long,0.5,0.47870843916268874,0.0,0.19148337566507548,0.0065231047294785375,12,12,28.0,21.0,0.18777293621763394,0.19467978585055948
1d_others,price_seq_1d_others,1000PEPEUSDT_oi_close_z_short,oi_close,z_short,symbol,oi_close_z_short,0.5,0.47870843916268874,0.0,0.19148337566507548,0.0065231047294785375,12,12,28.0,21.0,0.18777293621763394,0.19467978585055948
1d_others,price_seq_1d_others,1000PEPEUSDT_open_roc_1,open,roc_1,symbol,open_roc_1,0.5,0.47870843916268874,0.0,0.19148337566507548,0.0065231047294785375,12,12,28.0,21.0,0.18777293621763394,0.19467978585055948
1d_others,price_seq_1d_others,1000PEPEUSDT_open_z_long,open,z_long,symbol,open_z_long,0.5,0.47870843916268874,0.0,0.19148337566507548,0.0065231047294785375,12,12,28.0,21.0,0.18777293621763394,0.19467978585055948
1d_others,price_seq_1d_others,1000PEPEUSDT_open_z_short,open,z_short,symbol,open_z_short,0.5,0.47870843916268874,0.0,0.19148337566507548,0.0065231047294785375,12,12,28.0,21.0,0.18777293621763394,0.19467978585055948
1d_others,price_seq_1d_others,1000PEPEUSDT_quote_volume_ema_12_48_spread,quote_volume,ema_12_48_spread,symbol,quote_volume_ema_12_48_spread,0.5,0.47870843916268874,0.0,0.19148337566507548,0.0065231047294785375,12,12,28.0,21.0,0.18777293621763394,0.19467978585055948
1d_others,price_seq_1d_others,1000PEPEUSDT_quote_volume_roc_1,quote_volume,roc_1,symbol,quote_volume_roc_1,0.5,0.47870843916268874,0.0,0.19148337566507548,0.0065231047294785375,12,12,28.0,21.0,0.18777293621763394,0.19467978585055948
1d_others,price_seq_1d_others,1000PEPEUSDT_quote_volume_roc_12,quote_volume,roc_12,symbol,quote_volume_roc_12,0.5,0.47870843916268874,0.0,0.19148337566507548,0.0065231047294785375,12,12,28.0,21.0,0.18777293621763394,0.19467978585055948
1d_others,price_seq_1d_others,1000PEPEUSDT_quote_volume_z_long,quote_volume,z_long,symbol,quote_volume_z_long,0.5,0.47870843916268874,0.0,0.19148337566507548,0.0065231047294785375,12,12,28.0,21.0,0.18777293621763394,0.19467978585055948
1d_others,price_seq_1d_others,1000PEPEUSDT_quote_volume_z_short,quote_volume,z_short,symbol,quote_volume_z_short,0.5,0.47870843916268874,0.0,0.19148337566507548,0.0065231047294785375,12,12,28.0,21.0,0.18777293621763394,0.19467978585055948
1d_others,price_seq_1d_others,1000PEPEUSDT_rsi_14,rsi_14,raw,symbol,rsi_14,0.5,0.47870843916268874,0.0,0.19148337566507548,0.0065231047294785375,12,12,28.0,21.0,0.18777293621763394,0.19467978585055948
1d_others,price_seq_1d_others,1000PEPEUSDT_sell_volume_ema_12_48_spread,sell_volume,ema_12_48_spread,symbol,sell_volume_ema_12_48_spread,0.5,0.47870843916268874,0.0,0.19148337566507548,0.0065231047294785375,12,12,28.0,21.0,0.18777293621763394,0.19467978585055948
1d_others,price_seq_1d_others,1000PEPEUSDT_sell_volume_roc_1,sell_volume,roc_1,symbol,sell_volume_roc_1,0.5,0.47870843916268874,0.0,0.19148337566507548,0.0065231047294785375,12,12,28.0,21.0,0.18777293621763394,0.19467978585055948
1d_others,price_seq_1d_others,1000PEPEUSDT_sell_volume_roc_12,sell_volume,roc_12,symbol,sell_volume_roc_12,0.5,0.47870843916268874,0.0,0.19148337566507548,0.0065231047294785375,12,12,28.0,21.0,0.18777293621763394,0.19467978585055948
1d_others,price_seq_1d_others,1000PEPEUSDT_sell_volume_z_long,sell_volume,z_long,symbol,sell_volume_z_long,0.5,0.47870843916268874,0.0,0.19148337566507548,0.0065231047294785375,12,12,28.0,21.0,0.18777293621763394,0.19467978585055948
1d_others,price_seq_1d_others,1000PEPEUSDT_sell_volume_z_short,sell_volume,z_short,symbol,sell_volume_z_short,0.5,0.47870843916268874,0.0,0.19148337566507548,0.0065231047294785375,12,12,28.0,21.0,0.18777293621763394,0.19467978585055948
1d_others,price_seq_1d_others,1000PEPEUSDT_trades_ema_12_48_spread,trades,ema_12_48_spread,symbol,trades_ema_12_48_spread,0.5,0.47870843916268874,0.0,0.19148337566507548,0.0065231047294785375,12,12,28.0,21.0,0.18777293621763394,0.19467978585055948
1d_others,price_seq_1d_others,1000PEPEUSDT_trades_roc_1,trades,roc_1,symbol,trades_roc_1,0.5,0.47870843916268874,0.0,0.19148337566507548,0.0065231047294785375,12,12,28.0,21.0,0.18777293621763394,0.19467978585055948
1d_others,price_seq_1d_others,1000PEPEUSDT_trades_roc_12,trades,roc_12,symbol,trades_roc_12,0.5,0.47870843916268874,0.0,0.19148337566507548,0.0065231047294785375,12,12,28.0,21.0,0.18777293621763394,0.19467978585055948
1d_others,price_seq_1d_others,1000PEPEUSDT_trades_z_long,trades,z_long,symbol,trades_z_long,0.5,0.47870843916268874,0.0,0.19148337566507548,0.0065231047294785375,12,12,28.0,21.0,0.18777293621763394,0.19467978585055948
1d_others,price_seq_1d_others,1000PEPEUSDT_up_volume_ratio_12,up_volume_ratio_12,raw,symbol,up_volume_ratio_12,0.5,0.47870843916268874,0.0,0.19148337566507548,0.0065231047294785375,12,12,28.0,21.0,0.18777293621763394,0.19467978585055948
1d_others,price_seq_1d_others,1000PEPEUSDT_volume_ema_12_48_spread,volume,ema_12_48_spread,symbol,volume_ema_12_48_spread,0.5,0.47870843916268874,0.0,0.19148337566507548,0.0065231047294785375,12,12,28.0,21.0,0.18777293621763394,0.19467978585055948
1d_others,price_seq_1d_others,1000PEPEUSDT_volume_impact_scale,volume_impact,scale,symbol,volume_impact_scale,0.5,0.47870843916268874,0.0,0.19148337566507548,0.0065231047294785375,12,12,28.0,21.0,0.18777293621763394,0.19467978585055948
1d_others,price_seq_1d_others,1000PEPEUSDT_volume_ratio_ema_12_48_spread,volume_ratio,ema_12_48_spread,symbol,volume_ratio_ema_12_48_spread,0.5,0.47870843916268874,0.0,0.19148337566507548,0.0065231047294785375,12,12,28.0,21.0,0.18777293621763394,0.19467978585055948
1d_others,price_seq_1d_others,1000PEPEUSDT_volume_ratio_roc_1,volume_ratio,roc_1,symbol,volume_ratio_roc_1,0.5,0.47870843916268874,0.0,0.19148337566507548,0.0065231047294785375,12,12,28.0,21.0,0.18777293621763394,0.19467978585055948
1d_others,price_seq_1d_others,1000PEPEUSDT_volume_ratio_roc_12,volume_ratio,roc_12,symbol,volume_ratio_roc_12,0.5,0.47870843916268874,0.0,0.19148337566507548,0.0065231047294785375,12,12,28.0,21.0,0.18777293621763394,0.19467978585055948
1d_others,price_seq_1d_others,1000PEPEUSDT_volume_ratio_z_long,volume_ratio,z_long,symbol,volume_ratio_z_long,0.5,0.47870843916268874,0.0,0.19148337566507548,0.0065231047294785375,12,12,28.0,21.0,0.18777293621763394,0.19467978585055948
1d_others,price_seq_1d_others,1000PEPEUSDT_volume_ratio_z_short,volume_ratio,z_short,symbol,volume_ratio_z_short,0.5,0.47870843916268874,0.0,0.19148337566507548,0.0065231047294785375,12,12,28.0,21.0,0.18777293621763394,0.19467978585055948
1d_others,price_seq_1d_others,1000PEPEUSDT_volume_roc_1,volume,roc_1,symbol,volume_roc_1,0.5,0.47870843916268874,0.0,0.19148337566507548,0.0065231047294785375,12,12,28.0,21.0,0.18777293621763394,0.19467978585055948
1d_others,price_seq_1d_others,1000PEPEUSDT_volume_roc_12,volume,roc_12,symbol,volume_roc_12,0.5,0.47870843916268874,0.0,0.19148337566507548,0.0065231047294785375,12,12,28.0,21.0,0.18777293621763394,0.19467978585055948
1d_others,price_seq_1d_others,1000PEPEUSDT_volume_z_long,volume,z_long,symbol,volume_z_long,0.5,0.47870843916268874,0.0,0.19148337566507548,0.0065231047294785375,12,12,28.0,21.0,0.18777293621763394,0.19467978585055948
1d_others,price_seq_1d_others,1000PEPEUSDT_volume_z_short,volume,z_short,symbol,volume_z_short,0.5,0.47870843916268874,0.0,0.19148337566507548,0.0065231047294785375,12,12,28.0,21.0,0.18777293621763394,0.19467978585055948
1d_others,price_seq_1d_others,DOGEUSDT_body_range_ratio,body_range,ratio,symbol,body_range_ratio,0.5,0.47870843916268874,0.0,0.19148337566507548,0.0065231047294785375,12,12,28.0,21.0,0.18777293621763394,0.19467978585055948
1d_others,price_seq_1d_others,DOGEUSDT_buy_volume_ema_12_48_spread,buy_volume,ema_12_48_spread,symbol,buy_volume_ema_12_48_spread,0.5,0.47870843916268874,0.0,0.19148337566507548,0.0065231047294785375,12,12,28.0,21.0,0.18777293621763394,0.19467978585055948
1d_others,price_seq_1d_others,DOGEUSDT_buy_volume_roc_1,buy_volume,roc_1,symbol,buy_volume_roc_1,0.5,0.47870843916268874,0.0,0.19148337566507548,0.0065231047294785375,12,12,28.0,21.0,0.18777293621763394,0.19467978585055948
1d_others,price_seq_1d_others,DOGEUSDT_buy_volume_roc_12,buy_volume,roc_12,symbol,buy_volume_roc_12,0.5,0.47870843916268874,0.0,0.19148337566507548,0.0065231047294785375,12,12,28.0,21.0,0.18777293621763394,0.19467978585055948
1d_others,price_seq_1d_others,DOGEUSDT_buy_volume_z_long,buy_volume,z_long,symbol,buy_volume_z_long,0.5,0.47870843916268874,0.0,0.19148337566507548,0.0065231047294785375,12,12,28.0,21.0,0.18777293621763394,0.19467978585055948
1d_others,price_seq_1d_others,DOGEUSDT_buy_volume_z_short,buy_volume,z_short,symbol,buy_volume_z_short,0.5,0.47870843916268874,0.0,0.19148337566507548,0.0065231047294785375,12,12,28.0,21.0,0.18777293621763394,0.19467978585055948
1d_others,price_seq_1d_others,DOGEUSDT_close_ema_12_48_spread,close,ema_12_48_spread,symbol,close_ema_12_48_spread,0.5,0.47870843916268874,0.0,0.19148337566507548,0.0065231047294785375,12,12,28.0,21.0,0.18777293621763394,0.19467978585055948
1d_others,price_seq_1d_others,DOGEUSDT_close_roc_1,close,roc_1,symbol,close_roc_1,0.5,0.47870843916268874,0.0,0.19148337566507548,0.0065231047294785375,12,12,28.0,21.0,0.18777293621763394,0.19467978585055948
1d_others,price_seq_1d_others,DOGEUSDT_close_roc_12,close,roc_12,symbol,close_roc_12,0.5,0.47870843916268874,0.0,0.19148337566507548,0.0065231047294785375,12,12,28.0,21.0,0.18777293621763394,0.19467978585055948
1d_others,price_seq_1d_others,DOGEUSDT_close_z_long,close,z_long,symbol,close_z_long,0.5,0.47870843916268874,0.0,0.19148337566507548,0.0065231047294785375,12,12,28.0,21.0,0.18777293621763394,0.19467978585055948
1d_others,price_seq_1d_others,DOGEUSDT_close_z_short,close,z_short,symbol,close_z_short,0.5,0.47870843916268874,0.0,0.19148337566507548,0.0065231047294785375,12,12,28.0,21.0,0.18777293621763394,0.19467978585055948
1d_others,price_seq_1d_others,DOGEUSDT_dist_to_long_liq_zone_atr,dist_to_long_liq_zone_atr,raw,symbol,dist_to_long_liq_zone_atr,0.5,0.47870843916268874,0.0,0.19148337566507548,0.0065231047294785375,12,12,28.0,21.0,0.18777293621763394,0.19467978585055948
1d_others,price_seq_1d_others,DOGEUSDT_dist_to_short_liq_zone_atr,dist_to_short_liq_zone_atr,raw,symbol,dist_to_short_liq_zone_atr,0.5,0.47870843916268874,0.0,0.19148337566507548,0.0065231047294785375,12,12,28.0,21.0,0.18777293621763394,0.19467978585055948
1d_others,price_seq_1d_others,DOGEUSDT_funding_close_ema_12_48_spread,funding_close,ema_12_48_spread,symbol,funding_close_ema_12_48_spread,0.5,0.47870843916268874,0.0,0.19148337566507548,0.0065231047294785375,12,12,28.0,21.0,0.18777293621763394,0.19467978585055948
1d_others,price_seq_1d_others,DOGEUSDT_funding_close_roc_1,funding_close,roc_1,symbol,funding_close_roc_1,0.5,0.47870843916268874,0.0,0.19148337566507548,0.0065231047294785375,12,12,28.0,21.0,0.18777293621763394,0.19467978585055948
1d_others,price_seq_1d_others,DOGEUSDT_funding_close_roc_12,funding_close,roc_12,symbol,funding_close_roc_12,0.5,0.47870843916268874,0.0,0.19148337566507548,0.0065231047294785375,12,12,28.0,21.0,0.18777293621763394,0.19467978585055948
1d_others,price_seq_1d_others,DOGEUSDT_funding_close_scale,funding_close,scale,symbol,funding_close_scale,0.5,0.47870843916268874,0.0,0.19148337566507548,0.0065231047294785375,12,12,28.0,21.0,0.18777293621763394,0.19467978585055948
1d_others,price_seq_1d_others,DOGEUSDT_funding_close_z_long,funding_close,z_long,symbol,funding_close_z_long,0.5,0.47870843916268874,0.0,0.19148337566507548,0.0065231047294785375,12,12,28.0,21.0,0.18777293621763394,0.19467978585055948
1d_others,price_seq_1d_others,DOGEUSDT_funding_close_z_short,funding_close,z_short,symbol,funding_close_z_short,0.5,0.47870843916268874,0.0,0.19148337566507548,0.0065231047294785375,12,12,28.0,21.0,0.18777293621763394,0.19467978585055948
1d_others,price_seq_1d_others,DOGEUSDT_high_ema_12_48_spread,high,ema_12_48_spread,symbol,high_ema_12_48_spread,0.5,0.47870843916268874,0.0,0.19148337566507548,0.0065231047294785375,12,12,28.0,21.0,0.18777293621763394,0.19467978585055948
1d_others,price_seq_1d_others,DOGEUSDT_high_roc_1,high,roc_1,symbol,high_roc_1,0.5,0.47870843916268874,0.0,0.19148337566507548,0.0065231047294785375,12,12,28.0,21.0,0.18777293621763394,0.19467978585055948
1d_others,price_seq_1d_others,DOGEUSDT_high_roc_12,high,roc_12,symbol,high_roc_12,0.5,0.47870843916268874,0.0,0.19148337566507548,0.0065231047294785375,12,12,28.0,21.0,0.18777293621763394,0.19467978585055948
1d_others,price_seq_1d_others,DOGEUSDT_high_z_long,high,z_long,symbol,high_z_long,0.5,0.47870843916268874,0.0,0.19148337566507548,0.0065231047294785375,12,12,28.0,21.0,0.18777293621763394,0.19467978585055948
1d_others,price_seq_1d_others,DOGEUSDT_high_z_short,high,z_short,symbol,high_z_short,0.5,0.47870843916268874,0.0,0.19148337566507548,0.0065231047294785375,12,12,28.0,21.0,0.18777293621763394,0.19467978585055948
1d_others,price_seq_1d_others,DOGEUSDT_liq_long_ema_12_48_spread,liq_long,ema_12_48_spread,symbol,liq_long_ema_12_48_spread,0.5,0.47870843916268874,0.0,0.19148337566507548,0.0065231047294785375,12,12,28.0,21.0,0.18777293621763394,0.19467978585055948
1d_others,price_seq_1d_others,DOGEUSDT_liq_long_log_z,liq_long,log_z,symbol,liq_long_log_z,0.5,0.47870843916268874,0.0,0.19148337566507548,0.0065231047294785375,12,12,28.0,21.0,0.18777293621763394,0.19467978585055948
1d_others,price_seq_1d_others,DOGEUSDT_liq_long_roc_1,liq_long,roc_1,symbol,liq_long_roc_1,0.5,0.47870843916268874,0.0,0.19148337566507548,0.0065231047294785375,12,12,28.0,21.0,0.18777293621763394,0.19467978585055948
1d_others,price_seq_1d_others,DOGEUSDT_liq_long_roc_12,liq_long,roc_12,symbol,liq_long_roc_12,0.5,0.47870843916268874,0.0,0.19148337566507548,0.0065231047294785375,12,12,28.0,21.0,0.18777293621763394,0.19467978585055948
1d_others,price_seq_1d_others,DOGEUSDT_liq_long_z_long,liq_long,z_long,symbol,liq_long_z_long,0.5,0.47870843916268874,0.0,0.19148337566507548,0.0065231047294785375,12,12,28.0,21.0,0.18777293621763394,0.19467978585055948
1d_others,price_seq_1d_others,DOGEUSDT_liq_long_z_short,liq_long,z_short,symbol,liq_long_z_short,0.5,0.47870843916268874,0.0,0.19148337566507548,0.0065231047294785375,12,12,28.0,21.0,0.18777293621763394,0.19467978585055948
1d_others,price_seq_1d_others,DOGEUSDT_liq_short_ema_12_48_spread,liq_short,ema_12_48_spread,symbol,liq_short_ema_12_48_spread,0.5,0.47870843916268874,0.0,0.19148337566507548,0.0065231047294785375,12,12,28.0,21.0,0.18777293621763394,0.19467978585055948
1d_others,price_seq_1d_others,DOGEUSDT_liq_short_log_z,liq_short,log_z,symbol,liq_short_log_z,0.5,0.47870843916268874,0.0,0.19148337566507548,0.0065231047294785375,12,12,28.0,21.0,0.18777293621763394,0.19467978585055948
1d_others,price_seq_1d_others,DOGEUSDT_liq_short_roc_1,liq_short,roc_1,symbol,liq_short_roc_1,0.5,0.47870843916268874,0.0,0.19148337566507548,0.0065231047294785375,12,12,28.0,21.0,0.18777293621763394,0.19467978585055948
1d_others,price_seq_1d_others,DOGEUSDT_liq_short_roc_12,liq_short,roc_12,symbol,liq_short_roc_12,0.5,0.47870843916268874,0.0,0.19148337566507548,0.0065231047294785375,12,12,28.0,21.0,0.18777293621763394,0.19467978585055948
1d_others,price_seq_1d_others,DOGEUSDT_liq_short_z_long,liq_short,z_long,symbol,liq_short_z_long,0.5,0.47870843916268874,0.0,0.19148337566507548,0.0065231047294785375,12,12,28.0,21.0,0.18777293621763394,0.19467978585055948
1d_others,price_seq_1d_others,DOGEUSDT_liq_short_z_short,liq_short,z_short,symbol,liq_short_z_short,0.5,0.47870843916268874,0.0,0.19148337566507548,0.0065231047294785375,12,12,28.0,21.0,0.18777293621763394,0.19467978585055948
1d_others,price_seq_1d_others,DOGEUSDT_liq_sweep_down,liq_sweep_down,raw,symbol,liq_sweep_down,0.5,0.47870843916268874,0.0,0.19148337566507548,0.0065231047294785375,12,12,28.0,21.0,0.18777293621763394,0.19467978585055948
1d_others,price_seq_1d_others,DOGEUSDT_long_short_ratio_z_short,long_short_ratio,z_short,symbol,long_short_ratio_z_short,0.5,0.47870843916268874,0.0,0.19148337566507548,0.0065231047294785375,12,12,28.0,21.0,0.18777293621763394,0.19467978585055948
1d_others,price_seq_1d_others,DOGEUSDT_low_ema_12_48_spread,low,ema_12_48_spread,symbol,low_ema_12_48_spread,0.5,0.47870843916268874,0.0,0.19148337566507548,0.0065231047294785375,12,12,28.0,21.0,0.18777293621763394,0.19467978585055948
1d_others,price_seq_1d_others,DOGEUSDT_low_roc_1,low,roc_1,symbol,low_roc_1,0.5,0.47870843916268874,0.0,0.19148337566507548,0.0065231047294785375,12,12,28.0,21.0,0.18777293621763394,0.19467978585055948
1d_others,price_seq_1d_others,DOGEUSDT_low_roc_12,low,roc_12,symbol,low_roc_12,0.5,0.47870843916268874,0.0,0.19148337566507548,0.0065231047294785375,12,12,28.0,21.0,0.18777293621763394,0.19467978585055948
1d_others,price_seq_1d_others,DOGEUSDT_low_z_long,low,z_long,symbol,low_z_long,0.5,0.47870843916268874,0.0,0.19148337566507548,0.0065231047294785375,12,12,28.0,21.0,0.18777293621763394,0.19467978585055948
1d_others,price_seq_1d_others,DOGEUSDT_low_z_short,low,z_short,symbol,low_z_short,0.5,0.47870843916268874,0.0,0.19148337566507548,0.0065231047294785375,12,12,28.0,21.0,0.18777293621763394,0.19467978585055948
1d_others,price_seq_1d_others,DOGEUSDT_ls_account_ratio_z,ls_account_ratio,z,symbol,ls_account_ratio_z,0.5,0.47870843916268874,0.0,0.19148337566507548,0.0065231047294785375,12,12,28.0,21.0,0.18777293621763394,0.19467978585055948
1d_others,price_seq_1d_others,DOGEUSDT_ob_imbalance_ema_12_48_spread,ob_imbalance,ema_12_48_spread,symbol,ob_imbalance_ema_12_48_spread,0.5,0.47870843916268874,0.0,0.19148337566507548,0.0065231047294785375,12,12,28.0,21.0,0.18777293621763394,0.19467978585055948
1d_others,price_seq_1d_others,DOGEUSDT_ob_imbalance_roc_1,ob_imbalance,roc_1,symbol,ob_imbalance_roc_1,0.5,0.47870843916268874,0.0,0.19148337566507548,0.0065231047294785375,12,12,28.0,21.0,0.18777293621763394,0.19467978585055948
1d_others,price_seq_1d_others,DOGEUSDT_ob_imbalance_roc_12,ob_imbalance,roc_12,symbol,ob_imbalance_roc_12,0.5,0.47870843916268874,0.0,0.19148337566507548,0.0065231047294785375,12,12,28.0,21.0,0.18777293621763394,0.19467978585055948
1d_others,price_seq_1d_others,DOGEUSDT_ob_imbalance_z,ob_imbalance,z,symbol,ob_imbalance_z,0.5,0.47870843916268874,0.0,0.19148337566507548,0.0065231047294785375,12,12,28.0,21.0,0.18777293621763394,0.19467978585055948
1d_others,price_seq_1d_others,DOGEUSDT_ob_imbalance_z_long,ob_imbalance,z_long,symbol,ob_imbalance_z_long,0.5,0.47870843916268874,0.0,0.19148337566507548,0.0065231047294785375,12,12,28.0,21.0,0.18777293621763394,0.19467978585055948
1d_others,price_seq_1d_others,DOGEUSDT_ob_imbalance_z_short,ob_imbalance,z_short,symbol,ob_imbalance_z_short,0.5,0.47870843916268874,0.0,0.19148337566507548,0.0065231047294785375,12,12,28.0,21.0,0.18777293621763394,0.19467978585055948
1d_others,price_seq_1d_others,DOGEUSDT_oi_close_ema_12_48_spread,oi_close,ema_12_48_spread,symbol,oi_close_ema_12_48_spread,0.5,0.47870843916268874,0.0,0.19148337566507548,0.0065231047294785375,12,12,28.0,21.0,0.18777293621763394,0.19467978585055948
1d_others,price_seq_1d_others,DOGEUSDT_oi_close_roc_1,oi_close,roc_1,symbol,oi_close_roc_1,0.5,0.47870843916268874,0.0,0.19148337566507548,0.0065231047294785375,12,12,28.0,21.0,0.18777293621763394,0.19467978585055948
1d_others,price_seq_1d_others,DOGEUSDT_oi_close_roc_12,oi_close,roc_12,symbol,oi_close_roc_12,0.5,0.47870843916268874,0.0,0.19148337566507548,0.0065231047294785375,12,12,28.0,21.0,0.18777293621763394,0.19467978585055948
1d_others,price_seq_1d_others,DOGEUSDT_oi_close_scale,oi_close,scale,symbol,oi_close_scale,0.5,0.47870843916268874,0.0,0.19148337566507548,0.0065231047294785375,12,12,28.0,21.0,0.18777293621763394,0.19467978585055948
1d_others,price_seq_1d_others,DOGEUSDT_oi_close_z_long,oi_close,z_long,symbol,oi_close_z_long,0.5,0.47870843916268874,0.0,0.19148337566507548,0.0065231047294785375,12,12,28.0,21.0,0.18777293621763394,0.19467978585055948
1d_others,price_seq_1d_others,DOGEUSDT_oi_close_z_short,oi_close,z_short,symbol,oi_close_z_short,0.5,0.47870843916268874,0.0,0.19148337566507548,0.0065231047294785375,12,12,28.0,21.0,0.18777293621763394,0.19467978585055948
1d_others,price_seq_1d_others,DOGEUSDT_open_ema_12_48_spread,open,ema_12_48_spread,symbol,open_ema_12_48_spread,0.5,0.47870843916268874,0.0,0.19148337566507548,0.0065231047294785375,12,12,28.0,21.0,0.18777293621763394,0.19467978585055948
1d_others,price_seq_1d_others,DOGEUSDT_open_roc_1,open,roc_1,symbol,open_roc_1,0.5,0.47870843916268874,0.0,0.19148337566507548,0.0065231047294785375,12,12,28.0,21.0,0.18777293621763394,0.19467978585055948
1d_others,price_seq_1d_others,DOGEUSDT_open_roc_12,open,roc_12,symbol,open_roc_12,0.5,0.47870843916268874,0.0,0.19148337566507548,0.0065231047294785375,12,12,28.0,21.0,0.18777293621763394,0.19467978585055948
1d_others,price_seq_1d_others,DOGEUSDT_open_z_long,open,z_long,symbol,open_z_long,0.5,0.47870843916268874,0.0,0.19148337566507548,0.0065231047294785375,12,12,28.0,21.0,0.18777293621763394,0.19467978585055948
1d_others,price_seq_1d_others,DOGEUSDT_open_z_short,open,z_short,symbol,open_z_short,0.5,0.47870843916268874,0.0,0.19148337566507548,0.0065231047294785375,12,12,28.0,21.0,0.18777293621763394,0.19467978585055948
1d_others,price_seq_1d_others,DOGEUSDT_quote_volume_ema_12_48_spread,quote_volume,ema_12_48_spread,symbol,quote_volume_ema_12_48_spread,0.5,0.47870843916268874,0.0,0.19148337566507548,0.0065231047294785375,12,12,28.0,21.0,0.18777293621763394,0.19467978585055948
1d_others,price_seq_1d_others,DOGEUSDT_quote_volume_roc_1,quote_volume,roc_1,symbol,quote_volume_roc_1,0.5,0.47870843916268874,0.0,0.19148337566507548,0.0065231047294785375,12,12,28.0,21.0,0.18777293621763394,0.19467978585055948
1d_others,price_seq_1d_others,DOGEUSDT_quote_volume_roc_12,quote_volume,roc_12,symbol,quote_volume_roc_12,0.5,0.47870843916268874,0.0,0.19148337566507548,0.0065231047294785375,12,12,28.0,21.0,0.18777293621763394,0.19467978585055948
1d_others,price_seq_1d_others,DOGEUSDT_quote_volume_z_long,quote_volume,z_long,symbol,quote_volume_z_long,0.5,0.47870843916268874,0.0,0.19148337566507548,0.0065231047294785375,12,12,28.0,21.0,0.18777293621763394,0.19467978585055948
1d_others,price_seq_1d_others,DOGEUSDT_quote_volume_z_short,quote_volume,z_short,symbol,quote_volume_z_short,0.5,0.47870843916268874,0.0,0.19148337566507548,0.0065231047294785375,12,12,28.0,21.0,0.18777293621763394,0.19467978585055948
1d_others,price_seq_1d_others,DOGEUSDT_rsi_14,rsi_14,raw,symbol,rsi_14,0.5,0.47870843916268874,0.0,0.19148337566507548,0.0065231047294785375,12,12,28.0,21.0,0.18777293621763394,0.19467978585055948
1d_others,price_seq_1d_others,DOGEUSDT_sell_volume_ema_12_48_spread,sell_volume,ema_12_48_spread,symbol,sell_volume_ema_12_48_spread,0.5,0.47870843916268874,0.0,0.19148337566507548,0.0065231047294785375,12,12,28.0,21.0,0.18777293621763394,0.19467978585055948
1d_others,price_seq_1d_others,DOGEUSDT_sell_volume_roc_1,sell_volume,roc_1,symbol,sell_volume_roc_1,0.5,0.47870843916268874,0.0,0.19148337566507548,0.0065231047294785375,12,12,28.0,21.0,0.18777293621763394,0.19467978585055948
1d_others,price_seq_1d_others,DOGEUSDT_sell_volume_roc_12,sell_volume,roc_12,symbol,sell_volume_roc_12,0.5,0.47870843916268874,0.0,0.19148337566507548,0.0065231047294785375,12,12,28.0,21.0,0.18777293621763394,0.19467978585055948
1d_others,price_seq_1d_others,DOGEUSDT_sell_volume_z_long,sell_volume,z_long,symbol,sell_volume_z_long,0.5,0.47870843916268874,0.0,0.19148337566507548,0.0065231047294785375,12,12,28.0,21.0,0.18777293621763394,0.19467978585055948
1d_others,price_seq_1d_others,DOGEUSDT_sell_volume_z_short,sell_volume,z_short,symbol,sell_volume_z_short,0.5,0.47870843916268874,0.0,0.19148337566507548,0.0065231047294785375,12,12,28.0,21.0,0.18777293621763394,0.19467978585055948
1d_others,price_seq_1d_others,DOGEUSDT_trades_roc_1,trades,roc_1,symbol,trades_roc_1,0.5,0.47870843916268874,0.0,0.19148337566507548,0.0065231047294785375,12,12,28.0,21.0,0.18777293621763394,0.19467978585055948
1d_others,price_seq_1d_others,DOGEUSDT_trades_roc_12,trades,roc_12,symbol,trades_roc_12,0.5,0.47870843916268874,0.0,0.19148337566507548,0.0065231047294785375,12,12,28.0,21.0,0.18777293621763394,0.19467978585055948
1d_others,price_seq_1d_others,DOGEUSDT_trades_z_long,trades,z_long,symbol,trades_z_long,0.5,0.47870843916268874,0.0,0.19148337566507548,0.0065231047294785375,12,12,28.0,21.0,0.18777293621763394,0.19467978585055948
1d_others,price_seq_1d_others,DOGEUSDT_trades_z_short,trades,z_short,symbol,trades_z_short,0.5,0.47870843916268874,0.0,0.19148337566507548,0.0065231047294785375,12,12,28.0,21.0,0.18777293621763394,0.19467978585055948
1d_others,price_seq_1d_others,DOGEUSDT_up_volume_ratio_12,up_volume_ratio_12,raw,symbol,up_volume_ratio_12,0.5,0.47870843916268874,0.0,0.19148337566507548,0.0065231047294785375,12,12,28.0,21.0,0.18777293621763394,0.19467978585055948
1d_others,price_seq_1d_others,DOGEUSDT_volume_impact_scale,volume_impact,scale,symbol,volume_impact_scale,0.5,0.47870843916268874,0.0,0.19148337566507548,0.0065231047294785375,12,12,28.0,21.0,0.18777293621763394,0.19467978585055948
1d_others,price_seq_1d_others,DOGEUSDT_volume_log_z,volume,log_z,symbol,volume_log_z,0.5,0.47870843916268874,0.0,0.19148337566507548,0.0065231047294785375,12,12,28.0,21.0,0.18777293621763394,0.19467978585055948
1d_others,price_seq_1d_others,DOGEUSDT_volume_ratio_ema_12_48_spread,volume_ratio,ema_12_48_spread,symbol,volume_ratio_ema_12_48_spread,0.5,0.47870843916268874,0.0,0.19148337566507548,0.0065231047294785375,12,12,28.0,21.0,0.18777293621763394,0.19467978585055948
1d_others,price_seq_1d_others,DOGEUSDT_volume_ratio_roc_1,volume_ratio,roc_1,symbol,volume_ratio_roc_1,0.5,0.47870843916268874,0.0,0.19148337566507548,0.0065231047294785375,12,12,28.0,21.0,0.18777293621763394,0.19467978585055948
1d_others,price_seq_1d_others,DOGEUSDT_volume_ratio_roc_12,volume_ratio,roc_12,symbol,volume_ratio_roc_12,0.5,0.47870843916268874,0.0,0.19148337566507548,0.0065231047294785375,12,12,28.0,21.0,0.18777293621763394,0.19467978585055948
1d_others,price_seq_1d_others,DOGEUSDT_volume_ratio_z_long,volume_ratio,z_long,symbol,volume_ratio_z_long,0.5,0.47870843916268874,0.0,0.19148337566507548,0.0065231047294785375,12,12,28.0,21.0,0.18777293621763394,0.19467978585055948
1d_others,price_seq_1d_others,DOGEUSDT_volume_ratio_z_short,volume_ratio,z_short,symbol,volume_ratio_z_short,0.5,0.47870843916268874,0.0,0.19148337566507548,0.0065231047294785375,12,12,28.0,21.0,0.18777293621763394,0.19467978585055948
1d_others,price_seq_1d_others,ETHUSDT_body_range_ratio,body_range,ratio,symbol,body_range_ratio,0.5,0.47870843916268874,0.0,0.19148337566507548,0.0065231047294785375,12,12,28.0,21.0,0.18777293621763394,0.19467978585055948
1d_others,price_seq_1d_others,ETHUSDT_buy_volume_ema_12_48_spread,buy_volume,ema_12_48_spread,symbol,buy_volume_ema_12_48_spread,0.5,0.47870843916268874,0.0,0.19148337566507548,0.0065231047294785375,12,12,28.0,21.0,0.18777293621763394,0.19467978585055948
1d_others,price_seq_1d_others,ETHUSDT_buy_volume_roc_1,buy_volume,roc_1,symbol,buy_volume_roc_1,0.5,0.47870843916268874,0.0,0.19148337566507548,0.0065231047294785375,12,12,28.0,21.0,0.18777293621763394,0.19467978585055948
1d_others,price_seq_1d_others,ETHUSDT_buy_volume_roc_12,buy_volume,roc_12,symbol,buy_volume_roc_12,0.5,0.47870843916268874,0.0,0.19148337566507548,0.0065231047294785375,12,12,28.0,21.0,0.18777293621763394,0.19467978585055948
1d_others,price_seq_1d_others,ETHUSDT_buy_volume_z_long,buy_volume,z_long,symbol,buy_volume_z_long,0.5,0.47870843916268874,0.0,0.19148337566507548,0.0065231047294785375,12,12,28.0,21.0,0.18777293621763394,0.19467978585055948
1d_others,price_seq_1d_others,ETHUSDT_buy_volume_z_short,buy_volume,z_short,symbol,buy_volume_z_short,0.5,0.47870843916268874,0.0,0.19148337566507548,0.0065231047294785375,12,12,28.0,21.0,0.18777293621763394,0.19467978585055948
1d_others,price_seq_1d_others,ETHUSDT_close_ema_12_48_spread,close,ema_12_48_spread,symbol,close_ema_12_48_spread,0.5,0.47870843916268874,0.0,0.19148337566507548,0.0065231047294785375,12,12,28.0,21.0,0.18777293621763394,0.19467978585055948
1d_others,price_seq_1d_others,ETHUSDT_close_roc_1,close,roc_1,symbol,close_roc_1,0.5,0.47870843916268874,0.0,0.19148337566507548,0.0065231047294785375,12,12,28.0,21.0,0.18777293621763394,0.19467978585055948
1d_others,price_seq_1d_others,ETHUSDT_close_roc_12,close,roc_12,symbol,close_roc_12,0.5,0.47870843916268874,0.0,0.19148337566507548,0.0065231047294785375,12,12,28.0,21.0,0.18777293621763394,0.19467978585055948
1d_others,price_seq_1d_others,ETHUSDT_close_z_long,close,z_long,symbol,close_z_long,0.5,0.47870843916268874,0.0,0.19148337566507548,0.0065231047294785375,12,12,28.0,21.0,0.18777293621763394,0.19467978585055948
1d_others,price_seq_1d_others,ETHUSDT_close_z_short,close,z_short,symbol,close_z_short,0.5,0.47870843916268874,0.0,0.19148337566507548,0.0065231047294785375,12,12,28.0,21.0,0.18777293621763394,0.19467978585055948
1d_others,price_seq_1d_others,ETHUSDT_dist_to_long_liq_zone_atr,dist_to_long_liq_zone_atr,raw,symbol,dist_to_long_liq_zone_atr,0.5,0.47870843916268874,0.0,0.19148337566507548,0.0065231047294785375,12,12,28.0,21.0,0.18777293621763394,0.19467978585055948
1d_others,price_seq_1d_others,ETHUSDT_dist_to_short_liq_zone_atr,dist_to_short_liq_zone_atr,raw,symbol,dist_to_short_liq_zone_atr,0.5,0.47870843916268874,0.0,0.19148337566507548,0.0065231047294785375,12,12,28.0,21.0,0.18777293621763394,0.19467978585055948
1d_others,price_seq_1d_others,ETHUSDT_ema_12_48_spread_raw,ema_12_48_spread_raw,raw,symbol,ema_12_48_spread_raw,0.5,0.47870843916268874,0.0,0.19148337566507548,0.0065231047294785375,12,12,28.0,21.0,0.18777293621763394,0.19467978585055948
1d_others,price_seq_1d_others,ETHUSDT_funding_close_ema_12_48_spread,funding_close,ema_12_48_spread,symbol,funding_close_ema_12_48_spread,0.5,0.47870843916268874,0.0,0.19148337566507548,0.0065231047294785375,12,12,28.0,21.0,0.18777293621763394,0.19467978585055948
1d_others,price_seq_1d_others,ETHUSDT_funding_close_roc_1,funding_close,roc_1,symbol,funding_close_roc_1,0.5,0.47870843916268874,0.0,0.19148337566507548,0.0065231047294785375,12,12,28.0,21.0,0.18777293621763394,0.19467978585055948
1d_others,price_seq_1d_others,ETHUSDT_funding_close_roc_12,funding_close,roc_12,symbol,funding_close_roc_12,0.5,0.47870843916268874,0.0,0.19148337566507548,0.0065231047294785375,12,12,28.0,21.0,0.18777293621763394,0.19467978585055948
1d_others,price_seq_1d_others,ETHUSDT_funding_close_scale,funding_close,scale,symbol,funding_close_scale,0.5,0.47870843916268874,0.0,0.19148337566507548,0.0065231047294785375,12,12,28.0,21.0,0.18777293621763394,0.19467978585055948
1d_others,price_seq_1d_others,ETHUSDT_high_ema_12_48_spread,high,ema_12_48_spread,symbol,high_ema_12_48_spread,0.5,0.47870843916268874,0.0,0.19148337566507548,0.0065231047294785375,12,12,28.0,21.0,0.18777293621763394,0.19467978585055948
1d_others,price_seq_1d_others,ETHUSDT_high_roc_12,high,roc_12,symbol,high_roc_12,0.5,0.47870843916268874,0.0,0.19148337566507548,0.0065231047294785375,12,12,28.0,21.0,0.18777293621763394,0.19467978585055948
1d_others,price_seq_1d_others,ETHUSDT_high_z_long,high,z_long,symbol,high_z_long,0.5,0.47870843916268874,0.0,0.19148337566507548,0.0065231047294785375,12,12,28.0,21.0,0.18777293621763394,0.19467978585055948
1d_others,price_seq_1d_others,ETHUSDT_high_z_short,high,z_short,symbol,high_z_short,0.5,0.47870843916268874,0.0,0.19148337566507548,0.0065231047294785375,12,12,28.0,21.0,0.18777293621763394,0.19467978585055948
1d_others,price_seq_1d_others,ETHUSDT_liq_long_ema_12_48_spread,liq_long,ema_12_48_spread,symbol,liq_long_ema_12_48_spread,0.5,0.47870843916268874,0.0,0.19148337566507548,0.0065231047294785375,12,12,28.0,21.0,0.18777293621763394,0.19467978585055948
1d_others,price_seq_1d_others,ETHUSDT_liq_long_log_z,liq_long,log_z,symbol,liq_long_log_z,0.5,0.47870843916268874,0.0,0.19148337566507548,0.0065231047294785375,12,12,28.0,21.0,0.18777293621763394,0.19467978585055948
1d_others,price_seq_1d_others,ETHUSDT_liq_long_roc_1,liq_long,roc_1,symbol,liq_long_roc_1,0.5,0.47870843916268874,0.0,0.19148337566507548,0.0065231047294785375,12,12,28.0,21.0,0.18777293621763394,0.19467978585055948
1d_others,price_seq_1d_others,ETHUSDT_liq_long_roc_12,liq_long,roc_12,symbol,liq_long_roc_12,0.5,0.47870843916268874,0.0,0.19148337566507548,0.0065231047294785375,12,12,28.0,21.0,0.18777293621763394,0.19467978585055948
1d_others,price_seq_1d_others,ETHUSDT_liq_long_z_short,liq_long,z_short,symbol,liq_long_z_short,0.5,0.47870843916268874,0.0,0.19148337566507548,0.0065231047294785375,12,12,28.0,21.0,0.18777293621763394,0.19467978585055948
1d_others,price_seq_1d_others,ETHUSDT_liq_short_ema_12_48_spread,liq_short,ema_12_48_spread,symbol,liq_short_ema_12_48_spread,0.5,0.47870843916268874,0.0,0.19148337566507548,0.0065231047294785375,12,12,28.0,21.0,0.18777293621763394,0.19467978585055948
1d_others,price_seq_1d_others,ETHUSDT_liq_short_roc_1,liq_short,roc_1,symbol,liq_short_roc_1,0.5,0.47870843916268874,0.0,0.19148337566507548,0.0065231047294785375,12,12,28.0,21.0,0.18777293621763394,0.19467978585055948
1d_others,price_seq_1d_others,ETHUSDT_liq_short_roc_12,liq_short,roc_12,symbol,liq_short_roc_12,0.5,0.47870843916268874,0.0,0.19148337566507548,0.0065231047294785375,12,12,28.0,21.0,0.18777293621763394,0.19467978585055948
1d_others,price_seq_1d_others,ETHUSDT_liq_short_z_long,liq_short,z_long,symbol,liq_short_z_long,0.5,0.47870843916268874,0.0,0.19148337566507548,0.0065231047294785375,12,12,28.0,21.0,0.18777293621763394,0.19467978585055948
1d_others,price_seq_1d_others,ETHUSDT_liq_short_z_short,liq_short,z_short,symbol,liq_short_z_short,0.5,0.47870843916268874,0.0,0.19148337566507548,0.0065231047294785375,12,12,28.0,21.0,0.18777293621763394,0.19467978585055948
1d_others,price_seq_1d_others,ETHUSDT_liq_sweep_down,liq_sweep_down,raw,symbol,liq_sweep_down,0.5,0.47870843916268874,0.0,0.19148337566507548,0.0065231047294785375,12,12,28.0,21.0,0.18777293621763394,0.19467978585055948
1d_others,price_seq_1d_others,ETHUSDT_long_short_ratio_ema_12_48_spread,long_short_ratio,ema_12_48_spread,symbol,long_short_ratio_ema_12_48_spread,0.5,0.47870843916268874,0.0,0.19148337566507548,0.0065231047294785375,12,12,28.0,21.0,0.18777293621763394,0.19467978585055948
1d_others,price_seq_1d_others,ETHUSDT_long_short_ratio_roc_1,long_short_ratio,roc_1,symbol,long_short_ratio_roc_1,0.5,0.47870843916268874,0.0,0.19148337566507548,0.0065231047294785375,12,12,28.0,21.0,0.18777293621763394,0.19467978585055948
1d_others,price_seq_1d_others,ETHUSDT_long_short_ratio_roc_12,long_short_ratio,roc_12,symbol,long_short_ratio_roc_12,0.5,0.47870843916268874,0.0,0.19148337566507548,0.0065231047294785375,12,12,28.0,21.0,0.18777293621763394,0.19467978585055948
1d_others,price_seq_1d_others,ETHUSDT_low_ema_12_48_spread,low,ema_12_48_spread,symbol,low_ema_12_48_spread,0.5,0.47870843916268874,0.0,0.19148337566507548,0.0065231047294785375,12,12,28.0,21.0,0.18777293621763394,0.19467978585055948
1d_others,price_seq_1d_others,ETHUSDT_low_roc_1,low,roc_1,symbol,low_roc_1,0.5,0.47870843916268874,0.0,0.19148337566507548,0.0065231047294785375,12,12,28.0,21.0,0.18777293621763394,0.19467978585055948
1d_others,price_seq_1d_others,ETHUSDT_low_roc_12,low,roc_12,symbol,low_roc_12,0.5,0.47870843916268874,0.0,0.19148337566507548,0.0065231047294785375,12,12,28.0,21.0,0.18777293621763394,0.19467978585055948
1d_others,price_seq_1d_others,ETHUSDT_low_z_long,low,z_long,symbol,low_z_long,0.5,0.47870843916268874,0.0,0.19148337566507548,0.0065231047294785375,12,12,28.0,21.0,0.18777293621763394,0.19467978585055948
1d_others,price_seq_1d_others,ETHUSDT_low_z_short,low,z_short,symbol,low_z_short,0.5,0.47870843916268874,0.0,0.19148337566507548,0.0065231047294785375,12,12,28.0,21.0,0.18777293621763394,0.19467978585055948
1d_others,price_seq_1d_others,ETHUSDT_ls_account_ratio_z,ls_account_ratio,z,symbol,ls_account_ratio_z,0.5,0.47870843916268874,0.0,0.19148337566507548,0.0065231047294785375,12,12,28.0,21.0,0.18777293621763394,0.19467978585055948
1d_others,price_seq_1d_others,ETHUSDT_ob_imbalance_ema_12_48_spread,ob_imbalance,ema_12_48_spread,symbol,ob_imbalance_ema_12_48_spread,0.5,0.47870843916268874,0.0,0.19148337566507548,0.0065231047294785375,12,12,28.0,21.0,0.18777293621763394,0.19467978585055948
1d_others,price_seq_1d_others,ETHUSDT_ob_imbalance_roc_1,ob_imbalance,roc_1,symbol,ob_imbalance_roc_1,0.5,0.47870843916268874,0.0,0.19148337566507548,0.0065231047294785375,12,12,28.0,21.0,0.18777293621763394,0.19467978585055948
1d_others,price_seq_1d_others,ETHUSDT_ob_imbalance_roc_12,ob_imbalance,roc_12,symbol,ob_imbalance_roc_12,0.5,0.47870843916268874,0.0,0.19148337566507548,0.0065231047294785375,12,12,28.0,21.0,0.18777293621763394,0.19467978585055948
1d_others,price_seq_1d_others,ETHUSDT_ob_imbalance_z,ob_imbalance,z,symbol,ob_imbalance_z,0.5,0.47870843916268874,0.0,0.19148337566507548,0.0065231047294785375,12,12,28.0,21.0,0.18777293621763394,0.19467978585055948
1d_others,price_seq_1d_others,ETHUSDT_ob_imbalance_z_long,ob_imbalance,z_long,symbol,ob_imbalance_z_long,0.5,0.47870843916268874,0.0,0.19148337566507548,0.0065231047294785375,12,12,28.0,21.0,0.18777293621763394,0.19467978585055948
1d_others,price_seq_1d_others,ETHUSDT_ob_imbalance_z_short,ob_imbalance,z_short,symbol,ob_imbalance_z_short,0.5,0.47870843916268874,0.0,0.19148337566507548,0.0065231047294785375,12,12,28.0,21.0,0.18777293621763394,0.19467978585055948
1d_others,price_seq_1d_others,ETHUSDT_oi_close_roc_1,oi_close,roc_1,symbol,oi_close_roc_1,0.5,0.47870843916268874,0.0,0.19148337566507548,0.0065231047294785375,12,12,28.0,21.0,0.18777293621763394,0.19467978585055948
1d_others,price_seq_1d_others,ETHUSDT_oi_close_scale,oi_close,scale,symbol,oi_close_scale,0.5,0.47870843916268874,0.0,0.19148337566507548,0.0065231047294785375,12,12,28.0,21.0,0.18777293621763394,0.19467978585055948
1d_others,price_seq_1d_others,ETHUSDT_oi_close_z_long,oi_close,z_long,symbol,oi_close_z_long,0.5,0.47870843916268874,0.0,0.19148337566507548,0.0065231047294785375,12,12,28.0,21.0,0.18777293621763394,0.19467978585055948
1d_others,price_seq_1d_others,ETHUSDT_oi_close_z_short,oi_close,z_short,symbol,oi_close_z_short,0.5,0.47870843916268874,0.0,0.19148337566507548,0.0065231047294785375,12,12,28.0,21.0,0.18777293621763394,0.19467978585055948
1d_others,price_seq_1d_others,ETHUSDT_open_ema_12_48_spread,open,ema_12_48_spread,symbol,open_ema_12_48_spread,0.5,0.47870843916268874,0.0,0.19148337566507548,0.0065231047294785375,12,12,28.0,21.0,0.18777293621763394,0.19467978585055948
1d_others,price_seq_1d_others,ETHUSDT_open_roc_12,open,roc_12,symbol,open_roc_12,0.5,0.47870843916268874,0.0,0.19148337566507548,0.0065231047294785375,12,12,28.0,21.0,0.18777293621763394,0.19467978585055948
1d_others,price_seq_1d_others,ETHUSDT_quote_volume_ema_12_48_spread,quote_volume,ema_12_48_spread,symbol,quote_volume_ema_12_48_spread,0.5,0.47870843916268874,0.0,0.19148337566507548,0.0065231047294785375,12,12,28.0,21.0,0.18777293621763394,0.19467978585055948
1d_others,price_seq_1d_others,ETHUSDT_quote_volume_roc_1,quote_volume,roc_1,symbol,quote_volume_roc_1,0.5,0.47870843916268874,0.0,0.19148337566507548,0.0065231047294785375,12,12,28.0,21.0,0.18777293621763394,0.19467978585055948
1d_others,price_seq_1d_others,ETHUSDT_quote_volume_roc_12,quote_volume,roc_12,symbol,quote_volume_roc_12,0.5,0.47870843916268874,0.0,0.19148337566507548,0.0065231047294785375,12,12,28.0,21.0,0.18777293621763394,0.19467978585055948
1d_others,price_seq_1d_others,ETHUSDT_quote_volume_z_long,quote_volume,z_long,symbol,quote_volume_z_long,0.5,0.47870843916268874,0.0,0.19148337566507548,0.0065231047294785375,12,12,28.0,21.0,0.18777293621763394,0.19467978585055948
1d_others,price_seq_1d_others,ETHUSDT_quote_volume_z_short,quote_volume,z_short,symbol,quote_volume_z_short,0.5,0.47870843916268874,0.0,0.19148337566507548,0.0065231047294785375,12,12,28.0,21.0,0.18777293621763394,0.19467978585055948
1d_others,price_seq_1d_others,ETHUSDT_ret_1d_scale,ret_1d,scale,symbol,ret_1d_scale,0.5,0.47870843916268874,0.0,0.19148337566507548,0.0065231047294785375,12,12,28.0,21.0,0.18777293621763394,0.19467978585055948
1d_others,price_seq_1d_others,ETHUSDT_ret_3d_scale,ret_3d,scale,symbol,ret_3d_scale,0.5,0.47870843916268874,0.0,0.19148337566507548,0.0065231047294785375,12,12,28.0,21.0,0.18777293621763394,0.19467978585055948
1d_others,price_seq_1d_others,ETHUSDT_ret_3d_z,ret_3d,z,symbol,ret_3d_z,0.5,0.47870843916268874,0.0,0.19148337566507548,0.0065231047294785375,12,12,28.0,21.0,0.18777293621763394,0.19467978585055948
1d_others,price_seq_1d_others,ETHUSDT_rsi_14,rsi_14,raw,symbol,rsi_14,0.5,0.47870843916268874,0.0,0.19148337566507548,0.0065231047294785375,12,12,28.0,21.0,0.18777293621763394,0.19467978585055948
1d_others,price_seq_1d_others,ETHUSDT_sell_volume_ema_12_48_spread,sell_volume,ema_12_48_spread,symbol,sell_volume_ema_12_48_spread,0.5,0.47870843916268874,0.0,0.19148337566507548,0.0065231047294785375,12,12,28.0,21.0,0.18777293621763394,0.19467978585055948
1d_others,price_seq_1d_others,ETHUSDT_sell_volume_roc_1,sell_volume,roc_1,symbol,sell_volume_roc_1,0.5,0.47870843916268874,0.0,0.19148337566507548,0.0065231047294785375,12,12,28.0,21.0,0.18777293621763394,0.19467978585055948
1d_others,price_seq_1d_others,ETHUSDT_sell_volume_roc_12,sell_volume,roc_12,symbol,sell_volume_roc_12,0.5,0.47870843916268874,0.0,0.19148337566507548,0.0065231047294785375,12,12,28.0,21.0,0.18777293621763394,0.19467978585055948
1d_others,price_seq_1d_others,ETHUSDT_sell_volume_z_long,sell_volume,z_long,symbol,sell_volume_z_long,0.5,0.47870843916268874,0.0,0.19148337566507548,0.0065231047294785375,12,12,28.0,21.0,0.18777293621763394,0.19467978585055948
1d_others,price_seq_1d_others,ETHUSDT_sell_volume_z_short,sell_volume,z_short,symbol,sell_volume_z_short,0.5,0.47870843916268874,0.0,0.19148337566507548,0.0065231047294785375,12,12,28.0,21.0,0.18777293621763394,0.19467978585055948
1d_others,price_seq_1d_others,ETHUSDT_trades_ema_12_48_spread,trades,ema_12_48_spread,symbol,trades_ema_12_48_spread,0.5,0.47870843916268874,0.0,0.19148337566507548,0.0065231047294785375,12,12,28.0,21.0,0.18777293621763394,0.19467978585055948
1d_others,price_seq_1d_others,ETHUSDT_trades_roc_1,trades,roc_1,symbol,trades_roc_1,0.5,0.47870843916268874,0.0,0.19148337566507548,0.0065231047294785375,12,12,28.0,21.0,0.18777293621763394,0.19467978585055948
1d_others,price_seq_1d_others,ETHUSDT_trades_roc_12,trades,roc_12,symbol,trades_roc_12,0.5,0.47870843916268874,0.0,0.19148337566507548,0.0065231047294785375,12,12,28.0,21.0,0.18777293621763394,0.19467978585055948
1d_others,price_seq_1d_others,ETHUSDT_trades_z_long,trades,z_long,symbol,trades_z_long,0.5,0.47870843916268874,0.0,0.19148337566507548,0.0065231047294785375,12,12,28.0,21.0,0.18777293621763394,0.19467978585055948
1d_others,price_seq_1d_others,ETHUSDT_trades_z_short,trades,z_short,symbol,trades_z_short,0.5,0.47870843916268874,0.0,0.19148337566507548,0.0065231047294785375,12,12,28.0,21.0,0.18777293621763394,0.19467978585055948
1d_others,price_seq_1d_others,ETHUSDT_up_volume_ratio_12,up_volume_ratio_12,raw,symbol,up_volume_ratio_12,0.5,0.47870843916268874,0.0,0.19148337566507548,0.0065231047294785375,12,12,28.0,21.0,0.18777293621763394,0.19467978585055948
1d_others,price_seq_1d_others,ETHUSDT_volume_ema_12_48_spread,volume,ema_12_48_spread,symbol,volume_ema_12_48_spread,0.5,0.47870843916268874,0.0,0.19148337566507548,0.0065231047294785375,12,12,28.0,21.0,0.18777293621763394,0.19467978585055948
1d_others,price_seq_1d_others,ETHUSDT_volume_impact_scale,volume_impact,scale,symbol,volume_impact_scale,0.5,0.47870843916268874,0.0,0.19148337566507548,0.0065231047294785375,12,12,28.0,21.0,0.18777293621763394,0.19467978585055948
1d_others,price_seq_1d_others,ETHUSDT_volume_log_z,volume,log_z,symbol,volume_log_z,0.5,0.47870843916268874,0.0,0.19148337566507548,0.0065231047294785375,12,12,28.0,21.0,0.18777293621763394,0.19467978585055948
1d_others,price_seq_1d_others,ETHUSDT_volume_ratio_roc_1,volume_ratio,roc_1,symbol,volume_ratio_roc_1,0.5,0.47870843916268874,0.0,0.19148337566507548,0.0065231047294785375,12,12,28.0,21.0,0.18777293621763394,0.19467978585055948
1d_others,price_seq_1d_others,ETHUSDT_volume_ratio_z_long,volume_ratio,z_long,symbol,volume_ratio_z_long,0.5,0.47870843916268874,0.0,0.19148337566507548,0.0065231047294785375,12,12,28.0,21.0,0.18777293621763394,0.19467978585055948
1d_others,price_seq_1d_others,ETHUSDT_volume_ratio_z_short,volume_ratio,z_short,symbol,volume_ratio_z_short,0.5,0.47870843916268874,0.0,0.19148337566507548,0.0065231047294785375,12,12,28.0,21.0,0.18777293621763394,0.19467978585055948
1d_others,price_seq_1d_others,ETHUSDT_volume_roc_1,volume,roc_1,symbol,volume_roc_1,0.5,0.47870843916268874,0.0,0.19148337566507548,0.0065231047294785375,12,12,28.0,21.0,0.18777293621763394,0.19467978585055948
1d_others,price_seq_1d_others,ETHUSDT_volume_roc_12,volume,roc_12,symbol,volume_roc_12,0.5,0.47870843916268874,0.0,0.19148337566507548,0.0065231047294785375,12,12,28.0,21.0,0.18777293621763394,0.19467978585055948
1d_others,price_seq_1d_others,ETHUSDT_volume_z_long,volume,z_long,symbol,volume_z_long,0.5,0.47870843916268874,0.0,0.19148337566507548,0.0065231047294785375,12,12,28.0,21.0,0.18777293621763394,0.19467978585055948
1d_others,price_seq_1d_others,ETHUSDT_volume_z_short,volume,z_short,symbol,volume_z_short,0.5,0.47870843916268874,0.0,0.19148337566507548,0.0065231047294785375,12,12,28.0,21.0,0.18777293621763394,0.19467978585055948
1d_others,price_seq_1d_others,SOLUSDT_body_range_ratio,body_range,ratio,symbol,body_range_ratio,0.5,0.47870843916268874,0.0,0.19148337566507548,0.0065231047294785375,12,12,28.0,21.0,0.18777293621763394,0.19467978585055948
1d_others,price_seq_1d_others,SOLUSDT_buy_volume_ema_12_48_spread,buy_volume,ema_12_48_spread,symbol,buy_volume_ema_12_48_spread,0.5,0.47870843916268874,0.0,0.19148337566507548,0.0065231047294785375,12,12,28.0,21.0,0.18777293621763394,0.19467978585055948
1d_others,price_seq_1d_others,SOLUSDT_buy_volume_roc_1,buy_volume,roc_1,symbol,buy_volume_roc_1,0.5,0.47870843916268874,0.0,0.19148337566507548,0.0065231047294785375,12,12,28.0,21.0,0.18777293621763394,0.19467978585055948
1d_others,price_seq_1d_others,SOLUSDT_buy_volume_z_long,buy_volume,z_long,symbol,buy_volume_z_long,0.5,0.47870843916268874,0.0,0.19148337566507548,0.0065231047294785375,12,12,28.0,21.0,0.18777293621763394,0.19467978585055948
1d_others,price_seq_1d_others,SOLUSDT_buy_volume_z_short,buy_volume,z_short,symbol,buy_volume_z_short,0.5,0.47870843916268874,0.0,0.19148337566507548,0.0065231047294785375,12,12,28.0,21.0,0.18777293621763394,0.19467978585055948
1d_others,price_seq_1d_others,SOLUSDT_close_ema_12_48_spread,close,ema_12_48_spread,symbol,close_ema_12_48_spread,0.5,0.47870843916268874,0.0,0.19148337566507548,0.0065231047294785375,12,12,28.0,21.0,0.18777293621763394,0.19467978585055948
1d_others,price_seq_1d_others,SOLUSDT_close_roc_1,close,roc_1,symbol,close_roc_1,0.5,0.47870843916268874,0.0,0.19148337566507548,0.0065231047294785375,12,12,28.0,21.0,0.18777293621763394,0.19467978585055948
1d_others,price_seq_1d_others,SOLUSDT_close_roc_12,close,roc_12,symbol,close_roc_12,0.5,0.47870843916268874,0.0,0.19148337566507548,0.0065231047294785375,12,12,28.0,21.0,0.18777293621763394,0.19467978585055948
1d_others,price_seq_1d_others,SOLUSDT_close_z_long,close,z_long,symbol,close_z_long,0.5,0.47870843916268874,0.0,0.19148337566507548,0.0065231047294785375,12,12,28.0,21.0,0.18777293621763394,0.19467978585055948
1d_others,price_seq_1d_others,SOLUSDT_close_z_short,close,z_short,symbol,close_z_short,0.5,0.47870843916268874,0.0,0.19148337566507548,0.0065231047294785375,12,12,28.0,21.0,0.18777293621763394,0.19467978585055948
1d_others,price_seq_1d_others,SOLUSDT_dist_to_long_liq_zone_atr,dist_to_long_liq_zone_atr,raw,symbol,dist_to_long_liq_zone_atr,0.5,0.47870843916268874,0.0,0.19148337566507548,0.0065231047294785375,12,12,28.0,21.0,0.18777293621763394,0.19467978585055948
1d_others,price_seq_1d_others,SOLUSDT_dist_to_short_liq_zone_atr,dist_to_short_liq_zone_atr,raw,symbol,dist_to_short_liq_zone_atr,0.5,0.47870843916268874,0.0,0.19148337566507548,0.0065231047294785375,12,12,28.0,21.0,0.18777293621763394,0.19467978585055948
1d_others,price_seq_1d_others,SOLUSDT_ema_12_48_spread_raw,ema_12_48_spread_raw,raw,symbol,ema_12_48_spread_raw,0.5,0.47870843916268874,0.0,0.19148337566507548,0.0065231047294785375,12,12,28.0,21.0,0.18777293621763394,0.19467978585055948
1d_others,price_seq_1d_others,SOLUSDT_funding_close_ema_12_48_spread,funding_close,ema_12_48_spread,symbol,funding_close_ema_12_48_spread,0.5,0.47870843916268874,0.0,0.19148337566507548,0.0065231047294785375,12,12,28.0,21.0,0.18777293621763394,0.19467978585055948
1d_others,price_seq_1d_others,SOLUSDT_funding_close_roc_12,funding_close,roc_12,symbol,funding_close_roc_12,0.5,0.47870843916268874,0.0,0.19148337566507548,0.0065231047294785375,12,12,28.0,21.0,0.18777293621763394,0.19467978585055948
1d_others,price_seq_1d_others,SOLUSDT_funding_close_scale,funding_close,scale,symbol,funding_close_scale,0.5,0.47870843916268874,0.0,0.19148337566507548,0.0065231047294785375,12,12,28.0,21.0,0.18777293621763394,0.19467978585055948
1d_others,price_seq_1d_others,SOLUSDT_high_ema_12_48_spread,high,ema_12_48_spread,symbol,high_ema_12_48_spread,0.5,0.47870843916268874,0.0,0.19148337566507548,0.0065231047294785375,12,12,28.0,21.0,0.18777293621763394,0.19467978585055948
1d_others,price_seq_1d_others,SOLUSDT_high_roc_1,high,roc_1,symbol,high_roc_1,0.5,0.47870843916268874,0.0,0.19148337566507548,0.0065231047294785375,12,12,28.0,21.0,0.18777293621763394,0.19467978585055948
1d_others,price_seq_1d_others,SOLUSDT_high_roc_12,high,roc_12,symbol,high_roc_12,0.5,0.47870843916268874,0.0,0.19148337566507548,0.0065231047294785375,12,12,28.0,21.0,0.18777293621763394,0.19467978585055948
1d_others,price_seq_1d_others,SOLUSDT_high_z_long,high,z_long,symbol,high_z_long,0.5,0.47870843916268874,0.0,0.19148337566507548,0.0065231047294785375,12,12,28.0,21.0,0.18777293621763394,0.19467978585055948
1d_others,price_seq_1d_others,SOLUSDT_high_z_short,high,z_short,symbol,high_z_short,0.5,0.47870843916268874,0.0,0.19148337566507548,0.0065231047294785375,12,12,28.0,21.0,0.18777293621763394,0.19467978585055948
1d_others,price_seq_1d_others,SOLUSDT_liq_long_ema_12_48_spread,liq_long,ema_12_48_spread,symbol,liq_long_ema_12_48_spread,0.5,0.47870843916268874,0.0,0.19148337566507548,0.0065231047294785375,12,12,28.0,21.0,0.18777293621763394,0.19467978585055948
1d_others,price_seq_1d_others,SOLUSDT_liq_long_log_z,liq_long,log_z,symbol,liq_long_log_z,0.5,0.47870843916268874,0.0,0.19148337566507548,0.0065231047294785375,12,12,28.0,21.0,0.18777293621763394,0.19467978585055948
1d_others,price_seq_1d_others,SOLUSDT_liq_long_roc_1,liq_long,roc_1,symbol,liq_long_roc_1,0.5,0.47870843916268874,0.0,0.19148337566507548,0.0065231047294785375,12,12,28.0,21.0,0.18777293621763394,0.19467978585055948
1d_others,price_seq_1d_others,SOLUSDT_liq_long_roc_12,liq_long,roc_12,symbol,liq_long_roc_12,0.5,0.47870843916268874,0.0,0.19148337566507548,0.0065231047294785375,12,12,28.0,21.0,0.18777293621763394,0.19467978585055948
1d_others,price_seq_1d_others,SOLUSDT_liq_long_z_long,liq_long,z_long,symbol,liq_long_z_long,0.5,0.47870843916268874,0.0,0.19148337566507548,0.0065231047294785375,12,12,28.0,21.0,0.18777293621763394,0.19467978585055948
1d_others,price_seq_1d_others,SOLUSDT_liq_long_z_short,liq_long,z_short,symbol,liq_long_z_short,0.5,0.47870843916268874,0.0,0.19148337566507548,0.0065231047294785375,12,12,28.0,21.0,0.18777293621763394,0.19467978585055948
1d_others,price_seq_1d_others,SOLUSDT_liq_short_ema_12_48_spread,liq_short,ema_12_48_spread,symbol,liq_short_ema_12_48_spread,0.5,0.47870843916268874,0.0,0.19148337566507548,0.0065231047294785375,12,12,28.0,21.0,0.18777293621763394,0.19467978585055948
1d_others,price_seq_1d_others,SOLUSDT_liq_short_roc_1,liq_short,roc_1,symbol,liq_short_roc_1,0.5,0.47870843916268874,0.0,0.19148337566507548,0.0065231047294785375,12,12,28.0,21.0,0.18777293621763394,0.19467978585055948
1d_others,price_seq_1d_others,SOLUSDT_liq_short_roc_12,liq_short,roc_12,symbol,liq_short_roc_12,0.5,0.47870843916268874,0.0,0.19148337566507548,0.0065231047294785375,12,12,28.0,21.0,0.18777293621763394,0.19467978585055948
1d_others,price_seq_1d_others,SOLUSDT_liq_short_z_long,liq_short,z_long,symbol,liq_short_z_long,0.5,0.47870843916268874,0.0,0.19148337566507548,0.0065231047294785375,12,12,28.0,21.0,0.18777293621763394,0.19467978585055948
1d_others,price_seq_1d_others,SOLUSDT_liq_short_z_short,liq_short,z_short,symbol,liq_short_z_short,0.5,0.47870843916268874,0.0,0.19148337566507548,0.0065231047294785375,12,12,28.0,21.0,0.18777293621763394,0.19467978585055948
1d_others,price_seq_1d_others,SOLUSDT_liq_sweep_down,liq_sweep_down,raw,symbol,liq_sweep_down,0.5,0.47870843916268874,0.0,0.19148337566507548,0.0065231047294785375,12,12,28.0,21.0,0.18777293621763394,0.19467978585055948
1d_others,price_seq_1d_others,SOLUSDT_long_short_ratio_ema_12_48_spread,long_short_ratio,ema_12_48_spread,symbol,long_short_ratio_ema_12_48_spread,0.5,0.47870843916268874,0.0,0.19148337566507548,0.0065231047294785375,12,12,28.0,21.0,0.18777293621763394,0.19467978585055948
1d_others,price_seq_1d_others,SOLUSDT_long_short_ratio_roc_1,long_short_ratio,roc_1,symbol,long_short_ratio_roc_1,0.5,0.47870843916268874,0.0,0.19148337566507548,0.0065231047294785375,12,12,28.0,21.0,0.18777293621763394,0.19467978585055948
1d_others,price_seq_1d_others,SOLUSDT_long_short_ratio_roc_12,long_short_ratio,roc_12,symbol,long_short_ratio_roc_12,0.5,0.47870843916268874,0.0,0.19148337566507548,0.0065231047294785375,12,12,28.0,21.0,0.18777293621763394,0.19467978585055948
1d_others,price_seq_1d_others,SOLUSDT_long_short_ratio_z_long,long_short_ratio,z_long,symbol,long_short_ratio_z_long,0.5,0.47870843916268874,0.0,0.19148337566507548,0.0065231047294785375,12,12,28.0,21.0,0.18777293621763394,0.19467978585055948
1d_others,price_seq_1d_others,SOLUSDT_long_short_ratio_z_short,long_short_ratio,z_short,symbol,long_short_ratio_z_short,0.5,0.47870843916268874,0.0,0.19148337566507548,0.0065231047294785375,12,12,28.0,21.0,0.18777293621763394,0.19467978585055948
1d_others,price_seq_1d_others,SOLUSDT_low_ema_12_48_spread,low,ema_12_48_spread,symbol,low_ema_12_48_spread,0.5,0.47870843916268874,0.0,0.19148337566507548,0.0065231047294785375,12,12,28.0,21.0,0.18777293621763394,0.19467978585055948
1d_others,price_seq_1d_others,SOLUSDT_low_roc_1,low,roc_1,symbol,low_roc_1,0.5,0.47870843916268874,0.0,0.19148337566507548,0.0065231047294785375,12,12,28.0,21.0,0.18777293621763394,0.19467978585055948
1d_others,price_seq_1d_others,SOLUSDT_low_roc_12,low,roc_12,symbol,low_roc_12,0.5,0.47870843916268874,0.0,0.19148337566507548,0.0065231047294785375,12,12,28.0,21.0,0.18777293621763394,0.19467978585055948
1d_others,price_seq_1d_others,SOLUSDT_low_z_long,low,z_long,symbol,low_z_long,0.5,0.47870843916268874,0.0,0.19148337566507548,0.0065231047294785375,12,12,28.0,21.0,0.18777293621763394,0.19467978585055948
1d_others,price_seq_1d_others,SOLUSDT_low_z_short,low,z_short,symbol,low_z_short,0.5,0.47870843916268874,0.0,0.19148337566507548,0.0065231047294785375,12,12,28.0,21.0,0.18777293621763394,0.19467978585055948
1d_others,price_seq_1d_others,SOLUSDT_ls_account_ratio_z,ls_account_ratio,z,symbol,ls_account_ratio_z,0.5,0.47870843916268874,0.0,0.19148337566507548,0.0065231047294785375,12,12,28.0,21.0,0.18777293621763394,0.19467978585055948
1d_others,price_seq_1d_others,SOLUSDT_ob_imbalance_roc_1,ob_imbalance,roc_1,symbol,ob_imbalance_roc_1,0.5,0.47870843916268874,0.0,0.19148337566507548,0.0065231047294785375,12,12,28.0,21.0,0.18777293621763394,0.19467978585055948
1d_others,price_seq_1d_others,SOLUSDT_ob_imbalance_roc_12,ob_imbalance,roc_12,symbol,ob_imbalance_roc_12,0.5,0.47870843916268874,0.0,0.19148337566507548,0.0065231047294785375,12,12,28.0,21.0,0.18777293621763394,0.19467978585055948
1d_others,price_seq_1d_others,SOLUSDT_ob_imbalance_z,ob_imbalance,z,symbol,ob_imbalance_z,0.5,0.47870843916268874,0.0,0.19148337566507548,0.0065231047294785375,12,12,28.0,21.0,0.18777293621763394,0.19467978585055948
1d_others,price_seq_1d_others,SOLUSDT_ob_imbalance_z_long,ob_imbalance,z_long,symbol,ob_imbalance_z_long,0.5,0.47870843916268874,0.0,0.19148337566507548,0.0065231047294785375,12,12,28.0,21.0,0.18777293621763394,0.19467978585055948
1d_others,price_seq_1d_others,SOLUSDT_ob_imbalance_z_short,ob_imbalance,z_short,symbol,ob_imbalance_z_short,0.5,0.47870843916268874,0.0,0.19148337566507548,0.0065231047294785375,12,12,28.0,21.0,0.18777293621763394,0.19467978585055948
1d_others,price_seq_1d_others,SOLUSDT_oi_close_roc_1,oi_close,roc_1,symbol,oi_close_roc_1,0.5,0.47870843916268874,0.0,0.19148337566507548,0.0065231047294785375,12,12,28.0,21.0,0.18777293621763394,0.19467978585055948
1d_others,price_seq_1d_others,SOLUSDT_oi_close_roc_12,oi_close,roc_12,symbol,oi_close_roc_12,0.5,0.47870843916268874,0.0,0.19148337566507548,0.0065231047294785375,12,12,28.0,21.0,0.18777293621763394,0.19467978585055948
1d_others,price_seq_1d_others,SOLUSDT_oi_close_scale,oi_close,scale,symbol,oi_close_scale,0.5,0.47870843916268874,0.0,0.19148337566507548,0.0065231047294785375,12,12,28.0,21.0,0.18777293621763394,0.19467978585055948
1d_others,price_seq_1d_others,SOLUSDT_oi_close_z_long,oi_close,z_long,symbol,oi_close_z_long,0.5,0.47870843916268874,0.0,0.19148337566507548,0.0065231047294785375,12,12,28.0,21.0,0.18777293621763394,0.19467978585055948
1d_others,price_seq_1d_others,SOLUSDT_oi_close_z_short,oi_close,z_short,symbol,oi_close_z_short,0.5,0.47870843916268874,0.0,0.19148337566507548,0.0065231047294785375,12,12,28.0,21.0,0.18777293621763394,0.19467978585055948
1d_others,price_seq_1d_others,SOLUSDT_open_ema_12_48_spread,open,ema_12_48_spread,symbol,open_ema_12_48_spread,0.5,0.47870843916268874,0.0,0.19148337566507548,0.0065231047294785375,12,12,28.0,21.0,0.18777293621763394,0.19467978585055948
1d_others,price_seq_1d_others,SOLUSDT_quote_volume_ema_12_48_spread,quote_volume,ema_12_48_spread,symbol,quote_volume_ema_12_48_spread,0.5,0.47870843916268874,0.0,0.19148337566507548,0.0065231047294785375,12,12,28.0,21.0,0.18777293621763394,0.19467978585055948
1d_others,price_seq_1d_others,SOLUSDT_quote_volume_roc_1,quote_volume,roc_1,symbol,quote_volume_roc_1,0.5,0.47870843916268874,0.0,0.19148337566507548,0.0065231047294785375,12,12,28.0,21.0,0.18777293621763394,0.19467978585055948
1d_others,price_seq_1d_others,SOLUSDT_quote_volume_roc_12,quote_volume,roc_12,symbol,quote_volume_roc_12,0.5,0.47870843916268874,0.0,0.19148337566507548,0.0065231047294785375,12,12,28.0,21.0,0.18777293621763394,0.19467978585055948
1d_others,price_seq_1d_others,SOLUSDT_quote_volume_z_long,quote_volume,z_long,symbol,quote_volume_z_long,0.5,0.47870843916268874,0.0,0.19148337566507548,0.0065231047294785375,12,12,28.0,21.0,0.18777293621763394,0.19467978585055948
1d_others,price_seq_1d_others,SOLUSDT_quote_volume_z_short,quote_volume,z_short,symbol,quote_volume_z_short,0.5,0.47870843916268874,0.0,0.19148337566507548,0.0065231047294785375,12,12,28.0,21.0,0.18777293621763394,0.19467978585055948
1d_others,price_seq_1d_others,SOLUSDT_ret_1d_scale,ret_1d,scale,symbol,ret_1d_scale,0.5,0.47870843916268874,0.0,0.19148337566507548,0.0065231047294785375,12,12,28.0,21.0,0.18777293621763394,0.19467978585055948
1d_others,price_seq_1d_others,SOLUSDT_ret_3d_scale,ret_3d,scale,symbol,ret_3d_scale,0.5,0.47870843916268874,0.0,0.19148337566507548,0.0065231047294785375,12,12,28.0,21.0,0.18777293621763394,0.19467978585055948
1d_others,price_seq_1d_others,SOLUSDT_ret_3d_z,ret_3d,z,symbol,ret_3d_z,0.5,0.47870843916268874,0.0,0.19148337566507548,0.0065231047294785375,12,12,28.0,21.0,0.18777293621763394,0.19467978585055948
1d_others,price_seq_1d_others,SOLUSDT_rsi_14,rsi_14,raw,symbol,rsi_14,0.5,0.47870843916268874,0.0,0.19148337566507548,0.0065231047294785375,12,12,28.0,21.0,0.18777293621763394,0.19467978585055948
1d_others,price_seq_1d_others,SOLUSDT_sell_volume_ema_12_48_spread,sell_volume,ema_12_48_spread,symbol,sell_volume_ema_12_48_spread,0.5,0.47870843916268874,0.0,0.19148337566507548,0.0065231047294785375,12,12,28.0,21.0,0.18777293621763394,0.19467978585055948
1d_others,price_seq_1d_others,SOLUSDT_sell_volume_roc_1,sell_volume,roc_1,symbol,sell_volume_roc_1,0.5,0.47870843916268874,0.0,0.19148337566507548,0.0065231047294785375,12,12,28.0,21.0,0.18777293621763394,0.19467978585055948
1d_others,price_seq_1d_others,SOLUSDT_sell_volume_roc_12,sell_volume,roc_12,symbol,sell_volume_roc_12,0.5,0.47870843916268874,0.0,0.19148337566507548,0.0065231047294785375,12,12,28.0,21.0,0.18777293621763394,0.19467978585055948
1d_others,price_seq_1d_others,SOLUSDT_sell_volume_z_long,sell_volume,z_long,symbol,sell_volume_z_long,0.5,0.47870843916268874,0.0,0.19148337566507548,0.0065231047294785375,12,12,28.0,21.0,0.18777293621763394,0.19467978585055948
1d_others,price_seq_1d_others,SOLUSDT_sell_volume_z_short,sell_volume,z_short,symbol,sell_volume_z_short,0.5,0.47870843916268874,0.0,0.19148337566507548,0.0065231047294785375,12,12,28.0,21.0,0.18777293621763394,0.19467978585055948
1d_others,price_seq_1d_others,SOLUSDT_trades_ema_12_48_spread,trades,ema_12_48_spread,symbol,trades_ema_12_48_spread,0.5,0.47870843916268874,0.0,0.19148337566507548,0.0065231047294785375,12,12,28.0,21.0,0.18777293621763394,0.19467978585055948
1d_others,price_seq_1d_others,SOLUSDT_trades_roc_1,trades,roc_1,symbol,trades_roc_1,0.5,0.47870843916268874,0.0,0.19148337566507548,0.0065231047294785375,12,12,28.0,21.0,0.18777293621763394,0.19467978585055948
1d_others,price_seq_1d_others,SOLUSDT_trades_roc_12,trades,roc_12,symbol,trades_roc_12,0.5,0.47870843916268874,0.0,0.19148337566507548,0.0065231047294785375,12,12,28.0,21.0,0.18777293621763394,0.19467978585055948
1d_others,price_seq_1d_others,SOLUSDT_trades_z_long,trades,z_long,symbol,trades_z_long,0.5,0.47870843916268874,0.0,0.19148337566507548,0.0065231047294785375,12,12,28.0,21.0,0.18777293621763394,0.19467978585055948
1d_others,price_seq_1d_others,SOLUSDT_trades_z_short,trades,z_short,symbol,trades_z_short,0.5,0.47870843916268874,0.0,0.19148337566507548,0.0065231047294785375,12,12,28.0,21.0,0.18777293621763394,0.19467978585055948
1d_others,price_seq_1d_others,SOLUSDT_up_volume_ratio_12,up_volume_ratio_12,raw,symbol,up_volume_ratio_12,0.5,0.47870843916268874,0.0,0.19148337566507548,0.0065231047294785375,12,12,28.0,21.0,0.18777293621763394,0.19467978585055948
1d_others,price_seq_1d_others,SOLUSDT_volume_ema_12_48_spread,volume,ema_12_48_spread,symbol,volume_ema_12_48_spread,0.5,0.47870843916268874,0.0,0.19148337566507548,0.0065231047294785375,12,12,28.0,21.0,0.18777293621763394,0.19467978585055948
1d_others,price_seq_1d_others,SOLUSDT_volume_impact_scale,volume_impact,scale,symbol,volume_impact_scale,0.5,0.47870843916268874,0.0,0.19148337566507548,0.0065231047294785375,12,12,28.0,21.0,0.18777293621763394,0.19467978585055948
1d_others,price_seq_1d_others,SOLUSDT_volume_log_z,volume,log_z,symbol,volume_log_z,0.5,0.47870843916268874,0.0,0.19148337566507548,0.0065231047294785375,12,12,28.0,21.0,0.18777293621763394,0.19467978585055948
1d_others,price_seq_1d_others,SOLUSDT_volume_ratio_ema_12_48_spread,volume_ratio,ema_12_48_spread,symbol,volume_ratio_ema_12_48_spread,0.5,0.47870843916268874,0.0,0.19148337566507548,0.0065231047294785375,12,12,28.0,21.0,0.18777293621763394,0.19467978585055948
1d_others,price_seq_1d_others,SOLUSDT_volume_ratio_roc_1,volume_ratio,roc_1,symbol,volume_ratio_roc_1,0.5,0.47870843916268874,0.0,0.19148337566507548,0.0065231047294785375,12,12,28.0,21.0,0.18777293621763394,0.19467978585055948
1d_others,price_seq_1d_others,SOLUSDT_volume_ratio_roc_12,volume_ratio,roc_12,symbol,volume_ratio_roc_12,0.5,0.47870843916268874,0.0,0.19148337566507548,0.0065231047294785375,12,12,28.0,21.0,0.18777293621763394,0.19467978585055948
1d_others,price_seq_1d_others,SOLUSDT_volume_ratio_z_long,volume_ratio,z_long,symbol,volume_ratio_z_long,0.5,0.47870843916268874,0.0,0.19148337566507548,0.0065231047294785375,12,12,28.0,21.0,0.18777293621763394,0.19467978585055948
1d_others,price_seq_1d_others,SOLUSDT_volume_ratio_z_short,volume_ratio,z_short,symbol,volume_ratio_z_short,0.5,0.47870843916268874,0.0,0.19148337566507548,0.0065231047294785375,12,12,28.0,21.0,0.18777293621763394,0.19467978585055948
1d_others,price_seq_1d_others,altcoin_season_ema_12_48_spread,altcoin_season,ema_12_48_spread,global,altcoin_season_ema_12_48_spread,0.5,0.47870843916268874,0.0,0.19148337566507548,0.0065231047294785375,12,12,28.0,21.0,0.18777293621763394,0.19467978585055948
1d_others,price_seq_1d_others,altcoin_season_roc_1,altcoin_season,roc_1,global,altcoin_season_roc_1,0.5,0.47870843916268874,0.0,0.19148337566507548,0.0065231047294785375,12,12,28.0,21.0,0.18777293621763394,0.19467978585055948
1d_others,price_seq_1d_others,altcoin_season_roc_12,altcoin_season,roc_12,global,altcoin_season_roc_12,0.5,0.47870843916268874,0.0,0.19148337566507548,0.0065231047294785375,12,12,28.0,21.0,0.18777293621763394,0.19467978585055948
1d_others,price_seq_1d_others,altcoin_season_z,altcoin_season,z,global,altcoin_season_z,0.5,0.47870843916268874,0.0,0.19148337566507548,0.0065231047294785375,12,12,28.0,21.0,0.18777293621763394,0.19467978585055948
1d_others,price_seq_1d_others,altcoin_season_z_long,altcoin_season,z_long,global,altcoin_season_z_long,0.5,0.47870843916268874,0.0,0.19148337566507548,0.0065231047294785375,12,12,28.0,21.0,0.18777293621763394,0.19467978585055948
1d_others,price_seq_1d_others,altcoin_season_z_short,altcoin_season,z_short,global,altcoin_season_z_short,0.5,0.47870843916268874,0.0,0.19148337566507548,0.0065231047294785375,12,12,28.0,21.0,0.18777293621763394,0.19467978585055948
1d_others,price_seq_1d_others,bmo_ema_12_48_spread,bmo,ema_12_48_spread,global,bmo_ema_12_48_spread,0.5,0.47870843916268874,0.0,0.19148337566507548,0.0065231047294785375,12,12,28.0,21.0,0.18777293621763394,0.19467978585055948
1d_others,price_seq_1d_others,bmo_roc_1,bmo,roc_1,global,bmo_roc_1,0.5,0.47870843916268874,0.0,0.19148337566507548,0.0065231047294785375,12,12,28.0,21.0,0.18777293621763394,0.19467978585055948
1d_others,price_seq_1d_others,bmo_roc_12,bmo,roc_12,global,bmo_roc_12,0.5,0.47870843916268874,0.0,0.19148337566507548,0.0065231047294785375,12,12,28.0,21.0,0.18777293621763394,0.19467978585055948
1d_others,price_seq_1d_others,bmo_z,bmo,z,global,bmo_z,0.5,0.47870843916268874,0.0,0.19148337566507548,0.0065231047294785375,12,12,28.0,21.0,0.18777293621763394,0.19467978585055948
1d_others,price_seq_1d_others,bmo_z_long,bmo,z_long,global,bmo_z_long,0.5,0.47870843916268874,0.0,0.19148337566507548,0.0065231047294785375,12,12,28.0,21.0,0.18777293621763394,0.19467978585055948
1d_others,price_seq_1d_others,bmo_z_short,bmo,z_short,global,bmo_z_short,0.5,0.47870843916268874,0.0,0.19148337566507548,0.0065231047294785375,12,12,28.0,21.0,0.18777293621763394,0.19467978585055948
1d_others,price_seq_1d_others,fear_greed_ema_12_48_spread,fear_greed,ema_12_48_spread,global,fear_greed_ema_12_48_spread,0.5,0.47870843916268874,0.0,0.19148337566507548,0.0065231047294785375,12,12,28.0,21.0,0.18777293621763394,0.19467978585055948
1d_others,price_seq_1d_others,fear_greed_roc_1,fear_greed,roc_1,global,fear_greed_roc_1,0.5,0.47870843916268874,0.0,0.19148337566507548,0.0065231047294785375,12,12,28.0,21.0,0.18777293621763394,0.19467978585055948
1d_others,price_seq_1d_others,fear_greed_roc_12,fear_greed,roc_12,global,fear_greed_roc_12,0.5,0.47870843916268874,0.0,0.19148337566507548,0.0065231047294785375,12,12,28.0,21.0,0.18777293621763394,0.19467978585055948
1d_others,price_seq_1d_others,fear_greed_scale,fear_greed,scale,global,fear_greed_scale,0.5,0.47870843916268874,0.0,0.19148337566507548,0.0065231047294785375,12,12,28.0,21.0,0.18777293621763394,0.19467978585055948
1d_others,price_seq_1d_others,fear_greed_z,fear_greed,z,global,fear_greed_z,0.5,0.47870843916268874,0.0,0.19148337566507548,0.0065231047294785375,12,12,28.0,21.0,0.18777293621763394,0.19467978585055948
1d_others,price_seq_1d_others,fear_greed_z_long,fear_greed,z_long,global,fear_greed_z_long,0.5,0.47870843916268874,0.0,0.19148337566507548,0.0065231047294785375,12,12,28.0,21.0,0.18777293621763394,0.19467978585055948
1d_others,price_seq_1d_others,fear_greed_z_short,fear_greed,z_short,global,fear_greed_z_short,0.5,0.47870843916268874,0.0,0.19148337566507548,0.0065231047294785375,12,12,28.0,21.0,0.18777293621763394,0.19467978585055948
1d_others,price_seq_1d_others,sopr_roc_12,sopr,roc_12,global,sopr_roc_12,0.5,0.47870843916268874,0.0,0.19148337566507548,0.0065231047294785375,12,12,28.0,21.0,0.18777293621763394,0.19467978585055948
1d_others,price_seq_1d_others,sopr_z,sopr,z,global,sopr_z,0.5,0.47870843916268874,0.0,0.19148337566507548,0.0065231047294785375,12,12,28.0,21.0,0.18777293621763394,0.19467978585055948
1d_others,price_seq_1d_others,sopr_z_short,sopr,z_short,global,sopr_z_short,0.5,0.47870843916268874,0.0,0.19148337566507548,0.0065231047294785375,12,12,28.0,21.0,0.18777293621763394,0.19467978585055948
1d_target,price_seq_1d_target,alts_rel_ret_1d_abs_mean_z,alts_rel_ret_1d_abs_mean,z,global,alts_rel_ret_1d_abs_mean_z,0.5,0.47870843916268874,0.0,0.19148337566507548,0.0065231047294785375,12,12,28.0,21.0,0.18777293621763394,0.19467978585055948
1d_target,price_seq_1d_target,alts_ret_1d_std_z,alts_ret_1d_std,z,global,alts_ret_1d_std_z,0.5,0.47870843916268874,0.0,0.19148337566507548,0.0065231047294785375,12,12,28.0,21.0,0.18777293621763394,0.19467978585055948
1d_target,price_seq_1d_target,alts_trend_up_ratio,alts_trend_up,ratio,global,alts_trend_up_ratio,0.5,0.47870843916268874,0.0,0.19148337566507548,0.0065231047294785375,12,12,28.0,21.0,0.18777293621763394,0.19467978585055948
1d_target,price_seq_1d_target,alts_volume_log_mean_z,alts_volume_log_mean,z,global,alts_volume_log_mean_z,0.5,0.47870843916268874,0.0,0.19148337566507548,0.0065231047294785375,12,12,28.0,21.0,0.18777293621763394,0.19467978585055948
1d_target,price_seq_1d_target,body_1d_z,body_1d,z,global,body_1d_z,0.5,0.47870843916268874,0.0,0.19148337566507548,0.0065231047294785375,12,12,28.0,21.0,0.18777293621763394,0.19467978585055948
1d_target,price_seq_1d_target,buy_volume_ema_12_48_spread,buy_volume,ema_12_48_spread,global,buy_volume_ema_12_48_spread,0.5,0.47870843916268874,0.0,0.19148337566507548,0.0065231047294785375,12,12,28.0,21.0,0.18777293621763394,0.19467978585055948
1d_target,price_seq_1d_target,buy_volume_roc_1,buy_volume,roc_1,global,buy_volume_roc_1,0.5,0.47870843916268874,0.0,0.19148337566507548,0.0065231047294785375,12,12,28.0,21.0,0.18777293621763394,0.19467978585055948
1d_target,price_seq_1d_target,buy_volume_roc_12,buy_volume,roc_12,global,buy_volume_roc_12,0.5,0.47870843916268874,0.0,0.19148337566507548,0.0065231047294785375,12,12,28.0,21.0,0.18777293621763394,0.19467978585055948
1d_target,price_seq_1d_target,buy_volume_z_long,buy_volume,z_long,global,buy_volume_z_long,0.5,0.47870843916268874,0.0,0.19148337566507548,0.0065231047294785375,12,12,28.0,21.0,0.18777293621763394,0.19467978585055948
1d_target,price_seq_1d_target,buy_volume_z_short,buy_volume,z_short,global,buy_volume_z_short,0.5,0.47870843916268874,0.0,0.19148337566507548,0.0065231047294785375,12,12,28.0,21.0,0.18777293621763394,0.19467978585055948
1d_target,price_seq_1d_target,close_ema_12_48_spread,close,ema_12_48_spread,global,close_ema_12_48_spread,0.5,0.47870843916268874,0.0,0.19148337566507548,0.0065231047294785375,12,12,28.0,21.0,0.18777293621763394,0.19467978585055948
1d_target,price_seq_1d_target,close_roc_1,close,roc_1,global,close_roc_1,0.5,0.47870843916268874,0.0,0.19148337566507548,0.0065231047294785375,12,12,28.0,21.0,0.18777293621763394,0.19467978585055948
1d_target,price_seq_1d_target,close_roc_12,close,roc_12,global,close_roc_12,0.5,0.47870843916268874,0.0,0.19148337566507548,0.0065231047294785375,12,12,28.0,21.0,0.18777293621763394,0.19467978585055948
1d_target,price_seq_1d_target,close_z_long,close,z_long,global,close_z_long,0.5,0.47870843916268874,0.0,0.19148337566507548,0.0065231047294785375,12,12,28.0,21.0,0.18777293621763394,0.19467978585055948
1d_target,price_seq_1d_target,close_z_short,close,z_short,global,close_z_short,0.5,0.47870843916268874,0.0,0.19148337566507548,0.0065231047294785375,12,12,28.0,21.0,0.18777293621763394,0.19467978585055948
1d_target,price_seq_1d_target,day_of_week_cos,day_of_week_cos,raw,global,day_of_week_cos,0.5,0.47870843916268874,0.0,0.19148337566507548,0.0065231047294785375,12,12,28.0,21.0,0.18777293621763394,0.19467978585055948
1d_target,price_seq_1d_target,day_of_week_sin,day_of_week_sin,raw,global,day_of_week_sin,0.5,0.47870843916268874,0.0,0.19148337566507548,0.0065231047294785375,12,12,28.0,21.0,0.18777293621763394,0.19467978585055948
1d_target,price_seq_1d_target,dist_to_resistance_1d_atr,dist_to_resistance_1d_atr,raw,global,dist_to_resistance_1d_atr,0.5,0.47870843916268874,0.0,0.19148337566507548,0.0065231047294785375,12,12,28.0,21.0,0.18777293621763394,0.19467978585055948
1d_target,price_seq_1d_target,dist_to_support_1d_atr,dist_to_support_1d_atr,raw,global,dist_to_support_1d_atr,0.5,0.47870843916268874,0.0,0.19148337566507548,0.0065231047294785375,12,12,28.0,21.0,0.18777293621763394,0.19467978585055948
1d_target,price_seq_1d_target,ema_12_48_spread_z,ema_12_48_spread,z,global,ema_12_48_spread_z,0.5,0.47870843916268874,0.0,0.19148337566507548,0.0065231047294785375,12,12,28.0,21.0,0.18777293621763394,0.19467978585055948
1d_target,price_seq_1d_target,funding_close_ema_12_48_spread,funding_close,ema_12_48_spread,global,funding_close_ema_12_48_spread,0.5,0.47870843916268874,0.0,0.19148337566507548,0.0065231047294785375,12,12,28.0,21.0,0.18777293621763394,0.19467978585055948
1d_target,price_seq_1d_target,funding_close_roc_1,funding_close,roc_1,global,funding_close_roc_1,0.5,0.47870843916268874,0.0,0.19148337566507548,0.0065231047294785375,12,12,28.0,21.0,0.18777293621763394,0.19467978585055948
1d_target,price_seq_1d_target,funding_close_roc_12,funding_close,roc_12,global,funding_close_roc_12,0.5,0.47870843916268874,0.0,0.19148337566507548,0.0065231047294785375,12,12,28.0,21.0,0.18777293621763394,0.19467978585055948
1d_target,price_seq_1d_target,funding_close_scale,funding_close,scale,global,funding_close_scale,0.5,0.47870843916268874,0.0,0.19148337566507548,0.0065231047294785375,12,12,28.0,21.0,0.18777293621763394,0.19467978585055948
1d_target,price_seq_1d_target,funding_close_z_long,funding_close,z_long,global,funding_close_z_long,0.5,0.47870843916268874,0.0,0.19148337566507548,0.0065231047294785375,12,12,28.0,21.0,0.18777293621763394,0.19467978585055948
1d_target,price_seq_1d_target,funding_close_z_short,funding_close,z_short,global,funding_close_z_short,0.5,0.47870843916268874,0.0,0.19148337566507548,0.0065231047294785375,12,12,28.0,21.0,0.18777293621763394,0.19467978585055948
1d_target,price_seq_1d_target,high_ema_12_48_spread,high,ema_12_48_spread,global,high_ema_12_48_spread,0.5,0.47870843916268874,0.0,0.19148337566507548,0.0065231047294785375,12,12,28.0,21.0,0.18777293621763394,0.19467978585055948
1d_target,price_seq_1d_target,high_roc_1,high,roc_1,global,high_roc_1,0.5,0.47870843916268874,0.0,0.19148337566507548,0.0065231047294785375,12,12,28.0,21.0,0.18777293621763394,0.19467978585055948
1d_target,price_seq_1d_target,high_roc_12,high,roc_12,global,high_roc_12,0.5,0.47870843916268874,0.0,0.19148337566507548,0.0065231047294785375,12,12,28.0,21.0,0.18777293621763394,0.19467978585055948
1d_target,price_seq_1d_target,high_z_long,high,z_long,global,high_z_long,0.5,0.47870843916268874,0.0,0.19148337566507548,0.0065231047294785375,12,12,28.0,21.0,0.18777293621763394,0.19467978585055948
1d_target,price_seq_1d_target,high_z_short,high,z_short,global,high_z_short,0.5,0.47870843916268874,0.0,0.19148337566507548,0.0065231047294785375,12,12,28.0,21.0,0.18777293621763394,0.19467978585055948
1d_target,price_seq_1d_target,liq_long_ema_12_48_spread,liq_long,ema_12_48_spread,global,liq_long_ema_12_48_spread,0.5,0.47870843916268874,0.0,0.19148337566507548,0.0065231047294785375,12,12,28.0,21.0,0.18777293621763394,0.19467978585055948
1d_target,price_seq_1d_target,liq_long_log_scale,liq_long_log,scale,global,liq_long_log_scale,0.5,0.47870843916268874,0.0,0.19148337566507548,0.0065231047294785375,12,12,28.0,21.0,0.18777293621763394,0.19467978585055948
1d_target,price_seq_1d_target,liq_long_roc_12,liq_long,roc_12,global,liq_long_roc_12,0.5,0.47870843916268874,0.0,0.19148337566507548,0.0065231047294785375,12,12,28.0,21.0,0.18777293621763394,0.19467978585055948
1d_target,price_seq_1d_target,liq_long_z_long,liq_long,z_long,global,liq_long_z_long,0.5,0.47870843916268874,0.0,0.19148337566507548,0.0065231047294785375,12,12,28.0,21.0,0.18777293621763394,0.19467978585055948
1d_target,price_seq_1d_target,liq_long_z_short,liq_long,z_short,global,liq_long_z_short,0.5,0.47870843916268874,0.0,0.19148337566507548,0.0065231047294785375,12,12,28.0,21.0,0.18777293621763394,0.19467978585055948
1d_target,price_seq_1d_target,liq_short_ema_12_48_spread,liq_short,ema_12_48_spread,global,liq_short_ema_12_48_spread,0.5,0.47870843916268874,0.0,0.19148337566507548,0.0065231047294785375,12,12,28.0,21.0,0.18777293621763394,0.19467978585055948
1d_target,price_seq_1d_target,liq_short_log_z,liq_short,log_z,global,liq_short_log_z,0.5,0.47870843916268874,0.0,0.19148337566507548,0.0065231047294785375,12,12,28.0,21.0,0.18777293621763394,0.19467978585055948
1d_target,price_seq_1d_target,liq_short_roc_1,liq_short,roc_1,global,liq_short_roc_1,0.5,0.47870843916268874,0.0,0.19148337566507548,0.0065231047294785375,12,12,28.0,21.0,0.18777293621763394,0.19467978585055948
1d_target,price_seq_1d_target,liq_short_roc_12,liq_short,roc_12,global,liq_short_roc_12,0.5,0.47870843916268874,0.0,0.19148337566507548,0.0065231047294785375,12,12,28.0,21.0,0.18777293621763394,0.19467978585055948
1d_target,price_seq_1d_target,liq_short_z_long,liq_short,z_long,global,liq_short_z_long,0.5,0.47870843916268874,0.0,0.19148337566507548,0.0065231047294785375,12,12,28.0,21.0,0.18777293621763394,0.19467978585055948
1d_target,price_seq_1d_target,liq_short_z_short,liq_short,z_short,global,liq_short_z_short,0.5,0.47870843916268874,0.0,0.19148337566507548,0.0065231047294785375,12,12,28.0,21.0,0.18777293621763394,0.19467978585055948
1d_target,price_seq_1d_target,liq_sweep_down,liq_sweep_down,raw,global,liq_sweep_down,0.5,0.47870843916268874,0.0,0.19148337566507548,0.0065231047294785375,12,12,28.0,21.0,0.18777293621763394,0.19467978585055948
1d_target,price_seq_1d_target,liq_sweep_up,liq_sweep_up,raw,global,liq_sweep_up,0.5,0.47870843916268874,0.0,0.19148337566507548,0.0065231047294785375,12,12,28.0,21.0,0.18777293621763394,0.19467978585055948
1d_target,price_seq_1d_target,long_short_ratio_ema_12_48_spread,long_short_ratio,ema_12_48_spread,global,long_short_ratio_ema_12_48_spread,0.5,0.47870843916268874,0.0,0.19148337566507548,0.0065231047294785375,12,12,28.0,21.0,0.18777293621763394,0.19467978585055948
1d_target,price_seq_1d_target,long_short_ratio_roc_1,long_short_ratio,roc_1,global,long_short_ratio_roc_1,0.5,0.47870843916268874,0.0,0.19148337566507548,0.0065231047294785375,12,12,28.0,21.0,0.18777293621763394,0.19467978585055948
1d_target,price_seq_1d_target,long_short_ratio_roc_12,long_short_ratio,roc_12,global,long_short_ratio_roc_12,0.5,0.47870843916268874,0.0,0.19148337566507548,0.0065231047294785375,12,12,28.0,21.0,0.18777293621763394,0.19467978585055948
1d_target,price_seq_1d_target,long_short_ratio_z,long_short_ratio,z,global,long_short_ratio_z,0.5,0.47870843916268874,0.0,0.19148337566507548,0.0065231047294785375,12,12,28.0,21.0,0.18777293621763394,0.19467978585055948
1d_target,price_seq_1d_target,long_short_ratio_z_long,long_short_ratio,z_long,global,long_short_ratio_z_long,0.5,0.47870843916268874,0.0,0.19148337566507548,0.0065231047294785375,12,12,28.0,21.0,0.18777293621763394,0.19467978585055948
1d_target,price_seq_1d_target,long_short_ratio_z_short,long_short_ratio,z_short,global,long_short_ratio_z_short,0.5,0.47870843916268874,0.0,0.19148337566507548,0.0065231047294785375,12,12,28.0,21.0,0.18777293621763394,0.19467978585055948
1d_target,price_seq_1d_target,low_ema_12_48_spread,low,ema_12_48_spread,global,low_ema_12_48_spread,0.5,0.47870843916268874,0.0,0.19148337566507548,0.0065231047294785375,12,12,28.0,21.0,0.18777293621763394,0.19467978585055948
1d_target,price_seq_1d_target,low_roc_1,low,roc_1,global,low_roc_1,0.5,0.47870843916268874,0.0,0.19148337566507548,0.0065231047294785375,12,12,28.0,21.0,0.18777293621763394,0.19467978585055948
1d_target,price_seq_1d_target,low_roc_12,low,roc_12,global,low_roc_12,0.5,0.47870843916268874,0.0,0.19148337566507548,0.0065231047294785375,12,12,28.0,21.0,0.18777293621763394,0.19467978585055948
1d_target,price_seq_1d_target,low_z_long,low,z_long,global,low_z_long,0.5,0.47870843916268874,0.0,0.19148337566507548,0.0065231047294785375,12,12,28.0,21.0,0.18777293621763394,0.19467978585055948
1d_target,price_seq_1d_target,low_z_short,low,z_short,global,low_z_short,0.5,0.47870843916268874,0.0,0.19148337566507548,0.0065231047294785375,12,12,28.0,21.0,0.18777293621763394,0.19467978585055948
1d_target,price_seq_1d_target,ls_account_ratio_z,ls_account_ratio,z,global,ls_account_ratio_z,0.5,0.47870843916268874,0.0,0.19148337566507548,0.0065231047294785375,12,12,28.0,21.0,0.18777293621763394,0.19467978585055948
1d_target,price_seq_1d_target,ob_imbalance_ema_12_48_spread,ob_imbalance,ema_12_48_spread,global,ob_imbalance_ema_12_48_spread,0.5,0.47870843916268874,0.0,0.19148337566507548,0.0065231047294785375,12,12,28.0,21.0,0.18777293621763394,0.19467978585055948
1d_target,price_seq_1d_target,ob_imbalance_roc_1,ob_imbalance,roc_1,global,ob_imbalance_roc_1,0.5,0.47870843916268874,0.0,0.19148337566507548,0.0065231047294785375,12,12,28.0,21.0,0.18777293621763394,0.19467978585055948
1d_target,price_seq_1d_target,ob_imbalance_roc_12,ob_imbalance,roc_12,global,ob_imbalance_roc_12,0.5,0.47870843916268874,0.0,0.19148337566507548,0.0065231047294785375,12,12,28.0,21.0,0.18777293621763394,0.19467978585055948
1d_target,price_seq_1d_target,ob_imbalance_z,ob_imbalance,z,global,ob_imbalance_z,0.5,0.47870843916268874,0.0,0.19148337566507548,0.0065231047294785375,12,12,28.0,21.0,0.18777293621763394,0.19467978585055948
1d_target,price_seq_1d_target,ob_imbalance_z_long,ob_imbalance,z_long,global,ob_imbalance_z_long,0.5,0.47870843916268874,0.0,0.19148337566507548,0.0065231047294785375,12,12,28.0,21.0,0.18777293621763394,0.19467978585055948
1d_target,price_seq_1d_target,ob_imbalance_z_short,ob_imbalance,z_short,global,ob_imbalance_z_short,0.5,0.47870843916268874,0.0,0.19148337566507548,0.0065231047294785375,12,12,28.0,21.0,0.18777293621763394,0.19467978585055948
1d_target,price_seq_1d_target,oi_close_ema_12_48_spread,oi_close,ema_12_48_spread,global,oi_close_ema_12_48_spread,0.5,0.47870843916268874,0.0,0.19148337566507548,0.0065231047294785375,12,12,28.0,21.0,0.18777293621763394,0.19467978585055948
1d_target,price_seq_1d_target,oi_close_roc_1,oi_close,roc_1,global,oi_close_roc_1,0.5,0.47870843916268874,0.0,0.19148337566507548,0.0065231047294785375,12,12,28.0,21.0,0.18777293621763394,0.19467978585055948
1d_target,price_seq_1d_target,oi_close_roc_12,oi_close,roc_12,global,oi_close_roc_12,0.5,0.47870843916268874,0.0,0.19148337566507548,0.0065231047294785375,12,12,28.0,21.0,0.18777293621763394,0.19467978585055948
1d_target,price_seq_1d_target,oi_close_scale,oi_close,scale,global,oi_close_scale,0.5,0.47870843916268874,0.0,0.19148337566507548,0.0065231047294785375,12,12,28.0,21.0,0.18777293621763394,0.19467978585055948
1d_target,price_seq_1d_target,oi_close_z_long,oi_close,z_long,global,oi_close_z_long,0.5,0.47870843916268874,0.0,0.19148337566507548,0.0065231047294785375,12,12,28.0,21.0,0.18777293621763394,0.19467978585055948
1d_target,price_seq_1d_target,oi_close_z_short,oi_close,z_short,global,oi_close_z_short,0.5,0.47870843916268874,0.0,0.19148337566507548,0.0065231047294785375,12,12,28.0,21.0,0.18777293621763394,0.19467978585055948
1d_target,price_seq_1d_target,open_roc_1,open,roc_1,global,open_roc_1,0.5,0.47870843916268874,0.0,0.19148337566507548,0.0065231047294785375,12,12,28.0,21.0,0.18777293621763394,0.19467978585055948
1d_target,price_seq_1d_target,open_roc_12,open,roc_12,global,open_roc_12,0.5,0.47870843916268874,0.0,0.19148337566507548,0.0065231047294785375,12,12,28.0,21.0,0.18777293621763394,0.19467978585055948
1d_target,price_seq_1d_target,open_z_long,open,z_long,global,open_z_long,0.5,0.47870843916268874,0.0,0.19148337566507548,0.0065231047294785375,12,12,28.0,21.0,0.18777293621763394,0.19467978585055948
1d_target,price_seq_1d_target,open_z_short,open,z_short,global,open_z_short,0.5,0.47870843916268874,0.0,0.19148337566507548,0.0065231047294785375,12,12,28.0,21.0,0.18777293621763394,0.19467978585055948
1d_target,price_seq_1d_target,quote_volume_ema_12_48_spread,quote_volume,ema_12_48_spread,global,quote_volume_ema_12_48_spread,0.5,0.47870843916268874,0.0,0.19148337566507548,0.0065231047294785375,12,12,28.0,21.0,0.18777293621763394,0.19467978585055948
1d_target,price_seq_1d_target,quote_volume_roc_1,quote_volume,roc_1,global,quote_volume_roc_1,0.5,0.47870843916268874,0.0,0.19148337566507548,0.0065231047294785375,12,12,28.0,21.0,0.18777293621763394,0.19467978585055948
1d_target,price_seq_1d_target,quote_volume_roc_12,quote_volume,roc_12,global,quote_volume_roc_12,0.5,0.47870843916268874,0.0,0.19148337566507548,0.0065231047294785375,12,12,28.0,21.0,0.18777293621763394,0.19467978585055948
1d_target,price_seq_1d_target,quote_volume_z_short,quote_volume,z_short,global,quote_volume_z_short,0.5,0.47870843916268874,0.0,0.19148337566507548,0.0065231047294785375,12,12,28.0,21.0,0.18777293621763394,0.19467978585055948
1d_target,price_seq_1d_target,range_1d_z,range_1d,z,global,range_1d_z,0.5,0.47870843916268874,0.0,0.19148337566507548,0.0065231047294785375,12,12,28.0,21.0,0.18777293621763394,0.19467978585055948
1d_target,price_seq_1d_target,ret_14d_z_long,ret_14d,z_long,global,ret_14d_z_long,0.5,0.47870843916268874,0.0,0.19148337566507548,0.0065231047294785375,12,12,28.0,21.0,0.18777293621763394,0.19467978585055948
1d_target,price_seq_1d_target,ret_1d_z_long,ret_1d,z_long,global,ret_1d_z_long,0.5,0.47870843916268874,0.0,0.19148337566507548,0.0065231047294785375,12,12,28.0,21.0,0.18777293621763394,0.19467978585055948
1d_target,price_seq_1d_target,ret_1d_z_short,ret_1d,z_short,global,ret_1d_z_short,0.5,0.47870843916268874,0.0,0.19148337566507548,0.0065231047294785375,12,12,28.0,21.0,0.18777293621763394,0.19467978585055948
1d_target,price_seq_1d_target,ret_3d_z_short,ret_3d,z_short,global,ret_3d_z_short,0.5,0.47870843916268874,0.0,0.19148337566507548,0.0065231047294785375,12,12,28.0,21.0,0.18777293621763394,0.19467978585055948
1d_target,price_seq_1d_target,sell_volume_ema_12_48_spread,sell_volume,ema_12_48_spread,global,sell_volume_ema_12_48_spread,0.5,0.47870843916268874,0.0,0.19148337566507548,0.0065231047294785375,12,12,28.0,21.0,0.18777293621763394,0.19467978585055948
1d_target,price_seq_1d_target,sell_volume_roc_1,sell_volume,roc_1,global,sell_volume_roc_1,0.5,0.47870843916268874,0.0,0.19148337566507548,0.0065231047294785375,12,12,28.0,21.0,0.18777293621763394,0.19467978585055948
1d_target,price_seq_1d_target,sell_volume_roc_12,sell_volume,roc_12,global,sell_volume_roc_12,0.5,0.47870843916268874,0.0,0.19148337566507548,0.0065231047294785375,12,12,28.0,21.0,0.18777293621763394,0.19467978585055948
1d_target,price_seq_1d_target,sell_volume_z_long,sell_volume,z_long,global,sell_volume_z_long,0.5,0.47870843916268874,0.0,0.19148337566507548,0.0065231047294785375,12,12,28.0,21.0,0.18777293621763394,0.19467978585055948
1d_target,price_seq_1d_target,sell_volume_z_short,sell_volume,z_short,global,sell_volume_z_short,0.5,0.47870843916268874,0.0,0.19148337566507548,0.0065231047294785375,12,12,28.0,21.0,0.18777293621763394,0.19467978585055948
1d_target,price_seq_1d_target,trades_ema_12_48_spread,trades,ema_12_48_spread,global,trades_ema_12_48_spread,0.5,0.47870843916268874,0.0,0.19148337566507548,0.0065231047294785375,12,12,28.0,21.0,0.18777293621763394,0.19467978585055948
1d_target,price_seq_1d_target,trades_per_volume_z,trades_per_volume,z,global,trades_per_volume_z,0.5,0.47870843916268874,0.0,0.19148337566507548,0.0065231047294785375,12,12,28.0,21.0,0.18777293621763394,0.19467978585055948
1d_target,price_seq_1d_target,trades_roc_1,trades,roc_1,global,trades_roc_1,0.5,0.47870843916268874,0.0,0.19148337566507548,0.0065231047294785375,12,12,28.0,21.0,0.18777293621763394,0.19467978585055948
1d_target,price_seq_1d_target,trades_roc_12,trades,roc_12,global,trades_roc_12,0.5,0.47870843916268874,0.0,0.19148337566507548,0.0065231047294785375,12,12,28.0,21.0,0.18777293621763394,0.19467978585055948
1d_target,price_seq_1d_target,trades_z_long,trades,z_long,global,trades_z_long,0.5,0.47870843916268874,0.0,0.19148337566507548,0.0065231047294785375,12,12,28.0,21.0,0.18777293621763394,0.19467978585055948
1d_target,price_seq_1d_target,trades_z_short,trades,z_short,global,trades_z_short,0.5,0.47870843916268874,0.0,0.19148337566507548,0.0065231047294785375,12,12,28.0,21.0,0.18777293621763394,0.19467978585055948
1d_target,price_seq_1d_target,volume_ema_12_48_spread,volume,ema_12_48_spread,global,volume_ema_12_48_spread,0.5,0.47870843916268874,0.0,0.19148337566507548,0.0065231047294785375,12,12,28.0,21.0,0.18777293621763394,0.19467978585055948
1d_target,price_seq_1d_target,volume_log_z_long,volume_log,z_long,global,volume_log_z_long,0.5,0.47870843916268874,0.0,0.19148337566507548,0.0065231047294785375,12,12,28.0,21.0,0.18777293621763394,0.19467978585055948
1d_target,price_seq_1d_target,volume_log_z_short,volume_log,z_short,global,volume_log_z_short,0.5,0.47870843916268874,0.0,0.19148337566507548,0.0065231047294785375,12,12,28.0,21.0,0.18777293621763394,0.19467978585055948
1d_target,price_seq_1d_target,volume_ratio_ema_12_48_spread,volume_ratio,ema_12_48_spread,global,volume_ratio_ema_12_48_spread,0.5,0.47870843916268874,0.0,0.19148337566507548,0.0065231047294785375,12,12,28.0,21.0,0.18777293621763394,0.19467978585055948
1d_target,price_seq_1d_target,volume_ratio_roc_1,volume_ratio,roc_1,global,volume_ratio_roc_1,0.5,0.47870843916268874,0.0,0.19148337566507548,0.0065231047294785375,12,12,28.0,21.0,0.18777293621763394,0.19467978585055948
1d_target,price_seq_1d_target,volume_ratio_roc_12,volume_ratio,roc_12,global,volume_ratio_roc_12,0.5,0.47870843916268874,0.0,0.19148337566507548,0.0065231047294785375,12,12,28.0,21.0,0.18777293621763394,0.19467978585055948
1d_target,price_seq_1d_target,volume_ratio_z_short,volume_ratio,z_short,global,volume_ratio_z_short,0.5,0.47870843916268874,0.0,0.19148337566507548,0.0065231047294785375,12,12,28.0,21.0,0.18777293621763394,0.19467978585055948
1d_target,price_seq_1d_target,volume_roc_1,volume,roc_1,global,volume_roc_1,0.5,0.47870843916268874,0.0,0.19148337566507548,0.0065231047294785375,12,12,28.0,21.0,0.18777293621763394,0.19467978585055948
1d_target,price_seq_1d_target,volume_roc_12,volume,roc_12,global,volume_roc_12,0.5,0.47870843916268874,0.0,0.19148337566507548,0.0065231047294785375,12,12,28.0,21.0,0.18777293621763394,0.19467978585055948
1d_target,price_seq_1d_target,volume_z_long,volume,z_long,global,volume_z_long,0.5,0.47870843916268874,0.0,0.19148337566507548,0.0065231047294785375,12,12,28.0,21.0,0.18777293621763394,0.19467978585055948
5m_target,price_seq_target,open_z_short,open,z_short,global,open_z_short,0.4340220838165585,0.45183047520425057,0.024992998432441984,0.1914321965762662,0.037557222316316585,12,12,28.0,21.0,0.16965828266733426,0.2108729960159813
5m_others,price_seq_others,ETHUSDT_body_range_ratio,body_range,ratio,symbol,body_range_ratio,0.4442237975370806,0.4536003899170586,0.006071744015227503,0.19138762502183282,0.0403157330576589,12,12,28.0,21.0,0.16861240679962206,0.21293236424065
5m_target,price_seq_target,quote_volume_roc_12,quote_volume,roc_12,global,quote_volume_roc_12,0.38116747987255223,0.47636237475642823,0.00446960640453993,0.19121539086325226,0.00704749057249206,12,12,28.0,21.0,0.18726988014037924,0.19499611809755274
5m_target,price_seq_target,alts_trend_up_ratio,alts_trend_up,ratio,global,alts_trend_up_ratio,0.44667415206136435,0.4751603918457254,0.005390047290748258,0.1908726638319024,0.007763154734753903,12,12,28.0,21.0,0.18649219846992351,0.19473876077872085
5m_others,price_seq_others,ETHUSDT_long_short_ratio_z_long,long_short_ratio,z_long,symbol,long_short_ratio_z_long,0.4869385952100254,0.4516776120685904,0.004384903170296688,0.19032182849555143,0.038306303121455325,12,12,28.0,21.0,0.1689704656214976,0.21042025301698614
5m_target,price_seq_target,ema_48_slope_z,ema_48_slope,z,global,ema_48_slope_z,0.4740143462595052,0.4513508581845785,0.02155600982261582,0.19004103013353033,0.03437356974017439,12,12,28.0,21.0,0.16966824972875696,0.2062470473625149
5m_others,price_seq_others,1000PEPEUSDT_volume_z_long,volume,z_long,symbol,volume_z_long,0.4701744049349333,0.45531160931932896,0.0021947439356033364,0.18984725530779148,0.03191600293257719,12,12,28.0,21.0,0.17091615255395523,0.20452604131779017
5m_others,price_seq_others,ETHUSDT_sell_volume_roc_12,sell_volume,roc_12,symbol,sell_volume_roc_12,0.5013273534290826,0.4527442131189416,0.004850862703053053,0.1895491802898552,0.03460690293244215,12,12,28.0,21.0,0.16971086899495685,0.20579247562567787
5m_target,price_seq_target,dist_to_resistance_96_atr_scale,dist_to_resistance_96_atr,scale,global,dist_to_resistance_96_atr_scale,0.4795539111446398,0.4536214930692666,0.007536103808483713,0.18913733952678102,0.03306225203306613,12,12,28.0,21.0,0.16958800389326492,0.203842601617236
5m_others,price_seq_others,ETHUSDT_long_short_ratio_ema_12_48_spread,long_short_ratio,ema_12_48_spread,symbol,long_short_ratio_ema_12_48_spread,0.4889254758321731,0.453362706698012,0.004192123412108221,0.18891423884426897,0.0354266627612608,12,12,28.0,21.0,0.16955429499495087,0.2066902312182774
5m_target,price_seq_target,high_roc_1,high,roc_1,global,high_roc_1,0.4126495934815797,0.45024555360735424,0.02402445031655717,0.18797124925978556,0.03592196732775819,12,12,28.0,21.0,0.16727810103432994,0.2044486205996176
1d_others,price_seq_1d_others,ETHUSDT_liq_short_log_z,liq_short,log_z,symbol,liq_short_log_z,0.5,0.40378489176207705,0.17601582818911118,0.1879163309331975,0.07366514158431928,12,10,28.0,21.0,0.14253264727522483,0.2197903761348066
5m_others,price_seq_others,DOGEUSDT_low_ema_12_48_spread,low,ema_12_48_spread,symbol,low_ema_12_48_spread,0.508644813624397,0.4236130536806891,0.0017089215716165342,0.18789717821215193,0.034747330858254766,12,12,28.0,21.0,0.1679800616170261,0.207556063464763
5m_others,price_seq_others,DOGEUSDT_close_z_long,close,z_long,symbol,close_z_long,0.49985565086641626,0.4259706938877066,0.0014569411481080345,0.18778448980601148,0.046719412307227585,12,12,28.0,21.0,0.1632873167080034,0.21197575532746038
5m_others,price_seq_others,1000PEPEUSDT_volume_ema_12_48_spread,volume,ema_12_48_spread,symbol,volume_ema_12_48_spread,0.47192571658021215,0.45125413367519845,0.0006248547881387645,0.18754360467515552,0.01878313862960572,12,12,28.0,21.0,0.17673843583333051,0.19673250107845
5m_target,price_seq_target,dist_to_long_liq_zone_atr,dist_to_long_liq_zone_atr,raw,global,dist_to_long_liq_zone_atr,0.4753838614690548,0.42619238009794147,0.020949205113003005,0.1874147358463407,0.04091711799154364,12,12,28.0,21.0,0.1649162872806042,0.21008763971586622
5m_others,price_seq_others,SOLUSDT_low_roc_12,low,roc_12,symbol,low_roc_12,0.5010325048705088,0.42740717598239736,0.006737195473713025,0.18694706732475597,0.04898537610704685,12,12,28.0,21.0,0.15979782219167804,0.2132049026744084
5m_others,price_seq_others,SOLUSDT_close_roc_12,close,roc_12,symbol,close_roc_12,0.47340310569705935,0.4533953878670381,0.004513605479834547,0.18688015720910053,0.018144331689468135,12,12,28.0,21.0,0.1756508720765433,0.1952362919855179
5m_others,price_seq_others,SOLUSDT_sell_volume_z_short,sell_volume,z_short,symbol,sell_volume_z_short,0.45190831635993584,0.4622084559994062,0.004241138222984388,0.18656404701530138,0.014349627206400109,12,12,28.0,21.0,0.17976567498907414,0.19470910454128926
5m_target,price_seq_target,ret_15m_scale,ret_15m,scale,global,ret_15m_scale,0.4459347363205825,0.45554970765585007,0.019066315133762685,0.18639796158935662,0.028070159388360473,12,12,28.0,21.0,0.16876476391143747,0.19928910343888426
5m_others,price_seq_others,ETHUSDT_close_roc_1,close,roc_1,symbol,close_roc_1,0.4570625368768532,0.43205602869733856,0.010580862008015899,0.1863704251276951,0.0280286148102997,12,12,28.0,21.0,0.17060874662658948,0.1993238359095812
5m_target,price_seq_target,trades_per_volume_z,trades_per_volume,z,global,trades_per_volume_z,0.4435302981319558,0.4535086486681544,0.011752832486785852,0.18635325864506277,0.03177802402996709,12,12,28.0,21.0,0.16705888457531684,0.2013185196311145
5m_others,price_seq_others,ETHUSDT_low_ema_12_48_spread,low,ema_12_48_spread,symbol,low_ema_12_48_spread,0.4830759004553713,0.45289891991861486,0.006318259440448827,0.18619518230064344,0.03344278084150472,12,12,28.0,21.0,0.16629819824217174,0.20213403675374028
5m_others,price_seq_others,SOLUSDT_body_range_ratio,body_range,ratio,symbol,body_range_ratio,0.49443437859643885,0.4514489378580338,0.006281457600794265,0.18604687121118935,0.027606594695222482,12,12,28.0,21.0,0.1673967425761014,0.19900953555478343
1d_others,price_seq_1d_others,DOGEUSDT_volume_roc_1,volume,roc_1,symbol,volume_roc_1,0.507389610500052,0.41599295970262906,0.000715922107674685,0.18593660040602203,0.04752178714288614,12,12,28.0,21.0,0.16016402573841357,0.2077145642375591
5m_others,price_seq_others,DOGEUSDT_low_roc_1,low,roc_1,symbol,low_roc_1,0.4562049147297009,0.45391789769618796,0.0019830371401571606,0.18590240836064362,0.031200396388505528,12,12,28.0,21.0,0.16654223057776715,0.19989830106180764
5m_others,price_seq_others,1000PEPEUSDT_volume_roc_12,volume,roc_12,symbol,volume_roc_12,0.45684218265767335,0.44876931922043334,0.0034541450191399015,0.1850768834934601,0.030997802188785395,12,12,28.0,21.0,0.16693867621506592,0.2005232447616059
5m_others,price_seq_others,ETHUSDT_open_roc_12,open,roc_12,symbol,open_roc_12,0.48035434546088673,0.4521212282699791,0.007644583279495053,0.1850228896703566,0.028536621560635522,12,12,28.0,21.0,0.16849731932311504,0.19888964276009669
5m_target,price_seq_target,high_ema_12_48_spread,high,ema_12_48_spread,global,high_ema_12_48_spread,0.4657124434129562,0.4526059170583135,0.014444864085105565,0.1845863472829445,0.029898980380753035,12,12,28.0,21.0,0.16573156850377765,0.19781961704347223
5m_target,price_seq_target,open_z_long,open,z_long,global,open_z_long,0.4332212282575372,0.4508106762066109,0.018223687084841334,0.18447839509244568,0.02600858918373397,12,12,28.0,21.0,0.16856789247995058,0.19650751706758104
5m_target,price_seq_target,buy_volume_ema_12_48_spread,buy_volume,ema_12_48_spread,global,buy_volume_ema_12_48_spread,0.45305335778195915,0.42483501773473037,0.009060320661180163,0.18287806158677197,0.04837856890183031,12,12,28.0,21.0,0.15701932118172568,0.20922619970287995
5m_target,price_seq_target,low_z_long,low,z_long,global,low_z_long,0.43890483365266525,0.4474603328014017,0.008759467984952992,0.18229038706763503,0.03171735574129337,12,12,28.0,21.0,0.1631093231286758,0.19681644159231973
5m_others,price_seq_others,SOLUSDT_buy_volume_z_long,buy_volume,z_long,symbol,buy_volume_z_long,0.4991839508293278,0.42688344368037634,0.009866621008534693,0.1822568511312126,0.03276131279856269,12,12,28.0,21.0,0.16570117527491893,0.1988902329492648
5m_others,price_seq_others,SOLUSDT_volume_roc_1,volume,roc_1,symbol,volume_roc_1,0.43272505375957254,0.4527356546285431,0.007708628224644655,0.18225055608511395,0.02920656111365229,12,12,28.0,21.0,0.16383973030901666,0.19544456186103143
5m_others,price_seq_others,ETHUSDT_quote_volume_roc_1,quote_volume,roc_1,symbol,quote_volume_roc_1,0.4656284104779538,0.45223936126917813,0.007648504953048477,0.18204302025062855,0.03048467228899905,12,12,28.0,21.0,0.16279225997703956,0.19581334091239852
5m_others,price_seq_others,SOLUSDT_volume_impact_scale,volume_impact,scale,symbol,volume_impact_scale,0.4472632281503018,0.4514489378580338,0.009078441144246647,0.18194134131485054,0.024691623459198588,12,12,28.0,21.0,0.16579427148289563,0.19353221243553595
5m_others,price_seq_others,ETHUSDT_volume_ema_12_48_spread,volume,ema_12_48_spread,symbol,volume_ema_12_48_spread,0.4792110080211846,0.4536214930692666,0.0031610949704532474,0.18192276147327466,0.029055069525720133,12,12,28.0,21.0,0.1635996134485075,0.19507234684987473
5m_others,price_seq_others,ETHUSDT_quote_volume_roc_12,quote_volume,roc_12,symbol,quote_volume_roc_12,0.4024361091364969,0.4536214930692666,0.002406310811308516,0.18180954384940293,0.029060844500724464,12,12,28.0,21.0,0.16344675859499708,0.19493421641720174
5m_target,price_seq_target,amihud_z,amihud,z,global,amihud_z,0.46205615638394737,0.42591515488756687,0.0304515241993194,0.18100386844921834,0.04229941453911302,12,12,28.0,21.0,0.1594954297661741,0.20251230713226256
5m_others,price_seq_others,SOLUSDT_high_z_long,high,z_long,symbol,high_z_long,0.5020786691545082,0.42609774344582774,0.004392111395320913,0.18081731668648401,0.03545780267242359,12,12,28.0,21.0,0.16106096191239402,0.19848003136101727
5m_others,price_seq_others,SOLUSDT_buy_volume_roc_12,buy_volume,roc_12,symbol,buy_volume_roc_12,0.4361263775301341,0.44932291022685217,0.007033477700029748,0.18078418574574537,0.030932957380176263,12,12,28.0,21.0,0.1614275478705487,0.1948590964978901
1d_others,price_seq_1d_others,SOLUSDT_open_roc_12,open,roc_12,symbol,open_roc_12,0.47637043601240614,0.4497049507372772,0.002828853285178509,0.18033317676648394,0.04434218012192816,12,11,28.0,21.0,0.14840426378450688,0.19516675386027083
5m_others,price_seq_others,SOLUSDT_close_roc_1,close,roc_1,symbol,close_roc_1,0.45346726975618795,0.4292964389110511,0.011217749211224141,0.17870379634432432,0.04064782406773429,12,12,28.0,21.0,0.15843285212399302,0.1995436653680495
5m_others,price_seq_others,ETHUSDT_high_roc_1,high,roc_1,symbol,high_roc_1,0.4666158731474117,0.4268618843508034,0.008596364233204593,0.17796152754400052,0.04119371519071682,12,12,28.0,21.0,0.15616288453606708,0.19886747920803383
5m_others,price_seq_others,ETHUSDT_open_roc_1,open,roc_1,symbol,open_roc_1,0.47633300110875404,0.42651622076074447,0.0037169779429683954,0.1766410160824147,0.04068439295412208,12,12,28.0,21.0,0.1548734330923484,0.19810174656272234
1d_others,price_seq_1d_others,SOLUSDT_open_z_long,open,z_long,symbol,open_z_long,0.5106913936980236,0.40378489176207705,0.0251644300671057,0.17493774402191423,0.059853837229813966,12,11,28.0,21.0,0.1415370786839542,0.19860015334851538
5m_others,price_seq_others,DOGEUSDT_ema_12_48_spread_raw,ema_12_48_spread_raw,raw,symbol,ema_12_48_spread_raw,0.482682746473261,0.4264278788996339,0.0018594332430211203,0.17448207436961327,0.034419915563000274,12,12,28.0,21.0,0.15698148556118713,0.19209215639321153
5m_others,price_seq_others,SOLUSDT_high_roc_1,high,roc_1,symbol,high_roc_1,0.47460562266828576,0.42472116366584123,0.008985386423966695,0.17342145861511668,0.03882103882034804,12,12,28.0,21.0,0.15296490582277342,0.1936917320850198
1d_others,price_seq_1d_others,1000PEPEUSDT_long_short_ratio_roc_12,long_short_ratio,roc_12,symbol,long_short_ratio_roc_12,0.5010548262640482,0.40378489176207705,0.005798234352808941,0.17278776072320198,0.0802636028124703,12,10,28.0,21.0,0.12060323149319656,0.20990599411231084
5m_target,price_seq_target,volume_roc_1,volume,roc_1,global,volume_roc_1,0.43020057509092285,0.42600372906727757,0.011689751107512636,0.17215495429303795,0.03401377254029172,12,12,28.0,21.0,0.15310714867505235,0.18879502458477085
5m_others,price_seq_others,SOLUSDT_long_short_ratio_roc_12,long_short_ratio,roc_12,symbol,long_short_ratio_roc_12,0.4976447107722087,0.39915095169735987,0.0006420912168063373,0.16998560149034336,0.03425752002623327,12,12,28.0,21.0,0.15216363828618099,0.18861321894727706
5m_others,price_seq_others,DOGEUSDT_sell_volume_z_long,sell_volume,z_long,symbol,sell_volume_z_long,0.4420393071334534,0.4185451949046192,0.0031990493854299816,0.16789793536966222,0.03075800442507831,12,12,28.0,21.0,0.15082410967188747,0.18577185515660366
5m_target,price_seq_target,volume_impact_scale,volume_impact,scale,global,volume_impact_scale,0.4523983219291936,0.39894988550202726,0.016163939489674185,0.16683324367821087,0.043793389571957005,12,12,28.0,21.0,0.1427136460657581,0.18968792226007383
1d_others,price_seq_1d_others,1000PEPEUSDT_long_short_ratio_ema_12_48_spread,long_short_ratio,ema_12_48_spread,symbol,long_short_ratio_ema_12_48_spread,0.5,0.40378489176207705,0.00020191213922084552,0.16154424352571395,0.07554226227783206,12,10,28.0,21.0,0.11325552078885541,0.194657636143213
1d_others,price_seq_1d_others,1000PEPEUSDT_funding_close_ema_12_48_spread,funding_close,ema_12_48_spread,symbol,funding_close_ema_12_48_spread,0.5,0.40378489176207705,0.0,0.16151395670483085,0.07552820180898251,12,10,28.0,21.0,0.11323516248266648,0.19461715763731538
1d_others,price_seq_1d_others,1000PEPEUSDT_funding_close_roc_1,funding_close,roc_1,symbol,funding_close_roc_1,0.5,0.40378489176207705,0.0,0.16151395670483085,0.07552820180898251,12,10,28.0,21.0,0.11323516248266648,0.19461715763731538
1d_others,price_seq_1d_others,1000PEPEUSDT_funding_close_roc_12,funding_close,roc_12,symbol,funding_close_roc_12,0.5,0.40378489176207705,0.0,0.16151395670483085,0.07552820180898251,12,10,28.0,21.0,0.11323516248266648,0.19461715763731538
1d_others,price_seq_1d_others,1000PEPEUSDT_high_z_short,high,z_short,symbol,high_z_short,0.5,0.40378489176207705,0.0,0.16151395670483085,0.07552820180898251,12,10,28.0,21.0,0.11323516248266648,0.19461715763731538
1d_others,price_seq_1d_others,1000PEPEUSDT_liq_long_z_short,liq_long,z_short,symbol,liq_long_z_short,0.5,0.40378489176207705,0.0,0.16151395670483085,0.07552820180898251,12,10,28.0,21.0,0.11323516248266648,0.19461715763731538
1d_others,price_seq_1d_others,1000PEPEUSDT_liq_short_z_short,liq_short,z_short,symbol,liq_short_z_short,0.5,0.40378489176207705,0.0,0.16151395670483085,0.07552820180898251,12,10,28.0,21.0,0.11323516248266648,0.19461715763731538
1d_others,price_seq_1d_others,1000PEPEUSDT_low_z_short,low,z_short,symbol,low_z_short,0.5,0.40378489176207705,0.0,0.16151395670483085,0.07552820180898251,12,10,28.0,21.0,0.11323516248266648,0.19461715763731538
1d_others,price_seq_1d_others,1000PEPEUSDT_open_ema_12_48_spread,open,ema_12_48_spread,symbol,open_ema_12_48_spread,0.5,0.40378489176207705,0.0,0.16151395670483085,0.07552820180898251,12,10,28.0,21.0,0.11323516248266648,0.19461715763731538
1d_others,price_seq_1d_others,1000PEPEUSDT_open_roc_12,open,roc_12,symbol,open_roc_12,0.5,0.40378489176207705,0.0,0.16151395670483085,0.07552820180898251,12,10,28.0,21.0,0.11323516248266648,0.19461715763731538
1d_others,price_seq_1d_others,DOGEUSDT_ema_12_48_spread_raw,ema_12_48_spread_raw,raw,symbol,ema_12_48_spread_raw,0.5,0.40378489176207705,0.0,0.16151395670483085,0.07552820180898251,12,10,28.0,21.0,0.11323516248266648,0.19461715763731538
1d_others,price_seq_1d_others,DOGEUSDT_long_short_ratio_ema_12_48_spread,long_short_ratio,ema_12_48_spread,symbol,long_short_ratio_ema_12_48_spread,0.5,0.40378489176207705,0.0,0.16151395670483085,0.07552820180898251,12,10,28.0,21.0,0.11323516248266648,0.19461715763731538
1d_others,price_seq_1d_others,DOGEUSDT_long_short_ratio_roc_1,long_short_ratio,roc_1,symbol,long_short_ratio_roc_1,0.5,0.40378489176207705,0.0,0.16151395670483085,0.07552820180898251,12,10,28.0,21.0,0.11323516248266648,0.19461715763731538
1d_others,price_seq_1d_others,DOGEUSDT_long_short_ratio_roc_12,long_short_ratio,roc_12,symbol,long_short_ratio_roc_12,0.5,0.40378489176207705,0.0,0.16151395670483085,0.07552820180898251,12,10,28.0,21.0,0.11323516248266648,0.19461715763731538
1d_others,price_seq_1d_others,DOGEUSDT_long_short_ratio_z_long,long_short_ratio,z_long,symbol,long_short_ratio_z_long,0.5,0.40378489176207705,0.0,0.16151395670483085,0.07552820180898251,12,10,28.0,21.0,0.11323516248266648,0.19461715763731538
1d_others,price_seq_1d_others,DOGEUSDT_ret_1d_scale,ret_1d,scale,symbol,ret_1d_scale,0.5,0.40378489176207705,0.0,0.16151395670483085,0.07552820180898251,12,10,28.0,21.0,0.11323516248266648,0.19461715763731538
1d_others,price_seq_1d_others,DOGEUSDT_ret_3d_scale,ret_3d,scale,symbol,ret_3d_scale,0.5,0.40378489176207705,0.0,0.16151395670483085,0.07552820180898251,12,10,28.0,21.0,0.11323516248266648,0.19461715763731538
1d_others,price_seq_1d_others,DOGEUSDT_ret_3d_z,ret_3d,z,symbol,ret_3d_z,0.5,0.40378489176207705,0.0,0.16151395670483085,0.07552820180898251,12,10,28.0,21.0,0.11323516248266648,0.19461715763731538
1d_others,price_seq_1d_others,DOGEUSDT_trades_ema_12_48_spread,trades,ema_12_48_spread,symbol,trades_ema_12_48_spread,0.5,0.40378489176207705,0.0,0.16151395670483085,0.07552820180898251,12,10,28.0,21.0,0.11323516248266648,0.19461715763731538
1d_others,price_seq_1d_others,ETHUSDT_funding_close_z_long,funding_close,z_long,symbol,funding_close_z_long,0.5,0.40378489176207705,0.0,0.16151395670483085,0.07552820180898251,12,10,28.0,21.0,0.11323516248266648,0.19461715763731538
1d_others,price_seq_1d_others,ETHUSDT_funding_close_z_short,funding_close,z_short,symbol,funding_close_z_short,0.5,0.40378489176207705,0.0,0.16151395670483085,0.07552820180898251,12,10,28.0,21.0,0.11323516248266648,0.19461715763731538
1d_others,price_seq_1d_others,ETHUSDT_high_roc_1,high,roc_1,symbol,high_roc_1,0.5,0.40378489176207705,0.0,0.16151395670483085,0.07552820180898251,12,10,28.0,21.0,0.11323516248266648,0.19461715763731538
1d_others,price_seq_1d_others,ETHUSDT_liq_long_z_long,liq_long,z_long,symbol,liq_long_z_long,0.5,0.40378489176207705,0.0,0.16151395670483085,0.07552820180898251,12,10,28.0,21.0,0.11323516248266648,0.19461715763731538
1d_others,price_seq_1d_others,ETHUSDT_oi_close_ema_12_48_spread,oi_close,ema_12_48_spread,symbol,oi_close_ema_12_48_spread,0.5,0.40378489176207705,0.0,0.16151395670483085,0.07552820180898251,12,10,28.0,21.0,0.11323516248266648,0.19461715763731538
1d_others,price_seq_1d_others,ETHUSDT_oi_close_roc_12,oi_close,roc_12,symbol,oi_close_roc_12,0.5,0.40378489176207705,0.0,0.16151395670483085,0.07552820180898251,12,10,28.0,21.0,0.11323516248266648,0.19461715763731538
1d_others,price_seq_1d_others,ETHUSDT_open_roc_1,open,roc_1,symbol,open_roc_1,0.5,0.40378489176207705,0.0,0.16151395670483085,0.07552820180898251,12,10,28.0,21.0,0.11323516248266648,0.19461715763731538
1d_others,price_seq_1d_others,ETHUSDT_open_z_long,open,z_long,symbol,open_z_long,0.5,0.40378489176207705,0.0,0.16151395670483085,0.07552820180898251,12,10,28.0,21.0,0.11323516248266648,0.19461715763731538
1d_others,price_seq_1d_others,ETHUSDT_open_z_short,open,z_short,symbol,open_z_short,0.5,0.40378489176207705,0.0,0.16151395670483085,0.07552820180898251,12,10,28.0,21.0,0.11323516248266648,0.19461715763731538
1d_others,price_seq_1d_others,SOLUSDT_buy_volume_roc_12,buy_volume,roc_12,symbol,buy_volume_roc_12,0.5,0.40378489176207705,0.0,0.16151395670483085,0.07552820180898251,12,10,28.0,21.0,0.11323516248266648,0.19461715763731538
1d_others,price_seq_1d_others,SOLUSDT_ob_imbalance_ema_12_48_spread,ob_imbalance,ema_12_48_spread,symbol,ob_imbalance_ema_12_48_spread,0.5,0.40378489176207705,0.0,0.16151395670483085,0.07552820180898251,12,10,28.0,21.0,0.11323516248266648,0.19461715763731538
1d_others,price_seq_1d_others,SOLUSDT_volume_roc_1,volume,roc_1,symbol,volume_roc_1,0.5,0.40378489176207705,0.0,0.16151395670483085,0.07552820180898251,12,10,28.0,21.0,0.11323516248266648,0.19461715763731538
1d_others,price_seq_1d_others,SOLUSDT_volume_roc_12,volume,roc_12,symbol,volume_roc_12,0.5,0.40378489176207705,0.0,0.16151395670483085,0.07552820180898251,12,10,28.0,21.0,0.11323516248266648,0.19461715763731538
1d_others,price_seq_1d_others,SOLUSDT_volume_z_long,volume,z_long,symbol,volume_z_long,0.5,0.40378489176207705,0.0,0.16151395670483085,0.07552820180898251,12,10,28.0,21.0,0.11323516248266648,0.19461715763731538
1d_others,price_seq_1d_others,SOLUSDT_volume_z_short,volume,z_short,symbol,volume_z_short,0.5,0.40378489176207705,0.0,0.16151395670483085,0.07552820180898251,12,10,28.0,21.0,0.11323516248266648,0.19461715763731538
