time,open,high,low,close,volume_usd,open_interest_open,open_interest_high,open_interest_low,open_interest_close,funding_rate_open,funding_rate_high,funding_rate_low,funding_rate_close,funding_rate_oi_weight_open,funding_rate_oi_weight_high,funding_rate_oi_weight_low,funding_rate_oi_weight_close,funding_rate_vol_weight_open,funding_rate_vol_weight_high,funding_rate_vol_weight_low,funding_rate_vol_weight_close,global_long_short_account_ratio_global_account_long_percent,global_long_short_account_ratio_global_account_short_percent,global_long_short_account_ratio_global_account_long_short_ratio,top_long_short_account_ratio_top_account_long_percent,top_long_short_account_ratio_top_account_short_percent,top_long_short_account_ratio_top_account_long_short_ratio,top_long_short_position_ratio_top_position_long_percent,top_long_short_position_ratio_top_position_short_percent,top_long_short_position_ratio_top_position_long_short_ratio,liquidation_long_liquidation_usd,liquidation_short_liquidation_usd,liquidation_aggregated_aggregated_long_liquidation_usd,liquidation_aggregated_aggregated_short_liquidation_usd,ask_bids_bids_usd,ask_bids_bids_quantity,ask_bids_asks_usd,ask_bids_asks_quantity,aggregated_ask_bids_aggregated_bids_usd,aggregated_ask_bids_aggregated_bids_quantity,aggregated_ask_bids_aggregated_asks_usd,aggregated_ask_bids_aggregated_asks_quantity
2023-05-08,0.0022799,0.0023888,0.0015351,0.0019464,1770085624.6857,44656708,62836710,38055968,43544497,-0.019378,0.121378,-0.02083,0.01,-0.003067,0.133716,-0.003497,0.012674,-0.006318,0.133483,-0.00711,0.012166,55.16,44.84,1.23,51.25,48.75,1.05,48.28,51.72,0.93,801751.469174,335108.5626877,801751.469174,335108.5626877,,,,,,,,
2023-05-09,0.0019462,0.002135,0.00174,0.0020063,1651495928.8131,43544497,53797871,40191250,46009372,0.01,0.01,-0.024308,-0.014971,0.012674,0.012674,-0.043204,-0.003883,0.012166,0.012166,-0.039874,-0.005245,64.27,35.73,1.8,64.56,35.44,1.82,50.03,49.97,1.0,235967.4393166,290417.2032962,235967.4393166,290417.2032962,,,,,,,,
2023-05-10,0.0020065,0.0021339,0.0017095,0.0019195,1189277561.0275,46009372,49677573,41392991,43670857,-0.014971,0.01,-0.063618,0.01,-0.003883,0.01,-0.030137,0.01,-0.005245,0.01,-0.035992,0.01,57.71,42.29,1.37,54.86,45.14,1.22,48.51,51.49,0.94,279824.9404039,235227.0214847,279824.9404039,235227.0214847,,,,,,,,
2023-05-11,0.0019195,0.00194,0.00125,0.0013931,1646468985.8037,43670857,59750251,41016001,56614970,0.01,0.01,-0.008388,0.01,0.01,0.01,-0.000723,0.01,0.01,0.01,-0.001312,0.01,64.18,35.82,1.79,62.3,37.7,1.65,50.01,49.99,1.0,541481.0067742,150057.8986272,541481.0067742,150057.8986272,,,,,,,,
2023-05-12,0.001393,0.0019332,0.0010477,0.0017444,2783959573.1951,56614970,58573438,43582398,53503385,0.01,0.01,-0.203906,-0.168982,0.01,0.01,-0.1477,-0.126052,0.01,0.01,-0.158047,-0.134469,66.42,33.58,1.98,68.11,31.89,2.14,47.85,52.15,0.92,479659.4252328,794986.6397841,479659.4252328,794986.6397841,,,,,,,,
2023-05-13,0.0017444,0.0020899,0.0015373,0.0018575,3603310208.3892,53503385,78141190,50096122,69191754,-0.168982,-0.056232,-0.309856,-0.152595,-0.126052,-0.036799,-0.346238,-0.130393,-0.134469,-0.040982,-0.319135,-0.135097,60.68,39.32,1.54,54.19,45.81,1.18,47.22,52.78,0.9,478390.8689296,480316.1972039,478390.8689296,480316.1972039,,,,,,,,
2023-05-14,0.0018571,0.001951,0.001722,0.0017853,1737116964.6123,69191754,84471986,64661048,67597090,-0.152595,-0.076278,-0.27753,-0.076278,-0.130393,-0.052618,-0.276076,-0.063045,-0.135097,-0.06145,-0.276006,-0.066803,43.3,56.7,0.76,43.11,56.89,0.76,50.4,49.6,1.02,238627.4348359,196136.3785921,238627.4348359,196136.3785921,,,,,,,,
2023-05-15,0.001785,0.001785,0.0016049,0.0017318,1614141506.5991,67597090,71095213,60708460,65934123,-0.076278,-0.034923,-0.085659,-0.036618,-0.063045,-0.019406,-0.089753,-0.022076,-0.066803,-0.024564,-0.082032,-0.026898,53.65,46.35,1.16,52.33,47.67,1.1,49.03,50.97,0.96,281771.7882449,143088.8185953,281771.7882449,143088.8185953,,,,,,,,
2023-05-16,0.0017318,0.0018202,0.00163,0.0016643,1400004738.2248,65934123,71894451,60152957,67918016,-0.036618,-0.029974,-0.10998,-0.05427,-0.022076,-0.020279,-0.11992,-0.042619,-0.026898,-0.025547,-0.108686,-0.047051,56.81,43.19,1.32,54.66,45.34,1.21,49.11,50.89,0.97,267059.852636,163131.1934516,267059.852636,163131.1934516,,,,,,,,
2023-05-17,0.0016644,0.0016911,0.0014617,0.0015735,1514512749.1258,67918016,73785307,60224745,60281690,-0.05427,-0.004982,-0.092259,-0.005045,-0.042619,0.000815,-0.088561,0.00078,-0.047051,-0.001013,-0.089202,-0.001059,63.61,36.39,1.75,60.75,39.25,1.55,47.33,52.67,0.9,357744.9507052,405417.9819104,357744.9507052,405417.9819104,,,,,,,,
2023-05-18,0.0015736,0.00164,0.0014938,0.0015789,1174044479.9171,60281690,66835915,57633040,62156512,-0.005045,0.01,-0.064315,0.009613,0.00078,0.01,-0.033265,0.009768,-0.001059,0.01,-0.04445,0.009719,64.33,35.67,1.8,63.2,36.8,1.72,48.47,51.53,0.94,266439.7559064,113261.2439428,266439.7559064,113261.2439428,,,,,,,,
2023-05-19,0.001579,0.001579,0.0014738,0.001523,759119201.307,62156512,72578507,59866615,68748986,0.009613,0.01,-0.026146,0.003351,0.009768,0.01,-0.058954,0.005839,0.009719,0.01,-0.048978,0.005063,64.04,35.96,1.78,63.25,36.75,1.72,48.11,51.89,0.93,160659.1500876,38585.7100311,160659.1500876,38585.7100311,,,,,,,,
2023-05-20,0.0015229,0.0019319,0.0014983,0.0017145,1547643523.4458,68748986,87333290,68351609,71447494,0.003351,0.01,-0.014473,0.01,0.005839,0.01,-0.04744,0.01,0.005063,0.01,-0.029859,0.01,69.59,30.41,2.29,67.93,32.07,2.12,47.66,52.34,0.91,164657.7047116,360123.9402211,164657.7047116,360123.9402211,,,,,,,,
2023-05-21,0.0017145,0.0017581,0.0015628,0.0015964,1173347526.0888,71447494,81818023,61946550,64338945,0.01,0.01,-0.006553,0.01,0.01,0.01,-0.000398,0.01,0.01,0.01,-0.001811,0.01,51.11,48.89,1.05,50.02,49.98,1.0,49.19,50.81,0.97,209371.1054874,79762.5593891,209371.1054874,79762.5593891,,,,,,,,
2023-05-22,0.0015963,0.001599,0.0015066,0.0015302,799545445.7696,64338945,73753604,60907792,67204607,0.01,0.01,-0.039887,-0.019583,0.01,0.01,-0.021647,-0.008765,0.01,0.01,-0.025288,-0.010828,65.52,34.48,1.9,65.11,34.89,1.87,49.86,50.14,0.99,221486.3656578,21842.3738389,221486.3656578,21842.3738389,,,,,,,,
2023-05-23,0.0015303,0.0016754,0.001516,0.0015916,777320471.7197,67204607,70122625,63628690,64744948,-0.019583,0.01,-0.019583,0.01,-0.008765,0.01,-0.008765,0.01,-0.010828,0.01,-0.010828,0.01,72.78,27.22,2.67,71.17,28.83,2.47,48.79,51.21,0.95,116019.3693834,189171.2253075,116019.3693834,189171.2253075,,,,,,,,
2023-05-24,0.0015917,0.0015953,0.0012929,0.0014333,985063253.43,64744948,68683445,51523324,51549796,0.01,0.01,-0.06614,0.004939,0.01,0.01,-0.042248,0.006832,0.01,0.01,-0.044001,0.006592,69.38,30.62,2.27,66.48,33.52,1.98,48.78,51.22,0.95,533068.4587231,161394.5102739,533068.4587231,161394.5102739,,,,,,,,
2023-05-25,0.0014333,0.001475,0.0013433,0.0014289,618470883.619,51549796,52691536,46025179,50825251,0.004939,0.01,-0.019036,0.01,0.006832,0.01,-0.010324,0.01,0.006592,0.01,-0.009556,0.01,74.41,25.59,2.91,73.64,26.36,2.79,49.33,50.67,0.97,140422.7097008,115525.8011509,140422.7097008,115525.8011509,,,,,,,,
2023-05-26,0.0014287,0.0014897,0.00138,0.0014518,582026088.87,50825251,56702832,49542525,54906253,0.01,0.01,-0.006495,0.01,0.01,0.01,-0.001077,0.01,0.01,0.01,-0.00175,0.01,73.01,26.99,2.71,71.83,28.17,2.55,49.31,50.69,0.97,116491.978978,86902.0426553,116491.978978,86902.0426553,,,,,,,,
2023-05-27,0.0014518,0.0015377,0.0014347,0.0015131,434208004.6019,54906253,61954309,53874609,60057183,0.01,0.01,0.01,0.01,0.01,0.01,-0.002758,0.01,0.01,0.01,-0.003703,0.01,70.02,29.98,2.34,68.67,31.33,2.19,47.82,52.18,0.92,26181.2445303,84034.3207362,26181.2445303,84034.3207362,,,,,,,,
2023-05-28,0.0015129,0.0015448,0.0014085,0.0014951,431823645.6,60057183,60476376,50729109,55751172,0.01,0.01,0.01,0.01,0.01,0.01,0.01,0.01,0.01,0.01,0.01,0.01,67.69,32.31,2.1,65.62,34.38,1.91,48.84,51.16,0.96,84726.449136,233346.3823167,84726.449136,233346.3823167,,,,,,,,
2023-05-29,0.0014951,0.0015162,0.0014165,0.0014358,326053679.1787,54383654,57319901,51774205,56799359,0.01,0.01,0.01,0.01,0.01,0.01,0.01,0.01,0.01,0.01,0.01,0.01,73.34,26.66,2.75,71.45,28.55,2.5,48.57,51.43,0.94,78700.3145198,4643.1433237,78700.3145198,4643.1433237,,,,,,,,
2023-05-30,0.0014358,0.001442,0.001229,0.0012935,398076021.7375,56799359,57089763,47924254,47971800,0.01,0.01,-0.008936,-0.00629,0.01,0.01,-0.002269,-0.000548,0.01,0.01,-0.002595,-0.000842,76.02,23.98,3.17,75.13,24.87,3.02,48.47,51.53,0.94,219135.419815,33470.2133963,219135.419815,33470.2133963,,,,,,,,
2023-05-31,0.0012934,0.0013204,0.0011888,0.0012636,464110398.1763,47971800,48162905,45049249,46839970,-0.00629,0.01,-0.008791,0.01,-0.000548,0.01,-0.002158,0.01,-0.000842,0.01,-0.002505,0.01,76.06,23.94,3.18,76.96,23.04,3.34,47.78,52.22,0.92,288973.1506227,30832.3958183,288973.1506227,30832.3958183,,,,,,,,
2023-06-01,0.0012636,0.0013279,0.0012144,0.0012454,477416687.8067,46839970,49207494,43147584,43768638,0.01,0.01,0.01,0.01,0.01,0.01,0.01,0.01,0.01,0.01,0.01,0.01,77.71,22.29,3.49,75.69,24.31,3.11,47.18,52.82,0.89,92888.0293943,113406.7274215,92888.0293943,113406.7274215,,,,,,,,
2023-06-02,0.0012455,0.0013064,0.0012301,0.0012821,272063233.8678,43768638,49614715,43170241,48734990,0.01,0.033918,0.01,0.01,0.01,0.025159,0.01,0.01,0.01,0.025805,0.01,0.01,77.72,22.28,3.49,76.58,23.42,3.27,48.1,51.9,0.93,101041.3523547,61293.9863553,101041.3523547,61293.9863553,,,,,,,,
2023-06-03,0.0012822,0.0013449,0.0012638,0.0012949,314478889.1273,48734990,50617726,45191084,46319015,0.01,0.035095,0.01,0.022424,0.01,0.02544,0.01,0.017633,0.01,0.02591,0.01,0.017913,79.77,20.23,3.94,77.26,22.74,3.4,47.2,52.8,0.89,43089.4747083,89270.1656815,43089.4747083,89270.1656815,,,,,,,,
2023-06-04,0.0012948,0.0012972,0.001205,0.0012384,230035925.98,46319015,49204063,44149386,46031179,0.022424,0.05567,0.01,0.05567,0.017633,0.038956,0.01,0.038956,0.017913,0.037411,0.01,0.037411,76.55,23.45,3.26,75.41,24.59,3.07,48.19,51.81,0.93,48962.2284876,15897.3554435,48962.2284876,15897.3554435,,,,,,,,
2023-06-05,0.0012384,0.0012413,0.00093,0.0010333,559403866.4424,46031179,47468304,36634456,38617112,0.05567,0.057579,0.01,0.01,0.038956,0.040207,-0.007882,0.01,0.037411,0.038532,-0.018264,0.01,79.63,20.37,3.91,78.46,21.54,3.64,48.21,51.79,0.93,877954.1568887,128454.8497974,877954.1568887,128454.8497974,,,,,,,,
2023-06-06,0.0010335,0.0012635,0.0009633,0.0012066,972254398.7551,38617112,55510461,37139080,53339895,0.01,0.01,0.01,0.01,0.01,0.031141,-0.001778,0.01,0.01,0.033027,-0.002835,0.01,78.26,21.74,3.6,77.76,22.24,3.5,50.56,49.44,1.02,246032.9452185,678946.0021806,246032.9452185,678946.0021806,,,,,,,,
2023-06-07,0.0012065,0.001219,0.0010367,0.0010728,711455187.578,53339895,54815546,40828703,42552966,0.01,0.01,0.01,0.01,0.01,0.010099,-0.01446,0.01,0.01,0.010094,-0.013943,0.01,66.42,33.58,1.98,63.68,36.32,1.75,51.57,48.43,1.07,535296.4242016,204215.3205913,535296.4242016,204215.3205913,,,,,,,,
2023-06-08,0.0010728,0.0011334,0.0010312,0.0010833,411184073.4275,42552966,46800465,40240294,43212572,0.01,0.01,0.01,0.01,0.01,0.01,-0.017884,0.01,0.01,0.01,-0.016144,0.01,69.43,30.57,2.27,71.14,28.86,2.47,53.89,46.11,1.17,53078.7036842,131830.3626333,53078.7036842,131830.3626333,,,,,,,,
2023-06-09,0.0010833,0.0011963,0.0010538,0.0011337,681796714.2997,43212572,58097278,41511544,51973689,0.01,0.01,0.01,0.01,0.01,0.01,0.003164,0.01,0.01,0.01,0.003316,0.01,73.3,26.7,2.75,70.66,29.34,2.41,51.56,48.44,1.06,84834.3646171,118477.0867707,84834.3646171,118477.0867707,,,,,,,,
2023-06-10,0.0011338,0.0011375,0.000803,0.0009292,780442126.2869,51973689,52077979,25999374,28937547,0.01,0.073024,-0.052848,-0.006154,0.01,0.051829,-0.04241,-0.000773,0.01,0.052492,-0.043721,-0.000953,63.44,36.56,1.74,63.62,36.38,1.75,51.76,48.24,1.07,767608.3291846,289278.8875361,767608.3291846,289278.8875361,,,,,,,,
2023-06-11,0.0009293,0.0009506,0.0008813,0.0009119,318959731.6855,28937547,32103284,28178294,29063862,-0.006154,0.002421,-0.019355,-0.001805,-0.000773,0.005119,-0.045879,0.002533,-0.000953,0.005064,-0.043899,0.002258,74.43,25.57,2.91,72.22,27.78,2.6,51.27,48.73,1.05,136317.1231993,86633.3434067,136317.1231993,86633.3434067,,,,,,,,
2023-06-12,0.0009119,0.0009525,0.0008405,0.0009042,415629583.4616,29063862,33141014,27832371,30730633,-0.001805,0.01,-0.01372,0.01,0.002533,0.01,-0.011865,0.01,0.002258,0.01,-0.011183,0.01,74.49,25.51,2.92,71.62,28.38,2.52,51.98,48.02,1.08,124740.1278601,182543.0881312,124740.1278601,182543.0881312,,,,,,,,
2023-06-13,0.0009042,0.0009888,0.000887,0.000917,487656018.5872,30730633,38687686,30473189,35253531,0.01,0.01,0.00108,0.01,0.01,0.01,-0.002026,0.01,0.01,0.01,-0.001971,0.01,73.54,26.46,2.78,71.95,28.05,2.57,52.69,47.31,1.11,191843.9170366,128105.7123017,191843.9170366,128105.7123017,,,,,,,,
2023-06-14,0.000917,0.0009654,0.000852,0.0008852,363518434.0958,35253531,37817473,30360320,32543031,0.01,0.01,-0.006517,0.004035,0.01,0.01,-0.015703,0.006071,0.01,0.01,-0.018375,0.00636,75.11,24.89,3.02,71.64,28.36,2.53,52.45,47.55,1.1,103221.876391,100961.6151632,103221.876391,100961.6151632,,,,,,,,
2023-06-15,0.0008852,0.0009296,0.000823,0.0008969,341540366.0247,32543031,35691174,32390929,35570828,0.004035,0.01,-0.013319,0.01,0.006071,0.01,-0.012824,0.01,0.00636,0.01,-0.013894,0.01,75.6,24.4,3.1,73.24,26.76,2.74,53.1,46.9,1.13,57592.5925746,157343.4774547,57592.5925746,157343.4774547,,,,,,,,
2023-06-16,0.0008969,0.00105,0.0008311,0.0009655,781947510.418,35570828,48493590,35413970,43220875,0.01,0.01,-0.00357,0.01,0.01,0.01,-0.017962,0.01,0.01,0.01,-0.019411,0.01,73.71,26.29,2.8,69.89,30.11,2.32,52.16,47.84,1.09,179888.8265068,338627.4619259,179888.8265068,338627.4619259,,,,,,,,
2023-06-17,0.0009658,0.0010539,0.0009463,0.0010003,581773436.7111,43220875,51343795,42141301,47688324,0.01,0.01,0.01,0.01,0.01,0.01,0.01,0.01,0.01,0.01,0.01,0.01,61.82,38.18,1.62,60.97,39.03,1.56,52.36,47.64,1.1,86579.3621117,105503.0669721,86579.3621117,105503.0669721,,,,,,,,
2023-06-18,0.0010002,0.0010055,0.00092,0.0009373,341985161.8243,47688324,47688324,38362961,38755996,0.01,0.01,0.01,0.01,0.01,0.01,-0.004292,0.01,0.01,0.01,-0.003015,0.01,63.33,36.67,1.73,61.45,38.55,1.59,52.24,47.76,1.09,226101.9870951,15209.8544256,226101.9870951,15209.8544256,,,,,,,,
2023-06-19,0.0009373,0.0009599,0.000912,0.000949,289768303.4434,38755996,40043982,35104928,36232812,0.01,0.01,-0.004084,0.003733,0.01,0.01,-0.01472,0.006075,0.01,0.01,-0.013946,0.006025,68.48,31.52,2.17,67.75,32.25,2.1,52.79,47.21,1.12,90030.4819691,34426.773549,90030.4819691,34426.773549,,,,,,,,
2023-06-20,0.0009487,0.0010925,0.0009034,0.0010691,417975279.8119,36232812,43320764,33166782,42759578,0.003733,0.01,-0.008701,0.01,0.006075,0.01,-0.029858,0.01,0.006025,0.01,-0.030267,0.01,71.36,28.64,2.49,68.76,31.24,2.2,52.18,47.82,1.09,69232.2490114,324566.6052052,69232.2490114,324566.6052052,,,,,,,,
2023-06-21,0.001069,0.001469,0.001036,0.0013806,1922549837.0292,42759578,74835325,41162956,73301409,0.01,0.01,0.01,0.01,0.01,0.01,0.01,0.01,0.01,0.01,0.01,0.01,68.54,31.46,2.18,64.21,35.79,1.79,52.34,47.66,1.1,352779.1742319,963648.1041384,352779.1742319,963648.1041384,,,,,,,,
2023-06-22,0.0013807,0.0016944,0.0013611,0.0015433,3594440420.5649,73301409,103647938,72005073,90282969,0.01,0.01,0.01,0.01,0.01,0.01,-0.00014,0.009071,0.01,0.01,-0.000238,0.009099,45.3,54.7,0.83,46.31,53.69,0.86,52.3,47.7,1.1,621344.8766558,733210.9329333,621344.8766558,733210.9329333,,,,,,,,
2023-06-23,0.0015433,0.0017868,0.0014555,0.0016519,2342220525.2827,90282969,96448222,74599412,76230883,0.01,0.01,-0.008708,-0.000104,0.009071,0.01,-0.010235,0.003681,0.009099,0.01,-0.008387,0.002962,37.25,62.75,0.59,39.4,60.6,0.65,52.76,47.24,1.12,576042.9125158,678277.3228779,576042.9125158,678277.3228779,,,,,,,,
2023-06-24,0.001652,0.0017568,0.0014885,0.0015531,1372068180.0675,76230883,98739969,66008288,66403246,-0.000104,0.01,-0.021782,0.00563,0.003681,0.01,-0.010976,0.007165,0.002962,0.01,-0.011516,0.007048,42.35,57.65,0.74,41.5,58.5,0.71,51.88,48.12,1.08,250633.9733413,357179.1100997,250633.9733413,357179.1100997,,,,,,,,
2023-06-25,0.001553,0.0016772,0.0015217,0.0016044,904433121.4251,66403246,80010016,66403246,78425521,0.00563,0.01,-0.000342,0.01,0.007165,0.01,0.003074,0.01,0.007048,0.01,0.003082,0.01,49.22,50.78,0.97,49.54,50.46,0.98,50.19,49.81,1.01,240695.0397377,319873.7129462,240695.0397377,319873.7129462,,,,,,,,
2023-06-26,0.0016044,0.0016337,0.0014744,0.0015086,825347400.1867,78425521,80320246,69877139,70581925,0.01,0.01,0.01,0.01,0.01,0.01,0.01,0.01,0.01,0.01,0.01,0.01,46.74,53.26,0.88,45.01,54.99,0.82,50.97,49.03,1.04,289430.8833484,126073.1922237,289430.8833484,126073.1922237,,,,,,,,
2023-06-27,0.0015086,0.001675,0.0014904,0.001618,859236842.3082,70581925,94040196,70240834,76850861,0.01,0.01,0.01,0.01,0.01,0.01,0.002035,0.01,0.01,0.01,0.001142,0.01,53.58,46.42,1.15,51.39,48.61,1.06,50.34,49.66,1.01,99819.6582227,249132.2795224,99819.6582227,249132.2795224,,,,,,,,
2023-06-28,0.0016181,0.0016198,0.0013617,0.0014206,747151906.3737,76850861,76850861,56868973,60299126,0.01,0.01,0.009111,0.01,0.01,0.01,0.009419,0.01,0.01,0.01,0.009424,0.01,50.88,49.12,1.04,46.73,53.27,0.88,50.66,49.34,1.03,445975.8924326,71964.6432227,445975.8924326,71964.6432227,,,,,,,,
2023-06-29,0.0014207,0.00163,0.0014015,0.0015419,846556627.1984,60299126,82464250,60299126,74091156,0.01,0.01,0.01,0.01,0.01,0.01,0.01,0.01,0.01,0.01,0.01,0.01,54.06,45.94,1.18,52.63,47.37,1.11,51.13,48.87,1.05,63294.2003379,399127.2245222,63294.2003379,399127.2245222,,,,,,,,
2023-06-30,0.0015419,0.0017098,0.001438,0.0016215,1369550945.8284,74091156,89765239,62133016,68760591,0.01,0.053144,0.01,0.01,0.01,0.040201,0.01,0.01,0.01,0.038545,0.01,0.01,51.19,48.81,1.05,45.92,54.08,0.85,51.43,48.57,1.06,491925.6315946,588447.901725,491925.6315946,588447.901725,,,,,,,,
2023-07-01,0.0016215,0.0016363,0.0015157,0.0015552,387816647.0131,68760591,70120885,58062839,58856050,0.01,0.01,0.01,0.01,0.01,0.01,0.01,0.01,0.01,0.01,0.01,0.01,50.07,49.93,1.0,47.15,52.85,0.89,51.6,48.4,1.07,131453.1436592,5822.4864066,131453.1436592,5822.4864066,,,,,,,,
2023-07-02,0.0015551,0.0016155,0.0014813,0.0015842,380983794.9966,58856050,63027256,56150072,61730908,0.01,0.01,0.01,0.01,0.01,0.01,0.01,0.01,0.01,0.01,0.01,0.01,59.55,40.45,1.47,56.85,43.15,1.32,51.74,48.26,1.07,73871.973825,158002.1127895,73871.973825,158002.1127895,,,,,,,,
2023-07-03,0.0015844,0.0019,0.001558,0.0018343,1246580364.2569,61730908,95666813,59147305,93338065,0.01,0.01,0.01,0.01,0.01,0.01,0.01,0.01,0.01,0.01,0.01,0.01,56.47,43.53,1.3,52.82,47.18,1.12,51.83,48.17,1.08,129441.6472234,384188.5794541,129441.6472234,384188.5794541,,,,,,,,
2023-07-04,0.0018344,0.0018844,0.001688,0.0017125,782563537.8397,93338065,97181020,67235868,68315335,0.01,0.01,0.01,0.01,0.01,0.01,0.01,0.01,0.01,0.01,0.01,0.01,43.63,56.37,0.77,41.93,58.07,0.72,51.75,48.25,1.07,172717.5238307,62123.3835692,172717.5238307,62123.3835692,,,,,,,,
2023-07-05,0.0017124,0.0017705,0.0016038,0.0016512,550129258.611,68315335,71464737,59244327,61898681,0.01,0.01,-0.012416,0.004137,0.01,0.01,-0.004222,0.006305,0.01,0.01,-0.005442,0.005964,52.73,47.27,1.12,51.51,48.49,1.06,49.85,50.15,0.99,143131.5229023,70326.5312826,143131.5229023,70326.5312826,,,,,,,,
2023-07-06,0.0016512,0.0017836,0.0015322,0.0015395,829658504.0606,61898681,69076397,50559183,50701749,0.004137,0.01,-0.04236,-0.015418,0.006305,0.01,-0.065234,-0.010305,0.005964,0.01,-0.055649,-0.011248,59.6,40.4,1.48,55.58,44.42,1.25,48.95,51.05,0.96,346780.8105153,233255.8803147,346780.8105153,233255.8803147,,,,,,,,
2023-07-07,0.0015394,0.0016,0.0015035,0.0015638,477089772.2809,50701749,57180541,50140019,54201096,-0.015418,0.01,-0.034072,-0.011381,-0.010305,0.053131,-0.026266,-0.002957,-0.011248,0.040568,-0.026016,-0.004485,61.61,38.39,1.61,57.62,42.38,1.36,48.79,51.21,0.95,98339.3983211,47816.3582445,98339.3983211,47816.3582445,,,,,,,,
2023-07-08,0.0015638,0.0016,0.00151,0.0015518,231622550.1451,54201096,55412612,52594323,54052047,-0.011381,0.01,-0.019701,0.01,-0.002957,0.070674,-0.060414,0.01,-0.004485,0.058364,-0.044877,0.01,65.0,35.0,1.86,57.95,42.05,1.38,49.21,50.79,0.97,40773.8031696,50908.8822912,40773.8031696,50908.8822912,,,,,,,,
2023-07-09,0.0015517,0.0015896,0.0015252,0.0015438,208970516.1527,54052047,56596935,53241663,53348798,0.01,0.01,0.01,0.01,0.01,0.037658,-0.036453,0.01,0.01,0.030738,-0.025676,0.01,64.3,35.7,1.8,58.66,41.34,1.42,49.22,50.78,0.97,11576.4688946,45452.2741207,11576.4688946,45452.2741207,,,,,,,,
2023-07-10,0.0015438,0.00159,0.0014303,0.0015135,505980944.0657,53348798,54482606,48357656,48712328,0.01,0.01,-0.017671,0.01,0.01,0.034477,-0.040858,0.01,0.01,0.027309,-0.035357,0.01,63.64,36.36,1.75,57.85,42.15,1.37,49.66,50.34,0.99,316264.4607121,196961.5753104,316264.4607121,196961.5753104,,,,,,,,
2023-07-11,0.0015135,0.001534,0.001482,0.0015001,258555711.1815,48712328,51451626,47113192,50055063,0.01,0.01,-0.010914,0.01,0.01,0.048439,-0.041674,0.01,0.01,0.042424,-0.036903,0.01,62.28,37.72,1.65,57.23,42.77,1.34,51.09,48.91,1.05,43012.0242462,3893.1438288,43012.0242462,3893.1438288,,,,,,,,
2023-07-12,0.0015001,0.0015688,0.001483,0.0015056,313237336.368,50055063,52975385,48866305,50950205,0.01,0.01,0.01,0.01,0.01,0.063882,-0.061207,0.01,0.01,0.057348,-0.05307,0.01,64.6,35.4,1.83,58.84,41.16,1.43,50.79,49.21,1.03,64510.8540103,121495.8907555,64510.8540103,121495.8907555,,,,,,,,
2023-07-13,0.0015056,0.001769,0.0014605,0.0017128,729554150.0268,50950205,68520280,48156479,67549537,0.01,0.050893,-0.027911,0.042428,0.01,0.053935,-0.039246,0.037853,0.01,0.049225,-0.038157,0.03787,64.43,35.57,1.81,58.98,41.02,1.44,51.16,48.84,1.05,194352.6519085,484379.0084232,194352.6519085,484379.0084232,,,,,,,,
2023-07-14,0.0017126,0.0018887,0.0015441,0.0016398,1135563797.8496,67549537,93066731,60616567,62324119,0.042428,0.070258,0.002512,0.002512,0.037853,0.088481,-0.007829,0.005299,0.03787,0.086982,-0.007637,0.005106,53.0,47.0,1.13,48.3,51.7,0.93,52.0,48.0,1.08,380295.5336571,315291.461972,380295.5336571,315291.461972,,,,,,,,
2023-07-15,0.0016397,0.0017085,0.00161,0.0016438,390306020.7306,62324119,66108768,59322109,59432202,0.002512,0.01,-0.001558,0.01,0.005299,0.043244,-0.02652,0.01,0.005106,0.040337,-0.024771,0.01,57.49,42.51,1.35,55.13,44.87,1.23,53.59,46.41,1.16,20279.1034829,95513.2156776,20279.1034829,95513.2156776,,,,,,,,
2023-07-16,0.0016438,0.001666,0.001553,0.0015727,265707996.0194,59432202,60098343,52474369,52764633,0.01,0.01,0.01,0.01,0.01,0.037954,-0.028077,0.01,0.01,0.029257,-0.015525,0.01,57.77,42.23,1.37,54.3,45.7,1.19,53.34,46.66,1.14,136567.9687465,15431.9563373,136567.9687465,15431.9563373,,,,,,,,
2023-07-17,0.0015725,0.0016052,0.0015049,0.0015748,392284564.0282,52764633,52870785,48085170,51941941,0.01,0.01,-0.015721,0.01,0.01,0.01,-0.097789,0.01,0.01,0.01,-0.072067,0.01,63.6,36.4,1.75,59.6,40.4,1.48,53.65,46.35,1.16,213656.5022377,79226.7399054,213656.5022377,79226.7399054,,,,,,,,
2023-07-18,0.0015748,0.0015976,0.0014811,0.0015148,296318982.4947,51941941,52281264,49671581,50485903,0.01,0.01,-0.001687,0.01,0.01,0.012269,-0.052724,0.01,0.01,0.011816,-0.040574,0.01,64.31,35.69,1.8,59.65,40.35,1.48,51.5,48.5,1.06,92803.1126796,26375.6465032,92803.1126796,26375.6465032,,,,,,,,
2023-07-19,0.0015149,0.0015756,0.0015064,0.0015244,257600078.8114,50485903,52104605,48906596,49566758,0.01,0.01,0.01,0.01,0.01,0.044016,-0.060891,0.01,0.01,0.034814,-0.045004,0.01,63.93,36.07,1.77,59.91,40.09,1.49,52.1,47.9,1.09,14100.4233666,119496.5503285,14100.4233666,119496.5503285,,,,,,,,
2023-07-20,0.0015244,0.0015783,0.0014617,0.0015028,269578387.1857,49566758,54128757,49116639,50884412,0.01,0.01,-0.002795,0.007043,0.01,0.058036,-0.108674,0.008229,0.01,0.041974,-0.071203,0.007894,64.85,35.15,1.85,59.31,40.69,1.46,50.01,49.99,1.0,143456.6776703,56947.9914962,143456.6776703,56947.9914962,,,,,,,,
2023-07-21,0.0015029,0.0015472,0.0014849,0.001522,208860223.047,50884412,53745894,50161817,51091183,0.007043,0.01,-0.004211,0.01,0.008229,0.122801,-0.069139,0.01,0.007894,0.091882,-0.04755,0.01,69.22,30.78,2.25,64.18,35.82,1.79,51.87,48.13,1.08,20750.2958435,30828.5477494,20750.2958435,30828.5477494,,,,,,,,
2023-07-22,0.0015219,0.0015496,0.001472,0.00149,131683730.3635,51091183,52469330,48758826,49391833,0.01,0.01,0.01,0.01,0.01,0.02588,-0.065982,0.01,0.01,0.021861,-0.043506,0.01,67.68,32.32,2.09,63.38,36.62,1.73,52.23,47.77,1.09,105789.9178021,431.0063665,105789.9178021,431.0063665,,,,,,,,
2023-07-23,0.0014901,0.0015353,0.0014642,0.0015037,152783845.1896,49391833,53067956,49177291,50153903,0.01,0.01,-0.014705,0.01,0.01,0.049494,-0.023919,0.01,0.01,0.039066,-0.016546,0.01,70.14,29.86,2.35,66.05,33.95,1.95,52.2,47.8,1.09,67310.1358453,14966.4394222,67310.1358453,14966.4394222,,,,,,,,
2023-07-24,0.0015038,0.0015097,0.001263,0.0013465,336459130.0259,50153903,51155633,40234576,41185568,0.01,0.01,-0.051191,-0.028906,0.01,0.01,-0.064315,-0.034053,0.01,0.01,-0.056296,-0.033131,69.53,30.47,2.28,64.44,35.56,1.81,52.12,47.88,1.09,199811.0903301,12545.2974118,199811.0903301,12545.2974118,,,,,,,,
2023-07-25,0.0013465,0.0013566,0.0012833,0.0013053,234580326.1859,41185568,41524500,39502855,40735257,-0.028906,0.01,-0.02897,0.01,-0.034053,0.041949,-0.049788,0.01,-0.033131,0.036516,-0.037782,0.01,69.37,30.63,2.27,66.28,33.72,1.97,51.0,49.0,1.04,71372.7247467,9782.8541659,71372.7247467,9782.8541659,,,,,,,,
2023-07-26,0.0013054,0.0013876,0.0012198,0.0013318,421969411.9517,40735257,42440501,38159243,39147486,0.01,0.01,-0.019477,-0.015087,0.01,0.025958,-0.106025,-0.014017,0.01,0.024354,-0.094382,-0.014104,71.04,28.96,2.45,66.17,33.83,1.96,51.1,48.9,1.05,132763.1452187,199375.4679754,132763.1452187,199375.4679754,,,,,,,,
2023-07-27,0.0013319,0.0014444,0.00131,0.0013428,414852965.1003,39147486,47700172,38722850,42980234,-0.015087,0.01,-0.04124,-0.023694,-0.014017,0.048989,-0.039815,-0.011125,-0.014104,0.044466,-0.039642,-0.012878,66.9,33.1,2.02,62.43,37.57,1.66,52.39,47.61,1.1,204993.8545668,174215.6563993,204993.8545668,174215.6563993,,,,,,,,
2023-07-28,0.0013428,0.0013755,0.0012925,0.0013357,221839946.5436,42980234,44133285,40362882,40944939,-0.023694,0.01,-0.032168,0.007229,-0.011125,0.018531,-0.11506,0.002792,-0.012878,0.01809,-0.102376,0.002402,64.46,35.54,1.81,61.14,38.86,1.57,51.22,48.78,1.05,20144.0251804,38827.1614635,20144.0251804,38827.1614635,,,,,,,,
2023-07-29,0.0013357,0.0013547,0.0013197,0.0013464,99502777.6369,40944939,41888978,40174096,41314421,0.007229,0.01,-0.016964,-0.002534,0.002792,0.028466,-0.057631,0.000882,0.002402,0.030488,-0.060806,0.001006,67.2,32.8,2.05,63.43,36.57,1.73,49.81,50.19,0.99,14266.4140324,5382.5292923,14266.4140324,5382.5292923,,,,,,,,
2023-07-30,0.0013465,0.0013493,0.0012412,0.0012946,160552890.3336,41314421,43209804,38515479,39715006,-0.002534,0.01,-0.00715,-0.001989,0.000882,0.02987,-0.04843,0.002665,0.001006,0.031087,-0.049511,0.003239,69.39,30.61,2.27,65.53,34.47,1.9,49.66,50.34,0.99,131055.7290701,7608.5869319,131055.7290701,7608.5869319,,,,,,,,
2023-07-31,0.0012946,0.0013227,0.001203,0.0012378,209394155.3892,39715006,46625579,39590920,46204063,-0.001989,0.01,-0.055901,-0.043279,0.002665,0.058536,-0.069213,-0.028351,0.003239,0.063674,-0.077256,-0.027883,71.63,28.37,2.53,68.41,31.59,2.17,49.67,50.33,0.99,129761.5362542,4228.1212429,129761.5362542,4228.1212429,,,,,,,,
2023-08-01,0.0012378,0.0013081,0.001166,0.0013021,286106919.2883,46204063,46262348,39591829,44076145,-0.043279,0.01,-0.043279,0.000892,-0.028351,0.058436,-0.0342,0.004375,-0.027883,0.061526,-0.034096,0.004679,75.43,24.57,3.07,72.06,27.94,2.58,51.31,48.69,1.05,79676.4578288,160634.5423676,79676.4578288,160634.5423676,,,,,,,,
2023-08-02,0.0013022,0.00132,0.001201,0.0012185,285803045.613,44076145,44808761,38695171,39054257,0.000892,0.01,-0.013266,0.004019,0.004375,0.109787,-0.006535,0.006466,0.004679,0.111795,-0.006122,0.006621,73.65,26.35,2.8,69.06,30.94,2.23,50.65,49.35,1.03,160268.5513147,22529.4155174,160268.5513147,22529.4155174,,,,,,,,
2023-08-03,0.0012184,0.0012334,0.00119,0.0011981,162216506.3107,39054257,42323469,39043431,41975277,0.004019,0.01,-0.011174,0.004895,0.006466,0.076695,-0.043838,0.006845,0.006621,0.081204,-0.048342,0.006994,74.27,25.73,2.89,72.05,27.95,2.58,51.6,48.4,1.07,100189.6936776,12329.7182565,100189.6936776,12329.7182565,,,,,,,,
2023-08-04,0.0011981,0.0012241,0.0011103,0.001154,192759264.0302,41975277,43828654,39256796,41085264,0.004895,0.01,-0.011879,-0.006624,0.006845,0.052278,-0.025469,-0.00065,0.006994,0.053907,-0.027544,-0.000056,77.45,22.55,3.44,73.36,26.64,2.75,50.05,49.95,1.0,146827.6826483,11792.4522797,146827.6826483,11792.4522797,,,,,,,,
2023-08-05,0.001154,0.001174,0.0011241,0.0011528,153747448.1987,41085264,44327630,40317405,42497520,-0.006624,0.01,-0.022873,0.01,-0.00065,0.035638,-0.043239,0.01,-0.000056,0.039602,-0.0468,0.01,78.42,21.58,3.63,74.96,25.04,2.99,51.33,48.67,1.06,93272.9816962,24657.447218,93272.9816962,24657.447218,,,,,,,,
2023-08-06,0.0011529,0.0011783,0.001127,0.0011568,134732982.7383,42497520,44032285,40981239,41464476,0.01,0.01,0.01,0.01,0.01,0.025243,-0.10204,0.01,0.01,0.025593,-0.103152,0.01,78.51,21.49,3.65,74.46,25.54,2.92,51.48,48.52,1.06,31883.9771483,44692.2881479,31883.9771483,44692.2881479,,,,,,,,
2023-08-07,0.0011567,0.0011979,0.001053,0.0011161,249463968.548,41464476,43844759,36988783,38523958,0.01,0.011552,-0.012889,0.01,0.01,0.05676,-0.011722,0.01,0.01,0.058708,-0.011576,0.01,76.98,23.02,3.34,73.67,26.33,2.8,51.75,48.25,1.07,176323.2057913,69682.7073044,176323.2057913,69682.7073044,,,,,,,,
2023-08-08,0.001116,0.0012339,0.0010987,0.0011754,425327428.236,38523958,46191923,37894067,40617605,0.01,0.01,0.01,0.01,0.01,0.086517,-0.023115,0.01,0.01,0.097998,-0.025941,0.01,79.56,20.44,3.89,76.09,23.91,3.18,51.79,48.21,1.07,42054.1971492,279598.9772181,42054.1971492,279598.9772181,,,,,,,,
2023-08-09,0.0011753,0.0012872,0.0011724,0.0012309,605911785.2067,40617605,60156372,40617605,48980853,0.01,0.01,0.005691,0.01,0.01,0.070236,-0.090122,0.01,0.01,0.071054,-0.090369,0.01,69.31,30.69,2.26,68.1,31.9,2.14,52.35,47.65,1.1,142644.4729676,148081.3371421,142644.4729676,148081.3371421,,,,,,,,
2023-08-10,0.001231,0.001267,0.001214,0.0012331,258448934.6122,48980853,49693292,45560532,46534229,0.01,0.01,-0.008637,-0.006588,0.01,0.019164,-0.01951,-0.005884,0.01,0.019654,-0.02032,-0.005873,66.92,33.08,2.02,65.24,34.76,1.88,51.83,48.17,1.08,71802.7281158,28747.4568299,71802.7281158,28747.4568299,,,,,,,,
2023-08-11,0.0012329,0.0012694,0.0012164,0.0012459,193022849.9483,46534229,48218770,44026681,44442690,-0.006588,0.01,-0.007953,0.01,-0.005884,0.01,-0.079,0.01,-0.005873,0.01,-0.080059,0.01,67.09,32.91,2.04,65.3,34.7,1.88,51.88,48.12,1.08,21595.4797824,52439.8663554,21595.4797824,52439.8663554,,,,,,,,
2023-08-12,0.0012458,0.0013685,0.001244,0.0013522,396386745.0535,44442690,60093589,44013422,57895813,0.01,0.01,0.01,0.01,0.01,0.073455,-0.042213,0.01,0.01,0.073194,-0.040079,0.01,68.19,31.81,2.14,66.62,33.38,2.0,51.09,48.91,1.05,34077.1663671,254699.1550401,34077.1663671,254699.1550401,,,,,,,,
2023-08-13,0.0013521,0.00143,0.0013256,0.0013648,351890359.3156,57895813,66753032,56783624,60212097,0.01,0.01,0.01,0.01,0.01,0.102458,-0.129895,0.01,0.01,0.109086,-0.113695,0.01,57.36,42.64,1.35,56.15,43.85,1.28,51.26,48.74,1.05,77085.8521716,196522.7584079,77085.8521716,196522.7584079,,,,,,,,
2023-08-14,0.0013648,0.0014666,0.0013229,0.0014048,422839099.4793,60212097,68818367,56364816,58611764,0.01,0.01,0.01,0.01,0.01,0.070295,-0.042679,0.01,0.01,0.076623,-0.050386,0.01,56.57,43.43,1.3,55.81,44.19,1.26,51.31,48.69,1.05,202254.296118,128212.3540275,202254.296118,128212.3540275,,,,,,,,
2023-08-15,0.0014048,0.0014134,0.0012201,0.0012677,319464791.5816,58611764,58968636,44637539,44748929,0.01,0.01,0.01,0.01,0.01,0.055526,-0.017129,0.01,0.01,0.059177,-0.019438,0.01,58.46,41.54,1.41,56.01,43.99,1.27,51.66,48.34,1.07,372316.5048144,17892.6168622,372316.5048144,17892.6168622,,,,,,,,
2023-08-16,0.0012678,0.0012769,0.0011317,0.0011651,352328384.5087,44748929,45130123,36242256,36508223,0.01,0.01,0.007342,0.009924,0.01,0.041464,-0.066045,0.009954,0.01,0.045111,-0.071678,0.009956,66.0,34.0,1.94,64.78,35.22,1.84,51.83,48.17,1.08,216332.8063412,10565.6654996,216332.8063412,10565.6654996,,,,,,,,
2023-08-17,0.0011653,0.0012275,0.0009325,0.0010795,492285243.4003,36508223,39012009,27820957,29625196,0.009924,0.03387,-0.028585,-0.028585,0.009954,0.051635,-0.067344,-0.020068,0.009956,0.054321,-0.071193,-0.018764,70.32,29.68,2.37,68.19,31.81,2.14,52.27,47.73,1.1,471597.6917241,124058.0517404,471597.6917241,124058.0517404,,,,,,,,
2023-08-18,0.0010795,0.0011257,0.0010457,0.0010892,294286438.5147,29625196,32736099,29325277,31815299,-0.028585,0.01,-0.046918,-0.00669,-0.020068,0.047559,-0.075004,-0.008664,-0.018764,0.04737,-0.078452,-0.008695,68.9,31.1,2.22,65.74,34.26,1.92,52.42,47.58,1.1,72671.4548252,89485.1901568,72671.4548252,89485.1901568,,,,,,,,
2023-08-19,0.0010892,0.0011473,0.0010842,0.0011344,177857848.7663,31815299,33742849,31046370,33037855,-0.00669,0.01,-0.062654,-0.01,-0.008664,0.061228,-0.088077,-0.017847,-0.008695,0.062261,-0.08646,-0.016972,70.16,29.84,2.35,66.16,33.84,1.96,52.21,47.79,1.09,16279.3075952,80231.2332403,16279.3075952,80231.2332403,,,,,,,,
2023-08-20,0.0011344,0.001151,0.0011007,0.0011173,121767089.8574,33037855,33570187,31630681,31685190,-0.01,0.01,-0.010932,0.01,-0.017847,0.060658,-0.017847,0.01,-0.016972,0.054186,-0.016972,0.01,70.63,29.37,2.41,65.96,34.04,1.94,51.45,48.55,1.06,14961.9454062,26402.3432736,14961.9454062,26402.3432736,,,,,,,,
2023-08-21,0.0011173,0.0011292,0.0010391,0.0010858,194511679.8327,31685190,32877029,27304208,28561200,0.01,0.01,-0.013162,-0.00656,0.01,0.023247,-0.038962,-0.010266,0.01,0.021509,-0.031556,-0.010112,70.45,29.55,2.38,66.92,33.08,2.02,51.42,48.58,1.06,64791.9813758,28135.7467345,64791.9813758,28135.7467345,,,,,,,,
2023-08-22,0.0010857,0.0010913,0.00098,0.0010723,218695730.9953,28561200,29467799,26677885,29178410,-0.00656,0.01,-0.021035,-0.002112,-0.010266,0.055215,-0.041075,-0.008004,-0.010112,0.051001,-0.036157,-0.007699,68.69,31.31,2.19,66.45,33.55,1.98,50.62,49.38,1.03,222493.0012868,37166.5170519,222493.0012868,37166.5170519,,,,,,,,
2023-08-23,0.0010722,0.0011288,0.001045,0.0011041,225329646.0715,29178410,31821208,27645729,29797321,-0.002112,0.01,-0.002202,0.009257,-0.008004,0.114971,-0.038098,0.005233,-0.007699,0.102428,-0.035379,0.00554,71.27,28.73,2.48,67.81,32.19,2.11,51.63,48.37,1.07,15460.9691022,79675.6633994,15460.9691022,79675.6633994,,,,,,,,
2023-08-24,0.0011043,0.0011094,0.0009141,0.0009415,418659651.0483,29797321,41412437,27830182,41334355,0.009257,0.01,-0.047907,-0.047907,0.005233,0.079841,-0.040215,-0.040215,0.00554,0.07565,-0.041776,-0.041776,69.73,30.27,2.3,66.33,33.67,1.97,52.64,47.36,1.11,226566.2629975,53116.0302435,226566.2629975,53116.0302435,,,,,,,,
2023-08-25,0.0009416,0.0009418,0.000776,0.0008818,1081534971.3562,41334355,47619347,37321919,44452047,-0.047907,-0.034966,-0.213884,-0.043197,-0.040215,-0.02516,-0.210156,-0.040084,-0.041776,-0.027449,-0.216332,-0.042851,73.9,26.1,2.83,71.48,28.52,2.51,54.55,45.45,1.2,327679.8360084,203139.891978,327679.8360084,203139.891978,,,,,,,,
2023-08-26,0.0008817,0.0009669,0.0008519,0.0008669,627688390.5834,44452047,52973023,43866909,51857709,-0.043197,-0.017727,-0.09697,-0.04831,-0.040084,0.022754,-0.126878,-0.040674,-0.042851,0.014628,-0.124866,-0.042643,72.11,27.89,2.59,68.86,31.14,2.21,49.34,50.66,0.97,101920.1862344,80613.9216839,101920.1862344,80613.9216839,,,,,,,,
2023-08-27,0.0008668,0.0009192,0.0008638,0.0008956,311780340.8392,51857709,52983829,47152351,47397815,-0.04831,0.01,-0.067582,0.01,-0.040674,0.009967,-0.093936,0.009875,-0.042643,0.009976,-0.092052,0.009975,70.43,29.57,2.38,67.02,32.98,2.03,48.49,51.51,0.94,13746.0237704,59451.7523599,13746.0237704,59451.7523599,,,,,,,,
2023-08-28,0.0008956,0.0009051,0.0008323,0.0008577,284916870.7645,47397815,47548270,39198942,40197674,0.01,0.01,-0.032178,-0.023852,0.009875,0.029056,-0.144789,-0.017606,0.009975,0.026534,-0.123233,-0.01872,71.06,28.94,2.46,66.36,33.64,1.97,48.79,51.21,0.95,60182.2210746,31756.3132578,60182.2210746,31756.3132578,,,,,,,,
2023-08-29,0.0008576,0.0009114,0.0008092,0.0008951,506097016.2491,40197674,44503142,37216819,37438222,-0.023852,0.01,-0.050449,0.01,-0.017606,0.017604,-0.11125,0.009689,-0.01872,0.014748,-0.10181,0.009969,73.49,26.51,2.77,70.03,29.97,2.34,50.8,49.2,1.03,195298.7541104,244854.8068889,195298.7541104,244854.8068889,,,,,,,,
2023-08-30,0.0008951,0.0009014,0.000854,0.0008672,195763764.1408,37438222,37473668,33563982,34047479,0.01,0.01,0.01,0.01,0.009689,0.01191,-0.048819,0.009828,0.009969,0.01196,-0.044533,0.009964,69.16,30.84,2.24,65.31,34.69,1.88,50.46,49.54,1.02,70748.3628939,18050.637123,70748.3628939,18050.637123,,,,,,,,
2023-08-31,0.0008672,0.0008778,0.000788,0.0008033,260747784.1913,34047479,34111749,30104589,33549279,0.01,0.01,-0.043207,-0.039669,0.009828,0.114026,-0.096332,-0.034852,0.009964,0.117616,-0.10151,-0.035866,69.16,30.84,2.24,65.31,34.69,1.88,50.46,49.54,1.02,293635.680016,4382.0368578,293635.680016,4382.0368578,,,,,,,,
2023-09-01,0.0008033,0.0008262,0.0007537,0.0007746,243604949.2059,33549279,33763829,28925743,30600948,-0.039669,0.01,-0.048131,-0.020579,-0.034852,0.043043,-0.156535,-0.011967,-0.035866,0.045938,-0.16497,-0.012147,75.42,24.58,3.07,71.87,28.13,2.56,51.32,48.68,1.05,429667.7463404,32075.260197,429667.7463404,32075.260197,,,,,,,,
2023-09-02,0.0007747,0.0007976,0.00076,0.0007838,125654056.236,30600948,32078818,29784858,30345109,-0.020579,0.01,-0.023038,0.00839,-0.011967,0.025737,-0.074458,0.008811,-0.012147,0.027385,-0.077528,0.008904,75.72,24.28,3.12,71.55,28.45,2.52,49.4,50.6,0.98,111188.5325427,19098.2231651,111188.5325427,19098.2231651,,,,,,,,
2023-09-03,0.0007839,0.0008083,0.0007707,0.0008022,103331111.3987,30345109,30908725,27973022,28034206,0.00839,0.01,-0.009501,0.01,0.008811,0.064577,-0.110164,0.009514,0.008904,0.067668,-0.114878,0.009831,76.21,23.79,3.2,71.98,28.02,2.57,50.15,49.85,1.01,24642.8539721,11534.3816149,24642.8539721,11534.3816149,,,,,,,,
2023-09-04,0.0008023,0.0008284,0.000781,0.0007976,148256528.8172,28034206,28602929,26109386,26670249,0.01,0.01,0.006425,0.01,0.009514,0.142908,-0.060509,0.009799,0.009831,0.135857,-0.052863,0.009955,75.55,24.45,3.09,71.04,28.96,2.45,50.41,49.59,1.02,66486.6459683,22589.2504929,66486.6459683,22589.2504929,,,,,,,,
2023-09-05,0.0007977,0.00082,0.0007831,0.0008028,118908311.3023,26670249,28149831,25660110,26186854,0.01,0.01,0.006575,0.007198,0.009799,0.032612,-0.02989,0.008193,0.009955,0.029723,-0.028304,0.008066,76.75,23.25,3.3,72.22,27.78,2.6,50.87,49.13,1.04,25113.7328284,29941.6765513,25113.7328284,29941.6765513,,,,,,,,
2023-09-06,0.0008029,0.0008112,0.000768,0.000796,118065888.7721,26186854,27910989,26154437,27333991,0.007198,0.01,-0.008671,0.01,0.008193,0.009835,-0.194167,0.009818,0.008066,0.00995,-0.167498,0.009948,77.07,22.93,3.36,73.2,26.8,2.73,50.74,49.26,1.03,31949.2412834,38492.9686063,31949.2412834,38492.9686063,,,,,,,,
2023-09-07,0.0007959,0.0008153,0.0007843,0.0008082,94670311.7348,27333991,29124114,27158409,28712250,0.01,0.01,-0.001669,0.01,0.009818,0.041306,-0.092764,0.009844,0.009948,0.040995,-0.090162,0.00994,77.33,22.67,3.41,73.58,26.42,2.79,51.55,48.45,1.06,83451.1535688,75425.7527013,83451.1535688,75425.7527013,,,,,,,,
2023-09-08,0.0008083,0.0008156,0.0007713,0.0007965,94694638.3037,28712250,29669887,26953991,28412029,0.01,0.01,0.001148,0.01,0.009844,0.076377,-0.045465,0.004333,0.00994,0.072281,-0.043651,0.004752,76.65,23.35,3.28,73.3,26.7,2.75,51.36,48.64,1.06,64661.1090315,90120.1934334,64661.1090315,90120.1934334,,,,,,,,
2023-09-09,0.0007965,0.0007982,0.0007818,0.0007857,49096130.6033,28412029,28825570,27690374,28704936,0.01,0.035532,-0.010787,0.01,0.004333,0.124443,-0.054987,0.017552,0.004752,0.106338,-0.050745,0.016079,78.82,21.18,3.72,74.94,25.06,2.99,51.68,48.32,1.07,15900.8332309,73.6084195,15900.8332309,73.6084195,,,,,,,,
2023-09-10,0.0007857,0.000786,0.0006861,0.0007069,186646076.3833,28704936,28704936,23829351,25164479,0.01,0.010877,-0.074066,-0.001167,0.017552,0.07197,-0.163127,-0.013095,0.016079,0.062296,-0.147706,-0.01201,78.13,21.87,3.57,74.12,25.88,2.86,51.01,48.99,1.04,167049.5773513,9058.9705333,167049.5773513,9058.9705333,,,,,,,,
2023-09-11,0.0007069,0.0007101,0.0006428,0.0006688,223192567.0599,25164479,25668516,23987785,24768019,-0.001167,0.01,-0.050201,0.01,-0.013095,0.088303,-0.107522,0.007284,-0.01201,0.078619,-0.101322,0.007687,75.02,24.98,3.0,72.3,27.7,2.61,52.05,47.95,1.09,200310.3547494,16157.6888902,200310.3547494,16157.6888902,,,,,,,,
2023-09-12,0.0006688,0.0007095,0.0006616,0.0006714,164455300.1301,24768019,24785419,22132819,22396895,0.01,0.01,-0.021413,-0.021395,0.007284,0.095979,-0.088115,-0.015575,0.007687,0.090183,-0.085315,-0.016058,73.12,26.88,2.72,70.43,29.57,2.38,51.38,48.62,1.06,70467.4461714,99360.1177266,70467.4461714,99360.1177266,,,,,,,,
2023-09-13,0.0006714,0.0007004,0.0006527,0.000674,129963654.5979,22396895,23935922,22158172,23637681,-0.021395,0.01,-0.023907,0.000126,-0.015575,0.009995,-0.081418,-0.006404,-0.016058,0.009999,-0.080998,-0.003252,74.27,25.73,2.89,70.49,29.51,2.39,51.81,48.19,1.08,67500.707921,12582.6498204,67500.707921,12582.6498204,,,,,,,,
2023-09-14,0.0006739,0.0006967,0.000669,0.0006828,99429376.0843,23637681,24637673,22922441,23293260,0.000126,0.01,-0.034341,-0.007782,-0.006404,0.065168,-0.128174,-0.013349,-0.003252,0.058091,-0.099673,-0.012757,75.56,24.44,3.09,71.3,28.7,2.48,51.92,48.08,1.08,9475.5924836,24782.6045748,9475.5924836,24782.6045748,,,,,,,,
2023-09-15,0.0006829,0.0006877,0.0006535,0.0006839,98713006.5198,23293260,24337753,22641107,24162841,-0.007782,0.01,-0.013417,0.01,-0.013349,0.156285,-0.125656,0.009996,-0.012757,0.129524,-0.103665,0.009999,75.95,24.05,3.16,72.47,27.53,2.63,51.64,48.36,1.07,48083.0966876,17792.2611093,48083.0966876,17792.2611093,,,,,,,,
2023-09-16,0.0006838,0.0007084,0.0006703,0.0006756,85285450.39,24162841,25786820,23867775,24151372,0.01,0.01,-0.039473,0.002967,0.009996,0.106117,-0.127572,0.001632,0.009999,0.093264,-0.109811,0.001805,77.68,22.32,3.48,74.86,25.14,2.98,51.77,48.23,1.07,67920.4278031,28733.0409965,67920.4278031,28733.0409965,,,,,,,,
2023-09-17,0.0006756,0.0006761,0.0005929,0.000627,126539101.8226,24151372,24238226,21295672,21567998,0.002967,0.01,-0.03508,-0.025832,0.001632,0.163545,-0.080637,-0.023119,0.001805,0.140672,-0.071497,-0.024364,78.72,21.28,3.7,76.13,23.87,3.19,52.59,47.41,1.11,173781.1228244,1909.1001191,173781.1228244,1909.1001191,,,,,,,,
2023-09-18,0.0006271,0.0006498,0.0006161,0.0006264,133412694.6518,21567998,23662208,21184343,21268466,-0.025832,0.01,-0.049781,-0.009528,-0.023119,0.016912,-0.080426,-0.006339,-0.024364,0.016039,-0.073042,-0.006492,75.51,24.49,3.08,72.63,27.37,2.65,52.08,47.92,1.09,46667.9104477,73144.9743891,46667.9104477,73144.9743891,,,,,,,,
2023-09-19,0.0006263,0.0006494,0.0006237,0.0006424,89310848.1311,21268466,23040806,21260125,22888840,-0.009528,0.01,-0.038447,0.01,-0.006339,0.036244,-0.178528,0.009375,-0.006492,0.033345,-0.167804,0.009797,74.01,25.99,2.85,69.96,30.04,2.33,50.99,49.01,1.04,12822.8296848,7303.1216495,12822.8296848,7303.1216495,,,,,,,,
2023-09-20,0.0006425,0.0006477,0.00061,0.0006283,100533428.6123,22888840,23893406,22119705,23812593,0.01,0.010583,-0.037735,0.010583,0.009375,0.134174,-0.125144,0.014667,0.009797,0.134062,-0.117573,0.015635,73.84,26.16,2.82,71.71,28.29,2.54,52.77,47.23,1.12,88787.5368904,3519.4991057,88787.5368904,3519.4991057,,,,,,,,
2023-09-21,0.0006283,0.0006389,0.0006014,0.0006115,94897714.1691,23812593,24379800,22822985,23421356,0.010583,0.024728,-0.043221,-0.006418,0.014667,0.078535,-0.113766,-0.013416,0.015635,0.085702,-0.116714,-0.014118,76.88,23.12,3.33,73.89,26.11,2.83,51.9,48.1,1.08,69396.8399049,16354.333501,69396.8399049,16354.333501,,,,,,,,
2023-09-22,0.0006114,0.0007337,0.0006044,0.0007144,469019982.7276,23421356,39012210,23124391,37381728,-0.006418,0.011852,-0.021046,0.01,-0.013416,0.123664,-0.198673,0.007937,-0.014118,0.130247,-0.202892,0.008901,77.27,22.73,3.4,74.28,25.72,2.89,53.08,46.92,1.13,59382.5259967,269693.0894567,59382.5259967,269693.0894567,,,,,,,,
2023-09-23,0.0007144,0.0007422,0.0006608,0.0006774,369671360.7405,37381728,39677184,32684502,33006686,0.01,0.027955,0.01,0.027955,0.007937,0.076563,-0.03998,0.028454,0.008901,0.073363,-0.041041,0.030216,61.35,38.65,1.59,59.64,40.36,1.48,50.54,49.46,1.02,168714.2553404,30553.43218,168714.2553404,30553.43218,,,,,,,,
2023-09-24,0.0006774,0.0006941,0.000655,0.0006758,152010535.4399,33006686,33569407,30826393,30918898,0.027955,0.030546,0.01,0.01,0.028454,0.167715,-0.017255,0.010005,0.030216,0.154234,-0.012135,0.010001,67.53,32.47,2.08,68.16,31.84,2.14,52.15,47.85,1.09,49111.1066431,38368.937963,49111.1066431,38368.937963,,,,,,,,
2023-09-25,0.0006759,0.0007196,0.000662,0.0007104,259982294.9681,30918898,37013400,30314020,36674465,0.01,0.01,0.01,0.01,0.010005,0.063437,-0.061511,0.003234,0.010001,0.059603,-0.057105,0.004063,68.82,31.18,2.21,68.04,31.96,2.13,51.86,48.14,1.08,101380.3878022,101724.3845624,101380.3878022,101724.3845624,,,,,,,,
2023-09-26,0.0007104,0.0007262,0.000682,0.0006949,156514305.259,36674465,38783963,31988975,32109381,0.01,0.01,0.002407,0.01,0.003234,0.03449,-0.115528,0.009359,0.004063,0.031615,-0.100281,0.009209,69.66,30.34,2.3,68.1,31.9,2.14,52.18,47.82,1.09,39527.2950917,16209.0812455,39527.2950917,16209.0812455,,,,,,,,
2023-09-27,0.0006949,0.000768,0.0006939,0.0007354,250851625.0919,32109381,37733767,32071123,35908854,0.01,0.02154,0.01,0.01,0.009359,0.093075,-0.06937,0.009259,0.009209,0.091297,-0.0615,0.009867,72.67,27.33,2.66,72.39,27.61,2.62,53.33,46.67,1.14,95586.1366401,292642.9885228,95586.1366401,292642.9885228,,,,,,,,
2023-09-28,0.0007353,0.0007544,0.0007059,0.0007335,167487389.3278,35908854,37261744,31555196,31936151,0.01,0.01,-0.002121,0.01,0.009259,0.060447,-0.055707,0.009421,0.009867,0.060764,-0.061836,0.009874,68.38,31.62,2.16,66.19,33.81,1.96,52.64,47.36,1.11,53388.7987604,38052.7972254,53388.7987604,38052.7972254,,,,,,,,
2023-09-29,0.0007335,0.0008258,0.0007252,0.0007909,382680371.1431,31936151,41455590,31202818,37178833,0.01,0.01,0.01,0.01,0.009421,0.099477,-0.053646,0.010007,0.009874,0.104701,-0.044435,0.010001,70.62,29.38,2.4,69.01,30.99,2.23,52.88,47.12,1.12,97964.1818759,227962.8867509,97964.1818759,227962.8867509,,,,,,,,
2023-09-30,0.0007908,0.00082,0.000753,0.000798,231534862.0804,37178833,37546902,31924992,35607272,0.01,0.01,-0.00113,0.01,0.010007,0.119603,-0.056137,0.009996,0.010001,0.107362,-0.047626,0.009999,63.74,36.26,1.76,63.65,36.35,1.75,52.66,47.34,1.11,23792.8360045,148582.2966079,23792.8360045,148582.2966079,,,,,,,,
2023-10-01,0.0007981,0.00083,0.000771,0.0008143,176791266.3615,35607272,36004879,32912196,33387859,0.01,0.01,0.01,0.01,0.009996,0.016427,-0.087052,0.010005,0.009999,0.015843,-0.080624,0.010001,66.91,33.09,2.02,66.27,33.73,1.97,53.39,46.61,1.15,115169.2107128,81902.4023963,115169.2107128,81902.4023963,,,,,,,,
2023-10-02,0.0008143,0.0008459,0.0006846,0.0007428,259050202.0957,33387859,35231252,26483636,26938269,0.01,0.01,-0.03209,-0.03209,0.010005,0.025729,-0.226628,-0.027044,0.010001,0.025648,-0.209727,-0.028747,67.92,32.08,2.12,66.85,33.15,2.02,53.84,46.16,1.17,222358.9719885,30185.0445675,222358.9719885,30185.0445675,,,,,,,,
2023-10-03,0.0007428,0.0007483,0.0007146,0.0007224,130106184.1916,26938269,28147733,25523989,25524300,-0.03209,0.01,-0.044178,0.004126,-0.027044,0.12002,-0.172173,0.004085,-0.028747,0.119333,-0.164171,0.003871,71.18,28.82,2.47,71.18,28.82,2.47,52.69,47.31,1.11,57601.1655773,7054.8813016,57601.1655773,7054.8813016,,,,,,,,
2023-10-04,0.0007224,0.0007248,0.0006868,0.0007176,116716404.6677,25524300,25524300,23684598,25014842,0.004126,0.01,-0.035731,0.01,0.004085,0.037364,-0.182579,-0.000605,0.003871,0.035639,-0.16752,0.000042,70.99,29.01,2.45,69.33,30.67,2.26,51.26,48.74,1.05,118443.0900863,9011.0778967,118443.0900863,9011.0778967,,,,,,,,
2023-10-05,0.0007176,0.000734,0.0006966,0.000701,114905948.605,25014842,26942485,24158955,24165087,0.01,0.01,-0.051694,0.01,-0.000605,0.091298,-0.184193,0.009995,0.000042,0.086851,-0.165875,0.009999,73.31,26.69,2.75,70.67,29.33,2.41,51.92,48.08,1.08,43204.4649668,8483.532924,43204.4649668,8483.532924,,,,,,,,
2023-10-06,0.000701,0.0007297,0.0006802,0.0007241,101130867.3754,24165087,24948265,24060395,24310261,0.01,0.01,-0.025876,-0.018415,0.009995,0.021079,-0.105882,-0.021899,0.009999,0.019776,-0.100584,-0.023443,73.61,26.39,2.79,71.01,28.99,2.45,52.11,47.89,1.09,61887.090918,53677.1638322,61887.090918,53677.1638322,,,,,,,,
2023-10-07,0.0007242,0.0007307,0.0006955,0.000708,62753115.9016,24310261,24516537,23181410,23627546,-0.018415,0.01,-0.022893,-0.00113,-0.021899,0.106421,-0.030335,-0.007754,-0.023443,0.103541,-0.031291,-0.007266,73.46,26.54,2.77,71.17,28.83,2.47,52.39,47.61,1.1,18179.0313257,761.5913974,18179.0313257,761.5913974,,,,,,,,
2023-10-08,0.000708,0.0007218,0.00069,0.0007155,80883392.9263,23627546,24737349,23138988,23878573,-0.00113,0.01,-0.029078,0.003557,-0.007754,0.017849,-0.120952,-0.005428,-0.007266,0.013133,-0.096017,-0.003553,74.07,25.93,2.86,71.63,28.37,2.53,52.7,47.3,1.11,10031.2785252,17870.6688837,10031.2785252,17870.6688837,,,,,,,,
2023-10-09,0.0007155,0.00072,0.0006338,0.0006649,120554099.9838,23878573,23954180,20289975,20829815,0.003557,0.020352,-0.054781,-0.022878,-0.005428,0.13398,-0.051612,-0.023444,-0.003553,0.107511,-0.052009,-0.023266,74.61,25.39,2.94,72.36,27.64,2.62,52.43,47.57,1.1,269954.5749417,14964.4669316,269954.5749417,14964.4669316,,,,,,,,
2023-10-10,0.0006649,0.0006707,0.000635,0.0006452,63741952.7563,20829815,21050817,19990062,20410698,-0.022878,0.01,-0.03297,0.01,-0.023444,0.018688,-0.132154,0.009349,-0.023266,0.01866,-0.136501,0.009282,75.62,24.38,3.1,73.2,26.8,2.73,52.08,47.92,1.09,35615.5002585,792.4842505,35615.5002585,792.4842505,,,,,,,,
2023-10-11,0.0006452,0.0006557,0.0006237,0.0006354,84923498.4339,20410698,21830675,19871599,21580195,0.01,0.01,-0.043456,0.004972,0.009349,0.077955,-0.075586,0.006988,0.009282,0.083893,-0.083691,0.007085,76.09,23.91,3.18,73.42,26.58,2.76,51.44,48.56,1.06,84177.2392954,23323.9145947,84177.2392954,23323.9145947,,,,,,,,
2023-10-12,0.0006355,0.0006387,0.0006122,0.0006256,69295830.7467,21580195,21800198,20733337,21564648,0.004972,0.01,-0.003435,0.01,0.006988,0.010014,-0.007618,0.010006,0.007085,0.010005,-0.011053,0.010002,77.36,22.64,3.42,74.5,25.5,2.92,51.42,48.58,1.06,26802.3183466,13492.174295,26802.3183466,13492.174295,,,,,,,,
2023-10-13,0.0006255,0.0006646,0.0006234,0.0006455,112445839.9374,21564648,25129933,21331198,22396105,0.01,0.01,-0.01886,0.007323,0.010006,0.010006,-0.018203,0.006406,0.010002,0.010002,-0.019079,0.00639,76.96,23.04,3.34,73.9,26.1,2.83,52.41,47.59,1.1,71771.1635361,97322.0936825,71771.1635361,97322.0936825,,,,,,,,
2023-10-14,0.0006456,0.0006547,0.0006406,0.0006449,48052298.0946,22396105,23046988,22038827,22355804,0.007323,0.01,-0.010903,0.000783,0.006406,0.009995,-0.010724,0.00431,0.00639,0.009999,-0.009894,0.004024,76.87,23.13,3.32,73.28,26.72,2.74,52.16,47.84,1.09,10123.6352454,0,10123.6352454,0.0,,,,,,,,
2023-10-15,0.000645,0.000685,0.0006339,0.0006656,128038146.8652,22355804,24150977,21498927,22385783,0.000783,0.01,-0.011038,0.01,0.00431,0.009995,-0.012705,0.009019,0.004024,0.009999,-0.013664,0.009027,76.91,23.09,3.33,74.43,25.57,2.91,53.09,46.91,1.13,77948.704632,122204.8289604,77948.704632,122204.8289604,,,,,,,,
2023-10-16,0.0006655,0.0007255,0.0006615,0.0006733,156835455.4711,22385783,25627201,21930817,22088211,0.01,0.01,0.006534,0.01,0.009019,0.011036,0.001951,0.009994,0.009027,0.010211,0.001986,0.009999,75.72,24.28,3.12,72.66,27.34,2.66,52.75,47.25,1.12,72102.3553115,193976.0036442,72102.3553115,193976.0036442,,,,,,,,
2023-10-17,0.0006733,0.0006793,0.0006302,0.0006351,89465702.6307,22088211,22371061,19849049,20657741,0.01,0.01,-0.021,-0.019269,0.009994,0.009995,-0.012358,-0.010321,0.009999,0.009999,-0.01259,-0.009087,77.16,22.84,3.38,74.44,25.56,2.91,53.3,46.7,1.14,85534.7291184,1566.8547382,85534.7291184,1566.8547382,,,,,,,,
2023-10-18,0.0006351,0.0006455,0.0006216,0.0006307,73202461.2873,20657741,21526928,20219424,20226260,-0.019269,0.01,-0.0216,-0.015365,-0.010321,0.009995,-0.046105,-0.005987,-0.009087,0.009999,-0.055129,-0.005588,76.55,23.45,3.26,74.69,25.31,2.95,52.74,47.26,1.12,42599.2198801,569.5231257,42599.2198801,569.5231257,,,,,,,,
2023-10-19,0.0006306,0.0006405,0.000616,0.000627,60892081.1813,20226260,20734728,19632391,19996608,-0.015365,0.01,-0.015894,0.01,-0.005987,0.009996,-0.024017,0.009817,-0.005588,0.009998,-0.024208,0.009836,75.98,24.02,3.16,73.29,26.71,2.74,52.4,47.6,1.1,152118.9079217,7523.2532371,152118.9079217,7523.2532371,,,,,,,,
2023-10-20,0.0006271,0.0006629,0.0006223,0.0006564,99544278.9406,19996608,22482508,19927664,22420077,0.01,0.01,0.006089,0.01,0.009817,0.010359,-0.003521,0.009995,0.009836,0.010146,-0.002253,0.009998,79.17,20.83,3.8,74.91,25.09,2.99,51.32,48.68,1.05,29875.0362774,58277.4133471,29875.0362774,58277.4133471,,,,,,,,
2023-10-21,0.0006563,0.0007258,0.0006514,0.0006982,183096204.0387,22420077,26452485,22016218,24756272,0.01,0.01,0.00783,0.01,0.009995,0.010013,0.006407,0.009992,0.009998,0.010004,0.006838,0.009999,75.89,24.11,3.15,71.47,28.53,2.51,52.61,47.39,1.11,137836.6368772,199147.8093627,137836.6368772,199147.8093627,,,,,,,,
2023-10-22,0.0006981,0.000759,0.0006795,0.0007473,257647418.9944,24756272,30301368,23712027,27288130,0.01,0.01,0.01,0.01,0.009992,0.010017,-0.009658,0.010008,0.009999,0.010003,-0.008022,0.010001,74.88,25.12,2.98,71.44,28.56,2.5,52.75,47.25,1.12,189124.0229106,180170.4188321,189124.0229106,180170.4188321,,,,,,,,
2023-10-23,0.0007473,0.001025,0.000724,0.0010055,457746008.5644,27288130,39203519,24717508,39203519,0.01,0.01,0.01,0.01,0.010008,0.01002,0.004158,0.009989,0.010001,0.010002,0.004989,0.009999,70.17,29.83,2.35,67.91,32.09,2.12,52.75,47.25,1.12,353738.9065033,712122.4762071,353738.9065033,712122.4762071,,,,,,,,
2023-10-24,0.0010051,0.001058,0.0008588,0.0009254,1272093832.4197,39203519,43253768,30164277,30731598,0.01,0.01,0.01,0.01,0.009989,0.013519,0.006965,0.009985,0.009999,0.010312,0.009733,0.009999,66.71,33.29,2.0,62.2,37.8,1.65,52.3,47.7,1.1,1354030.676947,1107236.6524801,1354030.676947,1107236.6524801,,,,,,,,
2023-10-25,0.0009253,0.0012446,0.000911,0.0012077,1265733018.3404,30731598,55923803,30324199,50223897,0.01,0.020838,0.01,0.01,0.009985,0.017486,0.009985,0.010031,0.009999,0.017918,0.009999,0.010003,61.34,38.66,1.59,65.93,34.07,1.94,54.16,45.84,1.18,817521.3680463,1305908.3968825,817521.3680463,1305908.3968825,,,,,,,,
2023-10-26,0.0012077,0.001359,0.0011267,0.0012849,1268612148.405,50223897,59034468,43688408,51422808,0.01,0.039826,0.01,0.015962,0.010031,0.028985,0.006809,0.017473,0.010003,0.031939,0.009671,0.014776,53.35,46.65,1.14,53.8,46.2,1.17,50.62,49.38,1.03,1219066.1573627,1135235.6410368,1219066.1573627,1135235.6410368,,,,,,,,
2023-10-27,0.0012849,0.0012921,0.0011068,0.0011624,658331837.7473,51422808,51440320,42566071,45310221,0.015962,0.025994,0.01,0.025625,0.017473,0.024717,0.01,0.02012,0.014776,0.021136,0.01,0.020885,55.8,44.2,1.26,56.94,43.06,1.32,51.82,48.18,1.08,645815.732663,313188.675759,645815.732663,313188.675759,,,,,,,,
2023-10-28,0.0011625,0.0012625,0.001117,0.0011425,316400887.1528,45310221,51299349,40624961,40677512,0.025625,0.047395,0.01,0.01,0.02012,0.04462,0.010122,0.01089,0.020885,0.045312,0.010021,0.010166,56.76,43.24,1.31,59.96,40.04,1.5,53.1,46.9,1.13,299718.1125319,232986.0188798,299718.1125319,232986.0188798,,,,,,,,
2023-10-29,0.0011424,0.0011599,0.0011041,0.0011473,226988042.3043,40677512,44168881,39857624,43331111,0.01,0.038003,0.01,0.025506,0.01089,0.040357,0.01,0.024725,0.010166,0.036287,0.01,0.024739,61.73,38.27,1.61,61.01,38.99,1.57,52.18,47.82,1.09,196345.62741,131245.3783189,196345.62741,131245.3783189,,,,,,,,
2023-10-30,0.0011473,0.0012277,0.001129,0.0011724,393661684.8296,43331111,51578147,42736839,45075892,0.025506,0.038395,0.01,0.01,0.024725,0.06307,0.014955,0.014955,0.024739,0.056957,0.012309,0.012309,62.75,37.25,1.69,60.22,39.78,1.51,51.5,48.5,1.06,340441.3523342,356259.2890674,340441.3523342,356259.2890674,,,,,,,,
2023-10-31,0.0011725,0.0012095,0.001082,0.0011465,359252771.7123,45075892,47385399,40042094,40181203,0.01,0.027882,0.01,0.01884,0.014955,0.028615,0.009989,0.014927,0.012309,0.028284,0.009998,0.01596,67.29,32.71,2.06,65.11,34.89,1.87,52.4,47.6,1.1,369169.9463386,105451.1122825,369169.9463386,105451.1122825,,,,,,,,
2023-11-01,0.0011465,0.001225,0.0010896,0.0011867,384644717.1895,40181203,46202055,38602700,45753832,0.01884,0.075036,0.01,0.065092,0.014927,0.064868,0.01,0.057524,0.01596,0.06612,0.01,0.058344,62.35,37.65,1.66,61.73,38.27,1.61,53.59,46.41,1.16,266428.1862727,221201.6736912,266428.1862727,221201.6736912,,,,,,,,
2023-11-02,0.0011867,0.0012125,0.0010458,0.0010919,349626532.9527,45753832,46898173,39199512,39981895,0.065092,0.071693,0.01,0.01,0.057524,0.066884,0.009986,0.009991,0.058344,0.067445,0.009998,0.009999,63.92,36.08,1.77,60.41,39.59,1.53,52.59,47.41,1.11,508331.6867281,72808.8810076,508331.6867281,72808.8810076,,,,,,,,
2023-11-03,0.001092,0.0010977,0.0010245,0.0010788,228502156.9096,39981895,41742405,36134091,39918795,0.01,0.025444,0.01,0.024368,0.009991,0.01983,0.00999,0.019234,0.009999,0.019791,0.009999,0.019053,67.92,32.08,2.12,64.11,35.89,1.79,53.68,46.32,1.16,241652.0754329,100220.2498756,241652.0754329,100220.2498756,,,,,,,,
2023-11-04,0.0010789,0.0011454,0.0010635,0.0011171,182235919.7689,39918795,43278577,37883623,38641062,0.024368,0.038318,0.01094,0.012586,0.019234,0.038622,0.01082,0.011615,0.019053,0.03864,0.010881,0.011784,64.92,35.08,1.85,62.43,37.57,1.66,52.17,47.83,1.09,144979.8364412,102249.1773111,144979.8364412,102249.1773111,,,,,,,,
2023-11-05,0.0011171,0.0011479,0.0010762,0.0011225,181859120.9345,38641062,40637805,37055193,38173561,0.012586,0.044504,0.01,0.043681,0.011615,0.046791,0.010729,0.033363,0.011784,0.04386,0.010214,0.034838,65.02,34.98,1.86,61.18,38.82,1.58,52.64,47.36,1.11,138877.6042089,40159.1848006,138877.6042089,40159.1848006,,,,,,,,
2023-11-06,0.0011226,0.0012164,0.0011041,0.0012085,294028820.7636,38173561,45616916,38145019,45616916,0.043681,0.073649,0.028615,0.063298,0.033363,0.070334,0.021754,0.054363,0.034838,0.07072,0.022608,0.055378,64.03,35.97,1.78,61.27,38.73,1.58,53.77,46.23,1.16,146072.9486393,217563.2887803,146072.9486393,217563.2887803,,,,,,,,
2023-11-07,0.0012084,0.0012087,0.0010821,0.0011661,261935002.7321,45616916,45616916,36484272,38907411,0.063298,0.064908,0.01,0.040727,0.054363,0.072119,0.01193,0.028538,0.055378,0.071211,0.010374,0.029537,66.34,33.66,1.97,61.27,38.73,1.58,54.07,45.93,1.18,324974.4296614,99016.9251618,324974.4296614,99016.9251618,,,,,,,,
2023-11-08,0.0011661,0.0012046,0.0011399,0.0011849,179058105.9842,38907411,41604491,38104263,40770951,0.040727,0.051486,0.028232,0.043931,0.028538,0.060392,0.020859,0.046862,0.029537,0.058872,0.021598,0.0464,67.52,32.48,2.08,65.44,34.56,1.89,54.79,45.21,1.21,100250.1799497,88037.5036658,100250.1799497,88037.5036658,,,,,,,,
2023-11-09,0.0011848,0.001461,0.0010953,0.0013343,916491322.9992,40770951,54099753,38054881,42338979,0.043931,0.075125,0.01,0.01,0.046862,0.097596,-0.250455,0.009986,0.0464,0.093247,-0.273605,0.009999,66.53,33.47,1.99,63.84,36.16,1.77,53.89,46.11,1.17,1106759.3735361,967204.0404562,1106759.3735361,967204.0404562,,,,,,,,
2023-11-10,0.0013341,0.0013677,0.0012276,0.0013437,381105061.2209,42338979,45016702,37782685,41193051,0.01,0.049247,0.01,0.049247,0.009986,0.049167,0.009985,0.048961,0.009999,0.049202,0.009998,0.04913,67.32,32.68,2.06,65.39,34.61,1.89,53.89,46.11,1.17,280305.7290477,183140.714019,280305.7290477,183140.714019,,,,,,,,
2023-11-11,0.0013436,0.0013866,0.0012414,0.0012774,260527331.9997,41193051,42552267,36184351,37344123,0.049247,0.085569,0.01,0.034316,0.048961,0.097661,0.009985,0.034775,0.04913,0.095924,0.009993,0.034696,66.18,33.82,1.96,66.34,33.66,1.97,56.68,43.32,1.31,239175.418243,108476.1191791,239175.418243,108476.1191791,,,,,,,,
2023-11-12,0.0012775,0.0012969,0.001175,0.0012271,236812241.1267,37344123,40170710,35790764,36812416,0.034316,0.065333,0.01,0.042024,0.034775,0.084973,0.009993,0.040374,0.034696,0.084259,0.009999,0.040362,72.54,27.46,2.64,70.54,29.46,2.39,56.6,43.4,1.3,220556.116877,45262.0359861,220556.116877,45262.0359861,,,,,,,,
2023-11-13,0.0012272,0.001303,0.0011557,0.0011634,369354071.6263,36812416,40806403,33579465,33726614,0.042024,0.068936,0.01,0.01,0.040374,0.073407,0.009986,0.009986,0.040362,0.069661,0.009997,0.009997,74.49,25.51,2.92,71.3,28.7,2.48,57.58,42.42,1.36,473983.6625636,124759.9642792,473983.6625636,124759.9642792,,,,,,,,
2023-11-14,0.0011635,0.0011992,0.0010747,0.0011522,248301849.8806,33726614,34128757,29111551,30070997,0.01,0.01,0.01,0.01,0.009986,0.018702,0.009985,0.009986,0.009997,0.018293,0.009997,0.009998,76.33,23.67,3.23,71.29,28.71,2.48,54.76,45.24,1.21,384022.5368147,85398.41091,384022.5368147,85398.41091,,,,,,,,
2023-11-15,0.0011521,0.0012918,0.0011427,0.0012562,213047135.1299,30070997,39398243,29412048,36400271,0.01,0.058139,0.01,0.047673,0.009986,0.076612,0.009986,0.04429,0.009998,0.071477,0.009997,0.044624,74.6,25.4,2.94,69.74,30.26,2.31,53.81,46.19,1.17,113173.3799146,180380.2646585,113173.3799146,180380.2646585,,,,,,,,
2023-11-16,0.0012561,0.0013361,0.001115,0.001142,279422733.404,36400271,40700654,32374365,32751473,0.047673,0.080405,0.01,0.01,0.04429,0.067646,0.009991,0.009992,0.044624,0.068011,0.009999,0.009999,68.04,31.96,2.13,65.39,34.61,1.89,53.03,46.97,1.13,379986.8009034,89599.3372524,379986.8009034,89599.3372524,,,,,,,,
2023-11-17,0.001142,0.0011816,0.0010891,0.0011525,187128540.2098,32751473,34568639,31974165,33486870,0.01,0.011443,0.01,0.01,0.009992,0.014629,0.009992,0.009993,0.009999,0.01461,0.009998,0.009998,75.27,24.73,3.04,70.57,29.43,2.4,55.1,44.9,1.23,258458.8796285,75511.7397926,258458.8796285,75511.7397926,,,,,,,,
2023-11-18,0.0011526,0.0011536,0.0010906,0.0011485,105353497.2989,33486870,33536203,31619276,33481518,0.01,0.028388,0.01,0.028388,0.009993,0.02101,0.009993,0.02101,0.009998,0.022404,0.009998,0.022404,74.72,25.28,2.96,68.96,31.04,2.22,53.98,46.02,1.17,156659.2762103,25239.9266745,156659.2762103,25239.9266745,,,,,,,,
2023-11-19,0.0011484,0.0011939,0.0011127,0.0011913,111930639.3978,33481518,35137690,32230605,35096456,0.028388,0.041803,0.015662,0.031988,0.02101,0.028997,0.013425,0.024667,0.022404,0.032256,0.013844,0.026514,73.55,26.45,2.78,69.38,30.62,2.27,54.42,45.58,1.19,47974.5620543,48109.4397923,47974.5620543,48109.4397923,,,,,,,,
2023-11-20,0.0011914,0.001248,0.0010757,0.0011311,228405490.3366,35096456,39275495,30588529,30762421,0.031988,0.045707,0.01,0.01,0.024667,0.066435,0.009992,0.009992,0.026514,0.061131,0.009999,0.009999,72.05,27.95,2.58,68.79,31.21,2.2,53.46,46.54,1.15,171072.2923302,90250.2613388,171072.2923302,90250.2613388,,,,,,,,
2023-11-21,0.0011312,0.001144,0.0010255,0.0010341,215353364.7669,30762421,32078907,26911682,27081534,0.01,0.01,0.01,0.01,0.009992,0.009993,0.009991,0.009991,0.009999,0.009999,0.009998,0.009998,75.54,24.46,3.09,72.29,27.71,2.61,57.71,42.29,1.37,394329.3502892,74715.3260106,394329.3502892,74715.3260106,,,,,,,,
2023-11-22,0.0010339,0.0011215,0.001028,0.001107,115230688.2787,27081534,30069537,27041930,29999350,0.01,0.01,0.01,0.01,0.009991,0.01207,0.009991,0.009995,0.009998,0.012239,0.009998,0.009998,74.07,25.93,2.86,70.47,29.53,2.39,53.42,46.58,1.15,68518.3232609,59931.4357451,68518.3232609,59931.4357451,,,,,,,,
2023-11-23,0.0011069,0.0011368,0.0010651,0.0010691,85352094.4301,29999350,30516274,28702430,29619525,0.01,0.037294,0.01,0.01,0.009995,0.026,0.009995,0.009996,0.009998,0.027062,0.009998,0.009998,75.38,24.62,3.06,69.14,30.86,2.24,51.59,48.41,1.07,71604.9598446,16786.4780027,71604.9598446,16786.4780027,,,,,,,,
2023-11-24,0.0010691,0.0011414,0.0010627,0.0011077,116771445.4557,29619525,33706195,29503508,31466305,0.01,0.052335,0.01,0.026792,0.009996,0.05136,0.009996,0.020478,0.009998,0.048989,0.009998,0.020965,77.55,22.45,3.45,72.75,27.25,2.67,52.84,47.16,1.12,61866.0186417,65552.0600502,61866.0186417,65552.0600502,,,,,,,,
2023-11-25,0.0011077,0.0011939,0.0010972,0.0011797,122962261.6402,31466305,36969059,31190256,36969059,0.026792,0.064477,0.024564,0.034667,0.020478,0.043741,0.019054,0.02481,0.020965,0.045333,0.01945,0.026867,76.76,23.24,3.3,72.56,27.44,2.64,53.75,46.25,1.16,49002.7363135,84033.9537484,49002.7363135,84033.9537484,,,,,,,,
2023-11-26,0.0011796,0.0011865,0.0010696,0.0011154,147440967.171,36969059,37214182,32351510,33024065,0.034667,0.048191,0.01,0.01,0.02481,0.048867,0.01,0.01,0.026867,0.045838,0.01,0.01,74.41,25.59,2.91,70.39,29.61,2.38,53.11,46.89,1.13,189550.1701467,37078.6544211,189550.1701467,37078.6544211,,,,,,,,
2023-11-27,0.0011153,0.001127,0.0010446,0.0010831,120948807.074,33024065,33676965,31742024,33647541,0.01,0.01,0.01,0.01,0.01,0.01,0.01,0.01,0.01,0.01,0.01,0.01,78.07,21.93,3.56,74.14,25.86,2.87,55.92,44.08,1.27,228588.6318497,9798.6363515,228588.6318497,9798.6363515,,,,,,,,
2023-11-28,0.0010831,0.0011136,0.0010361,0.001095,111797704.0661,33647541,33943260,32030514,32720344,0.01,0.029366,0.01,0.021691,0.01,0.022116,0.01,0.017388,0.01,0.022355,0.01,0.017509,78.87,21.13,3.73,74.14,25.86,2.87,54.06,45.94,1.18,73811.9093216,66686.1278647,73811.9093216,66686.1278647,,,,,,,,
2023-11-29,0.001095,0.0011226,0.0010484,0.0010571,93753652.4442,32720344,34625163,32385962,33974051,0.021691,0.022576,0.01,0.01,0.017388,0.017848,0.01,0.01,0.017509,0.018067,0.01,0.01,77.03,22.97,3.35,72.6,27.4,2.65,54.2,45.8,1.18,143895.1937414,22776.4507121,143895.1937414,22776.4507121,,,,,,,,
2023-11-30,0.0010571,0.0010942,0.001051,0.0010869,74365462.3762,33974051,34190600,32742487,33323361,0.01,0.014439,0.01,0.012982,0.01,0.0127,0.01,0.011844,0.01,0.012965,0.01,0.01201,80.55,19.45,4.14,76.25,23.75,3.21,53.94,46.06,1.17,40968.7743773,18050.1584173,40968.7743773,18050.1584173,,,,,,,,
2023-12-01,0.0010868,0.0011187,0.0010801,0.0011062,86814789.7494,33323361,33586742,32289834,33132081,0.012982,0.035196,0.01,0.01,0.011844,0.025449,0.01,0.01,0.01201,0.026916,0.01,0.01,81.24,18.76,4.33,75.82,24.18,3.14,53.07,46.93,1.13,42199.514839,41501.8648121,42199.514839,41501.8648121,,,,,,,,
2023-12-02,0.0011061,0.0012036,0.001102,0.0011668,131708556.2531,33132081,39294289,33033436,38104751,0.01,0.067071,0.01,0.06502,0.01,0.058164,0.01,0.056262,0.01,0.059046,0.01,0.057217,78.51,21.49,3.65,74.94,25.06,2.99,53.91,46.09,1.17,86621.4319703,140571.7276819,86621.4319703,140571.7276819,,,,,,,,
2023-12-03,0.0011667,0.0012363,0.0011616,0.0012075,184202722.8888,38104751,43852582,37878951,42480755,0.06502,0.074083,0.038918,0.04133,0.056262,0.064755,0.027372,0.032267,0.057217,0.065335,0.028312,0.033108,76.82,23.18,3.31,74.07,25.93,2.86,54.37,45.63,1.19,173363.818862,149066.274963,173363.818862,149066.274963,,,,,,,,
2023-12-04,0.0012074,0.0015033,0.0011125,0.0013953,628344519.479,42480755,58301028,40732041,45533404,0.04133,0.12744,0.023165,0.024076,0.032267,0.120154,0.017937,0.01826,0.033108,0.117728,0.018587,0.018909,77.85,22.15,3.52,74.63,25.37,2.94,55.75,44.25,1.26,893734.1099935,661596.0212111,893734.1099935,661596.0212111,,,,,,,,
2023-12-05,0.0013954,0.0016932,0.0013427,0.0016203,862731899.2956,45533404,63193274,43942272,52779140,0.024076,0.09136,0.019932,0.039257,0.01826,0.075769,0.015996,0.034764,0.018909,0.074984,0.016479,0.035548,75.41,24.59,3.07,72.63,27.37,2.65,55.42,44.58,1.24,759446.4513085,696420.3499532,759446.4513085,696420.3499532,,,,,,,,
2023-12-06,0.0016203,0.001699,0.0014658,0.0014825,628931159.4091,52779140,57858989,44248017,44436107,0.039257,0.066593,0.026038,0.026352,0.034764,0.08207,0.020939,0.02098,0.035548,0.069973,0.020877,0.021709,75.03,24.97,3.01,73.5,26.5,2.77,54.86,45.14,1.22,667833.7121428,268944.913894,667833.7121428,268944.913894,,,,,,,,
2023-12-07,0.0014826,0.0016543,0.0014165,0.001525,350026085.6836,44436107,54515824,40152405,45502815,0.026352,0.066619,0.013106,0.045789,0.02098,0.0621,0.012293,0.040499,0.021709,0.062563,0.0122,0.041115,76.88,23.12,3.33,76.82,23.18,3.31,57.64,42.36,1.36,353988.3018514,173677.8718949,353988.3018514,173677.8718949,,,,,,,,
2023-12-08,0.001525,0.0016049,0.0014919,0.001576,224421200.2958,45502815,48302596,44457353,46106945,0.045789,0.059734,0.036849,0.041557,0.040499,0.082863,0.026357,0.047133,0.041115,0.078157,0.027514,0.045971,76.0,24.0,3.17,74.5,25.5,2.92,56.52,43.48,1.3,164734.9021763,76594.9993237,164734.9021763,76594.9993237,,,,,,,,
2023-12-09,0.0015761,0.0017578,0.0015029,0.0015327,395646537.8204,46106945,62660564,44647631,45007793,0.041557,0.112519,0.041105,0.041256,0.047133,0.143375,0.037268,0.056881,0.045971,0.131677,0.037667,0.052311,74.69,25.31,2.95,74.3,25.7,2.89,55.04,44.96,1.22,465974.5907169,214380.5658634,465974.5907169,214380.5658634,,,,,,,,
2023-12-10,0.0015329,0.0016364,0.0014943,0.0016054,195585865.6821,45007793,47316156,42565663,45757406,0.041256,0.054258,0.01,0.053828,0.056881,0.056881,0.010942,0.050298,0.052311,0.052311,0.010323,0.051097,76.07,23.93,3.18,76.4,23.6,3.24,55.76,44.24,1.26,104471.0019096,136114.1935867,104471.0019096,136114.1935867,,,,,,,,
2023-12-11,0.0016055,0.0016167,0.001151,0.0014127,319380954.7506,45757406,46042126,30412656,33465070,0.053828,0.06378,0.01,0.01,0.050298,0.078282,0.01,0.01,0.051097,0.072352,0.01,0.01,73.08,26.92,2.72,72.76,27.24,2.67,55.08,44.92,1.23,594162.9545331,78786.0590395,594162.9545331,78786.0590395,,,,,,,,
2023-12-12,0.0014128,0.0014583,0.0013425,0.0013972,191724385.1961,33465070,34415545,29845310,30723467,0.01,0.01,0.01,0.01,0.01,0.01127,0.01,0.011093,0.01,0.010249,0.01,0.010239,75.28,24.72,3.05,74.32,25.68,2.89,55.67,44.33,1.26,168618.8204776,63216.5982357,168618.8204776,63216.5982357,,,,,,,,
2023-12-13,0.0013973,0.0014418,0.0012983,0.0014164,185771422.8176,30723467,32422521,28406283,31549394,0.01,0.020345,0.01,0.018755,0.011093,0.044109,0.01,0.015886,0.010239,0.041256,0.01,0.015884,77.04,22.96,3.36,74.17,25.83,2.87,52.5,47.5,1.11,259912.7661279,82614.5213972,259912.7661279,82614.5213972,,,,,,,,
2023-12-14,0.0014164,0.001488,0.0013281,0.0014855,234471773.8169,31549394,35545774,29939370,33398316,0.018755,0.034536,0.01,0.034536,0.015886,0.02837,0.010233,0.027991,0.015884,0.028988,0.010045,0.028988,76.43,23.57,3.24,74.47,25.53,2.92,52.88,47.12,1.12,120962.4736796,113809.8395722,120962.4736796,113809.8395722,,,,,,,,
2023-12-15,0.0014855,0.0015008,0.0013217,0.0013294,161966016.9977,33398316,34432038,29270280,29425492,0.034536,0.042768,0.010088,0.010508,0.027991,0.046114,0.013533,0.013712,0.028988,0.044373,0.012359,0.012602,74.79,25.21,2.97,73.46,26.54,2.77,53.32,46.68,1.14,231116.8130227,9403.3336022,231116.8130227,9403.3336022,,,,,,,,
2023-12-16,0.0013295,0.0014753,0.0013116,0.0014169,156730587.0354,29425492,32028346,29183675,29586385,0.010508,0.044631,0.01,0.022692,0.013712,0.052025,0.010247,0.020128,0.012602,0.046101,0.01007,0.020739,80.29,19.71,4.07,78.79,21.21,3.72,54.86,45.14,1.22,118583.5737319,84365.3864296,118583.5737319,84365.3864296,,,,,,,,
2023-12-17,0.0014168,0.001471,0.00133,0.0013374,143409588.1219,29586385,32077886,28149872,28273000,0.022692,0.027627,0.01,0.013106,0.020128,0.027437,0.010776,0.013784,0.020739,0.025832,0.01022,0.013391,78.94,21.06,3.75,77.42,22.58,3.43,52.71,47.29,1.12,172564.1397524,28202.2417631,172564.1397524,28202.2417631,,,,,,,,
2023-12-18,0.0013373,0.0013561,0.0012027,0.0013066,142796413.961,28273000,28498607,25034762,26725077,0.013106,0.013511,0.01,0.01,0.013784,0.037851,0.01,0.01,0.013391,0.030006,0.01,0.01,81.17,18.83,4.31,79.58,20.42,3.9,53.2,46.8,1.14,389182.0042655,61559.8095605,389182.0042655,61559.8095605,,,,,,,,
2023-12-19,0.0013067,0.0013437,0.0012402,0.0012483,104794402.7449,26725077,28739593,26443998,27293595,0.01,0.024981,0.01,0.01,0.01,0.019675,0.01,0.010441,0.01,0.020299,0.01,0.01015,81.32,18.68,4.35,79.14,20.86,3.79,51.66,48.34,1.07,147751.1214388,16339.6347603,147751.1214388,16339.6347603,,,,,,,,
2023-12-20,0.0012483,0.0013151,0.0012312,0.0012703,113777079.3598,27293595,29681347,26784905,29196223,0.01,0.045571,0.01,0.03683,0.010441,0.042463,0.01,0.03381,0.01015,0.042908,0.01,0.0342,82.47,17.53,4.71,80.38,19.62,4.1,52.93,47.07,1.12,100006.3419228,67616.6665957,100006.3419228,67616.6665957,,,,,,,,
2023-12-21,0.0012704,0.0013287,0.001225,0.0013066,144580747.3807,29196223,35189055,28669567,34106655,0.03683,0.06565,0.029394,0.06565,0.03381,0.06521,0.024598,0.06521,0.0342,0.065329,0.026019,0.065329,82.07,17.93,4.58,79.5,20.5,3.88,53.39,46.61,1.15,127790.6519199,36515.238325,127790.6519199,36515.238325,,,,,,,,
2023-12-22,0.0013064,0.0015901,0.001254,0.0015813,588693804.7625,34106655,58604830,31764440,57055921,0.06565,0.114128,0.036093,0.108877,0.06521,0.124429,0.026184,0.105511,0.065329,0.117442,0.027129,0.106271,82.07,17.93,4.58,79.57,20.43,3.9,53.53,46.47,1.15,527487.7853658,475763.597535,527487.7853658,475763.597535,,,,,,,,
2023-12-23,0.0015813,0.0015986,0.0014384,0.0014733,238038246.1503,57055921,57852269,44795125,45045654,0.108877,0.109866,0.058635,0.066391,0.105511,0.155772,0.041756,0.070988,0.106271,0.144822,0.042718,0.069299,68.36,31.64,2.16,69.23,30.77,2.25,56.18,43.82,1.28,276779.6742351,115495.8984519,276779.6742351,115495.8984519,,,,,,,,
2023-12-24,0.0014735,0.0014936,0.0013298,0.0013748,205735520.0071,45045654,45166012,36943768,37536770,0.066391,0.089445,0.050568,0.057108,0.070988,0.097747,0.032222,0.061942,0.069299,0.093707,0.038218,0.059555,76.31,23.69,3.22,75.96,24.04,3.16,59.73,40.27,1.48,368824.0822713,43010.198179,368824.0822713,43010.198179,,,,,,,,
2023-12-25,0.0013746,0.0014486,0.0013576,0.0014078,130379571.8639,37536770,38903346,35853173,36331095,0.057108,0.085753,0.046224,0.071743,0.061942,0.089656,0.030145,0.067572,0.059555,0.088175,0.035497,0.069219,81.42,18.58,4.38,79.34,20.66,3.84,57.68,42.32,1.36,79677.3286626,27804.6457247,79677.3286626,27804.6457247,,,,,,,,
2023-12-26,0.0014078,0.0014289,0.0012343,0.0013393,179274626.3816,36331095,36982949,29884884,31506685,0.071743,0.088101,0.034557,0.038234,0.067572,0.085122,0.025497,0.030678,0.069219,0.082045,0.028215,0.032824,82.2,17.8,4.62,79.63,20.37,3.91,55.41,44.59,1.24,427769.2153978,69884.247262,427769.2153978,69884.247262,,,,,,,,
2023-12-27,0.0013393,0.0014974,0.0012811,0.001448,209538682.8368,31506685,40596366,30315145,36291875,0.038234,0.085523,0.025787,0.074282,0.030678,0.107457,0.02169,0.072198,0.032824,0.099663,0.024202,0.072843,83.21,16.79,4.96,81.17,18.83,4.31,56.64,43.36,1.31,126925.9151201,157588.5331436,126925.9151201,157588.5331436,,,,,,,,
2023-12-28,0.001448,0.0015082,0.0013315,0.0013435,180494275.1585,36291875,39136151,32544348,32918055,0.074282,0.099766,0.032626,0.032692,0.072198,0.101526,0.035168,0.036428,0.072843,0.094714,0.033646,0.034613,78.88,21.12,3.74,78.18,21.82,3.58,54.64,45.36,1.21,197986.1312929,24987.788428,197986.1312929,24987.788428,,,,,,,,
2023-12-29,0.0013436,0.0014455,0.001301,0.0013491,159306350.6685,32918055,36258982,30493017,31043789,0.032692,0.098964,0.02557,0.047208,0.036428,0.089416,0.021502,0.044036,0.034613,0.091829,0.022131,0.044797,82.26,17.74,4.64,80.31,19.69,4.08,54.38,45.62,1.19,321226.0064635,63775.8804738,321226.0064635,63775.8804738,,,,,,,,
2023-12-30,0.001349,0.0013734,0.0013,0.0013091,87417416.1767,31043789,33756817,30874772,31577645,0.047208,0.063629,0.021478,0.028574,0.044036,0.076875,0.025175,0.028622,0.044797,0.068116,0.023788,0.028773,83.08,16.92,4.91,81.06,18.94,4.28,54.12,45.88,1.18,76814.1091624,20974.3710299,76814.1091624,20974.3710299,,,,,,,,
2023-12-31,0.0013091,0.001354,0.001257,0.0012956,97247432.3682,31577645,32699214,29414020,29895681,0.028574,0.061438,0.014376,0.034512,0.028622,0.060691,0.016318,0.036854,0.028773,0.060241,0.015498,0.035746,86.35,13.65,6.33,84.51,15.49,5.46,53.26,46.74,1.14,218641.9565307,11324.2942501,218641.9565307,11324.2942501,,,,,,,,
2024-01-01,0.0012956,0.0014121,0.001263,0.0014066,90235763.9902,29895681,35008141,29475895,34588766,0.034512,0.084095,0.022552,0.082408,0.036854,0.082906,0.02151,0.082368,0.035746,0.083369,0.022683,0.082581,84.74,15.26,5.55,82.82,17.18,4.82,54.15,45.85,1.18,53899.0665051,46653.5276771,53899.0665051,46653.5276771,,,,,,,,
2024-01-02,0.0014067,0.0014451,0.0013197,0.0013391,135447226.6483,34588766,35853611,31630377,31812243,0.082408,0.115106,0.057306,0.057306,0.082368,0.114968,0.043539,0.06398,0.082581,0.114997,0.05346,0.061442,80.72,19.28,4.19,79.76,20.24,3.94,53.47,46.53,1.15,145707.225253,44271.5483829,145707.225253,44271.5483829,,,,,,,,
2024-01-03,0.0013391,0.0014295,0.0009642,0.0011875,267687028.273,31812243,37549483,26439769,27151233,0.057306,0.095627,0.01,0.01,0.06398,0.0927,0.01,0.01,0.061442,0.09265,0.01,0.01,85.29,14.71,5.8,84.16,15.84,5.31,53.51,46.49,1.15,427545.0863898,107818.3373737,427545.0863898,107818.3373737,,,,,,,,
2024-01-04,0.0011875,0.0012897,0.0011704,0.0012558,131941477.2127,27151233,29428874,26487908,27387627,0.01,0.01,0.01,0.01,0.01,0.012022,0.01,0.010568,0.01,0.011519,0.01,0.010166,82.39,17.61,4.68,80.99,19.01,4.26,52.99,47.01,1.13,82193.1252867,51133.573752,82193.1252867,51133.573752,,,,,,,,
2024-01-05,0.0012558,0.0012765,0.0011543,0.0011974,130977947.5566,27387627,28214287,24707375,25746841,0.01,0.01,0.01,0.01,0.010568,0.010568,0.01,0.01,0.010166,0.010166,0.01,0.01,81.55,18.45,4.42,80.69,19.31,4.18,53.09,46.91,1.13,166885.6936255,22363.6858923,166885.6936255,22363.6858923,,,,,,,,
2024-01-06,0.0011973,0.0011982,0.0010926,0.0011575,94922635.4361,25746841,25753997,22387012,23605555,0.01,0.01,0.01,0.01,0.01,0.010292,0.01,0.01,0.01,0.010084,0.01,0.01,83.37,16.63,5.01,82.32,17.68,4.66,52.8,47.2,1.12,173137.3795935,15308.5257557,173137.3795935,15308.5257557,,,,,,,,
2024-01-07,0.0011574,0.0012166,0.001092,0.0011126,91014785.4762,23605555,25252262,22053138,22392866,0.01,0.01,0.003676,0.003676,0.01,0.01033,0.00645,0.00645,0.01,0.010132,0.005436,0.005436,82.56,17.44,4.73,81.44,18.56,4.39,52.84,47.16,1.12,150574.0465175,31646.8977012,150574.0465175,31646.8977012,,,,,,,,
2024-01-08,0.0011126,0.0012108,0.001031,0.0011944,140521582.4535,22392866,22723604,20223742,22696221,0.003676,0.01,-0.018446,0.01,0.00645,0.01,-0.014068,0.01,0.005436,0.01,-0.010116,0.01,83.3,16.7,4.99,81.25,18.75,4.33,53.47,46.53,1.15,191792.758562,110728.9578588,191792.758562,110728.9578588,,,,,,,,
2024-01-09,0.0011943,0.0012624,0.0010988,0.0011968,142478298.4523,22696221,25244007,20068508,23931565,0.01,0.01,0.01,0.01,0.01,0.010863,0.01,0.01,0.01,0.010218,0.01,0.01,77.03,22.97,3.35,75.6,24.4,3.1,51.85,48.15,1.08,189816.759362,82180.8693683,189816.759362,82180.8693683,,,,,,,,
2024-01-10,0.0011966,0.00139,0.0011575,0.001331,347419489.4709,23931565,32228636,23746926,30364138,0.01,0.01,0.01,0.01,0.01,0.010641,0.01,0.010239,0.01,0.010139,0.01,0.010029,77.73,22.27,3.49,75.72,24.28,3.12,50.97,49.03,1.04,215387.5022214,192169.3340907,215387.5022214,192169.3340907,,,,,,,,
2024-01-11,0.001331,0.0015015,0.0012982,0.0013642,327432209.31,30364138,37568590,29353364,30761571,0.01,0.029331,0.01,0.012648,0.010239,0.020741,0.01,0.012164,0.010029,0.022087,0.01,0.011816,74.96,25.04,2.99,73.4,26.6,2.76,51.98,48.02,1.08,295689.1232212,138898.7397823,295689.1232212,138898.7397823,,,,,,,,
2024-01-12,0.0013641,0.0014082,0.0011883,0.0012348,269024191.9228,30761571,34740799,23246839,23302338,0.012648,0.025814,0.01,0.01,0.012164,0.029231,0.01,0.01,0.011816,0.025897,0.01,0.01,75.44,24.56,3.07,75.19,24.81,3.03,55.36,44.64,1.24,289333.7681883,37968.8323431,289333.7681883,37968.8323431,,,,,,,,
2024-01-13,0.0012347,0.0012627,0.0011852,0.0012439,95214569.1549,23302338,24740570,22736654,24065405,0.01,0.01,0.01,0.01,0.01,0.010102,0.01,0.010071,0.01,0.010028,0.01,0.010028,79.95,20.05,3.99,79.77,20.23,3.94,56.42,43.58,1.3,50885.599797,33493.1397922,50885.599797,33493.1397922,,,,,,,,
2024-01-14,0.0012439,0.0012559,0.0011902,0.0011939,85381480.11,24065405,24065405,21559281,21587481,0.01,0.01,0.01,0.01,0.010071,0.010106,0.01,0.01,0.010028,0.010046,0.01,0.01,80.9,19.1,4.24,79.02,20.98,3.77,54.84,45.16,1.21,145432.6494566,15184.0690293,145432.6494566,15184.0690293,,,,,,,,
2024-01-15,0.001194,0.0012461,0.0011918,0.0012046,64334422.5402,21587481,23766541,21587481,22632603,0.01,0.01,0.01,0.01,0.01,0.010765,0.01,0.01,0.01,0.010356,0.01,0.01,80.33,19.67,4.08,77.45,22.55,3.44,56.24,43.76,1.29,33816.5168467,12622.8218343,33816.5168467,12622.8218343,,,,,,,,
2024-01-16,0.0012045,0.0012678,0.001179,0.0012454,82567866.9561,22632603,25337450,22611762,24670885,0.01,0.01,0.01,0.01,0.01,0.010209,0.01,0.01,0.01,0.010112,0.01,0.01,80.34,19.66,4.09,77.09,22.91,3.37,55.08,44.92,1.23,33480.7584073,43087.2963553,33480.7584073,43087.2963553,,,,,,,,
2024-01-17,0.0012454,0.0012682,0.00119,0.0012074,105453017.5873,24670885,24997676,23049162,23467261,0.01,0.01,0.01,0.01,0.01,0.010233,0.01,0.010091,0.01,0.010089,0.01,0.010029,77.97,22.03,3.54,77.48,22.52,3.44,54.71,45.29,1.21,100512.9127823,17360.0717184,100512.9127823,17360.0717184,,,,,,,,
2024-01-18,0.0012074,0.001212,0.001121,0.0011444,95147541.9226,23467261,23977693,22130597,22171944,0.01,0.01,0.01,0.01,0.010091,0.010548,0.01,0.01,0.010029,0.010212,0.01,0.01,81.06,18.94,4.28,78.66,21.34,3.69,54.31,45.69,1.19,205655.1422651,8978.1267648,205655.1422651,8978.1267648,,,,,,,,
2024-01-19,0.0011444,0.0011509,0.0010562,0.0011373,83524392.2228,22171944,22314612,20146349,20992871,0.01,0.01,0.01,0.01,0.01,0.010647,0.01,0.01021,0.01,0.01021,0.01,0.010074,80.24,19.76,4.06,77.9,22.1,3.53,53.51,46.49,1.15,282190.5936034,19360.4716373,282190.5936034,19360.4716373,,,,,,,,
2024-01-20,0.0011373,0.0011827,0.0011071,0.0011665,68008036.9426,20992871,24111615,20761609,23549939,0.01,0.01,0.01,0.01,0.01021,0.011005,0.01,0.01,0.010074,0.01038,0.01,0.01,79.35,20.65,3.84,76.99,23.01,3.35,53.83,46.17,1.17,35945.9065566,22358.7433857,35945.9065566,22358.7433857,,,,,,,,
2024-01-21,0.0011663,0.0011913,0.0011178,0.0011234,48587483.24,23549939,24098177,21927776,22008674,0.01,0.01,0.01,0.01,0.01,0.010755,0.01,0.010568,0.01,0.010388,0.01,0.010378,79.92,20.08,3.98,78.29,21.71,3.61,53.35,46.65,1.14,63960.5667727,15525.7398801,63960.5667727,15525.7398801,,,,,,,,
2024-01-22,0.0011232,0.0011275,0.0010428,0.0010547,95336640.3152,22008674,22041870,20458178,20613418,0.01,0.01,0.01,0.01,0.010568,0.010568,0.01,0.01,0.010378,0.01038,0.01,0.01,82.0,18.0,4.56,80.36,19.64,4.09,53.54,46.46,1.15,311753.8061778,19299.536892,311753.8061778,19299.536892,,,,,,,,
2024-01-23,0.0010547,0.0010727,0.0009737,0.0010413,105050964.9312,20613418,21085210,18387195,19298036,0.01,0.01,-0.014439,0.01,0.01,0.010558,-0.004962,0.01,0.01,0.010156,-0.006372,0.01,82.99,17.01,4.88,80.42,19.58,4.11,52.63,47.37,1.11,510641.056561,57282.772645,510641.056561,57282.772645,,,,,,,,
2024-01-24,0.0010413,0.001068,0.0010216,0.001043,64789670.0604,19298036,20203888,18872639,19982501,0.01,0.01,0.01,0.01,0.01,0.011071,0.01,0.010515,0.01,0.010266,0.01,0.01022,79.49,20.51,3.88,77.65,22.35,3.47,50.79,49.21,1.03,39993.4418522,28238.2139776,39993.4418522,28238.2139776,,,,,,,,
2024-01-25,0.0010432,0.0010508,0.0010009,0.001028,59379927.0765,19982501,20080748,19040625,19268792,0.01,0.01,0.01,0.01,0.010515,0.011038,0.01,0.01,0.01022,0.010491,0.01,0.01,79.29,20.71,3.83,78.59,21.41,3.67,50.38,49.62,1.02,73983.7064766,12089.3970835,73983.7064766,12089.3970835,,,,,,,,
2024-01-26,0.0010279,0.0010905,0.001016,0.001083,56422836.6956,19268792,20876216,19033374,20816972,0.01,0.01,0.01,0.01,0.01,0.011579,0.01,0.010177,0.01,0.010736,0.01,0.010098,79.74,20.26,3.94,79.4,20.6,3.85,50.79,49.21,1.03,7504.0778921,40603.0760172,7504.0778921,40603.0760172,,,,,,,,
2024-01-27,0.001083,0.0011052,0.0010688,0.0010958,48897982.6677,20816972,22441658,20703908,22246286,0.01,0.01,0.01,0.01,0.010177,0.010742,0.005235,0.01,0.010098,0.010388,0.006662,0.01,78.75,21.25,3.71,77.3,22.7,3.41,51.4,48.6,1.06,24821.4837513,16926.7787824,24821.4837513,16926.7787824,,,,,,,,
2024-01-28,0.0010958,0.0011188,0.0010515,0.0010658,62652225.2874,22246286,23067724,19780952,19831642,0.01,0.01,0.01,0.01,0.01,0.010962,0.01,0.01,0.01,0.010655,0.01,0.01,78.74,21.26,3.7,77.86,22.14,3.52,51.78,48.22,1.07,88821.3928968,35710.7422305,88821.3928968,35710.7422305,,,,,,,,
2024-01-29,0.0010658,0.0010846,0.0010339,0.0010648,67264114.2851,19831642,22049231,19547728,22024434,0.01,0.01,0.01,0.01,0.01,0.010299,0.01,0.01,0.01,0.010132,0.01,0.01,80.06,19.94,4.02,79.78,20.22,3.95,51.93,48.07,1.08,65528.8470946,7198.2520588,65528.8470946,7198.2520588,,,,,,,,
2024-01-30,0.0010647,0.0010804,0.0010044,0.0010093,89040771.42,22024434,24328392,21917012,24006185,0.01,0.01,0.01,0.01,0.01,0.011962,0.006823,0.011936,0.01,0.010729,0.007165,0.010703,80.66,19.34,4.17,78.91,21.09,3.74,52.03,47.97,1.09,181278.515518,13826.8380671,181278.515518,13826.8380671,,,,,,,,
2024-01-31,0.0010093,0.0010142,0.0009055,0.000913,164204658.4959,24006185,28838720,23529055,27746070,0.01,0.01,-0.007332,0.01,0.011936,0.012301,-0.006645,0.01035,0.010703,0.010707,-0.007901,0.010075,83.02,16.98,4.89,81.81,18.19,4.5,53.49,46.51,1.15,474570.1475157,87284.1329307,474570.1475157,87284.1329307,,,,,,,,
2024-02-01,0.0009131,0.000938,0.0008864,0.0009174,89302925.0109,27746070,28120752,25955869,27010582,0.01,0.01,0.01,0.01,0.01035,0.014029,0.01,0.010772,0.010075,0.010865,0.01,0.010308,82.01,17.99,4.56,79.58,20.42,3.9,51.1,48.9,1.05,188501.7772098,29831.4359045,188501.7772098,29831.4359045,,,,,,,,
2024-02-02,0.0009174,0.0009408,0.0009148,0.0009294,50401261.7225,27010582,28667283,26956777,27954150,0.01,0.01,0.01,0.01,0.010772,0.012574,0.01,0.010389,0.010308,0.011048,0.01,0.010282,82.45,17.55,4.7,79.54,20.46,3.89,53.15,46.85,1.13,35035.9716428,13491.1282141,35035.9716428,13491.1282141,,,,,,,,
2024-02-03,0.0009294,0.0009487,0.000915,0.000924,36310394.8777,27954150,28761052,27399845,27628403,0.01,0.018028,0.01,0.01,0.010389,0.015337,0.01,0.010102,0.010282,0.015528,0.01,0.010095,82.64,17.36,4.76,79.84,20.16,3.96,53.9,46.1,1.17,49381.5942327,11072.9657999,49381.5942327,11072.9657999,,,,,,,,
2024-02-04,0.0009241,0.0009242,0.0008765,0.0008882,50906431.8649,27628403,27628403,25297626,25993098,0.01,0.01,0.01,0.01,0.010102,0.011658,0.01,0.01,0.010095,0.011166,0.01,0.01,83.37,16.63,5.01,81.05,18.95,4.28,53.9,46.1,1.17,197060.0380661,1997.1530505,197060.0380661,1997.1530505,,,,,,,,
2024-02-05,0.0008881,0.0009796,0.0008653,0.0008981,125151123.8585,25993098,27919913,24502885,25100317,0.01,0.01,0.01,0.01,0.01,0.011973,0.01,0.01,0.01,0.011275,0.01,0.01,84.37,15.63,5.4,82.08,17.92,4.58,54.33,45.67,1.19,165102.097652,122544.2638127,165102.097652,122544.2638127,,,,,,,,
2024-02-06,0.0008981,0.000917,0.000884,0.000904,73305606.4997,25100317,26185496,24406844,25476039,0.01,0.01,0.01,0.01,0.01,0.011342,0.01,0.01,0.01,0.010357,0.01,0.01,83.71,16.29,5.14,81.2,18.8,4.32,55.41,44.59,1.24,50158.6164047,22589.0069439,50158.6164047,22589.0069439,,,,,,,,
2024-02-07,0.0009039,0.0009841,0.0009036,0.0009667,88581459.947,25476039,27519048,25382832,26707385,0.01,0.01,0.01,0.01,0.01,0.011994,0.01,0.01,0.01,0.01085,0.01,0.01,83.99,16.01,5.25,81.56,18.44,4.42,54.37,45.63,1.19,33952.4377284,101607.0350656,33952.4377284,101607.0350656,,,,,,,,
2024-02-08,0.0009668,0.000985,0.0009404,0.0009554,76182853.2086,26707385,27122586,25187103,25283068,0.01,0.01,0.01,0.01,0.01,0.014224,0.01,0.01,0.01,0.011791,0.01,0.01,80.53,19.47,4.14,79.51,20.49,3.88,54.61,45.39,1.2,45712.1788767,24471.993025,45712.1788767,24471.993025,,,,,,,,
2024-02-09,0.0009554,0.0010303,0.0009532,0.0010167,85251709.1013,25283068,27378781,25273831,25405286,0.01,0.01,0.01,0.01,0.01,0.012562,0.01,0.01,0.01,0.011117,0.01,0.01,82.03,17.97,4.57,81.87,18.13,4.52,56.86,43.14,1.32,42997.0646075,93497.3099913,42997.0646075,93497.3099913,,,,,,,,
2024-02-10,0.0010167,0.0010422,0.0010042,0.0010144,51349231.059,25405286,26094598,24860573,25120132,0.01,0.025748,0.01,0.010446,0.01,0.019791,0.01,0.011218,0.01,0.021267,0.01,0.010962,79.97,20.03,3.99,78.78,21.22,3.71,53.79,46.21,1.16,51224.7043764,79034.8507618,51224.7043764,79034.8507618,,,,,,,,
2024-02-11,0.0010143,0.0010358,0.0009861,0.0010054,50083843.0461,25120132,25794328,24955990,25518946,0.010446,0.018539,0.01,0.015594,0.011218,0.016535,0.01,0.01454,0.010962,0.017089,0.01,0.014521,80.33,19.67,4.08,80.81,19.19,4.21,55.4,44.6,1.24,71558.4981707,6497.2361432,71558.4981707,6497.2361432,,,,,,,,
2024-02-12,0.0010054,0.001092,0.0009859,0.0010807,92846820.0786,25518946,29063512,25102375,28160498,0.015594,0.036216,0.01,0.02868,0.01454,0.027377,0.011234,0.022775,0.014521,0.027567,0.010689,0.022999,82.21,17.79,4.62,82.05,17.95,4.57,54.77,45.23,1.21,70440.1900305,94483.6595749,70440.1900305,94483.6595749,,,,,,,,
2024-02-13,0.0010807,0.001134,0.0010474,0.0010839,129010251.8651,28160498,31820870,27605586,28996055,0.02868,0.054853,0.026879,0.038804,0.022775,0.049094,0.020993,0.027735,0.022999,0.044887,0.021539,0.02811,80.34,19.66,4.09,80.25,19.75,4.06,54.53,45.47,1.2,99572.1127475,158875.7927145,99572.1127475,158875.7927145,,,,,,,,
2024-02-14,0.0010838,0.0012644,0.0010632,0.0012479,225133525.0947,28996055,41539010,28092251,40916399,0.038804,0.067875,0.032118,0.060559,0.027735,0.060789,0.024018,0.054245,0.02811,0.062462,0.023936,0.05549,81.21,18.79,4.32,81.66,18.34,4.45,55.67,44.33,1.26,178846.0765836,201033.4498533,178846.0765836,201033.4498533,,,,,,,,
2024-02-15,0.0012479,0.00131,0.0011933,0.0012451,222126301.6577,40916399,43434559,37850117,39418519,0.060559,0.081495,0.058142,0.074437,0.054245,0.080894,0.039046,0.059467,0.05549,0.07882,0.039382,0.059043,74.52,25.48,2.93,72.96,27.04,2.7,53.65,46.35,1.16,250330.1350381,141355.6352984,250330.1350381,141355.6352984,,,,,,,,
2024-02-16,0.0012451,0.0012634,0.001141,0.0011671,127345345.3461,39418519,39595503,33704325,34524178,0.074437,0.081923,0.032328,0.033991,0.059467,0.112429,0.023403,0.024231,0.059043,0.113608,0.022871,0.023858,75.6,24.4,3.1,74.88,25.12,2.98,58.03,41.97,1.38,252972.4797347,49724.154226,252972.4797347,49724.154226,,,,,,,,
2024-02-17,0.0011672,0.0012016,0.001109,0.0011883,86662884.4567,34524178,35115984,30751872,33538807,0.033991,0.062928,0.032281,0.047161,0.024231,0.047986,0.023052,0.038466,0.023858,0.049831,0.023778,0.039691,79.64,20.36,3.91,77.96,22.04,3.54,58.04,41.96,1.38,112451.7663356,46999.9082262,112451.7663356,46999.9082262,,,,,,,,
2024-02-18,0.0011883,0.0012365,0.0011674,0.0012255,73846719.8709,33538807,35411130,32790772,34341395,0.047161,0.072868,0.045247,0.048836,0.038466,0.062712,0.030757,0.042914,0.039691,0.064277,0.033081,0.044584,76.39,23.61,3.24,75.23,24.77,3.04,55.83,44.17,1.26,47913.0549913,42312.5962771,47913.0549913,42312.5962771,,,,,,,,
2024-02-19,0.0012256,0.0012639,0.0011911,0.0012315,87175697.173,34341395,36415013,32764465,35378121,0.048836,0.101532,0.044099,0.092154,0.042914,0.082587,0.034057,0.076514,0.044584,0.085806,0.036103,0.079011,76.24,23.76,3.21,76.17,23.83,3.2,55.5,44.5,1.25,47342.432452,57289.2086385,47342.432452,57289.2086385,,,,,,,,
2024-02-20,0.0012316,0.0012459,0.0011115,0.0011945,133108126.4924,35378121,35656169,28984834,30804556,0.092154,0.095765,0.030729,0.048853,0.076514,0.089211,0.021944,0.033462,0.079011,0.089714,0.022298,0.034298,76.87,23.13,3.32,77.4,22.6,3.43,59.21,40.79,1.45,234825.3003093,49664.9239497,234825.3003093,49664.9239497,,,,,,,,
2024-02-21,0.0011946,0.0012003,0.0010969,0.0011543,98119781.1545,30804556,30939337,28157684,29837232,0.048853,0.064577,0.023796,0.046046,0.033462,0.054371,0.017833,0.030617,0.034298,0.055142,0.018037,0.030573,78.75,21.25,3.71,77.91,22.09,3.53,58.98,41.02,1.44,212644.0243217,35210.3258776,212644.0243217,35210.3258776,,,,,,,,
2024-02-22,0.0011544,0.001245,0.0011062,0.0012105,145780552.08,29837232,34989089,28710284,33818538,0.046046,0.058548,0.034307,0.045763,0.030617,0.053722,0.023937,0.039552,0.030573,0.053875,0.023747,0.039842,77.89,22.11,3.52,77.25,22.75,3.4,57.39,42.61,1.35,85299.460405,49688.9299549,85299.460405,49688.9299549,,,,,,,,
2024-02-23,0.0012105,0.0014121,0.0011714,0.0011969,412547445.4788,33818538,50732123,32104621,35592816,0.045763,0.099627,0.031552,0.031649,0.039552,0.076204,0.025183,0.025259,0.039842,0.077247,0.024457,0.024922,75.77,24.23,3.13,75.63,24.37,3.1,56.69,43.31,1.31,567784.0318552,288037.8117452,567784.0318552,288037.8117452,,,,,,,,
2024-02-24,0.0011969,0.0013208,0.0011491,0.0013131,167407993.2348,35592816,38564495,33998958,38564495,0.031649,0.063383,0.026222,0.055753,0.025259,0.061868,0.020193,0.043536,0.024922,0.060394,0.0197,0.045625,79.53,20.47,3.89,77.39,22.61,3.42,56.36,43.64,1.29,136209.6342544,79880.6600392,136209.6342544,79880.6600392,,,,,,,,
2024-02-25,0.0013132,0.0013992,0.0012814,0.0013778,180532070.9099,38564495,46005488,37207710,44812561,0.055753,0.087757,0.052747,0.07729,0.043536,0.080784,0.033969,0.066292,0.045625,0.076572,0.037388,0.067634,72.64,27.36,2.66,70.8,29.2,2.43,55.96,44.04,1.27,89207.6283847,154017.4243171,89207.6283847,154017.4243171,,,,,,,,
2024-02-26,0.0013779,0.001892,0.0013447,0.0018099,666698345.1217,44812561,68453939,41602635,67402261,0.07729,0.175453,0.061943,0.171031,0.066292,0.139897,0.038877,0.136869,0.067634,0.139852,0.041388,0.136753,70.52,29.48,2.39,71.19,28.81,2.47,56.56,43.44,1.3,541521.1848935,913308.3303596,541521.1848935,913308.3303596,,,,,,,,
2024-02-27,0.00181,0.002976,0.0017446,0.0026629,2670991141.9628,67402261,139791555,65064413,118959719,0.171031,0.20812,0.10196,0.10196,0.136869,0.177574,0.086442,0.100809,0.136753,0.179744,0.087485,0.088274,63.55,36.45,1.74,65.23,34.77,1.88,53.99,46.01,1.17,1826085.7649246,2519660.1579616,1826085.7649246,2519660.1579616,,,,,,,,
2024-02-28,0.0026636,0.0036494,0.0025777,0.0031813,3606259073.5464,118959719,163818764,113311125,123382991,0.10196,0.18384,0.086173,0.117497,0.100809,0.163991,0.06682,0.089983,0.088274,0.163055,0.068347,0.093298,49.69,50.31,0.99,53.57,46.43,1.15,59.38,40.62,1.46,2598004.5864225,3207308.0841675,2598004.5864225,3207308.0841675,,,,,,,,
2024-02-29,0.0031814,0.00333,0.0026381,0.0027366,1301801248.9173,123382991,135206294,100528647,104518539,0.117497,0.177922,0.115135,0.120555,0.089983,0.166144,0.081398,0.111472,0.093298,0.166067,0.085664,0.112177,56.21,43.79,1.28,59.32,40.68,1.46,63.1,36.9,1.71,1206130.1930408,657611.8297734,1206130.1930408,657611.8297734,,,,,,,,
2024-03-01,0.0027367,0.004347,0.0026737,0.0039945,2665349938.3248,104518539,179651401,102288521,159147785,0.120555,0.16859,0.096459,0.160845,0.111472,0.151802,0.076046,0.147224,0.112177,0.149221,0.080743,0.143595,64.76,35.24,1.84,67.97,32.03,2.12,66.33,33.67,1.97,1452735.8918972,2373369.8096641,1452735.8918972,2373369.8096641,,,,,,,,
2024-03-02,0.0039951,0.0049896,0.0039181,0.0043776,2617206461.4205,159147785,201435623,138743305,146129238,0.160845,0.191424,0.081833,0.081833,0.147224,0.22558,0.067253,0.095806,0.143595,0.21746,0.071885,0.081598,48.8,51.2,0.95,50.69,49.31,1.03,62.38,37.62,1.66,1640955.9417202,2095670.0880673,1640955.9417202,2095670.0880673,,,,,,,,
2024-03-03,0.004378,0.0060363,0.0036047,0.0059277,3445593422.7773,146129238,217409075,118443695,204056780,0.081833,0.209231,0.080254,0.094306,0.095806,0.170213,0.071327,0.079192,0.081598,0.19167,0.062657,0.090554,62.01,37.99,1.63,62.99,37.01,1.7,66.51,33.49,1.99,2091058.3381036,2763590.7571741,2091058.3381036,2763590.7571741,,,,,,,,
2024-03-04,0.0059289,0.0083233,0.0055757,0.0070265,5911992525.685,204056780,276912239,192419858,209728794,0.094306,0.172568,0.069961,0.153043,0.079192,0.258141,0.070918,0.145247,0.090554,0.22259,0.065517,0.144705,49.39,50.61,0.98,53.52,46.48,1.15,65.96,34.04,1.94,3309196.2830338,4121182.4080037,3309196.2830338,4121182.4080037,,,,,,,,
2024-03-05,0.0070293,0.00875,0.0049288,0.0063028,5061252086.4379,209728794,253831049,150742934,175655931,0.153043,0.28428,0.126234,0.126234,0.145247,0.270328,0.102693,0.102693,0.144705,0.256719,0.100615,0.100615,61.63,38.37,1.61,62.27,37.73,1.65,64.22,35.78,1.8,4680065.4632639,3637821.2494677,4680065.4632639,3637821.2494677,,,,,,,,
2024-03-06,0.0063026,0.008274,0.0058944,0.0072109,3298922128.4314,175655931,240237192,168564757,189547844,0.126234,0.126234,0.056284,0.097402,0.102693,0.208999,0.058203,0.110581,0.100615,0.168662,0.050778,0.100711,64.83,35.17,1.84,68.75,31.25,2.2,65.4,34.6,1.89,1797352.0395991,1962509.6815306,1797352.0395991,1962509.6815306,,,,,,,,
2024-03-07,0.0072111,0.00765,0.00641,0.006815,1968783814.1181,189547844,198910807,164480034,170770543,0.097402,0.104901,0.04595,0.06862,0.110581,0.14268,0.065177,0.093666,0.100711,0.125298,0.055132,0.078503,63.6,36.4,1.75,63.26,36.74,1.72,64.08,35.92,1.78,1323784.017343,942490.5526515,1339167.8883998,945237.1621619,,,,,,,,
2024-03-08,0.0068157,0.0095621,0.006759,0.0090266,4532320751.0315,170770543,268314710,168625989,249281456,0.06862,0.18221,0.068555,0.120401,0.093666,0.19668,0.093666,0.127576,0.078503,0.188081,0.078503,0.118579,72.18,27.82,2.6,71.17,28.83,2.47,66.55,33.45,1.99,2123953.6847984,2735484.2684063,2227545.5871547,2853268.1108405,,,,,,,,
2024-03-09,0.0090253,0.009955,0.00845,0.0087737,2367120387.0303,249281456,280271948,226458502,230297341,0.120401,0.17364,0.080461,0.090851,0.127576,0.198524,0.075901,0.104938,0.118579,0.186673,0.066469,0.09283,57.3,42.7,1.34,59.96,40.04,1.5,65.45,34.55,1.89,1503187.4248627,1089713.3742184,1547322.4587784,1119865.7802951,,,,,,,,
2024-03-10,0.008774,0.0093507,0.0082,0.0085492,1830352497.1724,230297341,246809450,211608476,217441889,0.090851,0.130408,0.042864,0.048526,0.104938,0.153607,0.067626,0.07501,0.09283,0.142922,0.053414,0.057533,66.99,33.01,2.03,66.96,33.04,2.03,66.47,33.53,1.98,1152541.9239401,763815.9839958,1193572.9006451,772313.7800362,,,,,,,,
2024-03-11,0.0085492,0.0095874,0.0077657,0.0090515,1797005355.0602,217441889,236587260,195324704,218679633,0.048526,0.162287,0.047225,0.080269,0.07501,0.204236,0.06411,0.104863,0.057533,0.187731,0.050159,0.090668,68.4,31.6,2.17,67.41,32.59,2.07,65.57,34.43,1.9,1056768.1366147,597308.6237743,1119872.8503755,621272.4984477,,,,,,,,
2024-03-12,0.0090522,0.009174,0.0075219,0.0082885,1423811313.4752,218679633,220092976,187120490,200705737,0.080269,0.100369,0.050381,0.081137,0.104863,0.140438,0.05827,0.101403,0.090668,0.124022,0.043733,0.087939,68.14,31.86,2.14,66.01,33.99,1.94,67.5,32.5,2.08,1093797.6038625,477531.6921371,1165891.2513197,490091.6369526,,,,,,,,
2024-03-13,0.008289,0.0093988,0.0081188,0.0090421,2133810283.2153,200705737,245486525,196406955,233921589,0.081137,0.161775,0.072739,0.122541,0.101403,0.203022,0.074653,0.183328,0.087939,0.190361,0.07034,0.160956,72.36,27.64,2.62,71.9,28.1,2.56,69.09,30.91,2.24,970532.3716242,1110815.6228898,986259.5074229,1141221.0439357,,,,,,,,
2024-03-14,0.0090412,0.010888,0.0087511,0.0099682,3844465125.8633,233921589,324771183,221890617,271044934,0.122541,0.280182,0.060824,0.061006,0.183328,0.294055,0.093216,0.104174,0.160956,0.287926,0.083561,0.084016,65.28,34.72,1.88,65.95,34.05,1.94,68.68,31.32,2.19,1820206.7086168,1793157.9684231,1880797.7389552,1868271.00697,,,,,,,,
2024-03-15,0.0099683,0.0103695,0.008245,0.0089318,2431959334.6327,271044934,283511413,219531545,222570332,0.061006,0.091901,0.013507,0.019881,0.104174,0.141169,0.01235,0.043995,0.084016,0.116135,0.01241,0.026843,64.46,35.54,1.81,65.97,34.03,1.94,70.2,29.8,2.36,2026548.7418173,1155541.2065501,2109979.5541407,1192792.6546105,,,,,,,,
2024-03-16,0.0089318,0.0090929,0.007032,0.0074404,1992301991.6053,222570332,225387482,196205621,207874120,0.019881,0.067806,0.016779,0.058645,0.043995,0.080051,0.014779,0.047233,0.026843,0.067366,0.014997,0.048163,72.06,27.94,2.58,70.92,29.08,2.44,70.65,29.35,2.41,2036079.655274,794290.5271,2127527.8186606,809082.9020511,,,,,,,,
2024-03-17,0.0074404,0.0082,0.0068801,0.0078507,1594372006.5271,207874120,209886405,188037685,199810788,0.058645,0.060938,0.01,0.01,0.047233,0.079074,0.01,0.010034,0.048163,0.068824,0.01,0.01011,73.17,26.83,2.73,71.83,28.17,2.55,68.63,31.37,2.19,1005054.5490721,870837.6863468,1025556.7725432,881766.8938686,,,,,,,,
2024-03-18,0.0078508,0.0082173,0.0066025,0.0068171,1280863783.2676,199810788,208362395,166427068,171856951,0.01,0.045152,0.01,0.023108,0.010034,0.060911,0.010034,0.019024,0.01011,0.049505,0.01011,0.019177,74.86,25.14,2.98,69.22,30.78,2.25,67.14,32.86,2.04,1150971.3221401,437195.1224151,1209075.6382576,445576.2618309,,,,,,,,
2024-03-19,0.0068171,0.0074472,0.0058262,0.0066026,2042057232.9794,171856951,194434147,154917342,174991889,0.023108,0.078919,0.012168,0.046659,0.019024,0.077599,0.0115,0.038107,0.019177,0.077229,0.011565,0.038661,75.1,24.9,3.02,71.69,28.31,2.53,70.17,29.83,2.35,2027908.0077338,913761.2143688,2136300.2177424,947294.4556255,,,,,,,,
2024-03-20,0.0066026,0.0086,0.0064194,0.0083869,2160174561.9658,174991889,220734874,169695456,215534472,0.046659,0.047338,0.01,0.034894,0.038107,0.067035,0.01,0.061097,0.038661,0.049255,0.01,0.043294,67.57,32.43,2.08,64.99,35.01,1.86,68.5,31.5,2.18,1015222.9508154,1413444.2877332,1063494.9303326,1490403.7581153,,,,,,,,
2024-03-21,0.0083873,0.0084781,0.007668,0.0078995,1347841548.2919,215534472,215989002,191488336,195169399,0.034894,0.049724,0.01,0.012192,0.061097,0.070949,0.01,0.01738,0.043294,0.049582,0.01,0.015769,63.86,36.14,1.77,61.39,38.61,1.59,69.28,30.72,2.26,782015.0675824,558240.7234672,816264.4360493,568214.0074819,,,,,,,,
2024-03-22,0.0078997,0.0082959,0.0071072,0.0074237,1052843311.662,195169399,202344048,175324886,179985262,0.012192,0.031203,0.01,0.01,0.01738,0.070693,0.01,0.01,0.015769,0.044597,0.01,0.01,65.64,34.36,1.91,63.56,36.44,1.74,71.85,28.15,2.55,758277.7534129,375097.2420944,787341.8039847,390141.2588339,,,,,,,,
2024-03-23,0.0074248,0.0077656,0.0073098,0.0073246,757013219.6827,179985262,191539661,177829539,177967646,0.01,0.023095,0.01,0.012348,0.01,0.075787,0.01,0.013553,0.01,0.047327,0.01,0.013274,73.3,26.7,2.75,70.33,29.67,2.37,70.58,29.42,2.4,420092.6516531,244358.8547632,433471.6109197,255203.2852257,,,,,,,,
2024-03-24,0.0073248,0.0080065,0.0071915,0.0078184,586987411.0566,177967646,197064655,176661255,190653279,0.012348,0.043663,0.01,0.038237,0.013553,0.081506,0.011307,0.07622,0.013274,0.063272,0.010508,0.056355,74.44,25.56,2.91,71.32,28.68,2.49,70.16,29.84,2.35,279334.3022747,411727.0733115,282617.0272436,414866.1297356,,,,,,,,
2024-03-25,0.0078187,0.0085331,0.007442,0.0081028,1049229633.8594,190653279,215731130,176826044,206503321,0.038237,0.096323,0.020701,0.088303,0.07622,0.115888,0.021276,0.087086,0.056355,0.100419,0.020611,0.086877,69.04,30.96,2.23,64.91,35.09,1.85,70.33,29.67,2.37,567757.6075199,481751.3494001,590230.0293373,528512.9656918,,,,,,,,
2024-03-26,0.0081029,0.0087674,0.0078354,0.0080402,969542735.6764,206503321,228015770,192497434,196669072,0.088303,0.102308,0.037665,0.046903,0.087086,0.142509,0.031768,0.087053,0.086877,0.124676,0.031315,0.062839,67.86,32.14,2.11,67.8,32.2,2.11,71.9,28.1,2.56,633681.439623,341296.5831488,656245.8630083,364464.5721839,,,,,,,,
2024-03-27,0.0080402,0.0083747,0.0075118,0.0076289,675496037.4849,196669072,206457646,178833293,181280918,0.046903,0.062936,0.038465,0.03894,0.087053,0.093887,0.036597,0.07596,0.062839,0.072526,0.035124,0.055823,75.63,24.37,3.1,75.79,24.21,3.13,73.01,26.99,2.71,668385.6754665,228620.1693818,691018.3833092,232552.3943475,,,,,,,,
2024-03-28,0.007629,0.0083333,0.0073855,0.0080363,818500391.8654,181280918,216324399,176007445,205619966,0.03894,0.119315,0.038212,0.099948,0.07596,0.139336,0.052523,0.12492,0.055823,0.129499,0.049894,0.112546,79.61,20.39,3.9,79.21,20.79,3.81,72.77,27.23,2.67,435578.7194595,311241.0479638,446018.4373149,316316.525777,,,,,,,,
2024-03-29,0.0080362,0.0080801,0.0075722,0.007753,474124175.633,205619966,206346336,189186654,191993018,0.099948,0.100066,0.053842,0.070088,0.12492,0.132798,0.046487,0.092091,0.112546,0.119716,0.046393,0.083668,75.88,24.12,3.15,74.62,25.38,2.94,71.66,28.34,2.53,337503.1262425,95421.6403163,369500.2110721,96431.3362868,,,,,,,,
2024-03-30,0.0077528,0.0088789,0.0077146,0.0081317,1085905014.8096,191993018,249350860,190787703,219716534,0.070088,0.164792,0.070088,0.100708,0.092091,0.180692,0.063802,0.116987,0.083668,0.1757,0.069755,0.103887,76.98,23.02,3.34,74.92,25.08,2.99,74.25,25.75,2.88,675214.2362975,454072.6131554,700186.4799016,485429.2492598,,,,,,,,
2024-03-31,0.0081317,0.009222,0.0080353,0.008804,1051213972.5038,219716534,265628159,215901154,236797658,0.100708,0.152997,0.066191,0.091226,0.116987,0.17033,0.062466,0.121725,0.103887,0.158676,0.065967,0.106655,69.77,30.23,2.31,70.09,29.91,2.34,73.67,26.33,2.8,469954.2037551,671239.3943895,494755.3130778,706977.0013346,,,,,,,,
2024-04-01,0.0088038,0.0088083,0.00755,0.0079297,920797875.9438,236797658,236797658,189417062,193698558,0.091226,0.103457,0.015839,0.015839,0.121725,0.13369,0.023224,0.03045,0.106655,0.119389,0.020721,0.02569,65.3,34.7,1.88,63.6,36.4,1.75,73.81,26.19,2.82,911192.0505685,241449.5408517,984184.4196066,255226.2005181,,,,,,,,
2024-04-02,0.0079297,0.00794,0.0068997,0.0072589,986525591.6468,193698558,193698558,157272193,162290530,0.015839,0.030903,0.01,0.01,0.03045,0.056196,0.01,0.01,0.02569,0.034683,0.01,0.01,76.78,23.22,3.31,75.96,24.04,3.16,76.27,23.73,3.21,999838.830729,351927.1458332,1081488.7763076,361561.3512059,,,,,,,,
2024-04-03,0.0072585,0.0074531,0.0066,0.0068099,675214875.3172,162290530,166330701,149593622,154349138,0.01,0.022592,0.01,0.017578,0.01,0.06512,0.01,0.019891,0.01,0.036273,0.01,0.017527,73.97,26.03,2.84,70.7,29.3,2.41,74.58,25.42,2.93,760514.0288378,192902.3388576,824873.9644145,203775.3363668,,,,,,,,
2024-04-04,0.0068101,0.0072,0.006612,0.0069251,502700094.2533,154349138,157333450,147038499,152118918,0.017578,0.031012,0.01,0.01,0.019891,0.066614,0.010011,0.011122,0.017527,0.045144,0.01005,0.010551,76.78,23.22,3.31,73.08,26.92,2.72,72.61,27.39,2.65,392059.2503525,248497.0492119,404420.7891568,267887.2604777,,,,,,,,
2024-04-05,0.006925,0.0069938,0.0063475,0.0065753,471432479.6471,152118918,153441703,143430340,149772636,0.01,0.025511,0.01,0.02087,0.011122,0.024791,0.011122,0.018787,0.010551,0.024111,0.010543,0.018804,78.18,21.82,3.58,71.87,28.13,2.56,71.4,28.6,2.5,596694.5955795,187916.0112413,621337.35215,201037.10409,,,,,,,,
2024-04-06,0.0065754,0.0068756,0.0065436,0.0067739,301366810.8273,149772636,154398358,147833195,152598045,0.02087,0.021075,0.01,0.01,0.018787,0.043691,0.010703,0.014598,0.018804,0.026158,0.010334,0.013527,76.19,23.81,3.2,71.54,28.46,2.51,71.3,28.7,2.48,114776.8394585,142306.3043335,119409.9600446,155858.1728557,,,,,,,,
2024-04-07,0.0067739,0.0075352,0.0067277,0.0074518,605966656.302,152598045,165351264,151486425,162090839,0.01,0.011958,0.01,0.01,0.014598,0.048189,0.01,0.048189,0.013527,0.027499,0.01,0.025751,76.28,23.72,3.22,71.06,28.94,2.46,70.43,29.57,2.38,263256.4408239,382340.93982,270133.5118598,407259.8392191,,,,,,,,
2024-04-08,0.0074516,0.0079796,0.0072009,0.0077765,622960300.1837,162090839,177316317,155235368,175091283,0.01,0.037993,0.01,0.037159,0.048189,0.066814,0.01468,0.061986,0.025751,0.05863,0.01175,0.05497,69.56,30.44,2.29,64.86,35.14,1.85,71.09,28.91,2.46,297306.6566962,370934.4874739,310133.7494147,392102.5004943,,,,,,,,
2024-04-09,0.0077766,0.0078812,0.006912,0.0070416,533995596.452,175091283,177150431,154128709,155097509,0.037159,0.044492,0.01,0.01,0.061986,0.065252,0.010522,0.010544,0.05497,0.058516,0.010193,0.010212,69.51,30.49,2.28,65.81,34.19,1.93,70.55,29.45,2.4,639742.197937,95278.5367071,668511.8153381,96894.9545098,,,,,,,,
2024-04-10,0.0070415,0.0072695,0.00665,0.0071407,541131342.4171,155097509,160624517,149564015,155417825,0.01,0.033868,0.01,0.010543,0.010544,0.031667,0.010544,0.019308,0.010212,0.031067,0.010212,0.01795,80.74,19.26,4.19,79.24,20.76,3.82,72.89,27.11,2.69,505350.2975593,387010.9031136,528013.1363469,393847.4459178,,,,,,,,
2024-04-11,0.0071408,0.007575,0.0068116,0.0073175,742384291.1579,155417825,173854811,148074500,165332946,0.010543,0.034985,0.01,0.030387,0.019308,0.063685,0.010031,0.029641,0.01795,0.062491,0.010038,0.029441,74.04,25.96,2.85,69.6,30.4,2.29,72.11,27.89,2.59,444443.2743503,314258.6852683,461623.0523041,324979.4783718,,,,,,,,
2024-04-12,0.0073187,0.0075826,0.004516,0.0059117,1239907287.5702,165332946,174216824,101474210,103187378,0.030387,0.04353,0.01,0.01,0.029641,0.052479,0.01,0.01,0.029441,0.049462,0.01,0.01,74.38,25.62,2.9,73.25,26.75,2.74,70.61,29.39,2.4,1383457.4139012,446837.7299944,1541842.8927903,468767.460413,,,,,,,,
2024-04-13,0.0059116,0.0060484,0.0037585,0.0050416,1498936945.7315,103187378,103400330,66944139,76690147,0.01,0.01,-0.005273,-0.005273,0.01,0.010141,-0.003492,-0.003492,0.01,0.010021,-0.004827,-0.004827,69.31,30.69,2.26,64.15,35.85,1.79,71.34,28.66,2.49,1880424.0230849,782167.7769756,2015837.3193211,825969.4332921,,,,,,,,
2024-04-14,0.0050422,0.0055686,0.0048174,0.005432,1065465362.0297,76690147,88006717,72294487,81854919,-0.005273,0.01,-0.01012,0.01,-0.003492,0.010085,-0.005884,0.01,-0.004827,0.010008,-0.006278,0.01,60.92,39.08,1.56,54.19,45.81,1.18,68.56,31.44,2.18,691171.1674158,746132.4143806,719998.0146448,784568.6801864,,,,,,,,
2024-04-15,0.0054318,0.005823,0.004733,0.0050914,844035044.8319,81854919,85656605,70464784,73540849,0.01,0.01,-0.016473,0.001242,0.01,0.010096,-0.026361,0.00292,0.01,0.010011,-0.020915,0.002541,58.37,41.63,1.4,49.37,50.63,0.98,67.1,32.9,2.04,815357.3801224,388551.2368159,851981.3620755,411545.7167933,,,,,,,,
2024-04-16,0.0050915,0.0055613,0.0047513,0.0054015,882925500.2121,73540849,80538250,66237577,78103946,0.001242,0.01,-0.002083,0.01,0.00292,0.010065,-0.01174,0.01,0.002541,0.010007,-0.009088,0.01,62.45,37.55,1.66,52.96,47.04,1.13,67.87,32.13,2.11,544405.7045873,500105.8003023,578353.4159713,513361.9381118,,,,,,,,
2024-04-17,0.0054014,0.0054845,0.0048612,0.0049111,664582317.678,78103946,79208537,70312031,70850084,0.01,0.01,-0.010874,-0.007008,0.01,0.010056,-0.012427,0.000149,0.01,0.010007,-0.011996,-0.002022,58.35,41.65,1.4,49.61,50.39,0.99,64.93,35.07,1.85,638414.8568999,199818.3575309,677456.7897712,203651.7264298,,,,,,,,
2024-04-18,0.0049112,0.00529,0.0046293,0.00508,580100599.8096,70850084,73937596,65785377,70339314,-0.007008,0.01,-0.009798,0.004719,0.000149,0.010064,-0.006936,0.007224,-0.002022,0.010009,-0.00781,0.00651,67.46,32.54,2.07,57.08,42.92,1.33,64.61,35.39,1.83,528488.5664477,327806.8970453,554537.0334837,353247.6291525,,,,,,,,
2024-04-19,0.0050799,0.0054728,0.0045929,0.0051359,632057568.711,70339314,79990166,62426565,72086609,0.004719,0.01,-0.011399,0.01,0.007224,0.010064,-0.00618,0.01,0.00651,0.010009,-0.007729,0.01,63.69,36.31,1.75,54.38,45.62,1.19,64.81,35.19,1.84,544651.4925647,407988.3439535,566937.0238804,417408.3340155,,,,,,,,
2024-04-20,0.0051359,0.0058934,0.005023,0.005802,489646016.7454,72086609,93135805,70263174,93135805,0.01,0.01,0.00121,0.01,0.01,0.010065,0.004059,0.01,0.01,0.010014,0.003415,0.01,68.59,31.41,2.18,64.17,35.83,1.79,66.26,33.74,1.96,233235.8651503,411640.5143924,245986.7436881,415224.8091286,,,,,,,,
2024-04-21,0.0058018,0.00623,0.0056039,0.0059511,692665469.3606,93135805,96515068,84223796,87118361,0.01,0.01,0.00576,0.006691,0.01,0.010059,-0.016273,0.008354,0.01,0.010013,-0.010222,0.007899,66.73,33.27,2.01,63.8,36.2,1.76,64.04,35.96,1.78,607617.893789,478885.3603309,623718.9218739,500681.1758206,,,,,,,,
2024-04-22,0.0059511,0.0069841,0.0059217,0.0068702,1061742004.1638,87118361,118986473,85592837,118512706,0.006691,0.01,-0.013555,0.000768,0.008354,0.010057,-0.009365,0.000513,0.007899,0.01001,-0.009142,0.000608,68.88,31.12,2.21,64.72,35.28,1.83,66.98,33.02,2.03,485345.8159512,631930.1731428,516907.5008233,678750.6604103,,,,,,,,
2024-04-23,0.0068702,0.0078658,0.0066462,0.0076769,1488150831.0768,118512706,151884223,113853342,144830316,0.000768,0.01,0.0005,0.01,0.000513,0.010079,-0.008054,0.009999,0.000608,0.01001,-0.004121,0.009997,58.95,41.05,1.44,57.23,42.77,1.34,62.74,37.26,1.68,769042.5588882,837102.5209709,819495.1692138,914051.4401843,,,,,,,,
2024-04-24,0.0076765,0.0081888,0.0070483,0.0072463,1485690294.6516,144830316,153423972,126469209,129138018,0.01,0.01,0.004818,0.01,0.009999,0.021779,0.007217,0.01008,0.009997,0.018838,0.005835,0.010007,53.42,46.58,1.15,53.14,46.86,1.13,63.0,37.0,1.7,1040660.287623,687360.6088213,1150673.6794066,764868.0727484,,,,,,,,
2024-04-25,0.0072463,0.0080899,0.0069518,0.0077785,1376054652.8757,129138018,156256667,127543934,140448489,0.01,0.01,0.01,0.01,0.01008,0.014125,0.004244,0.008612,0.010007,0.013731,0.004996,0.00928,60.95,39.05,1.56,60.62,39.38,1.54,67.24,32.76,2.05,784266.6146169,785938.0848664,816139.3216042,849619.6724895,1447932.2891,200974767.0,1888096.013,259254750.0,1447932.2891,200974767.0,1888096.013,259254750.0
2024-04-26,0.0077784,0.0078888,0.0072204,0.0073724,1004315616.4297,140448489,141156903,123665253,126769980,0.01,0.01,-0.004722,0.01,0.008612,0.010087,-0.009623,0.010072,0.00928,0.010008,-0.006713,0.010005,55.07,44.93,1.23,51.5,48.5,1.06,65.98,34.02,1.94,774374.5499629,340201.322933,892393.5575747,366939.5110668,2201074.7938,284606022.0,2048030.8015,262008521.0,2201074.7938,284606022.0,2048030.8015,262008521.0
2024-04-27,0.0073725,0.0074244,0.006668,0.0072024,917273998.2901,126769980,127654796,111215919,116137149,0.01,0.01,-0.007372,0.006773,0.010072,0.011314,-0.000651,0.008453,0.010005,0.010248,-0.003253,0.007911,66.64,33.36,2.0,62.31,37.69,1.65,65.84,34.16,1.93,735608.6300726,382091.5115387,812523.1566192,421472.142587,1917444.7273,261415569.0,1722378.94,232517456.0,1917444.7273,261415569.0,1722378.94,232517456.0
2024-04-28,0.0072025,0.0077628,0.0071246,0.0072219,736924946.8271,116137149,126955239,113761296,114094128,0.006773,0.01,-0.007969,0.01,0.008453,0.0111,-0.001644,0.010414,0.007911,0.01024,-0.003417,0.010096,67.98,32.02,2.12,63.83,36.17,1.77,66.7,33.3,2.0,455331.5476166,319252.7335887,489661.6446311,341319.6062036,1808409.6067,252408972.0,1477380.8409,204172121.0,1808409.6067,252408972.0,1477380.8409,204172121.0
2024-04-29,0.0072219,0.0074871,0.0067842,0.0073579,802837723.8372,114094128,119255301,109015515,117981444,0.01,0.01,-0.001968,0.01,0.010414,0.010414,-0.011324,0.010026,0.010096,0.010096,-0.006666,0.009999,65.93,34.07,1.94,63.17,36.83,1.72,66.49,33.51,1.98,433724.8412445,333911.1969107,457003.1891905,352178.8834674,1929623.0228,268817034.0,1748616.1687,241157263.0,1929623.0228,268817034.0,1748616.1687,241157263.0
2024-04-30,0.0073586,0.007595,0.0063331,0.0066672,1325803120.8668,117981444,129600830,108359177,113683017,0.01,0.01,-0.023569,-0.02189,0.010026,0.01008,-0.01014,-0.008073,0.009999,0.010008,-0.013627,-0.01218,64.1,35.9,1.79,60.32,39.68,1.52,67.16,32.84,2.05,1022821.9045878,496069.6199643,1097888.1861761,518719.8255442,1649345.6199,225279732.0,1724787.1262,233130930.0,1649345.6199,225279732.0,1724787.1262,233130930.0
2024-05-01,0.0066671,0.0073,0.00592,0.0069879,1585764439.0104,113683017,114620985,98308055,106196685,-0.02189,0.01,-0.023618,0.01,-0.008073,0.010104,-0.018601,0.009997,-0.01218,0.010017,-0.019504,0.009997,71.78,28.22,2.54,65.23,34.77,1.88,62.77,37.23,1.69,1004253.9135548,822632.1909004,1111712.6102861,874119.1156019,1985553.3954,299445845.0,1793278.0153,267594097.0,1985553.3954,299445845.0,1793278.0153,267594097.0
2024-05-02,0.0069878,0.0078764,0.0066656,0.0075411,1543130127.9428,106196685,144492338,97700065,139561066,0.01,0.01,0.000944,0.01,0.009997,0.010107,0.001682,0.008558,0.009997,0.010016,0.001795,0.006663,64.79,35.21,1.84,58.12,41.88,1.39,62.97,37.03,1.7,582030.9987897,881467.2232911,616562.0234575,954016.890386,1871085.1712,269491891.0,1796314.8094,255994186.0,1871085.1712,269491891.0,1796314.8094,255994186.0
2024-05-03,0.0075418,0.0083279,0.007454,0.0080717,1416802223.5985,139561066,167536857,137794264,149616826,0.01,0.01,0.01,0.01,0.008558,0.011895,0.005208,0.006237,0.006663,0.010944,0.00591,0.007747,50.65,49.35,1.03,51.03,48.97,1.04,62.0,38.0,1.63,687470.9963491,792095.6293142,742883.2505818,872418.4885578,2429048.4555,323927556.0,1993726.0601,263105939.0,2429048.4555,323927556.0,1993726.0601,263105939.0
2024-05-04,0.0080718,0.0089911,0.00801,0.0086737,1194998027.835,149616826,179422867,149036049,173550156,0.01,0.01,0.01,0.01,0.006237,0.023551,0.006136,0.009629,0.007747,0.020443,0.007725,0.010259,50.87,49.13,1.04,47.77,52.23,0.92,63.45,36.55,1.74,407786.7508699,674898.8324642,435993.4316756,743015.8680397,2281729.0366,283766008.0,2137306.5385,263149496.0,2281729.0366,283766008.0,2137306.5385,263149496.0
2024-05-05,0.0086733,0.0087995,0.0082531,0.0085314,882562646.7097,173550156,174913130,151000642,161933350,0.01,0.01,0.01,0.01,0.009629,0.018712,0.007732,0.008625,0.010259,0.016778,0.009192,0.009543,47.37,52.63,0.9,46.58,53.42,0.87,64.12,35.88,1.79,499987.840408,379856.6181349,532194.6901139,404979.0874385,2349541.433,272154662.0,2191427.558,251277243.0,2349541.433,272154662.0,2191427.558,251277243.0
2024-05-06,0.0085313,0.0091856,0.0083155,0.0083491,1162553168.5352,161933350,177624887,154142407,154557754,0.01,0.01,0.01,0.01,0.008625,0.010906,0.007576,0.010009,0.009543,0.010576,0.009262,0.01,52.49,47.51,1.11,51.36,48.64,1.06,64.29,35.71,1.8,592975.8791888,500578.5764124,634840.5449084,560394.2834507,2271545.8428,267426253.0,2175873.7605,253685837.0,2271545.8428,267426253.0,2175873.7605,253685837.0
2024-05-07,0.0083491,0.0086488,0.0078888,0.0079026,821100894.5267,154557754,159633090,137269756,138484324,0.01,0.01,0.01,0.01,0.010009,0.010404,0.007469,0.010389,0.01,0.010105,0.009495,0.010095,54.65,45.35,1.21,51.27,48.73,1.05,65.67,34.33,1.91,588644.3461723,255119.6204501,633863.3867047,285785.7012252,2639598.9033,318031429.0,2055315.2215,245113026.0,2639598.9033,318031429.0,2055315.2215,245113026.0
2024-05-08,0.0079028,0.0082539,0.0076123,0.0079604,853977710.1261,138484324,143358075,130404900,138772397,0.01,0.01,0.01,0.01,0.010389,0.011271,0.008233,0.00862,0.010095,0.01037,0.008567,0.008844,61.83,38.17,1.62,60.4,39.6,1.53,66.85,33.15,2.02,632531.2852813,478315.8765581,708057.5632329,500355.2204883,3309395.8698,421275775.0,1954787.582,246110743.0,3309395.8698,421275775.0,1954787.582,246110743.0
2024-05-09,0.0079604,0.0087522,0.0078961,0.0085376,1075478457.2109,138772397,169799604,138643972,165036628,0.01,0.01,0.01,0.01,0.00862,0.010741,0.00862,0.009628,0.008844,0.01016,0.008844,0.008984,63.12,36.88,1.71,59.56,40.44,1.47,66.24,33.76,1.96,362225.3504435,587771.241691,398833.0885354,646278.4541125,2046892.0701,258617466.0,1899034.8545,237680089.0,2046892.0701,258617466.0,1899034.8545,237680089.0
2024-05-10,0.0085377,0.0088161,0.0081535,0.0084032,991028601.1865,165036628,181332385,160169312,170214511,0.01,0.01,0.007399,0.01,0.009628,0.009925,0.003101,0.009141,0.008984,0.009535,0.003918,0.008981,52.82,47.18,1.12,50.05,49.95,1.0,66.81,33.19,2.01,520624.4499783,306636.7670554,566872.7859637,332150.8092073,2401243.9112,282374341.0,2174580.4655,253318825.0,2401243.9112,282374341.0,2174580.4655,253318825.0
2024-05-11,0.0084033,0.0089498,0.0083638,0.0085075,822243569.9247,170214511,189148802,170214511,178290134,0.01,0.01,-0.020508,-0.020495,0.009141,0.009989,-0.01116,-0.011114,0.008981,0.009842,-0.013032,-0.012992,55.52,44.48,1.25,52.95,47.05,1.13,70.91,29.09,2.44,342997.4592883,315226.1859519,367190.6292282,344717.1063623,2325123.5915,278107391.0,2098528.7037,248501672.0,2325123.5915,278107391.0,2098528.7037,248501672.0
2024-05-12,0.0085075,0.00897,0.008484,0.0087449,699135642.4481,178290134,211949580,173742644,193555439,-0.020495,0.01,-0.023811,-0.001401,-0.011114,0.010046,-0.013406,0.003974,-0.012992,0.010017,-0.01577,0.002274,55.01,44.99,1.22,51.37,48.63,1.06,69.24,30.76,2.25,110296.5221768,261261.4655893,117405.9367634,283663.2621295,2445531.6353,289331282.0,4015037.4153,469588336.0,2445531.6353,289331282.0,4015037.4153,469588336.0
2024-05-13,0.008745,0.01131,0.0082913,0.0099128,2861838171.8755,193555439,293397944,173676381,261519143,-0.001401,0.01,-0.007999,0.01,0.003974,0.015671,-0.020329,0.009399,0.002274,0.014777,-0.016144,0.008934,49.33,50.67,0.97,50.49,49.51,1.02,68.06,31.94,2.13,1059449.2449563,1204585.1289185,1132335.6128671,1462588.6290995,2536808.6317,291265244.0,2268112.8317,257883566.0,2536808.6317,291265244.0,2268112.8317,257883566.0
2024-05-14,0.009913,0.0114949,0.0098225,0.0105653,3595067942.2523,261519143,329335145,260162204,274020841,0.01,0.01,-0.007172,-0.005752,0.009399,0.022659,-0.010461,0.00133,0.008934,0.019533,-0.00998,-0.001407,41.55,58.45,0.71,44.5,55.5,0.8,70.39,29.61,2.38,1289861.0935607,1422566.5910113,1464481.303489,1622772.6583064,1916899.9291,194364678.0,2217256.8184,222521189.0,1916899.9291,194364678.0,2217256.8184,222521189.0
2024-05-15,0.0105653,0.0115999,0.0099367,0.010501,2904041967.0699,274020841,335183366,244489387,247681978,-0.005752,0.01,-0.020079,-0.000717,0.00133,0.014772,-0.00625,0.004324,-0.001407,0.010186,-0.011314,0.002606,42.33,57.67,0.73,43.76,56.24,0.78,67.33,32.67,2.06,1062183.1041533,1312130.6033424,1172502.2598718,1451634.4103523,1916899.9291,194364678.0,2217256.8184,222521189.0,1916899.9291,194364678.0,2217256.8184,222521189.0
2024-05-16,0.0105008,0.010817,0.0096069,0.0100336,1401168879.9328,247681978,256376090,226448773,233687009,-0.000717,0.01,-0.01379,0.01,0.004324,0.020355,-0.003831,0.008933,0.002606,0.017985,-0.008456,0.00793,50.09,49.91,1.0,47.53,52.47,0.91,68.8,31.2,2.21,777346.6522827,477209.1743092,840622.7724679,512543.8145949,2324097.3783,221982896.0,2052183.2828,194162076.0,2324097.3783,221982896.0,2052183.2828,194162076.0
2024-05-17,0.0100336,0.0104439,0.0098298,0.010165,944788125.942,233687009,242954290,228185475,236160309,0.01,0.01,-0.016724,0.01,0.008933,0.025222,-0.004276,0.010055,0.00793,0.019489,-0.008333,0.009341,55.12,44.88,1.23,55.07,44.93,1.23,69.94,30.06,2.33,399135.8051769,393364.9051082,426807.7842365,442061.6693455,2466661.9409,246965936.0,1924942.7371,190957308.0,2466661.9409,246965936.0,1924942.7371,190957308.0
2024-05-18,0.0101651,0.0104636,0.0091644,0.0095332,900292679.6139,236160309,245729045,218288438,222261427,0.01,0.01,-0.024694,-0.013342,0.010055,0.028042,-0.008625,-0.002565,0.009341,0.022737,-0.011467,-0.004599,57.86,42.14,1.37,57.02,42.98,1.33,69.02,30.98,2.23,470711.1314947,245171.4717802,534500.471729,259368.2984584,3205201.4167,316912962.0,2245041.1009,219736582.0,3205201.4167,316912962.0,2245041.1009,219736582.0
2024-05-19,0.0095332,0.009592,0.0088719,0.0091465,718519862.5355,222261427,222348816,207162247,210896221,-0.013342,0.01,-0.013442,0.01,-0.002565,0.010276,-0.002631,0.010166,-0.004599,0.010089,-0.004674,0.010045,66.01,33.99,1.94,62.58,37.42,1.67,67.79,32.21,2.11,640848.2638365,225397.5162998,686567.540719,228559.565807,2283318.5125,240643022.0,2353140.2932,245521580.0,2283318.5125,240643022.0,2353140.2932,245521580.0
2024-05-20,0.0091465,0.0115,0.0089447,0.0114217,1580554815.1509,210896221,284179036,205986951,284179036,0.01,0.027526,-0.003563,0.027526,0.010166,0.077733,0.002552,0.077733,0.010045,0.063944,0.001047,0.063944,66.56,33.44,1.99,65.67,34.33,1.91,69.11,30.89,2.24,650420.2302518,1304855.5496081,699257.4907671,1486620.2726319,2259584.9626,248413686.0,1912513.2468,208160764.0,2259584.9626,248413686.0,1912513.2468,208160764.0
2024-05-21,0.0114216,0.014298,0.0108231,0.0138438,3059218659.2601,284179036,397756222,270201964,392947633,0.027526,0.06351,0.01,0.04302,0.077733,0.11299,0.014651,0.043088,0.063944,0.094674,0.012448,0.042604,50.73,49.27,1.03,47.04,52.96,0.89,67.08,32.92,2.04,924902.6813178,1575761.2340913,1038619.6094401,1890863.4593176,2575965.6618,227024231.0,1918950.2419,167191949.0,2575965.6618,227024231.0,1918950.2419,167191949.0
2024-05-22,0.013844,0.0143491,0.0125441,0.0133986,2870595832.4896,392947633,422011885,366443456,373496976,0.04302,0.052994,0.01,0.01,0.043088,0.057473,0.009998,0.01336,0.042604,0.053853,0.009997,0.012671,37.31,62.69,0.6,37.05,62.95,0.59,69.2,30.8,2.25,1175504.2649706,1043849.3621958,1307744.7426939,1184724.7174823,2587104.4922,187680917.0,2651301.4301,190361532.0,2587104.4922,187680917.0,2651301.4301,190361532.0
2024-05-23,0.0133987,0.01582,0.0123,0.0149396,3482015753.6611,373496976,436592121,352279702,407095434,0.01,0.025934,0.01,0.011716,0.01336,0.037733,0.008608,0.010294,0.012671,0.033948,0.009525,0.00991,43.57,56.43,0.77,48.35,51.65,0.94,72.67,27.33,2.66,1426291.2001668,1875401.6591461,1539494.9172489,2043746.9018064,2126269.9415,159309629.0,2391697.0601,177465037.0,2126269.9415,159309629.0,2391697.0601,177465037.0
2024-05-24,0.0149395,0.0151656,0.0134501,0.0141589,1714231904.8446,407095434,411861303,355738950,359668732,0.011716,0.016219,0.01,0.01,0.010294,0.013866,0.009109,0.009999,0.00991,0.01395,0.008626,0.009994,44.4,55.6,0.8,47.42,52.58,0.9,71.66,28.34,2.53,720906.8416987,517432.1110789,795339.4334717,564111.1619303,2251899.9391,151378116.0,2619033.099,174260567.0,2251899.9391,151378116.0,2619033.099,174260567.0
2024-05-25,0.0141589,0.015888,0.0141221,0.0149854,1696392944.7118,359668732,438326096,359163002,399529537,0.01,0.05958,0.01,0.01,0.009999,0.05431,0.009998,0.010696,0.009994,0.054023,0.009994,0.01025,51.89,48.11,1.08,54.84,45.16,1.21,71.99,28.01,2.57,467961.3962964,898904.4058418,517555.9624593,1013895.0103982,2251899.9391,151378116.0,2619033.099,174260567.0,2251899.9391,151378116.0,2619033.099,174260567.0
2024-05-26,0.0149855,0.0164371,0.0146209,0.0160312,1873293973.2627,399529537,468485373,388679878,441442516,0.01,0.054833,0.01,0.013445,0.010696,0.051563,0.009998,0.012243,0.01025,0.051615,0.009994,0.012319,45.31,54.69,0.83,47.67,52.33,0.91,70.75,29.25,2.42,451834.115572,847499.0339157,512293.9030066,960050.6289306,2579409.5833,172992884.0,3426000.9511,227502441.0,2579409.5833,172992884.0,3426000.9511,227502441.0
2024-05-27,0.0160314,0.0172768,0.016002,0.0167245,2060928201.8214,441442516,490193416,427609978,434119843,0.013445,0.036972,0.01,0.018848,0.012243,0.054042,0.009999,0.019805,0.012319,0.050778,0.009995,0.019524,39.62,60.38,0.66,40.71,59.29,0.69,69.6,30.4,2.29,731254.9186647,1008921.6238593,801858.4265551,1092236.5730343,2777388.5818,173893589.0,2920399.4804,181095313.0,2777388.5818,173893589.0,2920399.4804,181095313.0
2024-05-28,0.0167246,0.0171576,0.0156353,0.0160127,1966368098.9451,434119843,451083988,394938615,412844001,0.018848,0.047807,0.01,0.044195,0.019805,0.064111,0.010843,0.0424,0.019524,0.059013,0.010275,0.042455,44.94,55.06,0.82,43.69,56.31,0.78,69.27,30.73,2.25,985990.0220218,644803.4970619,1100426.4038668,717593.6255,3173728.9474,190623644.0,3919702.7839,233217518.0,3173728.9474,190623644.0,3919702.7839,233217518.0
2024-05-29,0.0160126,0.016609,0.01434,0.014775,1764706747.1575,412844001,427313949,353027666,359552911,0.044195,0.059063,0.01,0.015911,0.0424,0.063878,0.011647,0.025631,0.042455,0.06232,0.010665,0.023262,56.09,43.91,1.28,55.78,44.22,1.26,70.18,29.82,2.35,939298.6885976,408247.9373337,1084397.4489392,425694.878822,3489702.9766,218867543.0,2968497.6198,184349879.0,3489702.9766,218867543.0,2968497.6198,184349879.0
2024-05-30,0.014775,0.0152331,0.0131778,0.0144263,2083848563.7741,359552911,369605025,336401625,342052400,0.015911,0.049789,0.01,0.01,0.025631,0.063245,0.009843,0.010933,0.023262,0.061645,0.009794,0.01026,62.82,37.18,1.69,61.88,38.12,1.62,72.28,27.72,2.61,1124876.1822972,758729.558984,1238706.8479675,829955.7714596,3286776.3528,223497552.0,2890506.2077,194756054.0,3286776.3528,223497552.0,2890506.2077,194756054.0
2024-05-31,0.0144262,0.0158198,0.0142662,0.0154276,1889904964.4838,342052400,387377540,338899311,375211928,0.01,0.018536,0.01,0.01,0.010933,0.034586,0.009586,0.013794,0.01026,0.031885,0.009511,0.013204,62.17,37.83,1.64,59.34,40.66,1.46,72.04,27.96,2.58,672249.4939717,721504.4137052,728595.316313,826380.4183267,2769360.7931,193057891.0,2515131.8864,173634109.0,2769360.7931,193057891.0,2515131.8864,173634109.0
2024-06-01,0.0154275,0.0157778,0.0147719,0.0148707,1043685774.5838,375211928,391776051,359637682,361496577,0.01,0.03385,0.01,0.03385,0.013794,0.044295,0.010564,0.035948,0.013204,0.041906,0.010291,0.035581,54.24,45.76,1.19,51.1,48.9,1.05,71.4,28.6,2.5,411793.3182938,294715.1360577,444200.7836351,312796.6391859,3056297.3659,199099143.0,2556394.7772,164973428.0,3056297.3659,199099143.0,2556394.7772,164973428.0
2024-06-02,0.014871,0.015108,0.0138915,0.0146339,996309055.7559,361496577,366168388,338012647,353434845,0.03385,0.050419,0.01,0.01,0.035948,0.073689,0.012263,0.012674,0.035581,0.065721,0.011723,0.011963,58.39,41.61,1.4,54.81,45.19,1.21,71.77,28.23,2.54,933720.2619593,391146.5345742,1007031.5707273,417197.4545313,2876079.6527,194412358.0,3706805.953,248096008.0,2876079.6527,194412358.0,3706805.953,248096008.0
2024-06-03,0.0146338,0.0156715,0.0143372,0.0144511,1206791862.5461,353434845,376060842,339458945,340859523,0.01,0.050765,0.01,0.016826,0.012674,0.055826,0.011241,0.018445,0.011963,0.054705,0.0107,0.01795,61.36,38.64,1.59,54.87,45.13,1.22,73.03,26.97,2.71,517796.8152869,324076.4275132,556866.8299584,336183.8256708,3939442.4618,270460153.0,2430213.6414,165250192.0,3939442.4618,270460153.0,2430213.6414,165250192.0
2024-06-04,0.0144511,0.014798,0.014,0.0143723,875820166.7756,340859523,353038736,332882172,338636085,0.016826,0.018699,0.01,0.01,0.018445,0.057411,0.011147,0.018997,0.01795,0.04761,0.010861,0.017078,64.23,35.77,1.8,60.18,39.82,1.51,74.59,25.41,2.94,436191.099071,183964.707421,466756.8207736,192337.2094498,3077684.3671,214429851.0,2877114.1629,198168247.0,3077684.3671,214429851.0,2877114.1629,198168247.0
2024-06-05,0.0143724,0.0150907,0.014074,0.0145939,984956017.1421,338636085,347097269,324580772,329274464,0.01,0.043369,0.01,0.028636,0.018997,0.062308,0.011543,0.049179,0.017078,0.056574,0.011066,0.043049,68.91,31.09,2.22,63.28,36.72,1.72,73.59,26.41,2.79,404706.9107571,201981.6482647,429026.2393467,225475.6135045,2604222.5224,182030849.0,3158096.9483,218522594.0,2604222.5224,182030849.0,3158096.9483,218522594.0
2024-06-06,0.0145939,0.0152369,0.0142141,0.0143598,840810810.4434,329274464,352615638,325321990,332784352,0.028636,0.032165,0.010276,0.015401,0.049179,0.060465,0.016749,0.033304,0.043049,0.049693,0.016358,0.028349,66.59,33.41,1.99,62.72,37.28,1.68,75.06,24.94,3.01,377366.4355321,139504.8764299,442879.9655959,157439.3494274,2643926.9064,182028434.0,2783085.7292,189752877.0,2643926.9064,182028434.0,2783085.7292,189752877.0
2024-06-07,0.0143597,0.0145377,0.01112,0.0127798,1535436927.0947,332784352,339235934,247810875,269362598,0.015401,0.036415,0.01,0.01,0.033304,0.059267,0.009649,0.009679,0.028349,0.051856,0.009084,0.009095,70.38,29.62,2.38,66.18,33.82,1.96,73.65,26.35,2.8,1379740.0880871,427407.5509786,1850551.1318303,445555.8087908,3197588.9389,223909909.0,2777936.377,192574454.0,3197588.9389,223909909.0,2777936.377,192574454.0
2024-06-08,0.0127792,0.0132186,0.0119603,0.0121144,989990610.2305,269362598,278122587,263411691,266943593,0.01,0.01,0.004119,0.01,0.009679,0.010227,0.006206,0.010227,0.009095,0.010133,0.004845,0.010133,69.72,30.28,2.3,66.66,33.34,2.0,73.6,26.4,2.79,656799.3666207,283721.4146293,740577.0097043,298802.9920876,2782689.2527,219796831.0,2019205.0866,157802946.0,2782689.2527,219796831.0,2019205.0866,157802946.0
2024-06-09,0.0121144,0.01295,0.0118512,0.0127512,800118361.8258,266943593,283330140,263175230,276862601,0.01,0.01,0.01,0.01,0.010227,0.010595,0.009594,0.009602,0.010133,0.010413,0.009106,0.009124,70.4,29.6,2.38,65.65,34.35,1.91,72.84,27.16,2.68,291781.2645227,328575.8153249,312731.4867349,356270.9065496,2005909.2505,166332983.0,1927873.1374,158471164.0,2005909.2505,166332983.0,1927873.1374,158471164.0
2024-06-10,0.0127501,0.0131323,0.0120443,0.0120847,804607351.8355,276862601,278687611,254227099,257188635,0.01,0.01,0.01,0.01,0.009602,0.010224,-0.020215,0.010224,0.009124,0.010196,-0.013817,0.010196,67.83,32.17,2.11,60.04,39.96,1.5,71.6,28.4,2.52,534141.2718018,228055.5523138,596988.3303226,263345.8392553,2543479.6917,200169881.0,1935186.8066,151060424.0,2543479.6917,200169881.0,1935186.8066,151060424.0
2024-06-11,0.0120847,0.0129971,0.0111989,0.0127355,1514673274.6461,257188635,294410262,247101686,283650904,0.01,0.01,0.01,0.01,0.010224,0.015541,0.008698,0.00963,0.010196,0.014547,0.009064,0.009248,71.22,28.78,2.48,64.99,35.01,1.86,72.1,27.9,2.58,729240.4700424,493689.2201512,786652.2625334,546193.1797724,3297804.6386,274360336.0,1950058.186,160663032.0,3297804.6386,274360336.0,1950058.186,160663032.0
2024-06-12,0.0127355,0.0139181,0.012109,0.0132106,1592576558.0297,283650904,313098869,265330334,293121303,0.01,0.01,0.01,0.01,0.00963,0.012654,0.00945,0.010242,0.009248,0.012209,0.008876,0.010149,66.11,33.89,1.95,60.19,39.81,1.51,70.34,29.66,2.37,760856.5383573,590502.151467,834521.8501487,661385.115096,2338134.2521,184628966.0,1947298.9224,152221914.0,2338134.2521,184628966.0,1947298.9224,152221914.0
2024-06-13,0.0132106,0.0133539,0.011713,0.0119077,1006411189.6293,293121303,296853900,259159007,262964716,0.01,0.01,0.01,0.01,0.010242,0.011735,-0.004101,0.01001,0.010149,0.01058,-0.002534,0.010004,66.81,33.19,2.01,60.68,39.32,1.54,71.19,28.81,2.47,810095.8946224,189911.3757088,883354.2970827,195897.4390528,2227034.9526,169282665.0,2013194.891,151675206.0,2227034.9526,169282665.0,2013194.891,151675206.0
2024-06-14,0.0119076,0.0122675,0.0105707,0.0113679,1255500298.2364,262964716,270495821,244195477,252401010,0.01,0.01,-0.003553,0.002716,0.01001,0.01029,-0.000976,0.006139,0.010004,0.01009,-0.001133,0.005676,73.68,26.32,2.8,68.74,31.26,2.2,72.5,27.5,2.64,907033.3176779,377369.9160483,1002589.0603399,399965.9040581,1763432.1292,148639946.0,1948017.9396,162714334.0,1763432.1292,148639946.0,1948017.9396,162714334.0
2024-06-15,0.0113673,0.0122961,0.0113231,0.0118436,809129492.9284,252401010,283547975,251504316,269572010,0.002716,0.01,-0.000757,0.01,0.006139,0.010549,0.003286,0.010546,0.005676,0.010236,0.003145,0.010236,71.84,28.16,2.55,64.17,35.83,1.79,72.55,27.45,2.64,285256.4770075,297836.4664185,303619.2860978,302823.4249519,1814665.0846,160106931.0,1640410.168,143388353.0,1814665.0846,160106931.0,1640410.168,143388353.0
2024-06-16,0.0118436,0.0124531,0.011444,0.0123026,757207202.7701,269572010,288697374,257846910,281921149,0.01,0.01,0.007227,0.01,0.010546,0.010574,0.008556,0.009904,0.010236,0.010248,0.00837,0.009765,71.99,28.01,2.57,66.68,33.32,2.0,72.13,27.87,2.59,231876.3756422,250954.6323289,246131.5058921,285857.2745004,2330892.8852,197987210.0,1953330.7595,164406806.0,2330892.8852,197987210.0,1953330.7595,164406806.0
2024-06-17,0.0123048,0.012424,0.010655,0.0111616,1137125588.2593,281921149,284130578,239925758,241709709,0.01,0.01,0.001561,0.008592,0.009904,0.010324,-0.001764,0.009218,0.009765,0.010174,-0.000395,0.009092,70.23,29.77,2.36,68.44,31.56,2.17,72.62,27.38,2.65,866302.8427104,311883.1726282,943209.0748357,342004.2140493,2349037.368,191785376.0,1815037.8034,146955296.0,2349037.368,191785376.0,1815037.8034,146955296.0
2024-06-18,0.011162,0.0112451,0.0095055,0.0109641,1573490728.7552,241709709,242921779,212589626,237958154,0.008592,0.01,-0.007414,0.008835,0.009218,0.010059,-0.009135,0.00939,0.009092,0.01002,-0.008735,0.009322,73.33,26.67,2.75,69.31,30.69,2.26,72.93,27.07,2.69,864003.6298535,489534.6682105,1027437.2667448,508906.8531352,2540845.3888,228744128.0,2260201.0763,201620165.0,2540845.3888,228744128.0,2260201.0763,201620165.0
2024-06-19,0.0109649,0.0118965,0.0107537,0.0113449,1183744751.8635,237958154,260924618,232691507,233607658,0.008835,0.01,0.003558,0.01,0.00939,0.010048,-0.000206,0.009763,0.009322,0.010018,0.000799,0.009532,67.63,32.37,2.09,62.35,37.65,1.66,70.78,29.22,2.42,445988.4061652,526508.0831857,492025.2941928,585559.7135284,2232273.0115,204495518.0,1713024.707,155566841.0,2232273.0115,204495518.0,1713024.707,155566841.0
2024-06-20,0.011345,0.0122489,0.010824,0.0109885,1247944778.6738,233607658,259423342,218143325,218559912,0.01,0.01,-0.017348,0.006596,0.009763,0.009946,-0.02052,0.006909,0.009532,0.009829,-0.019946,0.006899,67.85,32.15,2.11,65.37,34.63,1.89,72.04,27.96,2.58,640426.5874197,421283.8941998,678385.0746701,452698.4817179,2461410.7392,217843385.0,2273636.4848,199494747.0,2461410.7392,217843385.0,2273636.4848,199494747.0
2024-06-21,0.0109885,0.0117558,0.0105436,0.0114103,1183430181.5835,218559912,237164122,210029773,230839587,0.006596,0.01,-0.014305,0.009177,0.006909,0.010113,-0.021764,0.009313,0.006899,0.010032,-0.018553,0.00885,73.61,26.39,2.79,69.56,30.44,2.29,70.94,29.06,2.44,649430.7763222,480872.176779,699141.542827,521126.705855,2329853.5129,213233566.0,2065252.6058,187208891.0,2329853.5129,213233566.0,2065252.6058,187208891.0
2024-06-22,0.011408,0.0116373,0.0111604,0.0114162,532672975.7447,230839587,237821247,227288784,232886923,0.009177,0.01,-0.003735,0.01,0.009313,0.010184,0.001959,0.009998,0.00885,0.010054,0.00111,0.009998,68.5,31.5,2.18,66.8,33.2,2.01,68.76,31.24,2.2,238795.0316828,106400.2547599,248454.1492538,126123.9463474,2461927.9319,216977517.0,1906416.8378,166412898.0,2461927.9319,216977517.0,1906416.8378,166412898.0
2024-06-23,0.0114174,0.0118424,0.0108146,0.0109077,706024493.862,232886923,248804326,216221323,218998567,0.01,0.01,-0.007353,0.008845,0.009998,0.010577,-0.00064,0.009405,0.009998,0.010303,-0.00204,0.009295,70.31,29.69,2.37,66.31,33.69,1.97,70.03,29.97,2.34,388528.7207978,128719.4433681,425684.403273,145089.3263641,2886585.559,253899221.0,2929240.6342,255570207.0,2886585.559,253899221.0,2929240.6342,255570207.0
2024-06-24,0.0109078,0.0113291,0.0099233,0.0112922,1238798040.8134,218998567,233335814,205715695,230120445,0.008845,0.01,0.000627,0.006372,0.009405,0.009995,-0.013833,0.008072,0.009295,0.009945,-0.009352,0.007686,73.15,26.85,2.72,68.35,31.65,2.16,70.07,29.93,2.34,729119.7270079,372453.4563248,908424.54016,444433.3491213,2695276.2137,248393685.0,2562039.1956,233876463.0,2695276.2137,248393685.0,2562039.1956,233876463.0
2024-06-25,0.0112924,0.0130708,0.0112604,0.0128475,1448008497.1841,230120445,292920028,229582047,290035638,0.006372,0.01,0.004744,0.01,0.008072,0.010198,0.007101,0.010156,0.007686,0.010056,0.00644,0.010044,68.24,31.76,2.15,63.13,36.87,1.71,67.68,32.32,2.09,303131.1647633,558701.4859604,311354.1270697,725816.3610562,2774732.6585,247384327.0,2046669.6656,180679518.0,2774732.6585,247384327.0,2046669.6656,180679518.0
2024-06-26,0.0128475,0.01349,0.0121008,0.0125368,1111215112.7151,290035638,296885907,267608690,275582314,0.01,0.01,0.01,0.01,0.010156,0.010401,0.003934,0.009998,0.010044,0.010121,0.005348,0.009999,61.18,38.82,1.58,60.46,39.54,1.53,68.12,31.88,2.14,480103.3920671,402740.1410873,526356.6712922,432958.2503848,2379802.297,186317837.0,2787819.4347,216202833.0,2379802.297,186317837.0,2787819.4347,216202833.0
2024-06-27,0.0125375,0.0127468,0.012123,0.0125908,888962363.6638,275582314,281992029,262754819,270567943,0.01,0.01,0.000608,0.01,0.009998,0.010538,0.004995,0.010165,0.009999,0.010226,0.003913,0.01007,67.35,32.65,2.06,66.97,33.03,2.03,70.45,29.55,2.38,310807.282741,243235.2922053,336429.4089676,265439.4936508,1916496.8557,153687755.0,2582493.8827,204909458.0,1916496.8557,153687755.0,2582493.8827,204909458.0
2024-06-28,0.0125913,0.0126492,0.0113556,0.0115759,931769397.6731,270567943,271329302,238059591,240878997,0.01,0.01,0.004186,0.004186,0.010165,0.010279,0.005603,0.007017,0.01007,0.010119,0.006537,0.006537,70.23,29.77,2.36,66.7,33.3,2.0,71.07,28.93,2.46,433183.6995599,104320.3020467,507354.8262103,131517.8049011,2231794.6076,178111314.0,2378894.5035,188059955.0,2231794.6076,178111314.0,2378894.5035,188059955.0
2024-06-29,0.011576,0.0118478,0.0112533,0.0113062,458484033.8017,240878997,247092939,233609411,235062245,0.004186,0.01,-0.013001,0.01,0.007017,0.0102,-0.005381,0.010197,0.006537,0.010133,-0.004468,0.01013,76.56,23.44,3.27,75.47,24.53,3.08,72.85,27.15,2.68,235387.7484669,76201.8330128,249658.3162214,80817.7033524,2182279.5375,189343438.0,2684069.6053,230893785.0,2182279.5375,189343438.0,2684069.6053,230893785.0
2024-06-30,0.0113063,0.0119285,0.0108224,0.0119235,763211533.082,235062245,250447800,232118814,250447800,0.01,0.01,-0.008965,-0.002993,0.010197,0.010562,-0.002882,0.003127,0.01013,0.010342,-0.003928,0.001956,75.85,24.15,3.14,72.02,27.98,2.57,72.68,27.32,2.66,462850.5767376,302248.722755,511933.9382366,352324.9434518,2673841.9958,237681948.0,1910109.1376,168326091.0,2673841.9958,237681948.0,1910109.1376,168326091.0
2024-07-01,0.0119226,0.012189,0.01131,0.0114217,738360596.8171,250447800,256557339,238270421,239837443,-0.002993,0.01,-0.007514,0.01,0.003127,0.010164,-0.0021,0.010004,0.001956,0.010067,-0.002092,0.009997,70.88,29.12,2.43,65.07,34.93,1.86,73.26,26.74,2.74,413163.5324452,185088.6131497,459538.2810439,207067.2269612,1914452.7991,161465693.0,3568826.896,298481651.0,1914452.7991,161465693.0,3568826.896,298481651.0
2024-07-02,0.0114216,0.011648,0.0109589,0.0113166,612429273.5873,239837443,249745163,235057902,243568298,0.01,0.01,-0.017772,-0.003487,0.010004,0.010234,-0.018628,0.003079,0.009997,0.010093,-0.014231,0.002054,73.76,26.24,2.81,69.98,30.02,2.33,71.56,28.44,2.52,288705.4105962,109240.3153229,325473.808802,119547.8198572,2257542.8035,198532511.0,1970498.4123,171853830.0,2257542.8035,198532511.0,1970498.4123,171853830.0
2024-07-03,0.0113167,0.0113408,0.009934,0.010243,1043920596.961,243568298,243973956,219843217,225014605,-0.003487,0.01,-0.017665,-0.01178,0.003079,0.010036,-0.013345,-0.003847,0.002054,0.010016,-0.014207,-0.005576,76.03,23.97,3.17,70.42,29.58,2.38,71.8,28.2,2.55,1055532.4218864,161697.5410061,1182436.1678089,167439.2173736,2339423.4868,207736130.0,2609039.6306,229603242.0,2339423.4868,207736130.0,2609039.6306,229603242.0
2024-07-04,0.0102435,0.0103662,0.00882,0.0089254,1518550407.8125,225014605,226978659,192684925,193945589,-0.01178,0.01,-0.016914,0.000526,-0.003847,0.010041,-0.025593,0.003818,-0.005576,0.010015,-0.023382,0.00342,80.56,19.44,4.14,75.78,24.22,3.13,68.58,31.42,2.18,1123829.6311646,368408.7811618,1345165.6120614,405663.4674588,1816701.2698,178101463.0,2074240.8526,201746960.0,1816701.2698,178101463.0,2074240.8526,201746960.0
2024-07-05,0.0089251,0.0091799,0.007616,0.0088814,2120062163.2951,193945589,194751124,151231609,156965450,0.000526,0.01,-0.024381,0.008565,0.003818,0.008945,-0.051657,0.008945,0.00342,0.008752,-0.048014,0.008752,78.52,21.48,3.66,74.2,25.8,2.88,66.18,33.82,1.96,1106481.6324591,948232.5100473,1281808.5633972,1027718.0000441,1682905.3317,189469482.0,1730558.0163,193089615.0,1682905.3317,189469482.0,1730558.0163,193089615.0
2024-07-06,0.0088814,0.0099057,0.0087028,0.0097271,923268829.838,156965450,172506528,151324580,165377496,0.008565,0.01,-0.011166,0.01,0.008945,0.010021,-0.005197,0.010021,0.008752,0.009706,-0.006606,0.009602,73.94,26.06,2.84,67.74,32.26,2.1,63.34,36.66,1.73,359759.4151383,532479.0653354,375595.9594422,567514.1555649,1518170.4481,171807683.0,1761722.2909,197407465.0,1518170.4481,171807683.0,1761722.2909,197407465.0
2024-07-07,0.0097271,0.0097406,0.0083282,0.0084052,858258610.5686,165377496,169150402,152932632,154447890,0.01,0.01,-0.010201,0.002544,0.010021,0.010252,-0.005022,0.005463,0.009602,0.009969,-0.006402,0.004753,72.17,27.83,2.59,66.25,33.75,1.96,64.8,35.2,1.84,745794.0159686,138103.7746222,830962.7538508,144556.0030439,2322684.8094,239803398.0,47.8252,5418.0,2322684.8094,239803398.0,47.8252,5418.0
2024-07-08,0.0084053,0.0095366,0.0077382,0.0091432,1733647208.9208,154447890,173758059,143926914,165672270,0.002544,0.01,-0.043772,-0.017908,0.005463,0.009905,-0.02811,-0.004347,0.004753,0.009825,-0.03121,-0.007546,73.53,26.47,2.78,70.79,29.21,2.42,65.2,34.8,1.87,944595.7631178,738561.6942933,1041050.8661169,796321.3346888,1920413.8269,229706374.0,1611491.7991,190864782.0,1920413.8269,229706374.0,1611491.7991,190864782.0
2024-07-09,0.0091432,0.0095798,0.0088844,0.0090815,895747678.1693,165672270,171816148,160145971,163156105,-0.017908,0.000126,-0.036549,-0.016311,-0.004347,0.004668,-0.018711,-0.004682,-0.007546,0.003497,-0.02301,-0.007519,69.89,30.11,2.32,64.56,35.44,1.82,61.88,38.12,1.62,335972.048449,313820.6283564,350330.4341814,325113.2898084,2191524.9303,240848432.0,1762540.8227,191860634.0,2191524.9303,240848432.0,1762540.8227,191860634.0
2024-07-10,0.0090814,0.0094441,0.0087516,0.0091949,711685985.2346,163156105,171580234,156444024,166082114,-0.016311,0.01,-0.016311,0.01,-0.004682,0.010303,-0.004682,0.009998,-0.007519,0.010105,-0.007519,0.009995,73.99,26.01,2.85,70.85,29.15,2.43,58.68,41.32,1.42,350929.2289801,237008.2409612,370897.3200345,242843.7511391,1788056.8533,197782292.0,1946485.3825,213397818.0,1788056.8533,197782292.0,1946485.3825,213397818.0
2024-07-11,0.0091955,0.0097781,0.0088,0.0088945,863847884.3461,166082114,184692153,156057427,158096599,0.01,0.01,-0.019096,-0.00755,0.009998,0.010389,-0.015302,-0.006903,0.009995,0.010147,-0.015367,-0.007066,72.38,27.62,2.62,67.19,32.81,2.05,58.47,41.53,1.41,522961.0031182,260760.2602899,560802.1199428,293261.1996899,2177834.6379,237961267.0,2160243.4358,233784783.0,2177834.6379,237961267.0,2160243.4358,233784783.0
2024-07-12,0.0088944,0.0089755,0.0082707,0.0086816,765609209.467,158096599,166164997,151766183,157974433,-0.00755,0.01,-0.01467,0.01,-0.006903,0.010437,-0.025364,0.01002,-0.007066,0.010197,-0.021734,0.010004,71.79,28.21,2.55,66.51,33.49,1.99,59.78,40.22,1.49,443408.4956109,205014.5172329,500141.3565975,207872.2065469,2339432.794,264133621.0,2135540.215,239019991.0,2339432.794,264133621.0,2135540.215,239019991.0
2024-07-13,0.0086816,0.0089288,0.0084444,0.008686,519733231.7836,157974433,166477792,157063377,160024012,0.01,0.01,-0.020242,0.01,0.01002,0.010624,-0.009164,0.010504,0.010004,0.010311,-0.01189,0.010236,76.53,23.47,3.26,73.07,26.93,2.71,58.32,41.68,1.4,236983.7044224,142650.509,260908.6045479,156466.1102658,1907989.1022,220861163.0,1913164.6809,219552610.0,1907989.1022,220861163.0,1913164.6809,219552610.0
2024-07-14,0.0086859,0.0093539,0.0085883,0.0091998,777742114.7997,160024012,183805336,159422232,178887215,0.01,0.01,-0.036389,0.01,0.010504,0.010504,-0.028723,0.009998,0.010236,0.010236,-0.031002,0.009994,76.57,23.43,3.27,72.64,27.36,2.66,57.79,42.21,1.37,266286.6849146,342482.1176976,268936.4901985,358323.1750658,1817255.0195,209964948.0,1642271.3728,188111436.0,1817255.0195,209964948.0,1642271.3728,188111436.0
2024-07-15,0.0091994,0.0114683,0.0091345,0.0113159,1726546984.4108,178887215,223160532,177476610,220818112,0.01,0.01,0.001453,0.01,0.009998,0.010661,-0.004001,0.009049,0.009994,0.010224,-0.002574,0.00886,73.4,26.6,2.76,69.71,30.29,2.3,56.38,43.62,1.29,512332.4756669,1085932.851472,546382.7745557,1170423.2180233,2162796.4566,236311390.0,2161192.7237,233938195.0,2162796.4566,236311390.0,2161192.7237,233938195.0
2024-07-16,0.0113156,0.0132225,0.0111221,0.0123768,2945414852.1115,220818112,250781580,220818112,238994290,0.01,0.01,0.01,0.01,0.009049,0.010405,0.008977,0.010047,0.00886,0.010064,0.008858,0.01001,65.72,34.28,1.92,61.68,38.32,1.61,56.29,43.71,1.29,1231888.8251926,1239016.3660565,1279572.3258204,1373840.919225,2366788.9341,210018143.0,1611108.0298,141709819.0,2366788.9341,210018143.0,1611108.0298,141709819.0
2024-07-17,0.0123757,0.0129069,0.011522,0.0116862,1444260196.3613,238994290,252147792,232098875,236627555,0.01,0.01,0.01,0.01,0.010047,0.010681,0.008417,0.010277,0.01001,0.010197,0.008464,0.01009,58.74,41.26,1.42,62.17,37.83,1.64,63.93,36.07,1.77,603515.3892446,379048.791606,640849.8712414,398819.4973036,1853190.7139,150375189.0,2386950.4967,191901797.0,1853190.7139,150375189.0,2386950.4967,191901797.0
2024-07-18,0.0116862,0.012245,0.0112213,0.0116426,1145940707.2607,236627555,250535615,223339204,229308275,0.01,0.01,0.01,0.01,0.010277,0.021734,0.002654,0.009822,0.01009,0.019339,0.003771,0.009816,66.65,33.35,2.0,69.9,30.1,2.32,67.04,32.96,2.03,780619.022448,248595.1068762,816983.6189198,275616.5037217,2820993.2163,242648934.0,2412842.0077,205432646.0,2820993.2163,242648934.0,2412842.0077,205432646.0
2024-07-19,0.0116449,0.0130615,0.0112802,0.0126938,1237102149.9647,229308275,247727824,219240759,241479617,0.01,0.01,0.01,0.01,0.009822,0.01048,-0.011785,0.01048,0.009816,0.010016,-0.00832,0.009785,67.45,32.55,2.07,66.33,33.67,1.97,66.95,33.05,2.03,397819.0470651,501162.2245829,426562.3069977,554086.4472988,2169116.5001,187244524.0,1870380.6829,160251498.0,2169116.5001,187244524.0,1870380.6829,160251498.0
2024-07-20,0.0126937,0.0127656,0.011908,0.0122107,849233317.9452,241479617,246643576,227513920,231591747,0.01,0.01,0.01,0.01,0.01048,0.011072,0.00808,0.009509,0.009785,0.010313,0.007932,0.00942,62.61,37.39,1.68,63.63,36.37,1.75,67.55,32.45,2.08,418777.7710841,244109.1256276,436658.8206536,254255.0250471,2279109.6706,180315759.0,2320588.3184,181907238.0,2279109.6706,180315759.0,2320588.3184,181907238.0
2024-07-21,0.0122123,0.012742,0.0115501,0.0124953,913742148.512,231591747,234207212,213715063,227652315,0.01,0.01,0.008947,0.01,0.009509,0.01004,0.001084,0.009292,0.00942,0.010018,0.002117,0.009192,67.0,33.0,2.03,67.43,32.57,2.07,68.47,31.53,2.17,532741.5404493,270050.7363197,574029.6422115,287139.2070245,3126948.992,257603703.0,1840958.8035,150179637.0,3126948.992,257603703.0,1840958.8035,150179637.0
2024-07-22,0.0124954,0.012679,0.011718,0.0118821,694981526.3133,227652315,234046985,210393523,214049531,0.01,0.01,0.003816,0.004151,0.009292,0.010292,-0.005334,0.006469,0.009192,0.010119,-0.003354,0.00611,65.04,34.96,1.86,64.79,35.21,1.84,67.96,32.04,2.12,549186.3384116,84482.106909,573164.7004003,105418.1894369,2084466.5771,167608124.0,2097608.0321,167050795.0,2084466.5771,167608124.0,2097608.0321,167050795.0
2024-07-23,0.0118821,0.0127579,0.0115869,0.0125261,1340889968.597,214049531,260495416,209058558,256632949,0.004151,0.01,-0.0008,0.01,0.006469,0.011436,-0.015459,0.010896,0.00611,0.011181,-0.013341,0.010727,68.0,32.0,2.13,66.32,33.68,1.97,68.44,31.56,2.17,598054.864992,475904.7852863,614177.6215429,498222.8990493,2264998.8868,191500971.0,2012794.5425,168594785.0,2264998.8868,191500971.0,2012794.5425,168594785.0
2024-07-24,0.0125261,0.0131649,0.0119695,0.0122001,1339302445.8327,256632949,301505188,240022094,251271345,0.01,0.01,0.000666,0.000666,0.010896,0.017039,0.005519,0.005519,0.010727,0.016069,0.004763,0.004763,62.37,37.63,1.66,62.87,37.13,1.69,67.19,32.81,2.05,544775.9268086,321606.8824264,588988.4134874,350753.6696444,2264998.8868,191500971.0,2012794.5425,168594785.0,2264998.8868,191500971.0,2012794.5425,168594785.0
2024-07-25,0.0122007,0.0122687,0.0108244,0.0114723,1263144617.7318,251271345,252496690,209812410,222490173,0.000666,0.01,-0.006943,0.006389,0.005519,0.010625,-0.014613,0.006175,0.004763,0.010252,-0.014309,0.006214,67.07,32.93,2.04,65.92,34.08,1.93,68.37,31.63,2.16,936926.1073954,279092.2334596,1008722.1085746,288666.4097107,2125634.1271,174994300.0,2101740.3172,171542657.0,2125634.1271,174994300.0,2101740.3172,171542657.0
2024-07-26,0.0114723,0.01212,0.0113934,0.0120225,735519344.4126,222490173,238730599,221445044,236969079,0.006389,0.01,-0.005786,0.01,0.006175,0.010264,-0.001371,0.009076,0.006214,0.010125,-0.001161,0.009099,71.48,28.52,2.51,68.34,31.66,2.16,66.65,33.35,2.0,171978.3932858,261969.241541,174746.566631,271887.5387535,1902814.245,166643525.0,2000829.4402,173826358.0,1902814.245,166643525.0,2000829.4402,173826358.0
2024-07-27,0.0120228,0.012491,0.0115793,0.0119053,829778540.7378,236969079,249739855,221075382,230356901,0.01,0.01,0.006483,0.01,0.009076,0.010599,-0.009952,0.00989,0.009099,0.010104,-0.0087,0.009786,65.37,34.63,1.89,61.05,38.95,1.57,67.16,32.84,2.05,337378.7527041,205461.0641115,349903.0620329,216974.1394135,3219260.3189,268921234.0,2467831.7865,204559355.0,3219260.3189,268921234.0,2467831.7865,204559355.0
2024-07-28,0.0119053,0.0119693,0.0115321,0.0117397,412450157.2175,230356901,233515468,223734493,230585293,0.01,0.01,-0.009714,-0.0086,0.00989,0.010084,-0.016289,-0.001462,0.009786,0.010044,-0.016606,-0.002193,66.29,33.71,1.97,63.93,36.07,1.77,69.92,30.08,2.32,272741.083616,53526.0029593,289312.1944894,54592.2309032,3037169.3383,256530126.0,2147246.2928,179809028.0,3037169.3383,256530126.0,2147246.2928,179809028.0
2024-07-29,0.0117397,0.0124261,0.0116889,0.0117893,770407111.134,230585293,254593372,229660986,233285859,-0.0086,0.01,-0.0086,0.01,-0.001462,0.010316,-0.003919,0.01003,-0.002193,0.010192,-0.004389,0.010012,68.19,31.81,2.14,63.2,36.8,1.72,67.97,32.03,2.12,321028.7323969,213553.2520796,339599.211114,227981.3816651,2870555.5683,245551570.0,2993598.5426,253882936.0,2870555.5683,245551570.0,2993598.5426,253882936.0
2024-07-30,0.0117892,0.0120272,0.0110268,0.0113012,644389077.7172,233285859,238149786,214801900,219351614,0.01,0.01,-0.013937,-0.013937,0.01003,0.01054,-0.01027,-0.010093,0.010012,0.010248,-0.011148,-0.011008,68.54,31.46,2.18,64.74,35.26,1.84,67.75,32.25,2.1,423772.3986525,106234.5196704,483921.9157818,110436.2835576,3940497.5168,335987744.0,2427463.184,205252936.0,3940497.5168,335987744.0,2427463.184,205252936.0
2024-07-31,0.0113012,0.0116399,0.0108602,0.0110435,666023389.9079,219351614,232862161,211350308,211624780,-0.013937,0.01,-0.018721,-0.00582,-0.010093,0.010456,-0.028341,-0.000255,-0.011008,0.010226,-0.026639,-0.001261,74.27,25.73,2.89,71.02,28.98,2.45,66.85,33.15,2.02,500180.8163121,127646.7866577,525070.4630956,130666.7688142,2221222.8034,197221264.0,3196244.9841,281429552.0,2221222.8034,197221264.0,3196244.9841,281429552.0
2024-08-01,0.0110435,0.0111441,0.0097146,0.0105152,1098499507.2242,211624780,213663207,189117443,195553284,-0.00582,0.01,-0.024294,-0.014813,-0.000255,0.010448,-0.019561,-0.006254,-0.001261,0.010126,-0.017374,-0.008277,74.58,25.42,2.93,71.41,28.59,2.5,67.66,32.34,2.09,771560.7441612,295788.8651157,868664.8815394,308854.7908158,2221222.8034,197221264.0,3196244.9841,281429552.0,2221222.8034,197221264.0,3196244.9841,281429552.0
2024-08-02,0.0105151,0.0106021,0.009222,0.0093223,1086590612.4794,195553284,196873550,168232415,170988289,-0.014813,0.01,-0.014813,0.01,-0.006254,0.010918,-0.01732,0.010046,-0.008277,0.010231,-0.014514,0.010003,75.17,24.83,3.03,70.67,29.33,2.41,67.9,32.1,2.12,1014681.2412454,299065.7913507,1870403.3350621,315748.971139,2567067.2187,245406612.0,2290437.1652,217112768.0,2567067.2187,245406612.0,2290437.1652,217112768.0
2024-08-03,0.0093223,0.009542,0.0082845,0.0086116,1072170694.2783,170988289,177838196,154990388,157130561,0.01,0.01,-0.024622,-0.024512,0.010046,0.010047,-0.021656,-0.021656,0.010003,0.010003,-0.023217,-0.023217,77.15,22.85,3.38,73.91,26.09,2.83,69.13,30.87,2.24,1325184.3349243,325839.9217547,1444214.1743268,334478.7630239,1978938.8124,213375734.0,1951657.9018,208490883.0,1978938.8124,213375734.0,1951657.9018,208490883.0
2024-08-04,0.0086118,0.0087748,0.00765,0.0080928,1199533392.6233,157130561,166035308,150639332,151963872,-0.024512,0.01,-0.024522,0.005159,-0.021656,0.010043,-0.024002,0.006998,-0.023217,0.009993,-0.025284,0.006807,77.06,22.94,3.36,72.24,27.76,2.6,67.28,32.72,2.06,1324405.7546508,679300.4952254,1401094.0323871,715150.2840077,2315784.3721,270154671.0,1687313.8646,195090957.0,2315784.3721,270154671.0,1687313.8646,195090957.0
2024-08-05,0.0080937,0.0082571,0.0058452,0.007045,3233411597.4841,151963872,154559744,109503677,117872228,0.005159,0.01,-0.01547,0.001802,0.006998,0.009994,-0.054791,0.004696,0.006807,0.009982,-0.051991,0.004499,75.44,24.56,3.07,72.24,27.76,2.6,66.89,33.11,2.02,6137218.5913274,2534383.688506,6332599.9817233,2597707.9383458,1831359.2912,227701875.0,1892692.7854,233041021.0,1831359.2912,227701875.0,1892692.7854,233041021.0
2024-08-06,0.007045,0.0081785,0.0070224,0.0077358,1419887287.7337,117872228,136046333,117872228,126349580,0.001802,0.01,-0.020413,0.01,0.004696,0.009919,-0.021305,0.009864,0.004499,0.009916,-0.022673,0.009913,73.48,26.52,2.77,68.51,31.49,2.18,64.92,35.08,1.85,850778.4790625,960715.7363866,916384.2901363,978279.3539491,1970645.753,281369929.0,1310988.0281,185255256.0,1970645.753,281369929.0,1310988.0281,185255256.0
2024-08-07,0.0077357,0.0083782,0.0072592,0.0073654,1398459877.2728,126349580,139069731,114660155,116272693,0.01,0.01,-0.005542,0.009303,0.009864,0.010459,-0.024482,0.009397,0.009913,0.010037,-0.022228,0.009432,70.07,29.93,2.34,62.43,37.57,1.66,62.67,37.33,1.68,1301241.6732762,782259.5580259,1371901.724103,796409.2508995,2257677.5366,293998077.0,2030040.531,261490942.0,2257677.5366,293998077.0,2030040.531,261490942.0
2024-08-08,0.007364,0.0088863,0.0071847,0.0087631,1200128918.0681,116272693,145200386,111826449,144117062,0.009303,0.01,-0.018036,0.01,0.009397,0.009858,-0.01625,0.009647,0.009432,0.009906,-0.016979,0.009803,71.86,28.14,2.55,68.96,31.04,2.22,65.41,34.59,1.89,419758.5585,1230789.6196418,429660.4766434,1281829.8775442,1779522.7513,242767661.0,2170127.8106,293435931.0,1779522.7513,242767661.0,2170127.8106,293435931.0
2024-08-09,0.008763,0.00899,0.0083073,0.0085192,961388574.2478,144117062,149711035,133563674,136098519,0.01,0.01,-0.006714,-0.00086,0.009647,0.010275,-0.006685,-0.000414,0.009803,0.009971,-0.006291,-0.000775,64.1,35.9,1.79,58.0,42.0,1.38,64.35,35.65,1.81,787039.4518901,399031.6776669,806211.9598166,407015.5057387,1786164.7109,204795144.0,2426743.415,275662801.0,1786164.7109,204795144.0,2426743.415,275662801.0
2024-08-10,0.0085192,0.0087,0.008265,0.008428,457742169.9751,136098519,140728682,133525387,137497704,-0.00086,0.01,-0.016534,0.001837,-0.000414,0.009766,-0.015663,0.003364,-0.000775,0.009864,-0.015898,0.003361,66.5,33.5,1.99,62.52,37.48,1.67,67.03,32.97,2.03,163544.0371112,122199.2167839,176656.4758575,127932.530703,2233438.206,263508094.0,2314412.6891,270535981.0,2233438.206,263508094.0,2314412.6891,270535981.0
2024-08-11,0.008428,0.0087838,0.0076447,0.007718,831603718.4801,137497704,147427645,122545240,123595595,0.001837,0.01,-0.011575,-0.005141,0.003364,0.010119,-0.013823,-0.00477,0.003361,0.010009,-0.014136,-0.005207,67.85,32.15,2.11,62.57,37.43,1.67,65.33,34.67,1.88,933155.0210024,348394.3058171,1005323.6798298,354723.9104189,2542554.3609,303129940.0,2604390.1978,307711719.0,2542554.3609,303129940.0,2604390.1978,307711719.0
2024-08-12,0.007718,0.0084943,0.0077001,0.0082245,1133504846.7573,123595595,135277422,119355148,123552493,-0.005141,0.01,-0.014186,-0.002698,-0.00477,0.009902,-0.023253,-0.002454,-0.005207,0.009957,-0.023223,-0.002747,73.39,26.61,2.76,72.27,27.73,2.61,66.12,33.88,1.95,635625.2427566,778197.450527,656024.5654964,807384.5883912,3108590.8349,404396226.0,2250163.1251,290288263.0,3108590.8349,404396226.0,2250163.1251,290288263.0
2024-08-13,0.0082246,0.0083785,0.0078855,0.0081801,688079091.5934,123552493,136839802,118378914,129444923,-0.002698,0.01,-0.004595,0.003583,-0.002454,0.010053,-0.00579,0.00447,-0.002747,0.010008,-0.006539,0.003972,74.07,25.93,2.86,70.65,29.35,2.41,65.37,34.63,1.89,404846.5970343,326045.6327118,420629.6133683,328085.4371191,2081385.6698,254132909.0,1894722.8887,229373937.0,2081385.6698,254132909.0,1894722.8887,229373937.0
2024-08-14,0.0081801,0.00847,0.0078957,0.0080066,710602725.0402,129444923,143986606,127819898,136119268,0.003583,0.01,-0.002455,0.007144,0.00447,0.009898,-0.009644,0.002625,0.003972,0.009934,-0.007864,0.002966,72.3,27.7,2.61,70.18,29.82,2.35,66.25,33.75,1.96,376067.6848174,215716.7014163,392898.539713,221974.1308688,2390927.7833,293535632.0,2520245.3752,306880116.0,2390927.7833,293535632.0,2520245.3752,306880116.0
2024-08-15,0.0080065,0.0080619,0.0072001,0.0074418,836166534.1426,136119268,138258042,121579222,127280484,0.007144,0.01,-0.007023,-0.007023,0.002625,0.010249,-0.009265,-0.007329,0.002966,0.010058,-0.008421,-0.007705,74.95,25.05,2.99,71.07,28.93,2.46,64.54,35.46,1.82,755326.370799,214752.0644517,816303.3209681,216067.1890602,3087704.5319,387525371.0,2601042.3793,323454162.0,3087704.5319,387525371.0,2601042.3793,323454162.0
2024-08-16,0.0074418,0.0075847,0.0068622,0.0071743,946925644.7878,127280484,129005456,120278964,120817809,-0.007023,0.005502,-0.020582,-0.001262,-0.007329,0.007485,-0.023843,0.000743,-0.007705,0.007033,-0.024317,0.000473,75.54,24.46,3.09,72.1,27.9,2.58,63.7,36.3,1.76,657920.3113082,419920.1656511,706928.6731581,426598.4904882,2575141.5892,347491735.0,2387678.6605,319371285.0,2575141.5892,347491735.0,2387678.6605,319371285.0
2024-08-17,0.0071747,0.0077039,0.0071011,0.0074807,563045615.6889,120817809,134283445,120174523,128418739,-0.001262,0.01,-0.01273,0.01,0.000743,0.010551,-0.017834,0.007346,0.000473,0.010118,-0.01795,0.00761,75.34,24.66,3.06,71.11,28.89,2.46,64.26,35.74,1.8,232067.219132,281246.6072666,242868.8153015,289908.4298906,2185019.0635,305971871.0,2775393.2103,385121868.0,2185019.0635,305971871.0,2775393.2103,385121868.0
2024-08-18,0.0074813,0.0076238,0.0072776,0.007288,508438036.0211,128418739,131957086,125907496,126142758,0.01,0.01,0.000303,0.01,0.007346,0.010223,-0.012809,0.009996,0.00761,0.010071,-0.010465,0.009992,71.03,28.97,2.45,65.04,34.96,1.86,63.19,36.81,1.72,320173.1135446,116102.1454399,323624.6353965,123783.5192398,2334114.1961,313541912.0,2468430.2758,328583715.0,2334114.1961,313541912.0,2468430.2758,328583715.0
2024-08-19,0.0072881,0.0077116,0.0071516,0.0076795,577783085.8028,126142758,142403921,124306206,142199613,0.01,0.01,0.006737,0.01,0.009996,0.010355,-0.000812,0.010275,0.009992,0.01012,0.001162,0.010086,74.39,25.61,2.91,70.09,29.91,2.34,63.67,36.33,1.75,317354.3798688,271321.0195141,327864.4404715,273855.2375004,2889047.8404,398467103.0,2086906.4363,285426426.0,2889047.8404,398467103.0,2086906.4363,285426426.0
2024-08-20,0.0076796,0.0082859,0.00763,0.007753,931039119.5356,142199613,168976393,142143076,142582657,0.01,0.01,0.01,0.01,0.010275,0.022785,-0.005199,0.009872,0.010086,0.021647,-0.003772,0.009897,71.33,28.67,2.49,69.39,30.61,2.27,65.06,34.94,1.86,364589.068311,360025.0958754,376093.3166229,396871.7361216,2396037.5006,313143615.0,2216306.6933,287522991.0,2396037.5006,313143615.0,2216306.6933,287522991.0
2024-08-21,0.007753,0.0080779,0.0074951,0.0079182,614249637.7175,142582657,145944262,131555832,139918196,0.01,0.01,-0.00331,0.01,0.009872,0.009999,-0.018906,0.009938,0.009897,0.009999,-0.01834,0.009958,74.46,25.54,2.92,72.55,27.45,2.64,65.24,34.76,1.88,408664.0449851,385870.3986895,418257.0759856,392558.3886875,3032939.9196,393025641.0,1861987.8759,239151229.0,3032939.9196,393025641.0,1861987.8759,239151229.0
2024-08-22,0.0079182,0.0080733,0.0077201,0.0079815,496277564.0375,139918196,144502322,138020472,143894198,0.01,0.01,-0.009705,0.01,0.009938,0.010814,-0.003646,0.009782,0.009958,0.010776,-0.004161,0.009882,73.17,26.83,2.73,72.7,27.3,2.66,64.91,35.09,1.85,225988.7994655,328825.6127165,230310.0885191,331545.9530104,2544945.6718,322745774.0,2097299.0104,263710356.0,2544945.6718,322745774.0,2097299.0104,263710356.0
2024-08-23,0.0079816,0.0092963,0.0079459,0.0090782,1096741506.528,143894198,164301246,141457236,160536046,0.01,0.01,-0.000839,0.01,0.009782,0.009997,0.000623,0.009996,0.009882,0.009992,0.000437,0.009991,72.32,27.68,2.61,72.88,27.12,2.69,65.0,35.0,1.86,525325.78161,1759323.3947047,535705.9523615,1804327.4706467,2958011.1028,372114462.0,2439606.2324,304439873.0,2958011.1028,372114462.0,2439606.2324,304439873.0
2024-08-24,0.0090782,0.0098538,0.0088568,0.0094873,1225514071.6017,160536046,186950747,158334289,175085893,0.01,0.01,0.01,0.01,0.009996,0.01035,0.009677,0.010093,0.009991,0.010071,0.009788,0.009941,70.83,29.17,2.43,69.56,30.44,2.29,66.27,33.73,1.97,900437.1167704,990111.843516,930173.7185419,1002582.5603511,2553900.0541,282611091.0,2477331.8951,271650657.0,2553900.0541,282611091.0,2477331.8951,271650657.0
2024-08-25,0.0094874,0.009528,0.0086832,0.0091357,1035498274.4293,175085893,175122415,154873094,155614765,0.01,0.01,-0.008381,-0.004,0.010093,0.027139,-0.017825,0.002759,0.009941,0.023886,-0.01491,0.000972,69.72,30.28,2.3,71.02,28.98,2.45,67.39,32.61,2.07,1131141.0518436,1236028.4008242,1171413.9468273,1256400.6820315,2536165.8957,268415133.0,2456776.4272,257734687.0,2536165.8957,268415133.0,2456776.4272,257734687.0
2024-08-26,0.0091358,0.009263,0.0084138,0.0085181,885538029.6383,155614765,158894459,141134833,143790834,-0.004,0.01,-0.004,0.001168,0.002759,0.00992,0.002759,0.005036,0.000972,0.009942,0.000972,0.004349,72.31,27.69,2.61,73.37,26.63,2.76,68.74,31.26,2.2,1210211.4689583,262690.1959933,1234812.7835715,266500.4361533,2527298.2988,277862423.0,2135062.6214,232802218.0,2527298.2988,277862423.0,2135062.6214,232802218.0
2024-08-27,0.0085181,0.008694,0.0075042,0.0076345,919921267.174,143790834,146711867,127057307,128101406,0.001168,0.01,-0.014004,-0.013838,0.005036,0.009723,-0.02051,-0.02051,0.004349,0.009839,-0.020905,-0.020905,72.13,27.87,2.59,72.28,27.72,2.61,69.99,30.01,2.33,1859508.6594826,560260.5251397,1901398.9035648,562888.7706782,3289382.0819,387799894.0,2591494.6104,303296713.0,3289382.0819,387799894.0,2591494.6104,303296713.0
2024-08-28,0.0076345,0.0081325,0.0073344,0.0076822,961008966.5264,128101406,135161168,121502388,125737936,-0.013838,0.008282,-0.021395,0.002003,-0.02051,0.008444,-0.022652,-0.00069,-0.020905,0.008309,-0.023525,-0.000729,74.77,25.23,2.96,72.82,27.18,2.68,67.34,32.66,2.06,1022621.0749753,938890.008142,1054749.5617439,953298.1068865,2298743.2013,302743018.0,2051524.9895,268219172.0,2298743.2013,302743018.0,2051524.9895,268219172.0
2024-08-29,0.0076822,0.0081999,0.007544,0.0076393,669376457.6315,125737936,142647442,124131911,125626567,0.002003,0.009073,-0.013508,-0.007561,-0.00069,0.009439,-0.024594,-0.002243,-0.000729,0.009377,-0.0258,-0.003252,75.47,24.53,3.08,70.32,29.68,2.37,67.39,32.61,2.07,957052.9747054,827193.9206719,972124.4102337,839573.0477622,2209641.4625,289009873.0,2281184.5591,295998629.0,2209641.4625,289009873.0,2281184.5591,295998629.0
2024-08-30,0.0076393,0.007925,0.0073361,0.0077612,693637031.4429,125626567,132578168,122071535,125296353,-0.007561,0.009509,-0.01189,0.004974,-0.002243,0.009878,-0.009917,0.00687,-0.003252,0.009732,-0.010705,0.00668,73.63,26.37,2.79,67.53,32.47,2.08,66.82,33.18,2.01,846070.2376992,552104.5475113,866040.2743759,560067.8092454,1689742.8597,222406438.0,1786543.4898,233051717.0,1689742.8597,222406438.0,1786543.4898,233051717.0
2024-08-31,0.0077612,0.0078864,0.007512,0.0075945,322040382.3393,125296353,127828839,121969302,123047124,0.004974,0.01,-0.005663,-0.000608,0.00687,0.009986,-0.008035,0.004056,0.00668,0.009993,-0.006651,0.003444,72.62,27.38,2.65,67.1,32.9,2.04,66.76,33.24,2.01,377571.1000215,200304.4140601,379020.8783222,203129.5529507,2190938.6617,283525145.0,1948138.8539,249908383.0,2190938.6617,283525145.0,1948138.8539,249908383.0
2024-09-01,0.0075933,0.0076323,0.007058,0.00713,573863447.5853,123047124,123835649,112747642,114637135,-0.000608,0.01,-0.016416,-0.016228,0.004056,0.007637,-0.014248,-0.011608,0.003444,0.007635,-0.012604,-0.012292,72.73,27.27,2.67,67.22,32.78,2.05,67.64,32.36,2.09,1181377.9324705,328006.40073,1212364.7867424,336178.5591885,2926537.5645,386966524.0,2257728.9928,296239974.0,2926537.5645,386966524.0,2257728.9928,296239974.0
2024-09-02,0.00713,0.0076942,0.0070668,0.0076118,642230510.5529,114637135,126059213,114637135,124794081,-0.016228,0.01,-0.017986,0.002413,-0.011608,0.009999,-0.03133,0.003081,-0.012292,0.01,-0.032082,0.002745,75.01,24.99,3.0,69.73,30.27,2.3,66.89,33.11,2.02,476613.7482513,586981.4390822,477375.5011869,601760.2566193,2146872.9511,302411001.0,2193582.114,306451039.0,2146872.9511,302411001.0,2193582.114,306451039.0
2024-09-03,0.0076113,0.0077578,0.0072261,0.0072643,483026450.1273,124794081,127022027,119001738,119316969,0.002413,0.009549,-0.0148,0.008993,0.003081,0.009416,-0.013041,0.009138,0.002745,0.009561,-0.012096,0.009247,72.8,27.2,2.68,67.59,32.41,2.09,66.82,33.18,2.01,725094.6829001,298649.0005213,734077.898935,299163.7883713,2487009.3285,328005443.0,2338697.2985,306063130.0,2487009.3285,328005443.0,2338697.2985,306063130.0
2024-09-04,0.0072644,0.0075179,0.0068292,0.0073527,705599782.7955,119316969,123242720,109253587,119065706,0.008993,0.01,-0.026419,0.01,0.009138,0.009645,-0.034148,0.00604,0.009247,0.009802,-0.034654,0.006501,77.63,22.37,3.47,74.0,26.0,2.85,67.39,32.61,2.07,784861.6992696,596109.2909143,843386.8184186,608442.3187389,3180977.2219,439822172.0,3312534.7402,454111894.0,3180977.2219,439822172.0,3312534.7402,454111894.0
2024-09-05,0.0073526,0.0074079,0.006995,0.0071016,512549019.7473,119065706,121313858,113131874,114989910,0.01,0.01,-0.001539,0.01,0.00604,0.00977,-0.012918,0.002939,0.006501,0.009901,-0.008614,0.005048,75.0,25.0,3.0,71.53,28.47,2.51,67.2,32.8,2.05,478771.5137127,114977.6018864,496310.143186,116580.3886611,3054061.0996,430547522.0,3993225.2766,559332012.0,3054061.0996,430547522.0,3993225.2766,559332012.0
2024-09-06,0.0071017,0.0072676,0.0063255,0.0066368,959086918.0514,114989910,122688551,109326769,114596158,0.01,0.01,-0.033481,-0.033481,0.002939,0.010022,-0.047176,-0.0354,0.005048,0.009998,-0.03735,-0.035736,76.96,23.04,3.34,73.68,26.32,2.8,67.57,32.43,2.08,1809554.5870867,549693.4279707,1891874.2812931,551475.5842237,2884725.2411,407825333.0,2646391.4435,371113809.0,2884725.2411,407825333.0,2646391.4435,371113809.0
2024-09-07,0.0066368,0.007025,0.0066345,0.006761,506856179.2145,114596158,117496814,108407266,109529701,-0.033481,0.006668,-0.038673,0.006544,-0.0354,0.007581,-0.0354,0.007537,-0.035736,0.007276,-0.035736,0.007271,79.48,20.52,3.87,75.83,24.17,3.14,66.41,33.59,1.98,307524.4140316,487564.1378362,316463.9361156,491814.4849356,2965270.6434,448476094.0,2249434.29,337352784.0,2965270.6434,448476094.0,2249434.29,337352784.0
2024-09-08,0.0067612,0.0074037,0.0067042,0.0070707,702100335.0673,109529701,128860546,108990988,119485068,0.006544,0.01,-0.003505,0.008965,0.007537,0.010202,-0.000418,0.009647,0.007271,0.010052,0.000097,0.009361,77.5,22.5,3.44,73.81,26.19,2.82,67.09,32.91,2.04,412902.8236312,1453512.6368159,414459.5833835,1462196.7571334,2511665.4251,372731384.0,2615380.5402,385167006.0,2511665.4251,372731384.0,2615380.5402,385167006.0
2024-09-09,0.0070704,0.0076,0.0069322,0.0073889,794404333.3213,119485068,129598659,115625935,125787668,0.008965,0.01,-0.010508,0.01,0.009647,0.010266,-0.010175,0.010266,0.009361,0.010066,-0.010476,0.010066,77.08,22.92,3.36,73.28,26.72,2.74,67.14,32.86,2.04,402125.8216066,889169.0278126,411430.5088307,914780.0668614,1973575.0004,280475810.0,2677900.7615,377096923.0,1973575.0004,280475810.0,2677900.7615,377096923.0
2024-09-10,0.0073889,0.00756,0.0072841,0.0074625,546009304.5338,125787668,130917841,122670863,127356258,0.01,0.01,0.008155,0.01,0.010266,0.010602,-0.006441,0.010573,0.010066,0.010217,-0.0017,0.010208,73.85,26.15,2.82,72.7,27.3,2.66,68.82,31.18,2.21,704263.5296668,266145.1986704,705949.6503641,272505.3083088,2095726.0475,284955750.0,1853259.9593,249713340.0,2095726.0475,284955750.0,1853259.9593,249713340.0
2024-09-11,0.0074615,0.0074662,0.0069707,0.0072337,674446521.6488,127356258,127441221,119646917,122125036,0.01,0.01,-0.004777,0.008109,0.010573,0.010583,-0.005924,0.009723,0.010208,0.010209,-0.005695,0.008927,72.76,27.24,2.67,72.52,27.48,2.64,69.69,30.31,2.3,1489975.5967906,321146.470541,1505530.4879535,322350.9118714,2505486.3971,337274970.0,2496025.1751,333080482.0,2505486.3971,337274970.0,2496025.1751,333080482.0
2024-09-12,0.0072336,0.0074999,0.0072051,0.0074129,453554677.9411,122125036,126552633,121770406,125963461,0.008109,0.01,0.004535,0.01,0.009723,0.01068,-0.005914,0.010093,0.008927,0.010194,-0.001414,0.010039,75.85,24.15,3.14,75.23,24.77,3.04,69.84,30.16,2.32,240202.7710349,786013.1410699,241711.0208132,792052.2439337,2891847.7302,401683885.0,2465209.4132,339239006.0,2891847.7302,401683885.0,2465209.4132,339239006.0
2024-09-13,0.0074129,0.0080592,0.0073018,0.0079064,616996888.7892,125963461,145266991,124081802,143433264,0.01,0.01,0.01,0.01,0.010093,0.010096,-0.02189,0.009987,0.010039,0.010041,-0.012708,0.009995,74.68,25.32,2.95,73.48,26.52,2.77,69.97,30.03,2.33,268819.5898013,778335.9476076,277581.9864531,793717.9614119,2639442.4184,357507428.0,3007308.4564,403970534.0,2639442.4184,357507428.0,3007308.4564,403970534.0
2024-09-14,0.0079065,0.0079359,0.007622,0.0077545,349466372.1481,143433264,144002012,137507072,140446459,0.01,0.01,0.01,0.01,0.009987,0.010305,-0.004659,0.009996,0.009995,0.010104,-0.000411,0.009997,70.2,29.8,2.36,70.9,29.1,2.44,68.78,31.22,2.2,402216.275384,177530.0159058,417610.5676348,180738.3179133,3328245.1013,422800904.0,2811917.2868,354270209.0,3328245.1013,422800904.0,2811917.2868,354270209.0
2024-09-15,0.0077545,0.0078286,0.0072908,0.0073495,386168938.99,140446459,141053862,121978675,123526796,0.01,0.01,0.000495,0.008713,0.009996,0.010013,-0.017609,-0.007477,0.009997,0.010008,-0.01115,-0.001733,72.09,27.91,2.58,73.68,26.32,2.8,69.84,30.16,2.32,708321.4913197,66170.8383502,729009.411679,71173.9260662,2940151.7061,380679714.0,2936970.3326,377236645.0,2940151.7061,380679714.0,2936970.3326,377236645.0
2024-09-16,0.0073499,0.0073898,0.0070524,0.0071946,527773804.0672,123526796,124321458,117442549,120802095,0.008713,0.01,-0.011137,0.002623,-0.007477,0.010131,-0.03032,0.001444,-0.001733,0.010047,-0.016784,0.001839,75.19,24.81,3.03,75.08,24.92,3.01,70.74,29.26,2.42,1041629.8834326,245254.0618061,1064111.9045093,246499.0241109,2725466.4925,373147015.0,2386329.3004,323837838.0,2725466.4925,373147015.0,2386329.3004,323837838.0
2024-09-17,0.0071946,0.0076411,0.0071022,0.0073192,589107329.184,120802095,128311806,119809683,121774537,0.002623,0.01,-0.011573,0.003082,0.001444,0.010095,-0.009424,0.006505,0.001839,0.010032,-0.009342,0.005297,74.51,25.49,2.92,71.86,28.14,2.55,69.69,30.31,2.3,759656.1185778,482821.820985,774499.1156715,495240.7439241,2199358.106,307076122.0,2359021.6112,326668718.0,2199358.106,307076122.0,2359021.6112,326668718.0
2024-09-18,0.0073193,0.0075435,0.0069836,0.007528,677521740.0096,121774537,125622642,116312241,125560182,0.003082,0.01,-0.005045,0.01,0.006505,0.009992,-0.010591,0.009992,0.005297,0.009998,-0.005786,0.009998,74.25,25.75,2.88,70.76,29.24,2.42,69.8,30.2,2.31,1044366.9253181,689262.2435807,1051319.9311861,696021.4680239,2532428.9478,347368342.0,2599157.7098,353658439.0,2532428.9478,347368342.0,2599157.7098,353658439.0
2024-09-19,0.007528,0.0083358,0.0075277,0.0079502,1058082450.0194,125560182,152619441,125560182,144737653,0.01,0.01,0.01,0.01,0.009992,0.009992,0.009991,0.009992,0.009998,0.009998,0.009998,0.009998,74.71,25.29,2.95,70.55,29.45,2.4,68.2,31.8,2.15,549632.2190711,1395296.7188031,568764.0157798,1427480.2211388,2560180.9777,340817136.0,3108585.4277,410226527.0,2560180.9777,340817136.0,3108585.4277,410226527.0
2024-09-20,0.0079502,0.0085124,0.00771,0.0082411,1023546790.0474,144737653,160782705,139498122,154248081,0.01,0.01,0.01,0.01,0.009992,0.010506,0.009991,0.009994,0.009998,0.010109,0.009998,0.009999,69.88,30.12,2.32,71.33,28.67,2.49,67.67,32.33,2.09,1104312.907776,857554.6272282,1132708.3306792,865276.515951,3165199.305,399972730.0,2599040.9261,325231537.0,3165199.305,399972730.0,2599040.9261,325231537.0
2024-09-21,0.0082411,0.0084459,0.0080001,0.0084089,419168580.2931,154248081,159719678,148196877,159309848,0.01,0.01,0.007452,0.01,0.009994,0.009997,0.008708,0.009997,0.009999,0.009999,0.008326,0.009998,70.32,29.68,2.37,71.94,28.06,2.56,66.9,33.1,2.02,349093.6726268,374025.6416499,349355.0554492,384629.1936468,2592917.8085,315890415.0,2941949.5552,355363564.0,2592917.8085,315890415.0,2941949.5552,355363564.0
2024-09-22,0.0084088,0.0084774,0.0077214,0.0080046,602854381.5054,159309848,160369818,139968152,144941861,0.01,0.01,-0.006788,-0.003718,0.009997,0.010027,-0.005055,-0.003668,0.009998,0.010012,-0.004946,-0.003644,69.71,30.29,2.3,71.9,28.1,2.56,66.62,33.38,2.0,896465.4424335,165174.3049758,909602.6511871,166640.4441764,3454988.7426,412549706.0,3249282.6236,384248526.0,3454988.7426,412549706.0,3249282.6236,384248526.0
2024-09-23,0.0080046,0.0083351,0.0078217,0.0081273,620504753.5699,144941861,150679549,140506252,145886170,-0.003718,0.01,-0.00545,0.00965,-0.003668,0.010279,-0.027277,0.009989,-0.003644,0.010097,-0.018808,0.009825,73.07,26.93,2.71,75.21,24.79,3.03,67.42,32.58,2.07,896157.206241,527831.8013791,903404.3254436,545728.9987737,2793543.4905,350032834.0,2640522.1095,328102872.0,2793543.4905,350032834.0,2640522.1095,328102872.0
2024-09-24,0.0081274,0.008764,0.0079209,0.0085892,968407074.0477,145886170,173969379,141467204,169788978,0.00965,0.01,0.007538,0.01,0.009989,0.01026,0.008755,0.010028,0.009825,0.010079,0.008335,0.010008,72.91,27.09,2.69,72.98,27.02,2.7,68.02,31.98,2.13,711834.3661324,1090536.9890554,725067.7945602,1098174.8865651,3309755.3201,409159140.0,4333158.8449,530571630.0,3309755.3201,409159140.0,4333158.8449,530571630.0
2024-09-25,0.0085898,0.0087918,0.0083575,0.0084426,808321456.463,169788978,176062096,157859020,160802103,0.01,0.01,0.01,0.01,0.010028,0.010101,0.009992,0.009993,0.010008,0.010027,0.009998,0.009998,69.0,31.0,2.23,70.67,29.33,2.41,67.95,32.05,2.12,1093253.3770702,383852.8067901,1105153.3295164,384527.6484103,3223138.6125,377083817.0,2752140.8534,319194875.0,3223138.6125,377083817.0,2752140.8534,319194875.0
2024-09-26,0.0084426,0.009725,0.0082147,0.0095147,1516303116.8691,160802103,215754103,151423059,206253081,0.01,0.01,0.01,0.01,0.009993,0.010344,0.004813,0.010235,0.009998,0.010099,0.006201,0.01005,72.34,27.66,2.62,73.59,26.41,2.79,70.21,29.79,2.36,860762.7864855,2098383.4335432,891715.9986534,2136540.5338887,3392562.676,403633197.0,2915489.7668,343681707.0,3392562.676,403633197.0,2915489.7668,343681707.0
2024-09-27,0.0095147,0.0109436,0.0093711,0.0107021,1759236254.8367,206253081,251470647,202815340,243998428,0.01,0.01,0.01,0.01,0.010235,0.011091,-0.038751,0.011091,0.01005,0.010237,-0.024384,0.010237,64.45,35.55,1.81,68.04,31.96,2.13,69.06,30.94,2.23,1060023.622928,2520631.1876718,1078190.5895073,2596806.9493902,3362465.1478,354989720.0,3400443.488,355787181.0,3362465.1478,354989720.0,3400443.488,355787181.0
2024-09-28,0.0107021,0.0115587,0.0105561,0.0113806,1881399001.1097,243998428,279650684,240667978,277301769,0.01,0.01,0.01,0.01,0.011091,0.011641,0.010252,0.010585,0.010237,0.010329,0.010057,0.01013,60.63,39.37,1.54,63.31,36.69,1.73,70.37,29.63,2.38,1333745.5765195,2163696.2864333,1365035.2969911,2227906.9361653,4160484.2286,390840997.0,3701771.9741,344454301.0,4160484.2286,390840997.0,3701771.9741,344454301.0
2024-09-29,0.0113805,0.01197,0.0109679,0.0112783,1808964591.3066,277301769,303528727,266002957,268941061,0.01,0.01,0.007859,0.008684,0.010585,0.010958,0.009404,0.009833,0.01013,0.010244,0.008715,0.009256,58.63,41.37,1.42,62.06,37.94,1.64,69.74,30.26,2.31,1172643.500443,1431238.8650494,1181376.9625069,1456096.0202732,4607191.3291,406779166.0,3944524.7138,344785365.0,4607191.3291,406779166.0,3944524.7138,344785365.0
2024-09-30,0.0112784,0.011498,0.0103504,0.0104665,1809250767.6356,268941061,281684724,241495780,246721577,0.008684,0.01,0.008287,0.01,0.009833,0.021763,0.009667,0.010597,0.009256,0.017818,0.009017,0.01013,60.51,39.49,1.53,62.65,37.35,1.68,69.28,30.72,2.26,2708299.2924692,1270849.8815457,2777180.7760255,1290172.0716043,4635620.852,412859984.0,4278497.617,377610088.0,4635620.852,412859984.0,4278497.617,377610088.0
2024-10-01,0.0104665,0.011452,0.0092876,0.0096949,2843095176.5169,246721577,285202788,225486829,227524155,0.01,0.01,0.01,0.01,0.010597,0.010597,0.009987,0.009988,0.01013,0.01013,0.009997,0.009998,63.59,36.41,1.75,64.91,35.09,1.85,70.7,29.3,2.41,4788080.4571243,2192693.0065887,4912478.3898969,2220758.3048148,4762248.0636,456985309.0,3511946.7299,333679119.0,4762248.0636,456985309.0,3511946.7299,333679119.0
2024-10-02,0.0096952,0.010323,0.0089225,0.0092371,1863478942.7929,227524155,238859554,207351434,213454228,0.01,0.01,0.005648,0.01,0.009988,0.009988,-0.003315,0.009197,0.009998,0.009998,-0.001988,0.009338,64.5,35.5,1.82,66.79,33.21,2.01,72.85,27.15,2.68,2731006.8788717,1246694.2401173,2778560.067747,1261084.8766974,3762632.0482,389824117.0,3161854.4,324483516.0,3762632.0482,389824117.0,3161854.4,324483516.0
2024-10-03,0.0092371,0.0095228,0.00834,0.0086294,1529923943.8866,213454228,219916148,183271508,184041537,0.01,0.01,-0.019232,-0.019035,0.009197,0.009989,-0.021645,-0.009508,0.009338,0.009998,-0.018253,-0.011959,69.8,30.2,2.31,69.96,30.04,2.33,72.0,28.0,2.57,2612474.6607288,1469303.0932612,2665300.1572022,1471958.7054553,4402034.1903,478759168.0,3408842.9098,367416179.0,4402034.1903,478759168.0,3408842.9098,367416179.0
2024-10-04,0.0086289,0.0095926,0.0084738,0.0093878,1341734155.9086,184041537,194956412,181421456,186372795,-0.019035,0.00747,-0.032187,0.006609,-0.009508,0.00303,-0.025685,0.002603,-0.011959,0.004243,-0.024807,0.003669,73.51,26.49,2.78,73.12,26.88,2.72,71.7,28.3,2.53,597452.2656878,1498710.1447761,607447.4576047,1507230.7842707,3800983.8028,442661921.0,3104804.3007,358294422.0,3800983.8028,442661921.0,3104804.3007,358294422.0
2024-10-05,0.0093879,0.0096,0.0091505,0.0093487,833142429.5951,186372795,199051665,181444455,189832532,0.006609,0.01,-0.01157,0.01,0.002603,0.010987,-0.007713,0.010904,0.003669,0.010322,-0.008443,0.010301,68.66,31.34,2.19,65.83,34.17,1.93,68.97,31.03,2.22,710196.9187027,426638.9885366,718842.7827479,429411.7047111,4322947.6925,462776278.0,3721771.1886,394768033.0,4322947.6925,462776278.0,3721771.1886,394768033.0
2024-10-06,0.0093489,0.010323,0.0092507,0.010231,1125375572.0908,189832532,219752570,187931388,215612537,0.01,0.01,0.01,0.01,0.010904,0.011394,-0.009993,0.011384,0.010301,0.01041,-0.003906,0.010398,65.32,34.68,1.88,63.84,36.16,1.77,69.77,30.23,2.31,656693.1157446,1920594.4931138,665250.3285368,1954818.1259232,4499956.6436,483601233.0,4205825.427,447714591.0,4499956.6436,483601233.0,4205825.427,447714591.0
2024-10-07,0.0102306,0.0108185,0.0097705,0.0097996,1729731884.8207,215612537,228138634,194291233,194739104,0.01,0.01,0.01,0.01,0.011384,0.011424,0.010167,0.010353,0.010398,0.010402,0.010031,0.01006,61.43,38.57,1.59,59.33,40.67,1.46,66.88,33.12,2.02,2444761.4520486,2218097.0559614,2480255.2057762,2241299.1079587,4520329.1021,443716814.0,5130560.7131,498704817.0,4520329.1021,443716814.0,5130560.7131,498704817.0
2024-10-08,0.0097995,0.0100612,0.0093016,0.0095008,1127225349.238,194739104,196892664,178692974,181111224,0.01,0.01,-0.013989,0.006184,0.010353,0.010477,-0.024939,0.008051,0.01006,0.010089,-0.022154,0.007535,66.89,33.11,2.02,67.04,32.96,2.03,72.16,27.84,2.59,1216274.2367974,540320.6424892,1239610.4825288,546320.6408366,4415871.8797,453036556.0,3901423.5736,396050304.0,4415871.8797,453036556.0,3901423.5736,396050304.0
2024-10-09,0.0095009,0.0098549,0.0089752,0.0091084,1101904039.926,181111224,193870099,172344612,175429105,0.006184,0.01,-0.006055,-0.000675,0.008051,0.009992,-0.003789,0.001164,0.007535,0.009998,-0.004401,0.000646,72.14,27.86,2.59,69.95,30.05,2.33,71.46,28.54,2.5,1086239.7296064,288432.4316834,1113650.7956488,291972.8239539,4234766.6659,447645130.0,3366623.5983,352437329.0,4234766.6659,447645130.0,3366623.5983,352437329.0
2024-10-10,0.0091089,0.0094561,0.0088001,0.0092899,1017257306.2859,175429105,183631521,165910325,180057791,-0.000675,0.01,-0.005545,0.01,0.001164,0.009992,-0.011257,0.009991,0.000646,0.009998,-0.009017,0.009998,73.11,26.89,2.72,70.96,29.04,2.44,69.4,30.6,2.27,1943973.9829693,686834.1708116,1975108.5769571,692898.2979451,4623443.0497,510037541.0,3696658.8361,403972510.0,4623443.0497,510037541.0,3696658.8361,403972510.0
2024-10-11,0.0092899,0.0099531,0.0092027,0.009744,953156134.9282,180057791,195327134,177681709,186233240,0.01,0.01,0.006133,0.01,0.009991,0.009993,0.008147,0.009992,0.009998,0.009998,0.007415,0.009998,72.66,27.34,2.66,71.79,28.21,2.55,70.05,29.95,2.34,285058.1964332,1157082.890811,288926.2878218,1206092.6551429,4162381.4109,450240309.0,4335741.6975,464580246.0,4162381.4109,450240309.0,4335741.6975,464580246.0
2024-10-12,0.0097439,0.0102529,0.009675,0.0098956,933585329.2206,186233240,204683942,184652205,189520193,0.01,0.01,0.01,0.01,0.009992,0.010548,0.00999,0.010332,0.009998,0.010167,0.009997,0.010109,71.05,28.95,2.45,69.79,30.21,2.31,70.9,29.1,2.44,823629.0475206,623796.0085372,837955.8773585,626632.3039769,4946703.3691,510293547.0,3854155.4286,393803970.0,4946703.3691,510293547.0,3854155.4286,393803970.0
2024-10-13,0.0098956,0.0099905,0.009367,0.009696,826937719.4142,189520193,193320152,180722335,186382970,0.01,0.01,0.01,0.01,0.010332,0.014173,0.009992,0.009992,0.010109,0.012546,0.009997,0.009997,71.91,28.09,2.56,71.56,28.44,2.52,71.36,28.64,2.49,1586092.8156787,307164.7219188,1613348.4426867,313743.2703768,4254793.1728,432123248.0,4381459.843,440776556.0,4254793.1728,432123248.0,4381459.843,440776556.0
2024-10-14,0.0096963,0.011098,0.0095422,0.0109079,1516139575.6104,186382970,237225426,183114499,234868679,0.01,0.01,0.01,0.01,0.009992,0.017756,0.00999,0.010417,0.009997,0.015465,0.009997,0.010103,73.41,26.59,2.76,73.6,26.4,2.79,73.35,26.65,2.75,562051.0959476,2755952.9538342,576345.5893412,2795847.720115,4085113.6446,423473328.0,3981247.4932,408816541.0,4085113.6446,423473328.0,3981247.4932,408816541.0
2024-10-15,0.0109079,0.0111807,0.01003,0.0103876,1876244502.5931,234868679,241702008,203643427,217634444,0.01,0.023033,0.01,0.01,0.010417,0.026388,-0.007232,0.009988,0.010103,0.02111,-0.00325,0.009998,65.01,34.99,1.86,65.93,34.07,1.94,71.72,28.28,2.54,2217930.3310986,1355937.0414935,2254974.4188342,1369765.1485508,4294876.6252,395152248.0,3722354.6124,339161455.0,4294876.6252,395152248.0,3722354.6124,339161455.0
2024-10-16,0.0103876,0.0106666,0.0101071,0.0104432,1155526088.9796,217634444,231543140,211870365,224340717,0.01,0.01,0.01,0.01,0.009988,0.010417,0.007322,0.010031,0.009998,0.01008,0.008013,0.010009,70.07,29.93,2.34,71.36,28.64,2.49,73.5,26.5,2.77,1664138.9500356,785506.7085157,1685142.8442543,791911.4536879,4794944.6507,463646184.0,3952085.3513,378664453.0,4794944.6507,463646184.0,3952085.3513,378664453.0
2024-10-17,0.0104434,0.0105625,0.0096267,0.0098773,1104964955.8923,224340717,226523795,199893747,201928896,0.01,0.01,-0.011129,0.002533,0.010031,0.010263,-0.007634,0.002939,0.010009,0.010084,-0.009058,0.002703,68.64,31.36,2.19,70.05,29.95,2.34,72.59,27.41,2.65,1532965.7085945,255086.4634958,1551782.4392976,255601.073989,5486960.1998,527687083.0,3982279.8809,379493979.0,5486960.1998,527687083.0,3982279.8809,379493979.0
2024-10-18,0.0098773,0.0107472,0.00983,0.0105059,1042061977.2585,201928896,233089466,200796689,222617328,0.002533,0.01,0.002533,0.01,0.002939,0.012425,0.002939,0.010546,0.002703,0.011436,0.002703,0.010184,74.53,25.47,2.93,74.8,25.2,2.97,72.22,27.78,2.6,535626.1945261,1412813.6379377,541986.7982363,1433437.603335,5010672.1205,509643914.0,4837232.5933,487389277.0,5010672.1205,509643914.0,4837232.5933,487389277.0
2024-10-19,0.0105059,0.0109489,0.0103054,0.0104882,735522997.6592,222617328,236339506,219412815,222498511,0.01,0.01,0.01,0.01,0.010546,0.011921,0.00999,0.009992,0.010184,0.011061,0.009996,0.009996,70.11,29.89,2.35,70.66,29.34,2.41,72.67,27.33,2.66,397545.8828703,559965.2105801,411323.2902425,578959.0511804,4808557.3516,459690517.0,4442091.0132,420930522.0,4808557.3516,459690517.0,4442091.0132,420930522.0
2024-10-20,0.0104889,0.0107975,0.0101001,0.0106932,723092396.4489,222498511,223875923,207389984,221894968,0.01,0.01,0.007914,0.01,0.009992,0.011053,0.008989,0.011053,0.009996,0.010536,0.008594,0.010536,70.9,29.1,2.44,72.18,27.82,2.6,72.7,27.3,2.66,435887.7516014,506259.3849022,438049.1406479,508078.3013907,5102159.7748,488565198.0,4612952.1984,437755186.0,5102159.7748,488565198.0,4612952.1984,437755186.0
2024-10-21,0.0106932,0.0109049,0.010033,0.0101726,889052835.6067,221894968,227357758,204880553,211645878,0.01,0.01,0.006742,0.007029,0.011053,0.032279,0.008462,0.008597,0.010536,0.024135,0.007885,0.008071,70.61,29.39,2.4,71.61,28.39,2.52,72.88,27.12,2.69,1355937.5497747,202052.0070413,1376719.3326842,215649.988926,4295092.8565,403777606.0,4462755.4525,415491372.0,4295092.8565,403777606.0,4462755.4525,415491372.0
2024-10-22,0.0101726,0.0103558,0.0098567,0.0100746,669241293.2494,211645878,214122776,202175367,202982211,0.007029,0.01,0.006728,0.01,0.008597,0.010384,0.008458,0.010038,0.008071,0.010167,0.007864,0.010019,73.71,26.29,2.8,73.77,26.23,2.81,71.62,28.38,2.52,1346973.1841935,195133.6135036,1364196.8726086,195745.2115861,5106513.1281,504266133.0,4249400.495,415937875.0,5106513.1281,504266133.0,4249400.495,415937875.0
2024-10-23,0.0100747,0.0101098,0.0093671,0.009806,777883696.112,202982211,205270804,189205181,194632266,0.01,0.01,-0.006794,0.01,0.010038,0.010336,0.002172,0.009988,0.010019,0.010185,-0.001293,0.009995,73.8,26.2,2.82,72.86,27.14,2.69,72.68,27.32,2.66,2384798.2597905,266696.8054975,2472575.9322372,268508.6544938,4279653.9087,426597822.0,3652394.0695,360623149.0,4279653.9087,426597822.0,3652394.0695,360623149.0
2024-10-24,0.0098061,0.010078,0.0096709,0.0099932,658178780.0241,194632266,199791459,188569572,193998636,0.01,0.01,-0.001057,0.007992,0.009988,0.010109,0.004945,0.009218,0.009995,0.010053,0.002629,0.008853,74.62,25.38,2.94,74.08,25.92,2.86,71.13,28.87,2.46,326437.2704086,468126.1888147,330981.810276,472347.7744368,4463871.0928,457064147.0,3680544.2873,373535336.0,4463871.0928,457064147.0,3680544.2873,373535336.0
2024-10-25,0.0099932,0.0100416,0.0084099,0.0087774,1069156236.4811,193998636,194452082,154235150,155975043,0.007992,0.01,-0.018214,-0.014477,0.009218,0.010061,-0.028316,-0.002304,0.008853,0.01003,-0.019988,-0.006771,73.02,26.98,2.71,71.91,28.09,2.56,72.98,27.02,2.7,3055991.943879,526971.1053938,3147590.1672931,537258.9260061,4562422.2955,458396537.0,3780700.0891,376496109.0,4562422.2955,458396537.0,3780700.0891,376496109.0
2024-10-26,0.0087774,0.0091167,0.0086233,0.0090684,630792776.8697,155975043,162416416,151548765,161419755,-0.014477,0.01,-0.026908,0.01,-0.002304,0.010108,-0.006297,0.009991,-0.006771,0.010034,-0.014148,0.009996,77.25,22.75,3.4,76.81,23.19,3.31,71.25,28.75,2.48,453810.3357416,242955.5082683,458693.9477031,253220.9772157,2828936.5885,324246187.0,3390979.8271,384921126.0,2828936.5885,324246187.0,3390979.8271,384921126.0
2024-10-27,0.0090685,0.0092878,0.008923,0.0091633,503141359.6936,161419755,166090597,157896455,160222073,0.01,0.01,-0.005201,0.01,0.009991,0.010048,0.002814,0.009995,0.009996,0.010029,-0.000359,0.009997,74.91,25.09,2.99,72.19,27.81,2.6,67.47,32.53,2.07,284566.5119483,368626.7165664,291443.5857272,369697.5243403,3695336.8973,409121005.0,3280215.7419,360238215.0,3695336.8973,409121005.0,3280215.7419,360238215.0
2024-10-28,0.0091632,0.0094424,0.00857,0.0091729,870316732.3975,160222073,166272062,152344926,156855552,0.01,0.01,-0.007375,0.01,0.009995,0.010332,-0.005909,0.010332,0.009997,0.010102,-0.002046,0.010102,73.63,26.37,2.79,70.82,29.18,2.43,68.0,32.0,2.13,1441996.0847196,624852.672679,1450077.6825263,632903.8591174,4170786.4267,457054926.0,3107993.4181,337807675.0,4170786.4267,457054926.0,3107993.4181,337807675.0
2024-10-29,0.0091729,0.0099196,0.0091312,0.0096774,1018772625.3678,156855552,176824247,156213288,169436825,0.01,0.01,0.01,0.01,0.010332,0.010554,0.010036,0.010453,0.010102,0.010171,0.01001,0.010131,76.65,23.35,3.28,74.78,25.22,2.97,69.58,30.42,2.29,542995.454879,701354.6595741,552529.6811144,716224.5690748,3559721.9218,389569710.0,2897537.5014,314658104.0,3559721.9218,389569710.0,2897537.5014,314658104.0
2024-10-30,0.0096773,0.0101243,0.0092693,0.0096384,1034893669.842,169436825,192369084,162604381,172875769,0.01,0.017972,0.01,0.01,0.010453,0.027721,0.010156,0.010496,0.010131,0.020586,0.010048,0.010143,73.6,26.4,2.79,73.78,26.22,2.81,68.88,31.12,2.21,956710.4531423,691363.9894033,979713.7828506,704385.9237631,4387121.4845,454985782.0,3378317.76,347711765.0,4387121.4845,454985782.0,3378317.76,347711765.0
2024-10-31,0.0096384,0.0097059,0.009002,0.0091156,720856072.8797,172875769,174392434,146347710,147640650,0.01,0.01,0.01,0.01,0.010496,0.021751,0.009987,0.009987,0.010143,0.017066,0.009995,0.009995,75.99,24.01,3.17,75.88,24.12,3.15,69.95,30.05,2.33,1423053.4193564,244647.2616921,1442126.1137113,246132.2008595,4254536.7673,443459328.0,4314554.5475,446202362.0,4254536.7673,443459328.0,4314554.5475,446202362.0
2024-11-01,0.0091156,0.009345,0.0087151,0.0088826,748919693.1839,147640650,158985309,142199191,143201978,0.01,0.01,0.01,0.01,0.009987,0.019955,0.009983,0.009987,0.009995,0.015813,0.009994,0.009995,77.48,22.52,3.44,76.8,23.2,3.31,69.65,30.35,2.3,1949438.8953226,466539.9151368,1961850.1398998,475731.0148949,3939035.0367,433944045.0,3330585.5196,363930696.0,3939035.0367,433944045.0,3330585.5196,363930696.0
2024-11-02,0.0088826,0.0089926,0.0085404,0.0087146,444175658.1985,143201978,147405669,141078841,142185147,0.01,0.01,-0.014038,0.009349,0.009987,0.009992,-0.00869,0.009699,0.009995,0.009997,-0.010058,0.009549,79.7,20.3,3.93,77.89,22.11,3.52,67.54,32.46,2.08,945022.250055,89527.4217223,955816.4547373,90613.6873744,3617081.0804,408822183.0,3401326.6936,381395779.0,3617081.0804,408822183.0,3401326.6936,381395779.0
2024-11-03,0.0087147,0.0087267,0.0078669,0.0081725,813487978.8922,142185147,143376809,126210485,129350201,0.009349,0.01,-0.016372,-0.006482,0.009699,0.009996,-0.010699,0.002619,0.009549,0.009998,-0.010679,-0.001328,79.88,20.12,3.97,78.56,21.44,3.66,65.91,34.09,1.93,1644579.4444908,357193.9201756,1717031.7522708,362930.9442739,3362912.1319,387585177.0,3843442.7588,439416377.0,3362912.1319,387585177.0,3843442.7588,439416377.0
2024-11-04,0.0081723,0.0083736,0.0077111,0.007915,803965111.2916,129350201,134134795,115459584,116597164,-0.006482,0.007246,-0.020193,-0.001272,0.002619,0.008744,-0.018115,0.005087,-0.001328,0.008094,-0.014597,0.00207,78.28,21.72,3.6,76.52,23.48,3.26,64.94,35.06,1.85,1082271.0712103,490133.2635847,1116473.0928342,497768.3470536,3512994.107,431876381.0,3204852.1287,390686682.0,3512994.107,431876381.0,3204852.1287,390686682.0
2024-11-05,0.007915,0.0088104,0.0079103,0.0085603,795558869.631,116597164,134136886,116597164,122615553,-0.001272,0.01,-0.022379,-0.001655,0.005087,0.009995,-0.011259,0.005052,0.00207,0.009998,-0.015194,0.002691,78.88,21.12,3.74,76.64,23.36,3.28,64.8,35.2,1.84,588751.6762491,1110484.2113388,599984.3314369,1116849.405533,3176289.6759,403054325.0,2876174.4095,361939340.0,3176289.6759,403054325.0,2876174.4095,361939340.0
2024-11-06,0.0085604,0.0100537,0.0085595,0.009901,1542031688.7081,122615553,152462352,122615553,148735346,-0.001655,0.01,-0.004599,0.01,0.005052,0.019254,-0.008408,0.019165,0.002691,0.015952,-0.006306,0.015893,75.46,24.54,3.08,72.56,27.44,2.64,63.98,36.02,1.78,2578775.2847571,2092992.1194635,2597563.9309,2125382.5178533,3171423.8598,371872800.0,3212050.6401,373601199.0,3171423.8598,371872800.0,3212050.6401,373601199.0
2024-11-07,0.0099035,0.0110554,0.0098461,0.0110044,1684261964.3115,148735346,193358696,147427829,193358696,0.01,0.063382,0.01,0.01,0.019165,0.077779,0.009991,0.027039,0.015893,0.070977,0.009998,0.020473,72.7,27.3,2.66,71.54,28.46,2.51,64.93,35.07,1.85,2063277.9933238,2489581.9730699,2089164.2370763,2508971.4975659,3802993.6822,385816441.0,3065206.2772,308015374.0,3802993.6822,385816441.0,3065206.2772,308015374.0
2024-11-08,0.0110044,0.011499,0.0102709,0.0107748,1400275577.8793,193358696,203221245,174241448,191105610,0.01,0.019598,0.01,0.01,0.027039,0.095054,0.009988,0.031571,0.020473,0.065993,0.009998,0.023165,68.24,31.76,2.15,70.64,29.36,2.41,65.12,34.88,1.87,1826238.8747415,857677.8485448,1871348.0286698,890660.1951178,3681627.4923,336264870.0,3470035.6008,313967486.0,3681627.4923,336264870.0,3470035.6008,313967486.0
2024-11-09,0.0107755,0.011485,0.0104593,0.0112065,1250918861.1546,191105610,212502470,180528375,195474162,0.01,0.031866,0.01,0.01,0.031571,0.068675,0.009991,0.032212,0.023165,0.052429,0.009997,0.023267,69.03,30.97,2.23,73.22,26.78,2.73,67.46,32.54,2.07,1733393.333211,2557972.162393,1751950.2375873,2585199.2988861,3831345.3388,357073744.0,2561562.716,236582307.0,3831345.3388,357073744.0,2561562.716,236582307.0
2024-11-10,0.0112067,0.0130052,0.0110113,0.0123271,2693691259.6357,195474162,246788903,192088164,222769686,0.01,0.068344,0.01,0.027703,0.032212,0.074629,0.022194,0.024219,0.023267,0.072035,0.021294,0.024656,69.91,30.09,2.32,72.88,27.12,2.69,69.25,30.75,2.25,2808867.4510377,4417016.2286373,2874653.108915,4502993.7234898,2556880.082,229175997.0,3290134.1545,292206446.0,2556880.082,229175997.0,3290134.1545,292206446.0
2024-11-11,0.0123258,0.0134725,0.01176,0.0130032,2486805717.7014,222769686,268549871,219734499,244266312,0.027703,0.066942,0.01,0.026916,0.024219,0.089034,0.01156,0.028757,0.024656,0.079197,0.010227,0.027214,71.58,28.42,2.52,74.82,25.18,2.97,74.7,25.3,2.95,3236799.1132671,3543299.8231305,3270059.5983648,3571033.286689,2936152.8224,239219847.0,1893298.5453,152722269.0,2936152.8224,239219847.0,1893298.5453,152722269.0
2024-11-12,0.0130032,0.014921,0.0122968,0.0141371,3771053058.4529,244266312,313463280,231619462,286025388,0.026916,0.086765,0.011153,0.040811,0.028757,0.117931,0.019374,0.066386,0.027214,0.100628,0.020391,0.055692,72.3,27.7,2.61,75.71,24.29,3.12,76.73,23.27,3.3,5303936.6917467,4541604.1564911,5412534.9936849,4611651.6732744,3838764.7857,296608497.0,2859024.5744,218801192.0,3838764.7857,296608497.0,2859024.5744,218801192.0
2024-11-13,0.0141382,0.0224698,0.0124948,0.0208289,9334462908.548,286025388,564155707,243618512,473575635,0.040811,0.114582,0.01,0.030904,0.066386,0.168486,0.009987,0.036782,0.055692,0.134978,0.009998,0.033518,69.49,30.51,2.28,73.42,26.58,2.76,77.25,22.75,3.4,8431514.6845059,9139845.9471253,8731637.5496229,9500481.2446201,4872144.8346,346640243.0,1848074.06,130087042.0,4872144.8346,346640243.0,1848074.06,130087042.0
2024-11-14,0.0208293,0.026,0.0200991,0.020676,8439630361.6991,473575635,621407124,422166714,432987408,0.030904,0.054079,0.01,0.017098,0.036782,0.089121,0.012538,0.013372,0.033518,0.073768,0.010636,0.01494,59.76,40.24,1.49,63.4,36.6,1.73,72.88,27.12,2.69,7955572.3737868,5995836.7820348,8179352.9985181,6253574.3623867,2935985.5986,141706336.0,2956331.3416,141264941.0,2935985.5986,141706336.0,2956331.3416,141264941.0
2024-11-15,0.0206761,0.0240352,0.0188153,0.0233469,4735830286.7942,432987408,510570268,400779190,500096140,0.017098,0.02297,0.01,0.015996,0.013372,0.058729,0.009982,0.058657,0.01494,0.039759,0.009997,0.039748,64.01,35.99,1.78,68.39,31.61,2.16,74.59,25.41,2.94,4764119.1227687,5104012.9986116,4843310.4206495,5220645.4757053,2488392.7076,120987062.0,4176477.5481,200889191.0,2488392.7076,120987062.0,4176477.5481,200889191.0
2024-11-16,0.0233493,0.0236693,0.0206985,0.0213071,2386120999.8863,500096140,503067439,426518981,432584802,0.015996,0.030846,0.01,0.01043,0.058657,0.102205,0.011505,0.026597,0.039748,0.065157,0.010464,0.019912,64.27,35.73,1.8,65.46,34.54,1.9,73.94,26.06,2.84,1839586.775306,1301103.9952332,1929427.1283041,1328262.8029425,2811730.2367,121105160.0,3091205.2407,131808643.0,2811730.2367,121105160.0,3091205.2407,131808643.0
2024-11-17,0.0213062,0.0225883,0.019405,0.0212312,2772056572.954,432584802,461137491,392575548,419298714,0.01043,0.040743,0.01,0.020743,0.026597,0.077147,0.010684,0.021873,0.019912,0.057348,0.01021,0.021278,72.38,27.62,2.62,74.3,25.7,2.89,76.56,23.44,3.27,2879249.2028645,2395998.590167,2939816.7242986,2420546.4297153,2680215.2821,126414687.0,3238803.8837,151211712.0,2680215.2821,126414687.0,3238803.8837,151211712.0
2024-11-18,0.021231,0.0228232,0.0196469,0.0204929,2378047835.1479,419298714,482010822,388974741,403372217,0.020743,0.059984,0.01,0.01,0.021873,0.10448,0.01131,0.017051,0.021278,0.086837,0.011026,0.014492,71.4,28.6,2.5,72.51,27.49,2.64,77.88,22.12,3.52,5350530.8763923,1576475.2496455,5434397.0020582,1606349.3911184,2976049.4425,141027753.0,2152152.3626,100945246.0,2976049.4425,141027753.0,2152152.3626,100945246.0
2024-11-19,0.020493,0.021235,0.0189002,0.0196889,2058530844.5531,403372217,410535914,343905991,358011269,0.01,0.049819,0.01,0.01,0.017051,0.056734,0.009991,0.009991,0.014492,0.051932,0.009997,0.009997,77.39,22.61,3.42,77.27,22.73,3.4,73.69,26.31,2.8,4322038.3896425,1501738.4730421,4369456.8579094,1522186.4815021,2436154.2709,119837071.0,2899833.047,141131463.0,2436154.2709,119837071.0,2899833.047,141131463.0
2024-11-20,0.0196886,0.0206,0.0183001,0.018772,1974062361.1399,358011269,384258676,324605142,330459447,0.01,0.034971,0.01,0.01,0.009991,0.064238,0.009988,0.009989,0.009997,0.052024,0.009997,0.009997,77.81,22.19,3.51,77.89,22.11,3.52,75.21,24.79,3.03,3410507.1814251,1651319.1760947,3500191.1236821,1674351.9222707,3868758.8386,197465438.0,3294096.5073,166355860.0,3868758.8386,197465438.0,3294096.5073,166355860.0
2024-11-21,0.018772,0.021714,0.0180389,0.0207068,2720473057.0516,330459447,423048978,311485701,389166630,0.01,0.024873,0.01,0.020425,0.009989,0.071481,0.009988,0.034282,0.009997,0.049031,0.009997,0.028871,76.28,23.72,3.22,77.05,22.95,3.36,76.72,23.28,3.3,3074807.4051902,3611345.197835,3125827.3694488,3627778.3571418,3615486.9613,193698033.0,3121825.7126,165295144.0,3615486.9613,193698033.0,3121825.7126,165295144.0
2024-11-22,0.020705,0.0218813,0.0197531,0.0206619,1907683403.3572,389166630,433270534,375876880,417066465,0.020425,0.054992,0.01,0.030139,0.034282,0.064905,0.010004,0.028623,0.028871,0.060331,0.010001,0.029006,73.57,26.43,2.78,72.92,27.08,2.69,74.81,25.19,2.97,2621659.1462934,1763260.8452019,2652557.1792162,1784748.4661393,3964264.8359,192484924.0,3033286.0679,145663474.0,3964264.8359,192484924.0,3033286.0679,145663474.0
2024-11-23,0.0206618,0.0223784,0.01888,0.0205023,2514791984.0686,417066465,473090585,384485083,397187311,0.030139,0.077452,0.01,0.01,0.028623,0.13283,0.010476,0.010476,0.029006,0.111156,0.009894,0.009894,75.47,24.53,3.08,76.23,23.77,3.21,72.78,27.22,2.67,2889711.9203414,2637799.9758726,2955363.5278038,2675309.4787028,4231988.5839,205997181.0,4439546.2211,213734199.0,4231988.5839,205997181.0,4439546.2211,213734199.0
2024-11-24,0.0205022,0.0212392,0.0190511,0.02022,1375086319.1839,397187311,415204948,367640246,382123851,0.01,0.04289,0.01,0.01,0.010476,0.065926,0.010476,0.021163,0.009894,0.056082,0.009894,0.016569,80.09,19.91,4.02,80.1,19.9,4.03,76.51,23.49,3.26,2160537.6645877,710085.4586352,2277605.5013409,734542.6103889,3629157.9926,178234264.0,3003924.8171,146086086.0,3629157.9926,178234264.0,3003924.8171,146086086.0
2024-11-25,0.0202213,0.0207814,0.0183651,0.0189944,1561218372.9102,382123851,399047459,357140519,363505248,0.01,0.051248,0.01,0.01187,0.021163,0.082893,0.01023,0.01213,0.016569,0.067887,0.009802,0.011913,78.3,21.7,3.61,79.57,20.43,3.9,77.04,22.96,3.36,3911559.3899184,890531.2744366,4051732.4053368,898833.3310406,3635390.8668,180658957.0,2867150.7101,141005878.0,3635390.8668,180658957.0,2867150.7101,141005878.0
2024-11-26,0.0189944,0.019475,0.0173,0.0182877,1509622670.714,363505248,371650085,314444549,325244583,0.01187,0.030049,0.01,0.01141,0.01213,0.036339,0.009992,0.017644,0.011913,0.033113,0.009997,0.015301,81.13,18.87,4.3,81.66,18.34,4.45,77.32,22.68,3.41,2995892.3422875,1306120.4445447,3186823.8420092,1335397.3754951,3519056.5918,186197364.0,3183123.2351,166731155.0,3519056.5918,186197364.0,3183123.2351,166731155.0
2024-11-27,0.0182878,0.0201642,0.017888,0.0197513,1502302894.0894,325244583,380276314,318177599,362323999,0.01141,0.025067,0.01,0.025067,0.017644,0.051896,0.010039,0.047806,0.015301,0.03895,0.010014,0.038922,78.59,21.41,3.67,79.99,20.01,4.0,79.12,20.88,3.79,894628.9293968,1718690.5341768,914198.6748554,1747491.147387,4661479.152,241794546.0,3799433.9021,195269213.0,4661479.152,241794546.0,3799433.9021,195269213.0
2024-11-28,0.0197512,0.0203498,0.0189493,0.0198704,1207845696.3893,362323999,378714794,348236751,364641043,0.025067,0.034985,0.01,0.030014,0.047806,0.068291,0.010756,0.057331,0.038922,0.053608,0.010713,0.048062,76.04,23.96,3.17,76.92,23.08,3.33,75.12,24.88,3.02,1352522.8290468,1200002.2506313,1374113.6589711,1207041.9413221,4874786.5542,248020745.0,3337207.9298,168067572.0,4874786.5542,248020745.0,3337207.9298,168067572.0
2024-11-29,0.0198705,0.0213222,0.0195029,0.0204853,1495585836.7574,364641043,433774044,362736984,412404403,0.030014,0.040446,0.012842,0.014137,0.057331,0.073587,0.021261,0.043115,0.048062,0.059586,0.024861,0.033062,75.83,24.17,3.14,78.66,21.34,3.69,75.77,24.23,3.13,1003589.9270128,1821044.8276597,1016855.3521151,1857027.0003079,4298740.7685,217411704.0,4434465.1594,222038083.0,4298740.7685,217411704.0,4434465.1594,222038083.0
2024-11-30,0.0204821,0.0216714,0.0200607,0.020204,1195849013.787,412404403,448574113,403477198,403831768,0.014137,0.032029,0.01,0.023433,0.043115,0.067774,0.011028,0.033781,0.033062,0.055001,0.010547,0.030318,76.47,23.53,3.25,79.05,20.95,3.77,77.34,22.66,3.41,1566017.5308505,1072155.8406697,1601761.0781779,1091343.4514054,5204066.6111,255385524.0,3351144.8838,162762645.0,5204066.6111,255385524.0,3351144.8838,162762645.0
2024-12-01,0.0202017,0.0233391,0.020064,0.0222801,2464019011.3181,403831768,498407085,400434976,473888766,0.023433,0.04904,0.015575,0.031253,0.033781,0.076967,0.017434,0.046002,0.030318,0.064722,0.018986,0.040411,79.49,20.51,3.88,81.44,18.56,4.39,76.05,23.95,3.18,1590969.6762457,3169417.7945847,1624037.4475688,3215400.9889686,9879414.2753,491223571.0,3560345.2891,175361080.0,9879414.2753,491223571.0,3560345.2891,175361080.0
2024-12-02,0.0222793,0.0228771,0.01953,0.0204426,2210682916.6204,473888766,485030701,366971947,382044401,0.031253,0.04544,0.01,0.029655,0.046002,0.082014,0.01017,0.037644,0.040411,0.063746,0.010161,0.034877,75.41,24.59,3.07,79.39,20.61,3.85,78.46,21.54,3.64,3106718.6987962,831734.4347748,3205880.0546526,844615.3512407,5356910.2305,241651217.0,4238449.1214,189328427.0,5356910.2305,241651217.0,4238449.1214,189328427.0
2024-12-03,0.0204427,0.0210971,0.0188356,0.0202737,1538627870.0721,382044401,402785839,360532489,387558816,0.029655,0.056221,0.02139,0.038352,0.037644,0.072512,0.018901,0.055465,0.034877,0.062433,0.021426,0.049064,83.78,16.22,5.17,85.03,14.97,5.68,75.4,24.6,3.07,2727600.3732863,905043.3806211,2775741.0468703,911874.9655156,4798250.0309,235779539.0,4884979.9431,237865493.0,4798250.0309,235779539.0,4884979.9431,237865493.0
2024-12-04,0.0202741,0.0221189,0.0202,0.0218187,2141869218.4306,387558816,452760365,383697222,445631272,0.038352,0.060843,0.033037,0.036988,0.055465,0.111833,0.030717,0.057515,0.049064,0.088619,0.033737,0.050487,82.61,17.39,4.75,84.09,15.91,5.29,76.76,23.24,3.3,2370374.3542625,1848216.0204454,2423719.2361953,1867397.1129892,4166189.6987,217410198.0,4946922.4939,255613020.0,4166189.6987,217410198.0,4946922.4939,255613020.0
2024-12-05,0.0218196,0.0229375,0.0203104,0.0212024,2482767217.4006,445631272,489369756,408959998,442491892,0.036988,0.06894,0.031355,0.045226,0.057515,0.092295,0.034681,0.042938,0.050487,0.080995,0.03364,0.043589,80.51,19.49,4.13,83.54,16.46,5.08,79.84,20.16,3.96,2999098.7409994,1450570.9991417,3053792.9747296,1480561.5245573,3437846.065,158246274.0,6378067.3626,290769073.0,3437846.065,158246274.0,6378067.3626,290769073.0
2024-12-06,0.0212025,0.0222609,0.0203502,0.0215625,1734202600.3462,442491892,473972177,413962254,457386863,0.045226,0.07195,0.01,0.065122,0.042938,0.090234,0.010645,0.077611,0.043589,0.082275,0.010254,0.072285,83.05,16.95,4.9,85.0,15.0,5.67,80.65,19.35,4.17,1024932.1151218,511930.6399669,1053469.9807279,525374.962492,5284350.4613,250582004.0,2337699.8436,109690134.0,5284350.4613,250582004.0,2337699.8436,109690134.0
2024-12-07,0.0215626,0.02699,0.0211161,0.0249312,3104633738.7179,457386863,656876983,436602706,612675294,0.065122,0.089555,0.01,0.08728,0.077611,0.108655,0.010624,0.093201,0.072285,0.092674,0.01051,0.090484,80.29,19.71,4.07,82.99,17.01,4.88,82.81,17.19,4.82,1355749.3271364,3761871.779424,1397250.399061,3924523.2871382,6215788.9339,289661796.0,3305102.0823,152652572.0,6215788.9339,289661796.0,3305102.0823,152652572.0
2024-12-08,0.0249313,0.0272,0.0242096,0.0264459,3750100336.5195,612675294,656229399,563700642,622577066,0.08728,0.088843,0.023713,0.033716,0.093201,0.10533,0.023803,0.037886,0.090484,0.098086,0.025851,0.036197,70.72,29.28,2.42,75.51,24.49,3.08,79.83,20.17,3.96,2932186.9494962,4328189.0027413,2986876.7663367,4421817.4301902,6872355.1077,277097614.0,4149657.9859,165808596.0,6872355.1077,277097614.0,4149657.9859,165808596.0
2024-12-09,0.0264459,0.0283795,0.0230102,0.0264932,6773635389.9501,622577066,691473659,533660696,587713176,0.033716,0.040909,0.01,0.01,0.037886,0.047648,0.011427,0.011507,0.036197,0.043921,0.010269,0.010297,67.62,32.38,2.09,73.06,26.94,2.71,77.1,22.9,3.37,10490598.1829746,5659211.7848456,10772794.8764028,5765226.3208174,4000045.799,152017531.0,3955592.5971,148968623.0,4000045.799,152017531.0,3955592.5971,148968623.0
2024-12-10,0.0264922,0.027236,0.0220857,0.0234776,5726541140.4057,587713176,614376569,442339955,454156715,0.01,0.01,0.01,0.01,0.011507,0.018533,0.009986,0.009988,0.010297,0.016052,0.009997,0.009998,71.0,29.0,2.45,76.44,23.56,3.24,79.55,20.45,3.89,8428368.3407725,3737495.3584454,8612881.0386196,3819469.6909848,4400769.1145,166856266.0,4817051.5486,180881370.0,4400769.1145,166856266.0,4817051.5486,180881370.0
2024-12-11,0.0234766,0.0254807,0.0216004,0.0251263,2928235295.8721,454156715,498557200,416180342,490490610,0.01,0.01,-0.002148,0.01,0.009988,0.010466,0.004021,0.010356,0.009998,0.010127,0.001743,0.010097,78.55,21.45,3.66,79.54,20.46,3.89,81.24,18.76,4.33,1823077.3783004,3562620.531237,1861499.8737968,3597475.9321481,6655569.6895,285038646.0,3816744.8391,161798318.0,6655569.6895,285038646.0,3816744.8391,161798318.0
2024-12-12,0.0251263,0.0257198,0.0232005,0.0236308,2208481596.893,490490610,515478430,471276782,479155102,0.01,0.01,0.01,0.01,0.010356,0.010682,0.009988,0.009988,0.010097,0.010243,0.009996,0.009996,74.0,26.0,2.85,74.56,25.44,2.93,78.29,21.71,3.61,1794295.4532899,1132440.1099591,1871909.6120222,1144044.837393,5635319.3092,225195479.0,4723933.6045,187021003.0,5635319.3092,225195479.0,4723933.6045,187021003.0
2024-12-13,0.0236309,0.0249832,0.0230537,0.0247535,1505311982.2279,479155102,518798453,468023383,509034880,0.01,0.01,0.007497,0.01,0.009988,0.010081,0.008694,0.009995,0.009996,0.010031,0.008283,0.009997,81.68,18.32,4.46,83.21,16.79,4.96,78.93,21.07,3.75,873314.8797631,1200720.5015477,899373.6242099,1210739.1293691,6429407.4537,273080480.0,4223510.6489,177809786.0,6429407.4537,273080480.0,4223510.6489,177809786.0
2024-12-14,0.0247535,0.02487,0.0229064,0.0233166,1065911319.2405,509034880,511526262,460304817,468581050,0.01,0.01,0.01,0.01,0.009995,0.010188,0.007755,0.009995,0.009997,0.0101,0.008524,0.009997,74.23,25.77,2.88,75.77,24.23,3.13,79.84,20.16,3.96,985887.00967,266305.5677132,1023850.4997353,271118.0240368,6109410.4556,248010383.0,5135928.7611,206231708.0,6109410.4556,248010383.0,5135928.7611,206231708.0
2024-12-15,0.0233167,0.0245704,0.0225723,0.0241625,1216737588.0601,468581050,496209253,456954442,488316089,0.01,0.01,0.007228,0.01,0.009995,0.010019,0.008505,0.009995,0.009997,0.010014,0.00807,0.009997,80.76,19.24,4.2,81.03,18.97,4.27,80.39,19.61,4.1,1038535.3148246,904102.5770123,1062339.2777271,923446.5464953,4940520.5906,212816942.0,5710861.0025,243659378.0,4940520.5906,212816942.0,5710861.0025,243659378.0
2024-12-16,0.0241631,0.0247197,0.02288,0.0234483,1641274214.65,488316089,496091878,459950445,462413281,0.01,0.01,-0.002142,0.01,0.009995,0.010446,0.003415,0.010446,0.009997,0.010192,0.001525,0.010192,77.46,22.54,3.44,78.22,21.78,3.59,81.28,18.72,4.34,2054269.1360282,862586.8726639,2093420.0357276,872955.8913928,4482356.4159,186462059.0,3952041.368,162689255.0,4482356.4159,186462059.0,3952041.368,162689255.0
2024-12-17,0.0234484,0.0236535,0.0220539,0.0224325,1368880287.0171,462413281,472878819,437205064,444057441,0.01,0.01,0.009198,0.01,0.010446,0.010476,0.009564,0.009993,0.010192,0.010198,0.009446,0.009996,79.92,20.08,3.98,81.33,18.67,4.36,82.95,17.05,4.87,1992471.9686963,321887.4582567,2023353.4417506,325127.0422346,8776415.0005,376169116.0,4810368.6537,204135085.0,8776415.0005,376169116.0,4810368.6537,204135085.0
2024-12-18,0.0224324,0.022524,0.0190371,0.0194236,2103678383.7908,444057441,447210517,356049079,363180916,0.01,0.01,-0.006569,-0.005302,0.009993,0.010224,0.001465,0.002108,0.009996,0.010097,-0.001624,-0.000769,83.17,16.83,4.94,81.73,18.27,4.47,78.24,21.76,3.6,4640180.1625997,937306.4967649,4843505.0344855,945560.493599,4721949.1251,211525019.0,5045692.208,223690485.0,4721949.1251,211525019.0,5045692.208,223690485.0
2024-12-19,0.0194237,0.019735,0.0164296,0.0170456,2931973094.5456,363180916,363180916,286881217,286881217,-0.005302,0.01,-0.009752,-0.006632,0.002108,0.009937,-0.01785,-0.003384,-0.000769,0.00999,-0.013418,-0.004664,84.36,15.64,5.39,84.15,15.85,5.31,80.0,20.0,4.0,7291325.7027755,1682391.3700481,7568138.4807048,1699893.6083321,4296842.595,222298062.0,4002840.5813,205181373.0,4296842.595,222298062.0,4002840.5813,205181373.0
2024-12-20,0.0170456,0.017936,0.0144062,0.0176697,2765412575.3429,286881217,296211033,234405168,258047515,-0.006632,0.01,-0.03214,-0.005455,-0.003384,0.010295,-0.053748,-0.001975,-0.004664,0.009916,-0.043195,-0.003295,81.11,18.89,4.29,79.8,20.2,3.95,76.27,23.73,3.21,7341720.7602499,3026786.8209195,7437758.5149968,3091384.6532356,5855219.4175,345133552.0,3841190.9875,224351594.0,5855219.4175,345133552.0,3841190.9875,224351594.0
2024-12-21,0.0176697,0.0197264,0.0169411,0.0174111,2131210628.5407,258047515,289336109,230989828,236902664,-0.005455,0.01,-0.00912,0.01,-0.001975,0.010265,-0.029435,0.009988,-0.003295,0.010051,-0.013499,0.009998,78.24,21.76,3.6,75.13,24.87,3.02,70.88,29.12,2.43,3073232.3017319,1755691.6173545,3134775.5440659,1791671.7259909,4826219.4655,274424208.0,4665297.0774,262649000.0,4826219.4655,274424208.0,4665297.0774,262649000.0
2024-12-22,0.0174097,0.0184228,0.0166758,0.0178433,1585067458.0684,236902664,250978418,226637040,232890355,0.01,0.01,0.003959,0.00579,0.009988,0.009993,-0.011016,0.005955,0.009998,0.009998,-0.001753,0.005918,76.2,23.8,3.2,75.93,24.07,3.16,72.74,27.26,2.67,2126159.9480875,1441935.7503374,2160766.4984899,1456514.5604406,4545021.044,262309592.0,4256746.3892,243287179.0,4545021.044,262309592.0,4256746.3892,243287179.0
2024-12-23,0.0178434,0.0188449,0.0172265,0.0184704,1471802816.0487,232890355,249390275,225878370,240160557,0.00579,0.01,0.003698,0.008841,0.005955,0.010141,-0.009747,0.009456,0.005918,0.010036,-0.00299,0.009201,74.75,25.25,2.96,73.92,26.08,2.83,71.79,28.21,2.55,1455351.0787313,1347786.4519358,1469519.2794388,1373952.7734546,5391995.982,303787888.0,4220591.0626,235474139.0,5391995.982,303787888.0,4220591.0626,235474139.0
2024-12-24,0.0184705,0.0195298,0.0178907,0.0192463,1095300543.0564,240160557,254165896,229238817,244838010,0.008841,0.008889,-0.008839,0.007657,0.009456,0.009457,-0.018163,0.008826,0.009201,0.009203,-0.009808,0.008223,76.74,23.26,3.3,76.8,23.2,3.31,72.52,27.48,2.64,997050.946545,1442815.7926999,1013049.4619884,1447392.3670732,5970400.2868,324877731.0,5452772.4742,293705653.0,5970400.2868,324877731.0,5452772.4742,293705653.0
2024-12-25,0.0192461,0.019363,0.0181392,0.0185243,933747049.8511,244838010,248313796,231215811,234355385,0.007657,0.01,-0.015177,-0.001032,0.008826,0.010169,-0.020924,0.004099,0.008223,0.010068,-0.016312,0.001823,76.94,23.06,3.34,77.94,22.06,3.53,70.43,29.57,2.38,1150010.4910399,488002.1261927,1170487.3971124,491943.6005475,4392566.9585,229328089.0,4423436.1235,228766474.0,4392566.9585,229328089.0,4423436.1235,228766474.0
2024-12-26,0.0185251,0.0187573,0.0170318,0.0173837,943310695.0208,234355385,237246745,217529441,220663707,-0.001032,0.01,-0.016376,0.008973,0.004099,0.010491,-0.014325,0.006731,0.001823,0.010195,-0.014893,0.007765,79.15,20.85,3.8,78.15,21.85,3.58,69.95,30.05,2.33,1392444.9951688,338017.3479015,1420558.515989,344535.1927343,4722341.1566,256212211.0,3844388.4037,206653455.0,4722341.1566,256212211.0,3844388.4037,206653455.0
2024-12-27,0.0173837,0.0182869,0.0172494,0.01788,974859577.3902,220663707,230241074,216679232,225321062,0.008973,0.01,-0.004929,0.01,0.006731,0.009995,-0.041003,0.009995,0.007765,0.009998,-0.018086,0.009998,79.06,20.94,3.78,77.59,22.41,3.46,70.34,29.66,2.37,1179065.0708083,1173183.0239642,1197930.865633,1179128.2988237,5350654.777,309345164.0,4738758.6119,271540942.0,5350654.777,309345164.0,4738758.6119,271540942.0
2024-12-28,0.0178799,0.0190291,0.0177609,0.018759,725384740.6138,225321062,249613938,223220850,248284573,0.01,0.01,0.009611,0.01,0.009995,0.009996,0.005977,0.009996,0.009998,0.009998,0.007925,0.009997,76.87,23.13,3.32,75.07,24.93,3.01,70.82,29.18,2.43,279461.1048901,1507415.9498573,288626.0692457,1518490.4908906,4201271.1481,236006686.0,4227782.072,235313191.0,4201271.1481,236006686.0,4227782.072,235313191.0
2024-12-29,0.018759,0.0191914,0.0177436,0.0178836,781258713.939,248284573,259391908,237454768,238753051,0.01,0.01,0.01,0.01,0.009996,0.010166,0.001466,0.009996,0.009997,0.010112,0.006128,0.009998,73.25,26.75,2.74,73.4,26.6,2.76,68.82,31.18,2.21,985240.0458828,220887.630386,1012606.4558449,227070.7735695,4768132.9954,255417926.0,3700051.1403,196228862.0,4768132.9954,255417926.0,3700051.1403,196228862.0
2024-12-30,0.0178837,0.01898,0.0174443,0.0184498,1154379648.1306,238753051,251356593,234907077,242493385,0.01,0.01,0.00049,0.01,0.009996,0.010047,-0.010964,0.009993,0.009998,0.010021,-0.001377,0.009998,79.14,20.86,3.79,78.77,21.23,3.71,71.56,28.44,2.52,1322410.7279038,1794896.2821912,1344104.7143442,1808141.059386,5572422.0579,313301635.0,3978818.1502,221645128.0,5572422.0579,313301635.0,3978818.1502,221645128.0
2024-12-31,0.0184497,0.0218462,0.01769,0.0199604,2929746238.8646,242493385,340438141,236066886,315022480,0.01,0.01,-0.009603,0.01,0.009993,0.010119,-0.015133,0.010119,0.009998,0.010022,-0.009461,0.010022,77.7,22.3,3.48,78.39,21.61,3.63,71.71,28.29,2.54,1936623.0052406,4124874.2700219,2041506.9182226,4235212.8361106,3936047.5252,214336277.0,4793715.3108,258657065.0,3936047.5252,214336277.0,4793715.3108,258657065.0
2025-01-01,0.0199604,0.0207546,0.01905,0.0193718,1472495308.5542,315022480,322175402,277297004,277297004,0.01,0.01,0.00118,0.004721,0.010119,0.01043,-0.00441,0.007249,0.010022,0.010078,0.001777,0.006094,72.08,27.92,2.58,74.91,25.09,2.99,67.33,32.67,2.06,1179617.4765191,836931.247841,1222394.7842117,864411.7389374,5759282.2215,289925676.0,4046763.0851,201873345.0,5759282.2215,289925676.0,4046763.0851,201873345.0
2025-01-02,0.0193718,0.02116,0.0191806,0.0204763,1578511733.9329,277297004,305606159,270732561,275122475,0.004721,0.01,-0.004363,0.01,0.007249,0.010269,-0.015749,0.010222,0.006094,0.010079,-0.005457,0.010065,79.09,20.91,3.78,78.56,21.44,3.66,67.83,32.17,2.11,1159200.6400833,1990974.0782753,1192565.1286807,2035417.5097007,7079415.8365,367367106.0,4321193.7761,222010698.0,7079415.8365,367367106.0,4321193.7761,222010698.0
2025-01-03,0.0204772,0.0217519,0.0200579,0.0215902,1165928059.5351,275122475,317129639,270033981,315801894,0.01,0.01,0.003216,0.01,0.010222,0.010364,0.001949,0.010345,0.010065,0.010164,0.002697,0.010157,75.42,24.58,3.07,76.95,23.05,3.34,71.49,28.51,2.51,371592.729732,1126944.2287505,388154.6639898,1178941.4066087,4131163.749,202704484.0,4076873.9307,198356017.0,4131163.749,202704484.0,4076873.9307,198356017.0
2025-01-04,0.0215903,0.021912,0.020541,0.0211314,887822661.4126,315801894,320192251,295238954,298031377,0.01,0.01,0.01,0.01,0.010345,0.010582,0.009994,0.010062,0.010157,0.010248,0.009997,0.010035,72.21,27.79,2.6,75.48,24.52,3.08,70.65,29.35,2.41,888644.1263659,546328.4986459,905849.4769525,555923.281778,5662882.1587,263627901.0,5799168.2329,267394188.0,5662882.1587,263627901.0,5799168.2329,267394188.0
2025-01-05,0.0211317,0.0213959,0.02031,0.020704,661043593.4664,298031377,301640880,289262328,292917023,0.01,0.01,0.007228,0.007551,0.010062,0.010125,0.008499,0.008674,0.010035,0.010073,0.00798,0.008222,72.85,27.15,2.68,75.56,24.44,3.09,71.11,28.89,2.46,840790.3823411,225788.7777694,852638.8967474,228660.2614184,5349139.415,254306542.0,7478581.1163,351933731.0,5349139.415,254306542.0,7478581.1163,351933731.0
2025-01-06,0.020704,0.0213942,0.020257,0.0207718,1043135222.7042,292917023,295392235,275758277,279206479,0.007551,0.01,0.007551,0.008418,0.008674,0.010374,0.005869,0.009308,0.008222,0.010232,0.00673,0.008855,76.2,23.8,3.2,77.54,22.46,3.45,70.72,29.28,2.42,646412.8129752,529074.172222,660612.524142,539217.194369,4943312.6483,239550456.0,4874965.6281,234205337.0,4943312.6483,239550456.0,4874965.6281,234205337.0
2025-01-07,0.0207719,0.020833,0.0184298,0.0185778,1307730210.6383,279206479,295153140,239851638,244298965,0.008418,0.01,-0.015896,-0.015884,0.009308,0.010296,-0.002103,-0.002103,0.008855,0.010051,-0.008351,-0.00835,76.7,23.3,3.29,77.01,22.99,3.35,74.04,25.96,2.85,1936025.9081314,571763.357249,2091431.6756854,585559.6909572,5380147.9198,260183985.0,5407390.8687,259179060.0,5380147.9198,260183985.0,5407390.8687,259179060.0
2025-01-08,0.0185778,0.0189,0.017001,0.0178068,1342621502.3466,244298965,249666962,211923738,215065849,-0.015884,0.01,-0.024564,-0.017791,-0.002103,0.010493,-0.034028,-0.003925,-0.00835,0.010131,-0.021459,-0.010202,82.04,17.96,4.57,81.62,18.38,4.44,70.26,29.74,2.36,1951276.2949312,754422.5311606,2031049.9614551,780827.6594942,5450456.201,294584126.0,4654708.793,249441737.0,5450456.201,294584126.0,4654708.793,249441737.0
2025-01-09,0.0178069,0.018079,0.0166123,0.0169939,1191885604.725,215065849,224247249,198583778,203323556,-0.017791,0.01,-0.031669,-0.001087,-0.003925,0.010174,-0.02648,0.003276,-0.010202,0.010051,-0.022092,0.001184,82.61,17.39,4.75,81.36,18.64,4.37,72.23,27.77,2.6,2034021.8510097,753454.9985912,2090236.2764157,775420.7884352,4481752.3363,252811096.0,3916767.8698,218940567.0,4481752.3363,252811096.0,3916767.8698,218940567.0
2025-01-10,0.016994,0.0179,0.0169901,0.017629,966918267.4397,203323556,221153815,202362630,212518771,-0.001087,0.01,-0.023714,-0.000676,0.003276,0.01014,-0.014522,0.004907,0.001184,0.01005,-0.019802,0.002238,83.6,16.4,5.1,82.62,17.38,4.75,71.13,28.87,2.46,735479.2429934,939639.0497527,769535.2328492,961946.4961177,4160784.0046,245718788.0,3881588.7329,227330795.0,4160784.0046,245718788.0,3881588.7329,227330795.0
2025-01-11,0.0176291,0.018464,0.0174667,0.0179976,646836362.0731,212518771,226098838,210560092,219606498,-0.000676,0.01,-0.009301,-0.003066,0.004907,0.009888,-0.005092,0.003803,0.002238,0.009556,-0.005397,0.000239,79.72,20.28,3.93,77.41,22.59,3.43,70.14,29.86,2.35,583824.4033686,608487.0927739,594900.3014665,623418.5167992,4963902.3196,282828891.0,4125390.2584,233192054.0,4963902.3196,282828891.0,4125390.2584,233192054.0
2025-01-12,0.0179975,0.0180399,0.0174777,0.0177491,518086024.1226,219606498,229638825,215385087,218945105,-0.003066,0.01,-0.019502,0.01,0.003803,0.010286,-0.023538,0.010282,0.000239,0.010224,-0.013588,0.010222,78.96,21.04,3.75,76.97,23.03,3.34,69.11,30.89,2.24,497499.0424043,397742.1915422,503063.545113,399522.508415,4365576.6188,243609336.0,3846197.3231,212764651.0,4365576.6188,243609336.0,3846197.3231,212764651.0
2025-01-13,0.0177491,0.0182872,0.015572,0.0168513,1572747694.8888,218945105,225595437,202501751,213881763,0.01,0.01,-0.004206,-0.002199,0.010282,0.01032,-0.004467,0.00343,0.010222,0.010238,-0.000966,0.000704,82.12,17.88,4.59,80.26,19.74,4.07,69.71,30.29,2.3,3465793.4642833,4543226.2131751,3577379.5830425,4545880.7495838,4642195.0014,262659837.0,4005952.8952,224952735.0,4642195.0014,262659837.0,4005952.8952,224952735.0
2025-01-14,0.0168513,0.0176182,0.0167843,0.0174627,664146091.9835,213881763,223726451,212851579,216016855,-0.002199,0.01,-0.009165,0.01,0.00343,0.009996,-0.018271,0.009983,0.000704,0.009998,-0.00987,0.009951,79.59,20.41,3.9,78.07,21.93,3.56,69.61,30.39,2.29,408021.9659914,604995.4864063,412131.0917601,606273.6428493,4143639.6735,247087666.0,3837513.6411,226734952.0,4143639.6735,247087666.0,3837513.6411,226734952.0
2025-01-15,0.0174626,0.0192145,0.0168646,0.0190609,1158072458.5055,216016855,240625460,212738300,238270628,0.01,0.01,-0.003386,0.01,0.009983,0.010284,-0.003963,0.010256,0.009951,0.010109,-0.000739,0.010095,78.49,21.51,3.65,77.23,22.77,3.39,71.88,28.12,2.56,511181.7881941,1569444.3401397,525097.336174,1586911.2573882,4809046.3164,276433055.0,5095979.7286,290126239.0,4809046.3164,276433055.0,5095979.7286,290126239.0
2025-01-16,0.0190609,0.0192455,0.0179532,0.0181276,977011002.7173,238270628,243499045,226677322,232052372,0.01,0.01,0.01,0.01,0.010256,0.010341,0.009994,0.010082,0.010095,0.010118,0.009998,0.010034,77.71,22.29,3.49,77.28,22.72,3.4,74.55,25.45,2.93,2085033.5201408,623144.3984374,2128879.03677,632168.1700846,4952541.6388,260712877.0,4319971.4463,225560084.0,4952541.6388,260712877.0,4319971.4463,225560084.0
2025-01-17,0.0181277,0.020544,0.0181276,0.0202999,1294774962.9486,232052372,271729303,232052372,269888667,0.01,0.01,0.01,0.01,0.010082,0.010088,0.009105,0.009114,0.010034,0.010038,0.008269,0.008284,82.15,17.85,4.6,83.64,16.36,5.11,76.33,23.67,3.23,649466.8823998,2463397.3021638,666951.0006432,2479044.4045904,5406799.2629,299511565.0,4955327.0235,272053221.0,5406799.2629,299511565.0,4955327.0235,272053221.0
2025-01-18,0.0202999,0.0210275,0.0181004,0.0184367,1556101922.0367,269888667,280848577,239781669,247888474,0.01,0.01,0.005182,0.01,0.009114,0.010339,0.007683,0.010182,0.008284,0.010448,0.006547,0.010051,74.77,25.23,2.96,75.16,24.84,3.03,76.12,23.88,3.19,4513893.2846492,804589.1211437,4594724.4580795,809338.7465894,5368802.9309,265602905.0,4994064.2941,245002119.0,5368802.9309,265602905.0,4994064.2941,245002119.0
2025-01-19,0.0184367,0.0189891,0.0151941,0.0160437,2394629346.8877,247888474,264921708,220733224,223714289,0.01,0.01,-0.004038,0.01,0.010182,0.010487,0.003345,0.010467,0.010051,0.010395,0.00053,0.010103,84.17,15.83,5.32,85.22,14.78,5.77,78.3,21.7,3.61,6329569.1015619,1341889.6908525,6560730.2776778,1356458.9015781,6760776.5517,368196745.0,4727855.5019,255346489.0,6760776.5517,368196745.0,4727855.5019,255346489.0
2025-01-20,0.0160427,0.0175824,0.015121,0.015796,2050585395.3681,223714289,232528449,203666629,208664933,0.01,0.01,-0.00492,0.01,0.010467,0.01118,0.003219,0.010041,0.010103,0.010847,-0.000046,0.010035,84.47,15.53,5.44,84.08,15.92,5.28,75.34,24.66,3.06,3155947.4848551,1052034.4539377,3305590.9518785,1054510.9475989,3827522.1431,239936666.0,4353729.1201,269995203.0,3827522.1431,239936666.0,4353729.1201,269995203.0
2025-01-21,0.0157959,0.016358,0.0147229,0.0159112,1200122342.1593,208664933,224283769,197067174,218891358,0.01,0.01,0.01,0.01,0.010041,0.010236,0.009991,0.010236,0.010035,0.010079,0.009997,0.010079,84.19,15.81,5.33,83.0,17.0,4.88,73.62,26.38,2.79,1207688.6274618,1016239.1282539,1280429.1989293,1032151.4399037,3763020.6034,239536560.0,3054754.1517,192495578.0,3763020.6034,239536560.0,3054754.1517,192495578.0
2025-01-22,0.0159112,0.0161885,0.01501,0.0151523,674922246.4563,218891358,228785693,217587556,219460751,0.01,0.01,0.01,0.01,0.010236,0.010584,0.010236,0.010398,0.010079,0.010261,0.010079,0.010233,81.01,18.99,4.27,78.38,21.62,3.63,73.48,26.52,2.77,1139119.4069024,324620.6586143,1161853.9538699,325105.9031454,3315407.5972,209554748.0,3173721.6081,198709768.0,3315407.5972,209554748.0,3173721.6081,198709768.0
2025-01-23,0.0151519,0.0155816,0.0143019,0.0153267,1094947362.9296,219460751,231134316,213347611,230795042,0.01,0.01,0.01,0.01,0.010398,0.010411,0.009994,0.009995,0.010233,0.010242,0.009996,0.009998,83.27,16.73,4.98,81.27,18.73,4.34,76.29,23.71,3.22,2149601.4913837,841957.7696093,2193300.3450857,846111.5745155,4725588.2177,314068438.0,3620225.7102,237898916.0,4725588.2177,314068438.0,3620225.7102,237898916.0
2025-01-24,0.0153268,0.016175,0.0145801,0.0149417,906711192.4578,230795042,251642251,221096221,232742455,0.01,0.01,0.01,0.01,0.009995,0.010162,0.009991,0.010162,0.009998,0.010073,0.009996,0.010073,83.1,16.9,4.92,82.3,17.7,4.65,74.94,25.06,2.99,2186767.5220789,498199.9780365,2214719.9165906,502976.2880208,4107496.3524,269132448.0,3588632.2899,233048831.0,4107496.3524,269132448.0,3588632.2899,233048831.0
2025-01-25,0.0149417,0.0153998,0.0145894,0.0150435,524601737.3145,232742455,244980418,227517100,237956049,0.01,0.01,0.01,0.01,0.010162,0.010201,0.005246,0.010078,0.010073,0.010089,0.007629,0.010063,84.82,15.18,5.59,84.18,15.82,5.32,75.5,24.5,3.08,1418107.7885766,513201.7883204,1428982.5644838,517484.9861364,4393117.7216,295476287.0,4327874.1252,288249053.0,4393117.7216,295476287.0,4327874.1252,288249053.0
2025-01-26,0.0150434,0.0151996,0.0139336,0.0140076,588467382.2957,237956049,250487466,220675759,223404220,0.01,0.01,0.01,0.01,0.010078,0.010173,0.010002,0.010021,0.010063,0.010155,0.010001,0.010014,81.51,18.49,4.41,79.34,20.66,3.84,75.52,24.48,3.09,1853728.7134484,57903.1758943,1944813.624451,59615.2158739,4999972.1338,333968845.0,4422786.4634,292736194.0,4999972.1338,333968845.0,4422786.4634,292736194.0
2025-01-27,0.0140076,0.0140077,0.0121012,0.0131021,1497153757.4003,223404220,223619308,184354002,190018567,0.01,0.01,-0.022863,0.001572,0.010021,0.010029,-0.012289,0.001761,0.010014,0.010016,-0.016489,0.001893,84.97,15.03,5.65,83.52,16.48,5.07,75.6,24.4,3.1,4731654.2280219,921383.1915041,4889997.8030302,931771.1187006,4884731.5231,351150022.0,4459917.6985,317077278.0,4884731.5231,351150022.0,4459917.6985,317077278.0
2025-01-28,0.0131022,0.01334,0.0113308,0.0114455,833734366.1113,190018567,191644132,175983322,177648418,0.001572,0.01,-0.016601,0.01,0.001761,0.010048,-0.019742,0.01002,0.001893,0.010018,-0.016204,0.010007,81.76,18.24,4.48,79.7,20.3,3.93,73.12,26.88,2.72,2165770.2698136,253813.0484913,2256955.3215619,255958.5271849,3725993.0547,285757153.0,3940756.779,299384932.0,3725993.0547,285757153.0,3940756.779,299384932.0
2025-01-29,0.011446,0.0133329,0.01136,0.0123969,1174410639.6375,177648418,197462102,175024770,182618850,0.01,0.01,0.003656,0.006973,0.01002,0.010027,0.002926,0.005133,0.010007,0.01001,0.004071,0.005795,82.93,17.07,4.86,82.85,17.15,4.83,72.2,27.8,2.6,1237877.4937678,1768585.2218575,1261567.0781795,1797413.8421523,4301193.4765,377574328.0,3786116.2144,329026604.0,4301193.4765,377574328.0,3786116.2144,329026604.0
2025-01-30,0.0123966,0.0134901,0.0122187,0.0129278,790506301.8808,182618850,198852813,178111149,188879478,0.006973,0.01,-0.004198,0.005916,0.005133,0.009992,-0.031816,0.000004,0.005795,0.009998,-0.014366,0.002838,82.93,17.07,4.86,82.82,17.18,4.82,74.65,25.35,2.95,780911.7838347,1028039.4655662,789269.1200088,1046847.532155,4361890.1769,353783311.0,3850459.5637,309067249.0,4361890.1769,353783311.0,3850459.5637,309067249.0
2025-01-31,0.0129279,0.0147679,0.0127367,0.0138633,1451100346.2326,188879478,213911412,182226104,205018852,0.005916,0.01,0.004477,0.01,0.000004,0.010051,-0.005785,0.009991,0.002838,0.010013,0.000993,0.009998,79.04,20.96,3.77,78.08,21.92,3.56,73.33,26.67,2.75,1536951.4898288,1444570.7471967,1598778.6646801,1477465.5399382,6717350.1113,522175759.0,2507371.4402,192948835.0,6717350.1113,522175759.0,2507371.4402,192948835.0
2025-02-01,0.013863,0.0142919,0.0120576,0.0122376,1057874586.6691,205018852,209802854,180453024,182165048,0.01,0.01,0.00915,0.01,0.009991,0.01003,-0.000096,0.008114,0.009998,0.010006,0.004437,0.00896,81.02,18.98,4.27,82.77,17.23,4.8,74.07,25.93,2.86,2698682.5107129,633491.9620633,2763574.5212673,634156.3259718,4052608.0289,293782092.0,4072300.2193,292360948.0,4052608.0289,293782092.0,4072300.2193,292360948.0
2025-02-02,0.0122375,0.0125165,0.009992,0.0107638,1590874305.5091,182165048,183092284,140708689,149036645,0.01,0.01,-0.004246,-0.002604,0.008114,0.009991,-0.01043,-0.000626,0.00896,0.009997,-0.00403,-0.001478,84.07,15.93,5.28,85.1,14.9,5.71,72.39,27.61,2.62,3201966.9593538,1851136.4988961,3368063.7443689,1870931.3239642,4843991.7884,397840257.0,4307341.1333,350234503.0,4843991.7884,397840257.0,4307341.1333,350234503.0
2025-02-03,0.0107642,0.0114389,0.0079596,0.0109988,2552040166.4665,149036645,149965067,110712212,119447656,-0.002604,0.008021,-0.033959,-0.006009,-0.000626,0.006536,-0.051123,-0.001634,-0.001478,0.006389,-0.04417,-0.003292,79.31,20.69,3.83,78.99,21.01,3.76,72.8,27.2,2.68,6941790.4060377,3776502.2643073,7152761.0094842,3813876.882297,3397396.7603,317265486.0,3496322.1135,323388150.0,3397396.7603,317265486.0,3496322.1135,323388150.0
2025-02-04,0.0109983,0.0110877,0.009654,0.0101507,1381665271.1654,119447656,119803001,103174907,109502215,-0.006009,0.01,-0.029756,0.009698,-0.001634,0.009991,-0.026935,0.006874,-0.003292,0.009999,-0.028209,0.008161,76.61,23.39,3.28,73.31,26.69,2.75,60.9,39.1,1.56,2800882.7445576,1089961.8178447,2863535.2350592,1095171.9687158,4207078.8991,384575698.0,3488293.323,315486719.0,4207078.8991,384575698.0,3488293.323,315486719.0
2025-02-05,0.0101507,0.010452,0.0097327,0.0100016,861475236.2781,109502215,121417502,106368318,118280260,0.009698,0.01,0.005336,0.01,0.006874,0.009993,-0.011866,0.006454,0.008161,0.009999,-0.002172,0.008092,77.13,22.87,3.37,76.27,23.73,3.21,62.62,37.38,1.68,1451888.5177145,514995.1852991,1471296.1071867,522420.8338137,3764801.8267,372446284.0,2981071.7398,292264839.0,3764801.8267,372446284.0,2981071.7398,292264839.0
2025-02-06,0.0100021,0.01038,0.0091,0.0092097,852151156.727,118280260,121910010,104513261,107519642,0.01,0.01,-0.015105,-0.012726,0.006454,0.009993,-0.014767,-0.012398,0.008092,0.009998,-0.01475,-0.012441,76.63,23.37,3.28,75.46,24.54,3.08,61.7,38.3,1.61,952059.4997378,455203.9310008,998642.9325954,460293.7066972,4402518.24,442894703.0,3643358.7183,362731495.0,4402518.24,442894703.0,3643358.7183,362731495.0
2025-02-07,0.0092097,0.009821,0.008448,0.0089219,1057398202.2576,107519642,118128952,95866374,100357822,-0.012726,0.006253,-0.017937,-0.004389,-0.012398,0.008057,-0.034732,-0.003833,-0.012441,0.007117,-0.023964,-0.004007,78.19,21.81,3.59,76.87,23.13,3.32,57.27,42.73,1.34,1429128.3809327,635172.5869976,1479459.1974074,641595.5820361,2917542.9979,318177944.0,3057011.5132,330464906.0,2917542.9979,318177944.0,3057011.5132,330464906.0
2025-02-08,0.008922,0.0096879,0.0088662,0.00956,706237922.7402,100357822,109034387,98622476,104441282,-0.004389,0.01,-0.004758,-0.00027,-0.003833,0.009991,-0.00972,0.003485,-0.004007,0.009998,-0.006197,0.001598,75.35,24.65,3.06,72.28,27.72,2.61,58.07,41.93,1.39,271691.2644183,493999.8697137,276097.5479365,500615.4062674,3734373.2487,421523902.0,3299212.6404,368834887.0,3734373.2487,421523902.0,3299212.6404,368834887.0
2025-02-09,0.00956,0.0098493,0.0089169,0.0095268,787861483.6945,104441282,111829297,104042854,106841392,-0.00027,0.01,-0.012864,0.01,0.003485,0.010088,-0.012217,0.008872,0.001598,0.010024,-0.010629,0.009444,71.15,28.85,2.47,68.73,31.27,2.2,62.08,37.92,1.64,928897.1939169,726018.7461373,935209.0435166,736964.1425371,3902743.1287,410488944.0,2979219.2922,310317652.0,3902743.1287,410488944.0,2979219.2922,310317652.0
2025-02-10,0.0095271,0.0099595,0.0091509,0.0095922,880341392.9706,106841392,120752885,101505672,108436916,0.01,0.01,-0.001616,0.001348,0.008872,0.009995,-0.009114,0.00598,0.009444,0.009999,0.000251,0.00363,72.78,27.22,2.67,71.33,28.67,2.49,63.32,36.68,1.73,607302.6078713,858823.6324608,615667.8968819,873328.478234,4145117.3285,436982891.0,3533055.3649,368762544.0,4145117.3285,436982891.0,3533055.3649,368762544.0
2025-02-11,0.0095922,0.0105952,0.0093804,0.0095803,984546297.4691,108436916,124530135,106991378,109068579,0.001348,0.01,-0.017452,-0.017127,0.00598,0.008625,-0.022788,-0.007659,0.00363,0.009067,-0.012524,-0.012431,78.91,21.09,3.74,79.15,20.85,3.8,64.72,35.28,1.83,1020544.5496801,711020.1768352,1060058.4097623,721968.26369,3461576.803,362656255.0,2708206.003,281155344.0,3461576.803,362656255.0,2708206.003,281155344.0
2025-02-12,0.0095803,0.010261,0.0090472,0.0100845,977468967.8749,109068579,114433580,104805205,111812969,-0.017127,0.009657,-0.029587,0.005981,-0.007659,0.009575,-0.023531,0.008171,-0.012431,0.009561,-0.023832,0.007115,75.48,24.52,3.08,73.78,26.22,2.81,63.71,36.29,1.76,1180871.9667944,923908.1369867,1216858.3226263,935359.429169,4179200.4845,438617768.0,3181873.1214,330468752.0,4179200.4845,438617768.0,3181873.1214,330468752.0
2025-02-13,0.0100846,0.0102414,0.0094333,0.0096841,595773600.6655,111812969,115438327,108351590,109506568,0.005981,0.01,-0.005516,0.004889,0.008171,0.010052,-0.023171,0.003957,0.007115,0.010011,-0.007784,0.004473,76.95,23.05,3.34,75.1,24.9,3.02,62.18,37.82,1.64,962265.8362308,470451.2444179,976254.6199868,471546.2424894,3164609.0431,315206118.0,2879737.2831,284154882.0,3164609.0431,315206118.0,2879737.2831,284154882.0
2025-02-14,0.0096842,0.0107482,0.0096164,0.0102906,751293234.0778,109506568,135915184,109506568,126275178,0.004889,0.01,0.004514,0.01,0.003957,0.010135,0.000843,0.010008,0.004473,0.010051,0.002904,0.010002,75.73,24.27,3.12,73.96,26.04,2.84,63.31,36.69,1.73,515457.2658043,1044585.9310432,525611.8076188,1062985.171463,3280656.684,340102637.0,3148056.2057,323330672.0,3280656.684,340102637.0,3148056.2057,323330672.0
2025-02-15,0.0102906,0.0103759,0.009808,0.0099317,446104345.3947,126275178,126275178,118189423,119807218,0.01,0.01,-0.003909,-0.003909,0.010008,0.010008,-0.014034,0.002409,0.010002,0.010002,-0.007311,-0.00106,74.17,25.83,2.87,73.68,26.32,2.8,65.34,34.66,1.89,334416.9832656,178119.8047573,343007.2352934,179791.3439774,3392471.3607,331910154.0,2674008.807,259122503.0,3392471.3607,331910154.0,2674008.807,259122503.0
2025-02-16,0.0099316,0.0100344,0.0095662,0.0096975,429872442.609,119807218,122951859,114796093,118223962,-0.003909,0.01,-0.008682,0.004986,0.002409,0.009995,-0.011664,0.004296,-0.00106,0.009997,-0.006773,0.004776,78.37,21.63,3.62,79.02,20.98,3.77,66.32,33.68,1.97,380147.2836055,162499.236012,385354.1706152,168826.3410363,3377899.2095,341883900.0,2624457.6917,263255827.0,3377899.2095,341883900.0,2624457.6917,263255827.0
2025-02-17,0.0096976,0.0106715,0.0094974,0.0101167,948037216.98,118223962,133910604,116409178,125594514,0.004986,0.01,-0.005788,0.01,0.004296,0.009991,-0.038236,0.00999,0.004776,0.009998,-0.014555,0.009998,76.6,23.4,3.27,74.82,25.18,2.97,63.07,36.93,1.71,1298005.2612349,1453659.7895806,1315725.3549992,1471291.7754348,3382613.5445,350831895.0,2784419.0142,285962917.0,3382613.5445,350831895.0,2784419.0142,285962917.0
2025-02-18,0.0101166,0.010199,0.0089068,0.00926,824255729.102,125594514,126399096,112119818,116844863,0.01,0.01,-0.030576,-0.015818,0.00999,0.010014,-0.032755,-0.008692,0.009998,0.010003,-0.027782,-0.01224,79.2,20.8,3.81,79.81,20.19,3.95,63.65,36.35,1.75,2522829.0255869,579810.2633329,2572658.2013583,582094.6648135,2920317.1764,289961439.0,2976175.5736,292854557.0,2920317.1764,289961439.0,2976175.5736,292854557.0
2025-02-19,0.0092604,0.0095635,0.0091149,0.0093511,538081194.8824,116844863,118006928,111287377,115229018,-0.015818,0.01,-0.01843,-0.00118,-0.008692,0.010029,-0.022588,0.003035,-0.01224,0.01001,-0.020142,0.000758,77.29,22.71,3.4,74.12,25.88,2.86,58.62,41.38,1.42,439933.5166774,399035.0924063,449965.0156633,399608.4014782,2461463.463,266965858.0,2799966.8792,300783778.0,2461463.463,266965858.0,2799966.8792,300783778.0
2025-02-20,0.0093512,0.009704,0.0093055,0.0096255,564884140.0821,115229018,121945547,113963936,119246365,-0.00118,0.01,-0.010963,0.01,0.003035,0.010389,-0.010193,0.010388,0.000758,0.010163,-0.010176,0.010162,74.51,25.49,2.92,71.04,28.96,2.45,61.72,38.28,1.61,261992.0856161,1244478.9906647,268230.7214473,1249950.2237913,3160734.0133,339315202.0,2900302.737,308589543.0,3160734.0133,339315202.0,2900302.737,308589543.0
2025-02-21,0.0096244,0.0101424,0.0090323,0.0091203,769853475.9455,119246365,123862150,107797090,108777072,0.01,0.01,0.006904,0.01,0.010388,0.013277,0.002377,0.013272,0.010162,0.011114,0.006403,0.011072,72.67,27.33,2.66,70.05,29.95,2.34,63.22,36.78,1.72,1669227.8985841,623385.2976217,1693956.1138256,631053.370976,3764806.846,392878655.0,4475275.3673,462450142.0,3764806.846,392878655.0,4475275.3673,462450142.0
2025-02-22,0.0091203,0.00973,0.0090611,0.0096217,417294162.4458,108777072,121542243,108057931,120290696,0.01,0.01,-0.017805,0.01,0.013272,0.016517,-0.002873,0.009992,0.011072,0.013414,-0.009628,0.009995,79.3,20.7,3.83,77.07,22.93,3.36,63.47,36.53,1.74,364576.2382607,296620.5771694,365705.6098947,296884.2603958,3008380.4714,331697293.0,2605217.5296,284548762.0,3008380.4714,331697293.0,2605217.5296,284548762.0
2025-02-23,0.0096216,0.0098,0.0092022,0.0093434,467952662.4472,120290696,120864627,116435073,120335612,0.01,0.01,-0.009679,-0.008667,0.009992,0.010198,-0.001089,0.000247,0.009995,0.010093,-0.00513,-0.00435,74.17,25.83,2.87,71.59,28.41,2.52,63.62,36.38,1.75,490694.5109572,270772.095953,498260.2559386,272041.0550822,3653192.481,381510746.0,3168613.2333,327954893.0,3653192.481,381510746.0,3168613.2333,327954893.0
2025-02-24,0.0093434,0.0094217,0.0076095,0.0078868,940577337.3299,120335612,121348128,103691305,108950022,-0.008667,0.01,-0.019667,0.005959,0.000247,0.010186,-0.004876,0.003801,-0.00435,0.01005,-0.012538,0.004576,77.39,22.61,3.42,74.68,25.32,2.95,64.7,35.3,1.83,2180131.9829884,427249.4864292,2323562.2896161,429523.922608,3432226.9476,368975255.0,3177105.7804,338425619.0,3432226.9476,368975255.0,3177105.7804,338425619.0
2025-02-25,0.0078867,0.008425,0.0073119,0.008245,1130636786.0216,108950022,109971049,92411783,101807727,0.005959,0.01,-0.030227,0.000033,0.003801,0.00999,-0.012332,0.005005,0.004576,0.009997,-0.019792,0.002686,81.79,18.21,4.49,81.67,18.33,4.46,64.62,35.38,1.83,1219802.2694239,1342654.241336,1327586.3822158,1363828.3989954,2816571.5016,359207492.0,2552060.147,322132084.0,2816571.5016,359207492.0,2552060.147,322132084.0
2025-02-26,0.008245,0.0084983,0.0078214,0.008323,751606360.7879,101807727,106189694,96534985,104124058,0.000033,0.01,-0.005021,0.01,0.005005,0.011017,0.000209,0.009988,0.002686,0.010491,-0.001182,0.009996,74.89,25.11,2.98,70.09,29.91,2.34,59.0,41.0,1.44,1339265.7227731,950185.2517854,1356136.0187707,964442.8367698,3490239.998,425341101.0,3179736.6348,383807479.0,3490239.998,425341101.0,3179736.6348,383807479.0
2025-02-27,0.0083232,0.0085965,0.0080559,0.0082127,532063858.7569,104124058,111185167,101760111,106186000,0.01,0.01,0.007911,0.01,0.009988,0.010319,0.008946,0.009988,0.009996,0.010137,0.008442,0.009994,75.27,24.73,3.04,73.88,26.12,2.83,63.35,36.65,1.73,674201.5432682,354784.7276172,677884.0927838,357487.0861914,2732708.016,329733786.0,2512312.8135,300478464.0,2732708.016,329733786.0,2512312.8135,300478464.0
2025-02-28,0.0082132,0.0082551,0.0072598,0.0079256,839577242.7146,106186000,110049869,98592925,109073220,0.01,0.01,-0.013841,0.01,0.009988,0.010218,-0.017046,0.010199,0.009994,0.010049,-0.010066,0.010045,76.53,23.47,3.26,75.31,24.69,3.05,65.76,34.24,1.92,1350005.4590181,551790.8003819,1419646.7743573,556369.1710057,2821032.3239,344933463.0,2607160.658,316093262.0,2821032.3239,344933463.0,2607160.658,316093262.0
2025-03-01,0.0079258,0.0080112,0.0073579,0.0075889,476752404.0999,109073220,113070193,106505822,109952853,0.01,0.01,-0.018135,-0.002562,0.010199,0.010199,-0.014376,0.003375,0.010045,0.010045,-0.014754,0.000744,75.04,24.96,3.01,72.72,27.28,2.67,63.81,36.19,1.76,518910.829617,205150.1322916,544658.0655232,205271.6169963,3258202.5455,413081009.0,3258387.2175,409187414.0,3258202.5455,413081009.0,3258387.2175,409187414.0
2025-03-02,0.0075891,0.008946,0.0075511,0.0088297,853209047.0144,109952853,125150635,107556326,119660264,-0.002562,0.01,-0.008518,0.01,0.003375,0.010137,-0.009203,0.009989,0.000744,0.010058,-0.00762,0.009997,76.75,23.25,3.3,73.64,26.36,2.79,63.28,36.72,1.72,497608.9851043,1242630.8249076,504530.2123544,1262402.9010528,2995926.1498,396477914.0,2988836.132,392153932.0,2995926.1498,396477914.0,2988836.132,392153932.0
2025-03-03,0.0088295,0.0088695,0.0070604,0.007218,896828991.8241,119660264,123608294,101186261,102578043,0.01,0.01,-0.018702,-0.018702,0.009989,0.010329,-0.010323,-0.010323,0.009997,0.010071,-0.013643,-0.013643,77.28,22.72,3.4,77.58,22.42,3.46,68.18,31.82,2.14,1894267.8876673,395272.9605757,1948159.7820831,397138.1818034,2993338.6124,339957755.0,2772687.2023,311795130.0,2993338.6124,339957755.0,2772687.2023,311795130.0
2025-03-04,0.0072179,0.0072777,0.0062666,0.0069842,938042581.6387,102578043,103657219,90151615,94093986,-0.018702,-0.008599,-0.025446,-0.022373,-0.010323,-0.002361,-0.030143,-0.012734,-0.013643,-0.005203,-0.02541,-0.015876,83.07,16.93,4.91,83.59,16.41,5.09,67.47,32.53,2.07,1492767.1405805,701736.2838177,1572030.3083768,710947.262949,3257581.6789,453876486.0,3106292.3821,428593778.0,3257581.6789,453876486.0,3106292.3821,428593778.0
2025-03-05,0.0069842,0.0073522,0.0068131,0.0070721,553801630.9215,94093986,99054085,90345555,94167540,-0.022373,0.007381,-0.029659,0.005346,-0.012734,0.00859,-0.022567,0.007624,-0.015876,0.008064,-0.023998,0.006517,77.1,22.9,3.37,75.13,24.87,3.02,58.78,41.22,1.43,390974.5071855,1765659.3390315,401934.939524,1770634.5982538,3885955.53,559764879.0,2607149.5689,371689207.0,3885955.53,559764879.0,2607149.5689,371689207.0
2025-03-06,0.0070722,0.007337,0.0067612,0.0068323,517841071.4056,94167540,97788828,90564490,91107372,0.005346,0.01,-0.011382,-0.01117,0.007624,0.010205,-0.018001,-0.011681,0.006517,0.009945,-0.012799,-0.011583,75.33,24.67,3.05,72.8,27.2,2.68,63.38,36.62,1.73,691356.6026879,305142.0508095,699187.9861076,310026.2248509,3080398.5098,437825515.0,2520794.4915,355227597.0,3080398.5098,437825515.0,2520794.4915,355227597.0
2025-03-07,0.0068322,0.00736,0.0064211,0.0069868,735349621.2947,91107372,96665053,86373201,93163546,-0.01117,0.01,-0.017851,0.01,-0.011681,0.009957,-0.034649,0.009908,-0.011583,0.009899,-0.019291,0.00982,76.96,23.04,3.34,75.25,24.75,3.04,65.43,34.57,1.89,908470.1066245,636293.3167944,950454.9432416,645527.3239823,3979829.7396,585342432.0,3726193.0096,542610637.0,3979829.7396,585342432.0,3726193.0096,542610637.0
2025-03-08,0.0069867,0.0070391,0.0065693,0.0066689,391478303.786,93163546,94900823,89466966,90156987,0.01,0.01,-0.014218,-0.010848,0.009908,0.009943,-0.015519,-0.006694,0.00982,0.009849,-0.010768,-0.008222,78.99,21.01,3.76,79.55,20.45,3.89,64.87,35.13,1.85,533830.5793937,245151.2033771,551913.0114652,245292.369268,2635692.2941,380222953.0,2556122.4303,365070891.0,2635692.2941,380222953.0,2556122.4303,365070891.0
2025-03-09,0.0066689,0.0067319,0.0057166,0.0058665,651429926.1272,90156987,94745336,88071437,88832619,-0.010848,0.002953,-0.029679,-0.012328,-0.006694,0.00528,-0.049909,-0.013575,-0.008222,0.003636,-0.032158,-0.013226,76.44,23.56,3.24,73.29,26.71,2.74,65.12,34.88,1.87,1592221.3312698,285252.325857,1648225.4396419,300834.6356382,2733871.8073,411757738.0,2918836.0753,435725256.0,2733871.8073,411757738.0,2918836.0753,435725256.0
2025-03-10,0.0058665,0.0066414,0.005628,0.0056983,951068201.4728,88832619,95737726,78708155,78841231,-0.012328,0.01,-0.012328,-0.0089,-0.013575,0.009989,-0.027687,-0.001503,-0.013226,0.009998,-0.017822,-0.004193,76.98,23.02,3.34,75.24,24.76,3.04,61.23,38.77,1.58,1533830.3947421,1787562.5943569,1572254.342159,1799004.6907565,2827289.0995,484232515.0,2659407.4535,451280145.0,2827289.0995,484232515.0,2659407.4535,451280145.0
2025-03-11,0.0056983,0.0065099,0.0052434,0.0063199,846196498.8637,78841231,86243140,70843919,84363726,-0.0089,0.006971,-0.01979,0.006884,-0.001503,0.004888,-0.023343,0.001768,-0.004193,0.003522,-0.019171,0.003303,79.2,20.8,3.81,78.19,21.81,3.59,63.07,36.93,1.71,1719908.8673291,1854240.6504035,1782712.4172342,1881188.9545571,2889466.3586,508941605.0,2489437.9787,434219693.0,2889466.3586,508941605.0,2489437.9787,434219693.0
2025-03-12,0.0063198,0.0069729,0.0061385,0.0069493,830531346.0431,84363726,96116556,81064381,95519962,0.006884,0.00875,-0.017767,-0.001063,0.001768,0.009342,-0.039361,-0.010247,0.003303,0.009114,-0.027629,-0.007015,70.67,29.33,2.41,70.29,29.71,2.37,60.37,39.63,1.52,709072.0954987,783920.0919311,756803.1113718,807834.5922873,3175703.4015,505021124.0,2631893.6995,414732646.0,3175703.4015,505021124.0,2631893.6995,414732646.0
2025-03-13,0.0069489,0.007451,0.0064965,0.0066931,1162874947.6226,95519962,106213999,88866352,90102565,-0.001063,0.01,-0.015589,-0.015589,-0.010247,0.009989,-0.021708,-0.018559,-0.007015,0.009998,-0.017314,-0.017314,70.28,29.72,2.37,69.38,30.62,2.27,59.76,40.24,1.49,1084815.930984,807202.0194361,1139648.8865509,863994.4823163,2741025.2499,396899321.0,2616927.8087,375152747.0,2741025.2499,396899321.0,2616927.8087,375152747.0
2025-03-14,0.0066931,0.007338,0.006677,0.0070553,751038122.8948,90102565,100962616,89504833,97692064,-0.015589,0.01,-0.037439,0.007486,-0.018559,0.010232,-0.054801,0.006106,-0.017314,0.01006,-0.041143,0.006469,76.45,23.55,3.25,76.73,23.27,3.3,59.47,40.53,1.47,382667.0322202,680570.8436169,395615.0535707,702951.8968851,2755169.2623,413782234.0,2128647.3981,316358738.0,2755169.2623,413782234.0,2128647.3981,316358738.0
2025-03-15,0.0070551,0.0073825,0.0069583,0.0071297,523444600.7033,97692064,102042198,94795597,98805095,0.007486,0.01,-0.006924,0.00525,0.006106,0.009947,-0.022531,0.00743,0.006469,0.0099,-0.01647,0.006299,67.16,32.84,2.05,65.75,34.25,1.92,57.17,42.83,1.34,301306.2705935,235213.1102042,327744.1844106,249166.569416,3310025.362,471226476.0,2900183.7946,408701484.0,3310025.362,471226476.0,2900183.7946,408701484.0
2025-03-16,0.0071297,0.0071787,0.0064526,0.0065839,567639938.2256,98805095,99209521,88803501,88946122,0.00525,0.01,-0.014459,-0.003062,0.00743,0.009967,-0.016277,-0.002469,0.006299,0.009943,-0.013955,-0.002635,69.11,30.89,2.24,67.67,32.33,2.09,57.49,42.51,1.35,1251018.7736271,204292.8584868,1287680.709256,214390.2411086,2763457.8837,389590068.0,2745995.2626,383528263.0,2763457.8837,389590068.0,2745995.2626,383528263.0
2025-03-17,0.0065839,0.007609,0.0065655,0.0073821,810190780.7581,88946122,112266546,87131379,111158903,-0.003062,0.01,-0.012979,0.01,-0.002469,0.010203,-0.020168,0.010203,-0.002635,0.010063,-0.01608,0.010063,73.72,26.28,2.81,73.37,26.63,2.76,59.06,40.94,1.44,460959.4513102,1094606.7505308,466433.4936955,1135052.7310217,2253069.51,343714573.0,1942997.3383,293553064.0,2253069.51,343714573.0,1942997.3383,293553064.0
2025-03-18,0.0073821,0.0074116,0.006711,0.0072783,834389225.2419,111158903,111158903,89664168,96812324,0.01,0.01,-0.017107,-0.012628,0.010203,0.010233,-0.01387,-0.012855,0.010063,0.01007,-0.014268,-0.012516,63.9,36.1,1.77,63.51,36.49,1.74,60.24,39.76,1.52,1355408.7529088,792311.3867419,1374237.1276745,802442.5444518,2192257.3394,298025414.0,2179297.7696,293436316.0,2192257.3394,298025414.0,2179297.7696,293436316.0
2025-03-19,0.0072782,0.0075497,0.0071363,0.0074549,943932430.7595,96812324,106495657,93507067,96723254,-0.012628,0.01,-0.013056,0.00023,-0.012855,0.009975,-0.023981,-0.000392,-0.012516,0.009949,-0.018486,-0.000163,68.64,31.36,2.19,66.01,33.99,1.94,59.35,40.65,1.46,1024568.215587,652712.7957441,1031979.5927526,672342.8066972,3218708.5555,444801054.0,2789263.1418,380905704.0,3218708.5555,444801054.0,2789263.1418,380905704.0
2025-03-20,0.0074548,0.0078636,0.0072832,0.0076399,878575667.0864,96723254,108436033,94910943,104465819,0.00023,0.003321,-0.008548,-0.002314,-0.000392,0.006555,-0.013452,0.002916,-0.000163,0.0052,-0.011002,0.000978,69.08,30.92,2.23,70.7,29.3,2.41,59.82,40.18,1.49,867207.7174862,1189110.9046863,887059.7893388,1207466.3095781,2806078.604,378109413.0,2726420.3645,363956731.0,2806078.604,378109413.0,2726420.3645,363956731.0
2025-03-21,0.0076396,0.0078811,0.0071486,0.0072046,760511045.3912,104465819,112388482,93812256,94538553,-0.002314,0.001403,-0.02332,-0.017746,0.002916,0.003569,-0.026373,-0.011547,0.000978,0.00254,-0.022016,-0.014457,61.64,38.36,1.61,60.89,39.11,1.56,58.83,41.17,1.43,1087181.9748115,329965.1319182,1113231.9365052,342291.2883278,2598134.9173,341994088.0,2719066.8143,354542631.0,2598134.9173,341994088.0,2719066.8143,354542631.0
2025-03-22,0.0072042,0.0073999,0.0070077,0.007062,419976905.66,94538553,99582624,93616249,93688778,-0.017746,0.000992,-0.017746,-0.001555,-0.011547,0.005478,-0.019121,0.004318,-0.014457,0.00332,-0.017622,0.001548,69.42,30.58,2.27,66.54,33.46,1.99,58.44,41.56,1.41,328487.764267,303764.404585,349730.0120984,313293.1754857,2924238.4896,407849407.0,2790495.436,385749723.0,2924238.4896,407849407.0,2790495.436,385749723.0
2025-03-23,0.0070619,0.007378,0.0070095,0.0073416,424900759.9379,93688778,98043487,91786592,96630812,-0.001555,0.01,-0.005096,-0.001775,0.004318,0.009981,-0.044731,-0.001927,0.001548,0.009993,-0.024523,-0.001806,69.57,30.43,2.29,66.29,33.71,1.97,57.14,42.86,1.33,139327.029197,500365.3864001,148538.6708456,507636.0438471,3609566.544,514090888.0,3377749.4656,476216076.0,3609566.544,514090888.0,3377749.4656,476216076.0
2025-03-24,0.0073409,0.0081843,0.0071831,0.0079932,785638445.5038,96630812,120965906,94406005,120872965,-0.001775,0.01,-0.009175,0.01,-0.001927,0.056422,-0.00548,0.010127,-0.001806,0.036336,-0.006854,0.01006,68.38,31.62,2.16,64.53,35.47,1.82,58.5,41.5,1.41,315226.4796467,1468892.8904161,336777.1773424,1497381.6731674,3294594.6728,450924909.0,3812550.7869,516832943.0,3294594.6728,450924909.0,3812550.7869,516832943.0
2025-03-25,0.0079933,0.0082456,0.0078326,0.008009,677656213.7118,120872965,126509246,118891059,119899284,0.01,0.01,-0.000525,-0.00014,0.010127,0.01034,-0.035052,0.000776,0.01006,0.01023,-0.015155,0.000428,62.0,38.0,1.63,63.53,36.47,1.74,60.6,39.4,1.54,489331.332672,617979.8597333,505778.9993112,629397.1367944,3968114.2118,498951960.0,3180031.4616,395874810.0,3968114.2118,498951960.0,3180031.4616,395874810.0
2025-03-26,0.0080091,0.0092586,0.0079584,0.0085216,1378318313.5723,119899284,157709518,118408997,140672292,-0.00014,0.01,-0.001123,0.007387,0.000776,0.010065,-0.005661,0.008634,0.000428,0.010012,-0.003331,0.008046,60.26,39.74,1.52,60.4,39.6,1.53,58.54,41.46,1.41,1041614.4509552,1631503.7035305,1087637.2918063,1732367.3846789,3256891.9598,408252063.0,3300430.3625,409843077.0,3256891.9598,408252063.0,3300430.3625,409843077.0
2025-03-27,0.0085216,0.0086884,0.008195,0.0084385,807727082.6509,140672292,140672292,122342727,122764668,0.007387,0.007387,-0.01634,-0.006289,0.008634,0.008634,-0.012054,-0.003746,0.008046,0.008046,-0.01362,-0.004952,63.07,36.93,1.71,65.09,34.91,1.87,60.58,39.42,1.54,511882.4233083,666049.3226509,534673.5911912,678913.4029778,3035223.4496,357847089.0,4100980.2132,478309872.0,3035223.4496,357847089.0,4100980.2132,478309872.0
2025-03-28,0.0084385,0.0085162,0.0076014,0.0077797,747896891.0422,122764668,124826435,108399571,111868615,-0.006289,0.01,-0.007192,-0.007185,-0.003746,0.009986,-0.005988,0.000281,-0.004952,0.009994,-0.006206,-0.003002,64.86,35.14,1.85,65.6,34.4,1.91,59.18,40.82,1.45,1600522.0913866,312409.523845,1650910.3390981,318294.4913027,3500530.9122,416515225.0,3140745.2038,370146160.0,3500530.9122,416515225.0,3140745.2038,370146160.0
2025-03-29,0.0077796,0.0078828,0.0070555,0.007215,762259944.2541,111868615,114930896,103991724,107333075,-0.007185,0.01,-0.015323,0.000362,0.000281,0.009989,-0.015033,0.0052,-0.003002,0.009995,-0.011277,0.002899,71.29,28.71,2.48,70.68,29.32,2.41,60.05,39.95,1.5,1835388.5266026,395808.0311185,1907919.6005061,401537.6159675,3338999.0371,431144110.0,4389516.2785,561216773.0,3338999.0371,431144110.0,4389516.2785,561216773.0
2025-03-30,0.0072154,0.0073283,0.0067626,0.0069407,769114762.9159,107333075,107906819,101050180,104232192,0.000362,0.000362,-0.025718,-0.012282,0.0052,0.0052,-0.027072,-0.007825,0.002899,0.002899,-0.022959,-0.009758,74.08,25.92,2.86,74.05,25.95,2.85,61.97,38.03,1.63,1014374.1831888,536641.9121407,1055029.2333803,549248.4047282,2871611.1301,399696022.0,3167102.8255,436999443.0,2871611.1301,399696022.0,3167102.8255,436999443.0
2025-03-31,0.0069412,0.0073697,0.0067602,0.007203,992915862.6943,104232192,114362955,101195164,110411930,-0.012282,0.008185,-0.012863,-0.005124,-0.007825,0.007092,-0.041259,-0.001924,-0.009758,0.007623,-0.023505,-0.003352,73.68,26.32,2.8,72.76,27.24,2.67,59.16,40.84,1.45,776596.9769443,1119575.8420529,805539.0882742,1135881.5312233,3001527.5176,434703142.0,3413948.0208,489162252.0,3001527.5176,434703142.0,3413948.0208,489162252.0
2025-04-01,0.0072035,0.0078666,0.007193,0.0077182,950672861.9822,110411930,122272710,110411930,116254138,-0.005124,0.01,-0.009062,0.01,-0.001924,0.025245,-0.011033,0.009985,-0.003352,0.014452,-0.008277,0.009988,67.24,32.76,2.05,64.31,35.69,1.8,58.73,41.27,1.42,718734.7194736,1841907.8267208,736742.9782947,1857803.9518766,3639264.6019,507721461.0,3823426.8051,528192996.0,3639264.6019,507721461.0,3823426.8051,528192996.0
2025-04-02,0.0077182,0.0080897,0.006902,0.0070548,1327498785.5598,116254138,126683443,102734964,105761196,0.01,0.01,-0.002529,-0.000443,0.009985,0.0101,-0.019494,0.004606,0.009988,0.010006,-0.009662,0.002766,62.67,37.33,1.68,60.76,39.24,1.55,58.11,41.89,1.39,1875616.4712182,1037089.6458153,1924729.69123,1066341.6687185,3989502.3196,519335317.0,3452063.8099,445136635.0,3989502.3196,519335317.0,3452063.8099,445136635.0
2025-04-03,0.0070542,0.00729,0.0063796,0.0067035,893806412.706,105761196,110561496,100034554,110188070,-0.000443,0.01,-0.023345,-0.023228,0.004606,0.009951,-0.043495,-0.016538,0.002766,0.009869,-0.023024,-0.018981,71.57,28.43,2.52,71.82,28.18,2.55,62.52,37.48,1.67,1229471.5805278,497603.8054127,1309957.9329076,509913.6698108,3743062.5166,533320734.0,2717548.0997,383326191.0,3743062.5166,533320734.0,2717548.0997,383326191.0
2025-04-04,0.0067036,0.0072831,0.0065896,0.007238,1138462120.9427,110188070,114690402,106003426,114672519,-0.023228,0.01,-0.02748,0.01,-0.016538,0.009967,-0.040154,0.009967,-0.018981,0.009997,-0.032465,0.009997,71.82,28.18,2.55,68.36,31.64,2.16,58.86,41.14,1.43,716969.5732557,1854550.3939128,739051.5871191,1884194.6481399,2677128.5249,401471003.0,3019259.2623,448058278.0,2677128.5249,401471003.0,3019259.2623,448058278.0
2025-04-05,0.0072381,0.0073693,0.0069273,0.0070551,536423263.7015,114672519,119310964,112169292,112311855,0.01,0.01,-0.006856,-0.006856,0.009967,0.010089,-0.005019,-0.005019,0.009997,0.010076,-0.005253,-0.005253,58.79,41.21,1.43,56.33,43.67,1.29,59.84,40.16,1.49,535011.9238278,262308.2454418,557890.3284593,284634.2404451,3204373.5649,444978405.0,4068401.2714,558912023.0,3204373.5649,444978405.0,4068401.2714,558912023.0
2025-04-06,0.0070551,0.0071273,0.006154,0.0063289,850376544.0471,112311855,113133418,93324719,95844575,-0.006856,0.01,-0.014669,-0.006392,-0.005019,0.009995,-0.022957,0.000125,-0.005253,0.009998,-0.013357,-0.002604,64.61,35.39,1.83,64.11,35.89,1.79,56.22,43.78,1.28,1270337.877397,691353.3207506,1378570.7057738,706027.796963,3423144.0081,487676850.0,2724416.5708,384345526.0,3423144.0081,487676850.0,2724416.5708,384345526.0
2025-04-07,0.006329,0.0067821,0.0057046,0.0064496,1454418574.3704,95844575,97669210,82519431,85719554,-0.006392,0.004689,-0.020364,-0.000017,0.000125,0.004229,-0.025725,0.001827,-0.002604,0.004161,-0.018072,0.001295,71.51,28.49,2.51,69.3,30.7,2.26,59.68,40.32,1.48,1598098.5357833,1873940.6404762,1652382.7472374,1905166.8240599,2193074.1759,348550357.0,2504873.1241,393498014.0,2193074.1759,348550357.0,2504873.1241,393498014.0
2025-04-08,0.0064497,0.0066357,0.0059303,0.0060402,770453119.9384,85719554,91915315,84296299,89283560,-0.000017,0.005531,-0.015855,-0.002801,0.001827,0.005238,-0.041778,-0.006255,0.001295,0.004208,-0.02381,-0.004237,70.55,29.45,2.4,67.28,32.72,2.06,58.25,41.75,1.4,1228981.5669942,422671.3310672,1257670.6381478,426641.7326798,3111219.5189,484861852.0,2816401.332,434526878.0,3111219.5189,484861852.0,2816401.332,434526878.0
2025-04-09,0.0060402,0.0071352,0.00578,0.0069747,1117090321.8215,89283560,107176535,84434142,105716014,-0.002801,0.01,-0.019284,0.01,-0.006255,0.010344,-0.037049,0.010343,-0.004237,0.010118,-0.022971,0.010118,72.33,27.67,2.61,70.67,29.33,2.41,61.28,38.72,1.58,902741.829918,1526994.5286043,921214.034249,1586144.6976267,2702171.9052,449610477.0,3340955.9167,550137184.0,2702171.9052,449610477.0,3340955.9167,550137184.0
2025-04-10,0.0069747,0.0069949,0.0064723,0.0067066,655431718.6209,105716014,105740173,92535390,95304665,0.01,0.01,0.002883,0.01,0.010343,0.010799,-0.012319,0.009989,0.010118,0.010288,-0.001865,0.009995,61.23,38.77,1.58,59.5,40.5,1.47,58.96,41.04,1.44,1160083.9633931,513700.387295,1195743.5774288,535716.7953976,2992211.3941,431103825.0,3422784.224,488438924.0,2992211.3941,431103825.0,3422784.224,488438924.0
2025-04-11,0.0067065,0.0070448,0.006632,0.0069347,577407501.2143,95304665,108393309,93582412,105035472,0.01,0.01,-0.003648,0.01,0.009989,0.009989,-0.02665,0.009989,0.009995,0.009995,-0.010012,0.009995,66.69,33.31,2.0,65.72,34.28,1.92,58.82,41.18,1.43,173996.9208029,453354.6952121,179192.8546584,465350.48804,3433007.2191,514740810.0,2333835.44,346271813.0,3433007.2191,514740810.0,2333835.44,346271813.0
2025-04-12,0.0069346,0.0075713,0.0068233,0.0074368,659117837.912,105035472,119173514,103661552,114872354,0.01,0.01,-0.002772,0.01,0.009989,0.010051,-0.025699,0.009952,0.009995,0.01002,-0.007772,0.009851,62.92,37.08,1.7,62.08,37.92,1.64,57.94,42.06,1.38,233959.1301608,1498536.1618612,244612.2425521,1519858.7491788,3235324.753,468502048.0,2798078.5107,401213895.0,3235324.753,468502048.0,2798078.5107,401213895.0
2025-04-13,0.0074368,0.0077642,0.0071156,0.0072729,722798501.8275,114872354,121395330,106077543,107146090,0.01,0.01,0.007893,0.01,0.009952,0.010638,-0.016925,0.009971,0.009851,0.010146,-0.003876,0.009942,62.93,37.07,1.7,62.65,37.35,1.68,57.14,42.86,1.33,656177.4132542,967118.4790367,697061.0589981,995934.7380809,3768325.012,509366275.0,2536723.5662,339582991.0,3768325.012,509366275.0,2536723.5662,339582991.0
2025-04-14,0.007273,0.0077378,0.0072299,0.0073346,761864808.6101,107146090,119204144,102679939,104502611,0.01,0.01,-0.019253,-0.018477,0.009971,0.010019,-0.022243,-0.011744,0.009942,0.010011,-0.014968,-0.014479,65.69,34.31,1.92,67.04,32.96,2.03,61.22,38.78,1.58,813895.1097676,676152.3666987,829935.4858594,692169.2800052,3337721.8512,461249639.0,2669947.9535,365205190.0,3337721.8512,461249639.0,2669947.9535,365205190.0
2025-04-15,0.0073345,0.0075125,0.0068904,0.0069999,653050065.4372,104502611,113384406,100213420,101384604,-0.018477,0.006978,-0.035275,0.006978,-0.011744,0.006245,-0.033514,0.004801,-0.014479,0.00567,-0.032281,0.005649,62.44,37.56,1.66,60.71,39.29,1.55,60.28,39.72,1.52,934247.2596235,365685.6426117,963239.243104,369414.7178591,3024706.6376,414436713.0,2881963.4652,390865002.0,3024706.6376,414436713.0,2881963.4652,390865002.0
2025-04-16,0.0069999,0.0073236,0.0069248,0.0071305,707615142.8927,101384604,109168634,99802600,100392416,0.006978,0.01,-0.009019,0.01,0.004801,0.00976,-0.008441,0.00975,0.005649,0.009593,-0.008552,0.009567,65.31,34.69,1.88,63.04,36.96,1.71,61.75,38.25,1.61,423450.0949368,622983.4231776,431896.3575509,632493.7557949,2615855.0859,375652269.0,2856586.0614,405910482.0,2615855.0859,375652269.0,2856586.0614,405910482.0
2025-04-17,0.0071307,0.0074332,0.00703,0.0072316,581980564.9025,100392416,113993637,99463016,108345726,0.01,0.01,0.001249,0.01,0.00975,0.010308,-0.013226,0.01016,0.009567,0.010076,-0.003508,0.010036,63.06,36.94,1.71,60.78,39.22,1.55,61.55,38.45,1.6,358872.0592863,435030.1759807,372832.0751475,448314.8387807,3294181.6852,464500531.0,2170655.0799,302971706.0,3294181.6852,464500531.0,2170655.0799,302971706.0
2025-04-18,0.0072316,0.0073388,0.0070047,0.0073318,497942500.2483,108345726,113145603,106638802,113073654,0.01,0.01,-0.013717,0.01,0.01016,0.01016,-0.016332,0.009912,0.010036,0.010046,-0.011524,0.009853,58.51,41.49,1.41,55.35,44.65,1.24,62.13,37.87,1.64,135582.4846751,440792.3859976,142869.2371924,447260.1689688,3280598.6413,455969327.0,2418066.949,332758555.0,3280598.6413,455969327.0,2418066.949,332758555.0
2025-04-19,0.0073318,0.0076018,0.00716,0.0075078,438972621.1017,113073654,124057709,112850332,123033298,0.01,0.01,0.01,0.01,0.009912,0.010143,0.002584,0.010088,0.009853,0.010067,0.00597,0.010041,57.23,42.77,1.34,54.17,45.83,1.18,60.54,39.46,1.53,123823.1984717,627450.2602596,128284.5964148,641066.7296571,3004265.3476,411738547.0,3557460.8048,482923073.0,3004265.3476,411738547.0,3557460.8048,482923073.0
2025-04-20,0.0075076,0.0076964,0.007261,0.0075364,504689516.8576,123033298,126868624,116089472,123384753,0.01,0.01,0.01,0.01,0.010088,0.010088,0.006407,0.009885,0.010041,0.010041,0.008285,0.009655,58.06,41.94,1.38,57.54,42.46,1.36,60.71,39.29,1.55,566686.6178316,479571.1145127,589407.944762,500283.5555778,3924833.3524,525514637.0,2831753.0969,375324726.0,3924833.3524,525514637.0,2831753.0969,375324726.0
2025-04-21,0.0075364,0.008049,0.0075181,0.007738,686634708.4626,123384753,138527655,122658401,126141884,0.01,0.01,-0.001289,0.01,0.009885,0.009985,-0.009753,0.00981,0.009655,0.009994,-0.004989,0.009309,59.19,40.81,1.45,60.01,39.99,1.5,59.17,40.83,1.45,243666.508785,549007.2561604,259457.5777175,569305.4541399,3276143.0924,436876401.0,3301488.0195,435923128.0,3276143.0924,436876401.0,3301488.0195,435923128.0
2025-04-22,0.007738,0.0089054,0.007604,0.0088086,936109141.1377,126141884,144108849,121980551,140054262,0.01,0.01,0.002703,0.01,0.00981,0.00986,-0.042201,0.006395,0.009309,0.009506,-0.01937,0.007941,57.63,42.37,1.36,58.07,41.93,1.39,59.27,40.73,1.46,303872.250764,1830038.9029434,332900.2465568,1894388.1024844,4610224.7184,598387283.0,2465673.3505,317291637.0,4610224.7184,598387283.0,2465673.3505,317291637.0
2025-04-23,0.0088086,0.0096727,0.0086409,0.0088281,1079707244.5432,140054262,142277014,126718891,128074865,0.01,0.01,0.007856,0.01,0.006395,0.010138,-0.01936,0.009728,0.007941,0.010055,-0.006029,0.009851,54.2,45.8,1.18,52.49,47.51,1.11,58.23,41.77,1.39,1544892.501806,1222414.7669339,1583768.1788829,1254685.0071623,2471140.7216,281981168.0,2500607.3969,282310845.0,2471140.7216,281981168.0,2500607.3969,282310845.0
2025-04-24,0.008828,0.0088681,0.008329,0.0087545,704411971.0897,128074865,137666355,126290064,133153803,0.01,0.01,0.005119,0.009801,0.009728,0.010011,-0.043727,0.003759,0.009851,0.010016,-0.01967,0.006286,61.07,38.93,1.57,64.58,35.42,1.82,63.53,36.47,1.74,1372324.8318829,630103.0387309,1401901.6421211,647960.9767869,2710203.6898,308682436.0,2553807.5222,288002357.0,2710203.6898,308682436.0,2553807.5222,288002357.0
2025-04-25,0.0087545,0.0092873,0.0085575,0.0090444,864340439.7584,133153803,142009466,128759191,139903770,0.009801,0.01,-0.010312,0.01,0.003759,0.009891,-0.010873,0.008844,0.006286,0.009672,-0.011023,0.00884,62.5,37.5,1.67,64.69,35.31,1.83,64.62,35.38,1.83,602082.5039989,1960211.126513,617603.0958622,2002294.1263267,2967676.1149,341035262.0,2416603.2855,275170103.0,2967676.1149,341035262.0,2416603.2855,275170103.0
2025-04-26,0.0090444,0.0098,0.0090233,0.0091664,773161110.8475,139903770,152548493,139903770,144282800,0.01,0.01,-0.033168,-0.033168,0.008844,0.009981,-0.023428,-0.023428,0.00884,0.009995,-0.027033,-0.027033,65.03,34.97,1.86,66.58,33.42,1.99,65.95,34.05,1.94,810645.2627526,892465.3578472,821564.2960379,922298.0513918,4154424.4079,461630424.0,2365037.1991,260244880.0,4154424.4079,461630424.0,2365037.1991,260244880.0
2025-04-27,0.0091664,0.0092062,0.0087076,0.0087594,515133442.4052,144282800,145963738,135960578,136334782,-0.033168,0.01,-0.037583,-0.008943,-0.023428,0.009987,-0.028101,-0.00256,-0.027033,0.009994,-0.030497,-0.004926,62.19,37.81,1.65,61.29,38.71,1.58,66.97,33.03,2.03,1841074.7833874,211894.6591934,1881921.5082723,215607.3018098,2872457.9902,315156650.0,3085966.3907,335089696.0,2872457.9902,315156650.0,3085966.3907,335089696.0
2025-04-28,0.0087594,0.0091981,0.0085443,0.0089601,823107028.1311,136334782,148209700,131931593,134646585,-0.008943,0.007406,-0.031226,0.007406,-0.00256,0.007916,-0.024825,0.007916,-0.004926,0.007441,-0.027091,0.007441,61.8,38.2,1.62,61.35,38.65,1.59,68.52,31.48,2.18,802577.7389497,471825.5967311,832088.6831293,488144.1628958,3926979.5533,450702670.0,2893124.1082,328789900.0,3926979.5533,450702670.0,2893124.1082,328789900.0
2025-04-29,0.00896,0.0091519,0.0087105,0.0088562,576173784.6733,134646585,142674665,131258789,137710366,0.007406,0.01,0.002966,0.01,0.007916,0.009994,-0.005366,0.009993,0.007441,0.009997,0.000496,0.009997,65.54,34.46,1.9,64.51,35.49,1.82,65.66,34.34,1.91,686058.8265242,341787.0143281,702680.8142818,348503.2774866,2464493.4764,276337477.0,2175883.0626,241762314.0,2464493.4764,276337477.0,2175883.0626,241762314.0
2025-04-30,0.0088563,0.0091243,0.0084444,0.0088881,599987011.8408,137710366,145121929,134539035,138554429,0.01,0.01,-0.013961,0.006901,0.009993,0.009994,-0.02149,0.008295,0.009997,0.009997,-0.015652,0.007328,67.49,32.51,2.08,67.98,32.02,2.12,68.51,31.49,2.18,914446.8202153,982185.8028657,985942.8199066,995401.6295881,1933645.3723,219375277.0,1571796.248,176701551.0,1933645.3723,219375277.0,1571796.248,176701551.0
2025-05-01,0.0088881,0.0090892,0.008657,0.0087265,543492124.5737,138554429,148490842,137151128,139620459,0.006901,0.01,-0.004756,-0.004352,0.008295,0.009993,-0.000344,-0.000149,0.007328,0.009997,-0.001946,-0.001674,66.72,33.28,2.01,67.01,32.99,2.03,69.11,30.89,2.24,440830.3046239,346339.9510209,461965.2014803,354413.3547803,2595882.0856,293516523.0,1898712.1273,212693235.0,2595882.0856,293516523.0,1898712.1273,212693235.0
2025-05-02,0.0087263,0.0089229,0.0085228,0.0086911,496772618.1325,139620459,147642363,138732179,145365612,-0.004352,0.01,-0.014408,0.001311,-0.000149,0.009954,-0.022035,0.005393,-0.001674,0.009862,-0.013294,0.004022,66.06,33.94,1.95,64.89,35.11,1.85,69.78,30.22,2.31,468725.5752622,178773.7740113,489712.6449681,183666.5798925,7675213.1787,881488241.0,2572194.8143,293479924.0,7675213.1787,881488241.0,2572194.8143,293479924.0
2025-05-03,0.008691,0.00872,0.0080669,0.0081707,452689110.5349,145365612,145553031,137393820,137616904,0.001311,0.01,-0.000832,0.008773,0.005393,0.009993,-0.011056,0.009283,0.004022,0.009997,-0.006013,0.008909,64.59,35.41,1.82,61.66,38.34,1.61,67.57,32.43,2.08,915060.5214256,72016.1468761,1074252.173904,73547.3690779,2410657.3899,278597338.0,2266869.0823,259634847.0,2410657.3899,278597338.0,2266869.0823,259634847.0
2025-05-04,0.0081708,0.0082683,0.0079848,0.0080764,441136077.1275,137616904,142113778,136551873,137598834,0.008773,0.01,-0.018081,-0.011776,0.009283,0.009992,-0.011988,-0.004724,0.008909,0.009996,-0.013172,-0.007121,69.22,30.78,2.25,68.88,31.12,2.21,69.55,30.45,2.28,763187.3414082,286606.5674779,824395.780573,293687.2370265,2768620.9968,340717719.0,2004519.1846,244299690.0,2768620.9968,340717719.0,2004519.1846,244299690.0
2025-05-05,0.0080769,0.0083515,0.007775,0.0079342,591591407.4204,137598834,149772146,137311861,145546663,-0.011776,0.01,-0.030824,-0.007392,-0.004724,0.00999,-0.026346,-0.002258,-0.007121,0.009996,-0.027713,-0.003695,69.3,30.7,2.26,67.03,32.97,2.03,68.52,31.48,2.18,1502008.4159152,564795.6873132,1566544.9771379,572710.5016626,2563057.6936,318871008.0,2141798.9556,263783408.0,2563057.6936,318871008.0,2141798.9556,263783408.0
2025-05-06,0.0079342,0.0080276,0.0075806,0.0079884,666034273.4979,145546663,149518071,139529262,147297625,-0.007392,0.01,-0.007975,0.01,-0.002258,0.009992,-0.022331,0.009992,-0.003695,0.009997,-0.007859,0.009997,70.04,29.96,2.34,67.2,32.8,2.05,68.72,31.28,2.2,1126122.1541057,606826.5098753,1160269.8079726,619789.3931585,3204805.0971,405882763.0,2753340.1142,345502811.0,3204805.0971,405882763.0,2753340.1142,345502811.0
2025-05-07,0.0079885,0.0083136,0.0079404,0.0082465,601760129.3967,147297625,153773117,142149169,152897901,0.01,0.01,-0.023667,-0.001782,0.009992,0.009992,-0.034509,0.002584,0.009997,0.009997,-0.025176,0.000483,69.24,30.76,2.25,68.12,31.88,2.14,69.75,30.25,2.31,214021.5579181,466253.0312267,224081.0728547,484128.2885792,3093645.972,389166339.0,3097604.3695,385759392.0,3093645.972,389166339.0,3097604.3695,385759392.0
2025-05-08,0.0082465,0.0117921,0.0082152,0.0111212,2249861733.3529,152897901,235161787,152810151,219603214,-0.001782,0.021795,-0.005172,0.021651,0.002584,0.015689,-0.023814,0.015631,0.000483,0.015843,-0.011614,0.015751,69.24,30.76,2.25,68.12,31.88,2.14,69.75,30.25,2.31,1523066.7165062,4399529.8428741,1581443.5418762,4674909.3987223,3837706.4822,467764996.0,3426109.5742,413497556.0,3837706.4822,467764996.0,3426109.5742,413497556.0
2025-05-09,0.0111209,0.0139697,0.0106438,0.0123701,3239318228.9363,219603214,274467662,210702151,238455580,0.021651,0.039146,0.01,0.01,0.015631,0.032155,0.009973,0.009985,0.015751,0.028972,0.009996,0.009998,62.25,37.75,1.65,61.35,38.65,1.59,64.94,35.06,1.85,4724786.5258603,8449055.3594137,5087543.280947,8671282.9214746,4086661.7395,369281944.0,3408138.7114,304699600.0,4086661.7395,369281944.0,3408138.7114,304699600.0
2025-05-10,0.0123701,0.014071,0.01216,0.0136887,2184480239.6648,238455580,278142485,235308796,264319606,0.01,0.01,-0.002112,0.01,0.009985,0.009986,-0.006254,0.009985,0.009998,0.009998,0.000206,0.009997,66.55,33.45,1.99,70.41,29.59,2.38,73.23,26.77,2.74,1677496.8530576,4261020.2336257,1768693.2757886,4420480.1509328,3045837.5606,247489261.0,3201866.3729,257424853.0,3045837.5606,247489261.0,3201866.3729,257424853.0
2025-05-11,0.0136888,0.0142666,0.0125448,0.0136173,1908532339.3716,264319606,296266901,240384565,267903447,0.01,0.01,0.01,0.01,0.009985,0.009988,-0.001218,0.009987,0.009997,0.009997,0.003136,0.009997,67.03,32.97,2.03,68.23,31.77,2.15,73.26,26.74,2.74,3613168.5999941,1411123.7195713,3708040.923294,1489403.5769138,3709650.3534,273044132.0,2551823.5967,185692438.0,3709650.3534,273044132.0,2551823.5967,185692438.0
2025-05-12,0.0136159,0.0153987,0.0127905,0.0136221,2636474282.3067,267903447,315180561,263303017,270026511,0.01,0.01,0.007316,0.01,0.009987,0.011074,-0.003858,0.009983,0.009997,0.010244,0.001866,0.009997,68.01,31.99,2.13,73.16,26.84,2.73,77.29,22.71,3.4,4194047.9921487,2723902.3198464,4459794.1366094,2916400.0522005,2684438.3796,198231390.0,2890701.7562,211316472.0,2684438.3796,198231390.0,2890701.7562,211316472.0
2025-05-13,0.0136221,0.0151,0.01274,0.0144432,2032410259.8929,270026511,326478745,256474228,302399385,0.01,0.01,0.01,0.01,0.009983,0.009985,0.005544,0.009658,0.009997,0.009997,0.00716,0.009015,68.17,31.83,2.14,70.01,29.99,2.33,76.28,23.72,3.22,2008772.2448845,5530468.4936254,2101536.7231328,5618589.3400702,3711101.4394,273852528.0,3661182.1044,267467759.0,3711101.4394,273852528.0,3661182.1044,267467759.0
2025-05-14,0.0144433,0.014489,0.0134945,0.0139027,1230831417.4058,302399385,302608721,282686714,296504860,0.01,0.01,0.00312,0.01,0.009658,0.009989,0.006395,0.009989,0.009015,0.009996,0.005242,0.009996,66.21,33.79,1.96,68.52,31.48,2.18,76.48,23.52,3.25,1495681.2549193,447710.1683497,1579633.1916982,470225.0219052,3456921.2456,240844749.0,2702068.9873,186129287.0,3456921.2456,240844749.0,2702068.9873,186129287.0
2025-05-15,0.0139032,0.0141489,0.0126669,0.0130186,1757869929.6154,296504860,312495025,272991392,279392671,0.01,0.01,-0.004732,-0.004576,0.009989,0.00999,-0.008219,-0.004115,0.009996,0.009997,-0.005968,-0.005121,69.95,30.05,2.33,73.72,26.28,2.81,76.71,23.29,3.29,2905922.0829664,1401385.3116008,3296338.7072696,1460343.4192423,3221433.2567,232800420.0,2624589.9963,187731470.0,3221433.2567,232800420.0,2624589.9963,187731470.0
2025-05-16,0.0130185,0.0137971,0.012512,0.0125926,1098009414.4447,279392671,301655574,269469884,270739292,-0.004576,0.01,-0.004613,0.000934,-0.004115,0.009989,-0.004115,0.00362,-0.005121,0.009997,-0.005121,0.002054,72.93,27.07,2.69,73.99,26.01,2.85,74.79,25.21,2.97,4240345.6502621,784140.8547187,4406815.7786001,819809.2242302,2954082.7683,228167359.0,3195744.1931,244280795.0,2954082.7683,228167359.0,3195744.1931,244280795.0
2025-05-17,0.0125926,0.0127551,0.0119556,0.0121608,1010879542.6362,270739292,274609499,258032701,262364253,0.000934,0.01,0.000403,0.01,0.00362,0.00999,-0.024887,0.00999,0.002054,0.009996,-0.014365,0.009996,73.67,26.33,2.8,75.24,24.76,3.04,75.22,24.78,3.04,2149796.5048232,653528.4055245,2268698.1313945,667997.8825438,6994272.9712,558936057.0,3178380.3209,251190809.0,6994272.9712,558936057.0,3178380.3209,251190809.0
2025-05-18,0.0121606,0.0142494,0.0121366,0.0138382,1869180741.2723,262364253,313535495,261950645,289929410,0.01,0.01,-0.00263,-0.000909,0.00999,0.009991,-0.01968,0.000203,0.009996,0.009996,-0.007357,-0.000685,70.79,29.21,2.42,73.61,26.39,2.79,74.31,25.69,2.89,2129312.2309073,2577174.9553344,2164242.3447285,2671854.4265939,2944859.5144,243410366.0,3480814.9539,284848309.0,2944859.5144,243410366.0,3480814.9539,284848309.0
2025-05-19,0.0138393,0.0141885,0.012481,0.013275,1695062630.0656,289929410,295621529,263137581,274388086,-0.000909,0.01,-0.010224,0.01,0.000203,0.009984,-0.026226,0.009984,-0.000685,0.009996,-0.01936,0.009996,70.79,29.21,2.42,71.0,29.0,2.45,73.02,26.98,2.71,1805136.905332,1043858.2122336,1881839.5640699,1075888.7908324,3063061.9454,222244631.0,2635590.6953,189184569.0,3063061.9454,222244631.0,2635590.6953,189184569.0
2025-05-20,0.0132752,0.0136592,0.0126059,0.0131586,1312319603.7649,274388086,282482866,257820820,267257588,0.01,0.01,-0.017384,0.01,0.009984,0.009987,-0.035025,0.009916,0.009996,0.009996,-0.027974,0.009786,71.17,28.83,2.47,74.63,25.37,2.94,75.01,24.99,3.0,1168512.3012219,2150758.4138899,1192327.3835986,2172412.880567,3318893.6612,251293901.0,3795935.6794,284408284.0,3318893.6612,251293901.0,3795935.6794,284408284.0
2025-05-21,0.0131587,0.0146326,0.0128029,0.0136423,2524943780.8229,267257588,329834763,265757702,294124244,0.01,0.01,0.01,0.01,0.009916,0.014921,0.002825,0.007893,0.009786,0.013072,0.00542,0.008102,69.61,30.39,2.29,70.36,29.64,2.37,74.07,25.93,2.86,1821388.1301595,2674773.4476228,1914495.3446309,2781298.0724349,3352397.371,256137022.0,3596731.3439,271858404.0,3352397.371,256137022.0,3596731.3439,271858404.0
2025-05-22,0.0136428,0.0155761,0.0136211,0.0155288,1816142575.2485,294124244,369320732,286999322,369320732,0.01,0.01,0.01,0.01,0.007893,0.016515,0.006667,0.009992,0.008102,0.014481,0.007326,0.009998,67.51,32.49,2.08,67.91,32.09,2.12,72.08,27.92,2.58,1158509.3286202,1960550.8551124,1189833.7304352,2052276.9783842,3874057.7869,285556166.0,3196582.6856,233098583.0,3874057.7869,285556166.0,3196582.6856,233098583.0
2025-05-23,0.0155292,0.0163464,0.013563,0.0138,2815326336.3957,369320732,396328349,342442400,345275532,0.01,0.022063,0.01,0.01,0.009992,0.017073,0.009754,0.009863,0.009998,0.018101,0.0095,0.009691,63.57,36.43,1.75,65.56,34.44,1.9,73.84,26.16,2.82,3623944.722385,2295955.3199297,3824137.534414,2432115.1865522,3855934.9118,249249894.0,2752238.3364,176254027.0,3855934.9118,249249894.0,2752238.3364,176254027.0
2025-05-24,0.0137997,0.0142117,0.013563,0.0137645,1287771127.6447,345275532,345792841,319413831,321816624,0.01,0.01,-0.000199,0.003659,0.009863,0.00987,-0.006883,0.006324,0.009691,0.009707,-0.004953,0.004455,72.73,27.27,2.67,78.12,21.88,3.57,75.95,24.05,3.16,870235.3967564,876186.7651906,915980.7077672,888682.504779,2142327.2323,156105220.0,3010449.781,216911630.0,2142327.2323,156105220.0,3010449.781,216911630.0
2025-05-25,0.0137631,0.0139876,0.0126207,0.0135971,1475521816.163,321816624,329153120,311279969,320914112,0.003659,0.01,0.002244,0.002433,0.006324,0.009969,-0.005925,0.003859,0.004455,0.009914,-0.000929,0.002802,70.91,29.09,2.44,68.93,31.07,2.22,76.33,23.67,3.23,2421077.1377504,1147757.1435657,2573285.9507971,1211757.8671862,4586640.8703,334990141.0,3609570.9718,260863193.0,4586640.8703,334990141.0,3609570.9718,260863193.0
2025-05-26,0.0135964,0.0144592,0.0134791,0.0138432,1755306085.2672,320914112,362307477,318443474,326370445,0.002433,0.01,-0.002838,0.003711,0.003859,0.009989,-0.007099,0.006678,0.002802,0.009997,-0.005126,0.005802,73.09,26.91,2.72,73.54,26.46,2.78,77.1,22.9,3.37,991442.6714594,1519900.1192903,1035205.2915455,1566014.95196,3810306.7582,281706855.0,4350443.7332,318384314.0,3810306.7582,281706855.0,4350443.7332,318384314.0
2025-05-27,0.013843,0.0143261,0.0133539,0.0138871,1543053531.0058,326370445,347909347,314931663,335291201,0.003711,0.01,0.00005,0.00005,0.006678,0.00999,0.003948,0.004456,0.005802,0.009997,0.002958,0.002958,69.21,30.79,2.25,67.17,32.83,2.05,76.06,23.94,3.18,4386638.5042536,1352714.0688396,4440897.5379012,1377736.7330873,4618500.5011,335326125.0,4657389.9312,334689003.0,4618500.5011,335326125.0,4657389.9312,334689003.0
2025-05-28,0.0138884,0.0141799,0.0133632,0.0139916,1419804029.6267,335291201,344365958,321755472,337410020,0.00005,0.01,-0.0058,0.01,0.004456,0.009993,-0.001918,0.009993,0.002958,0.009997,-0.002038,0.009997,71.0,29.0,2.45,72.54,27.46,2.64,76.23,23.77,3.21,1286766.8763244,1438567.5351617,1344611.2184997,1457902.374244,4890143.8018,353997680.0,5093960.4153,364912322.0,4890143.8018,353997680.0,5093960.4153,364912322.0
2025-05-29,0.0139919,0.0151175,0.0133081,0.0134306,2019128833.3881,337410020,389085067,325708820,326246050,0.01,0.01,-0.011971,-0.009391,0.009993,0.009993,-0.001561,-0.000143,0.009997,0.009998,-0.004862,-0.00305,70.77,29.23,2.42,72.49,27.51,2.64,77.69,22.31,3.48,3645681.744669,1343856.7764095,3726564.7236873,1441111.3542568,4793711.0191,344342248.0,5830896.3556,414577963.0,4793711.0191,344342248.0,5830896.3556,414577963.0
2025-05-30,0.0134311,0.0135492,0.0114679,0.0115965,2139382265.8423,326246050,333415961,264365401,265147886,-0.009391,0.01,-0.01782,-0.005427,-0.000143,0.00999,-0.042485,0.000452,-0.00305,0.009997,-0.033739,-0.001336,75.74,24.26,3.12,76.33,23.67,3.23,77.38,22.62,3.42,5398907.6254173,737578.0392903,5796747.5822001,771810.5028019,6027581.5269,451342196.0,5903447.5688,437151527.0,6027581.5269,451342196.0,5903447.5688,437151527.0
2025-05-31,0.0115981,0.0118579,0.0109401,0.011637,1448576492.0059,265147886,269143028,254334773,257595897,-0.005427,-0.001533,-0.023686,-0.010499,0.000452,0.002005,-0.032608,-0.005687,-0.001336,-0.000182,-0.029697,-0.007848,75.77,24.23,3.13,75.87,24.13,3.14,74.46,25.54,2.92,1647142.4555596,1953811.0626164,1783096.6848667,1976301.6007552,4249238.9434,368676550.0,4873789.7963,418145378.0,4249238.9434,368676550.0,4873789.7963,418145378.0
2025-06-01,0.0116364,0.0120293,0.0112802,0.0117962,1048286585.906,257595897,263877841,247981184,249784404,-0.010499,0.005991,-0.010499,-0.002813,-0.005687,0.007651,-0.009746,0.003136,-0.007848,0.006627,-0.010044,0.000593,71.57,28.43,2.52,66.25,33.75,1.96,71.37,28.63,2.49,1271657.8541325,861308.4657868,1308709.6393112,889991.6487976,4213053.4398,363918458.0,4350538.3883,371996376.0,4213053.4398,363918458.0,4350538.3883,371996376.0
2025-06-02,0.0117961,0.01242,0.0113969,0.0123488,1267079689.621,249784404,259872157,243019475,258440232,-0.002813,0.01,-0.008468,0.01,0.003136,0.009995,-0.015876,0.009979,0.000593,0.009998,-0.011314,0.00996,70.42,29.58,2.38,65.54,34.46,1.9,70.55,29.45,2.4,664458.7538341,2832913.9937428,706285.5510257,2888578.286151,5380593.9892,458704490.0,3939128.8339,332319412.0,5380593.9892,458704490.0,3939128.8339,332319412.0
2025-06-03,0.012349,0.012964,0.0121596,0.0122491,1477273720.6072,258440232,277298109,247955635,248163469,0.01,0.01,0.009324,0.01,0.009979,0.009994,-0.012059,0.009713,0.00996,0.009998,-0.00461,0.009375,68.26,31.74,2.15,65.57,34.43,1.9,71.68,28.32,2.53,1357810.7995384,1465280.7999506,1381188.2980176,1503732.2358422,4511479.4007,367300089.0,4108799.8264,331026536.0,4511479.4007,367300089.0,4108799.8264,331026536.0
2025-06-04,0.012249,0.0126163,0.0117467,0.0118198,1094509104.0283,248163469,255657851,234102248,234748799,0.01,0.01,0.005817,0.00586,0.009713,0.009995,0.004723,0.006168,0.009375,0.009998,0.006012,0.006017,73.42,26.58,2.76,73.81,26.19,2.82,71.69,28.31,2.53,1451481.8459624,381922.2322723,1569627.2653192,389601.8183866,5219945.7342,428741433.0,3975943.1006,322906144.0,5219945.7342,428741433.0,3975943.1006,322906144.0
2025-06-05,0.0118188,0.0120633,0.0103219,0.010638,1763503762.2536,234748799,249459812,211092346,212369975,0.00586,0.01,-0.01039,-0.010243,0.006168,0.009994,-0.006431,-0.006394,0.006017,0.009998,-0.007812,-0.00781,71.75,28.25,2.54,69.45,30.55,2.27,72.54,27.46,2.64,8941827.6064709,585952.3746076,9195415.3599925,650056.6956333,4593870.2423,390737248.0,3383951.0716,285025862.0,4593870.2423,390737248.0,3383951.0716,285025862.0
2025-06-06,0.010638,0.0115165,0.0106064,0.0110505,1065923999.0782,212369975,226806157,203186703,203606316,-0.010243,0.009224,-0.029488,0.006444,-0.006394,0.003952,-0.033098,0.003696,-0.00781,0.004224,-0.031728,0.003714,72.17,27.83,2.59,69.27,30.73,2.25,70.57,29.43,2.4,483856.8362184,596159.1311754,492834.6383331,649052.5243848,4642965.7067,438769947.0,4117473.789,385112900.0,4642965.7067,438769947.0,4117473.789,385112900.0
2025-06-07,0.0110506,0.011618,0.0109518,0.0115017,804640972.088,203606316,226261126,201886198,215025036,0.006444,0.01,0.005174,0.00617,0.003696,0.009873,-0.008915,0.006069,0.003714,0.009623,-0.003436,0.005939,68.93,31.07,2.22,63.93,36.07,1.77,69.05,30.95,2.23,347352.3713749,1339627.0451908,359214.6893046,1363134.7871785,5180290.4533,471424932.0,3603776.2961,324646190.0,5180290.4533,471424932.0,3603776.2961,324646190.0
2025-06-08,0.0115017,0.01207,0.01129,0.0116682,955239223.1105,215025036,231965384,212060080,223970869,0.00617,0.01,0.003834,0.01,0.006069,0.009997,-0.004273,0.009881,0.005939,0.009998,0.002821,0.009741,66.7,33.3,2.0,63.95,36.05,1.77,67.68,32.32,2.09,540539.5475969,1164512.8653107,562741.4862483,1241624.0393535,3954484.5254,345562850.0,3507013.4034,303514995.0,3954484.5254,345562850.0,3507013.4034,303514995.0
2025-06-09,0.0116682,0.0127133,0.0113887,0.012653,1410000007.7216,223970869,240102993,214791852,239615070,0.01,0.01,-0.001186,0.01,0.009881,0.009993,-0.003968,0.009993,0.009741,0.009998,0.000014,0.009998,66.43,33.57,1.98,65.09,34.91,1.87,69.0,31.0,2.23,859016.9006954,2323952.7320273,877395.6050756,2412698.0274979,4314715.564,371534053.0,3931968.0027,335608910.0,4314715.564,371534053.0,3931968.0027,335608910.0
2025-06-10,0.012653,0.0136263,0.0124137,0.0131177,2002476455.7832,239615070,288011250,238589214,270616965,0.01,0.01,0.01,0.01,0.009993,0.009993,0.009984,0.009984,0.009998,0.009998,0.009997,0.009997,64.98,35.02,1.86,63.26,36.74,1.72,71.62,28.38,2.52,1969698.9883754,1941239.8170535,2046582.6390223,2082086.5158611,4447907.7304,352942079.0,5243094.786,412359678.0,4447907.7304,352942079.0,5243094.786,412359678.0
2025-06-11,0.0131177,0.01345,0.0121766,0.0124744,1624156418.7793,270616965,282734826,243858837,248645809,0.01,0.01,-0.006756,-0.006756,0.009984,0.009987,-0.001385,-0.001385,0.009997,0.009997,-0.00322,-0.00322,65.82,34.18,1.93,65.71,34.29,1.92,70.98,29.02,2.45,2827852.3734417,981465.8039881,2881995.2981795,1014972.3232471,4063015.4959,311319430.0,5038637.7471,382346250.0,4063015.4959,311319430.0,5038637.7471,382346250.0
2025-06-12,0.0124748,0.0125922,0.0113604,0.0114989,1543048981.6662,248645809,259004199,219813146,222229783,-0.006756,0.01,-0.012539,-0.0045,-0.001385,0.009989,-0.027093,-0.001505,-0.00322,0.009997,-0.017155,-0.002634,70.82,29.18,2.43,71.83,28.17,2.55,73.44,26.56,2.77,3206596.6295779,570045.9516712,3323920.9339821,588298.4347057,3906963.0751,314440866.0,3943394.8409,314738178.0,3906963.0751,314440866.0,3943394.8409,314738178.0
2025-06-13,0.011499,0.0115128,0.01043,0.0112125,2090395659.6303,222229783,226786868,208553933,215094704,-0.0045,0.008958,-0.027775,0.006338,-0.001505,0.005096,-0.027593,0.004546,-0.002634,0.006684,-0.027759,0.005375,73.91,26.09,2.83,72.88,27.12,2.69,74.77,25.23,2.96,1854018.4289868,3156841.0639664,2009803.9869521,3192451.3226567,4142294.4672,361644544.0,3251770.2026,281426522.0,4142294.4672,361644544.0,3251770.2026,281426522.0
2025-06-14,0.0112128,0.011307,0.0106842,0.0109358,872585710.8974,215094704,221160390,208367515,213637190,0.006338,0.01,0.005355,0.00677,0.004546,0.009993,-0.020138,0.008363,0.005375,0.009998,-0.006785,0.007697,70.47,29.53,2.39,65.23,34.77,1.88,69.41,30.59,2.27,1058117.3529098,854636.161571,1092462.18316,898214.2958739,11045299.5217,987513177.0,4243191.2444,376713047.0,11045299.5217,987513177.0,4243191.2444,376713047.0
2025-06-15,0.0109359,0.0113178,0.0108008,0.0111056,917548954.4436,213637190,218997947,203508592,205542227,0.00677,0.009086,-0.006345,-0.005922,0.008363,0.008805,-0.012142,-0.005774,0.007697,0.008277,-0.006584,-0.005493,71.34,28.66,2.49,69.22,30.78,2.25,72.58,27.42,2.65,670876.5383877,1074409.4623097,687778.9120745,1076800.5248204,3792184.7264,348160924.0,3372720.812,306777992.0,3792184.7264,348160924.0,3372720.812,306777992.0
2025-06-16,0.0111056,0.0115627,0.0105297,0.0105875,1368395394.7958,205542227,220451464,198974245,200752145,-0.005922,0.01,-0.007094,0.01,-0.005774,0.009994,-0.02788,0.009991,-0.005493,0.009998,-0.010294,0.009998,69.9,30.1,2.32,65.07,34.93,1.86,69.72,30.28,2.3,991046.7107058,1409581.2897338,1069957.6674778,1440471.4213394,4706786.7386,425674983.0,4292689.5353,384798765.0,4706786.7386,425674983.0,4292689.5353,384798765.0
2025-06-17,0.0105883,0.0107696,0.0096515,0.0101253,1747854373.8422,200752145,214245587,197448470,203669113,0.01,0.01,-0.010453,0.005979,0.009991,0.009992,-0.011983,0.006365,0.009998,0.009998,-0.007431,0.006015,73.42,26.58,2.76,71.81,28.19,2.55,73.76,26.24,2.81,4693236.5939858,1033710.0110986,4805584.5754035,1056487.2101962,5750390.5371,546574346.0,5494228.5859,516429615.0,5750390.5371,546574346.0,5494228.5859,516429615.0
2025-06-18,0.0101253,0.010397,0.0097411,0.0103354,1330937718.7178,203669113,207661292,197190859,204016761,0.005979,0.01,-0.001994,0.006928,0.006365,0.009992,-0.012155,0.008489,0.006015,0.009998,-0.005893,0.007805,70.87,29.13,2.43,66.14,33.86,1.95,68.78,31.22,2.2,955025.938505,1557688.8863377,994090.3001125,1567891.4441999,5717106.4536,567360948.0,4293001.2369,422283525.0,5717106.4536,567360948.0,4293001.2369,422283525.0
2025-06-19,0.0103354,0.0104855,0.0101321,0.0102967,813616838.1903,204016761,206085999,197133918,199156636,0.006928,0.01,0.003824,0.01,0.008489,0.009991,0.006988,0.009991,0.007805,0.009997,0.005597,0.009996,70.69,29.31,2.41,65.66,34.34,1.91,66.19,33.81,1.96,593561.2969013,310087.7963779,604280.2889503,315611.3366366,3531304.1238,342938856.0,4502140.0409,433604656.0,3531304.1238,342938856.0,4502140.0409,433604656.0
2025-06-20,0.0102968,0.0105229,0.0094344,0.0098401,1275562371.2337,199156636,212263067,187059231,194581262,0.01,0.01,-0.015832,-0.006493,0.009991,0.009992,-0.020131,-0.004384,0.009996,0.009997,-0.014529,-0.005199,70.39,29.61,2.38,66.99,33.01,2.03,67.33,32.67,2.06,1383715.5149977,850757.4746662,1518166.7073546,868113.6741145,3446447.3982,336146430.0,3345227.475,323480811.0,3446447.3982,336146430.0,3345227.475,323480811.0
2025-06-21,0.0098401,0.0101121,0.0088766,0.009269,1180217175.8942,194581262,204329872,174115699,178121682,-0.006493,0.01,-0.006493,0.009812,-0.004384,0.009984,-0.004384,0.006631,-0.005199,0.009995,-0.005199,0.008081,72.95,27.05,2.7,67.03,32.97,2.03,67.18,32.82,2.05,3913190.3672825,466537.8663314,4057939.5964943,477351.1002109,4174883.2949,426049898.0,4036862.5915,408480986.0,4174883.2949,426049898.0,4036862.5915,408480986.0
2025-06-22,0.0092695,0.0094697,0.0083,0.0088703,1458347691.5345,178121682,187433943,175030560,181575216,0.009812,0.01,0.005719,0.005719,0.006631,0.009985,-0.029004,0.005327,0.008081,0.009997,-0.014247,0.005432,72.58,27.42,2.65,68.24,31.76,2.15,70.11,29.89,2.35,1147083.6991652,1053141.1963371,1248838.4787147,1083696.6037423,2426378.2318,262747246.0,2788678.389,299625662.0,2426378.2318,262747246.0,2788678.389,299625662.0
2025-06-23,0.0088703,0.0100098,0.0086651,0.0098993,1412341306.8133,181575216,194006630,178432405,188769319,0.005719,0.01,-0.00919,-0.000715,0.005327,0.009985,-0.012444,0.004742,0.005432,0.009997,-0.010758,0.002683,71.67,28.33,2.53,69.7,30.3,2.3,66.4,33.6,1.98,746190.0434038,4873976.7871839,791360.2796455,4971618.4330541,3207162.8377,363175721.0,3656398.6937,410382867.0,3207162.8377,363175721.0,3656398.6937,410382867.0
2025-06-24,0.009899,0.010287,0.009756,0.0100543,1183394659.2345,188769319,201596685,185690163,193212784,-0.000715,0.004891,-0.013981,0.004891,0.004742,0.005638,-0.018246,0.0049,0.002683,0.004841,-0.01515,0.004841,66.84,33.16,2.02,61.36,38.64,1.59,66.34,33.66,1.97,600379.712783,1188455.8318925,611761.4112302,1213472.5427438,3900462.9186,395793572.0,3028953.7543,304599767.0,3900462.9186,395793572.0,3028953.7543,304599767.0
2025-06-25,0.0100542,0.01017,0.0093682,0.0094577,1046034513.8977,193212784,197304291,181909573,194449944,0.004891,0.01,-0.006019,0.004057,0.0049,0.009995,-0.009844,0.001874,0.004841,0.009999,-0.004966,0.002759,66.88,33.12,2.02,63.09,36.91,1.71,65.44,34.56,1.89,815497.1698516,278317.0780387,861637.7795704,290284.3965007,3609312.9434,360578418.0,3455768.5545,342310180.0,3609312.9434,360578418.0,3455768.5545,342310180.0
2025-06-26,0.0094578,0.0097359,0.0091093,0.0091549,889986319.3117,194449944,202681035,185107878,187271187,0.004057,0.01,-0.017462,0.007308,0.001874,0.009985,-0.018181,0.007497,0.002759,0.009993,-0.017017,0.007478,74.03,25.97,2.85,73.73,26.27,2.81,66.61,33.39,2.0,917930.5395661,440905.968555,947563.8636019,459977.9353253,3647639.5306,387506519.0,3867531.8226,407277870.0,3647639.5306,387506519.0,3867531.8226,407277870.0
2025-06-27,0.0091549,0.0094098,0.0089213,0.0091707,788386944.235,187271187,195811456,184552622,191384879,0.007308,0.01,-0.01087,-0.003356,0.007497,0.009991,-0.007647,0.000638,0.007478,0.009997,-0.008087,-0.000793,73.09,26.91,2.72,70.12,29.88,2.35,69.65,30.35,2.3,492804.6771071,340939.066559,516935.8114819,352760.5152372,5747923.2996,630862491.0,3754834.1109,408627073.0,5747923.2996,630862491.0,3754834.1109,408627073.0
2025-06-28,0.0091707,0.0096125,0.009135,0.0095489,478302778.7955,191384879,197215458,190338630,195850419,-0.003356,0.009803,-0.007157,-0.005701,0.000638,0.009889,-0.00677,-0.001326,-0.000793,0.009857,-0.005216,-0.002825,74.77,25.23,2.96,72.59,27.41,2.65,68.46,31.54,2.17,60631.6151329,771390.9386921,62767.3083904,786023.3277776,3295972.859,360957029.0,3260457.1095,354037423.0,3295972.859,360957029.0,3260457.1095,354037423.0
2025-06-29,0.0095489,0.0104828,0.0094254,0.0103925,814484383.7191,195850419,212592903,191495210,211090441,-0.005701,0.01,-0.013172,0.01,-0.001326,0.009997,-0.012469,0.008454,-0.002825,0.009998,-0.01109,0.009207,69.89,30.11,2.32,65.8,34.2,1.92,66.96,33.04,2.03,144517.1244621,1811269.6100162,150214.3207068,1879469.9171901,4271037.6774,449373547.0,3422577.4315,356953707.0,4271037.6774,449373547.0,3422577.4315,356953707.0
2025-06-30,0.0103925,0.0104415,0.0095746,0.009741,1010530728.1394,211090441,211656876,199445227,199595163,0.01,0.01,-0.001962,0.000719,0.008454,0.009996,-0.005261,0.004756,0.009207,0.009998,-0.001528,0.00318,68.75,31.25,2.2,68.11,31.89,2.14,69.22,30.78,2.25,1283859.996275,712656.6760182,1310332.9049077,715799.606272,3689488.3577,356495053.0,3242210.3402,310557189.0,3689488.3577,356495053.0,3242210.3402,310557189.0
2025-07-01,0.009741,0.0098247,0.0091568,0.0092524,732258032.2302,199595163,205625370,196014804,199284558,0.000719,0.006808,-0.005365,-0.000105,0.004756,0.005444,-0.027769,0.000095,0.00318,0.005835,-0.016453,0.000229,69.46,30.54,2.27,66.42,33.58,1.98,69.68,30.32,2.3,1081133.0844659,117780.1090557,1121116.5527736,127078.579309,5631032.2174,580766126.0,3704932.163,378941169.0,5631032.2174,580766126.0,3704932.163,378941169.0
2025-07-02,0.0092525,0.0103784,0.0091774,0.0100647,1183741785.4248,199284558,224264356,198712210,222744592,-0.000105,0.01,-0.020195,0.01,0.000095,0.009992,-0.014311,0.00997,0.000229,0.009997,-0.016001,0.009996,70.59,29.41,2.4,66.63,33.37,2.0,68.47,31.53,2.17,369590.481156,1094767.4174613,379949.8410655,1155462.7679752,4600596.9989,500064444.0,4127788.3901,444820588.0,4600596.9989,500064444.0,4127788.3901,444820588.0
2025-07-03,0.0100635,0.010789,0.0098874,0.0101227,1463815229.7453,222744592,243181106,221467937,222654550,0.01,0.01,-0.003513,-0.000862,0.00997,0.009988,-0.002176,0.000642,0.009996,0.009997,-0.002361,0.000268,69.21,30.79,2.25,70.76,29.24,2.42,69.61,30.39,2.29,1037952.6924202,1405745.7419077,1053821.1062729,1454181.0395494,5434959.7625,542152893.0,3975596.8076,393186869.0,5434959.7625,542152893.0,3975596.8076,393186869.0
2025-07-04,0.0101226,0.0102694,0.009425,0.0096386,1005410690.6211,222654550,227018840,206926591,209535348,-0.000862,0.01,-0.024719,-0.022277,0.000642,0.00957,-0.017506,-0.013863,0.000268,0.00987,-0.019698,-0.017387,69.86,30.14,2.32,71.6,28.4,2.52,70.4,29.6,2.38,1108672.7001818,301267.6719181,1164107.8129493,308489.7564255,4741791.522,470564772.0,4127199.2867,406057326.0,4741791.522,470564772.0,4127199.2867,406057326.0
2025-07-05,0.0096387,0.0099224,0.0095053,0.0096863,601468396.4485,209535348,218937589,200829225,206210594,-0.022277,0.009374,-0.022624,-0.006781,-0.013863,0.009498,-0.018741,-0.000611,-0.017387,0.009302,-0.020196,-0.003269,70.93,29.07,2.44,67.04,32.96,2.03,70.04,29.96,2.34,311737.9429165,376065.2833163,322892.3547421,378140.633957,4106824.2889,427948401.0,3662126.9857,378300387.0,4106824.2889,427948401.0,3662126.9857,378300387.0
2025-07-06,0.0096861,0.0103247,0.0095549,0.0100205,917312745.7898,206210594,221324455,205545026,208090486,-0.006781,0.01,-0.009595,0.01,-0.000611,0.009982,-0.0333,0.009969,-0.003269,0.009997,-0.021133,0.009996,70.97,29.03,2.45,65.46,34.54,1.9,70.04,29.96,2.34,569148.2990337,513717.8122552,576714.3604995,534535.4541695,4445873.251,460950086.0,4791770.3353,492506775.0,4445873.251,460950086.0,4791770.3353,492506775.0
2025-07-07,0.0100205,0.010272,0.0097033,0.0099023,859304378.1097,208090486,220042973,207041521,213790719,0.01,0.01,0.006589,0.006639,0.009969,0.009992,-0.001572,0.008162,0.009996,0.009997,0.003101,0.007608,73.26,26.74,2.74,73.51,26.49,2.78,70.9,29.1,2.44,1427528.5303856,376828.5746142,1494905.8360875,384998.9428902,4071955.5696,408137250.0,4043515.8458,401796304.0,4071955.5696,408137250.0,4043515.8458,401796304.0
2025-07-08,0.0099025,0.010293,0.0097073,0.0101929,755422493.0035,213790719,218696339,209247856,217425858,0.006639,0.01,0.003017,0.01,0.008162,0.009993,-0.005404,0.009993,0.007608,0.009997,0.00042,0.009997,72.28,27.72,2.61,71.55,28.45,2.52,70.81,29.19,2.43,223915.8900043,482432.6847981,232803.6129996,489159.2272029,4301396.0934,435940364.0,3563398.8336,358442128.0,4301396.0934,435940364.0,3563398.8336,358442128.0
2025-07-09,0.0101931,0.0113477,0.0100069,0.0110531,1332528537.8706,217425858,247291797,211896156,245318336,0.01,0.01,0.01,0.01,0.009993,0.01,0.009989,0.009989,0.009997,0.01,0.009996,0.009997,66.24,33.76,1.96,66.31,33.69,1.97,72.07,27.93,2.58,1011798.0907391,1972352.7343231,1033917.2494883,2040108.8519265,2699532.5238,265763998.0,3121450.4134,304545880.0,2699532.5238,265763998.0,3121450.4134,304545880.0
2025-07-10,0.0110531,0.012547,0.0108914,0.0124082,1699855899.7808,245318336,301034085,242618876,300493090,0.01,0.01,0.01,0.01,0.009989,0.01,0.009705,0.009988,0.009997,0.01,0.009458,0.009997,66.12,33.88,1.95,68.61,31.39,2.19,73.2,26.8,2.73,627139.8074149,2134241.2755869,632539.290417,2333889.2966301,3528353.662,320368031.0,3109745.8245,279751035.0,3528353.662,320368031.0,3109745.8245,279751035.0
2025-07-11,0.0124081,0.0132875,0.0120274,0.0123651,2298944198.2587,300493090,313077813,268998126,279516503,0.01,0.01,0.01,0.01,0.009988,0.012215,0.007633,0.009984,0.009997,0.011407,0.008512,0.009997,65.28,34.72,1.88,66.14,33.86,1.95,74.08,25.92,2.86,2106850.542064,3543360.0233305,2213311.9083801,3605661.633366,3470905.9893,280933085.0,5473792.6985,438966723.0,3470905.9893,280933085.0,5473792.6985,438966723.0
2025-07-12,0.0123651,0.0125725,0.0118366,0.0122435,1126170975.4309,279516503,284818335,271213176,282877755,0.01,0.022373,0.01,0.01,0.009984,0.017314,0.009984,0.009993,0.009997,0.019038,0.009997,0.009997,66.41,33.59,1.98,71.47,28.53,2.51,79.82,20.18,3.96,1915111.8306909,780377.3652361,1928895.0241521,787534.6424125,3308146.6383,268633721.0,3991958.7246,321146620.0,3308146.6383,268633721.0,3991958.7246,321146620.0
2025-07-13,0.0122435,0.0126985,0.0120764,0.0122934,1114293306.5877,282877755,286311797,260110085,266562619,0.01,0.01,-0.001844,0.005241,0.009993,0.009994,-0.010475,0.007516,0.009997,0.009998,-0.002182,0.006595,66.61,33.39,2.0,73.72,26.28,2.81,78.54,21.46,3.66,888865.0251511,1642450.436476,906074.3106061,1656778.542314,3172093.9137,260285370.0,4139079.7332,336470033.0,3172093.9137,260285370.0,4139079.7332,336470033.0
2025-07-14,0.0122934,0.0133698,0.0120107,0.0122177,1635155575.316,266562619,301625756,264067610,281071576,0.005241,0.01,0.004679,0.01,0.007516,0.01,-0.003758,0.00999,0.006595,0.01,-0.000008,0.009997,69.2,30.8,2.25,71.36,28.64,2.49,79.74,20.26,3.94,1749741.7766061,1550594.9437906,1804301.74446,1632402.8952484,2397900.0608,195904841.0,3220783.6572,260888905.0,2397900.0608,195904841.0,3220783.6572,260888905.0
2025-07-15,0.012218,0.012911,0.0116536,0.012857,1636813283.5649,281071576,304404534,270352011,303302012,0.01,0.01,0.01,0.01,0.00999,0.010004,-0.005982,0.010003,0.009997,0.010001,0.000789,0.010001,69.5,30.5,2.28,71.69,28.31,2.53,80.35,19.65,4.09,1301217.3935922,2953238.1532537,1387638.7621698,2991408.9518928,3155433.494,259281910.0,2986514.9013,243502152.0,3155433.494,259281910.0,2986514.9013,243502152.0
2025-07-16,0.0128568,0.01412,0.0124907,0.0135453,1965503687.0364,303302012,361681858,297731663,331040061,0.01,0.01,0.01,0.01,0.010003,0.043628,0.010003,0.010003,0.010001,0.029108,0.010001,0.010001,64.98,35.02,1.86,66.91,33.09,2.02,81.32,18.68,4.35,1287981.0195353,1791861.0633081,1307830.312416,1967461.4469353,2791380.161,217924234.0,2851365.2188,220809524.0,2791380.161,217924234.0,2851365.2188,220809524.0
2025-07-17,0.0135469,0.0138491,0.0128066,0.0133688,2034927445.2828,331040061,339551488,302575744,309262399,0.01,0.01,0.01,0.01,0.010003,0.02519,0.010003,0.010003,0.010001,0.019678,0.010001,0.010001,69.42,30.58,2.27,74.11,25.89,2.86,77.38,22.62,3.42,1846264.6161442,952933.3508307,1990020.539195,992808.6714304,5234979.311,388653632.0,4747054.9211,348559013.0,5234979.311,388653632.0,4747054.9211,348559013.0
2025-07-18,0.0133696,0.014337,0.0126666,0.0129888,2191469563.1729,309262399,345274915,296842711,307591380,0.01,0.011162,0.01,0.01,0.010003,0.040383,0.010003,0.010003,0.010001,0.027946,0.010001,0.010001,68.32,31.68,2.16,71.23,28.77,2.48,78.37,21.63,3.62,5856027.8112566,8104292.2191172,6016178.9157773,8143333.0402479,4051535.7856,304573830.0,3015550.1059,224651573.0,4051535.7856,304573830.0,3015550.1059,224651573.0
2025-07-19,0.0129889,0.0135409,0.0126436,0.0134296,995725943.3816,307591380,324375095,296897203,322639363,0.01,0.01,0.01,0.01,0.010003,0.020194,0.010003,0.010003,0.010001,0.01668,0.010001,0.010001,74.96,25.04,2.99,78.48,21.52,3.65,80.69,19.31,4.18,449374.6817288,738939.5415229,490310.4867148,747131.3972343,4086692.9707,316118031.0,4300667.3851,329395555.0,4086692.9707,316118031.0,4300667.3851,329395555.0
2025-07-20,0.0134296,0.0146309,0.0133187,0.0140308,1550508249.7733,322639363,372462272,320053806,345008826,0.01,0.038792,0.01,0.022269,0.010003,0.054764,0.010003,0.024278,0.010001,0.04373,0.010001,0.023113,68.1,31.9,2.14,67.7,32.3,2.1,79.95,20.05,3.99,768336.4068466,1854836.3973092,781922.6488173,1888558.7907255,3625492.2478,271082181.0,4106494.4432,304345649.0,3625492.2478,271082181.0,4106494.4432,304345649.0
2025-07-21,0.0140309,0.0145571,0.0136437,0.0141033,1699359827.4351,345008826,364082086,334683695,341662296,0.022269,0.033447,0.01,0.01,0.024278,0.05565,0.010003,0.010003,0.023113,0.038687,0.010001,0.010001,71.28,28.72,2.48,75.52,24.48,3.09,78.54,21.46,3.66,1026298.1217272,818156.4719683,1081485.6894484,839484.6263688,3861400.4483,276319089.0,3421146.3191,242580208.0,3861400.4483,276319089.0,3421146.3191,242580208.0
2025-07-22,0.0141033,0.0147612,0.0134734,0.0141721,1809020033.3102,341662296,364280711,327068457,348133829,0.01,0.01,0.01,0.01,0.010003,0.016077,0.010002,0.010205,0.010001,0.013594,0.010001,0.010374,70.23,29.77,2.36,71.47,28.53,2.51,78.05,21.95,3.56,1620038.6652138,816997.9053383,1671203.0195361,835755.4015798,4085816.4976,290983479.0,3448883.3265,243598234.0,4085816.4976,290983479.0,3448883.3265,243598234.0
2025-07-23,0.0141721,0.0141871,0.0121572,0.0127282,1560041091.1456,348133829,348816614,307752819,320926465,0.01,0.025053,0.01,0.01,0.010205,0.028479,0.010003,0.010003,0.010374,0.027247,0.010001,0.010001,70.88,29.12,2.43,74.22,25.78,2.88,79.19,20.81,3.81,3403681.0122515,338465.4620021,3746087.9850121,342543.2515388,4860041.2025,344659648.0,5366040.1476,376776941.0,4860041.2025,344659648.0,5366040.1476,376776941.0
2025-07-24,0.0127287,0.0130358,0.01185,0.0123885,1334580137.4953,320926465,322369676,295461403,302454996,0.01,0.01,0.006339,0.01,0.010003,0.010003,0.007983,0.010003,0.010001,0.010001,0.007468,0.010001,76.36,23.64,3.23,79.41,20.59,3.86,81.95,18.05,4.54,1916389.8433036,679761.2869319,2051519.6694677,713922.0092156,3076231.2308,242874544.0,3041299.4685,237902295.0,3076231.2308,242874544.0,3041299.4685,237902295.0
2025-07-25,0.0123885,0.0125675,0.0117174,0.012552,1229988591.919,302454996,302454996,274741954,291959420,0.01,0.01,0.000883,0.01,0.010003,0.010004,0.003361,0.010003,0.010001,0.010001,0.002675,0.010001,74.9,25.1,2.98,77.01,22.99,3.35,81.04,18.96,4.27,3219101.3287196,845423.3684081,3256931.1477276,855129.3758872,3570705.1744,289651590.0,3307717.2445,265882494.0,3570705.1744,289651590.0,3307717.2445,265882494.0
2025-07-26,0.0125523,0.0127771,0.0123301,0.0124087,577030260.9784,291959420,299451352,289264966,290761884,0.01,0.01,0.01,0.01,0.010003,0.010004,0.010003,0.010004,0.010001,0.010003,0.010001,0.010003,74.05,25.95,2.85,75.48,24.52,3.08,79.6,20.4,3.9,237335.3525012,433886.7583895,264161.613028,435335.039258,3331392.967,266503803.0,3008091.4734,238598155.0,3331392.967,266503803.0,3008091.4734,238598155.0
2025-07-27,0.0124086,0.012966,0.0123736,0.0127842,743113880.8713,290761884,306037111,290039692,298013077,0.01,0.01,0.00458,0.007534,0.010004,0.010004,0.007107,0.008684,0.010003,0.010003,0.006097,0.008205,73.02,26.98,2.71,75.78,24.22,3.13,82.18,17.82,4.61,234446.7366302,359403.6882333,240979.9637568,367301.1343294,4990093.0324,404445691.0,4486030.0532,360009329.0,4990093.0324,404445691.0,4486030.0532,360009329.0
2025-07-28,0.0127842,0.013135,0.0118035,0.0119008,1207077487.8265,298013077,313550137,281876826,284140036,0.007534,0.01,-0.012608,-0.012195,0.008684,0.010004,-0.001975,-0.001736,0.008205,0.010002,-0.006722,-0.006415,73.01,26.99,2.71,74.82,25.18,2.97,79.8,20.2,3.95,3261039.0696023,531628.8010085,3349422.2903539,534894.9326996,4142124.7565,325334232.0,3811661.4961,296866559.0,4142124.7565,325334232.0,3811661.4961,296866559.0
2025-07-29,0.0119009,0.0121345,0.0112411,0.0115213,1115553203.8701,284140036,286603410,257812998,260876889,-0.012195,0.006751,-0.015736,0.005403,-0.001736,0.008341,-0.007509,0.007645,-0.006415,0.007654,-0.009214,0.006684,73.4,26.6,2.76,72.03,27.97,2.58,81.71,18.29,4.47,1548493.3900735,340404.492396,1740272.1073501,345417.0115935,4786931.7898,404352476.0,4098420.7578,342876965.0,4786931.7898,404352476.0,4098420.7578,342876965.0
2025-07-30,0.0115213,0.0116052,0.0107,0.0113369,986117140.7106,260876889,266449900,242835699,255588238,0.005403,0.009794,-0.001197,0.002358,0.007645,0.00933,-0.004659,0.002995,0.006684,0.009538,-0.001792,0.00287,72.59,27.41,2.65,70.16,29.84,2.35,73.6,26.4,2.79,1147452.5207949,653011.1818597,1208539.4536594,668217.4485179,4331287.8357,377568202.0,5330433.9153,460484422.0,4331287.8357,377568202.0,5330433.9153,460484422.0
2025-07-31,0.0113369,0.0116509,0.0106619,0.0107718,840038698.4595,255588238,263187015,236669606,238518936,0.002358,0.01,0.001825,0.008283,0.002995,0.009017,-0.002892,0.005984,0.00287,0.008989,0.001005,0.007185,75.03,24.97,3.01,74.86,25.14,2.98,74.72,25.28,2.96,1652472.0909916,586093.8792419,1735148.3767562,588902.4273472,3768465.4899,333666196.0,2932838.6871,257486137.0,3768465.4899,333666196.0,2932838.6871,257486137.0
2025-08-01,0.0107717,0.0108215,0.0100381,0.010381,1239520988.7258,238518936,243097919,218878613,228710058,0.008283,0.01,0.004448,0.01,0.005984,0.010004,-0.01625,0.007698,0.007185,0.010002,-0.003337,0.008813,72.39,27.61,2.62,68.94,31.06,2.22,74.85,25.15,2.98,2024121.2508231,473045.7796186,2162312.8014082,485420.5241236,2997692.3191,279563135.0,3258287.149,301180504.0,2997692.3191,279563135.0,3258287.149,301180504.0
2025-08-02,0.0103811,0.0106322,0.00986,0.0101264,776440833.2735,228710058,235855137,212567045,221509120,0.01,0.01,0.005888,0.01,0.007698,0.010005,-0.001835,0.010005,0.008813,0.010002,0.003911,0.010002,78.01,21.99,3.55,77.87,22.13,3.52,75.05,24.95,3.01,1255509.4393804,286233.9588508,1276151.4775517,294947.9118166,3417281.6073,330331891.0,2904727.866,278695181.0,3417281.6073,330331891.0,2904727.866,278695181.0
2025-08-03,0.0101265,0.01055,0.0099903,0.0104508,466456898.3014,221509120,234525972,219162581,230623255,0.01,0.01,-0.006028,0.001054,0.010005,0.010005,-0.010851,0.00515,0.010002,0.010002,-0.003898,0.003225,75.32,24.68,3.05,74.95,25.05,2.99,75.78,24.22,3.13,133784.0878765,553360.0666453,134963.547857,555569.2571766,3005792.6556,297932420.0,2669515.7662,262541053.0,3005792.6556,297932420.0,2669515.7662,262541053.0
2025-08-04,0.0104508,0.0108161,0.0103342,0.0107482,712679900.8673,230623255,244011519,230308275,241311205,0.001054,0.008568,-0.005563,0.008528,0.00515,0.009234,-0.009317,0.009234,0.003225,0.008893,-0.004806,0.008893,74.7,25.3,2.95,72.54,27.46,2.64,73.47,26.53,2.77,981358.5671579,491324.5764493,990806.636535,497537.3166378,3629702.7986,348588408.0,3073123.7794,292726564.0,3629702.7986,348588408.0,3073123.7794,292726564.0
2025-08-05,0.0107482,0.0107902,0.0099711,0.0101938,787935191.6028,241311205,242128292,225056071,228837193,0.008528,0.01,-0.0086,0.008662,0.009234,0.010004,-0.012899,0.009311,0.008893,0.010003,-0.005412,0.009012,75.7,24.3,3.12,75.37,24.63,3.06,72.93,27.07,2.69,1729320.7494669,233296.0083113,1790845.9641639,234647.3467732,4756948.705,444853157.0,3719242.1213,344816470.0,4756948.705,444853157.0,3719242.1213,344816470.0
2025-08-06,0.0101939,0.0106039,0.0099551,0.0105522,571451074.1805,228837193,234851782,225243311,231618613,0.008662,0.01,-0.005621,0.01,0.009311,0.010004,-0.008883,0.010004,0.009012,0.010003,-0.003864,0.010003,73.16,26.84,2.73,69.71,30.29,2.3,74.31,25.69,2.89,343718.9511657,232211.3462319,350766.3007228,234817.9044117,3599808.8445,354682425.0,4094369.2169,399956052.0,3599808.8445,354682425.0,4094369.2169,399956052.0
2025-08-07,0.0105521,0.0111364,0.010462,0.0111122,771384321.1115,231618613,253371673,228375265,252373503,0.01,0.01,0.007704,0.01,0.010004,0.010004,0.006751,0.00999,0.010003,0.010003,0.007671,0.009965,72.42,27.58,2.63,69.88,30.12,2.32,73.32,26.68,2.75,398222.7178826,1378896.1063223,399202.9846776,1385917.7995661,3949456.7167,375690497.0,5676294.364,535146145.0,3949456.7167,375690497.0,5676294.364,535146145.0
2025-08-08,0.0111122,0.012018,0.01091,0.0118189,1098639034.8352,252373503,275730022,240934540,275676342,0.01,0.01,-0.008447,0.01,0.00999,0.010004,-0.002131,0.010003,0.009965,0.010002,-0.004688,0.010001,72.02,27.98,2.57,70.2,29.8,2.36,72.03,27.97,2.58,277510.1187425,1178761.067317,282257.4778875,1200694.8312395,4460425.6604,402972489.0,4929019.0628,442025219.0,4460425.6604,402972489.0,4929019.0628,442025219.0
2025-08-09,0.0118189,0.0126489,0.0116303,0.0123993,1069563702.2716,274980746,313556110,270202175,299605859,0.01,0.01,0.01,0.01,0.010003,0.010003,0.010002,0.010002,0.010001,0.010002,0.010001,0.010001,69.02,30.98,2.23,69.25,30.75,2.25,73.71,26.29,2.8,265562.497794,1119048.6025522,280949.28366,1146061.044931,4400253.603,373827048.0,3730910.2023,314629120.0,4400253.603,373827048.0,3730910.2023,314629120.0
2025-08-10,0.0124001,0.012644,0.011788,0.0120679,813503268.1521,298055054,302691699,273538313,277906561,0.01,0.01,0.01,0.01,0.010002,0.010002,0.007438,0.010002,0.010001,0.010002,0.008345,0.010002,69.39,30.61,2.27,69.29,30.71,2.26,73.69,26.31,2.8,1635014.7305904,178582.6398474,1656210.6736692,182499.3486691,4920681.5337,398507790.0,4165395.5518,334345556.0,4920681.5337,398507790.0,4165395.5518,334345556.0
2025-08-11,0.0120678,0.0124283,0.0111229,0.0112214,1029878073.9123,277892373,283913004,244000217,244000217,0.01,0.01,0.01,0.01,0.010002,0.010002,0.005028,0.006209,0.010002,0.010002,0.006921,0.007617,75.17,24.83,3.03,78.24,21.76,3.6,78.44,21.56,3.64,4780925.8024544,866151.3430674,4874587.6268758,881166.7817343,3977486.3897,330711900.0,3120075.3532,257613527.0,3977486.3897,330711900.0,3120075.3532,257613527.0
2025-08-12,0.0112215,0.012358,0.0110646,0.0121396,1087204250.0207,244000217,271445579,239797448,264903292,0.01,0.01,-0.010585,0.01,0.006209,0.010003,-0.012986,0.010003,0.007617,0.010002,-0.011223,0.010001,75.51,24.49,3.08,77.3,22.7,3.41,82.98,17.02,4.88,320021.0804953,945334.9063718,330506.9228668,980670.2968717,4507198.3201,403188716.0,3564672.7883,316532706.0,4507198.3201,403188716.0,3564672.7883,316532706.0
2025-08-13,0.01214,0.012514,0.01195,0.0122554,1231755130.144,264903292,285407070,262058055,276998676,0.01,0.01,0.01,0.01,0.010003,0.0114,0.010003,0.010003,0.010001,0.010956,0.010001,0.010001,73.9,26.1,2.83,74.8,25.2,2.97,76.61,23.39,3.28,725669.1044434,686441.2616059,774324.7629968,705498.8127173,4348605.8458,359761840.0,3305468.6492,271231152.0,4348605.8458,359761840.0,3305468.6492,271231152.0
2025-08-14,0.0122555,0.0126983,0.010806,0.0110419,1543145155.1443,276998676,293821571,237789852,244829828,0.01,0.01,-0.015387,-0.011268,0.010003,0.01218,-0.002554,-0.000308,0.010001,0.011438,-0.006553,-0.004008,75.98,24.02,3.16,77.81,22.19,3.51,77.93,22.07,3.53,2872751.448421,372795.4684424,2975542.3775111,381854.2473102,4596362.8889,376422845.0,3277231.9725,266390252.0,4596362.8889,376422845.0,3277231.9725,266390252.0
2025-08-15,0.0110419,0.0112725,0.0105139,0.0108007,873974318.6131,244829828,262437844,241621562,246225648,-0.011268,0.01,-0.014559,-0.014296,-0.000308,0.010004,-0.002251,-0.002134,-0.004008,0.010002,-0.007031,-0.00684,77.24,22.76,3.39,77.34,22.66,3.41,78.51,21.49,3.65,1422091.2204828,407789.6644664,1489895.9197096,408609.174924,4666218.4665,424069562.0,4481644.1306,404267512.0,4666218.4665,424069562.0,4481644.1306,404267512.0
2025-08-16,0.0108006,0.011108,0.0107772,0.0110811,457155920.6981,246225648,262628901,245736629,258590419,-0.014296,0.001368,-0.015251,-0.006072,-0.002134,0.005639,-0.00813,0.001816,-0.00684,0.003968,-0.007564,-0.001868,77.76,22.24,3.5,76.39,23.61,3.24,72.96,27.04,2.7,49508.9155335,342652.8955259,50223.5771206,347190.0653097,4359196.703,404977548.0,3951294.1975,364661826.0,4359196.703,404977548.0,3951294.1975,364661826.0
2025-08-17,0.0110811,0.0115429,0.0109832,0.0111143,562096642.8184,258590419,263857701,244176527,244977682,-0.006072,0.01,-0.006294,0.01,0.001816,0.010004,0.001703,0.010003,-0.001868,0.010004,-0.002041,0.010003,76.04,23.96,3.17,74.0,26.0,2.85,70.87,29.13,2.43,149403.385073,609187.929363,156632.8917568,614552.5328512,4462696.0074,404164146.0,4279134.4347,384776190.0,4462696.0074,404164146.0,4279134.4347,384776190.0
2025-08-18,0.0111142,0.0111349,0.01055,0.0106815,686713709.9358,244977682,245377168,224471324,228507179,0.01,0.01,-0.003676,0.004306,0.010003,0.010003,-0.004465,0.005652,0.010003,0.010003,-0.003265,0.00515,75.83,24.17,3.14,74.34,25.66,2.9,72.36,27.64,2.62,1242830.7653164,110138.0336313,1288534.6890652,112864.7490474,4943806.8206,446446050.0,3692799.1648,331164965.0,4943806.8206,446446050.0,3692799.1648,331164965.0
2025-08-19,0.0106814,0.0108484,0.0101543,0.0101991,767376466.3147,228507179,230233666,213751272,219138716,0.004306,0.00634,-0.004962,0.005358,0.005652,0.008204,-0.006869,0.007677,0.00515,0.007469,-0.002162,0.006765,77.11,22.89,3.37,75.31,24.69,3.05,74.19,25.81,2.87,2011473.5111343,323644.5410614,2076712.1573519,336517.0655079,4686697.0047,440472246.0,3489979.5953,325678966.0,4686697.0047,440472246.0,3489979.5953,325678966.0
2025-08-20,0.010199,0.0107217,0.0100196,0.0106659,712734225.8562,219138716,227482604,216016485,225169965,0.005358,0.01,0.003808,0.01,0.007677,0.010003,0.003673,0.010003,0.006765,0.010002,0.004559,0.010002,77.15,22.85,3.38,75.97,24.03,3.16,75.43,24.57,3.07,416778.1968706,511584.9443508,427294.4729982,524767.595948,4072570.9031,400939541.0,2919133.2204,285032507.0,4072570.9031,400939541.0,2919133.2204,285032507.0
2025-08-21,0.0106658,0.0107591,0.010192,0.0103964,561606441.1275,225169965,229733343,216900265,218340428,0.01,0.01,0.006673,0.01,0.010003,0.010003,-0.010625,0.010003,0.010002,0.010003,-0.00047,0.010003,76.68,23.32,3.29,74.36,25.64,2.9,73.03,26.97,2.71,576826.5909543,393626.2531095,584427.5033487,394532.2341196,5438062.465,511618958.0,4360009.7055,407490557.0,5438062.465,511618958.0,4360009.7055,407490557.0
2025-08-22,0.0103958,0.011727,0.0098085,0.0115868,1323454798.1777,218340428,242127606,211984626,238369343,0.01,0.01,-0.002328,0.01,0.010003,0.010004,-0.009746,0.010004,0.010003,0.010003,-0.002343,0.010001,75.29,24.71,3.05,72.65,27.35,2.66,73.52,26.48,2.78,927251.5988816,1307012.0019028,973026.9387065,1338786.5213819,3737931.9735,360812424.0,2766153.0519,265070462.0,3737931.9735,360812424.0,2766153.0519,265070462.0
2025-08-23,0.0115867,0.0116286,0.0109863,0.011256,683856746.6839,238369343,246748446,226698838,238483211,0.01,0.017438,0.01,0.01,0.010004,0.01982,0.010002,0.010002,0.010001,0.016064,0.010001,0.010002,73.22,26.78,2.73,72.31,27.69,2.61,72.65,27.35,2.66,905907.0784193,465211.9319803,951993.5964001,473000.3029518,3907008.2114,338665693.0,3021309.0153,259596725.0,3907008.2114,338665693.0,3021309.0153,259596725.0
2025-08-24,0.011256,0.0114835,0.0106599,0.0108303,1047262320.8208,238483211,256672137,229842774,232479144,0.01,0.01,0.01,0.01,0.010002,0.010002,0.010002,0.010002,0.010002,0.010003,0.010001,0.010001,75.97,24.03,3.16,78.71,21.29,3.7,75.04,24.96,3.01,1556449.3093555,911626.6324903,1634507.4867755,927851.5416966,8114106.0018,724762272.0,4192365.2866,371245942.0,8114106.0018,724762272.0,4192365.2866,371245942.0
2025-08-25,0.0108304,0.011078,0.009565,0.009749,1196662775.75,232479144,237130929,211070558,215737144,0.01,0.01,-0.033722,-0.033722,0.010002,0.010003,-0.025221,-0.023165,0.010001,0.010001,-0.027719,-0.027277,77.2,22.8,3.39,77.14,22.86,3.37,74.99,25.01,3.0,2163808.3766291,404923.6249285,2290489.3271788,410142.241093,4308972.5256,399211078.0,3845763.3753,353867038.0,4308972.5256,399211078.0,3845763.3753,353867038.0
2025-08-26,0.0097491,0.01019,0.0096624,0.0100854,753267769.9838,215737144,224322058,213881400,218182258,-0.033722,0.01,-0.03376,0.01,-0.023165,0.010004,-0.023165,0.010003,-0.027277,0.010002,-0.027277,0.010002,78.47,21.53,3.65,76.84,23.16,3.32,71.77,28.23,2.54,454078.8217547,795586.2241709,459643.2053323,800153.5302008,4074902.3718,419286524.0,4481847.7496,457676896.0,4074902.3718,419286524.0,4481847.7496,457676896.0
2025-08-27,0.0100853,0.0103,0.0099456,0.0100251,717260274.7673,218182258,218182258,204092380,204616861,0.01,0.01,0.008712,0.01,0.010003,0.010003,0.001143,0.010003,0.010002,0.010003,0.005653,0.010002,76.42,23.58,3.24,72.92,27.08,2.69,67.93,32.07,2.12,786684.8306792,411049.8109867,812836.21832,412946.3697001,5533181.3323,550826076.0,4084389.0428,403656272.0,5533181.3323,550826076.0,4084389.0428,403656272.0
2025-08-28,0.0100251,0.0102709,0.0099157,0.0102131,527008068.4797,204616861,214783798,203314064,211113027,0.01,0.01,0.01,0.01,0.010003,0.010003,-0.006457,0.010003,0.010002,0.010003,0.001385,0.010003,74.97,25.03,3.0,73.52,26.48,2.78,74.56,25.44,2.93,418916.4258745,115389.2188398,431543.305209,122310.6684902,5021744.128,502928615.0,3504570.8356,348256746.0,5021744.128,502928615.0,3504570.8356,348256746.0
2025-08-29,0.0102137,0.0102598,0.0094818,0.0097737,751455277.0648,211113027,212833208,203487178,212227807,0.01,0.01,-0.021817,-0.013436,0.010003,0.010003,-0.033395,-0.009541,0.010003,0.010003,-0.019373,-0.011098,74.53,25.47,2.93,73.08,26.92,2.72,72.82,27.18,2.68,1668193.4402706,220947.9854523,1708284.0539384,235247.0134459,6965116.7723,684806637.0,4984020.3863,486153218.0,6965116.7723,684806637.0,4984020.3863,486153218.0
2025-08-30,0.0097736,0.0100524,0.0096802,0.0098317,351962084.6648,212227807,214711162,207445877,211401680,-0.013436,0.01,-0.013436,0.01,-0.009541,0.010005,-0.020412,0.010005,-0.011098,0.010005,-0.016962,0.010005,75.28,24.72,3.05,73.03,26.97,2.71,72.02,27.98,2.57,276840.275554,250246.9648616,290408.0664099,252081.9023315,4162248.7715,427201429.0,4162218.4257,424430616.0,4162248.7715,427201429.0,4162218.4257,424430616.0
2025-08-31,0.0098316,0.0100097,0.0096272,0.0096434,369252533.8278,211401680,216969018,209885253,214851949,0.01,0.01,-0.004474,-0.004474,0.010005,0.010005,0.002479,0.002479,0.010005,0.010005,-0.000547,-0.000547,76.29,23.71,3.22,74.77,25.23,2.96,73.15,26.85,2.72,357254.2146545,41302.8045351,360430.9780555,46167.8023037,4960412.742,506154260.0,4099200.3678,415580028.0,4960412.742,506154260.0,4099200.3678,415580028.0
2025-09-01,0.0096434,0.0099499,0.0091371,0.0094565,850811036.7249,214851949,224737037,196485090,203670895,-0.004474,0.01,-0.013241,0.005839,0.002479,0.010003,-0.008933,0.004939,-0.000547,0.010003,-0.010339,0.005435,77.91,22.09,3.53,76.77,23.23,3.31,71.47,28.53,2.51,1230274.9869686,213426.8000945,1400151.0346924,222465.0466763,5132231.6917,534358054.0,3971707.8621,410481154.0,5132231.6917,534358054.0,3971707.8621,410481154.0
2025-09-02,0.0094565,0.0098179,0.009339,0.0097902,625922785.8522,203670895,207799793,199575170,202611242,0.005839,0.01,0.003846,0.01,0.004939,0.010004,-0.004963,0.010004,0.005435,0.010003,-0.000307,0.010003,76.09,23.91,3.18,74.21,25.79,2.88,72.27,27.73,2.61,530487.3598621,445375.7351081,532048.2669402,453490.5134078,4283121.1826,454528607.0,3797673.6108,399978497.0,4283121.1826,454528607.0,3797673.6108,399978497.0
2025-09-03,0.0097901,0.0100338,0.0096834,0.0098742,421338541.5617,202611242,208234630,200609319,202584758,0.01,0.01,0.01,0.01,0.010004,0.010004,0.010003,0.010003,0.010003,0.010004,0.010003,0.010004,73.51,26.49,2.78,72.34,27.66,2.62,70.83,29.17,2.43,141110.8322204,285802.3188381,142793.7301005,292521.3745351,5115716.9469,524565588.0,5261626.4638,535321065.0,5115716.9469,524565588.0,5261626.4638,535321065.0
2025-09-04,0.0098742,0.0099687,0.0093592,0.0094432,486802776.909,202584758,204824880,196153601,201955664,0.01,0.01,-0.005659,-0.002591,0.010003,0.010003,-0.018211,0.003651,0.010004,0.010004,-0.009931,0.000548,74.0,26.0,2.85,74.28,25.72,2.89,72.67,27.33,2.66,781361.2790215,35199.9060634,810753.8684937,36437.2680401,7054002.4635,717576958.0,5034554.7566,508111347.0,7054002.4635,717576958.0,5034554.7566,508111347.0
2025-09-05,0.0094431,0.0099025,0.009408,0.0097514,611175510.7216,201955664,210275404,199395916,201393122,-0.002591,0.01,-0.00289,0.01,0.003651,0.010004,-0.002742,0.010004,0.000548,0.010004,-0.002359,0.010003,78.02,21.98,3.55,76.48,23.52,3.25,74.4,25.6,2.91,419521.641945,454568.337427,426727.0775859,461285.7236939,6446808.0562,685606986.0,6015718.9801,634140975.0,6446808.0562,685606986.0,6015718.9801,634140975.0
2025-09-06,0.0097514,0.0098097,0.0095379,0.0096361,256011076.7231,201393122,202585219,198802773,201189275,0.01,0.01,0.01,0.01,0.010004,0.010005,0.010003,0.010005,0.010003,0.010007,0.010003,0.010007,75.21,24.79,3.03,74.45,25.55,2.91,75.55,24.45,3.09,194096.8210717,11498.4277812,197294.936241,12792.5762949,6950052.31,715402401.0,4932052.3934,504083644.0,6950052.31,715402401.0,4932052.3934,504083644.0
2025-09-07,0.0096364,0.0099496,0.0096284,0.0098811,324847741.6263,201189275,210223170,201189275,205783677,0.01,0.01,0.01,0.01,0.010005,0.010005,0.010005,0.010005,0.010007,0.010007,0.010005,0.010005,76.34,23.66,3.23,75.23,24.77,3.04,74.61,25.39,2.94,110415.3227593,124735.5138516,121585.693099,129540.4085877,5978904.6946,622861384.0,6106908.776,631353416.0,5978904.6946,622861384.0,6106908.776,631353416.0
2025-09-08,0.0098811,0.0103632,0.0098153,0.0103068,580108051.2614,205783677,217534901,204974147,215189161,0.01,0.01,0.01,0.01,0.010005,0.010005,0.010003,0.010003,0.010005,0.010005,0.010003,0.010003,76.51,23.49,3.26,77.02,22.98,3.35,73.82,26.18,2.82,345412.3069688,535401.8468298,356553.8672762,553357.7708668,5334547.489,541922185.0,5011318.7582,505404804.0,5334547.489,541922185.0,5011318.7582,505404804.0
2025-09-09,0.0103068,0.0108367,0.0101408,0.0103114,734218643.2648,215189161,229804600,212455919,229583380,0.01,0.01,0.004896,0.004991,0.010003,0.010005,0.007444,0.00749,0.010003,0.010003,0.006393,0.006459,76.04,23.96,3.17,77.02,22.98,3.35,74.22,25.78,2.88,753184.1623496,586407.0785094,773888.0839787,721056.1081865,4916616.4887,478687425.0,5806365.5902,561052799.0,4916616.4887,478687425.0,5806365.5902,561052799.0
2025-09-10,0.0103114,0.010678,0.0102132,0.0105262,483285790.2823,229583380,231078543,220801300,223918567,0.004991,0.01,0.00394,0.01,0.00749,0.010005,0.006956,0.010005,0.006459,0.010004,0.005722,0.010004,77.69,22.31,3.48,79.58,20.42,3.9,75.65,24.35,3.11,381554.4863627,258459.8792921,382520.1128279,266229.512301,4635522.2166,451369932.0,5241045.7588,506468871.0,4635522.2166,451369932.0,5241045.7588,506468871.0
2025-09-11,0.0105261,0.0107088,0.0103456,0.0106907,436579838.0984,223918567,227153517,218042202,226428595,0.01,0.01,0.01,0.01,0.010005,0.010005,0.00999,0.010004,0.010004,0.010004,0.010003,0.010004,75.32,24.68,3.05,77.25,22.75,3.4,77.64,22.36,3.47,423275.0488224,304065.0327965,436572.9494456,355585.552981,5353325.697,510468102.0,4941079.1165,467783301.0,5353325.697,510468102.0,4941079.1165,467783301.0
2025-09-12,0.0106907,0.0116677,0.0103917,0.0115403,991690442.6705,226428595,277456905,222257416,272276665,0.01,0.01,0.005294,0.01,0.010004,0.010005,-0.000277,0.010004,0.010004,0.010004,0.003578,0.010002,74.63,25.37,2.94,77.34,22.66,3.41,77.48,22.52,3.44,466010.2468396,1395877.4339418,485937.2538875,1498448.4150055,4307865.3194,404506317.0,4340237.5326,404594258.0,4307865.3194,404506317.0,4340237.5326,404594258.0
2025-09-13,0.0115403,0.0127163,0.0114633,0.0119136,1683548505.1805,272276665,321896128,270760691,277744166,0.01,0.01,0.01,0.01,0.010004,0.010093,0.010003,0.010036,0.010002,0.010025,0.010001,0.01001,73.64,26.36,2.79,76.47,23.53,3.25,79.21,20.79,3.81,1243300.6254926,1016338.074034,1275691.4012176,1143352.308405,4982371.8829,433647942.0,4384387.957,378270389.0,4982371.8829,433647942.0,4384387.957,378270389.0
2025-09-14,0.0119137,0.0119783,0.0111322,0.0115486,882052994.3042,277744166,287386361,266646558,278526192,0.01,0.01,0.01,0.01,0.010036,0.010976,0.010003,0.010003,0.01001,0.010345,0.010002,0.010002,75.8,24.2,3.13,79.78,20.22,3.95,78.32,21.68,3.61,1586617.5591361,232793.1278101,1610222.095083,235952.364397,5319554.1294,448584174.0,4022172.6917,336045659.0,5319554.1294,448584174.0,4022172.6917,336045659.0
2025-09-15,0.0115486,0.0116729,0.0105517,0.0107697,882266374.0545,278526192,282996230,259745917,273970022,0.01,0.01,-0.016499,-0.015548,0.010003,0.010004,-0.014921,-0.006466,0.010002,0.010002,-0.009515,-0.009338,76.53,23.47,3.26,80.52,19.48,4.13,81.79,18.21,4.49,956145.4363054,215884.9637562,1088225.713866,224529.8755448,4454385.5914,387498313.0,2626923.8425,226614185.0,4454385.5914,387498313.0,2626923.8425,226614185.0
2025-09-16,0.0107697,0.0110888,0.0105871,0.0110719,525759968.9194,273970022,280187322,270883379,278193591,-0.015548,0.00763,-0.016276,-0.002306,-0.006466,0.00881,-0.011479,0.00389,-0.009338,0.008409,-0.012251,0.001809,80.06,19.94,4.02,81.17,18.83,4.31,81.65,18.35,4.45,372762.1405464,256967.0340525,374827.9360505,259975.5468673,3562876.1519,332176758.0,3073054.9266,284155203.0,3562876.1519,332176758.0,3073054.9266,284155203.0
2025-09-17,0.011072,0.0114999,0.0107123,0.0114055,855121691.6425,278193591,281664671,258595033,277156938,-0.002306,0.01,-0.009781,0.01,0.00389,0.010004,-0.004874,0.010003,0.001809,0.010002,-0.006063,0.010002,79.27,20.73,3.82,79.16,20.84,3.8,78.13,21.87,3.57,541451.0336336,888103.2041208,555475.1897082,895806.7411775,4246797.9372,385223509.0,4597530.5087,413591155.0,4246797.9372,385223509.0,4597530.5087,413591155.0
2025-09-18,0.0114062,0.0116484,0.011209,0.0114421,709453718.7608,277156938,279971810,257794828,261282963,0.01,0.01,0.007787,0.01,0.010003,0.010003,0.001674,0.010003,0.010002,0.010002,0.00504,0.010002,79.42,20.58,3.86,80.09,19.91,4.02,81.03,18.97,4.27,398117.4033718,640973.464625,402008.2748828,647221.0780889,5009139.5614,441273463.0,4317434.2874,376804746.0,5009139.5614,441273463.0,4317434.2874,376804746.0
2025-09-19,0.0114421,0.0114932,0.0106597,0.0107502,603730336.8307,261282963,262919385,242864507,253945518,0.01,0.01,-0.003434,-0.003434,0.010003,0.010003,-0.001149,-0.001149,0.010002,0.010002,-0.001603,-0.001603,76.42,23.58,3.24,79.1,20.9,3.79,80.14,19.86,4.04,1281902.1794267,61206.5072431,1328261.6007703,61253.6243758,3796823.4789,333041183.0,3428205.6298,298380093.0,3796823.4789,333041183.0,3428205.6298,298380093.0
2025-09-20,0.0107503,0.0108439,0.0105354,0.010714,343288242.28,253945518,259798618,251448703,254476539,-0.003434,0.001956,-0.010789,0.001792,-0.001149,0.005814,-0.016705,0.005731,-0.001603,0.003837,-0.013069,0.00372,78.58,21.42,3.67,79.82,20.18,3.96,77.92,22.08,3.53,213626.2737271,140034.8467734,238668.511053,141033.5842767,4094542.7395,382504782.0,4157476.6146,385473033.0,4094542.7395,382504782.0,4157476.6146,385473033.0
2025-09-21,0.0107139,0.0107815,0.010382,0.0104061,361169557.4017,254476539,260850671,248154853,249215202,0.001792,0.01,0.001436,0.01,0.005731,0.010004,-0.000186,0.009972,0.00372,0.010005,0.000811,0.010002,78.19,21.81,3.59,77.54,22.46,3.45,77.42,22.58,3.43,636563.5008127,322762.1095701,666794.5806305,322762.1095701,4143552.1763,388368127.0,3437773.0489,319684820.0,4143552.1763,388368127.0,3437773.0489,319684820.0
2025-09-22,0.0104061,0.0104736,0.00925,0.0096583,858875420.8406,249215202,250298689,202044452,206554188,0.01,0.01,-0.029399,0.002426,0.009972,0.010004,-0.037486,0.003729,0.010002,0.010004,-0.02983,0.00339,77.83,22.17,3.51,77.72,22.28,3.49,77.39,22.61,3.42,3160770.1409427,249662.2264157,3439717.715577,264428.4478634,5031628.9279,485661898.0,3331966.1592,319036985.0,5031628.9279,485661898.0,3331966.1592,319036985.0
2025-09-23,0.0096582,0.0098369,0.0094124,0.0095674,463753464.3138,206554188,209956041,198418804,199828146,0.002426,0.01,-0.011212,0.01,0.003729,0.01,-0.020983,0.009974,0.00339,0.010003,-0.011637,0.009992,78.43,21.57,3.64,77.47,22.53,3.44,71.6,28.4,2.52,613199.9528394,329331.1646458,623112.8753176,334928.6191801,3378690.3951,351426477.0,3180266.5256,328206621.0,3378690.3951,351426477.0,3180266.5256,328206621.0
2025-09-24,0.0095674,0.0098463,0.0093193,0.0096343,418865939.9007,199828146,207168868,194543476,200236430,0.01,0.01,-0.006295,-0.005109,0.009974,0.010002,0.00241,0.003001,0.009992,0.010004,-0.001436,-0.000618,78.58,21.42,3.67,77.27,22.73,3.4,71.88,28.12,2.56,615863.6247918,133831.3113579,751748.2945831,133922.7516855,5141520.2088,539857930.0,3398355.9412,353761808.0,5141520.2088,539857930.0,3398355.9412,353761808.0
2025-09-25,0.0096343,0.0096626,0.008857,0.0090678,941969266.3085,200236430,202878708,189949527,192404707,-0.005109,0.01,-0.005464,0.000758,0.003001,0.010003,-0.004002,-0.000843,-0.000618,0.010002,-0.001844,0.000232,78.16,21.84,3.58,76.97,23.03,3.34,71.94,28.06,2.56,1496125.5604409,289960.7822208,1820682.3243898,290199.6970859,4541176.5379,473344435.0,3022082.2198,312563058.0,4541176.5379,473344435.0,3022082.2198,312563058.0
2025-09-26,0.0090677,0.009456,0.0090301,0.0093737,442968638.0987,192404707,199357299,192404707,195762433,0.000758,0.01,-0.004121,0.001155,-0.000843,0.010003,-0.014138,0.002424,0.000232,0.010002,-0.007154,0.00227,77.7,22.3,3.48,77.61,22.39,3.47,72.81,27.19,2.68,151414.9678478,337351.4423151,152350.7565134,337851.5304162,2797910.0759,309893339.0,2710895.086,297854552.0,2797910.0759,309893339.0,2710895.086,297854552.0
2025-09-27,0.0093736,0.0094386,0.0092035,0.0092371,209769784.6044,195762433,199446908,193531218,193635292,0.001155,0.01,0.000913,0.01,0.002424,0.010004,-0.000156,0.010004,0.00227,0.010007,0.000894,0.010007,78.36,21.64,3.62,77.41,22.59,3.43,72.93,27.07,2.69,166396.3210236,40465.0294954,166618.3809276,40493.02758,4011098.4441,429962557.0,3102734.9361,329887117.0,4011098.4441,429962557.0,3102734.9361,329887117.0
2025-09-28,0.009237,0.0094672,0.0090287,0.0094247,256270505.7557,193635292,201910571,190619492,201649286,0.01,0.01,0.002278,0.00567,0.010004,0.010004,-0.000836,0.004977,0.010007,0.010007,0.00304,0.005527,78.08,21.92,3.56,78.12,21.88,3.57,73.46,26.54,2.77,216203.1718575,232471.1694455,226504.2268652,235441.5399066,4349393.2305,472851634.0,3036075.6375,327500896.0,4349393.2305,472851634.0,3036075.6375,327500896.0
2025-09-29,0.0094247,0.0095069,0.0090744,0.0093891,390860137.2035,201649286,201649286,194178307,198624996,0.00567,0.01,-0.003722,0.01,0.004977,0.010003,-0.002551,0.010003,0.005527,0.010004,-0.001054,0.010004,79.58,20.42,3.9,78.61,21.39,3.68,72.38,27.62,2.62,380820.4680476,391578.5556831,428680.4479014,395620.8624714,4126169.288,439655714.0,3070772.836,324354328.0,4126169.288,439655714.0,3070772.836,324354328.0
2025-09-30,0.009389,0.0094291,0.0089583,0.0093213,410686516.3237,198624996,200498619,192014624,198831793,0.01,0.01,-0.010631,0.01,0.010003,0.010003,-0.013783,0.010003,0.010004,0.010004,-0.010018,0.010004,78.96,21.04,3.75,78.72,21.28,3.7,73.47,26.53,2.77,758860.3237001,773069.4630995,770483.0443792,774035.4457734,4710620.8209,503711406.0,3561251.805,378022377.0,4710620.8209,503711406.0,3561251.805,378022377.0
2025-10-01,0.009321,0.0097954,0.0092337,0.0097778,438365946.7535,198831793,213514079,197520690,213514079,0.01,0.01,0.01,0.01,0.010003,0.010003,0.010003,0.010003,0.010004,0.010004,0.010003,0.010003,78.71,21.29,3.7,78.63,21.37,3.68,72.78,27.22,2.67,87236.2148359,1115771.4415277,89422.4905379,1125691.9033425,3976071.4946,427875063.0,3538619.6492,378148709.0,3976071.4946,427875063.0,3538619.6492,378148709.0
2025-10-02,0.0097778,0.0103354,0.0097453,0.0102172,590408053.6289,213514079,224877417,210217034,220725948,0.01,0.01,0.01,0.01,0.010003,0.010003,0.009346,0.010003,0.010003,0.010003,0.009639,0.010003,77.75,22.25,3.49,78.01,21.99,3.55,71.74,28.26,2.54,290782.1897947,909556.1744185,298828.2428507,963354.5775965,3240438.8351,332613570.0,2990174.8384,304598477.0,3240438.8351,332613570.0,2990174.8384,304598477.0
2025-10-03,0.0102171,0.010395,0.0098364,0.0101141,614648960.6,220725948,223058765,210595088,221913496,0.01,0.01,0.01,0.01,0.010003,0.010003,0.007832,0.010003,0.010003,0.010003,0.008808,0.010003,77.96,22.04,3.54,79.2,20.8,3.81,72.28,27.72,2.61,533775.7879705,299062.2482404,548223.4246936,302451.5791211,5124401.8751,503926470.0,3616949.9241,352463143.0,5124401.8751,503926470.0,3616949.9241,352463143.0
2025-10-04,0.0101142,0.010227,0.0095506,0.0097556,543906619.7335,221913496,228361875,214922800,218986911,0.01,0.01,-0.00617,-0.004764,0.010003,0.010003,-0.003685,0.001298,0.010003,0.010003,-0.002634,-0.001395,77.2,22.8,3.39,78.97,21.03,3.76,72.48,27.52,2.63,1089335.2774037,122907.8490411,1144363.7079258,127259.5101142,4195925.3143,416488596.0,3053263.7504,300662061.0,4195925.3143,416488596.0,3053263.7504,300662061.0
2025-10-05,0.0097556,0.010182,0.0096746,0.0097916,597163617.3183,218986911,227054322,216592283,218593239,-0.004764,0.01,-0.011115,-0.011115,0.001298,0.010004,-0.001534,-0.000314,-0.001395,0.010003,-0.004548,-0.004548,78.19,21.81,3.59,79.23,20.77,3.82,70.26,29.74,2.36,750483.5014871,193147.8026693,772579.7301972,196376.7811717,3811879.9538,392198186.0,3553493.338,362843155.0,3811879.9538,392198186.0,3553493.338,362843155.0
2025-10-06,0.0097917,0.0103681,0.00966,0.0102055,591993708.8049,218593239,229802371,214981277,229303690,-0.011115,0.020436,-0.018034,0.020436,-0.000314,0.015765,-0.010329,0.015248,-0.004548,0.017403,-0.010451,0.017403,77.58,22.42,3.46,78.27,21.73,3.6,67.82,32.18,2.11,335486.2415519,222208.1037371,345039.5794035,234734.064523,3926316.4254,402745245.0,3753865.6261,381533317.0,3926316.4254,402745245.0,3753865.6261,381533317.0
2025-10-07,0.0102054,0.0102712,0.0094205,0.009465,708590602.434,229303690,230285289,212500780,212552743,0.020436,0.021948,-0.014167,-0.010665,0.015248,0.026243,-0.001601,-0.001162,0.017403,0.023197,-0.006633,-0.004866,76.0,24.0,3.17,78.4,21.6,3.63,69.86,30.14,2.32,1398246.5716051,99582.3500188,1487906.2712899,100002.6760818,5868610.5279,577086561.0,4014175.7752,391668906.0,5868610.5279,577086561.0,4014175.7752,391668906.0
2025-10-08,0.0094648,0.0097446,0.0092265,0.0095638,567573843.7057,212552743,233866288,210223184,212123097,-0.010665,0.01,-0.03121,0.01,-0.001162,0.010004,-0.020939,0.010004,-0.004866,0.010003,-0.02455,0.010003,78.38,21.62,3.63,78.94,21.06,3.75,68.71,31.29,2.2,549008.3751557,203461.8323058,557331.4110149,204671.9766378,4547509.428,482857445.0,3416400.1961,359565103.0,4547509.428,482857445.0,3416400.1961,359565103.0
2025-10-09,0.0095637,0.0095739,0.0089879,0.0092519,522263194.1228,212123097,213538257,201914037,210148796,0.01,0.01,-0.005874,0.001089,0.010004,0.010004,-0.007077,0.004811,0.010003,0.010003,-0.005113,0.003346,77.25,22.75,3.4,75.63,24.37,3.1,70.68,29.32,2.41,1285138.5280485,123618.5964661,1363629.3439676,124256.3288314,4053049.5046,425585191.0,3162312.2308,329376661.0,4053049.5046,425585191.0,3162312.2308,329376661.0
2025-10-10,0.0092519,0.0093892,0.0027752,0.0066637,1778295671.8778,210148796,239875589,64052516,133890782,0.001089,0.062149,-0.031549,0.01,0.004811,0.010004,-0.192127,-0.188616,0.003346,0.010004,-0.136368,-0.133114,78.03,21.97,3.55,76.78,23.22,3.31,68.98,31.02,2.22,5618724.332618,5062812.1369657,6648989.0026724,5574797.4793609,7722663.7939,839618892.0,4313964.1318,464641561.0,7722663.7939,839618892.0,4313964.1318,464641561.0
2025-10-11,0.006664,0.0073671,0.0064917,0.0067198,903418695.7929,133890782,138506575,98954711,99953064,0.01,0.01,-0.035183,-0.019417,-0.188616,0.003647,-0.188616,-0.007476,-0.133114,0.001937,-0.133114,-0.011978,63.15,36.85,1.71,62.1,37.9,1.64,50.46,49.54,1.02,3361080.1158795,613808.2216386,3430923.2482387,619149.0297906,1005931.6361,152092352.0,428942.7964,64155266.0,1005931.6361,152092352.0,428942.7964,64155266.0
2025-10-12,0.0067199,0.0077238,0.0065202,0.0074821,778755852.9598,99953064,109101812,95715501,102543996,-0.019417,-0.008285,-0.042722,-0.01487,-0.007476,0.000189,-0.051364,-0.003541,-0.011978,-0.002741,-0.048552,-0.007316,71.27,28.73,2.48,68.65,31.35,2.19,58.16,41.84,1.39,615076.5236795,858317.722236,627183.0005406,894180.3174417,2567186.0116,383689952.0,2411341.8668,357241938.0,2567186.0116,383689952.0,2411341.8668,357241938.0
2025-10-13,0.007482,0.0079737,0.007288,0.0078384,757919438.1225,102543996,109059056,95107900,108633578,-0.01487,0.005299,-0.02602,-0.008054,-0.003541,0.007188,-0.032333,-0.000758,-0.007316,0.006194,-0.032034,-0.00313,70.08,29.92,2.34,66.59,33.41,1.99,51.8,48.2,1.08,516751.0738816,903624.4255237,533941.0937519,943310.6939992,2454997.8971,329733680.0,2728224.9297,362984069.0,2454997.8971,329733680.0,2728224.9297,362984069.0
2025-10-14,0.0078383,0.007903,0.0070559,0.007515,812185195.7424,108633578,109083106,90854295,94978050,-0.008054,0.01,-0.014591,0.001649,-0.000758,0.010007,-0.00885,0.00559,-0.00313,0.010002,-0.010246,0.00451,69.55,30.45,2.28,68.31,31.69,2.16,53.39,46.61,1.15,901363.0479705,516994.6801552,975651.5892777,521220.2313074,2612614.7432,334946408.0,2426654.2661,308378732.0,2612614.7432,334946408.0,2426654.2661,308378732.0
2025-10-15,0.0075153,0.0076558,0.007031,0.0071769,515915233.9852,94978050,95926281,89896103,91394017,0.001649,0.01,-0.025874,-0.002455,0.00559,0.010007,-0.023306,0.000776,0.00451,0.010002,-0.023396,0.000148,71.13,28.87,2.46,71.0,29.0,2.45,53.16,46.84,1.14,639227.2214331,340130.459588,689439.5229896,343078.2537838,2380033.6315,318010150.0,2219899.4133,294223030.0,2380033.6315,318010150.0,2219899.4133,294223030.0
2025-10-16,0.0071769,0.0073098,0.0067117,0.0068676,571066538.1781,91394017,94710289,82511015,82815357,-0.002455,0.006067,-0.012943,-0.000703,0.000776,0.007907,-0.028253,0.001271,0.000148,0.007484,-0.02168,0.000877,71.5,28.5,2.51,69.75,30.25,2.31,54.07,45.93,1.18,804808.1656294,310724.225336,933151.912392,321582.7714722,2611109.6599,365253301.0,2035651.3972,282461575.0,2611109.6599,365253301.0,2035651.3972,282461575.0
2025-10-17,0.0068676,0.0069576,0.0062924,0.0066478,642854185.7366,82815357,83526813,74866395,79683262,-0.000703,0.003456,-0.012579,0.003456,0.001271,0.006214,-0.019997,0.006213,0.000877,0.004726,-0.016362,0.004725,71.86,28.14,2.55,70.23,29.77,2.36,53.53,46.47,1.15,1111667.7868035,547022.2485338,2212585.3402141,555499.345972,2212247.4626,323823178.0,2335155.617,338791805.0,2212247.4626,323823178.0,2335155.617,338791805.0
2025-10-18,0.0066478,0.0068455,0.0066357,0.0067432,229965660.8508,79683262,82650000,79536718,81638042,0.003456,0.01,-0.011031,0.002799,0.006213,0.00985,-0.005645,0.003961,0.004725,0.009725,-0.005932,0.003419,73.17,26.83,2.73,71.79,28.21,2.55,50.52,49.48,1.02,154355.4896347,121668.6525044,160074.9770331,129289.4808484,2807205.9844,423990013.0,2610783.5975,391073130.0,2807205.9844,423990013.0,2610783.5975,391073130.0
2025-10-19,0.0067432,0.0071334,0.0066526,0.0069907,366299429.1335,81638042,86433014,79122451,84107960,0.002799,0.005427,-0.021906,-0.012956,0.003961,0.004467,-0.032672,-0.007582,0.003419,0.004473,-0.025191,-0.009326,72.77,27.23,2.67,71.53,28.47,2.51,52.17,47.83,1.09,305428.7205007,359080.6847476,307922.8462289,369398.3687082,2807205.9844,423990013.0,2610783.5975,391073130.0,2807205.9844,423990013.0,2610783.5975,391073130.0
2025-10-20,0.0069906,0.0073184,0.0068367,0.0071512,391134137.0615,84107960,89929197,81562224,88303926,-0.012956,0.01,-0.014809,0.01,-0.007582,0.009646,-0.009922,0.009094,-0.009326,0.009485,-0.011527,0.009124,71.55,28.45,2.52,69.11,30.89,2.24,51.54,48.46,1.06,203220.9822392,376898.1037381,215295.6202875,385080.6134511,2662814.1077,382449474.0,2266578.716,322985858.0,2662814.1077,382449474.0,2266578.716,322985858.0
2025-10-21,0.0071512,0.0073754,0.0068303,0.0069132,526804408.9409,88303926,92445507,81235148,81889116,0.01,0.01,-0.000434,0.01,0.009094,0.009919,-0.009815,0.009748,0.009124,0.009885,-0.004037,0.009666,70.6,29.4,2.4,69.15,30.85,2.24,53.01,46.99,1.13,659420.1592681,234419.556912,672645.2681412,235780.9505675,2607054.2646,366229244.0,2159900.7404,300654213.0,2607054.2646,366229244.0,2159900.7404,300654213.0
2025-10-22,0.0069132,0.0069641,0.0064425,0.0067142,533955251.8695,81889116,84668208,78478688,81992110,0.01,0.01,-0.013235,-0.002866,0.009748,0.009758,-0.021551,0.003064,0.009666,0.009679,-0.019565,0.001512,70.01,29.99,2.33,69.46,30.54,2.27,53.62,46.38,1.16,594382.1393031,113328.7378714,639937.4808625,114888.1883273,2702571.2062,392932567.0,2232404.8693,321790511.0,2702571.2062,392932567.0,2232404.8693,321790511.0
2025-10-23,0.0067142,0.0070225,0.0066964,0.0069474,316046862.9343,81992110,87608074,80173705,85739596,-0.002866,0.01,-0.017237,0.01,0.003064,0.01001,-0.014172,0.009969,0.001512,0.010004,-0.013884,0.009967,72.46,27.54,2.63,70.38,29.62,2.38,52.86,47.14,1.12,112459.2266549,128901.4346382,116317.140501,131928.8393127,2778602.6198,415955305.0,2533551.8518,376136949.0,2778602.6198,415955305.0,2533551.8518,376136949.0
2025-10-24,0.0069474,0.00725,0.0069223,0.0071701,328144244.0655,85739596,96434797,85157093,95784034,0.01,0.01,0.01,0.01,0.009969,0.010009,0.007391,0.010008,0.009967,0.010005,0.008247,0.010005,71.54,28.46,2.51,69.23,30.77,2.25,51.71,48.29,1.07,331624.7375265,435788.2716204,335264.0072129,437810.0403513,2549707.4224,368551639.0,1802340.9717,258343821.0,2549707.4224,368551639.0,1802340.9717,258343821.0
2025-10-25,0.00717,0.0072125,0.0070816,0.0071514,159786605.9907,95784034,100062481,95435171,99088694,0.01,0.01,0.01,0.01,0.010008,0.010011,0.00994,0.010011,0.010005,0.01001,0.010002,0.01001,69.85,30.15,2.32,69.58,30.42,2.29,52.77,47.23,1.12,54679.9079339,46951.23631,54722.3553443,56970.7127793,2762567.6148,387078493.0,2341615.9367,325317782.0,2762567.6148,387078493.0,2341615.9367,325317782.0
2025-10-26,0.0071513,0.0074634,0.007018,0.0073208,314675745.0355,99088694,102739078,96092290,98605239,0.01,0.01,0.00042,0.01,0.010011,0.010011,0.004605,0.01001,0.01001,0.01001,0.00305,0.010005,70.89,29.11,2.44,71.41,28.59,2.5,52.3,47.7,1.1,131608.0570209,175841.5379351,137754.2671792,189171.948583,3068851.0302,430847772.0,2583718.2511,359821570.0,3068851.0302,430847772.0,2583718.2511,359821570.0
2025-10-27,0.0073208,0.0074274,0.0070496,0.0071275,346984448.809,98605239,104797339,98293550,101395518,0.01,0.01,-0.003443,0.01,0.01001,0.01001,-0.029154,0.009689,0.010005,0.010005,-0.018861,0.009689,70.89,29.11,2.44,70.69,29.31,2.41,49.72,50.28,0.99,578513.5383727,70254.3329647,584424.40456,71894.7076086,2540045.2743,348367093.0,2765482.5269,376247749.0,2540045.2743,348367093.0,2765482.5269,376247749.0
2025-10-28,0.0071275,0.0073206,0.0068232,0.0069828,395562846.6322,101395518,103895910,96679187,98610153,0.01,0.01,-0.010899,-0.010105,0.009689,0.009689,-0.012317,-0.011365,0.009689,0.009689,-0.011824,-0.010978,69.42,30.58,2.27,68.62,31.38,2.19,49.6,50.4,0.98,482773.310749,227576.2493646,501605.7486675,233594.5172287,3075004.3564,433090264.0,2517328.1127,351863293.0,3075004.3564,433090264.0,2517328.1127,351863293.0
2025-10-29,0.0069828,0.007234,0.0067906,0.0070231,405943432.4176,98610153,103256564,95533727,98765788,-0.010105,0.01,-0.01036,0.01,-0.011365,0.009772,-0.011596,0.009536,-0.010978,0.009775,-0.011348,0.009528,70.19,29.81,2.36,69.12,30.88,2.24,50.59,49.41,1.02,524698.8916499,397398.1069936,533020.3974874,401483.3782212,2334681.7486,335670663.0,2432112.0311,346950105.0,2334681.7486,335670663.0,2432112.0311,346950105.0
2025-10-30,0.0070232,0.0070897,0.0062561,0.0064357,556870847.249,98765788,102237753,93875565,95302563,0.01,0.01,-0.030389,-0.029634,0.009536,0.009536,-0.054769,-0.025009,0.009528,0.009528,-0.048843,-0.026811,70.24,29.76,2.36,69.26,30.74,2.25,50.24,49.76,1.01,1102459.0837226,49201.2631622,1240444.3465831,63264.4661381,2368862.8075,338698568.0,2209203.9399,313393715.0,2368862.8075,338698568.0,2209203.9399,313393715.0
2025-10-31,0.006436,0.0066527,0.0064111,0.0065611,330016459.8766,95302563,103800253,95254871,98813607,-0.029634,0.004622,-0.031908,0.003504,-0.025009,0.00679,-0.031244,0.006436,-0.026811,0.00598,-0.031928,0.005544,70.31,29.69,2.37,67.34,32.66,2.06,43.83,56.17,0.78,167540.4428913,249329.9277095,178583.2960441,249959.5343885,2322465.4021,362373836.0,1803200.3543,279028019.0,2322465.4021,362373836.0,1803200.3543,279028019.0
2025-11-01,0.0065612,0.0067311,0.0065117,0.0066919,204177426.5911,98813607,101958347,98289826,101504551,0.003504,0.01,0.003504,0.008588,0.006436,0.010011,0.006436,0.00922,0.005544,0.010008,0.005544,0.008993,70.09,29.91,2.34,66.39,33.61,1.98,46.39,53.61,0.87,141594.8222778,92225.3996236,143932.6462944,92225.3996236,2377219.5628,363808448.0,2250566.8116,341633414.0,2377219.5628,363808448.0,2250566.8116,341633414.0
2025-11-02,0.0066919,0.006754,0.0064956,0.0066978,244067315.7772,101504551,107893752,99433277,107647724,0.008588,0.01,0.000687,0.008953,0.00922,0.010011,0.001019,0.009408,0.008993,0.010008,0.002586,0.009243,70.2,29.8,2.36,66.99,33.01,2.03,44.49,55.51,0.8,140342.7058921,54937.4279571,143519.1201339,62106.3169346,2355235.9564,353305360.0,2063415.1725,307185550.0,2355235.9564,353305360.0,2063415.1725,307185550.0
2025-11-03,0.0066978,0.0067085,0.0054961,0.0057161,737056968.3535,107647724,107647724,82776199,84116414,0.008953,0.01,-0.036387,-0.005794,0.009408,0.01001,-0.028951,-0.001621,0.009243,0.010007,-0.031313,-0.003122,70.37,29.63,2.38,67.76,32.24,2.1,43.63,56.37,0.77,2235193.221165,132424.622282,2384269.3503771,140377.8052292,2240809.8649,335625664.0,1830100.2987,271776178.0,2240809.8649,335625664.0,1830100.2987,271776178.0
2025-11-04,0.0057162,0.0058574,0.005214,0.0055952,921957487.8342,84116414,87998605,78120735,84020791,-0.005794,0.01,-0.005794,0.01,-0.001621,0.01001,-0.005174,0.010007,-0.003122,0.010002,-0.005793,0.010002,66.94,33.06,2.03,65.69,34.31,1.92,48.24,51.76,0.93,1596498.0830715,290865.6869162,1739251.8402421,293426.2802637,1884227.0889,330801088.0,1592259.6503,277184233.0,1884227.0889,330801088.0,1592259.6503,277184233.0
2025-11-05,0.0055954,0.0058169,0.0052951,0.005757,374280851.8174,84020791,88698053,81926027,86470458,0.01,0.01,-0.009062,0.008194,0.010007,0.010007,-0.009618,0.008154,0.010002,0.010002,-0.009375,0.008086,66.23,33.77,1.96,64.4,35.6,1.81,46.39,53.61,0.87,357404.7109312,164151.4790218,363685.1478063,164686.6791217,1938605.3432,348028839.0,1493491.5662,265898667.0,1938605.3432,348028839.0,1493491.5662,265898667.0
2025-11-06,0.0057568,0.0057712,0.0052728,0.0055398,394023802.7283,86470458,86470458,78367045,85499706,0.008194,0.01,-0.006594,0.01,0.008154,0.010009,-0.007996,0.006979,0.008086,0.010005,-0.007078,0.008124,67.19,32.81,2.05,64.34,35.66,1.8,41.15,58.85,0.7,635744.7598683,96471.7394273,673929.9414239,97942.0545954,2384457.2466,416010401.0,2058143.4123,356227001.0,2384457.2466,416010401.0,2058143.4123,356227001.0
2025-11-07,0.0055398,0.0063614,0.0055101,0.0061943,536194946.0252,85499706,100116270,84015944,95645385,0.01,0.01,-0.007292,0.01,0.006979,0.010009,-0.009292,0.010008,0.008124,0.010004,-0.00798,0.010003,65.65,34.35,1.91,64.58,35.42,1.82,47.83,52.17,0.92,259199.1870182,877046.3047124,266470.8982472,907215.8297394,2563574.2253,464773977.0,2020018.4831,363324148.0,2563574.2253,464773977.0,2020018.4831,363324148.0
2025-11-08,0.0061943,0.0063008,0.0059427,0.0060864,321452081.3309,95645385,96979237,89583622,93376963,0.01,0.01,0.004053,0.004114,0.010008,0.010009,-0.002515,0.003013,0.010003,0.010003,0.002514,0.00385,67.01,32.99,2.03,65.43,34.57,1.89,47.48,52.52,0.9,324628.8153675,259521.5858674,329016.8793723,259791.1643061,3134760.5452,508184223.0,2389026.7234,384342595.0,3134760.5452,508184223.0,2389026.7234,384342595.0
2025-11-09,0.0060864,0.0061766,0.0058319,0.0060636,312484443.7098,93376963,97134439,89551335,94977168,0.004114,0.01,-0.00277,0.01,0.003013,0.010008,-0.005804,0.010007,0.00385,0.010006,-0.003626,0.010005,68.31,31.69,2.16,68.71,31.29,2.2,50.68,49.32,1.03,213208.5002659,335197.382443,221882.6556474,336560.9844418,2711943.1096,447339318.0,2383896.8199,390271356.0,2711943.1096,447339318.0,2383896.8199,390271356.0
2025-11-10,0.0060635,0.0063229,0.00601,0.0062182,342325262.4676,94977168,103559275,94379374,102306407,0.01,0.01,-0.000653,0.01,0.010007,0.010008,-0.000512,0.009092,0.010005,0.010005,0.000047,0.009559,69.27,30.73,2.25,68.84,31.16,2.21,48.88,51.12,0.96,182836.5275408,680255.5979381,189770.2253297,684717.5935351,2609969.2971,432330403.0,2175998.0092,357528781.0,2609969.2971,432330403.0,2175998.0092,357528781.0
2025-11-11,0.0062182,0.0063505,0.0058187,0.0058364,324424465.3794,102306407,102983028,96802980,98131552,0.01,0.01,-0.024715,0.001103,0.009092,0.010008,-0.018595,0.00356,0.009559,0.010005,-0.020939,0.002541,68.27,31.73,2.15,67.58,32.42,2.09,48.29,51.71,0.93,508377.7739606,46134.9832892,515851.0774152,46352.5147928,2600463.9096,419895827.0,1895722.3721,303549030.0,2600463.9096,419895827.0,1895722.3721,303549030.0
2025-11-12,0.0058365,0.0060979,0.0056463,0.0057132,337251577.9548,98131552,99951012,91370861,93022786,0.001103,0.003052,-0.025742,-0.012146,0.00356,0.005595,-0.018303,-0.009217,0.002541,0.004557,-0.020555,-0.010419,67.08,32.92,2.04,66.51,33.49,1.99,48.99,51.01,0.96,1231737.8579442,96384.515558,1275978.7351804,100024.2792643,2601519.7631,447670303.0,1823119.0866,310901151.0,2601519.7631,447670303.0,1823119.0866,310901151.0
2025-11-13,0.005713,0.005994,0.0052811,0.005422,443039191.2771,93022786,98255376,87471035,88118736,-0.012146,0.01,-0.040022,-0.035573,-0.009217,0.010009,-0.029931,-0.023589,-0.010419,0.010005,-0.03321,-0.027572,66.78,33.22,2.01,65.01,34.99,1.86,47.48,52.52,0.9,1489038.3956889,199721.6498209,1513840.907717,201105.3198548,2775791.6184,488107386.0,1980135.6573,345343573.0,2775791.6184,488107386.0,1980135.6573,345343573.0
2025-11-14,0.0054219,0.005459,0.0047867,0.0049049,664263505.5703,88118736,89109656,75582256,76782081,-0.035573,0.004073,-0.035573,-0.019161,-0.023589,0.005482,-0.023589,-0.011775,-0.027572,0.004324,-0.027572,-0.013958,68.87,31.13,2.21,67.11,32.89,2.04,46.67,53.33,0.88,1425459.7463871,209236.4573844,1488973.3233996,228329.5102966,2204097.383,408316333.0,1802243.2676,331104430.0,2204097.383,408316333.0,1802243.2676,331104430.0
2025-11-15,0.004905,0.0051455,0.0048926,0.0049824,255145438.5275,76782081,82739431,76782081,77790947,-0.019161,-0.000454,-0.019161,-0.002417,-0.011775,0.003701,-0.047412,0.002006,-0.013958,0.002244,-0.040729,0.000502,67.52,32.48,2.08,66.73,33.27,2.01,51.35,48.65,1.06,203555.0044365,125870.8913142,219679.1023888,128910.0311867,2571774.3988,526745217.0,1740803.8619,353415863.0,2571774.3988,526745217.0,1740803.8619,353415863.0
2025-11-16,0.0049825,0.0050521,0.0046759,0.0048658,393887862.0222,77790947,81921380,72982880,75095291,-0.002417,0.01,-0.006117,0.01,0.002006,0.010015,-0.010525,0.010013,0.000502,0.010004,-0.006221,0.010004,67.73,32.27,2.1,65.31,34.69,1.88,46.47,53.53,0.87,492573.5427138,120953.0744699,525761.1242643,128227.5488655,2319288.5679,467533654.0,1937767.6601,387527963.0,2319288.5679,467533654.0,1937767.6601,387527963.0
2025-11-17,0.0048658,0.0050703,0.0046213,0.0047167,405819767.1632,75095291,76337342,66439913,69927301,0.01,0.01,-0.005282,0.001454,0.010013,0.010013,-0.004149,0.00171,0.010004,0.010005,-0.002916,0.001884,67.33,32.67,2.06,66.0,34.0,1.94,47.0,53.0,0.89,726326.8794882,318485.1253362,741864.8963929,320173.6303588,2404965.7875,496275273.0,1825987.2165,373540547.0,2404965.7875,496275273.0,1825987.2165,373540547.0
2025-11-18,0.0047168,0.0049475,0.0046075,0.004867,341485948.3239,69927301,81142577,68259332,79890028,0.001454,0.01,0.000918,0.009785,0.00171,0.010012,-0.002947,0.009226,0.001884,0.010004,-0.001206,0.009406,68.48,31.52,2.17,67.16,32.84,2.05,48.96,51.04,0.96,280385.3025107,229284.812024,290801.0768521,229859.7942421,2507517.2043,533926279.0,1791875.5359,378191249.0,2507517.2043,533926279.0,1791875.5359,378191249.0
2025-11-19,0.0048671,0.0048933,0.0044564,0.0047637,415174175.9105,79890028,82048316,74307160,78987124,0.009785,0.01,-0.005727,0.01,0.009226,0.01001,-0.003323,0.010009,0.009406,0.010005,-0.003841,0.010004,69.16,30.84,2.24,67.71,32.29,2.1,49.15,50.85,0.97,1293470.3356059,93028.5715479,1397467.6647483,93580.4770266,2667444.9717,550474155.0,2205776.8146,451621351.0,2667444.9717,550474155.0,2205776.8146,451621351.0
2025-11-20,0.0047637,0.0049655,0.0044349,0.0044488,506391687.5419,78987124,88575328,77044919,77122322,0.01,0.01,-0.029756,-0.02824,0.010009,0.010009,-0.023039,-0.019364,0.010004,0.010004,-0.024564,-0.021615,69.47,30.53,2.28,69.23,30.77,2.25,49.84,50.16,0.99,920341.0567067,598270.5731078,963372.925098,609982.9726672,2452994.7708,517224710.0,1937203.0893,404982476.0,2452994.7708,517224710.0,1937203.0893,404982476.0
2025-11-21,0.0044489,0.0045553,0.0039555,0.0041191,770529381.5285,77122322,80268297,69922399,73115522,-0.02824,0.01,-0.032102,-0.009611,-0.019364,0.010007,-0.032321,-0.004435,-0.021615,0.010002,-0.031595,-0.00589,71.4,28.6,2.5,70.7,29.3,2.41,50.03,49.97,1.0,1083485.1117481,374364.0539367,1143450.5538909,377341.0677312,2741312.8391,619251170.0,1835855.9563,410865521.0,2741312.8391,619251170.0,1835855.9563,410865521.0
2025-11-22,0.0041192,0.0041919,0.003965,0.0041219,333931909.9418,73115522,77760659,72431628,74911782,-0.009611,0.008561,-0.009611,0.002836,-0.004435,0.009002,-0.014282,0.005662,-0.00589,0.00864,-0.012781,0.004386,68.92,31.08,2.22,67.49,32.51,2.08,48.21,51.79,0.93,204533.7564417,431260.7696895,206988.7563081,438167.1417364,1907774.7157,464825022.0,1576171.8281,380575582.0,1907774.7157,464825022.0,1576171.8281,380575582.0
2025-11-23,0.004122,0.0042497,0.0040954,0.0041602,222493742.4306,74911782,79727391,74137049,76958098,0.002836,0.01,-0.012425,-0.000023,0.005662,0.01001,-0.008493,0.00392,0.004386,0.010007,-0.009666,0.002333,68.73,31.27,2.2,67.42,32.58,2.07,44.25,55.75,0.79,159144.4540482,183802.8340115,159787.5129966,184182.1680948,2124164.0901,517782282.0,1738006.9629,419774689.0,2124164.0901,517782282.0,1738006.9629,419774689.0
2025-11-24,0.0041602,0.0046594,0.0041036,0.0045606,412205583.2604,76958098,86068895,73004634,83229736,-0.000023,0.01,-0.021336,0.01,0.00392,0.01001,-0.017027,0.010009,0.002333,0.010004,-0.018086,0.010004,70.13,29.87,2.35,68.62,31.38,2.19,42.67,57.33,0.74,130327.2243089,895202.5490567,135818.6792392,902664.2296732,2257639.4621,545229570.0,1619761.7137,387534165.0,2257639.4621,545229570.0,1619761.7137,387534165.0
2025-11-25,0.0045605,0.0046505,0.0043454,0.0045755,280338854.38,83229736,89272480,80058507,89029664,0.01,0.01,-0.012729,0.01,0.010009,0.010009,-0.009386,0.009937,0.010004,0.010004,-0.010359,0.009877,69.79,30.21,2.31,67.77,32.23,2.1,44.06,55.94,0.79,248909.1370305,275935.0519186,253529.9936017,290765.7877814,2396185.9895,527623769.0,1697353.0227,370478332.0,2396185.9895,527623769.0,1697353.0227,370478332.0
2025-11-26,0.0045755,0.004757,0.0044294,0.004695,296934165.7718,89029664,95176897,87686842,94072956,0.01,0.01,0.000336,0.01,0.009937,0.01001,-0.006392,0.009986,0.009877,0.010006,-0.00271,0.010004,70.9,29.1,2.44,70.45,29.55,2.38,46.02,53.98,0.85,240678.5627697,538752.8389841,241168.0646321,550188.7909676,2704272.6063,593345303.0,1945436.5486,423129949.0,2704272.6063,593345303.0,1945436.5486,423129949.0
2025-11-27,0.004695,0.0048454,0.004625,0.0047104,194678979.9557,94072956,100753000,93326862,97327959,0.01,0.01,-0.002486,-0.000397,0.009986,0.010011,0.000728,0.003314,0.010004,0.010005,0.000085,0.001544,71.77,28.23,2.54,71.05,28.95,2.45,46.49,53.51,0.87,124690.941733,150889.1934411,125967.5467242,154327.3202976,2196248.9881,469867258.0,1804104.5085,382615093.0,2196248.9881,469867258.0,1804104.5085,382615093.0
2025-11-28,0.0047104,0.004898,0.0045776,0.0046292,301408790.21,97327959,104263369,95870864,98452401,-0.000397,0.003283,-0.012364,-0.004847,0.003314,0.004007,-0.012824,-0.004829,0.001544,0.003096,-0.011425,-0.005006,72.79,27.21,2.68,72.41,27.59,2.63,45.05,54.95,0.82,282529.3375948,135930.200563,296249.2755802,137189.6064004,2335313.5722,498351130.0,1932039.8618,408190920.0,2335313.5722,498351130.0,1932039.8618,408190920.0
2025-11-29,0.0046292,0.0046483,0.0045027,0.0045636,167653862.7633,98452401,99260820,95930794,96545189,-0.004847,0.01,-0.016279,0.01,-0.004829,0.009985,-0.015304,0.008989,-0.005006,0.010006,-0.016071,0.008951,72.95,27.05,2.7,72.03,27.97,2.58,41.94,58.06,0.72,311314.5968029,29275.2636148,316559.3580641,29479.7283322,2440241.3388,529592542.0,1607350.429,345670199.0,2440241.3388,529592542.0,1607350.429,345670199.0
2025-11-30,0.0045636,0.0047008,0.0045219,0.004531,186633394.4704,96545189,100626562,95604241,96961961,0.01,0.01,0.00574,0.005769,0.008989,0.010012,0.002812,0.005097,0.008951,0.010011,0.005233,0.005321,72.06,27.94,2.58,71.0,29.0,2.45,42.27,57.73,0.73,155523.4478203,103118.6510201,163258.8918473,105343.019549,2346091.5228,516291098.0,1926839.1306,420436774.0,2346091.5228,516291098.0,1926839.1306,420436774.0
2025-12-01,0.004531,0.0045498,0.0039533,0.0040508,459629664.2491,96961961,97304885,77847143,80177198,0.005769,0.005769,-0.032395,-0.028921,0.005097,0.005097,-0.032465,-0.014661,0.005321,0.005321,-0.030272,-0.020551,73.51,26.49,2.78,71.97,28.03,2.57,42.21,57.79,0.73,2069789.9985225,142790.7050144,2120560.0988542,145323.8009284,2231847.8737,495148184.0,1596144.8504,350708648.0,2231847.8737,495148184.0,1596144.8504,350708648.0
2025-12-02,0.0040507,0.00464,0.0039859,0.0045651,389603618.6783,80177198,94531997,79558108,93553518,-0.028921,0.01,-0.033802,0.01,-0.014661,0.010012,-0.022562,0.010012,-0.020551,0.010004,-0.026554,0.010004,70.5,29.5,2.39,67.99,32.01,2.12,42.86,57.14,0.75,60893.011602,626342.7426234,62473.1609051,629210.9339922,2382831.3967,590905565.0,1752513.476,430923639.0,2382831.3967,590905565.0,1752513.476,430923639.0
2025-12-03,0.0045652,0.0048688,0.0045436,0.0048007,415355641.5004,93553518,108652834,93099691,107394010,0.01,0.01,0.01,0.01,0.010012,0.010012,0.009618,0.009618,0.010004,0.010004,0.009485,0.009485,65.45,34.55,1.89,62.7,37.3,1.68,43.68,56.32,0.78,160042.4182021,692996.4897412,165161.3279529,709162.773728,2581999.4893,568244988.0,2523569.8722,550531798.0,2581999.4893,568244988.0,2523569.8722,550531798.0
2025-12-04,0.0048008,0.0049379,0.0046861,0.0047621,318423257.8615,107394010,111127090,105398229,108179297,0.01,0.01,0.01,0.01,0.009618,0.010008,0.007053,0.008838,0.009485,0.010005,0.007946,0.008734,70.62,29.38,2.4,70.52,29.48,2.39,42.43,57.57,0.74,468414.3345156,376316.5652754,472529.9433741,380021.0688576,2192516.7757,458957548.0,2027280.308,420119855.0,2192516.7757,458957548.0,2027280.308,420119855.0
2025-12-05,0.004762,0.004827,0.0043079,0.0043895,320657504.5762,108179297,109448116,91532111,92315933,0.01,0.01,-0.033788,-0.026915,0.008838,0.0097,-0.03089,-0.020579,0.008734,0.009573,-0.031983,-0.022649,68.59,31.41,2.18,69.27,30.73,2.25,45.46,54.54,0.83,751395.028655,1146356.9492789,771481.2867031,1149320.7839395,2321714.1083,489497132.0,1880827.6803,393486050.0,2321714.1083,489497132.0,1880827.6803,393486050.0
2025-12-06,0.0043895,0.0045686,0.0043304,0.0045112,188391412.5122,92315933,99808397,91923725,98633827,-0.026915,0.006883,-0.026915,0.006457,-0.020579,0.007916,-0.020579,0.007657,-0.022649,0.007534,-0.022649,0.007224,70.36,29.64,2.37,69.99,30.01,2.33,44.15,55.85,0.79,178969.2438935,145203.7984405,180557.4553259,147133.0190395,2391597.1668,547211599.0,1755559.124,398199691.0,2391597.1668,547211599.0,1755559.124,398199691.0
2025-12-07,0.0045113,0.0045984,0.0042972,0.004424,299871947.7156,98633827,100826904,91921915,95690640,0.006457,0.01,-0.009059,-0.008885,0.007657,0.010011,-0.008112,-0.007944,0.007224,0.010005,-0.008332,-0.008201,70.86,29.14,2.43,68.36,31.64,2.16,41.85,58.15,0.72,466906.2976255,209410.0603353,477852.0030432,212037.8606794,1777976.6303,395609531.0,1625615.0439,358559744.0,1777976.6303,395609531.0,1625615.0439,358559744.0
2025-12-08,0.0044241,0.0050402,0.004403,0.0047504,427553137.142,95690640,117247844,95351552,107095928,-0.008885,0.01,-0.012039,0.01,-0.007944,0.010011,-0.01601,0.009951,-0.008201,0.010005,-0.013818,0.009929,71.51,28.49,2.51,69.31,30.69,2.26,43.48,56.52,0.77,493537.3148212,660375.5029882,496522.595327,670755.3861935,1967842.029,446742300.0,1567486.9594,352824138.0,1967842.029,446742300.0,1567486.9594,352824138.0
2025-12-09,0.0047504,0.0050631,0.0045531,0.0049489,445491425.7132,107095928,113253695,100331549,111433100,0.01,0.01,-0.017918,0.01,0.009951,0.01001,-0.015106,0.01001,0.009929,0.010004,-0.014909,0.010003,71.17,28.83,2.47,71.16,28.84,2.47,43.29,56.71,0.76,721797.5132819,751461.290681,726765.7513982,756778.324587,2015790.8046,426458101.0,1622206.6866,340001050.0,2015790.8046,426458101.0,1622206.6866,340001050.0
2025-12-10,0.0049488,0.004966,0.0046152,0.0046437,441439590.9548,111433100,111600719,100655557,100655557,0.01,0.01,-0.024132,0.01,0.01001,0.01001,-0.021096,0.009541,0.010003,0.010003,-0.022466,0.009426,70.92,29.08,2.44,71.01,28.99,2.45,46.41,53.59,0.87,1272470.8715144,384645.2319307,1276358.1335344,387779.194006,2243017.1692,454727020.0,1793982.6335,360442722.0,2243017.1692,454727020.0,1793982.6335,360442722.0
2025-12-11,0.0046438,0.0046993,0.0043688,0.0045938,320891815.4044,100655557,102057671,96889776,98425998,0.01,0.01,-0.028975,0.01,0.009541,0.00962,-0.028225,0.00962,0.009426,0.009495,-0.028596,0.009495,74.45,25.55,2.91,73.57,26.43,2.78,42.85,57.15,0.75,668479.8111529,103116.1218801,727032.2999117,104536.4860242,1898134.6027,411292712.0,1612435.8259,346225103.0,1898134.6027,411292712.0,1612435.8259,346225103.0
2025-12-12,0.0045937,0.0046501,0.0042064,0.0043264,303664057.8634,98425998,99496704,89419861,91076797,0.01,0.01,-0.030357,-0.020228,0.00962,0.009948,-0.023707,-0.009728,0.009495,0.009921,-0.02544,-0.013447,71.08,28.92,2.46,68.14,31.86,2.14,40.71,59.29,0.69,863503.5353374,79869.8231862,886808.7663736,82595.3505467,1997763.7727,436760492.0,1720723.7877,373011207.0,1997763.7727,436760492.0,1720723.7877,373011207.0
2025-12-13,0.0043265,0.004445,0.0043233,0.0043795,139703729.9328,91076797,92125561,89345661,89745436,-0.020228,0.01,-0.02054,0.01,-0.009728,0.010012,-0.010939,0.009614,-0.013447,0.010005,-0.01392,0.009612,70.46,29.54,2.39,68.62,31.38,2.19,43.17,56.83,0.76,301352.0986411,134988.825369,301606.7373894,136296.5107363,2183127.4948,506585463.0,1970309.9872,452841977.0,2183127.4948,506585463.0,1970309.9872,452841977.0
2025-12-14,0.0043796,0.0044066,0.0040978,0.0041704,212454105.5397,89745436,90100708,87279803,88384320,0.01,0.01,-0.032652,-0.006197,0.009614,0.009614,-0.023234,-0.004358,0.009612,0.009612,-0.025998,-0.004993,67.04,32.96,2.03,64.99,35.01,1.86,43.32,56.68,0.76,726514.3170636,14606.7388868,739996.9658567,14836.5168106,2399232.2805,549950805.0,1905787.487,433300169.0,2399232.2805,549950805.0,1905787.487,433300169.0
2025-12-15,0.0041704,0.0043729,0.0039228,0.0040666,347963139.029,88384320,94429278,86100748,87785228,-0.006197,0.009081,-0.039849,-0.030497,-0.004358,0.009364,-0.033585,-0.023106,-0.004993,0.009214,-0.035706,-0.025955,65.83,34.17,1.93,63.62,36.38,1.75,44.77,55.23,0.81,750816.6423123,111169.0767834,796538.6062232,118448.0230574,2255195.847,543182583.0,1680179.9537,401161388.0,2255195.847,543182583.0,1680179.9537,401161388.0
2025-12-16,0.0040666,0.0041504,0.0039416,0.0040928,269479687.2066,87785228,88766854,81417634,81587007,-0.030497,0.00001,-0.030497,-0.0053,-0.023106,0.001677,-0.034566,-0.009491,-0.025955,0.000389,-0.026594,-0.008159,68.13,31.87,2.14,64.73,35.27,1.84,42.8,57.2,0.75,168846.5262192,74261.7719692,172454.681221,80674.1136365,2075788.5331,512945010.0,1809715.3655,443159794.0,2075788.5331,512945010.0,1809715.3655,443159794.0
2025-12-17,0.0040929,0.0042548,0.0038408,0.0039006,345620486.2551,81587007,84211586,72027862,73376337,-0.0053,0.01,-0.035168,-0.0299,-0.009491,0.009669,-0.030584,-0.024273,-0.008159,0.009691,-0.031744,-0.026326,67.47,32.53,2.07,63.49,36.51,1.74,47.88,52.12,0.92,881390.2398126,183864.165517,898533.5073663,184890.5072979,2181297.0218,535167667.0,1839366.7166,447568267.0,2181297.0218,535167667.0,1839366.7166,447568267.0
2025-12-18,0.0039006,0.0040063,0.0036334,0.003715,412731707.403,73376337,78661561,62682233,62975342,-0.0299,0.01,-0.0299,0.009232,-0.024273,0.009889,-0.024273,0.009077,-0.026326,0.009878,-0.026326,0.009086,67.27,32.73,2.06,64.16,35.84,1.79,48.93,51.07,0.96,921030.5363293,168171.9361444,960366.7447169,215164.412978,2120715.4877,546299911.0,1602130.7241,408956221.0,2120715.4877,546299911.0,1602130.7241,408956221.0
2025-12-19,0.0037151,0.004178,0.003661,0.0041123,368594872.6128,62975342,69338940,61987085,68555485,0.009232,0.01,0.002001,0.01,0.009077,0.01001,-0.000208,0.01001,0.009086,0.010004,0.001119,0.010004,64.99,35.01,1.86,62.49,37.51,1.67,48.85,51.15,0.96,117784.0133905,421341.7460019,124030.103743,428590.7249489,2076010.6664,561575804.0,1745988.7358,468081885.0,2076010.6664,561575804.0,1745988.7358,468081885.0
2025-12-20,0.0041124,0.0041462,0.0040432,0.0040751,144320174.7064,68632922,70702440,68063994,68502892,0.01,0.01,0.000286,0.01,0.01001,0.01001,-0.004398,0.009894,0.010004,0.010005,-0.000931,0.00989,62.86,37.14,1.69,60.64,39.36,1.54,49.37,50.63,0.98,53912.7804521,11287.9935454,54114.8282841,11475.1563516,2184111.2873,533729642.0,1745832.9593,422842445.0,2184111.2873,533729642.0,1745832.9593,422842445.0
2025-12-21,0.0040751,0.0041167,0.0039426,0.004024,188997633.4937,68502892,68502892,68502892,68502892,0.01,0.01,-0.009224,0.01,0.009894,0.010014,-0.006605,0.010014,0.00989,0.010008,-0.005981,0.010008,65.72,34.28,1.92,64.51,35.49,1.82,48.0,52.0,0.92,221600.3494389,66579.3073198,222709.080785,68954.269313,2271996.8379,559871194.0,1589857.0687,388442490.0,2271996.8379,559871194.0,1589857.0687,388442490.0
2025-12-22,0.004024,0.0041448,0.0039132,0.0040204,255012210.9486,68825627,71593250,67097665,68045679,0.01,0.01,-0.014001,-0.000294,0.010014,0.010014,-0.013543,0.004343,0.010008,0.010008,-0.013444,0.00229,65.97,34.03,1.94,64.58,35.42,1.82,50.21,49.79,1.01,260006.0323927,139424.9436281,261009.8188177,141145.9769629,1811652.4009,452538189.0,1446690.4913,357926305.0,1811652.4009,452538189.0,1446690.4913,357926305.0
2025-12-23,0.0040204,0.0040572,0.0038608,0.0039339,230606572.7888,68045679,69309546,66281297,66778035,-0.000294,0.01,-0.000294,0.01,0.004343,0.010014,-0.008924,0.009821,0.00229,0.010007,-0.005012,0.009775,64.88,35.12,1.85,62.57,37.43,1.67,51.7,48.3,1.07,163469.4571885,168889.393332,174707.4098353,168889.393332,2083411.5974,521065617.0,1783096.6166,442133238.0,2083411.5974,521065617.0,1783096.6166,442133238.0
2025-12-24,0.003934,0.0039726,0.0038386,0.0039259,165182254.2949714,66778035,66778035,66778035,66778035,0.01,0.01,-0.016791,0.01,0.00623,0.010012,-0.014221,0.01001,0.009775,0.009775,0.009775,0.009775,65.42,34.58,1.89,62.85,37.15,1.69,55.16,44.84,1.23,185782.1,28845.03,223441.88,28878.47,2158353.1914,550913841.0,1717911.5493,434852620.0,2158353.1914,550913841.0,1717911.5493,434852620.0
