timestamp,price,lth_sopr,sth_sopr
2010-07-13,0.06183332,,1.0
2010-07-14,0.05815725,,1.0
2010-07-15,0.05640261,1.03883104,
2010-07-16,0.05800138,1.03228618,
2010-07-17,0.0664999,1.03412285,
2010-07-18,0.06608795,121.43280258,
2010-07-19,0.07879913,121.35028811,
2010-07-20,0.07413588,121.34618162,
2010-07-21,0.07193466,94.70225233,
2010-07-22,0.07417871,94.05519177,
2010-07-23,0.0588808,83.59207316,
2010-07-24,0.0626421,83.86113927,
2010-07-25,0.06976299,83.80997398,
2010-07-26,0.06903911,81.11725436,
2010-07-27,0.06294483,68.88211339,
2010-07-28,0.06798962,82.27658419,
2010-07-29,0.06785855,81.76917139,
2010-07-30,0.06373855,82.25432874,
2010-07-31,0.06367021,80.9561565,
2010-08-01,0.06970508,66.30264206,
2010-08-02,0.06044506,66.49607647,
2010-08-03,0.05998519,66.438047,
2010-08-04,0.05997899,68.1102897,
2010-08-05,0.05960335,67.8232493,
2010-08-06,0.06076835,86.99475995,
2010-08-07,0.06115977,65.57361121,
2010-08-08,0.05967849,69.92941715,
2010-08-09,0.06084069,99.00034267,
2010-08-10,0.06612978,100.12146529,
2010-08-11,0.06572198,100.29832293,
2010-08-12,0.06330224,100.71593301,
2010-08-13,0.06134036,100.55008536,
2010-08-14,0.06290812,100.76159212,
2010-08-15,0.06318722,100.11704357,
2010-08-16,0.07745849,100.29276224,
2010-08-17,0.09426671,100.09752658,
2010-08-18,0.06118207,94.83127819,
2010-08-19,0.06809194,94.43603552,
2010-08-20,0.06994254,94.80377085,
2010-08-21,0.06581683,92.6644951,
2010-08-22,0.06833647,92.3838459,
2010-08-23,0.06782906,92.2186575,
2010-08-24,0.06683719,92.2742177,
2010-08-25,0.06611096,92.5279121,
2010-08-26,0.06833609,92.7463488,
2010-08-27,0.06946493,90.66761589,
2010-08-28,0.06650665,90.23823599,
2010-08-29,0.0667281,90.42070498,
2010-08-30,0.06071818,90.70202818,
2010-08-31,0.06609732,87.9753565,
2010-09-01,0.06806474,88.1265327,
2010-09-02,0.06252651,88.069938,
2010-09-03,0.06245932,70.6939788,
2010-09-04,0.06021975,70.92439726,
2010-09-05,0.0599639,86.0313171,
2010-09-06,0.06038112,85.5059326,
2010-09-07,0.06079001,85.9196974,
2010-09-08,0.06027728,85.5319758,
2010-09-09,0.0599086,85.5298318,
2010-09-10,0.06050717,85.8722364,
2010-09-11,0.06017494,85.559413,
2010-09-12,0.06340796,85.6952611,
2010-09-13,0.06011416,85.6554686,
2010-09-14,0.06105726,85.936975,
2010-09-15,0.06080235,83.90540366,
2010-09-16,0.0805732,86.38295954,
2010-09-17,0.09079794,156.0455585,
2010-09-18,0.05908685,155.28031545,
2010-09-19,0.06071987,87.17874504,
2010-09-20,0.06011121,87.21643002,
2010-09-21,0.0607776,87.12281098,
2010-09-22,0.0601967,86.74455405,
2010-09-23,0.06170115,87.04788329,
2010-09-24,0.06047148,87.01095638,
2010-09-25,0.06081925,86.45836251,
2010-09-26,0.06069929,86.97703763,
2010-09-27,0.06098513,86.42971767,
2010-09-28,0.0609233,163.13194466,
2010-09-29,0.06133085,68.64872487,
2010-09-30,0.06025938,68.74456298,
2010-10-01,0.06202535,57.82181027,
2010-10-02,0.06042745,57.85862889,
2010-10-03,0.06013844,57.68973925,
2010-10-04,0.06045428,94.54760323,
2010-10-05,0.06092591,85.21697724,
2010-10-06,0.06092316,85.35103612,
2010-10-07,0.06270507,93.46921138,
2010-10-08,0.06582946,124.67190716,
2010-10-09,0.080371,130.76633748,
2010-10-10,0.09873345,130.89128456,
2010-10-11,0.11345086,150.57812793,
2010-10-12,0.11766384,137.31475033,
2010-10-13,0.11892197,146.73394985,
2010-10-14,0.10430046,144.41773461,
2010-10-15,0.10072117,149.14744271,
2010-10-16,0.10602316,140.2497254,
2010-10-17,0.10194793,141.85651291,
2010-10-18,0.1054724,141.6225652,
2010-10-19,0.1014436,141.54617712,
2010-10-20,0.09889042,141.76684828,
2010-10-21,0.0993304,148.69429797,
2010-10-22,0.10189671,148.52575835,
2010-10-23,0.10959341,148.64988992,
2010-10-24,0.11000634,167.02889673,
2010-10-25,0.12713443,166.38562226,
2010-10-26,0.15366604,166.21123133,
2010-10-27,0.15463818,271.1062212,
2010-10-28,0.18929337,240.26211982,
2010-10-29,0.1744869,263.65803232,
2010-10-30,0.19008669,263.62880831,
2010-10-31,0.19356272,267.35592088,
2010-11-01,0.19181494,271.602095,
2010-11-02,0.19649184,272.8193889,
2010-11-03,0.1944637,271.25467787,
2010-11-04,0.19737072,271.47594424,
2010-11-05,0.24133692,361.50455539,
2010-11-06,0.24713548,362.56115086,
2010-11-07,0.32820258,471.76935892,
2010-11-08,0.34056142,337.8772239,
2010-11-09,0.43840529,296.01919143,
2010-11-10,0.22432389,295.61676532,
2010-11-11,0.31358503,309.81787422,
2010-11-12,0.23283656,374.0280898,
2010-11-13,0.25838165,372.4804086,
2010-11-14,0.27071671,394.57410672,
2010-11-15,0.2952383,373.91521229,
2010-11-16,0.28712962,329.26337667,
2010-11-17,0.22833879,330.80899698,
2010-11-18,0.27075377,331.41085219,
2010-11-19,0.27888182,330.01218299,
2010-11-20,0.28690538,393.5489946,
2010-11-21,0.28051043,385.97725549,
2010-11-22,0.28250962,386.59330532,
2010-11-23,0.28757612,394.81557642,
2010-11-24,0.28040667,407.76931208,
2010-11-25,0.28655238,390.94006999,
2010-11-26,0.28001665,1191.42358623,
2010-11-27,0.28250885,579.85682569,
2010-11-28,0.28313618,583.00510835,
2010-11-29,0.27014513,582.66945888,
2010-11-30,0.25858757,292.34345232,
2010-12-01,0.21575395,316.35093192,
2010-12-02,0.24818038,354.14979227,
2010-12-03,0.24043004,355.40295753,
2010-12-04,0.25027539,286.07227823,
2010-12-05,0.24121753,284.98456676,
2010-12-06,0.21094287,285.63534181,
2010-12-07,0.22759612,338.4753891,
2010-12-08,0.23111195,333.6062738,
2010-12-09,0.23673102,279.27300554,
2010-12-10,0.21324634,285.76143155,
2010-12-11,0.21259729,317.73763368,
2010-12-12,0.21552626,324.8128712,
2010-12-13,0.22405832,325.99293065,
2010-12-14,0.2299656,342.34576396,
2010-12-15,0.24088325,332.19484181,
2010-12-16,0.23706696,349.0243836,
2010-12-17,0.24995453,348.57769542,
2010-12-18,0.24552352,336.17627424,
2010-12-19,0.24349137,336.05713976,
2010-12-20,0.24440116,427.37435495,
2010-12-21,0.26518131,333.35061886,
2010-12-22,0.267489,349.2973927,
2010-12-23,0.2683622,224.51067678,
2010-12-24,0.25281543,224.94061422,
2010-12-25,0.24874559,346.73922811,
2010-12-26,0.24997348,376.5449816,
2010-12-27,0.26037419,368.58542635,
2010-12-28,0.27020572,367.97343424,
2010-12-29,0.27425745,6.92152215,
2010-12-30,0.29557189,5.95115851,
2010-12-31,0.29990545,5.94514637,
2011-01-01,0.29992893,417.27954625,
2011-01-02,0.30026384,22.10173719,
2011-01-03,0.30013702,6.96767041,
2011-01-04,0.29722666,4.89966842,
2011-01-05,0.30077296,25.1996356,
2011-01-06,0.29918587,413.74933909,
2011-01-07,0.29962122,456.35619355,
2011-01-08,0.31565733,448.14817527,
2011-01-09,0.32168196,17.81629469,
2011-01-10,0.32166059,11.4525232,
2011-01-11,0.32359144,453.79392943,
2011-01-12,0.32752198,14.88966461,
2011-01-13,0.33043849,8.17646357,
2011-01-14,0.3325928,83.87807659,
2011-01-15,0.4167296,83.86574522,
2011-01-16,0.39888188,6.01328497,
2011-01-17,0.39127615,22.85398081,
2011-01-18,0.37911325,435.44987178,
2011-01-19,0.31856292,18.54206223,
2011-01-20,0.3267831,18.51748525,
2011-01-21,0.35884855,18.60444542,
2011-01-22,0.38759435,13.856973,
2011-01-23,0.44249719,128.6438934,
2011-01-24,0.43111394,6.25928216,
2011-01-25,0.42306448,6.24601209,
2011-01-26,0.4260145,14.83473209,
2011-01-27,0.4184157,9.82829384,
2011-01-28,0.42104254,36.51324202,
2011-01-29,0.44597558,166.21570615,
2011-01-30,0.44879865,667.5842393,
2011-01-31,0.47202438,7.45277266,
2011-02-01,0.51766005,35.15651862,
2011-02-02,0.69284926,12.42396917,
2011-02-03,0.79698998,12.11324253,
2011-02-04,0.72606859,29.57536011,
2011-02-05,0.80891964,11.80670643,
2011-02-06,0.91648317,36.3769973,
2011-02-07,0.90880875,67.41402698,
2011-02-08,0.90339333,166.85595214,
2011-02-09,0.91583113,51.16657159,
2011-02-10,1.00040517,22.29362691,
2011-02-11,0.9799584,55.53445059,
2011-02-12,1.0748652,19.45488241,
2011-02-13,1.03396843,55.86021943,
2011-02-14,1.05401313,218.9548218,
2011-02-15,1.0783135,34.5538557,
2011-02-16,1.07064245,22.3600183,
2011-02-17,1.06373113,89.18602965,
2011-02-18,1.04876347,22.04316421,
2011-02-19,0.91305807,27.92309044,
2011-02-20,0.99200338,13.86705691,
2011-02-21,0.87391339,16.01268315,
2011-02-22,0.91387312,81.43494282,
2011-02-23,0.87632091,299.76731284,
2011-02-24,0.89505895,295.82303168,
2011-02-25,0.98884074,49.0689582,
2011-02-26,0.95859491,91.50821335,
2011-02-27,0.99784392,53.31794322,
2011-02-28,0.90891282,34.43510302,
2011-03-01,0.86738661,16.77361499,
2011-03-02,0.94020426,137.48200739,
2011-03-03,0.94170505,20.91338495,
2011-03-04,0.94832853,24.87171932,
2011-03-05,0.90351601,44.4334312,
2011-03-06,0.91003854,1024.26886368,
2011-03-07,0.91472888,29.47477191,
2011-03-08,0.88752454,57.19563597,
2011-03-09,0.88708104,18.69893348,
2011-03-10,0.89040084,23.30625699,
2011-03-11,0.93113047,137.3751299,
2011-03-12,0.88368851,1275.05625043,
2011-03-13,0.92201252,26.32081164,
2011-03-14,0.91457115,14.49416958,
2011-03-15,0.90648269,133.31139888,
2011-03-16,0.89924127,208.27525872,
2011-03-17,0.88048417,95.37320029,
2011-03-18,0.86968399,13.33509543,
2011-03-19,0.86636842,889.29890722,
2011-03-20,0.82501976,893.98053595,
2011-03-21,0.81061723,323.31756332,
2011-03-22,0.77908522,46.35652697,
2011-03-23,0.79554511,49.42431048,
2011-03-24,0.84060031,11.7392666,
2011-03-25,0.86450759,669.88289396,
2011-03-26,0.89945396,10.18483902,
2011-03-27,0.87141371,12.09773275,
2011-03-28,0.88722045,209.56057441,
2011-03-29,0.87510185,36.76113879,
2011-03-30,0.81913814,20.3992905,
2011-03-31,0.79902333,1054.89367324,
2011-04-01,0.79077113,1457.1365717,
2011-04-02,0.77945294,1466.24139544,
2011-04-03,0.78703583,17.45025007,
2011-04-04,0.78913511,10.57787141,
2011-04-05,0.71389595,88.08577853,
2011-04-06,0.76103243,28.35066967,
2011-04-07,0.73606753,175.88963547,
2011-04-08,0.75202048,37.15016913,
2011-04-09,0.75014057,15.3632318,
2011-04-10,0.73792301,9.4342249,
2011-04-11,0.76177672,44.77296934,
2011-04-12,0.76724387,286.8169174,
2011-04-13,0.82264364,21.22453302,
2011-04-14,0.92180482,51.3704708,
2011-04-15,0.99428932,118.64266306,
2011-04-16,0.98072591,10.69945713,
2011-04-17,1.06668408,67.5161876,
2011-04-18,1.10921441,22.92002,
2011-04-19,1.13817646,234.86256115,
2011-04-20,1.19994596,12.40682508,
2011-04-21,1.17503007,66.7309369,
2011-04-22,1.20889653,56.18010659,
2011-04-23,1.33104621,42.55791344,
2011-04-24,1.45109771,27.44888446,
2011-04-25,1.63315718,60.97361281,
2011-04-26,1.56645258,30.25444728,
2011-04-27,1.76608635,56.87658009,
2011-04-28,1.80656316,49.1421014,
2011-04-29,2.1483243,272.7571133,
2011-04-30,2.83356696,133.57608347,
2011-05-01,3.44400786,92.8292891,
2011-05-02,3.60135807,173.38705244,
2011-05-03,3.57914073,46.48694833,
2011-05-04,3.43358837,43.21354968,
2011-05-05,3.50772212,156.07812836,
2011-05-06,3.42978791,36.52927617,
2011-05-07,3.52818719,338.3340574,
2011-05-08,3.63511409,42.92538656,
2011-05-09,3.81669282,47.96498954,
2011-05-10,3.81913639,302.6793427,
2011-05-11,5.30573076,64.50041483,
2011-05-12,5.47509072,34.23662011,
2011-05-13,6.23240468,1136.35902048,
2011-05-14,6.66578319,140.70310329,
2011-05-15,7.67898375,126.26457804,
2011-05-16,8.28965987,228.58769347,
2011-05-17,8.34664659,202.2287493,
2011-05-18,8.22491524,77.19580515,
2011-05-19,7.30695279,99.64256199,
2011-05-20,7.57683609,47.02362662,
2011-05-21,5.71974742,729.27542165,
2011-05-22,6.83460828,614.51815626,
2011-05-23,6.66399593,75.26847843,
2011-05-24,7.09763158,65.7119306,
2011-05-25,7.40153959,67.06636194,
2011-05-26,7.72422581,105.03143724,
2011-05-27,8.11823384,741.59756525,
2011-05-28,9.13892587,375.80967359,
2011-05-29,8.36819617,237.17960385,
2011-05-30,8.5699695,67.34958376,
2011-05-31,8.6829238,118.75299921,
2011-06-01,8.77558159,233.20297157,
2011-06-02,9.53299558,330.77815451,
2011-06-03,10.09946788,1301.59558016,
2011-06-04,13.08102038,345.23412043,
2011-06-05,18.40433397,290.3110939,
2011-06-06,17.50673502,772.71393042,
2011-06-07,18.93026088,527.1238051,
2011-06-08,21.13505534,208.66033407,
2011-06-09,25.36202221,269.89678139,
2011-06-10,30.05878445,792.29964919,
2011-06-11,26.35461508,872.96386492,
2011-06-12,28.65654635,551.9947605,
2011-06-13,26.47853496,3688.18029908,
2011-06-14,20.96406209,11017.56562979,
2011-06-15,22.93408304,78.73011315,
2011-06-16,20.64287698,964.76573978,
2011-06-17,19.71683446,144.490237,
2011-06-18,16.8545127,192.79290346,
2011-06-19,18.43605531,169.5710181,
2011-06-20,17.56385393,190.40744713,
2011-06-21,18.21207322,248.9145745,
2011-06-22,17.06723291,87.1911298,
2011-06-23,15.58653731,574.57297453,
2011-06-24,15.48343808,1069.31369178,
2011-06-25,17.05493511,284.8146683,
2011-06-26,17.13772614,283.16074955,
2011-06-27,17.1871092,63.17206173,
2011-06-28,17.51040672,541.61628055,
2011-06-29,17.16522231,164.34501178,
2011-06-30,16.89713299,88.8047572,
2011-07-01,16.13980162,177.02551109,
2011-07-02,17.1703497,98.36195959,
2011-07-03,16.51853297,482.1205341,
2011-07-04,15.72758153,265.98187685,
2011-07-05,14.05093583,5235.0781457,
2011-07-06,14.25931844,282.08370196,
2011-07-07,15.23191168,63.69841819,
2011-07-08,14.81267971,638.6932601,
2011-07-09,15.4250133,247.0323592,
2011-07-10,15.02849536,170.3270881,
2011-07-11,15.153064,261.74238268,
2011-07-12,14.84693882,52.67744586,
2011-07-13,14.1312381,104.02509665,
2011-07-14,14.12281612,250.64562486,
2011-07-15,14.08834829,59.38855454,
2011-07-16,14.03616685,318.41979339,
2011-07-17,13.86845904,86.608533,
2011-07-18,13.92923436,119.2071724,
2011-07-19,13.62549498,30.62091058,
2011-07-20,13.8630762,40.49539989,
2011-07-21,13.76286198,156.72555247,
2011-07-22,13.8488476,45.74070356,
2011-07-23,13.89213455,518.3346498,
2011-07-24,13.7929934,21.22521469,
2011-07-25,13.92678203,251.62884726,
2011-07-26,14.10890707,78.42773329,
2011-07-27,14.49818448,24.46388097,
2011-07-28,13.95170335,34.92786922,
2011-07-29,13.50026079,33.83756556,
2011-07-30,13.79424368,523.52975444,
2011-07-31,13.62899667,91.02493601,
2011-08-01,13.43167487,61.64951092,
2011-08-02,13.31494136,180.28858237,
2011-08-03,12.83220976,33.2074,
2011-08-04,12.17711547,75.11955766,
2011-08-05,12.32563945,83.22006565,
2011-08-06,11.03996983,9.22001908,
2011-08-07,7.50879091,14.97734153,
2011-08-08,8.78619657,20.72607406,
2011-08-09,8.49011886,63.5033425,
2011-08-10,9.77741153,220.74427935,
2011-08-11,10.12057185,139.07910318,
2011-08-12,10.30246403,32.15617708,
2011-08-13,9.85110013,15.09820739,
2011-08-14,10.01572145,12.6259654,
2011-08-15,10.34628916,39.02225997,
2011-08-16,11.18246422,114.17772373,
2011-08-17,11.53320233,24.08282107,
2011-08-18,11.27299114,78.3173814,
2011-08-19,11.33857341,86.7122852,
2011-08-20,11.70022188,15.15816486,
2011-08-21,11.47885295,39.63854904,
2011-08-22,11.4239971,80.8121487,
2011-08-23,11.23728678,138.65437709,
2011-08-24,11.47431705,39.469728,
2011-08-25,11.32941003,26.41188321,
2011-08-26,11.20406092,27.26961684,
2011-08-27,8.88387158,308.61055922,
2011-08-28,9.30084387,88.58336202,
2011-08-29,9.15261711,36.40140694,
2011-08-30,9.45018704,11.81582134,
2011-08-31,9.37596679,10.86315,
2011-09-01,9.04501088,13.74030749,
2011-09-02,8.43265459,111.10384008,
2011-09-03,8.50675586,16.14721369,
2011-09-04,8.50472743,26.35418474,
2011-09-05,8.36284254,134.88174585,
2011-09-06,7.96668138,24.10065036,
2011-09-07,8.20339209,10.74644306,
2011-09-08,7.54509838,11.64440062,
2011-09-09,6.71018373,9.38460078,
2011-09-10,7.14874193,22.02829304,
2011-09-11,4.82607803,9.52160507,
2011-09-12,6.27853708,48.11537488,
2011-09-13,6.62584687,7.42764876,
2011-09-14,5.95676473,10.01731904,
2011-09-15,5.9266074,11.62249098,
2011-09-16,5.1834211,6.53151841,
2011-09-17,4.84360455,784.64714783,
2011-09-18,5.07406728,5.72120895,
2011-09-19,5.09011039,10.46310101,
2011-09-20,5.28873551,69.27049534,
2011-09-21,6.09621461,10.07078814,
2011-09-22,5.91505739,9.4030821,
2011-09-23,5.72546009,102.2701201,
2011-09-24,5.6919291,6.6366045,
2011-09-25,5.69036641,6.48942315,
2011-09-26,5.41350616,5.39990119,
2011-09-27,5.14351989,2111.57590429,
2011-09-28,5.15892782,3.11775594,
2011-09-29,5.07826107,4.8629395,
2011-09-30,4.90148141,9835.69797021,
2011-10-01,5.09663182,12.6012561,
2011-10-02,5.27209216,5.2984778,
2011-10-03,5.18367179,27.71913186,
2011-10-04,5.0634274,4.29839967,
2011-10-05,5.05790421,6.68747908,
2011-10-06,4.94343992,62.3100029,
2011-10-07,4.77461522,9.5785987,
2011-10-08,4.34713193,1.60538511,
2011-10-09,4.07142208,99.03225147,
2011-10-10,4.52749068,34.2586494,
2011-10-11,4.16531928,1.56653364,
2011-10-12,4.19045557,4.6305256,
2011-10-13,4.15188813,21.71997677,
2011-10-14,4.05829383,4.82617452,
2011-10-15,4.14541464,4.71062482,
2011-10-16,3.86427514,45.18238386,
2011-10-17,3.59044162,2.25589364,
2011-10-18,2.78230124,1.06361867,
2011-10-19,3.42669227,0.49314862,
2011-10-20,2.39854317,0.51353322,
2011-10-21,2.36199244,3.98948639,
2011-10-22,2.555228,18.19215458,
2011-10-23,3.0099064,1.7550857,
2011-10-24,3.17626731,1.01322784,
2011-10-25,3.26596142,0.53806383,
2011-10-26,3.07883941,2.25760913,
2011-10-27,2.86331653,19.63221558,
2011-10-28,3.02217686,3.31689304,
2011-10-29,3.15010121,2.72630832,
2011-10-30,3.41041361,12.78597889,
2011-10-31,3.62200013,2.80971232,
2011-11-01,3.32319125,2.44939339,
2011-11-02,3.24654894,0.75250044,
2011-11-03,3.36236864,196.57275821,
2011-11-04,3.32968561,23.3809877,
2011-11-05,3.15048308,1.00095318,
2011-11-06,3.16005332,0.63669765,
2011-11-07,2.97102251,3.14510836,
2011-11-08,3.01646983,2.2204905,
2011-11-09,3.04605956,17.33004773,
2011-11-10,3.03333682,9.55935386,
2011-11-11,2.87866192,0.4535166,
2011-11-12,3.05342891,3.19781818,
2011-11-13,3.02275524,0.66371415,
2011-11-14,3.08118786,5.51384693,
2011-11-15,2.51920483,3.90900111,
2011-11-16,2.76189701,6.3506759,
2011-11-17,2.6597066,5.84843027,
2011-11-18,2.25443307,0.25775345,
2011-11-19,2.0528665,0.32297698,
2011-11-20,2.32447425,6.81870061,
2011-11-21,2.30681443,0.53252471,
2011-11-22,2.35439103,0.65689803,
2011-11-23,2.32638949,1.03611533,
2011-11-24,2.34460206,5.8162495,
2011-11-25,2.40400393,2.19130295,
2011-11-26,2.50554266,0.18611637,
2011-11-27,2.52849877,0.21716643,
2011-11-28,2.48932774,0.15514591,
2011-11-29,2.52508923,1.90636977,
2011-11-30,2.68364782,2.0971114,
2011-12-01,2.96967734,2.33053858,
2011-12-02,3.05267965,0.32545059,
2011-12-03,3.124731,0.25140027,
2011-12-04,2.96377113,1.67912764,
2011-12-05,2.90434878,0.30102461,
2011-12-06,2.94745311,0.1632774,
2011-12-07,2.96458832,0.17173386,
2011-12-08,3.00321591,8.58227176,
2011-12-09,3.07503158,0.2260049,
2011-12-10,3.08623049,0.34570054,
2011-12-11,3.05142735,4.17769887,
2011-12-12,3.23943809,0.18980859,
2011-12-13,3.28709933,0.25734494,
2011-12-14,3.26914225,0.23675202,
2011-12-15,3.21151236,0.29476091,
2011-12-16,3.24503792,1.34304676,
2011-12-17,3.21281985,0.28496327,
2011-12-18,3.21244558,0.15486091,
2011-12-19,3.21737988,1.96415012,
2011-12-20,3.48726247,0.75587357,
2011-12-21,3.91429352,0.31382295,
2011-12-22,4.1772704,0.45011925,
2011-12-23,4.05806214,0.51659988,
2011-12-24,3.98509466,0.29955991,
2011-12-25,3.9532774,0.25773865,
2011-12-26,4.10132225,1.00355423,
2011-12-27,4.27891018,0.27058882,
2011-12-28,4.14726987,1.09473456,
2011-12-29,4.18252014,0.5284102,
2011-12-30,4.17119927,0.74165253,
2011-12-31,4.32073042,0.61037396,
2012-01-01,4.61211781,1.4142678,
2012-01-02,5.13201225,0.32106082,
2012-01-03,5.21773083,0.62250915,
2012-01-04,4.9133038,0.4172937,
2012-01-05,5.56115956,0.99578125,
2012-01-06,6.66976928,0.58393507,
2012-01-07,6.60802244,0.56788103,
2012-01-08,7.13457867,0.62424681,
2012-01-09,7.061768,0.41157429,
2012-01-10,6.61694701,0.4458235,
2012-01-11,7.03833866,0.54871598,
2012-01-12,6.90899323,1.90800885,
2012-01-13,7.01824789,0.575356,
2012-01-14,6.4321649,0.4527949,
2012-01-15,6.81226383,0.48344315,
2012-01-16,6.8331676,0.494105,
2012-01-17,6.86748509,0.41176543,
2012-01-18,6.45033848,0.70974729,
2012-01-19,6.73522728,0.54099121,
2012-01-20,6.69122394,0.4492744,
2012-01-21,6.39846925,0.58771894,
2012-01-22,6.22373509,0.49880869,
2012-01-23,6.52796234,0.62817063,
2012-01-24,6.37509623,0.77159324,
2012-01-25,6.37146132,0.81293043,
2012-01-26,6.43217209,0.40982134,
2012-01-27,5.85363784,0.46158285,
2012-01-28,5.63396302,0.50213991,
2012-01-29,5.65074174,0.48365724,
2012-01-30,5.39462524,0.9951025,
2012-01-31,5.56810465,0.38091095,
2012-02-01,5.56133991,0.63066192,
2012-02-02,5.7671131,0.89721061,
2012-02-03,6.09391446,0.4421751,
2012-02-04,6.04627382,0.76743791,
2012-02-05,5.96907628,0.74716622,
2012-02-06,5.86724337,0.35248589,
2012-02-07,5.7423266,1.06258572,
2012-02-08,5.76714072,0.44887141,
2012-02-09,5.7430992,0.45522082,
2012-02-10,5.84125751,0.38436686,
2012-02-11,5.87451818,4.82324981,
2012-02-12,5.60710597,1.1677502,
2012-02-13,5.79104575,0.41610289,
2012-02-14,5.50193855,0.2863763,
2012-02-15,4.57753793,0.40236126,
2012-02-16,5.18436649,0.7157558,
2012-02-17,4.62648753,0.42532542,
2012-02-18,4.41800678,0.27263687,
2012-02-19,4.47758147,0.40853337,
2012-02-20,4.41179695,0.3665193,
2012-02-21,4.37256564,0.42496535,
2012-02-22,4.33218021,0.44112214,
2012-02-23,4.44624249,0.66443707,
2012-02-24,4.6697145,0.60495583,
2012-02-25,4.99314872,0.9347992,
2012-02-26,5.08531455,0.39744505,
2012-02-27,5.02029645,0.39257553,
2012-02-28,5.0139021,1.76237805,
2012-02-29,5.04551736,0.24055313,
2012-03-01,4.96450481,0.64387294,
2012-03-02,4.92626324,0.54235524,
2012-03-03,4.7986948,0.61945631,
2012-03-04,4.89278012,0.35986499,
2012-03-05,4.83939697,0.49899549,
2012-03-06,4.94256904,0.47579905,
2012-03-07,5.00073945,0.79734248,
2012-03-08,5.02265285,0.5292272,
2012-03-09,4.96482643,0.71236849,
2012-03-10,4.87777156,0.55882892,
2012-03-11,4.86420766,0.4568775,
2012-03-12,4.91696734,0.58077403,
2012-03-13,4.91698404,0.93596961,
2012-03-14,5.2544392,0.6223974,
2012-03-15,5.38137074,0.7747828,
2012-03-16,5.35414202,1.18730598,
2012-03-17,5.3463786,0.38380797,
2012-03-18,5.33656916,0.39206008,
2012-03-19,5.36195846,0.40812837,
2012-03-20,4.92404121,0.57812142,
2012-03-21,5.09808173,0.3365262,
2012-03-22,4.87752501,0.4043394,
2012-03-23,4.84803295,2.61394705,
2012-03-24,4.73682443,0.37383299,
2012-03-25,4.77313085,0.47094866,
2012-03-26,4.71632358,0.46148272,
2012-03-27,4.68082521,0.51233921,
2012-03-28,4.80357994,0.86890357,
2012-03-29,4.77686776,0.32926986,
2012-03-30,4.8364788,0.27904076,
2012-03-31,4.85525215,0.83855678,
2012-04-01,4.88638672,0.72281991,
2012-04-02,4.91445567,0.57480349,
2012-04-03,4.9726655,0.29192161,
2012-04-04,5.00205184,1.00235992,
2012-04-05,4.93055358,1.4293775,
2012-04-06,4.92931047,2.2928638,
2012-04-07,4.94472394,0.50888358,
2012-04-08,4.88070972,1.14737517,
2012-04-09,4.89392243,1.25088908,
2012-04-10,4.85462023,0.73958062,
2012-04-11,4.8215346,0.81203665,
2012-04-12,4.90472675,2.36025638,
2012-04-13,4.91648397,1.25856017,
2012-04-14,4.96745521,0.74546961,
2012-04-15,4.95941568,2.53706448,
2012-04-16,5.02584807,2.0682499,
2012-04-17,4.94838567,1.09762239,
2012-04-18,4.9951584,1.08936254,
2012-04-19,5.11505695,1.11041324,
2012-04-20,5.17594587,1.07730449,
2012-04-21,5.31248974,0.38750274,
2012-04-22,5.27766927,0.89451467,
2012-04-23,5.25841168,0.28927502,
2012-04-24,5.15519805,0.59352764,
2012-04-25,5.11352911,1.58259027,
2012-04-26,5.13570682,0.2990247,
2012-04-27,5.12464179,0.67024925,
2012-04-28,5.16120908,0.87984723,
2012-04-29,5.00728136,0.47402714,
2012-04-30,4.91670184,0.35377942,
2012-05-01,5.00571075,1.0131929,
2012-05-02,4.99673655,0.68126701,
2012-05-03,5.0570425,1.17641212,
2012-05-04,5.13937057,1.0720885,
2012-05-05,5.10435295,1.07269994,
2012-05-06,5.11322171,0.30036919,
2012-05-07,5.08458996,0.7173793,
2012-05-08,5.07746405,0.86367896,
2012-05-09,5.09147247,1.52941658,
2012-05-10,5.06546562,1.54501966,
2012-05-11,4.96721602,0.701385,
2012-05-12,5.02646265,13.32821919,
2012-05-13,5.01982252,0.42230426,
2012-05-14,4.95107574,0.75358075,
2012-05-15,5.00885847,0.71084877,
2012-05-16,5.03736854,0.4088357,
2012-05-17,5.08597514,0.39989162,
2012-05-18,5.10443058,0.22973521,
2012-05-19,5.1404474,0.65715365,
2012-05-20,5.10062135,0.21030048,
2012-05-21,5.11798234,0.21777843,
2012-05-22,5.14796075,0.63386216,
2012-05-23,5.0981856,1.38254769,
2012-05-24,5.13738347,0.19545468,
2012-05-25,5.12764529,1.47564923,
2012-05-26,5.14545172,0.19671165,
2012-05-27,5.10560636,1.27207867,
2012-05-28,5.14407551,0.61251888,
2012-05-29,5.11508307,0.66723007,
2012-05-30,5.15876234,0.76997782,
2012-05-31,5.15696382,0.44773438,
2012-06-01,5.18074847,1.26684012,
2012-06-02,5.23567066,1.57196614,
2012-06-03,5.25186186,0.82630816,
2012-06-04,5.19864462,0.4618153,
2012-06-05,5.25522581,1.13724193,
2012-06-06,5.33376676,1.11162062,
2012-06-07,5.45559531,0.9879548,
2012-06-08,5.52986329,1.31448893,
2012-06-09,5.64609116,1.1477328,
2012-06-10,5.60098284,1.42745703,
2012-06-11,5.47042042,1.04062967,
2012-06-12,5.59508853,0.65223656,
2012-06-13,5.69087246,0.91527662,
2012-06-14,5.86223118,0.52141287,
2012-06-15,5.94817268,0.65299898,
2012-06-16,6.19787037,0.84277869,
2012-06-17,6.32294847,1.18265573,
2012-06-18,6.40344666,0.73864208,
2012-06-19,6.49090894,0.44640096,
2012-06-20,6.49361177,0.52968584,
2012-06-21,6.59896783,1.04808999,
2012-06-22,6.68847997,1.61222742,
2012-06-23,6.68539484,1.56663543,
2012-06-24,6.51186054,0.89345422,
2012-06-25,6.59011085,0.97101304,
2012-06-26,6.42975197,1.39835393,
2012-06-27,6.43086354,0.97256812,
2012-06-28,6.50480666,1.0023834,
2012-06-29,6.60220449,0.75704157,
2012-06-30,6.66230353,0.72111982,
2012-07-01,6.68058295,1.4520991,
2012-07-02,6.68796704,1.03530934,
2012-07-03,6.74542891,0.95204648,
2012-07-04,6.68867828,1.35538638,
2012-07-05,6.56396312,0.96548793,
2012-07-06,6.63639586,1.06253418,
2012-07-07,6.74952587,0.49775034,
2012-07-08,6.7502583,1.58722588,
2012-07-09,6.80057546,0.96827176,
2012-07-10,6.92528947,0.39144292,
2012-07-11,7.06590386,4.48207372,
2012-07-12,7.23913824,1.32859875,
2012-07-13,7.59193484,1.27411419,
2012-07-14,7.52054755,0.40071097,
2012-07-15,7.64243842,1.483169,
2012-07-16,7.65643875,1.21328576,
2012-07-17,7.97876906,1.41594756,
2012-07-18,8.80079839,1.17117922,
2012-07-19,9.17809969,1.2193288,
2012-07-20,9.02418727,1.48833469,
2012-07-21,8.5379089,1.58119027,
2012-07-22,9.21281573,1.1185261,
2012-07-23,8.54526725,1.70865881,
2012-07-24,8.51950151,1.57701942,
2012-07-25,8.69009831,1.19323715,
2012-07-26,8.8645932,1.46504688,
2012-07-27,8.83768394,2.0292851,
2012-07-28,8.91799972,1.43692468,
2012-07-29,8.93200209,1.30887678,
2012-07-30,8.72823901,1.5137401,
2012-07-31,9.04745137,1.33352561,
2012-08-01,9.33992756,2.2917811,
2012-08-02,9.51846781,2.41236612,
2012-08-03,10.3952392,1.28020248,
2012-08-04,10.67997195,1.5050887,
2012-08-05,11.04903093,1.76398742,
2012-08-06,11.14427267,2.1109504,
2012-08-07,11.1687523,0.88033401,
2012-08-08,11.22152377,1.74817949,
2012-08-09,11.05291918,1.82324989,
2012-08-10,11.07000549,1.34665086,
2012-08-11,11.57257559,1.6148549,
2012-08-12,11.52689281,2.01448139,
2012-08-13,11.63786429,1.54627317,
2012-08-14,11.92522642,2.62060767,
2012-08-15,12.09635346,2.67760893,
2012-08-16,12.69182432,1.9360813,
2012-08-17,13.45420787,2.70597227,
2012-08-18,12.36178517,2.06720053,
2012-08-19,12.85986334,1.31599587,
2012-08-20,10.65922105,1.65555201,
2012-08-21,10.58162889,1.80202765,
2012-08-22,10.42598528,2.24946037,
2012-08-23,10.23701391,1.04536782,
2012-08-24,10.20552026,1.85835213,
2012-08-25,10.4501758,1.67105737,
2012-08-26,10.30072572,1.45043868,
2012-08-27,10.646426,2.2861886,
2012-08-28,10.99237785,4.48355387,
2012-08-29,11.97580234,1.52062276,
2012-08-30,11.18565658,2.105665,
2012-08-31,10.88873258,1.94441085,
2012-09-01,10.76285932,2.38248001,
2012-09-02,10.33971299,0.75497849,
2012-09-03,10.30697522,1.2677557,
2012-09-04,10.44719462,2.26059959,
2012-09-05,10.45822284,1.68180442,
2012-09-06,10.78467696,1.94535487,
2012-09-07,10.94968526,1.78114838,
2012-09-08,11.14254072,1.67034443,
2012-09-09,11.1238899,1.44831016,
2012-09-10,11.14808519,2.02424364,
2012-09-11,11.13911578,1.90888434,
2012-09-12,11.16510808,1.47454641,
2012-09-13,11.32085776,2.1842239,
2012-09-14,11.4385674,2.19799257,
2012-09-15,11.58642945,1.78097945,
2012-09-16,11.75455666,1.7581394,
2012-09-17,11.85107184,1.31547028,
2012-09-18,11.94777961,1.29411124,
2012-09-19,12.14999102,2.41644769,
2012-09-20,12.47507906,1.97109726,
2012-09-21,12.42090736,1.62083862,
2012-09-22,12.47430637,1.80052268,
2012-09-23,12.42604728,1.6916005,
2012-09-24,12.26777932,1.41433569,
2012-09-25,12.26093285,1.33129678,
2012-09-26,12.25546331,2.68646918,
2012-09-27,12.28952655,2.31160593,
2012-09-28,12.31198978,12.96211904,
2012-09-29,12.41277311,2.44037569,
2012-09-30,12.42845024,2.32791621,
2012-10-01,12.49009813,2.23670089,
2012-10-02,12.44183064,2.59632698,
2012-10-03,12.77905409,1.25942134,
2012-10-04,12.89586027,3.4515077,
2012-10-05,12.87631221,2.16480989,
2012-10-06,12.96938651,1.80376746,
2012-10-07,12.68644159,1.99735821,
2012-10-08,12.20480192,1.84998923,
2012-10-09,11.89248142,2.224391,
2012-10-10,11.94813674,1.51260514,
2012-10-11,12.1620513,5.83965706,
2012-10-12,12.05523593,2.27911742,
2012-10-13,12.02819478,2.14633837,
2012-10-14,12.01998003,2.43033066,
2012-10-15,11.90024031,2.38048053,
2012-10-16,11.86789624,2.11687647,
2012-10-17,11.90423437,5.03946553,
2012-10-18,11.8528126,3.54777016,
2012-10-19,11.9460141,3.568571,
2012-10-20,11.87244209,1.7500619,
2012-10-21,11.88313034,2.2390034,
2012-10-22,11.74277608,1.895841,
2012-10-23,11.72759691,1.71507671,
2012-10-24,11.68933234,1.98231661,
2012-10-25,11.78185841,2.89922743,
2012-10-26,11.31176838,1.7257614,
2012-10-27,10.31530871,1.6044314,
2012-10-28,10.68074255,2.25106853,
2012-10-29,10.69638249,1.87871459,
2012-10-30,10.63109591,1.90389116,
2012-10-31,10.92241781,2.20039704,
2012-11-01,11.10315599,1.68432069,
2012-11-02,10.9493085,2.16295608,
2012-11-03,11.01007211,2.11073557,
2012-11-04,11.00521398,1.99658346,
2012-11-05,10.63151125,1.76563058,
2012-11-06,10.77178712,1.95977326,
2012-11-07,10.93262445,2.10408676,
2012-11-08,10.95522866,2.07338197,
2012-11-09,10.98238011,0.89445317,
2012-11-10,10.97113392,2.07656937,
2012-11-11,10.89232104,1.91856405,
2012-11-12,10.92075678,2.78414125,
2012-11-13,10.99609848,2.20151695,
2012-11-14,11.16726761,1.34092293,
2012-11-15,10.96619961,1.8971909,
2012-11-16,11.14009515,2.31142276,
2012-11-17,11.72587835,1.83325635,
2012-11-18,11.79089675,2.83413809,
2012-11-19,11.75029119,3.86562791,
2012-11-20,11.81137081,2.41308785,
2012-11-21,11.7318633,2.35869895,
2012-11-22,11.78937719,2.05107267,
2012-11-23,11.92553135,4.59372657,
2012-11-24,12.355422,1.54654107,
2012-11-25,12.42233424,2.38937938,
2012-11-26,12.45505987,2.30151126,
2012-11-27,12.39032583,1.69768425,
2012-11-28,12.53132403,2.77914443,
2012-11-29,12.40632056,2.36344436,
2012-11-30,12.46174322,2.74736263,
2012-12-01,12.60321774,0.84981696,
2012-12-02,12.59992843,2.27181255,
2012-12-03,12.53689563,2.18698029,
2012-12-04,12.6770481,10.86718243,
2012-12-05,13.17981352,2.44419663,
2012-12-06,13.34739734,2.1549956,
2012-12-07,13.44298117,3.04639956,
2012-12-08,13.51167562,2.31007239,
2012-12-09,13.52387578,2.57059827,
2012-12-10,13.45776776,1.72187688,
2012-12-11,13.48827513,2.03131337,
2012-12-12,13.57595532,3.69769058,
2012-12-13,13.67600467,3.01354143,
2012-12-14,13.78847733,2.66054239,
2012-12-15,13.7690417,1.49239684,
2012-12-16,13.6097569,2.73663777,
2012-12-17,13.62111277,2.09176278,
2012-12-18,13.37634561,2.23163101,
2012-12-19,13.37234159,2.35907117,
2012-12-20,13.469629,3.83479459,
2012-12-21,13.52422236,2.43202451,
2012-12-22,13.51293895,2.44163282,
2012-12-23,13.65280902,1.5727238,
2012-12-24,13.31775733,2.1985831,
2012-12-25,13.44967673,2.19642112,
2012-12-26,13.4479929,2.10920638,
2012-12-27,13.4781539,1.88094972,
2012-12-28,13.4201676,2.02787635,
2012-12-29,13.48735272,1.99043348,
2012-12-30,13.51949475,1.77379259,
2012-12-31,13.48373286,9.3398795,
2013-01-01,13.55402337,1.94809672,
2013-01-02,13.49811674,2.01698113,
2013-01-03,13.47577912,2.30746018,
2013-01-04,13.40029122,2.24976665,
2013-01-05,13.49578597,2.13505755,
2013-01-06,13.44000471,1.64838501,
2013-01-07,13.53211054,1.87579104,
2013-01-08,13.52709152,2.13660769,
2013-01-09,13.61213029,1.05368429,
2013-01-10,13.77092647,1.67702583,
2013-01-11,14.04565891,2.10772374,
2013-01-12,14.15114035,1.86669547,
2013-01-13,14.27536731,2.92607605,
2013-01-14,14.30430904,1.95219497,
2013-01-15,14.31729599,1.496657,
2013-01-16,14.29807177,2.03301202,
2013-01-17,14.54266573,2.57550479,
2013-01-18,15.44575287,2.41188073,
2013-01-19,15.52211948,2.3344116,
2013-01-20,15.65531945,2.39187959,
2013-01-21,15.8082388,2.4781831,
2013-01-22,16.29381533,2.6610219,
2013-01-23,17.16165571,2.60579001,
2013-01-24,17.60092839,1.7963101,
2013-01-25,17.08135627,1.87420663,
2013-01-26,18.55973701,1.70812694,
2013-01-27,18.4815877,2.77489361,
2013-01-28,17.74651455,2.90602708,
2013-01-29,18.55448493,2.58273604,
2013-01-30,19.47149742,2.68124957,
2013-01-31,19.77810125,2.88366691,
2013-02-01,20.26148547,3.79696391,
2013-02-02,20.523841,1.48058043,
2013-02-03,19.63720043,2.71888003,
2013-02-04,20.7214864,1.49960889,
2013-02-05,20.64699436,4.80936489,
2013-02-06,20.74654051,1.75392654,
2013-02-07,20.96664243,2.27980975,
2013-02-08,21.70826787,3.07431774,
2013-02-09,22.32985654,1.85158828,
2013-02-10,23.61708729,3.01433334,
2013-02-11,23.90015881,3.17367071,
2013-02-12,24.54491244,3.73251875,
2013-02-13,25.1316521,2.82735785,
2013-02-14,25.07835651,3.65609469,
2013-02-15,25.91093475,7.1860821,
2013-02-16,27.10131004,3.8523235,
2013-02-17,27.2840741,3.61914953,
2013-02-18,27.25465632,3.55543507,
2013-02-19,27.0188945,4.05575355,
2013-02-20,27.50423436,2.78369105,
2013-02-21,29.65810607,4.56789395,
2013-02-22,29.82337523,3.92261464,
2013-02-23,30.21213508,3.20234042,
2013-02-24,30.26416447,2.9104102,
2013-02-25,29.80775701,6.47330026,
2013-02-26,30.37230069,3.38737349,
2013-02-27,30.58781213,4.72041843,
2013-02-28,30.91942017,4.18769859,
2013-03-01,32.04618139,3.98602395,
2013-03-02,34.06585655,4.27428302,
2013-03-03,34.31301423,3.72368291,
2013-03-04,34.33226197,4.03681527,
2013-03-05,34.27958051,4.11292485,
2013-03-06,38.11996321,4.6987593,
2013-03-07,40.96149436,5.3887162,
2013-03-08,42.02206786,4.9441265,
2013-03-09,44.0691934,7.97822595,
2013-03-10,46.21466426,5.09317475,
2013-03-11,46.27252893,6.05775716,
2013-03-12,47.80631348,4.90052136,
2013-03-13,46.5055121,5.09723282,
2013-03-14,45.75259783,9.56319859,
2013-03-15,47.07619647,6.1369076,
2013-03-16,46.83408637,4.63593386,
2013-03-17,47.09362255,7.31861166,
2013-03-18,47.74176036,6.93796613,
2013-03-19,51.11806964,8.9377147,
2013-03-20,52.53731073,7.55277059,
2013-03-21,63.09676946,8.56279069,
2013-03-22,66.57375509,8.94898976,
2013-03-23,69.80890912,7.57931374,
2013-03-24,69.32250719,8.0452482,
2013-03-25,70.71044003,7.68780314,
2013-03-26,73.19709763,10.88038334,
2013-03-27,75.71086481,10.03368224,
2013-03-28,83.33486961,11.66293235,
2013-03-29,86.39457912,9.68479171,
2013-03-30,88.02659634,9.47436367,
2013-03-31,91.94565984,9.13697904,
2013-04-01,92.47043987,14.17106046,
2013-04-02,99.56835171,13.04724687,
2013-04-03,105.72455272,11.06670536,
2013-04-04,121.56722721,15.77256424,
2013-04-05,131.17283377,15.4408657,
2013-04-06,139.71194721,19.74396791,
2013-04-07,142.55671787,21.47945102,
2013-04-08,153.78325931,27.383295,
2013-04-09,182.57820022,34.92521818,
2013-04-10,190.0104272,21.37992183,
2013-04-11,227.97921023,11.51610796,
2013-04-12,150.85380718,9.33029553,
2013-04-13,117.57126699,14.91543676,
2013-04-14,114.86161727,10.31738677,
2013-04-15,93.27147652,11.18363051,
2013-04-16,99.46441202,9.68357458,
2013-04-17,68.19239826,8.78568736,
2013-04-18,70.56431012,10.74455605,
2013-04-19,104.01093893,15.8494924,
2013-04-20,115.71145498,19.42479371,
2013-04-21,123.03636385,8.99756478,
2013-04-22,124.2677361,13.36410628,
2013-04-23,123.51475653,24.1389328,
2013-04-24,127.72712448,15.88114003,
2013-04-25,148.82236146,21.72087286,
2013-04-26,163.98580025,15.57433069,
2013-04-27,139.41366795,19.38317463,
2013-04-28,136.68945488,13.59808044,
2013-04-29,134.4440002441,17.03013414,
2013-04-30,144.0,17.1522766,
2013-05-01,139.0,17.00162264,
2013-05-02,116.3799972534,12.87031615,
2013-05-03,106.25,9.42172672,
2013-05-04,98.0999984741,9.50305429,
2013-05-05,112.9000015259,10.75603065,
2013-05-06,115.9800033569,11.3505229,
2013-05-07,112.25,17.15371359,
2013-05-08,109.5999984741,10.57909045,
2013-05-09,113.1999969482,19.3365906,
2013-05-10,112.7990036011,10.8350098,
2013-05-11,117.6999969482,12.65921588,
2013-05-12,115.6399993896,13.14695828,
2013-05-13,114.8199996948,11.94106895,
2013-05-14,117.9800033569,13.18632112,
2013-05-15,111.4000015259,12.50510484,
2013-05-16,114.2200012207,12.64440993,
2013-05-17,118.2099990845,12.91889157,
2013-05-18,123.5,12.00928528,
2013-05-19,123.2109985352,12.40216178,
2013-05-20,122.5,15.94860135,
2013-05-21,122.0199966431,13.17641739,
2013-05-22,122.8899993896,13.5467613,
2013-05-23,123.8000030518,13.01071046,
2013-05-24,126.3000030518,11.44230922,
2013-05-25,133.1000061035,13.22970711,
2013-05-26,131.9859924316,13.10255028,
2013-05-27,133.5,27.26856109,
2013-05-28,129.7700042725,20.15875004,
2013-05-29,129.0,12.16754095,
2013-05-30,132.25,15.2576984,
2013-05-31,128.7989959717,55.00712321,
2013-06-01,128.8150024414,10.13680686,
2013-06-02,129.3000030518,12.07755899,
2013-06-03,122.5,11.5010086,
2013-06-04,120.7369995117,53.26637587,
2013-06-05,121.4000015259,8.24509765,
2013-06-06,121.9000015259,15.72431606,
2013-06-07,118.9700012207,14.24971104,
2013-06-08,111.0,15.4676339,
2013-06-09,107.891998291,11.81302928,
2013-06-10,100.43699646,10.30227816,
2013-06-11,106.3499984741,26.4909205,
2013-06-12,109.0,10.9195764,
2013-06-13,108.7760009766,15.94600635,
2013-06-14,103.9489974976,22.40689615,
2013-06-15,100.0,21.31445193,
2013-06-16,99.8000030518,17.00224274,
2013-06-17,99.9000015259,9.1315648,
2013-06-18,101.9499969482,9.62984199,
2013-06-19,107.0500030518,15.07214068,
2013-06-20,108.2509994507,15.39919841,
2013-06-21,111.2900009155,8.95207033,
2013-06-22,109.5,8.326408,
2013-06-23,108.1999969482,26.47746113,
2013-06-24,107.9000015259,9.34844918,
2013-06-25,102.0899963379,10.08168855,
2013-06-26,103.3290023804,7.96146923,
2013-06-27,104.0,10.98797358,
2013-06-28,101.7369995117,20.42562341,
2013-06-29,94.6600036621,26.3135854,
2013-06-30,94.9990005493,37.34894944,
2013-07-01,97.5100021362,16.27738531,
2013-07-02,88.0500030518,9.14443652,
2013-07-03,90.4049987793,15.07649152,
2013-07-04,78.8899993896,7.95401593,
2013-07-05,79.9899978638,5.43225041,
2013-07-06,68.5049972534,5.61399105,
2013-07-07,68.7490005493,4.20950227,
2013-07-08,76.5,6.58831647,
2013-07-09,76.0,7.96794515,
2013-07-10,76.7200012207,5.643299,
2013-07-11,88.0,7.0714742,
2013-07-12,88.9789962769,8.76838752,
2013-07-13,93.9898986816,4.49515209,
2013-07-14,98.6999969482,7.9459914,
2013-07-15,93.6050033569,8.61271992,
2013-07-16,98.890296936,9.51570142,
2013-07-17,96.7099990845,7.83289587,
2013-07-18,98.5,6.45483309,
2013-07-19,90.068901062,7.32523047,
2013-07-20,92.0,10.34912094,
2013-07-21,89.8214035034,9.36631042,
2013-07-22,91.9980010986,7.96732779,
2013-07-23,91.5999984741,8.04464369,
2013-07-24,95.5585021973,7.01826484,
2013-07-25,94.5049972534,16.06888134,
2013-07-26,96.9499969482,12.08176148,
2013-07-27,96.0201034546,6.07743304,
2013-07-28,94.4000015259,8.2887217,
2013-07-29,98.5999984741,6.3575896,
2013-07-30,101.4889984131,6.09293903,
2013-07-31,107.9499969482,9.29508796,
2013-08-01,106.2129974365,8.09219252,
2013-08-02,104.8560028076,30.13624368,
2013-08-03,104.5009994507,21.31492297,
2013-08-04,104.9499969482,6.54402052,
2013-08-05,105.1200027466,5.93208081,
2013-08-06,106.7200012207,7.06206177,
2013-08-07,106.75,5.40114699,
2013-08-08,106.75,8.24671269,
2013-08-09,103.0699996948,8.15641513,
2013-08-10,102.8000030518,5.22805099,
2013-08-11,103.0,9.56001722,
2013-08-12,105.0,7.00779193,
2013-08-13,106.9899978638,17.71868785,
2013-08-14,109.5550003052,7.60615529,
2013-08-15,112.56199646,8.02337275,
2013-08-16,109.9950027466,11.63588674,
2013-08-17,108.9940032959,3.49025508,
2013-08-18,112.75,5.99660782,
2013-08-19,113.3799972534,3.4379888,
2013-08-20,119.0,5.19648024,
2013-08-21,121.2099990845,6.87781465,
2013-08-22,123.3000030518,4.1180322,
2013-08-23,122.0,3.46870021,
2013-08-24,118.5100021362,8.59622564,
2013-08-25,119.6029968262,7.7670972,
2013-08-26,122.111000061,3.7296793,
2013-08-27,120.0699996948,4.12906005,
2013-08-28,126.4800033569,5.98211557,
2013-08-29,122.6200027466,3.10552057,
2013-08-30,122.3499984741,9.35100225,
2013-08-31,133.0899963379,4.227753,
2013-09-01,135.1399993896,8.07559974,
2013-09-02,138.6300048828,5.72236974,
2013-09-03,135.6100006104,4.21361636,
2013-09-04,136.5299987793,4.55330877,
2013-09-05,126.7600021362,2.34589689,
2013-09-06,126.4899978638,4.97116621,
2013-09-07,118.8899993896,3.65003129,
2013-09-08,124.1299972534,3.26605227,
2013-09-09,121.8600006104,8.60027751,
2013-09-10,127.2699966431,2.68530181,
2013-09-11,125.8899993896,3.54420122,
2013-09-12,135.5500030518,4.90593559,
2013-09-13,132.8300018311,6.07727561,
2013-09-14,135.0099945068,3.16984833,
2013-09-15,129.3999938965,1.55846509,
2013-09-16,130.8600006104,2.29098738,
2013-09-17,131.5899963379,1.63337935,
2013-09-18,131.7100067139,8.46099607,
2013-09-19,131.3699951172,8.12111552,
2013-09-20,129.6999969482,2.2809639,
2013-09-21,126.9499969482,1.05798624,
2013-09-22,127.8700027466,4.87863412,
2013-09-23,128.9799957275,1.6071172,
2013-09-24,126.0500030518,2.50885681,
2013-09-25,127.3799972534,1.55986657,
2013-09-26,128.2100067139,2.05269096,
2013-09-27,128.9400024414,2.16122395,
2013-09-28,133.7700042725,2.39748393,
2013-09-29,134.8999938965,1.88227937,
2013-09-30,137.1499938965,3.17134688,
2013-10-01,132.6799926758,1.55845794,
2013-10-02,132.0500030518,1.98825357,
2013-10-03,114.4499969482,1.59036978,
2013-10-04,123.4100036621,1.73783954,
2013-10-05,128.6300048828,1.93622331,
2013-10-06,128.3600006104,2.08986598,
2013-10-07,129.4299926758,6.73735329,
2013-10-08,126.7399978638,1.69761656,
2013-10-09,125.8499984741,4.01191344,
2013-10-10,130.6699981689,1.15720614,
2013-10-11,130.75,1.8991302,
2013-10-12,130.8999938965,4.27086381,
2013-10-13,135.1900024414,3.4830344,
2013-10-14,139.2700042725,2.43798833,
2013-10-15,140.7700042725,1.66308397,
2013-10-16,145.6499938965,3.54136342,
2013-10-17,142.4100036621,1.59741428,
2013-10-18,146.3699951172,1.54085191,
2013-10-19,155.9100036621,2.11643992,
2013-10-20,171.6600036621,5.81435236,
2013-10-21,174.8000030518,6.97303054,
2013-10-22,182.6499938965,3.37322608,
2013-10-23,193.3600006104,1.84096686,
2013-10-24,214.3000030518,3.09235844,
2013-10-25,197.6900024414,2.71983241,
2013-10-26,187.4499969482,5.90676538,
2013-10-27,176.6000061035,6.07183184,
2013-10-28,196.2100067139,2.30167538,
2013-10-29,198.5500030518,3.2507393,
2013-10-30,204.3899993896,3.17590486,
2013-10-31,199.8300018311,6.69521917,
2013-11-01,203.8999938965,3.21995247,
2013-11-02,205.8099975586,2.91727758,
2013-11-03,205.9900054932,5.428716,
2013-11-04,214.6600036621,2.8875093,
2013-11-05,229.2100067139,4.56890638,
2013-11-06,244.7799987793,2.95238591,
2013-11-07,261.6799926758,4.60729582,
2013-11-08,297.8500061035,4.17016855,
2013-11-09,338.5799865723,5.92988799,
2013-11-10,348.8200073242,4.23882255,
2013-11-11,325.4100036621,6.1832767,
2013-11-12,343.0599975586,6.7502577,
2013-11-13,360.9700012207,6.61258647,
2013-11-14,406.4100036621,3.94516986,
2013-11-15,419.4100036621,7.843475,
2013-11-16,417.2799987793,10.08644229,
2013-11-17,440.9599914551,12.4529548,
2013-11-18,496.5799865723,11.37634401,
2013-11-19,712.7600097656,9.70539572,
2013-11-20,577.9799804688,14.2123326,
2013-11-21,594.3200073242,9.24971052,
2013-11-22,724.0700073242,13.10821359,
2013-11-23,771.700012207,8.80470633,
2013-11-24,795.6300048828,15.22724042,
2013-11-25,773.0200195313,16.67535159,
2013-11-26,805.7299804688,10.39603614,
2013-11-27,923.8499755859,16.17650202,
2013-11-28,1003.3800048828,15.60620685,
2013-11-29,1042.0100097656,16.93696427,
2013-11-30,1129.3699951172,15.810499,
2013-12-01,1128.9200439453,15.90883332,
2013-12-02,951.4199829102,17.63239219,
2013-12-03,1046.4000244141,11.0176885,
2013-12-04,1077.5799560547,16.0851365,
2013-12-05,1152.7299804688,10.5538349,
2013-12-06,1042.3800048828,13.684779,
2013-12-07,835.3200073242,9.69245905,
2013-12-08,697.3099975586,11.03510943,
2013-12-09,793.799987793,11.15236881,
2013-12-10,892.3200073242,16.74301827,
2013-12-11,989.0700073242,14.30911971,
2013-12-12,882.7800292969,14.88514903,
2013-12-13,874.9799804688,11.36945269,
2013-12-14,899.8499755859,19.18582814,
2013-12-15,875.2899780273,11.32515663,
2013-12-16,880.3300170898,34.86954575,
2013-12-17,706.3699951172,12.87668212,
2013-12-18,678.200012207,12.62798366,
2013-12-19,519.0599975586,15.81259036,
2013-12-20,694.2199707031,37.33978451,
2013-12-21,619.9000244141,298.36576991,
2013-12-22,601.7800292969,6.90993059,
2013-12-23,613.0599975586,13.49287464,
2013-12-24,672.3599853516,14.96157917,
2013-12-25,666.3099975586,7.98760766,
2013-12-26,683.9400024414,7.55307765,
2013-12-27,763.2800292969,13.05710555,
2013-12-28,737.9799804688,9.97501471,
2013-12-29,728.049987793,25.0425295,
2013-12-30,741.3499755859,7.82776434,
2013-12-31,760.3200073242,8.43151624,
2014-01-01,754.9699707031,15.64397465,
2014-01-02,773.4400024414,9.33277572,
2014-01-03,802.8499755859,10.55041177,
2014-01-04,823.2700195313,13.07150496,
2014-01-05,858.549987793,13.72517229,
2014-01-06,936.049987793,12.94763037,
2014-01-07,946.4899902344,11.64942161,
2014-01-08,795.9899902344,11.21883341,
2014-01-09,841.4699707031,15.09894976,
2014-01-10,846.6900024414,15.76081037,
2014-01-11,867.3200073242,18.79780155,
2014-01-12,919.5999755859,11.93041214,
2014-01-13,860.1900024414,10.06277992,
2014-01-14,843.1699829102,10.65020304,
2014-01-15,833.1199951172,14.94790854,
2014-01-16,860.2899780273,17.5468751,
2014-01-17,834.4899902344,15.39204534,
2014-01-18,816.0700073242,20.62957054,
2014-01-19,839.6599731445,31.05363961,
2014-01-20,871.3900146484,18.47206802,
2014-01-21,869.6500244141,13.08014575,
2014-01-22,867.2100219727,13.281394,
2014-01-23,845.4600219727,11.39667569,
2014-01-24,822.4299926758,9.77973331,
2014-01-25,796.2399902344,10.88484668,
2014-01-26,853.6799926758,13.39097918,
2014-01-27,884.5999755859,9.1311235,
2014-01-28,774.0200195313,11.17429779,
2014-01-29,809.9600219727,7.97988683,
2014-01-30,826.0200195313,10.95217367,
2014-01-31,818.4299926758,12.32537908,
2014-02-01,828.6099853516,8.36472043,
2014-02-02,832.9000244141,14.00255245,
2014-02-03,824.0800170898,12.86515732,
2014-02-04,823.7700195313,6.625871,
2014-02-05,829.9600219727,33.47251239,
2014-02-06,815.5900268555,16.56923603,
2014-02-07,783.200012207,11.01310804,
2014-02-08,699.5700073242,7.320497,
2014-02-09,671.4600219727,10.24766358,
2014-02-10,681.3200073242,8.93280446,
2014-02-11,683.5,11.984421,
2014-02-12,672.3800048828,7.96638415,
2014-02-13,651.0800170898,7.92568193,
2014-02-14,601.1699829102,7.18252637,
2014-02-15,660.9000244141,12.15246755,
2014-02-16,651.299987793,6.95498034,
2014-02-17,614.2299804688,9.03764095,
2014-02-18,627.1599731445,21.94843074,
2014-02-19,625.9699707031,7.86135309,
2014-02-20,623.0900268555,8.1745771,
2014-02-21,556.8800048828,5.58420687,
2014-02-22,574.2399902344,7.17622378,
2014-02-23,606.4699707031,9.9335594,
2014-02-24,606.0399780273,6.78842228,
2014-02-25,540.2399902344,7.59628296,
2014-02-26,537.0399780273,11.38069833,
2014-02-27,581.6500244141,6.8061549,
2014-02-28,579.700012207,19.49600758,
2014-03-01,549.9199829102,19.32606635,
2014-03-02,567.2299804688,6.50660362,
2014-03-03,562.5599975586,7.08515692,
2014-03-04,668.2399902344,7.4227482,
2014-03-05,666.2399902344,8.32804669,
2014-03-06,664.5200195313,8.60784294,
2014-03-07,664.3099975586,132.65651289,
2014-03-08,629.6599731445,5.87554001,
2014-03-09,616.3099975586,51.1329785,
2014-03-10,636.3300170898,18.81999233,
2014-03-11,627.950012207,13.13863922,
2014-03-12,631.9099731445,5.48166992,
2014-03-13,633.6199951172,8.32828833,
2014-03-14,638.1400146484,7.61605831,
2014-03-15,629.3699951172,7.4366154,
2014-03-16,636.5,10.385988,
2014-03-17,630.9199829102,14.77396443,
2014-03-18,621.8380126953,8.64259169,
2014-03-19,613.8959960938,7.79732292,
2014-03-20,609.7449951172,11.96641781,
2014-03-21,588.2940063477,4.33623738,
2014-03-22,571.1799926758,12.20510145,
2014-03-23,565.7639770508,8.24245804,
2014-03-24,562.507019043,7.51654496,
2014-03-25,585.0260009766,6.36862031,
2014-03-26,583.4819946289,6.79608965,
2014-03-27,580.257019043,5.83498281,
2014-03-28,477.1430053711,5.91831353,
2014-03-29,501.7130126953,6.71589215,
2014-03-30,492.3720092773,5.4720704,
2014-03-31,462.2990112305,4.62813149,
2014-04-01,457.0,4.28633307,
2014-04-02,479.1369934082,4.11135029,
2014-04-03,436.4440002441,16.01051208,
2014-04-04,445.6640014648,5.86277521,
2014-04-05,446.674987793,6.8526854,
2014-04-06,463.3970031738,10.53647236,
2014-04-07,461.4739990234,7.04671366,
2014-04-08,447.6130065918,4.30097853,
2014-04-09,453.1770019531,4.30818942,
2014-04-10,442.2560119629,5.52961004,
2014-04-11,363.7099914551,5.34222013,
2014-04-12,420.8890075684,6.87406341,
2014-04-13,421.4609985352,3.7119252,
2014-04-14,414.8280029297,5.5144559,
2014-04-15,458.3729858398,4.71339723,
2014-04-16,522.1849975586,9.52656142,
2014-04-17,529.0670166016,5.5358625,
2014-04-18,495.7980041504,4.33017819,
2014-04-19,479.5820007324,4.37779901,
2014-04-20,501.7510070801,7.49891396,
2014-04-21,497.7390136719,3.95323168,
2014-04-22,495.4549865723,3.53262714,
2014-04-23,488.3590087891,3.92252245,
2014-04-24,490.825012207,4.14646125,
2014-04-25,500.0870056152,3.66177474,
2014-04-26,461.7049865723,4.10428207,
2014-04-27,457.2420043945,3.32254324,
2014-04-28,430.716003418,4.26027032,
2014-04-29,439.983001709,3.39529497,
2014-04-30,446.8900146484,2.14664681,
2014-05-01,447.6329956055,3.16836106,
2014-05-02,457.3640136719,1.80739905,
2014-05-03,449.4030151367,1.65004286,
2014-05-04,438.516998291,2.3954726,
2014-05-05,434.7820129395,2.27276426,
2014-05-06,433.3640136719,2.1184868,
2014-05-07,429.341003418,3.31234924,
2014-05-08,438.6789855957,2.00239888,
2014-05-09,440.1780090332,1.59457665,
2014-05-10,450.4559936523,3.040533,
2014-05-11,453.9200134277,1.8664466,
2014-05-12,438.3030090332,1.76024981,
2014-05-13,441.5310058594,0.97400564,
2014-05-14,440.592010498,1.11607497,
2014-05-15,444.1359863281,1.8544204,
2014-05-16,447.3859863281,0.92261914,
2014-05-17,448.1170043945,1.31904468,
2014-05-18,448.7009887695,1.9351122,
2014-05-19,446.0759887695,1.19787688,
2014-05-20,446.3049926758,1.9177327,
2014-05-21,485.799987793,1.6597935,
2014-05-22,492.0490112305,2.27841391,
2014-05-23,525.7150268555,1.02360065,
2014-05-24,521.0510253906,1.28621224,
2014-05-25,525.2280273438,2.4859176,
2014-05-26,571.3930053711,1.17167641,
2014-05-27,582.5880126953,13.57504268,
2014-05-28,571.9149780273,1.38762497,
2014-05-29,576.3300170898,1.34802358,
2014-05-30,568.1770019531,2.51899115,
2014-05-31,615.6870117188,2.53492924,
2014-06-01,623.6929931641,1.2416096,
2014-06-02,629.6450195313,0.96823949,
2014-06-03,660.549987793,1.16022572,
2014-06-04,666.7739868164,1.62802418,
2014-06-05,641.0720214844,1.2534877,
2014-06-06,659.2830200195,1.71564696,
2014-06-07,653.5219726563,1.47427506,
2014-06-08,654.9940185547,4.75145319,
2014-06-09,655.6400146484,2.27756497,
2014-06-10,650.0419921875,1.70873406,
2014-06-11,653.1879882813,3.55930777,
2014-06-12,633.4279785156,3.3902642,
2014-06-13,585.6959838867,2.08367951,
2014-06-14,600.7459716797,1.10264674,
2014-06-15,575.9279785156,1.04861903,
2014-06-16,592.6489868164,1.93751096,
2014-06-17,591.5859985352,0.96226789,
2014-06-18,609.7670288086,1.49866965,
2014-06-19,608.0700073242,1.09846458,
2014-06-20,597.4019775391,1.3903025,
2014-06-21,593.6779785156,1.60328296,
2014-06-22,595.9039916992,1.70068964,
2014-06-23,602.1610107422,1.01395278,
2014-06-24,593.9699707031,2.80137537,
2014-06-25,581.8090209961,1.02941034,
2014-06-26,566.1370239258,2.62867605,
2014-06-27,581.2969970703,2.99687797,
2014-06-28,599.0770263672,1.33047762,
2014-06-29,596.3319702148,11.48825109,
2014-06-30,602.6199951172,2.70030547,
2014-07-01,641.3909912109,1.20951537,
2014-07-02,641.0369873047,1.35155998,
2014-07-03,650.7689819336,2.50985718,
2014-07-04,644.6459960938,2.49436046,
2014-07-05,629.9509887695,1.33254969,
2014-07-06,631.7719726563,1.6878723,
2014-07-07,635.4630126953,1.86884043,
2014-07-08,622.5700073242,1.08938983,
2014-07-09,625.2210083008,3.09475285,
2014-07-10,624.8259887695,3.43451202,
2014-07-11,616.6619873047,1.61591449,
2014-07-12,631.8809814453,2.0396955,
2014-07-13,634.2169799805,1.83600989,
2014-07-14,626.5620117188,1.10706228,
2014-07-15,619.9959716797,2.15731691,
2014-07-16,622.0130004883,1.50512777,
2014-07-17,616.5390014648,1.37634216,
2014-07-18,622.3690185547,1.29487017,
2014-07-19,629.166015625,0.8669385,
2014-07-20,628.5590209961,0.9554719,
2014-07-21,623.950012207,1.34096973,
2014-07-22,622.2730102539,1.74629505,
2014-07-23,621.1229858398,2.46011524,
2014-07-24,619.4959716797,1.9478712,
2014-07-25,601.5120239258,1.1960366,
2014-07-26,601.5419921875,0.99114616,
2014-07-27,595.6719970703,1.31629228,
2014-07-28,594.1370239258,1.57111527,
2014-07-29,585.5520019531,0.86744998,
2014-07-30,584.7420043945,1.06863747,
2014-07-31,567.367980957,1.670728,
2014-08-01,586.2020263672,1.06891606,
2014-08-02,594.8980102539,1.80958942,
2014-08-03,588.8930053711,1.03759237,
2014-08-04,586.2329711914,1.74860788,
2014-08-05,589.0109863281,2.7800216,
2014-08-06,585.9520263672,1.6809728,
2014-08-07,584.6459960938,1.24342233,
2014-08-08,588.875,1.46133787,
2014-08-09,592.4699707031,1.56775942,
2014-08-10,589.1719970703,1.19405083,
2014-08-11,591.2819824219,1.54917669,
2014-08-12,576.5120239258,1.23482072,
2014-08-13,570.3770141602,1.64673242,
2014-08-14,546.1810302734,1.15467976,
2014-08-15,511.1380004883,1.3088142,
2014-08-16,497.8259887695,1.68570706,
2014-08-17,519.1420288086,2.7007209,
2014-08-18,491.5069885254,1.12189924,
2014-08-19,461.4800109863,1.1269706,
2014-08-20,485.0719909668,1.72419012,
2014-08-21,510.449005127,0.93924433,
2014-08-22,517.5809936523,1.66608875,
2014-08-23,513.3939819336,2.46253494,
2014-08-24,498.2850036621,0.97935818,
2014-08-25,508.2200012207,1.3486421,
2014-08-26,502.5440063477,1.35233063,
2014-08-27,512.1890258789,0.93905044,
2014-08-28,510.8840026855,1.43992965,
2014-08-29,508.424987793,0.82452066,
2014-08-30,508.5899963379,1.06420696,
2014-08-31,502.9049987793,1.83101622,
2014-09-01,477.7869873047,1.92235907,
2014-09-02,474.4750061035,0.83852179,
2014-09-03,476.8710021973,1.44309264,
2014-09-04,477.6799926758,1.70894819,
2014-09-05,489.6650085449,1.97854278,
2014-09-06,483.341003418,2.55832721,
2014-09-07,485.1289978027,0.6954495,
2014-09-08,481.8110046387,1.03060445,
2014-09-09,474.8800048828,0.85736846,
2014-09-10,475.4840087891,1.02129576,
2014-09-11,479.6170043945,1.08217954,
2014-09-12,479.5820007324,0.76188169,
2014-09-13,477.7929992676,1.02779449,
2014-09-14,479.1170043945,1.37591217,
2014-09-15,477.7650146484,0.89858317,
2014-09-16,474.8619995117,0.93993042,
2014-09-17,465.8640136719,1.19353218,
2014-09-18,456.8599853516,1.22601367,
2014-09-19,424.1029968262,0.85354445,
2014-09-20,394.6730041504,0.70467373,
2014-09-21,408.0849914551,1.03631,
2014-09-22,399.1000061035,0.7338247,
2014-09-23,402.092010498,1.0245476,
2014-09-24,435.7510070801,0.8797408,
2014-09-25,423.1560058594,0.89680285,
2014-09-26,411.4289855957,0.60846737,
2014-09-27,403.5559997559,0.60354286,
2014-09-28,399.4710083008,1.69993206,
2014-09-29,376.9280090332,0.58497052,
2014-09-30,376.0880126953,0.98071104,
2014-10-01,387.4270019531,0.58210551,
2014-10-02,383.9880065918,0.73395194,
2014-10-03,375.1809997559,0.67464027,
2014-10-04,359.891998291,0.85615074,
2014-10-05,328.9159851074,1.4862883,
2014-10-06,320.3890075684,0.54010538,
2014-10-07,330.5840148926,0.62818425,
2014-10-08,336.1159973145,0.82649152,
2014-10-09,352.7479858398,0.85019405,
2014-10-10,364.6870117188,0.78858393,
2014-10-11,361.3619995117,0.72030214,
2014-10-12,362.6059875488,0.5001912,
2014-10-13,377.9209899902,1.35351,
2014-10-14,391.691986084,0.72273727,
2014-10-15,400.9549865723,0.91452089,
2014-10-16,394.5180053711,1.05856979,
2014-10-17,382.7560119629,0.64163716,
2014-10-18,383.9760131836,1.15659148,
2014-10-19,391.2539978027,1.255269,
2014-10-20,389.2309875488,0.692484,
2014-10-21,382.4209899902,0.82174484,
2014-10-22,386.1180114746,0.84029452,
2014-10-23,382.9620056152,0.78813278,
2014-10-24,358.591003418,0.65894721,
2014-10-25,358.6109924316,0.9838494,
2014-10-26,347.4869995117,0.81688975,
2014-10-27,354.7770080566,0.75876184,
2014-10-28,353.2149963379,0.99197694,
2014-10-29,357.0889892578,0.62746587,
2014-10-30,335.7090148926,0.58932575,
2014-10-31,345.0090026855,0.97923162,
2014-11-01,338.6499938965,1.25613305,
2014-11-02,326.075012207,0.80203172,
2014-11-03,325.5690002441,0.5746809,
2014-11-04,327.1610107422,0.87625748,
2014-11-05,330.683013916,0.98870614,
2014-11-06,339.4580078125,1.33977411,
2014-11-07,349.8179931641,2.80267581,
2014-11-08,342.1539916992,1.15173967,
2014-11-09,345.3760070801,0.606817,
2014-11-10,362.2650146484,0.71426127,
2014-11-11,365.8569946289,0.70420841,
2014-11-12,367.9849853516,0.74319115,
2014-11-13,427.2730102539,0.65946375,
2014-11-14,418.4169921875,0.83732401,
2014-11-15,399.6499938965,0.7803465,
2014-11-16,374.7300109863,1.16059462,
2014-11-17,388.3489990234,0.71082002,
2014-11-18,387.7850036621,0.95339873,
2014-11-19,373.8959960938,0.67017006,
2014-11-20,380.3070068359,0.71634777,
2014-11-21,357.8789978027,0.63576176,
2014-11-22,351.6040039063,0.80713435,
2014-11-23,353.174987793,0.77337538,
2014-11-24,366.9479980469,0.899852,
2014-11-25,376.8859863281,0.67328591,
2014-11-26,376.0190124512,0.85649205,
2014-11-27,370.5020141602,0.79927666,
2014-11-28,369.3739929199,0.60396038,
2014-11-29,376.1520080566,0.79684622,
2014-11-30,375.5100097656,1.14771894,
2014-12-01,378.2489929199,0.7755731,
2014-12-02,379.25,0.82029247,
2014-12-03,381.7219848633,0.95364868,
2014-12-04,375.7179870605,0.66702189,
2014-12-05,369.441986084,0.82201251,
2014-12-06,376.7569885254,0.74410988,
2014-12-07,374.8359985352,0.90591637,
2014-12-08,374.9649963379,0.59523774,
2014-12-09,361.8949890137,1.40120008,
2014-12-10,352.2049865723,0.8353313,
2014-12-11,344.3399963379,0.79229671,
2014-12-12,350.8330078125,0.57547801,
2014-12-13,352.3810119629,0.6990621,
2014-12-14,346.7269897461,0.8630918,
2014-12-15,351.3609924316,0.49680773,
2014-12-16,345.6730041504,0.96443266,
2014-12-17,326.8550109863,0.75019366,
2014-12-18,319.7850036621,0.71463546,
2014-12-19,311.1789855957,0.579531,
2014-12-20,317.6189880371,0.47199971,
2014-12-21,329.5429992676,0.5204567,
2014-12-22,321.0679931641,0.61361354,
2014-12-23,332.016998291,0.65669873,
2014-12-24,334.3850097656,0.52305727,
2014-12-25,322.2860107422,0.6468086,
2014-12-26,319.1520080566,0.55212125,
2014-12-27,327.5830078125,0.61239845,
2014-12-28,316.1600036621,0.54319554,
2014-12-29,317.7009887695,0.56571346,
2014-12-30,312.7189941406,0.64484437,
2014-12-31,310.9140014648,0.54160634,
2015-01-01,320.4349975586,0.76777747,
2015-01-02,314.0790100098,0.69492378,
2015-01-03,314.8460083008,0.58209095,
2015-01-04,281.1459960938,0.70621462,
2015-01-05,265.0840148926,0.4745971,
2015-01-06,274.6109924316,1.38697631,
2015-01-07,286.0769958496,0.68054366,
2015-01-08,294.1350097656,0.79227915,
2015-01-09,282.3829956055,0.54134633,
2015-01-10,287.3030090332,0.60761717,
2015-01-11,274.608001709,1.01963208,
2015-01-12,266.1459960938,0.48475914,
2015-01-13,267.3940124512,0.72072682,
2015-01-14,223.8939971924,0.502551,
2015-01-15,176.8970031738,0.79366168,
2015-01-16,209.0700073242,0.41313082,
2015-01-17,207.8339996338,0.34908123,
2015-01-18,200.0500030518,0.5595745,
2015-01-19,211.470993042,0.40061523,
2015-01-20,212.9069976807,0.46803902,
2015-01-21,211.3780059814,0.44499003,
2015-01-22,227.3220062256,0.44492478,
2015-01-23,233.516998291,0.43107335,
2015-01-24,232.6999969482,0.73540336,
2015-01-25,247.3520050049,0.37330263,
2015-01-26,254.078994751,0.5229535,
2015-01-27,273.1669921875,0.48859739,
2015-01-28,263.3510131836,0.44778396,
2015-01-29,233.3480072021,0.5523373,
2015-01-30,232.7720031738,0.42726259,
2015-01-31,226.4409942627,0.5444783,
2015-02-01,216.8670043945,0.47532388,
2015-02-02,226.4909973145,0.36233262,
2015-02-03,237.453994751,0.87486325,
2015-02-04,227.5110015869,0.61537013,
2015-02-05,227.6649932861,0.3942528,
2015-02-06,216.9230041504,0.67149781,
2015-02-07,222.6329956055,0.5909487,
2015-02-08,227.6929931641,0.4527405,
2015-02-09,223.3890075684,0.54544448,
2015-02-10,220.2819976807,0.50335,
2015-02-11,219.7319946289,0.52133302,
2015-02-12,219.2079925537,0.49331515,
2015-02-13,221.9689941406,0.51717245,
2015-02-14,235.5279998779,0.50555001,
2015-02-15,257.5069885254,1.13168185,
2015-02-16,234.8249969482,0.40805029,
2015-02-17,233.4219970703,0.52449648,
2015-02-18,243.7799987793,0.55279694,
2015-02-19,236.4100036621,0.43342034,
2015-02-20,240.2510070801,5.14183222,
2015-02-21,243.7519989014,0.41185472,
2015-02-22,244.5440063477,0.40766333,
2015-02-23,235.9949951172,0.48404698,
2015-02-24,238.9980010986,0.42699637,
2015-02-25,238.8899993896,0.44121311,
2015-02-26,237.3370056152,0.42200861,
2015-02-27,236.4360046387,0.52801854,
2015-02-28,253.5200042725,0.60691071,
2015-03-01,254.2830047607,1.47086623,
2015-03-02,260.3569946289,0.4416885,
2015-03-03,275.0459899902,0.48740525,
2015-03-04,281.9899902344,1.23302756,
2015-03-05,272.7390136719,0.66966159,
2015-03-06,275.6000061035,1.35746177,
2015-03-07,272.2940063477,0.47242692,
2015-03-08,276.433013916,0.46608465,
2015-03-09,274.8120117188,0.56851884,
2015-03-10,289.8619995117,1.87465897,
2015-03-11,291.5249938965,0.67067679,
2015-03-12,296.1270141602,1.18623962,
2015-03-13,294.1180114746,0.470199,
2015-03-14,284.441986084,0.69446895,
2015-03-15,281.424987793,0.62102924,
2015-03-16,285.6849975586,0.70645214,
2015-03-17,290.5950012207,0.83067088,
2015-03-18,285.066986084,0.61596874,
2015-03-19,255.8800048828,0.5503202,
2015-03-20,260.9559936523,0.56870691,
2015-03-21,261.6440124512,0.9658848,
2015-03-22,259.9169921875,0.55026566,
2015-03-23,267.8949890137,0.54781112,
2015-03-24,266.5769958496,0.4889274,
2015-03-25,247.4720001221,0.54552132,
2015-03-26,246.2760009766,0.58615452,
2015-03-27,248.5659942627,0.58102492,
2015-03-28,246.9750061035,0.64599472,
2015-03-29,252.7400054932,0.54549738,
2015-03-30,242.8789978027,0.5699343,
2015-03-31,247.453994751,0.52134746,
2015-04-01,244.2230072021,0.40240602,
2015-04-02,247.0890045166,1.08454017,
2015-04-03,253.074005127,0.43669294,
2015-04-04,254.2910003662,1.00107521,
2015-04-05,253.7610015869,0.60584977,
2015-04-06,260.7210083008,0.58586746,
2015-04-07,255.2740020752,0.50164241,
2015-04-08,253.0639953613,0.7830747,
2015-04-09,244.7510070801,0.47855263,
2015-04-10,243.6940002441,0.54171717,
2015-04-11,236.0160064697,0.55288658,
2015-04-12,236.5350036621,0.47875738,
2015-04-13,235.9499969482,0.47454064,
2015-04-14,224.7590026855,0.5089381,
2015-04-15,219.0729980469,0.36924152,
2015-04-16,223.9170074463,0.46009528,
2015-04-17,228.5749969482,0.4685991,
2015-04-18,222.8529968262,0.47636634,
2015-04-19,223.4559936523,0.47553401,
2015-04-20,222.6119995117,0.5692971,
2015-04-21,224.6199951172,0.56220852,
2015-04-22,235.6020050049,0.45086679,
2015-04-23,234.0529937744,0.9788784,
2015-04-24,235.9700012207,0.45276204,
2015-04-25,231.2350006104,0.69273452,
2015-04-26,226.4100036621,0.44424691,
2015-04-27,219.4290008545,0.51139027,
2015-04-28,228.9689941406,0.62842261,
2015-04-29,225.591003418,0.62165735,
2015-04-30,225.6929931641,0.57016079,
2015-05-01,235.9389953613,0.47960126,
2015-05-02,232.341003418,0.44538035,
2015-05-03,234.8800048828,0.95559146,
2015-05-04,240.3560028076,0.48596793,
2015-05-05,238.8520050049,0.48684718,
2015-05-06,236.2489929199,0.65372451,
2015-05-07,229.6620025635,0.36021535,
2015-05-08,237.203994751,0.56916227,
2015-05-09,243.7689971924,0.59328617,
2015-05-10,241.7290039063,0.50538206,
2015-05-11,240.2989959717,0.45554335,
2015-05-12,242.1450042725,0.47394227,
2015-05-13,241.3979949951,0.5887929,
2015-05-14,236.2140045166,0.50891563,
2015-05-15,236.9550018311,0.54454344,
2015-05-16,237.6439971924,0.5596969,
2015-05-17,236.0099945068,0.59067665,
2015-05-18,236.8869934082,0.44900541,
2015-05-19,233.0370025635,0.67057258,
2015-05-20,231.8899993896,0.5425898,
2015-05-21,234.0160064697,0.4711315,
2015-05-22,235.3209991455,0.66865949,
2015-05-23,240.2859954834,0.41007262,
2015-05-24,238.9759979248,0.61092668,
2015-05-25,240.9270019531,0.4516911,
2015-05-26,237.1040039063,0.5572116,
2015-05-27,237.0650024414,0.58244375,
2015-05-28,237.2570037842,0.55460788,
2015-05-29,237.3769989014,0.74636944,
2015-05-30,237.0919952393,0.41915948,
2015-05-31,233.1349945068,0.47780219,
2015-06-01,230.233001709,0.51697148,
2015-06-02,222.8939971924,0.44066626,
2015-06-03,225.7359924316,0.46534347,
2015-06-04,225.7720031738,0.5107783,
2015-06-05,224.154006958,0.55592164,
2015-06-06,225.0050048828,0.49159938,
2015-06-07,225.595993042,0.36934141,
2015-06-08,222.8789978027,0.58083205,
2015-06-09,228.5379943848,0.5288684,
2015-06-10,228.9949951172,0.4993169,
2015-06-11,228.8549957275,0.43759142,
2015-06-12,229.7050018311,0.96650879,
2015-06-13,229.9199981689,0.42833962,
2015-06-14,232.4420013428,0.57490524,
2015-06-15,233.4219970703,0.55763588,
2015-06-16,236.7649993896,0.75827311,
2015-06-17,250.8229980469,0.6567247,
2015-06-18,249.4279937744,0.6206474,
2015-06-19,249.0429992676,0.59892614,
2015-06-20,244.5299987793,1.02779357,
2015-06-21,245.1000061035,1.28724305,
2015-06-22,243.9689941406,0.60313348,
2015-06-23,246.9270019531,0.73405828,
2015-06-24,244.2819976807,0.47788776,
2015-06-25,240.3650054932,0.50259205,
2015-06-26,242.6040039063,0.66173481,
2015-06-27,243.5489959717,0.89250247,
2015-06-28,250.9550018311,0.72952135,
2015-06-29,248.720993042,0.7201973,
2015-06-30,257.0360107422,0.862848,
2015-07-01,263.3450012207,0.75584109,
2015-07-02,258.5520019531,0.6032002,
2015-07-03,255.4589996338,0.41991505,
2015-07-04,256.4909973145,0.75352724,
2015-07-05,260.8049926758,0.50217817,
2015-07-06,271.108001709,0.79642898,
2015-07-07,269.9630126953,1.26018053,
2015-07-08,265.9819946289,0.8727444,
2015-07-09,270.8269958496,0.45810739,
2015-07-10,269.1560058594,0.71367999,
2015-07-11,284.8800048828,0.75130424,
2015-07-12,293.1400146484,1.17098071,
2015-07-13,310.8269958496,0.68405798,
2015-07-14,292.033996582,0.66788057,
2015-07-15,288.0450134277,0.62676645,
2015-07-16,286.0419921875,0.62892872,
2015-07-17,278.091003418,1.0090044,
2015-07-18,279.3309936523,0.6197421,
2015-07-19,274.766998291,0.78902818,
2015-07-20,273.4989929199,0.5163475,
2015-07-21,278.8819885254,0.62133956,
2015-07-22,275.6570129395,0.63797461,
2015-07-23,277.341003418,0.86031239,
2015-07-24,276.0050048828,0.67646414,
2015-07-25,288.1640014648,1.0482804,
2015-07-26,288.6400146484,0.88641889,
2015-07-27,292.6390075684,0.64514825,
2015-07-28,293.6329956055,0.7015,
2015-07-29,294.4840087891,0.52930792,
2015-07-30,289.1029968262,0.60730674,
2015-07-31,287.6960144043,1.40749294,
2015-08-01,284.6860046387,0.86696904,
2015-08-02,280.449005127,1.05892935,
2015-08-03,282.8059997559,0.98169114,
2015-08-04,281.2250061035,0.49461825,
2015-08-05,284.8469848633,0.79662504,
2015-08-06,281.9060058594,0.75902499,
2015-08-07,278.7409973145,0.7555944,
2015-08-08,279.7420043945,0.6413558,
2015-08-09,261.1159973145,0.6339625,
2015-08-10,265.4779968262,0.72316406,
2015-08-11,264.342010498,0.94171052,
2015-08-12,270.5979919434,0.87991547,
2015-08-13,266.183013916,0.85008432,
2015-08-14,264.1319885254,0.65452315,
2015-08-15,265.5289916992,0.6194068,
2015-08-16,261.8659973145,0.47709388,
2015-08-17,258.4899902344,0.61168266,
2015-08-18,257.925994873,0.75148525,
2015-08-19,225.671005249,0.66169333,
2015-08-20,226.8990020752,0.53307938,
2015-08-21,235.3549957275,0.41081945,
2015-08-22,232.6620025635,0.69717327,
2015-08-23,230.3760070801,1.33909007,
2015-08-24,228.1119995117,0.6359266,
2015-08-25,210.0679931641,0.3397948,
2015-08-26,222.0760040283,0.64040744,
2015-08-27,226.0500030518,0.86490403,
2015-08-28,224.7010040283,0.7498871,
2015-08-29,231.5489959717,0.65513889,
2015-08-30,229.8950042725,0.84496206,
2015-08-31,229.1139984131,0.58368408,
2015-09-01,230.2559967041,0.70023016,
2015-09-02,228.0269927979,0.6023718,
2015-09-03,229.324005127,0.60919666,
2015-09-04,227.2149963379,0.53196372,
2015-09-05,230.199005127,0.59891898,
2015-09-06,234.8699951172,0.70512902,
2015-09-07,239.9340057373,0.5371275,
2015-09-08,239.845993042,0.5652182,
2015-09-09,243.4149932861,0.86461503,
2015-09-10,238.3359985352,0.55549601,
2015-09-11,238.328994751,0.58060184,
2015-09-12,239.8549957275,0.70186757,
2015-09-13,235.2420043945,0.64836851,
2015-09-14,230.6089935303,0.5491021,
2015-09-15,230.4920043945,0.63885388,
2015-09-16,230.25,0.78422063,
2015-09-17,229.0760040283,0.74188752,
2015-09-18,233.5209960938,0.70117429,
2015-09-19,232.858001709,0.6069362,
2015-09-20,231.3990020752,0.53292038,
2015-09-21,231.2169952393,1.53047932,
2015-09-22,226.9689941406,0.81076523,
2015-09-23,230.9360046387,0.60467247,
2015-09-24,230.358001709,0.7280513,
2015-09-25,234.3619995117,0.53992839,
2015-09-26,235.0760040283,0.61031798,
2015-09-27,234.1390075684,0.69503163,
2015-09-28,232.8359985352,0.57772453,
2015-09-29,239.0160064697,0.68857955,
2015-09-30,236.6399993896,0.78920489,
2015-10-01,236.0039978027,0.69470205,
2015-10-02,237.2640075684,0.70508503,
2015-10-03,237.2019958496,0.90546938,
2015-10-04,238.5310058594,0.59311458,
2015-10-05,238.1470031738,0.70256214,
2015-10-06,240.3639984131,0.58726526,
2015-10-07,246.1699981689,0.81431622,
2015-10-08,243.0749969482,0.54777673,
2015-10-09,242.4980010986,0.74112614,
2015-10-10,243.7400054932,0.60504193,
2015-10-11,244.7420043945,0.55427233,
2015-10-12,246.875,0.45782665,
2015-10-13,245.1999969482,0.8016076,
2015-10-14,249.4929962158,0.47534038,
2015-10-15,252.1069946289,0.70449424,
2015-10-16,254.296005249,0.75219194,
2015-10-17,262.7470092773,0.73097426,
2015-10-18,270.9070129395,0.87660573,
2015-10-19,261.8609924316,0.59599791,
2015-10-20,263.5719909668,0.97932863,
2015-10-21,269.3059997559,0.85562418,
2015-10-22,266.4960021973,0.68021008,
2015-10-23,273.6489868164,0.7503261,
2015-10-24,276.5039978027,0.81867058,
2015-10-25,281.4450073242,0.994282,
2015-10-26,283.6279907227,0.7819192,
2015-10-27,285.1809997559,0.97372412,
2015-10-28,293.7030029297,1.02967626,
2015-10-29,304.324005127,1.12849803,
2015-10-30,313.9429931641,1.22003544,
2015-10-31,328.5119934082,1.7677652,
2015-11-01,315.0050048828,1.94027469,
2015-11-02,325.941986084,0.97768334,
2015-11-03,361.8729858398,0.94804293,
2015-11-04,403.6640014648,1.45245487,
2015-11-05,408.0769958496,1.35053928,
2015-11-06,388.0469970703,1.07237513,
2015-11-07,374.2690124512,1.9368128,
2015-11-08,384.2780151367,0.96207018,
2015-11-09,374.324005127,1.241276,
2015-11-10,379.9840087891,0.76435923,
2015-11-11,339.8200073242,0.88708526,
2015-11-12,314.0790100098,0.98906643,
2015-11-13,338.4979858398,1.53775804,
2015-11-14,336.6239929199,1.12151938,
2015-11-15,333.050994873,0.98420026,
2015-11-16,319.7349853516,1.14771019,
2015-11-17,330.3619995117,1.11874596,
2015-11-18,334.5929870605,0.82448636,
2015-11-19,334.6789855957,0.96501781,
2015-11-20,326.4110107422,0.96387206,
2015-11-21,322.092010498,1.07244135,
2015-11-22,326.9750061035,1.82999921,
2015-11-23,324.3500061035,0.81332173,
2015-11-24,323.0140075684,1.0619305,
2015-11-25,320.0450134277,1.15003645,
2015-11-26,328.3030090332,1.12085451,
2015-11-27,351.8609924316,0.99294137,
2015-11-28,357.1409912109,1.19062652,
2015-11-29,357.4719848633,0.9061265,
2015-11-30,371.4370117188,0.76294089,
2015-12-01,377.4140014648,1.0935491,
2015-12-02,361.8450012207,0.85191989,
2015-12-03,359.3309936523,0.95118202,
2015-12-04,361.2619934082,1.3122411,
2015-12-05,363.7210083008,0.68400834,
2015-12-06,389.5549926758,1.31884139,
2015-12-07,389.9779968262,1.09350341,
2015-12-08,395.7539978027,1.15435123,
2015-12-09,414.4410095215,1.58639217,
2015-12-10,417.9880065918,1.38894098,
2015-12-11,415.2810058594,1.12056011,
2015-12-12,452.3349914551,1.20609141,
2015-12-13,431.6600036621,1.2055178,
2015-12-14,433.2720031738,2.07057565,
2015-12-15,443.8779907227,1.38269326,
2015-12-16,465.2080078125,1.39249851,
2015-12-17,454.7770080566,1.12728452,
2015-12-18,455.8469848633,1.59022253,
2015-12-19,463.5520019531,1.4675486,
2015-12-20,462.2340087891,1.28550282,
2015-12-21,442.8380126953,1.06597021,
2015-12-22,437.4360046387,1.63350929,
2015-12-23,436.7200012207,1.23391158,
2015-12-24,443.091003418,1.32575162,
2015-12-25,454.8550109863,1.50307481,
2015-12-26,455.7560119629,1.14764648,
2015-12-27,416.5140075684,0.94079284,
2015-12-28,423.3429870605,1.21982356,
2015-12-29,422.0979919434,1.24260976,
2015-12-30,433.299987793,1.11161708,
2015-12-31,425.875,1.041346,
2016-01-01,430.7210083008,1.31658411,
2016-01-02,434.6220092773,1.1840992,
2016-01-03,433.5780029297,0.820955,
2016-01-04,430.0610046387,1.14263877,
2016-01-05,433.0690002441,1.10715934,
2016-01-06,431.8559875488,1.23754816,
2016-01-07,430.0109863281,4.05334623,
2016-01-08,457.5379943848,1.25810847,
2016-01-09,453.3829956055,1.06798369,
2016-01-10,448.2380065918,1.93701307,
2016-01-11,448.6979980469,1.28953927,
2016-01-12,448.1820068359,1.22399975,
2016-01-13,434.6650085449,1.00611916,
2016-01-14,432.2879943848,1.3238877,
2016-01-15,430.2550048828,1.07094308,
2016-01-16,365.0729980469,1.18719666,
2016-01-17,387.1520080566,1.27970072,
2016-01-18,381.733001709,1.22353811,
2016-01-19,387.0260009766,1.38879472,
2016-01-20,379.7399902344,1.11898845,
2016-01-21,419.6319885254,1.50288127,
2016-01-22,409.7510070801,0.57127782,
2016-01-23,382.4339904785,0.96405272,
2016-01-24,388.1019897461,1.2387984,
2016-01-25,402.316986084,1.2617467,
2016-01-26,392.0020141602,1.08069657,
2016-01-27,392.4440002441,1.2532428,
2016-01-28,395.1459960938,1.00855713,
2016-01-29,380.108001709,1.17364216,
2016-01-30,378.8649902344,1.35573154,
2016-01-31,378.2929992676,1.53665772,
2016-02-01,369.3500061035,0.5068483,
2016-02-02,372.9200134277,1.1567569,
2016-02-03,374.6459960938,0.83661849,
2016-02-04,370.1740112305,1.08249139,
2016-02-05,388.8980102539,0.98570506,
2016-02-06,386.5889892578,1.00800332,
2016-02-07,376.5140075684,1.27503035,
2016-02-08,376.7569885254,0.99175591,
2016-02-09,373.4230041504,0.65833561,
2016-02-10,376.1459960938,1.26144099,
2016-02-11,382.1140136719,1.53059932,
2016-02-12,379.6860046387,1.03390241,
2016-02-13,384.6409912109,1.17324447,
2016-02-14,392.9320068359,1.1922212,
2016-02-15,407.5679931641,0.88812823,
2016-02-16,401.4320068359,1.17665851,
2016-02-17,407.6560058594,1.59330171,
2016-02-18,416.5719909668,1.1022169,
2016-02-19,422.7300109863,1.51138096,
2016-02-20,421.6010131836,1.32361227,
2016-02-21,437.7730102539,0.86906905,
2016-02-22,438.9890136719,1.23427034,
2016-02-23,438.2550048828,1.46287453,
2016-02-24,420.9559936523,1.6887289,
2016-02-25,425.0369873047,1.07628069,
2016-02-26,424.6289978027,1.54450616,
2016-02-27,432.8389892578,1.01343624,
2016-02-28,432.5710144043,1.80912568,
2016-02-29,433.4379882813,1.8395274,
2016-03-01,437.9169921875,1.27458292,
2016-03-02,435.1310119629,1.92980129,
2016-03-03,423.9119873047,1.05496074,
2016-03-04,421.8359985352,1.20217834,
2016-03-05,410.7810058594,1.68052967,
2016-03-06,400.5249938965,1.33959097,
2016-03-07,407.7569885254,1.49008743,
2016-03-08,414.4649963379,1.06722194,
2016-03-09,413.8940124512,0.7720931,
2016-03-10,414.7439880371,1.09968616,
2016-03-11,417.2380065918,1.10886347,
2016-03-12,421.6050109863,1.52332766,
2016-03-13,411.6480102539,1.23227486,
2016-03-14,414.2009887695,1.49281118,
2016-03-15,416.3880004883,1.23041729,
2016-03-16,416.8880004883,1.30122065,
2016-03-17,417.8890075684,1.30559562,
2016-03-18,420.5469970703,1.5888653,
2016-03-19,409.2650146484,0.80006925,
2016-03-20,410.4010009766,0.82656152,
2016-03-21,413.4179992676,1.39332939,
2016-03-22,413.1319885254,2.131913,
2016-03-23,418.1610107422,1.35355935,
2016-03-24,418.4240112305,1.59139584,
2016-03-25,416.5079956055,1.52346155,
2016-03-26,417.3649902344,1.69249788,
2016-03-27,418.1400146484,1.3557143,
2016-03-28,426.5480041504,1.4181947,
2016-03-29,424.3039855957,1.50407439,
2016-03-30,416.8340148926,1.29752176,
2016-03-31,415.2569885254,1.23625274,
2016-04-01,416.7600097656,1.88727167,
2016-04-02,418.4219970703,1.78886009,
2016-04-03,421.1730041504,1.53775522,
2016-04-04,421.2990112305,1.51248049,
2016-04-05,421.016998291,1.7560887,
2016-04-06,424.283996582,1.52059265,
2016-04-07,423.6199951172,1.72223908,
2016-04-08,422.9070129395,0.98198352,
2016-04-09,420.8110046387,1.1338296,
2016-04-10,419.592010498,1.63439686,
2016-04-11,421.8720092773,1.45000352,
2016-04-12,422.8429870605,1.42794245,
2016-04-13,425.6319885254,1.0623115,
2016-04-14,423.9349975586,1.06950677,
2016-04-15,424.4270019531,1.17796807,
2016-04-16,429.575012207,1.07353773,
2016-04-17,430.6359863281,0.95971636,
2016-04-18,427.6109924316,1.13666127,
2016-04-19,428.7030029297,1.27906611,
2016-04-20,435.324005127,1.24243887,
2016-04-21,441.4159851074,1.38397933,
2016-04-22,449.6879882813,1.84790206,
2016-04-23,445.8609924316,1.55390501,
2016-04-24,450.5599975586,1.66939255,
2016-04-25,459.1210021973,1.36930412,
2016-04-26,461.6480102539,1.40943263,
2016-04-27,466.2619934082,1.60892768,
2016-04-28,445.0379943848,1.51641625,
2016-04-29,449.407989502,1.2349558,
2016-04-30,455.1780090332,1.51234476,
2016-05-01,448.4840087891,1.90485513,
2016-05-02,451.933013916,1.53064158,
2016-05-03,444.7269897461,1.46127158,
2016-05-04,450.183013916,1.17594,
2016-05-05,446.7109985352,1.4132049,
2016-05-06,447.941986084,1.65166458,
2016-05-07,459.6390075684,0.9928139,
2016-05-08,458.4289855957,1.52965404,
2016-05-09,458.2059936523,1.50148323,
2016-05-10,460.5180053711,2.15490495,
2016-05-11,450.8640136719,1.34406893,
2016-05-12,452.4469909668,1.39475333,
2016-05-13,454.8500061035,1.2058887,
2016-05-14,455.8229980469,2.12280979,
2016-05-15,455.7590026855,1.41189263,
2016-05-16,457.5859985352,0.93760972,
2016-05-17,454.0090026855,1.54314586,
2016-05-18,453.6910095215,1.09328192,
2016-05-19,454.5239868164,1.59660412,
2016-05-20,437.7929992676,1.4522722,
2016-05-21,442.966003418,1.27974096,
2016-05-22,443.2179870605,1.53449089,
2016-05-23,439.3479919434,1.46944957,
2016-05-24,444.2909851074,1.08114106,
2016-05-25,446.0620117188,1.32002133,
2016-05-26,449.6719970703,1.25024639,
2016-05-27,453.5209960938,1.84952163,
2016-05-28,473.0289916992,1.28207047,
2016-05-29,527.4769897461,1.65581197,
2016-05-30,528.4710083008,1.58573703,
2016-05-31,534.1909790039,1.6712826,
2016-06-01,531.1069946289,1.22224009,
2016-06-02,536.5150146484,2.70048894,
2016-06-03,537.6820068359,1.35504823,
2016-06-04,569.7050170898,1.55735334,
2016-06-05,573.3079833984,1.78796386,
2016-06-06,574.6019897461,1.3581041,
2016-06-07,585.4450073242,1.40957454,
2016-06-08,577.1669921875,1.59836065,
2016-06-09,582.2030029297,1.6310871,
2016-06-10,575.8369750977,1.79095524,
2016-06-11,578.6740112305,1.82070794,
2016-06-12,609.6840209961,1.72090438,
2016-06-13,671.6539916992,1.81670167,
2016-06-14,704.5040283203,1.27499943,
2016-06-15,685.6849975586,1.96910766,
2016-06-16,696.5230102539,1.77958216,
2016-06-17,768.4869995117,1.847306,
2016-06-18,748.7559814453,1.943383,
2016-06-19,756.6879882813,1.98675723,
2016-06-20,763.9270019531,1.84900465,
2016-06-21,735.8829956055,1.77820028,
2016-06-22,665.9149780273,1.6765062,
2016-06-23,597.4429931641,1.82792249,
2016-06-24,625.575012207,1.88826203,
2016-06-25,665.2810058594,1.40057376,
2016-06-26,665.9310302734,2.15303844,
2016-06-27,629.3489990234,2.48626403,
2016-06-28,658.1019897461,1.75781806,
2016-06-29,644.1220092773,1.65484174,
2016-06-30,640.591003418,1.74744999,
2016-07-01,672.5150146484,1.73674317,
2016-07-02,676.7340087891,2.30696535,
2016-07-03,704.9680175781,1.90351486,
2016-07-04,658.8040161133,1.70688148,
2016-07-05,683.208984375,2.23978444,
2016-07-06,670.4180297852,2.02992486,
2016-07-07,678.0900268555,1.56372042,
2016-07-08,640.6879882813,1.73391186,
2016-07-09,666.383972168,1.79760723,
2016-07-10,650.5989990234,4.05767446,
2016-07-11,648.4840087891,3.2151461,
2016-07-12,648.2830200195,2.1104164,
2016-07-13,664.7969970703,1.74999913,
2016-07-14,652.9229736328,1.74970785,
2016-07-15,659.1710205078,1.76510611,
2016-07-16,663.7810058594,1.99232321,
2016-07-17,661.992980957,2.27493738,
2016-07-18,679.8090209961,1.76200016,
2016-07-19,672.7379760742,1.41070345,
2016-07-20,672.8060302734,1.54885825,
2016-07-21,665.2280273438,1.69369331,
2016-07-22,664.9219970703,1.64863892,
2016-07-23,650.7260131836,1.29896489,
2016-07-24,655.4099731445,2.50935232,
2016-07-25,661.2630004883,1.67046446,
2016-07-26,654.2260131836,1.88892123,
2016-07-27,651.6270141602,1.90596906,
2016-07-28,654.4920043945,2.13867561,
2016-07-29,655.1110229492,2.4855256,
2016-07-30,657.0120239258,2.28317562,
2016-07-31,655.0999755859,1.9263825,
2016-08-01,624.6019897461,1.52824665,
2016-08-02,606.3969726563,1.613197,
2016-08-03,548.6560058594,1.48276635,
2016-08-04,566.3289794922,1.45132471,
2016-08-05,578.2810058594,1.61315606,
2016-08-06,575.0300292969,1.61212978,
2016-08-07,587.7709960938,1.57459445,
2016-08-08,592.7360229492,1.505706,
2016-08-09,591.0380249023,1.58524692,
2016-08-10,587.6480102539,1.72165356,
2016-08-11,592.1240234375,1.74688201,
2016-08-12,588.7979736328,1.45081977,
2016-08-13,587.3569946289,1.58266061,
2016-08-14,585.5889892578,1.38008019,
2016-08-15,570.4940185547,1.40119837,
2016-08-16,567.242980957,1.4659881,
2016-08-17,577.7609863281,1.60637286,
2016-08-18,573.7069702148,2.51101627,
2016-08-19,574.3389892578,1.58077878,
2016-08-20,576.083984375,1.84795159,
2016-08-21,581.9390258789,1.63813677,
2016-08-22,581.3109741211,1.456488,
2016-08-23,586.7709960938,1.51426657,
2016-08-24,583.4119873047,1.5009601,
2016-08-25,580.1799926758,2.49258616,
2016-08-26,577.7529907227,1.73932129,
2016-08-27,579.4520263672,1.43266571,
2016-08-28,569.8300170898,1.53626755,
2016-08-29,574.0709838867,1.18329337,
2016-08-30,574.1140136719,1.41939877,
2016-08-31,577.591003418,1.53670731,
2016-09-01,575.5460205078,1.85047131,
2016-09-02,572.4099731445,1.66367084,
2016-09-03,575.5549926758,1.51401164,
2016-09-04,598.5900268555,1.47018984,
2016-09-05,608.9899902344,1.49874051,
2016-09-06,606.5059814453,1.59295577,
2016-09-07,610.5729980469,1.51447846,
2016-09-08,614.6350097656,1.95539088,
2016-09-09,626.3519897461,1.60249937,
2016-09-10,622.9270019531,2.13115984,
2016-09-11,623.4240112305,2.23172932,
2016-09-12,607.0050048828,1.54543156,
2016-09-13,608.0250244141,2.01114823,
2016-09-14,608.841003418,1.6847538,
2016-09-15,610.5880126953,1.71602777,
2016-09-16,607.2459716797,1.85120245,
2016-09-17,607.2180175781,1.49974952,
2016-09-18,606.2830200195,1.86361456,
2016-09-19,609.8709716797,1.68131402,
2016-09-20,609.2540283203,2.19683554,
2016-09-21,603.5880126953,1.45895559,
2016-09-22,597.2789916992,1.56430706,
2016-09-23,596.1989746094,1.53028092,
2016-09-24,602.9609985352,0.85481551,
2016-09-25,602.7490234375,2.32053245,
2016-09-26,600.8070068359,1.86814226,
2016-09-27,608.0219726563,1.79223128,
2016-09-28,606.242980957,1.47070875,
2016-09-29,605.0189819336,1.60145047,
2016-09-30,605.7150268555,1.6445385,
2016-10-01,609.9290161133,1.62319419,
2016-10-02,613.9479980469,1.77582275,
2016-10-03,610.9680175781,1.69900637,
2016-10-04,612.0520019531,2.57789144,
2016-10-05,610.2180175781,1.48486638,
2016-10-06,612.4699707031,1.76280132,
2016-10-07,612.6079711914,1.6336837,
2016-10-08,617.341003418,1.74175334,
2016-10-09,619.1719970703,1.53520312,
2016-10-10,616.8220214844,1.60067665,
2016-10-11,619.2379760742,1.52862554,
2016-10-12,640.8709716797,1.78444534,
2016-10-13,636.0300292969,1.60787199,
2016-10-14,637.0079956055,1.58287016,
2016-10-15,640.3109741211,1.52422482,
2016-10-16,639.0830078125,1.8772986,
2016-10-17,641.8179931641,1.9529597,
2016-10-18,639.4110107422,1.69587093,
2016-10-19,638.133972168,1.77630254,
2016-10-20,630.6630249023,1.60376951,
2016-10-21,630.825012207,1.97903713,
2016-10-22,633.1359863281,1.93877354,
2016-10-23,657.6209716797,1.7145206,
2016-10-24,657.1610107422,1.22833255,
2016-10-25,654.0020141602,1.61413756,
2016-10-26,657.6779785156,1.83146719,
2016-10-27,678.2139892578,1.8497307,
2016-10-28,688.0,1.81419181,
2016-10-29,690.2890014648,1.75872245,
2016-10-30,714.117980957,1.4129191,
2016-10-31,702.6400146484,1.69953867,
2016-11-01,701.3369750977,2.16160617,
2016-11-02,730.0659790039,1.77717476,
2016-11-03,742.3460083008,1.75172071,
2016-11-04,689.1240234375,1.92314736,
2016-11-05,703.5250244141,1.88112531,
2016-11-06,703.8120117188,2.16465722,
2016-11-07,710.7360229492,1.89178296,
2016-11-08,703.0889892578,2.3193929,
2016-11-09,709.825012207,1.72330101,
2016-11-10,722.8439941406,2.85071911,
2016-11-11,715.5549926758,2.14937958,
2016-11-12,716.7520141602,1.67290115,
2016-11-13,705.1959838867,1.78642093,
2016-11-14,701.9970092773,1.90793976,
2016-11-15,705.7940063477,1.53391198,
2016-11-16,711.1669921875,2.15879531,
2016-11-17,744.8759765625,1.42055525,
2016-11-18,740.7050170898,2.07520684,
2016-11-19,751.8330078125,1.98543006,
2016-11-20,751.8790283203,1.82684249,
2016-11-21,731.2650146484,1.78335311,
2016-11-22,739.6430053711,1.25503821,
2016-11-23,751.741027832,2.01178179,
2016-11-24,744.6199951172,2.66856568,
2016-11-25,740.4420166016,1.88400624,
2016-11-26,741.5109863281,1.72057224,
2016-11-27,735.4370117188,1.90018968,
2016-11-28,732.4840087891,1.74027657,
2016-11-29,736.3289794922,1.84478759,
2016-11-30,736.283996582,1.5540677,
2016-12-01,746.0460205078,1.7150347,
2016-12-02,757.5449829102,1.55611345,
2016-12-03,778.2479858398,2.01706607,
2016-12-04,771.6380004883,1.68496027,
2016-12-05,773.3939819336,2.16266036,
2016-12-06,758.7199707031,1.67614835,
2016-12-07,764.2109985352,1.83039293,
2016-12-08,768.0759887695,2.12014997,
2016-12-09,769.9439697266,1.80573011,
2016-12-10,773.0230102539,1.9096542,
2016-12-11,774.7520141602,1.70106255,
2016-12-12,770.0399780273,1.70657435,
2016-12-13,780.6469726563,2.28119891,
2016-12-14,780.0050048828,1.8064089,
2016-12-15,780.0700073242,1.95346122,
2016-12-16,778.9630126953,1.43738479,
2016-12-17,785.166015625,1.5748851,
2016-12-18,791.0079956055,2.32443349,
2016-12-19,790.6920166016,1.63758411,
2016-12-20,792.2470092773,2.1961467,
2016-12-21,800.6439819336,2.81308587,
2016-12-22,834.1799926758,2.25560059,
2016-12-23,864.8880004883,2.16121997,
2016-12-24,922.1799926758,1.94178569,
2016-12-25,899.6519775391,1.77127428,
2016-12-26,896.9050292969,1.66344873,
2016-12-27,908.3540039063,2.16121099,
2016-12-28,934.8309936523,3.18784045,
2016-12-29,975.125,2.56873751,
2016-12-30,972.5349731445,2.62331596,
2016-12-31,960.6270141602,2.16877817,
2017-01-01,963.6580200195,2.10555414,
2017-01-02,998.6170043945,2.5709235,
2017-01-03,1021.5999755859,2.5889805,
2017-01-04,1044.4000244141,2.01522946,
2017-01-05,1156.7299804688,2.09207059,
2017-01-06,1014.2399902344,1.87808108,
2017-01-07,903.4869995117,2.04986525,
2017-01-08,908.174987793,1.77497918,
2017-01-09,913.2440185547,1.71755751,
2017-01-10,902.4400024414,1.93188633,
2017-01-11,908.1149902344,1.51808831,
2017-01-12,775.1779785156,1.7117781,
2017-01-13,803.7369995117,1.43636972,
2017-01-14,825.1420288086,1.91421283,
2017-01-15,818.1420288086,1.78429083,
2017-01-16,821.7830200195,1.93077884,
2017-01-17,830.9459838867,1.7084772,
2017-01-18,909.3729858398,2.07296542,
2017-01-19,888.3350219727,1.81469843,
2017-01-20,898.1719970703,1.52733624,
2017-01-21,895.5490112305,2.28533395,
2017-01-22,922.2050170898,2.32792895,
2017-01-23,925.4990234375,2.27117166,
2017-01-24,910.6770019531,1.67276623,
2017-01-25,891.9240112305,1.74706989,
2017-01-26,902.3950195313,1.73297535,
2017-01-27,918.3590087891,3.11517118,
2017-01-28,919.8109741211,2.41736663,
2017-01-29,922.0670166016,2.861146,
2017-01-30,920.1510009766,2.09427592,
2017-01-31,920.958984375,1.95285112,
2017-02-01,970.9409790039,2.18112071,
2017-02-02,990.0009765625,2.2054985,
2017-02-03,1011.4600219727,1.88459364,
2017-02-04,1031.3299560547,2.44978417,
2017-02-05,1043.5200195313,2.30343323,
2017-02-06,1028.4000244141,1.99275844,
2017-02-07,1040.1400146484,1.9836916,
2017-02-08,1062.3199462891,2.15544784,
2017-02-09,1064.6999511719,2.07409302,
2017-02-10,995.632019043,2.15175101,
2017-02-11,988.8980102539,2.4886142,
2017-02-12,1003.5200195313,2.30568029,
2017-02-13,998.8850097656,2.22249135,
2017-02-14,991.7349853516,2.33525144,
2017-02-15,1006.2100219727,2.10551921,
2017-02-16,1007.6500244141,2.07110781,
2017-02-17,1026.1199951172,2.97335831,
2017-02-18,1049.2099609375,2.83192276,
2017-02-19,1054.7600097656,2.9270262,
2017-02-20,1048.6899414063,2.706019,
2017-02-21,1079.2800292969,2.9084401,
2017-02-22,1114.8000488281,2.64514115,
2017-02-23,1117.2700195313,2.21645006,
2017-02-24,1172.7099609375,4.6923065,
2017-02-25,1170.4100341797,2.58005617,
2017-02-26,1144.2700195313,2.25996391,
2017-02-27,1163.7800292969,2.5576652,
2017-02-28,1180.7199707031,2.69758141,
2017-03-01,1180.0400390625,2.81870665,
2017-03-02,1224.6800537109,2.86806237,
2017-03-03,1250.7099609375,2.66574467,
2017-03-04,1277.4300537109,2.71144681,
2017-03-05,1254.2900390625,2.9152126,
2017-03-06,1267.4699707031,2.4381217,
2017-03-07,1273.2099609375,2.54003761,
2017-03-08,1223.2299804688,2.59517641,
2017-03-09,1150.3499755859,2.40182041,
2017-03-10,1189.3599853516,2.34717288,
2017-03-11,1116.3199462891,3.01678863,
2017-03-12,1176.6199951172,2.66903632,
2017-03-13,1221.7800292969,2.82627775,
2017-03-14,1232.1600341797,2.6983752,
2017-03-15,1240.1600341797,2.49230389,
2017-03-16,1251.3299560547,2.68458437,
2017-03-17,1180.1600341797,2.75376922,
2017-03-18,1099.6899414063,1.93813329,
2017-03-19,976.7299804688,2.4182435,
2017-03-20,1037.2399902344,2.31741686,
2017-03-21,1055.3599853516,2.406392,
2017-03-22,1120.6500244141,2.30904128,
2017-03-23,1050.0500488281,1.80407337,
2017-03-24,1038.4499511719,1.48872819,
2017-03-25,936.5399780273,1.67082588,
2017-03-26,974.0150146484,2.7997682,
2017-03-27,972.0549926758,2.58732765,
2017-03-28,1044.5799560547,2.30096364,
2017-03-29,1046.0799560547,2.32430524,
2017-03-30,1042.2099609375,2.20924943,
2017-03-31,1026.6400146484,2.98925922,
2017-04-01,1071.7099609375,4.04158729,
2017-04-02,1080.6099853516,3.5974824,
2017-04-03,1102.9499511719,2.92231791,
2017-04-04,1145.5200195313,2.54740964,
2017-04-05,1134.1400146484,2.57463283,
2017-04-06,1125.8100585938,2.58389055,
2017-04-07,1178.9399414063,4.38693327,
2017-04-08,1172.6500244141,4.0957983,
2017-04-09,1176.5699462891,2.34381773,
2017-04-10,1187.3000488281,2.65013836,
2017-04-11,1187.4599609375,2.55771657,
2017-04-12,1204.8100585938,4.97396632,
2017-04-13,1201.0200195313,2.34862997,
2017-04-14,1170.3299560547,1.96039541,
2017-04-15,1167.3000488281,2.90041353,
2017-04-16,1172.6099853516,2.9885302,
2017-04-17,1183.25,2.21771485,
2017-04-18,1193.7700195313,2.56680812,
2017-04-19,1212.1300048828,3.09607933,
2017-04-20,1211.0799560547,2.42947067,
2017-04-21,1229.4200439453,2.94148466,
2017-04-22,1222.7099609375,2.61369214,
2017-04-23,1231.9200439453,2.71705862,
2017-04-24,1209.6300048828,2.95748305,
2017-04-25,1250.4499511719,2.80292504,
2017-04-26,1265.9899902344,2.68488122,
2017-04-27,1281.8800048828,2.53998411,
2017-04-28,1317.7399902344,2.83968962,
2017-04-29,1317.8399658203,3.4957147,
2017-04-30,1321.8699951172,3.85632486,
2017-05-01,1348.3000488281,4.53294028,
2017-05-02,1421.0300292969,3.54516063,
2017-05-03,1453.7800292969,3.10626302,
2017-05-04,1490.7199707031,3.0590423,
2017-05-05,1540.8699951172,3.34995693,
2017-05-06,1556.8100585938,3.64016683,
2017-05-07,1579.4699707031,3.33420151,
2017-05-08,1596.9200439453,3.73164422,
2017-05-09,1723.8900146484,3.45164056,
2017-05-10,1756.5200195313,3.6185676,
2017-05-11,1780.3699951172,6.48211606,
2017-05-12,1845.7600097656,3.56341766,
2017-05-13,1723.1199951172,3.57562827,
2017-05-14,1800.8599853516,3.3955299,
2017-05-15,1808.4399414063,3.44659508,
2017-05-16,1741.6999511719,4.15617218,
2017-05-17,1726.7299804688,3.57827022,
2017-05-18,1818.6999511719,3.7725955,
2017-05-19,1897.3699951172,3.6466994,
2017-05-20,1984.2399902344,4.949051,
2017-05-21,2067.0300292969,3.89158646,
2017-05-22,2043.1899414063,4.18288551,
2017-05-23,2191.5600585938,4.69395777,
2017-05-24,2321.3701171875,5.2021175,
2017-05-25,2446.2399902344,4.61778271,
2017-05-26,2320.8898925781,4.99051914,
2017-05-27,2196.2700195313,4.02304255,
2017-05-28,2054.080078125,3.42620215,
2017-05-29,2159.4299316406,4.10337779,
2017-05-30,2255.3601074219,4.61795075,
2017-05-31,2187.1899414063,6.438941,
2017-06-01,2288.330078125,5.43889379,
2017-06-02,2404.0300292969,4.36126611,
2017-06-03,2493.7199707031,4.53208339,
2017-06-04,2547.7900390625,4.70354345,
2017-06-05,2512.3999023438,4.8238943,
2017-06-06,2690.8400878906,5.84048408,
2017-06-07,2869.3798828125,5.3340025,
2017-06-08,2720.4899902344,4.48609986,
2017-06-09,2807.4399414063,5.17313493,
2017-06-10,2828.1398925781,10.10557837,
2017-06-11,2942.4099121094,5.8701679,
2017-06-12,2953.2199707031,9.63214859,
2017-06-13,2680.9099121094,11.6485276,
2017-06-14,2716.8798828125,4.78298513,
2017-06-15,2499.580078125,5.21856141,
2017-06-16,2469.5700683594,7.2813977,
2017-06-17,2514.0100097656,4.83318349,
2017-06-18,2655.3500976563,4.79032558,
2017-06-19,2549.0300292969,5.27956186,
2017-06-20,2591.2600097656,5.28541931,
2017-06-21,2709.4299316406,4.38704326,
2017-06-22,2691.0300292969,5.54383854,
2017-06-23,2707.3400878906,4.10542161,
2017-06-24,2738.5200195313,4.10359796,
2017-06-25,2607.25,4.11510786,
2017-06-26,2590.5700683594,3.9995429,
2017-06-27,2478.4499511719,3.64309074,
2017-06-28,2553.0300292969,4.6649439,
2017-06-29,2567.5600585938,4.45213963,
2017-06-30,2539.2399902344,4.43155545,
2017-07-01,2492.6000976563,4.07347633,
2017-07-02,2436.3999023438,4.78056732,
2017-07-03,2498.5600585938,5.28392548,
2017-07-04,2561.0,5.85806285,
2017-07-05,2602.8701171875,5.18034961,
2017-07-06,2608.1000976563,4.93846565,
2017-07-07,2608.5900878906,4.21485114,
2017-07-08,2520.2700195313,4.14972957,
2017-07-09,2572.6101074219,6.39705766,
2017-07-10,2525.25,3.82651512,
2017-07-11,2385.8898925781,3.85325046,
2017-07-12,2332.7700195313,3.71917127,
2017-07-13,2402.6999511719,4.3183738,
2017-07-14,2360.5900878906,3.64371152,
2017-07-15,2230.1201171875,4.08500719,
2017-07-16,1991.9799804688,3.02819689,
2017-07-17,1932.6199951172,6.12898667,
2017-07-18,2233.5200195313,3.92361813,
2017-07-19,2323.080078125,3.72987619,
2017-07-20,2269.8898925781,4.53674918,
2017-07-21,2838.4099121094,5.47151446,
2017-07-22,2668.6298828125,4.69802975,
2017-07-23,2808.1000976563,5.24651945,
2017-07-24,2732.6999511719,5.92605577,
2017-07-25,2757.5,4.01958966,
2017-07-26,2577.7700195313,4.14796367,
2017-07-27,2538.7099609375,4.22794157,
2017-07-28,2679.7299804688,6.37055887,
2017-07-29,2807.0200195313,4.36631131,
2017-07-30,2724.3898925781,3.97384469,
2017-07-31,2763.2399902344,4.40581649,
2017-08-01,2871.3000488281,4.20326606,
2017-08-02,2727.1298828125,4.81832624,
2017-08-03,2709.5600585938,6.18169947,
2017-08-04,2806.9299316406,7.0542162,
2017-08-05,2897.6298828125,5.5935555,
2017-08-06,3257.6101074219,6.00769211,
2017-08-07,3212.7800292969,4.9994379,
2017-08-08,3370.2199707031,5.10738826,
2017-08-09,3420.3999023438,5.1203446,
2017-08-10,3341.8400878906,5.50580397,
2017-08-11,3373.8200683594,5.86134011,
2017-08-12,3650.6298828125,7.0897327,
2017-08-13,3880.0400390625,7.80617643,
2017-08-14,4066.1000976563,6.56043225,
2017-08-15,4326.990234375,7.32445691,
2017-08-16,4200.33984375,7.21324361,
2017-08-17,4384.4399414063,6.32865411,
2017-08-18,4324.33984375,8.10005992,
2017-08-19,4137.75,8.34696727,
2017-08-20,4189.3100585938,7.84335289,
2017-08-21,4090.4799804688,5.91889224,
2017-08-22,3998.3500976563,6.66760172,
2017-08-23,4089.0100097656,11.29521887,
2017-08-24,4137.6000976563,7.35979571,
2017-08-25,4332.8198242188,7.87349234,
2017-08-26,4372.0600585938,9.158126,
2017-08-27,4345.1000976563,7.14386246,
2017-08-28,4384.4501953125,6.17708905,
2017-08-29,4389.2099609375,7.21753963,
2017-08-30,4570.3598632813,6.710244,
2017-08-31,4555.58984375,7.16031849,
2017-09-01,4701.759765625,5.99526711,
2017-09-02,4901.419921875,6.34805306,
2017-09-03,4585.2700195313,8.51292295,
2017-09-04,4591.6298828125,6.78874538,
2017-09-05,4228.2900390625,6.56315624,
2017-09-06,4376.58984375,8.3021711,
2017-09-07,4589.1401367188,6.61459385,
2017-09-08,4605.16015625,6.57542088,
2017-09-09,4229.8100585938,6.89620775,
2017-09-10,4229.33984375,4.4117037,
2017-09-11,4122.4702148438,7.66973988,
2017-09-12,4168.8798828125,5.39542138,
2017-09-13,4131.9799804688,5.49159899,
2017-09-14,3875.3701171875,5.39417284,
2017-09-15,3166.3000488281,4.07389155,
2017-09-16,3637.75,6.16342026,
2017-09-17,3606.2800292969,6.12568804,
2017-09-18,3591.0900878906,5.58114141,
2017-09-19,4073.7900390625,5.38239883,
2017-09-20,3916.3601074219,6.98147487,
2017-09-21,3901.4699707031,5.59095126,
2017-09-22,3628.0200195313,7.75745874,
2017-09-23,3629.919921875,4.52063361,
2017-09-24,3796.1499023438,5.33552317,
2017-09-25,3681.580078125,5.71747538,
2017-09-26,3928.4099121094,5.80348214,
2017-09-27,3892.9399414063,6.93820295,
2017-09-28,4197.1298828125,5.46518605,
2017-09-29,4171.6201171875,6.18398316,
2017-09-30,4166.1098632813,5.83790997,
2017-10-01,4341.0498046875,9.69104723,
2017-10-02,4395.8100585938,7.158588,
2017-10-03,4408.4599609375,6.85618377,
2017-10-04,4319.3701171875,5.98241842,
2017-10-05,4229.8798828125,7.10927103,
2017-10-06,4324.4599609375,8.09507005,
2017-10-07,4369.3500976563,9.07857349,
2017-10-08,4429.669921875,6.46433266,
2017-10-09,4614.5200195313,7.80293269,
2017-10-10,4776.2099609375,7.48081678,
2017-10-11,4789.25,7.17650112,
2017-10-12,4829.580078125,8.26140875,
2017-10-13,5464.16015625,11.52033423,
2017-10-14,5643.5297851563,7.50121586,
2017-10-15,5835.9599609375,14.48741476,
2017-10-16,5687.5698242188,16.11688234,
2017-10-17,5741.580078125,6.5631569,
2017-10-18,5603.8198242188,6.91185094,
2017-10-19,5583.740234375,17.05846492,
2017-10-20,5708.1098632813,7.73925065,
2017-10-21,5996.7900390625,6.87873224,
2017-10-22,6036.66015625,7.20046692,
2017-10-23,6006.0,9.26076905,
2017-10-24,5935.5200195313,9.32045074,
2017-10-25,5524.6000976563,5.94389975,
2017-10-26,5747.9501953125,9.86457788,
2017-10-27,5899.740234375,4.4137593,
2017-10-28,5787.8198242188,7.53896267,
2017-10-29,5754.4399414063,8.26952891,
2017-10-30,6114.8500976563,7.95828905,
2017-10-31,6132.0200195313,13.29518555,
2017-11-01,6440.9702148438,15.16254474,
2017-11-02,6777.7700195313,6.83767656,
2017-11-03,7087.5297851563,12.720756,
2017-11-04,7164.4799804688,9.52498222,
2017-11-05,7404.5200195313,21.58119129,
2017-11-06,7403.2202148438,9.50289272,
2017-11-07,7023.1000976563,10.13496537,
2017-11-08,7141.3798828125,12.55412154,
2017-11-09,7446.830078125,6.92892776,
2017-11-10,7173.7299804688,11.18788527,
2017-11-11,6618.6098632813,13.93877711,
2017-11-12,6295.4501953125,18.02521064,
2017-11-13,5938.25,10.9014549,
2017-11-14,6561.4799804688,10.22989369,
2017-11-15,6634.759765625,11.18956778,
2017-11-16,7323.240234375,11.8407041,
2017-11-17,7853.5698242188,11.77237405,
2017-11-18,7697.2099609375,12.38866285,
2017-11-19,7766.0297851563,6.690931,
2017-11-20,8039.0698242188,11.58575578,
2017-11-21,8205.740234375,10.1345102,
2017-11-22,8077.9501953125,6.5720087,
2017-11-23,8232.3798828125,8.59157485,
2017-11-24,8074.0200195313,10.07523438,
2017-11-25,8241.7099609375,10.3258356,
2017-11-26,8789.0400390625,12.96984127,
2017-11-27,9352.7197265625,10.13043839,
2017-11-28,9823.4296875,11.99845739,
2017-11-29,10077.400390625,11.23582332,
2017-11-30,9906.7900390625,9.73599672,
2017-12-01,10198.599609375,13.05472749,
2017-12-02,10978.2998046875,12.0062837,
2017-12-03,11082.7001953125,14.54116816,
2017-12-04,11315.400390625,9.45019894,
2017-12-05,11685.7001953125,12.7415671,
2017-12-06,11923.400390625,9.72907439,
2017-12-07,14266.099609375,18.1502353,
2017-12-08,17802.900390625,16.20934285,
2017-12-09,16523.30078125,16.83593216,
2017-12-10,15168.400390625,16.07537377,
2017-12-11,15427.400390625,17.47909342,
2017-12-12,16919.80078125,21.45980229,
2017-12-13,17500.0,14.89989496,
2017-12-14,16384.599609375,15.61958099,
2017-12-15,16601.30078125,14.14717969,
2017-12-16,17760.30078125,20.51114611,
2017-12-17,19475.80078125,28.8286194,
2017-12-18,19106.400390625,19.62167751,
2017-12-19,19118.30078125,16.30739061,
2017-12-20,17760.30078125,29.43522388,
2017-12-21,16642.400390625,12.87814227,
2017-12-22,15898.0,15.61767733,
2017-12-23,13948.7001953125,18.85468869,
2017-12-24,14608.2001953125,8.39630497,
2017-12-25,13995.900390625,16.61101823,
2017-12-26,14036.599609375,14.35937685,
2017-12-27,16163.5,14.54179217,
2017-12-28,15864.099609375,10.53955362,
2017-12-29,14695.7998046875,12.90956673,
2017-12-30,14681.900390625,14.7208292,
2017-12-31,12897.7001953125,19.22174373,
2018-01-01,14112.2001953125,14.46879693,
2018-01-02,13625.0,14.04005997,
2018-01-03,14978.2001953125,13.92188258,
2018-01-04,15270.7001953125,12.2706331,
2018-01-05,15477.2001953125,7.87565478,
2018-01-06,17462.099609375,11.79874576,
2018-01-07,17527.30078125,56.15185765,
2018-01-08,16476.19921875,10.5235225,
2018-01-09,15123.7001953125,7.4652642,
2018-01-10,14588.5,8.56360557,
2018-01-11,14968.2001953125,7.7665777,
2018-01-12,13453.900390625,14.93684699,
2018-01-13,13952.400390625,11.42786703,
2018-01-14,14370.7998046875,7.65556007,
2018-01-15,13767.2998046875,9.5314831,
2018-01-16,13836.099609375,7.05740348,
2018-01-17,11431.099609375,6.05834804,
2018-01-18,11198.7998046875,9.02206157,
2018-01-19,11429.7998046875,5.44123213,
2018-01-20,11656.2001953125,9.32837949,
2018-01-21,12889.2001953125,7.13139623,
2018-01-22,11633.099609375,11.84627171,
2018-01-23,10944.5,8.15320163,
2018-01-24,10903.400390625,7.90766237,
2018-01-25,11421.7001953125,5.74169399,
2018-01-26,11256.0,6.94658408,
2018-01-27,11174.900390625,7.4032952,
2018-01-28,11475.2998046875,5.42510629,
2018-01-29,11755.5,6.89926749,
2018-01-30,11306.7998046875,5.54576404,
2018-01-31,10108.2001953125,9.10744021,
2018-02-01,10237.2998046875,4.38907286,
2018-02-02,9142.2802734375,5.42249572,
2018-02-03,8852.1201171875,5.36420701,
2018-02-04,9175.7001953125,17.23416591,
2018-02-05,8270.5400390625,5.62555866,
2018-02-06,7051.75,6.03609858,
2018-02-07,7755.490234375,6.25604088,
2018-02-08,7637.8598632813,10.64564742,
2018-02-09,8271.83984375,4.31238455,
2018-02-10,8720.080078125,5.01126256,
2018-02-11,8616.1298828125,7.30043818,
2018-02-12,8141.4301757813,3.5659991,
2018-02-13,8926.7197265625,5.1144107,
2018-02-14,8599.919921875,3.63269129,
2018-02-15,9488.3203125,5.26154273,
2018-02-16,10135.7001953125,6.10098435,
2018-02-17,10207.5,6.31609053,
2018-02-18,11123.400390625,8.35487259,
2018-02-19,10552.599609375,5.95348308,
2018-02-20,11231.7998046875,7.90398149,
2018-02-21,11372.2001953125,6.97171012,
2018-02-22,10660.400390625,8.05119407,
2018-02-23,9937.0703125,5.32270463,
2018-02-24,10287.7001953125,4.65593157,
2018-02-25,9796.419921875,5.41323501,
2018-02-26,9669.4296875,4.73633139,
2018-02-27,10393.900390625,7.06465908,
2018-02-28,10687.2001953125,2.85956065,
2018-03-01,10385.0,5.90565213,
2018-03-02,10977.400390625,5.33645032,
2018-03-03,11101.900390625,5.70139076,
2018-03-04,11497.400390625,4.38922553,
2018-03-05,11532.400390625,3.471512,
2018-03-06,11500.099609375,3.48703542,
2018-03-07,10803.900390625,4.31652785,
2018-03-08,9951.4404296875,3.82070841,
2018-03-09,9414.6904296875,4.21119101,
2018-03-10,9350.58984375,5.25225751,
2018-03-11,8852.7802734375,3.20317964,
2018-03-12,9602.9296875,4.35369712,
2018-03-13,9173.0400390625,4.01982786,
2018-03-14,9214.650390625,3.05422545,
2018-03-15,8290.759765625,4.21310756,
2018-03-16,8322.91015625,3.61030959,
2018-03-17,8321.91015625,5.36574571,
2018-03-18,7890.5200195313,4.18842149,
2018-03-19,8344.1201171875,2.90082326,
2018-03-20,8619.669921875,3.81355621,
2018-03-21,8937.48046875,3.23283487,
2018-03-22,8939.4404296875,3.25303636,
2018-03-23,8736.25,4.07900741,
2018-03-24,8901.9501953125,3.47680653,
2018-03-25,8612.8095703125,3.11924755,
2018-03-26,8498.4697265625,2.953383,
2018-03-27,8200.0,3.07485778,
2018-03-28,7836.830078125,3.3190645,
2018-03-29,7979.0698242188,2.546549,
2018-03-30,7171.4501953125,1.62577788,
2018-03-31,6892.4799804688,3.17076533,
2018-04-01,7003.0600585938,1.96786419,
2018-04-02,6844.8598632813,2.26923927,
2018-04-03,7102.259765625,3.748121,
2018-04-04,7456.41015625,2.0500728,
2018-04-05,6848.6499023438,2.77703951,
2018-04-06,6815.9599609375,1.95879601,
2018-04-07,6630.509765625,2.47998546,
2018-04-08,6919.9799804688,2.32345657,
2018-04-09,7044.3198242188,3.0402563,
2018-04-10,6795.4399414063,1.7837196,
2018-04-11,6843.4702148438,4.11748328,
2018-04-12,6955.3798828125,3.19722959,
2018-04-13,7901.08984375,3.90912712,
2018-04-14,7874.669921875,3.30569485,
2018-04-15,7999.330078125,3.05893799,
2018-04-16,8337.5703125,1.7964995,
2018-04-17,8071.66015625,3.02275,
2018-04-18,7944.4301757813,3.81766777,
2018-04-19,8159.2700195313,8.31766433,
2018-04-20,8286.8798828125,4.11243411,
2018-04-21,8848.7900390625,4.70363648,
2018-04-22,8925.0595703125,4.7786122,
2018-04-23,8794.3896484375,5.12280419,
2018-04-24,8934.33984375,2.30074129,
2018-04-25,9701.0302734375,3.60843876,
2018-04-26,8867.3203125,5.6661506,
2018-04-27,9290.6298828125,2.73248939,
2018-04-28,8939.26953125,2.12173326,
2018-04-29,9346.41015625,1.61469167,
2018-04-30,9426.1103515625,2.96018742,
2018-05-01,9251.4697265625,2.6756028,
2018-05-02,9104.599609375,4.5683912,
2018-05-03,9233.9697265625,2.22901182,
2018-05-04,9695.5,2.635642,
2018-05-05,9700.2802734375,1.9602817,
2018-05-06,9845.3095703125,1.882724,
2018-05-07,9645.669921875,2.23250139,
2018-05-08,9380.8701171875,2.23527796,
2018-05-09,9223.73046875,2.20649131,
2018-05-10,9325.9599609375,5.50560379,
2018-05-11,9052.9599609375,2.11357465,
2018-05-12,8441.4404296875,2.6793601,
2018-05-13,8515.490234375,1.7664738,
2018-05-14,8713.099609375,3.40218565,
2018-05-15,8705.1904296875,1.94463939,
2018-05-16,8504.41015625,1.3640247,
2018-05-17,8370.0498046875,4.33712149,
2018-05-18,8091.830078125,1.36466422,
2018-05-19,8255.73046875,2.13999231,
2018-05-20,8246.990234375,2.08708947,
2018-05-21,8522.330078125,2.74419991,
2018-05-22,8419.8701171875,1.7374202,
2018-05-23,8037.080078125,1.81497358,
2018-05-24,7561.1201171875,2.14265191,
2018-05-25,7592.2998046875,1.49412867,
2018-05-26,7486.4799804688,0.97047226,
2018-05-27,7362.080078125,1.33794689,
2018-05-28,7371.3100585938,1.21237875,
2018-05-29,7129.4599609375,1.15967874,
2018-05-30,7469.7299804688,1.49010248,
2018-05-31,7406.1499023438,1.1121889,
2018-06-01,7500.7001953125,1.11976074,
2018-06-02,7536.7202148438,1.44571517,
2018-06-03,7632.08984375,2.23942639,
2018-06-04,7722.5297851563,1.50825679,
2018-06-05,7500.8999023438,0.90439267,
2018-06-06,7625.9702148438,1.73626656,
2018-06-07,7650.8198242188,1.09189777,
2018-06-08,7685.1401367188,1.13393756,
2018-06-09,7632.5200195313,0.81465594,
2018-06-10,7499.5498046875,0.98183582,
2018-06-11,6799.2900390625,0.85858492,
2018-06-12,6905.8198242188,0.80169979,
2018-06-13,6596.8798828125,0.99774262,
2018-06-14,6342.75,0.6764338,
2018-06-15,6674.080078125,0.72333727,
2018-06-16,6455.4501953125,1.04012848,
2018-06-17,6545.5297851563,0.96069379,
2018-06-18,6510.0698242188,0.86820878,
2018-06-19,6742.3901367188,0.71065735,
2018-06-20,6770.759765625,0.78622484,
2018-06-21,6780.08984375,2.2441493,
2018-06-22,6737.8798828125,0.66486351,
2018-06-23,6090.1000976563,0.8978231,
2018-06-24,6164.2797851563,0.81478205,
2018-06-25,6171.9702148438,0.73207234,
2018-06-26,6253.5498046875,1.0941833,
2018-06-27,6084.3999023438,0.3369448,
2018-06-28,6153.16015625,0.66965662,
2018-06-29,5898.1298828125,0.71286823,
2018-06-30,6214.2202148438,0.72863566,
2018-07-01,6411.6801757813,0.95972977,
2018-07-02,6380.3798828125,0.98100349,
2018-07-03,6596.66015625,0.80763754,
2018-07-04,6550.8701171875,1.44355192,
2018-07-05,6599.7099609375,0.73884697,
2018-07-06,6638.6899414063,0.80129339,
2018-07-07,6668.7099609375,0.7511739,
2018-07-08,6857.7998046875,0.78456319,
2018-07-09,6775.080078125,0.81539418,
2018-07-10,6739.2099609375,0.91332604,
2018-07-11,6330.7700195313,0.75306954,
2018-07-12,6396.7797851563,0.56368622,
2018-07-13,6235.0297851563,0.61483286,
2018-07-14,6247.5,0.79636502,
2018-07-15,6272.7001953125,1.14846521,
2018-07-16,6357.009765625,1.22219838,
2018-07-17,6739.6499023438,0.848281,
2018-07-18,7315.3198242188,0.72136862,
2018-07-19,7378.2001953125,1.0332251,
2018-07-20,7467.3999023438,0.90856723,
2018-07-21,7352.7202148438,1.243605,
2018-07-22,7417.7998046875,1.33290587,
2018-07-23,7414.7099609375,0.99485446,
2018-07-24,7716.509765625,0.84591216,
2018-07-25,8379.66015625,0.95436254,
2018-07-26,8176.8500976563,0.84717615,
2018-07-27,7950.3999023438,0.99355354,
2018-07-28,8169.0600585938,1.1104749,
2018-07-29,8205.8203125,0.79378971,
2018-07-30,8221.58,0.89357947,
2018-07-31,8181.2,1.07065211,
2018-08-01,7769.04,0.99251105,
2018-08-02,7634.19,0.86395591,
2018-08-03,7562.14,0.73480179,
2018-08-04,7438.67,0.74873701,
2018-08-05,7031.08,0.86137682,
2018-08-06,7062.94,0.75085555,
2018-08-07,6958.32,0.752238,
2018-08-08,6746.85,0.8480326,
2018-08-09,6305.56,0.72288876,
2018-08-10,6571.42,1.09606078,
2018-08-11,6185.79,0.6816999,
2018-08-12,6283.65,0.83390347,
2018-08-13,6341.36,1.27627691,
2018-08-14,6287.66,0.71260789,
2018-08-15,6221.42,0.7374354,
2018-08-16,6294.23,1.13146734,
2018-08-17,6340.91,1.29974017,
2018-08-18,6583.43,0.66763699,
2018-08-19,6422.57,1.95181755,
2018-08-20,6500.51,1.14852632,
2018-08-21,6301.07,1.28609575,
2018-08-22,6486.25,1.28085906,
2018-08-23,6371.34,1.5959858,
2018-08-24,6551.52,0.96091078,
2018-08-25,6719.95,1.75478968,
2018-08-26,6754.64,1.91729824,
2018-08-27,6710.8,1.72932514,
2018-08-28,6891.08,1.49673625,
2018-08-29,7091.71,1.78601237,
2018-08-30,7043.76,1.58840903,
2018-08-31,6973.97,0.76601965,
2018-09-01,7044.81,1.00721521,
2018-09-02,7189.58,1.0885352,
2018-09-03,7279.03,0.72114397,
2018-09-04,7263.0,0.74148942,
2018-09-05,7361.46,0.66015095,
2018-09-06,6755.14,0.77641313,
2018-09-07,6528.92,0.64032944,
2018-09-08,6460.17,0.78168507,
2018-09-09,6223.38,0.94007969,
2018-09-10,6301.57,1.27852193,
2018-09-11,6331.88,0.70670262,
2018-09-12,6317.01,0.69624012,
2018-09-13,6354.24,0.86829945,
2018-09-14,6515.41,0.87070709,
2018-09-15,6509.4,0.80624976,
2018-09-16,6536.68,0.89389916,
2018-09-17,6514.06,0.99437973,
2018-09-18,6280.91,0.73065447,
2018-09-19,6371.85,0.79718074,
2018-09-20,6398.85,0.7765382,
2018-09-21,6513.87,0.5384384,
2018-09-22,6735.05,0.74847635,
2018-09-23,6715.32,0.99182327,
2018-09-24,6704.77,0.86010527,
2018-09-25,6603.64,0.76220668,
2018-09-26,6452.79,0.84089989,
2018-09-27,6495.29,0.84937123,
2018-09-28,6678.75,1.08044206,
2018-09-29,6643.1,0.7119996,
2018-09-30,6604.71,0.90313144,
2018-10-01,6619.85,0.68162867,
2018-10-02,6593.24,0.841027,
2018-10-03,6553.86,0.78845964,
2018-10-04,6497.91,0.71514909,
2018-10-05,6574.15,0.79301081,
2018-10-06,6622.45,0.88939524,
2018-10-07,6590.68,0.81107554,
2018-10-08,6600.19,1.07195066,
2018-10-09,6653.08,0.9337655,
2018-10-10,6640.29,0.95878113,
2018-10-11,6586.74,0.39195694,
2018-10-12,6239.25,0.92266,
2018-10-13,6278.08,0.80980788,
2018-10-14,6288.49,0.7609112,
2018-10-15,6292.64,0.82569615,
2018-10-16,6601.41,0.7722314,
2018-10-17,6590.52,0.73897399,
2018-10-18,6542.33,0.72556857,
2018-10-19,6478.07,1.30807416,
2018-10-20,6460.92,0.45110762,
2018-10-21,6490.09,0.82031709,
2018-10-22,6486.05,0.83493228,
2018-10-23,6472.36,0.80526582,
2018-10-24,6478.89,0.745156,
2018-10-25,6484.65,0.7094781,
2018-10-26,6468.44,0.7795215,
2018-10-27,6480.84,0.80995884,
2018-10-28,6482.66,0.77403579,
2018-10-29,6492.35,0.86508243,
2018-10-30,6337.04,0.77088521,
2018-10-31,6336.99,0.7335093,
2018-11-01,6318.14,0.64938039,
2018-11-02,6378.92,0.95394581,
2018-11-03,6387.24,0.73199341,
2018-11-04,6365.47,0.88823386,
2018-11-05,6363.62,0.80842326,
2018-11-06,6433.38,0.82744596,
2018-11-07,6468.5,0.98692567,
2018-11-08,6522.27,1.06577205,
2018-11-09,6442.6,1.13653777,
2018-11-10,6386.13,0.89504469,
2018-11-11,6413.63,0.9643264,
2018-11-12,6411.76,0.99037136,
2018-11-13,6373.19,0.78996836,
2018-11-14,6351.24,1.0563478,
2018-11-15,5736.15,0.65092053,
2018-11-16,5645.32,0.72469871,
2018-11-17,5578.58,0.69472685,
2018-11-18,5559.74,0.85074545,
2018-11-19,5620.78,0.6436041,
2018-11-20,4863.93,0.56540289,
2018-11-21,4465.54,0.5136338,
2018-11-22,4611.57,0.58433007,
2018-11-23,4360.7,0.49197807,
2018-11-24,4347.69,0.65363688,
2018-11-25,3880.78,0.47799323,
2018-11-26,4015.07,0.43539234,
2018-11-27,3765.95,0.45646938,
2018-11-28,3822.47,0.90543711,
2018-11-29,4269.0043945313,1.65490364,
2018-11-30,4289.08896703,0.88278141,
2018-12-01,4024.46424203,2.69529979,
2018-12-02,4200.73317961,0.49026931,
2018-12-03,4147.32376691,2.42176078,
2018-12-04,3886.2948763,2.18633129,
2018-12-05,3958.89472485,0.42979342,
2018-12-06,3754.07446712,0.53777807,
2018-12-07,3512.59040851,0.47186056,
2018-12-08,3421.9104035,0.51863198,
2018-12-09,3473.22762038,0.5200718,
2018-12-10,3612.04639531,0.4144058,
2018-12-11,3497.5547337,0.41360444,
2018-12-12,3421.4583733,0.4282617,
2018-12-13,3487.87935755,0.54848647,
2018-12-14,3311.75191371,0.3435602,
2018-12-15,3243.99754038,0.41878236,
2018-12-16,3236.2747733,0.47230461,
2018-12-17,3253.12299273,0.46132397,
2018-12-18,3544.76156472,0.5915492,
2018-12-19,3706.82484989,0.59981343,
2018-12-20,3742.19518335,0.5555583,
2018-12-21,4133.703587,0.45759059,
2018-12-22,3898.08367671,0.5037068,
2018-12-23,4020.99467354,0.40107159,
2018-12-24,4000.33178206,0.4881451,
2018-12-25,4081.03047102,0.37691132,
2018-12-26,3819.66669066,0.49042663,
2018-12-27,3854.68857317,0.54102677,
2018-12-28,3653.13192864,0.4405207,
2018-12-29,3932.49180904,0.60579076,
2018-12-30,3822.38483485,0.45788388,
2018-12-31,3866.83899926,0.45610869,
2019-01-01,3746.71338747,0.41597766,
2019-01-02,3849.21640853,0.56837664,
2019-01-03,3931.04863841,0.4650495,
2019-01-04,3832.03996811,0.52843691,
2019-01-05,3851.97396457,0.585597,
2019-01-06,3836.51915828,0.45603056,
2019-01-07,4078.58505461,0.68395809,
2019-01-08,4028.47207166,0.4332318,
2019-01-09,4031.55201569,0.6624152,
2019-01-10,4034.41144545,0.3483631,
2019-01-11,3674.01543102,0.50060055,
2019-01-12,3686.97309735,0.49017187,
2019-01-13,3658.86811698,0.55638889,
2019-01-14,3557.31113168,1.36262808,
2019-01-15,3704.21630768,2.30921519,
2019-01-16,3631.5098712,1.62904623,
2019-01-17,3651.87098588,0.483288,
2019-01-18,3677.99058389,0.50449766,
2019-01-19,3652.37783507,0.43786387,
2019-01-20,3725.44612463,0.46902762,
2019-01-21,3600.37273885,1.26949427,
2019-01-22,3575.08123989,0.27235003,
2019-01-23,3605.55702187,0.47538619,
2019-01-24,3584.5003014,0.52879144,
2019-01-25,3607.3903841,0.31730705,
2019-01-26,3599.7153629,0.38138435,
2019-01-27,3604.68726747,0.45460383,
2019-01-28,3584.28327917,0.44006053,
2019-01-29,3468.87015541,0.432305,
2019-01-30,3443.89706175,0.63088739,
2019-01-31,3485.40928952,0.52861608,
2019-02-01,3460.54712403,0.46341306,
2019-02-02,3484.62588008,0.521431,
2019-02-03,3516.13956776,0.42596534,
2019-02-04,3467.2116661,0.35125563,
2019-02-05,3454.9508136,0.51753857,
2019-02-06,3469.09170088,0.6180991,
2019-02-07,3414.92953864,0.50792981,
2019-02-08,3401.37643333,0.46508328,
2019-02-09,3671.58595682,0.67538829,
2019-02-10,3673.20153682,0.58616862,
2019-02-11,3695.61303928,0.53255133,
2019-02-12,3642.75185939,0.49364249,
2019-02-13,3653.60399078,0.43806156,
2019-02-14,3631.17019256,0.69355313,
2019-02-15,3617.36836687,0.4599869,
2019-02-16,3615.27026725,0.42313795,
2019-02-17,3633.35947964,0.39057399,
2019-02-18,3671.36998898,0.47066055,
2019-02-19,3911.66152075,0.59127793,
2019-02-20,3946.68498546,1.61142113,
2019-02-21,4000.25678662,0.61557585,
2019-02-22,3952.4063737,0.62242226,
2019-02-23,3998.91627262,0.58345817,
2019-02-24,4145.45786231,0.57019585,
2019-02-25,3807.00244566,0.58382991,
2019-02-26,3878.6973183,0.66996252,
2019-02-27,3857.47978186,0.50398158,
2019-02-28,3848.2620255,0.93708755,
2019-03-01,3853.75713203,0.62695112,
2019-03-02,3855.31822217,0.45930216,
2019-03-03,3862.26616642,0.5061336,
2019-03-04,3845.09155774,0.63379809,
2019-03-05,3759.83244114,0.69982132,
2019-03-06,3897.08106256,0.56028578,
2019-03-07,3903.3847998,0.64691979,
2019-03-08,3913.22593587,0.53723164,
2019-03-09,3894.55252613,0.5277081,
2019-03-10,3966.1742332,0.66251491,
2019-03-11,3953.74017402,0.55419416,
2019-03-12,3903.75829416,0.60521677,
2019-03-13,3913.047443,0.66779415,
2019-03-14,3905.57699911,0.50002227,
2019-03-15,3926.66323109,0.54848283,
2019-03-16,3963.90011952,0.42403921,
2019-03-17,4047.71957111,0.62108976,
2019-03-18,4029.96845808,0.57733793,
2019-03-19,4032.69200717,0.73449416,
2019-03-20,4070.7940175,0.67619334,
2019-03-21,4083.95389256,0.68101504,
2019-03-22,4028.51456305,0.51835437,
2019-03-23,4022.71330744,0.57572108,
2019-03-24,4035.16354472,0.5377027,
2019-03-25,4024.11267975,0.52948408,
2019-03-26,3969.22885592,0.68274574,
2019-03-27,3984.24481868,0.6706298,
2019-03-28,4087.584591,0.58339754,
2019-03-29,4068.29989093,1.2526489,
2019-03-30,4092.13616358,0.57449948,
2019-03-31,4105.45617673,0.31548226,
2019-04-01,4105.36242087,0.65416188,
2019-04-02,4156.91964324,0.71460774,
2019-04-03,4879.95813337,0.96548401,
2019-04-04,4971.30774104,0.67632926,
2019-04-05,4922.80611783,0.70741576,
2019-04-06,5036.79302365,0.66043977,
2019-04-07,5062.79376134,0.62171162,
2019-04-08,5199.83537777,0.75115199,
2019-04-09,5289.91798137,0.69010632,
2019-04-10,5204.10530845,1.04801515,
2019-04-11,5325.08155529,0.8328948,
2019-04-12,5061.20088735,1.52932457,
2019-04-13,5088.84997329,0.9485741,
2019-04-14,5095.75863359,0.6852858,
2019-04-15,5167.32198286,0.64253289,
2019-04-16,5066.57760057,0.74838715,
2019-04-17,5236.13523984,0.86556737,
2019-04-18,5251.48069196,0.9233334,
2019-04-19,5298.15452927,0.73491396,
2019-04-20,5304.1605399,0.81061122,
2019-04-21,5335.87896599,0.65819374,
2019-04-22,5312.49464201,0.8676148,
2019-04-23,5399.36570489,0.91031193,
2019-04-24,5571.50817669,0.72099072,
2019-04-25,5466.52427676,0.71331051,
2019-04-26,5210.30491981,0.63927014,
2019-04-27,5279.47114181,0.67183126,
2019-04-28,5271.74639378,0.71977822,
2019-04-29,5284.85852173,0.75038446,
2019-04-30,5247.72588172,0.78280589,
2019-05-01,5350.91450555,0.5602462,
2019-05-02,5402.42286531,0.69783625,
2019-05-03,5505.55237976,0.85516829,
2019-05-04,5769.20253322,1.19325928,
2019-05-05,5831.06846097,1.38100195,
2019-05-06,5791.69326658,1.0681189,
2019-05-07,5745.59904909,0.8005053,
2019-05-08,5849.48135039,0.9363108,
2019-05-09,5982.31627033,0.71343862,
2019-05-10,6175.82273778,0.91947294,
2019-05-11,6379.66690526,0.89416383,
2019-05-12,7203.50752166,1.11479903,
2019-05-13,6971.17820581,1.48188905,
2019-05-14,7807.88444936,1.7376301,
2019-05-15,7989.37450547,1.37621536,
2019-05-16,8194.50090343,1.15571369,
2019-05-17,7886.92599261,0.87011761,
2019-05-18,7341.66441915,1.10194025,
2019-05-19,7267.96301884,1.26189061,
2019-05-20,8196.92393539,1.04879691,
2019-05-21,7977.96936984,0.9503481,
2019-05-22,7956.29214912,1.03971566,
2019-05-23,7677.26883391,1.2479598,
2019-05-24,7881.6953208,1.19891992,
2019-05-25,7991.88503911,2.00193763,
2019-05-26,8055.20591925,1.19600327,
2019-05-27,8674.07240318,1.36390678,
2019-05-28,8802.75819975,1.29993734,
2019-05-29,8718.59132866,1.4535407,
2019-05-30,8661.76050606,1.27817613,
2019-05-31,8320.28637611,1.4958937,
2019-06-01,8573.83972489,1.13659013,
2019-06-02,8565.47326214,1.38111449,
2019-06-03,8741.74721596,2.35626989,
2019-06-04,8210.98582388,0.58142105,
2019-06-05,7704.34318039,0.88692686,
2019-06-06,7819.63337781,1.07371175,
2019-06-07,7826.90126518,1.3546184,
2019-06-08,8036.774936,1.23371883,
2019-06-09,7949.67470562,1.40927604,
2019-06-10,7692.28467885,1.41728051,
2019-06-11,8004.24354228,1.1374256,
2019-06-12,7925.43410401,1.29745998,
2019-06-13,8145.54523047,1.3344996,
2019-06-14,8230.89877378,2.09829688,
2019-06-15,8689.74641372,1.21317874,
2019-06-16,8841.44078361,1.43805625,
2019-06-17,8988.92370914,1.15192856,
2019-06-18,9335.46690152,1.34846888,
2019-06-19,9078.72760253,1.36649362,
2019-06-20,9273.06078283,1.3997979,
2019-06-21,9525.07460809,1.6044369,
2019-06-22,10175.9239561,1.28101514,
2019-06-23,10696.6909289,1.76727287,
2019-06-24,10853.7438384,1.87409526,
2019-06-25,11007.2020736,1.71975047,
2019-06-26,11778.5811328,1.89976976,
2019-06-27,13017.1248668,1.8359683,
2019-06-28,11162.1678255,1.94325394,
2019-06-29,12400.7636934,2.17416765,
2019-06-30,11931.990728,5.352845,
2019-07-01,10796.9306183,1.61239566,
2019-07-02,10588.6836947,1.9089658,
2019-07-03,10818.1558221,1.6291667,
2019-07-04,11972.7185797,1.73206826,
2019-07-05,11203.1024876,1.1335682,
2019-07-06,10982.5439142,1.61802927,
2019-07-07,11217.6159338,1.55989933,
2019-07-08,11446.5971553,1.91198196,
2019-07-09,12284.3264649,2.48845557,
2019-07-10,12571.5371616,2.11074084,
2019-07-11,12139.7138379,1.3521845,
2019-07-12,11354.299624,1.80141972,
2019-07-13,11813.1273165,1.49057167,
2019-07-14,11381.0208987,1.54239619,
2019-07-15,10257.8385363,1.86475675,
2019-07-16,10896.6533265,1.52489363,
2019-07-17,9471.21400074,1.54846619,
2019-07-18,9698.50274016,2.52930864,
2019-07-19,10653.956443,1.17309033,
2019-07-20,10525.819,1.86148379,
2019-07-21,10777.5296892,1.88590912,
2019-07-22,10596.9480747,1.32255801,
2019-07-23,10346.7477047,1.61122659,
2019-07-24,9887.73084418,11.71288491,
2019-07-25,9809.09690775,1.21675119,
2019-07-26,9913.12718948,2.16939474,
2019-07-27,9871.16499086,2.08405656,
2019-07-28,9491.62688749,1.55844703,
2019-07-29,9548.17889422,5.22686339,
2019-07-30,9522.32895542,1.5573046,
2019-07-31,9604.05115871,1.76460718,
2019-08-01,10077.442592,2.35021211,
2019-08-02,10402.0434274,1.88970621,
2019-08-03,10519.278349,1.97226984,
2019-08-04,10821.6329392,1.3972468,
2019-08-05,10960.7357349,1.51568597,
2019-08-06,11811.5450274,1.70747189,
2019-08-07,11476.1934394,1.82941455,
2019-08-08,11954.0403364,2.4617601,
2019-08-09,11953.4695395,2.00979889,
2019-08-10,11861.5566954,2.18966886,
2019-08-11,11349.7398943,1.624173,
2019-08-12,11528.1893667,2.41483861,
2019-08-13,11385.0524972,1.82133503,
2019-08-14,10889.4877427,1.86454931,
2019-08-15,10038.4217089,1.86789946,
2019-08-16,10319.4203458,2.17386988,
2019-08-17,10358.7225407,1.90654754,
2019-08-18,10233.0062966,2.22011718,
2019-08-19,10350.283631,1.13681962,
2019-08-20,10916.3467171,2.24608028,
2019-08-21,10764.5727493,2.51496383,
2019-08-22,10142.52143,2.0565719,
2019-08-23,10136.3095336,2.37060432,
2019-08-24,10407.6442328,1.6980732,
2019-08-25,10160.7370213,1.76970032,
2019-08-26,10126.2995187,2.04113103,
2019-08-27,10372.8263035,1.8211086,
2019-08-28,10203.4268025,1.77957754,
2019-08-29,9756.78570735,2.0005953,
2019-08-30,9514.84485249,2.01389064,
2019-08-31,9597.5394476,1.61953944,
2019-09-01,9630.59319616,1.83389891,
2019-09-02,9757.47323681,1.96212664,
2019-09-03,10345.7251399,1.72357326,
2019-09-04,10621.1803306,1.48472569,
2019-09-05,10588.1840215,1.73430656,
2019-09-06,10578.1978276,4.80883823,
2019-09-07,10353.9315807,2.27788527,
2019-09-08,10518.1141171,1.8395531,
2019-09-09,10443.2285007,1.52774098,
2019-09-10,10336.4084054,2.02252772,
2019-09-11,10123.0347321,1.96155632,
2019-09-12,10176.8193616,1.79541312,
2019-09-13,10415.3625333,2.35252457,
2019-09-14,10345.4037591,2.16124073,
2019-09-15,10356.4657676,2.16938857,
2019-09-16,10347.2222579,1.755283,
2019-09-17,10281.5133161,1.3226047,
2019-09-18,10247.7960832,3.42682913,
2019-09-19,10200.4958846,1.66344451,
2019-09-20,10266.3185338,1.88865322,
2019-09-21,10183.6480972,2.29403863,
2019-09-22,10024.1152629,1.7296461,
2019-09-23,10067.9626513,1.23331707,
2019-09-24,9729.32139737,1.91260262,
2019-09-25,8603.42867242,1.69559375,
2019-09-26,8487.66958635,1.79508596,
2019-09-27,8113.10095,1.77069314,
2019-09-28,8251.27362342,1.44543892,
2019-09-29,8246.03737695,1.5601819,
2019-09-30,8104.22636732,1.47082893,
2019-10-01,8299.72110496,1.45794824,
2019-10-02,8344.21264933,1.61207416,
2019-10-03,8390.77428822,1.53805335,
2019-10-04,8259.49447523,2.03755442,
2019-10-05,8210.14909246,1.61695625,
2019-10-06,8149.87688203,1.18728604,
2019-10-07,7989.12044675,1.2851609,
2019-10-08,8246.84962925,1.4271434,
2019-10-09,8229.84046087,1.38628995,
2019-10-10,8585.2798473,1.78182579,
2019-10-11,8585.26280768,1.3537619,
2019-10-12,8315.66465289,1.78952983,
2019-10-13,8336.90223051,1.44644552,
2019-10-14,8320.83224411,2.21757974,
2019-10-15,8373.45825537,0.8462242,
2019-10-16,8204.67452005,1.4843,
2019-10-17,8047.81274259,1.64174066,
2019-10-18,8100.93361588,1.10089866,
2019-10-19,7973.8037681,1.57672869,
2019-10-20,7997.8070221,1.92407943,
2019-10-21,8225.11518823,0.876671,
2019-10-22,8243.40209165,1.21298485,
2019-10-23,8076.22846601,1.32094246,
2019-10-24,7509.72818274,1.07109057,
2019-10-25,7490.70317641,1.39233894,
2019-10-26,8667.57715496,1.34846079,
2019-10-27,9241.70707513,1.41294186,
2019-10-28,9565.10188348,1.69707777,
2019-10-29,9248.4405622,1.78374034,
2019-10-30,9422.4633254,1.44024068,
2019-10-31,9202.45758879,1.28263496,
2019-11-01,9193.99198943,1.41633493,
2019-11-02,9259.78300285,2.18028957,
2019-11-03,9324.78683223,1.361245,
2019-11-04,9235.60706498,1.61074892,
2019-11-05,9413.00494286,1.03573005,
2019-11-06,9340.86427973,1.09786153,
2019-11-07,9352.39346741,2.29508094,
2019-11-08,9265.36833744,1.48414509,
2019-11-09,8809.46919831,1.48946338,
2019-11-10,8812.48953287,1.42599052,
2019-11-11,9056.91770059,1.6886534,
2019-11-12,8759.75190096,1.08980495,
2019-11-13,8812.03362864,2.65764876,
2019-11-14,8811.93633174,1.39233883,
2019-11-15,8705.70810061,1.3953387,
2019-11-16,8491.16631667,1.25823044,
2019-11-17,8549.47090893,1.21773276,
2019-11-18,8573.98009164,1.09140405,
2019-11-19,8305.13429095,1.3043542,
2019-11-20,8203.61317991,1.35879935,
2019-11-21,8023.64468729,0.98144299,
2019-11-22,7643.56942455,1.07485611,
2019-11-23,7296.16442479,0.76781772,
2019-11-24,7398.63390574,3.58012676,
2019-11-25,7039.97703454,1.05008529,
2019-11-26,7145.1590862,1.13448772,
2019-11-27,7220.88064968,1.86298527,
2019-11-28,7536.82010358,0.94123176,
2019-11-29,7466.72728957,1.13522826,
2019-11-30,7764.05726187,1.15768731,
2019-12-01,7571.61619421,1.12413516,
2019-12-02,7424.03619682,1.03967082,
2019-12-03,7323.97540332,1.18693738,
2019-12-04,7320.12506594,0.96366497,
2019-12-05,7253.24189285,1.08128928,
2019-12-06,7450.56165667,1.13245964,
2019-12-07,7547.26544276,1.12882805,
2019-12-08,7551.33900507,1.15957291,
2019-12-09,7561.79517117,1.06488316,
2019-12-10,7397.13422776,1.02089033,
2019-12-11,7277.19769871,0.77921292,
2019-12-12,7216.73886245,1.04210773,
2019-12-13,7244.66223669,1.01428589,
2019-12-14,7268.90271202,0.91208314,
2019-12-15,7124.23952463,1.32268232,
2019-12-16,7153.66322803,0.9106636,
2019-12-17,6931.31521843,1.21850202,
2019-12-18,6647.69846901,1.2032869,
2019-12-19,7277.59099229,1.29723092,
2019-12-20,7208.63695894,1.17631809,
2019-12-21,7220.59355274,1.17271287,
2019-12-22,7191.18870288,0.96746581,
2019-12-23,7508.90255573,0.89199164,
2019-12-24,7354.39283808,1.30964323,
2019-12-25,7325.75589098,0.96097944,
2019-12-26,7274.79942782,1.09546779,
2019-12-27,7238.14118032,0.85288379,
2019-12-28,7289.0311303,1.06159151,
2019-12-29,7317.64758783,1.21301277,
2019-12-30,7420.27278806,1.11274514,
2019-12-31,7294.4388956,1.04505993,
2020-01-01,7194.89197053,1.1171883,
2020-01-02,7202.55112207,1.26441646,
2020-01-03,6984.4286123,0.98482896,
2020-01-04,7345.37527527,1.08921395,
2020-01-05,7410.45169373,1.00303432,
2020-01-06,7410.45216807,0.94341303,
2020-01-07,7768.68189098,0.91647405,
2020-01-08,8161.93547734,1.1091332,
2020-01-09,8082.29607413,1.21302091,
2020-01-10,7878.30753815,1.00556263,
2020-01-11,8162.1911379,1.07332676,
2020-01-12,8033.26184596,1.00730581,
2020-01-13,8189.77206362,1.31479809,
2020-01-14,8140.93309605,0.82744166,
2020-01-15,8825.34368451,1.16990746,
2020-01-16,8812.48149122,1.30901482,
2020-01-17,8725.20996387,1.1683792,
2020-01-18,8927.21225983,1.07081919,
2020-01-19,8941.44574506,1.53413903,
2020-01-20,8704.63181434,1.0486433,
2020-01-21,8658.99118302,1.13003521,
2020-01-22,8744.21075075,0.9711413,
2020-01-23,8680.65055954,1.23973449,
2020-01-24,8405.56773288,1.88677073,
2020-01-25,8440.11958702,1.47511982,
2020-01-26,8364.41006958,1.38305133,
2020-01-27,8597.30877926,1.20405864,
2020-01-28,8912.52433979,1.12469606,
2020-01-29,9357.47037892,1.54888825,
2020-01-30,9316.01697842,1.07272892,
2020-01-31,9508.31314184,1.2314363,
2020-02-01,9346.35762761,1.06938402,
2020-02-02,9389.82059095,0.8319184,
2020-02-03,9344.68367852,1.04198328,
2020-02-04,9292.84190002,1.09259169,
2020-02-05,9183.41577743,1.13071181,
2020-02-06,9617.8210448,1.00902121,
2020-02-07,9726.00315742,1.521099,
2020-02-08,9793.07042002,1.14111582,
2020-02-09,9863.89488145,1.3179155,
2020-02-10,10115.559686,2.70205395,
2020-02-11,9855.89170857,1.24399424,
2020-02-12,10202.3876541,1.23074323,
2020-02-13,10323.9604932,1.45857427,
2020-02-14,10211.5503892,1.26273373,
2020-02-15,10313.8568369,1.03021401,
2020-02-16,9889.17970534,1.25124613,
2020-02-17,9936.56026014,1.3280058,
2020-02-18,9691.23094489,1.244651,
2020-02-19,10143.7983568,1.42181097,
2020-02-20,9629.32531033,0.98966198,
2020-02-21,9611.78201954,1.06529584,
2020-02-22,9687.70676008,1.39479093,
2020-02-23,9663.31864201,1.40183907,
2020-02-24,9921.58346055,1.21763679,
2020-02-25,9651.31279866,1.3810006,
2020-02-26,9338.29028024,1.16134237,
2020-02-27,8825.09351775,1.15240629,
2020-02-28,8788.72854689,1.26766351,
2020-02-29,8671.21254207,0.95656279,
2020-03-01,8599.7583441,1.11592753,
2020-03-02,8563.26425933,1.68246562,
2020-03-03,8865.38796487,1.38324951,
2020-03-04,8788.54218625,0.97504585,
2020-03-05,8760.28504049,0.91654323,
2020-03-06,9078.30852906,1.29324301,
2020-03-07,9121.60053553,1.14104356,
2020-03-08,8908.20601509,1.2149762,
2020-03-09,8111.14639164,0.92324096,
2020-03-10,7922.1470416,1.03508188,
2020-03-11,7910.08980669,0.87715551,
2020-03-12,7913.61638784,0.73344427,
2020-03-13,5017.83083939,0.56592103,
2020-03-14,5573.07764952,0.69121283,
2020-03-15,5201.06668673,0.7193652,
2020-03-16,5385.22952159,0.66975543,
2020-03-17,5002.5781383,0.71554591,
2020-03-18,5227.1136885,0.74367432,
2020-03-19,5245.4166032,0.62696414,
2020-03-20,6191.65372133,0.82609911,
2020-03-21,6206.52165025,0.77174552,
2020-03-22,6185.55790292,0.9751509,
2020-03-23,5831.37473534,0.760926,
2020-03-24,6436.64245088,0.75625386,
2020-03-25,6738.71663989,0.83637701,
2020-03-26,6675.17065538,1.23580577,
2020-03-27,6719.38897407,1.10242781,
2020-03-28,6467.25404592,0.77021364,
2020-03-29,6245.62462695,0.6646948,
2020-03-30,5925.53848884,0.74355063,
2020-03-31,6430.60652809,0.80865428,
2020-04-01,6437.31921486,0.78937656,
2020-04-02,6606.77626829,0.81146882,
2020-04-03,6797.39659183,0.84611788,
2020-04-04,6738.38301967,1.02316274,
2020-04-05,6862.53782636,0.7925714,
2020-04-06,6788.04980287,0.87360222,
2020-04-07,7273.64421075,0.83533406,
2020-04-08,7179.28341821,0.93317547,
2020-04-09,7337.9661825,0.8773928,
2020-04-10,7303.81519824,0.80552482,
2020-04-11,6867.4404519,0.79733947,
2020-04-12,6858.06802459,1.110378,
2020-04-13,6965.61663772,0.8620998,
2020-04-14,6843.28177662,0.85926467,
2020-04-15,6845.56171696,0.87687184,
2020-04-16,6640.45388894,0.88364442,
2020-04-17,7116.55260865,0.89970112,
2020-04-18,7092.29152293,1.00380458,
2020-04-19,7260.92257873,0.9580369,
2020-04-20,7186.8737411,0.73992976,
2020-04-21,6879.78434985,0.8263495,
2020-04-22,6879.44029975,0.77754621,
2020-04-23,7121.30605911,0.91931234,
2020-04-24,7434.18155636,0.8728724,
2020-04-25,7550.48301195,1.02222517,
2020-04-26,7570.13893823,1.348675,
2020-04-27,7679.41895085,1.19324052,
2020-04-28,7796.97044056,1.00488847,
2020-04-29,7806.71256355,1.02296708,
2020-04-30,8797.67005044,1.0592528,
2020-05-01,8672.7819143,1.03816777,
2020-05-02,8869.05761887,1.06935558,
2020-05-03,8983.61414879,1.09180942,
2020-05-04,8895.74487399,0.96091046,
2020-05-05,8912.8321603,1.08711837,
2020-05-06,9007.44125582,1.2300741,
2020-05-07,9261.89505826,1.3262641,
2020-05-08,9936.16248196,1.15916046,
2020-05-09,9840.90638396,1.22563841,
2020-05-10,9591.16923131,1.1352974,
2020-05-11,8755.5356389,1.4485167,
2020-05-12,8610.38621232,1.14163498,
2020-05-13,8805.38781338,1.16863942,
2020-05-14,9271.32863776,1.13223174,
2020-05-15,9734.29077525,0.9476082,
2020-05-16,9333.23987276,1.6343365,
2020-05-17,9374.92998661,1.31799758,
2020-05-18,9675.69498013,1.35690076,
2020-05-19,9727.06360375,1.232679,
2020-05-20,9725.32936525,1.09443459,
2020-05-21,9522.74008319,1.03405391,
2020-05-22,9080.33473763,1.1169321,
2020-05-23,9185.06272737,1.18470863,
2020-05-24,9212.28340427,1.10569846,
2020-05-25,8786.10769511,1.14497685,
2020-05-26,8909.58607327,1.38391697,
2020-05-27,8837.3812128,1.22856353,
2020-05-28,9184.94499772,1.05167464,
2020-05-29,9528.35562913,0.87126,
2020-05-30,9438.91400926,1.0726742,
2020-05-31,9700.10569689,0.95471556,
2020-06-01,9463.6056622,1.12225895,
2020-06-02,10162.9731448,1.21889556,
2020-06-03,9533.76049336,1.49525634,
2020-06-04,9655.85445253,1.1100374,
2020-06-05,9800.21547674,1.18887672,
2020-06-06,9664.90477464,1.51994074,
2020-06-07,9653.00332503,1.67495338,
2020-06-08,9760.0632524,1.97717413,
2020-06-09,9774.35993635,1.3908437,
2020-06-10,9794.11951106,1.23966262,
2020-06-11,9870.07852908,1.31354604,
2020-06-12,9320.69085457,1.11554824,
2020-06-13,9480.73574979,1.25243839,
2020-06-14,9477.55403706,1.22541659,
2020-06-15,9386.03529073,1.19416712,
2020-06-16,9454.26643056,1.360084,
2020-06-17,9533.78375101,1.225856,
2020-06-18,9481.56706237,1.37281226,
2020-06-19,9410.29434848,1.25730915,
2020-06-20,9290.96027975,1.34671782,
2020-06-21,9330.9264778,1.41927066,
2020-06-22,9300.91545819,1.28298064,
2020-06-23,9644.07594221,1.29996184,
2020-06-24,9632.14957943,0.98649343,
2020-06-25,9314.12688901,1.11407223,
2020-06-26,9260.99499378,1.4804689,
2020-06-27,9167.82427849,1.21650565,
2020-06-28,9048.46083712,1.24970605,
2020-06-29,9140.02907078,1.27121884,
2020-06-30,9185.58126105,1.11612207,
2020-07-01,9145.98505502,1.15737352,
2020-07-02,9231.13965322,1.16451122,
2020-07-03,9124.84264611,1.2134175,
2020-07-04,9084.23373428,1.14251625,
2020-07-05,9126.090803,1.18425186,
2020-07-06,9072.85007426,1.17903118,
2020-07-07,9349.16137441,1.20345124,
2020-07-08,9253.02015436,1.782325,
2020-07-09,9427.99387728,1.26650555,
2020-07-10,9273.35699507,1.17473102,
2020-07-11,9277.51196283,1.28506256,
2020-07-12,9241.0550437,1.28838936,
2020-07-13,9277.2046601,0.9548789,
2020-07-14,9238.7032275,1.5243723,
2020-07-15,9241.89699957,1.52552236,
2020-07-16,9191.9802336,1.1488927,
2020-07-17,9131.8121414,1.01788774,
2020-07-18,9151.18404834,1.155486,
2020-07-19,9158.00603543,1.45988902,
2020-07-20,9187.22037014,1.17555637,
2020-07-21,9162.51448207,0.98630399,
2020-07-22,9375.08046428,1.27412967,
2020-07-23,9527.14199636,1.2797922,
2020-07-24,9585.51480236,1.24980667,
2020-07-25,9539.48551544,1.26241764,
2020-07-26,9680.23483128,1.24835879,
2020-07-27,9905.21791377,1.33456664,
2020-07-28,11017.4638476,1.42606329,
2020-07-29,10912.9529611,1.42016488,
2020-07-30,11099.8328914,1.352284,
2020-07-31,11110.2109424,1.84325154,
2020-08-01,11322.5705008,1.32307755,
2020-08-02,11758.7646653,1.4402687,
2020-08-03,11043.7688847,1.54648016,
2020-08-04,11246.2032469,1.23915383,
2020-08-05,11203.8230991,1.32876992,
2020-08-06,11749.8713321,1.50780189,
2020-08-07,11778.8942824,1.33139705,
2020-08-08,11604.5533476,1.49050398,
2020-08-09,11737.3252342,1.3571966,
2020-08-10,11662.2569338,1.45115883,
2020-08-11,11881.64754,1.40173604,
2020-08-12,11404.5968775,1.15225391,
2020-08-13,11588.4055125,1.33433062,
2020-08-14,11772.6593859,1.51982586,
2020-08-15,11768.6971443,1.51680581,
2020-08-16,11866.6855801,1.47519328,
2020-08-17,11895.6577737,1.85525923,
2020-08-18,12251.8959698,1.60099313,
2020-08-19,11990.8847804,1.4176613,
2020-08-20,11761.499735,1.3533556,
2020-08-21,11878.026439,1.68865106,
2020-08-22,11585.4775342,1.37710145,
2020-08-23,11679.6959587,1.52086832,
2020-08-24,11663.6895523,1.60505213,
2020-08-25,11773.58935,1.50330608,
2020-08-26,11366.8949329,1.16461996,
2020-08-27,11485.6083964,1.52543216,
2020-08-28,11325.2956031,1.32431556,
2020-08-29,11541.0543254,1.30820132,
2020-08-30,11508.7139745,1.4023111,
2020-08-31,11713.3062719,1.40050511,
2020-09-01,11679.3166637,1.77147451,
2020-09-02,11964.8228043,1.57545185,
2020-09-03,11407.1910772,1.26388869,
2020-09-04,10230.3651615,1.36851291,
2020-09-05,10512.5301954,1.16482688,
2020-09-06,10167.2167634,1.2565621,
2020-09-07,10280.9976217,1.51552908,
2020-09-08,10369.3069685,1.37293187,
2020-09-09,10134.1515061,1.130476,
2020-09-10,10242.3301347,1.1190395,
2020-09-11,10369.0283892,1.29450421,
2020-09-12,10409.8617874,1.1337065,
2020-09-13,10452.3990309,1.33038397,
2020-09-14,10328.7341116,1.37316497,
2020-09-15,10677.7548513,1.57525708,
2020-09-16,10797.7620187,1.3513213,
2020-09-17,10973.2522347,1.2762195,
2020-09-18,10951.8200208,1.35391602,
2020-09-19,10933.7526485,1.34734832,
2020-09-20,11095.8697916,1.28928917,
2020-09-21,10934.9255349,1.2989136,
2020-09-22,10459.6245084,1.61738933,
2020-09-23,10535.49244237,1.379725,
2020-09-24,10248.78655955,1.61347471,
2020-09-25,10761.10978907,1.4378818,
2020-09-26,10695.57508179,1.46374463,
2020-09-27,10746.89275768,1.27025347,
2020-09-28,10776.6136391,1.35135223,
2020-09-29,10709.65002191,1.60668211,
2020-09-30,10843.87075063,1.22960681,
2020-10-01,10795.25474253,1.3281557,
2020-10-02,10619.8212156,1.62467959,
2020-10-03,10575.10063586,1.35245646,
2020-10-04,10550.44067126,1.47867845,
2020-10-05,10676.52895637,1.38182017,
2020-10-06,10796.30685484,1.52769175,
2020-10-07,10603.35546589,1.74829888,
2020-10-08,10669.37115892,1.39563018,
2020-10-09,10927.91292433,1.38884197,
2020-10-10,11059.14269142,1.6095578,
2020-10-11,11296.08178425,1.78333901,
2020-10-12,11392.63621516,1.52678082,
2020-10-13,11548.71975926,1.58139063,
2020-10-14,11429.04780192,1.51821556,
2020-10-15,11426.60259823,1.47119613,
2020-10-16,11502.82812628,1.52400334,
2020-10-17,11322.1226857,1.70175736,
2020-10-18,11355.98226642,1.59214247,
2020-10-19,11495.03793859,1.58730927,
2020-10-20,11745.97493298,1.56436392,
2020-10-21,11913.07748936,1.62176067,
2020-10-22,12801.63536307,1.48598954,
2020-10-23,12971.54847683,1.41870773,
2020-10-24,12931.57391476,1.6960251,
2020-10-25,13108.06314181,1.74732055,
2020-10-26,13031.20124688,2.0581779,
2020-10-27,13075.24249433,1.70162359,
2020-10-28,13654.21446094,1.74003676,
2020-10-29,13271.29897868,1.5569936,
2020-10-30,13437.87353717,1.67091601,
2020-10-31,13546.5326493,1.75141396,
2020-11-01,13780.99480514,1.8669817,
2020-11-02,13737.03221087,1.73758202,
2020-11-03,13550.450882,2.71447455,
2020-11-04,13950.4879059,1.70210006,
2020-11-05,14133.73388336,1.66168543,
2020-11-06,15579.72923853,2.0802532,
2020-11-07,15565.88058298,2.20923141,
2020-11-08,14833.75408424,2.10824269,
2020-11-09,15479.59572319,2.14980699,
2020-11-10,15332.350373,2.25346924,
2020-11-11,15290.90879034,2.2325882,
2020-11-12,15701.29906726,2.46810808,
2020-11-13,16276.4404772,2.28483791,
2020-11-14,16317.80834223,2.14644172,
2020-11-15,16068.13999417,2.05102913,
2020-11-16,15955.57698439,2.20061052,
2020-11-17,16685.69093058,2.1473037,
2020-11-18,17645.19047404,2.05162128,
2020-11-19,17803.86174661,2.62400039,
2020-11-20,17817.08366299,2.04202077,
2020-11-21,18621.31587778,2.08553487,
2020-11-22,18642.232992,2.38287047,
2020-11-23,18370.01733874,2.55267496,
2020-11-24,18365.01468531,2.42400003,
2020-11-25,19104.40961035,2.72161793,
2020-11-26,18729.84058731,1.76782189,
2020-11-27,17153.91312468,2.08179229,
2020-11-28,17112.93423773,2.59777696,
2020-11-29,17719.63461354,2.28777456,
2020-11-30,18178.32211783,2.74530285,
2020-12-01,19633.77044727,2.61362684,
2020-12-02,18801.74359314,2.57210858,
2020-12-03,19205.92540409,2.45406969,
2020-12-04,19446.96642246,2.85913745,
2020-12-05,18698.38527851,2.9778382,
2020-12-06,19154.18059333,2.94575914,
2020-12-07,19343.12879819,2.34117385,
2020-12-08,19191.52946283,2.7355688,
2020-12-09,18320.88478403,2.40765428,
2020-12-10,18553.29972814,2.09205545,
2020-12-11,18263.92925463,1.7203303,
2020-12-12,18051.31998973,2.40623152,
2020-12-13,18806.76647897,2.25053168,
2020-12-14,19144.49245994,2.32960936,
2020-12-15,19246.91998427,2.82997829,
2020-12-16,19418.81840055,2.44962095,
2020-12-17,21308.35140371,2.59880146,
2020-12-18,22806.79637266,2.72054457,
2020-12-19,23132.86511797,2.79193688,
2020-12-20,23861.7657379,2.22567178,
2020-12-21,23474.45540815,2.34714938,
2020-12-22,22794.03960022,2.73882642,
2020-12-23,23781.97438638,2.88477101,
2020-12-24,23240.20362271,2.85267676,
2020-12-25,23733.56954677,3.3290298,
2020-12-26,24677.01605649,3.44632587,
2020-12-27,26439.37328852,3.7925477,
2020-12-28,26280.82141511,3.2376339,
2020-12-29,27081.80972919,3.46279807,
2020-12-30,27360.08970906,3.40024381,
2020-12-31,28841.57375811,3.8650585,
2021-01-01,28994.00891641,4.03878939,
2021-01-02,29376.45583414,4.5332012,
2021-01-03,32129.4073556,4.4439264,
2021-01-04,32810.94764381,5.3097317,
2021-01-05,31977.04113228,4.0473313,
2021-01-06,34013.614533,4.8177916,
2021-01-07,36833.87435728,4.70402008,
2021-01-08,39381.76584266,4.86681497,
2021-01-09,40788.64052286,5.22194071,
2021-01-10,40254.21779758,5.30954938,
2021-01-11,38346.52950301,3.98450791,
2021-01-12,35516.36114084,4.48742366,
2021-01-13,33915.11958124,4.54864415,
2021-01-14,37325.10763475,4.98313078,
2021-01-15,39156.7080858,4.33577881,
2021-01-16,36821.64873201,4.64688476,
2021-01-17,36163.64923243,4.29848959,
2021-01-18,35792.23666766,5.28985555,
2021-01-19,36642.23272357,4.37699655,
2021-01-20,36050.11269824,4.770425,
2021-01-21,35549.39740902,3.90573508,
2021-01-22,30817.62519242,4.3162888,
2021-01-23,32985.75691326,3.76277874,
2021-01-24,32064.37631516,4.01189159,
2021-01-25,32285.79891345,4.54124485,
2021-01-26,32358.6131737,4.44426255,
2021-01-27,32564.03024112,4.11866214,
2021-01-28,30441.0418168,3.60519982,
2021-01-29,34318.6716924,4.37470558,
2021-01-30,34295.9350435,4.50552124,
2021-01-31,34270.87759214,4.87117892,
2021-02-01,33114.57724298,4.33510158,
2021-02-02,33533.20067102,3.898696,
2021-02-03,35510.82121346,4.6700576,
2021-02-04,37475.10402915,4.39139161,
2021-02-05,36931.54564785,5.12222234,
2021-02-06,38138.38833975,4.80610227,
2021-02-07,39250.1905137,8.96805261,
2021-02-08,38886.82728995,5.38945815,
2021-02-09,46184.99146609,5.66538966,
2021-02-10,46469.76120204,5.0313283,
2021-02-11,44898.71161149,5.97023085,
2021-02-12,47877.03437451,5.6916451,
2021-02-13,47491.20255503,5.84758321,
2021-02-14,47114.50958649,6.32089151,
2021-02-15,48696.53665993,6.94314767,
2021-02-16,47944.45800728,6.70879157,
2021-02-17,49207.27643233,6.05232399,
2021-02-18,52140.97271656,6.81436336,
2021-02-19,51675.98128513,6.2023906,
2021-02-20,55887.33571358,6.8951947,
2021-02-21,56068.56824551,8.01126109,
2021-02-22,57532.73886407,6.45246177,
2021-02-23,54204.92975578,6.40676553,
2021-02-24,48835.08766112,7.81359583,
2021-02-25,49709.08242476,6.99232804,
2021-02-26,47180.4640539,5.78580374,
2021-02-27,46344.77223734,6.39496766,
2021-02-28,46194.01635186,6.44247696,
2021-03-01,45159.50305253,5.85986829,
2021-03-02,49612.10703748,6.74861572,
2021-03-03,48415.8149783,6.1161269,
2021-03-04,50522.30503036,6.4022318,
2021-03-05,48527.03198074,7.29356304,
2021-03-06,48899.23078213,6.0898535,
2021-03-07,48918.6802649,6.03464917,
2021-03-08,51174.1169466,8.23488461,
2021-03-09,52272.96978194,6.31781543,
2021-03-10,54824.01119917,6.62603007,
2021-03-11,55963.18008858,12.72297243,
2021-03-12,57821.21874746,7.3663333,
2021-03-13,57343.37024739,8.05310628,
2021-03-14,61221.13429704,5.3128844,
2021-03-15,59267.4290492,7.4315182,
2021-03-16,55840.78651437,7.79416089,
2021-03-17,56825.82889756,9.1884118,
2021-03-18,58893.078058,7.28176602,
2021-03-19,57850.44063985,7.47785405,
2021-03-20,58332.26220538,5.88468741,
2021-03-21,58309.91303265,7.0626044,
2021-03-22,57517.89148833,6.9836866,
2021-03-23,54511.66203198,9.0024993,
2021-03-24,54710.48908407,7.64928909,
2021-03-25,52726.7455686,7.89112196,
2021-03-26,51683.0100897,7.06961788,
2021-03-27,55137.56723702,6.17291419,
2021-03-28,55974.94118696,6.90301033,
2021-03-29,55947.8989665,6.81892058,
2021-03-30,57750.13284273,8.48689027,
2021-03-31,58930.27778393,8.4964022,
2021-04-01,58926.56414734,5.83669676,
2021-04-02,59098.87907036,8.4523083,
2021-04-03,59397.40846193,7.32319165,
2021-04-04,57604.83861776,7.39008541,
2021-04-05,58760.87326121,6.86256307,
2021-04-06,59171.93202224,6.71243987,
2021-04-07,58186.50853398,6.73755408,
2021-04-08,56099.91311078,8.14561053,
2021-04-09,58326.56361984,7.34151645,
2021-04-10,58253.77680886,8.36133112,
2021-04-11,59846.23078558,9.6109761,
2021-04-12,60175.94475711,6.66543901,
2021-04-13,59890.01779033,7.96867379,
2021-04-14,63523.75486927,13.45506465,
2021-04-15,63075.19622093,9.88927553,
2021-04-16,63258.50517438,5.91283812,
2021-04-17,61529.92099734,6.81301699,
2021-04-18,60701.88609331,5.20244872,
2021-04-19,56191.5841095,5.96174223,
2021-04-20,55681.79251074,8.10590333,
2021-04-21,56471.12771923,7.31738846,
2021-04-22,53857.10689483,6.40217479,
2021-04-23,51739.80692966,6.11591574,
2021-04-24,51143.22627463,6.24241156,
2021-04-25,50052.83164893,6.52655284,
2021-04-26,49077.79236302,6.71451031,
2021-04-27,54030.30371848,6.87749418,
2021-04-28,55036.63741947,6.91311333,
2021-04-29,54858.09149222,5.8322766,
2021-04-30,53568.66358369,8.78492244,
2021-05-01,57714.66485835,6.80036228,
2021-05-02,57825.86281955,6.27411717,
2021-05-03,56620.27262011,6.72108211,
2021-05-04,57214.17876121,6.25825456,
2021-05-05,53252.16476125,6.15849699,
2021-05-06,57441.30708417,5.73674929,
2021-05-07,56413.95355125,7.79857306,
2021-05-08,57352.7659529,7.06516768,
2021-05-09,58877.3886984,6.60612727,
2021-05-10,58250.87253094,6.04905095,
2021-05-11,55847.24104211,5.99252068,
2021-05-12,56714.53316738,5.14870276,
2021-05-13,49735.43206467,6.19116693,
2021-05-14,49682.9818555,5.81733088,
2021-05-15,49855.49465011,5.92014008,
2021-05-16,46716.63798759,4.82674666,
2021-05-17,46415.89925412,4.34968015,
2021-05-18,43488.05798819,5.50068911,
2021-05-19,42944.97544731,3.57532095,
2021-05-20,36753.66970802,3.03661468,
2021-05-21,40596.94832252,4.4593947,
2021-05-22,37371.02990629,3.86606132,
2021-05-23,37531.4484526,3.66889183,
2021-05-24,34700.363568,4.23994048,
2021-05-25,38795.7802497,3.34843583,
2021-05-26,38392.62365582,2.84349526,
2021-05-27,39316.88967818,3.761659,
2021-05-28,38507.08307537,3.58584405,
2021-05-29,35684.1568817,3.51051289,
2021-05-30,34607.40597914,9.78260777,
2021-05-31,35658.59295707,3.37950568,
2021-06-01,37293.79237447,3.71468167,
2021-06-02,36699.92291982,3.353884,
2021-06-03,37599.40994043,3.44189352,
2021-06-04,39242.48626197,3.76300518,
2021-06-05,36880.15597053,2.90574926,
2021-06-06,35538.60872998,3.81330467,
2021-06-07,35835.26550975,3.83893078,
2021-06-08,33589.52085635,3.08253351,
2021-06-09,33416.97785088,2.71261548,
2021-06-10,37389.51565087,3.22739381,
2021-06-11,36697.03129279,3.04993422,
2021-06-12,37340.14284419,3.07914483,
2021-06-13,35555.79014042,3.5687104,
2021-06-14,39016.9701778,2.18286958,
2021-06-15,40427.16992116,2.16118076,
2021-06-16,40168.69037027,3.31592063,
2021-06-17,38341.42380252,2.23776014,
2021-06-18,38099.47705463,2.33457781,
2021-06-19,35854.52922288,3.096806,
2021-06-20,35563.13941499,3.47924293,
2021-06-21,35641.14606474,3.18210415,
2021-06-22,31622.37708528,2.213306,
2021-06-23,32515.71430319,2.29402902,
2021-06-24,33682.80040376,2.02962293,
2021-06-25,34659.10449948,2.9649954,
2021-06-26,31594.66357132,1.9653148,
2021-06-27,32287.52321108,3.76577,
2021-06-28,34679.12222205,2.04848821,
2021-06-29,34475.55969665,1.566501,
2021-06-30,35908.38805414,1.80041275,
2021-07-01,35035.98271227,3.23955095,
2021-07-02,33549.6001774,1.47535821,
2021-07-03,33854.42136155,2.364124,
2021-07-04,34665.56486608,2.9005304,
2021-07-05,35284.34443007,2.92820409,
2021-07-06,33723.50965515,2.49326493,
2021-07-07,34225.68033425,2.5032927,
2021-07-08,33889.6063474,2.47055543,
2021-07-09,32861.67129399,2.03843524,
2021-07-10,33811.24302026,2.41813395,
2021-07-11,33509.0772617,2.36167507,
2021-07-12,34254.01659458,2.19053927,
2021-07-13,33125.46869395,1.6344261,
2021-07-14,32723.84605182,1.75578304,
2021-07-15,32827.87454891,2.79251874,
2021-07-16,31841.55132445,1.52566498,
2021-07-17,31397.30860013,11.50598787,
2021-07-18,31533.8847205,2.13985347,
2021-07-19,31800.01263521,2.08651328,
2021-07-20,30838.28525375,2.35489296,
2021-07-21,29796.28568986,1.8319452,
2021-07-22,32138.87280774,1.931864,
2021-07-23,32305.95885214,1.82758868,
2021-07-24,33593.72941224,2.00119724,
2021-07-25,34290.29138518,1.93193198,
2021-07-26,35384.02988451,2.57584276,
2021-07-27,37276.03602972,2.97950757,
2021-07-28,39503.18569435,3.60008523,
2021-07-29,39995.45199088,5.42765048,
2021-07-30,40027.4833199,1.35483694,
2021-07-31,42196.30388672,1.23240359,
2021-08-01,41460.84408133,1.75575544,
2021-08-02,39907.2628498,2.18599877,
2021-08-03,39178.40356586,1.446013,
2021-08-04,38213.33196989,1.71555788,
2021-08-05,39744.51415501,1.58191943,
2021-08-06,40865.86692448,2.76109683,
2021-08-07,42832.79664244,2.3507916,
2021-08-08,44574.43858612,1.67194497,
2021-08-09,43791.92742356,1.99488467,
2021-08-10,46280.84767425,2.15835719,
2021-08-11,45599.70402605,2.03352184,
2021-08-12,45576.88033369,2.34392704,
2021-08-13,44439.69278522,2.7748106,
2021-08-14,47810.68928692,4.19420907,
2021-08-15,47096.66856627,2.13505347,
2021-08-16,47019.96132369,2.24537555,
2021-08-17,45936.45633673,1.94609311,
2021-08-18,44686.75080965,2.42674341,
2021-08-19,44741.88334742,2.95597288,
2021-08-20,46723.12114785,1.7727261,
2021-08-21,49327.07373292,2.224594,
2021-08-22,48869.10424226,2.9302155,
2021-08-23,49291.67737487,1.8341987,
2021-08-24,49562.34672915,2.21441808,
2021-08-25,47727.25669296,4.36326335,
2021-08-26,49002.64180701,1.64737402,
2021-08-27,46894.55507054,2.24890129,
2021-08-28,49072.58522066,3.13317947,
2021-08-29,48911.24836282,2.83355928,
2021-08-30,48834.85267752,1.84945585,
2021-08-31,47024.34166315,2.53176706,
2021-09-01,47099.77486941,1.48659188,
2021-09-02,48807.8488618,1.51186013,
2021-09-03,49288.24911201,2.60492951,
2021-09-04,50009.32509557,2.11716883,
2021-09-05,49937.85801546,2.6112903,
2021-09-06,51769.00432067,1.78665893,
2021-09-07,52660.47935083,1.23616066,
2021-09-08,46827.76337359,1.50073826,
2021-09-09,45774.74222293,3.10516337,
2021-09-10,46396.66247161,3.14264524,
2021-09-11,44869.84026079,1.50187004,
2021-09-12,45206.62926911,2.40844519,
2021-09-13,46057.21532739,2.16375258,
2021-09-14,44960.0493590296,1.60343023,
2021-09-15,47097.9981234177,2.69384234,
2021-09-16,48158.9072046662,2.0918607,
2021-09-17,47771.0031076542,1.55250463,
2021-09-18,47273.5258128829,1.6595677,
2021-09-19,48268.8574204601,2.08530175,
2021-09-20,47261.4064989217,2.10517132,
2021-09-21,43012.2344357601,1.2603871,
2021-09-22,40677.954833938,1.7215359,
2021-09-23,43560.2953728993,1.82180206,
2021-09-24,44894.3021232609,1.56821986,
2021-09-25,42840.8905086167,1.80820527,
2021-09-26,42721.628660247,2.46014745,
2021-09-27,43234.1849294127,2.0486979,
2021-09-28,42200.8966138389,0.98011885,
2021-09-29,41064.9839539463,2.04955205,
2021-09-30,41551.270839197,1.74006559,
2021-10-01,43816.7406442989,2.38218073,
2021-10-02,48137.4687327213,2.1904446,
2021-10-03,47680.0284071825,2.13188732,
2021-10-04,48208.9076325084,1.13680533,
2021-10-05,49174.9596155488,1.84682433,
2021-10-06,51486.6657416722,1.68465819,
2021-10-07,55338.6237445742,1.72115643,
2021-10-08,53802.1460368317,1.77192434,
2021-10-09,53929.7814684072,1.90979065,
2021-10-10,54952.8212505165,3.36849,
2021-10-11,54734.124840616,1.86461488,
2021-10-12,57526.8320114193,2.35594233,
2021-10-13,56038.2567881108,1.62615138,
2021-10-14,57372.8320788954,2.05303527,
2021-10-15,57345.9019791856,1.6568762,
2021-10-16,61609.5271462034,1.7744874,
2021-10-17,60887.6530520683,2.03990072,
2021-10-18,61548.8034342065,2.56652172,
2021-10-19,62043.1658353953,3.97851615,
2021-10-20,64284.586188483,1.88805656,
2021-10-21,66002.2322037557,2.53660027,
2021-10-22,62237.8910667851,1.16422719,
2021-10-23,60694.6279766303,2.91615999,
2021-10-24,61368.3431714217,1.11339761,
2021-10-25,60893.927575725,1.5486703,
2021-10-26,63032.7625124139,2.10173347,
2021-10-27,60351.9986192979,1.9576475,
2021-10-28,58470.7295783481,1.81576184,
2021-10-29,60624.8707648633,2.48066504,
2021-10-30,62239.3622101383,2.29611475,
2021-10-31,61850.4894560928,5.1470645,
2021-11-01,61320.4494915952,3.74061255,
2021-11-02,60963.2541524674,2.53705675,
2021-11-03,63254.3348809724,1.51936765,
2021-11-04,62941.8040349386,2.23969035,
2021-11-05,61460.0790401577,4.35733578,
2021-11-06,61068.8734470667,1.58972579,
2021-11-07,61554.9218050145,2.26688779,
2021-11-08,63344.0672220101,2.93185751,
2021-11-09,67549.7355807849,2.31166959,
2021-11-10,66953.3393736741,3.78855968,
2021-11-11,64978.8902964226,2.59447764,
2021-11-12,64863.9803464241,2.43490206,
2021-11-13,64158.1226808027,2.96448507,
2021-11-14,64455.371640342,2.92322752,
2021-11-15,65521.2893420962,2.22525894,
2021-11-16,63721.1951940329,2.09056275,
2021-11-17,60139.6201092629,3.48037456,
2021-11-18,60360.1376899776,1.68440829,
2021-11-19,56896.128680164,2.13503177,
2021-11-20,58115.0803464697,2.47144101,
2021-11-21,59730.5079742192,2.42403535,
2021-11-22,58706.8493839442,1.957193,
2021-11-23,56304.5553876631,2.83744089,
2021-11-24,57565.8501077567,2.18042145,
2021-11-25,57165.4172722878,2.2522869,
2021-11-26,58960.2851828641,1.95670745,
2021-11-27,53736.4315256188,1.31984043,
2021-11-28,54813.0247017865,1.61303996,
2021-11-29,57291.904734501,2.01161219,
2021-11-30,57830.1138192706,1.64095258,
2021-12-01,56907.9667338266,2.2330666,
2021-12-02,57217.371048472,2.51930299,
2021-12-03,56509.1653563906,1.48539349,
2021-12-04,53727.87808735,1.76396884,
2021-12-05,49201.5184010156,1.40461288,
2021-12-06,49413.4790992129,1.92570765,
2021-12-07,50581.8300495181,2.24888012,
2021-12-08,50667.6476830609,1.9203661,
2021-12-09,50450.0820524109,1.96863631,
2021-12-10,47642.1435531842,1.28453875,
2021-12-11,47264.6347033978,1.77208528,
2021-12-12,49354.8549351623,1.97175997,
2021-12-13,50114.7409911263,1.3018005,
2021-12-14,46709.8224590995,1.93548914,
2021-12-15,48379.7542277397,1.7348378,
2021-12-16,48900.462910626,2.04655144,
2021-12-17,47653.7298524917,2.16056506,
2021-12-18,46219.2554163103,1.7755919,
2021-12-19,46853.8680030434,1.99925184,
2021-12-20,46707.0644512279,1.1833082,
2021-12-21,46886.0774573853,1.7032172,
2021-12-22,48937.0963391141,2.0340708,
2021-12-23,48626.3437822023,1.38388921,
2021-12-24,50806.0505029799,1.62051444,
2021-12-25,50854.9186725144,1.21135677,
2021-12-26,50428.6926963893,1.27329203,
2021-12-27,50802.6089327853,1.876479,
2021-12-28,50679.8593770298,1.5288772,
2021-12-29,47623.8704633248,1.62825686,
2021-12-30,46490.6060493554,1.67434927,
2021-12-31,47169.3728586211,2.00421646,
2022-01-01,46311.744663041,2.03764093,
2022-01-02,47680.9266248301,1.40083912,
2022-01-03,47343.543765149,1.6592591,
2022-01-04,46458.8514444139,1.10408851,
2022-01-05,45899.3587395826,1.5987585,
2022-01-06,43565.5117270679,1.42857623,
2022-01-07,43153.5708757533,1.36094794,
2022-01-08,41561.4658676891,1.58213791,
2022-01-09,41734.727562932,1.51285657,
2022-01-10,41910.2308272178,1.82990086,
2022-01-11,41819.5069706213,1.47443544,
2022-01-12,42742.1784059514,1.75008519,
2022-01-13,43946.7417177351,1.63145285,
2022-01-14,42598.872888975,1.53160029,
2022-01-15,43101.899610764,1.48618702,
2022-01-16,43172.0388946744,1.78702713,
2022-01-17,43118.1201015099,1.64407623,
2022-01-18,42250.0731446126,1.19533882,
2022-01-19,42374.0406120285,1.29804183,
2022-01-20,41744.0280591734,1.87580923,
2022-01-21,40699.6069839273,1.22771894,
2022-01-22,36471.5899999248,1.39297229,
2022-01-23,35047.3602896719,1.81175402,
2022-01-24,36275.7329481249,1.337326,
2022-01-25,36654.8059244257,1.70989704,
2022-01-26,36950.5148286881,1.49972476,
2022-01-27,36841.8806089473,1.49029937,
2022-01-28,37128.444198943,1.10938638,
2022-01-29,37780.7137862733,1.70301792,
2022-01-30,38151.9188233734,1.29409833,
2022-01-31,37920.2809909723,1.47258492,
2022-02-01,38481.7653685119,11.47806821,
2022-02-02,38743.7134257246,1.33927137,
2022-02-03,36944.8052390298,0.89077216,
2022-02-04,37149.2641415061,1.46962334,
2022-02-05,41501.4805719368,1.11152475,
2022-02-06,41441.1207903381,1.06345337,
2022-02-07,42406.7813264058,1.46207078,
2022-02-08,43854.6536157814,1.29044533,
2022-02-09,44096.7044920426,1.33476527,
2022-02-10,44347.7988345238,2.59322471,
2022-02-11,43571.1304633789,1.4937025,
2022-02-12,42412.300311475,1.241493,
2022-02-13,42236.5664263282,1.82628584,
2022-02-14,42157.3991531626,1.42923917,
2022-02-15,42586.4646116209,1.68714295,
2022-02-16,44578.2762069386,1.88513852,
2022-02-17,43937.0716182815,1.42684603,
2022-02-18,40552.1325746996,1.22025806,
2022-02-19,40026.0225060806,1.31056981,
2022-02-20,40118.1006214851,1.6202189,
2022-02-21,38423.2098719156,1.49565273,
2022-02-22,37068.7714361995,1.14797002,
2022-02-23,38285.2826142108,1.82514432,
2022-02-24,37278.5650718651,1.31425821,
2022-02-25,38333.7471448087,1.1224865,
2022-02-26,39213.0837830814,1.27110073,
2022-02-27,39098.6989112453,1.32565948,
2022-02-28,37706.0012666457,1.20923539,
2022-03-01,43194.5042113042,1.07894474,
2022-03-02,44357.6152449675,1.85876222,
2022-03-03,43925.1950649516,1.5540508,
2022-03-04,42458.1411201421,1.24685811,
2022-03-05,39148.4497050197,1.49426502,
2022-03-06,39404.1989243159,1.54871726,
2022-03-07,38429.3027830169,1.64088358,
2022-03-08,38059.9042925389,1.2915205,
2022-03-09,38742.8160804567,1.46564824,
2022-03-10,41974.0692381785,1.4527849,
2022-03-11,39439.9695316149,3.13150661,
2022-03-12,38794.4631888984,1.17558287,
2022-03-13,38884.7248489191,1.50474875,
2022-03-14,37846.3164396237,1.58738153,
2022-03-15,39664.2500260637,1.24796648,
2022-03-16,39335.569403716,1.7396224,
2022-03-17,41140.8448157717,1.61024649,
2022-03-18,40944.8416795343,1.30532802,
2022-03-19,41794.6478339065,1.65878889,
2022-03-20,42191.4053121278,1.13607518,
2022-03-21,41246.1328484777,1.16950091,
2022-03-22,41074.1045184977,1.25981264,
2022-03-23,42364.3780528832,1.37349731,
2022-03-24,42886.6542168214,1.09200119,
2022-03-25,43964.5462246384,3.4553154,
2022-03-26,44349.8584333427,1.1476962,
2022-03-27,44505.3571023706,1.41095414,
2022-03-28,46821.8502469343,1.45683176,
2022-03-29,47100.4385980769,3.24642593,
2022-03-30,47456.897029717,1.18570822,
2022-03-31,47062.146561831,1.21228484,
2022-04-01,45554.1638120546,1.45331443,
2022-04-02,46285.4980587704,1.01390141,
2022-04-03,45859.1287006828,1.56675306,
2022-04-04,46445.2716196297,1.05115444,
2022-04-05,46624.5070754526,1.2150957,
2022-04-06,45544.3556195233,1.18320525,
2022-04-07,43207.4988703738,1.54406512,
2022-04-08,43505.136802651,1.21315815,
2022-04-09,42282.0793945954,1.35982216,
2022-04-10,42781.0904634136,1.39111856,
2022-04-11,42201.0382303314,1.4161841,
2022-04-12,39533.7133062411,1.64888354,
2022-04-13,40123.5697619184,0.98472089,
2022-04-14,41160.2191454054,2.43024487,
2022-04-15,39939.4039599383,1.15901136,
2022-04-16,40552.3176941877,1.11099989,
2022-04-17,40417.7762672216,1.30912252,
2022-04-18,39721.2029153003,1.01675821,
2022-04-19,40828.1742034359,1.18921131,
2022-04-20,41501.7442424249,1.35800831,
2022-04-21,41371.5150467923,2.50290539,
2022-04-22,40525.8619182391,0.77485052,
2022-04-23,39738.7232696615,1.46418684,
2022-04-24,39478.373437204,1.04009818,
2022-04-25,39472.607372297,1.0551018,
2022-04-26,40448.4226744585,0.90888061,
2022-04-27,38120.3026308778,1.04422868,
2022-04-28,39241.4285252216,1.02420239,
2022-04-29,39768.6158199967,0.89498484,
2022-04-30,38605.8588053705,0.97598477,
2022-05-01,37713.265089741,1.39508517,
2022-05-02,38472.1871454262,0.79920442,
2022-05-03,38528.1100380674,0.81471779,
2022-05-04,37748.0118484619,1.19050493,
2022-05-05,39695.746350719,1.17741016,
2022-05-06,36573.1823550037,1.01425101,
2022-05-07,36042.5036939934,0.88224476,
2022-05-08,35502.9402038303,1.05973979,
2022-05-09,34060.0154816197,0.95739209,
2022-05-10,30273.654218841,0.88825099,
2022-05-11,31016.1827523335,0.81333568,
2022-05-12,28936.7339259087,0.75989951,
2022-05-13,29030.9103910716,1.02435421,
2022-05-14,29285.6430028713,2.40606508,
2022-05-15,30098.5866261369,0.7456611,
2022-05-16,31304.374144248,0.9268012,
2022-05-17,29862.4081929416,0.74558331,
2022-05-18,30424.4792225503,0.83611255,
2022-05-19,28720.3585631289,0.64135641,
2022-05-20,30311.1193461763,0.8424394,
2022-05-21,29199.8590065676,0.67134806,
2022-05-22,29432.4723986064,0.74740039,
2022-05-23,30309.3964800086,0.60491816,
2022-05-24,29101.1252943246,0.83393496,
2022-05-25,29653.1352936197,0.88149831,
2022-05-26,29564.7765107969,0.83504367,
2022-05-27,29251.1408637204,0.99210642,
2022-05-28,28842.1038446105,1.04647691,
2022-05-29,29019.8674141315,1.00315261,
2022-05-30,29443.3657109831,0.8957798,
2022-05-31,31723.8651015418,1.21219664,
2022-06-01,31792.5538087129,0.8450517,
2022-06-02,29794.8900797802,0.59281626,
2022-06-03,30467.8068396067,0.73025712,
2022-06-04,29706.139572537,0.62319612,
2022-06-05,29835.1181317702,0.89365444,
2022-06-06,29910.2837235964,0.8522351,
2022-06-07,31371.7412599943,0.61973815,
2022-06-08,31151.4798946644,0.94041,
2022-06-09,30215.2789745803,0.60109808,
2022-06-10,30110.3295199028,0.94260672,
2022-06-11,29084.666534528,0.56224478,
2022-06-12,28373.5142522495,0.8707147,
2022-06-13,26737.5776601486,0.67028542,
2022-06-14,22487.9871750921,0.55385533,
2022-06-15,22196.7301834792,0.47337262,
2022-06-16,22576.305346187,0.5802837,
2022-06-17,20385.7187101434,0.7930008,
2022-06-18,20473.4249789315,0.5487867,
2022-06-19,19010.9020841202,0.61388995,
2022-06-20,20553.3702544391,0.66226188,
2022-06-21,20594.2948372014,0.46776503,
2022-06-22,20719.41392721,0.60139238,
2022-06-23,19986.607101581,0.5492707,
2022-06-24,21084.6480617906,0.67973645,
2022-06-25,21233.6098714228,2.0532845,
2022-06-26,21496.4947397853,0.71817716,
2022-06-27,21028.2382267284,0.51216506,
2022-06-28,20731.5443463851,0.66740965,
2022-06-29,20281.1694611799,0.95238105,
2022-06-30,20108.3123376304,0.48916057,
2022-07-01,19820.4704741998,0.51986954,
2022-07-02,19274.8362829748,0.51141914,
2022-07-03,19242.0947628176,0.61903581,
2022-07-04,19297.3141855828,0.62888631,
2022-07-05,20225.3534364236,0.63265454,
2022-07-06,20194.6194989241,0.49177211,
2022-07-07,20547.8142411523,0.55639579,
2022-07-08,21637.1550515826,0.69875331,
2022-07-09,21716.8285854815,0.6666988,
2022-07-10,21591.0808021627,0.60852817,
2022-07-11,20856.352967685,0.42854039,
2022-07-12,19970.4750229398,0.64373452,
2022-07-13,19325.9727246501,0.67421693,
2022-07-14,20211.4659555454,0.49129533,
2022-07-15,20573.1562979175,0.42712021,
2022-07-16,20834.104129429,0.8654423,
2022-07-17,21195.0412138346,0.60693588,
2022-07-18,20781.9115039967,0.65880664,
2022-07-19,22467.8500961444,0.7016857,
2022-07-20,23393.1920116301,0.8621907,
2022-07-21,23233.2019709128,0.71050586,
2022-07-22,23163.7520625768,0.38606088,
2022-07-23,22706.9834272109,0.51048182,
2022-07-24,22465.5092660661,0.5481716,
2022-07-25,22607.1555467717,0.52056745,
2022-07-26,21361.1218713035,0.78670917,
2022-07-27,21244.1695591889,0.82414638,
2022-07-28,22933.6412489688,0.61685672,
2022-07-29,23845.2123738942,0.57072668,
2022-07-30,23796.8186106216,0.83793657,
2022-07-31,23652.0696621219,0.66553921,
2022-08-01,23336.7180518604,0.63161595,
2022-08-02,23308.434172793,0.64176152,
2022-08-03,22981.3027057546,0.67296763,
2022-08-04,22848.2143845004,0.6455024,
2022-08-05,22626.8333912751,0.579517,
2022-08-06,23291.4240607937,1.20211497,
2022-08-07,22963.5062436219,0.89170698,
2022-08-08,23179.5270499854,0.6347984,
2022-08-09,23811.4835215919,0.4663391,
2022-08-10,23162.898849424,1.63255078,
2022-08-11,23948.346127206,0.5876151,
2022-08-12,23957.2030605314,0.6109927,
2022-08-13,24402.187470618,0.62072486,
2022-08-14,24429.0574370816,0.63621611,
2022-08-15,24318.3154830385,0.58043173,
2022-08-16,24126.1364825776,0.66711064,
2022-08-17,23881.3155123574,0.50869167,
2022-08-18,23341.0389780106,0.9391466,
2022-08-19,23213.3132415999,0.56502377,
2022-08-20,20872.8421735014,0.63149211,
2022-08-21,21160.3927831764,0.59559306,
2022-08-22,21531.4638488066,0.54429546,
2022-08-23,21401.0456699597,0.66904843,
2022-08-24,21526.4555930855,0.57658432,
2022-08-25,21395.4583899891,0.59594332,
2022-08-26,21596.085314557,0.87188914,
2022-08-27,20262.4803110224,0.65840922,
2022-08-28,20041.0348039542,1.53502361,
2022-08-29,19615.1533628598,1.39289888,
2022-08-30,20298.61208083,0.55193725,
2022-08-31,19799.5813157872,0.55142336,
2022-09-01,20050.4986698419,0.56096458,
2022-09-02,20126.0727809015,0.56047493,
2022-09-03,19969.7183469169,0.80792033,
2022-09-04,19832.4712955665,2.1882648,
2022-09-05,19988.7898184332,0.584312,
2022-09-06,19817.7240655724,0.5589579,
2022-09-07,18837.6833207735,0.66964178,
2022-09-08,19289.940569121,0.49601198,
2022-09-09,19328.1399294633,0.6161036,
2022-09-10,21376.9117145388,0.6672407,
2022-09-11,21678.5435697066,0.61057681,
2022-09-12,21770.1481330587,0.57783504,
2022-09-13,22371.4806397841,0.51597793,
2022-09-14,20184.555325165,0.48027592,
2022-09-15,20242.2899083879,0.45505884,
2022-09-16,19704.0054405263,0.51383111,
2022-09-17,19777.0340283315,0.55728238,
2022-09-18,20127.2339476275,0.51463854,
2022-09-19,19418.5714215096,0.61024732,
2022-09-20,19545.5912754153,0.59008895,
2022-09-21,18891.2828895318,0.57948128,
2022-09-22,18534.6495954773,0.57493657,
2022-09-23,19412.3999254216,0.60873594,
2022-09-24,19296.990703569,0.62618377,
2022-09-25,18936.311515242,0.55031673,
2022-09-26,18803.9006328979,0.6542799,
2022-09-27,19221.8407127512,0.72949231,
2022-09-28,19104.6207895026,0.45957538,
2022-09-29,19427.7801905231,0.53057979,
2022-09-30,19573.4314212308,0.515198,
2022-10-01,19431.1049459172,0.57309276,
2022-10-02,19311.8487082258,0.56843012,
2022-10-03,19044.0678498115,0.52875141,
2022-10-04,19623.5846894487,0.52183632,
2022-10-05,20335.8995793765,0.645007,
2022-10-06,20161.0384382098,0.60259579,
2022-10-07,19957.5590804174,0.8102865,
2022-10-08,19546.3288377398,0.42579099,
2022-10-09,19417.4794111661,0.61281862,
2022-10-10,19446.4162251338,0.47090902,
2022-10-11,19138.9998774831,0.6836603,
2022-10-12,19052.6457860076,0.601427,
2022-10-13,19156.966613327,0.58609144,
2022-10-14,19382.533972178,0.58607904,
2022-10-15,19185.4373038114,0.58511698,
2022-10-16,19068.9135599379,0.60781891,
2022-10-17,19268.5621023075,0.60646209,
2022-10-18,19550.466742932,1.43348507,
2022-10-19,19335.0264414519,0.53676747,
2022-10-20,19138.0850568701,0.51096752,
2022-10-21,19053.2030456165,0.52438951,
2022-10-22,19172.380608581,0.55769556,
2022-10-23,19207.7346507752,0.6197245,
2022-10-24,19567.7695803849,0.65895723,
2022-10-25,19344.964420214,1.13727803,
2022-10-26,20092.2371880952,0.58326897,
2022-10-27,20772.8030271027,0.96593499,
2022-10-28,20287.9560947863,0.61118123,
2022-10-29,20595.1038419697,0.68983387,
2022-10-30,20817.9822518424,0.50566839,
2022-10-31,20633.6960710953,0.60125603,
2022-11-01,20494.8976229392,0.5547689,
2022-11-02,20482.9596937554,0.93556245,
2022-11-03,20162.6892278966,0.73062124,
2022-11-04,20208.7694981217,1.60207805,
2022-11-05,21144.8314657888,0.85291926,
2022-11-06,21285.0566639114,0.52698688,
2022-11-07,20924.6204840491,0.42992353,
2022-11-08,20600.6727471588,0.53828761,
2022-11-09,18543.7612496199,0.43868403,
2022-11-10,15883.1582269152,0.46687082,
2022-11-11,17583.2524305101,0.8015455,
2022-11-12,17036.8754084418,0.52077853,
2022-11-13,16799.7222910557,0.47941533,
2022-11-14,16352.0285634204,0.48059192,
2022-11-15,16617.4847379897,0.4599524,
2022-11-16,16884.3411879443,0.57166241,
2022-11-17,16670.4267562003,0.3692813,
2022-11-18,16687.9115750712,0.3684615,
2022-11-19,16696.2199051826,0.45013317,
2022-11-20,16712.9204583677,0.51527636,
2022-11-21,16291.223799579,0.42723933,
2022-11-22,15782.3012305363,0.50180933,
2022-11-23,16195.5886697744,1.3990079,
2022-11-24,16611.6376723586,0.53452932,
2022-11-25,16602.2695164974,0.53267134,
2022-11-26,16521.5770249101,0.35160928,
2022-11-27,16463.8831715903,0.5251822,
2022-11-28,16440.2220878988,0.42813595,
2022-11-29,16217.6399037709,0.6174535,
2022-11-30,16445.4774885523,0.45454097,
2022-12-01,17168.0021376253,0.64907732,
2022-12-02,16968.6832614793,0.50927106,
2022-12-03,17090.0984850759,0.49791069,
2022-12-04,16908.1704770796,0.42967249,
2022-12-05,17128.8940804496,0.4137965,
2022-12-06,16975.239124186,0.37757972,
2022-12-07,17089.5062701866,0.7183204,
2022-12-08,16847.350249704,0.52513543,
2022-12-09,17232.14800263,0.48798377,
2022-12-10,17134.2213652805,0.94968032,
2022-12-11,17129.7113333088,0.52887993,
2022-12-12,17102.5006494509,0.52288866,
2022-12-13,17206.4404839219,0.45930077,
2022-12-14,17782.0668780371,0.46249428,
2022-12-15,17813.6441227018,0.5633176,
2022-12-16,17364.5464432688,0.62453134,
2022-12-17,16646.9825672479,0.56150622,
2022-12-18,16795.6092258732,0.62445957,
2022-12-19,16759.0409268239,0.51207141,
2022-12-20,16441.7868000999,0.48697179,
2022-12-21,16904.5273540499,0.46987651,
2022-12-22,16818.3802876537,0.57858956,
2022-12-23,16829.6435860359,0.68721483,
2022-12-24,16796.9766195206,0.56149452,
2022-12-25,16847.5053641059,0.42559476,
2022-12-26,16842.2493105753,0.56092323,
2022-12-27,16919.2916501236,0.44111617,
2022-12-28,16716.4002205682,0.58246604,
2022-12-29,16552.3224906863,0.52154437,
2022-12-30,16641.3298242645,0.67963039,
2022-12-31,16603.6747026431,0.38797031,
2023-01-01,16547.9143978715,0.60326749,
2023-01-02,16625.5103941178,0.7440743,
2023-01-03,16688.8472638592,0.54605246,
2023-01-04,16680.2049714198,0.55718029,
2023-01-05,16863.4720568268,0.81932561,
2023-01-06,16836.4734391553,0.55144544,
2023-01-07,16952.1169810139,0.6149904,
2023-01-08,16954.1457258497,0.60763257,
2023-01-09,17093.9924981225,0.574246,
2023-01-10,17192.9500944457,0.52194235,
2023-01-11,17446.3602720665,0.45525102,
2023-01-12,17944.0687339418,0.68987487,
2023-01-13,18868.9059378421,0.58127594,
2023-01-14,19910.5366570655,0.6076555,
2023-01-15,20977.484195217,0.56289881,
2023-01-16,20882.2238766183,0.92163018,
2023-01-17,21175.8332602034,0.5804294,
2023-01-18,21161.0508997004,0.63261409,
2023-01-19,20686.7459060612,0.52436563,
2023-01-20,21085.3723377742,0.58741857,
2023-01-21,22677.4273824208,0.62046534,
2023-01-22,22777.9866614216,0.79161112,
2023-01-23,22721.0886719506,0.61572914,
2023-01-24,22929.6277356711,0.7333327,
2023-01-25,22639.2671675238,0.78544086,
2023-01-26,23108.9544867974,0.74431736,
2023-01-27,23030.7172856477,0.65106896,
2023-01-28,23079.9643325667,0.82962367,
2023-01-29,23031.4492355484,0.772602,
2023-01-30,23774.6489666425,0.73400122,
2023-01-31,22840.7960906001,0.74535266,
2023-02-01,23137.8351361505,0.6865449,
2023-02-02,23720.8235172754,0.67851973,
2023-02-03,23469.41250714,0.72834963,
2023-02-04,23446.3207269726,0.79357573,
2023-02-05,23332.2476009512,0.72301953,
2023-02-06,22954.0219641729,0.8435922,
2023-02-07,22757.2675418795,0.66299114,
2023-02-08,23263.4151260445,0.95255781,
2023-02-09,22946.5655186068,0.74737817,
2023-02-10,21819.0064204049,0.89334103,
2023-02-11,21651.8418620036,0.76494897,
2023-02-12,21870.9025018492,0.63790425,
2023-02-13,21786.9992632743,0.73277106,
2023-02-14,21801.8231464442,0.73185187,
2023-02-15,22220.5853384745,0.70889118,
2023-02-16,24307.3501977993,0.9062377,
2023-02-17,23621.2824942638,0.72737632,
2023-02-18,24565.2959998509,0.7489203,
2023-02-19,24640.0272214209,0.97778163,
2023-02-20,24336.6233404821,0.81761455,
2023-02-21,24833.0489142974,0.79622207,
2023-02-22,24437.4184799228,0.6579497,
2023-02-23,24190.7189835462,0.93703158,
2023-02-24,23946.0078636716,0.70200393,
2023-02-25,23200.1258534291,0.65403682,
2023-02-26,23174.1507687151,0.86800466,
2023-02-27,23561.4506815245,0.93025641,
2023-02-28,23521.8388223949,0.63051427,
2023-03-01,23150.9299581785,0.70022351,
2023-03-02,23647.0194731298,0.70989568,
2023-03-03,23476.6337312584,0.90493295,
2023-03-04,22362.9230267909,1.12179162,
2023-03-05,22354.1435981558,0.63334787,
2023-03-06,22436.8167758974,0.79558202,
2023-03-07,22428.3223896888,0.52017542,
2023-03-08,22216.4423211022,0.85697281,
2023-03-09,21720.0793175611,0.77392668,
2023-03-10,20367.0017771358,0.79189716,
2023-03-11,20187.8770747332,0.87770523,
2023-03-12,20628.0290344583,0.70719579,
2023-03-13,22156.4066753221,1.00203968,
2023-03-14,24201.7660061459,0.97662034,
2023-03-15,24770.925668703,0.94956379,
2023-03-16,24373.4566170173,1.02102484,
2023-03-17,25055.12321927,0.8265066,
2023-03-18,27448.1172696105,1.1482148,
2023-03-19,26969.5037878128,0.97556063,
2023-03-20,28041.6019174942,0.95337376,
2023-03-21,27768.3920318154,1.12738208,
2023-03-22,28158.7199918061,1.01307445,
2023-03-23,27301.9574943549,1.14246645,
2023-03-24,28324.1116952049,1.09897844,
2023-03-25,27487.3377383863,1.02931725,
2023-03-26,27495.523958251,1.13754794,
2023-03-27,27994.0679232525,0.90406823,
2023-03-28,27132.8889214451,1.05776783,
2023-03-29,27267.0321746002,0.90457039,
2023-03-30,28350.141491188,0.45433805,
2023-03-31,28032.2622677886,1.23340539,
2023-04-01,28473.3318011971,1.20475152,
2023-04-02,28462.8448011161,1.16009278,
2023-04-03,28183.0803582438,1.270912,
2023-04-04,27795.2743239989,0.8555202,
2023-04-05,28169.726952854,0.88269153,
2023-04-06,28175.2270773749,0.74364104,
2023-04-07,28038.9669696205,0.80741863,
2023-04-08,27920.5127785287,1.10949325,
2023-04-09,27952.3676156125,1.06683157,
2023-04-10,28336.0282374011,0.90862839,
2023-04-11,29653.679647446,0.97408561,
2023-04-12,30231.5816232396,0.85230423,
2023-04-13,29892.7394598771,1.07439365,
2023-04-14,30409.5616914944,1.18119465,
2023-04-15,30490.7492724237,1.00530404,
2023-04-16,30315.9764166222,1.0616629,
2023-04-17,30317.1456974152,0.90688223,
2023-04-18,29449.0917046267,1.24302941,
2023-04-19,30394.1879043593,2.34935571,
2023-04-20,28823.6828624372,1.20271565,
2023-04-21,28249.2312707237,1.12836965,
2023-04-22,27265.8950162583,1.08828938,
2023-04-23,27816.1447925761,1.23341198,
2023-04-24,27591.7295218905,1.17389526,
2023-04-25,27514.8723912188,1.03036319,
2023-04-26,28300.0592743853,1.19721635,
2023-04-27,28428.4642786789,1.10292738,
2023-04-28,29481.0135350274,1.36251086,
2023-04-29,29336.5670352512,1.46637528,
2023-04-30,29245.5155124623,0.99629638,
2023-05-01,29227.1039819099,1.02361621,
2023-05-02,28087.174969792,1.16770947,
2023-05-03,28680.494409625,1.08882534,
2023-05-04,29031.3044477545,1.17548934,
2023-05-05,28851.4796617854,1.04634364,
2023-05-06,29538.859004621,1.09298429,
2023-05-07,28901.6228241325,1.76572245,
2023-05-08,28450.4574779637,1.39925766,
2023-05-09,27695.0680692549,1.13980384,
2023-05-10,27654.6367765788,1.06210161,
2023-05-11,27621.0868718167,1.00880454,
2023-05-12,26987.6625136386,1.29010006,
2023-05-13,26807.7690443986,1.0415762,
2023-05-14,26788.9742917708,1.5183042,
2023-05-15,26931.3846319054,2.15750835,
2023-05-16,27171.5145793968,1.17227656,
2023-05-17,27035.4701297138,0.99771707,
2023-05-18,27401.650207989,0.90425338,
2023-05-19,26826.7547863893,1.1351101,
2023-05-20,26888.8413910538,1.20448317,
2023-05-21,27118.4232282803,1.11872474,
2023-05-22,26749.8932054031,1.08158429,
2023-05-23,26855.9606820402,1.02904051,
2023-05-24,27224.6037024623,1.11429145,
2023-05-25,26329.4615125873,1.2437315,
2023-05-26,26474.1824692754,1.2030114,
2023-05-27,26720.1825135591,0.96347933,
2023-05-28,26871.15877526,1.39117147,
2023-05-29,28075.5921411669,1.02388681,
2023-05-30,27745.1236032612,1.33292578,
2023-05-31,27700.5300887118,1.12009948,
2023-06-01,27218.4123755644,1.16122594,
2023-06-02,26824.5569811195,1.10532822,
2023-06-03,27252.323332615,0.94690078,
2023-06-04,27075.1220733877,0.9986677,
2023-06-05,27123.1099638092,1.1583502,
2023-06-06,25732.1088628453,1.06076027,
2023-06-07,27235.6495184016,1.18845132,
2023-06-08,26347.6534538868,1.35187274,
2023-06-09,26505.9240082429,1.28371118,
2023-06-10,26481.7625447084,0.79148631,
2023-06-11,25854.0319184511,1.17094266,
2023-06-12,25934.2855973595,1.1759892,
2023-06-13,25902.9409098622,1.1654542,
2023-06-14,25920.2580891397,1.16744219,
2023-06-15,25121.673946192,0.98512201,
2023-06-16,25575.2825953687,1.17518424,
2023-06-17,26328.6794390096,1.01905895,
2023-06-18,26510.4576052828,1.51782097,
2023-06-19,26335.4423696201,1.34598491,
2023-06-20,26841.6635300996,0.76812488,
2023-06-21,28311.3109603566,1.01325618,
2023-06-22,29995.9357665997,1.17714518,
2023-06-23,29896.3834240396,1.06329863,
2023-06-24,30708.738453966,1.56764539,
2023-06-25,30545.1502334604,1.79012265,
2023-06-26,30480.523973069,1.30220141,
2023-06-27,30274.3211879661,1.45726722,
2023-06-28,30696.5614868419,1.5843307,
2023-06-29,30086.1867174231,0.84419707,
2023-06-30,30441.3537591761,1.48285856,
2023-07-01,30471.8475630488,2.65862609,
2023-07-02,30587.2699558779,1.47477408,
2023-07-03,30624.5163112716,1.2296488,
2023-07-04,31156.8649216554,1.30067826,
2023-07-05,30778.7253627454,1.10113871,
2023-07-06,30507.1511109433,0.61583197,
2023-07-07,29907.9989024233,1.17011417,
2023-07-08,30346.9216528359,1.29069797,
2023-07-09,30291.6105302875,1.38122795,
2023-07-10,30172.4229553721,1.01096414,
2023-07-11,30417.6336240204,1.59608309,
2023-07-12,30622.2469455637,1.11141712,
2023-07-13,30387.4891966463,0.80239994,
2023-07-14,31474.7213636247,1.3263567,
2023-07-15,30331.7822769735,1.28140655,
2023-07-16,30297.4721108167,1.24697131,
2023-07-17,30249.626617143,0.80189674,
2023-07-18,30147.0708614209,1.38996524,
2023-07-19,29862.04720795,1.18473961,
2023-07-20,29915.2503258654,1.22782952,
2023-07-21,29805.1115304935,0.68578,
2023-07-22,29908.6969886163,2.05739703,
2023-07-23,29790.1116464042,1.40775825,
2023-07-24,30081.6616445789,1.24193372,
2023-07-25,29178.9700445921,0.92638773,
2023-07-26,29225.7601153369,1.04815499,
2023-07-27,29353.7988292154,0.76404693,
2023-07-28,29212.1643024276,0.7318976,
2023-07-29,29319.4460376816,1.42733425,
2023-07-30,29357.0936433926,1.07079162,
2023-07-31,29278.3140543721,0.89498284,
2023-08-01,29230.8724049903,1.13160614,
2023-08-02,29704.1468382002,0.76638329,
2023-08-03,29161.8119457041,1.18109138,
2023-08-04,29174.3818369773,1.15708034,
2023-08-05,29075.3889564763,1.1564473,
2023-08-06,29043.7019801631,1.32888553,
2023-08-07,29038.5128459431,1.02266092,
2023-08-08,29180.0188620852,0.92274965,
2023-08-09,29766.695595898,1.27307606,
2023-08-10,29563.9718365603,1.05458614,
2023-08-11,29424.902574843,1.43625735,
2023-08-12,29399.7866548487,1.44831101,
2023-08-13,29416.5935992443,1.41024677,
2023-08-14,29283.262942771,1.10363054,
2023-08-15,29408.048589907,1.22616338,
2023-08-16,29169.0740199163,1.09822849,
2023-08-17,28699.8028396574,1.30773736,
2023-08-18,26636.0784021093,1.06625336,
2023-08-19,26047.8329790106,0.99105109,
2023-08-20,26096.8612255003,1.1438213,
2023-08-21,26188.6906508187,1.16365897,
2023-08-22,26130.7480160416,1.24902717,
2023-08-23,26040.473651602,0.92332924,
2023-08-24,26431.5198924678,1.01301002,
2023-08-25,26163.6800536736,1.1592871,
2023-08-26,26047.2352396372,0.89866624,
2023-08-27,26008.2418008294,1.55725686,
2023-08-28,26089.6149228858,1.12175742,
2023-08-29,26102.4858320026,0.7130797,
2023-08-30,27726.0840340273,1.13929409,
2023-08-31,27301.9293168046,1.06197726,
2023-09-01,25934.0208061586,1.09964821,
2023-09-02,25800.9096091103,0.91255524,
2023-09-03,25869.4727927244,0.83370453,
2023-09-04,25968.1701334655,1.01593195,
2023-09-05,25814.9578079891,1.02070665,
2023-09-06,25783.930744879,1.21681457,
2023-09-07,25748.3120094302,1.01036493,
2023-09-08,26245.2082080784,1.04980183,
2023-09-09,25905.4249124824,0.81625882,
2023-09-10,25895.2099714338,1.06973053,
2023-09-11,25831.7155007322,0.89064785,
2023-09-12,25160.6579251895,0.8172852,
2023-09-13,25837.5549632929,0.98619194,
2023-09-14,26228.2778603251,1.37789227,
2023-09-15,26533.8188377296,1.29192758,
2023-09-16,26606.1986522569,1.05564921,
2023-09-17,26567.9275830021,1.19644739,
2023-09-18,26532.9947937991,1.72039958,
2023-09-19,26760.8510057672,2.36052764,
2023-09-20,27210.2284915397,1.01464176,
2023-09-21,27129.8400209459,0.98142128,
2023-09-22,26564.0561677608,1.16016198,
2023-09-23,26578.5559271151,1.0308884,
2023-09-24,26579.3739860713,1.15691843,
2023-09-25,26253.7752994376,1.13901011,
2023-09-26,26294.7586727413,1.04230472,
2023-09-27,26209.498349443,0.93503367,
2023-09-28,26355.812394562,1.18716933,
2023-09-29,27024.8417139356,1.0803618,
2023-09-30,26911.6891847171,1.3184764,
2023-10-01,26967.3974331494,0.99687617,
2023-10-02,27976.7991520291,0.86381491,
2023-10-03,27508.2518188075,1.22460759,
2023-10-04,27429.074995009,1.31941672,
2023-10-05,27798.6471269996,0.92747596,
2023-10-06,27412.1224236917,1.15131104,
2023-10-07,27946.781632977,1.55873265,
2023-10-08,27971.6781072086,1.2670385,
2023-10-09,27934.4721623395,1.44406074,
2023-10-10,27589.2011015988,1.17668846,
2023-10-11,27392.0755460815,1.06570576,
2023-10-12,26873.2924913908,0.9359211,
2023-10-13,26752.8795584136,1.04497473,
2023-10-14,26866.2032449465,1.49028967,
2023-10-15,26858.0117256917,1.10124797,
2023-10-16,27162.6282288816,1.00371094,
2023-10-17,28522.0981659193,0.96182299,
2023-10-18,28413.5308076905,1.13988027,
2023-10-19,28332.4153057225,0.88527389,
2023-10-20,28732.8115476298,1.05214039,
2023-10-21,29683.3818172183,1.20086917,
2023-10-22,29918.6550353499,1.1675964,
2023-10-23,30140.6848629718,1.16530855,
2023-10-24,33077.3039477251,1.25433558,
2023-10-25,33916.0440547641,1.37905254,
2023-10-26,34504.2874223132,1.7026401,
2023-10-27,34156.5006862458,1.32971585,
2023-10-28,33907.7236538604,1.54410398,
2023-10-29,34089.3717393188,1.61283124,
2023-10-30,34531.7413739892,1.29922755,
2023-10-31,34500.077738405,1.24008075,
2023-11-01,34657.275324496,2.13714191,
2023-11-02,35441.5773850879,1.336327,
2023-11-03,34942.474318143,1.22498421,
2023-11-04,34736.3234106715,1.35905536,
2023-11-05,35090.013021366,1.3160724,
2023-11-06,35044.7899191289,1.5046575,
2023-11-07,35047.7936330374,1.45117604,
2023-11-08,35419.4767171176,1.50464347,
2023-11-09,35633.6343938602,1.26401364,
2023-11-10,36702.2518583303,1.50393048,
2023-11-11,37310.070760187,1.3848974,
2023-11-12,37133.9908846586,1.34052141,
2023-11-13,37070.3058713039,1.5429624,
2023-11-14,36491.787577554,1.44682044,
2023-11-15,35548.1127933703,1.4068924,
2023-11-16,37879.9799370366,1.42184482,
2023-11-17,36164.8236042335,1.37707689,
2023-11-18,36625.3714763297,1.70182785,
2023-11-19,36585.7656994176,1.59814351,
2023-11-20,37374.0746847021,1.58609609,
2023-11-21,37469.1597071434,1.57526872,
2023-11-22,35756.5532577388,1.22191759,
2023-11-23,37420.4338755699,1.50223058,
2023-11-24,37296.3168330161,1.31780898,
2023-11-25,37721.4134479349,1.4009046,
2023-11-26,37796.8288643375,1.51425043,
2023-11-27,37454.1919552581,1.3584701,
2023-11-28,37247.9911748235,1.51704683,
2023-11-29,37826.105521743,1.35010306,
2023-11-30,37861.1188827035,0.96905466,
2023-12-01,37718.0096264496,1.6194902,
2023-12-02,38689.2786171684,1.89852613,
2023-12-03,39472.2074711724,1.51588864,
2023-12-04,39978.6286477951,1.63967861,
2023-12-05,41986.264347015,1.52234004,
2023-12-06,44080.0242501869,1.52726047,
2023-12-07,43769.1310742455,1.75582141,
2023-12-08,43293.1349473961,1.49725127,
2023-12-09,44180.0209431358,1.71824946,
2023-12-10,43728.3834800905,1.58328984,
2023-12-11,43792.0178583651,1.74856645,
2023-12-12,41238.7333899751,1.89556582,
2023-12-13,41468.4658620962,1.59012574,
2023-12-14,42884.262691725,1.58157178,
2023-12-15,43028.2506905271,1.79999623,
2023-12-16,41937.7409680042,1.49879008,
2023-12-17,42236.1083449133,1.6098122,
2023-12-18,41348.2020891569,2.08420747,
2023-12-19,42641.5102132607,1.50022181,
2023-12-20,42261.3001386457,1.62571514,
2023-12-21,43648.1249306302,1.58350371,
2023-12-22,43868.9864223563,1.42955324,
2023-12-23,44012.1986320734,1.94625902,
2023-12-24,43728.3659896895,3.00714047,
2023-12-25,43010.5729205333,1.84283112,
2023-12-26,43599.8475904194,1.76629772,
2023-12-27,42518.4685280916,2.42810181,
2023-12-28,43468.1980626735,1.54312502,
2023-12-29,42614.6438924239,1.10725528,
2023-12-30,42091.7526436775,2.48976667,
2023-12-31,42152.0984535163,1.59389701,
2024-01-01,42280.2352761923,1.56173285,
2024-01-02,44187.1390394876,1.65029606,
2024-01-03,44961.6031868025,1.83479873,
2024-01-04,42855.8147613589,1.51981778,
2024-01-05,44192.9786987717,1.4971973,
2024-01-06,44178.9546068436,1.70024382,
2024-01-07,43998.4642425627,1.62065529,
2024-01-08,43948.7069553091,1.66995085,
2024-01-09,46987.6387410088,1.77586493,
2024-01-10,46121.5398246707,1.68469517,
2024-01-11,46656.0730839661,1.84111437,
2024-01-12,46354.7931880012,1.50415842,
2024-01-13,42799.4464877818,1.81041138,
2024-01-14,42842.2636652252,2.03322362,
2024-01-15,41715.0665274581,1.61219899,
2024-01-16,42499.3375361691,4.08238651,
2024-01-17,43132.1003391655,1.29117262,
2024-01-18,42742.3116238329,1.57802045,
2024-01-19,41278.4591854003,1.49296157,
2024-01-20,41624.5890285851,1.54228204,
2024-01-21,41671.488525486,1.74800688,
2024-01-22,41553.6526912489,1.25537663,
2024-01-23,39518.7154526761,1.27426477,
2024-01-24,39877.5955582972,1.85532388,
2024-01-25,40075.5490213235,1.5488036,
2024-01-26,39936.8168833334,1.17229494,
2024-01-27,41815.625020172,1.82430186,
2024-01-28,42126.1259571253,1.52652198,
2024-01-29,42030.9153796232,1.16460695,
2024-01-30,43300.2280935041,1.54552503,
2024-01-31,42946.251373978,1.6930199,
2024-02-01,42569.7613984399,1.330581,
2024-02-02,43077.6391761328,1.50685386,
2024-02-03,43184.9636789534,1.61209191,
2024-02-04,42994.9407957104,1.65679793,
2024-02-05,42577.6229811484,1.66328714,
2024-02-06,42657.3910738742,2.46518952,
2024-02-07,43090.0212972066,1.66824509,
2024-02-08,44332.1256023337,1.5576578,
2024-02-09,45297.3842529508,1.49773297,
2024-02-10,47153.5284248774,1.78288032,
2024-02-11,47768.9681304591,1.82099662,
2024-02-12,48296.3851963696,1.4804342,
2024-02-13,49941.3611618475,1.43336201,
2024-02-14,49733.4447985071,1.78552275,
2024-02-15,51836.7835750689,1.70800027,
2024-02-16,51937.726913942,1.72656869,
2024-02-17,52161.6754757898,1.85257072,
2024-02-18,51661.9701145538,2.00798145,
2024-02-19,52134.8122142975,3.8490855,
2024-02-20,51777.7285112097,1.59103145,
2024-02-21,52273.5357770647,1.32968713,
2024-02-22,51854.6452196827,2.20959596,
2024-02-23,51283.9045735482,1.62649454,
2024-02-24,50736.3700672672,2.0404236,
2024-02-25,51565.2153639478,2.1790483,
2024-02-26,51730.5397930603,1.88533922,
2024-02-27,54519.3620670787,1.99491289,
2024-02-28,57071.0980532704,2.17162576,
2024-02-29,62499.1817682341,2.1107481,
2024-03-01,61168.0624293716,3.0193569,
2024-03-02,62431.6524817224,1.90814603,
2024-03-03,62031.5785228643,2.27617595,
2024-03-04,63137.0046815427,2.05121113,
2024-03-05,68341.0577818122,2.23135811,
2024-03-06,63776.0514257971,2.5449573,
2024-03-07,66099.7416524941,2.93495444,
2024-03-08,66938.093484834,2.56634986,
2024-03-09,68299.2597262835,2.45618935,
2024-03-10,68500.2558542071,3.07184484,
2024-03-11,69020.5497746578,2.33544429,
2024-03-12,72125.1216267045,2.35914768,
2024-03-13,71482.1170682073,2.66360999,
2024-03-14,73079.3733787985,3.54948313,
2024-03-15,71387.8732028734,2.36074477,
2024-03-16,69392.4875002576,2.54037204,
2024-03-17,65316.3448826515,5.61439346,
2024-03-18,68371.3072649579,1.954169,
2024-03-19,67556.1311558065,1.81178463,
2024-03-20,61930.15489599,1.77245981,
2024-03-21,67911.5838668811,1.80546518,
2024-03-22,65489.9284596836,5.51048191,
2024-03-23,63802.7219633034,5.55994012,
2024-03-24,64070.752131174,3.56455265,
2024-03-25,67234.0975756782,2.2333151,
2024-03-26,69931.326350589,2.45395491,
2024-03-27,69991.8965149852,2.22319612,
2024-03-28,69452.7711054015,4.61361444,
2024-03-29,70744.7965151497,2.53734656,
2024-03-30,69893.4442882606,2.03620833,
2024-03-31,69647.7790304267,2.06310347,
2024-04-01,71333.4847168797,2.6617934,
2024-04-02,69705.0243224739,2.64676759,
2024-04-03,65446.671763903,2.3322876,
2024-04-04,65975.6966672092,2.19214018,
2024-04-05,68515.7542604507,2.24240435,
2024-04-06,67840.573581488,2.98036783,
2024-04-07,68897.1111298945,3.01173746,
2024-04-08,69362.5540045166,2.1973508,
2024-04-09,71632.5026622314,1.75582263,
2024-04-10,69140.2406434559,2.05206205,
2024-04-11,70575.7321640038,2.27780278,
2024-04-12,70061.3796014563,2.91924279,
2024-04-13,67188.376427327,2.49534308,
2024-04-14,63836.2318365827,2.36363852,
2024-04-15,65739.6445392053,1.81168003,
2024-04-16,63419.298487949,2.93404376,
2024-04-17,63831.8472221937,2.4280289,
2024-04-18,61275.315409319,1.96084703,
2024-04-19,63510.7503198651,2.51830999,
2024-04-20,63851.1000364476,2.07385098,
2024-04-21,64992.8166095876,2.09964004,
2024-04-22,64935.6331696056,2.72346309,
2024-04-23,66839.8945118829,2.28393413,
2024-04-24,66408.7220661493,2.29895063,
2024-04-25,64275.0210186857,2.12705151,
2024-04-26,64485.3699318773,1.92260254,
2024-04-27,63750.9901461159,3.21737946,
2024-04-28,63423.5139265635,3.10054514,
2024-04-29,63106.3642006694,2.25925777,
2024-04-30,63839.419865918,1.84744009,
2024-05-01,60609.4979456889,1.81246552,
2024-05-02,58253.7047001798,1.70751206,
2024-05-03,59122.3008516113,1.88671323,
2024-05-04,62891.0305478435,2.11339969,
2024-05-05,63892.4549874494,2.48439636,
2024-05-06,64038.3135554184,3.19601335,
2024-05-07,63162.7633988645,2.29667721,
2024-05-08,62332.6425081457,2.20240826,
2024-05-09,61191.2005309392,2.0486477,
2024-05-10,63055.1909954148,2.35096168,
2024-05-11,60793.3570069146,2.2080723,
2024-05-12,60793.5020253167,2.69249657,
2024-05-13,61451.2185129853,1.9960794,
2024-05-14,62900.7740072673,2.3959613,
2024-05-15,61553.9898466732,3.62565276,
2024-05-16,66256.1118170564,2.18322286,
2024-05-17,65231.298680324,2.71009075,
2024-05-18,67066.2110427919,2.10240905,
2024-05-19,66937.9300740777,2.54719245,
2024-05-20,66278.7446711611,2.68976308,
2024-05-21,71443.0634407286,2.33935724,
2024-05-22,70135.3186263525,2.89119852,
2024-05-23,69121.3029390876,2.37111119,
2024-05-24,67928.1302862087,2.6648849,
2024-05-25,68526.9222212624,2.30298579,
2024-05-26,69264.2852545858,3.0992836,
2024-05-27,68512.1802655161,2.627763,
2024-05-28,69392.1967670435,29.3793237,
2024-05-29,68296.3481343617,2.09850847,
2024-05-30,67576.0878952647,2.28264157,
2024-05-31,68362.5159429005,2.21218481,
2024-06-01,67489.6117770498,2.10637688,
2024-06-02,67710.270892225,2.58772263,
2024-06-03,67753.8954139676,2.1911509,
2024-06-04,68804.5672232513,2.31812602,
2024-06-05,70568.3502921197,2.78198901,
2024-06-06,71082.840431362,2.64667279,
2024-06-07,70759.1844842714,2.15972265,
2024-06-08,69324.1765468448,3.09737806,
2024-06-09,69297.4948168382,2.41326838,
2024-06-10,69644.3127359651,2.3971201,
2024-06-11,69508.0797260822,3.6262772,
2024-06-12,67321.3741025823,1.99546768,
2024-06-13,68243.1044352463,2.41600766,
2024-06-14,66747.5695108031,2.10537773,
2024-06-15,66006.7402466095,2.43053325,
2024-06-16,66189.3577903179,2.40692325,
2024-06-17,66636.5154989442,2.54840406,
2024-06-18,66490.9770080024,2.22755116,
2024-06-19,65146.6591196714,2.16715557,
2024-06-20,64960.2953009057,1.95812293,
2024-06-21,64837.9875894116,2.79341098,
2024-06-22,64113.8649019506,2.35554161,
2024-06-23,64248.9631741494,2.13320242,
2024-06-24,63173.3527128475,2.02748741,
2024-06-25,60266.2830663474,1.89558815,
2024-06-26,61789.6754472311,1.93145793,
2024-06-27,60811.2270218847,2.41678748,
2024-06-28,61612.8057853413,1.98685451,
2024-06-29,60319.8732021512,1.63233026,
2024-06-30,60888.4455615606,1.7904434,
2024-07-01,62673.6063386528,1.7997738,
2024-07-02,62844.4115540899,2.36243992,
2024-07-03,62034.3301365905,4.2594903,
2024-07-04,60147.137642006,1.43003048,
2024-07-05,57022.8092189746,1.81322657,
2024-07-06,56659.075234024,2.25534729,
2024-07-07,58239.4304736734,1.67357184,
2024-07-08,55849.5737694153,1.68321499,
2024-07-09,56704.5969356415,2.15488228,
2024-07-10,58033.8844856386,2.90014021,
2024-07-11,57729.8908040311,2.1750777,
2024-07-12,57341.1949342451,2.09489835,
2024-07-13,57908.7385440759,2.08164348,
2024-07-14,59225.2503987175,2.94073134,
2024-07-15,60815.4578978154,1.91396447,
2024-07-16,64784.4188428292,2.06466487,
2024-07-17,65091.8307087293,2.31761204,
2024-07-18,64104.7376791449,1.8008431,
2024-07-19,63972.3254992254,2.36179781,
2024-07-20,66709.9256150293,2.3173899,
2024-07-21,67164.9119218204,2.20088541,
2024-07-22,68152.9761329417,2.21459102,
2024-07-23,67584.8043545273,3.58370672,
2024-07-24,65927.8580751662,2.02507819,
2024-07-25,65375.8734846053,2.13298382,
2024-07-26,65771.8104166052,1.99967682,
2024-07-27,67911.8142625278,2.6343535,
2024-07-28,67808.655588481,2.6080195,
2024-07-29,68259.0549329203,1.98015769,
2024-07-30,66819.0526575841,1.31962498,
2024-07-31,66201.2710774696,1.85955015,
2024-08-01,64625.8404447144,1.93726971,
2024-08-02,65353.4984738177,1.67599546,
2024-08-03,61414.8084938627,2.69470334,
2024-08-04,60676.0941770946,2.27794641,
2024-08-05,58110.2984557763,1.8548258,
2024-08-06,53991.3475883934,1.55131716,
2024-08-07,56040.6321232278,2.25291699,
2024-08-08,55030.0290256907,1.68424403,
2024-08-09,61728.2089798276,1.76691905,
2024-08-10,60881.2294781478,2.5667819,
2024-08-11,60944.8925563279,1.97213209,
2024-08-12,58719.3952192515,1.42855255,
2024-08-13,59356.2077843983,1.4667436,
2024-08-14,60611.0500484466,1.37644335,
2024-08-15,58733.2629876225,1.6425881,
2024-08-16,57560.2733013763,1.55950874,
2024-08-17,58893.530843348,1.63824353,
2024-08-18,59468.1314945541,1.83881288,
2024-08-19,58480.7127277463,1.3636926,
2024-08-20,59493.4519675227,1.56351418,
2024-08-21,59014.9876262709,1.44876497,
2024-08-22,61168.315762736,1.59907803,
2024-08-23,60380.9528602663,1.6700061,
2024-08-24,64103.8695897208,1.78240462,
2024-08-25,64176.3670669592,1.8170396,
2024-08-26,64342.2254421225,1.5344618,
2024-08-27,62879.7084021583,0.99795588,
2024-08-28,59507.9246387341,1.79500189,
2024-08-29,59027.4683440286,3.19743297,
2024-08-30,59388.6018804972,1.50082419,
2024-08-31,59117.4795058185,2.42685773,
2024-09-01,58969.7994536059,1.81306749,
2024-09-02,57326.967287785,1.41801098,
2024-09-03,59106.1912871102,1.338094,
2024-09-04,57430.3485733917,1.75380529,
2024-09-05,57971.7033213181,1.41483168,
2024-09-06,56160.189464975,1.66494568,
2024-09-07,53949.0871537406,1.4245692,
2024-09-08,54147.9325654123,1.43530113,
2024-09-09,54851.8873519906,2.02661673,
2024-09-10,57020.0984145732,1.35105564,
2024-09-11,57650.2890706235,1.28357271,
2024-09-12,57343.1725885899,1.26614825,
2024-09-13,58130.3224813667,1.83937187,
2024-09-14,60569.1162343064,1.50805507,
2024-09-15,60000.7283175086,1.89635505,
2024-09-16,59185.22685956,1.46578614,
2024-09-17,58192.5093438557,1.43630778,
2024-09-18,60309.0018795135,1.48562427,
2024-09-19,61651.1553381713,1.58612611,
2024-09-20,62941.4275952191,1.65306044,
2024-09-21,63184.3412676027,1.62603223,
2024-09-22,63396.8035525073,1.58359094,
2024-09-23,63643.1020803622,1.37293924,
2024-09-24,63326.8412511456,1.60625091,
2024-09-25,64302.5912192468,1.53166221,
2024-09-26,63138.5484837603,1.73453827,
2024-09-27,65180.6651400747,1.36250175,
2024-09-28,65792.1819476094,1.82255101,
2024-09-29,65888.8952714385,1.99062959,
2024-09-30,65634.6601298628,1.44988156,
2024-10-01,63335.603583719,1.69252987,
2024-10-02,60836.3246300866,1.14630497,
2024-10-03,60632.4862350431,1.35138125,
2024-10-04,60754.6251257523,1.81730769,
2024-10-05,62067.6104970553,2.06510997,
2024-10-06,62084.9865006411,1.81236506,
2024-10-07,62819.1093330048,1.45700134,
2024-10-08,62221.6451487376,1.74525891,
2024-10-09,62131.7261033116,1.21084144,
2024-10-10,60581.9296868773,1.00739351,
2024-10-11,60275.4608346571,1.60675064,
2024-10-12,62444.6174061501,1.98602573,
2024-10-13,63192.9435754787,1.99051588,
2024-10-14,62848.3994880925,1.43120522,
2024-10-15,66050.3687270292,2.18755279,
2024-10-16,67042.4618218177,1.70282487,
2024-10-17,67617.0795713375,1.8243561,
2024-10-18,67419.1087252549,1.5849466,
2024-10-19,68418.9766619904,1.76386623,
2024-10-20,68364.1784603044,1.93884812,
2024-10-21,69002.0001468977,2.34527647,
2024-10-22,67360.7027255461,1.7980401,
2024-10-23,67362.3744214737,2.016775,
2024-10-24,66653.7041571813,1.84318481,
2024-10-25,68165.2973724389,1.83852324,
2024-10-26,66628.7370038706,1.77406948,
2024-10-27,67023.4794186223,1.93457499,
2024-10-28,67922.6742726804,1.5535395,
2024-10-29,69910.0453659464,1.62240924,
2024-10-30,72715.366485431,1.77937582,
2024-10-31,72335.0440826332,1.63585841,
2024-11-01,70216.8969678825,1.52463613,
2024-11-02,69486.0239046236,1.73420436,
2024-11-03,69296.3820562098,1.95445984,
2024-11-04,68742.1346678016,1.93721671,
2024-11-05,67811.1743325914,1.358794,
2024-11-06,69358.5019894605,1.15242643,
2024-11-07,75637.0849735144,1.71380117,
2024-11-08,75902.832566501,1.8133918,
2024-11-09,76556.1911313233,1.83819747,
2024-11-10,76775.5438015685,1.97046449,
2024-11-11,80471.4131920498,1.88106932,
2024-11-12,88705.5644865659,1.98567811,
2024-11-13,87929.9667732448,2.4657098,
2024-11-14,90574.8820553752,1.68468837,
2024-11-15,87284.1830981024,2.85582649,
2024-11-16,91064.3662256104,2.4374579,
2024-11-17,90558.4631117088,2.46969909,
2024-11-18,89843.7154789328,2.08060636,
2024-11-19,90536.8115264555,2.28621052,
2024-11-20,92341.8941573535,2.05230969,
2024-11-21,94334.6432809324,2.34584297,
2024-11-22,98496.4294867186,1.98527516,
2024-11-23,99006.7422747472,2.27156482,
2024-11-24,97778.0973586439,2.55521339,
2024-11-25,98033.4427003163,1.7857239,
2024-11-26,93087.2799915931,2.87006607,
2024-11-27,91978.1385818315,3.12480812,
2024-11-28,95954.9448816703,4.23260527,
2024-11-29,95653.9525935763,2.6539497,
2024-11-30,97468.8124452958,2.39305285,
2024-12-01,96461.3368002386,2.26454015,
2024-12-02,97276.0101170567,3.50086928,
2024-12-03,95854.5974342939,3.94194631,
2024-12-04,95988.5287123714,1.90617528,
2024-12-05,98741.5393815507,1.8351005,
2024-12-06,97074.2248322286,1.48733969,
2024-12-07,99916.7144638641,2.23077686,
2024-12-08,99921.9167967171,2.63985853,
2024-12-09,101237.0615213342,2.0311925,
2024-12-10,97441.2344664559,1.98468562,
2024-12-11,96656.0616181213,2.85081694,
2024-12-12,101167.8070043369,2.25759212,
2024-12-13,100046.6505381214,2.29139456,
2024-12-14,101451.4399501803,3.01639292,
2024-12-15,101373.5329606796,1.83814255,
2024-12-16,104293.5764606967,2.22866921,
2024-12-17,106030.6905824521,1.8602546,
2024-12-18,106147.2952596834,2.92503198,
2024-12-19,100070.6874289428,2.13963919,
2024-12-20,97484.6973095173,2.8769045,
2024-12-21,97756.1922018157,2.43609667,
2024-12-22,97218.3182689266,3.1110308,
2024-12-23,95099.3919548289,2.14635067,
2024-12-24,94684.3475533376,3.0031975,
2024-12-25,98675.9108627628,2.56125706,
2024-12-26,99297.6970087846,2.60458186,
2024-12-27,95704.9745862557,4.56441502,
2024-12-28,94160.1862227031,2.80902744,
2024-12-29,95174.0551172888,4.28897474,
2024-12-30,93527.1974974745,1.89134484,
2024-12-31,92643.251221688,2.8622113,
2025-01-01,93425.1021360494,5.210102,
2025-01-02,94416.2865472787,2.00474734,
2025-01-03,96881.7290234686,2.31159474,
2025-01-04,98106.9935527892,2.53090814,
2025-01-05,98233.9057765858,2.27777467,
2025-01-06,98314.9569580597,2.17479454,
2025-01-07,102248.8525481832,1.83117871,
2025-01-08,96924.1649742654,2.03655261,
2025-01-09,95043.4876399706,2.34436648,
2025-01-10,92494.4915059927,2.13474476,
2025-01-11,94700.8380534732,2.75174008,
2025-01-12,94565.7258317476,2.51331401,
2025-01-13,94488.8921736814,2.42638706,
2025-01-14,94519.0071414979,2.47920107,
2025-01-15,96534.0459693992,2.53433681,
2025-01-16,100505.2987263067,2.76185194,
2025-01-17,100025.7650552685,2.52171461,
2025-01-18,104124.9545762088,3.18455197,
2025-01-19,104411.286795273,2.54501513,
2025-01-20,101083.753465156,2.77329561,
2025-01-21,102052.5752511938,2.51743871,
2025-01-22,106136.3833471013,3.98114804,
2025-01-23,103657.674563574,4.91607505,
2025-01-24,103965.6697206428,2.45471343,
2025-01-25,104824.0336788709,3.15152998,
2025-01-26,104713.2132299644,3.03788825,
2025-01-27,102680.3035909706,1.89403469,
2025-01-28,102095.417582976,2.9183347,
2025-01-29,101317.5272532106,2.78914702,
2025-01-30,103709.3387991247,2.04364828,
2025-01-31,104737.5621920365,1.99232917,
2025-02-01,102402.7981153973,2.87146281,
2025-02-02,100661.5363872362,2.36120847,
2025-02-03,97681.1032562505,1.85054846,
2025-02-04,101398.717040286,1.56561801,
2025-02-05,97878.0097544626,4.96989142,
2025-02-06,96610.6402284928,3.55481501,
2025-02-07,96581.3172874407,1.81133038,
2025-02-08,96533.2608441032,1.86149144,
2025-02-09,96481.315261394,5.7802564,
2025-02-10,96499.4620926385,2.60017749,
2025-02-11,97438.1312083266,3.73286363,
2025-02-12,95745.6944569594,2.33405549,
2025-02-13,97888.7464885097,2.27039532,
2025-02-14,96623.3708675579,2.42347595,
2025-02-15,97508.3827694604,2.9127273,
2025-02-16,97580.4905830129,2.53129079,
2025-02-17,96179.0045652885,2.43976112,
2025-02-18,95773.8162428381,2.11450717,
2025-02-19,95532.5321463391,2.35199709,
2025-02-20,96632.6791870311,2.70956865,
2025-02-21,98340.6700379587,1.90771779,
2025-02-22,96134.2019122491,1.80023116,
2025-02-23,96577.8030806053,2.27234362,
2025-02-24,96277.9637903407,2.16354055,
2025-02-25,91437.1140051059,2.69466101,
2025-02-26,88638.893456738,2.29398011,
2025-02-27,84076.8619070145,1.59748409,
2025-02-28,84705.6284802187,1.77125007,
2025-03-01,84373.8643718367,1.87710381,
2025-03-02,86036.2575495497,3.12418785,
2025-03-03,94248.4214971805,2.57823848,
2025-03-04,86064.0666589959,1.81585967,
2025-03-05,87222.954869116,2.13944915,
2025-03-06,90622.3611550251,1.97029313,
2025-03-07,89963.2830044752,1.7093107,
2025-03-08,86742.6529900258,2.05813053,
2025-03-09,86154.3058905771,1.75477182,
2025-03-10,80597.1497836398,1.9483858,
2025-03-11,78523.8715438118,1.52764362,
2025-03-12,82857.3783720186,1.3313327,
2025-03-13,83724.9195997057,2.00878763,
2025-03-14,81066.993377569,2.17215845,
2025-03-15,83968.4059495509,2.14708318,
2025-03-16,84333.3216170116,2.09172982,
2025-03-17,82576.3342781945,1.8417936,
2025-03-18,84075.7156723962,1.94451053,
2025-03-19,82718.8042584539,1.99510505,
2025-03-20,86872.9533018947,2.27659498,
2025-03-21,84164.5425239259,2.0520625,
2025-03-22,84046.2582881817,3.55330558,
2025-03-23,83831.9005141602,1.96658475,
2025-03-24,86070.9281111585,2.10094842,
2025-03-25,87512.8194407259,1.90630541,
2025-03-26,87460.2366697949,2.38132652,
2025-03-27,86896.2548762212,2.1719345,
2025-03-28,87185.2346771071,2.76510769,
2025-03-29,84352.0727262958,1.6392406,
2025-03-30,82596.9832343092,1.8589667,
2025-03-31,82336.0593457524,2.24805947,
2025-04-01,82551.9187292547,1.6762421,
2025-04-02,85180.6130399194,1.73398524,
2025-04-03,82487.4764239047,4.23251565,
2025-04-04,83100.2474409798,1.59880384,
2025-04-05,83844.6996629091,2.33934221,
2025-04-06,83504.5071163801,1.81173883,
2025-04-07,78221.3331336497,2.46982836,
2025-04-08,79218.4738597791,1.91626712,
2025-04-09,76273.5617005576,1.81747437,
2025-04-10,82565.9744525521,2.77910389,
2025-04-11,79625.0481407205,2.3801391,
2025-04-12,83404.516993045,2.10404674,
2025-04-13,85279.4705343828,2.70168661,
2025-04-14,83694.5232732834,1.90211112,
2025-04-15,84539.692784981,2.00426628,
2025-04-16,83674.5110786453,1.75277156,
2025-04-17,84030.672926765,1.76772563,
2025-04-18,84900.1913574227,2.01181852,
2025-04-19,84450.8703334615,1.8851456,
2025-04-20,85066.068869856,2.12860458,
2025-04-21,85171.5427512029,2.11853789,
2025-04-22,87521.8711734663,1.75696021,
2025-04-23,93427.5858085506,2.46382205,
2025-04-24,93692.3959519458,2.15014228,
2025-04-25,93954.249819661,1.55151206,
2025-04-26,94714.6463714469,2.18131213,
2025-04-27,94660.9092081124,2.20055288,
2025-04-28,93755.3036053418,1.67753933,
2025-04-29,94981.8613835771,2.50695238,
2025-04-30,94286.4686573453,1.47852559,
2025-05-01,94212.8628771738,1.85990048,
2025-05-02,96494.9691901396,1.88781954,
2025-05-03,96904.6347353242,2.3419456,
2025-05-04,95877.1841802496,2.12208374,
2025-05-05,94319.5628677338,2.50230945,
2025-05-06,94748.3862881353,2.54745552,
2025-05-07,96800.1944965502,1.73507758,
2025-05-08,97034.2468888418,1.84155446,
2025-05-09,103239.1251639039,1.90078823,
2025-05-10,102973.7142276973,1.97514243,
2025-05-11,104701.072596459,2.33351873,
2025-05-12,104106.9627066245,2.02348648,
2025-05-13,102812.4924643175,2.28083305,
2025-05-14,104167.325600448,1.60712458,
2025-05-15,103538.825684185,2.97828641,
2025-05-16,103735.6550633715,2.4113792,
2025-05-17,103489.2897356949,2.71573154,
2025-05-18,103186.9556358247,2.60916114,
2025-05-19,106430.5327027544,2.32118377,
2025-05-20,105605.4091445749,1.91611612,
2025-05-21,106791.3124236974,2.11304897,
2025-05-22,109673.4918561923,1.82117276,
2025-05-23,111679.356260285,1.83814184,
2025-05-24,107278.5069779142,2.38106638,
2025-05-25,107802.2721295453,3.04538115,
2025-05-26,109023.7783282035,2.63905289,
2025-05-27,109440.4094780203,1.7185015,
2025-05-28,108992.1725114153,1.97026999,
2025-05-29,107795.570582287,2.62430275,
2025-05-30,105646.207725502,1.87213434,
2025-05-31,103994.7151757602,2.28202784,
2025-06-01,104637.296686896,2.33055381,
2025-06-02,105649.8096322775,1.5428579,
2025-06-03,105888.473534717,1.66061153,
2025-06-04,105434.3683148127,2.59793535,
2025-06-05,104750.7800547679,1.93179086,
2025-06-06,101574.3670737617,1.46894224,
2025-06-07,104390.644796748,2.18735782,
2025-06-08,105617.5094444598,2.72560843,
2025-06-09,105793.0211746812,1.93884,
2025-06-10,110295.6876534883,1.67622813,
2025-06-11,110261.7962567653,1.5580341,
2025-06-12,108685.9104296005,1.93466877,
2025-06-13,105924.5905607751,3.4760353,
2025-06-14,106108.0852363253,2.18463079,
2025-06-15,105464.8400737681,2.39148379,
2025-06-16,105555.5929058888,1.80573183,
2025-06-17,106794.1209051091,1.92927891,
2025-06-18,104602.0686346703,1.6409997,
2025-06-19,104886.7743015772,2.02511817,
2025-06-20,104681.0330431643,2.03120163,
2025-06-21,103315.0806380194,1.96027858,
2025-06-22,102212.0348852842,2.43976736,
2025-06-23,100987.4731095285,1.82433485,
2025-06-24,105571.5177648119,2.04398182,
2025-06-25,106047.4031667322,1.90340399,
2025-06-26,107375.0706392033,2.88829813,
2025-06-27,106954.9233313544,2.38493202,
2025-06-28,107090.5488566638,1.66621872,
2025-06-29,107327.8224263488,2.18384912,
2025-06-30,108383.4411795601,2.81245886,
2025-07-01,107144.3826437445,3.07357356,
2025-07-02,105703.0998551802,2.14305195,
2025-07-03,108845.0128550604,2.37548272,
2025-07-04,109635.6551974521,24.53275058,
2025-07-05,108015.8392263224,2.16550355,
2025-07-06,108231.1838329827,1.87026418,
2025-07-07,109235.3279895239,2.5336316,
2025-07-08,108298.2289745801,2.63174005,
2025-07-09,108950.2755431898,3.92060778,
2025-07-10,111329.1959809476,1.96544768,
2025-07-11,115986.2347970836,1.89246261,
2025-07-12,117530.7128957262,3.26981291,
2025-07-13,117432.2008458641,2.11633154,
2025-07-14,119115.7875096413,2.0782721,
2025-07-15,119853.8484758277,2.2390628,
2025-07-16,117777.1889947756,1.34912376,
2025-07-17,118738.506038944,1.59025931,
2025-07-18,119284.1117909389,1.93025741,
2025-07-19,117998.1273641834,3.52226037,
2025-07-20,117944.1092425224,2.24148946,
2025-07-21,117306.4669821287,1.97346489,
2025-07-22,117426.4981533992,2.42364133,
2025-07-23,119997.4426914491,3.25181274,
2025-07-24,118770.9814845992,2.33224668,
2025-07-25,118368.0032491776,2.69712577,
2025-07-26,117644.8440625216,2.1123995,
2025-07-27,117944.7296624648,2.08283535,
2025-07-28,119457.5219509422,3.00580088,
2025-07-29,117938.5843592765,2.29336043,
2025-07-30,117921.994085928,3.31877501,
2025-07-31,117833.6296441243,1.83470599,
2025-08-01,115738.9552122482,1.834506,
2025-08-02,113320.3943575693,2.02746264,
2025-08-03,112525.8033291329,2.93157485,
2025-08-04,114223.9232850182,1.7911897,
2025-08-05,115072.1845577423,2.58084686,
2025-08-06,114140.9135797144,1.75703095,
2025-08-07,115030.052227047,2.019205,
2025-08-08,117505.4973904093,1.74049257,
2025-08-09,116678.2756898164,1.88893684,
2025-08-10,116497.7165764095,1.7783278,
2025-08-11,119306.8107653633,2.02157201,
2025-08-12,118717.6624479562,1.46411763,
2025-08-13,120168.977702397,1.54281762,
2025-08-14,123339.3953878563,1.76218837,
2025-08-15,118365.7843911702,1.3104706,
2025-08-16,117398.42308612,4.6722573,
2025-08-17,117492.7885821931,2.19799363,
2025-08-18,117453.9063856625,1.82104762,
2025-08-19,116241.8565498179,1.71293462,
2025-08-20,112828.0213893074,1.57711412,
2025-08-21,114275.6841476792,1.50880749,
2025-08-22,112433.7307832327,1.42924995,
2025-08-23,116866.3678373747,1.39777472,
2025-08-24,115387.3913229719,2.618362,
2025-08-25,113456.8946803248,2.37192399,
2025-08-26,110124.1054283366,1.3315283,
2025-08-27,111795.7082674864,1.43543013,
2025-08-28,111219.0511864502,1.36772522,
2025-08-29,112550.5200780888,1.7626331,
2025-08-30,108409.4049568393,1.34246915,
2025-08-31,108818.4610841382,2.72409953,
2025-09-01,108228.7470722929,1.7862753,
2025-09-02,109243.0673274592,1.92693149,
2025-09-03,111190.6986883387,1.37988484,
2025-09-04,111718.1491354521,1.64694659,
2025-09-05,110723.0145434385,1.64929747,
2025-09-06,110650.5717222438,1.30118192,
2025-09-07,110221.325878985,1.97169413,
2025-09-08,111163.0177975035,1.82087315,
2025-09-09,112077.5772737136,1.44771541,
2025-09-10,111531.2478804626,1.37828959,
2025-09-11,113961.4280938375,1.48479758,
2025-09-12,115507.7929561424,1.3889462,
2025-09-13,116093.5595234273,1.48404583,
2025-09-14,115950.292319112,1.83059196,
2025-09-15,115399.6311438108,2.63237292,
2025-09-16,115423.7546416593,1.47171875,
2025-09-17,116840.5069392953,1.78934285,
2025-09-18,116461.2627060922,1.44794002,
2025-09-19,117137.6733468891,2.02456106,
2025-09-20,115691.1284812904,1.36159745,
2025-09-21,115730.2258386475,2.32110289,
2025-09-22,115309.222122245,2.1636528,
2025-09-23,112757.4755546424,1.70720077,
2025-09-24,112007.6665159038,1.7154019,
2025-09-25,113330.1657194348,1.58021029,
2025-09-26,109041.2945010783,1.42554201,
2025-09-27,109707.1410183108,1.25951408,
2025-09-28,109681.9472995241,1.76467017,
2025-09-29,112117.8787939277,1.90108507,
2025-09-30,114396.5202405992,2.00861811,
2025-10-01,114057.5921833042,1.8176625,
2025-10-02,118652.3858956064,1.48119253,
2025-10-03,120656.9820226288,1.39465898,
2025-10-04,122267.4697710939,1.60147459,
2025-10-05,122419.6706881838,2.2476778,
2025-10-06,123510.4499683878,2.42564035,
2025-10-07,124752.1397236547,2.2938899,
2025-10-08,121448.3536271772,1.895383,
2025-10-09,123337.0677595441,2.06270629,
2025-10-10,121704.7402276191,1.5418641,
2025-10-11,113236.4297632884,1.41876041,
2025-10-12,110811.5140973134,2.0712997,
2025-10-13,115161.6758253635,1.75163,
2025-10-14,115264.8790152527,1.57135626,
2025-10-15,113113.9720940681,2.32919769,
2025-10-16,110782.171929721,1.3817128,
2025-10-17,108179.1347117863,1.60670658,
2025-10-18,106483.7352324083,1.285027,
2025-10-19,107204.3141203997,1.99193493,
2025-10-20,108667.4438091444,1.7669083,
2025-10-21,110587.629936252,1.51556947,
2025-10-22,108491.5276904597,2.12455183,
2025-10-23,107679.4388211193,1.59870691,
2025-10-24,110069.3545754432,1.50068507,
2025-10-25,111032.6148854096,1.30293489,
2025-10-26,111639.0526576962,2.44897263,
2025-10-27,114479.8489470502,2.33816916,
2025-10-28,114129.0891300236,1.75535015,
2025-10-29,112921.3274626502,1.56853069,
2025-10-30,110059.1968278542,1.4850265,
2025-10-31,108304.414597054,1.40386413,
2025-11-01,109558.6274996546,1.73343632,
2025-11-02,110064.4316392365,1.84265989,
2025-11-03,110646.9053337829,2.20855897,
2025-11-04,106541.4220011707,1.29438092,
2025-11-05,101579.2367174466,1.15390603,
2025-11-06,103893.6662741652,1.20065064,
2025-11-07,101286.2435028398,1.94861528,
2025-11-08,103371.7013456298,1.54376884,
2025-11-09,102278.9808718886,1.57385863,
2025-11-10,104723.7707145405,1.34836229,
2025-11-11,105996.8574913291,1.28482817,
2025-11-12,103011.4344948518,1.35190981,
2025-11-13,101674.148339492,1.36067667,
2025-11-14,99694.706228742,1.20077757,
2025-11-15,94420.4710328872,1.43561579,
2025-11-16,95556.8657778633,1.65889817,
2025-11-17,94180.8763285011,1.3778748,
2025-11-18,92094.5330498535,1.3333492,
2025-11-19,92946.1660263343,1.0863157,
2025-11-20,91459.3515533551,1.24871063,
2025-11-21,86528.7727611053,1.13814308,
2025-11-22,85098.565920156,1.14081096,
2025-11-23,84648.6086188792,1.93631861,
2025-11-24,86798.7713103499,1.3264247,
2025-11-25,88269.9578678478,2.59464223,
2025-11-26,87345.5865137849,1.39683543,
2025-11-27,90517.7657112842,1.48173045,
2025-11-28,91285.3794536942,1.20911119,
2025-11-29,90918.7399123078,1.3239024,
2025-11-30,90838.2090725544,1.26199412,
2025-12-01,90389.1097979024,1.34284288,
2025-12-02,86322.5380730955,1.24306728,
2025-12-03,91345.0956189139,1.21254982,
2025-12-04,93454.2567042882,1.20782215,
2025-12-05,92133.6498321763,1.89802283,
2025-12-06,89389.3613167678,1.73519329,
2025-12-07,89277.8108010568,1.52143344,
2025-12-08,90424.5857615628,1.54565142,
2025-12-09,90639.7033439281,1.40858179,
2025-12-10,92695.2336596485,1.39703187,
2025-12-11,92011.3046810637,1.26435222,
2025-12-12,92513.6674860798,1.0675479,
2025-12-13,90257.8005687263,1.1429543,
2025-12-14,90296.4344695594,1.10854949,
2025-12-15,88171.0803769972,1.11302994,
2025-12-16,86424.4070447727,1.09904854,
2025-12-17,87847.6154207007,0.97609094,
2025-12-18,86144.3650219468,1.12982074,
2025-12-19,85476.1362057454,1.04946256,
2025-12-20,88101.670792754,0.89510804,
2025-12-21,88344.7006498379,1.74799832,
2025-12-22,88621.4013531003,1.1989485,
2025-12-23,88490.0283052039,1.18635551,
2025-12-24,87404.3217861596,1.22373954,
2025-12-25,87608.31660342,1.52514047,
2025-12-26,87235.5116957398,1.21814855,
2025-12-27,87301.4331856733,1.34107581,
2025-12-28,87799.3451791465,1.21581345,
2025-12-29,87835.7913322809,1.18719167,
2025-12-30,87134.3522364134,1.02382372,
2025-12-31,88429.5865575408,0.93143324,
2026-01-01,87508.0476624348,1.06234785,
2026-01-02,88733.0655964059,1.07868187,
2026-01-03,89945.0568192383,1.36183338,
2026-01-04,90602.9976356266,1.27436622,
2026-01-05,91414.6286470278,1.17945549,
2026-01-06,93876.948431315,1.50705657,
2026-01-07,93727.4683756221,1.10358073,
2026-01-08,91309.641805357,1.03108746,
2026-01-09,91026.2755190154,0.9370151,
2026-01-10,90510.1026034745,1.17113351,
2026-01-11,90385.3574691509,1.48212746,
2026-01-12,90825.8560825378,1.51697241,
2026-01-13,91185.3387661828,1.42631729,
2026-01-14,95322.9086078196,1.51107797,
2026-01-15,96931.2913829732,1.12660015,
2026-01-16,95554.0995606597,1.00540858,
2026-01-17,95525.1568434833,1.87364831,
2026-01-18,95101.178945109,1.60215847,
2026-01-19,93655.6728346166,1.664875,
2026-01-20,92553.5991768048,1.230347,
2026-01-21,88326.5090543075,1.09520927,
2026-01-22,89378.5246698353,1.23754306,
2026-01-23,89462.0493789223,1.16285679,
2026-01-24,89506.1518173328,1.31426663,
2026-01-25,89104.7640142956,1.3689541,
2026-01-26,86566.5229094044,1.1164919,
2026-01-27,88257.4737515461,1.20759691,
2026-01-28,89104.0436738318,1.0057068,
2026-01-29,89169.8480217996,1.08913604,
2026-01-30,84562.7280858359,1.06016699,
2026-01-31,84126.4981544286,1.19416313,
2026-02-01,78626.1269261602,1.22983287,
2026-02-02,76968.872934252,1.01313538,
2026-02-03,78693.5093559109,0.98891544,
2026-02-04,75640.0936248981,0.8948887,
2026-02-05,73016.3728652496,0.87806022,
2026-02-06,62704.4515290847,0.85863837,
2026-02-07,70553.7953203657,1.14667418,
2026-02-08,69283.7290407477,1.26698428,
2026-02-09,70243.3307083525,0.79707343,
2026-02-10,70137.3882947366,1.00897439,
2026-02-11,68791.8622310705,0.77851154,
2026-02-12,66992.191832495,0.865719,
2026-02-13,66213.3786265937,0.75658437,
2026-02-14,68856.9855452503,1.01189141,
2026-02-15,69764.9541602236,1.0523537,
2026-02-16,68782.3993301329,0.87740473,
2026-02-17,68843.0900034274,1.00035471,
2026-02-18,67488.0222568311,0.8317618,
2026-02-19,66425.6254509916,1.07833897,
2026-02-20,66958.5754922478,0.7681996,
2026-02-21,68000.2464864056,1.18626228,
2026-02-22,67998.8246422127,1.0104388,
2026-02-23,67668.4285415465,1.06264741,
2026-02-24,64616.0174077836,0.90193547,
2026-02-25,64077.7696849811,0.992142,
2026-02-26,67954.8663047191,0.9712274,
2026-02-27,67456.516766626,0.74427778,
2026-02-28,65878.9276730003,0.86364866,
2026-03-01,67005.886412364,0.82145458,
2026-03-02,65734.0812948385,0.84852286,
2026-03-03,68785.0748091642,0.85707926,
2026-03-04,68290.5635829721,1.07736968,
2026-03-05,72712.6575452554,0.7800682,
2026-03-06,70842.1556978913,0.77840712,
2026-03-07,68136.6861798303,1.0378171,
2026-03-08,67272.5036271782,1.43229688,
2026-03-09,65969.5834912067,0.81923276,
2026-03-10,68402.7164375316,0.8148443,
2026-03-11,69931.2534263024,0.6379704,
2026-03-12,70209.7652235183,0.84846095,
2026-03-13,70497.0471723317,1.01358379,
2026-03-14,70965.3789882462,0.904216,
2026-03-15,71213.6794011217,0.98205733,
2026-03-16,72798.1698747055,0.96882364,
2026-03-17,74855.2955507071,0.878749,
2026-03-18,73936.8505924493,0.75111113,
2026-03-19,71250.3511959189,0.79047876,
2026-03-20,69911.5281250733,0.88088366,
2026-03-21,70522.4693606722,1.01594992,
2026-03-22,68737.4490684485,1.93891135,
2026-03-23,67842.9965276703,1.14039678,
2026-03-24,70912.6724228729,0.99118802,
2026-03-25,70520.0479740438,0.78577294,
2026-03-26,71310.1161640354,0.7752829,
2026-03-27,68790.8348046103,0.7616645,
2026-03-28,66338.5005199611,0.72153,
