price,bmo_value,timestamp
6.3162949999999976,-0.25927286591542786,2012-01-09
6.449687599999999,-0.23528273675333555,2012-01-10
6.899966666666668,-0.17373343317542636,2012-01-11
6.797846666666668,-0.19080652337504825,2012-01-12
6.413502074303406,-0.24565934781163487,2012-01-13
6.750014999999999,-0.20087719839478246,2012-01-14
7.0275609090909095,-0.16921292469058394,2012-01-15
6.648461904761903,-0.2222081343361424,2012-01-16
5.56730760869565,-0.38893286560673446,2012-01-17
5.9170500000000015,-0.3366201832079049,2012-01-18
6.3543171428571465,-0.27228183188827393,2012-01-19
6.37286,-0.26861785232148394,2012-01-20
6.165864,-0.3038308853073032,2012-01-21
6.3065940000000005,-0.28570454651176114,2012-01-22
6.343111578947367,-0.2836238268920659,2012-01-23
6.2675833333333335,-0.2942166039809747,2012-01-24
5.795209444444442,-0.3686665470156856,2012-01-25
5.335037058823528,-0.4506618825581642,2012-01-26
5.288307142857144,-0.46586020220010715,2012-01-27
5.630534444444443,-0.41067970216295907,2012-01-28
5.38777,-0.45360072076087943,2012-01-29
5.490466666666666,-0.43760641030520303,2012-01-30
5.4956314285714285,-0.4393435242903374,2012-01-31
6.07439125,-0.3515583706991373,2012-02-01
6.100066666666666,-0.35497460512157464,2012-02-02
5.95465,-0.3844890683003316,2012-02-03
5.872845,-0.40519356055107936,2012-02-04
5.684396666666667,-0.44441320015901886,2012-02-05
5.48982,-0.4879850267468684,2012-02-06
5.633037777777778,-0.4749273988081659,2012-02-07
5.59998,-0.4906106592463707,2012-02-08
5.839615431034474,-0.4576462742562388,2012-02-09
5.9169264,-0.4547015241650575,2012-02-10
5.6005,-0.5127613578233086,2012-02-11
5.51468,-0.5334299601312122,2012-02-12
5.2851921875,-0.57367108689885,2012-02-13
4.433381818181816,-0.7378004910514672,2012-02-14
4.271745454545455,-0.7769416186016946,2012-02-15
4.26945,-0.7819648715532432,2012-02-16
4.39621,-0.7570063663905618,2012-02-17
4.2372890909090914,-0.793902303752235,2012-02-18
4.3784025,-0.7624833047611318,2012-02-19
4.3729900000000015,-0.7625171437356794,2012-02-20
4.3025400000000005,-0.771429355330478,2012-02-21
4.446645833333334,-0.7332255540007158,2012-02-22
5.019525199999999,-0.613832168665193,2012-02-23
5.02920125,-0.6051946162563466,2012-02-24
4.7802454545454545,-0.6469499691864325,2012-02-25
4.9259825,-0.6157705067300093,2012-02-26
4.959988,-0.6056575221541987,2012-02-27
4.862755,-0.6213238808414855,2012-02-28
4.860007083333335,-0.6166101755075377,2012-02-29
4.92133,-0.6052143134763607,2012-03-01
4.71674142857143,-0.6443481910333542,2012-03-02
4.617961428571427,-0.6613588215535389,2012-03-03
4.825593333333333,-0.6196877381922921,2012-03-04
4.978101428571429,-0.5886584068973193,2012-03-05
4.9941958333333325,-0.5837677938977462,2012-03-06
4.922407499999999,-0.5959037793407502,2012-03-07
4.93016,-0.591816087673995,2012-03-08
4.862108,-0.6008576538086599,2012-03-09
4.46,-0.6792207724213863,2012-03-10
4.882311538461538,-0.5935429754539537,2012-03-11
4.903366666666667,-0.588662476832771,2012-03-12
5.274977999999999,-0.5194857597974009,2012-03-13
5.386665000000002,-0.4979046240552336,2012-03-14
5.197815,-0.5291076087556216,2012-03-15
5.34374,-0.500755140941421,2012-03-16
5.180602500000001,-0.5228896309066977,2012-03-17
5.279683333333334,-0.5009004004853728,2012-03-18
4.6945440000000005,-0.6047940540617162,2012-03-19
4.8374558333333315,-0.5734760593317244,2012-03-20
4.80403,-0.5766265986116799,2012-03-21
4.7301400000000005,-0.5897104366215735,2012-03-22
4.675243333333333,-0.6015741806899046,2012-03-23
4.6669599999999996,-0.604557393184655,2012-03-24
4.5500099999999986,-0.6308453016917189,2012-03-25
4.621338333333333,-0.6175313957897816,2012-03-26
4.810291537920626,-0.5813983042983766,2012-03-27
4.8102475,-0.5811575877556988,2012-03-28
4.756541363636363,-0.5905295786964727,2012-03-29
4.8591425,-0.5615237401788105,2012-03-30
4.8943925,-0.5505759949182836,2012-03-31
4.8207049999999985,-0.5593849848669844,2012-04-01
4.980836000000001,-0.5247765539648691,2012-04-02
4.952,-0.5260755464636073,2012-04-03
4.920066666666667,-0.5271318359149445,2012-04-04
4.919,-0.5233078108147646,2012-04-05
4.9333922222222215,-0.5179441720122309,2012-04-06
4.681678461538461,-0.5652069106496541,2012-04-07
4.794499999999998,-0.541644014913033,2012-04-08
4.850681428571427,-0.5289921122510582,2012-04-09
4.833646666666667,-0.5305414894050728,2012-04-10
4.928101666666668,-0.5143768351323006,2012-04-11
4.90060875,-0.5228370712633915,2012-04-12
4.936494705882354,-0.5197637067404887,2012-04-13
4.96381,-0.5186985646249614,2012-04-14
4.968925833333332,-0.5222724744485618,2012-04-15
4.94573,-0.5326507318575462,2012-04-16
4.974027142857142,-0.5351185552238819,2012-04-17
5.1133,-0.5169795354923047,2012-04-18
5.1059575000000015,-0.524004867709632,2012-04-19
5.367622000000001,-0.4794274294963452,2012-04-20
5.2347825,-0.5050639518508259,2012-04-21
5.203516666666666,-0.5170014456489069,2012-04-22
4.9993401395352315,-0.5630763902280628,2012-04-23
5.09822,-0.5531339520638057,2012-04-24
5.1318199999999985,-0.5544527678427311,2012-04-25
5.0976550000000005,-0.5682284472428374,2012-04-26
5.104490196078428,-0.5785863357733575,2012-04-27
4.9793,-0.6154742751947916,2012-04-28
4.88741,-0.6496105539222637,2012-04-29
4.936656000000001,-0.6556849162476935,2012-04-30
4.99750857142857,-0.6584507822151183,2012-05-01
5.03139375,-0.6687896309206628,2012-05-02
5.100782499999999,-0.6709724663182465,2012-05-03
5.0675050000000015,-0.6910163099918627,2012-05-04
5.0766175,-0.6986908699283796,2012-05-05
5.04991,-0.7050996591157777,2012-05-06
5.073795,-0.6997180233233267,2012-05-07
5.04494,-0.7095498501287927,2012-05-08
4.98185,-0.7245106359555064,2012-05-09
4.863997236842108,-0.760840598876903,2012-05-10
4.953752,-0.7564322758050388,2012-05-11
4.9461900000000005,-0.776023134273142,2012-05-12
4.92996,-0.8033975763220449,2012-05-13
5.007936428571427,-0.8068384508010655,2012-05-14
5.03501,-0.817927653463607,2012-05-15
5.052466666666667,-0.8364272332723987,2012-05-16
5.0884583333333335,-0.8326427178690898,2012-05-17
5.11801,-0.830612290747754,2012-05-18
5.1096499999999985,-0.8321748739147283,2012-05-19
5.09002,-0.823846366564698,2012-05-20
5.089795,-0.8177828352664096,2012-05-21
5.0830275,-0.8161728487073685,2012-05-22
5.132372500000002,-0.8025209596553222,2012-05-23
5.11904,-0.8031623735284721,2012-05-24
5.135513333333333,-0.8043125107126743,2012-05-25
5.103236666666667,-0.814790894150209,2012-05-26
5.1044800000000015,-0.8257404776760551,2012-05-27
5.1358,-0.8270083989684658,2012-05-28
5.14997,-0.828807820224337,2012-05-29
5.134995,-0.8371838234877196,2012-05-30
5.191893846153846,-0.8270177784536905,2012-05-31
5.257021428571427,-0.8164310188571524,2012-06-01
5.24898,-0.8212306483024268,2012-06-02
5.207307777777777,-0.8439158651751626,2012-06-03
5.259519999999999,-0.8619961389256007,2012-06-04
5.4058790494853435,-0.8585620954060491,2012-06-05
5.461776666666666,-0.8746377502244309,2012-06-06
5.591628,-0.8974353382880415,2012-06-07
5.631736666666666,-0.9626077706379386,2012-06-08
5.55997,-1.052031003327069,2012-06-09
5.46525,-1.0946398677512907,2012-06-10
5.581583333333334,-1.060490962569982,2012-06-11
5.7100133333333325,-1.0385630379382778,2012-06-12
5.920347499999999,-1.0000841752096306,2012-06-13
5.964776315789472,-0.9802214101448389,2012-06-14
6.532364516129032,-0.8718998187638943,2012-06-15
6.43582,-0.8627490547460077,2012-06-16
6.17805125,-0.8814388161583676,2012-06-17
6.294876808510639,-0.8624947902278537,2012-06-18
6.498756666666666,-0.8218966397652376,2012-06-19
6.6717150000000025,-0.7851267914712496,2012-06-20
6.6615142857142855,-0.7773969061011512,2012-06-21
6.5253525,-0.792409926655692,2012-06-22
6.439432000000003,-0.8057399254664854,2012-06-23
6.350021666666668,-0.8232573234368047,2012-06-24
6.308441428571429,-0.8299362327113889,2012-06-25
6.4195,-0.8094058914954758,2012-06-26
6.622337272727273,-0.7763689048163886,2012-06-27
6.605946666666667,-0.7753702786856771,2012-06-28
6.6512055555555545,-0.7641291332449724,2012-06-29
6.689967499999999,-0.7509398938793048,2012-06-30
6.628989999999999,-0.7496334680593327,2012-07-01
6.7600609090909085,-0.7209201053857557,2012-07-02
6.449972,-0.7621546142455938,2012-07-03
6.5101,-0.7453165424022075,2012-07-04
6.658883333333333,-0.7124213609334302,2012-07-05
6.6287400000000005,-0.7109081698344819,2012-07-06
6.7784274999999985,-0.6835238059859956,2012-07-07
6.79898,-0.6760633091379765,2012-07-08
6.9465625,-0.652672564331774,2012-07-09
7.199859999999998,-0.6068736973699386,2012-07-10
7.167266666666667,-0.6077972733158868,2012-07-11
7.688739230769229,-0.5364047366441748,2012-07-12
7.646275,-0.5359009220020735,2012-07-13
7.544697999999999,-0.5385526422119601,2012-07-14
7.621010000000001,-0.5221748824873442,2012-07-15
8.478222222222222,-0.41078371315800866,2012-07-16
8.747044166666667,-0.37139868887904315,2012-07-17
9.087988571428571,-0.3236862766160561,2012-07-18
8.858418333333333,-0.3442666226867568,2012-07-19
8.538545,-0.37449271782507054,2012-07-20
8.84553,-0.33306072787650776,2012-07-21
8.433048,-0.37579328084222025,2012-07-22
8.444405714285713,-0.37462898814275536,2012-07-23
8.562244999999999,-0.3644668815560663,2012-07-24
8.801195,-0.34046370138116777,2012-07-25
8.890338181818182,-0.3316421104637852,2012-07-26
8.9,-0.33022127790766115,2012-07-27
8.853267500000001,-0.33554105756626207,2012-07-28
8.709648888888887,-0.3503142104413925,2012-07-29
9.085184444444444,-0.3060973869460324,2012-07-30
9.321236874999997,-0.27731379304877724,2012-07-31
9.504267500000001,-0.2539827050165506,2012-08-01
10.573568846153846,-0.14016268565072906,2012-08-02
10.8454475,-0.09670744194246089,2012-08-03
10.904964000000005,-0.07717467417225082,2012-08-04
10.844743333333335,-0.06419665553062712,2012-08-05
10.841448,-0.03684349726809877,2012-08-06
10.951328521408579,-0.005232273367325374,2012-08-07
11.06151,0.026088960788180543,2012-08-08
11.127167857142858,0.039823348084964155,2012-08-09
11.362767142857145,0.05753835738209695,2012-08-10
11.51378333333333,0.07639656567549136,2012-08-11
11.62340818181818,0.08822124336963155,2012-08-12
12.02189375,0.10474196156498528,2012-08-13
12.185994,0.10747319530719629,2012-08-14
13.24609681818182,0.17889704726501765,2012-08-15
13.476283333333335,0.19110973302478873,2012-08-16
11.679850689655176,0.03758434936248389,2012-08-17
11.40391125,0.003645678673436903,2012-08-18
7.920336249999999,-0.3804974331557026,2012-08-19
10.073154202864243,-0.15526857549093165,2012-08-20
9.906821111111112,-0.1831159908745075,2012-08-21
9.763395,-0.20941953723600917,2012-08-22
10.0999925,-0.18650685381208618,2012-08-23
10.613777777777775,-0.14094761345272205,2012-08-24
10.555836666666666,-0.14624802141983198,2012-08-25
10.556,-0.12332121741334123,2012-08-26
10.928728333333332,-0.07977854408222998,2012-08-27
10.868043333333333,-0.07439135610204539,2012-08-28
10.866303333333335,-0.06272863278448601,2012-08-29
10.772274000000001,-0.06362367783883488,2012-08-30
10.12176,-0.12129958439112265,2012-08-31
9.97696,-0.1302223497975447,2012-09-01
10.206460000000002,-0.11119631411199338,2012-09-02
10.528666666666666,-0.08158502393504793,2012-09-03
10.36613,-0.09574901343784814,2012-09-04
10.976521111111113,-0.03247937335718615,2012-09-05
11.18497,-0.0033226992484300666,2012-09-06
11.003323333333334,-0.011607802687721436,2012-09-07
11.038995,0.004438725237150193,2012-09-08
11.073326666666668,0.02732472578622669,2012-09-09
11.127033333333333,0.051390532134748854,2012-09-10
11.2258135,0.07695003586588352,2012-09-11
11.3389225,0.09712778056441196,2012-09-12
11.373003333333335,0.10735830674593456,2012-09-13
11.7316,0.15093028949154022,2012-09-14
11.682625,0.16138961659886808,2012-09-15
11.863090555555553,0.17965672220469014,2012-09-16
11.897081666666665,0.18237929722262058,2012-09-17
12.294733333333333,0.22325024153649295,2012-09-18
12.521989999999999,0.24701206363921482,2012-09-19
12.337124285714285,0.22865584035168282,2012-09-20
12.344472857142858,0.22890985873612507,2012-09-21
12.2159,0.21313384574067737,2012-09-22
12.0983275,0.19606014330294677,2012-09-23
12.09198,0.18815245659730506,2012-09-24
12.134418,0.18852350542022775,2012-09-25
12.33285857142857,0.20790989421774822,2012-09-26
12.317598333333335,0.21533184476507444,2012-09-27
12.28,0.2181098531937264,2012-09-28
12.363095,0.2301870783132081,2012-09-29
12.37475,0.23433530264579205,2012-09-30
12.047820654016881,0.20940351658669837,2012-10-01
12.693781666666665,0.264584176138159,2012-10-02
12.9395,0.28198118652684445,2012-10-03
12.766666666666666,0.26517499088321894,2012-10-04
12.7,0.2584918003743825,2012-10-05
12.505,0.2427498102366531,2012-10-06
11.815475,0.18970968752162182,2012-10-07
11.754278333333332,0.19352170190075635,2012-10-08
11.883887142857144,0.21052972703241718,2012-10-09
12.094166666666665,0.23450878208619463,2012-10-10
12.03,0.23634690184592888,2012-10-11
11.923916666666674,0.23149009038719026,2012-10-12
11.865472857142858,0.23025777863894925,2012-10-13
11.728699230769232,0.22034322711254298,2012-10-14
11.801467777777773,0.22806834372339607,2012-10-15
11.81490142857143,0.23340167681388535,2012-10-16
11.923778333333333,0.2647183284772885,2012-10-17
11.916797777777774,0.2890683586541115,2012-10-18
11.765486629213502,0.3079776081519995,2012-10-19
11.70436789473684,0.3322756664635571,2012-10-20
11.660545,0.35308153196194914,2012-10-21
11.732331666666667,0.370393712536525,2012-10-22
11.7110025,0.37402895637962214,2012-10-23
11.64999,0.36561764389228013,2012-10-24
10.754429,0.2685344149614058,2012-10-25
10.17753181818182,0.19417152040117416,2012-10-26
10.321827857142855,0.19082690852234022,2012-10-27
10.68099,0.21127416561608237,2012-10-28
10.59333,0.18967077817333694,2012-10-29
10.846225,0.20774830068283953,2012-10-30
11.038845714285717,0.21079009376275498,2012-10-31
10.588944699114066,0.15965989805625003,2012-11-01
10.415661304347829,0.13621010707210834,2012-11-02
10.6425,0.15797710997030567,2012-11-03
10.823336666666668,0.177816000925065,2012-11-04
10.705152857142858,0.1772570665829937,2012-11-05
10.831798999999998,0.19416938918016918,2012-11-06
10.875523333333335,0.2010928800105801,2012-11-07
10.855767777777777,0.2020384813588944,2012-11-08
10.815263157894735,0.20554333964724236,2012-11-09
10.875083999999998,0.21788926970271055,2012-11-10
10.53394,0.18187259220410804,2012-11-11
10.9172,0.2180628599595266,2012-11-12
10.881670588235293,0.21333697971605492,2012-11-13
10.94934,0.24061718352066336,2012-11-14
11.120750384615386,0.27389403808812474,2012-11-15
11.744632,0.3420943193493576,2012-11-16
11.788836999999996,0.3643015215767852,2012-11-17
11.606691818181815,0.3791691394539715,2012-11-18
11.76062,0.4178436825009395,2012-11-19
11.66508,0.43376400990834113,2012-11-20
11.697982666666665,0.43533164096145416,2012-11-21
12.32543923076923,0.4940415990303767,2012-11-22
12.33623153846154,0.5024103844778216,2012-11-23
12.370765,0.5017720517393673,2012-11-24
12.50539,0.5056600002638947,2012-11-25
12.221585,0.47499842939778325,2012-11-26
12.187300000000002,0.4667522143514319,2012-11-27
12.296015833333335,0.47155346548682797,2012-11-28
12.45,0.4750374551866492,2012-11-29
12.55498,0.4726349784286906,2012-11-30
12.578930297707243,0.46391403500749995,2012-12-01
12.4360175,0.4398240071175853,2012-12-02
12.654310844398156,0.44917464908909177,2012-12-03
13.41,0.504535376340655,2012-12-04
13.201336666666664,0.4830170037786581,2012-12-05
13.357560006819973,0.49054225189564216,2012-12-06
13.455864444444439,0.49933262818095525,2012-12-07
13.5414715,0.5103630030816113,2012-12-08
13.348245714285715,0.5003033203649263,2012-12-09
13.461103846153845,0.5055893725240739,2012-12-10
13.605317586206901,0.5078064780991859,2012-12-11
13.646908214285714,0.503838565585621,2012-12-12
13.728511052631578,0.5045777956540691,2012-12-13
13.604542499999999,0.4903327154436054,2012-12-14
13.510539047619051,0.47752416803063935,2012-12-15
13.395528571428573,0.46285085275122223,2012-12-16
13.23335,0.444942090667399,2012-12-17
13.25036589147287,0.4441428915443996,2012-12-18
13.530313333333332,0.45745871616310163,2012-12-19
13.555235,0.4466789296997603,2012-12-20
13.323996,0.4151690841864257,2012-12-21
13.402473333333335,0.41020840192279684,2012-12-22
13.335932000000001,0.3936192030782163,2012-12-23
13.1285,0.3651166289290465,2012-12-24
13.37277,0.3724529240004687,2012-12-25
13.456875000000002,0.37073115699536663,2012-12-26
13.342924545454547,0.3576586375075025,2012-12-27
13.420328571428572,0.3586091689983143,2012-12-28
13.34399,0.34729192002699344,2012-12-29
13.45713,0.3500218904121874,2012-12-30
13.512004999999998,0.3444617829130913,2012-12-31
13.220000000000002,0.3083502210489546,2013-01-01
13.034,0.27770049377676215,2013-01-02
13.190000000000001,0.27909999174914735,2013-01-03
13.174000000000001,0.26201838486940165,2013-01-04
13.15,0.24791206153534362,2013-01-05
13.15,0.23248813911884608,2013-01-06
13.2,0.21815325095350485,2013-01-07
13.5,0.22669183949457886,2013-01-08
13.580000000000002,0.22239898919770065,2013-01-09
14.000000000000004,0.24193844837777206,2013-01-10
14.0,0.23148966000966578,2013-01-11
13.89,0.2276065002005996,2013-01-12
13.64,0.21292096996548002,2013-01-13
14.046000000000001,0.24852549710208038,2013-01-14
14.214000000000002,0.2640324888977381,2013-01-15
14.530000000000001,0.2863042804370711,2013-01-16
15.34,0.35996068008514037,2013-01-17
15.566000000000003,0.39289919380387633,2013-01-18
15.38,0.39052508354891113,2013-01-19
15.5,0.40565229939511593,2013-01-20
16.588,0.49141119595452354,2013-01-21
17.35,0.5534233911021468,2013-01-22
17.5,0.5718129849318883,2013-01-23
17.29,0.5513179871345972,2013-01-24
17.49,0.5704596826256046,2013-01-25
17.411405772,0.5851062237644661,2013-01-26
17.6,0.6161069106659555,2013-01-27
18.67,0.6882293070093706,2013-01-28
19.35,0.7361700520706606,2013-01-29
19.45,0.75254410188144,2013-01-30
20.46,0.8142161987093799,2013-01-31
20.363142521,0.8004085547185777,2013-02-01
19.821209783,0.7663105411908568,2013-02-02
20.296,0.7876973727947958,2013-02-03
20.3,0.7844473197907438,2013-02-04
20.512,0.790306314370913,2013-02-05
20.91,0.8101922430927013,2013-02-06
21.71,0.8462757709114286,2013-02-07
22.400970678,0.8841924089999738,2013-02-08
23.133565506,0.9253062667563312,2013-02-09
23.660000000000004,0.9536230061507007,2013-02-10
23.94,0.9734519012237631,2013-02-11
25.466,1.044296300594676,2013-02-12
25.089999999999996,1.0300200028917084,2013-02-13
27.4,1.1455179968616094,2013-02-14
27.0,1.1559295186082008,2013-02-15
27.5,1.2121009641147782,2013-02-16
26.98,1.2256981279372168,2013-02-17
26.920000000000005,1.2562144854715087,2013-02-18
29.389999999999997,1.3759647373245634,2013-02-19
30.031999999999993,1.4189529956688478,2013-02-20
30.0,1.416054427549334,2013-02-21
30.4,1.4217248197393837,2013-02-22
29.54,1.3775344449401663,2013-02-23
29.78,1.3672904552604666,2013-02-24
30.43,1.3711904295484278,2013-02-25
31.1,1.3799835892494878,2013-02-26
31.393769999999996,1.3714247117612737,2013-02-27
33.49101492460001,1.4202733601581414,2013-02-28
34.552,1.4423096147326495,2013-03-01
34.16,1.430010752220916,2013-03-02
34.33,1.4423596966331695,2013-03-03
36.548158722,1.5078084566941168,2013-03-04
40.949999999999996,1.6090371720238443,2013-03-05
42.4250868578,1.6098842202373178,2013-03-06
41.6804369272,1.578030724093224,2013-03-07
43.76,1.622116625007108,2013-03-08
46.0,1.6644264620499296,2013-03-09
45.29,1.6365894012608795,2013-03-10
48.25,1.6971499297798012,2013-03-11
44.84,1.6060718824385307,2013-03-12
46.99,1.6461325886420752,2013-03-13
46.95,1.630527536223903,2013-03-14
47.056,1.6164461423729302,2013-03-15
46.735095501,1.5935519823741915,2013-03-16
47.08816512040001,1.586769881203609,2013-03-17
50.4324924394,1.639113285093749,2013-03-18
59.40999999999999,1.7844614421515326,2013-03-19
64.45797156040001,1.8440787465623543,2013-03-20
72.23,1.9155831943487138,2013-03-21
69.9,1.8526195491994941,2013-03-22
63.9,1.7505093665711826,2013-03-23
70.388,1.8381108099431387,2013-03-24
75.11,1.8762126550468428,2013-03-25
79.81,1.9267354963429852,2013-03-26
89.3,2.008635837594417,2013-03-27
88.976531972,1.9672260883240658,2013-03-28
90.0,1.9496708728324872,2013-03-29
92.2521875764,1.9456200213249932,2013-03-30
96.1491459096,1.9598236987242594,2013-03-31
104.70599999999999,2.0031486875753335,2013-04-01
115.803181554,2.041746673405928,2013-04-02
132.54567795,2.0924080463004326,2013-04-03
134.94032495599998,2.0468858586872636,2013-04-04
141.78941638999999,2.027120932193863,2013-04-05
141.0,1.9845533785880025,2013-04-06
164.96912500000002,2.090050136002768,2013-04-07
185.21723709000003,2.0907738932783237,2013-04-08
229.47235258199998,2.1317501625522683,2013-04-09
160.082621718,1.6807758880383146,2013-04-10
81.2033201272,0.9456208540522171,2013-04-11
108.311396838,1.2543588453594103,2013-04-12
92.8058935256,1.0572187417271302,2013-04-13
91.11,0.9976664565376744,2013-04-14
74.0,0.7224026405855513,2013-04-15
67.9798189258,0.579496021837479,2013-04-16
89.88799999999999,0.841109410082455,2013-04-17
109.05463468,1.0436145257604208,2013-04-18
117.86900352799998,1.1121649908327065,2013-04-19
126.363163676,1.1789523833410165,2013-04-20
117.612451752,1.096238644087595,2013-04-21
123.944,1.1441410930445444,2013-04-22
137.034,1.2258901085996183,2013-04-23
149.4,1.2955317792752739,2013-04-24
141.892,1.2198336814158954,2013-04-25
137.32,1.1800353769666168,2013-04-26
128.749986266,1.1027376361843548,2013-04-27
135.288855642,1.154721078562084,2013-04-28
143.29557655399998,1.2100687242546222,2013-04-29
139.584,1.1733624311577433,2013-04-30
116.75,0.9712775909731405,2013-05-01
106.435208518,0.8575379659340719,2013-05-02
97.959073549,0.7568668747314025,2013-05-03
112.830658892,0.8985297414470284,2013-05-04
116.829559784,0.9259188029524179,2013-05-05
112.5799,0.8713031861042948,2013-05-06
110.939616114,0.8432012960127075,2013-05-07
113.50619419,0.8620774424160937,2013-05-08
111.644,0.841733381733923,2013-05-09
117.882657834,0.9017169674056515,2013-05-10
115.39099999999999,0.876768847986082,2013-05-11
114.5,0.8655282417058516,2013-05-12
115.928315862,0.8767763364494323,2013-05-13
107.06204360199999,0.7875177292745087,2013-05-14
108.59263393400002,0.7979882522735815,2013-05-15
113.320324916,0.8410231861594839,2013-05-16
117.45716305199998,0.8736517222342113,2013-05-17
118.4838,0.8773212162499404,2013-05-18
116.38,0.8548970545397243,2013-05-19
117.599041804,0.862197394291967,2013-05-20
117.348,0.8584962166536382,2013-05-21
119.07552183600001,0.8731116820577609,2013-05-22
123.83527744400001,0.9132756210102508,2013-05-23
128.66391794400002,0.9471509756904305,2013-05-24
128.88057261,0.9440863385128653,2013-05-25
130.002080756,0.9536049552445752,2013-05-26
126.247715494,0.9205228195366851,2013-05-27
125.8736908,0.9150351298584471,2013-05-28
130.25148722199998,0.9484750131610435,2013-05-29
126.96199999999999,0.9151211215676136,2013-05-30
127.88138951199998,0.9181681372441932,2013-05-31
128.737533108,0.92090007493251,2013-06-01
122.34617757000001,0.8597975369613888,2013-06-02
123.15253922,0.8607156724785352,2013-06-03
120.321727896,0.8279194114199482,2013-06-04
121.19039534999999,0.8263635278340629,2013-06-05
118.81145690400001,0.7951298076489328,2013-06-06
110.31002074400001,0.7059142623904283,2013-06-07
109.12055701599999,0.6829514297195738,2013-06-08
99.6530898088,0.5750924552655663,2013-06-09
104.314550266,0.6144307980879533,2013-06-10
107.362,0.637646089307674,2013-06-11
106.01216110199998,0.6157149757166112,2013-06-12
102.075927028,0.565870578954062,2013-06-13
99.22391874860003,0.528191771637863,2013-06-14
99.701081323,0.527064201280702,2013-06-15
98.9963649952,0.51379752978898,2013-06-16
100.0,0.5180239954853533,2013-06-17
104.21250556,0.556279765669915,2013-06-18
105.2384867,0.5614761411931739,2013-06-19
102.995886484,0.5332123454423489,2013-06-20
101.578550412,0.5145496515424253,2013-06-21
100.0,0.4933773460200602,2013-06-22
100.41,0.4971808599568015,2013-06-23
99.1983071558,0.48169449818370613,2013-06-24
97.8348793632,0.462365011375995,2013-06-25
98.5186222374,0.46619040510011656,2013-06-26
96.83983022980001,0.44445755523351915,2013-06-27
89.8270149586,0.35800747007663325,2013-06-28
88.98,0.3435250508680041,2013-06-29
89.48303703719998,0.3427352527007392,2013-06-30
83.866379937,0.263913909079799,2013-07-01
87.92027565880001,0.3081854117054982,2013-07-02
77.8700280454,0.16649252522164265,2013-07-03
79.2388480802,0.17864334498606443,2013-07-04
67.0842065048,-0.00829442358562077,2013-07-05
66.1934263416,-0.029497626731045,2013-07-06
73.7175890654,0.08203455360234216,2013-07-07
74.14869562359999,0.08365810949061117,2013-07-08
75.0001833866,0.08967544799508989,2013-07-09
86.0265657156,0.23940611247924162,2013-07-10
87.6346673952,0.2573150073527629,2013-07-11
90.17199152959999,0.2902500389915022,2013-07-12
91.6386140104,0.31011644779706865,2013-07-13
90.042,0.29135654833344143,2013-07-14
93.77187021220001,0.33775178140257434,2013-07-15
91.5859280438,0.3132006992142089,2013-07-16
91.072269566,0.30287318710275835,2013-07-17
85.16284213280001,0.22414945588389368,2013-07-18
86.4897668956,0.23336743552666497,2013-07-19
84.936084413,0.2067368959539675,2013-07-20
85.85354587460002,0.21336272896024075,2013-07-21
85.60135641320001,0.20248927093522687,2013-07-22
86.88681211480001,0.21372907677729883,2013-07-23
88.331511862,0.23010825175191021,2013-07-24
90.12030622519998,0.2535084507304676,2013-07-25
89.98675950980001,0.25347041346231264,2013-07-26
88.16,0.23120918528400933,2013-07-27
92.51399999999998,0.28380115102943976,2013-07-28
93.39,0.29594875136111654,2013-07-29
96.7757675278,0.33536418564904535,2013-07-30
98.232,0.3504615267470541,2013-07-31
96.578561074,0.32841197550648704,2013-08-01
95.83013763459999,0.3129436560939816,2013-08-02
95.55000000000001,0.303578603166746,2013-08-03
96.38,0.3075427467177427,2013-08-04
97.80096671999999,0.3177015574264201,2013-08-05
97.688,0.30964407131874816,2013-08-06
97.06288436099999,0.29591360285155766,2013-08-07
94.2685705668,0.2575837563883086,2013-08-08
92.292406246,0.22788550088454823,2013-08-09
93.51,0.23932537354365646,2013-08-10
94.144,0.24373176601715518,2013-08-11
95.3870275228,0.2514365144450581,2013-08-12
97.82929394779998,0.2740408321585581,2013-08-13
99.1806789844,0.28465656869537326,2013-08-14
98.10729879179999,0.2685209318676377,2013-08-15
98.25,0.26586619531412437,2013-08-16
99.76486319799999,0.27830399134854233,2013-08-17
99.3,0.2727455400730893,2013-08-18
102.85,0.31201245638106834,2013-08-19
104.803518056,0.3449732044870716,2013-08-20
110.43000000000002,0.409638750731311,2013-08-21
109.543050212,0.4082763344208963,2013-08-22
107.70232008800001,0.40038094817678593,2013-08-23
109.050068334,0.42522008709178294,2013-08-24
113.173148148,0.4717993963842869,2013-08-25
111.826038408,0.4614885807964579,2013-08-26
117.70984706999998,0.5114741951604718,2013-08-27
117.94199999999998,0.5087773966206129,2013-08-28
118.54657146,0.5108467108323261,2013-08-29
124.85496511599999,0.5658371767848994,2013-08-30
128.36893722000002,0.5954010507060744,2013-08-31
130.66799999999998,0.6171600154945821,2013-09-01
130.07072,0.6138157391995391,2013-09-02
129.179367224,0.6049853802541447,2013-09-03
122.179969596,0.5428525724119022,2013-09-04
122.619851268,0.5477286458103857,2013-09-05
117.215590382,0.49295912312657614,2013-09-06
119.922,0.5138308798191203,2013-09-07
118.34,0.4904371192005098,2013-09-08
121.243895666,0.5097020995041242,2013-09-09
122.066102166,0.510418694240224,2013-09-10
127.30356871400002,0.553524971121189,2013-09-11
126.657381216,0.5423753230946932,2013-09-12
127.578944306,0.5490275189741157,2013-09-13
124.48999999999998,0.51919805777257,2013-09-14
125.341818674,0.5249470000560499,2013-09-15
126.144560294,0.5292585394949624,2013-09-16
126.89807517,0.5322049459709561,2013-09-17
127.050300348,0.5271897539746029,2013-09-18
124.15599999999999,0.4936355189390656,2013-09-19
122.981812394,0.47701085722562586,2013-09-20
123.404,0.47655532887671803,2013-09-21
123.15527895400001,0.47023832655250897,2013-09-22
122.64674409,0.46140513512210535,2013-09-23
123.772,0.46776834254926936,2013-09-24
123.29541168800002,0.45989486604843355,2013-09-25
124.84045830800001,0.4727293130088608,2013-09-26
126.858838722,0.4904505060018094,2013-09-27
126.76026403200001,0.48877701582160904,2013-09-28
127.01000000000002,0.48998603989618417,2013-09-29
126.25,0.4814227505826706,2013-09-30
127.49537500000001,0.48870308821734976,2013-10-01
103.71981338600001,0.2499923612885005,2013-10-02
117.57163172,0.3873997127364541,2013-10-03
121.94000000000001,0.4239362933396332,2013-10-04
121.25,0.413598574026427,2013-10-05
122.48999999999998,0.4182224766531302,2013-10-06
123.58300197999999,0.42229052468590855,2013-10-07
124.35379779999998,0.42752007512316914,2013-10-08
125.9,0.4452509265250419,2013-10-09
126.8,0.456017894601337,2013-10-10
127.4028133,0.4631673046273972,2013-10-11
127.66401765200001,0.4671055232576069,2013-10-12
132.546798864,0.5124948681504267,2013-10-13
135.36291349799998,0.5372924207058051,2013-10-14
144.037009566,0.6058766581872109,2013-10-15
137.725951932,0.5519614124669496,2013-10-16
143.925082672,0.6021192605378949,2013-10-17
152.89,0.6710350136705151,2013-10-18
166.0,0.7642529208232428,2013-10-19
166.577402846,0.7607513210668864,2013-10-20
180.04214545399998,0.8398593578883113,2013-10-21
189.671875,0.8879046684229732,2013-10-22
203.67647213,0.9622325195732396,2013-10-23
194.20567046800002,0.8935520209745816,2013-10-24
187.41013911199997,0.8383169436062394,2013-10-25
179.56,0.7903236869694188,2013-10-26
194.21404057,0.8842752511876188,2013-10-27
196.15785163200002,0.8959696127192747,2013-10-28
204.71721574,0.939429359131642,2013-10-29
198.241483734,0.8982685467858446,2013-10-30
203.188263428,0.9235603851944858,2013-10-31
202.66000000000003,0.9186370376378081,2013-11-01
204.78066666799998,0.9299208716783989,2013-11-02
209.97676905199995,0.9509759210128341,2013-11-03
227.66147456,1.0261829317587186,2013-11-04
242.853461094,1.085444454840201,2013-11-05
263.374069342,1.1651101813480298,2013-11-06
290.83761704799997,1.252346538395509,2013-11-07
334.186408682,1.386075912841773,2013-11-08
334.87924823,1.3676660672620584,2013-11-09
325.439078968,1.325836586021897,2013-11-10
343.79950985600004,1.3736683144969215,2013-11-11
354.930332458,1.392131893782331,2013-11-12
394.190255216,1.4807973859481487,2013-11-13
415.85714820000004,1.5120204766843277,2013-11-14
413.605101372,1.4822538871156907,2013-11-15
436.62648168000004,1.5210811611465542,2013-11-16
474.85068540400005,1.5853063197855495,2013-11-17
667.042706084,1.883732238068045,2013-11-18
540.536009962,1.5811131181823401,2013-11-19
598.564391,1.654993579425399,2013-11-20
719.821885452,1.8124577606730594,2013-11-21
796.079284704,1.8308933227534632,2013-11-22
829.5318394279999,1.8110746065984604,2013-11-23
804.06619701,1.7259140557908816,2013-11-24
813.3048949680001,1.677940710620401,2013-11-25
916.060529778,1.7142240058886988,2013-11-26
964.312489128,1.711047222480574,2013-11-27
1012.81292734,1.6984427447685648,2013-11-28
1133.75527568,1.7582267615667126,2013-11-29
1118.0154046600003,1.7062431379744443,2013-11-30
953.1359506659999,1.50478542574983,2013-12-01
1041.96372376,1.58024974193976,2013-12-02
1054.16594214,1.5706345236959498,2013-12-03
1134.39085984,1.6194825006696192,2013-12-04
1026.00829634,1.4759636492247634,2013-12-05
811.3518261880001,1.1888028334990426,2013-12-06
693.824481394,0.9917539929414649,2013-12-07
786.5764829899999,1.1179049203466174,2013-12-08
897.73743765,1.2492456881146494,2013-12-09
979.69510658,1.327993820358684,2013-12-10
877.395064578,1.1825806599050062,2013-12-11
873.043849604,1.1651421582503607,2013-12-12
885.3134358740001,1.1718991149590232,2013-12-13
852.01974842,1.1278558035129087,2013-12-14
861.894691022,1.1321288051767049,2013-12-15
690.700953712,0.873282456584198,2013-12-16
675.8618964919999,0.8307459118595188,2013-12-17
520.8357772840001,0.5259237362424432,2013-12-18
684.727403898,0.8214169151004571,2013-12-19
607.9770523139999,0.644076686671718,2013-12-20
597.4978388019999,0.6053217328286553,2013-12-21
613.3973363260001,0.6299134602811751,2013-12-22
657.355982328,0.7028116138800204,2013-12-23
652.445016424,0.6829124129548514,2013-12-24
679.4395154160001,0.7246467644118373,2013-12-25
747.7618741939999,0.8271726107073176,2013-12-26
723.730979262,0.7909425777663457,2013-12-27
714.999117648,0.7800625916539341,2013-12-28
728.090297256,0.8024037691940551,2013-12-29
735.9660303120002,0.8151996323094527,2013-12-30
731.9532930060001,0.8103088432419339,2013-12-31
753.405480556,0.8422241231466655,2014-01-01
784.280603894,0.8843932451986994,2014-01-02
807.915916232,0.9132323821772401,2014-01-03
828.7459845879999,0.9339317411028227,2014-01-04
904.7600750739999,1.0298698395516999,2014-01-05
917.382725522,1.0428871273621532,2014-01-06
789.593524042,0.8712778755783233,2014-01-07
822.864923038,0.9140580567704574,2014-01-08
825.8665006040001,0.9154875747697204,2014-01-09
854.445450584,0.9475187502837754,2014-01-10
893.6831232820001,0.9910402977587083,2014-01-11
843.286613774,0.9178118160656632,2014-01-12
822.530427934,0.8806026973200849,2014-01-13
815.996819406,0.8664235844518524,2014-01-14
840.1151583520001,0.8921328252200171,2014-01-15
814.4962523859999,0.8513369208776937,2014-01-16
794.5266687980001,0.8167542689415908,2014-01-17
811.37762176,0.8316567908043593,2014-01-18
841.4564324119999,0.86607136733216,2014-01-19
826.696425026,0.8397728396620123,2014-01-20
824.875769878,0.8300135447220711,2014-01-21
818.534270204,0.8125921624860157,2014-01-22
810.869203164,0.7933124065999708,2014-01-23
779.3849452420001,0.7399877458111392,2014-01-24
805.652675222,0.77121908668219,2014-01-25
814.847146534,0.7765603164102634,2014-01-26
746.678657078,0.6691389335452894,2014-01-27
785.9504199859999,0.7191513409970784,2014-01-28
794.098192396,0.7236429049580549,2014-01-29
799.5229998400001,0.7253536585800995,2014-01-30
802.998525562,0.7253473708080702,2014-01-31
813.159890274,0.7316073419808193,2014-02-01
814.932732602,0.7279531088833364,2014-02-02
808.5,0.7146933908554458,2014-02-03
801.39173376,0.6640771240853391,2014-02-04
780.917515036,0.6134276850993338,2014-02-05
762.981093598,0.5812643082765241,2014-02-06
708.3660443880001,0.4912805940369096,2014-02-07
679.578138862,0.43685985687454276,2014-02-08
687.314088924,0.44071331292012733,2014-02-09
688.4182184199999,0.43306654159367913,2014-02-10
675.110840662,0.40094758131342934,2014-02-11
652.543163334,0.35314912626998757,2014-02-12
605.83889448,0.2570178533250215,2014-02-13
670.0066271759999,0.36415740599207497,2014-02-14
655.269274756,0.3312900429077098,2014-02-15
620.641121662,0.26194348404313533,2014-02-16
632.4809440480001,0.2752424137284688,2014-02-17
629.1273936299999,0.26328053372678334,2014-02-18
624.838114922,0.25081685222422784,2014-02-19
562.5895875420001,0.12579487153571625,2014-02-20
581.290525096,0.15486536087455174,2014-02-21
611.552214376,0.2080558988175698,2014-02-22
608.198850544,0.1968640505196692,2014-02-23
536.8594994299999,0.048967080702152915,2014-02-24
536.2111523420001,0.04578024338533632,2014-02-25
585.5174387139999,0.14017962283717597,2014-02-26
583.057392048,0.13322179748999852,2014-02-27
551.4270378320001,0.06434169682593494,2014-02-28
566.7533114280001,0.09078430224249545,2014-03-01
563.2946821140001,0.07794649585959545,2014-03-02
676.820067156,0.28720466165484276,2014-03-03
673.387906086,0.2806165632802677,2014-03-04
670.1076203939999,0.27215322655952623,2014-03-05
669.219942962,0.23676436142573346,2014-03-06
632.308556588,0.15189678635955386,2014-03-07
620.6247192339999,0.11157328979498117,2014-03-08
638.418612898,0.1304081855137776,2014-03-09
629.382,0.1030641862955812,2014-03-10
635.03872797,0.10365825909882061,2014-03-11
633.854888054,0.09150249465397742,2014-03-12
641.6025862160001,0.10098994102125451,2014-03-13
629.8350340720001,0.07676522900690469,2014-03-14
637.415090218,0.08770298759500988,2014-03-15
634.8101052919999,0.0803628811764539,2014-03-16
622.84479101,0.05683101728100315,2014-03-17
614.438939238,0.03815380621315767,2014-03-18
611.19495134,0.028974516982262957,2014-03-19
586.953250296,-0.027886125527786618,2014-03-20
570.012095636,-0.07342961778032675,2014-03-21
564.545464148,-0.09675063495341778,2014-03-22
559.690294744,-0.1188112062405181,2014-03-23
584.911571278,-0.07745174228074712,2014-03-24
583.845073968,-0.09035959560348089,2014-03-25
579.087233466,-0.11078917594232589,2014-03-26
472.14433733800007,-0.3580505903996719,2014-03-27
501.09610014200007,-0.2992535987157323,2014-03-28
491.9478371900001,-0.32889900172370484,2014-03-29
458.77462072399993,-0.41937856504112647,2014-03-30
457.02355456799995,-0.4367762264517208,2014-03-31
479.31229068600004,-0.39367350804377493,2014-04-01
439.626726544,-0.507884637736224,2014-04-02
449.53955801,-0.49131893554136996,2014-04-03
451.900550232,-0.49726453647766367,2014-04-04
463.62556298400006,-0.4771434022296402,2014-04-05
457.883594364,-0.501922632925687,2014-04-06
448.95518037,-0.5346259401999366,2014-04-07
453.33637541999997,-0.5371620671864666,2014-04-08
443.06191353799994,-0.5767630692618364,2014-04-09
363.851086082,-0.8218458420981841,2014-04-10
423.4131448,-0.6510876497805619,2014-04-11
423.368963092,-0.6410606399521149,2014-04-12
416.86460415399995,-0.6543369463028333,2014-04-13
459.09800582400004,-0.5319085761863767,2014-04-14
522.29491627,-0.36660823070605775,2014-04-15
527.687720992,-0.3318340828618153,2014-04-16
498.366678046,-0.364396502762189,2014-04-17
482.26565610000006,-0.38313432223502464,2014-04-18
504.842390182,-0.3332539988737458,2014-04-19
500.39539342999996,-0.3406298244716366,2014-04-20
497.251879218,-0.35397858587864883,2014-04-21
489.99280993799994,-0.3795879609149199,2014-04-22
492.0000000000001,-0.3896433805274797,2014-04-23
502.220952572,-0.3785522626733978,2014-04-24
466.88685158400006,-0.4759445862289872,2014-04-25
461.04532600000005,-0.5004927298887771,2014-04-26
434.374768044,-0.5781427349289201,2014-04-27
442.82037402,-0.5590781412834356,2014-04-28
448.0,-0.5518618737692597,2014-04-29
448.89941997000005,-0.5561733736125856,2014-04-30
460.70126204400003,-0.5289336969486534,2014-05-01
454.35562384599996,-0.538302360680952,2014-05-02
439.87207680600005,-0.5686417268996355,2014-05-03
437.933060358,-0.5635034993718433,2014-05-04
433.0,-0.572862564791909,2014-05-05
428.01000000000005,-0.5827922981902685,2014-05-06
440.92028681400006,-0.5411993043045054,2014-05-07
439.0813533279999,-0.540359510222095,2014-05-08
451.468934602,-0.5071207200108508,2014-05-09
456.543988148,-0.4942923271260018,2014-05-10
439.14571257999995,-0.5446715764787144,2014-05-11
442.46349,-0.5355477769374726,2014-05-12
439.10721898599996,-0.5431661496827236,2014-05-13
445.75451883200003,-0.5257151313685773,2014-05-14
446.33672478999995,-0.5224235525436335,2014-05-15
447.269647738,-0.5185055279809062,2014-05-16
450.0057898,-0.512156516707289,2014-05-17
446.898,-0.5195807939421705,2014-05-18
448.17908049199997,-0.516490135559518,2014-05-19
489.19391193599995,-0.4118653132309247,2014-05-20
493.694430672,-0.39904979088821024,2014-05-21
529.49782271,-0.3157499916850619,2014-05-22
523.491528154,-0.328812900611343,2014-05-23
528.214489126,-0.31695854523906064,2014-05-24
573.07334608,-0.21912792941356307,2014-05-25
583.558250216,-0.1970253325519106,2014-05-26
573.185524618,-0.22095775826827357,2014-05-27
580.266611644,-0.2047075884085766,2014-05-28
570.35,-0.22559329713407072,2014-05-29
621.18,-0.12620188381054487,2014-05-30
627.3743539159999,-0.1118211371933045,2014-05-31
629.8553311400001,-0.10580091743346118,2014-06-01
662.0855888839999,-0.04600980659641385,2014-06-02
669.938043516,-0.027639607936498035,2014-06-03
642.357380702,-0.0743045882266721,2014-06-04
661.48,-0.03556487199386256,2014-06-05
649.0938278240001,-0.05572336573401574,2014-06-06
657.122319458,-0.03865233916767133,2014-06-07
657.9504511279999,-0.03269526697204623,2014-06-08
648.3175507240001,-0.04806589821502097,2014-06-09
648.549935972,-0.045128418176329774,2014-06-10
622.5026906339999,-0.09617142258678539,2014-06-11
571.006454714,-0.20658956785716312,2014-06-12
591.983880914,-0.163166088517938,2014-06-13
568.1956108239999,-0.2111708768825815,2014-06-14
590.40657709,-0.16648416471944394,2014-06-15
586.980456142,-0.17431512959421383,2014-06-16
606.443230048,-0.13819383509441954,2014-06-17
607.0,-0.13724818400436462,2014-06-18
593.11789317,-0.16284472278407108,2014-06-19
588.950932812,-0.17141863709036623,2014-06-20
589.036790108,-0.1707759460871376,2014-06-21
600.0404249320001,-0.14992024311168498,2014-06-22
588.193980926,-0.17468319942868615,2014-06-23
573.3281355759999,-0.2077192328124967,2014-06-24
560.4947890579999,-0.23704322561637517,2014-06-25
579.622750878,-0.19673711862474547,2014-06-26
599.929629306,-0.1538125274897888,2014-06-27
590.5955207659999,-0.17214634490388805,2014-06-28
599.89,-0.15134831289847347,2014-06-29
638.68650652,-0.07248194947278297,2014-06-30
639.157792748,-0.0664388715496084,2014-07-01
650.071232986,-0.0385308636219495,2014-07-02
646.6670635520001,-0.03915814525726674,2014-07-03
627.258726514,-0.06686888721109444,2014-07-04
630.747663504,-0.052141877985714846,2014-07-05
631.4238304700001,-0.04019001084309565,2014-07-06
622.774120722,-0.04804870330217304,2014-07-07
624.2982841780001,-0.040399315174490254,2014-07-08
621.8734082320001,-0.04364147307698357,2014-07-09
616.775924134,-0.050163716485047166,2014-07-10
634.129679252,-0.0205766595285327,2014-07-11
636.46644725,-0.019641288969473578,2014-07-12
630.5449909639999,-0.03980072243629282,2014-07-13
619.701223542,-0.0701507951510005,2014-07-14
623.5592835140001,-0.06944907052120633,2014-07-15
615.9106732139999,-0.09211121837600275,2014-07-16
623.7643585440001,-0.08350321515946209,2014-07-17
631.42881345,-0.0714978839974399,2014-07-18
629.726,-0.07429656488669556,2014-07-19
625.846605424,-0.0813187827615897,2014-07-20
621.830136434,-0.08705458844848647,2014-07-21
619.567647252,-0.09101248234375509,2014-07-22
619.926984708,-0.08817453813216498,2014-07-23
603.820880232,-0.119495778494879,2014-07-24
602.8812411219999,-0.12223045613167471,2014-07-25
595.95700884,-0.14010624683462752,2014-07-26
591.9597686699999,-0.15207603413591533,2014-07-27
589.3779206380001,-0.16075074376458928,2014-07-28
585.1045461199999,-0.17419159996750117,2014-07-29
563.3470577280001,-0.22567770522729966,2014-07-30
582.037732788,-0.19231002740120076,2014-07-31
598.2,-0.16418790236905514,2014-08-01
589.306,-0.18508070405909033,2014-08-02
586.489508506,-0.19397275065669994,2014-08-03
588.479331236,-0.19592973341957595,2014-08-04
580.340990122,-0.21748150763846333,2014-08-05
582.416533308,-0.21413523760376474,2014-08-06
584.81249954,-0.20976734156770172,2014-08-07
588.78812401,-0.20216358301054882,2014-08-08
589.242055856,-0.2008522824043183,2014-08-09
590.785817632,-0.1965928456607511,2014-08-10
573.9565111500001,-0.23169690724189548,2014-08-11
567.831212848,-0.24488622637827137,2014-08-12
549.790349374,-0.2847470409884968,2014-08-13
507.38701780400004,-0.38502422821085214,2014-08-14
501.237741262,-0.4053807796449154,2014-08-15
522.748127092,-0.360335789338557,2014-08-16
498.22564087800004,-0.4259407413982369,2014-08-17
473.215708716,-0.4948049919388334,2014-08-18
491.00693467,-0.45675625051730245,2014-08-19
518.0240521100001,-0.3974209357790624,2014-08-20
520.3913133,-0.3934923405826958,2014-08-21
514.794876152,-0.40958949880400164,2014-08-22
496.190259712,-0.45843525035968347,2014-08-23
507.644099696,-0.4337231699040828,2014-08-24
503.1851232,-0.4451922470494386,2014-08-25
513.621734654,-0.42335506978649723,2014-08-26
511.792230472,-0.43155604109185186,2014-08-27
506.53819895799995,-0.4471928923856261,2014-08-28
509.04553304800004,-0.4434730867565745,2014-08-29
501.001790512,-0.46485349741736426,2014-08-30
478.87886742800004,-0.5258179962973161,2014-08-31
475.34660947400005,-0.5417644416295664,2014-09-01
473.803368534,-0.5523415114399114,2014-09-02
474.54419272800004,-0.5576432030331083,2014-09-03
488.60745904,-0.526955272224854,2014-09-04
477.642145722,-0.5579387000756364,2014-09-05
479.74170882,-0.5553988223065884,2014-09-06
476.11974577,-0.5622043718614578,2014-09-07
468.030480732,-0.581392593819116,2014-09-08
473.375732486,-0.5641443729308031,2014-09-09
477.60737498399993,-0.5508143649581686,2014-09-10
477.41388296800005,-0.5501192340140655,2014-09-11
474.19739259,-0.5592610446564052,2014-09-12
477.127472342,-0.5529333099537524,2014-09-13
474.606315074,-0.5623033533865776,2014-09-14
469.57152418,-0.5759407465834878,2014-09-15
463.2017233959999,-0.5947226393684119,2014-09-16
452.3290782179999,-0.6263184726289055,2014-09-17
425.668635086,-0.7033201364938412,2014-09-18
395.737689734,-0.7957415245367296,2014-09-19
410.71515540999997,-0.7538988820554892,2014-09-20
400.465411766,-0.7877265173154897,2014-09-21
399.134149668,-0.7959235327730562,2014-09-22
439.4156581540001,-0.6808301840342592,2014-09-23
423.56804793000003,-0.7256933581546554,2014-09-24
409.347515356,-0.7667149297271328,2014-09-25
404.57418751600005,-0.7779260900131133,2014-09-26
400.686514188,-0.7900122539475806,2014-09-27
375.303150224,-0.8714095775231067,2014-09-28
373.990622608,-0.8767451560416639,2014-09-29
390.18710973000003,-0.8295812776082021,2014-09-30
383.94373517800005,-0.8520104440679701,2014-10-01
375.4928339,-0.8818344279843962,2014-10-02
357.362980336,-0.9377349104077397,2014-10-03
326.642468598,-1.049576792396055,2014-10-04
323.055049424,-1.065028733759908,2014-10-05
328.049174812,-1.0444897381482372,2014-10-06
334.404218494,-1.0236955015156992,2014-10-07
355.992247346,-0.9494524461518634,2014-10-08
364.556226584,-0.9200364763921034,2014-10-09
360.938671886,-0.9361659989452066,2014-10-10
362.43268194600006,-0.9295649845177358,2014-10-11
379.54423350800005,-0.8692112096313137,2014-10-12
392.32550615599996,-0.8255488034372233,2014-10-13
402.42857203799997,-0.7917403187437007,2014-10-14
394.09448195199997,-0.8146570332800085,2014-10-15
383.085283296,-0.8509330302623915,2014-10-16
383.06091965599995,-0.8505213051653763,2014-10-17
390.75379734,-0.8276377613174272,2014-10-18
388.575872572,-0.8385636069150465,2014-10-19
381.35682622,-0.8689853323480818,2014-10-20
385.846074676,-0.862671543551446,2014-10-21
382.43631932,-0.8821257118462026,2014-10-22
356.566155236,-0.9755520990054715,2014-10-23
358.1904358080001,-0.9823608466153294,2014-10-24
348.157435614,-1.0278120291523938,2014-10-25
355.021491172,-1.0125428595927806,2014-10-26
350.983183486,-1.0296951512123806,2014-10-27
355.774005564,-1.0196204920533818,2014-10-28
335.093284832,-1.096151222104545,2014-10-29
346.12152948600004,-1.0591426247201943,2014-10-30
337.813393346,-1.0872914193818672,2014-10-31
324.573484356,-1.137020981968444,2014-11-01
324.36579329,-1.141455720184859,2014-11-02
325.965872218,-1.1403178054710987,2014-11-03
330.07754074400003,-1.1280826207750785,2014-11-04
338.002215156,-1.1027822671086527,2014-11-05
349.912207048,-1.0665669865602925,2014-11-06
342.135011436,-1.100814846839429,2014-11-07
345.74628679,-1.0968483084973182,2014-11-08
365.563844488,-1.0412698558136682,2014-11-09
365.87042619199997,-1.0519432975683207,2014-11-10
369.81496743400004,-1.0492641808723169,2014-11-11
424.36606007599994,-0.8908970312770107,2014-11-12
420.47480877199996,-0.9095063836719681,2014-11-13
399.50063883800004,-0.9782869585123203,2014-11-14
376.62900497399994,-1.057395261349752,2014-11-15
389.797810122,-1.0203951762344459,2014-11-16
388.358,-1.0307937669022404,2014-11-17
375.089345896,-1.0844463298096136,2014-11-18
378.896020706,-1.1013990175772062,2014-11-19
356.462709068,-1.1948467551215365,2014-11-20
350.462287766,-1.2349172187781141,2014-11-21
353.31120368,-1.2508633270066118,2014-11-22
367.699086678,-1.237776684909175,2014-11-23
375.8525662779999,-1.2484942879643914,2014-11-24
376.590034426,-1.2751802851012664,2014-11-25
367.557562668,-1.3124638505992545,2014-11-26
369.65427477400004,-1.3392688975990423,2014-11-27
376.849520466,-1.337352089783884,2014-11-28
375.88472041,-1.356012302009253,2014-11-29
376.68151586399995,-1.3729834432399328,2014-11-30
376.62900668896464,-1.389274108510182,2014-12-01
379.06941206171257,-1.3869307500398178,2014-12-02
375.55602754682644,-1.410048087589528,2014-12-03
369.19470388,-1.4333667656840108,2014-12-04
376.0,-1.417387807953415,2014-12-05
375.01795153800003,-1.4175861321805088,2014-12-06
377.14578302999996,-1.3966843129640347,2014-12-07
361.6342622220001,-1.427024615694433,2014-12-08
351.90854790399993,-1.4516485554443257,2014-12-09
346.959745012,-1.461346469530273,2014-12-10
348.921944692,-1.4501948911517721,2014-12-11
352.869712602,-1.4260561044804745,2014-12-12
350.961507326,-1.4251962061594,2014-12-13
357.141899984,-1.4084657519449244,2014-12-14
348.08186068599997,-1.4500152975303635,2014-12-15
328.90113902,-1.5220179228895618,2014-12-16
321.598493206,-1.5380308428768183,2014-12-17
312.28177588799997,-1.5606694637712002,2014-12-18
318.544134062,-1.5211315427716874,2014-12-19
331.49050168199994,-1.4629808436767315,2014-12-20
320.556787554,-1.4897574899288482,2014-12-21
331.997882986,-1.4335033754182949,2014-12-22
336.522172414,-1.4009971939447534,2014-12-23
322.522,-1.4437617164421317,2014-12-24
319.693281002,-1.4481078946310881,2014-12-25
329.31228121600003,-1.4260788230272017,2014-12-26
316.209387338,-1.4786560436074432,2014-12-27
317.59399999999994,-1.4819358226795014,2014-12-28
312.45850041200003,-1.5136356165036944,2014-12-29
311.43002015,-1.527342414226732,2014-12-30
320.992712128,-1.494250529122547,2014-12-31
314.025456318,-1.5249188613698874,2015-01-01
315.687160984,-1.5236038959089453,2015-01-02
283.00653515,-1.6569949550584364,2015-01-03
263.80788251599995,-1.7504235646826638,2015-01-04
276.8,-1.7039662268870144,2015-01-05
276.8,-1.720769105122797,2015-01-06
276.8,-1.738981446204703,2015-01-07
284.2775,-1.7115335184527771,2015-01-08
293.956460672,-1.675048040087567,2015-01-09
275.178914552,-1.7528875616304176,2015-01-10
265.104599912,-1.7951648474326107,2015-01-11
267.0091753,-1.7880427864503208,2015-01-12
226.23151002694604,-1.9824891872187926,2015-01-13
172.2093361644184,-2.3040019225521045,2015-01-14
210.22205401982146,-2.073404856756021,2015-01-15
207.400753385583,-2.09483470566422,2015-01-16
199.71335481,-2.142539946972658,2015-01-17
211.933325656,-2.0709497179132756,2015-01-18
216.21354573944032,-2.0446935564375117,2015-01-19
211.21436810323002,-2.0697006876039024,2015-01-20
227.3673392702163,-1.9531045245001324,2015-01-21
233.0832877620321,-1.9134187127123106,2015-01-22
233.64693715257727,-1.8975390265006697,2015-01-23
249.34753805699575,-1.8010942915710844,2015-01-24
254.56624312740095,-1.7607565243947216,2015-01-25
274.3673394383924,-1.6510628643714347,2015-01-26
263.8566599952122,-1.677672198806974,2015-01-27
235.52673814242775,-1.8025545829600724,2015-01-28
235.37804606435822,-1.796009102785371,2015-01-29
228.47145635184606,-1.8262102484897964,2015-01-30
218.1833214083741,-1.8803308195632022,2015-01-31
227.6223232278307,-1.8321103691585696,2015-02-01
237.9709054988361,-1.7812683765322168,2015-02-02
227.6791825345782,-1.8352855870292457,2015-02-03
227.08019879655745,-1.8397456700831183,2015-02-04
216.85577466626742,-1.8942887326846936,2015-02-05
222.78397787291473,-1.858776321895438,2015-02-06
229.00185702084914,-1.818046719693999,2015-02-07
223.96367191496202,-1.8367386460743185,2015-02-08
221.00423895534863,-1.8454032686382444,2015-02-09
220.600396870975,-1.839091020744429,2015-02-10
219.72851613123763,-1.8355683946973793,2015-02-11
222.82890337317286,-1.808178897155044,2015-02-12
236.80501885043395,-1.7232797842206913,2015-02-13
257.0310272347365,-1.6090269325614757,2015-02-14
235.04578132021575,-1.7082305179589654,2015-02-15
234.52568993572527,-1.703277118309961,2015-02-16
244.70220039160876,-1.6405095916188497,2015-02-17
237.4602610895538,-1.6665462920782874,2015-02-18
241.46005745043004,-1.6370519737109717,2015-02-19
245.34212468697484,-1.6123263726059531,2015-02-20
245.57855416287262,-1.6072008462897323,2015-02-21
236.45729496468238,-1.6440714499539892,2015-02-22
239.22513276094452,-1.623329289160182,2015-02-23
239.84104232259955,-1.6175213823189105,2015-02-24
238.1139375509444,-1.6167357574683607,2015-02-25
237.0798280600164,-1.6140920035690984,2015-02-26
253.82688189441114,-1.5256944816732005,2015-02-27
253.69150938477878,-1.5242626516217395,2015-02-28
258.7270505768632,-1.4919954323017666,2015-03-01
276.09280051627326,-1.402022620453814,2015-03-02
282.47608809215455,-1.3608503937803058,2015-03-03
272.0490118612828,-1.4100239933794858,2015-03-04
275.79883665960716,-1.3956602317943942,2015-03-05
273.04917469043914,-1.409066722621776,2015-03-06
276.87809766906935,-1.3922348773585624,2015-03-07
275.2790516535126,-1.4002296144084876,2015-03-08
288.21420611712483,-1.345205285562188,2015-03-09
292.4491012592292,-1.330948818053053,2015-03-10
296.5324948519402,-1.3057106898443358,2015-03-11
295.8481806574898,-1.3016958256440354,2015-03-12
285.6382567507711,-1.336792983317538,2015-03-13
283.2459863615356,-1.3418867404505268,2015-03-14
287.2991907259144,-1.3206520753387472,2015-03-15
291.34814111759096,-1.3020620593231729,2015-03-16
286.2368092015699,-1.3219584397307882,2015-03-17
258.19452903790227,-1.4478076716209125,2015-03-18
262.2621084126871,-1.4291269793728087,2015-03-19
263.0544217347894,-1.424545296724559,2015-03-20
261.3618035693705,-1.4294237949514312,2015-03-21
268.2085121177197,-1.3947493980590877,2015-03-22
266.23292063440385,-1.4000398285590676,2015-03-23
245.67390713063523,-1.4947557846415975,2015-03-24
246.89425507312757,-1.4851239804227407,2015-03-25
249.57019468149684,-1.4692756053033569,2015-03-26
247.87280676889836,-1.474870553616725,2015-03-27
253.40005072568178,-1.4397292291664079,2015-03-28
243.3137110161505,-1.4849720236510937,2015-03-29
248.42738942036203,-1.4548432643338423,2015-03-30
244.57664205222832,-1.4646298061643543,2015-03-31
247.63303657656542,-1.4382218734746257,2015-04-01
253.95538646766772,-1.3980379581901237,2015-04-02
254.88683613841857,-1.3809677098134734,2015-04-03
253.99292625441475,-1.380945078709262,2015-04-04
261.2126187518514,-1.338066143584811,2015-04-05
256.42207301291876,-1.3544910893161668,2015-04-06
253.9894885279104,-1.3620125260694276,2015-04-07
245.8480735401531,-1.3984026169402248,2015-04-08
244.61592088577717,-1.401415469122648,2015-04-09
236.51085470525223,-1.4415356102541415,2015-04-10
236.77240091579887,-1.4331994158924481,2015-04-11
236.47709775061168,-1.433587745164594,2015-04-12
224.97651532966492,-1.4919086111342068,2015-04-13
219.38748621905415,-1.521426359052259,2015-04-14
223.8348000035629,-1.4978266140873617,2015-04-15
227.870378726502,-1.4832082840446246,2015-04-16
223.0841719013738,-1.5167932241606805,2015-04-17
223.5865237125548,-1.531966636852068,2015-04-18
223.56744726495444,-1.5381855769866806,2015-04-19
225.2184300872037,-1.535674840202633,2015-04-20
235.52102469647576,-1.4855148552510495,2015-04-21
233.7009634608557,-1.4961501353382802,2015-04-22
236.16353681713173,-1.477327494852927,2015-04-23
231.02053372487694,-1.497237292865311,2015-04-24
226.58547994375857,-1.5180487786968448,2015-04-25
221.05379960481326,-1.5447583422378428,2015-04-26
227.44977115968467,-1.504112679792699,2015-04-27
225.3984377539342,-1.509560543309913,2015-04-28
225.6405442418366,-1.5034927066255173,2015-04-29
236.70311574991769,-1.440554698343572,2015-04-30
232.7740205181823,-1.455125291887747,2015-05-01
234.4547062686378,-1.4399526297177545,2015-05-02
239.8453986375642,-1.4059678760304042,2015-05-03
239.2673350149646,-1.4031112316539605,2015-05-04
236.2114911026119,-1.415158975164759,2015-05-05
229.65578168538187,-1.446023094587078,2015-05-06
237.41283096784377,-1.4017413265648861,2015-05-07
244.33760132386223,-1.3622482844615833,2015-05-08
242.61964510761345,-1.3659061341027476,2015-05-09
240.84372690869867,-1.3736615518402073,2015-05-10
241.6363056849018,-1.3692103473115464,2015-05-11
241.3522020526193,-1.3685603506109394,2015-05-12
236.34631682189985,-1.3932460430223526,2015-05-13
237.2065240952482,-1.3885034439626915,2015-05-14
237.88739720451107,-1.3850226936493848,2015-05-15
236.39271552739993,-1.393281878802894,2015-05-16
236.67925526699733,-1.390704922771508,2015-05-17
233.59070718131207,-1.406139296235085,2015-05-18
231.94833933961522,-1.4154549571130146,2015-05-19
234.39819597114405,-1.401270469708325,2015-05-20
235.60389444679782,-1.3985323137126628,2015-05-21
239.8753072751549,-1.3786948115598996,2015-05-22
238.7335530263541,-1.3909246504139587,2015-05-23
240.2080085180499,-1.3888525623325987,2015-05-24
236.59160604779555,-1.4136176991057698,2015-05-25
236.25099422574218,-1.4271072489617023,2015-05-26
237.03972228175166,-1.4363492042421269,2015-05-27
237.16309622469356,-1.4418878621646534,2015-05-28
236.45937825027846,-1.4535775219235467,2015-05-29
233.42921780934725,-1.4711498561085927,2015-05-30
229.87046265828167,-1.4999785958298975,2015-05-31
223.56821041088014,-1.544730577135847,2015-06-01
225.49709536567593,-1.5384063058137298,2015-06-02
225.56818189200266,-1.5452704619400364,2015-06-03
223.93542023042738,-1.5645474457841546,2015-06-04
224.59609382064255,-1.5666386508671635,2015-06-05
225.06047468964124,-1.5725230767777059,2015-06-06
223.50816929894273,-1.5829871564590428,2015-06-07
228.7738683609431,-1.55306224571536,2015-06-08
229.00326077961145,-1.5516297531314862,2015-06-09
228.5646397876235,-1.5501161813322255,2015-06-10
229.32148022612697,-1.5404634410313442,2015-06-11
229.3949082185111,-1.535017701094958,2015-06-12
232.99016074834827,-1.5051272160761666,2015-06-13
232.2732607782773,-1.5008120944454433,2015-06-14
236.5940075448309,-1.4676132818930308,2015-06-15
250.88443111466125,-1.3809347122177527,2015-06-16
248.91023822223178,-1.3803478018289583,2015-06-17
248.9536229545178,-1.3709628862572407,2015-06-18
244.4347548506766,-1.3879632575085283,2015-06-19
246.03594777095446,-1.376333049431461,2015-06-20
244.2264603457139,-1.3808119149716351,2015-06-21
246.9779718291997,-1.3636139258431106,2015-06-22
244.36086832501388,-1.376668103961456,2015-06-23
240.1896323677801,-1.397713160173355,2015-06-24
242.4657489591529,-1.381733040073298,2015-06-25
242.94756980246657,-1.3736489338764462,2015-06-26
251.49174712609874,-1.3247905778693516,2015-06-27
248.8923275300042,-1.3358721087256158,2015-06-28
256.91585700923576,-1.2911480263463386,2015-06-29
263.2627227196955,-1.254152041675145,2015-06-30
258.33938010023616,-1.2766939247012854,2015-07-01
254.7397570388532,-1.2956539372773674,2015-07-02
256.2885206258173,-1.29011587036407,2015-07-03
260.35848089066934,-1.2717226909089465,2015-07-04
271.63960764862867,-1.2129718935277094,2015-07-05
269.0768488345606,-1.2243897693417916,2015-07-06
265.8951663337417,-1.2399934764341656,2015-07-07
270.6944467211694,-1.2117758244615566,2015-07-08
269.4970385701621,-1.2113552772294238,2015-07-09
285.98871451527094,-1.1260608444098343,2015-07-10
292.3726314342531,-1.0884850766243703,2015-07-11
312.0321590438759,-0.9970722751648222,2015-07-12
292.8213347492119,-1.073158182626686,2015-07-13
287.35782996192245,-1.0918805390867772,2015-07-14
285.53537250271336,-1.09568160221219,2015-07-15
278.4261692588851,-1.1247415588911875,2015-07-16
279.9105836013045,-1.1165108828017758,2015-07-17
276.9949239987578,-1.1305098613291586,2015-07-18
275.3879562178301,-1.1405550655347854,2015-07-19
279.74386880723625,-1.1194656638030844,2015-07-20
276.97419614546396,-1.1313554243650845,2015-07-21
277.86794799515405,-1.1264909167568424,2015-07-22
277.25297528994145,-1.1274011534653363,2015-07-23
289.1761070018832,-1.0706304227720207,2015-07-24
289.16803970564604,-1.0658896485835005,2015-07-25
293.1260382264218,-1.0422943910074587,2015-07-26
294.2216879969626,-1.0315136420918245,2015-07-27
295.18419440658045,-1.0207446910435058,2015-07-28
290.17602216358387,-1.0369659383044776,2015-07-29
288.1899783743672,-1.0401344176160559,2015-07-30
284.8233479578995,-1.050608954293966,2015-07-31
281.53847313579416,-1.063344167107482,2015-08-01
282.28631492499073,-1.0595051812545722,2015-08-02
280.8324962243669,-1.0660957467931933,2015-08-03
285.17892466424576,-1.0455778803229656,2015-08-04
281.77046029724886,-1.0604670742347542,2015-08-05
278.3535861876579,-1.0758197651359223,2015-08-06
279.4942602464934,-1.0714936305095415,2015-08-07
262.05419732600524,-1.157339787030961,2015-08-08
267.51328940994455,-1.1278324255686047,2015-08-09
264.79175529822226,-1.1412589583226895,2015-08-10
271.7186639460532,-1.1086027741073665,2015-08-11
267.34646970647646,-1.1285930890404074,2015-08-12
264.50015113146185,-1.141540938213217,2015-08-13
265.984485481529,-1.1318990868373966,2015-08-14
262.3268821607181,-1.142554266293463,2015-08-15
258.48440125819116,-1.1550123121195623,2015-08-16
256.64789609100364,-1.158825810296806,2015-08-17
222.30928824760167,-1.3403830904023157,2015-08-18
227.40809004507705,-1.3073450135915219,2015-08-19
235.53136721991592,-1.2588471164413209,2015-08-20
233.03390533616795,-1.272179182495337,2015-08-21
231.08649547071286,-1.2860912710200094,2015-08-22
228.8419084678968,-1.3024604195919507,2015-08-23
211.04029812016228,-1.40694380899761,2015-08-24
223.11452108192162,-1.3320904076682512,2015-08-25
226.1075134092342,-1.3151625861595744,2015-08-26
225.56237052087312,-1.3196000605469522,2015-08-27
231.52008387831285,-1.2840719939765073,2015-08-28
230.1742717846294,-1.2884372676048828,2015-08-29
228.8670732204802,-1.2932118022971595,2015-08-30
230.59809103226553,-1.2780066867256665,2015-08-31
228.0608584854554,-1.286839827276849,2015-09-01
229.3621245778932,-1.2748597616080608,2015-09-02
227.23996193137782,-1.2810743516560132,2015-09-03
231.25430337632557,-1.2541356567117008,2015-09-04
236.0671291026174,-1.2238888241234287,2015-09-05
240.68976830398393,-1.193275754395752,2015-09-06
241.02145890795947,-1.1865057439396645,2015-09-07
244.23028202966935,-1.165353294992388,2015-09-08
238.64699669387738,-1.191626637566506,2015-09-09
238.65631371778696,-1.1880183825669637,2015-09-10
240.72803507045546,-1.1742076322360329,2015-09-11
235.38640084032153,-1.2003861328280008,2015-09-12
230.2314716349509,-1.2283145392743053,2015-09-13
230.66681987336318,-1.2258505847769916,2015-09-14
230.18311924399845,-1.2293970913930774,2015-09-15
229.2495574632945,-1.2349599747711326,2015-09-16
232.7716151933546,-1.2146918972085676,2015-09-17
233.45600185429976,-1.2089011023234757,2015-09-18
231.72953491596854,-1.2135592060663773,2015-09-19
230.68535720681675,-1.2121126456401503,2015-09-20
226.6662632336626,-1.2285611410303905,2015-09-21
230.61068690263542,-1.1997531281135068,2015-09-22
229.82978513470525,-1.1966611556104287,2015-09-23
234.4753888262895,-1.16788595339546,2015-09-24
235.2908548005521,-1.1595279802237184,2015-09-25
234.5934120623101,-1.1602428832329899,2015-09-26
233.18068434946878,-1.1675818586026852,2015-09-27
239.47488643573993,-1.1295672868171014,2015-09-28
237.09198320316509,-1.13772547415844,2015-09-29
236.85368796707021,-1.1343137339612819,2015-09-30
237.82075625088078,-1.1231591021137555,2015-10-01
238.17530073042212,-1.116205830689637,2015-10-02
239.56040132076637,-1.103954013158451,2015-10-03
239.33481153938868,-1.0987505063163368,2015-10-04
240.78453591961664,-1.083028931049373,2015-10-05
246.77201716769088,-1.0446431760136485,2015-10-06
243.30663642926592,-1.0557765795002036,2015-10-07
242.9524075126918,-1.0504426637402067,2015-10-08
244.4255139081272,-1.0383146261781344,2015-10-09
245.9098072068554,-1.027892091892757,2015-10-10
248.94019306744676,-1.0110977357591415,2015-10-11
246.20617221314052,-1.027841417751651,2015-10-12
250.0391563717686,-1.015137626683691,2015-10-13
253.12203079360424,-1.0058991203692365,2015-10-14
254.63318166842015,-1.0051860870572815,2015-10-15
262.78453429548875,-0.9668161138883267,2015-10-16
272.5708393360872,-0.9187482249687864,2015-10-17
264.1076345503976,-0.9597857373066596,2015-10-18
264.3202634396505,-0.959970090726377,2015-10-19
270.7099906978552,-0.9281959599783205,2015-10-20
268.24522907122025,-0.9370210408213994,2015-10-21
275.55908332825675,-0.8977981477366923,2015-10-22
278.69805077486205,-0.8799566996160069,2015-10-23
283.6091613210242,-0.8540501159283459,2015-10-24
284.26263600676805,-0.8462797667344568,2015-10-25
286.86547456086225,-0.8272826405784378,2015-10-26
295.20093312413206,-0.7857452420682763,2015-10-27
304.80745035505936,-0.7368797953441757,2015-10-28
315.21087607896385,-0.686145832456725,2015-10-29
328.9191848346569,-0.6213916284548724,2015-10-30
312.10899213735587,-0.6851487056620398,2015-10-31
328.4881524558023,-0.6117166706049338,2015-11-01
362.95298972072004,-0.4728134462210521,2015-11-02
403.60760015527967,-0.32382360754135675,2015-11-03
408.40316317328046,-0.3017171917955868,2015-11-04
385.71264935145183,-0.36715202633348687,2015-11-05
374.44139240597144,-0.40256592576358885,2015-11-06
385.76265790586126,-0.3579820332106994,2015-11-07
372.86695374186934,-0.39944118625795133,2015-11-08
378.95059536527606,-0.38079906612158426,2015-11-09
335.79636717053035,-0.5493768230137667,2015-11-10
310.2309524422893,-0.6655918476010841,2015-11-11
338.6393034805578,-0.5610682468940648,2015-11-12
337.0562129246183,-0.5809701718818333,2015-11-13
333.439122539814,-0.6089202081753388,2015-11-14
320.3207315551851,-0.6741300426351525,2015-11-15
331.7085679802535,-0.6370487496624339,2015-11-16
336.27064502172516,-0.6233411898203617,2015-11-17
334.72243230786967,-0.6301546161224177,2015-11-18
326.57191468523297,-0.6656804978227356,2015-11-19
321.82747201497375,-0.6835787306738024,2015-11-20
326.3387576784565,-0.6613209400496665,2015-11-21
323.80777196175893,-0.6677377965904291,2015-11-22
323.11211587743236,-0.6702450175348635,2015-11-23
320.2786544058803,-0.6825108849954373,2015-11-24
328.95709929189985,-0.6471581816577378,2015-11-25
352.9815835414223,-0.551762606799681,2015-11-26
357.7679405226297,-0.5297431607829935,2015-11-27
356.5316287061623,-0.5333204116449811,2015-11-28
371.56062339708836,-0.4763528505001722,2015-11-29
376.9796965739912,-0.45503637511383055,2015-11-30
362.9135153696589,-0.5034304844229083,2015-12-01
359.36565308034005,-0.5139776979317722,2015-12-02
361.4880907867144,-0.5063893293807693,2015-12-03
363.6694300330024,-0.4995131466364404,2015-12-04
387.8975263902973,-0.41056171640575645,2015-12-05
387.6737772689671,-0.41154858499532476,2015-12-06
394.81581788008197,-0.3864201527768567,2015-12-07
416.94368780430784,-0.30928920235830737,2015-12-08
417.5696303375327,-0.30309910264463247,2015-12-09
415.39939616850705,-0.304032132130236,2015-12-10
453.1305854150825,-0.17665551183852593,2015-12-11
436.75298646387876,-0.22199788437975235,2015-12-12
433.3545154611923,-0.2287692804661331,2015-12-13
443.8590702689776,-0.19193519978871493,2015-12-14
463.9822589592027,-0.12774345278459787,2015-12-15
454.06528884560765,-0.15440450675484926,2015-12-16
455.8338169637597,-0.14468235354926018,2015-12-17
463.12910763070374,-0.1214399433503467,2015-12-18
461.44159724790654,-0.12217189815016867,2015-12-19
442.29881918198953,-0.17688553429025655,2015-12-20
437.2047325783519,-0.19192698941350056,2015-12-21
434.6732117942569,-0.19929213156808953,2015-12-22
442.41482089884613,-0.1753883285996079,2015-12-23
455.74013016062173,-0.1374113127940601,2015-12-24
455.85591512491953,-0.13916173464015405,2015-12-25
418.47369385302943,-0.2620611651230446,2015-12-26
422.2507205514291,-0.25291503935149123,2015-12-27
421.6523204183636,-0.25481230006266,2015-12-28
432.94242916990527,-0.21847462244573923,2015-12-29
426.97325638352305,-0.2373549431803599,2015-12-30
430.21143265315385,-0.22673271015217283,2015-12-31
434.8839824640039,-0.21367901908679715,2016-01-01
434.92242033909116,-0.21183125294620142,2016-01-02
430.9997978270536,-0.22264099875762122,2016-01-03
433.90199131687206,-0.20869102747176027,2016-01-04
433.16659869576245,-0.2042481248658975,2016-01-05
429.9253492492494,-0.21245098185945754,2016-01-06
458.7099236879629,-0.11818265754665236,2016-01-07
454.05328330860004,-0.12565830419450075,2016-01-08
449.69718279879146,-0.13478302668095593,2016-01-09
448.95363526897563,-0.13404070155107659,2016-01-10
448.69524978182716,-0.13323336902653254,2016-01-11
435.48555090765376,-0.1757236015781075,2016-01-12
432.6577823362845,-0.1828427123494734,2016-01-13
430.0250259843386,-0.18656198928411635,2016-01-14
362.4305504507852,-0.4127516232981793,2016-01-15
388.1881730585918,-0.30966552476701587,2016-01-16
379.148748639874,-0.3344978291960794,2016-01-17
384.928918248786,-0.305569929519686,2016-01-18
376.7663108392438,-0.33157434957773824,2016-01-19
419.22525017175093,-0.17563323474458817,2016-01-20
409.26809902414743,-0.2106720668644626,2016-01-21
383.29492881453876,-0.30686104154144106,2016-01-22
386.9158595464536,-0.29782535441391444,2016-01-23
402.8010750231029,-0.2449938480890061,2016-01-24
391.1212623042642,-0.29363400463952016,2016-01-25
391.6668140869515,-0.2971703608768567,2016-01-26
394.4466804448489,-0.2989735200048873,2016-01-27
379.75057770315664,-0.3628745051424359,2016-01-28
378.6405195412309,-0.36835161758281376,2016-01-29
377.3488875787101,-0.374867311229236,2016-01-30
367.9508595508954,-0.41348194015090595,2016-01-31
371.37052319412066,-0.39523822261647823,2016-02-01
372.96226926144027,-0.38585001531262714,2016-02-02
368.53490319794935,-0.3985785622631634,2016-02-03
388.09502866803325,-0.31899255392949566,2016-02-04
383.9341258581022,-0.33183455315478605,2016-02-05
375.22738704758757,-0.35994188300810737,2016-02-06
376.42862922366214,-0.3533192627062069,2016-02-07
371.21694243336185,-0.37475786911385595,2016-02-08
372.7623707800957,-0.36787103750390265,2016-02-09
378.95173421310903,-0.34067402923924195,2016-02-10
378.14838162107424,-0.3434424320002039,2016-02-11
382.39209701651856,-0.3267749940971119,2016-02-12
390.65036662988143,-0.2967794543073274,2016-02-13
406.5740594276338,-0.24180816327675644,2016-02-14
398.8081586422428,-0.271512878989664,2016-02-15
407.238241647739,-0.24207323618217833,2016-02-16
414.8979246844353,-0.21636353545176862,2016-02-17
421.16569563372616,-0.19651634355330397,2016-02-18
420.44353590336175,-0.19952794620007358,2016-02-19
434.6179274199626,-0.15343329823175392,2016-02-20
438.47243072984276,-0.14051146399433714,2016-02-21
437.4889589178774,-0.1387542521162339,2016-02-22
419.61022318481594,-0.19676531241763034,2016-02-23
423.851263269437,-0.1835551300796502,2016-02-24
423.5093989250703,-0.18421389176395447,2016-02-25
430.6719637219394,-0.1603456056100549,2016-02-26
432.1432341275273,-0.15605459671389288,2016-02-27
431.5065287388273,-0.16176056347971834,2016-02-28
436.4222492894298,-0.15096124248295037,2016-02-29
433.2277035606563,-0.16547421612586785,2016-03-01
420.12615262177826,-0.2160132898759313,2016-03-02
419.31158198959054,-0.22643677617185562,2016-03-03
407.2361243772178,-0.27725118440866653,2016-03-04
398.50243239160943,-0.3180006804950733,2016-03-05
404.6277893211019,-0.3035160085693981,2016-03-06
412.8005827105356,-0.28247244158161056,2016-03-07
411.4093473295935,-0.29311269884729435,2016-03-08
412.59964953173085,-0.2922785193731702,2016-03-09
415.96573582904114,-0.28351773919699685,2016-03-10
419.64531649745595,-0.2741770987120281,2016-03-11
410.139940852359,-0.3088211166767933,2016-03-12
412.61530446772593,-0.3021415295216989,2016-03-13
415.05435298344673,-0.29519985072279376,2016-03-14
415.4742785335744,-0.2958073389663075,2016-03-15
416.2381856412929,-0.2938662951911337,2016-03-16
418.5086720041087,-0.2855799211547789,2016-03-17
409.2494736684257,-0.3120128502489888,2016-03-18
409.6114015305549,-0.30535607710363954,2016-03-19
411.66829833103867,-0.2953208291258863,2016-03-20
411.7585748667672,-0.29236418719160046,2016-03-21
416.54761875463345,-0.27335776399697076,2016-03-22
417.53883195340177,-0.266120751083411,2016-03-23
412.68391467188684,-0.27659814585924997,2016-03-24
416.3595573150922,-0.2619701982078515,2016-03-25
416.92298328256874,-0.2574900113850244,2016-03-26
425.01140597187987,-0.22672748764034706,2016-03-27
422.6782895074445,-0.23267925561424213,2016-03-28
416.1195712728422,-0.2506684172802845,2016-03-29
413.08440509498695,-0.25879662640599244,2016-03-30
415.55633232669516,-0.25047582233319027,2016-03-31
417.1655761916554,-0.24552593409044693,2016-04-01
419.7207145718917,-0.23791752961232604,2016-04-02
419.82532399189205,-0.23987359264478605,2016-04-03
419.362325459036,-0.24247542971903613,2016-04-04
422.2472808455297,-0.23608209926437757,2016-04-05
421.31238406636857,-0.24157364491048905,2016-04-06
421.15249323824656,-0.2448356985788768,2016-04-07
418.70082480212614,-0.25293544753905484,2016-04-08
419.1189017501917,-0.2505641159235988,2016-04-09
422.06377504107894,-0.23780877889974444,2016-04-10
423.44435415721694,-0.23000955464477701,2016-04-11
426.77208468908714,-0.21414555020466852,2016-04-12
424.9491271718547,-0.2135406725650509,2016-04-13
425.73829926128775,-0.20314284375953687,2016-04-14
430.41062868258484,-0.18208007321046252,2016-04-15
433.2765036183376,-0.16797697325623678,2016-04-16
428.91892249032605,-0.17909860614891723,2016-04-17
429.62552571146455,-0.17357079436199788,2016-04-18
436.6868552636164,-0.14703336594630936,2016-04-19
442.45631725659206,-0.12726391032989381,2016-04-20
451.6680756279053,-0.0994581483210284,2016-04-21
448.09023328498296,-0.11187993646197997,2016-04-22
455.48689847015464,-0.0887181070051719,2016-04-23
462.25317862898964,-0.06761842630128478,2016-04-24
464.57983400980066,-0.05942993720330884,2016-04-25
469.6017137637834,-0.041749641917748825,2016-04-26
444.59813801158623,-0.12109020732151031,2016-04-27
451.7265497426921,-0.09662232946249918,2016-04-28
457.444408673028,-0.07663902136039835,2016-04-29
453.35807263852155,-0.09064265219951458,2016-04-30
454.3377402582147,-0.08979051074458316,2016-05-01
445.729278648282,-0.12133704244818291,2016-05-02
451.501854947788,-0.10930900158810525,2016-05-03
448.00193740466904,-0.12308161388639897,2016-05-04
449.2282265593353,-0.12239752346363877,2016-05-05
460.9599712723831,-0.08743671965941033,2016-05-06
461.138059959326,-0.08696860774367123,2016-05-07
461.5625344457377,-0.08800440813477453,2016-05-08
463.8478179625745,-0.08180218186512528,2016-05-09
452.38923924080063,-0.11888831987109777,2016-05-10
454.46139296844393,-0.11300164512663671,2016-05-11
455.53856203692703,-0.11067748430532842,2016-05-12
457.60834697826897,-0.10693027507741837,2016-05-13
458.44491586756294,-0.10537540495877407,2016-05-14
460.9721197500823,-0.09715435452912755,2016-05-15
454.6210663380606,-0.11990392700833966,2016-05-16
453.84373845479075,-0.12398467293665436,2016-05-17
454.9559643049547,-0.11991640396319066,2016-05-18
438.5470537052079,-0.17378824987690714,2016-05-19
445.21445461964197,-0.1536913059644203,2016-05-20
445.7950017281727,-0.15351472165662444,2016-05-21
441.11737178700224,-0.17202242350613767,2016-05-22
445.09554932369775,-0.1613643261090792,2016-05-23
445.74600732461613,-0.16168088048677234,2016-05-24
451.3402890773279,-0.14571537983283414,2016-05-25
454.08349108848006,-0.13864260585767674,2016-05-26
470.6678659296852,-0.08800483023175454,2016-05-27
523.4010670292037,0.06813011211733598,2016-05-28
522.4012688892889,0.06966191261856661,2016-05-29
531.7697241514386,0.1000295586569912,2016-05-30
531.5451114534147,0.10547222818806097,2016-05-31
534.929231166291,0.12093879885721015,2016-06-01
538.0219157804956,0.13508861509540232,2016-06-02
570.0249109843392,0.22547473262184925,2016-06-03
574.1044870799856,0.24012887313594544,2016-06-04
574.6507220672327,0.24557073640793198,2016-06-05
585.2448605161708,0.27454790778074917,2016-06-06
578.1194883937324,0.25970039991704663,2016-06-07
583.0049348368627,0.2720972734673529,2016-06-08
577.0760450769253,0.2574049762328309,2016-06-09
579.8212995235086,0.2622383158444652,2016-06-10
607.17430380675,0.3266861889778865,2016-06-11
671.0887766935982,0.4695207775780345,2016-06-12
705.2537025153345,0.536142555703969,2016-06-13
685.1158454197318,0.49341611323425044,2016-06-14
697.4923346649625,0.5174307601260297,2016-06-15
768.6542678135833,0.6502715523868853,2016-06-16
752.9334092068809,0.6176820193209771,2016-06-17
757.3416662071204,0.6251085607199516,2016-06-18
767.4518264835016,0.6427430757455823,2016-06-19
715.3350485677917,0.5351916721684582,2016-06-20
667.217531653078,0.4287719140901373,2016-06-21
597.5623930748819,0.2591693238479778,2016-06-22
627.9657566291881,0.321164579263304,2016-06-23
667.5468611638372,0.401229490205631,2016-06-24
665.7125861193371,0.3894329218701387,2016-06-25
633.8908753967772,0.30835884000199615,2016-06-26
657.042473154401,0.3534609248241103,2016-06-27
647.9137512329382,0.3294303623958388,2016-06-28
637.0942855303231,0.30401861499346106,2016-06-29
672.6324199351302,0.3794982316461498,2016-06-30
677.7523138559045,0.3856147210505064,2016-07-01
703.0031427888437,0.43657822957174425,2016-07-02
661.439850366025,0.3465897782431925,2016-07-03
681.3720236261811,0.387440172471483,2016-07-04
669.5220391628915,0.35766556972660923,2016-07-05
677.0219670928782,0.37211792773433716,2016-07-06
640.7836172202872,0.28883045916521355,2016-07-07
665.8419667000638,0.33909341777890695,2016-07-08
657.3184540890006,0.31278340498629775,2016-07-09
651.3047799816928,0.29246172749200045,2016-07-10
651.1524242489038,0.28384617561709047,2016-07-11
665.2699931763912,0.3077725050398966,2016-07-12
655.2105758522562,0.27942769285882774,2016-07-13
660.2911244612783,0.2875226423649194,2016-07-14
666.4306437343722,0.2974617831113023,2016-07-15
663.3188356448769,0.2884261518418691,2016-07-16
679.8341644292315,0.3248979555723587,2016-07-17
675.0654188097517,0.31677606877697223,2016-07-18
674.0658044287677,0.31926232802323384,2016-07-19
667.3264934261225,0.3064522771595333,2016-07-20
667.2942051820498,0.307334727661421,2016-07-21
653.2611166392969,0.27592657158147804,2016-07-22
657.7541150361819,0.2846346536802659,2016-07-23
660.8986520111177,0.2870099910235762,2016-07-24
656.727918956488,0.27351558827765177,2016-07-25
654.174462619276,0.2627692744115285,2016-07-26
656.6374550331486,0.264041880489645,2016-07-27
654.8738329724555,0.2554827577423559,2016-07-28
657.202841742762,0.2578584037425864,2016-07-29
655.0710646480535,0.2503440086065058,2016-07-30
626.6782449704231,0.1843204883647661,2016-07-31
603.0714699772217,0.1255079509860973,2016-08-01
541.1173090967804,-0.03725810444194775,2016-08-02
570.498084933119,0.03439689446185488,2016-08-03
584.2871190374406,0.06441981808932803,2016-08-04
578.7203581679671,0.045836814768406176,2016-08-05
590.6386563792255,0.07194181792470555,2016-08-06
594.2242426379976,0.07882248060774734,2016-08-07
591.594596271462,0.07452430929323503,2016-08-08
585.9862966427914,0.06623668519908726,2016-08-09
593.309228099764,0.08842196712441586,2016-08-10
586.8243344160251,0.07471151667377916,2016-08-11
587.6670928265272,0.07968808435986044,2016-08-12
585.6063890254981,0.0763368821527476,2016-08-13
572.7941323513933,0.045107975150965283,2016-08-14
567.4857481002539,0.029897205048659135,2016-08-15
578.4633278459701,0.058279891814676986,2016-08-16
573.999199368756,0.04687166376988268,2016-08-17
573.6346051922998,0.05414365540873954,2016-08-18
573.6856113314623,0.05920888350860056,2016-08-19
580.6772171224967,0.08058333759142339,2016-08-20
580.2640710660802,0.08605699547845086,2016-08-21
584.5310006792232,0.10360266735363607,2016-08-22
582.1403915731989,0.10348829475342877,2016-08-23
578.8355713317429,0.10444367753198223,2016-08-24
575.7225958239035,0.0953724394704995,2016-08-25
578.7497338081189,0.10328768859421937,2016-08-26
569.4518502062841,0.08095435813526713,2016-08-27
575.0956449603555,0.09482845995847779,2016-08-28
572.9005311004324,0.08812057647168574,2016-08-29
575.264045416163,0.09241058692826233,2016-08-30
571.1965360376626,0.07712901361109566,2016-08-31
572.5561672481705,0.07909548953075883,2016-09-01
575.0009111070633,0.084024653401141,2016-09-02
598.6908473034971,0.1436537751328524,2016-09-03
611.4227799559515,0.175848987448616,2016-09-04
606.1033693815909,0.1637468807762159,2016-09-05
610.3828471588885,0.17343834168393574,2016-09-06
615.0585387829371,0.18464204130007794,2016-09-07
627.3697008597358,0.21301757988023337,2016-09-08
622.2820047345849,0.201936426464163,2016-09-09
623.2641908171909,0.20317735707251083,2016-09-10
606.3234045793001,0.16071918786414846,2016-09-11
607.3223156688099,0.16239744585948482,2016-09-12
608.2890249240006,0.16570378580995193,2016-09-13
608.7350306744854,0.16787540331438744,2016-09-14
605.2743670751692,0.16025000953149476,2016-09-15
607.7392757581945,0.16635691841026884,2016-09-16
606.886534070155,0.16399829248333642,2016-09-17
610.9444636865104,0.17506988343071533,2016-09-18
608.5191535319566,0.16929584641494053,2016-09-19
606.7807663856313,0.16384293055611635,2016-09-20
596.5872229886088,0.13919055346838632,2016-09-21
595.3638256212346,0.13522288972406604,2016-09-22
601.5785021720683,0.148898651312225,2016-09-23
601.0346316912924,0.1463408264083667,2016-09-24
600.5018579499821,0.1433305950611441,2016-09-25
606.2001855573536,0.15563384843926253,2016-09-26
604.6179169458967,0.15072396951890193,2016-09-27
604.9065178321194,0.14939100201470001,2016-09-28
605.8710149342171,0.15096815872428535,2016-09-29
608.9129588326075,0.15729501837125037,2016-09-30
615.4437866654439,0.17283662513931985,2016-10-01
611.1847244226493,0.16260711281264018,2016-10-02
612.7803428472209,0.1647004104300443,2016-10-03
608.7535531170712,0.1535906316907608,2016-10-04
611.7243118951259,0.1604324671170495,2016-10-05
611.3559903041948,0.1578360884612947,2016-10-06
617.7007337644986,0.17174829863192928,2016-10-07
619.0011133410942,0.17372182160603772,2016-10-08
615.6507746403641,0.16469447501585494,2016-10-09
617.885270112388,0.16841989100494778,2016-10-10
642.0432135326828,0.22259964830417162,2016-10-11
635.7951243678986,0.20749208272220462,2016-10-12
635.3288217408204,0.20680264028642248,2016-10-13
638.0457908025508,0.21213701735322424,2016-10-14
636.7173591554766,0.20788971698717182,2016-10-15
640.4330294524818,0.21364516363435587,2016-10-16
638.2363785568257,0.20426590165012035,2016-10-17
635.2516741913081,0.19342282409661743,2016-10-18
628.6662997535108,0.1742427268680421,2016-10-19
628.7118242328036,0.16957209203755344,2016-10-20
630.4802818461595,0.16973327346876577,2016-10-21
652.4767975854163,0.21655902538397223,2016-10-22
650.3057909224307,0.20874893079314422,2016-10-23
648.7729777619805,0.20332869583609442,2016-10-24
652.6148720913783,0.20848455917482087,2016-10-25
674.1736532731238,0.2530403721513066,2016-10-26
687.4780503021145,0.2790376950684692,2016-10-27
688.4962938599248,0.27831560327848953,2016-10-28
714.0132049999412,0.32755479372441537,2016-10-29
697.5440979156243,0.28964755773898254,2016-10-30
697.0695553784091,0.28600642329745496,2016-10-31
729.7826819595628,0.3489959298329658,2016-11-01
742.1366006752444,0.3677814167544373,2016-11-02
687.9545124061295,0.24847453011504517,2016-11-03
704.0639814357988,0.2735847648448699,2016-11-04
705.4952687890394,0.2677136371945943,2016-11-05
716.3226858760313,0.2845710689703506,2016-11-06
703.0813011748169,0.2485872385422556,2016-11-07
710.8930104497259,0.25586712079307755,2016-11-08
721.2385791964598,0.2708171078927666,2016-11-09
713.3071442331326,0.26532905606065904,2016-11-10
716.6398744331848,0.2879962879519191,2016-11-11
704.1206813292735,0.26919879692815546,2016-11-12
702.3881415369592,0.2697275070584584,2016-11-13
704.8674758914456,0.28220302209854586,2016-11-14
712.2453422595772,0.3040936454567077,2016-11-15
737.3415145062261,0.3602291008346217,2016-11-16
730.3281411168742,0.34507876930788484,2016-11-17
748.4639181660784,0.3773915822013472,2016-11-18
750.7693031371174,0.38574332858665145,2016-11-19
729.8329977409578,0.3484077756539301,2016-11-20
736.549441363089,0.3627373879645485,2016-11-21
748.0008385885615,0.38516844295016667,2016-11-22
741.6163279205991,0.37097338176626216,2016-11-23
737.6106062205533,0.36311529608419735,2016-11-24
739.7574413834575,0.366496809081431,2016-11-25
732.8834415193076,0.34704653963182575,2016-11-26
728.8590062573011,0.33321218987323625,2016-11-27
729.9131589550252,0.3294387995288539,2016-11-28
732.0910705749118,0.32554405876131665,2016-11-29
742.370297121118,0.3377787196300001,2016-11-30
753.1630525910048,0.3522524569586908,2016-12-01
769.78817671816,0.37673749477899643,2016-12-02
766.6808823682435,0.3672833728031934,2016-12-03
765.0191934692918,0.3646678086969515,2016-12-04
751.8443230070479,0.33592396105442723,2016-12-05
759.5092488244851,0.3490867936550186,2016-12-06
765.0274254944902,0.35698257358123886,2016-12-07
767.1251344839858,0.35425147686578917,2016-12-08
772.45075208349,0.3565552882710265,2016-12-09
775.4348079091958,0.355112886023877,2016-12-10
769.3897794425235,0.33512307440307926,2016-12-11
778.2982728836786,0.34613448700100796,2016-12-12
777.1148524611921,0.3382891659705872,2016-12-13
777.5387069475062,0.33284742587732574,2016-12-14
776.1219368298958,0.3238608026752184,2016-12-15
780.9259172614201,0.3275326373821014,2016-12-16
788.9255361334598,0.33665484711940247,2016-12-17
790.4343388020021,0.3383954757899767,2016-12-18
790.9863472149785,0.33581401578230813,2016-12-19
799.2034682736746,0.3476812610673263,2016-12-20
833.3000276324859,0.4075365653216242,2016-12-21
857.6320329591081,0.4528427312932359,2016-12-22
916.2689181350572,0.5508047506174216,2016-12-23
892.4642177832177,0.5161609601646147,2016-12-24
894.8863982560963,0.5249957704651256,2016-12-25
901.3421392502881,0.5442451729405231,2016-12-26
927.8784235549241,0.5899776395574009,2016-12-27
978.6706323804319,0.6690384131775415,2016-12-28
970.5916246961866,0.6576510772396589,2016-12-29
960.9125488129987,0.644013644418208,2016-12-30
967.7422560147834,0.6591540432488864,2016-12-31
995.9339491996291,0.7041999381097054,2017-01-01
1014.3551444208006,0.7282656875439616,2017-01-02
1024.4356274214406,0.7397224898644286,2017-01-03
1120.5665806362429,0.8600115511267732,2017-01-04
1002.9225429218841,0.6922209181134864,2017-01-05
893.5322212419582,0.5205734686862926,2017-01-06
906.0237000544815,0.5325079184245627,2017-01-07
920.0144439293053,0.5451843219262159,2017-01-08
901.6846047662914,0.5051886984402808,2017-01-09
905.3372890525112,0.49848582816417664,2017-01-10
788.6627243239802,0.2755849326774863,2017-01-11
810.6206346707453,0.301798928108944,2017-01-12
826.8820727986597,0.32515636138707954,2017-01-13
824.4725280214013,0.3185099205188186,2017-01-14
828.2438456915527,0.331912333995663,2017-01-15
832.2975703857504,0.34182107962979086,2017-01-16
905.9891266982038,0.47112584774621485,2017-01-17
887.4321969838854,0.4544870762808616,2017-01-18
902.51327038944,0.4907229010700311,2017-01-19
895.0778348690013,0.4829027088483876,2017-01-20
923.9705284416652,0.5346592293015652,2017-01-21
926.2267163651608,0.5386938694887607,2017-01-22
918.1218197310366,0.5287916521310652,2017-01-23
886.5455413735126,0.47250261997873566,2017-01-24
897.3617133683149,0.48799839202104733,2017-01-25
916.8285986586582,0.5159365719057258,2017-01-26
921.5422094299513,0.52714985057652,2017-01-27
924.7673237596504,0.5337843514241895,2017-01-28
915.1648754787748,0.5167985561476899,2017-01-29
922.0738109942619,0.5280191992865613,2017-01-30
968.8802576054234,0.6066821775086175,2017-01-31
987.7523632206257,0.6392509087580691,2017-02-01
1008.04242305061,0.6719797543022585,2017-02-02
1017.4797248413867,0.6903948778437266,2017-02-03
1034.9539111460294,0.7164210062996128,2017-02-04
1015.6507467246023,0.6908143478080766,2017-02-05
1023.1524015508714,0.7029417918233479,2017-02-06
1053.850386120103,0.7449460572872706,2017-02-07
1053.705061673372,0.7444853292944995,2017-02-08
988.412932065044,0.6487761778465319,2017-02-09
999.5649259922793,0.6606956243128388,2017-02-10
1017.4108314000738,0.685700134420423,2017-02-11
1007.6745400361308,0.6704602564250062,2017-02-12
1002.2742943586869,0.6577877177622135,2017-02-13
1013.0606096747724,0.6661427413111485,2017-02-14
1013.7192202029706,0.660583440567157,2017-02-15
1035.5864430165802,0.6875929169431004,2017-02-16
1054.5323358232317,0.7094087164972454,2017-02-17
1061.9505209874096,0.715417442059094,2017-02-18
1057.2512244091406,0.706157817770337,2017-02-19
1086.269644280841,0.7426098116679588,2017-02-20
1126.8589354029832,0.7931567565996085,2017-02-21
1129.850403173692,0.7933951792004151,2017-02-22
1176.852176320272,0.8499216705631543,2017-02-23
1185.0389520725385,0.8581408935647344,2017-02-24
1155.3930852455971,0.8238201905393923,2017-02-25
1183.806290863436,0.8612797793953114,2017-02-26
1194.828374751376,0.876547839960817,2017-02-27
1195.8369020168036,0.8790374383702555,2017-02-28
1228.561442118559,0.9182350085406609,2017-03-01
1265.8578469159381,0.9564917673035492,2017-03-02
1291.5770036360645,0.9848218530768806,2017-03-03
1267.3528520011428,0.9597472892600722,2017-03-04
1277.5105061242275,0.9761181230084883,2017-03-05
1283.6842084600808,0.9877028904404247,2017-03-06
1236.2938477594744,0.9357999248305615,2017-03-07
1150.0236036838078,0.8283325297099342,2017-03-08
1195.1541699691657,0.882438243401144,2017-03-09
1112.0866738418888,0.7672464194140277,2017-03-10
1185.3058442200527,0.8558584272522685,2017-03-11
1235.7711375341892,0.9103832450013195,2017-03-12
1244.5663616591323,0.9129587256536352,2017-03-13
1247.7630042828844,0.9136219051568065,2017-03-14
1262.42062405524,0.9305421418824825,2017-03-15
1176.9608841733427,0.8226198352423201,2017-03-16
1075.7232574298555,0.6860094195011645,2017-03-17
968.1089976755732,0.5177308257677329,2017-03-18
1018.30455866016,0.5807046194801363,2017-03-19
1043.6578375929496,0.6061799917625359,2017-03-20
1113.668596508832,0.6932395625814705,2017-03-21
1037.2465846063203,0.5766540510874936,2017-03-22
1027.283029473309,0.5485087750090656,2017-03-23
933.169753947826,0.3969359244094041,2017-03-24
961.3879462046255,0.4419082710842575,2017-03-25
969.017312400438,0.45012999158469336,2017-03-26
1041.3102894200542,0.5562386441130485,2017-03-27
1045.4750146764602,0.5566812017405884,2017-03-28
1040.4428183683583,0.5485794903078283,2017-03-29
1037.7534053277454,0.545003890999424,2017-03-30
1082.7250423311148,0.61390347062275,2017-03-31
1090.4005316487487,0.6293750009855107,2017-04-01
1099.0261334054558,0.6470007090490847,2017-04-02
1151.1597494764221,0.7205285195632619,2017-04-03
1143.029203242978,0.7142508849720944,2017-04-04
1133.0626233945623,0.7052474233313126,2017-04-05
1193.153771532398,0.7867716297025187,2017-04-06
1193.3132640711735,0.7895564216636186,2017-04-07
1183.8935053048067,0.7819041933471224,2017-04-08
1209.336901236837,0.8195308613099945,2017-04-09
1209.8499838383714,0.8216187092034353,2017-04-10
1221.5398742759503,0.8354357467220311,2017-04-11
1214.4567978728028,0.8270858497367669,2017-04-12
1174.836850815525,0.7725205613387437,2017-04-13
1172.6691908069777,0.7664578326786963,2017-04-14
1177.7152670936362,0.7707910108924674,2017-04-15
1164.9733826018726,0.7486903988661513,2017-04-16
1189.5375772549985,0.775248515763306,2017-04-17
1201.7158482752238,0.7869590080316522,2017-04-18
1210.4839232125657,0.7957724150314605,2017-04-19
1235.6649373071261,0.8267580168306613,2017-04-20
1249.0561225723527,0.8426964872629557,2017-04-21
1241.8951760429159,0.8327361495173697,2017-04-22
1250.3472418374583,0.843251844540192,2017-04-23
1256.5417001686506,0.8491466900323343,2017-04-24
1278.6417664638177,0.8727558021023745,2017-04-25
1294.6780496550286,0.8888658254047023,2017-04-26
1346.6851056143641,0.9448087085501778,2017-04-27
1350.4576499293476,0.9480217621858138,2017-04-28
1354.4069470017698,0.9532968814504317,2017-04-29
1383.0539029623956,0.9840843650193623,2017-04-30
1425.2481458294692,1.0284282052125984,2017-05-01
1465.5810426561522,1.0717775734398685,2017-05-02
1526.4207056110508,1.136028801188832,2017-05-03
1554.006848920395,1.1589519791987664,2017-05-04
1526.2278035910022,1.1275330682472136,2017-05-05
1584.9514134546134,1.18659915717503,2017-05-06
1597.2058531775517,1.1975616187042228,2017-05-07
1701.8770462876066,1.2899987666297168,2017-05-08
1719.596103326025,1.299976799538905,2017-05-09
1791.2692326528577,1.3545526140128354,2017-05-10
1834.8367578988764,1.3848485568764362,2017-05-11
1694.4671103687208,1.2574382905176722,2017-05-12
1787.7256658652173,1.3393880675733605,2017-05-13
1796.7730922386913,1.3457295032945042,2017-05-14
1724.769487350055,1.276227962795487,2017-05-15
1738.6013027843976,1.2821256738760494,2017-05-16
1803.9774846922924,1.329570358670292,2017-05-17
1891.2189190792064,1.394569658790393,2017-05-18
1966.1600061196114,1.4483619188335148,2017-05-19
2052.975727529383,1.5120114554961677,2017-05-20
2052.5502115695963,1.5059256201800162,2017-05-21
2114.3483953568734,1.539411308627813,2017-05-22
2268.056017841441,1.6331473588415502,2017-05-23
2431.179175212533,1.7192323021292857,2017-05-24
2331.3462280804974,1.6341130267539314,2017-05-25
2272.1649053409087,1.5856659978952297,2017-05-26
2078.632375146129,1.442229717101533,2017-05-27
2225.4645712728297,1.5400562881401327,2017-05-28
2286.2068610012675,1.5696414863736958,2017-05-29
2185.1005053471913,1.480219926926897,2017-05-30
2298.2209745872156,1.535425523283764,2017-05-31
2417.941273911206,1.5948322347077841,2017-06-01
2479.5616565385294,1.61960283240744,2017-06-02
2543.8723274892395,1.645074040291735,2017-06-03
2521.845867583053,1.6185429561348283,2017-06-04
2695.0334189788464,1.7058740983414071,2017-06-05
2873.7969374932436,1.7870132540577648,2017-06-06
2701.4140898844944,1.679173674922502,2017-06-07
2803.297016793037,1.7214765244539088,2017-06-08
2810.2941602110886,1.7068636088972506,2017-06-09
2919.9279707867463,1.7503961390200615,2017-06-10
2991.4426584000157,1.7676582696456975,2017-06-11
2656.1781794939084,1.5572273053403827,2017-06-12
2707.2075876857843,1.5601923295200293,2017-06-13
2443.774072635811,1.3807695762880265,2017-06-14
2415.092620939786,1.3412610184491076,2017-06-15
2485.221578415977,1.3618070612702078,2017-06-16
2644.3694299811514,1.4339350698029287,2017-06-17
2512.428822086344,1.3284634377840971,2017-06-18
2595.047554549299,1.3586769882414844,2017-06-19
2734.934233111323,1.4217959675948615,2017-06-20
2653.536153083557,1.3686017140506537,2017-06-21
2693.67774038443,1.3874105398119612,2017-06-22
2687.6564249824446,1.388014368594514,2017-06-23
2568.5925241151367,1.3245995253369234,2017-06-24
2501.1788695912824,1.2860245776235724,2017-06-25
2419.8281336489827,1.2350830355144586,2017-06-26
2565.9955752033557,1.3254755235162057,2017-06-27
2554.2217718277343,1.3122922751783435,2017-06-28
2537.407710301787,1.2913361288665384,2017-06-29
2460.92328207561,1.2283185940370467,2017-06-30
2420.539465015463,1.1918361086450129,2017-07-01
2508.7110635949434,1.2388646906517873,2017-07-02
2543.52055702578,1.2512414698390524,2017-07-03
2603.975513520515,1.2766884022163434,2017-07-04
2611.9076336687876,1.2718904418197716,2017-07-05
2601.1915674691945,1.2576192749491286,2017-07-06
2500.606800254712,1.1884358149466507,2017-07-07
2559.2909885063527,1.2231663532664723,2017-07-08
2505.719367383316,1.187209140850176,2017-07-09
2337.692689997486,1.077776888321664,2017-07-10
2308.5349031275077,1.0488567918815677,2017-07-11
2386.6789346825703,1.0922510197528361,2017-07-12
2338.834599532397,1.051414399565455,2017-07-13
2218.068399573709,0.9641411786045488,2017-07-14
1970.0224148275825,0.7688260267325386,2017-07-15
1914.3158613562398,0.7081342760848439,2017-07-16
2226.8543703791893,0.9266935103562065,2017-07-17
2304.677177796126,0.9704848777594131,2017-07-18
2262.4342019699784,0.9332301709350879,2017-07-19
2836.4441013378264,1.2665795267228177,2017-07-20
2667.799092515772,1.172193796422733,2017-07-21
2828.288843932448,1.2572422245476513,2017-07-22
2756.3507669668084,1.218744793174911,2017-07-23
2761.003292649645,1.210453744133639,2017-07-24
2562.1887893065186,1.0949166049846086,2017-07-25
2524.004210431266,1.0715721459358447,2017-07-26
2662.327736099671,1.1342672896138888,2017-07-27
2784.9319075270673,1.1741312249930076,2017-07-28
2699.3367794540422,1.1064807323792538,2017-07-29
2733.69805187003,1.0864947603865196,2017-07-30
2861.355117283544,1.1311224599026355,2017-07-31
2731.1154904956556,1.0512722334926716,2017-08-01
2700.952019059181,1.0261187664322562,2017-08-02
2787.864126953994,1.064330083313855,2017-08-03
2855.544813686132,1.0865997914098677,2017-08-04
3246.889857691748,1.266652472934128,2017-08-05
3219.1355141814147,1.2464198246334486,2017-08-06
3394.12505196622,1.3131907560152598,2017-08-07
3418.0657164880467,1.3123691023550332,2017-08-08
3341.931735918988,1.2725203648217596,2017-08-09
3432.180554601751,1.30207175877534,2017-08-10
3651.952159554108,1.3838021047626383,2017-08-11
3873.840277659997,1.4593230398612098,2017-08-12
4055.4301082172656,1.5151765441921512,2017-08-13
4321.740878001602,1.5943557799237027,2017-08-14
4158.369049307629,1.5287596972086908,2017-08-15
4371.898571692489,1.5916383973319945,2017-08-16
4278.874565142088,1.5449999607000833,2017-08-17
4103.308186665855,1.4724915647351342,2017-08-18
4136.02849752025,1.4701264664474838,2017-08-19
4047.5907074206807,1.4244543348688739,2017-08-20
3993.496766113566,1.3885528793199273,2017-08-21
4089.192688098602,1.4082584925636605,2017-08-22
4128.20943627659,1.404704756598298,2017-08-23
4309.743233598728,1.4570465098891396,2017-08-24
4357.504580234239,1.4649342399307155,2017-08-25
4339.185326260464,1.451572024254619,2017-08-26
4343.614657649543,1.446791374999131,2017-08-27
4384.648048638078,1.4520179668127475,2017-08-28
4591.973064787884,1.5077906386430144,2017-08-29
4578.258041005562,1.4951075665185578,2017-08-30
4739.821909609959,1.5340247749088234,2017-08-31
4930.913963429657,1.5819399137797183,2017-09-01
4635.549367004165,1.484027966980838,2017-09-02
4624.004128836177,1.4742885725990569,2017-09-03
4340.747305561161,1.3698001545604315,2017-09-04
4426.660414562876,1.3853016748909557,2017-09-05
4610.80660274099,1.4313763412225353,2017-09-06
4621.992816471082,1.4189998115716254,2017-09-07
4341.4884613413,1.3118378773974655,2017-09-08
4330.583758430806,1.2962400792394067,2017-09-09
4250.088037251141,1.2550275423859247,2017-09-10
4207.513611707119,1.2322202815902406,2017-09-11
4157.663177008433,1.2064169904989304,2017-09-12
3867.7915092908415,1.0889420727525225,2017-09-13
3240.896288121997,0.8103509782650886,2017-09-14
3710.985860887212,0.9979299238914537,2017-09-15
3711.866164171358,0.9885985088658851,2017-09-16
3703.312456189187,0.9774937721779839,2017-09-17
4094.554920867202,1.1183208362878445,2017-09-18
3911.100032919042,1.0438309763655853,2017-09-19
3869.9896605976755,1.024054622610367,2017-09-20
3617.6710605707135,0.926299452036657,2017-09-21
3615.9131536078676,0.923089710960044,2017-09-22
3782.0205495431524,0.9877166711010386,2017-09-23
3668.2651341463556,0.9328541644395234,2017-09-24
3918.890667419078,1.017797766416268,2017-09-25
3886.1024756670427,1.0018225797590736,2017-09-26
4199.9683304292685,1.1127431253203748,2017-09-27
4187.576245896319,1.1073598892659815,2017-09-28
4156.659983678401,1.095399489869836,2017-09-29
4335.467009689982,1.154848330605355,2017-09-30
4382.812284253591,1.1698999099396636,2017-10-01
4391.750560395145,1.1684230500683426,2017-10-02
4311.3560516755,1.1396192922072845,2017-10-03
4215.182333536646,1.0981189311020394,2017-10-04
4317.528621996602,1.126765433690474,2017-10-05
4362.980772637618,1.1383075100716311,2017-10-06
4427.349482966946,1.1544071166193846,2017-10-07
4599.584772520529,1.203251217681951,2017-10-08
4770.758812461939,1.2493656848507535,2017-10-09
4742.204586062306,1.235275994703691,2017-10-10
4817.076001241959,1.2557889234768669,2017-10-11
5421.25647434388,1.4189293072344964,2017-10-12
5622.401537310861,1.4614862867648308,2017-10-13
5806.274837910411,1.5010922219137315,2017-10-14
5690.443312043671,1.4643564708042178,2017-10-15
5751.401295318684,1.4724526973174936,2017-10-16
5593.760390967677,1.4263048700331322,2017-10-17
5574.307180341964,1.4135922364170483,2017-10-18
5700.819182972686,1.43839872979664,2017-10-19
5997.446764076106,1.5063392247155802,2017-10-20
6015.723555007538,1.5020688193725595,2017-10-21
5998.832263653103,1.4879349849577266,2017-10-22
5889.672058049323,1.4431333672720894,2017-10-23
5518.766212981871,1.3366281750336122,2017-10-24
5744.7936868947845,1.388705549632935,2017-10-25
5890.7143073772,1.4178040764629483,2017-10-26
5778.700983300991,1.3796869774246503,2017-10-27
5752.944303324972,1.3634131974445305,2017-10-28
6150.617275448098,1.4504437058473987,2017-10-29
6122.688025941843,1.4329890845550313,2017-10-30
6441.3050298221515,1.4955190063920216,2017-10-31
6764.760700771038,1.554511012014399,2017-11-01
7032.252143929542,1.5935671193493146,2017-11-02
7188.6736621927175,1.6143166936007547,2017-11-03
7391.499520881289,1.6453519183023073,2017-11-04
7390.662345444837,1.6384009207199566,2017-11-05
6960.162148204395,1.5454746255049336,2017-11-06
7123.997698968637,1.570629620085408,2017-11-07
7469.009869665808,1.630769078792277,2017-11-08
7135.421301008343,1.552363081542324,2017-11-09
6591.128675365988,1.4215559752079505,2017-11-10
6361.587331249312,1.3316121569853794,2017-11-11
5909.6447898411725,1.1965434004314024,2017-11-12
6525.636966247708,1.3275889551623077,2017-11-13
6595.548438738197,1.3316012915184614,2017-11-14
7282.068738937433,1.4586391889424017,2017-11-15
7845.321979964913,1.5529757967277436,2017-11-16
7691.5208803062105,1.5113371664724324,2017-11-17
7780.4865522991895,1.5263872018417077,2017-11-18
8033.553355586507,1.5660905759369959,2017-11-19
8255.867353185347,1.59703538027925,2017-11-20
8096.860431860465,1.561203773818478,2017-11-21
8244.969536672328,1.5829225330821046,2017-11-22
8035.893848871559,1.5352323037501507,2017-11-23
8215.457903088754,1.557990621305341,2017-11-24
8771.863206570288,1.6455844289755939,2017-11-25
9349.11993048534,1.730490513805114,2017-11-26
9754.449718834221,1.7795190219149966,2017-11-27
9926.71193188782,1.787845101485364,2017-11-28
9863.795713366324,1.7602166493275717,2017-11-29
9953.823255504512,1.7657910041787992,2017-11-30
10862.869692666738,1.8863737890768315,2017-12-01
10923.741230126276,1.8849169703266058,2017-12-02
11285.973817230233,1.924566174625861,2017-12-03
11625.190674511652,1.9553571621765051,2017-12-04
11703.703117553547,1.948622077036221,2017-12-05
13919.978430502113,2.164265173025076,2017-12-06
17144.110561770518,2.389058369984007,2017-12-07
16241.254172496809,2.26141226521795,2017-12-08
15065.911139302367,2.1217232650392095,2017-12-09
15049.90218056812,2.1002977955692694,2017-12-10
16779.839139930325,2.2230070964559214,2017-12-11
17220.05994923002,2.2210186118125352,2017-12-12
16525.094735035294,2.130241061383801,2017-12-13
16607.882713268962,2.1101781516682205,2017-12-14
17644.19185482736,2.175341970844915,2017-12-15
19587.6137328711,2.2999412244585034,2017-12-16
19179.66898447647,2.2387041514001633,2017-12-17
19007.00933176908,2.2000338014489342,2017-12-18
17737.660318944538,2.066760017717392,2017-12-19
16456.22842405836,1.930849152847507,2017-12-20
15651.946610393392,1.834944925798264,2017-12-21
14140.99019347346,1.6622628587504218,2017-12-22
14800.695957569356,1.7046578898511986,2017-12-23
14170.877791779882,1.6153716746611106,2017-12-24
14073.40367072084,1.5811415274995713,2017-12-25
15761.316969772965,1.7275900265783548,2017-12-26
15382.496060505311,1.670051697736588,2017-12-27
14456.968874713091,1.5615061921692317,2017-12-28
14487.223318256161,1.54783875597079,2017-12-29
12743.816886264398,1.3366059864360134,2017-12-30
13896.633097402057,1.4577169018118399,2017-12-31
13436.40113496533,1.3969497241335986,2018-01-01
14732.453355796319,1.518897382042214,2018-01-02
15068.48685294771,1.5386748003790953,2018-01-03
15150.044393442426,1.5309325192284184,2018-01-04
16929.993584218795,1.678858713755461,2018-01-05
17094.07580827809,1.6668002504583654,2018-01-06
16162.813277912608,1.5739838923116585,2018-01-07
14998.250127031477,1.4612325228222451,2018-01-08
14415.466029217563,1.3966528570436738,2018-01-09
14850.283684647908,1.4366690473381578,2018-01-10
13310.776623875214,1.266170551384735,2018-01-11
13797.82227939588,1.3203775880297681,2018-01-12
14218.51800899828,1.3611174506690555,2018-01-13
13655.242181049141,1.294006404116943,2018-01-14
13574.797735438284,1.2799159041830124,2018-01-15
11467.380978284651,1.0203450739526743,2018-01-16
11136.808735058174,0.9691599561926947,2018-01-17
11289.210911409156,0.9820591928048503,2018-01-18
11511.09835473365,0.999991288987871,2018-01-19
12763.779462390647,1.1458458954236383,2018-01-20
11455.526396495743,0.9737812971779544,2018-01-21
10781.268881360418,0.8713382273800062,2018-01-22
10801.083131750655,0.8695879591439484,2018-01-23
11354.22909940514,0.9413141612280033,2018-01-24
11137.878602459845,0.9103275090263676,2018-01-25
11091.21651042783,0.9003393801648727,2018-01-26
11333.397874991158,0.9257971071712914,2018-01-27
11597.080164861141,0.9562567407815622,2018-01-28
11149.431210526249,0.8967578724490648,2018-01-29
9937.726381160634,0.7221880752085533,2018-01-30
10087.724198669412,0.7395302454974066,2018-01-31
9014.026207241357,0.5612920581244125,2018-02-01
8799.121910617683,0.519466948302232,2018-02-02
9208.45991916458,0.5706068186914055,2018-02-03
8176.460615758353,0.3732298316078172,2018-02-04
6891.934414416884,0.09782370484029129,2018-02-05
7714.392057232828,0.26174195131296135,2018-02-06
7575.611196702045,0.22231103889744194,2018-02-07
8222.753649455703,0.3428072189100107,2018-02-08
8677.910527452475,0.4234859628052551,2018-02-09
8537.393208068006,0.3965541583155969,2018-02-10
8073.293649217709,0.3120244687171875,2018-02-11
8883.2563239916,0.46250272403088455,2018-02-12
8519.186103813143,0.4020321848147431,2018-02-13
9483.45790621643,0.5687114793625814,2018-02-14
10063.90199802283,0.6616328076652714,2018-02-15
10236.5,0.6910381416117308,2018-02-16
11101.7,0.8160221544108802,2018-02-17
10593.2,0.74701652114556,2018-02-18
11230.0,0.8360621809195237,2018-02-19
11403.7,0.8593883814497979,2018-02-20
10690.4,0.7516314319520012,2018-02-21
10005.0,0.6389880196076498,2018-02-22
10301.1,0.6794536533245192,2018-02-23
9813.07,0.5981223700105551,2018-02-24
9664.73,0.5691351909478405,2018-02-25
10366.7,0.6702348101750395,2018-02-26
10725.6,0.7142913271671413,2018-02-27
10397.9,0.6610920219433379,2018-02-28
10951.0,0.7388871664056936,2018-03-01
11086.4,0.7553311649431096,2018-03-02
11489.7,0.8101556478275637,2018-03-03
11512.6,0.8129421412283349,2018-03-04
11573.3,0.8180007352887657,2018-03-05
10779.9,0.706640477800055,2018-03-06
9965.57,0.5844797534555631,2018-03-07
9395.01,0.4895157114524022,2018-03-08
9337.55,0.4804976698460174,2018-03-09
8866.0,0.39574630782239945,2018-03-10
9578.63,0.5119105531087407,2018-03-11
9205.12,0.4462676813228492,2018-03-12
9194.85,0.4411891505026736,2018-03-13
8269.81,0.27629148767385847,2018-03-14
8300.86,0.2792496046629963,2018-03-15
8338.35,0.2814328038147918,2018-03-16
7916.88,0.20035968404911492,2018-03-17
8223.68,0.25584052104487554,2018-03-18
8630.65,0.3331938916890125,2018-03-19
8913.47,0.3865882300136677,2018-03-20
8929.28,0.39528794585977467,2018-03-21
8721.57,0.3639826313573389,2018-03-22
8820.54,0.38808087585828965,2018-03-23
8682.62,0.3693952922986745,2018-03-24
8494.44,0.34102131188132456,2018-03-25
8210.22,0.289072603627218,2018-03-26
7840.16,0.2167661684666836,2018-03-27
7980.12,0.24094180686867303,2018-03-28
7162.96,0.07364707230748449,2018-03-29
6895.3,0.010348931602869843,2018-03-30
6978.18,0.022398441603018904,2018-03-31
6844.23,-0.015700000380442974,2018-04-01
7075.72,0.02826674496714951,2018-04-02
7458.04,0.10449269463912114,2018-04-03
6852.8,-0.03044230887442731,2018-04-04
6811.29,-0.04225911153168915,2018-04-05
6629.87,-0.08548731703325393,2018-04-06
6903.16,-0.0271979293189753,2018-04-07
7023.38,-0.002576519693610946,2018-04-08
6763.45,-0.06256422702582201,2018-04-09
6839.1,-0.05049318824671242,2018-04-10
6939.18,-0.02948909583481915,2018-04-11
7926.600582959641,0.17452071132705804,2018-04-12
7858.320396825395,0.1620005498812312,2018-04-13
7994.162746478875,0.19157899597543937,2018-04-14
8355.635478723412,0.2628474004962914,2018-04-15
8052.68,0.2101041540818245,2018-04-16
7906.81,0.18577945457671072,2018-04-17
8162.99,0.23407376663195367,2018-04-18
8282.55,0.2546476795409398,2018-04-19
8836.46,0.3544005545648652,2018-04-20
8883.36,0.36223540894863715,2018-04-21
8802.53,0.34633892693882207,2018-04-22
8930.91,0.36785397175297224,2018-04-23
9732.61,0.49933171710646346,2018-04-24
8826.28,0.34712248282143054,2018-04-25
9280.92,0.4231864412288246,2018-04-26
9011.78,0.3762477351335807,2018-04-27
9343.42,0.4294894765971423,2018-04-28
9415.09,0.43957925453790975,2018-04-29
9247.19,0.40968385681494013,2018-04-30
9105.53,0.37995743925256564,2018-05-01
9233.72,0.3974143586878328,2018-05-02
9755.31,0.4776148709233632,2018-05-03
9715.82,0.46762181639958433,2018-05-04
9843.13,0.4840080387877485,2018-05-05
9646.74,0.44996860478503525,2018-05-06
9369.84,0.401409590846317,2018-05-07
9249.75,0.37779625255841914,2018-05-08
9324.28,0.38399805589866676,2018-05-09
9040.52,0.3298727304784417,2018-05-10
8462.5,0.22187400077728653,2018-05-11
8499.34,0.22071230440814904,2018-05-12
8723.64,0.25179531552369405,2018-05-13
8719.89,0.24280202048967037,2018-05-14
8515.22,0.20095616584144713,2018-05-15
8358.62,0.16589168322826947,2018-05-16
8085.7,0.10927945361681957,2018-05-17
8251.45,0.1397236791745768,2018-05-18
8241.68,0.13589346715758982,2018-05-19
8515.58,0.18136944439428168,2018-05-20
8409.37,0.157550273934995,2018-05-21
8049.56,0.08612398440452118,2018-05-22
7566.26,-0.015443894642462735,2018-05-23
7593.13,-0.017002978689336493,2018-05-24
7453.44,-0.053348716343648794,2018-05-25
7358.47,-0.0799569739903846,2018-05-26
7364.09,-0.08532360277969422,2018-05-27
7134.68,-0.13693119169111234,2018-05-28
7467.58,-0.07049462900543141,2018-05-29
7406.19,-0.08506854805508812,2018-05-30
7491.64,-0.06641165685538392,2018-05-31
7539.14,-0.05443269202267727,2018-06-01
7646.74,-0.03244874942446922,2018-06-02
7720.25,-0.018727999960926132,2018-06-03
7499.48,-0.06597767859218982,2018-06-04
7625.55,-0.0423052218643373,2018-06-05
7656.09,-0.0387841325551146,2018-06-06
7676.55,-0.03989449202087675,2018-06-07
7631.9,-0.05157440113661925,2018-06-08
7565.0,-0.06837493224335242,2018-06-09
6784.03,-0.23972264871957114,2018-06-10
6901.13,-0.21702993639971072,2018-06-11
6566.2,-0.29996408794137547,2018-06-12
6342.43,-0.35488022117896084,2018-06-13
6681.42,-0.2760603414882975,2018-06-14
6460.85,-0.327887649627962,2018-06-15
6538.65,-0.30875399731149655,2018-06-16
6503.94,-0.3142558821833524,2018-06-17
6733.38,-0.2584405465758204,2018-06-18
6759.1,-0.24709785497080858,2018-06-19
6776.84,-0.24092472139405327,2018-06-20
6737.58,-0.24965801857266057,2018-06-21
6083.68,-0.4076793982233264,2018-06-22
6166.8,-0.3900132656126606,2018-06-23
6168.79,-0.3914686510680493,2018-06-24
6260.63,-0.3691234479894627,2018-06-25
6096.19,-0.41187405471636335,2018-06-26
6154.48,-0.3924820371457191,2018-06-27
5903.44,-0.4564966042552914,2018-06-28
6220.76,-0.3736740612882904,2018-06-29
6396.98,-0.32851537082587196,2018-06-30
6388.12,-0.3258994150143273,2018-07-01
6614.92,-0.26935275129139014,2018-07-02
6533.56,-0.28619388559525427,2018-07-03
6609.7,-0.2675148016093094,2018-07-04
6643.34,-0.25682860105372507,2018-07-05
6674.68,-0.2474290497707236,2018-07-06
6859.53,-0.2041898693902504,2018-07-07
6762.01,-0.22430514099486826,2018-07-08
6746.22,-0.22835991217250776,2018-07-09
6328.33,-0.3261617722000154,2018-07-10
6393.59,-0.30810640454109284,2018-07-11
6228.81,-0.34566266226351944,2018-07-12
6236.49,-0.34191229302232473,2018-07-13
6275.18,-0.3312519841025779,2018-07-14
6359.64,-0.30895766418942555,2018-07-15
6742.49,-0.2126135879580124,2018-07-16
7318.74,-0.07723770108636616,2018-07-17
7370.78,-0.062205878707465696,2018-07-18
7466.86,-0.03830444871019444,2018-07-19
7354.94,-0.05648907056138829,2018-07-20
7418.71,-0.043764384585427626,2018-07-21
7418.49,-0.04463934451359288,2018-07-22
7713.31,0.010292202135071801,2018-07-23
8424.27,0.1402135996475447,2018-07-24
8181.39,0.09217959227051387,2018-07-25
7951.58,0.04730825576093732,2018-07-26
8167.81,0.08816975852866821,2018-07-27
8188.85,0.09556141024234607,2018-07-28
8221.44,0.10258355233178118,2018-07-29
8183.56562256,0.09788231541300266,2018-07-30
7774.87303565,0.01752051626123287,2018-07-31
7624.90741594,-0.01481018145533286,2018-08-01
7567.15160233,-0.028985442991105385,2018-08-02
7436.26183554,-0.05938470223376002,2018-08-03
7032.21316739,-0.14925194851311546,2018-08-04
7064.02626634,-0.14643118707058086,2018-08-05
6951.2803658,-0.17861606900830357,2018-08-06
6753.71764839,-0.22968110039999715,2018-08-07
6305.80304475,-0.3426409427833515,2018-08-08
6568.02168724,-0.2877619458089359,2018-08-09
6184.71178367,-0.3887420849559586,2018-08-10
6289.74605164,-0.3694660651890642,2018-08-11
6335.06058091,-0.36705138837035556,2018-08-12
6297.96664043,-0.3824029216026661,2018-08-13
6199.71276805,-0.41286406349541616,2018-08-14
6293.27724365,-0.3955185245833237,2018-08-15
6324.7423257,-0.3937760845105327,2018-08-16
6580.62933687,-0.33769117784837155,2018-08-17
6423.68691813,-0.379742984460508,2018-08-18
6506.06881185,-0.36271322378094145,2018-08-19
6305.19259562,-0.4126352478261607,2018-08-20
6496.258447,-0.36604572741063407,2018-08-21
6376.83461362,-0.3928884178938511,2018-08-22
6534.87662447,-0.35397116784057275,2018-08-23
6717.68298629,-0.31057486805489204,2018-08-24
6769.94985511,-0.2984041182817946,2018-08-25
6715.64805358,-0.3125996082195729,2018-08-26
6881.56612007,-0.2749977635868304,2018-08-27
7096.27708292,-0.2290299518436761,2018-08-28
7046.07682983,-0.24095485538366435,2018-08-29
6981.57685708,-0.2564161751013349,2018-08-30
7036.75531489,-0.24558323424009854,2018-08-31
7193.41650052,-0.2127818848139868,2018-09-01
7269.10081969,-0.19804706528982857,2018-09-02
7264.79922436,-0.1993787629262438,2018-09-03
7362.7119946,-0.17972112898065884,2018-09-04
6818.83022958,-0.29768304234355797,2018-09-05
6538.48023324,-0.36162494667377054,2018-09-06
6463.22559639,-0.3809605516870136,2018-09-07
6223.43011665,-0.4414136547488727,2018-09-08
6303.80648503,-0.42184526303950454,2018-09-09
6329.69690852,-0.4169087701753056,2018-09-10
6324.59015192,-0.4190141604093757,2018-09-11
6360.69694706,-0.41182211695818516,2018-09-12
6521.23827161,-0.37128266216937433,2018-09-13
6512.70548453,-0.3685712327880421,2018-09-14
6544.13620369,-0.35132602612204056,2018-09-15
6514.52997091,-0.353478993271402,2018-09-16
6281.19609296,-0.40538760059851836,2018-09-17
6369.18712761,-0.3801756177852899,2018-09-18
6394.89073566,-0.37314304547158716,2018-09-19
6523.44829872,-0.3411920217963242,2018-09-20
6734.95239431,-0.2907169512024436,2018-09-21
6722.22113413,-0.29571389508306195,2018-09-22
6707.26095584,-0.29777902663882605,2018-09-23
6595.41332528,-0.3231730511955049,2018-09-24
6444.41067269,-0.35739831924890947,2018-09-25
6498.32602721,-0.34308028426704845,2018-09-26
6680.71461176,-0.3003549454134772,2018-09-27
6642.0772968,-0.3119647809107261,2018-09-28
6601.9553879,-0.32542882407719054,2018-09-29
6627.99449465,-0.32343514618119595,2018-09-30
6587.61149413,-0.33628839257689697,2018-10-01
6556.09866089,-0.3476538425396477,2018-10-02
6502.59044747,-0.3630317789762253,2018-10-03
6576.20339269,-0.3489523177079458,2018-10-04
6622.48483682,-0.3386388603814723,2018-10-05
6589.05284411,-0.34744104687558697,2018-10-06
6602.94525849,-0.34595858751925723,2018-10-07
6652.22623715,-0.33528134696882494,2018-10-08
6640.64745929,-0.33925946012139047,2018-10-09
6585.17755768,-0.35450258147296837,2018-10-10
6249.09003203,-0.4363792799910949,2018-10-11
6273.19669603,-0.4349928657376252,2018-10-12
6289.0009018,-0.4379316171451123,2018-10-13
6292.23246896,-0.4451068897755906,2018-10-14
6605.26103468,-0.37821827103007266,2018-10-15
6600.67720695,-0.3848135102925395,2018-10-16
6546.16332001,-0.4024496569449903,2018-10-17
6474.64724903,-0.4230290204287222,2018-10-18
6466.010535,-0.42901537595384814,2018-10-19
6489.46975308,-0.4210692689252121,2018-10-20
6482.34812955,-0.4238701646790184,2018-10-21
6491.98212347,-0.42292008660289115,2018-10-22
6475.72971532,-0.4285540730191499,2018-10-23
6495.42836241,-0.4247786854211054,2018-10-24
6481.17082835,-0.4280646951869657,2018-10-25
6477.84565348,-0.429102683539805,2018-10-26
6480.28670898,-0.4295053041159066,2018-10-27
6486.38627137,-0.4272357519337171,2018-10-28
6332.78870464,-0.46366634130046225,2018-10-29
6334.7409058,-0.4645778414162246,2018-10-30
6317.75009974,-0.47039048131762506,2018-10-31
6375.52621667,-0.46098114281573166,2018-11-01
6390.638615,-0.462084942071895,2018-11-02
6361.25774213,-0.4746275418974537,2018-11-03
6376.12939278,-0.47758994668230415,2018-11-04
6427.46426537,-0.47195118099877553,2018-11-05
6455.27908945,-0.4700336413401524,2018-11-06
6520.93366356,-0.4573975230067043,2018-11-07
6457.20299168,-0.4752670293688953,2018-11-08
6387.24987785,-0.4947974236910865,2018-11-09
6407.74044747,-0.49009365713339237,2018-11-10
6408.83301083,-0.48776051438925816,2018-11-11
6373.10496784,-0.493005851954032,2018-11-12
6357.23195512,-0.492141006777003,2018-11-13
5722.33950975,-0.6573176604998243,2018-11-14
5645.59292107,-0.6748816261276469,2018-11-15
5574.75499615,-0.6960141733542473,2018-11-16
5554.80989136,-0.7070889926510552,2018-11-17
5622.02160278,-0.6961744152668495,2018-11-18
4875.14239003,-0.9266272949482055,2018-11-19
4415.07400339,-1.0916243370282488,2018-11-20
4602.16771504,-1.0377064598177173,2018-11-21
4368.73234691,-1.1283116758970935,2018-11-22
4346.01843265,-1.1437540727732476,2018-11-23
3883.35938868,-1.3238372544916812,2018-11-24
4015.13130391,-1.2786178449076084,2018-11-25
3775.08662841,-1.37983900877691,2018-11-26
3813.57141959,-1.3689667079874108,2018-11-27
4260.82825547,-1.2049605201809748,2018-11-28
4274.74204089,-1.2097563247203424,2018-11-29
4016.44911794,-1.3122336104817096,2018-11-30
4215.68477834,-1.2421316590560956,2018-12-01
4138.38283552,-1.2824919861248836,2018-12-02
3892.75933911,-1.394968494992795,2018-12-03
3996.74820738,-1.363787012813143,2018-12-04
3753.99482663,-1.4616875578676698,2018-12-05
3521.10172384,-1.5640873914241213,2018-12-06
3419.93720035,-1.6212961742174632,2018-12-07
3476.11471452,-1.6243002460141605,2018-12-08
3616.21025798,-1.5833189737983773,2018-12-09
3505.47968254,-1.6447640867370843,2018-12-10
3423.51948812,-1.692344710557459,2018-12-11
3481.23667359,-1.6837807809118952,2018-12-12
3312.00352486,-1.7785046725524332,2018-12-13
3242.19413359,-1.81568314611404,2018-12-14
3237.05708474,-1.8163683900596412,2018-12-15
3255.22013802,-1.8111943267155397,2018-12-16
3545.35139009,-1.6912516717999626,2018-12-17
3695.4306338,-1.633654461973994,2018-12-18
3747.42985778,-1.6128612810483267,2018-12-19
4132.2252904,-1.4546086159739993,2018-12-20
3894.39321098,-1.5349223650699777,2018-12-21
4012.16458122,-1.4775078051105106,2018-12-22
3998.52858546,-1.4675319571204861,2018-12-23
4080.47896096,-1.4240246913937045,2018-12-24
3815.49060966,-1.5162852865233114,2018-12-25
3855.93115879,-1.4913165954646488,2018-12-26
3659.30990152,-1.5689551620660838,2018-12-27
3926.3291364,-1.4583342626126077,2018-12-28
3827.77729964,-1.493954971442272,2018-12-29
3867.27236149,-1.4789666796305763,2018-12-30
3741.29679518,-1.525725959614995,2018-12-31
3840.95924899,-1.483955319015315,2019-01-01
3943.28984335,-1.441220603704166,2019-01-02
3836.55804793,-1.477966678597955,2019-01-03
3858.23828002,-1.468610334440004,2019-01-04
3841.06117029,-1.47622155329109,2019-01-05
4076.20331956,-1.3903252281179008,2019-01-06
4024.46206645,-1.4201668148537028,2019-01-07
4033.55475363,-1.4201569745741391,2019-01-08
4035.71294082,-1.422496224459573,2019-01-09
3679.79347408,-1.561219611799218,2019-01-10
3686.21992857,-1.555392224320399,2019-01-11
3660.89928219,-1.5629806483651731,2019-01-12
3552.00916983,-1.6075030794207772,2019-01-13
3706.05222041,-1.5460474668956727,2019-01-14
3629.3994895,-1.577266332001112,2019-01-15
3656.46477524,-1.566461148210017,2019-01-16
3679.8126213,-1.5513788045374313,2019-01-17
3653.6664613,-1.5558612145406023,2019-01-18
3729.0822985,-1.5200805131822717,2019-01-19
3602.94669388,-1.5672483015487055,2019-01-20
3577.02585978,-1.5760203353869393,2019-01-21
3605.04565371,-1.5585002004228468,2019-01-22
3585.12306636,-1.5612739940590776,2019-01-23
3605.01000288,-1.5511978542277023,2019-01-24
3602.06803677,-1.5527465818532653,2019-01-25
3601.75215591,-1.5526518657245074,2019-01-26
3586.69221638,-1.5572648765578485,2019-01-27
3472.33980503,-1.6026833078261273,2019-01-28
3447.03376969,-1.614928710686565,2019-01-29
3485.3190571,-1.5993797979732765,2019-01-30
3457.19185903,-1.6100153569308564,2019-01-31
3488.65467674,-1.5932182643611303,2019-02-01
3526.76852089,-1.5714904144754338,2019-02-02
3461.49672071,-1.5945617709354352,2019-02-03
3456.78537352,-1.5905571428163001,2019-02-04
3460.72479577,-1.580506137046044,2019-02-05
3412.83264537,-1.5914498281561766,2019-02-06
3400.6012536,-1.5900595032597713,2019-02-07
3661.6593387,-1.4690939339117426,2019-02-08
3671.81055872,-1.4608023866289692,2019-02-09
3684.24956988,-1.453226446520812,2019-02-10
3648.09335231,-1.463790449781803,2019-02-11
3653.99110555,-1.459017845631401,2019-02-12
3631.34329385,-1.4761903205027835,2019-02-13
3616.36968624,-1.4834724968418493,2019-02-14
3623.22451873,-1.490697220394031,2019-02-15
3631.0060736,-1.4962220198016367,2019-02-16
3677.11835448,-1.4840065517823766,2019-02-17
3915.15393,-1.399452546793099,2019-02-18
3946.15354458,-1.3986695166837897,2019-02-19
3996.90234514,-1.387615905015262,2019-02-20
3952.2103642,-1.4165716133985216,2019-02-21
4002.2913313,-1.3985868884372046,2019-02-22
4145.9880905,-1.3387221000828444,2019-02-23
3814.93757504,-1.4630615597233723,2019-02-24
3884.93555836,-1.4312611409762426,2019-02-25
3857.56107734,-1.4393759575198608,2019-02-26
3851.0235527,-1.4413952819678468,2019-02-27
3855.67378101,-1.437758471075413,2019-02-28
3861.87069318,-1.435328356417118,2019-03-01
3867.57418178,-1.438561993161005,2019-03-02
3845.59431118,-1.4493033623711464,2019-03-03
3761.00685915,-1.4902732332642419,2019-03-04
3894.06747372,-1.4452519463941969,2019-03-05
3905.40722269,-1.4445713888784146,2019-03-06
3911.06208338,-1.4413860061100308,2019-03-07
3898.25616475,-1.4434795589999938,2019-03-08
3960.96525724,-1.4129692704577845,2019-03-09
3953.83492806,-1.4084994163227842,2019-03-10
3906.12986299,-1.4171029723802862,2019-03-11
3911.29620526,-1.4081816937222627,2019-03-12
3906.54189115,-1.402505353684622,2019-03-13
3913.51736755,-1.3939274048937507,2019-03-14
3958.66898443,-1.369549823516998,2019-03-15
4048.90849948,-1.3296322693996712,2019-03-16
4028.84888287,-1.3320705903636343,2019-03-17
4034.67408291,-1.32437462916834,2019-03-18
4070.48878613,-1.304220790587507,2019-03-19
4086.37824344,-1.2940448594360134,2019-03-20
4031.48944687,-1.3116467437459614,2019-03-21
4023.91043451,-1.316678475843767,2019-03-22
4036.5766927,-1.3137984922735795,2019-03-23
4018.86969869,-1.322822268742772,2019-03-24
3963.78397879,-1.3482501856464866,2019-03-25
3985.08080287,-1.3419647448169942,2019-03-26
4086.67786266,-1.302099374356914,2019-03-27
4069.10714977,-1.3040239369518645,2019-03-28
4098.37454059,-1.2886601170422618,2019-03-29
4096.91963725,-1.2822400142005148,2019-03-30
4104.234233128829,-1.270494935210182,2019-03-31
4157.46569937,-1.242406851669238,2019-04-01
4886.74969679,-0.9835800278050914,2019-04-02
4971.30774104,-0.9444674729385378,2019-04-03
4922.79878778,-0.9494874909650382,2019-04-04
5036.79302365,-0.9002094527647885,2019-04-05
5062.79376134,-0.8813442689617301,2019-04-06
5198.89699014,-0.8297895650551228,2019-04-07
5289.91798137,-0.793382608006897,2019-04-08
5204.95837847,-0.8175316172288767,2019-04-09
5325.08155529,-0.7798421021770447,2019-04-10
5064.48767243,-0.8523958722845761,2019-04-11
5088.84997329,-0.8461179136165653,2019-04-12
5096.58656276,-0.8514421815690916,2019-04-13
5167.32198286,-0.8382109711069569,2019-04-14
5066.18715458,-0.8767737296645778,2019-04-15
5237.59520905,-0.8347334320982183,2019-04-16
5251.66380021,-0.840131119129558,2019-04-17
5299.16459453,-0.8323296993395932,2019-04-18
5305.45513705,-0.8382753186420651,2019-04-19
5337.37851834,-0.8300060086461638,2019-04-20
5314.5314532,-0.8415122247390797,2019-04-21
5399.71139699,-0.8202440582478048,2019-04-22
5571.97722679,-0.7741335556334985,2019-04-23
5464.86664182,-0.8068812399381851,2019-04-24
5210.59362141,-0.8914675909960081,2019-04-25
5280.61484521,-0.8747591767592267,2019-04-26
5266.45814395,-0.8851860825099247,2019-04-27
5285.13900822,-0.8819067161820169,2019-04-28
5248.20427091,-0.8963696799384053,2019-04-29
5350.03250117,-0.8732396619815173,2019-04-30
5401.02963619,-0.8596951121555311,2019-05-01
5505.28367176,-0.8263113999289847,2019-05-02
5768.28940693,-0.7539978865045271,2019-05-03
5829.93903031,-0.736244128891037,2019-05-04
5790.99875859,-0.7470865167074979,2019-05-05
5750.26065528,-0.7579976511450507,2019-05-06
5843.49506628,-0.7319332148956443,2019-05-07
5983.76061268,-0.693018583523562,2019-05-08
6174.13234808,-0.6421538505795159,2019-05-09
6379.29211794,-0.5896226652154726,2019-05-10
7212.29317912,-0.39099450984302575,2019-05-11
6972.37152291,-0.43337659612997137,2019-05-12
7807.13438133,-0.24527878202547565,2019-05-13
7994.41615632,-0.19648868247417667,2019-05-14
8205.16749484,-0.14496429599883132,2019-05-15
7883.39290525,-0.19899738577356604,2019-05-16
7332.33362812,-0.30272320254670937,2019-05-17
7272.8703646,-0.3125571883434145,2019-05-18
8197.08154991,-0.12253323906655494,2019-05-19
7977.28172834,-0.16519982305746822,2019-05-20
7964.08716828,-0.16972844230587392,2019-05-21
7684.84214611,-0.2280542266893536,2019-05-22
7881.84672105,-0.1883415028052965,2019-05-23
7987.37156583,-0.16348915995072233,2019-05-24
8052.54385907,-0.1466686676136501,2019-05-25
8674.07240318,-0.02738284248896211,2019-05-26
8802.75819975,-4.765796831079916e-05,2019-05-27
8719.9617362,-0.011173638160901195,2019-05-28
8658.62021569,-0.021791943591477236,2019-05-29
8313.21305379,-0.08304327638112916,2019-05-30
8584.03749936,-0.03149197429004419,2019-05-31
8567.49579932,-0.03372842907651247,2019-06-01
8744.99858488,-0.004824263529759232,2019-06-02
8214.54501611,-0.11163742498004758,2019-06-03
7694.79046347,-0.22097341968601797,2019-06-04
7820.49742937,-0.20220262015522045,2019-06-05
7823.96826187,-0.20579556883671574,2019-06-06
8042.62455272,-0.16805242736906228,2019-06-07
7941.75919036,-0.193296771948276,2019-06-08
7686.70517038,-0.2519250393183502,2019-06-09
7994.91667422,-0.1929743571706887,2019-06-10
7923.19557195,-0.20327116681386137,2019-06-11
8139.61233897,-0.15821243585737765,2019-06-12
8226.39499438,-0.1372882664502313,2019-06-13
8690.3978563,-0.043343765099504605,2019-06-14
8839.69426128,-0.009465555429187686,2019-06-15
8993.51985508,0.027065833090369723,2019-06-16
9323.18877291,0.09203005857944899,2019-06-17
9070.351716,0.051824910081529216,2019-06-18
9276.77182364,0.09041989575083134,2019-06-19
9527.85336616,0.13394698194032884,2019-06-20
10118.5985274,0.2287197504742204,2019-06-21
10694.29348,0.3178859248827597,2019-06-22
10842.5148341,0.34530562259644565,2019-06-23
11006.9875879,0.3724306697411607,2019-06-24
11784.6041669,0.4853568633775337,2019-06-25
13003.3251831,0.6422146347470233,2019-06-26
11151.3707985,0.3996225377437765,2019-06-27
12392.3293102,0.5717827529142328,2019-06-28
11958.9651413,0.5179141513058633,2019-06-29
10817.5692473,0.35207626740041414,2019-06-30
10590.7580719,0.31304393934025027,2019-07-01
10810.4966905,0.33866132640138785,2019-07-02
11953.3879742,0.4892993357370278,2019-07-03
11212.6101976,0.3792362786908692,2019-07-04
10984.1057812,0.33721775091961415,2019-07-05
11209.2110757,0.3610491538975515,2019-07-06
11451.3503881,0.3924734745878574,2019-07-07
12285.7323738,0.5036479090540029,2019-07-08
12560.6272457,0.5367933192088953,2019-07-09
12152.5890505,0.4751094925628987,2019-07-10
11345.7367321,0.36335985526606324,2019-07-11
11816.4282932,0.42923617294240496,2019-07-12
11373.0446962,0.36873945767381344,2019-07-13
10258.343575,0.19977296231826874,2019-07-14
10902.4940933,0.2946203385401111,2019-07-15
9493.31755974,0.06071690208857952,2019-07-16
9694.45068639,0.08340827877804186,2019-07-17
10663.3319664,0.2254074735112261,2019-07-18
10533.9668428,0.19331856747739629,2019-07-19
10770.4048064,0.21845672521938136,2019-07-20
10598.6005555,0.18563068037030375,2019-07-21
10339.5348432,0.13603311301034482,2019-07-22
9900.10969969,0.057804696774787015,2019-07-23
9821.99302633,0.03708903882740855,2019-07-24
9912.80914244,0.04201294236614746,2019-07-25
9872.51472048,0.02754269048947275,2019-07-26
9457.60326361,-0.05027407971919237,2019-07-27
9555.36758424,-0.05828393098365585,2019-07-28
9521.49191299,-0.08388649656852984,2019-07-29
9604.74200395,-0.07619041849032332,2019-07-30
10085.6277491,-0.00014121574240297252,2019-07-31
10399.6694229,0.05258935178832122,2019-08-01
10518.1746772,0.07398624585689198,2019-08-02
10821.7265103,0.1250147082195023,2019-08-03
10970.1842157,0.15226062749125288,2019-08-04
11805.6537253,0.27887838172950824,2019-08-05
11478.1693461,0.240456174677339,2019-08-06
11941.9683406,0.313655525379769,2019-08-07
11966.407405,0.3240494355853278,2019-08-08
11862.93676,0.3191848318664527,2019-08-09
11354.0242177,0.25304865220409656,2019-08-10
11523.5793784,0.28435623736780513,2019-08-11
11382.6159562,0.26470891769089927,2019-08-12
10895.8304358,0.19262256936270195,2019-08-13
10038.4217089,0.053624479810905006,2019-08-14
10311.545429,0.09398573569265561,2019-08-15
10374.3393471,0.09709951102686674,2019-08-16
10231.7438454,0.07062117611365845,2019-08-17
10345.8103795,0.0803560621822955,2019-08-18
10916.0538702,0.16393531645382062,2019-08-19
10763.2326304,0.13676345402729878,2019-08-20
10138.049355,0.03739635831454374,2019-08-21
10131.0561021,0.031658273607152565,2019-08-22
10407.965329,0.07182186278475122,2019-08-23
10159.9605385,0.028870078032522978,2019-08-24
10138.517665,0.022084992448830124,2019-08-25
10372.8263035,0.05322278601664779,2019-08-26
10185.4998997,0.017617491624387388,2019-08-27
9756.78570735,-0.060129650242195486,2019-08-28
9510.20054413,-0.1093230590193621,2019-08-29
9598.17364826,-0.10236815056385234,2019-08-30
9630.59319616,-0.10276535332196178,2019-08-31
9757.97031807,-0.08595860531199778,2019-09-01
10346.7607927,0.007110722605808403,2019-09-02
10623.5401172,0.04682538806606823,2019-09-03
10594.4933536,0.04083291846196324,2019-09-04
10575.533284,0.0327110297682351,2019-09-05
10353.3025592,-0.005841030433441613,2019-09-06
10517.254784,0.02481469772333264,2019-09-07
10441.275979,0.016712143718909833,2019-09-08
10334.9741628,0.0035097533363495914,2019-09-09
10115.9757913,-0.03114846820001886,2019-09-10
10178.3718893,-0.020268154082523276,2019-09-11
10410.1268031,0.021278907272966358,2019-09-12
10360.5472773,0.01426486804097056,2019-09-13
10358.0491621,0.011621682898823205,2019-09-14
10347.7129074,0.007676877873650137,2019-09-15
10276.7935649,-0.007998347734598607,2019-09-16
10241.2721545,-0.017141196962224436,2019-09-17
10198.2484072,-0.02627375403706833,2019-09-18
10266.4149694,-0.017373126125566185,2019-09-19
10181.6413094,-0.03408142756309201,2019-09-20
10019.7169101,-0.06406374271920606,2019-09-21
10070.3921064,-0.05953782125830149,2019-09-22
9729.32376435,-0.12450031082353039,2019-09-23
8620.56642733,-0.3403013304073903,2019-09-24
8486.99297206,-0.37548437514585464,2019-09-25
8118.96756783,-0.4601379895668851,2019-09-26
8251.84555744,-0.4424934884504829,2019-09-27
8245.91515478,-0.453104063288569,2019-09-28
8104.18567564,-0.4918832914583414,2019-09-29
8293.86774062,-0.4587278924990381,2019-09-30
8343.2766814,-0.4502071393119634,2019-10-01
8393.04164486,-0.44149130292518557,2019-10-02
8259.99197863,-0.46991197735770457,2019-10-03
8205.93924121,-0.4824250229736644,2019-10-04
8151.50052921,-0.4948200741959673,2019-10-05
7988.15595888,-0.5312674190048876,2019-10-06
8245.622933,-0.4782540871268368,2019-10-07
8228.7831528,-0.4833932797884136,2019-10-08
8595.73981722,-0.4087587087704538,2019-10-09
8583.1788414,-0.411594775831734,2019-10-10
8321.11873109,-0.4661512924194515,2019-10-11
8342.69554698,-0.4598726872443959,2019-10-12
8323.08261224,-0.46510959434557064,2019-10-13
8371.9891356,-0.4573642060716713,2019-10-14
8208.03348086,-0.4906904402724036,2019-10-15
8057.29564754,-0.5259965800722284,2019-10-16
8102.95289694,-0.5193960692973865,2019-10-17
7977.41883564,-0.5486897877528147,2019-10-18
7990.31255402,-0.5500551494215496,2019-10-19
8218.07286805,-0.5054232473480569,2019-10-20
8236.27737182,-0.5042620608911683,2019-10-21
8080.61566695,-0.540334486153877,2019-10-22
7506.16004227,-0.6709886034532644,2019-10-23
7497.31006854,-0.6751523415390954,2019-10-24
8656.17219802,-0.42231458951302453,2019-10-25
9248.60509745,-0.3040981281185652,2019-10-26
9559.52904735,-0.24254222800029646,2019-10-27
9266.54148344,-0.2953255850304085,2019-10-28
9429.56422378,-0.26062260696598233,2019-10-29
9209.14008588,-0.29466006281764623,2019-10-30
9190.15935841,-0.2925673045121605,2019-10-31
9260.4172551,-0.2773962491553035,2019-11-01
9324.92966758,-0.2651296447483439,2019-11-02
9235.20529549,-0.2834287747777373,2019-11-03
9414.27063268,-0.25079125174772277,2019-11-04
9348.12927384,-0.26198404786576,2019-11-05
9357.01438149,-0.26132155715771876,2019-11-06
9267.47944726,-0.27945932562676734,2019-11-07
8816.95087372,-0.3701059800081582,2019-11-08
8814.88268835,-0.3733882272779673,2019-11-09
9058.22603921,-0.327154642881024,2019-11-10
8756.31731395,-0.39060059797070446,2019-11-11
8812.71866317,-0.38403512940584195,2019-11-12
8817.26151868,-0.38723912642539093,2019-11-13
8710.28507816,-0.41127691830792756,2019-11-14
8491.55733354,-0.4528678238018924,2019-11-15
8546.7319707,-0.4379187425087717,2019-11-16
8572.18503827,-0.43074336094869503,2019-11-17
8311.81088865,-0.48188173891430186,2019-11-18
8203.93739828,-0.5029058963593925,2019-11-19
8027.77939437,-0.5347150923421907,2019-11-20
7640.63676782,-0.613117979613162,2019-11-21
7304.96236288,-0.6885045925765658,2019-11-22
7384.69785526,-0.6652501675421633,2019-11-23
7046.14174647,-0.7466804353009938,2019-11-24
7150.12871408,-0.7117759890983222,2019-11-25
7223.03582563,-0.6848361138774561,2019-11-26
7539.34651048,-0.6003615233900284,2019-11-27
7465.22589107,-0.6127526184749998,2019-11-28
7762.17959453,-0.5383981952327256,2019-11-29
7567.97497695,-0.580962962049802,2019-11-30
7425.85766438,-0.6088288244253135,2019-12-01
7325.33487256,-0.6350711753961436,2019-12-02
7323.81210021,-0.6360893138883836,2019-12-03
7260.10003443,-0.6544827229321439,2019-12-04
7447.6673282,-0.6114505451586513,2019-12-05
7544.37903416,-0.5838894710539381,2019-12-06
7552.29963464,-0.5736314942416479,2019-12-07
7566.18173083,-0.5624454531367994,2019-12-08
7401.01158117,-0.591997561533317,2019-12-09
7274.46261839,-0.6163348786449906,2019-12-10
7218.25648469,-0.6249661976392226,2019-12-11
7244.48940003,-0.6121700883414013,2019-12-12
7267.35915452,-0.6046317849410533,2019-12-13
7130.35799572,-0.6375749520445463,2019-12-14
7157.82998088,-0.6306463738021193,2019-12-15
6930.50585768,-0.6866225953101507,2019-12-16
6611.51046846,-0.7683297081065316,2019-12-17
7270.46966975,-0.5998786630540661,2019-12-18
7204.0210376,-0.6201744646825975,2019-12-19
7217.26972298,-0.6202479882457497,2019-12-20
7189.90636821,-0.6347822306743228,2019-12-21
7512.80063541,-0.56273153420927,2019-12-22
7355.16830714,-0.6059788949659014,2019-12-23
7309.21393158,-0.6211790471564904,2019-12-24
7280.45240018,-0.6330917932951611,2019-12-25
7240.0270056,-0.6439070875185874,2019-12-26
7295.60723294,-0.6308806920287557,2019-12-27
7319.89084853,-0.6183794748649468,2019-12-28
7419.17941527,-0.5959137075385456,2019-12-29
7300.67426507,-0.6214408174790277,2019-12-30
7197.52710917,-0.6451420270795901,2019-12-31
7199.66110087,-0.6410023676041451,2020-01-01
6985.65902257,-0.6956087322591664,2020-01-02
7347.59737791,-0.6075481038985499,2020-01-03
7415.20244546,-0.592722925067425,2020-01-04
7410.81254092,-0.5930057294346422,2020-01-05
7770.52843473,-0.5074690220710034,2020-01-06
8166.96310003,-0.41756709197361014,2020-01-07
8082.95054727,-0.43477068918844575,2020-01-08
7880.28824913,-0.4768493113145522,2020-01-09
8164.65571526,-0.4111850153418306,2020-01-10
8029.64210795,-0.43518413470795925,2020-01-11
8185.64036985,-0.39531457195071534,2020-01-12
8148.31886082,-0.4001955879939886,2020-01-13
8827.76442606,-0.2520355325712546,2020-01-14
8807.01027532,-0.25071643198130467,2020-01-15
8723.78576573,-0.25891842045249475,2020-01-16
8929.0376776,-0.2105694520394181,2020-01-17
8942.80890321,-0.20400786876841373,2020-01-18
8706.24512993,-0.2484595103080175,2020-01-19
8657.64293942,-0.25677594592903336,2020-01-20
8745.89478833,-0.24064935818136715,2020-01-21
8680.87604222,-0.25374255204394763,2020-01-22
8406.5160678,-0.31254024554071236,2020-01-23
8445.43428152,-0.3066957104288002,2020-01-24
8367.84777344,-0.32548502607082896,2020-01-25
8596.82983316,-0.2784825015821754,2020-01-26
8909.81917753,-0.2136178993182853,2020-01-27
9358.59031703,-0.12600285066414973,2020-01-28
9316.62950445,-0.13161026497139322,2020-01-29
9508.9935947,-0.09055533916431793,2020-01-30
9350.52936518,-0.11639195870579029,2020-01-31
9392.87536841,-0.10285168138726078,2020-02-01
9344.36529292,-0.11037201239153532,2020-02-02
9293.52108908,-0.11844410897565158,2020-02-03
9180.9629665,-0.1399980768140867,2020-02-04
9613.42428895,-0.05952428970594775,2020-02-05
9729.80223149,-0.042868117582728855,2020-02-06
9790.33384641,-0.03259207519046058,2020-02-07
9866.50724373,-0.01764653253298372,2020-02-08
10119.1248203,0.02536166703556056,2020-02-09
9865.59260896,-0.021406413022647897,2020-02-10
10205.1323621,0.03806039760147156,2020-02-11
10322.7164894,0.05676653064984194,2020-02-12
10205.6192109,0.03464020537771406,2020-02-13
10300.0506266,0.04897242764524684,2020-02-14
9891.83650918,-0.02576946149313071,2020-02-15
9943.25998095,-0.017819451327229008,2020-02-16
9686.04920977,-0.06522863293602864,2020-02-17
10147.0726363,0.014806338204992359,2020-02-18
9635.05008713,-0.08503927399687504,2020-02-19
9618.25906453,-0.09469728086850654,2020-02-20
9690.95528682,-0.08903934323597869,2020-02-21
9660.91488832,-0.09998806686288769,2020-02-22
9920.86796684,-0.05834904623901979,2020-02-23
9645.39833042,-0.11545820826468503,2020-02-24
9346.53346695,-0.17813817367054743,2020-02-25
8824.33122732,-0.28343408419424976,2020-02-26
8786.87893969,-0.29400475423128314,2020-02-27
8689.11524591,-0.3174020030522618,2020-02-28
8615.22772355,-0.3369792582786691,2020-02-29
8563.41168611,-0.35360158993577373,2020-03-01
8865.83955705,-0.2942615809100215,2020-03-02
8792.35171065,-0.31292568582653923,2020-03-03
8742.61166128,-0.32130281011732076,2020-03-04
9077.87946386,-0.2544830043144262,2020-03-05
9120.74845437,-0.24525320576537665,2020-03-06
8909.75828069,-0.2861941511085697,2020-03-07
8110.25607808,-0.45593773012009975,2020-03-08
7916.62214092,-0.5039688443321424,2020-03-09
7915.61754792,-0.5111151016421109,2020-03-10
7912.81530473,-0.5176593229102817,2020-03-11
4860.35383012,-1.3981349014087983,2020-03-12
5547.0651614,-1.1772845865626456,2020-03-13
5195.85517452,-1.3120548800165865,2020-03-14
5391.06024919,-1.2621058708767074,2020-03-15
5014.86830377,-1.4034002146495812,2020-03-16
5237.76209482,-1.3394936553340244,2020-03-17
5237.91386092,-1.3536110528377052,2020-03-18
6193.29577035,-1.0506417422078562,2020-03-19
6186.21871982,-1.049136221112708,2020-03-20
6172.9672775,-1.0467086646193045,2020-03-21
5833.51061024,-1.1430506408320174,2020-03-22
6431.81003808,-0.9615516890956419,2020-03-23
6732.65221467,-0.8728319649803878,2020-03-24
6677.07432527,-0.8774655682030023,2020-03-25
6718.96731486,-0.862516214925115,2020-03-26
6470.89335934,-0.9262493734129126,2020-03-27
6241.56512496,-0.9883546584411309,2020-03-28
5929.677884,-1.0769585511863604,2020-03-29
6447.72579951,-0.9297006356766407,2020-03-30
6443.31405026,-0.9326298813389163,2020-03-31
6589.24919192,-0.8924511430805208,2020-04-01
6795.04299179,-0.8452400708787005,2020-04-02
6736.36381431,-0.8656647961312576,2020-04-03
6858.69700969,-0.8370681023031192,2020-04-04
6794.47452422,-0.8556894678776633,2020-04-05
7248.72410192,-0.7465424983686886,2020-04-06
7172.87828873,-0.7694786047762852,2020-04-07
7335.36979909,-0.7353717985292066,2020-04-08
7301.01277516,-0.7435131162765193,2020-04-09
6862.78799691,-0.8506659816949835,2020-04-10
6852.50192071,-0.8537873158419764,2020-04-11
6998.39400574,-0.8158762244933842,2020-04-12
6845.09526906,-0.8561529952141784,2020-04-13
6841.27304616,-0.8582585546909087,2020-04-14
6643.97961617,-0.9108542304644525,2020-04-15
7106.09484684,-0.7942213623554512,2020-04-16
7098.68627482,-0.793932191038673,2020-04-17
7259.90292944,-0.7541148560313397,2020-04-18
7191.11311495,-0.7710186266781018,2020-04-19
6882.34018581,-0.8484835446497756,2020-04-20
6878.03773926,-0.8496346552727584,2020-04-21
7118.68335661,-0.7891895772749137,2020-04-22
7430.16504043,-0.715209744473215,2020-04-23
7549.13338764,-0.686882010420294,2020-04-24
7569.23791751,-0.6798723992530853,2020-04-25
7680.48287014,-0.6517240765306935,2020-04-26
7794.71391216,-0.6219326717389849,2020-04-27
7807.29683833,-0.6149147473086225,2020-04-28
8801.03776688,-0.4009207959949043,2020-04-29
8657.1939924,-0.4255220278890826,2020-04-30
8855.32022959,-0.3808186562105805,2020-05-01
8985.17081572,-0.35194663831448325,2020-05-02
8898.12241256,-0.3680580726436403,2020-05-03
8915.36266471,-0.3641980752234227,2020-05-04
8987.61019034,-0.34935330472113113,2020-05-05
9253.07620782,-0.3028620214932559,2020-05-06
9982.3230001,-0.17285026648841217,2020-05-07
9854.15920563,-0.19805244045536874,2020-05-08
9590.06333149,-0.24817649033618205,2020-05-09
8761.29974684,-0.41014251054484624,2020-05-10
8599.78194656,-0.45128902632619056,2020-05-11
8800.72972155,-0.41830653812175844,2020-05-12
9274.85620315,-0.3386035236099232,2020-05-13
9742.73285277,-0.2665373795584168,2020-05-14
9324.74955892,-0.35774220757423825,2020-05-15
9378.12485501,-0.35839261675251155,2020-05-16
9670.02672308,-0.30718232272799917,2020-05-17
9729.46527585,-0.29346690314043167,2020-05-18
9723.31137903,-0.2981141596114327,2020-05-19
9522.46761378,-0.335396127339186,2020-05-20
9083.12738671,-0.42038758463743126,2020-05-21
9182.63979906,-0.39950228315048464,2020-05-22
9212.38362171,-0.3947444268829157,2020-05-23
8792.95744169,-0.4832372582506822,2020-05-24
8910.14065013,-0.4668083790901889,2020-05-25
8830.00836771,-0.48842858658946,2020-05-26
9178.8408253,-0.42665369001758924,2020-05-27
9521.7710264,-0.3648848776745796,2020-05-28
9440.88143521,-0.38363386190238313,2020-05-29
9696.80790406,-0.33732294620046044,2020-05-30
9452.45408509,-0.382854755191258,2020-05-31
10170.4099128,-0.2535967403824554,2020-06-01
9532.18934947,-0.3653650784405984,2020-06-02
9646.2557319,-0.3402795594018773,2020-06-03
9803.70548499,-0.30652832699516125,2020-06-04
9667.02313814,-0.32652162619023645,2020-06-05
9650.37975164,-0.3273980786093024,2020-06-06
9759.69521099,-0.3044458582009233,2020-06-07
9770.65850938,-0.3022283405553796,2020-06-08
9795.64961547,-0.29215059459317677,2020-06-09
9870.78990303,-0.2771714999459776,2020-06-10
9324.47584156,-0.379466120228366,2020-06-11
9481.74838924,-0.3522345091336442,2020-06-12
9474.74192302,-0.3558329259575981,2020-06-13
9386.78789214,-0.37644030610475065,2020-06-14
9454.15015829,-0.3689126255755233,2020-06-15
9540.67651404,-0.36025323225690975,2020-06-16
9483.15268772,-0.37860279657064577,2020-06-17
9412.43597382,-0.39801218882943645,2020-06-18
9277.04516149,-0.4288757615033141,2020-06-19
9335.17939289,-0.42407828388307295,2020-06-20
9301.37004446,-0.4368281023308628,2020-06-21
9649.2555242,-0.380161770155001,2020-06-22
9628.69403752,-0.3921890925282567,2020-06-23
9308.97002161,-0.4582325840883076,2020-06-24
9265.12255402,-0.4783592185096571,2020-06-25
9165.46400925,-0.5147939499054665,2020-06-26
9050.08021288,-0.5446933988305193,2020-06-27
9155.73195906,-0.5337447877389512,2020-06-28
9200.43803941,-0.5320010529832244,2020-06-29
9138.25078146,-0.5457179397941366,2020-06-30
9228.16289438,-0.5270070583007157,2020-07-01
9123.41015432,-0.5435666567019761,2020-07-02
9087.30391103,-0.5468773382236076,2020-07-03
9116.09384322,-0.540610560854835,2020-07-04
9075.62293143,-0.5434266330256933,2020-07-05
9294.80678854,-0.49862958981602495,2020-07-06
9254.80043974,-0.5082487818983272,2020-07-07
9425.36948916,-0.48256592223877603,2020-07-08
9294.76603547,-0.5126595407413332,2020-07-09
9278.8078672,-0.5148874107667379,2020-07-10
9240.34632654,-0.5215622665488614,2020-07-11
9276.49985018,-0.5166114095792789,2020-07-12
9243.61385509,-0.5236276329567688,2020-07-13
9243.21341642,-0.5197412817274847,2020-07-14
9192.83736784,-0.5253652841884284,2020-07-15
9137.21825621,-0.5257320350442658,2020-07-16
9149.9429538,-0.5145548179414339,2020-07-17
9158.56462749,-0.51023756979094,2020-07-18
9185.45240342,-0.5004205052528888,2020-07-19
9177.86448262,-0.4996494824317663,2020-07-20
9374.78345925,-0.4635232865668744,2020-07-21
9525.36344997,-0.4322064497064545,2020-07-22
9579.97977007,-0.42225522998081416,2020-07-23
9537.79707625,-0.4287504646616178,2020-07-24
9677.11349729,-0.3980759347360213,2020-07-25
9906.34519401,-0.35196365990290635,2020-07-26
11023.434646,-0.1554031746708033,2020-07-27
10909.9046958,-0.1654524533980662,2020-07-28
11098.4100908,-0.12738076674113064,2020-07-29
11121.1587554,-0.11787765132448771,2020-07-30
11332.4012834,-0.0804121049897116,2020-07-31
11766.9595624,-0.01010077413432911,2020-08-01
11059.3145305,-0.11790936147403629,2020-08-02
11245.5240356,-0.09660967519820299,2020-08-03
11207.6483786,-0.10863397228233256,2020-08-04
11751.6655847,-0.0354030207175339,2020-08-05
11785.14051,-0.03964045726940657,2020-08-06
11595.3530615,-0.07694275005260162,2020-08-07
11745.8403294,-0.062471517226579815,2020-08-08
11672.4786076,-0.07752469229933528,2020-08-09
11872.1227256,-0.04979247185859581,2020-08-10
11412.1825511,-0.12203075128653462,2020-08-11
11576.8771692,-0.09726835506203929,2020-08-12
11796.3961941,-0.06367716975106735,2020-08-13
11772.9732991,-0.06106184360437045,2020-08-14
11864.5063121,-0.04189399598116253,2020-08-15
11895.1527133,-0.03254639440601634,2020-08-16
12250.136396,0.02172209621065585,2020-08-17
11988.7456259,-0.010771644607867947,2020-08-18
11758.8645702,-0.04301836489699634,2020-08-19
11881.7212215,-0.02564483642289722,2020-08-20
11581.8887181,-0.07251710816449591,2020-08-21
11689.4073895,-0.05666229866812905,2020-08-22
11667.8605615,-0.06135301947571975,2020-08-23
11778.4188516,-0.047594608119392645,2020-08-24
11375.0539617,-0.11075607731900261,2020-08-25
11487.5574841,-0.09312508957101132,2020-08-26
11322.8535935,-0.11903762839158069,2020-08-27
11539.83493,-0.08549367360067181,2020-08-28
11512.5428548,-0.08796149189186264,2020-08-29
11711.5398306,-0.05555371053527,2020-08-30
11685.3448054,-0.059653669492729725,2020-08-31
11968.9674207,-0.016239372816956033,2020-09-01
11418.0179849,-0.09966713192343801,2020-09-02
10238.457762,-0.29649287136649133,2020-09-03
10511.8138807,-0.25797222957095706,2020-09-04
10169.567221,-0.325219530890995,2020-09-05
10280.3517032,-0.31499800095385655,2020-09-06
10369.5637386,-0.30837242769995177,2020-09-07
10131.5166457,-0.35849713997149024,2020-09-08
10242.3477803,-0.34394570688397286,2020-09-09
10363.1390401,-0.32108346888736083,2020-09-10
10400.9146854,-0.31341077773150466,2020-09-11
10442.1706031,-0.3044928191580835,2020-09-12
10323.7557975,-0.32422591477015833,2020-09-13
10680.8374328,-0.2634435299486122,2020-09-14
10796.9509861,-0.2426359292517026,2020-09-15
10974.9048915,-0.2120808600235134,2020-09-16
10948.9899152,-0.21510658378057892,2020-09-17
10944.5858045,-0.214616558141247,2020-09-18
11094.3462761,-0.1886254374057756,2020-09-19
10938.2712894,-0.2103991813631972,2020-09-20
10462.2596185,-0.28747250524492574,2020-09-21
10538.4603213,-0.27541166761018243,2020-09-22
10225.8639271,-0.3288668134230802,2020-09-23
10745.5486217,-0.23635944473279275,2020-09-24
10702.290491,-0.23731671227736723,2020-09-25
10754.4375117,-0.22071533224889353,2020-09-26
10774.4267558,-0.2093795757483357,2020-09-27
10721.3270409,-0.20971105239839913,2020-09-28
10848.8304873,-0.17981988946071562,2020-09-29
10787.6178668,-0.1806255930091389,2020-09-30
10623.3301247,-0.2068123241967309,2020-10-01
10575.972665210369,-0.21470718730695434,2020-10-02
10549.328899609458,-0.22074780766705243,2020-10-03
10668.427291917362,-0.20155226284377326,2020-10-04
10793.339427509689,-0.1809204072648068,2020-10-05
10604.372976655219,-0.21264487219577244,2020-10-06
10669.002892309303,-0.20289746022907018,2020-10-07
10915.611170349574,-0.16210714019456385,2020-10-08
11064.457592443927,-0.1385619373908514,2020-10-09
11296.361428209482,-0.10184672892009215,2020-10-10
11384.210120673994,-0.08682083858942756,2020-10-11
11555.352382617039,-0.059837961785445024,2020-10-12
11425.899400698005,-0.07917054670267716,2020-10-13
11429.530525949574,-0.07735486525509655,2020-10-14
11495.136250345737,-0.06589122350702495,2020-10-15
11322.122100253333,-0.08875534442269695,2020-10-16
11357.507699419104,-0.08069238391010668,2020-10-17
11483.347447046355,-0.06089732162880661,2020-10-18
11742.056464068413,-0.02198024670475096,2020-10-19
11916.334474515823,0.004110765544037484,2020-10-20
12823.721613011157,0.1329030183990822,2020-10-21
12965.938910967061,0.15024993414275362,2020-10-22
12928.422292893309,0.14957501531933354,2020-10-23
13112.518308892806,0.18183543998159932,2020-10-24
13025.152726171285,0.17073570119248943,2020-10-25
13072.25343050888,0.17353180617982567,2020-10-26
13638.61347118853,0.2432630225384087,2020-10-27
13274.101551486901,0.18964427454833752,2020-10-28
13449.310773172034,0.2052256306172568,2020-10-29
13567.751090472695,0.21234834814306064,2020-10-30
13779.026945510965,0.2307963700945467,2020-10-31
13712.179226753678,0.21875412099528602,2020-11-01
13558.759567504292,0.18834495056959805,2020-11-02
13914.806921199463,0.22458362428506867,2020-11-03
14127.434501432557,0.24860928932262616,2020-11-04
15556.660674219534,0.41537186744886734,2020-11-05
15552.789426236757,0.41468244416364436,2020-11-06
14849.092332069495,0.33451347926964387,2020-11-07
15486.128766242586,0.4108989317174907,2020-11-08
15336.738597655203,0.3985691940107484,2020-11-09
15289.794466324061,0.39483841106111695,2020-11-10
15693.906873452925,0.4441211347407311,2020-11-11
16281.414511965559,0.5078358217050628,2020-11-12
16311.513322639245,0.5118941851563628,2020-11-13
16075.452733873577,0.49065196892807744,2020-11-14
15962.09895156044,0.479338776960872,2020-11-15
16709.612283879444,0.5596401337629915,2020-11-16
17667.381593434377,0.6573466781355566,2020-11-17
17812.23323674995,0.6696216789182708,2020-11-18
17797.55269185706,0.6697932807013671,2020-11-19
18624.912737033366,0.7485551858392083,2020-11-20
18681.88473987622,0.7611299681211033,2020-11-21
18406.836393857495,0.7455108026767335,2020-11-22
18340.95092402201,0.745037083510922,2020-11-23
19081.11380920774,0.8191870228725516,2020-11-24
18764.47654404935,0.793020207326002,2020-11-25
17106.29070146959,0.6326713780454847,2020-11-26
17096.724533063225,0.6273882006234408,2020-11-27
17714.060585997013,0.6848964847924386,2020-11-28
18147.63645981038,0.7192121331019081,2020-11-29
19689.81054499716,0.8538596394446257,2020-11-30
18863.78086086128,0.7696220538571807,2020-12-01
19196.437039164783,0.7934533163460782,2020-12-02
19437.08165850093,0.8140903676800615,2020-12-03
18756.340876715585,0.7542810387364655,2020-12-04
19137.370640297184,0.790101560726085,2020-12-05
19331.057919958297,0.8085671465859376,2020-12-06
19198.32218907732,0.7911660755186035,2020-12-07
18327.694817576405,0.7047397027462444,2020-12-08
18564.904366246454,0.7209550140028648,2020-12-09
18272.716243561048,0.6848142010034479,2020-12-10
18079.312133207175,0.661404485756111,2020-12-11
18799.9244382663,0.7239217753017358,2020-12-12
19148.693456271252,0.7492557390646126,2020-12-13
19246.47838730268,0.7567428799289754,2020-12-14
19423.81741657513,0.7720638768510194,2020-12-15
21344.961281247066,0.9333877259582755,2020-12-16
22790.806538276374,1.0419528956544692,2020-12-17
23078.763955584098,1.0553124724005656,2020-12-18
23851.242514075984,1.112292137443717,2020-12-19
23549.781123366854,1.0904725253563705,2020-12-20
22875.455699730974,1.0370587540748388,2020-12-21
23758.933628169103,1.0936593937603223,2020-12-22
23279.54929310205,1.0484413342170795,2020-12-23
23764.75340487314,1.0724065977209853,2020-12-24
24688.21152033385,1.135558239483296,2020-12-25
26440.24870020325,1.2480504444330822,2020-12-26
26388.149455672108,1.2320942129982124,2020-12-27
27098.952753928424,1.2608783072670635,2020-12-28
27324.988106434248,1.2656775123790445,2020-12-29
28827.007973579824,1.3511275019836437,2020-12-30
28988.642493531017,1.3561038898308664,2020-12-31
29354.310492680135,1.3674309894054506,2021-01-01
32031.61971248076,1.50319250134145,2021-01-02
32939.057471683795,1.5348015002544515,2021-01-03
31930.83940605436,1.46986194705523,2021-01-04
34070.20033180983,1.5689697707984294,2021-01-05
36850.14715350343,1.682765258731917,2021-01-06
39241.93637401782,1.7585473354853107,2021-01-07
40771.75946402795,1.794522837544859,2021-01-08
40388.87363752308,1.7594521558156158,2021-01-09
38474.29606929845,1.663848289727503,2021-01-10
35603.36377377936,1.521798897954696,2021-01-11
33879.45142976907,1.421951658676649,2021-01-12
37320.808100849805,1.5718920774432623,2021-01-13
39192.56322801528,1.6334520686495135,2021-01-14
36732.76292548016,1.5045559773568906,2021-01-15
36206.743416714606,1.4634746906336502,2021-01-16
35774.02336857131,1.4294277370044217,2021-01-17
36642.53189467641,1.4568737149312858,2021-01-18
36072.63455672601,1.4204655913431696,2021-01-19
35553.550809646295,1.384430677974535,2021-01-20
30818.59900858709,1.129215236784888,2021-01-21
33004.723330040426,1.2347974121862182,2021-01-22
32057.57127381432,1.1783313390134693,2021-01-23
32293.27014680785,1.1846185469248343,2021-01-24
32368.11499830086,1.1804768267449315,2021-01-25
32571.321685764407,1.17920430928872,2021-01-26
30438.367004209395,1.0501569878601902,2021-01-27
33459.35125206922,1.2000926710170625,2021-01-28
34318.52819983214,1.2291618980184091,2021-01-29
34258.12290596416,1.2176200752698285,2021-01-30
33108.29665129587,1.1529067972967382,2021-01-31
33543.85974350085,1.1663466467305745,2021-02-01
35524.119952273206,1.2543629354271943,2021-02-02
37451.367472916325,1.3386353290827726,2021-02-03
36924.74200585988,1.308716946349386,2021-02-04
38123.15354014715,1.3532691766298575,2021-02-05
39271.99676818323,1.3960558066777409,2021-02-06
38904.21414938871,1.3758512664196765,2021-02-07
45981.864589684476,1.639815020894936,2021-02-08
46506.134809077426,1.6375823048157867,2021-02-09
44886.381099679624,1.5670261980920905,2021-02-10
47812.53533389692,1.659944406236644,2021-02-11
47482.86135240913,1.6379829832498976,2021-02-12
47067.939135262444,1.618870924932748,2021-02-13
48747.45244155483,1.6719287568283743,2021-02-14
47984.954753679056,1.632724592091535,2021-02-15
49175.90051592181,1.6630638653240428,2021-02-16
52138.04498768492,1.746002623507926,2021-02-17
51649.57543629381,1.7149105772057442,2021-02-18
55776.18881251338,1.823666942765567,2021-02-19
56134.54415202914,1.8233521520511136,2021-02-20
57487.03807408455,1.8538227090091388,2021-02-21
54092.68879988714,1.7423357504863783,2021-02-22
48548.9572135791,1.5489918092177537,2021-02-23
49652.01003172871,1.5696009959425967,2021-02-24
47209.544068730516,1.4748251468978415,2021-02-25
46243.95205410501,1.4257992997782194,2021-02-26
46319.696393610844,1.4196658841735927,2021-02-27
45119.12569768188,1.3665148575274166,2021-02-28
49768.16035012147,1.5159522519787805,2021-03-01
48401.732978524866,1.4688353285546079,2021-03-02
50698.56833524798,1.5391643185127484,2021-03-03
48515.770213777236,1.4635074550932163,2021-03-04
48915.789594568705,1.4712808640500787,2021-03-05
48905.87987030982,1.4667782333202577,2021-03-06
51282.11369865597,1.5380531162987492,2021-03-07
52307.860713183174,1.5606834019936051,2021-03-08
54696.82182220556,1.6273529250911054,2021-03-09
56128.767227455,1.6620501436510926,2021-03-10
57800.36671419076,1.703629820259039,2021-03-11
57372.32951283427,1.6884870441719109,2021-03-12
61217.050879895614,1.818873988846284,2021-03-13
59728.59392893374,1.8013259943639977,2021-03-14
55813.8936028549,1.7170608011118087,2021-03-15
56488.62247040071,1.7511872089687046,2021-03-16
58748.92354285633,1.8354745362393394,2021-03-17
57887.8812431903,1.8309731890858545,2021-03-18
58374.206863912295,1.865433246651617,2021-03-19
58443.52143446477,1.8504012535910261,2021-03-20
57521.45671319987,1.8102346397413456,2021-03-21
54608.25914921329,1.7099874993626543,2021-03-22
54888.85537030697,1.7012463006124015,2021-03-23
52774.26369049241,1.6153937106106944,2021-03-24
51704.16192519879,1.5606973083134088,2021-03-25
55137.31372577932,1.6434003351491748,2021-03-26
56067.945548474745,1.6557711289543815,2021-03-27
55991.20119647779,1.6440370737015366,2021-03-28
57769.14012066299,1.6854972310661447,2021-03-29
58937.638886814275,1.7085167930041076,2021-03-30
58954.497008149716,1.7008963137111985,2021-03-31
59118.97407768802,1.7003221617661877,2021-04-01
59392.14948112517,1.702866173310691,2021-04-02
57642.97095819078,1.65091829761523,2021-04-03
58752.80659415484,1.6750596494876304,2021-04-04
58898.76589833386,1.664174579302296,2021-04-05
58243.4539402529,1.6234787771394195,2021-04-06
56219.39629880624,1.5532393926414565,2021-04-07
58321.10713544663,1.5971871465123604,2021-04-08
58245.00300108353,1.5820203140306774,2021-04-09
59793.23541009381,1.6126586961887273,2021-04-10
60226.42360963432,1.6156330729792796,2021-04-11
59915.46446523154,1.5981749701123733,2021-04-12
63603.70817233695,1.6779022244493695,2021-04-13
62922.213180229075,1.6538379179136329,2021-04-14
63285.56727067338,1.6582347487526672,2021-04-15
61611.99680584272,1.6162142449847474,2021-04-16
60803.84653163625,1.5881718729499845,2021-04-17
56163.105403277135,1.4469885962323354,2021-04-18
55657.83923174755,1.4203931907795546,2021-04-19
56379.21247716248,1.4255218861084504,2021-04-20
53861.436959475745,1.3389992194370708,2021-04-21
51826.89354372698,1.25924795225656,2021-04-22
51027.733327861744,1.2147920994515253,2021-04-23
50020.15342145914,1.1654709734288131,2021-04-24
49039.862341498076,1.1211505750184474,2021-04-25
54006.25201262605,1.2592648159454363,2021-04-26
54981.4799948714,1.2758932425158167,2021-04-27
54793.39452980505,1.2609165220813106,2021-04-28
53558.66206906318,1.2150183324080064,2021-04-29
57775.27815155285,1.3238072854442113,2021-04-30
57811.517527593925,1.3206770943866382,2021-05-01
56613.20264847865,1.2841621254716107,2021-05-02
57200.29122289164,1.2907577231484333,2021-05-03
53333.53775274298,1.1713489675254696,2021-05-04
57424.005948133796,1.2766588008744366,2021-05-05
56485.701296946165,1.2408360593477605,2021-05-06
57369.55799873567,1.254085290831373,2021-05-07
58766.58487466966,1.2821546128551673,2021-05-08
58218.56607679752,1.260565241583263,2021-05-09
55824.86166666395,1.187314426539396,2021-05-10
56714.088910232254,1.2103430696939899,2021-05-11
49916.49449913513,1.0009609150405536,2021-05-12
49729.30250032533,0.987161656989385,2021-05-13
49873.68639240858,0.9814831443870082,2021-05-14
46803.830522483644,0.8700254761724553,2021-05-15
46406.33154419618,0.845903522062739,2021-05-16
43382.14785916692,0.729023173955659,2021-05-17
42985.843096399796,0.6939353814245528,2021-05-18
37151.95393552557,0.45141005455357053,2021-05-19
40512.11108015661,0.5724224066774724,2021-05-20
37273.44235496146,0.42896766148351334,2021-05-21
37645.72214685647,0.4376562247383953,2021-05-22
34888.67831280685,0.3067935370917789,2021-05-23
38669.0184494052,0.46002320982023204,2021-05-24
38211.78552190482,0.44086880280651725,2021-05-25
39266.35535111086,0.4884337402814808,2021-05-26
38530.1395731867,0.4613054894631833,2021-05-27
35690.74355653414,0.34333494916717044,2021-05-28
34613.06385325806,0.29014847244047115,2021-05-29
35639.981454563684,0.3350977397104916,2021-05-30
37317.276797389924,0.40216016786043185,2021-05-31
36642.32959185035,0.36884244861239623,2021-06-01
37659.80709526973,0.4045959255953219,2021-06-02
39173.79329215054,0.46352935840370246,2021-06-03
36975.00656850563,0.3741815283203711,2021-06-04
35533.74658759773,0.31285520209077,2021-06-05
35797.42238993168,0.3240541685746766,2021-06-06
33577.694225233514,0.21991765130109647,2021-06-07
33452.00225490226,0.21137221685114274,2021-06-08
37290.99177617837,0.3818057094841725,2021-06-09
36744.73930845569,0.3546477044243369,2021-06-10
37242.88691336585,0.37541203625613945,2021-06-11
35512.90011452891,0.303510280875522,2021-06-12
39019.88742092465,0.45561099404986904,2021-06-13
40536.096186703144,0.5207339771951851,2021-06-14
40239.188062720765,0.5155784147951556,2021-06-15
38287.525924097135,0.4392834571093328,2021-06-16
38109.19708064974,0.434989882693523,2021-06-17
35713.84377788781,0.33313833145219746,2021-06-18
35668.695876869904,0.3315057081456061,2021-06-19
35704.62085788758,0.3305490795859167,2021-06-20
31586.754526998815,0.1279034258864543,2021-06-21
32477.421130990322,0.16358965771774603,2021-06-22
33652.92415463683,0.213507123443484,2021-06-23
34629.99104463987,0.253741651752143,2021-06-24
31670.672544371268,0.11432011511465098,2021-06-25
31982.57003176423,0.12714093414826355,2021-06-26
34607.288973134804,0.25134895122101414,2021-06-27
34408.64609236688,0.24666541594469035,2021-06-28
35900.15433447891,0.3180391642001333,2021-06-29
35024.606828788485,0.28271893246772273,2021-06-30
33568.58643061468,0.21666407059062864,2021-07-01
33933.60148407786,0.23873573120920916,2021-07-02
34674.53246619413,0.2768300495288432,2021-07-03
35285.09656628057,0.30571559328000236,2021-07-04
33821.80911722237,0.23789123876512325,2021-07-05
34158.92122381347,0.2522513822126723,2021-07-06
33850.91409077919,0.23617786041715044,2021-07-07
32847.39678991275,0.18777368341633388,2021-07-08
33878.23686193274,0.23647810714510836,2021-07-09
33517.87334009401,0.21775284499762654,2021-07-10
34242.67250669811,0.24946691475235935,2021-07-11
33186.37684498091,0.19817476809131948,2021-07-12
32616.020911028223,0.16840065934547016,2021-07-13
32808.31518654271,0.17725366838843287,2021-07-14
31671.443053709256,0.12032388509403855,2021-07-15
31426.89947869541,0.1022316225870094,2021-07-16
31548.922957613315,0.10441984582077907,2021-07-17
31814.34827840592,0.11581005461760832,2021-07-18
30834.368390233183,0.06355201278173757,2021-07-19
29783.01141710609,0.0056507702879983746,2021-07-20
32131.635486882926,0.12660440451562055,2021-07-21
32328.209838049966,0.1365636006684328,2021-07-22
33498.822498185575,0.19655212662500351,2021-07-23
34265.55624474202,0.23427329809026642,2021-07-24
35242.6443568511,0.28037194701678636,2021-07-25
37401.18874998933,0.37497838648683124,2021-07-26
39315.132254921446,0.4531672469297158,2021-07-27
40021.27288558416,0.4690205182480189,2021-07-28
40037.52162230717,0.4631888623751746,2021-07-29
42080.75491077187,0.5437879776765935,2021-07-30
41692.75732333602,0.5297486668887682,2021-07-31
40135.33200074718,0.46701602055892977,2021-08-01
39183.67244883457,0.4237851687603216,2021-08-02
38160.716653116004,0.3765190263556956,2021-08-03
39799.303765271405,0.4423201802347886,2021-08-04
40854.599720736376,0.4833910003485754,2021-08-05
42826.8312632613,0.5562950007342063,2021-08-06
44689.86095932558,0.624328879649188,2021-08-07
43785.48181939978,0.592980152628122,2021-08-08
46284.97398221619,0.6855290675473568,2021-08-09
45594.07627236636,0.6636086937021745,2021-08-10
45593.63593070519,0.6651058260167272,2021-08-11
44428.288466806436,0.6253736353721808,2021-08-12
47831.97604291269,0.7466938636144237,2021-08-13
47096.94566198037,0.7225831217431238,2021-08-14
47064.63037062539,0.7235047985624444,2021-08-15
46004.484078602196,0.6855384455488338,2021-08-16
44695.35761921304,0.6370764171204076,2021-08-17
44801.18871714413,0.6382834582747987,2021-08-18
46717.578745203784,0.705293938034927,2021-08-19
49339.17603687802,0.7923445581097621,2021-08-20
48905.49058554897,0.7781594775534103,2021-08-21
49321.65404941213,0.7931783342033417,2021-08-22
49546.147707289056,0.8017968393545563,2021-08-23
47756.00188106575,0.7426770718744145,2021-08-24
48961.76778660005,0.7840188922552668,2021-08-25
46940.70765177846,0.717197687532932,2021-08-26
49024.03094495386,0.7872082656412918,2021-08-27
48883.29014045116,0.7839286086423575,2021-08-28
48947.258970319264,0.7853984844938314,2021-08-29
47093.88091858282,0.7203137364019108,2021-08-30
47238.2268323822,0.7236059044927801,2021-08-31
48763.85643533685,0.7745250199993818,2021-09-01
49341.853804627746,0.7917770249177085,2021-09-02
50011.34681209545,0.8135284058513397,2021-09-03
49951.92415055585,0.8159615194822337,2021-09-04
51741.55077722714,0.8785933537986554,2021-09-05
52610.5411520828,0.9134450883713874,2021-09-06
46795.20910754369,0.727863039880865,2021-09-07
46039.08212736113,0.7031796621787159,2021-09-08
46377.168738477005,0.7180404530181024,2021-09-09
44888.12370523385,0.6648077253126442,2021-09-10
45147.44035889953,0.6687950836960159,2021-09-11
46082.23150321188,0.6966124692801161,2021-09-12
45004.701974221185,0.6491179581861427,2021-09-13
47031.16732364414,0.7187421372488335,2021-09-14
48143.03744946416,0.7543495752156107,2021-09-15
47799.18503883096,0.7394275083382604,2021-09-16
47204.66266010661,0.7171537909886223,2021-09-17
48234.21547366776,0.7519266922513691,2021-09-18
47257.2870422188,0.716964195393664,2021-09-19
42907.065767455875,0.5553488815426384,2021-09-20
40633.9343353387,0.45844302256902625,2021-09-21
43569.17620056878,0.5678255104404866,2021-09-22
44890.04746964758,0.614088566369429,2021-09-23
42796.24321532524,0.53512956662475,2021-09-24
42746.97922403371,0.5241198855056625,2021-09-25
43247.456876465236,0.5344892295909882,2021-09-26
42248.01771773999,0.49568453595950773,2021-09-27
41032.26192917951,0.4487757860992659,2021-09-28
41538.282988017854,0.4650913966176169,2021-09-29
43750.871798624525,0.5461774698640722,2021-09-30
48118.17770595206,0.7012552456787526,2021-10-01
47756.25428303739,0.6917303236457187,2021-10-02
48220.65303746762,0.7105254987313386,2021-10-03
49080.66909231698,0.7430993093159258,2021-10-04
51559.362044222966,0.8273701215186212,2021-10-05
55431.02700201357,0.9458096001017435,2021-10-06
53776.5428709291,0.898759256196004,2021-10-07
53884.290533191845,0.9036064418774514,2021-10-08
55068.64354562132,0.9408993869323607,2021-10-09
54675.093215311404,0.9296622120887259,2021-10-10
57434.24099023865,1.008315998647979,2021-10-11
56064.76997697855,0.9661486357971316,2021-10-12
57377.79917693812,1.0002451918918402,2021-10-13
57354.32086331414,0.995431314498352,2021-10-14
61571.094905218495,1.1080219897683679,2021-10-15
60890.14283083667,1.0890723317150317,2021-10-16
61640.37510539247,1.1101806037829922,2021-10-17
61975.54697314697,1.1150946807004702,2021-10-18
64238.27110780218,1.1704968196310024,2021-10-19
65996.5661678894,1.2117405659178224,2021-10-20
62385.16707125176,1.1153380920542952,2021-10-21
60703.42954102141,1.0644796151955473,2021-10-22
61342.90825481901,1.0756462116974628,2021-10-23
60881.947564871894,1.0551338170630775,2021-10-24
62967.41302302343,1.1016364428568612,2021-10-25
60449.35530260795,1.0245663676511734,2021-10-26
58639.68046139201,0.9649753161914439,2021-10-27
60572.27124397584,1.0096313038980589,2021-10-28
62234.031011430285,1.0508535132118588,2021-10-29
61735.370669844706,1.0340067879689643,2021-10-30
61366.99988156578,1.0182405205349245,2021-10-31
61058.22626537975,1.001738860397473,2021-11-01
63176.571785319764,1.0513952095604309,2021-11-02
62999.122403911184,1.0444357596962777,2021-11-03
61434.63281689667,1.0006532623315136,2021-11-04
61121.31052072735,0.9869205006430917,2021-11-05
61493.6638971142,0.9911972721657731,2021-11-06
63252.42476178271,1.032548799295216,2021-11-07
67589.00657928495,1.136610510972596,2021-11-08
66945.69883396852,1.1129190271940033,2021-11-09
64818.21602921305,1.0524402844430871,2021-11-10
64816.13453056888,1.045439844263079,2021-11-11
64282.438060508306,1.0191107144973142,2021-11-12
64468.22210883111,1.022803534467728,2021-11-13
65342.41990215841,1.0430107697483273,2021-11-14
63743.399959489085,0.9921591719626353,2021-11-15
60312.902355847786,0.8916943171832362,2021-11-16
60357.17150473297,0.884626392935538,2021-11-17
56875.86578270761,0.7756627077560896,2021-11-18
58130.998447175196,0.8025147317523813,2021-11-19
59767.49239601791,0.8419408969536779,2021-11-20
58653.93706354738,0.8013081277619086,2021-11-21
56345.421342238486,0.7242234484120903,2021-11-22
57599.536234919666,0.7530912019590427,2021-11-23
57185.986384863936,0.731033655840331,2021-11-24
58927.890687830026,0.7729344417220735,2021-11-25
53761.70172458773,0.6159788418516924,2021-11-26
54542.06360428747,0.6386693831883539,2021-11-27
57201.70801545579,0.7205719377696809,2021-11-28
57816.06529203574,0.7397828411206346,2021-11-29
56915.51221084483,0.7117476528739959,2021-11-30
57182.67601379536,0.7153908006940292,2021-12-01
56448.44868071566,0.6922856371653181,2021-12-02
53765.79648309126,0.6101546552261683,2021-12-03
48962.920993272506,0.4474207586361046,2021-12-04
49174.902908060714,0.4460230472568879,2021-12-05
50492.43559639025,0.4828426547068711,2021-12-06
50592.088497950775,0.4786436944231813,2021-12-07
50521.23639994827,0.4734651992603521,2021-12-08
47911.076404276886,0.37994944259796487,2021-12-09
47262.23744299545,0.35443137693899723,2021-12-10
49354.08716867792,0.4325282106294654,2021-12-11
50118.920959284056,0.4622956245781405,2021-12-12
46762.482528056156,0.34232637603431726,2021-12-13
48413.70564738807,0.40136577976840754,2021-12-14
48819.849347231386,0.4152880348788921,2021-12-15
47695.28039490217,0.374274132301118,2021-12-16
46326.91959569937,0.3204134977474934,2021-12-17
46962.91334059254,0.33638267890262025,2021-12-18
46791.896055954865,0.3204533599554196,2021-12-19
46853.71063454527,0.3162744448456892,2021-12-20
48957.19391098451,0.38560731420748123,2021-12-21
48646.43337566828,0.3681546146444134,2021-12-22
50770.61418965044,0.4380179640873416,2021-12-23
50864.328952351185,0.44134520024047924,2021-12-24
50649.92614866225,0.4359177443748424,2021-12-25
50806.442175331875,0.44275599476874583,2021-12-26
50610.956802940294,0.4350256879368895,2021-12-27
47669.740372077125,0.32579771712137745,2021-12-28
46407.595489642925,0.27084791615562126,2021-12-29
47188.3205500879,0.29106642837703,2021-12-30
46328.94313808985,0.24748151820282108,2021-12-31
47620.42381093365,0.2865930734910035,2022-01-01
47344.843409743444,0.2676120725284631,2022-01-02
46467.61579525452,0.224753497299194,2022-01-03
45926.76178657015,0.19501632383423,2022-01-04
43589.355683071975,0.0945427485435947,2022-01-05
43154.45522485052,0.0666413941324317,2022-01-06
41564.23901043853,-0.011551313453328854,2022-01-07
41744.05783198559,-0.02009590949977337,2022-01-08
41910.512267790305,-0.03067386723595157,2022-01-09
41820.01786922383,-0.04751925518497685,2022-01-10
42721.69548372346,-0.018969205040877207,2022-01-11
43935.643984912276,0.026521224465310134,2022-01-12
42596.12337643765,-0.027865268474401877,2022-01-13
43101.3359962645,-0.005063307706421022,2022-01-14
43198.869861811894,0.0010791094100390808,2022-01-15
43122.787414431456,0.003724455290265938,2022-01-16
42235.18484870354,-0.0274485196557481,2022-01-17
42372.55327339866,-0.018592711031697795,2022-01-18
41731.94792084117,-0.048199619010905845,2022-01-19
40706.93154831686,-0.09662199855550402,2022-01-20
36440.26576859994,-0.2947029647544823,2022-01-21
35036.944736200094,-0.3616633796568247,2022-01-22
36254.87985724281,-0.30292497808775987,2022-01-23
36656.19382217229,-0.2826282164079518,2022-01-24
36946.23828321742,-0.26941556830286295,2022-01-25
36851.36987997062,-0.2735938782382427,2022-01-26
37148.322279089225,-0.2576153551252849,2022-01-27
37789.47882001971,-0.21786075763351392,2022-01-28
38137.47269687042,-0.19973947373768924,2022-01-29
37936.32877743922,-0.20801168584830854,2022-01-30
38455.68966345568,-0.19505535999217571,2022-01-31
38784.50229870542,-0.18248410007212093,2022-02-01
36924.10239441575,-0.2711254379507383,2022-02-02
37018.587002679,-0.2696463976672928,2022-02-03
41516.07281915828,-0.07090623075099348,2022-02-04
41421.47643291107,-0.07667651225938216,2022-02-05
42411.10429027431,-0.034721489559163876,2022-02-06
43921.9643782471,0.025698120788188422,2022-02-07
44110.316690606414,0.030831050556583667,2022-02-08
44347.12092966353,0.033125958775303305,2022-02-09
43548.071888708066,-0.005635001638131354,2022-02-10
42407.68766214749,-0.06075813119347173,2022-02-11
42198.751431602344,-0.08099506551746126,2022-02-12
42242.10014713128,-0.08979024627864643,2022-02-13
42601.715072115156,-0.08473400856566808,2022-02-14
44600.784173821485,-0.014196005589015376,2022-02-15
43980.5145592428,-0.042167750133271675,2022-02-16
40548.839847068106,-0.19249110759138469,2022-02-17
40031.590538056174,-0.22430557033275772,2022-02-18
40127.36921662781,-0.2255897116405061,2022-02-19
38460.391217218545,-0.31315690674850616,2022-02-20
37012.56063944516,-0.39585392160021865,2022-02-21
38314.64973454055,-0.3484760561413321,2022-02-22
37311.625612215976,-0.40872289734884054,2022-02-23
38305.92776288476,-0.3624159839555384,2022-02-24
39216.70043785011,-0.31867110083308237,2022-02-25
39048.12227487686,-0.3231954709401614,2022-02-26
37721.43341561039,-0.38016318149653283,2022-02-27
43204.6016302955,-0.12317019646711508,2022-02-28
44348.19642695179,-0.06031635802351948,2022-03-01
43936.409710091975,-0.06579317284332933,2022-03-02
42459.603765909036,-0.12242181297546828,2022-03-03
39146.88446939763,-0.26772821462893026,2022-03-04
39416.46268753545,-0.25557240604804055,2022-03-05
38423.618936056046,-0.3030650183105331,2022-03-06
38018.649504925204,-0.3299904199454382,2022-03-07
38726.30210218777,-0.3094066451874419,2022-03-08
41977.383461872,-0.17011967335127487,2022-03-09
39455.231918722646,-0.29153447204123345,2022-03-10
38811.49634111457,-0.32676803969056023,2022-03-11
38934.943562897264,-0.33041412540983095,2022-03-12
37835.34056652247,-0.39034468901716063,2022-03-13
39618.09329122494,-0.31791137589419743,2022-03-14
39322.548492400296,-0.3387810477602566,2022-03-15
41144.92683386696,-0.2633861975342598,2022-03-16
40948.66565644693,-0.2712776454818383,2022-03-17
41819.07160191575,-0.23234613388037334,2022-03-18
42189.93851884893,-0.21254608414490134,2022-03-19
41245.0600499595,-0.2495582454315816,2022-03-20
41080.71049313168,-0.25267969747213903,2022-03-21
42356.043586636035,-0.19318894510901002,2022-03-22
42893.50667956705,-0.1677494081880711,2022-03-23
43957.60834926645,-0.12324657509582759,2022-03-24
44383.25712701017,-0.10210867871163926,2022-03-25
44521.22390547208,-0.08893831675634614,2022-03-26
46823.671757069,0.00941604281289321,2022-03-27
47063.11400761026,0.02229768587932701,2022-03-28
47488.167076256184,0.04338409797675158,2022-03-29
47098.9030284521,0.029137641261056085,2022-03-30
45558.26359492149,-0.03303327271858117,2022-03-31
46259.21355292148,-0.010387954736084504,2022-04-01
45892.87697835152,-0.030545661244836986,2022-04-02
46440.88788145864,-0.014346700323986133,2022-04-03
46617.08557999999,-0.010334671560862041,2022-04-04
45581.29363685984,-0.055784961583175474,2022-04-05
43200.531454831995,-0.15675079417550383,2022-04-06
43526.58280559332,-0.14486846267421233,2022-04-07
42307.70715376531,-0.19775042936013432,2022-04-08
42772.67059905884,-0.18070591941875103,2022-04-09
42268.733034196666,-0.2056842079373093,2022-04-10
39506.75336961831,-0.33609192997249193,2022-04-11
40168.556330824256,-0.31387728514044255,2022-04-12
41161.49873770926,-0.27525450529892714,2022-04-13
39919.97210059123,-0.3391002985834262,2022-04-14
40546.2846225431,-0.3186483383511316,2022-04-15
40424.48329332248,-0.3303696010852209,2022-04-16
39722.81541401445,-0.3671262157151832,2022-04-17
40830.99198417304,-0.3168651502351084,2022-04-18
41502.28247948957,-0.283204974481533,2022-04-19
41374.37820120313,-0.2872511091280811,2022-04-20
40527.36408353853,-0.31998666651937757,2022-04-21
39740.3198538771,-0.34856104668765475,2022-04-22
39486.728711324504,-0.3522992328534589,2022-04-23
39485.89575200251,-0.34410469586747283,2022-04-24
40480.77421078146,-0.2909932836150655,2022-04-25
38069.26542510226,-0.39817963054434036,2022-04-26
39240.46981342193,-0.34464780665116823,2022-04-27
39755.269132457004,-0.32097481209605616,2022-04-28
38600.15334653246,-0.37539064599414745,2022-04-29
37716.88447570866,-0.4202419869355643,2022-04-30
38480.583526462186,-0.391820295988352,2022-05-01
38531.468718772856,-0.3987025196480969,2022-05-02
37751.445816108404,-0.44253909450637624,2022-05-03
39693.11146084015,-0.35518839471071956,2022-05-04
36566.416494445504,-0.5038095047891811,2022-05-05
36054.160120902285,-0.5333420653475768,2022-05-06
35542.908406590104,-0.563708226621084,2022-05-07
33987.64136065116,-0.6486252476770938,2022-05-08
30384.579816402456,-0.8561769697640345,2022-05-09
31007.75508938427,-0.8274301604862371,2022-05-10
28900.18388178579,-0.9603785184081064,2022-05-11
29100.432458341842,-0.9576389670095844,2022-05-12
29260.857127744304,-0.9497120843124939,2022-05-13
30100.30606294746,-0.8999667514047135,2022-05-14
31300.556130751156,-0.8266200648249988,2022-05-15
29872.995474244934,-0.9006952044405601,2022-05-16
30440.96499625081,-0.8571564960050755,2022-05-17
28762.383964256107,-0.9475652180705603,2022-05-18
30339.662183305405,-0.8370247646898021,2022-05-19
29214.74441852466,-0.8910909907723247,2022-05-20
29423.897190124913,-0.8693967148066855,2022-05-21
30340.59826685322,-0.8031253056203358,2022-05-22
29113.477498262575,-0.8676089865974739,2022-05-23
29659.86374083428,-0.8223204975974381,2022-05-24
29571.57167099086,-0.8199681707523684,2022-05-25
29337.480184648204,-0.829170667465502,2022-05-26
28607.080774661168,-0.8761393906449282,2022-05-27
29030.561174001778,-0.8473323939017176,2022-05-28
29424.7278790451,-0.8219611714945202,2022-05-29
31703.036055187767,-0.6798857857893355,2022-05-30
31835.105083041748,-0.6702510270331803,2022-05-31
29791.517810438825,-0.7860333173963535,2022-06-01
30467.90705585703,-0.7397951146432606,2022-06-02
29715.661422085002,-0.7794093186731256,2022-06-03
29828.900897983014,-0.7707578518685883,2022-06-04
29902.225848888178,-0.7666659443724179,2022-06-05
31372.190936767518,-0.6822601018018288,2022-06-06
31164.901109324943,-0.6938845426007565,2022-06-07
30217.64285592475,-0.742609284466536,2022-06-08
30112.46852410158,-0.7438358832349521,2022-06-09
29082.150028149434,-0.8057467152606301,2022-06-10
28359.078867995013,-0.8489739490126494,2022-06-11
26773.588380931466,-0.9572455419162857,2022-06-12
22499.379928266026,-1.2749722243075259,2022-06-13
22202.80373035947,-1.3109058899107084,2022-06-14
22567.626204135697,-1.2990360991580436,2022-06-15
20368.602765294407,-1.5046869820221453,2022-06-16
20468.644712732967,-1.5064270641198751,2022-06-17
19021.819037789017,-1.6472396839787538,2022-06-18
20526.50952900035,-1.5174399950918271,2022-06-19
20642.670082731303,-1.5087291288245481,2022-06-20
20722.602939599212,-1.497939182354213,2022-06-21
19984.716873026868,-1.554540966043986,2022-06-22
21080.30984958121,-1.4475004051489764,2022-06-23
21266.22773041428,-1.4224686946811265,2022-06-24
21481.2629610279,-1.3926018923254686,2022-06-25
21037.04513372802,-1.4217307055148853,2022-06-26
20739.18434332764,-1.4395616566245384,2022-06-27
20281.265089953085,-1.476580281809973,2022-06-28
20089.31869066755,-1.4950635319244516,2022-06-29
19763.695277436553,-1.5274177925949888,2022-06-30
19329.323524347074,-1.5697463312648352,2022-07-01
19241.92810316329,-1.5784313967803845,2022-07-02
19298.575155335348,-1.5778005403462831,2022-07-03
20251.369453773485,-1.495840296178729,2022-07-04
20176.558871836114,-1.5012782168794838,2022-07-05
20561.936326142866,-1.4626284922954904,2022-07-06
21645.87168703984,-1.3634784646937872,2022-07-07
21822.087776400476,-1.3395360187768093,2022-07-08
21588.65287199158,-1.3488254818441625,2022-07-09
20856.264413347573,-1.4041362365663765,2022-07-10
19991.53678385885,-1.4734927871085137,2022-07-11
19321.7059522949,-1.531343790114477,2022-07-12
20196.930717454707,-1.4517026661713806,2022-07-13
20573.824807352277,-1.4174108315674718,2022-07-14
20828.23129932541,-1.3923010328913787,2022-07-15
21196.973531006144,-1.3590047117935078,2022-07-16
20824.42194398994,-1.384867699771738,2022-07-17
22390.399829502956,-1.2491136054762295,2022-07-18
23396.615518247112,-1.1566675694638957,2022-07-19
23318.160458877563,-1.1519615045433422,2022-07-20
23157.536312165128,-1.151581788550235,2022-07-21
22716.563626122297,-1.177553100462948,2022-07-22
22479.522933800858,-1.191992015811062,2022-07-23
22625.680262281858,-1.1780585740881495,2022-07-24
21387.866601532147,-1.279600999826107,2022-07-25
21214.412254926883,-1.300478848529683,2022-07-26
22905.32014678014,-1.1765677656531826,2022-07-27
23839.51203387143,-1.1203909375047485,2022-07-28
23813.793505656096,-1.1306924012307848,2022-07-29
23657.61728929146,-1.1501826736602414,2022-07-30
23341.207845733727,-1.1835837813046397,2022-07-31
23318.6741289877,-1.1905085755250386,2022-08-01
22981.640631825696,-1.2168951703691842,2022-08-02
22852.694401739096,-1.2277072117398844,2022-08-03
22640.395589148175,-1.2427782238007028,2022-08-04
23248.453926312846,-1.196274894043471,2022-08-05
22968.076008948778,-1.2183085363464832,2022-08-06
23172.967968987487,-1.2029011620528118,2022-08-07
23801.349751106758,-1.158407033317264,2022-08-08
23173.138371556353,-1.207103629607311,2022-08-09
23933.801912690622,-1.1577288045983614,2022-08-10
23958.28242853316,-1.162329924287294,2022-08-11
24404.61607193963,-1.1345743332725295,2022-08-12
24431.26867136331,-1.1328957832058604,2022-08-13
24325.84052361464,-1.1429501302060021,2022-08-14
24147.30782454935,-1.1564387460216494,2022-08-15
23892.484439590542,-1.175940394915017,2022-08-16
23318.944335455068,-1.2173237297141974,2022-08-17
23217.33129464767,-1.2241988172609393,2022-08-18
20882.650706712266,-1.4099785083347944,2022-08-19
21169.07667228611,-1.393452437498525,2022-08-20
21541.531833365298,-1.36862615547611,2022-08-21
21371.39526322777,-1.387532695681473,2022-08-22
21526.16649593973,-1.3803172508703787,2022-08-23
21399.62537870256,-1.396358608692224,2022-08-24
21604.064567061592,-1.3848283015217249,2022-08-25
20233.205290858477,-1.501558256986453,2022-08-26
20059.369459056717,-1.5168341417189142,2022-08-27
19649.719186255137,-1.5540885074000093,2022-08-28
20284.900681060197,-1.4998694960968262,2022-08-29
19790.327948931073,-1.5425404618270862,2022-08-30
20044.007643010933,-1.518936364822717,2022-08-31
20114.411403902308,-1.5130167346029737,2022-09-01
19945.951742263733,-1.5251458313726112,2022-09-02
19815.049541111643,-1.5375505655598927,2022-09-03
19978.806659898455,-1.5214644856268076,2022-09-04
19832.617272901698,-1.5340496727048416,2022-09-05
18849.675355597625,-1.62292273721582,2022-09-06
19290.038203884116,-1.5889566654363947,2022-09-07
19328.261130636736,-1.5845068338363633,2022-09-08
21366.23149989915,-1.4060735307920318,2022-09-09
21678.07543481021,-1.3721337245620258,2022-09-10
21766.32741685076,-1.354405496953377,2022-09-11
22334.58242338902,-1.2985913878262005,2022-09-12
20189.698956371427,-1.4583849571197403,2022-09-13
20253.946038549326,-1.4415385834016525,2022-09-14
19713.198530982874,-1.483953092645898,2022-09-15
19755.130499405703,-1.4838037920805016,2022-09-16
20132.063025997544,-1.4546191870925103,2022-09-17
19415.1877230739,-1.521600852168234,2022-09-18
19562.55262957902,-1.5151334967034757,2022-09-19
18883.718622870616,-1.5764662361647934,2022-09-20
18536.027129914833,-1.606767390353978,2022-09-21
19419.039989088684,-1.520594736461927,2022-09-22
19305.21772159943,-1.5249350340101446,2022-09-23
18945.014357508022,-1.5544323667345594,2022-09-24
18794.861261685764,-1.5629293994984201,2022-09-25
19204.721621491597,-1.5204066053585719,2022-09-26
19114.07327902847,-1.5216037467373003,2022-09-27
19429.814118028236,-1.4884280083425296,2022-09-28
19542.477991447384,-1.4767301740247667,2022-09-29
19451.411178051847,-1.4796313894415116,2022-09-30
19309.761423934586,-1.487714480321272,2022-10-01
19047.29313787495,-1.5144099430436413,2022-10-02
19623.384251089832,-1.4674459135689681,2022-10-03
20336.30525179335,-1.4086074911277313,2022-10-04
20166.13187675746,-1.427545754615001,2022-10-05
19952.078905905397,-1.4572778293766802,2022-10-06
19545.95094878133,-1.510399849741717,2022-10-07
19412.58427765209,-1.5329215354086307,2022-10-08
19443.80179746376,-1.533789799258006,2022-10-09
19141.06149373096,-1.5678233801414116,2022-10-10
19049.863257946294,-1.5843301152081612,2022-10-11
19157.540765846337,-1.5848594292236904,2022-10-12
19385.411267196836,-1.5691893161976163,2022-10-13
19186.282344027924,-1.5868678173300967,2022-10-14
19066.577628242096,-1.599528995496077,2022-10-15
19266.889583766584,-1.5893514745870174,2022-10-16
19552.725505162634,-1.5682732010379177,2022-10-17
19338.522771006774,-1.5916820609655777,2022-10-18
19137.395191910455,-1.6110013757349022,2022-10-19
19050.92296687311,-1.6259431511417133,2022-10-20
19175.577943532553,-1.6223610829988782,2022-10-21
19207.513247208608,-1.6216095081272441,2022-10-22
19569.500491810795,-1.5867356660130034,2022-10-23
19342.95049774379,-1.6046886914233627,2022-10-24
20100.359604506957,-1.5365850450110472,2022-10-25
20777.237874509534,-1.476002426908826,2022-10-26
20285.275882113376,-1.5070003449703646,2022-10-27
20601.858817695433,-1.4699699057536528,2022-10-28
20817.57063369631,-1.4446099260301166,2022-10-29
20632.63217707936,-1.455762371013772,2022-10-30
20499.21976983443,-1.4614950996752438,2022-10-31
20481.88036857486,-1.4605815861204015,2022-11-01
20162.89323579758,-1.4844418192471065,2022-11-02
20204.764508071905,-1.4824979820302815,2022-11-03
21149.027552061092,-1.4091703074269601,2022-11-04
21276.101571165622,-1.3973280231693417,2022-11-05
20932.95670949809,-1.4208389965069084,2022-11-06
20593.726758404704,-1.4440057315255392,2022-11-07
18534.268954303996,-1.6203990100020529,2022-11-08
15863.344442053849,-1.8842800730135134,2022-11-09
17571.845599107495,-1.7221768489309954,2022-11-10
17008.58460348133,-1.7812243783706951,2022-11-11
16798.10588757484,-1.807932221372821,2022-11-12
16346.559408915966,-1.8598533262942183,2022-11-13
16634.915116692307,-1.837284164208431,2022-11-14
16867.778753046132,-1.8169755440230788,2022-11-15
16663.07851199409,-1.8275493458635084,2022-11-16
16686.21577138809,-1.8192958842959324,2022-11-17
16695.351767196946,-1.8064241260176706,2022-11-18
16717.710302660806,-1.7969070213333076,2022-11-19
16287.915327506316,-1.833098710969676,2022-11-20
15797.530616084778,-1.8787382217323019,2022-11-21
16178.883701742954,-1.8361097790332468,2022-11-22
16622.307375772878,-1.7860314971630245,2022-11-23
16589.331962069104,-1.7858688753865124,2022-11-24
16526.632319993307,-1.7883134443524207,2022-11-25
16470.60789995506,-1.7949650310153034,2022-11-26
16449.99694972861,-1.7919725104167659,2022-11-27
16221.619747480898,-1.807017756459235,2022-11-28
16447.88398785202,-1.7807687498974507,2022-11-29
17178.315406927904,-1.708648912554251,2022-11-30
16962.986404228788,-1.7259573674840567,2022-12-01
17076.29878343368,-1.7118764662135113,2022-12-02
16915.710104628237,-1.7228976665228621,2022-12-03
17137.597160609894,-1.6986535077347171,2022-12-04
16974.709589802966,-1.705026577757505,2022-12-05
17085.275987679506,-1.6859621834078156,2022-12-06
16850.772515619134,-1.7037849191792214,2022-12-07
17243.517501740178,-1.6606161151561827,2022-12-08
17137.659171909483,-1.664809329245674,2022-12-09
17124.015477820216,-1.6594111161674407,2022-12-10
17102.83939520771,-1.6564246210327094,2022-12-11
17211.814017390923,-1.6459477408673964,2022-12-12
17783.960092986246,-1.5920625101847665,2022-12-13
17827.323893486162,-1.5820097644214062,2022-12-14
17371.062381647283,-1.6223321135933988,2022-12-15
16626.236339648294,-1.6936696664714153,2022-12-16
16800.22994630168,-1.6773426118328418,2022-12-17
16777.875946924985,-1.679578877496807,2022-12-18
16450.95417642902,-1.7104138212206355,2022-12-19
16899.81654278975,-1.6653495289006774,2022-12-20
16810.931353941887,-1.6759786816663094,2022-12-21
16829.605383463084,-1.6756768909368098,2022-12-22
16795.752196334197,-1.6775718342916928,2022-12-23
16850.464096804895,-1.6749263715320926,2022-12-24
16838.620225324925,-1.6805953502386641,2022-12-25
16892.583089155054,-1.6778338532902242,2022-12-26
16711.68712786828,-1.7002717747477647,2022-12-27
16547.566869596216,-1.7201473599123185,2022-12-28
16633.730496622004,-1.7100287807508339,2022-12-29
16605.92243616084,-1.7106585881952028,2022-12-30
16553.336986575105,-1.7117599845697944,2022-12-31
16620.819926680455,-1.7012984826630841,2023-01-01
16693.930009097385,-1.6914825465950396,2023-01-02
16682.715885309375,-1.688901354526284,2023-01-03
16865.15975485146,-1.6662833812077724,2023-01-04
16841.821595524252,-1.665694993081464,2023-01-05
16961.05741131378,-1.6495031221536574,2023-01-06
16950.888235989467,-1.6448446997577828,2023-01-07
17057.224457919016,-1.6284161692155286,2023-01-08
17190.709689133,-1.608697959359615,2023-01-09
17437.107150361127,-1.5781071598854373,2023-01-10
17915.65251524473,-1.5261660653128806,2023-01-11
18869.857175796245,-1.4328183497964548,2023-01-12
19865.27358276288,-1.3410023738655248,2023-01-13
21020.72155064192,-1.2356343543437958,2023-01-14
20873.352880342638,-1.2374252870503022,2023-01-15
21171.400108633272,-1.2043466010505874,2023-01-16
21187.13555809042,-1.1942710342710594,2023-01-17
20722.71808503464,-1.2236310749310602,2023-01-18
21067.802828202995,-1.1911248677574962,2023-01-19
22664.23598547725,-1.064072925250221,2023-01-20
22795.682534805237,-1.0499960722735553,2023-01-21
22715.780947987507,-1.04627583563574,2023-01-22
22954.110863578117,-1.0185907317125074,2023-01-23
22625.995897502617,-1.0333621936316684,2023-01-24
23149.5513940547,-0.9864093614959437,2023-01-25
23023.944572856795,-0.9862389838838433,2023-01-26
23071.798990193765,-0.9774592425260524,2023-01-27
23015.461679885702,-0.9783376691441321,2023-01-28
23773.985940647322,-0.9261068488383736,2023-01-29
22813.37972271359,-0.9995806697384088,2023-01-30
23137.16102895742,-0.9790371686924472,2023-01-31
23711.52762911039,-0.9416444181606317,2023-02-01
23494.436388637838,-0.9596240818202618,2023-02-02
23459.953587940785,-0.9626138694252452,2023-02-03
23318.747995030815,-0.9731535495523196,2023-02-04
22965.072230637783,-1.0057591700958484,2023-02-05
22768.971773856076,-1.0252890096502751,2023-02-06
23273.984336069887,-0.9957399800814963,2023-02-07
22945.945606612167,-1.0287902417158397,2023-02-08
21835.070474351407,-1.121735501412522,2023-02-09
21641.69281260423,-1.1508828886218176,2023-02-10
21871.615072334112,-1.1461699211208618,2023-02-11
21768.024951463125,-1.1581709399635256,2023-02-12
21816.4969923938,-1.1579016612022381,2023-02-13
22226.89579602301,-1.1296787205286651,2023-02-14
24295.78232684403,-0.978814342405022,2023-02-15
23657.250699214906,-1.0209335485869908,2023-02-16
24577.916547537967,-0.9510988077735091,2023-02-17
24636.182656897337,-0.9385458351804383,2023-02-18
24359.163469117113,-0.9497045735097499,2023-02-19
24801.82540365762,-0.911578932673882,2023-02-20
24412.776676307418,-0.9301266155576967,2023-02-21
24190.5007953479,-0.9403878586191858,2023-02-22
23946.336654247774,-0.9514527326876066,2023-02-23
23203.82540474613,-1.0006093444948236,2023-02-24
23169.27307984902,-1.0039554503591623,2023-02-25
23540.451272020735,-0.9790616567113593,2023-02-26
23519.86397926934,-0.9828975384746905,2023-02-27
23159.353803700138,-1.0107122632420436,2023-02-28
23652.749773776173,-0.9855465514493627,2023-03-01
23479.32188706886,-1.007643796591739,2023-03-02
22359.217209688275,-1.1010508126828162,2023-03-03
22347.343924232096,-1.1101244074951995,2023-03-04
22442.474538898794,-1.1055771042267717,2023-03-05
22428.676393518344,-1.1103615458877711,2023-03-06
22221.313226919403,-1.1272915652789384,2023-03-07
21723.276831259012,-1.1642880527637633,2023-03-08
20370.74661110651,-1.2726183316451594,2023-03-09
20176.78764593187,-1.2908330509392418,2023-03-10
20663.89719135908,-1.2513156941775252,2023-03-11
22123.742226945214,-1.1376431266630465,2023-03-12
24156.667897069296,-0.9872166595831635,2023-03-13
24781.78527959265,-0.9396020728737882,2023-03-14
24377.294010428475,-0.9644165942302354,2023-03-15
25050.149260649938,-0.9082256838938172,2023-03-16
27399.951852648937,-0.7391903956496577,2023-03-17
26954.365598303048,-0.7544579581204405,2023-03-18
28101.0152763422,-0.6759228832404698,2023-03-19
27716.68596411194,-0.6977643388132444,2023-03-20
28151.325120805166,-0.6709805916097347,2023-03-21
27328.397630955416,-0.7187846235599494,2023-03-22
28335.162072349918,-0.6569858376212244,2023-03-23
27446.942553907422,-0.7139467069177431,2023-03-24
27488.802455098434,-0.7148501772023393,2023-03-25
28013.827723292638,-0.6871295224703913,2023-03-26
27158.49930246268,-0.7449964304568368,2023-03-27
27270.262932972306,-0.7467675731723303,2023-03-28
28349.63275109303,-0.6900414759483801,2023-03-29
28021.210388332405,-0.7069870585988587,2023-03-30
28479.228718902847,-0.683716542251229,2023-03-31
28473.56837782141,-0.685123735266134,2023-04-01
28194.102231885154,-0.7041879536443914,2023-04-02
27767.63785170151,-0.7312557010537717,2023-04-03
28167.697403943024,-0.7057835458383417,2023-04-04
28173.736291600682,-0.7063410772310352,2023-04-05
28041.19753100738,-0.7129519225875416,2023-04-06
27924.68058882831,-0.7172475704447558,2023-04-07
27942.767665628813,-0.7151415479211513,2023-04-08
28340.416853780815,-0.687391757315656,2023-04-09
29628.54437551461,-0.6065469774381931,2023-04-10
30254.021967481985,-0.5654999125761714,2023-04-11
29887.199958781384,-0.5774624050826245,2023-04-12
30391.673895501157,-0.5408985377225982,2023-04-13
30476.95173862477,-0.5308142376928717,2023-04-14
30311.345451635145,-0.5329664666917061,2023-04-15
30307.756522115076,-0.5286794588825263,2023-04-16
29459.37964860508,-0.5753965977794709,2023-04-17
30374.50558723556,-0.5217940749140946,2023-04-18
28787.57627508887,-0.6175613203586388,2023-04-19
28262.494090942444,-0.6540292628774975,2023-04-20
27284.58168883573,-0.7194582427936602,2023-04-21
27809.96300881529,-0.6914034233489841,2023-04-22
27598.759708663023,-0.7078824002267878,2023-04-23
27524.767020567222,-0.71450801140263,2023-04-24
28336.037969616555,-0.6678936159812614,2023-04-25
28377.978077009207,-0.6664599189833261,2023-04-26
29474.46553214314,-0.5965780840028305,2023-04-27
29357.33431409007,-0.5984773254765277,2023-04-28
29231.586577884973,-0.6032213597337172,2023-04-29
29325.839942609797,-0.5940035796113343,2023-04-30
28095.04191635984,-0.664674157736282,2023-05-01
28648.368858135924,-0.6303331873203502,2023-05-02
29007.545886281336,-0.6070913617314562,2023-05-03
28844.32301675311,-0.6176838278510652,2023-05-04
29524.609260071302,-0.5783995110699252,2023-05-05
28917.360787434176,-0.6118374108794937,2023-05-06
28441.368038323788,-0.6424709453926832,2023-05-07
27716.36726269018,-0.6849965619632048,2023-05-08
27652.946629825146,-0.6851834814342221,2023-05-09
27611.858126547642,-0.6803751155014657,2023-05-10
27002.493000172744,-0.7130045926254359,2023-05-11
26817.235476950114,-0.7159631185925043,2023-05-12
26803.493662934154,-0.7102848532297475,2023-05-13
26916.442275472484,-0.6969959604089309,2023-05-14
27197.153592811548,-0.6731738510152693,2023-05-15
27028.621511356065,-0.6808508273492216,2023-05-16
27402.01958000473,-0.6566157137775337,2023-05-17
26834.61274945016,-0.6914577868265963,2023-05-18
26876.99632127679,-0.6877442712945844,2023-05-19
27123.23025846794,-0.6731533055658545,2023-05-20
26754.833172103663,-0.6967217672996135,2023-05-21
26854.945819255605,-0.6903700527202066,2023-05-22
27222.424868350903,-0.6650719614266727,2023-05-23
26342.006519090177,-0.7221369689975279,2023-05-24
26477.09720314349,-0.7127256982076312,2023-05-25
26719.11654816123,-0.6981667074230063,2023-05-26
26868.22841128472,-0.686936137831728,2023-05-27
28107.05501166292,-0.6062785706470063,2023-05-28
27753.18340888466,-0.6255730431014821,2023-05-29
27705.13798975791,-0.6262051233861952,2023-05-30
27228.568804595274,-0.6580604500238673,2023-05-31
26816.713027740294,-0.6864906498607819,2023-06-01
27247.550684674574,-0.6581750997072067,2023-06-02
27066.7495139147,-0.67045407172938,2023-06-03
27100.67253528046,-0.6715932305033052,2023-06-04
25770.957102030523,-0.7614817953430075,2023-06-05
27208.730403482336,-0.6700340959947814,2023-06-06
26354.280004989407,-0.725148274659168,2023-06-07
26518.652024648498,-0.7135762084020221,2023-06-08
26488.60896191271,-0.7171117457746319,2023-06-09
25862.006390844374,-0.7586726180972094,2023-06-10
25917.197734457386,-0.7556029338659643,2023-06-11
25898.42298195509,-0.7536134295631418,2023-06-12
25897.153585558786,-0.7504092081465752,2023-06-13
25122.962560064232,-0.7896627373554289,2023-06-14
25565.913416730844,-0.7458724431283723,2023-06-15
26322.863966129666,-0.6824648819195248,2023-06-16
26517.594549064645,-0.6501972105504079,2023-06-17
26325.890181020062,-0.644320122656196,2023-06-18
26783.247196944085,-0.5921690665153646,2023-06-19
28363.135028314235,-0.4752666696753773,2023-06-20
30038.519709239063,-0.36406681676629127,2023-06-21
29915.44030512156,-0.3597739031393596,2023-06-22
30622.93364729128,-0.3056711879899595,2023-06-23
30542.42425169211,-0.3047261751563816,2023-06-24
30464.376844249182,-0.3034289195907574,2023-06-25
30286.01992715319,-0.31327404925945623,2023-06-26
30725.454353484343,-0.2861974591406774,2023-06-27
30091.639756842567,-0.32226865050294407,2023-06-28
30458.25082527999,-0.2990077312781678,2023-06-29
30490.79151531946,-0.298637532187746,2023-06-30
30586.162609388637,-0.2901266034267149,2023-07-01
30622.236997230142,-0.28227523482621425,2023-07-02
31152.71345099531,-0.24506273487273736,2023-07-03
30791.354325502583,-0.2597392990528033,2023-07-04
30501.977712828342,-0.27396868658119283,2023-07-05
29995.78929501398,-0.30181548590305773,2023-07-06
30321.16437340287,-0.2844947161903745,2023-07-07
30270.047123742435,-0.29216447967807097,2023-07-08
30177.561426355973,-0.30398815360890497,2023-07-09
30399.567625261745,-0.2986823033972065,2023-07-10
30625.232132437995,-0.29042005034197566,2023-07-11
30386.18488430355,-0.30316671676146884,2023-07-12
31454.38545802463,-0.23898145657190362,2023-07-13
30326.141483997275,-0.3000266423351502,2023-07-14
30291.10855315059,-0.2985649110197762,2023-07-15
30232.865942206074,-0.29902349496880853,2023-07-16
30160.64713176639,-0.30220500766608266,2023-07-17
29854.16162945489,-0.3209454319099692,2023-07-18
29928.062633779253,-0.3234955643830586,2023-07-19
29795.75093290666,-0.34347779299867764,2023-07-20
29918.062245160505,-0.3440986237192324,2023-07-21
29748.925990767475,-0.3607373669759117,2023-07-22
30058.58125631577,-0.34793035440473563,2023-07-23
29181.39279934082,-0.40303799094093345,2023-07-24
29242.270071832383,-0.40470895494201653,2023-07-25
29339.2283738779,-0.3977316051669739,2023-07-26
29204.350222111545,-0.4018312065620297,2023-07-27
29320.936348486426,-0.392653603154087,2023-07-28
29359.272680810667,-0.39245220482716686,2023-07-29
29275.10910622398,-0.4012126232126415,2023-07-30
29229.676628312478,-0.4061183022219055,2023-07-31
29668.578113968357,-0.3813775181757261,2023-08-01
29150.178200398568,-0.41590666409393,2023-08-02
29175.816355589963,-0.4184575750758658,2023-08-03
29074.55254832058,-0.42418756363280524,2023-08-04
29045.616254230372,-0.4229445396377854,2023-08-05
29042.04802116779,-0.42172799754327434,2023-08-06
29179.454872828293,-0.4115964708563261,2023-08-07
29763.239718571713,-0.37677313365483023,2023-08-08
29578.60473505506,-0.38736483193387594,2023-08-09
29437.842638449863,-0.39489101675670124,2023-08-10
29401.40285882531,-0.398507866562742,2023-08-11
29416.320952191803,-0.3996072124304159,2023-08-12
29283.43307637891,-0.40933191599996765,2023-08-13
29412.662963212904,-0.4045274209996522,2023-08-14
29168.939310289417,-0.42221360003283137,2023-08-15
28716.95567567704,-0.4509367072530602,2023-08-16
26641.149017583273,-0.5853882265922611,2023-08-17
26047.655701857013,-0.6276886232523365,2023-08-18
26087.668151379323,-0.6290901026267165,2023-08-19
26188.294015057727,-0.6193622102364182,2023-08-20
26119.686599780398,-0.6215128488426716,2023-08-21
26023.458488996606,-0.6264142642839998,2023-08-22
26424.425885267043,-0.5973684215019208,2023-08-23
26139.04009454925,-0.6100592766513369,2023-08-24
26051.027696278252,-0.6098868474313214,2023-08-25
26006.671536422888,-0.6081444170648074,2023-08-26
26087.225224087328,-0.6007379660593696,2023-08-27
26108.558274788975,-0.5957695273260097,2023-08-28
27722.85715062194,-0.48408967990126545,2023-08-29
27301.802992845187,-0.5048987736972638,2023-08-30
25929.8273633107,-0.587471578372997,2023-08-31
25802.67758142681,-0.5915991123608628,2023-09-01
25862.66214030542,-0.5830729846778585,2023-09-02
25971.119276963313,-0.5746734378711486,2023-09-03
25818.20041658717,-0.5839222717194181,2023-09-04
25776.093195492627,-0.5910463977382326,2023-09-05
25755.84492577595,-0.5936267491167586,2023-09-06
26215.697676473963,-0.5593642628579555,2023-09-07
25903.455817156737,-0.5765186532579767,2023-09-08
25894.371678926407,-0.5739261721837661,2023-09-09
25841.89153717815,-0.5808725385376184,2023-09-10
25131.853610748836,-0.6337897288336537,2023-09-11
25851.238275387826,-0.589761664950514,2023-09-12
26230.41129600612,-0.5700461245189553,2023-09-13
26536.08220778043,-0.5532276081508732,2023-09-14
26647.223409797887,-0.5467034740589817,2023-09-15
26560.681826478944,-0.5512360137600851,2023-09-16
26527.935573605875,-0.5468557357354034,2023-09-17
26750.830658687613,-0.5250605073928095,2023-09-18
27225.165288012224,-0.4855319635751766,2023-09-19
27130.319893611046,-0.4809315468310838,2023-09-20
26565.444330587725,-0.5118444211056672,2023-09-21
26580.948241165996,-0.505011281482213,2023-09-22
26579.711860935837,-0.5035913733191546,2023-09-23
26251.94000126036,-0.5234855341124971,2023-09-24
26301.84780924953,-0.5171869319909976,2023-09-25
26207.098840276893,-0.5232742053776582,2023-09-26
26351.923799727545,-0.5142517662827337,2023-09-27
27020.0201195083,-0.4714708730103849,2023-09-28
26918.04725949445,-0.4797103114633125,2023-09-29
26969.662422276026,-0.47579150989070085,2023-09-30
27971.720079662788,-0.4110813645516836,2023-10-01
27615.810922283403,-0.4311276723179765,2023-10-02
27442.04846351269,-0.4399286382580336,2023-10-03
27793.835595991313,-0.4166577781111012,2023-10-04
27435.1378448644,-0.4411622499393238,2023-10-05
27945.923371919063,-0.4101676735984162,2023-10-06
27972.86168328721,-0.40760380455363154,2023-10-07
27946.940819119573,-0.4096613432382189,2023-10-08
27589.872528307096,-0.4317631150104113,2023-10-09
27391.340515995755,-0.44524208025450795,2023-10-10
26839.4634565126,-0.47994522895904107,2023-10-11
26740.622279190473,-0.48335553022504857,2023-10-12
26846.408960513527,-0.47616568658121505,2023-10-13
26863.172256085036,-0.47580494064791035,2023-10-14
27147.722756725423,-0.45847763125717045,2023-10-15
28525.712165863904,-0.37211336263146194,2023-10-16
28418.949444907274,-0.37591552846296766,2023-10-17
28329.06095625457,-0.37989392284241,2023-10-18
28706.162829946654,-0.35415053076616276,2023-10-19
29681.53100155717,-0.2924833902963925,2023-10-20
29910.698211552164,-0.2726623829858066,2023-10-21
29976.48140937994,-0.2638557229769286,2023-10-22
32960.903130020706,-0.09816123887351823,2023-10-23
33832.92156782277,-0.04899419682963918,2023-10-24
34470.46130563398,-0.008762196538150663,2023-10-25
34168.19923008328,-0.018637708848033965,2023-10-26
33916.76423685646,-0.029321934171849695,2023-10-27
34097.529089996075,-0.017539345207188237,2023-10-28
34551.36503872739,0.007619554251509342,2023-10-29
34497.30370524424,0.0023231878386166943,2023-10-30
34653.68427295294,0.007000156461075727,2023-10-31
35421.13090383127,0.040961938839987104,2023-11-01
34934.74168206966,0.016936736949615158,2023-11-02
34740.1173306426,0.009975442911639737,2023-11-03
35070.047845688896,0.02739494213800646,2023-11-04
35053.76045609004,0.02565555111252936,2023-11-05
35032.64532058074,0.023682070753162962,2023-11-06
35448.2806676018,0.04334627356901559,2023-11-07
35708.93657636417,0.05456170559110128,2023-11-08
36718.29996585175,0.10820315861467274,2023-11-09
37327.71400679534,0.15427994332239742,2023-11-10
37128.810888320564,0.15673825484614684,2023-11-11
37057.80007585649,0.1707223039454461,2023-11-12
36534.6332410215,0.16497138384753748,2023-11-13
35534.1172334461,0.13541427742928108,2023-11-14
37964.89283231469,0.2653515227218389,2023-11-15
36208.80073710577,0.1900348802273317,2023-11-16
36549.8505906689,0.20088361712921082,2023-11-17
36580.419891496276,0.20412391626934812,2023-11-18
37420.24400937347,0.24341090413539865,2023-11-19
37485.769025447844,0.2467745437382497,2023-11-20
35969.24717751081,0.17629401893874524,2023-11-21
37459.03158130383,0.2463513399631819,2023-11-22
37289.77650556166,0.24234168851241802,2023-11-23
37727.33702846596,0.2630851665963712,2023-11-24
37803.473211033124,0.2679934005350905,2023-11-25
37484.80355503841,0.2536517753133879,2023-11-26
37269.400987279856,0.24375653833913202,2023-11-27
37793.216542398746,0.26850259484712746,2023-11-28
37827.18414956041,0.2669439912742026,2023-11-29
37714.61032287171,0.2605191318968728,2023-11-30
38670.53035776816,0.300766464449512,2023-12-01
39476.85929972383,0.335803430158295,2023-12-02
39944.90905195962,0.35575380907856763,2023-12-03
41968.89957669015,0.4405644963335215,2023-12-04
44139.714609322225,0.527567349756823,2023-12-05
43728.436862968534,0.5125771762425062,2023-12-06
43268.438483372134,0.4969090791044635,2023-12-07
44191.71400394974,0.5385109425003378,2023-12-08
43723.69223698158,0.5233939685519551,2023-12-09
43764.581031140384,0.5281897637268802,2023-12-10
41195.11550031206,0.42212715562845515,2023-12-11
41507.450692868144,0.4286978747348916,2023-12-12
42910.62699406455,0.48154850858028275,2023-12-13
43038.879007224794,0.48200946176775616,2023-12-14
41949.32730077563,0.43010487122494845,2023-12-15
42222.382849870126,0.4372122703870774,2023-12-16
41413.098228374394,0.40142087001978866,2023-12-17
42679.42154111001,0.45392762654910956,2023-12-18
42266.919591360835,0.4378979988675869,2023-12-19
43629.831486497875,0.4934987053123743,2023-12-20
43879.58748413267,0.5057051512445269,2023-12-21
44026.9012829493,0.5163804682395003,2023-12-22
43751.546442881096,0.508081857417551,2023-12-23
43047.90684478947,0.4806699267041984,2023-12-24
43624.10331637578,0.5030955455026298,2023-12-25
42529.022984375064,0.4565074805171174,2023-12-26
43414.9531275116,0.4863899622490716,2023-12-27
42624.57666725408,0.4517851095734196,2023-12-28
42077.0305270328,0.42606192361733675,2023-12-29
42215.290922134845,0.4288644916622733,2023-12-30
42225.16979763498,0.4276119952271693,2023-12-31
44152.226904436706,0.50360633542322,2024-01-01
44977.03809117667,0.5362932694254086,2024-01-02
42830.90420516804,0.44942293607595984,2024-01-03
44230.16258401395,0.49993318369102274,2024-01-04
44144.451255434375,0.49656992926310095,2024-01-05
43951.96306364309,0.48968553235672996,2024-01-06
43903.64941542597,0.4876611844436719,2024-01-07
46944.001216868666,0.6008153967172707,2024-01-08
46088.418790322816,0.5668552393576036,2024-01-09
46608.18980758818,0.5865802500262007,2024-01-10
46393.10014658561,0.5763815601686231,2024-01-11
42897.85848045561,0.437774977531205,2024-01-12
42838.73596987404,0.42741801466363394,2024-01-13
41769.43933665277,0.37366224899763645,2024-01-14
42582.921531398526,0.3870383155835045,2024-01-15
43152.49342662568,0.39243701041382983,2024-01-16
42730.92623338343,0.360064174714408,2024-01-17
41261.24249519073,0.2819608769918521,2024-01-18
41609.56250778722,0.28638240924119435,2024-01-19
41648.71864578855,0.27992872939033575,2024-01-20
41535.75916314732,0.26703330182056484,2024-01-21
39450.40187133021,0.16917982176436228,2024-01-22
39827.34939619788,0.17282080026723212,2024-01-23
40110.3806221753,0.17367290472061692,2024-01-24
39928.14467734016,0.15881400912673976,2024-01-25
41874.34393455977,0.23290480533567492,2024-01-26
42115.223478639076,0.23781149186269718,2024-01-27
42023.43720200737,0.23300835890128263,2024-01-28
43260.518364565825,0.28525553581821284,2024-01-29
42911.953177663134,0.27057197868794797,2024-01-30
42585.02506743466,0.2599879132944052,2024-01-31
43049.060500137675,0.28055040304046036,2024-02-01
43163.942721844,0.2848730979136115,2024-02-02
42978.42812586093,0.27719028046651517,2024-02-03
42597.652842411044,0.2613281430368418,2024-02-04
42660.52223439984,0.26073490186332254,2024-02-05
43100.80183361348,0.279373511889607,2024-02-06
44243.073358111855,0.3251807098155364,2024-02-07
45330.38151855335,0.3675256419777953,2024-02-08
47132.70022822099,0.4388958180377493,2024-02-09
47778.30304073163,0.47167188592164166,2024-02-10
48254.94409132965,0.49918138271396617,2024-02-11
49971.508918197025,0.5679140420387925,2024-02-12
49757.69965167232,0.5689220150739652,2024-02-13
51819.51461911969,0.6432761500180093,2024-02-14
51932.744115201516,0.6541348716198419,2024-02-15
52182.30523643026,0.6625385665870716,2024-02-16
51665.38478447679,0.6445376439815695,2024-02-17
52122.545455589316,0.6545881966061884,2024-02-18
51770.63461692279,0.6360582289693024,2024-02-19
52300.93374582081,0.6485400647902345,2024-02-20
51847.05828695659,0.625082786491085,2024-02-21
51321.394587837734,0.5995464912756623,2024-02-22
50723.74776329093,0.5763354511571952,2024-02-23
51569.852896552395,0.6024339867532941,2024-02-24
51730.16571220854,0.6097800940216678,2024-02-25
54521.831888333836,0.7026203648154572,2024-02-26
57040.002844995666,0.7790694573489485,2024-02-27
62547.6812033348,0.9337486236786616,2024-02-28
61296.28783919828,0.9023707715259115,2024-02-29
62486.38913275429,0.9381518146736748,2024-03-01
62022.12807711209,0.932448761462646,2024-03-02
63119.390901245846,0.9687570795040062,2024-03-03
68365.42639097848,1.104503190051808,2024-03-04
63889.51842693471,0.9881768831814373,2024-03-05
66125.97716824335,1.038392723288629,2024-03-06
66996.43550696514,1.05957553417427,2024-03-07
68350.04413064609,1.097291172037434,2024-03-08
68511.18707639222,1.1127845136083514,2024-03-09
68989.04103917917,1.1318412901959622,2024-03-10
72106.09190897494,1.2052890943697,2024-03-11
71455.53510572789,1.1891231214584548,2024-03-12
73104.5022761031,1.2116965565986257,2024-03-13
71401.28095361925,1.1642573723071308,2024-03-14
69522.72820350363,1.111314150636703,2024-03-15
65222.44086567228,0.9895320704676298,2024-03-16
68550.5518606481,1.0640942776879594,2024-03-17
67725.64608349965,1.029287649739166,2024-03-18
61860.497272942885,0.8562231659708582,2024-03-19
67880.97212392565,0.9968328343793189,2024-03-20
65471.572577690014,0.9178421948667448,2024-03-21
63582.344461741835,0.8448181950474468,2024-03-22
64015.462395880066,0.8400306409970504,2024-03-23
67255.20335053414,0.9162717536637346,2024-03-24
69962.14171966423,0.9737773940416001,2024-03-25
70007.28641487475,0.9777924326607093,2024-03-26
69478.68964281777,0.962962755537066,2024-03-27
70747.30476773762,0.994937145734343,2024-03-28
69898.04850404928,0.974983588468189,2024-03-29
69661.22972139201,0.9724054325882364,2024-03-30
71354.85087466771,1.008161999750698,2024-03-31
69704.08885361027,0.9597606790706553,2024-04-01
65458.84823298128,0.8448506752830027,2024-04-02
66041.84638252274,0.8520157216274069,2024-04-03
68539.45602108122,0.9077839123182936,2024-04-04
67887.10700078699,0.887948212397601,2024-04-05
68960.28535495602,0.911437600229136,2024-04-06
69374.90042085954,0.9187079820316207,2024-04-07
71634.15423038145,0.9718633932593312,2024-04-08
69148.7225107242,0.9127497663221662,2024-04-09
70514.28371120086,0.9433111287174706,2024-04-10
70090.10010874529,0.9277637230610609,2024-04-11
67246.1811739544,0.8516961914733336,2024-04-12
64459.339491542734,0.7699062505001463,2024-04-13
65771.22528599312,0.7936479440134363,2024-04-14
63488.451171049936,0.7180877552146551,2024-04-15
63749.04751670838,0.7133538431046844,2024-04-16
61331.6803360844,0.6365919573624694,2024-04-17
63521.500028711096,0.6861358189623424,2024-04-18
64013.440650011675,0.6962284413551485,2024-04-19
64900.55033938684,0.7234333709797389,2024-04-20
64949.46071605513,0.7301974625984412,2024-04-21
66857.5356562364,0.7856847268740749,2024-04-22
66403.1484328433,0.7806778875668207,2024-04-23
64267.784807425625,0.7284910251681487,2024-04-24
64509.80033896809,0.7390058935734486,2024-04-25
63787.11946301585,0.719169186575953,2024-04-26
63486.509332613685,0.7056793962340223,2024-04-27
63054.53910677473,0.6860834148135893,2024-04-28
63830.83144851215,0.698640909287009,2024-04-29
60734.71301640639,0.6036679565845684,2024-04-30
58295.17616105241,0.5264067843556877,2024-05-01
59132.39907534907,0.5427296892751454,2024-05-02
62880.9316945143,0.6425442835349366,2024-05-03
63892.454987449404,0.6699319335689413,2024-05-04
64044.04745645259,0.6731578313642811,2024-05-05
63165.90748546369,0.6484012079604972,2024-05-06
62364.82072933595,0.629313417029772,2024-05-07
61158.57647176613,0.5988434996223808,2024-05-08
63046.764714503515,0.654772281445489,2024-05-09
60784.67096824597,0.593512121089158,2024-05-10
60777.849157629746,0.5932616853222878,2024-05-11
61478.16353132309,0.6153085371833035,2024-05-12
62894.269218947535,0.6568770541522649,2024-05-13
61574.30573314524,0.6213231477449068,2024-05-14
66226.02714541563,0.7459779285039738,2024-05-15
65259.43310639857,0.7226955825703811,2024-05-16
67021.33035845091,0.7712269132306442,2024-05-17
66935.46093854148,0.77329448708967,2024-05-18
66309.34380026271,0.7599597608737437,2024-05-19
71409.6796868195,0.8869695567461795,2024-05-20
70157.41284601412,0.8599403599851467,2024-05-21
69173.29954215219,0.8369188661588687,2024-05-22
67901.10680650045,0.8054056775618624,2024-05-23
68529.72023454972,0.823091315650724,2024-05-24
69279.52637138467,0.8426322148595136,2024-05-25
68518.4773050655,0.8244765475692605,2024-05-26
69385.73672562964,0.8171746834275095,2024-05-27
68280.59426435464,0.7722240625037393,2024-05-28
67573.78972130302,0.7496185515344702,2024-05-29
68378.32320553702,0.7668514686468216,2024-05-30
67488.32417024332,0.7403039930899433,2024-05-31
67705.14871616491,0.7421885564901264,2024-06-01
67753.80985707564,0.7396245523661751,2024-06-02
68808.69959745751,0.7617548549580062,2024-06-03
70619.76594760151,0.8071938891619955,2024-06-04
71114.46347087465,0.8238583148316936,2024-06-05
70799.08271358031,0.8164098504000439,2024-06-06
69343.5217611093,0.7833895899759256,2024-06-07
69307.35232829291,0.7833292407586054,2024-06-08
69646.02740206437,0.7936411109744312,2024-06-09
69482.52340832476,0.789936282200194,2024-06-10
67329.08602109464,0.7342515962066205,2024-06-11
68237.54074402753,0.7516376938234082,2024-06-12
66751.05848137726,0.7127789096046165,2024-06-13
66010.3307548423,0.6925101439848111,2024-06-14
66188.60983396665,0.6951436986858226,2024-06-15
66625.38252501369,0.7021470894653747,2024-06-16
66492.79817934972,0.6929244474049288,2024-06-17
65160.12415372169,0.6549216622097876,2024-06-18
64929.80450336612,0.6422617348921293,2024-06-19
64855.253992402555,0.6321991299074372,2024-06-20
64066.10516192014,0.5987371814089453,2024-06-21
64259.33012541279,0.5919709408707954,2024-06-22
63216.66424396606,0.5527301080612226,2024-06-23
60318.180447384606,0.4601894625868629,2024-06-24
61802.37023043007,0.48917128078271105,2024-06-25
60778.06531776231,0.4479645195700734,2024-06-26
61588.17699551594,0.4597854113532558,2024-06-27
60301.98189503706,0.4194819997920865,2024-06-28
60871.08684403626,0.42965508115045914,2024-06-29
62754.31036085512,0.4791653696474154,2024-06-30
62833.06706734281,0.4820609833013306,2024-07-01
62024.394515203814,0.4586221981158243,2024-07-02
60232.047441225994,0.40569475368069896,2024-07-03
57170.33824918639,0.31098402643864564,2024-07-04
56740.66900761379,0.29281690467242166,2024-07-05
58208.97853862018,0.3327012755325313,2024-07-06
55884.88145343433,0.2564076633181587,2024-07-07
56650.62117229776,0.2720284800339888,2024-07-08
58021.534037779216,0.30682960114104496,2024-07-09
57720.30081057975,0.29593060560638884,2024-07-10
57369.02621388974,0.2854863813228995,2024-07-11
57907.28272750807,0.3016860427003975,2024-07-12
59225.00122748089,0.3365663410297214,2024-07-13
60748.80782384253,0.38223164685420913,2024-07-14
64816.93993186202,0.49465495511589175,2024-07-15
65172.116484995255,0.5074304897032097,2024-07-16
64120.92026283931,0.4841803819527162,2024-07-17
63959.43004776685,0.4846818484035138,2024-07-18
66707.06780882782,0.5600315970472793,2024-07-19
67204.95148327693,0.5808135854408476,2024-07-20
68077.26588801136,0.6074802499227918,2024-07-21
67614.90743512612,0.5954349988723768,2024-07-22
65929.59089767156,0.5509274901334063,2024-07-23
65399.019272727106,0.5387498211282897,2024-07-24
65726.34477302867,0.5487995695411104,2024-07-25
67896.87874151561,0.6030264559695205,2024-07-26
68069.82457818405,0.6078505311774589,2024-07-27
68222.7149148794,0.6115405418883948,2024-07-28
66805.98547582807,0.5727496630971688,2024-07-29
66225.46961918261,0.558826146747373,2024-07-30
64687.83744332441,0.5176583312106047,2024-07-31
65361.28985661052,0.5325571662200034,2024-08-01
61414.670390351836,0.4216877597339128,2024-08-02
60692.74655132834,0.39367030343275083,2024-08-03
58008.06048706078,0.3061677167042751,2024-08-04
54017.787525387546,0.1749689570921324,2024-08-05
56002.98786390631,0.22386303410857142,2024-08-06
55041.60392364597,0.18402255662274922,2024-08-07
61784.68076729787,0.37156123340082237,2024-08-08
60925.357310865016,0.345335245398869,2024-08-09
60879.10477851424,0.34258799739801044,2024-08-10
58757.773428524335,0.28319657466610165,2024-08-11
59342.120678938976,0.3030579462113655,2024-08-12
60595.34819049493,0.3410869512267829,2024-08-13
58732.33657573327,0.29159617568612933,2024-08-14
57619.46498654645,0.2564580603117055,2024-08-15
58921.33608236188,0.29310959100366196,2024-08-16
59446.2624508841,0.3124158427214855,2024-08-17
58482.74531725411,0.29213254424602986,2024-08-18
59569.72294939524,0.33024527616181504,2024-08-19
59051.27748698387,0.32069238398322497,2024-08-20
61164.694416757906,0.38843277590352326,2024-08-21
60388.15339234167,0.37629773826884405,2024-08-22
64033.18995774379,0.48220529490599595,2024-08-23
64120.173232814515,0.48856581803173293,2024-08-24
64308.38316617404,0.4974599962962457,2024-08-25
62929.60786265167,0.4630234409594196,2024-08-26
59545.84053510911,0.3712886465396997,2024-08-27
59024.8230392339,0.3529486304567837,2024-08-28
59352.72903311219,0.35624504963950393,2024-08-29
59145.629964946354,0.3428883483298089,2024-08-30
58971.65433649913,0.33263299931623813,2024-08-31
57319.94854396987,0.2782624812021227,2024-09-01
59099.379977351666,0.32505665948204243,2024-09-02
57469.42269851668,0.2760709700915269,2024-09-03
57982.587216100044,0.2898725571694819,2024-09-04
56163.84947799361,0.23746039863282076,2024-09-05
53914.8198573214,0.16713651496506884,2024-09-06
54174.6012164995,0.1690195238692198,2024-09-07
54796.31107072654,0.18447278320754007,2024-09-08
57106.04884717565,0.24985597640839383,2024-09-09
57626.38294112928,0.2647286148840396,2024-09-10
57388.93978316275,0.25833236142509836,2024-09-11
58121.31825597563,0.2799130566086708,2024-09-12
60637.8903086522,0.3536813287778846,2024-09-13
60001.45441498172,0.3397744388950331,2024-09-14
59207.19110176031,0.3191286071263202,2024-09-15
58232.17974645846,0.29050612218587507,2024-09-16
60304.89128411122,0.3484142795678641,2024-09-17
61321.144118524906,0.37517777608361513,2024-09-18
62967.547022798564,0.4185707534004651,2024-09-19
63122.17999859899,0.4211398609140673,2024-09-20
63486.442219854885,0.43273833369167886,2024-09-21
63567.37010727487,0.4376230566085631,2024-09-22
63322.55139068968,0.4336484754173765,2024-09-23
64338.71249997447,0.46261660451258774,2024-09-24
63078.05080154701,0.4302123608428337,2024-09-25
65134.20923808443,0.485984053237286,2024-09-26
65767.3370500298,0.5044691817340976,2024-09-27
65920.33716840837,0.5082344593494637,2024-09-28
65673.00463949695,0.5020848509446804,2024-09-29
63245.67488637346,0.4377209396410254,2024-09-30
60895.04034291223,0.3673822158114287,2024-10-01
60649.18689501157,0.35513030188581574,2024-10-02
60740.512269372426,0.35023861304360143,2024-10-03
62104.674280311265,0.37987073034910285,2024-10-04
62075.343850140736,0.37400934358719445,2024-10-05
62824.62368955884,0.388490347967159,2024-10-06
62306.874634228996,0.36783738243225284,2024-10-07
62184.59412909599,0.3589173134114314,2024-10-08
60591.1857899384,0.31491557114943886,2024-10-09
60232.825862985264,0.30360383817853304,2024-10-10
62401.4271592908,0.3622804583721182,2024-10-11
63185.402645996015,0.3844289278526334,2024-10-12
62799.2082591529,0.37574170087610315,2024-10-13
66058.75896604046,0.46295557036036505,2024-10-14
67025.20275302984,0.4900539450464324,2024-10-15
67642.15174768808,0.5067595085505826,2024-10-16
67316.26328916375,0.500318254387861,2024-10-17
68446.84003451427,0.527834852004621,2024-10-18
68369.9047054396,0.5246550860914985,2024-10-19
68937.60773716363,0.5350036724237821,2024-10-20
67409.96019324688,0.49123898197128446,2024-10-21
67346.73406074244,0.48396442610393214,2024-10-22
66678.70706327811,0.4592688633319669,2024-10-23
68170.20984258495,0.4881354640392189,2024-10-24
66501.35095598946,0.4364301030523572,2024-10-25
67018.1550845578,0.4400143413290585,2024-10-26
67943.96759945866,0.4548927540091611,2024-10-27
69842.8951779753,0.4944679045412075,2024-10-28
72737.4266476475,0.556185478631432,2024-10-29
72331.83093268512,0.5467121814923275,2024-10-30
70251.01966183445,0.49698920610812736,2024-10-31
69513.1578978095,0.47916444800597147,2024-11-01
69293.20514225149,0.47382127992053935,2024-11-02
68823.93585139522,0.461069091104899,2024-11-03
67762.77762825153,0.43061729813948013,2024-11-04
69372.35710894185,0.462638478949263,2024-11-05
75638.9896651287,0.6029494387646832,2024-11-06
75958.46348126252,0.6097243097414828,2024-11-07
76544.7567005686,0.6245561012385814,2024-11-08
76707.99806089245,0.6291366701188097,2024-11-09
80424.63181659808,0.7073517460455013,2024-11-10
88766.33587988174,0.8697227917781982,2024-11-11
88223.58920371576,0.8570003191557951,2024-11-12
90445.53527526742,0.8946403739427413,2024-11-13
87369.35520452945,0.8351140048042445,2024-11-14
90932.81263441448,0.9004709561210584,2024-11-15
90562.41890709508,0.8991847401244986,2024-11-16
89804.7894210569,0.8896597869034204,2024-11-17
90553.76577366957,0.9002212917069663,2024-11-18
92238.19162229066,0.9253587554197691,2024-11-19
94193.78083387877,0.9531296908746343,2024-11-20
98514.52741115143,1.0184761009149765,2024-11-21
98978.12401605131,1.0234140483987795,2024-11-22
97658.10158317744,0.9989992485818936,2024-11-23
97933.81557432354,1.002698825283141,2024-11-24
93049.01593785587,0.9119547210754982,2024-11-25
91957.6723228167,0.8878792102836008,2024-11-26
95981.58055424393,0.9555089047953381,2024-11-27
95651.19644955784,0.9424214355157619,2024-11-28
97447.13236798394,0.9686373948105439,2024-11-29
96514.05270971672,0.9501175384583296,2024-11-30
97311.45523787529,0.9593203538384039,2024-12-01
95842.79759068145,0.9283370621338296,2024-12-02
96000.78135073867,0.9264165598954703,2024-12-03
98862.25954845478,0.964286283013994,2024-12-04
97124.85571884968,0.9172523624515645,2024-12-05
99945.31709726728,0.9527145227659515,2024-12-06
99805.30541165882,0.9443616165279277,2024-12-07
101267.82287720391,0.960783103162629,2024-12-08
97465.93783115543,0.8862842167786092,2024-12-09
96715.57247792449,0.8641615038669606,2024-12-10
101175.22826357752,0.9364635854853147,2024-12-11
100042.5938470034,0.919703373065256,2024-12-12
101369.2707038183,0.9402849327419934,2024-12-13
101358.96186487323,0.9394943248556915,2024-12-14
104597.59050026,0.9928469928834889,2024-12-15
105984.74308957036,1.0146463357550155,2024-12-16
106102.91595976563,1.017560390699054,2024-12-17
100121.47275150687,0.9141132041851695,2024-12-18
97622.69150911392,0.8634101556363927,2024-12-19
97749.94032356501,0.860182266413168,2024-12-20
97204.05092142406,0.8464903823269546,2024-12-21
95087.00635015262,0.7995077053574945,2024-12-22
94707.54975058367,0.776499833252784,2024-12-23
98744.59504894268,0.8367189086694964,2024-12-24
99475.42518745258,0.8464859116278094,2024-12-25
95708.51979049973,0.7793215852555546,2024-12-26
94305.78677961134,0.7519037402089233,2024-12-27
95203.75052849884,0.7670395313657473,2024-12-28
93620.0832300121,0.7387031533411474,2024-12-29
92652.48417425028,0.718755112448173,2024-12-30
93460.42552711534,0.7286631945980464,2024-12-31
94397.1460817957,0.7406703409779918,2025-01-01
96861.96531975128,0.7807335070431629,2025-01-02
98085.45367359831,0.8041741314897889,2025-01-03
98271.5847665466,0.8072371308707553,2025-01-04
98374.9555651139,0.809308963278657,2025-01-05
102236.72731234768,0.873993367887112,2025-01-06
96921.55692524034,0.7836469499472319,2025-01-07
95019.71879970259,0.7484238545537676,2025-01-08
92423.14050789371,0.6989252987431802,2025-01-09
94744.92736432921,0.7345421763522375,2025-01-10
94570.96421586441,0.727356873781247,2025-01-11
94458.17483173967,0.7249846925936975,2025-01-12
94398.41426967924,0.7211355252952196,2025-01-13
96579.2708869885,0.7613819318602274,2025-01-14
100362.37324973244,0.8331757638060315,2025-01-15
100033.45627035569,0.8334022739981364,2025-01-16
104167.92470206751,0.9090785476065018,2025-01-17
104325.92436943318,0.9227181197312428,2025-01-18
101672.76903058708,0.8837710254667148,2025-01-19
101944.41994650115,0.8915968842071887,2025-01-20
106159.1582011072,0.9615580337705653,2025-01-21
103725.79779359649,0.9217940223041621,2025-01-22
104070.07359391633,0.9300184081349048,2025-01-23
104746.02595606775,0.9438104831806367,2025-01-24
104801.64333158864,0.9465300606462065,2025-01-25
102597.01367576832,0.9101295372152154,2025-01-26
101909.24320346572,0.896755704115244,2025-01-27
101270.98686447469,0.8817742332728997,2025-01-28
103749.31030578529,0.9177512935144418,2025-01-29
104823.21154650228,0.9306892600991493,2025-01-30
102378.83981752634,0.8853778776728704,2025-01-31
100644.20631497854,0.850212988014827,2025-02-01
97530.62084769063,0.7921955745312454,2025-02-02
101403.09004003127,0.855241708155196,2025-02-03
97899.16375383415,0.7893253481031722,2025-02-04
96607.11389513656,0.7611781761757692,2025-02-05
96611.05509149768,0.7555089819609843,2025-02-06
96528.02517387226,0.7487013170782564,2025-02-07
96512.63469995135,0.7425776825860149,2025-02-08
96505.20529412356,0.7373398128025835,2025-02-09
97393.54745556285,0.7451096089574976,2025-02-10
95740.73497467356,0.7089633568961845,2025-02-11
97915.2900812202,0.7418587624793286,2025-02-12
96678.8146099012,0.7141872708282822,2025-02-13
97553.755288536,0.7238355444148374,2025-02-14
97642.7920403064,0.7206280199547843,2025-02-15
96157.6042409799,0.6901585299959947,2025-02-16
95837.3362085539,0.6805530083312015,2025-02-17
95671.8962902099,0.6745504682765544,2025-02-18
96685.0739421655,0.6912316239926534,2025-02-19
98356.2539966563,0.719982870055884,2025-02-20
96153.8335590858,0.6808206420745132,2025-02-21
96587.5388193773,0.6896656341678625,2025-02-22
96292.8473302412,0.686790334315682,2025-02-23
91605.4617630073,0.5970146264530827,2025-02-24
88688.623551652,0.5363662207819511,2025-02-25
84197.43002316,0.4351819277822383,2025-02-26
84718.8275050657,0.4328011118128788,2025-02-27
84391.4997334327,0.41096530107747015,2025-02-28
86090.4351420347,0.431791187188941,2025-03-01
94381.5092907682,0.5819777968449807,2025-03-02
86233.5488392928,0.41117187578417214,2025-03-03
87322.7357514987,0.42386501529250953,2025-03-04
90671.378554405,0.48312840682213165,2025-03-05
89991.5426231923,0.4665487702778282,2025-03-06
86823.1879810571,0.40287444827516095,2025-03-07
86293.8603695963,0.38853253519612396,2025-03-08
80795.4491931869,0.2583027760334464,2025-03-09
78626.4148167644,0.19993178806062686,2025-03-10
82965.8770110422,0.2880437466476081,2025-03-11
83701.8983777702,0.2966901133848714,2025-03-12
81121.00053389,0.22972692610224882,2025-03-13
84019.444293188,0.28599021172137284,2025-03-14
84378.8701640199,0.28998278881488454,2025-03-15
82599.0408828533,0.2533447584021884,2025-03-16
84039.0274798456,0.29232805180038524,2025-03-17
82744.9206992103,0.2658923466665179,2025-03-18
86873.4163476584,0.35970701362897506,2025-03-19
84205.6899756188,0.31513950039422056,2025-03-20
84083.6973845409,0.3181763120907056,2025-03-21
83859.6770323343,0.3193517071853511,2025-03-22
86108.3459346599,0.37621877012020505,2025-03-23
87522.2726893953,0.4096227650214219,2025-03-24
87433.8877571856,0.412745163856121,2025-03-25
86939.8589284524,0.40141462338131334,2025-03-26
87225.7708175161,0.4023977186657079,2025-03-27
84425.5241235203,0.34229062520112835,2025-03-28
82684.3670200303,0.300382273537148,2025-03-29
82418.8925010364,0.2875597569225364,2025-03-30
82560.48347796,0.2834460402598295,2025-03-31
85180.9100394273,0.3363367285362223,2025-04-01
82520.5436831296,0.27439444550155434,2025-04-02
83178.0989176816,0.29018093370030434,2025-04-03
83863.5530600233,0.3090015870051762,2025-04-04
83525.4321428469,0.3053432212321302,2025-04-05
78382.6183359094,0.1870755228332868,2025-04-06
79153.2058283226,0.20409494225194658,2025-04-07
76270.133036587,0.13118706614001374,2025-04-08
82603.3207337946,0.2773970915742392,2025-04-09
79576.5705243912,0.2022001218203047,2025-04-10
83403.5633906763,0.28616217740956923,2025-04-11
85295.7973429473,0.3287710651887725,2025-04-12
83733.860616667,0.2999928857724208,2025-04-13
84599.594984404,0.3278337529443617,2025-04-14
83664.3500620405,0.3173615063915802,2025-04-15
84057.9870037467,0.3346656542288556,2025-04-16
84942.9281249984,0.36620910030520404,2025-04-17
84444.0775486801,0.3659262738935048,2025-04-18
85065.9809677744,0.3870403146739542,2025-04-19
85165.6548428575,0.3943878999477047,2025-04-20
87523.2478503325,0.44757276468422363,2025-04-21
93469.4859180246,0.5779619201988635,2025-04-22
93727.2142702629,0.5834530771799339,2025-04-23
94015.5886277392,0.5907349018359109,2025-04-24
94717.2349993406,0.6061588680262964,2025-04-25
94661.3556496259,0.6108550321653086,2025-04-26
93778.8718127532,0.5988856000985541,2025-04-27
95039.7735489096,0.6290861112609515,2025-04-28
94298.7697280006,0.6154429966203501,2025-04-29
94210.9908543152,0.6164655700822981,2025-04-30
96526.2948960979,0.6691881603656562,2025-05-01
96951.8835083306,0.6851460515395515,2025-05-02
95927.2879327714,0.6722551666399227,2025-05-03
94478.6878332568,0.643140990653893,2025-05-04
94862.0086638579,0.6480983876958656,2025-05-05
96866.2202845,0.6874778897617595,2025-05-06
97073.3755116741,0.6929151862443879,2025-05-07
103264.778625663,0.8116848335766041,2025-05-08
102981.796358804,0.805813844770503,2025-05-09
104783.621919911,0.8405876680809635,2025-05-10
104139.253887922,0.8365777819090954,2025-05-11
102801.528591045,0.8172929349389849,2025-05-12
104119.197357816,0.8464208826726037,2025-05-13
103525.737928456,0.8372890097523841,2025-05-14
103789.638422078,0.8409898203585137,2025-05-15
103511.805578656,0.8302555686111732,2025-05-16
103154.345299531,0.8199087771513958,2025-05-17
106505.0154357,0.8747247201673086,2025-05-18
105604.642906113,0.8506651719557419,2025-05-19
106869.555658958,0.8669367160798802,2025-05-20
109686.515398019,0.9093626285175167,2025-05-21
111695.395495789,0.9370762181671992,2025-05-22
107355.200436426,0.8577839079387914,2025-05-23
107679.52734887,0.8625820251571157,2025-05-24
109005.415876225,0.8835374536154554,2025-05-25
109483.495424922,0.888042048012309,2025-05-26
108968.503052516,0.8743400781843652,2025-05-27
107818.812865523,0.8514304438386064,2025-05-28
105609.901855557,0.8070691741489074,2025-05-29
104041.544897185,0.7762761665135048,2025-05-30
104627.888470108,0.784058994748806,2025-05-31
105674.332934938,0.8007946449193626,2025-06-01
105910.305712728,0.8011386019750398,2025-06-02
105443.377497846,0.7874159224958968,2025-06-03
104729.848933543,0.7706544652308273,2025-06-04
101626.224558759,0.7071642508479657,2025-06-05
104396.932061185,0.7542887385130655,2025-06-06
105595.848852138,0.7732493621835291,2025-06-07
105792.065783082,0.7739030910862207,2025-06-08
110291.893848923,0.8524719819540594,2025-06-09
110253.03948565,0.8502735952062611,2025-06-10
108660.133966558,0.8223345344250161,2025-06-11
105767.964731629,0.7744760767920755,2025-06-12
106124.145890678,0.782988644688286,2025-06-13
105459.662976744,0.7744439661125674,2025-06-14
105612.341716866,0.7792204850028036,2025-06-15
106790.40647211,0.798721976604464,2025-06-16
104598.98824648,0.757335129656339,2025-06-17
104946.353111106,0.7628430160115102,2025-06-18
104700.469688906,0.7587314770881131,2025-06-19
103321.945932896,0.7338473400667582,2025-06-20
102159.437963581,0.7107575871779199,2025-06-21
101084.251485656,0.6882685629253791,2025-06-22
105439.547965419,0.7679535821455119,2025-06-23
106140.520859078,0.7826963272324543,2025-06-24
107407.598841024,0.8101176424158751,2025-06-25
107017.860392325,0.804137012417689,2025-06-26
107094.077124514,0.8099230057899013,2025-06-27
107325.30624355,0.8200035949731226,2025-06-28
108374.714619031,0.8444686154927566,2025-06-29
107198.652544274,0.8251793843645083,2025-06-30
105732.98154385,0.7974957893021077,2025-07-01
108869.592034958,0.8492234084987299,2025-07-02
109616.937339918,0.8386353001085396,2025-07-03
108030.469569563,0.8040350579963349,2025-07-04
108221.453276886,0.8126746987065206,2025-07-05
109217.148040113,0.8344044044955712,2025-07-06
108263.987359252,0.8196366775605674,2025-07-07
108931.620032372,0.8402332132785227,2025-07-08
111248.642186699,0.8871750223763006,2025-07-09
115958.97038124,0.972515830743121,2025-07-10
117474.542952979,1.0014795816709294,2025-07-11
117412.432013394,1.0031278411099196,2025-07-12
119057.209940597,1.0318473756648818,2025-07-13
119831.19623272,1.0442053757081358,2025-07-14
117747.327694249,1.0074415473518865,2025-07-15
118672.904519396,1.0120006970396045,2025-07-16
119212.470588653,1.010801325989412,2025-07-17
117963.57142746,0.9819347654305146,2025-07-18
117897.280695283,0.9725802737644185,2025-07-19
117296.229529213,0.9522261685469562,2025-07-20
117406.417261451,0.9423312959508333,2025-07-21
119963.29839406,0.9740740257258851,2025-07-22
118782.079633197,0.9498185294829171,2025-07-23
118355.185324524,0.9394633437725878,2025-07-24
117606.361649515,0.9229940341969861,2025-07-25
117926.271770002,0.9251406511271404,2025-07-26
119419.990860318,0.9479945818137272,2025-07-27
118050.099658849,0.9238992296198043,2025-07-28
117939.057327956,0.9185084768606786,2025-07-29
117831.172515196,0.9153786482670443,2025-07-30
115764.788689971,0.8787560119960794,2025-07-31
113285.64608306,0.8347488145833473,2025-08-01
112571.297323537,0.8191864322452465,2025-08-02
114274.402614765,0.8511849284478272,2025-08-03
115067.281617885,0.8704189017618337,2025-08-04
114138.513046648,0.8652352626121738,2025-08-05
115031.363610771,0.8964668540040843,2025-08-06
117489.390741479,0.9509815943749962,2025-08-07
116679.532854575,0.953530947567049,2025-08-08
116471.775369672,0.9568864047124161,2025-08-09
119279.244750319,1.004937351035884,2025-08-10
118680.731532537,0.9961049234315327,2025-08-11
120103.60041267,1.019725098980935,2025-08-12
123313.782043878,1.0665299963456598,2025-08-13
118380.10001913,0.9828964741151485,2025-08-14
117440.368921295,0.9627779124231748,2025-08-15
117465.102784994,0.9671052621689029,2025-08-16
117478.934514884,0.9683363461197168,2025-08-17
116295.377222639,0.9488631036630342,2025-08-18
112900.73860107,0.8868363178415433,2025-08-19
114302.938458334,0.9028230356753819,2025-08-20
112518.639569051,0.8703876613931574,2025-08-21
116903.486815059,0.9379472287863787,2025-08-22
115401.909286159,0.9083901214566632,2025-08-23
113497.119029309,0.8681329349542941,2025-08-24
110187.030847015,0.8021865029866553,2025-08-25
111809.215070013,0.8223909113692411,2025-08-26
111288.993652357,0.8071625618814255,2025-08-27
112592.510028377,0.827777565343246,2025-08-28
108424.015930646,0.749425379568635,2025-08-29
108852.097480519,0.7532727650684248,2025-08-30
108303.473913268,0.7465513290209146,2025-08-31
109255.586298373,0.7693264662639177,2025-09-01
111241.631217533,0.8129369588711921,2025-09-02
111737.97059298,0.8266710156929763,2025-09-03
110743.298264164,0.8103807441773171,2025-09-04
110671.777093401,0.8104310148740108,2025-09-05
110224.567575368,0.8083517783286873,2025-09-06
111154.666234756,0.8342240881659089,2025-09-07
112070.198855846,0.8586563231201139,2025-09-08
111541.127744723,0.8531032075831866,2025-09-09
113973.151730465,0.897670170218396,2025-09-10
115507.416571815,0.9248781690222609,2025-09-11
116079.295283256,0.9376306309485714,2025-09-12
115955.126990882,0.9360751763974612,2025-09-13
115331.440901105,0.9209493441168186,2025-09-14
115399.127560279,0.9166802527627563,2025-09-15
116826.684150381,0.937183704715455,2025-09-16
116474.114847182,0.9302584199981163,2025-09-17
117108.935005828,0.9373500049182535,2025-09-18
115694.602656432,0.9075670780939333,2025-09-19
115734.809307906,0.9018152738655868,2025-09-20
115287.441213986,0.8907234803349738,2025-09-21
112782.229169582,0.8423776328243349,2025-09-22
112052.858934256,0.8202758134547761,2025-09-23
113353.447113748,0.832912154852562,2025-09-24
109074.230529918,0.7475637618715716,2025-09-25
109733.466164108,0.7515457101260932,2025-09-26
109692.189210896,0.7433164432395134,2025-09-27
112257.237275314,0.7815677844797637,2025-09-28
114393.691187878,0.814551427338227,2025-09-29
114063.275796585,0.806360951689419,2025-09-30
118646.283465771,0.8817985091684757,2025-10-01
120593.742143673,0.9223062841461652,2025-10-02
122286.946673376,0.9571023401102265,2025-10-03
122418.030417054,0.9714791140616283,2025-10-04
123537.465178982,0.9995718033507125,2025-10-05
124714.848516762,1.0275396544174906,2025-10-06
121429.531001833,0.9821774628547545,2025-10-07
123355.093531611,1.0147596790100897,2025-10-08
121745.512823117,0.9874212024672248,2025-10-09
113039.345857058,0.8386504033124416,2025-10-10
110810.242745388,0.792524002686517,2025-10-11
115088.258570169,0.8583965001874047,2025-10-12
115321.958876336,0.8541039707060937,2025-10-13
113115.288112501,0.8099067185578885,2025-10-14
110815.266921698,0.7544982055374677,2025-10-15
108229.050757824,0.6943914419824461,2025-10-16
106498.603354067,0.6514550627990672,2025-10-17
107239.978114036,0.6553973432695374,2025-10-18
108747.04197085,0.6719479503737004,2025-10-19
110584.822523732,0.6957446489488652,2025-10-20
108368.509722285,0.6467871921165617,2025-10-21
107600.37133495,0.6285412313808041,2025-10-22
110138.004731871,0.6744543175741745,2025-10-23
111072.135630999,0.6952024604154579,2025-10-24
111656.14021356,0.7079151988892763,2025-10-25
114583.603528519,0.7640272796376251,2025-10-26
114143.700236365,0.7600437043141377,2025-10-27
112964.048665163,0.6361577029587038,2025-10-28
110108.026746427,0.5859371323323203,2025-10-29
108342.85615097,0.5458053309834164,2025-10-30
109619.819306068,0.55989306186369,2025-10-31
110162.286332992,0.5653775465031831,2025-11-01
110576.714320106,0.5653783297866125,2025-11-02
106655.710268712,0.4858713929035137,2025-11-03
101583.635565302,0.38045560992224176,2025-11-04
103971.149190052,0.4235004685798783,2025-11-05
101346.26469722,0.3732740309456904,2025-11-06
103326.208424691,0.39819127570737956,2025-11-07
102298.730646566,0.3643877923989373,2025-11-08
104725.540876362,0.396000949418365,2025-11-09
105997.950274382,0.4096728885244376,2025-11-10
103087.646722457,0.3441246434011842,2025-11-11
101694.525387851,0.2950063116854769,2025-11-12
99702.7889356091,0.23540637276109366,2025-11-13
94667.6980316109,0.10915015521444915,2025-11-14
95637.0452551772,0.10761372032589943,2025-11-15
94394.0011993443,0.05297853651275596,2025-11-16
92225.443968822,-0.02533918301428643,2025-11-17
92993.1480092538,-0.033154994175040954,2025-11-18
91527.1735071698,-0.07659901307472734,2025-11-19
86587.3725510952,-0.2045104335885839,2025-11-20
85143.6986808933,-0.24992519021102533,2025-11-21
84747.7976933744,-0.2879558039250855,2025-11-22
86923.7809890631,-0.26267385408169225,2025-11-23
88313.8112235453,-0.24414207704512988,2025-11-24
87366.7338865582,-0.2813082754664456,2025-11-25
90505.3595091203,-0.21649797391637346,2025-11-26
91362.5136883651,-0.1901652725022709,2025-11-27
90933.6874307953,-0.19248315565523308,2025-11-28
90835.2626005808,-0.1820100393630928,2025-11-29
90401.7060384886,-0.18397946461517475,2025-11-30
86336.1449076168,-0.274325048160128,2025-12-01
91322.778704371,-0.15595908979292106,2025-12-02
93473.0138827925,-0.10907960343112584,2025-12-03
92111.4096179589,-0.14141517988667868,2025-12-04
89367.6048010023,-0.20486841247329868,2025-12-05
89259.4938848228,-0.21012832273364543,2025-12-06
90442.9650463449,-0.18596015318472517,2025-12-07
90661.9068770528,-0.17832244857971022,2025-12-08
92701.4808800457,-0.13649259169526495,2025-12-09
92044.5260657175,-0.15490069821104824,2025-12-10
92539.4756724435,-0.14364688524430455,2025-12-11
90302.8064311746,-0.19250212713293316,2025-12-12
90290.4960541073,-0.1941548600810756,2025-12-13
88194.6433718845,-0.2443387829553305,2025-12-14
86459.5402483796,-0.2888905604550484,2025-12-15
87875.0551103361,-0.2652161447879739,2025-12-16
86273.474202191,-0.3176892323681043,2025-12-17
85515.9698822669,-0.3540697946127633,2025-12-18
88132.3337994023,-0.2946990665588957,2025-12-19
88367.8706120294,-0.2876280509765632,2025-12-20
88654.92324492,-0.27577486537144724,2025-12-21
88564.4856021548,-0.269643807913669,2025-12-22
87448.1793469711,-0.28432839540839033,2025-12-23
87642.0849744413,-0.26484684249560037,2025-12-24
87211.8447167885,-0.2636862244671217,2025-12-25
87337.9549401579,-0.25940240325066494,2025-12-26
87846.548611719,-0.24536301309933586,2025-12-27
87896.8239402761,-0.24019975141827124,2025-12-28
87160.075472716,-0.2556424792251024,2025-12-29
88428.1988620674,-0.2225743199009199,2025-12-30
87535.6902474645,-0.23925135264233086,2025-12-31
88745.0287621538,-0.2028466835816318,2026-01-01
89952.6843898464,-0.16581249683963672,2026-01-02
90606.8149679688,-0.14849773265644298,2026-01-03
91485.25336134,-0.12863051220225627,2026-01-04
93850.2531973148,-0.07250477076090879,2026-01-05
93703.0230318237,-0.07449543215581982,2026-01-06
91309.5006800383,-0.13309100186338532,2026-01-07
91031.7449513942,-0.13986858079159764,2026-01-08
90542.0107208209,-0.14995202348730594,2026-01-09
90406.7860692108,-0.1475399981205644,2026-01-10
90894.9504472554,-0.13294345154526674,2026-01-11
91197.5769620987,-0.12470270498949894,2026-01-12
95336.3777373708,-0.029452835571994296,2026-01-13
96917.9397276158,0.019038798256628058,2026-01-14
95571.1381115715,-0.003069076359992281,2026-01-15
95515.1333139978,-0.004253516920342075,2026-01-16
95124.1332762488,-0.01588362254176708,2026-01-17
93649.9710544255,-0.05491453986627415,2026-01-18
92583.9042441966,-0.08766687043897363,2026-01-19
88346.885839498,-0.19822573755891493,2026-01-20
89404.1682044034,-0.19214140530445836,2026-01-21
89489.0566126884,-0.2091009494212005,2026-01-22
89520.8022481017,-0.2152041335197421,2026-01-23
89153.8461670402,-0.23516753876828403,2026-01-24
86629.4264271021,-0.3015806309205832,2026-01-25
88300.0866603494,-0.26862052886604354,2026-01-26
89165.6692825308,-0.24875821974603474,2026-01-27
89192.9582213948,-0.247988597870659,2026-01-28
84601.2823587058,-0.35409255364814846,2026-01-29
84173.8766430262,-0.36982339432286326,2026-01-30
78666.2428708279,-0.5182265766312023,2026-01-31
76959.7296437836,-0.5708333828360244,2026-02-01
78733.1765033467,-0.5309503197703344,2026-02-02
75716.5664692014,-0.61728372323,2026-02-03
73068.2719883667,-0.7036823287220204,2026-02-04
62839.7650444714,-1.0205965361312745,2026-02-05
70573.4229933723,-0.7933342020882769,2026-02-06
69269.3602005521,-0.832238333040996,2026-02-07
70339.0496837085,-0.8033534527501707,2026-02-08
70121.1090794672,-0.8141041842026698,2026-02-09
68822.7395340787,-0.8576224813939004,2026-02-10
67068.6025877336,-0.9113283932580476,2026-02-11
66248.1233279265,-0.925508356273887,2026-02-12
68859.0635766772,-0.850091786942856,2026-02-13
69815.9330046114,-0.8207144774948812,2026-02-14
68854.1497232581,-0.8508562167493997,2026-02-15
68904.2963068454,-0.8509301201896049,2026-02-16
67503.5250146202,-0.8924101905590108,2026-02-17
66482.3899978355,-0.9205946820075229,2026-02-18
67011.1140781272,-0.9020877625665218,2026-02-19
68015.8203669575,-0.8703372625721583,2026-02-20
67990.5481068716,-0.874876199041753,2026-02-21
67658.0129483908,-0.8841396804046289,2026-02-22
64669.6835476588,-0.9780698289317714,2026-02-23
64088.2502348351,-0.9991668307705823,2026-02-24
68015.0669780741,-0.8718809646528808,2026-02-25
67507.9844481566,-0.8779923013638117,2026-02-26
65896.6155382556,-0.9160543232792525,2026-02-27
67040.3084018812,-0.8687709841221979,2026-02-28
65786.101993851,-0.8965761614537758,2026-03-01
68828.4065214842,-0.7869801306449666,2026-03-02
68322.3578278976,-0.7913649759103102,2026-03-03
72691.2510514572,-0.6529229637327973,2026-03-04
70880.5967478895,-0.695578999983567,2026-03-05
68116.8018245498,-0.7785665877307828,2026-03-06
67256.5348484921,-0.8096721013923194,2026-03-07
65974.5477946956,-0.850246743037792,2026-03-08
68444.0494041355,-0.7764497554433804,2026-03-09
69950.7502400302,-0.7153592283453105,2026-03-10
70196.084579246,-0.7012499491946619,2026-03-11
70521.4004687114,-0.6864257792503791,2026-03-12
70925.8114572419,-0.6620810717015916,2026-03-13
71210.954807485,-0.6365150423142903,2026-03-14
72805.7068200337,-0.5768777159978603,2026-03-15
74862.8476786669,-0.5083430122415892,2026-03-16
73913.6230590201,-0.5298102341540151,2026-03-17
71238.6664717889,-0.608652054237321,2026-03-18
69922.5894957813,-0.6457239507455564,2026-03-19
70504.1086044815,-0.6330988311118881,2026-03-20
68906.0389535765,-0.6861034921689765,2026-03-21
67860.149345612,-0.7237753985498131,2026-03-22
70889.4709550516,-0.640515357473617,2026-03-23
70527.7404395897,-0.6588024661332281,2026-03-24
71303.5184620582,-0.640407589485687,2026-03-25
68786.6301555163,-0.7194530557673599,2026-03-26
66375.299698075,-0.7954258022200557,2026-03-27
66345.5735868404,-0.8030138979300846,2026-03-28
65980.6531858915,-0.8164529076192895,2026-03-29
66742.3433780163,-0.7965168157698308,2026-03-30
68228.0350020951,-0.7503990137235665,2026-03-31
68105.7787851469,-0.7519779845679716,2026-04-01
66898.967846853,-0.7865801477581544,2026-04-02
66954.4639577169,-0.7776672922751247,2026-04-03
67300.0441785073,-0.7601038436312657,2026-04-04
69002.0896882011,-0.7037851881202487,2026-04-05
68849.2166042502,-0.7053173810179952,2026-04-06
71917.6371410204,-0.46468084222453054,2026-04-07
