time,open,high,low,close,volume_usd,open_interest_open,open_interest_high,open_interest_low,open_interest_close,funding_rate_open,funding_rate_high,funding_rate_low,funding_rate_close,funding_rate_oi_weight_open,funding_rate_oi_weight_high,funding_rate_oi_weight_low,funding_rate_oi_weight_close,funding_rate_vol_weight_open,funding_rate_vol_weight_high,funding_rate_vol_weight_low,funding_rate_vol_weight_close,global_long_short_account_ratio_global_account_long_percent,global_long_short_account_ratio_global_account_short_percent,global_long_short_account_ratio_global_account_long_short_ratio,top_long_short_account_ratio_top_account_long_percent,top_long_short_account_ratio_top_account_short_percent,top_long_short_account_ratio_top_account_long_short_ratio,top_long_short_position_ratio_top_position_long_percent,top_long_short_position_ratio_top_position_short_percent,top_long_short_position_ratio_top_position_long_short_ratio,liquidation_long_liquidation_usd,liquidation_short_liquidation_usd,liquidation_aggregated_aggregated_long_liquidation_usd,liquidation_aggregated_aggregated_short_liquidation_usd,ask_bids_bids_usd,ask_bids_bids_quantity,ask_bids_asks_usd,ask_bids_asks_quantity,aggregated_ask_bids_aggregated_bids_usd,aggregated_ask_bids_aggregated_bids_quantity,aggregated_ask_bids_aggregated_asks_usd,aggregated_ask_bids_aggregated_asks_quantity
2020-12-25,23247.88,24718,23134.1,24033.28,6367403636.61536,763971333,937699275,763971333,888239619,0.018651,0.050059,0.01,0.01,0.01721656,0.05396041,0.01679524,0.04995957,,,,,58.13,41.87,1.39,55.76,44.24,1.26,53.41,46.59,1.15,22673567.96303,42981798.07798,24905967.96303,44535398.07798,,,,,,,,
2020-12-26,24032.93,25690,24001,25638.48,6719365969.35559,891011553,945971640,883397155,945971640,0.01,0.026449,0.01,0.021419,0.05069713,0.05069713,0.03092488,0.04209157,,,,,58.54,41.46,1.41,57.27,42.73,1.34,54.88,45.12,1.22,23590568.39401,102510561.44298,27383868.39401,109767361.44298,,,,,,,,
2020-12-27,25636.71,28459.84,25582.15,27399.38,15221307318.07766,961430010,962691941,899014352,904714604,0.019983,0.086215,0.011475,0.054354,0.0375157,0.08905742,0.0375157,0.06592139,,,,,61.16,38.84,1.58,59.59,40.41,1.48,55.06,44.94,1.23,126102912.92037,85911485.16456,142064212.92037,91883285.16456,,,,,,,,
2020-12-28,27399.5,27538.82,25850,26944.25,8837491309.99462,909381696,917247765,845963424,892561428,0.04362,0.078515,0.016529,0.040294,0.06414642,0.06503152,0.03918567,0.05874087,,,,,62.41,37.59,1.66,61.81,38.19,1.62,54.66,45.34,1.21,31281974.148,18876906.47661,35070974.148,19856706.47661,,,,,,,,
2020-12-29,26944.25,27267.43,25913.01,26636.84,6932823206.91489,914074116,933328836,876591667,923811788,0.037686,0.056852,0.023942,0.04514,0.05754768,0.05754768,0.02810142,0.02852675,,,,,64.53,35.47,1.82,61.02,38.98,1.57,54.26,45.74,1.19,28670299.26474,15617625.99746,32010399.26474,16760125.99746,,,,,,,,
2020-12-30,26636.84,28656.9,26266.15,28182.26,9681778937.25417,915079231,1035288909,915079231,1035288909,0.049104,0.08262,0.046795,0.051567,0.0297363,0.08659679,0.0297363,0.04616218,,,,,66.47,33.53,1.98,64.28,35.72,1.8,54.95,45.05,1.22,36756186.05137,43881921.83794,40373286.05137,46615721.83794,,,,,,,,
2020-12-31,28180.36,29376.7,27848,28792.58,10303218242.97363,1020513820,1062149570,989011306,1031649782,0.053241,0.077256,0.01,0.022005,0.04770105,0.04770105,0.01187611,0.01194267,,,,,61.61,38.39,1.61,60.35,39.65,1.52,54.28,45.72,1.19,55964513.16036,21940064.81036,64945013.16036,24308964.81036,,,,,,,,
2021-01-01,28792.58,29668.86,28327.78,29210.84,6186367893.8322,1025203374,1142790453,985965247,1135759523,0.022763,0.044983,0.01,0.01,0.0101903,0.02062697,0.00313455,0.01171634,,,,,61.55,38.45,1.6,61.4,38.6,1.59,54.97,45.03,1.22,22943027.24342,15278571.21235,28359527.24342,16620671.21235,,,,,,,,
2021-01-02,29210.85,31873.02,28651.47,31717.01,8826082228.46418,1104874084,1260343894,1042009281,1260343894,0.01,0.172593,0.01,0.147133,0.01191607,0.11089435,0.00730455,0.08285485,,,,,61.02,38.98,1.57,60.08,39.92,1.51,54.24,45.76,1.19,90141934.96233,194408589.00357,109881434.96233,205560189.00357,,,,,,,,
2021-01-03,31720.79,34832.25,30528,33540.46,21002058592.70317,1275519475,1275519475,1120002321,1156767437,0.124586,0.157305,0.055563,0.157305,0.07770822,0.09306321,0.07157342,0.09306321,,,,,60.85,39.15,1.55,59.74,40.26,1.48,54.54,45.46,1.2,92589526.65052,74771706.37884,111899526.65052,81593606.37884,,,,,,,,
2021-01-04,33538.81,33948.13,27800,31758.38,17086653027.64199,1169506040,1188129672,908683302,977030175,0.164252,0.273325,0.03933,0.074112,0.09267328,0.15049457,0.03019868,0.03646376,,,,,66.81,33.19,2.01,65.48,34.52,1.9,54.6,45.4,1.2,217331987.09426,34963282.50255,265126887.09426,38919082.50255,,,,,,,,
2021-01-05,31755.02,32900,29900,32133.79,12495525857.11643,942463368,984112766,845456565,919996155,0.088095,0.124365,0.036015,0.124365,0.04390053,0.05108997,0.02230411,0.05108997,,,,,65.45,34.55,1.89,63.87,36.13,1.77,54.9,45.1,1.22,49277016.33606,63741572.85285,59004516.33606,69951972.85285,,,,,,,,
2021-01-06,32130.05,35948.66,31802.25,34606.4,14813501741.63331,938801143,1069053869,938801143,998139239,0.127246,0.210008,0.081694,0.098782,0.05113751,0.11467298,0.05113751,0.0718351,,,,,65.55,34.45,1.9,64.07,35.93,1.78,55.82,44.18,1.26,58575400.67147,72749570.8576,71034600.67147,82238270.8576,,,,,,,,
2021-01-07,34606.39,39050,34330,39049.99,14397887530.95813,988822094,1118996266,951020372,1118996266,0.100145,0.213726,0.098422,0.213726,0.07392952,0.10017221,0.06231508,0.09762636,,,,,65.69,34.31,1.92,65.34,34.66,1.89,54.34,45.66,1.19,118819266.57904,98822929.6444,147295266.57904,108778429.6444,,,,,,,,
2021-01-08,39050,42125.51,36539.77,40879.4,25435149865.4262,1119405738,1211661685,1066005605,1211661685,0.213859,0.213859,0.066244,0.066244,0.09240694,0.11908043,0.03500673,0.07091269,,,,,67.93,32.07,2.12,67.11,32.89,2.04,54.39,45.61,1.19,113064969.36678,83348478.4221,139028469.36678,92125978.4221,,,,,,,,
2021-01-09,40877.97,41689.84,38655,40600,14447466280.48664,1167684046,1303602143,1050474933,1298018313,0.063038,0.166648,0.063038,0.166648,0.0677372,0.0677372,0.0246523,0.06011917,,,,,71.49,28.51,2.51,73.14,26.86,2.72,59.58,40.42,1.47,44750870.65111,24053486.40596,53004370.65111,26382386.40596,,,,,,,,
2021-01-10,40600.01,41412.12,38500,39723,10966743671.34258,1277574806,1299321744,1217707819,1233822202,0.146054,0.18201,0.052996,0.088241,0.0563617,0.11456087,0.02887948,0.0443303,,,,,74.31,25.69,2.89,77.82,22.18,3.51,57.93,42.07,1.38,221510575.57428,41378332.19402,278044875.57428,44368332.19402,,,,,,,,
2021-01-11,39723,39813.81,31146.15,31618.49,30612046250.05355,1223438012,1224493279,882201230,887230737,0.086563,0.094212,0.046863,0.046863,0.05090608,0.11112322,0.05090608,0.06227941,,,,,72.32,27.68,2.61,75.25,24.75,3.04,60.21,39.79,1.51,308626307.96246,128326980.73767,371047907.96246,140251880.73767,,,,,,,,
2021-01-12,31623.78,36693.44,30448,33861.95,19620179001.18858,877601196,955411767,844769803,936635336,0.033892,0.064319,0.025522,0.027881,0.05982148,0.05982148,0.02024175,0.04141342,,,,,70.99,29.01,2.45,71.54,28.46,2.51,56.2,43.8,1.28,94508780.32332,63484513.84938,114198080.32332,68129513.84938,,,,,,,,
2021-01-13,33861.94,35584.79,32420,34711.76,14222861424.40128,917701074,943230816,776604523,943230816,0.014963,0.08755,0.01,0.08755,0.04165709,0.05485867,0.02344627,0.04836656,,,,,67.71,32.29,2.1,69.15,30.85,2.24,56.27,43.73,1.29,50037449.50589,81568011.66188,57189649.50589,90321911.66188,,,,,,,,
2021-01-14,34711.35,40189.39,34421.39,39580.96,13438102873.98926,927250906,1171618261,927250906,1171618261,0.078311,0.104044,0.036137,0.057227,0.04884059,0.06657672,0.04569544,0.06289306,,,,,71.32,28.68,2.49,68.63,31.37,2.19,52.41,47.59,1.1,53475888.24775,61425405.92579,64345888.24775,67080305.92579,,,,,,,,
2021-01-15,39580.96,40061.83,35350,35691.31,13488804138.29646,1086364425,1141399533,1059821123,1115073289,0.055903,0.11791,0.020566,0.020566,0.05889835,0.08794783,0.03831016,0.03833145,,,,,65.93,34.07,1.94,65.68,34.32,1.91,53.56,46.44,1.15,170786539.95679,50827262.72413,203527239.95679,54624662.72413,,,,,,,,
2021-01-16,35692.45,38000,34478,37513.79,14717035518.85702,1146632397,1146632397,963397820,1053033737,0.01,0.070749,0.01,0.04058,0.03494209,0.04690558,0.00453042,0.0361055,,,,,69.53,30.47,2.28,68.67,31.33,2.19,52.69,47.31,1.11,65449137.3394,33633086.8979,76400037.3394,37934686.8979,,,,,,,,
2021-01-17,37513.79,37793.43,33863.5,35749.53,11015201656.93443,1044231007,1044231007,948591235,949759820,0.033223,0.051186,0.01,0.051186,0.03566062,0.03566062,0.00824397,0.02685226,,,,,68.15,31.85,2.14,66.25,33.75,1.96,52.66,47.34,1.11,64782382.6872,40226102.56467,76043982.6872,48000202.56467,,,,,,,,
2021-01-18,35744.9,37547.94,34808.47,36448.42,9326645098.71264,962854938,1086422722,954155383,1054839229,0.055285,0.112058,0.046657,0.056447,0.03064543,0.07773736,0.03064543,0.06611207,,,,,69.09,30.91,2.24,67.83,32.17,2.11,54.06,45.94,1.18,45771936.4989,32983619.45514,53805536.4989,36338319.45514,,,,,,,,
2021-01-19,36448.41,37661.36,35436.27,37376.48,8463317815.58758,1061730848,1131587444,1012235869,1027940861,0.061452,0.214907,0.061452,0.093061,0.07000603,0.1106317,0.0434015,0.07745391,,,,,73.8,26.2,2.82,72.04,27.96,2.58,53.98,46.02,1.17,43456068.7316,18425393.02277,53768468.7316,21406493.02277,,,,,,,,
2021-01-20,37376.48,37961,34020,34226.78,11657290059.46359,1023268167,1086980687,1017887375,1045157668,0.088658,0.088803,0.01,0.036559,0.07415092,0.07415092,0.00646065,0.0127613,,,,,70.08,29.92,2.34,68.86,31.14,2.21,53.57,46.43,1.15,109655651.35649,29695799.15838,128023451.35649,33718899.15838,,,,,,,,
2021-01-21,34226.79,35721,31032.66,31422.1,15440847824.68459,1049632228,1122860581,919147018,919147018,0.042018,0.060064,0.01261,0.01261,0.01492429,0.0240546,0.00885067,0.00885067,,,,,70.63,29.37,2.41,68.32,31.68,2.16,54.12,45.88,1.18,182327538.74049,54274234.73427,214369038.74049,59140534.73427,,,,,,,,
2021-01-22,31426.01,32749,28880,32454.51,16602517586.51366,917821568,939608954,849226787,880287558,0.01,0.012979,0.01,0.01,0.01002235,0.01323782,0.00226379,0.00517045,,,,,67.1,32.9,2.04,67.08,32.92,2.04,51.21,48.79,1.05,63082006.63511,77037855.9711,73586608.87491,86730747.9392,,,,,,,,
2021-01-23,32454.95,33831.52,31405,31883.58,9729580975.83195,881778999,890067685,832388280,840967298,0.01,0.01304,0.01,0.01,0.00611173,0.01235124,0.00461131,0.0066303,,,,,66.16,33.84,1.96,63.76,36.24,1.76,50.39,49.61,1.02,39091314.36006,22486715.5982,50261535.12836,25235947.8719,,,,,,,,
2021-01-24,31883.57,33125.75,31612.77,31967.5,6339668265.21903,846412946,914957327,830724310,854665514,0.01,0.066693,0.01,0.01,0.00671477,0.02245554,0.00671477,0.01344232,,,,,63.31,36.69,1.73,61.94,38.06,1.63,50.32,49.68,1.01,45211827.76208,25838886.54636,50923777.92238,27886570.59706,,,,,,,,
2021-01-25,31968.53,34880,30914.2,34507.81,8874529926.14859,875467427,1088543867,868797940,930403071,0.01,0.077051,0.01,0.039003,0.01335525,0.04763037,0.00727646,0.02756335,,,,,64.34,35.66,1.8,61.85,38.15,1.62,50.35,49.65,1.01,60886288.15167,49649839.37165,71562653.78747,52436144.64005,,,,,,,,
2021-01-26,34509.01,34658.19,30810,31764.99,12042219006.35586,889659867,926731161,859961817,926731161,0.013916,0.013916,0.01,0.01,0.02221747,0.02221747,0.00327885,0.00531478,,,,,67.39,32.61,2.07,65.49,34.51,1.9,51.9,48.1,1.08,54501993.71864,36485641.34182,64021144.65144,39826354.44362,,,,,,,,
2021-01-27,31768.19,32950,29240,30318.63,11547584133.42546,901168945,949456346,897252576,901670552,0.01,0.01,0.01,0.01,0.00514844,0.00620326,-0.00494144,0.00024907,,,,,65.61,34.39,1.91,63.08,36.92,1.71,53.62,46.38,1.16,93504957.10886,42993515.53402,107329042.26376,46065189.07172,,,,,,,,
2021-01-28,30318.63,32260.4,29507.61,31937.9,11556621547.3944,879560806,1037488207,879560806,1037488207,0.01,0.033577,0.01,0.01,-0.00119812,0.01551971,-0.0052103,0.00578533,,,,,65.89,34.11,1.93,64.53,35.47,1.82,53.58,46.42,1.15,16292609.97941,60971346.47992,19092009.97941,65435293.24042,,,,,,,,
2021-01-29,31937.9,38641.1,31660,37176.39,21558965997.72441,1005518122,1254172726,1005518122,1045575036,0.01,0.201023,0.01,0.058497,0.00659769,0.13049307,0.00413445,0.09481852,,,,,59.55,40.45,1.47,56.84,43.16,1.32,52.46,47.54,1.1,172229485.00722,172162507.37081,204771156.22352,193055044.01971,,,,,,,,
2021-01-30,37176.39,37600.52,32849.06,34240,14039700776.53876,999914144,1049896138,974550486,1049896138,0.039624,0.059098,0.025348,0.058473,0.09186442,0.09186442,0.01860756,0.02137247,,,,,73.21,26.79,2.73,72.31,27.69,2.61,55.8,44.2,1.26,36462702.40677,21386652.04316,43198495.44857,24915915.38616,,,,,,,,
2021-01-31,34242.34,34829.25,32550,32875.93,6969254130.5305,1033590753,1082456710,1014044992,1050331778,0.055157,0.055157,0.015692,0.015692,0.01966266,0.02747654,0.01836364,0.02244659,,,,,74.31,25.69,2.89,73.23,26.77,2.74,56.77,43.23,1.31,49168634.47185,9561886.6634,57972086.60985,10578886.6634,,,,,,,,
2021-02-01,32878.84,34720,32193.04,33178.13,8703819964.08217,1039220288,1086002068,990340412,990340412,0.013827,0.072212,0.013827,0.038449,0.02131436,0.04553876,0.01014795,0.03973324,,,,,71.22,28.78,2.48,68.45,31.55,2.17,55.11,44.89,1.23,24909002.8305,24004615.28764,28314018.2219,25182855.57124,,,,,,,,
2021-02-02,33181.26,35720,33161,34750.83,7484907731.59064,987496687,1122542616,979717734,1073604503,0.036844,0.135958,0.036844,0.08427,0.03956451,0.08128827,0.02553019,0.07417526,,,,,72.18,27.82,2.6,69.89,30.11,2.32,56.73,43.27,1.31,13402279.66844,35727305.19144,16511560.58984,38283445.50534,,,,,,,,
2021-02-03,34750.83,36976.34,34600.04,36891.1,8279562328.09358,1063862416,1121176424,1061818416,1081746708,0.077471,0.10581,0.026763,0.026763,0.071066,0.071066,0.04527267,0.05478065,,,,,69.96,30.04,2.33,68.14,31.86,2.14,57.49,42.51,1.35,20529149.68309,32967299.83636,25174325.26599,35480814.49486,,,,,,,,
2021-02-04,36891.1,39348.8,36233,36604.61,11800091295.47645,1099259720,1161916492,1083228455,1083228455,0.02899,0.101789,0.02899,0.054032,0.05582313,0.07733511,0.03526186,0.03696847,,,,,65.51,34.49,1.9,64.29,35.71,1.8,58.33,41.67,1.4,68551254.59889,35698147.68097,78007547.23799,40226509.14077,,,,,,,,
2021-02-05,36605.43,38411.82,36450.89,38006.64,7800345020.29346,1064887477,1221869023,1063642682,1135060898,0.056552,0.105115,0.032935,0.032935,0.03791853,0.06948714,0.02749701,0.05174755,,,,,64.18,35.82,1.79,65.32,34.68,1.88,58.37,41.63,1.4,21047828.69268,20054194.90713,26090720.15448,21818816.35533,,,,,,,,
2021-02-06,38006.64,40900,37250,40886.91,10975088676.78133,1157347289,1412939407,1157347289,1393339712,0.034782,0.158015,0.034782,0.158015,0.05705884,0.09309585,0.03844995,0.09309585,,,,,66.49,33.51,1.98,65.63,34.37,1.91,56.85,43.15,1.32,61540723.29051,60054640.49678,76711301.28351,64757184.83228,,,,,,,,
2021-02-07,40886.91,40992.4,37600,37965.79,12041066536.96187,1339676917,1339676917,1200898857,1226030169,0.15578,0.15578,0.060013,0.065491,0.08720168,0.11551171,0.05744132,0.07546584,,,,,67.8,32.2,2.11,70.55,29.45,2.4,58.26,41.74,1.4,107057175.40815,26324655.86932,127258674.90555,28842494.01542,,,,,,,,
2021-02-08,37965.79,45063.24,37403.27,43785.81,14176298551.29618,1225564465,1634571784,1188530251,1634571784,0.059327,0.258663,0.057955,0.138871,0.07576938,0.15736961,0.04803523,0.14246266,,,,,69.28,30.72,2.26,69.48,30.52,2.28,56.67,43.33,1.31,66371424.10368,286730738.25531,79602515.94848,309529153.55231,,,,,,,,
2021-02-09,43785.99,48266.36,42649,46835.77,21312935681.47296,1645248944,1706276499,1583443160,1602666396,0.131401,0.273538,0.129088,0.129088,0.1436489,0.20484747,0.12156482,0.12156482,,,,,68.96,31.04,2.22,68.36,31.64,2.16,58.69,41.31,1.42,89371697.03483,78146260.81881,107617744.93333,85061661.22841,,,,,,,,
2021-02-10,46844.75,47600,43770,44397.24,15540975801.9143,1581015040,1673455384,1460293741,1493491576,0.124313,0.241701,0.079522,0.079522,0.12086818,0.14404667,0.07948937,0.09104232,,,,,69.01,30.99,2.23,71.87,28.13,2.56,58.23,41.77,1.39,134357720.58269,27634076.01873,153517965.96539,30896604.93373,,,,,,,,
2021-02-11,44397.24,48720,43870.01,48070.75,13890157675.05011,1471006848,1788075348,1425961131,1729932137,0.07686,0.193386,0.076305,0.138335,0.08869534,0.12868729,0.05982639,0.10982115,,,,,72.0,28.0,2.57,73.96,26.04,2.84,57.9,42.1,1.38,58692810.15196,78327939.70518,71987975.60276,84840527.74148,,,,,,,,
2021-02-12,48069.65,49278.98,46121,47083.34,15078293869.84399,1721482071,1793185281,1663675512,1683751849,0.128893,0.156617,0.105852,0.136212,0.11393767,0.12987029,0.08621548,0.09887675,,,,,72.18,27.82,2.6,72.67,27.33,2.66,58.64,41.36,1.42,58831606.06831,26727804.71348,75611055.09401,31172348.23178,,,,,,,,
2021-02-13,47083.34,48290,46252.1,47221.62,12149496170.06625,1670298116,1729026409,1571591550,1578374833,0.140241,0.17443,0.073876,0.081089,0.09399451,0.12505304,0.05968916,0.06166964,,,,,73.45,26.55,2.77,75.15,24.85,3.02,58.58,41.42,1.41,41396631.25351,10728829.29114,49580296.97101,11793229.29114,,,,,,,,
2021-02-14,47221.63,49875.16,47093.16,48655.21,11794266027.64818,1586250620,1903900608,1586250620,1835360925,0.085014,0.162715,0.085014,0.124282,0.06431175,0.15642931,0.06195008,0.1523951,,,,,73.51,26.49,2.78,74.12,25.88,2.86,57.6,42.4,1.36,41395497.15602,58871890.15027,52227777.01522,66798942.13667,,,,,,,,
2021-02-15,48659.1,49100,45349.21,47981.58,11631401845.46803,1811110787,1813803756,1590146010,1666445686,0.117978,0.117978,0.037104,0.098405,0.14502592,0.14502592,0.05502318,0.08850104,,,,,71.54,28.46,2.51,72.85,27.15,2.68,57.71,42.29,1.37,152700479.83442,32777856.37312,182577992.56652,38326433.17542,,,,,,,,
2021-02-16,47981.6,50953.44,47101.02,49197.94,16846735391.9987,1654162763,1845086192,1616050183,1692720006,0.099584,0.156661,0.094208,0.105619,0.08617502,0.15311556,0.08617502,0.11427561,,,,,66.7,33.3,2.0,68.78,31.22,2.2,58.84,41.16,1.43,93496982.60823,74287928.51101,107137423.31343,89491845.26531,,,,,,,,
2021-02-17,49197.93,52800,49029.62,52194.62,15897490806.46446,1705776364,2031158890,1705776364,1959992999,0.104137,0.147248,0.093526,0.135304,0.11692296,0.17093969,0.09535314,0.16379169,,,,,70.27,29.73,2.36,70.09,29.91,2.34,58.05,41.95,1.38,29876645.00282,93262217.15016,38854545.44602,107414516.83696,,,,,,,,
2021-02-18,52194.62,52640,50948,51619.7,9627115933.97444,1963733690,1991008754,1828513599,1828513599,0.132396,0.163985,0.093851,0.093851,0.15824635,0.15953365,0.11305378,0.11379238,,,,,65.33,34.67,1.88,65.88,34.12,1.93,57.79,42.21,1.37,34873003.97128,14152475.11033,48233850.83828,17565775.11033,,,,,,,,
2021-02-19,51612.46,56582,50800,56004.1,13784775685.92855,1818941335,1969367901,1799775925,1969367901,0.091381,0.164993,0.084417,0.164993,0.1116644,0.11722374,0.08425851,0.11472755,,,,,68.98,31.02,2.22,70.16,29.84,2.35,56.72,43.28,1.31,39976821.15251,149664609.01806,49617448.58691,168798579.94146,,,,,,,,
2021-02-20,56005.85,57699,53905,55917.41,13490324666.11753,1978452144,1978452144,1818224478,1818224478,0.15652,0.15652,0.106405,0.106405,0.10870724,0.10870724,0.0512968,0.07970775,,,,,68.98,31.02,2.22,70.16,29.84,2.35,56.72,43.28,1.31,149158602.39218,53592300.89142,181100566.64428,63019634.17172,,,,,,,,
2021-02-21,55908.45,58472.14,55564.5,57487.43,11254046579.01132,1847119282,2013728028,1839240579,1947381522,0.100581,0.135979,0.099112,0.129917,0.07749248,0.11952394,0.06746768,0.11539907,,,,,68.74,31.26,2.2,70.16,29.84,2.35,57.4,42.6,1.35,28879951.98229,36877781.34959,37487754.24189,40967888.45539,,,,,,,,
2021-02-22,57475.5,57591.87,49041,54121.1,24541190229.82966,1900065626,1900065626,1571272678,1579211044,0.11727,0.117584,0.029128,0.029128,0.10821456,0.10821456,0.06258064,0.06258064,,,,,69.43,30.57,2.27,69.01,30.99,2.23,57.08,42.92,1.33,539701131.56346,94042789.3875,660040210.85816,109356666.4323,,,,,,,,
2021-02-23,54125.55,54260.12,44893.82,48930,36285381548.75117,1569599316,1591468678,1236172143,1274576468,0.025048,0.051997,0.01,0.01,0.0627282,0.0627282,0.01083507,0.02020101,,,,,71.29,28.71,2.48,71.14,28.86,2.47,56.11,43.89,1.28,383935157.95992,171353533.98526,472917868.91812,190394448.47756,,,,,,,,
2021-02-24,48930.01,51435.58,47000,49702.03,16573374739.27164,1271805000,1424426338,1235891469,1335006847,0.01,0.05891,0.01,0.026677,0.01991093,0.03134928,0.00974616,0.01263552,,,,,65.92,34.08,1.93,67.38,32.62,2.07,56.64,43.36,1.31,85233428.13218,61754591.49442,103805715.26768,69539545.19022,,,,,,,,
2021-02-25,49702.05,52134.96,46685.43,47089.37,17447887799.89135,1362856054,1502536047,1362856054,1378161947,0.0178,0.0343,0.01,0.011224,0.01097152,0.02625508,0.00842407,0.01844785,,,,,67.94,32.06,2.12,67.23,32.77,2.05,55.94,44.06,1.27,138975865.73127,60220366.02504,162583670.45187,70988693.31074,,,,,,,,
2021-02-26,47087.97,48438.01,44100,46313.13,19568512892.98178,1359031898,1359031898,1254846760,1265915399,0.01,0.033521,0.01,0.033521,0.01889121,0.02366754,0.0078138,0.01762947,,,,,70.85,29.15,2.43,70.6,29.4,2.4,55.39,44.61,1.24,142746057.01467,85676939.44419,166034214.19937,97289882.60299,,,,,,,,
2021-02-27,46313.12,48476.05,44926.77,46102.63,12031514115.84797,1258211959,1389521031,1239135548,1239135548,0.030285,0.056992,0.01,0.01,0.01958394,0.03615047,0.00738844,0.00738844,,,,,70.64,29.36,2.41,69.57,30.43,2.29,55.1,44.9,1.23,59717088.4077,39153527.53426,70633653.4933,45768635.18866,,,,,,,,
2021-02-28,46097.09,46678,43002.05,45163.36,16549302262.98406,1269795483,1350076189,1227141660,1348327045,0.01,0.039855,0.01,0.020939,0.00893781,0.0225257,0.00517695,0.01659737,,,,,68.08,31.92,2.13,66.28,33.72,1.97,55.35,44.65,1.24,118537636.49691,74711603.03014,139629886.48041,86231803.70564,,,,,,,,
2021-03-01,45162.64,49800,44972.49,49592.7,15061638936.4441,1334305946,1473136686,1299226282,1407456885,0.016973,0.016973,0.01,0.01,0.01579015,0.01579015,0.00569344,0.00916957,,,,,65.59,34.41,1.91,64.75,35.25,1.84,56.81,43.19,1.32,33452605.77319,105099851.50646,41629279.59179,116740439.10726,,,,,,,,
2021-03-02,49594.99,50221.77,47058.06,48450.57,13251380404.33646,1430030968,1434030170,1367919994,1413319688,0.01,0.060005,0.01,0.01,0.01230537,0.02369019,0.00845213,0.00921436,,,,,68.3,31.7,2.16,65.17,34.83,1.87,55.77,44.23,1.26,83050311.33917,34104932.0135,98380955.17007,38918758.2594,,,,,,,,
2021-03-03,48454.21,52681.51,48110.66,50373.75,17795830336.94411,1393048944,1691506228,1380662743,1476509037,0.01,0.046082,0.01,0.01,0.00798827,0.0391928,0.00798827,0.03181023,,,,,67.88,32.12,2.11,67.16,32.84,2.05,55.93,44.07,1.27,59984698.2422,98069036.39236,73429295.9075,110626236.03496,,,,,,,,
2021-03-04,50373.75,51800,47500,48385.77,19138803190.76052,1455896380,1552575072,1424040180,1437855206,0.01,0.01,0.01,0.01,0.03100175,0.03100175,0.00905943,0.01699216,,,,,69.56,30.44,2.29,67.84,32.16,2.11,55.27,44.73,1.24,156005493.98045,55663528.4383,177449638.75025,61790624.3062,,,,,,,,
2021-03-05,48385.77,49470,46320,48770.57,16912460473.8989,1425874789,1453455626,1394967192,1453455626,0.01,0.01,0.01,0.01,0.01591808,0.02534841,0.0055573,0.00922331,,,,,72.7,27.3,2.66,69.54,30.46,2.28,55.48,44.52,1.25,98909564.35451,59035782.63799,113852225.47821,64666204.90639,,,,,,,,
2021-03-06,48772.68,49253.63,47090,48908.21,10381734354.30114,1436332602,1483839309,1387263244,1445384208,0.01,0.01,0.01,0.01,0.01079873,0.01177269,0.00893158,0.01177269,,,,,69.18,30.82,2.25,67.12,32.88,2.04,56.27,43.73,1.29,46117771.01444,32576138.16197,54324089.82414,37064454.11157,,,,,,,,
2021-03-07,48908.21,51480,48908.21,50995.27,12500440245.10043,1451521820,1563879428,1388366177,1559269365,0.01,0.018806,0.01,0.011082,0.01111175,0.05074484,0.00743525,0.04609006,,,,,67.97,32.03,2.12,65.61,34.39,1.91,55.59,44.41,1.25,34489438.45362,69127571.87204,45121001.10862,78133658.96494,,,,,,,,
2021-03-08,50991.35,52450,49310,52429.43,15655711737.14968,1553216939,1594292376,1463576925,1566788621,0.01,0.065379,0.01,0.065379,0.04867027,0.05463411,0.03322377,0.05463411,,,,,66.06,33.94,1.95,64.71,35.29,1.83,56.95,43.05,1.32,52102782.46357,47860234.67074,60660214.81407,53058530.39214,,,,,,,,
2021-03-09,52429.43,54950,51880,54917.78,15386898586.7266,1591478582,1860095738,1550881460,1844858152,0.072398,0.074119,0.027537,0.027537,0.05914314,0.0903526,0.05914314,0.07970982,,,,,65.87,34.13,1.93,64.76,35.24,1.84,58.27,41.73,1.4,34099977.48163,100278780.26993,45117874.84743,110005794.30553,,,,,,,,
2021-03-10,54917.79,57500.92,53061,55947.98,22229052740.69299,1808718852,1862333195,1712451459,1862333195,0.024355,0.088031,0.024355,0.088031,0.0785996,0.13070055,0.06100404,0.13070055,,,,,66.88,33.12,2.02,66.1,33.9,1.95,56.4,43.6,1.29,111154767.30624,111761351.68399,131252430.16454,122175978.67009,,,,,,,,
2021-03-11,55949.3,58283,54356.44,57844.52,20556838588.31542,1879561594,1910945275,1741453214,1910945275,0.095845,0.111738,0.080177,0.10303,0.12793195,0.12793195,0.0929572,0.11206826,,,,,66.67,33.33,2.0,67.78,32.22,2.1,56.94,43.06,1.32,107086721.16469,68302200.9862,130362642.95119,76250266.5167,,,,,,,,
2021-03-12,57842.64,58186.33,55074.3,57291.03,19011089928.33316,1915767604,1982331932,1856507481,1861741363,0.102098,0.102098,0.043877,0.043877,0.1103326,0.1103326,0.05300927,0.05415972,,,,,65.91,34.09,1.93,65.85,34.15,1.93,54.65,45.35,1.21,128076561.45382,39324625.40459,154477864.15332,43381417.03629,,,,,,,,
2021-03-13,57291.04,61950,56136,61267.41,18993475962.88921,1909196175,2258911384,1804189337,2255015377,0.047802,0.099771,0.028985,0.083283,0.05700003,0.15924384,0.0254282,0.15634568,,,,,65.56,34.44,1.9,66.52,33.48,1.99,53.84,46.16,1.17,41448906.09203,171627129.75968,54545814.19753,190739785.79068,,,,,,,,
2021-03-14,61267.42,61798,59005,59037.12,14012473276.40508,2239326428,2258987047,2174174972,2235365860,0.081928,0.127629,0.071368,0.087216,0.15183049,0.15183049,0.09686739,0.0979699,,,,,67.85,32.15,2.11,68.33,31.67,2.16,56.37,43.63,1.29,101747414.69962,20476164.49677,118210042.56632,22583299.89497,,,,,,,,
2021-03-15,59037.11,60740,54517.28,55646.61,25517552233.5297,2231021136,2232784890,1836235638,1836235638,0.082219,0.120881,0.013727,0.018805,0.09512468,0.11625934,0.00983133,0.01183948,,,,,71.28,28.72,2.48,73.58,26.42,2.79,55.9,44.1,1.27,437847961.06885,45063788.59791,535898305.20355,52417933.24841,,,,,,,,
2021-03-16,55646.61,56988,53335,56954.19,18756789660.62728,1833387576,1949662687,1829988510,1881719153,0.022699,0.048016,0.020575,0.040885,0.0141279,0.02281768,0.0086561,0.01803595,,,,,75.97,24.03,3.16,75.49,24.51,3.08,54.49,45.51,1.2,143128693.95474,54183261.57945,176065514.13514,59541433.09725,,,,,,,,
2021-03-17,56953.23,59078.79,54154.93,58959,19076272406.19842,1911331802,1927034510,1839120822,1919781129,0.035358,0.035358,0.017037,0.025746,0.01631428,0.02954251,0.0134818,0.01390687,,,,,75.12,24.88,3.02,73.31,26.69,2.75,54.7,45.3,1.21,76524113.45565,82086362.73933,90439181.41775,90196776.39073,,,,,,,,
2021-03-18,58959.01,60510,57072,57700.01,17864833534.84393,1921426924,2002735311,1810668447,1929428501,0.030213,0.05027,0.023628,0.033479,0.01429838,0.05560621,0.0131315,0.04716058,,,,,73.12,26.88,2.72,71.59,28.41,2.52,54.93,45.07,1.22,94217150.85307,51247462.36039,118362041.69817,54653269.55009,,,,,,,,
2021-03-19,57700.01,59550,56301.27,58089.11,13378903606.1569,1964635386,1964635386,1825581777,1926387536,0.03199,0.045461,0.01,0.045461,0.04716058,0.04716058,0.04716058,0.04716058,,,,,75.69,24.31,3.11,75.94,24.06,3.16,55.58,44.42,1.25,69565625.76222,25936615.49663,82299899.16212,29288257.90513,,,,,,,,
2021-03-20,58089.1,59948,57881,58145.61,12000505661.65032,1933171146,1988440138,1853210442,1943446583,0.049248,0.078333,0.035719,0.036024,0.01619353,0.04242101,0.01619353,0.03714766,,,,,72.64,27.36,2.66,72.54,27.46,2.64,55.58,44.42,1.25,51753134.85393,25443522.69233,61857301.93153,29395252.11253,,,,,,,,
2021-03-21,58144.44,58638.7,55403.55,57415.18,13576134582.45296,1965839440,1965839440,1823480639,1928912742,0.031351,0.045601,0.01,0.045601,0.03523216,0.05951501,0.01693992,0.01891573,,,,,73.92,26.08,2.83,74.31,25.69,2.89,55.73,44.27,1.26,171068781.80889,33387656.5518,206715088.48419,42309587.6267,,,,,,,,
2021-03-22,57415.19,58500,53635.81,54129.56,16556429440.39568,1901862989,1945689698,1849559124,1932855201,0.051776,0.068029,0.033018,0.033018,0.01707811,0.04397844,0.01318982,0.03616508,,,,,74.77,25.23,2.96,72.96,27.04,2.7,54.99,45.01,1.22,266323425.03544,28177971.67681,320879403.08154,34931654.48981,,,,,,,,
2021-03-23,54129.57,55890.68,52981.4,54400,15088684977.75203,1944186248,1955841993,1776034976,1890019481,0.024288,0.059797,0.01,0.054163,0.03155994,0.034647,0.01067669,0.01605227,,,,,77.3,22.7,3.41,76.46,23.54,3.25,54.21,45.79,1.18,96854842.87793,38533065.14317,120173708.78813,43218476.37017,,,,,,,,
2021-03-24,54400,57234.79,51666,52311.54,21636646740.08715,1897107937,1924304326,1769452511,1897352498,0.053492,0.059471,0.01,0.025243,0.01818166,0.03153242,0.0137027,0.02158483,,,,,73.46,26.54,2.77,70.74,29.26,2.42,55.3,44.7,1.24,250710278.28529,60158149.16232,313244318.74299,68519473.47982,,,,,,,,
2021-03-25,52307.89,53255.2,50452.08,51325.21,21627707753.89323,1935826393,1946607872,1698673203,1778947589,0.012119,0.016765,0.01,0.014487,0.02679496,0.03412841,0.00161268,0.00250168,,,,,75.62,24.38,3.1,74.83,25.17,2.97,52.7,47.3,1.11,176826471.05325,68116415.78804,215188313.58415,76372864.91894,,,,,,,,
2021-03-26,51325.21,55123,51260,55030,14482985577.39759,1800174798,1831624929,1739334328,1831624929,0.016102,0.016102,0.01,0.01,0.00433565,0.01186117,0.00433565,0.00816206,,,,,71.7,28.3,2.53,70.65,29.35,2.41,54.13,45.87,1.18,24449094.6924,77459558.18809,29025020.5999,86188540.11969,,,,,,,,
2021-03-27,55030,56658.76,54001,55828,12939133219.21296,1826339718,1839744545,1765848960,1807066276,0.01,0.01,0.01,0.01,0.00941197,0.0134505,0.00254145,0.01212606,,,,,71.88,28.12,2.56,67.71,32.29,2.1,52.96,47.04,1.13,36624509.93098,91496485.08605,44420984.85548,99464678.64355,,,,,,,,
2021-03-28,55828,56588.31,54694.91,55805.08,11188756872.79973,1790847902,1840613481,1770206698,1799132283,0.01,0.01,0.01,0.01,0.0119041,0.02004634,0.01128235,0.0155569,,,,,67.74,32.26,2.1,65.85,34.15,1.93,53.87,46.13,1.17,50906148.77219,21534295.05585,61923621.47269,25459439.36265,,,,,,,,
2021-03-29,55804.16,58490.11,54931.15,57677.64,15858560539.1764,1811163286,2072040655,1727463586,2072040655,0.01,0.035675,0.01,0.033884,0.01533256,0.04978463,0.01533256,0.04656427,,,,,68.9,31.1,2.22,67.83,32.17,2.11,53.76,46.24,1.16,37382694.61676,96959308.2746,43795300.49496,109454966.1185,,,,,,,,
2021-03-30,57676.14,59560,57110,58794.16,13629178129.80392,2044285182,2044285182,1842470381,1998224323,0.032026,0.093152,0.022975,0.081159,0.04218704,0.09457545,0.04218704,0.09247296,,,,,67.71,32.29,2.1,67.42,32.58,2.07,55.35,44.65,1.24,22397040.47201,40659735.40263,27695074.47201,45885446.96753,,,,,,,,
2021-03-31,58794.17,59920,56924.23,58807.24,19344332392.27616,2001272159,2076197429,1982054965,2025410568,0.080901,0.11167,0.058463,0.11167,0.09642916,0.10533597,0.07816867,0.07897405,,,,,69.15,30.85,2.24,68.09,31.91,2.13,56.33,43.67,1.29,149748878.6618,50337556.99959,185516108.8776,57914604.08669,,,,,,,,
2021-04-01,58810.99,59592.22,58002,58794.01,11559052802.20239,2037825989,2058822714,1982533929,2019499571,0.109435,0.111438,0.046032,0.068605,0.07974265,0.10907123,0.07974265,0.0855601,,,,,69.5,30.5,2.28,70.18,29.82,2.35,57.09,42.91,1.33,51252237.26296,13638208.22938,61878793.10966,19379374.95628,,,,,,,,
2021-04-02,58797.56,60397.85,58490.03,59031.36,11251142351.00512,2001450131,2102320084,1958750184,2089812527,0.071067,0.115078,0.065969,0.065969,0.08437035,0.12529137,0.0688819,0.12464056,,,,,69.02,30.98,2.23,69.39,30.61,2.27,56.03,43.97,1.27,46569148.15238,26527447.27351,58701170.71048,32068964.16841,,,,,,,,
2021-04-03,59028.99,59925,56900,57134.65,11672141198.29116,2078783335,2118644496,2019989098,2118644496,0.06325,0.110468,0.056613,0.056613,0.12286904,0.12286904,0.07667208,0.10852696,,,,,73.05,26.95,2.71,72.81,27.19,2.68,56.18,43.82,1.28,143960165.22988,14115712.23138,173640121.83408,17126012.23138,,,,,,,,
2021-04-04,57134.65,58553,56517.23,57957.58,7047109782.36261,2087209937,2087209937,1964196058,1985611681,0.052012,0.067458,0.025913,0.047657,0.10148067,0.10148067,0.03774075,0.03851592,,,,,69.86,30.14,2.32,70.99,29.01,2.45,55.8,44.2,1.26,55931000.94185,21455831.88396,70645093.73045,24128183.27856,,,,,,,,
2021-04-05,57960.37,59385,56808.94,59098.01,9003184739.65326,1949899830,2039071248,1930786894,2039071248,0.039609,0.098418,0.020204,0.097496,0.03655618,0.06155835,0.0324573,0.06155835,,,,,71.29,28.71,2.48,69.87,30.13,2.32,55.11,44.89,1.23,29493143.41726,28051137.96208,37091102.43306,29538902.32838,,,,,,,,
2021-04-06,59098,59626.18,57500,57876.95,10351573416.23056,2016964698,2029937272,1927229502,2017101786,0.097031,0.103526,0.057799,0.058079,0.06999923,0.1141336,0.06036866,0.10054009,,,,,71.22,28.78,2.48,71.47,28.53,2.51,56.24,43.76,1.29,46712315.38401,8473290.79238,56433058.73581,10480090.79238,,,,,,,,
2021-04-07,57876.55,58720,55669.32,56527.38,13527486792.74687,2002891150,2027790579,1886126413,2006383809,0.057609,0.075606,0.04817,0.04817,0.09554713,0.09554713,0.04307283,0.04307283,,,,,75.46,24.54,3.08,75.52,24.48,3.09,56.05,43.95,1.28,170948046.19644,17347157.78915,204428179.58104,20051253.03155,,,,,,,,
2021-04-08,56524.25,57966.66,55536.07,57795.24,10581244568.36716,2003544118,2031678047,1951868721,1973330753,0.040757,0.053221,0.01,0.017275,0.0439081,0.0439081,0.01421139,0.01671633,,,,,76.07,23.93,3.18,74.78,25.22,2.97,55.2,44.8,1.23,11791160.80498,27295070.8488,15044360.80498,30085944.4128,,,,,,,,
2021-04-09,57795.23,58950,57501.99,58301.32,8496735063.56805,1964521817,1964521817,1876552226,1883631446,0.019611,0.033893,0.01,0.01,0.01469058,0.03002901,0.01469058,0.02043657,,,,,71.65,28.35,2.53,69.68,30.32,2.3,54.88,45.12,1.22,15107073.47405,21523145.60439,20648973.47405,24331261.75429,,,,,,,,
2021-04-10,58301.31,61800,57889,60348.46,12168267575.16473,1884228808,2161550915,1871943076,2161550915,0.013002,0.153432,0.011571,0.125777,0.0195574,0.14935214,0.0195574,0.14147406,,,,,71.94,28.06,2.56,72.46,27.54,2.63,54.82,45.18,1.21,89878145.41192,105852041.15711,114719719.82232,116442741.92371,,,,,,,,
2021-04-11,60348.7,60816.88,58420,59730,10607825717.9893,2146359699,2146359699,1984212109,2064821942,0.119755,0.119755,0.086011,0.113235,0.13901087,0.13901087,0.07443295,0.09884296,,,,,74.92,25.08,2.99,75.65,24.35,3.11,55.01,44.99,1.22,19140652.68226,11127388.91628,24310396.27896,12119091.87628,,,,,,,,
2021-04-12,59730.01,61449.91,59462,60075.19,12296381636.52294,2069510214,2221823406,2041766775,2149378795,0.106154,0.140623,0.089424,0.103539,0.09798748,0.10927947,0.08824652,0.09455016,,,,,74.81,25.19,2.97,75.81,24.19,3.13,55.77,44.23,1.26,39041211.2775,20678250.25517,44553885.07,23161282.47917,,,,,,,,
2021-04-13,60075.19,63799,59750,63420.34,15792558379.17684,2147537695,2536538116,2147537695,2428317654,0.094343,0.15386,0.068453,0.135637,0.09002223,0.12124501,0.08248398,0.11086046,,,,,76.72,23.28,3.3,78.12,21.88,3.57,54.93,45.07,1.22,24484635.3761,110716661.11102,32676061.533,129964257.17532,,,,,,,,
2021-04-14,63421.77,64986.11,62400,63132.48,17063160320.93501,2446728459,2480649552,2328924577,2328924577,0.12267,0.12267,0.085289,0.099605,0.10768882,0.10768882,0.07797593,0.09320808,,,,,68.92,31.08,2.22,70.03,29.97,2.34,55.03,44.97,1.22,153140576.62846,57406413.00509,189506191.76316,69705270.91309,,,,,,,,
2021-04-15,63132.48,63853.17,61404,62787.12,14490234891.02034,2310323122,2344319493,2258305581,2298676535,0.10481,0.115473,0.069912,0.112472,0.09178958,0.09178958,0.06168445,0.06968247,,,,,75.94,24.06,3.16,77.39,22.61,3.42,55.11,44.89,1.23,16199285.32048,12492797.26141,20671985.32048,14559125.29011,,,,,,,,
2021-04-16,62787.12,63905.83,60100,61620.18,16308481377.40933,2288035618,2400601367,2144399286,2144399286,0.110537,0.147118,0.104248,0.124331,0.06606277,0.08312529,0.06606277,0.07501234,,,,,75.48,24.52,3.08,77.0,23.0,3.35,55.69,44.31,1.26,148406018.32009,12616087.35597,179836531.89029,14813687.35597,,,,,,,,
2021-04-17,61617.61,62610,60152.13,60338.15,11082505572.22701,2136057764,2169917998,2102618748,2144082333,0.115706,0.115706,0.046939,0.081924,0.0777936,0.0777936,0.03036062,0.03892874,,,,,79.13,20.87,3.79,79.54,20.46,3.89,55.51,44.49,1.25,82269280.31532,7092169.71958,98917624.60682,8308269.71958,,,,,,,,
2021-04-18,60338.15,61035.16,51786.51,55470,23568677978.14369,2118109052,2147820424,1592986602,1592986602,0.087454,0.092265,0.01,0.01,0.04049993,0.05621415,-0.01267936,-0.01267936,,,,,81.99,18.01,4.55,81.15,18.85,4.31,55.22,44.78,1.23,1112616792.14481,87332852.14297,1433580350.04491,137423699.33717,,,,,,,,
2021-04-19,55470.01,57532.7,54200,54577.19,15371031025.2925,1591606123,1667305196,1510307858,1522233051,0.01,0.038124,0.01,0.027407,-0.00763475,0.01291023,-0.00763475,0.00758107,,,,,74.33,25.67,2.9,71.94,28.06,2.56,54.08,45.92,1.18,87298347.37525,38699569.80899,100996921.94275,40725611.93339,,,,,,,,
2021-04-20,54577.19,56607.14,53330.82,55348.87,18029388333.02015,1510756311,1648120633,1510756311,1598769704,0.01,0.01,0.01,0.01,0.00786257,0.01458518,0.00181515,0.01221282,,,,,71.8,28.2,2.55,71.46,28.54,2.5,53.59,46.41,1.16,78563112.36729,54150687.17776,96902895.04049,58452901.67816,,,,,,,,
2021-04-21,55348.87,57060,54257.88,56147.88,14152610518.50567,1591333616,1596609958,1523003105,1525297749,0.01,0.01,0.01,0.01,0.0113059,0.01955496,0.00457772,0.00671195,,,,,72.76,27.24,2.67,71.5,28.5,2.51,53.77,46.23,1.16,82842722.7995,20166431.6109,101274332.4258,26286354.7321,,,,,,,,
2021-04-22,56146.85,56326.62,52505,54672.07,17293461713.39994,1539743112,1624603619,1539743112,1619395870,0.01,0.01,0.01,0.01,0.00700469,0.02248478,0.00657571,0.01898236,,,,,71.52,28.48,2.51,70.87,29.13,2.43,53.14,46.86,1.13,238660984.89625,72192617.25167,288602589.51815,82509700.58017,,,,,,,,
2021-04-23,54676.74,55191.43,47546.16,49852.52,33864125437.81195,1618724937,1703874151,1558980166,1626705364,0.01,0.052622,0.01,0.012579,0.01895601,0.03029231,0.00059032,0.01218166,,,,,71.36,28.64,2.49,70.82,29.18,2.43,53.74,46.26,1.16,318886941.17216,129540513.53432,379071547.58726,144979704.11742,,,,,,,,
2021-04-24,49850,51278.54,48690,50225.36,15834628899.18126,1646373764,1706273222,1643093082,1660259917,0.01,0.036998,0.01,0.021246,0.01110098,0.0142827,-0.00791636,0.01136122,,,,,67.75,32.25,2.1,67.25,32.75,2.05,53.95,46.05,1.17,69729613.70708,56029516.99577,79304269.22008,60205165.59847,,,,,,,,
2021-04-25,50225.37,51046.89,49113.17,50273.29,12046038650.18056,1680580804,1707929345,1594395444,1612131712,0.016903,0.045717,0.01,0.01,0.01171636,0.01736545,0.00882778,0.01095556,,,,,60.67,39.33,1.54,63.18,36.82,1.72,54.97,45.03,1.22,152700353.40306,50858511.34733,175314350.11966,54731233.01383,,,,,,,,
2021-04-26,50273.28,53952,46930.43,53572.76,21486805517.08608,1604707465,1684699152,1514095926,1514095926,0.01,0.01,0.01,0.01,0.01011747,0.01011747,-0.00093888,0.00091082,,,,,61.35,38.65,1.59,61.45,38.55,1.59,53.48,46.52,1.15,47833225.54969,173856759.17943,55225188.45579,185914456.58873,,,,,,,,
2021-04-27,53576.65,55337.77,52600,54985,15284328941.63487,1526474249,1627368950,1508458886,1531549498,0.01,0.01,0.01,0.01,0.00235545,0.00763022,0.00134614,0.0045821,,,,,61.4,38.6,1.59,59.38,40.62,1.46,53.88,46.12,1.17,13089597.49821,29183830.83178,17518297.49821,32199317.97298,,,,,,,,
2021-04-28,54985.01,55733,53852,54367.05,12008204753.32843,1527436268,1586232170,1527436268,1561057225,0.01,0.01,0.01,0.01,0.00462341,0.01188637,0.00462341,0.00860017,,,,,64.1,35.9,1.79,62.95,37.05,1.7,54.73,45.27,1.21,11524382.61818,15644722.46999,15453329.51158,20013576.25939,,,,,,,,
2021-04-29,54367.04,56574.13,53333.89,53748.77,14628788089.18205,1559830328,1661363012,1532701769,1633774154,0.01,0.01,0.01,0.01,0.00848551,0.01148607,0.00763699,0.01148607,,,,,68.06,31.94,2.13,66.66,33.34,2.0,55.71,44.29,1.26,10159764.4566,5759147.82469,16466024.7223,7790635.66449,,,,,,,,
2021-04-30,53748.78,57270,52350,57138.23,15926205814.93488,1625731617,1866397364,1592360414,1849670479,0.01,0.033362,0.01,0.01,0.01166728,0.01747546,0.00787343,0.00787343,,,,,70.38,29.62,2.38,70.02,29.98,2.34,54.57,45.43,1.2,4310366.6466,18706657.06949,6256366.6466,26534343.60789,,,,,,,,
2021-05-01,57139.14,58488.17,56323.03,57399.06,14270503381.46437,1844638470,1945211592,1844638470,1870090390,0.01,0.042101,0.01,0.032955,0.00783664,0.02030483,0.00783664,0.01537621,,,,,68.03,31.97,2.13,66.27,33.73,1.97,53.64,46.36,1.16,6072353.32942,8347428.84546,9293473.91252,9012008.31796,,,,,,,,
2021-05-02,57395.33,58075.39,56100,56654.38,11496197154.67827,1880923836,1946852664,1857744213,1873096588,0.032564,0.057247,0.015819,0.046128,0.01546346,0.03655323,0.01546346,0.03112155,,,,,68.93,31.07,2.22,70.19,29.81,2.36,54.67,45.33,1.21,8412483.63586,4498855.22572,12857277.74136,7570469.57292,,,,,,,,
2021-05-03,56654.37,59056.59,56250,57682.93,13487771846.20693,1883597082,2022643006,1861277954,2005182403,0.04529,0.065863,0.031101,0.06524,0.03116492,0.04649851,0.02531182,0.04060871,,,,,73.61,26.39,2.79,73.5,26.5,2.77,54.62,45.38,1.2,10078160.05892,9559476.50617,15457145.14772,12771534.37667,,,,,,,,
2021-05-04,57682.93,58230,53558.57,53881.84,20003417618.55781,1994685189,1994685189,1823461059,1823461059,0.06734,0.070375,0.011826,0.059822,0.04138623,0.04348834,0.00996149,0.01867663,,,,,75.36,24.64,3.06,74.38,25.62,2.9,55.01,44.99,1.22,20127112.7945,11312997.83263,37576250.2495,13830931.52933,,,,,,,,
2021-05-05,53876.71,57700,52880.38,57596.1,18610624296.41345,1798140930,1863459632,1778028928,1778028928,0.066377,0.080743,0.026791,0.04477,0.01675841,0.02726992,0.01175897,0.01796214,,,,,73.21,26.79,2.73,73.29,26.71,2.74,54.81,45.19,1.21,7563174.57278,14532750.13977,10171949.09368,19639187.42917,,,,,,,,
2021-05-06,57596.09,58450,56423.01,57173.49,15055371877.90232,1793409630,1902829855,1777422579,1887231604,0.012187,0.088858,0.01,0.088858,0.0107519,0.04230884,0.00646636,0.04230884,,,,,70.42,29.58,2.38,68.88,31.12,2.21,55.37,44.63,1.24,13149332.35779,9823691.35583,18102500.83939,14031765.61753,,,,,,,,
2021-05-07,57173.48,57730.36,55297.91,57558.06,15047872868.6508,1877620743,1880997687,1807795595,1811071042,0.093495,0.099182,0.023982,0.023982,0.04375402,0.05407364,0.01380175,0.01380175,,,,,76.29,23.71,3.22,76.33,23.67,3.23,55.18,44.82,1.23,13533344.16858,13243689.15409,16888922.44698,16273776.23279,,,,,,,,
2021-05-08,57558.07,59513.69,56820,57660.76,16399208595.37839,1818748098,2031730587,1783558340,1938912201,0.017273,0.064402,0.01331,0.040697,0.01274558,0.03631687,0.01274558,0.03256472,,,,,72.73,27.27,2.67,74.64,25.36,2.94,55.48,44.52,1.25,9261170.53717,13468786.30857,11742357.66827,17016635.32267,,,,,,,,
2021-05-09,57660.77,59590.96,56316,57461.83,15501186274.62922,1941602333,2002442438,1861257868,1861257868,0.046386,0.069526,0.039926,0.063709,0.02718771,0.04633864,0.02473521,0.03684302,,,,,70.04,29.96,2.34,72.75,27.25,2.67,55.41,44.59,1.24,9046382.40898,7712700.41606,13464611.42088,9697812.26776,,,,,,,,
2021-05-10,57461.84,59654,56700,58359.23,15469066779.39262,1853265143,2144650848,1844050239,2001329596,0.06368,0.117192,0.031807,0.098827,0.03776504,0.04792702,0.01489345,0.04401131,,,,,74.24,25.76,2.88,75.2,24.8,3.03,55.52,44.48,1.25,26213969.00668,14396250.58658,44386943.46668,16352365.64808,,,,,,,,
2021-05-11,58359.24,58671.01,54541.33,56084.25,15523549010.64463,1833812713,1909083721,1798946644,1826382641,0.098737,0.098737,0.032594,0.032594,0.04827967,0.04827967,0.01505976,0.01505976,,,,,76.69,23.31,3.29,76.42,23.58,3.24,55.93,44.07,1.27,11584516.94597,10329084.66376,16384398.18087,11362901.61716,,,,,,,,
2021-05-12,56086.62,58049.99,55300,55540.65,15230984936.69762,1821418702,1961086635,1751919163,1824777709,0.025855,0.069711,0.01,0.04095,0.01251558,0.02802712,0.00921282,0.01426528,,,,,70.84,29.16,2.43,69.45,30.55,2.27,55.13,44.87,1.23,18522564.3536,13020746.56302,36834994.4223,16038939.52082,,,,,,,,
2021-05-13,55540.65,55719.49,45596.32,49679.57,26764223834.68198,1574241777,1711466939,1514774838,1651339162,0.039796,0.043251,0.01,0.019514,0.01581323,0.01882073,-0.01969407,-0.01749429,,,,,70.84,29.16,2.43,73.47,26.53,2.77,55.13,44.87,1.23,32922449.37132,28150093.2655,68538866.35872,37542055.5447,,,,,,,,
2021-05-14,49678.96,51533,46994.97,51241.26,21731139329.88885,1698106256,1744172485,1605493358,1632674171,0.022771,0.040489,0.019172,0.019172,-0.01395401,0.02335791,-0.01395401,0.01378823,,,,,74.09,25.91,2.86,73.54,26.46,2.78,54.31,45.69,1.19,11717258.2916,12195216.86375,17143731.8696,16678213.40665,,,,,,,,
2021-05-15,51240.99,51348.35,47809.27,49019.96,17842314816.42189,1647708941,1745886497,1643583865,1726598081,0.015192,0.026614,0.01,0.026614,0.01244302,0.01452691,0.00586399,0.0131168,,,,,76.48,23.52,3.25,75.74,24.26,3.12,55.12,44.88,1.23,24580993.93263,18994784.43442,32221114.39843,22122800.63442,,,,,,,,
2021-05-16,49019.97,49829.39,43866,46429.28,37121371070.24756,1721038993,1801423931,1677403148,1693127278,0.020253,0.041873,0.01,0.019954,0.0103817,0.02102296,0.00955052,0.01331056,,,,,73.57,26.43,2.78,73.37,26.63,2.76,55.07,44.93,1.23,26000168.69902,22217977.86557,43652247.69162,26294558.25047,,,,,,,,
2021-05-17,46429.28,46655,42151,43566.18,34820067736.97944,1716468337,1901074671,1632257325,1901074671,0.036196,0.074387,0.01,0.061197,0.01909128,0.02638032,-0.00855422,0.02575818,,,,,75.65,24.35,3.11,73.93,26.07,2.84,53.78,46.22,1.16,40916212.13226,27520732.80211,66537765.57476,38372428.25291,,,,,,,,
2021-05-18,43565.11,45846.61,42268,42882.53,25741941610.01107,1859969005,1869972170,1789723908,1860612094,0.059294,0.073783,0.01,0.023086,0.02579949,0.02579949,0.0065274,0.01053265,,,,,75.19,24.81,3.03,75.76,24.24,3.13,53.28,46.72,1.14,22446127.88448,20479330.51694,30761099.37428,23606715.73614,,,,,,,,
2021-05-19,42882.54,43615.93,32620,36689.14,43996137532.62517,1810244659,1868355693,1134587271,1134587271,0.02184,0.039247,-0.10534,-0.10534,0.01037984,0.02365216,-0.06315244,-0.05600954,,,,,79.76,20.24,3.94,77.56,22.44,3.46,53.4,46.6,1.15,79305480.7229,45201021.15003,145717283.2215,60515941.53193,,,,,,,,
2021-05-20,36689.35,42460,34882,40500.3,30637584250.30541,980639197,1051329514,863569772,1047381143,-0.089697,0.010736,-0.089697,0.01,-0.038291,0.00117996,-0.14941233,-0.01547557,,,,,63.07,36.93,1.71,65.92,34.08,1.93,54.83,45.17,1.21,19622171.81331,22071389.94968,31027554.08181,29668480.48618,,,,,,,,
2021-05-21,40500,42270.42,33400,37211.02,35484400119.1814,1045550675,1096406773,986819635,1034564862,0.01,0.01,-0.02062,-0.002664,-0.01357375,-0.00066707,-0.0323094,-0.00793073,,,,,61.44,38.56,1.59,63.13,36.87,1.71,57.56,42.44,1.36,19243582.16062,15782381.33481,36678801.96272,22158856.21871,,,,,,,,
2021-05-22,37210.01,38851.34,35201.11,37432.58,21991107131.50581,1014630716,1114764253,986581425,1114764253,0.00728,0.01,-0.032253,0.01,-0.00444542,0.00749349,-0.02132229,0.00749349,,,,,55.76,44.24,1.26,56.98,43.02,1.33,53.44,46.56,1.15,9587068.4142,9104202.07425,15363067.5409,12268845.75675,,,,,,,,
2021-05-23,37436,38261.71,31096.7,34651.6,34118687576.59446,1117658250,1167627007,1015221142,1044877094,0.01,0.01,-0.014539,-0.001827,0.00653278,0.00772596,-0.01164144,0.00021056,,,,,57.86,42.14,1.37,58.71,41.29,1.42,56.85,43.15,1.32,17188457.16932,12175712.07176,31511072.63142,18366501.29176,,,,,,,,
2021-05-24,34656.53,39917.09,34366,38779.66,26314701447.38926,1032860428,1317752578,976220971,1200107788,0.004518,0.01,-0.029555,-0.007212,0.00131678,0.00131678,-0.01544724,-0.00159993,,,,,62.14,37.86,1.64,63.17,36.83,1.72,53.71,46.29,1.16,9280040.4781,9861511.46048,14493723.9274,14075604.00908,,,,,,,,
2021-05-25,38783.58,39790.05,36439.32,38326.84,22707587904.58412,1223040896,1236064276,1125538628,1175420062,0.001944,0.01,0.001944,0.01,-0.00075618,0.00826956,-0.00075618,0.00613269,,,,,63.67,36.33,1.75,61.71,38.29,1.61,53.44,46.56,1.15,7482116.45496,7274543.27094,14193910.57966,9670279.56364,,,,,,,,
2021-05-26,38326.84,40900,37804.76,39224.2,22638238529.40091,1186757852,1376328603,1164510094,1376328603,0.01,0.01,0.01,0.01,0.0064487,0.01215295,-0.00108638,0.00021451,,,,,61.72,38.28,1.61,63.17,36.83,1.72,54.23,45.77,1.19,6531516.48638,6288690.06796,10147952.44218,9431887.00446,,,,,,,,
2021-05-27,39224.21,40438.82,37133.22,38527.38,21083462472.5912,1364152419,1364152419,1173779245,1339979994,0.01,0.01,0.01,0.01,0.00041223,0.00974456,-0.01001016,0.00613908,,,,,69.34,30.66,2.26,68.44,31.56,2.17,52.27,47.73,1.1,7240314.52009,5559949.44574,13957995.34709,7979433.36664,,,,,,,,
2021-05-28,38533.08,38888.35,34689.57,35670.99,30283928030.85625,1385026730,1385026730,1189854756,1322034625,0.01,0.01,0.01,0.01,0.00652175,0.00838474,-0.0075595,-0.0075595,,,,,61.32,38.68,1.59,63.96,36.04,1.78,54.07,45.93,1.18,11682360.78854,8703787.11066,21813055.42634,13117486.99056,,,,,,,,
2021-05-29,35670.99,37375,33650,34611.94,25787434957.8662,1334902136,1341950056,1257275160,1302782831,0.01,0.018494,0.01,0.01,-0.00474708,0.01266688,-0.00474708,0.0064603,,,,,62.85,37.15,1.69,63.87,36.13,1.77,53.83,46.17,1.17,7487367.39851,7322234.39972,12689257.22731,11205195.39012,,,,,,,,
2021-05-30,34611.95,36501,33356,35651.81,18115979562.56662,1346997359,1431605112,1276379152,1431605112,0.01,0.01,0.01,0.01,0.00718745,0.00952224,-0.00008921,0.00823639,,,,,65.09,34.91,1.87,65.88,34.12,1.93,53.24,46.76,1.14,4426892.76326,5693876.12534,7561486.82476,10681946.70234,,,,,,,,
2021-05-31,35651.8,37500,34150,37243.38,22917354485.60524,1443974198,1464558737,1265960908,1464558737,0.01,0.01,0.01,0.01,0.00807674,0.00867911,0.00331171,0.00513952,,,,,59.15,40.85,1.45,59.66,40.34,1.48,54.32,45.68,1.19,5833589.03469,7425379.66789,8954230.91989,12333743.15199,,,,,,,,
2021-06-01,37244.36,37893.76,35500,36693.41,21609101838.82283,1462545131,1465871067,1337646535,1377033383,0.01,0.01,0.01,0.01,0.00603807,0.01167115,-0.00096488,0.00465736,,,,,58.5,41.5,1.41,58.69,41.31,1.42,53.11,46.89,1.13,6717802.27995,5636097.39294,12175212.28755,8766384.72734,,,,,,,,
2021-06-02,36694.37,38232.99,35905,37569.99,16464469494.77284,1401530521,1564975776,1349777557,1564975776,0.01,0.01,0.01,0.01,0.00502443,0.00971393,0.00317254,0.00839638,,,,,66.82,33.18,2.01,66.5,33.5,1.99,53.52,46.48,1.15,2896255.72325,4621378.96428,4980733.81325,6454794.22928,,,,,,,,
2021-06-03,37570,39470,37150.15,39247.4,18512492939.89083,1571057559,1695683325,1457389971,1685447993,0.01,0.01,0.01,0.01,0.00748175,0.00748175,-0.00114217,0.00268002,,,,,55.4,44.6,1.24,56.53,43.47,1.3,53.01,46.99,1.13,3575852.33578,5440689.57193,6237447.36578,8405883.73553,,,,,,,,
2021-06-04,39247.4,39297.35,35552.51,36828.03,25922682845.56438,1675267699,1704266224,1540213556,1559541885,0.01,0.020513,0.01,0.01,0.00256184,0.01199449,-0.00268917,-0.00194025,,,,,62.49,37.51,1.67,60.9,39.1,1.56,53.95,46.05,1.17,7986375.82533,6562531.03127,15167643.79473,8999343.09267,,,,,,,,
2021-06-05,36828.03,37900.49,34800,35498.62,22946321242.09278,1587244966,1638551542,1474851514,1510923769,0.01,0.01,0.01,0.01,-0.00102422,0.0049921,-0.00499609,0.00005272,,,,,61.3,38.7,1.58,62.51,37.49,1.67,53.55,46.45,1.15,7227769.5283,5491962.83345,13989195.0459,9655036.01815,,,,,,,,
2021-06-06,35497.93,36521.16,35201.86,35801.71,15937921267.76366,1534261059,1644978106,1506493913,1644978106,0.01,0.01,0.01,0.01,0.00046107,0.009711,0.00046107,0.00743641,,,,,61.76,38.24,1.62,60.44,39.56,1.53,52.76,47.24,1.12,3074065.07982,4140759.33874,5400918.54752,5558303.61194,,,,,,,,
2021-06-07,35801.71,36820,33200,33550.96,13424109530.0374,1648560474,1661889379,1556385972,1632007052,0.01,0.01,0.01,0.01,0.00776109,0.00982971,0.00086713,0.00086713,,,,,63.96,36.04,1.78,61.42,38.58,1.59,52.31,47.69,1.1,2089496.78309,1737135.60032,3115312.50399,2615403.76102,,,,,,,,
2021-06-08,33930.73,33970,31412.59,33372.58,20551422126.78461,1624664261,1754535433,1579319612,1579319612,0.01,0.01,-0.004373,0.006388,0.00045177,0.00293492,-0.02917289,0.00123672,,,,,61.31,38.69,1.59,61.5,38.5,1.6,52.94,47.06,1.13,7315479.42254,7261650.9154,12203787.40394,9543036.5352,,,,,,,,
2021-06-09,33372.58,37511.31,32390,37368.45,35735471207.15703,1574854431,1916843588,1549597904,1916843588,0.01,0.01,-0.026174,-0.015,0.00376975,0.00376975,-0.02475877,-0.0233782,,,,,58.79,41.21,1.43,55.97,44.03,1.27,52.61,47.39,1.11,14020875.55774,17991743.2944,17328214.23564,25119566.5087,,,,,,,,
2021-06-10,37369.99,38489,35750,36669.66,29774887731.97054,1922740530,1960546459,1807843114,1817565050,-0.016793,0.01,-0.020059,0.01,-0.02428207,0.00809866,-0.02428207,0.00615526,,,,,48.04,51.96,0.93,46.49,53.51,0.87,52.62,47.38,1.11,14531691.20801,14087320.36486,19698016.19361,17597931.47206,,,,,,,,
2021-06-11,36669.65,37679.54,35900,37300.42,21617389470.38054,1822340671,1822340671,1686800710,1800033816,0.01,0.01,-0.01043,-0.007588,0.0058781,0.00772623,-0.00093228,0.00205292,,,,,50.77,49.23,1.03,53.54,46.46,1.15,52.72,47.28,1.12,9062724.94044,8362563.14457,11873313.40264,10251618.60067,,,,,,,,
2021-06-12,37300.41,37432.95,34585.9,35537.05,22228942384.01783,1770909944,1816087692,1715531965,1732825768,-0.007676,0.01,-0.008992,0.01,0.00287289,0.00606376,-0.00600271,-0.00467971,,,,,46.03,53.97,0.85,48.42,51.58,0.94,51.99,48.01,1.08,12372812.47779,8254460.8347,17844174.05959,10513892.8582,,,,,,,,
2021-06-13,35535.95,39374.18,34739.06,38993.65,23729024551.24024,1694347026,1840706062,1689629702,1840706062,0.009637,0.01,-0.020792,0.003348,-0.00434763,0.00446441,-0.00926594,0.00215545,,,,,52.49,47.51,1.11,54.38,45.62,1.19,52.68,47.32,1.11,7672032.76957,10918442.16869,10467045.57897,17402912.99939,,,,,,,,
2021-06-14,38993.66,41000,38720,40489.1,28043202485.51004,1883805638,2139670213,1883805638,2139670213,0.01,0.01,-0.010062,0.01,0.00208179,0.01189292,0.00018121,0.00490731,,,,,49.68,50.32,0.99,47.97,52.03,0.92,52.12,47.88,1.09,10089394.55572,9524984.65908,14146495.11872,13188934.90098,,,,,,,,
2021-06-15,40489.1,41413,39500,40132.86,25426303778.68437,2148422993,2148422993,1969722355,2093550737,0.007996,0.01,0.007996,0.01,0.00410188,0.00982186,0.00410188,0.00476191,,,,,52.2,47.8,1.09,52.62,47.38,1.11,52.47,47.53,1.1,9001361.48803,10229821.66989,12676369.33153,12758268.96019,,,,,,,,
2021-06-16,40132.86,40495,38105,38344.97,26404920800.82922,2098744394,2136731763,1987602547,2030977890,0.01,0.01,0.01,0.01,0.00373754,0.00536618,-0.00387248,-0.0013695,,,,,55.68,44.32,1.26,55.67,44.33,1.26,52.21,47.79,1.09,11683625.1052,7524833.14871,16122401.6884,8984049.27681,,,,,,,,
2021-06-17,38344.97,39565,37334.76,38060.71,23274006619.23791,2078064113,2164838927,1961450997,2164838927,0.01,0.01,0.01,0.01,0.00073746,0.00585953,-0.00838858,-0.00560301,,,,,61.68,38.32,1.61,62.83,37.17,1.69,52.03,47.97,1.09,8667750.49774,7566548.77207,12192975.77174,8982408.75747,,,,,,,,
2021-06-18,38060.71,38198,35100,35811.41,29087824946.33529,2161932776,2161932776,2003433727,2016849999,0.005453,0.01,-0.003562,-0.001068,-0.00511399,0.00128633,-0.01569652,-0.00669172,,,,,69.23,30.77,2.25,67.7,32.3,2.1,51.28,48.72,1.05,15665678.34884,11870340.65134,25558631.51484,14483071.42674,,,,,,,,
2021-06-19,35811.37,36471.8,34704.08,35483,22932942303.11271,2021138742,2027641873,1809715745,2023663521,-0.00524,0.01,-0.01432,0.01,-0.00632289,-0.00346212,-0.02310614,-0.00346212,,,,,66.63,33.37,2.0,68.8,31.2,2.21,51.78,48.22,1.07,12777519.88036,12701899.09631,15869666.48156,15030541.25791,,,,,,,,
2021-06-20,35483.01,36155,33312,35588.64,28839224203.91938,1995968370,1995968370,1846986430,1929385359,0.01,0.01,-0.034752,-0.008704,-0.00219778,0.00608543,-0.02617419,-0.01547023,,,,,64.38,35.62,1.81,64.17,35.83,1.79,51.64,48.36,1.07,12553195.95142,13874319.57339,18988241.02142,17534781.12679,,,,,,,,
2021-06-21,35588.63,35746.28,31250.51,31606,45999613865.23949,1927567543,1942327785,1620306098,1620306098,-0.001658,0.01,-0.019796,0.000406,-0.01307497,0.00553296,-0.0234267,-0.01560481,,,,,66.67,33.33,2.0,65.14,34.86,1.87,51.37,48.63,1.06,31631962.60039,19399046.11211,44924613.45139,24599509.16481,,,,,,,,
2021-06-22,31606,33274,28780.01,32496,48117951852.89959,1614556479,1810140884,1594276810,1653741722,0.007832,0.01,-0.053294,-0.011363,-0.01275966,0.00598124,-0.03857249,-0.02668516,,,,,66.46,33.54,1.98,66.9,33.1,2.02,52.32,47.68,1.1,29801826.68156,23167919.3218,42091264.29166,31207141.6326,,,,,,,,
2021-06-23,32495.99,34867.77,31711.5,33488.23,23806174562.76829,1677676555,1911669255,1677676555,1735350205,0.000067,0.006652,-0.031852,-0.003067,-0.02250341,-0.01005536,-0.02897668,-0.0156164,,,,,56.77,43.23,1.31,56.37,43.63,1.29,52.99,47.01,1.13,15336519.69442,18478990.71677,20125356.11342,23800692.09097,,,,,,,,
2021-06-24,33488.24,34588,32300,33851,26682789639.49758,1754153442,1948231612,1696259530,1928405290,-0.007735,0.01,-0.026806,-0.00323,-0.01609231,-0.00345863,-0.02346645,-0.01402535,,,,,61.67,38.33,1.61,60.32,39.68,1.52,51.99,48.01,1.08,10834828.39715,11241652.39492,13659597.27355,14126676.47412,,,,,,,,
2021-06-25,33850.51,35500,32330.56,32618.31,31463777237.4774,1923438071,1953363259,1663236247,1663236247,0.002372,0.01,-0.00882,-0.00882,-0.01236803,0.00055865,-0.01815971,-0.01632156,,,,,55.04,44.96,1.22,55.33,44.67,1.24,52.5,47.5,1.11,25841262.47011,17356151.87606,35469689.60551,20803997.97936,,,,,,,,
2021-06-26,32618.33,32924.99,30120,31511.57,38770932453.27337,1674258138,1749295649,1656740911,1732939952,-0.011008,-0.002462,-0.038006,-0.015808,-0.01612397,-0.01612397,-0.03247619,-0.02420053,,,,,63.55,36.45,1.74,62.65,37.35,1.68,51.22,48.78,1.05,20302353.01631,15991241.91422,25377722.57341,20912757.67422,,,,,,,,
2021-06-27,31512.07,33562,30760.67,33171.2,28687299122.54619,1793432496,1909446224,1793432496,1907474540,-0.023754,-0.009608,-0.052879,-0.009608,-0.02682591,-0.01239277,-0.05093271,-0.02269711,,,,,61.52,38.48,1.6,59.29,40.71,1.46,51.88,48.12,1.08,12579476.27266,14463640.86828,15936812.89836,17985144.37298,,,,,,,,
2021-06-28,33171.26,35279.38,32377.3,34946.66,26679534414.62663,1929511506,2071810299,1893533649,1893533649,-0.003042,0.01,-0.003042,0.008165,-0.02066409,0.00720413,-0.02066409,0.00578868,,,,,54.77,45.23,1.21,52.63,47.37,1.11,52.5,47.5,1.11,9775593.15439,7035277.66754,12589951.25689,8609121.23054,,,,,,,,
2021-06-29,34947.41,36422.5,33932.68,36244.89,28350655326.82422,1898456839,2159799316,1898456839,2035559058,0.00827,0.01,-0.000319,0.01,0.00649018,0.00718649,-0.01593591,0.00571807,,,,,54.1,45.9,1.18,55.74,44.26,1.26,52.46,47.54,1.1,9114184.98791,11421803.63982,10715089.55401,14010880.76362,,,,,,,,
2021-06-30,36244.88,36623,34060,34191.68,25144092148.31197,2029243691,2029243691,1862242843,1912861983,0.01,0.01,0.01,0.01,0.00609737,0.01039318,-0.01498924,-0.00093689,,,,,51.86,48.14,1.08,52.19,47.81,1.09,53.06,46.94,1.13,9880999.92323,8770076.95688,13794980.10123,10340030.83648,,,,,,,,
2021-07-01,34191.69,35191,32968,33417.74,25776642377.67014,1930596989,1963988942,1865991456,1884554529,0.01,0.01,0.005544,0.01,-0.00096377,0.00409086,-0.0138325,-0.01245004,,,,,60.29,39.71,1.52,60.99,39.01,1.56,52.25,47.75,1.09,9340239.07427,8558491.10594,14464762.64577,10006213.37854,,,,,,,,
2021-07-02,33417.74,33960,32672.04,33684.88,23576790030.6596,1884391100,1990165817,1824986337,1931604934,0.008304,0.01,-0.015519,-0.005776,-0.01095714,0.00404313,-0.025213,-0.0232965,,,,,55.82,44.18,1.26,58.45,41.55,1.41,52.54,47.46,1.11,9719236.73189,10145188.05243,12114261.90189,11939103.65333,,,,,,,,
2021-07-03,33686.5,34800,33012,34592.56,17609759120.31505,1921358674,2167991340,1906030161,2073102246,-0.004727,0.009489,-0.016914,0.001585,-0.01918515,0.00162006,-0.01918515,-0.00259771,,,,,57.51,42.49,1.35,57.72,42.28,1.37,52.3,47.7,1.1,5695130.4489,6566852.99211,7210730.4489,8035839.43021,,,,,,,,
2021-07-04,34592.56,35731.3,34251,35486.35,15957371549.67143,2053944090,2210402246,2041455949,2111768045,0.003265,0.007235,-0.016437,0.00632,-0.00123241,-0.00003505,-0.01450883,-0.00515568,,,,,56.63,43.37,1.31,56.66,43.34,1.31,52.12,47.88,1.09,3541402.74773,5535403.67647,4548374.26253,7652155.60637,,,,,,,,
2021-07-05,35486.35,35955.55,33290,33575.23,22935195677.82259,2109107899,2228216910,2031776413,2031776413,0.01,0.01,-0.013846,-0.004739,-0.00167398,0.00594551,-0.02647775,-0.00763532,,,,,59.31,40.69,1.46,58.12,41.88,1.39,51.68,48.32,1.07,10851358.19741,6250307.03129,15832790.66951,7062263.81559,,,,,,,,
2021-07-06,33575.22,35120,33032,34031.17,24273500812.39187,2000025302,2104125263,1948886892,1948886892,-0.000673,0.003322,-0.020718,-0.01497,-0.00472242,-0.00136744,-0.01992119,-0.01795897,,,,,57.9,42.1,1.38,59.08,40.92,1.44,52.11,47.89,1.09,7502969.05369,10273773.27223,10787745.96949,11894744.00163,,,,,,,,
2021-07-07,34034.35,35089.56,33500,34534.9,16422007814.06597,1964614659,2064566004,1954405474,1967200133,-0.008291,0.01,-0.013398,0.01,-0.01467189,0.00748836,-0.01467189,0.00187566,,,,,57.9,42.1,1.38,59.08,40.92,1.44,52.11,47.89,1.09,4424365.97324,5465884.02322,6157087.94994,6790961.62742,,,,,,,,
2021-07-08,34534.89,34770,32066,32874.95,21084387069.36543,1964087023,2108200218,1964087023,2021861375,0.01,0.01,-0.022693,-0.022693,0.00253462,0.00712944,-0.03063747,-0.01502113,,,,,57.9,42.1,1.38,60.09,39.91,1.51,52.11,47.89,1.09,9950439.15431,7057047.51513,13775708.85551,8574227.47983,,,,,,,,
2021-07-09,32874.96,33700,32250,33537.49,16602345202.82465,2047359859,2227334239,1992242880,2110908205,-0.028018,-0.005796,-0.028167,-0.021379,-0.01833669,0.00104691,-0.01957703,-0.01206821,,,,,64.27,35.73,1.8,63.22,36.78,1.72,52.11,47.89,1.09,4926056.98184,7644223.15974,6906248.93174,10000639.91504,,,,,,,,
2021-07-10,33537.48,34248.58,33254.26,33840.28,12316668037.89882,2099045708,2154362222,2017687804,2078212819,-0.018885,0.01,-0.018885,0.006269,-0.01209649,0.00548635,-0.01209649,0.00341261,,,,,56.06,43.94,1.28,54.99,45.01,1.22,52.33,47.67,1.1,6900464.75847,4636305.03025,8460217.60747,5428968.77415,,,,,,,,
2021-07-11,33840.27,34190,33010,33926.19,12562325880.21579,2037402296,2216362434,2037402296,2173771747,0.000163,0.01,0.000163,0.002939,-0.00043654,0.00638043,-0.00742029,0.00186705,,,,,53.41,46.59,1.15,53.51,46.49,1.15,52.07,47.93,1.09,3383781.10231,4672345.03892,4201781.10231,5968423.80872,,,,,,,,
2021-07-12,33926.19,34662.73,33301,33340.32,15119840740.1448,2150937910,2233356188,1977126132,1991278513,-0.003321,0.01,-0.00483,0.01,-0.00131401,0.00662815,-0.00533309,0.00384274,,,,,48.87,51.13,0.96,48.29,51.71,0.93,52.05,47.95,1.09,9005420.77798,4708836.43773,12287012.75238,5932725.51533,,,,,,,,
2021-07-13,33340.33,33433,32259,32781.41,17089343455.5968,2006189753,2130936968,1991737711,2036514146,0.01,0.01,0.005084,0.005084,0.00364105,0.00863569,-0.00998754,-0.00063395,,,,,67.89,32.11,2.11,67.23,32.77,2.05,51.58,48.42,1.07,10216908.00829,4897021.34264,13360586.90369,5917087.88024,,,,,,,,
2021-07-14,32779.05,32957.44,31556.02,32772.97,17574300546.1192,2052593587,2105282960,1972696436,1972696436,0.000051,0.01,-0.012648,-0.012648,-0.00178902,0.00405048,-0.01143981,-0.00950508,,,,,67.96,32.04,2.12,65.82,34.18,1.93,51.96,48.04,1.08,6435850.23612,7390551.50886,8718474.42112,8982439.88246,,,,,,,,
2021-07-15,32772.96,33176.47,31401.2,31673.4,15669312467.02578,1946788833,2104300082,1930134303,2083038906,-0.011823,0.01,-0.011823,0.000422,-0.00900235,0.00640662,-0.0111743,-0.00869661,,,,,67.16,32.84,2.05,64.84,35.16,1.84,51.34,48.66,1.06,9286304.04231,4321237.16181,13518810.35031,5410033.38711,,,,,,,,
2021-07-16,31673.41,32187,31018.59,32105.81,16968262042.78436,2070634477,2120898907,1968827544,1968827544,0.001463,0.01,-0.012109,0.007492,-0.00687021,0.00893233,-0.00687021,0.00681892,,,,,72.96,27.04,2.7,70.07,29.93,2.34,51.21,48.79,1.05,13238679.80115,6933666.41423,16894770.04015,7964587.51303,,,,,,,,
2021-07-17,32105.81,32245,31150.02,31737.92,14765884750.16816,1958621592,2132840209,1934320679,2079248058,0.001262,0.01,-0.009039,0.003023,0.00483587,0.00483587,-0.01510617,-0.00384037,,,,,63.41,36.59,1.73,63.09,36.91,1.71,51.91,48.09,1.08,6254059.5826,5392153.29474,7933513.1308,6149150.06514,,,,,,,,
2021-07-18,31737.87,32435.93,31075.1,31349.07,12815725081.91284,2082550325,2192565812,2020875593,2020875593,0.002488,0.01,-0.00071,-0.00071,-0.0045155,0.00553539,-0.00952838,-0.00952838,,,,,63.91,36.09,1.77,62.25,37.75,1.65,51.28,48.72,1.05,4726402.65477,6288317.85334,6562730.40307,7169028.23064,,,,,,,,
2021-07-19,31348.11,31899.83,30358.77,30672.99,15845044563.53183,2047855067,2234269382,2019243597,2216689342,-0.004353,0.01,-0.018906,0.008427,-0.01165471,0.00513566,-0.01650716,0.0000532,,,,,67.49,32.51,2.08,63.86,36.14,1.77,51.26,48.74,1.05,8045725.23145,3318149.57287,10758670.04775,3809949.57287,,,,,,,,
2021-07-20,30672.99,31050,29242.24,29860.11,17489732200.24799,2221771834,2221771834,2035365188,2083112741,-0.001174,0.008085,-0.016415,-0.01094,-0.00169152,0.00310811,-0.01279572,-0.00367475,,,,,66.86,33.14,2.02,64.79,35.21,1.84,51.47,48.53,1.06,8898687.34206,6945043.30621,13272712.12676,8300100.69901,,,,,,,,
2021-07-21,29860.12,31949,29472.41,31904.38,17187534122.09364,2092206976,2418814893,2056426730,2200331876,-0.018735,-0.009274,-0.042476,-0.027079,-0.0106702,-0.00353753,-0.02861187,-0.01129203,,,,,58.83,41.17,1.43,58.79,41.21,1.43,51.66,48.34,1.07,5089690.02713,14498227.02772,6552363.34623,19020275.56652,,,,,,,,
2021-07-22,31904.43,32883.9,31502.12,32482.65,20458931144.30409,2206059584,2295731876,2152930857,2161409701,-0.032197,0.007703,-0.033964,0.007703,-0.01366595,0.00342144,-0.02433918,0.00342144,,,,,58.89,41.11,1.43,55.78,44.22,1.26,51.59,48.41,1.07,5804463.97462,6591800.94436,7309512.80212,8032530.88166,,,,,,,,
2021-07-23,32481.84,32930,32050,32305.83,10520286922.18749,2184245318,2331235101,2184245318,2269620518,0.001479,0.004089,-0.025147,0.000006,0.00036368,0.00116794,-0.01672146,-0.00148462,,,,,55.38,44.62,1.24,55.37,44.63,1.24,52.39,47.61,1.1,4313387.5161,13215807.54911,5520513.2747,15429205.97861,,,,,,,,
2021-07-24,32305.9,34100,31970.82,33831.17,13599342640.87139,2308476954,2407445017,2287368541,2334299761,-0.001024,0.009402,-0.013433,-0.005001,-0.0018273,0.0064938,-0.02340751,-0.01517618,,,,,54.38,45.62,1.19,52.48,47.52,1.1,51.11,48.89,1.05,3988057.7531,7093135.4212,5210930.5567,8817299.8705,,,,,,,,
2021-07-25,33831.16,34780,33660,34152.77,13914470463.76415,2345318966,2512789656,2339333056,2512789656,-0.010518,-0.005972,-0.028662,-0.005972,-0.01923601,-0.01180041,-0.02911836,-0.01180041,,,,,52.04,47.96,1.09,51.95,48.05,1.08,51.1,48.9,1.05,4478880.03141,10592506.02811,5398710.33081,12926650.17131,,,,,,,,
2021-07-26,34152.77,48168.6,35185.49,38307.85,28641638999.60325,2556237584,2615841496,1964967767,2025629752,-0.005163,0.01,-0.05991,0.01,-0.01249628,0.01191942,-0.03858184,0.00706951,,,,,48.54,51.46,0.94,47.84,52.16,0.92,50.23,49.77,1.01,18530360.96882,31361151.70308,26149686.33172,42624947.22308,,,,,,,,
2021-07-27,38536.93,40578.93,36384.31,38203.37,32821738907.6657,1999272423,2272718830,1925174259,2154289094,0.01,0.01,-0.01603,-0.009516,0.0066554,0.0066554,-0.0181805,-0.00985721,,,,,56.9,43.1,1.32,58.02,41.98,1.38,50.82,49.18,1.03,10773705.17361,17764685.39108,14382143.07851,22805297.38428,,,,,,,,
2021-07-28,38203.37,40894,37325,39670,27038480197.93515,2196185738,2321005423,2196185738,2215027607,-0.002416,0.01,-0.004368,0.01,-0.00485377,0.00985302,-0.00485377,0.00648636,,,,,57.62,42.38,1.36,56.57,43.43,1.3,50.19,49.81,1.01,12514576.43977,17828263.31021,18376622.96257,20688942.48941,,,,,,,,
2021-07-29,39670,40682,38753,39926.5,23651134484.05721,2212502528,2410401539,2208968847,2304056707,0.01,0.01,0.00147,0.01,0.00544959,0.00796701,-0.00018998,0.00339177,,,,,47.87,52.13,0.92,50.25,49.75,1.01,50.73,49.27,1.03,6903304.1437,6467161.51725,8281617.0622,7899055.61335,,,,,,,,
2021-07-30,39926.5,42316.6,38320,42203.25,27388765923.0419,2264401594,2294389294,2170262658,2217600373,0.01,0.01,0.002957,0.002957,0.00444946,0.01078004,-0.00537931,-0.00537931,,,,,48.76,51.24,0.95,50.39,49.61,1.02,50.2,49.8,1.01,6277288.51634,10321611.50827,8551896.17024,14262543.61927,,,,,,,,
2021-07-31,42202.6,42494,41030.19,41448.11,15885173174.10091,2272255563,2369867081,2251997113,2284859634,-0.00234,0.01,-0.00234,0.01,-0.00741241,0.01291739,-0.00741241,0.0078713,,,,,50.09,49.91,1.0,49.52,50.48,0.98,50.34,49.66,1.01,7094237.92073,6013195.64564,9464753.14163,7302434.31684,,,,,,,,
2021-08-01,41448.1,42614.98,39350.4,39846.78,20122792567.95123,2238327946,2312202201,2101655748,2101655748,0.01,0.01,0.01,0.01,0.00698721,0.01025467,-0.00163375,-0.00163375,,,,,50.05,49.95,1.0,53.41,46.59,1.15,51.05,48.95,1.04,11414848.28685,7897440.8993,19306134.65175,9666351.4041,,,,,,,,
2021-08-02,39846.78,40450,38658,39147.48,17813626097.97209,1990012675,2154359650,1984373915,2072737427,0.01,0.01,0.01,0.01,-0.00395759,0.00380777,-0.00893085,-0.00124554,,,,,54.3,45.7,1.19,55.33,44.67,1.24,50.49,49.51,1.02,9399689.22731,8898103.87721,12578558.88671,10057776.92331,,,,,,,,
2021-08-03,39147.47,39774.93,37600,38203.26,19870786378.92029,2104629142,2195727185,2082141536,2195727185,0.01,0.01,0.004003,0.01,0.00114614,0.0078497,-0.00829899,0.00351853,,,,,60.29,39.71,1.52,59.09,40.91,1.44,50.08,49.92,1.0,13808628.96754,9047825.21472,18240697.70534,10946838.11392,,,,,,,,
2021-08-04,38201.33,39975.32,37500,39731.31,18351671101.86596,2180210807,2353646548,2180210807,2188788229,0.01,0.01,0.000086,0.01,0.00257862,0.00745286,-0.00406161,0.00231826,,,,,62.61,37.39,1.68,63.22,36.78,1.72,49.8,50.2,0.99,6891665.52197,11918323.38031,8358093.87057,13918902.76751,,,,,,,,
2021-08-05,39731.31,41350,37291,40882.4,28301404821.09261,2192448550,2356525554,2110102977,2231631677,0.01,0.01,0.004514,0.01,0.00338981,0.0099575,-0.01094753,0.0058437,,,,,60.71,39.29,1.55,58.57,41.43,1.41,50.51,49.49,1.02,15510979.72802,16155313.03632,20541728.85452,20749792.41172,,,,,,,,
2021-08-06,40882.39,43400,39849.82,42825.43,27084418277.93114,2247323762,2444456531,2241713446,2354089595,0.01,0.01,0.01,0.01,0.00632409,0.01308795,0.00066855,0.01074288,,,,,51.01,48.99,1.04,53.01,46.99,1.13,50.41,49.59,1.02,10224564.37458,14833873.01875,12468969.85918,20585507.68685,,,,,,,,
2021-08-07,42825.43,44753.01,42395.2,44601.11,25434852108.11855,2374077644,2443157583,2308735024,2319738842,0.01,0.01,0.01,0.01,0.00631702,0.0129094,-0.0047627,0.00104266,,,,,47.87,52.13,0.92,50.25,49.75,1.01,49.98,50.02,1.0,10571312.6476,19485720.23819,13948177.5612,23890950.41539,,,,,,,,
2021-08-08,44601.11,45350,43265,43787.71,24546983491.14637,2420532141,2520504734,2346269514,2379354443,0.01,0.01,0.01,0.01,0.00416958,0.01292256,0.00416958,0.00422249,,,,,48.09,51.91,0.93,49.8,50.2,0.99,50.67,49.33,1.03,14989379.41543,13134157.16386,18651954.20123,15801274.72466,,,,,,,,
2021-08-09,43787.71,46483,42785,46259.7,28215964415.74365,2295389467,2758820746,2283054390,2619238545,0.01,0.01,0.01,0.01,0.00358838,0.0156858,0.0023866,0.01130531,,,,,48.08,51.92,0.93,51.32,48.68,1.05,50.81,49.19,1.03,10695659.05977,19426682.50616,13873989.67357,23111496.20046,,,,,,,,
2021-08-10,46259.7,46800,44670.05,45589.99,20980246247.53769,2618038769,2618038769,2499286609,2499286609,0.01,0.01,0.01,0.01,0.00988434,0.01455559,0.00346001,0.00682308,,,,,46.33,53.67,0.86,47.38,52.62,0.9,50.42,49.58,1.02,9545391.95952,9564226.70118,13278245.27592,10950039.98948,,,,,,,,
2021-08-11,45589.99,46754.27,45354,45522.12,17964547037.12864,2501867638,2623916215,2476008066,2579946957,0.01,0.01,0.01,0.01,0.00617257,0.01409878,0.00337757,0.00526199,,,,,55.31,44.69,1.24,56.19,43.81,1.28,50.5,49.5,1.02,6760912.16104,9623448.64145,9479525.30644,10634038.21525,,,,,,,,
2021-08-12,45522.13,46226.67,43800,44385.09,20968199897.83258,2565763153,2719821387,2486729520,2486729520,0.01,0.01,0.01,0.01,0.00339669,0.01327784,0.00013124,0.00682402,,,,,53.01,46.99,1.13,53.4,46.6,1.15,51.96,48.04,1.08,15356396.19472,7534254.44589,19543063.11022,8957285.01749,,,,,,,,
2021-08-13,44388,47980.69,44208.88,47792.52,20202464717.9526,2498985108,2752962718,2419327604,2611918578,0.01,0.01,0.01,0.01,0.00652971,0.01748209,0.00515586,0.00929462,,,,,57.28,42.72,1.34,58.14,41.86,1.39,52.25,47.75,1.09,3065354.94886,16415748.93847,4148554.94886,20098369.73267,,,,,,,,
2021-08-14,47794.01,48300,46000,47083.74,17592200203.89558,2669860985,2708259578,2580815376,2580815376,0.01,0.021983,0.01,0.01,0.00991964,0.01501236,-0.00029991,0.00610471,,,,,50.84,49.16,1.03,51.13,48.87,1.05,52.41,47.59,1.1,8060992.47207,7126048.74448,10914346.13817,8053978.61808,,,,,,,,
2021-08-15,47083.75,47388.75,45480,47006.02,17184306536.95627,2610590018,2722446366,2530614142,2556614686,0.01,0.01,0.01,0.01,0.00716738,0.01333462,0.00617765,0.0080129,,,,,59.09,40.91,1.44,60.47,39.53,1.53,52.53,47.47,1.11,8975583.22436,8230070.01416,11714992.44986,9502455.01456,,,,,,,,
2021-08-16,47006.02,48074.23,45682.03,45926.23,19334573837.62103,2508873715,2693869718,2447469886,2611863868,0.01,0.015906,0.01,0.015906,0.00793711,0.01580129,0.0049047,0.01259508,,,,,60.1,39.9,1.51,60.13,39.87,1.51,52.51,47.49,1.11,11812258.98969,6474875.96784,14857341.88189,8732869.42934,,,,,,,,
2021-08-17,45926.23,47194,44412.01,44704.84,21777803414.72957,2610267451,2630963008,2507928840,2562352892,0.014107,0.014107,0.01,0.01,0.01131662,0.01190308,0.00503065,0.00875973,,,,,65.46,34.54,1.9,64.55,35.45,1.82,52.27,47.73,1.1,18362758.6035,10340272.44833,23419744.5108,12159870.03043,,,,,,,,
2021-08-18,44704.85,46050,44227.32,44714.09,17864417666.09999,2563499358,2633884198,2482357095,2482372536,0.01,0.01,0.01,0.01,0.00867214,0.01459376,0.00601651,0.00945018,,,,,66.99,33.01,2.03,65.65,34.35,1.91,51.96,48.04,1.08,10351238.44427,8919409.90962,13166411.11317,9854818.62652,,,,,,,,
2021-08-19,44714.86,47100,43938.38,46772,19855877719.37939,2461090188,2618591173,2461090188,2594924318,0.01,0.01,0.01,0.01,0.00937455,0.01248398,0.0046578,0.01118079,,,,,66.05,33.95,1.95,62.41,37.59,1.66,52.63,47.37,1.11,9121070.98574,18570520.35645,11555168.91964,22189755.45065,,,,,,,,
2021-08-20,46772.78,49500,46650,49332.74,19242130961.95456,2575413184,2866078454,2575413184,2858286541,0.01,0.013747,0.01,0.010797,0.01211093,0.01604511,0.00844685,0.01552529,,,,,57.66,42.34,1.36,55.73,44.27,1.26,52.52,47.48,1.11,3321483.5834,13851496.83984,4444783.5834,18496030.69234,,,,,,,,
2021-08-21,49332.99,49833,48250,48848.29,17049349316.35291,2865870852,2955789464,2804209087,2875650030,0.01421,0.021637,0.01,0.020358,0.01641748,0.01641748,0.00664692,0.00898954,,,,,50.71,49.29,1.03,51.55,48.45,1.06,53.25,46.75,1.14,5831535.57011,7006761.27113,8642406.00261,8247941.55273,,,,,,,,
2021-08-22,48846.11,49556.2,48075.81,49273.28,14370986066.82396,2860990316,2980176650,2820363367,2820363367,0.016807,0.017061,0.01,0.015541,0.00811302,0.00980708,0.00225682,0.00738334,,,,,49.76,50.24,0.99,53.2,46.8,1.14,53.07,46.93,1.13,6567422.17645,6052770.79582,8350018.14155,7236371.23172,,,,,,,,
2021-08-23,49273.28,50600,49075.01,49523.91,17738480914.98204,2816503112,3139859726,2816503112,3034746126,0.014915,0.039153,0.01,0.019391,0.00935423,0.0165138,0.00468878,0.0086487,,,,,52.29,47.71,1.1,53.66,46.34,1.16,52.83,47.17,1.12,6546929.89376,9851306.00401,8574021.08936,11594193.69321,,,,,,,,
2021-08-24,49523.23,49888.88,47600,47719.36,19449266648.19131,3004656095,3089663150,2984419851,3013939495,0.023999,0.045927,0.01,0.033358,0.0096496,0.02057042,0.00491809,0.01527112,,,,,57.12,42.88,1.33,57.41,42.59,1.35,52.7,47.3,1.11,17972437.72045,6393723.51906,22477644.63105,7119639.79826,,,,,,,,
2021-08-25,47719.37,49297.8,47130.57,48992.65,18737663538.97872,3020707700,3043787024,2913815405,2922667124,0.041128,0.046748,0.01,0.01,0.01891202,0.02846574,0.00689278,0.00850157,,,,,63.04,36.96,1.71,63.22,36.78,1.72,52.82,47.18,1.12,5604165.87797,11967211.38796,8194408.86887,13847052.05376,,,,,,,,
2021-08-26,48992.65,49380,46280,46853.06,22473115366.58397,2927360615,3044763827,2876686296,2883364746,0.01,0.021842,0.01,0.01,0.00669086,0.01255662,0.00377165,0.00621089,,,,,62.83,37.17,1.69,59.53,40.47,1.47,52.64,47.36,1.11,13281493.32561,7573125.98567,20508796.83051,8499060.51017,,,,,,,,
2021-08-27,46854.22,49220,46359.97,49083.98,19245012161.41128,2842775122,2894671550,2805203222,2869507784,0.01,0.01,0.01,0.01,0.0057748,0.01275013,0.00417443,0.00451322,,,,,65.44,34.56,1.89,64.89,35.11,1.85,52.35,47.65,1.1,6065883.16544,11159009.8938,8030591.64334,13239499.8876,,,,,,,,
2021-08-28,49082.13,49333,48395.65,48931.99,10891793321.82151,2868139678,3059824673,2868139678,2911056281,0.01,0.032323,0.01,0.025437,0.00460752,0.02245296,0.00460752,0.01695331,,,,,58.57,41.43,1.41,56.1,43.9,1.28,52.05,47.95,1.09,4238270.2927,3044357.35401,4816589.8015,3763834.79441,,,,,,,,
2021-08-29,48932,49769.2,47741.31,48795.41,15338505316.07387,2925949738,2959045581,2799213779,2829114010,0.02315,0.02315,0.01,0.01,0.01657544,0.01748551,0.00594782,0.00829178,,,,,57.36,42.64,1.35,58.32,41.68,1.4,53.28,46.72,1.14,3424462.68842,6559116.68999,5005289.95092,7959407.56849,,,,,,,,
2021-08-30,48795.42,48916.25,46876.49,47024.7,16883423436.4236,2809070168,3026127934,2784409674,2829523672,0.01,0.028081,0.01,0.023578,0.00909141,0.01819618,0.00494707,0.01711659,,,,,56.69,43.31,1.31,56.77,43.23,1.31,53.26,46.74,1.14,7629228.03223,5321193.97977,11993907.13333,5763246.50807,,,,,,,,
2021-08-31,47024.69,48298,46731.03,47150.32,17331880445.92998,2802086379,2937040557,2735726542,2872503857,0.022667,0.041854,0.01,0.014142,0.01747696,0.02308571,0.01214384,0.0133111,,,,,65.22,34.78,1.88,65.4,34.6,1.89,53.08,46.92,1.13,8390144.61692,10921444.42497,11761407.93202,11631895.17397,,,,,,,,
2021-09-01,47150.33,49160.79,46550.99,48842.94,16740374541.24337,2861868502,2947319760,2861868502,2931916135,0.023335,0.047284,0.022584,0.031525,0.01823687,0.03333607,0.01729037,0.01786139,,,,,68.01,31.99,2.13,64.98,35.02,1.86,53.57,46.43,1.15,3788248.34558,11255593.3247,5493271.88958,13776997.2176,,,,,,,,
2021-09-02,48842.93,50420,48631.2,49299.14,17997666770.27424,2987437886,3260546857,2968641172,3188538044,0.033961,0.054679,0.033163,0.052544,0.01920516,0.03974302,0.01920516,0.02869098,,,,,61.64,38.36,1.61,60.24,39.76,1.52,53.89,46.11,1.17,4049263.04183,8793753.04663,7343538.16913,13557345.55553,,,,,,,,
2021-09-03,49299.14,51111,48333,50027.08,21513052119.89109,3156507047,3217819158,2991603151,3090829371,0.057353,0.068308,0.024903,0.028478,0.0292508,0.0402828,0.01940558,0.02621958,,,,,56.32,43.68,1.29,58.98,41.02,1.44,53.87,46.13,1.17,6447615.16428,9102872.50459,8215513.54148,11456921.80989,,,,,,,,
2021-09-04,50027.09,50582.08,49360,49940.74,13759849020.89703,3075359263,3075359263,2891654184,2891654184,0.024364,0.047689,0.010211,0.017287,0.02297889,0.03246732,0.00664893,0.01272029,,,,,56.08,43.92,1.28,59.2,40.8,1.45,53.57,46.43,1.15,4814539.01303,5060021.62432,6833597.21383,5720221.62432,,,,,,,,
2021-09-05,49942.2,51950,49462.59,51799.57,14588899994.20555,2859621656,3218188819,2799725365,3218188819,0.019127,0.021262,0.01,0.011753,0.01492162,0.02432745,0.00903856,0.01402598,,,,,58.95,41.05,1.44,61.72,38.28,1.61,53.11,46.89,1.13,2179675.24496,7413377.29162,2847875.24496,10467540.90262,,,,,,,,
2021-09-06,51799.56,52830,51130,52683.97,15050482955.13694,3237859080,3340934418,3173085073,3239669678,0.01,0.026761,0.01,0.01,0.00886985,0.02869314,0.00081512,0.01502215,,,,,48.54,51.46,0.94,50.76,49.24,1.03,53.29,46.71,1.14,3399142.15114,8140709.63425,4206262.26024,11675160.57695,,,,,,,,
2021-09-07,52683.98,52950,42088,46864.39,37180077329.6919,3265786664,3298794463,1992551619,2042069677,0.01,0.077749,0.01,0.077749,0.0140992,0.03365929,0.01001433,0.03365929,,,,,51.12,48.88,1.05,54.37,45.63,1.19,53.3,46.7,1.14,53688581.89848,15116891.63969,75870226.17458,18448838.93649,,,,,,,,
2021-09-08,46864.38,47347,44431,46062.29,20078011488.17288,2057644999,2157720984,2040782761,2131046153,0.023384,0.023384,0.01,0.01,0.00972532,0.01354023,-0.04921075,-0.00108322,,,,,66.34,33.66,1.97,67.24,32.76,2.05,52.59,47.41,1.11,9578829.54892,9656865.26278,13983104.22042,11708161.26168,,,,,,,,
2021-09-09,46060.02,47400,45500,46413.88,14345999144.03883,2098617232,2230262674,2088366710,2102901096,0.01,0.01,0.01,0.01,-0.00197424,0.00669932,-0.00311666,-0.00311666,,,,,64.9,35.1,1.85,63.04,36.96,1.71,52.74,47.26,1.12,4665052.22032,4959022.01527,7338153.00852,6252797.60107,,,,,,,,
2021-09-10,46413.88,47037.5,44120,44860.83,15707994126.41748,2106665678,2279350495,2106084943,2121725801,0.01,0.01,0.01,0.01,-0.00738444,0.00681005,-0.00738444,0.00643724,,,,,65.93,34.07,1.94,63.02,36.98,1.7,52.67,47.33,1.11,7886702.22476,4894479.39202,11632299.44166,5530779.39202,,,,,,,,
2021-09-11,44860.83,45999,44737.4,45193.78,8783408681.12947,2133409478,2226211327,2117953399,2137146714,0.011159,0.012336,0.01,0.01,0.00641492,0.0131096,0.0057433,0.01042764,,,,,68.57,31.43,2.18,67.21,32.79,2.05,53.27,46.73,1.14,3347177.02287,4228646.16615,4272092.50247,5874281.21495,,,,,,,,
2021-09-12,45194.19,46512.2,44746.51,46046.73,10201224801.11059,2146070704,2257229497,2146070704,2230733132,0.01,0.01,0.01,0.01,0.01104731,0.01111398,0.00402067,0.0096411,,,,,65.95,34.05,1.94,62.75,37.25,1.69,53.29,46.71,1.14,3320263.18951,4884027.54482,4701352.18461,5852329.42872,,,,,,,,
2021-09-13,46048.02,46933.89,43323.93,44975.96,19170282337.98717,2223488841,2327954401,2085490073,2103490361,0.01,0.01,0.01,0.01,0.00929773,0.01231947,0.00599633,0.00827269,,,,,65.64,34.36,1.91,61.92,38.08,1.63,53.28,46.72,1.14,11451117.33502,8819129.77645,16243147.66042,12021827.54605,,,,,,,,
2021-09-14,44975.96,47272.98,44692.9,47087.18,12825410007.38787,2102795015,2326903862,2075574871,2308545524,0.01,0.010663,0.01,0.01,0.00727341,0.01571122,0.0048327,0.00981331,,,,,68.77,31.23,2.2,66.36,33.64,1.97,53.37,46.63,1.15,2578814.69882,6908889.70123,3447514.69882,9549598.80043,,,,,,,,
2021-09-15,47087.17,48440.93,46675,48106.12,11590552256.90021,2325455694,2572595770,2323092213,2472101471,0.01,0.01,0.01,0.01,0.00758845,0.00758845,-0.00487882,-0.00387193,,,,,55.31,44.69,1.24,53.48,46.52,1.15,53.09,46.91,1.13,2427769.48826,4172147.3291,3331169.48826,5624906.6835,,,,,,,,
2021-09-16,48106.13,48488,47038.21,47745.55,12334556022.12084,2484574146,2506077951,2362705571,2386340708,0.01,0.01,0.004503,0.01,-0.00262427,0.0093534,-0.00499159,0.00517922,,,,,54.38,45.62,1.19,52.26,47.74,1.1,52.04,47.96,1.09,7128966.00972,4394146.53752,9853991.87802,4718934.88702,,,,,,,,
2021-09-17,47745.55,48150,46750,47303.11,10696108282.44203,2390596125,2453336506,2382129806,2382129806,0.01,0.01,0.01,0.01,0.00636218,0.0098175,0.00409363,0.00409363,,,,,57.7,42.3,1.36,57.33,42.67,1.34,52.41,47.59,1.1,6790947.56773,4699350.12418,8358146.88473,4922147.82818,,,,,,,,
2021-09-18,47303.35,48850,47044.32,48285.15,9984477164.97023,2388737033,2622449045,2388737033,2485659661,0.01,0.01,0.01,0.01,0.00335422,0.00865485,-0.00095635,0.00327469,,,,,62.37,37.63,1.66,61.33,38.67,1.59,52.66,47.34,1.11,2337671.40244,5870946.38795,3354376.41694,7052221.02115,,,,,,,,
2021-09-19,48284.61,48364.64,46840,47256.91,10000641559.56256,2467474835,2533127685,2420440917,2420440917,0.01,0.01,0.01,0.01,0.00330526,0.00634795,-0.00243317,-0.00141183,,,,,58.86,41.14,1.43,57.51,42.49,1.35,52.5,47.5,1.11,5828275.01368,3088617.08405,7720331.17478,3283017.08405,,,,,,,,
2021-09-20,47256.92,47345,42467.86,43026.6,26419752050.95844,2440304628,2442469929,2086590052,2086590052,0.01,0.01,0.01,0.01,-0.00093539,0.01103338,-0.00093539,0.00931742,,,,,64.92,35.08,1.85,63.33,36.67,1.73,52.52,47.48,1.11,18932365.61881,11313617.75426,33983969.93281,13255808.94116,,,,,,,,
2021-09-21,43026.61,43629.6,39503.58,40726.1,28503627544.90067,2100101842,2100101842,1877165140,1877165140,0.01,0.01,0.003549,0.01,0.00893097,0.00893097,-0.01227304,0.00034141,,,,,67.97,32.03,2.12,67.08,32.92,2.04,52.36,47.64,1.1,20073778.72223,13936323.13476,32926083.28553,20041471.75716,,,,,,,,
2021-09-22,40727.83,43989.98,40551.49,43520,16936686154.65216,1900568922,2064097993,1842814651,1908162003,0.01,0.01,0.002775,0.006319,-0.00108682,0.00052947,-0.02033929,-0.01754901,,,,,64.18,35.82,1.79,64.38,35.62,1.81,52.56,47.44,1.11,5891628.89877,10054184.75841,8334919.36617,13488767.92461,,,,,,,,
2021-09-23,43520,44976.48,43056,44828.29,14535018293.07,1915651103,2072354206,1908919949,2068958842,0.004753,0.01,-0.0022,-0.0022,-0.01621308,-0.00063466,-0.01621308,-0.01089351,,,,,60.29,39.71,1.52,57.43,42.57,1.35,52.53,47.47,1.11,4309815.1542,7628490.41233,5760959.946,9572124.11483,,,,,,,,
2021-09-24,44827.88,45134.33,40650,42798.49,25758995253.34,2081376414,2133206730,1947532269,1974450396,-0.007737,0.01,-0.012492,0.008208,-0.01288491,0.00644611,-0.01359309,-0.00773084,,,,,53.91,46.09,1.17,53.29,46.71,1.14,52.64,47.36,1.11,13581086.94314,10445180.19265,19213365.68134,13407811.20585,,,,,,,,
2021-09-25,42798.49,42950,41630.26,42651.58,11730821370.72,1933261456,1957251554,1863759190,1871687865,0.01,0.01,-0.000074,0.001326,-0.00481136,0.00550442,-0.00481136,0.00182211,,,,,59.69,40.31,1.48,59.13,40.87,1.45,53.25,46.75,1.14,4600044.37566,5373009.46225,5485366.68996,5871377.98195,,,,,,,,
2021-09-26,42646.84,43940,40725.01,43150,15005063851.85,1872768916,2000310708,1872768916,1902325220,0.002499,0.01,-0.003458,0.01,-0.00145758,0.00859569,-0.00482987,0.00815558,,,,,56.65,43.35,1.31,56.57,43.43,1.3,52.88,47.12,1.12,7041783.65636,6489799.29358,9615020.50846,8364824.81978,,,,,,,,
2021-09-27,43150.01,44350,42059.13,42122.69,12341338073.28,1908976766,2018996151,1908976766,1911787598,0.01,0.01,0.002733,0.006908,0.00888838,0.01067903,0.0039993,0.00895842,,,,,55.51,44.49,1.25,55.06,44.94,1.23,52.44,47.56,1.1,5106800.53135,4891268.79634,6353460.78835,5780665.64744,,,,,,,,
2021-09-28,42122.69,42749,40854,41006.32,15039084430.77,1853331135,2006346656,1838745182,1946109925,0.002626,0.01,-0.012419,0.001935,0.00569897,0.00932281,-0.00835246,-0.00015122,,,,,59.03,40.97,1.44,59.31,40.69,1.46,52.35,47.65,1.1,8008342.57233,3796493.47811,10544270.20033,4309960.37301,,,,,,,,
2021-09-29,41002.96,42576.8,40708.73,41499.71,12210696209.48,1874687811,1990854734,1874687811,1990854734,0.004434,0.01,0.001192,0.01,0.00078814,0.00952431,-0.00092615,0.00071554,,,,,64.69,35.31,1.83,62.58,37.42,1.67,52.08,47.92,1.09,5095014.38046,5176320.6187,6441564.15936,6352259.626,,,,,,,,
2021-09-30,41499.7,44100,41387.78,43796.57,16805740377.27,1998530274,2139098857,1951368351,2079242896,0.01,0.01,0.004592,0.007211,0.00148412,0.01280739,-0.0010703,0.0024036,,,,,67.4,32.6,2.07,62.81,37.19,1.69,51.81,48.19,1.08,5561015.84195,9312956.58804,6494423.12915,12045086.21214,,,,,,,,
2021-10-01,43799.49,48450,43260.01,48123.94,20790449418.97,2098554690,2532680384,2097099678,2426310692,0.002224,0.01,-0.011538,-0.000339,0.00080779,0.00516803,-0.01271988,0.00277668,,,,,50.62,49.38,1.03,49.68,50.32,0.99,52.22,47.78,1.09,4805668.47246,13273239.67386,5446829.50276,18784918.77236,,,,,,,,
2021-10-02,48123.93,48338.68,47410,47626.61,8723030976.7,2446290917,2446290917,2338096276,2384433829,0.005229,0.01,0.001897,0.01,0.00588767,0.01000834,0.00373985,0.00988433,,,,,43.94,56.06,0.78,43.84,56.16,0.78,52.48,47.52,1.1,3722052.89442,3456880.77769,4727335.83782,4110921.06249,,,,,,,,
2021-10-03,47626.62,49304.12,47071.26,48187.3,10200138258.02,2374593611,2432579954,2298043262,2301022393,0.01,0.01,0.01,0.01,0.01002042,0.01002042,0.00179783,0.0080304,,,,,47.63,52.37,0.91,50.81,49.19,1.03,52.48,47.52,1.1,4351784.538,4774704.37854,5566119.7534,6851341.16094,,,,,,,,
2021-10-04,48187.99,49544.48,46885.29,49198.22,15580159198.55,2315559134,2362430269,2228805716,2353554094,0.01,0.01,0.01,0.01,0.00801106,0.01400617,0.00704124,0.01204738,,,,,49.66,50.34,0.99,50.66,49.34,1.03,52.72,47.28,1.12,7503545.37035,7813856.08519,9457221.76195,8906020.70069,,,,,,,,
2021-10-05,49199.78,51888,49009.21,51455.12,15718433562.12,2363841237,2724019551,2363670412,2693440387,0.01,0.01,-0.010051,0.008813,0.00914408,0.00914408,-0.00747827,0.00131921,,,,,44.52,55.48,0.8,47.23,52.77,0.9,53.01,46.99,1.13,4133380.65332,7886323.52679,4905981.02472,12310062.44879,,,,,,,,
2021-10-06,51460.22,56380.82,50410,55321.6,22051679541.83,2714438393,2898251230,2679544948,2738709005,0.01,0.01,0.01,0.01,0.00358305,0.01572393,0.00358305,0.01116721,,,,,42.21,57.79,0.73,43.29,56.71,0.76,52.38,47.62,1.1,7008056.3,14180254.04693,9370228.6752,19874539.84183,,,,,,,,
2021-10-07,55327.45,55337.8,53374.34,53814.99,14258347284.63,2769027145,2850501332,2713768044,2813103857,0.01,0.064661,0.01,0.03593,0.01017985,0.04249862,0.00797853,0.02647176,,,,,48.56,51.44,0.94,49.26,50.74,0.97,52.76,47.24,1.12,11111493.17059,8968293.93006,14647171.71709,9815591.86966,,,,,,,,
2021-10-08,53814.99,56208.73,53647.3,53975,13950227146,2805338724,2954583954,2743768763,2750250211,0.033515,0.033515,0.01,0.01,0.02497681,0.02567747,0.01222785,0.01371649,,,,,52.9,47.1,1.12,56.27,43.73,1.29,53.8,46.2,1.17,5336748.50776,5975552.93551,7520235.86086,7533318.18051,,,,,,,,
2021-10-09,53974.99,55589,53656.66,54960.77,9166951088.5,2749429369,2840750322,2747405501,2816804915,0.01,0.017322,0.01,0.01,0.01326844,0.01678778,0.00724307,0.00883339,,,,,57.59,42.41,1.36,57.79,42.21,1.37,53.1,46.9,1.13,3197530.87407,3309961.86837,4093209.01497,3959807.76277,,,,,,,,
2021-10-10,54960.79,56789,54101,54700,15942428331.13,2802599696,2940753785,2775009307,2839173915,0.01,0.0291,0.01,0.01,0.01035104,0.02036429,0.00913812,0.01051435,,,,,54.43,45.57,1.19,54.96,45.04,1.22,52.96,47.04,1.13,7742339.99696,6568298.60681,10118420.48376,8369469.33471,,,,,,,,
2021-10-11,54700,57880,54458,57500.01,17828648939.68,2872709228,3144471867,2844358893,3120021049,0.01,0.018522,0.01,0.01,0.0105641,0.01714639,0.00456492,0.0105092,,,,,54.89,45.11,1.22,55.61,44.39,1.25,52.32,47.68,1.1,4805914.5188,14754803.8011,5563520.0253,17655796.3464,,,,,,,,
2021-10-12,57500.01,57756.52,53750,56011.84,19663732703.83,3121935878,3130608720,2900602891,2936388145,0.01,0.025917,0.01,0.01,0.0076411,0.02743168,0.00472674,0.01155859,,,,,49.03,50.97,0.96,49.44,50.56,0.98,52.78,47.22,1.12,9631355.77128,8039777.36942,14779814.31658,8871484.37432,,,,,,,,
2021-10-13,56011.83,57822.38,54271.24,57393.65,18279795967.99,2870995154,2901486855,2758867243,2803683553,0.01,0.01,0.01,0.01,0.01090279,0.01715753,0.00753808,0.01398858,,,,,55.11,44.89,1.23,56.9,43.1,1.32,52.85,47.15,1.12,6005263.16455,12900224.93294,7496763.35165,15381343.98984,,,,,,,,
2021-10-14,57393.65,58586.67,56800,57378.19,14680712894.63,2798993761,2943351713,2798993761,2904069944,0.01,0.029796,0.01,0.01,0.0119291,0.02604628,0.01069512,0.01090453,,,,,49.47,50.53,0.98,51.27,48.73,1.05,52.86,47.14,1.12,5413757.22372,7260317.68167,6566806.97932,11488929.20687,,,,,,,,
2021-10-15,57377.12,63997.61,56900,61702.33,29680823241.92,2895657752,3406485170,2895657752,3260543268,0.01,0.052496,0.01,0.052496,0.00902754,0.04565793,0.0083722,0.03472904,,,,,52.78,47.22,1.12,55.69,44.31,1.26,53.12,46.88,1.13,8576515.9344,19363506.15858,11644540.8659,28398117.73708,,,,,,,,
2021-10-16,61702.33,62444.23,60220,60925.56,13056523108.27,3260577925,3328421530,3204118302,3301102462,0.048332,0.06455,0.017396,0.035446,0.03403931,0.04698634,0.01476147,0.02660138,,,,,50.78,49.22,1.03,51.28,48.72,1.05,53.2,46.8,1.14,4892571.60295,5169858.47576,8508952.14755,5476603.06096,,,,,,,,
2021-10-17,60925.56,61796.47,58850,61571.45,14562970553.61,3300151221,3405936121,3180814100,3270986604,0.031326,0.050524,0.029792,0.037075,0.02578671,0.03970085,0.01895452,0.03059979,,,,,56.61,43.39,1.31,58.91,41.09,1.43,54.33,45.67,1.19,4740931.26923,7300078.36884,9130997.67463,8189887.95634,,,,,,,,
2021-10-18,61571.45,62800,59897.61,62037.92,20541828054.15,3277021877,3335663449,3198086627,3216339035,0.038447,0.038447,0.01,0.01,0.03253607,0.03253607,0.00436403,0.00658364,,,,,58.82,41.18,1.43,59.57,40.43,1.47,54.21,45.79,1.18,7471472.86782,12828716.23968,10813244.04602,15394676.09758,,,,,,,,
2021-10-19,62037.92,64500,61300,64316.7,23773650319.08,3212843609,3567236912,3201910133,3554134308,0.01,0.015052,0.01,0.01,0.00659557,0.01761907,0.00659557,0.01227914,,,,,58.12,41.88,1.39,59.87,40.13,1.49,53.37,46.63,1.15,5175227.18008,11056545.89297,8685814.11518,16875227.56037,,,,,,,,
2021-10-20,64314.75,67150,63518.81,66064.24,21216588026.64,3571772961,3777413544,3552924583,3763070333,0.01,0.082296,0.01,0.078237,0.01046523,0.06856753,0.0096695,0.05963502,,,,,49.74,50.26,0.99,51.85,48.15,1.08,53.35,46.65,1.14,5637009.98122,9057596.6932,7214631.47392,12697522.5351,,,,,,,,
2021-10-21,66064.25,66750,62000,62260.33,30746786848.81,3763708466,3763708466,3409131100,3409131100,0.069035,0.099411,0.031892,0.031892,0.04984751,0.0862027,0.02373969,0.02373969,,,,,53.08,46.92,1.13,55.25,44.75,1.24,54.02,45.98,1.18,12560698.21174,14317799.33768,21034002.72104,16150407.29278,,,,,,,,
2021-10-22,62260.33,63796.2,60100,60734.27,18890206350.05,3435331986,3553465162,3430820318,3469857624,0.033473,0.042579,0.018054,0.028709,0.0234049,0.03721721,0.01260884,0.02349425,,,,,66.22,33.78,1.96,67.58,32.42,2.09,53.76,46.24,1.16,8769980.39023,6916297.52243,14603335.70863,7739499.15483,,,,,,,,
2021-10-23,60734.28,61780,59622,61325.11,13568477792.65,3395626064,3463461753,3313223736,3429418520,0.026197,0.032595,0.010798,0.032595,0.02213496,0.0224923,0.01133619,0.02179087,,,,,69.64,30.36,2.29,69.87,30.13,2.32,53.15,46.85,1.13,5442143.04836,5790897.97919,7101949.38996,6409467.65379,,,,,,,,
2021-10-24,61325.09,61550,59504.46,60902.82,14881398872.45,3411164865,3489245142,3339811847,3488669503,0.030366,0.050207,0.030366,0.049536,0.02184104,0.03327383,0.02014454,0.03019098,,,,,68.54,31.46,2.18,67.83,32.17,2.11,53.77,46.23,1.16,7039449.31089,5540584.38113,8927579.83529,6003535.58543,,,,,,,,
2021-10-25,60902.82,63795.98,60701,63127.04,14676819743.85,3516935126,3574867295,3420563258,3562979627,0.048858,0.050729,0.010625,0.04643,0.03160521,0.04167031,0.00677836,0.03292189,,,,,70.66,29.34,2.41,70.63,29.37,2.41,53.36,46.64,1.14,2069664.91285,17750495.81123,3663279.16705,20037720.84233,,,,,,,,
2021-10-26,63129.25,63362.06,59838.05,60358.75,15554039993.89,3616569434,3625306207,3464793176,3546661016,0.04109,0.066465,0.04095,0.045498,0.03211222,0.04181234,0.02551237,0.02611243,,,,,66.34,33.66,1.97,65.58,34.42,1.91,53.64,46.36,1.16,9887502.62336,5233485.35702,21473830.92916,5915969.38142,,,,,,,,
2021-10-27,60358.74,61550,57865,58449.36,18790845126.38,3527520470,3527520470,3240877267,3329123593,0.033291,0.033719,0.015036,0.0167,0.01802254,0.01992605,0.00733151,0.01385311,,,,,74.0,26.0,2.85,74.16,25.84,2.87,52.65,47.35,1.11,19904775.4877,10082617.14263,26154624.3813,11856468.70933,,,,,,,,
2021-10-28,58449.36,62641.26,57600,60622.03,19903173893.82,3321076831,3427473219,3146334479,3149907428,0.015549,0.03228,0.01,0.027489,0.01522733,0.03099847,0.00903045,0.03005815,,,,,73.54,26.46,2.78,72.8,27.2,2.68,53.55,46.45,1.15,9590566.71446,12790827.74773,11739272.61936,17722990.97493,,,,,,,,
2021-10-29,60622.02,63069.71,60222,62308.22,13443600625.31,3156306240,3371225013,3154373999,3259333663,0.023521,0.037632,0.013943,0.018999,0.03084029,0.03922207,0.01480823,0.02038546,,,,,72.65,27.35,2.66,70.95,29.05,2.44,53.8,46.2,1.17,3361627.05463,6658768.08118,6302375.38373,7333038.93498,,,,,,,,
2021-10-30,62308.21,62415.85,60631.23,61895.19,9612594332.25,3265559841,3268711746,3187381438,3205137261,0.016948,0.04108,0.016948,0.0225,0.02271137,0.03592565,0.01658889,0.01801478,,,,,70.32,29.68,2.37,70.4,29.6,2.38,53.58,46.42,1.15,5492204.84993,3953508.31038,6613166.14763,4668485.17358,,,,,,,,
2021-10-31,61895.19,62462.99,60008,61348.61,11207576080.59,3204953903,3409259585,3173472122,3405777167,0.019158,0.051367,0.019158,0.034407,0.01813717,0.03202583,0.01813717,0.02025859,,,,,73.47,26.53,2.77,74.13,25.87,2.87,53.68,46.32,1.16,8956440.91797,5519153.40566,12976052.32177,6774445.24046,,,,,,,,
2021-11-01,61347.14,62543.58,59400,60942.87,15074319598.36,3391682281,3424381509,3293129622,3405238592,0.032632,0.067812,0.018194,0.020084,0.02254666,0.05037992,0.01568131,0.01568131,,,,,77.0,23.0,3.35,76.11,23.89,3.19,53.43,46.57,1.15,9146694.18403,6295950.49499,12338334.21683,7020283.49329,,,,,,,,
2021-11-02,60942.87,64349.55,60659.58,63266.69,13660582549.73,3292351687,3528924753,3269772651,3465364618,0.015599,0.082934,0.015599,0.082934,0.01398934,0.05817562,0.01372836,0.05817562,,,,,76.57,23.43,3.27,76.11,23.89,3.19,53.68,46.32,1.16,4575380.3803,8001587.81646,5958822.037,12537365.31456,,,,,,,,
2021-11-03,63269.89,63613,60300,62946.45,12734230017.92388,3485545995,3487979721,3313834272,3313834272,0.082194,0.082194,0.025764,0.046863,0.0588796,0.0588796,0.01447158,0.03227658,,,,,69.12,30.88,2.24,70.11,29.89,2.35,54.2,45.8,1.18,5380343.38172,5902203.44466,7879507.82172,7463385.32966,,,,,,,,
2021-11-04,62946.45,63149,60703,61431.86,11370913592.62838,3345905317,3440090654,3314042837,3415328552,0.046112,0.052274,0.021949,0.021949,0.03249913,0.03799532,0.01633908,0.01633908,,,,,74.41,25.59,2.91,75.25,24.75,3.04,54.11,45.89,1.18,9157375.14588,3098573.23627,11886105.81978,3606273.23627,,,,,,,,
2021-11-05,61433.9,62671.48,60762,61006,9693534016.075,3413811831,3489556219,3335629345,3462387238,0.018433,0.053667,0.017758,0.053667,0.01751572,0.03014884,0.01345802,0.02949001,,,,,78.16,21.84,3.58,77.58,22.42,3.46,53.89,46.11,1.17,6060825.66096,5261465.0941,7826980.66356,5574920.0734,,,,,,,,
2021-11-06,61006,61645.75,60100,61511.3,9431996916.2781,3479050724,3609642030,3476531996,3500776147,0.053199,0.059668,0.016878,0.016878,0.02840304,0.03013179,0.01524364,0.01524364,,,,,79.01,20.99,3.76,76.88,23.12,3.33,53.35,46.65,1.14,8857921.45355,3603945.44981,10303221.06465,3980423.25851,,,,,,,,
2021-11-07,61511.3,63377.58,61368.26,63316.4,8884091662.2374,3505013930,3517599466,3423126751,3448507000,0.017224,0.040825,0.017224,0.027371,0.01497628,0.02935886,0.01168853,0.02592535,,,,,76.43,23.57,3.24,74.73,25.27,2.96,53.74,46.26,1.16,1816527.57684,4479397.16744,2159489.32694,6485106.33704,,,,,,,,
2021-11-08,63316.4,67932.89,63308.7,67606.96,18088320767.6552,3700139545,4029868541,3700139545,3966696181,0.025859,0.055791,0.022937,0.022937,0.02497283,0.04414123,0.02051207,0.02051207,,,,,71.95,28.05,2.57,71.45,28.55,2.5,53.88,46.12,1.17,3729678.29211,17415551.01809,4949088.89661,28121827.60389,,,,,,,,
2021-11-09,67606.96,68675.16,66300,67009.98,15654161619.9385,4063865385,4134691706,4042035627,4042035627,0.038563,0.077487,0.03823,0.041196,0.03617358,0.04809326,0.02418858,0.03586644,,,,,64.9,35.1,1.85,66.42,33.58,1.98,53.84,46.16,1.17,8297132.19511,7570181.61862,13018325.96481,10088678.94702,,,,,,,,
2021-11-10,67010.65,69198.7,62426.9,64920.13,22693259106.0695,4018718848,4192879376,3642187909,3696232014,0.037769,0.072252,0.019375,0.020615,0.03420951,0.05079064,0.0180398,0.0180398,,,,,66.93,33.07,2.02,71.15,28.85,2.47,54.05,45.95,1.18,22176179.41016,14090361.56824,34058033.37616,18607815.54804,,,,,,,,
2021-11-11,64920.13,65646.98,64147.12,64831.3,11575726771.2228,3711182885,3718022521,3565764389,3573759572,0.023251,0.029482,0.01,0.018439,0.01745581,0.01774669,0.0088207,0.01254976,,,,,70.85,29.15,2.43,73.46,26.54,2.77,54.58,45.42,1.2,4611285.1141,4788636.51145,6937885.1141,4961012.05245,,,,,,,,
2021-11-12,64831.2,65500,62313,64156.08,16915871683.342,3571300517,3801302704,3571300517,3694591650,0.017932,0.037757,0.016863,0.016863,0.01190078,0.02211651,0.01190078,0.01257351,,,,,73.55,26.45,2.78,72.68,27.32,2.66,53.84,46.16,1.17,10384968.7639,5899178.19478,14372372.4919,7081790.62918,,,,,,,,
2021-11-13,64156.08,65073.24,63430.01,64427,7984323980.556,3714548347,3796949442,3673794370,3673794370,0.015562,0.035106,0.012506,0.014242,0.01364072,0.01808564,0.00730156,0.00844637,,,,,77.27,22.73,3.4,76.14,23.86,3.19,53.87,46.13,1.17,2088490.0693,3352177.04127,2640926.2313,4222873.79257,,,,,,,,
2021-11-14,64426.99,65569.99,63640,65568.39,9450355741.849,3681146308,3779840493,3677325106,3741296728,0.013933,0.023936,0.01,0.017753,0.00854926,0.01517008,0.00503306,0.00955243,,,,,76.95,23.05,3.34,75.69,24.31,3.11,53.35,46.65,1.14,3724291.78309,6598624.96431,5807536.82019,7370742.59631,,,,,,,,
2021-11-15,65568.38,66395.05,63351.58,63654.49,13653667324.2061,3782602129,3985670525,3782602129,3961627729,0.016087,0.044585,0.014978,0.037125,0.01089983,0.02198751,0.00995436,0.01631255,,,,,77.01,22.99,3.35,75.76,24.24,3.13,53.4,46.6,1.15,13786672.29784,3398179.2942,17105562.49734,4993647.728,,,,,,,,
2021-11-16,63654.49,63655.77,58397.14,60106.03,28522755750.228,3968191007,3968191007,3616205968,3669945661,0.036025,0.036025,0.01,0.01,0.01493392,0.01493392,0.00606041,0.00659734,,,,,79.77,20.23,3.94,78.89,21.11,3.74,53.51,46.49,1.15,30003724.70266,12046921.40749,50527999.80166,13948509.27829,,,,,,,,
2021-11-17,60106.03,60848.85,58336.68,60366.96,17181677109.9663,3642048405,3871748481,3579915901,3579915901,0.01,0.018082,0.01,0.01,0.00592423,0.01233228,0.00592423,0.0103958,,,,,80.22,19.78,4.06,79.1,20.9,3.79,52.33,47.67,1.1,11784684.70438,8973892.7153,16754063.79048,10640635.8749,,,,,,,,
2021-11-18,60366.97,60999,56505.48,56921.05,23331412258.6258,3610693618,3706131666,3432109806,3432109806,0.01,0.013645,0.01,0.01,0.01098891,0.0140215,0.00682433,0.01159345,,,,,80.81,19.19,4.21,79.01,20.99,3.76,52.36,47.64,1.1,21979971.15852,9101065.85564,32376810.91152,9771458.89334,,,,,,,,
2021-11-19,56921.04,58333,55604,58069.51,13499100191.5143,3479740553,3507659670,3409785902,3423499684,0.01,0.01,0.01,0.01,0.01194697,0.01223346,-0.00451905,0.00248454,,,,,80.86,19.14,4.23,80.83,19.17,4.22,52.4,47.6,1.1,5930280.52376,7643953.02598,12521431.41496,8268785.83448,,,,,,,,
2021-11-20,58069.52,59873.84,57372,59716.29,10099857931.5514,3428819324,3467086862,3385991998,3428933845,0.01,0.01,0.01,0.01,0.00357994,0.01003939,0.00142069,0.01003939,,,,,79.5,20.5,3.88,78.6,21.4,3.67,52.03,47.97,1.09,3278671.70062,6067333.98351,5026725.11762,9118250.45491,,,,,,,,
2021-11-21,59716.28,60052.82,58518.88,58661.39,8508626587.01,3415823050,3428867274,3327845731,3327845731,0.01,0.01,0.01,0.01,0.00941077,0.01130945,0.00509615,0.00697076,,,,,77.88,22.12,3.52,77.23,22.77,3.39,52.74,47.26,1.12,6459624.13964,2971433.03904,8813180.05174,3262940.88604,,,,,,,,
2021-11-22,58669.77,59431.77,55600,56268.31,17553255693.7147,3297091086,3472211180,3297091086,3403337093,0.01,0.01,0.01,0.01,0.00985383,0.01098569,0.0041216,0.00561733,,,,,78.12,21.88,3.57,78.52,21.48,3.66,52.57,47.43,1.11,16055179.81191,6905329.7303,26964899.64671,7914399.1623,,,,,,,,
2021-11-23,56268.31,57888,55250,57574.23,15162408118.1717,3406579260,3530669637,3406579260,3469296399,0.01,0.022083,0.01,0.01,0.00506757,0.01348084,0.00504539,0.01257746,,,,,81.87,18.13,4.52,80.91,19.09,4.24,52.38,47.62,1.1,7960639.41613,6758391.14551,10957092.50593,7384633.40121,,,,,,,,
2021-11-24,57574.24,57775.27,55900,57165.08,10405450043.853,3482186282,3528491632,3388879888,3528491632,0.01,0.019232,0.01,0.012218,0.01208765,0.01208765,0.00427916,0.01111703,,,,,79.74,20.26,3.94,78.28,21.72,3.6,52.69,47.31,1.11,10482317.92242,5845990.74378,12811369.92422,6437366.93118,,,,,,,,
2021-11-25,57165.09,59449.62,57029,58988.21,10947394298.1592,3512725370,3605906067,3441883583,3577386502,0.014592,0.020818,0.011326,0.015875,0.01219582,0.01349457,0.00822485,0.01288804,,,,,80.46,19.54,4.12,79.77,20.23,3.94,53.05,46.95,1.13,3589737.65698,9800869.7033,4149912.70478,12305361.1331,,,,,,,,
2021-11-26,58988.36,59186.41,53500,53755.65,17586410783.3362,3594486423,3714541901,3516763549,3714541901,0.013871,0.035351,0.01,0.01357,0.01152045,0.01984929,0.00774628,0.01663367,,,,,76.96,23.04,3.34,76.63,23.37,3.28,53.39,46.61,1.15,48085595.0713,8013990.27859,67818491.7455,8443697.09639,,,,,,,,
2021-11-27,53755.66,55300,53640.69,54738.77,8202399575.5444,3665745911,3669667665,3516065756,3516065756,0.010892,0.010892,0.01,0.01,0.01427558,0.01427558,0.00499688,0.00819974,,,,,85.06,14.94,5.69,84.17,15.83,5.32,52.47,47.53,1.1,4464180.19257,3370593.55948,6614076.10697,3555916.32758,,,,,,,,
2021-11-28,54738.77,57474.76,53245,57315.73,11721683603.0438,3528118236,3537133834,3444242864,3480450384,0.01,0.012244,0.01,0.01,0.00689015,0.01512895,0.00689015,0.00947159,,,,,83.58,16.42,5.09,81.0,19.0,4.26,52.24,47.76,1.09,12073082.67046,11609514.21641,14525081.17036,15353467.12651,,,,,,,,
2021-11-29,57315.72,58924.21,56715,57827.98,12258452189.3043,3477091900,3570048250,3477091900,3510414958,0.01,0.024448,0.01,0.024448,0.01224833,0.01511147,0.00484015,0.01511147,,,,,81.23,18.77,4.33,78.97,21.03,3.76,53.08,46.92,1.13,4500362.15979,7327627.5353,6117774.16579,13280527.9109,,,,,,,,
2021-11-30,57827.97,59224.99,55900,56975,19240999442.6303,3516828445,3634793711,3368616870,3562456157,0.027745,0.032297,0.01,0.011235,0.01384365,0.01408978,0.00658616,0.00891759,,,,,75.62,24.38,3.1,76.3,23.7,3.22,53.77,46.23,1.16,22604083.53947,14616682.96124,32269461.79477,19522974.49834,,,,,,,,
2021-12-01,56978.06,59100,56500,57209.29,15717126949.0253,3480819098,3574852662,3374560053,3574852662,0.012749,0.031086,0.01,0.022568,0.01016694,0.01925661,0.00790564,0.01450209,,,,,80.09,19.91,4.02,80.59,19.41,4.15,53.15,46.85,1.13,10491101.97527,6452940.37503,13025520.73827,8403132.63693,,,,,,,,
2021-12-02,57209.28,57428.49,55800,56513.57,14155778466.651,3592165740,3612156553,3411137485,3454895835,0.016085,0.016085,0.01,0.01,0.01280676,0.01280676,0.00669507,0.01046216,,,,,81.18,18.82,4.31,80.53,19.47,4.14,53.21,46.79,1.14,10841929.68682,6763550.65932,13721477.37522,7517870.80772,,,,,,,,
2021-12-03,56513.56,57670,50604,53612,19242527245.3353,3409153614,3468284661,3379589888,3468284661,0.01,0.033892,0.01,0.01,0.00905774,0.02064414,0.00693686,0.00796438,,,,,82.25,17.75,4.63,81.59,18.41,4.43,52.93,47.07,1.12,26620528.53249,6821802.52771,42330869.87269,8162829.79961,,,,,,,,
2021-12-04,53611.86,53889.69,40888.89,49135.66,28688897577.0734,3626899185,3664273893,1981200890,1992390479,0.01,0.01,-0.012089,0.00716,0.00887907,0.00887907,-0.05650066,0.0016203,,,,,85.26,14.74,5.78,83.57,16.43,5.09,52.02,47.98,1.08,61109568.01047,20896348.6142,94765315.86697,27668119.6495,,,,,,,,
2021-12-05,49135.66,49699.49,47755,49376.6,13837026426.6705,2005866708,2069078168,1948365422,2069078168,0.008256,0.01,-0.003106,0.01,0.00369642,0.00369642,-0.01413486,-0.00112779,,,,,73.75,26.25,2.81,71.69,28.31,2.53,50.42,49.58,1.02,12251646.93346,9008964.39262,15233046.21616,11095907.60062,,,,,,,,
2021-12-06,49373.83,50888,47000,50424.72,17416488944.2368,1964983577,2003578733,1898735771,1898735771,0.01,0.01,0.01,0.01,-0.00017498,0.01293895,-0.00679855,0.00362809,,,,,66.94,33.06,2.03,67.84,32.16,2.11,53.2,46.8,1.14,9326585.14378,15178866.79982,11873367.06768,19446959.79702,,,,,,,,
2021-12-07,50424.72,51929,50012,50577.2,11453914571.8947,1935676527,2060900155,1897321354,2060900155,0.01,0.01,0.003874,0.01,0.00362408,0.00927034,-0.00379846,0.00907151,,,,,64.38,35.62,1.81,63.89,36.11,1.77,52.38,47.62,1.1,6122094.34428,5075044.30947,7275535.47208,7780793.00507,,,,,,,,
2021-12-08,50575,51210.6,48533.33,50455.61,11577713597.9192,2096294337,2096294337,1958977361,2035773256,0.01,0.01,0.01,0.01,0.01176247,0.01176247,0.00561926,0.00808809,,,,,62.01,37.99,1.63,61.39,38.61,1.59,52.65,47.35,1.11,6364214.31231,6799323.05065,8403616.86461,7453851.66495,,,,,,,,
2021-12-09,50459.61,50773.03,47312.89,47539.76,13331319427.8906,2000635358,2012331591,1918943096,2012331591,0.01,0.01,0.01,0.01,0.01062306,0.01062306,0.00264929,0.00853601,,,,,65.64,34.36,1.91,65.33,34.67,1.88,51.45,48.55,1.06,13184140.01769,5076140.61214,20155196.45849,6084018.42564,,,,,,,,
2021-12-10,47539.34,50126.99,46828.23,47136.35,13600030142.577,2050369596,2083530770,1947731803,1947731803,0.01,0.01,0.01,0.01,0.00889263,0.01061798,0.00481927,0.00783249,,,,,70.26,29.74,2.36,70.36,29.64,2.37,51.97,48.03,1.08,8373296.36564,7754870.58949,10858733.34924,9751021.16639,,,,,,,,
2021-12-11,47132.31,49499.05,46724.35,49381.15,10117402404.4619,1900011716,1945330480,1853107279,1910254365,0.01,0.01,0.01,0.01,0.00606013,0.01004236,0.00426327,0.00874836,,,,,69.54,30.46,2.28,68.29,31.71,2.15,51.9,48.1,1.08,3899757.68498,6192621.64485,5196105.54408,7400411.63555,,,,,,,,
2021-12-12,49379.51,50768,48616.16,50057.01,9106116561.3732,1932097622,2180095095,1932097622,2180095095,0.01,0.01,0.01,0.01,0.00893446,0.01111847,0.002432,0.00854427,,,,,63.48,36.52,1.74,62.07,37.93,1.64,52.42,47.58,1.1,2917135.99077,3504063.99606,3405905.94167,4594498.86076,,,,,,,,
2021-12-13,50057.02,50180,45600,46679.93,16644343297.5774,2168674452,2218302723,2045188191,2087242060,0.01,0.01,-0.001754,-0.001754,0.00802951,0.00802951,-0.00519645,-0.00519645,,,,,58.72,41.28,1.42,59.5,40.5,1.47,52.44,47.56,1.1,9735384.14487,6077028.61205,15842878.68317,7914507.74785,,,,,,,,
2021-12-14,46678.8,48657.92,46255.6,48324.04,12568648306.9977,2085596973,2160260171,2000099699,2035006290,-0.000517,0.01,-0.000517,0.01,-0.00477098,0.00761798,-0.00477098,0.00724899,,,,,71.11,28.89,2.46,71.49,28.51,2.51,51.52,48.48,1.06,5574036.36433,6529082.61396,7756648.02913,8063876.00556,,,,,,,,
2021-12-15,48324,49479.75,46518.73,48870.48,16575421379.0928,1997789714,2153527271,1996410482,2115174060,0.01,0.01,0.01,0.01,0.0054876,0.01014592,0.00339848,0.00716109,,,,,66.64,33.36,2.0,64.95,35.05,1.85,51.71,48.29,1.07,6524652.77938,7765762.93748,10481440.32198,10107301.11478,,,,,,,,
2021-12-16,48870.48,49439.79,47500,47624.5,10475459463.7746,2081991961,2315784181,2081991961,2272596369,0.01,0.01,0.01,0.01,0.0095194,0.01079227,0.00559192,0.00627922,,,,,65.06,34.94,1.86,65.84,34.16,1.93,52.35,47.65,1.1,7250050.66583,2683809.03028,8758061.43183,3207041.83668,,,,,,,,
2021-12-17,47629.1,47988.27,45373.11,46125.33,15254896634.8461,2265165166,2423241659,2259272961,2332174718,0.01,0.01,0.000196,0.00898,0.00815016,0.00815016,-0.00063246,0.00196714,,,,,69.02,30.98,2.23,69.52,30.48,2.28,52.27,47.73,1.1,9584013.9533,5774506.23108,15375108.8406,6580399.14748,,,,,,,,
2021-12-18,46125.33,47336.99,45438.43,46815.99,8888683646.5197,2334868072,2490449337,2334868072,2482042998,0.009044,0.01,0.002983,0.01,0.00243365,0.00677606,0.00006109,0.0014339,,,,,76.37,23.63,3.23,74.95,25.05,2.99,50.68,49.32,1.03,3489018.53797,4040134.93065,4966183.60587,4797741.96515,,,,,,,,
2021-12-19,46815.99,48461.17,46399.37,46668.63,11424643204.0074,2490843902,2700292901,2490843902,2660104167,0.007092,0.01,0.004548,0.01,0.0030529,0.00758249,0.0028506,0.0034776,,,,,74.15,25.85,2.87,72.21,27.79,2.6,50.96,49.04,1.04,4610650.11966,4975557.88125,6684594.76546,6127177.71385,,,,,,,,
2021-12-20,46668.65,47533.42,45530.67,46898.14,12694201452.123,2616124994,2908482962,2590582478,2899489375,0.01,0.01,0.008368,0.009174,0.0051941,0.01180013,-0.00334519,0.00676654,,,,,73.83,26.17,2.82,72.27,27.73,2.61,51.83,48.17,1.08,6248431.7813,5767523.72533,8463663.4527,7552233.12563,,,,,,,,
2021-12-21,46896.82,49298.78,46650,48875.15,12591430420.8388,2899489375,3456096342,2898516235,3430755205,0.009174,0.01,0.008941,0.01,0.00676654,0.01622343,0.00152053,0.00485656,,,,,71.34,28.66,2.49,69.79,30.21,2.31,50.86,49.14,1.04,2678431.88612,6809286.2631,3875712.58392,10800477.63,,,,,,,,
2021-12-22,48875.88,49599,48420.02,48569.69,10204234622.1138,3430755205,3593026568,3400817795,3558314912,0.01,0.01,0.009327,0.009734,0.00485656,0.0119202,-0.00054368,0.00402356,,,,,57.03,42.97,1.33,57.48,42.52,1.35,52.66,47.34,1.11,3841259.08948,5677526.62837,5212108.04198,5948768.98207,,,,,,,,
2021-12-23,48569.69,51377.74,48020,50817.92,12626022750.6185,3558314912,3806647801,3505523020,3742475116,0.009734,0.01,-0.003419,0.006696,0.00402356,0.01343429,-0.00278178,0.0055881,,,,,62.43,37.57,1.66,63.76,36.24,1.76,52.55,47.45,1.11,3826150.02869,9348976.6576,4816419.18909,13405184.6732,,,,,,,,
2021-12-24,50817.94,51805,50379.25,50808.55,11239222800.9714,3734489088,3832718655,3646482908,3690112600,0.01,0.01,0.01,0.01,0.0065119,0.00976613,0.00222879,0.00796921,,,,,62.43,37.57,1.66,63.76,36.24,1.76,52.55,47.45,1.11,7091937.47596,6481459.26776,8953226.92586,7719996.85036,,,,,,,,
2021-12-25,50809.37,51190,50105,50403.64,7493945114.3647,3690112600,3778487919,3681071782,3720424512,0.01,0.01,0.01,0.01,0.00796921,0.01496033,0.00104006,0.00685004,,,,,62.96,37.04,1.7,64.12,35.88,1.79,52.83,47.17,1.12,2228372.53774,2184790.12671,2612967.66844,2348673.91991,,,,,,,,
2021-12-26,50403.64,51300,49350,50765.73,9267788591.8131,3720424512,3782357155,3660032055,3669262245,0.01,0.01,0.01,0.01,0.00685004,0.0135413,-0.00077686,0.0104642,,,,,66.8,33.2,2.01,67.05,32.95,2.04,53.08,46.92,1.13,5425114.88193,3916609.07039,6516983.89293,4511167.58079,,,,,,,,
2021-12-27,50765.73,52134,50450,50707.72,11061065514.7404,3669262245,3941920958,3638189270,3739899900,0.01,0.01,0.01,0.01,0.0104642,0.01468719,0.00535798,0.00730655,,,,,68.46,31.54,2.17,67.9,32.1,2.12,53.38,46.62,1.15,5058109.2543,3817521.2332,7227664.1753,4531301.6582,,,,,,,,
2021-12-28,50707.72,50713.56,47290,47522.03,16406998000.337,3739899900,3739899900,3494736839,3525701870,0.01,0.01,0.01,0.01,0.00730655,0.01361809,0.00448545,0.00791204,,,,,66.03,33.97,1.94,66.16,33.84,1.96,53.76,46.24,1.16,13125869.43685,3896359.10502,20902768.02045,4216659.10502,,,,,,,,
2021-12-29,47522.02,48125.97,46000,46436.54,13006990052.5373,3525701870,3657201060,3368840090,3387917052,0.01,0.01,0.004141,0.01,0.00791204,0.01528412,0.00316754,0.00813462,,,,,75.6,24.4,3.1,75.65,24.35,3.11,52.59,47.41,1.11,5888046.03912,4568681.62294,9420651.35672,5071861.99904,,,,,,,,
2021-12-30,46436.53,47911.68,45880,47095.02,10813805091.8089,3387917052,3478819601,3356101379,3384908193,0.01,0.01,-0.003077,-0.003077,0.00813462,0.01377142,0.00133443,0.00313,,,,,76.23,23.77,3.21,74.7,25.3,2.95,52.2,47.8,1.09,4619001.14916,4907519.9258,8293830.98686,5733016.2386,,,,,,,,
2021-12-31,47095.02,48575,45650,46210.56,13567640113.2103,3384908193,3550997940,3350061846,3455022353,-0.003077,0.01,-0.004295,0.01,0.00313,0.01401978,-0.00048559,0.00803732,,,,,74.22,25.78,2.88,71.68,28.32,2.53,51.7,48.3,1.07,9412471.96284,6185509.69745,18035352.25544,7284195.45795,,,,,,,,
2022-01-01,46210.57,47943.77,46210.55,47704.35,8461815285.5828,3455022353,3534746570,3449767579,3481031244,0.01,0.01,0.01,0.01,0.00803732,0.01554267,-0.00408836,0.00508656,,,,,78.81,21.19,3.72,76.27,23.73,3.21,51.97,48.03,1.08,2828019.7387,3994411.0526,3464694.301,5012471.8126,,,,,,,,
2022-01-02,47704.35,48000,46605.68,47280,8730127504.3601,3481031244,3547523838,3424028486,3465520268,0.01,0.01,0.01,0.01,0.00508656,0.01323959,0.00221143,0.00858921,,,,,73.98,26.02,2.84,71.01,28.99,2.45,52.8,47.2,1.12,5400391.75118,3758861.8687,7374772.23368,4746792.5502,,,,,,,,
2022-01-03,47280.01,47575.22,45665.4,46445.81,11434710774.7933,3465520268,3729632186,3436319347,3692832592,0.01,0.01,0.01,0.01,0.00858921,0.01059636,0.00123147,0.00293877,,,,,74.3,25.7,2.89,72.45,27.55,2.63,53.47,46.53,1.15,8106730.09688,3247987.50696,10179621.95918,3886539.02466,,,,,,,,
2022-01-04,46445.8,47524.36,45445.57,45833.42,13573141199.5768,3692832592,3801330099,3626485421,3719873852,0.01,0.01,0.01,0.01,0.00293877,0.01435296,0.00245232,0.01289361,,,,,81.37,18.63,4.37,78.62,21.38,3.68,52.68,47.32,1.11,17874013.11564,5107865.42895,19499096.83574,6485202.72165,,,,,,,,
2022-01-05,45833.41,47075.29,42270,43421.69,21959128631.2987,3719873852,3836043196,3330730614,3378317881,0.01,0.01,0.01,0.01,0.01289361,0.01721873,0.00399459,0.00561226,,,,,80.65,19.35,4.17,78.01,21.99,3.55,52.76,47.24,1.12,22284798.40738,8257332.97906,30691103.46098,9204642.15196,,,,,,,,
2022-01-06,43421.7,43766,42385.83,43080.01,12889619494.9116,3378317881,3486823244,3298377475,3415962662,0.01,0.01,0.003939,0.01,0.00561226,0.01285301,-0.0007562,0.00710059,,,,,79.09,20.91,3.78,78.11,21.89,3.57,52.44,47.56,1.1,5184851.62512,5100046.1717,8121446.12792,5594790.7459,,,,,,,,
2022-01-07,43080.01,43135,40456.56,41553.86,19783640959.8269,3415962662,3429282597,3165222099,3183046473,0.01,0.01,0.01,0.01,0.00710059,0.01308863,0.00134199,0.0092769,,,,,78.88,21.12,3.74,76.82,23.18,3.31,52.43,47.57,1.1,11400293.24284,7255900.79007,18020333.30954,8990260.73927,,,,,,,,
2022-01-08,41553.87,42335,40500,41688.05,11779756796.9787,3183046473,3279924497,3142882963,3185105414,0.01,0.01,0.009373,0.01,0.0092769,0.01494959,0.00224669,0.00938321,,,,,76.0,24.0,3.17,76.85,23.15,3.32,52.23,47.77,1.09,7306228.30557,4682124.75424,10149267.82137,6374741.83154,,,,,,,,
2022-01-09,41688.05,42773.85,41170,41851.22,9347532507.5401,3185105414,3324748080,3172327560,3186943789,0.01,0.01,0.01,0.01,0.00938321,0.01287485,-0.00168114,0.00099974,,,,,74.87,25.13,2.98,74.75,25.25,2.96,53.86,46.14,1.17,4089682.51575,4371805.75373,4945126.08955,5376470.55213,,,,,,,,
2022-01-10,41851.22,42219.84,39610,41801.55,18676167502.204,3186943789,3302767660,3066187803,3199286579,0.01,0.01,0.001686,0.01,0.00099974,0.01741525,-0.00242933,0.00733138,,,,,73.91,26.09,2.83,73.31,26.69,2.75,53.29,46.71,1.14,10001108.02939,7406704.74281,15048584.58689,9382796.19681,,,,,,,,
2022-01-11,41801.55,43118,41255,42700.68,13656945548.1541,3199286579,3374344817,3159786534,3303590550,0.01,0.01,-0.008438,-0.00484,0.00733138,0.00758028,-0.01118063,-0.0076617,,,,,72.54,27.46,2.64,72.84,27.16,2.68,52.81,47.19,1.12,4029945.27091,7766550.23081,5915811.93931,9725234.90881,,,,,,,,
2022-01-12,42700.69,44300,42415,43880.72,12189219057.5622,3303590550,3461052813,3294594289,3399023301,-0.00484,0.01,-0.007743,-0.007507,-0.0076617,0.00405113,-0.01082748,-0.00638131,,,,,66.3,33.7,1.97,67.06,32.94,2.04,52.55,47.45,1.11,2914005.01769,4523285.56095,3448890.52369,6536983.50785,,,,,,,,
2022-01-13,43880.72,44396.68,42301.16,42534.32,12536647250.6946,3399023301,3454174995,3245445766,3269387530,-0.007507,0.01,-0.011538,0.00052,-0.00638131,0.00561728,-0.01370084,0.0038487,,,,,70.24,29.76,2.36,68.43,31.57,2.17,52.27,47.73,1.1,7133131.37934,3403709.94899,8990046.60734,3570970.72269,,,,,,,,
2022-01-14,42538.72,43450,41666,43042.4,11620712285.66,3269387530,3321927379,3202779827,3205682641,0.00052,0.007239,-0.00951,0.002239,0.0038487,0.00573234,-0.00642824,-0.0004719,,,,,73.59,26.41,2.79,74.04,25.96,2.85,51.73,48.27,1.07,4301435.57918,4306507.95098,6222685.91428,5203201.74238,,,,,,,,
2022-01-15,43042.4,43800,42530.64,43114.43,7847965120.2843,3205682641,3364640184,3178036637,3278002670,0.002239,0.002239,0.002239,0.002239,-0.0004719,-0.0004719,-0.0004719,-0.0004719,,,,,69.02,30.98,2.23,68.68,31.32,2.19,52.6,47.4,1.11,2411009.82095,2664206.69714,2770913.82155,3465027.89334,,,,,,,,
2022-01-16,43114.43,43464.71,42531.69,43060.66,6914267423.0155,3241986296,3272124409,3172588210,3173620854,0.008718,0.01,-0.007422,0.001701,0.00214951,0.00825906,-0.01090396,0.0017569,,,,,69.02,30.98,2.23,68.68,31.32,2.19,52.6,47.4,1.11,2902400.2658,2558491.55492,3540778.9328,3087351.20902,,,,,,,,
2022-01-17,43060.66,43159.32,41523.68,42176.34,9870680960.928,3173620854,3263648521,3147648940,3195571221,0.001701,0.01,0.001303,0.01,0.0017569,0.01038475,-0.00625823,0.00818399,,,,,70.47,29.53,2.39,70.17,29.83,2.35,52.04,47.96,1.09,7364580.75211,3081820.27641,9974014.13511,3166763.51561,,,,,,,,
2022-01-18,42176.34,42680,41260,42337.58,11189631495.1327,3195571221,3258940365,3152384703,3164148604,0.01,0.01,0.002285,0.004986,0.00818399,0.01110565,0.00087495,0.00749447,,,,,76.07,23.93,3.18,75.24,24.76,3.04,52.3,47.7,1.1,5331229.02203,4858262.58108,7144270.29443,6186909.00128,,,,,,,,
2022-01-19,42337.58,42545,41115.64,41657.89,13989465124.9371,3164148604,3309987330,3078968019,3141254681,0.004986,0.01,0.004422,0.01,0.00749447,0.0107483,0.00162897,0.00804092,,,,,72.84,27.16,2.68,71.62,28.38,2.52,52.84,47.16,1.12,9087343.61226,3576096.4126,10711817.36996,4932289.6559,,,,,,,,
2022-01-20,41656.9,43495,40550,40661.69,16867146824.1234,3141254681,3529178710,3098426704,3114799459,0.01,0.01,0.01,0.01,0.00804092,0.01113364,-0.00344828,0.00761665,,,,,73.2,26.8,2.73,72.64,27.36,2.66,53.84,46.16,1.17,10502649.05388,6660373.60067,15518833.25908,7825911.08817,,,,,,,,
2022-01-21,40662.06,41095.76,35380.92,36425.98,30301529652.8423,3114799459,3138044618,2556281886,2616801865,0.01,0.01,-0.001717,-0.001094,0.00761665,0.00829631,-0.01057764,0.00281294,,,,,76.15,23.85,3.19,75.32,24.68,3.05,53.92,46.08,1.17,29218650.07087,14303905.36907,46653264.55377,16821089.64497,,,,,,,,
2022-01-22,36426.46,36817.74,33950,35043.73,23900718073.9016,2616801865,2677066710,2509902325,2561841233,-0.001094,0.01,-0.002745,0.01,0.00281294,0.00750128,-0.01280472,0.00493953,,,,,71.81,28.19,2.55,74.52,25.48,2.93,53.42,46.58,1.15,18504708.46144,13280117.37315,25131010.08514,17005057.42895,,,,,,,,
2022-01-23,35043.82,36496.92,34588.8,36230.01,13097346871.3955,2561841233,2703977363,2543758809,2685727127,0.01,0.01,-0.006917,0.003458,0.00493953,0.00493953,-0.01634318,0.00343267,,,,,65.4,34.6,1.89,68.25,31.75,2.15,54.79,45.21,1.21,6723924.17301,6350292.57558,8387746.33301,8059155.02048,,,,,,,,
2022-01-24,36230,37528,32853.83,36648.31,28523680231.2702,2685727127,2795070931,2448843682,2679588981,0.003458,0.01,-0.008078,0.01,0.00343267,0.01013547,-0.02851507,-0.00366345,,,,,64.56,35.44,1.82,64.44,35.56,1.81,53.27,46.73,1.14,17204508.54848,14700246.12662,23676787.54708,20682885.07422,,,,,,,,
2022-01-25,36648.3,37561.03,35693,36934.26,14967330163.4119,2679588981,2906447674,2635403114,2809458596,0.01,0.01,-0.01867,0.000684,-0.00366345,0.00777711,-0.01788831,-0.00755549,,,,,56.39,43.61,1.29,58.3,41.7,1.4,55.93,44.07,1.27,7459995.79898,9634979.74291,8764211.31828,10888829.28001,,,,,,,,
2022-01-26,36934.26,38886.58,36232.42,36787.43,20858807219.8227,2809458596,3074727459,2714363885,2717242680,0.000684,0.008287,-0.011725,-0.004805,-0.00755549,0.00031094,-0.0185926,-0.00692456,,,,,54.33,45.67,1.19,56.69,43.31,1.31,54.64,45.36,1.21,10880358.07881,10407847.80879,15580017.11201,12734023.48059,,,,,,,,
2022-01-27,36787.42,37200,35471.53,37131,15328418581.4404,2717242680,2765038395,2580673314,2687842640,-0.004805,0.00364,-0.016509,-0.000423,-0.00692456,0.00630146,-0.01960316,0.00221296,,,,,55.65,44.35,1.26,56.9,43.1,1.32,53.42,46.58,1.15,10297423.95681,7906025.12035,13672196.43541,10593394.81655,,,,,,,,
2022-01-28,37131,38000,36149.02,37696.21,13594472285.4838,2687842640,2808701519,2619817793,2798907789,-0.000423,0.01,-0.009053,-0.001067,0.00221296,0.01086681,-0.01142196,-0.00508616,,,,,55.87,44.13,1.27,57.05,42.95,1.33,52.31,47.69,1.1,5610406.42225,8064155.73049,7850810.20155,10194675.67829,,,,,,,,
2022-01-29,37696.22,38750.94,37252,38150.01,9034117547.0089,2798907789,2958081022,2785708064,2911635323,-0.001067,0.009004,-0.006019,0.006037,-0.00508616,0.0029559,-0.01227896,0.0029559,,,,,48.86,51.14,0.96,51.22,48.78,1.05,52.66,47.34,1.11,3109028.63459,3248840.64201,4011510.56409,4504085.34391,,,,,,,,
2022-01-30,38150,38420.3,37334.83,37870.01,7393056992.3078,2911635323,2937882699,2869738781,2927124248,0.006037,0.01,0.00585,0.008911,0.0029559,0.00933733,-0.00623274,0.00675141,,,,,48.69,51.31,0.95,50.7,49.3,1.03,53.21,46.79,1.14,3076000.18218,2466566.26902,4183846.66618,2758315.42832,,,,,,,,
2022-01-31,37870,38741.73,36620,38439.04,11974922535.5241,2927124248,3198630345,2841005095,3187647976,0.008911,0.008911,-0.011582,-0.003953,0.00675141,0.00675141,-0.01190545,-0.00628843,,,,,48.65,51.35,0.95,51.33,48.67,1.06,53.01,46.99,1.13,4260981.50379,6155206.96954,6022754.29499,8608051.92254,,,,,,,,
2022-02-01,38439.04,39260.26,37969,38680.51,13632511027.6274,3187647976,3232047458,3016789919,3041803141,-0.003953,0.008183,-0.009396,-0.002961,-0.00628843,0.003754,-0.01037114,-0.00291338,,,,,42.17,57.83,0.73,45.43,54.57,0.83,52.58,47.42,1.11,5081817.39371,5619095.84524,6870929.87201,6996081.18714,,,,,,,,
2022-02-02,38680.51,38834.18,36529.81,36892.03,12747948199.8221,3041803141,3101718157,2827083223,2877898072,-0.002961,0.01,-0.015014,-0.007856,-0.00291338,0.00703651,-0.00761036,-0.00241151,,,,,45.4,54.6,0.83,47.11,52.89,0.89,52.39,47.61,1.1,8247535.43237,3233015.54309,12663640.54307,3470984.86879,,,,,,,,
2022-02-03,36892.05,37395,36204.3,37289.86,11697017715.8336,2877898072,2941516052,2823471852,2899629841,-0.007856,0.01,-0.007856,0.001537,-0.00241151,0.01135517,-0.01394282,0.00010705,,,,,55.5,44.5,1.25,57.2,42.8,1.34,52.28,47.72,1.1,6024043.89358,4424276.14936,6952669.24358,5134746.31076,,,,,,,,
2022-02-04,37287.33,41741.76,37011,41550,20278488431.5303,2899629841,3420188859,2892169386,3386332340,0.001537,0.01,-0.012769,0.007445,0.00010705,0.00975576,-0.01258346,0.00500719,,,,,55.53,44.47,1.25,55.12,44.88,1.23,52.12,47.88,1.09,4301209.62751,10617820.91866,5287650.01671,18654120.24476,,,,,,,,
2022-02-05,41549.99,41922,40920,41374.69,10047807157.6978,3386332340,3415790581,3317578708,3362120357,0.007445,0.01,0.005889,0.01,0.00500719,0.00725039,-0.00701259,0.00375405,,,,,43.19,56.81,0.76,42.87,57.13,0.75,52.7,47.3,1.11,5721147.38546,4896934.94917,7094597.92406,5588254.27477,,,,,,,,
2022-02-06,41374.68,42656.8,41100,42361.35,8972960274.0019,3362120357,3484116166,3323859712,3410399223,0.01,0.01,-0.002147,0.001481,0.00375405,0.00589357,-0.00176216,-0.00012541,,,,,42.25,57.75,0.73,45.93,54.07,0.85,53.56,46.44,1.15,2250233.51814,4443234.4331,2575805.70824,6159747.8042,,,,,,,,
2022-02-07,42361.34,44541.16,41609.76,43829.99,18066589233.0523,3410399223,3555462535,3286798151,3424817939,0.001481,0.01,-0.012642,0.01,-0.00012541,0.00476456,-0.01675084,0.00276069,,,,,45.03,54.97,0.82,46.2,53.8,0.86,53.2,46.8,1.14,4878332.93154,11553402.67822,6148215.98144,15795657.74062,,,,,,,,
2022-02-08,43830,45600,42641,44021.57,20509796252.6576,3424817939,3539367246,3161114821,3211751614,0.01,0.01,-0.00088,0.008235,0.00276069,0.01096978,-0.00450144,0.00930122,,,,,47.19,52.81,0.89,47.22,52.78,0.9,53.85,46.15,1.17,10446999.61621,11274512.91236,13855118.05631,16429979.75606,,,,,,,,
2022-02-09,44021.58,44826,43089.08,44358.08,13182362868.659,3211751614,3356876216,3107095185,3309850931,0.008235,0.01,0.000263,0.01,0.00930122,0.00995129,-0.00226218,0.00090441,,,,,52.54,47.46,1.11,53.42,46.58,1.15,53.69,46.31,1.16,6838878.63804,6845894.9677,7719311.67264,7960306.2044,,,,,,,,
2022-02-10,44358.09,45847.5,43136.96,43471.29,25056657293.8253,3309850931,3599165835,3115792952,3124876019,0.01,0.01,-0.005558,0.00395,0.00090441,0.00920172,-0.00368596,0.00519886,,,,,52.5,47.5,1.11,52.43,47.57,1.1,53.31,46.69,1.14,11411854.268,9770115.60004,14721199.6614,13236068.34134,,,,,,,,
2022-02-11,43471.3,43900,41914.23,42366,17859939145.2128,3124876019,3245604678,3016164736,3075644200,0.00395,0.01,-0.009814,0.01,0.00519886,0.01504556,-0.00822155,0.01213705,,,,,56.36,43.64,1.29,56.26,43.74,1.29,53.4,46.6,1.15,8848454.50288,6309160.72134,13877863.04208,6952006.71874,,,,,,,,
2022-02-12,42365.99,42980,41540,42199.87,10830948166.2557,3075644200,3219360423,3024258402,3060943403,0.01,0.01,0.00348,0.008078,0.01213705,0.01213705,-0.00146433,0.0048477,,,,,60.36,39.64,1.52,59.96,40.04,1.5,53.18,46.82,1.14,3940295.91732,3889592.14025,5176178.11352,4631312.49365,,,,,,,,
2022-02-13,42199.88,42755.97,41850,42041.13,8126982012.1447,3060943403,3171339666,3008679898,3014461913,0.008078,0.01,0.001586,0.009731,0.0048477,0.01070437,-0.00338504,0.00601215,,,,,62.57,37.43,1.67,60.79,39.21,1.55,52.74,47.26,1.12,3050875.85412,1953928.68089,3875160.53832,2387800.43279,,,,,,,,
2022-02-14,42041.12,42888,41526,42525.14,12841224980.7753,3014461913,3250912930,3001952830,3155717600,0.009731,0.01,-0.001117,0.01,0.00601215,0.01088114,-0.00336048,0.00619236,,,,,63.17,36.83,1.72,61.13,38.87,1.57,52.56,47.44,1.11,4833817.78546,4013158.77884,6206798.03596,4397484.27354,,,,,,,,
2022-02-15,42525.14,44777,42406.23,44529.6,12150814404.2883,3155717600,3510531760,3136891401,3390074347,0.01,0.01,-0.009233,0.01,0.00619236,0.0087731,-0.00888333,0.00767164,,,,,57.29,42.71,1.34,56.21,43.79,1.28,52.48,47.52,1.1,1653117.97482,7579723.28769,1903170.98102,10342071.38709,,,,,,,,
2022-02-16,44529.7,44536.8,43277.8,43860.7,11215910660.326,3390074347,3424061834,3267046392,3362179675,0.01,0.01,0.01,0.01,0.00767164,0.01039292,0.0018803,0.00625917,,,,,54.32,45.68,1.19,52.92,47.08,1.12,53.18,46.82,1.14,4653966.54395,3859371.9895,5500946.50745,4210723.9224,,,,,,,,
2022-02-17,43860.8,44150,40020.1,40491.7,18306468563.2911,3362179675,3370319568,2984562674,3031595660,0.01,0.01,-0.000714,-0.000469,0.00625917,0.00843804,-0.00156615,-0.00110473,,,,,57.64,42.36,1.36,59.05,40.95,1.44,53.08,46.92,1.13,7969784.50914,3837927.79288,14372503.55094,3955330.66238,,,,,,,,
2022-02-18,40491.8,40944.1,39422,39966.8,15187029505.3262,3031595660,3088752829,2898834451,2929736599,-0.000469,0.01,-0.013194,0.01,-0.00110473,0.01046572,-0.01093546,0.0085374,,,,,66.51,33.49,1.99,67.63,32.37,2.09,52.55,47.45,1.11,7300002.74234,4434584.89208,10050510.59514,6570977.15178,,,,,,,,
2022-02-19,39966.8,40438.7,39610.3,40052.6,7424897590.2138,2929736599,3100946464,2926570338,3047138285,0.01,0.01,0.000199,0.003087,0.0085374,0.01094208,-0.00364722,0.00418861,,,,,65.39,34.61,1.89,65.2,34.8,1.87,51.99,48.01,1.08,2723788.63258,1820454.72564,3447124.56858,2297844.00714,,,,,,,,
2022-02-20,40052.6,40100.1,37905,38368.1,12740102183.387,3047138285,3070425797,2822751532,2827227334,0.003087,0.008685,-0.012453,0.006492,0.00418861,0.00917992,-0.00559069,0.00505849,,,,,67.57,32.43,2.08,65.97,34.03,1.94,51.46,48.54,1.06,5314572.7649,2382743.23749,8715602.1935,3373367.33469,,,,,,,,
2022-02-21,38367.9,39510,36762,36986.4,24684737830.6797,2827227334,2954513701,2639121066,2696493365,0.006492,0.01,-0.006777,-0.005327,0.00505849,0.0066452,-0.00960028,-0.00148021,,,,,66.89,33.11,2.02,66.52,33.48,1.99,51.88,48.12,1.08,9550773.47953,8025188.59059,14230368.37973,9756333.73299,,,,,,,,
2022-02-22,36986.4,38450,36310.1,38212,17408188466.8717,2696493365,2882536992,2639497406,2859138387,-0.005327,0.005477,-0.005845,-0.002599,-0.00148021,0.00568391,-0.00976504,-0.00373591,,,,,65.8,34.2,1.92,65.47,34.53,1.9,51.51,48.49,1.06,4926526.40051,6512247.71902,7210560.24201,8351338.80982,,,,,,,,
2022-02-23,38212.1,39250,36963.2,37227.8,15594031903.4045,2859138387,2934336981,2701614353,2711919751,-0.002599,0.01,-0.013955,0.006519,-0.00373591,0.00621478,-0.01274548,0.00359073,,,,,65.8,34.2,1.92,65.47,34.53,1.9,51.51,48.49,1.06,5764581.24258,2672867.06403,8296032.75368,3845402.92243,,,,,,,,
2022-02-24,37227.9,40376.1,34303.7,38315.1,33176849998.7323,2711919751,2804241356,2483295987,2528923873,0.006519,0.01,-0.023462,0.01,0.00359073,0.00709115,-0.01919743,0.00440407,,,,,62.19,37.81,1.65,62.51,37.49,1.67,52.0,48.0,1.08,11368265.12745,12971029.33329,18157921.64855,18527788.06679,,,,,,,,
2022-02-25,38316.2,39750,37999.2,39205.4,16181199211.0425,2528923873,2734572106,2492244572,2646861541,0.01,0.01,0.000231,0.009316,0.00440407,0.01214879,-0.0139041,0.00379379,,,,,55.17,44.83,1.23,55.54,44.46,1.25,53.27,46.73,1.14,5444414.87997,4866048.35711,6572962.64477,7131744.86681,,,,,,,,
2022-02-26,39205.4,40441.1,38561.7,39099.3,9879090551.1957,2646861541,2717384429,2618605509,2629144620,0.009316,0.01,0.004098,0.005602,0.00379379,0.01008961,-0.0083432,0.00284695,,,,,52.27,47.73,1.1,54.11,45.89,1.18,52.02,47.98,1.08,3910536.03356,2172748.90511,5002296.61306,3931644.87621,,,,,,,,
2022-02-27,39098.5,39868.6,36934.6,37672,16317384900.4271,2629144620,2783708678,2437073631,2481328765,0.005602,0.009566,-0.021114,-0.021114,0.00284695,0.0075724,-0.01243007,-0.00897899,,,,,53.21,46.79,1.14,54.76,45.24,1.21,52.02,47.98,1.08,6686989.63656,4574198.03175,10996425.88456,5418439.29825,,,,,,,,
2022-02-28,37672.1,44341,37414.4,43155,24659172545.8042,2481328765,3133302923,2469832438,2970465593,-0.021114,0.01,-0.024256,0.01,-0.00897899,0.00658983,-0.01375252,0.00581413,,,,,58.8,41.2,1.43,60.75,39.25,1.55,50.46,49.54,1.02,5808501.70476,8819206.42687,8112799.49926,15566756.22237,,,,,,,,
2022-03-01,43150.8,44935,42765.4,44394.1,19621911939.1005,2970465593,3367050198,2970465593,3137221746,0.01,0.01,-0.000466,-0.000466,0.00581413,0.01025579,-0.00378684,-0.00269565,,,,,51.03,48.97,1.04,49.16,50.84,0.97,53.79,46.21,1.16,5638754.28191,5179255.93108,7589158.88911,6908159.58118,,,,,,,,
2022-03-02,44393.6,45350,43321,43885.7,17986721856.4964,3137221746,3319489072,3100973967,3196849124,-0.000466,0.01,-0.002196,0.01,-0.00269565,0.01358757,-0.00459039,0.00645483,,,,,48.54,51.46,0.94,49.85,50.15,0.99,52.32,47.68,1.1,5363610.73795,4262294.00456,7367750.16665,6053101.52316,,,,,,,,
2022-03-03,43885.8,44080,41831,42449.5,15701179818.3931,3196849124,3275626360,3139849442,3169084020,0.01,0.01,0.01,0.01,0.00645483,0.01105244,0.00341492,0.00748351,,,,,49.73,50.27,0.99,50.87,49.13,1.04,52.26,47.74,1.1,6302389.43555,3914471.47631,9187067.82175,4529457.89181,,,,,,,,
2022-03-04,42449.6,42525.3,38521,39127.7,19123892904.8155,3169084020,3175007711,2896892039,2940374574,0.01,0.01,0.01,0.01,0.00748351,0.00975941,-0.00063229,0.00213336,,,,,58.65,41.35,1.42,59.58,40.42,1.47,53.46,46.54,1.15,11048831.67016,4573561.00519,16873724.19896,5191577.86869,,,,,,,,
2022-03-05,39127.7,39580,38547.6,39375.1,7774563915.876,2940374574,3024344018,2885527586,2992155075,0.01,0.01,-0.00554,0.004079,0.00213336,0.00446921,-0.0085864,-0.00265092,,,,,64.52,35.48,1.82,66.55,33.45,1.99,53.04,46.96,1.13,1944893.48166,2479851.91287,2575643.30186,2935275.23947,,,,,,,,
2022-03-06,39375,39690,38056,38401.1,12109794890.6672,2992155075,3022307862,2757941509,2780425194,0.004079,0.01,-0.004106,0.000339,-0.00265092,0.00750765,-0.00851155,0.00094083,,,,,68.72,31.28,2.2,66.38,33.62,1.97,51.47,48.53,1.06,4703342.94989,2754537.67913,6785771.05529,4038121.17693,,,,,,,,
2022-03-07,38401.1,39550,37134,37963.8,18764651609.2963,2780425194,2981678141,2621409095,2629548652,0.000339,0.006555,-0.009197,0.003438,0.00094083,0.00662302,-0.00784806,0.00179634,,,,,67.85,32.15,2.11,66.9,33.1,2.02,51.63,48.37,1.07,6724477.57132,5372689.27719,9581532.70382,6772255.25229,,,,,,,,
2022-03-08,37963.7,39340.5,37853,38709.9,16295391357.0471,2629548652,2844723426,2625550812,2678177799,0.003438,0.01,-0.005926,0.006853,0.00179634,0.00965221,-0.00231558,0.00125007,,,,,68.61,31.39,2.19,66.92,33.08,2.02,51.7,48.3,1.07,5727763.07394,6572630.69296,7693209.49284,7528856.63416,,,,,,,,
2022-03-09,38709.9,42647.5,38638.7,41937.5,19170316682.6179,2678177799,3142669188,2675703937,3027907249,0.006853,0.01,-0.006936,0.01,0.00125007,0.01313538,-0.0098528,0.0098799,,,,,64.69,35.31,1.83,63.5,36.5,1.74,51.45,48.55,1.06,4141900.67722,5610265.53465,4991915.27072,10351942.78605,,,,,,,,
2022-03-10,41939.5,42034.3,38512,39407.2,20591668557.0929,3027907249,3039768022,2686198773,2763166733,0.01,0.01,-0.017799,-0.009927,0.0098799,0.01124848,-0.01020088,-0.00582334,,,,,55.4,44.6,1.24,55.23,44.77,1.23,53.15,46.85,1.13,6179242.41482,4325817.45833,10552421.32242,5672267.27553,,,,,,,,
2022-03-11,39407.1,40242,38200.1,38713,18251199343.6142,2763166733,2889927077,2659541964,2712731038,-0.009927,0.01,-0.009927,-0.000294,-0.00582334,0.00825156,-0.01019545,-0.00161935,,,,,55.4,44.6,1.24,66.9,33.1,2.02,51.1,48.9,1.05,5838218.43511,3747947.83564,7817640.76981,4762228.96094,,,,,,,,
2022-03-12,38713.1,39578.4,38630,38792.6,6738354807.8112,2712731038,2852150993,2704101397,2781856428,-0.000294,0.003531,-0.007367,-0.005898,-0.00161935,0.00569717,-0.00745289,-0.00539467,,,,,55.4,44.6,1.24,67.9,32.1,2.12,50.84,49.16,1.03,1892548.48857,964981.8792,2251987.21797,1221771.4654,,,,,,,,
2022-03-13,38792.7,39300,37500,37743.7,9151732965.9415,2781856428,2992738135,2777305565,2856646174,-0.005898,0.01,-0.013272,-0.007886,-0.00539467,0.00732196,-0.00583198,-0.00578693,,,,,55.4,44.6,1.24,66.27,33.73,1.97,50.76,49.24,1.03,2986975.31184,1170213.89245,4633748.38694,1688913.89245,,,,,,,,
2022-03-14,37743,39989,37522.1,39653.8,13971286201.1539,2856646174,3030650100,2852059630,2940085215,-0.007886,0.01,-0.011593,0.00574,-0.00578693,0.01005293,-0.00891634,0.00757062,,,,,55.4,44.6,1.24,70.45,29.55,2.38,50.11,49.89,1.0,3222747.18153,3201692.59257,4263290.88173,5445143.92947,,,,,,,,
2022-03-15,39651.6,39901.8,38073.8,39271,13464825614.2452,2940085215,3008901834,2742968326,2961030730,0.00574,0.01,0.001158,0.01,0.00757062,0.00889043,-0.00317092,0.00252839,,,,,64.9,35.1,1.85,61.95,38.05,1.63,50.93,49.07,1.04,2564771.42064,2487694.56812,3469553.39274,4400612.42742,,,,,,,,
2022-03-16,39270.9,41804,38700,41105.8,26187205523.1428,2961030730,3090646024,2759802474,3045035422,0.01,0.01,0.003235,0.01,0.00252839,0.01250829,-0.00533645,0.00714615,,,,,56.31,43.69,1.29,57.01,42.99,1.33,52.12,47.88,1.09,6451691.17622,6402132.81433,8178848.77682,11280713.06073,,,,,,,,
2022-03-17,41105.9,41498.4,40442.8,40898.1,9960406163.7019,3045035422,3093605358,2989226537,3050343481,0.01,0.01,0.01,0.01,0.00714615,0.00972707,0.00092016,0.00178417,,,,,54.75,45.25,1.21,54.67,45.33,1.21,53.17,46.83,1.14,1925495.39131,2424498.27258,2491831.60781,2862410.33698,,,,,,,,
2022-03-18,40898,42322.8,40084.2,41751.5,12263381156.4337,3050343481,3228541908,2927735700,3183217513,0.01,0.01,-0.002127,0.01,0.00178417,0.00786521,-0.00862707,0.00267733,,,,,57.79,42.21,1.37,58.83,41.17,1.43,53.4,46.6,1.15,2452504.00928,3226631.96276,3835099.44758,4785343.04636,,,,,,,,
2022-03-19,41751.6,42446.6,41500,42188.2,7806807388.1859,3183217513,3266384386,3124254782,3266384386,0.01,0.01,0.008047,0.01,0.00267733,0.00626163,-0.005191,0.00188964,,,,,57.79,42.21,1.37,58.83,41.17,1.43,53.4,46.6,1.15,1492336.10524,1499191.21957,1939443.43724,1942285.49467,,,,,,,,
2022-03-20,42188.2,42269.3,40900,41261,9789226243.6387,3266384386,3274550365,3064799073,3105775367,0.01,0.01,0.007321,0.01,0.00188964,0.01166151,-0.00302586,0.00814629,,,,,51.32,48.68,1.05,52.41,47.59,1.1,52.97,47.03,1.13,3152273.51952,1859958.83593,4028486.34282,2068775.47693,,,,,,,,
2022-03-21,41261.1,41544.4,40430,40982,12653608459.8242,3105775367,3158997428,2990019468,2990019468,0.01,0.01,-0.006496,0.01,0.00814629,0.00974644,-0.00515154,0.0046924,,,,,56.53,43.47,1.3,58.46,41.54,1.41,54.11,45.89,1.18,2812468.6237,2871521.01877,3578269.4664,3216531.19787,,,,,,,,
2022-03-22,40982,43517.7,40852,42349.8,15892481338.3933,2990019468,3367119208,2990019468,3154985226,0.01,0.01,0.001398,0.01,0.0046924,0.0074668,-0.00172479,0.00530167,,,,,62.27,37.73,1.65,61.58,38.42,1.6,52.06,47.94,1.09,3201391.17314,3414329.8481,4197403.72254,5857820.0052,,,,,,,,
2022-03-23,42349.9,43051,41731.3,42867.9,11938811108.9953,3154985226,3211580424,3048471685,3107572887,0.01,0.01,-0.001177,0.001614,0.00530167,0.00765402,-0.00876079,-0.0034484,,,,,56.33,43.67,1.29,55.41,44.59,1.24,52.22,47.78,1.09,2848875.73608,2873330.32832,3564423.82158,3608849.90822,,,,,,,,
2022-03-24,42867.8,44200,42525,43973.4,14365470364.1166,3107572887,3586320070,3098992953,3535462473,0.001614,0.01,-0.005943,0.000667,-0.0034484,0.00291143,-0.00714601,-0.00188291,,,,,57.82,42.18,1.37,56.55,43.45,1.3,52.28,47.72,1.1,1933863.91408,3997311.7427,2679463.91408,5720704.9487,,,,,,,,
2022-03-25,43973.2,45142,43575.1,44290.6,15463458858.6276,3535462473,3749806751,3484507442,3532053152,0.000667,0.01,-0.00193,0.009789,-0.00188291,0.00662358,-0.00557053,0.00329957,,,,,43.08,56.92,0.76,44.38,55.62,0.8,52.14,47.86,1.09,3906901.80494,3833816.32934,4794635.82934,5748925.07414,,,,,,,,
2022-03-26,44290.6,44785,44041,44489.2,6243401649.1366,3532053152,3611818028,3502404076,3543332191,0.009789,0.01,-0.00838,-0.008296,0.00329957,0.00730933,-0.01409033,-0.01043403,,,,,42.76,57.24,0.75,44.15,55.85,0.79,52.31,47.69,1.1,949320.82619,1222242.87787,1338020.82619,1444042.87787,,,,,,,,
2022-03-27,44489.3,47047,44416,46820.8,12238321366.454,3543332191,3777491641,3541392506,3755762076,-0.008296,0.01,-0.009966,0.01,-0.01043403,0.00476284,-0.01043403,0.00208041,,,,,45.15,54.85,0.82,45.43,54.57,0.83,51.62,48.38,1.07,1842468.63849,3933013.30315,2029107.18489,6413484.59885,,,,,,,,
2022-03-28,46820.9,48200,46651.2,47121.9,15043136869.1957,3755762076,3836862854,3599838712,3612175927,0.01,0.01,0.005443,0.01,0.00208041,0.01081914,-0.00119789,0.00353666,,,,,46.03,53.97,0.85,44.36,55.64,0.8,53.48,46.52,1.15,4598448.88158,5129885.4619,7678993.16668,9699575.4963,,,,,,,,
2022-03-29,47121.8,48100,46911,47418.5,12314820383.7669,3612175927,3761496476,3611678566,3629895264,0.01,0.01,0.009162,0.01,0.00353666,0.0122908,-0.00091818,0.01088015,,,,,46.79,53.21,0.88,47.14,52.86,0.89,53.62,46.38,1.16,4315044.97124,3633238.63296,5877732.54944,4463511.31946,,,,,,,,
2022-03-30,47418.5,47688.6,46535,47053.2,11089297781.8727,3629895264,3751395326,3546983156,3599901145,0.01,0.01,0.01,0.01,0.01088015,0.01282899,0.00103734,0.0056072,,,,,50.52,49.48,1.02,49.29,50.71,0.97,53.02,46.98,1.13,3851829.19245,3386340.59771,5564167.85435,3682343.00331,,,,,,,,
2022-03-31,47053.1,47619.4,45185,45506,13932207195,3599901145,3632395856,3367042867,3385867969,0.01,0.01,0.01,0.01,0.0056072,0.01083033,0.00115607,0.0063332,,,,,54.48,45.52,1.2,53.86,46.14,1.17,52.75,47.25,1.12,8462146.80636,2905401.97148,12443699.88456,3228043.08218,,,,,,,,
2022-04-01,45505.9,46700,44206.2,46266.2,16397921747.5008,3385867969,3519072621,3375722737,3392600395,0.01,0.01,-0.00169,0.01,0.0063332,0.00798649,-0.00377988,0.00548803,,,,,60.68,39.32,1.54,60.54,39.46,1.53,53.07,46.93,1.13,5792487.0144,6825153.14314,10293527.6675,9392165.09714,,,,,,,,
2022-04-02,46266.2,47236.8,45600,45794.6,10505338701.0477,3392600395,3452603404,3266684149,3283554291,0.01,0.01,0.01,0.01,0.00548803,0.0094619,0.00278591,0.00740158,,,,,64.35,35.65,1.81,61.55,38.45,1.6,52.15,47.85,1.09,5330436.93036,3184115.73223,6793216.95106,4783321.88403,,,,,,,,
2022-04-03,45792.3,47448,45501,46392.4,9868284398.0779,3283554291,3418447810,3283554291,3331159795,0.01,0.01,0.01,0.01,0.00740158,0.01038448,0.00449355,0.00692538,,,,,64.35,35.65,1.81,61.55,38.45,1.6,52.15,47.85,1.09,2748367.68835,5061389.48098,3389691.20725,6099945.08728,,,,,,,,
2022-04-04,46392.3,46895.5,45094,46580.9,12549955017.6588,3331159795,3495007346,3327972179,3417588788,0.01,0.01,0.01,0.01,0.00692538,0.00988893,0.00045148,0.00959027,,,,,65.05,34.95,1.86,61.55,38.45,1.6,52.15,47.85,1.09,4586750.99384,4710838.26797,6379216.42674,5308894.36217,,,,,,,,
2022-04-05,46581,47188,45300,45477.4,11905014968.0283,3417588788,3609421522,3401108721,3488391226,0.01,0.01,0.000915,0.009922,0.00959027,0.01286583,0.0001469,0.00577916,,,,,62.58,37.42,1.67,61.04,38.96,1.57,52.32,47.68,1.1,4593417.65641,1784926.98384,6544038.07131,2329679.90224,,,,,,,,
2022-04-06,45477.5,45494.2,43100,43159.7,17045408133.2911,3488391226,3601228659,3384251639,3520063100,0.009922,0.01,0.005095,0.01,0.00577916,0.01048916,-0.00089524,0.00777819,,,,,62.58,37.42,1.67,61.04,38.96,1.57,52.32,47.68,1.1,15051341.10884,3462603.30236,22830173.61634,4302728.98326,,,,,,,,
2022-04-07,43159.8,43888,42685,43417.1,9962563922.8398,3520063100,3586608045,3445030641,3511075981,0.01,0.01,0.001112,0.004294,0.00777819,0.00783916,0.00058581,0.00096525,,,,,62.58,37.42,1.67,61.04,38.96,1.57,52.32,47.68,1.1,3129682.82756,2970393.21437,4673618.04236,3385430.89127,,,,,,,,
2022-04-08,43417.1,43968.1,42074,42229.2,13391525783.0679,3511075981,3678515168,3464644112,3488204529,0.004294,0.01,0.004294,0.01,0.00096525,0.00897904,-0.00344796,0.00527218,,,,,62.58,37.42,1.67,61.04,38.96,1.57,52.32,47.68,1.1,5564138.8663,4210940.07537,7784520.6325,5113475.72207,,,,,,,,
2022-04-09,42229.1,42796.7,42100.3,42727.7,5078863751.8781,3488204529,3564201069,3475063436,3553867517,0.01,0.01,0.002573,0.002753,0.00527218,0.00628199,0.00008408,0.00105519,,,,,62.58,37.42,1.67,61.04,38.96,1.57,52.32,47.68,1.1,1308404.93701,1482039.25892,1387204.93701,1919239.25892,,,,,,,,
2022-04-10,42727.8,43399.4,41838,42140.4,7757853637.0202,3553867517,3662514748,3517237835,3554155282,0.002753,0.01,-0.002646,0.000262,0.00105519,0.00749691,-0.00349688,-0.00114953,,,,,72.36,27.64,2.62,69.0,31.0,2.23,51.49,48.51,1.06,4171420.84151,1502738.82952,5256414.34871,2360705.35452,,,,,,,,
2022-04-11,42140.3,42399.9,39136.7,39505.6,17947276422.8591,3554155282,3682762309,3321656633,3331034840,0.000262,0.01,-0.006796,-0.006796,-0.00114953,0.00857729,-0.00227679,-0.00226505,,,,,72.36,27.64,2.62,69.0,31.0,2.23,51.49,48.51,1.06,11052549.34458,3279335.86552,16793607.21048,3744518.23412,,,,,,,,
2022-04-12,39505.6,40700,39224,40060.7,13982228158.7758,3331034840,3475083826,3269255348,3340452205,-0.006796,0.01,-0.01328,-0.001636,-0.00226505,0.00547904,-0.01211817,0.00026109,,,,,72.04,27.96,2.58,72.55,27.45,2.64,50.17,49.83,1.01,4770333.11415,4123915.73017,5701416.61205,4829742.74447,,,,,,,,
2022-04-13,40060.7,41580,39569.8,41129.8,13166611743.9049,3340452205,3431239523,3282791051,3284709856,-0.001636,0.00765,-0.010565,0.005001,0.00026109,0.00472729,-0.00277477,0.0041278,,,,,75.19,24.81,3.03,72.4,27.6,2.62,50.67,49.33,1.03,3197698.49273,6397202.38836,3573141.62883,8022683.54776,,,,,,,,
2022-04-14,41129.8,41474.8,39522,39915.9,10618266432.9307,3284709856,3345244106,3251585036,3304278819,0.005001,0.009921,-0.013291,-0.013216,0.0041278,0.00797129,-0.00424489,-0.003948,,,,,69.41,30.59,2.27,67.44,32.56,2.07,50.56,49.44,1.02,3264415.03504,1194505.93924,4708293.98374,1390941.38524,,,,,,,,
2022-04-15,39915.9,40888,39734.2,40529.5,7833145836.1848,3304278819,3393569902,3299146892,3300548684,-0.013216,0.008818,-0.0167,0.002282,-0.003948,0.00841201,-0.00549033,0.00148502,,,,,74.31,25.69,2.89,73.06,26.94,2.71,49.45,50.55,0.98,1799440.26835,1763275.60159,2438020.47615,3321228.65379,,,,,,,,
2022-04-16,40529.6,40700,39944.9,40361,5151858001.0562,3300548684,3322196326,3240238392,3285462490,0.002282,0.01,-0.002605,0.000711,0.00148502,0.0076592,-0.00334526,0.00327766,,,,,72.13,27.87,2.59,69.46,30.54,2.27,50.67,49.33,1.03,1032155.72318,1595266.51991,1253716.13568,2000713.92181,,,,,,,,
2022-04-17,40360.9,40574.1,39510,39649.1,6844811803.1225,3285462490,3341359334,3259441356,3312548897,0.000711,0.01,-0.003119,-0.003119,0.00327766,0.00725899,-0.00278048,-0.00148726,,,,,71.91,28.09,2.56,70.35,29.65,2.37,50.17,49.83,1.01,4698482.10921,851526.65914,5710541.49751,892506.29934,,,,,,,,
2022-04-18,39649.1,41310,38465.7,40785.6,14383980176.2427,3312548897,3432062322,3200791378,3237106291,-0.003119,0.01,-0.018347,0.01,-0.00148726,0.01010529,-0.010897,0.00792087,,,,,74.22,25.78,2.88,72.49,27.51,2.64,50.37,49.63,1.02,5160594.80338,5321231.78257,7751453.06018,6832356.55747,,,,,,,,
2022-04-19,40785.7,41788,40543.7,41472.9,8812442265.5383,3237106291,3371676191,3172662377,3305022058,0.01,0.01,-0.005779,0.009478,0.00792087,0.0080111,-0.00374544,0.00473157,,,,,69.7,30.3,2.3,67.92,32.08,2.12,51.39,48.61,1.06,1206164.28549,4111976.11156,1602064.28549,5206213.39056,,,,,,,,
2022-04-20,41472.9,42166.8,40800,41327.7,10678028110.3527,3305022058,3468390933,3274891244,3309038538,0.009478,0.01,-0.005242,0.000277,0.00473157,0.00964047,-0.00684637,0.00290541,,,,,67.24,32.76,2.05,67.15,32.85,2.04,51.76,48.24,1.07,2582675.34501,3363590.39909,3303401.28931,3856435.96499,,,,,,,,
2022-04-21,41326,42966,39630,40449.8,16393722746.4604,3309038538,3578312942,3191979322,3257407603,0.000277,0.01,-0.010178,0.003177,0.00290541,0.00840624,-0.00723654,0.00198618,,,,,66.13,33.87,1.95,66.41,33.59,1.98,51.17,48.83,1.05,11609728.24323,3289684.778,17456490.53893,4676598.7597,,,,,,,,
2022-04-22,40449.7,40786.1,39133,39674.2,12602391832.0242,3257407603,3397918519,3223824196,3371849724,0.003177,0.003177,-0.019022,-0.008951,0.00198618,0.00750364,-0.0101546,-0.00672077,,,,,71.5,28.5,2.51,70.83,29.17,2.43,50.45,49.55,1.02,4482264.01139,2902881.0473,6162229.27409,3161386.8948,,,,,,,,
2022-04-23,39674.3,40000,39259,39415.1,4955763643.1459,3371849724,3460486578,3363090720,3397161863,-0.008951,-0.00319,-0.018743,-0.018234,-0.00672077,-0.0008657,-0.0107547,-0.00710946,,,,,76.84,23.16,3.32,74.53,25.47,2.93,49.41,50.59,0.98,1633647.9516,1076177.60853,2545640.9063,1203767.74073,,,,,,,,
2022-04-24,39413.8,39930.6,38884.1,39433.4,7132194651.4321,3397161863,3485547129,3379901392,3383413543,-0.018234,-0.003167,-0.019356,-0.008978,-0.00710946,0.0037286,-0.01038933,-0.00433548,,,,,75.74,24.26,3.12,73.25,26.75,2.74,49.01,50.99,0.96,2791033.75313,1202242.20957,3330233.61233,1710815.57967,,,,,,,,
2022-04-25,39433.3,40650,38111,40411,17581770610.7408,3383413543,3405399987,3306371681,3314325918,-0.008978,0.01,-0.011783,0.01,-0.00433548,0.01178755,-0.00665515,0.00830048,,,,,75.71,24.29,3.12,72.84,27.16,2.68,49.51,50.49,0.98,5759479.07763,6611255.66285,8280717.67973,9021032.12075,,,,,,,,
2022-04-26,40411,40800,37671.8,38093.7,17738998057.7175,3314325918,3363870473,3228726874,3305309201,0.01,0.01,-0.015897,-0.012705,0.00830048,0.01131863,-0.00752566,-0.00572012,,,,,72.54,27.46,2.64,69.71,30.29,2.3,50.67,49.33,1.03,8233070.36581,3896494.01966,13491210.26171,4431513.69156,,,,,,,,
2022-04-27,38093.7,39470,37844.5,39209,14987380971.0683,3305309201,3503076488,3177501911,3230651506,-0.012705,0.005353,-0.013099,-0.005649,-0.00572012,0.00709966,-0.0068178,0.00009379,,,,,77.2,22.8,3.39,76.15,23.85,3.19,49.63,50.37,0.99,3188264.54615,5164716.95185,4136322.46785,5988071.30225,,,,,,,,
2022-04-28,39209,40376.6,38861.8,39732.5,16381951145.5437,3230651506,3292947778,3130153507,3143031228,-0.005649,0.01,-0.012353,0.01,0.00009379,0.01146992,-0.00720428,0.00874499,,,,,77.2,22.8,3.39,76.15,23.85,3.19,49.63,50.37,0.99,3937885.03555,5927116.47534,7178759.97355,9262155.06484,,,,,,,,
2022-04-29,39732.5,39924.8,38160,38572.2,12005116808.188,3143031228,3213389310,3018176283,3207398952,0.01,0.01,-0.009526,-0.009406,0.00874499,0.01011448,-0.00247929,-0.0021103,,,,,77.2,22.8,3.39,76.15,23.85,3.19,49.63,50.37,0.99,9623641.32807,2166042.1171,11964051.59647,2859662.2674,,,,,,,,
2022-04-30,38572.3,38782.6,37550,37614.5,6966950830.8756,3207398952,3244356624,3150077801,3203676073,-0.009406,0.007696,-0.00976,0.00255,-0.0021103,0.00716058,-0.00568483,0.00215666,,,,,73.02,26.98,2.71,72.11,27.89,2.59,49.81,50.19,0.99,6633235.90648,1379059.60022,9203528.17718,1427761.34932,,,,,,,,
2022-05-01,37614.4,38680.6,37350,38440.5,9003718193.6953,3203676073,3272736889,3126998937,3174324416,0.00255,0.01,-0.007563,0.01,0.00215666,0.01000084,-0.00459658,0.00657822,,,,,76.05,23.95,3.18,74.03,25.97,2.85,49.2,50.8,0.97,3411600.98749,3968803.49646,4796857.66609,5589174.46366,,,,,,,,
2022-05-02,38440.2,39222,38032.2,38525.6,13024012202.8124,3174324416,3187585315,3015669703,3112293370,0.01,0.01,-0.001778,0.01,0.00657822,0.01163442,-0.00019821,0.01091538,,,,,75.03,24.97,3.01,71.41,28.59,2.5,49.5,50.5,0.98,4501615.60512,2894001.78584,5373627.00542,3562190.35134,,,,,,,,
2022-05-03,38525.5,38674.7,37500.1,37712.9,9498666666.1793,3112293370,3440225869,3109390318,3436020757,0.01,0.01,0.01,0.01,0.01091538,0.01316739,0.00657666,0.00807197,,,,,71.04,28.96,2.45,69.34,30.66,2.26,52.14,47.86,1.09,2435248.61702,1043949.46176,3112024.12882,1096249.46176,,,,,,,,
2022-05-04,37713,40071.7,37655.2,39684,16546238831.7665,3436020757,3476646804,3181134886,3286181352,0.01,0.01,0.002275,0.01,0.00807197,0.01021143,0.00113756,0.00923865,,,,,78.04,21.96,3.55,75.96,24.04,3.16,50.74,49.26,1.03,2120593.2856,6155767.72845,2734046.1456,8830023.37765,,,,,,,,
2022-05-05,39684.1,39845,35388,36534.7,20301757561.0215,3286181352,3401700303,3146837672,3285814226,0.01,0.01,-0.021323,-0.013527,0.00923865,0.01199187,-0.01560307,-0.0101266,,,,,63.68,36.32,1.75,62.49,37.51,1.67,53.8,46.2,1.17,8635694.72357,3341909.6401,14236392.44287,3777077.8454,,,,,,,,
2022-05-06,36533.7,36679.3,35200,35995.3,15552057704.8356,3285814226,3309812000,3160248641,3217316811,-0.013527,0.01,-0.013527,-0.00527,-0.0101266,0.00791819,-0.01047402,-0.00092682,,,,,79.35,20.65,3.84,78.45,21.55,3.64,51.1,48.9,1.05,6346604.37851,5125898.76783,8024035.02331,6112555.07343,,,,,,,,
2022-05-07,35995.2,36138,34700,35466.7,7129503755.8006,3217316811,3302114174,3186493014,3234430978,-0.00527,0.008788,-0.00767,-0.002754,-0.00092682,0.00633423,-0.00435608,0.00166667,,,,,76.89,23.11,3.33,75.48,24.52,3.08,50.21,49.79,1.01,2806648.87702,1536891.42258,4862819.37442,1919048.21418,,,,,,,,
2022-05-08,35466.7,35504,33665,34032,14706720670.347,3234430978,3281496864,3024418338,3033787063,-0.002754,0.01,-0.002754,0.01,0.00166667,0.00985913,0.0007096,0.00451774,,,,,77.25,22.75,3.4,76.1,23.9,3.18,50.13,49.87,1.01,4581619.46863,3278548.84885,6627220.14363,4488233.67245,,,,,,,,
2022-05-09,34032.1,34243.3,30003.6,30056.6,34581460885.6929,3033787063,3136865248,2569731587,2569731587,0.01,0.01,0.005918,0.01,0.00451774,0.09557946,0.00072025,0.00419534,,,,,74.52,25.48,2.93,74.63,25.37,2.94,51.84,48.16,1.08,19515190.3075,10055750.71703,30037529.7975,13038325.50473,,,,,,,,
2022-05-10,30056,32650,29701.4,31002.1,26996894316.9063,2569731587,2723819576,2479182400,2515071263,0.01,0.01,-0.020399,0.00762,0.00419534,0.00826474,-0.00860857,0.00369188,,,,,74.52,25.48,2.93,74.63,25.37,2.94,51.84,48.16,1.08,14204641.17646,15390202.88278,19050800.76146,19187253.95938,,,,,,,,
2022-05-11,31004.3,32197.6,27651,29074.7,32332360997.5094,2515071263,2603739772,2156335017,2261622720,0.00762,0.01,-0.032746,-0.018713,0.00369188,0.02500753,-0.00662223,0.00066235,,,,,74.52,25.48,2.93,74.63,25.37,2.94,51.84,48.16,1.08,28244792.93423,16111272.75591,38248218.05883,20393917.56721,,,,,,,,
2022-05-12,29077.9,30257,26631,29020.7,27412173589.5661,2261622720,2342203391,1978277172,2071584134,-0.018713,-0.005983,-0.047416,-0.0072,0.00066235,0.00066235,-0.06422377,-0.006887,,,,,70.7,29.3,2.41,71.38,28.62,2.49,51.71,48.29,1.07,15556978.45655,26224899.19813,33241324.12635,32785486.71143,,,,,,,,
2022-05-13,29020.8,31072.6,28730.4,29274.3,15320418256.8582,2071584134,2353285251,2056276748,2226357410,-0.0072,0.01,-0.010417,0.01,-0.006887,0.00204225,-0.01238974,-0.00215647,,,,,61.05,38.95,1.57,62.04,37.96,1.63,52.48,47.52,1.1,9467153.49828,7883127.33264,11646826.17938,9356986.13014,,,,,,,,
2022-05-14,29274.2,30352.2,28602.3,30079.8,9273376631.9736,2226357410,2237769467,2059694121,2111647056,0.01,0.01,0.00396,0.008254,-0.00215647,0.00412497,-0.00753787,-0.00355782,,,,,58.75,41.25,1.42,59.93,40.07,1.5,52.05,47.95,1.09,3399554.77397,4325091.82549,4767143.34817,5331354.40029,,,,,,,,
2022-05-15,30079.5,31462,29448,31324.4,10188366481.7915,2111647056,2301183632,2109633484,2277966725,0.008254,0.01,0.004035,0.01,-0.00355782,0.0062677,-0.00432407,0.00318939,,,,,63.54,36.46,1.74,63.11,36.89,1.71,52.93,47.07,1.12,3057733.25217,4896583.50414,4105548.16487,6296264.37324,,,,,,,,
2022-05-16,31324.3,31327.4,29052.3,29866.7,15147026597.624,2277966725,2312424851,2174406363,2220785681,0.01,0.01,-0.001597,0.01,0.00318939,0.00692499,-0.01133035,0.00312351,,,,,59.19,40.81,1.45,59.14,40.86,1.45,54.83,45.17,1.21,5584547.46238,4215554.41983,8214499.62468,5150728.59653,,,,,,,,
2022-05-17,29866.4,30794,29420,30437,12050118061.8128,2220785681,2426049629,2204072962,2217955951,0.01,0.01,-0.010342,-0.007045,0.00312351,0.00595552,-0.0113285,-0.00965176,,,,,59.89,40.11,1.49,62.13,37.87,1.64,53.83,46.17,1.17,4094898.97652,4327008.16663,5287646.16082,5089549.94783,,,,,,,,
2022-05-18,30437,30700,28629.6,28700.6,12570548508.3278,2217955951,2319354691,2189030891,2237647957,-0.007045,0.003158,-0.007045,-0.000325,-0.00965176,0.00343358,-0.00965176,-0.0004394,,,,,59.87,40.13,1.49,60.21,39.79,1.51,52.55,47.45,1.11,5852128.31263,2026551.86858,9225493.51633,2580957.99388,,,,,,,,
2022-05-19,28700.6,30550,28670.5,30319.9,13312784435.7729,2237647957,2610160013,2232320312,2601040677,-0.000325,0.01,-0.001088,0.01,-0.0004394,0.01086485,-0.00360509,0.00836394,,,,,65.88,34.12,1.93,66.81,33.19,2.01,52.97,47.03,1.13,3425677.4002,6398818.20375,4098525.3468,8866783.21305,,,,,,,,
2022-05-20,30319.9,30784.4,28702,29188.9,14407128938.815,2601040677,2658395819,2342974452,2372000564,0.01,0.01,-0.00227,-0.000251,0.00836394,0.01234615,-0.00109966,0.00383727,,,,,52.76,47.24,1.12,52.97,47.03,1.13,54.17,45.83,1.18,4955639.88879,4102645.44294,7605837.21769,4896905.20344,,,,,,,,
2022-05-21,29188.9,29650,28927,29427.4,5951655563.6753,2372000564,2442062561,2327738108,2328012826,-0.000251,0.005941,-0.002329,0.00241,0.00383727,0.00806264,-0.00493426,0.00291225,,,,,70.21,29.79,2.36,69.7,30.3,2.3,54.12,45.88,1.18,1022038.70123,1564405.31355,1335059.80973,1838444.70715,,,,,,,,
2022-05-22,29427.4,30500,29223.6,30284,8891871709.4287,2328012826,2588269195,2320341896,2533315156,0.00241,0.01,-0.004456,0.01,0.00291225,0.01036052,-0.00451434,0.00461395,,,,,65.01,34.99,1.86,63.78,36.22,1.76,54.45,45.55,1.2,1330085.88041,2108995.02524,1654304.39961,3194774.61984,,,,,,,,
2022-05-23,30284,30658,28840.7,29097.7,14258790828.7205,2533315156,2702723756,2345100016,2394908583,0.01,0.01,-0.012422,-0.012372,0.00461395,0.00925927,-0.01069001,-0.00619516,,,,,54.54,45.46,1.2,54.93,45.07,1.22,55.25,44.75,1.24,5847976.69541,3915959.26002,8936027.52141,4355556.88902,,,,,,,,
2022-05-24,29097.8,29887.3,28637.6,29643.1,11174370074.8793,2394908583,2588677903,2394618195,2452172831,-0.012372,0.01,-0.013867,0.003679,-0.00619516,0.00580586,-0.00903783,0.00031367,,,,,68.66,31.34,2.19,69.12,30.88,2.24,52.83,47.17,1.12,3033062.5151,2536660.36619,4263193.8484,3445851.52849,,,,,,,,
2022-05-25,29643,30246.7,29330,29536.7,12300724862.6765,2452172831,2475925793,2340742212,2350238627,0.003679,0.01,0.001035,0.007434,0.00031367,0.00831475,-0.00153034,0.00066094,,,,,70.24,29.76,2.36,67.73,32.27,2.1,52.59,47.41,1.11,3530412.04813,2653177.25914,4360645.40163,3502484.96744,,,,,,,,
2022-05-26,29536.4,29877,27952.1,29194,17569916995.3364,2350238627,2500689791,2337881665,2394905712,0.007434,0.01,-0.000816,0.01,0.00066094,0.00754872,-0.00798081,0.00439604,,,,,63.93,36.07,1.77,64.05,35.95,1.78,54.55,45.45,1.2,6518378.70606,4656243.11427,10667241.23386,5712747.61907,,,,,,,,
2022-05-27,29194,29387,28259.6,28623.2,14623708755.1449,2394905712,2460781039,2299769713,2364022289,0.01,0.01,0.01,0.01,0.00439604,0.0092716,-0.00165891,0.00175309,,,,,60.28,39.72,1.52,61.22,38.78,1.58,53.01,46.99,1.13,6284555.37738,3383775.97116,8023944.75278,4049311.02596,,,,,,,,
2022-05-28,28623.3,29265.7,28520,29018.8,5592044251.8968,2364022289,2438593633,2344257975,2368246432,0.01,0.01,0.007429,0.01,0.00175309,0.00782728,-0.00300019,0.0003357,,,,,68.55,31.45,2.18,67.94,32.06,2.12,54.14,45.86,1.18,370402.38433,1059263.94403,423008.71063,1659078.76913,,,,,,,,
2022-05-29,29018.8,29595.2,28825,29452.8,6278707924.1608,2368246432,2586330310,2344986891,2537072032,0.01,0.01,0.008325,0.01,0.0003357,0.00803639,-0.00227816,0.00123746,,,,,63.3,36.7,1.73,61.51,38.49,1.6,54.02,45.98,1.18,858406.36942,1466886.5437,1084068.80542,2201464.9144,,,,,,,,
2022-05-30,29452.6,32307.6,29301.1,31726.5,15458283942.4359,2537072032,2944451941,2521124273,2774053356,0.01,0.01,0.01,0.01,0.00123746,0.00928397,-0.00295431,0.00624422,,,,,58.87,41.13,1.43,58.31,41.69,1.4,54.22,45.78,1.18,2693750.04169,5742231.57448,3261444.57089,9263447.47098,,,,,,,,
2022-05-31,31726.6,32427.5,31222,31797.8,12176854292.338,2774053356,2897712630,2763736587,2798122422,0.01,0.01,0.01,0.01,0.00624422,0.01236028,-0.00028402,0.00115291,,,,,55.82,44.18,1.26,54.66,45.34,1.21,54.78,45.22,1.21,2614816.32879,3046836.38675,4129677.65669,4065361.70045,,,,,,,,
2022-06-01,31797.9,31986.1,29300,29796.9,17125663396.1078,2798122422,2832284640,2471004851,2488869794,0.01,0.01,-0.008341,-0.001494,0.00115291,0.03328733,-0.00531258,-0.0051524,,,,,54.99,45.01,1.22,56.51,43.49,1.3,55.51,44.49,1.25,6691225.5434,3243823.28588,11776478.0716,3678481.85568,,,,,,,,
2022-06-02,29796.9,30750,29566.1,30437.1,11141127972.6767,2488869794,2642443423,2432586960,2567741113,-0.001494,0.01,-0.003459,-0.003392,-0.0051524,0.00239801,-0.00837365,-0.00511288,,,,,66.25,33.75,1.96,67.49,32.51,2.08,54.45,45.55,1.2,3115426.53736,3212372.12044,3584568.72176,3770021.62974,,,,,,,,
2022-06-03,30437.1,30693.2,29220,29682.8,10662393229.6862,2567741113,2633261374,2484526562,2484945280,-0.003392,0.007865,-0.003406,0.00027,-0.00511288,0.00714673,-0.00638569,0.00191908,,,,,60.78,39.22,1.55,59.53,40.47,1.47,53.43,46.57,1.15,4226324.26232,1973053.20837,5647978.97932,2370544.57207,,,,,,,,
2022-06-04,29682.9,29988,29456,29848.4,5568105995.7718,2484945280,2522307727,2447263520,2463928963,0.00027,0.006917,-0.001961,0.00434,0.00191908,0.0039279,-0.00557945,-0.00311893,,,,,69.14,30.86,2.24,68.15,31.85,2.14,53.7,46.3,1.16,1147427.17168,991648.16638,1338666.88978,1222300.24838,,,,,,,,
2022-06-05,29848.5,30250,29524,29909.9,6129192074.3749,2463928963,2490740757,2443622526,2481053154,0.00434,0.01,0.001315,0.006028,-0.00311893,0.00655161,-0.00498415,0.00330537,,,,,66.79,33.21,2.01,65.08,34.92,1.86,53.54,46.46,1.15,1857369.15288,1417398.12632,2299604.74888,1660794.78582,,,,,,,,
2022-06-06,29910,31780,29876.2,31361.2,13623531364.2654,2481053154,3020942579,2480223507,3005009111,0.006028,0.01,0.003198,0.01,0.00330537,0.00740254,-0.00093814,0.00680859,,,,,63.85,36.15,1.77,62.92,37.08,1.7,53.48,46.52,1.15,1940768.26398,4898049.61378,2290416.34838,6651986.05338,,,,,,,,
2022-06-07,31361.2,31599,29190,31118.1,20937973848.8147,3005009111,3005009111,2429195944,2686181907,0.01,0.01,-0.011684,0.01,0.00680859,0.01138275,-0.0116971,0.00709826,,,,,45.56,54.44,0.84,47.1,52.9,0.89,54.48,45.52,1.2,8227493.72197,8170605.90487,12999852.56047,10568058.53507,,,,,,,,
2022-06-08,31118,31325,29825,30192.5,13868010628.6414,2686181907,2779865098,2407080856,2410779384,0.01,0.01,-0.008302,0.01,0.00709826,0.00849017,-0.00100452,0.00333926,,,,,50.18,49.82,1.01,52.55,47.45,1.11,54.88,45.12,1.22,4959140.05839,3462471.8077,6582252.22479,4510009.4197,,,,,,,,
2022-06-09,30192.6,30691.9,29914.5,30093.3,9290696501.0298,2410779384,2572864203,2407218237,2546216833,0.01,0.01,0.007528,0.01,0.00333926,0.00761396,-0.00074324,0.00684695,,,,,61.83,38.17,1.62,62.63,37.37,1.68,54.27,45.73,1.19,2756716.69687,1996179.60663,3466019.53437,2268306.63553,,,,,,,,
2022-06-10,30093.4,30374.1,28805,29077.7,13178646711.8252,2546216833,2611509473,2446008453,2558196146,0.01,0.01,0.001515,0.001722,0.00684695,0.00862437,-0.00080629,0.00257307,,,,,67.25,32.75,2.05,66.19,33.81,1.96,52.99,47.01,1.13,4358152.93329,2769828.74036,5874882.36879,3254739.00326,,,,,,,,
2022-06-11,29077.7,29427.9,28080,28416.7,11233492907.4353,2558196146,2631543841,2535189522,2550454684,0.001722,0.01,-0.000159,0.01,0.00257307,0.00994979,-0.00342799,0.00777259,,,,,73.11,26.89,2.72,71.87,28.13,2.56,52.34,47.66,1.1,7282173.02514,2813205.30199,9724706.65654,3480973.19049,,,,,,,,
2022-06-12,28416.6,28530.3,26538.7,26564.7,15461557787.3778,2550454684,2572488682,2285011835,2285011835,0.01,0.01,-0.000788,0.005647,0.00777259,0.00878136,-0.00222686,0.00336137,,,,,72.54,27.46,2.64,70.93,29.07,2.44,53.26,46.74,1.14,7285337.50749,3517472.95793,12344828.81979,4331919.75793,,,,,,,,
2022-06-13,26563.2,26877,21900,22471.5,39288873196.2687,2285011835,2320067933,1825044976,1859058439,0.005647,0.01,-0.006211,0.004124,0.00336137,0.00766081,-0.02129367,-0.00986467,,,,,70.29,29.71,2.37,69.77,30.23,2.31,53.97,46.03,1.17,22305824.51785,12389233.29511,40659493.13575,17022627.37541,,,,,,,,
2022-06-14,22471.4,23424.2,20823,22122.7,27599198559.4257,1859058439,1967424686,1742386209,1854236366,0.004124,0.004334,-0.021251,-0.002079,-0.00986467,0.00405899,-0.02978698,-0.0118995,,,,,63.14,36.86,1.71,65.67,34.33,1.91,55.47,44.53,1.25,15756273.90036,14425203.33877,21196890.82696,18565567.61847,,,,,,,,
2022-06-15,22122.7,22800,20100.2,22567.5,32005191813.2904,1854236366,1940497744,1722275239,1899620290,-0.002079,0.008239,-0.009264,-0.004061,-0.0118995,0.0031448,-0.03138846,-0.00287485,,,,,62.46,37.54,1.66,62.86,37.14,1.69,52.63,47.37,1.11,14654150.52278,14494723.35474,20632755.71638,19185830.72684,,,,,,,,
2022-06-16,22567.5,23000,20222,20387.4,18808608020.8609,1899620290,1955160896,1783451824,1834968782,-0.004061,0.006434,-0.007217,-0.002222,-0.00287485,0.00356802,-0.01498045,-0.00112763,,,,,62.62,37.38,1.68,62.93,37.07,1.7,50.94,49.06,1.04,11103653.10359,6291231.47306,14984029.53229,7220133.19686,,,,,,,,
2022-06-17,20387.3,21388,20228,20457.3,16085779683.7317,1834968782,1944653049,1815513460,1926756102,-0.002222,0.01,-0.01728,0.0074,-0.00112763,0.00355226,-0.01887179,0.00270229,,,,,70.61,29.39,2.4,71.36,28.64,2.49,51.46,48.54,1.06,6709146.40005,7201989.65011,8076331.24765,7967851.99661,,,,,,,,
2022-06-18,20457.2,20768.4,17593.2,18959.7,24036954177.4142,1926756102,1958609836,1690092129,1714716220,0.0074,0.01,-0.01492,0.004111,0.00270229,0.00722143,-0.02240338,0.00175794,,,,,73.29,26.71,2.74,70.42,29.58,2.38,50.4,49.6,1.02,12883090.97853,7639145.7518,21209987.07463,12082874.7012,,,,,,,,
2022-06-19,18959.6,20821,17935.9,20564.2,21071989487.2285,1714716220,1952880520,1678696269,1873130590,0.004111,0.01,-0.013435,0.000829,0.00175794,0.00402792,-0.01644605,-0.00086163,,,,,60.84,39.16,1.55,63.06,36.94,1.71,53.32,46.68,1.14,8477863.75226,10215712.37033,10494139.43116,14097049.88913,,,,,,,,
2022-06-20,20564.3,21099.9,19630,20570.1,19051072349.0899,1873130590,2002645239,1798733943,1890316579,0.000829,0.01,-0.001423,0.01,-0.00086163,0.00941724,-0.0077728,0.008842,,,,,55.15,44.85,1.23,54.58,45.42,1.2,53.04,46.96,1.13,9565649.69451,8659868.67564,11610377.31281,11106183.52634,,,,,,,,
2022-06-21,20570,21740,20337.8,20713.1,16254874044.9492,1890316579,2127801373,1887985569,1937579226,0.01,0.01,-0.002147,0.0001,0.008842,0.01738807,-0.01119353,-0.00073506,,,,,51.13,48.87,1.05,54.27,45.73,1.19,53.15,46.85,1.13,5242885.60502,4846090.57382,6832033.49292,6506493.48422,,,,,,,,
2022-06-22,20713.1,20888,19745.7,19977.4,16480282224.607,1937579226,1993718469,1847465758,1880128833,0.0001,0.004389,-0.006681,-0.000917,-0.00073506,0.00366266,-0.00865395,-0.00199982,,,,,51.76,48.24,1.07,53.87,46.13,1.17,53.1,46.9,1.13,6694484.47,4051325.16964,8747774.4248,5033971.46084,,,,,,,,
2022-06-23,19977.5,21250,19874,21096.6,14370395639.4068,1880128833,2043419351,1871604713,2022512561,-0.000917,0.006184,-0.004045,0.006043,-0.00199982,0.00367725,-0.00941756,0.00296491,,,,,55.67,44.33,1.26,57.69,42.31,1.36,52.7,47.3,1.11,2887786.86816,4668054.23444,3421419.44616,6036979.18884,,,,,,,,
2022-06-24,21096.6,21563.5,20732.5,21231.2,13619101930.9141,2022512561,2136826558,1997034544,2019772220,0.006043,0.01,0.002273,0.002544,0.00296491,0.00971019,-0.00629553,-0.00100576,,,,,49.61,50.39,0.99,50.57,49.43,1.02,53.51,46.49,1.15,4092102.00705,5003805.98583,4801259.47085,6180577.02643,,,,,,,,
2022-06-25,21231.2,21627.6,20894,21481.9,9225509616.2137,2019772220,2167076818,1999540569,2167076818,0.002544,0.01,0.002544,0.01,-0.00100576,0.00680122,-0.00263322,0.00322478,,,,,48.93,51.07,0.96,52.15,47.85,1.09,53.63,46.37,1.16,2534368.21345,3185740.44344,3038054.92615,3792731.45204,,,,,,,,
2022-06-26,21480.2,21888,20952,21029.1,9466245575.583,2167076818,2247025849,2019968276,2033955392,0.01,0.01,-0.001725,0.00781,0.00322478,0.00424549,-0.00695646,0.00354721,,,,,46.97,53.03,0.89,50.22,49.78,1.01,52.92,47.08,1.12,2067464.72818,1938584.76128,2721433.31298,2178515.97848,,,,,,,,
2022-06-27,21029,21560,20500,20730,11317767152.5357,2033955392,2137495542,1985348795,1993124781,0.00781,0.01,-0.002557,-0.002557,0.00354721,0.00828912,-0.00489669,-0.00254912,,,,,52.39,47.61,1.1,55.08,44.92,1.23,52.25,47.75,1.09,3385219.05681,1883256.63922,4546431.42461,2114814.32662,,,,,,,,
2022-06-28,20730,21198,20188,20268.6,12071446065.6482,1993124781,2192973501,1978775793,2007280289,-0.002557,0.007124,-0.008066,0.004166,-0.00254912,0.00425817,-0.00767027,0.00307781,,,,,55.17,44.83,1.23,56.28,43.72,1.29,52.11,47.89,1.09,4015978.63801,1860741.24833,5513991.26701,2110664.06453,,,,,,,,
2022-06-29,20268.7,20430,19817.2,20109.9,12248472566.1615,2007280289,2113737030,1969287110,1974747876,0.004166,0.01,-0.000958,0.000324,0.00307781,0.00761639,-0.00408454,0.00018622,,,,,61.31,38.69,1.59,61.69,38.31,1.61,52.74,47.26,1.12,3055929.01102,2437415.29867,4211786.29412,2851185.97107,,,,,,,,
2022-06-30,20109.9,20165,18563,19923.5,16542775867.5454,1974747876,2007875851,1837985057,1862914289,0.000324,0.000324,-0.016653,-0.00864,0.00018622,0.00081118,-0.01306421,-0.004522,,,,,62.44,37.56,1.66,61.88,38.12,1.62,53.02,46.98,1.13,3840174.33705,4546604.15971,6627380.07735,5580241.20721,,,,,,,,
2022-07-01,19923.3,20926.4,18948.8,19272,17965019425.624,1862914289,1907136403,1743043851,1748872634,-0.00864,0.005628,-0.013324,-0.003003,-0.004522,0.00474612,-0.03924146,0.00151208,,,,,62.84,37.16,1.69,61.87,38.13,1.62,51.96,48.04,1.08,5689620.71527,3793893.63747,8652645.85477,5440836.99587,,,,,,,,
2022-07-02,19272,19456,18959,19240.9,7358604597.6984,1748872634,1821634612,1748872634,1808097312,-0.003003,0.005641,-0.003003,0.003606,0.00151208,0.00749696,-0.0021536,0.00384435,,,,,61.69,38.31,1.61,62.96,37.04,1.7,53.13,46.87,1.13,1552313.85388,2832816.63869,1973062.61108,3064235.08809,,,,,,,,
2022-07-03,19241,19645.4,18780.1,19305.9,8620365837.2969,1808097312,1881229409,1750261531,1824166546,0.003606,0.009242,0.001897,0.007806,0.00384435,0.00928831,0.00127928,0.00395059,,,,,62.4,37.6,1.66,62.29,37.71,1.65,52.24,47.76,1.09,2820757.90472,1808257.82004,3371662.47962,2461140.90494,,,,,,,,
2022-07-04,19306,20350,19046.3,20226.6,12443129821.0529,1824166546,2082480330,1812629451,2068394326,0.007806,0.008516,-0.003306,0.005429,0.00395059,0.00408834,-0.00489244,-0.0002259,,,,,62.15,37.85,1.64,62.14,37.86,1.64,52.34,47.66,1.1,2689468.3108,3107542.95596,3224902.2176,4548170.71536,,,,,,,,
2022-07-05,20226.3,20749.2,19291.6,20170,17049243457.6069,2068394326,2113448303,1905194957,2018347606,0.005429,0.01,-0.010888,0.01,-0.0002259,0.00656817,-0.00981775,0.0057234,,,,,53.13,46.87,1.13,53.11,46.89,1.13,52.64,47.36,1.11,5386558.91158,5264672.31289,6994966.35468,7037254.27539,,,,,,,,
2022-07-06,20170.1,20667.6,19753,20554.1,13762652212.945,2018347606,2114339174,1997963746,2112379341,0.01,0.01,0.001402,0.005274,0.0057234,0.00756836,-0.00083908,0.00327856,,,,,48.1,51.9,0.93,52.55,47.45,1.11,53.63,46.37,1.16,6381135.76398,4468235.70744,7184782.90668,5300071.75494,,,,,,,,
2022-07-07,20554.2,21830,20244.9,21613.4,14660960390.8659,2112379341,2519485710,2098481287,2515183169,0.005274,0.01,-0.000172,0.000138,0.00327856,0.0117253,-0.00544444,-0.00385763,,,,,47.82,52.18,0.92,49.89,50.11,1.0,53.18,46.82,1.14,1951575.21938,6459382.89272,2267300.77448,8887092.68902,,,,,,,,
2022-07-08,21614.5,22579.9,21175.2,21587.9,18439357471.9522,2515183169,2629006955,2252624912,2365505800,0.000138,0.01,-0.000008,0.01,-0.00385763,0.00974726,-0.00840846,0.00322557,,,,,39.32,60.68,0.65,41.51,58.49,0.71,52.3,47.7,1.1,6537958.34195,4207001.44218,7947309.04695,5842706.24148,,,,,,,,
2022-07-09,21587.8,22000,21309.6,21580,8499050658.657,2365505800,2432782295,2323677261,2359791976,0.01,0.01,0.00597,0.009962,0.00322557,0.0035646,-0.00160119,0.00140172,,,,,44.65,55.35,0.81,48.32,51.68,0.94,53.35,46.65,1.14,2413489.57792,1541295.47474,2982885.66792,1846494.31384,,,,,,,,
2022-07-10,21580,21594.2,20600,20853.8,9865100051.741,2359791976,2362784031,2160181370,2177726262,0.009962,0.01,0.002878,0.004571,0.00140172,0.00495854,-0.00295088,-0.00045034,,,,,49.28,50.72,0.97,50.64,49.36,1.03,53.63,46.37,1.16,2826502.66154,1535364.37199,4113971.39854,1766781.38819,,,,,,,,
2022-07-11,20853.8,20853.9,19870,19954.3,11465359648.3349,2177726262,2206929805,2068677705,2095860300,0.004571,0.01,0.00447,0.008003,-0.00045034,0.0073179,-0.00103384,0.00595525,,,,,55.91,44.09,1.27,58.57,41.43,1.41,52.78,47.22,1.12,3925780.23687,3073131.21455,5727066.60567,3484686.39505,,,,,,,,
2022-07-12,19954.2,20048.9,19228.3,19322.9,12630902358.2968,2095860300,2232981604,2049720388,2059170480,0.008003,0.01,-0.003888,-0.001306,0.00595525,0.00936578,-0.00418655,0.00103922,,,,,59.09,40.91,1.44,61.86,38.14,1.62,52.84,47.16,1.12,5886322.45581,2412909.91795,8312975.50301,2950096.67645,,,,,,,,
2022-07-13,19321.6,20401.6,18901,20220.1,19094381992.5733,2059170480,2208430725,2053934537,2117285905,-0.001306,0.008645,-0.002245,0.000188,0.00103922,0.00511355,-0.00450716,-0.00027514,,,,,61.73,38.27,1.61,62.93,37.07,1.7,53.27,46.73,1.14,4207931.03044,7366347.55409,5564745.74694,9366778.99719,,,,,,,,
2022-07-14,20220,20900,19600,20578.6,15456040474.4225,2117285905,2290489338,2104070666,2252595736,0.000188,0.01,-0.00263,0.009288,-0.00027514,0.00653271,-0.01064541,0.00269862,,,,,57.07,42.93,1.33,55.15,44.85,1.23,52.45,47.55,1.1,4154040.33867,6705931.68915,4784040.89937,8863236.85365,,,,,,,,
2022-07-15,20578.1,21200,20364.3,20823.1,13039596593.1221,2252595736,2429961052,2199261097,2339475654,0.009288,0.009288,0.001032,0.006038,0.00269862,0.00595673,-0.0064242,0.00310108,,,,,50.12,49.88,1.01,51.72,48.28,1.07,53.22,46.78,1.14,3505539.88165,4785437.37764,3833622.80455,5855083.04324,,,,,,,,
2022-07-16,20823.1,21580,20471,21183.5,11317467802.3553,2339475654,2501744763,2280161295,2362278769,0.006038,0.01,0.00035,0.008038,0.00310108,0.00524221,-0.006366,0.00311886,,,,,46.12,53.88,0.86,48.58,51.42,0.95,52.79,47.21,1.12,4377932.26146,3509306.5884,5280040.92796,4557715.5348,,,,,,,,
2022-07-17,21183.6,21674.1,20742,20794.4,10304113818.7015,2362278769,2551675184,2331916413,2340327557,0.008038,0.01,0.006057,0.01,0.00311886,0.00876762,0.00073926,0.00756871,,,,,45.18,54.82,0.82,48.02,51.98,0.92,53.65,46.35,1.16,3074914.85328,2760859.91321,3979261.57808,3358079.81001,,,,,,,,
2022-07-18,20794.5,22800,20764.4,22423.9,21575885951.204,2340327557,2725997115,2334543022,2449519255,0.01,0.01,0.000664,0.01,0.00756871,0.00963323,0.00306841,0.00871035,,,,,46.15,53.85,0.86,50.64,49.36,1.03,54.07,45.93,1.18,8009777.25601,12117307.28761,10337865.93861,15451093.24431,,,,,,,,
2022-07-19,22423.5,23817.9,21575,23385.9,25467288590.7255,2449519255,2973190484,2318484957,2788539511,0.01,0.01,0.01,0.01,0.00871035,0.01074212,-0.00321833,0.00620824,,,,,48.32,51.68,0.94,49.55,50.45,0.98,55.2,44.8,1.23,7529993.4322,9095390.23623,9309461.9389,12007986.59483,,,,,,,,
2022-07-20,23386,24277,22912.4,23221.5,22324396697.0552,2788539511,2981104582,2591251878,2609013855,0.01,0.01,0.005128,0.01,0.00620824,0.00982521,0.00014321,0.009002,,,,,39.23,60.77,0.65,43.33,56.67,0.77,54.59,45.41,1.2,9269257.98348,8231819.22606,11501221.89048,10798581.69316,,,,,,,,
2022-07-21,23221.5,23441.1,22340.2,23144.5,16550696874.3579,2609013855,2704779308,2528981666,2605771580,0.01,0.01,0.01,0.01,0.009002,0.01068992,-0.0012123,0.00235708,,,,,45.08,54.92,0.82,48.67,51.33,0.95,54.91,45.09,1.22,5452901.77304,5374044.14438,7721187.99084,6156352.99258,,,,,,,,
2022-07-22,23144.5,23750,22500,22675.1,14690323345.0613,2605771580,2811971089,2587729103,2655043830,0.01,0.01,0.003462,0.009097,0.00235708,0.00997889,-0.00233725,0.00501658,,,,,48.95,51.05,0.96,50.76,49.24,1.03,54.92,45.08,1.22,4618463.63183,4067638.70001,5550218.25163,5404906.68101,,,,,,,,
2022-07-23,22675,22990,21933.5,22440.2,11348074454.4002,2655043830,2749891040,2644845344,2644845344,0.009097,0.01,-0.000585,0.00377,0.00501658,0.00863973,-0.00193608,0.00384025,,,,,52.81,47.19,1.12,53.74,46.26,1.16,54.43,45.57,1.19,3484170.32456,1916364.03297,4761582.49556,2285144.98557,,,,,,,,
2022-07-24,22440.1,22999,22256.4,22570.6,10484072849.8361,2644845344,2692643311,2576975597,2608846475,0.00377,0.01,0.003615,0.01,0.00384025,0.0065633,-0.00221198,0.00503141,,,,,55.22,44.78,1.23,55.66,44.34,1.26,53.63,46.37,1.16,3659434.60985,2876987.90045,3931147.40305,3632040.09585,,,,,,,,
2022-07-25,22570.6,22656.8,21232,21300,15238885333.8019,2608846475,2620807645,2327236202,2340177420,0.01,0.01,-0.001596,0.01,0.00503141,0.00722099,-0.00231325,0.00600777,,,,,51.17,48.83,1.05,51.53,48.47,1.06,54.28,45.72,1.19,7536015.14463,2368502.27863,10602276.26973,2794300.44543,,,,,,,,
2022-07-26,21299.9,21334.4,20689.6,21241,11606103960.1293,2340177420,2405943693,2264387081,2362270255,0.01,0.01,-0.000047,0.004603,0.00600777,0.0082484,-0.00204425,0.00358688,,,,,60.48,39.52,1.53,62.21,37.79,1.65,53.78,46.22,1.16,4901806.60144,2918296.55077,5887031.09054,3343211.92247,,,,,,,,
2022-07-27,21241,23100,21031,22941.1,16526358874.1876,2362270255,2624625999,2340523166,2613042357,0.004603,0.009388,-0.005063,0.009229,0.00358688,0.00625852,-0.00976799,0.00556845,,,,,59.94,40.06,1.5,59.44,40.56,1.47,53.22,46.78,1.14,2369935.19562,6947459.43674,2836043.77342,10356299.49694,,,,,,,,
2022-07-28,22941.1,24194.6,22583.1,23836.2,17663701558.4699,2613042357,2753296168,2528397487,2703834152,0.009229,0.01,0.007794,0.01,0.00556845,0.01120256,-0.00316498,0.00676083,,,,,46.56,53.44,0.87,46.59,53.41,0.87,53.53,46.47,1.15,5118407.85124,8517330.44192,5916885.14234,12969583.87632,,,,,,,,
2022-07-29,23836.2,24500,23426.3,23771.1,15332923929.2813,2703834152,2809791577,2682754410,2694566599,0.01,0.01,0.01,0.01,0.00676083,0.01147538,0.00331763,0.00628478,,,,,42.59,57.41,0.74,46.04,53.96,0.85,54.59,45.41,1.2,4673125.54851,5142400.94979,5345708.23191,6454875.54909,,,,,,,,
2022-07-30,23771,24700,23505,23629.9,11885841388.898,2694566599,3069094344,2680927806,2763229271,0.01,0.01,0.01,0.01,0.00628478,0.00805782,-0.00030123,0.00382174,,,,,41.53,58.47,0.71,46.93,53.07,0.88,55.28,44.72,1.24,2802732.4281,3412109.31075,4172634.8164,4176270.18835,,,,,,,,
2022-07-31,23630,24187.3,23222,23290.1,9140167290.9074,2763229271,2793460730,2637860065,2641652273,0.01,0.01,0.005493,0.01,0.00382174,0.00618247,-0.00164216,0.00371919,,,,,43.63,56.37,0.77,48.1,51.9,0.93,54.97,45.03,1.22,4042816.92588,2105372.63752,4682651.99828,2647925.46452,,,,,,,,
2022-08-01,23290,23497,22836.2,23257.6,11544269103.7497,2641652273,2761860159,2606378134,2607663772,0.01,0.01,0.005503,0.01,0.00371919,0.00808635,0.00169,0.00761061,,,,,47.64,52.36,0.91,50.57,49.43,1.02,54.94,45.06,1.22,4440461.10354,2804235.38686,6915025.30354,3231522.76746,,,,,,,,
2022-08-02,23257.6,23448.7,22603,22975.1,14357929370.548,2607663772,2704671596,2518511950,2576282052,0.01,0.01,0.000302,0.000318,0.00761061,0.00856868,-0.00447075,0.00066101,,,,,50.01,49.99,1.0,52.2,47.8,1.09,54.89,45.11,1.22,6578953.12485,3261203.20757,7714990.04725,3574351.72127,,,,,,,,
2022-08-03,22975.1,23650,22665.3,22801.5,13200027745.604,2576282052,2891375074,2518672528,2616407636,0.000318,0.007981,-0.005338,-0.00011,0.00066101,0.00537958,-0.00470703,-0.00171304,,,,,53.86,46.14,1.17,55.88,44.12,1.27,54.45,45.55,1.2,4970313.88859,3679808.81052,5832662.60669,4236012.64552,,,,,,,,
2022-08-04,22801.5,23211.3,22370,22608.9,12513570745.0835,2616407636,2631738304,2501164902,2532287213,-0.00011,0.004264,-0.008184,0.001692,-0.00171304,0.00420587,-0.00850386,-0.00038225,,,,,57.11,42.89,1.33,58.59,41.41,1.42,54.22,45.78,1.18,3508598.29857,2479361.70724,4408842.76407,2644055.90114,,,,,,,,
2022-08-05,22609,23450,22580.6,23298.1,13714485332.8259,2532287213,2662682023,2469618134,2488830595,0.001692,0.01,-0.003318,0.006826,-0.00038225,0.0069612,-0.00610573,0.00265126,,,,,63.15,36.85,1.71,63.17,36.83,1.72,54.03,45.97,1.18,2954428.53699,4087840.23168,3481880.69599,5540209.81948,,,,,,,,
2022-08-06,23298,23341.8,22883.6,22943.3,5271035261.1843,2488830595,2582868572,2483215117,2526199464,0.006826,0.01,0.004961,0.01,0.00265126,0.00670071,-0.0023305,0.00585672,,,,,56.34,43.66,1.29,56.81,43.19,1.32,54.54,45.46,1.2,1272002.61344,499475.23136,2045150.50594,542968.05356,,,,,,,,
2022-08-07,22943.2,23400,22830.9,23167.8,6265946594.0818,2526199464,2607798696,2506503806,2545939088,0.01,0.01,-0.001807,0.01,0.00585672,0.00585672,-0.00296337,0.00333305,,,,,57.93,42.07,1.38,61.31,38.69,1.59,54.35,45.65,1.19,1086354.53386,2035621.26052,1442479.52276,2245010.79152,,,,,,,,
2022-08-08,23167.9,24243,23153.1,23804.4,13484151781.4672,2545939088,3013860692,2545329218,2803738040,0.01,0.01,0.002366,0.01,0.00333305,0.00683904,-0.00074592,0.00299073,,,,,57.42,42.58,1.35,58.16,41.84,1.39,54.65,45.35,1.21,3245753.56621,3852982.40972,4022693.30401,5311415.55732,,,,,,,,
2022-08-09,23804.3,23913.4,22850,23140.2,11633660087.6331,2803738040,2804156464,2624816987,2681588822,0.01,0.01,-0.001334,-0.001334,0.00299073,0.00809732,-0.00121942,0.00094054,,,,,50.48,49.52,1.02,53.12,46.88,1.13,55.05,44.95,1.23,5367639.98117,2220299.93637,7839478.71147,2262390.63547,,,,,,,,
2022-08-10,23140.1,24235.2,22608,23940.9,17918594281.6267,2681588822,2803274015,2564447740,2681577208,-0.001334,0.01,-0.004263,0.007199,0.00094054,0.00892082,-0.00444363,0.00482338,,,,,67.51,32.49,2.08,67.35,32.65,2.06,53.23,46.77,1.14,4097980.60714,4652914.32797,5371741.27974,5842763.22547,,,,,,,,
2022-08-11,23941,24972,23840.6,23917.2,18525663152.1761,2681577208,3053343157,2671522527,2798072678,0.007199,0.01,0.003002,0.009154,0.00482338,0.00903424,0.00102831,0.00625646,,,,,54.3,45.7,1.19,56.14,43.86,1.28,53.74,46.26,1.16,5633928.14092,5600187.59551,7077303.62872,6699370.36041,,,,,,,,
2022-08-12,23917.3,24438.8,23560,24387.5,11443071833.1977,2798072678,2864394060,2721272069,2833209705,0.009154,0.009154,-0.00423,-0.003546,0.00625646,0.00757732,-0.0018001,0.00273255,,,,,52.81,47.19,1.12,57.05,42.95,1.33,54.53,45.47,1.2,2713862.74505,3064783.27613,3341392.93845,3794884.75383,,,,,,,,
2022-08-13,24387.5,24879,24267.5,24429,10575940055.0417,2833209705,3015973839,2830523748,2929011450,-0.003546,0.01,-0.005618,0.002396,0.00273255,0.00832106,-0.0002081,0.00067032,,,,,55.06,44.94,1.23,55.59,44.41,1.25,53.23,46.77,1.14,2849015.41619,3337011.52158,3184167.16409,3972128.76258,,,,,,,,
2022-08-14,24429,25065,24138,24294.1,10730023120.8469,2929011450,3107313779,2749169435,2774024821,0.002396,0.004173,-0.004105,-0.003803,0.00067032,0.00432621,-0.00267376,0.00154878,,,,,48.2,51.8,0.93,52.57,47.43,1.11,54.34,45.66,1.19,3393195.80837,3773469.82229,4024305.19597,4234356.38669,,,,,,,,
2022-08-15,24294.1,25200,23762,24085.2,17990309113.6225,2774024821,2975078416,2596355837,2611653156,-0.003803,0.008554,-0.007987,0.003334,0.00154878,0.00640475,-0.00132157,0.00463468,,,,,55.06,44.94,1.23,57.27,42.73,1.34,53.49,46.51,1.15,6647108.63377,6414776.86869,8794248.03787,7690544.96429,,,,,,,,
2022-08-16,24085.2,24234,23650,23843,11024461409.4361,2611653156,2655429530,2551128321,2605277162,0.003334,0.004933,-0.003776,0.000496,0.00463468,0.00951975,0.00180223,0.00394925,,,,,61.23,38.77,1.58,61.48,38.52,1.6,53.02,46.98,1.13,4153947.90326,1789365.78888,4716580.19086,1935143.83538,,,,,,,,
2022-08-17,23843,24437,23170,23333.1,15181290969.5181,2605277162,2741772136,2562774214,2734282013,0.000496,0.01,-0.003782,0.008309,0.00394925,0.00957764,-0.00034074,0.00506505,,,,,64.75,35.25,1.84,64.49,35.51,1.82,53.23,46.77,1.14,5034738.76762,3337289.41862,6900829.64142,3634141.30412,,,,,,,,
2022-08-18,23333.2,23595,23101,23185.1,8142187851.9098,2734282013,2784492663,2681330890,2697890906,0.008309,0.01,0.005066,0.01,0.00506505,0.00790524,0.0016536,0.00674166,,,,,69.5,30.5,2.28,69.0,31.0,2.23,53.27,46.73,1.14,3232597.74079,1390076.86852,4129134.34819,1464805.70182,,,,,,,,
2022-08-19,23185,23200,20760,20824.9,19154017944.5191,2697890906,2715603115,2252441718,2271553909,0.01,0.01,-0.009999,0.001104,0.00674166,0.00674166,-0.0058793,0.00013963,,,,,66.59,33.41,1.99,65.66,34.34,1.91,54.14,45.86,1.18,9872581.82065,3946701.5757,21056523.35385,4585394.6137,,,,,,,,
2022-08-20,20825,21368.9,20742.9,21127.8,10355400930.6531,2271553909,2406549725,2264442106,2290178071,0.001104,0.001803,-0.006934,-0.001957,0.00013963,0.00077404,-0.01426355,-0.00041785,,,,,66.79,33.21,2.01,70.0,30.0,2.33,52.28,47.72,1.1,2671635.08339,2654486.35295,3331570.85679,3220552.79695,,,,,,,,
2022-08-21,21127.7,21804.6,21055,21505.6,9072410297.6218,2290178071,2419799454,2289094568,2353240112,-0.001957,-0.000862,-0.008546,-0.008092,-0.00041785,0.00537868,-0.00823274,-0.005563,,,,,68.45,31.55,2.17,66.34,33.66,1.97,52.19,47.81,1.09,2186497.39216,3352872.84313,2587975.98516,4064112.38063,,,,,,,,
2022-08-22,21505.6,21550,20858.6,21387,12489021314.5137,2353240112,2374533090,2249092116,2326331158,-0.008092,0.005836,-0.008094,-0.003345,-0.005563,0.00537086,-0.00857093,0.00044406,,,,,67.09,32.91,2.04,64.1,35.9,1.79,51.5,48.5,1.06,3384861.55562,2777890.39789,4291527.52992,3281433.45969,,,,,,,,
2022-08-23,21387.1,21667.2,20874.8,21518.2,13029819507.7061,2326331158,2406112905,2272392886,2367933889,-0.003345,0.005875,-0.003588,0.002546,0.00044406,0.00230198,-0.0050069,-0.00179887,,,,,68.26,31.74,2.15,66.58,33.42,1.99,51.56,48.44,1.06,2103918.15698,3514647.40711,2611110.21608,4440062.85761,,,,,,,,
2022-08-24,21518.2,21925.6,21132.3,21354.9,10794910608.4544,2367933889,2500633987,2309166409,2379476540,0.002546,0.002569,-0.005298,0.000185,-0.00179887,0.00319264,-0.00523911,-0.00460644,,,,,68.26,31.74,2.15,66.58,33.42,1.99,51.56,48.44,1.06,3002525.88634,4284084.97543,3733706.54024,4605217.09133,,,,,,,,
2022-08-25,21355,21810.9,21295.3,21548.3,8975687258.9804,2379476540,2489012810,2344363490,2407122326,0.000185,0.004976,-0.00531,-0.00164,-0.00460644,0.00397681,-0.00958454,0.00181015,,,,,68.26,31.74,2.15,66.58,33.42,1.99,51.56,48.44,1.06,1879256.12962,1682304.29444,2191792.94662,1906038.08594,,,,,,,,
2022-08-26,21548.3,21867.6,20100,20228.7,18922547131.0857,2407122326,2503732054,2352883468,2371099908,-0.00164,0.01,-0.003747,-0.002808,0.00181015,0.00735958,-0.00380989,-0.00204215,,,,,62.23,37.77,1.65,61.54,38.46,1.6,51.03,48.97,1.04,7550656.82214,2725147.85604,11570896.72244,3234535.26994,,,,,,,,
2022-08-27,20228.7,20367.7,19744,20023.9,9428715981.086,2382416282,2408677281,2354185688,2389363322,-0.002808,0.000177,-0.009246,-0.001396,-0.00204215,0.00055086,-0.00914285,-0.00190401,,,,,66.04,33.96,1.95,67.9,32.1,2.12,51.84,48.16,1.08,2275479.6009,2637271.01942,3078261.7805,2870242.50512,,,,,,,,
2022-08-28,20024,20155,19508,19547.5,7702919249.3877,2389363322,2413756792,2305114573,2305114573,-0.001396,-0.000154,-0.013632,-0.013632,-0.00190401,-0.00036282,-0.00687415,-0.00542125,,,,,66.75,33.25,2.01,66.44,33.56,1.98,50.84,49.16,1.03,3027045.5716,1480359.38444,3840760.871,1588885.90104,,,,,,,,
2022-08-29,19547.6,20440,19539.4,20275.5,11968948083.6654,2335856109,2495038815,2332618376,2435984584,-0.013632,0.001675,-0.014324,0.001123,-0.00542125,0.00137919,-0.0105653,-0.00226925,,,,,68.03,31.97,2.13,67.75,32.25,2.1,50.57,49.43,1.02,1470596.37231,3619176.42476,1585667.68281,4523381.74426,,,,,,,,
2022-08-30,20275.6,20574,19524.4,19803.1,15386645187.6254,2435984584,2526146643,2382908132,2401362213,0.001123,0.001331,-0.008914,-0.002126,-0.00226925,0.00249408,-0.00546997,0.0018597,,,,,64.76,35.24,1.84,62.19,37.81,1.65,50.8,49.2,1.03,6177119.54068,3280189.05652,7730790.64568,3740760.36722,,,,,,,,
2022-08-31,19803.2,20496,19787.9,20041.5,14364935099.7328,2401362213,2443857354,2243807000,2257124926,-0.002126,0.009428,-0.003779,0.009382,0.0018597,0.00783541,-0.00379205,0.0065569,,,,,70.61,29.39,2.4,69.77,30.23,2.31,50.11,49.89,1.0,4107764.27635,3166920.51498,4751750.51585,3663935.28378,,,,,,,,
2022-09-01,20041.4,20198.3,19555,20122.5,13770904907.4883,2257124926,2493478911,2222871723,2372074842,0.009382,0.009578,-0.002328,0.002496,0.0065569,0.00672721,-0.00093808,0.00381107,,,,,65.21,34.79,1.87,64.58,35.42,1.82,52.38,47.62,1.1,2753461.23649,2748712.46042,3392325.31199,3123049.55332,,,,,,,,
2022-09-02,20122.6,20434.3,19736,19941,13441869061.8039,2372074842,2437886130,2255258334,2291003641,0.002496,0.008835,-0.003385,-0.000176,0.00381107,0.00664686,-0.00637515,-0.00041273,,,,,68.3,31.7,2.16,67.12,32.88,2.04,51.68,48.32,1.07,5262357.19984,2283624.77694,5962684.68674,2812999.91104,,,,,,,,
2022-09-03,19941,20050,19628.7,19820.7,5652771364.7548,2291003641,2507143578,2287215053,2503720661,-0.000176,0.01,-0.000237,0.000628,-0.00041273,0.00542628,-0.00401114,0.00006347,,,,,70.45,29.55,2.38,69.61,30.39,2.29,51.98,48.02,1.08,868323.34153,462966.94299,1099526.27203,472219.74439,,,,,,,,
2022-09-04,19820.7,20022.4,19570,19992.7,7853720952.2095,2503720661,2658987023,2441549745,2444737754,0.000628,0.009454,-0.003471,0.008315,0.00006347,0.00586485,-0.00295157,-0.00026955,,,,,74.41,25.59,2.91,72.32,27.68,2.61,51.39,48.61,1.06,1243021.54462,1249702.75305,1517283.47482,1480257.21645,,,,,,,,
2022-09-05,19992.6,20046.7,19620.2,19784.9,8837607629.2622,2444737754,2636144945,2397204990,2539374361,0.008315,0.009164,-0.002946,-0.000245,-0.00026955,0.00622185,-0.00257402,0.00265566,,,,,71.16,28.84,2.47,68.27,31.73,2.15,51.14,48.86,1.05,2795483.43048,1592427.72062,3123829.18408,1818652.67052,,,,,,,,
2022-09-06,19784.9,20174.7,18600,18781.5,18444217488.6102,2539374361,2605377672,2410802849,2471735763,-0.000245,0.006279,-0.011934,-0.008646,0.00265566,0.00861699,-0.00549357,-0.00388734,,,,,74.42,25.58,2.91,72.23,27.77,2.6,50.13,49.87,1.01,7685135.0877,3742322.05921,10706206.6865,4040192.68481,,,,,,,,
2022-09-07,18781.4,19455,18500,19287,11283406412.9745,2471735763,2564051687,2351036777,2352321280,-0.008646,0.005154,-0.008646,0.000531,-0.00388734,0.0044849,-0.01046424,-0.00104262,,,,,75.21,24.79,3.03,74.62,25.38,2.94,49.21,50.79,0.97,3728182.76184,3951405.22355,4661611.87924,5001531.11005,,,,,,,,
2022-09-08,19287,19450,19003.8,19309.3,10329407908.7178,2352321280,2403144341,2289767349,2306635080,0.000531,0.006806,-0.001273,0.001312,-0.00104262,0.0038502,-0.00169484,0.00086029,,,,,65.64,34.36,1.91,62.86,37.14,1.69,50.36,49.64,1.02,3342348.6685,3502869.24036,3849840.582,3901915.44996,,,,,,,,
2022-09-09,19309.3,21666,19283,21352,20595138711.4463,2306635080,2976443748,2305072182,2906220121,0.001312,0.01,-0.004174,0.01,0.00086029,0.00818317,-0.00379576,0.00296186,,,,,63.28,36.72,1.72,63.82,36.18,1.76,51.33,48.67,1.06,3064490.64522,7606172.27753,3498276.34932,11190614.43913,,,,,,,,
2022-09-10,21352,21825,21112.2,21639.5,10528838987.7716,2906220121,3048793402,2894115751,2987797570,0.01,0.01,0.006895,0.007091,0.00296186,0.00722376,-0.00037405,0.00316362,,,,,44.77,55.23,0.81,45.32,54.68,0.83,53.17,46.83,1.14,2751634.90312,4195959.05183,3062089.60012,4896589.08473,,,,,,,,
2022-09-11,21639.5,21883.4,21336,21820.3,9093349007.6218,2987797570,3111095180,2928915689,3111095180,0.007091,0.01,0.005278,0.01,0.00316362,0.00707583,-0.0026563,0.00359618,,,,,42.03,57.97,0.73,45.66,54.34,0.84,53.65,46.35,1.16,2183374.13419,1994163.44612,2401954.66839,2574474.08792,,,,,,,,
2022-09-12,21820.3,22474,21540,22386,18096622142.4488,3111095180,3292549511,2949236034,3254637594,0.01,0.01,0.007761,0.01,0.00359618,0.00795349,-0.00049482,0.00406724,,,,,40.12,59.88,0.67,44.52,55.48,0.8,54.78,45.22,1.21,3426312.60744,5904369.30157,4263672.24284,7705835.79147,,,,,,,,
2022-09-13,22386,22850,19840,20162.5,24523758225.9266,3254637594,3330718100,2438720056,2461892176,0.01,0.01,-0.007323,-0.004064,0.00406724,0.00875016,-0.00584674,-0.00323578,,,,,39.73,60.27,0.66,42.31,57.69,0.73,54.85,45.15,1.22,12092771.65999,4242027.61542,18385454.49779,5245572.48122,,,,,,,,
2022-09-14,20162.6,20528.5,19600,20217,13337693453.0375,2461892176,2497759557,2368613463,2373863752,-0.004064,0.01,-0.004064,0.000324,-0.00323578,0.0041147,-0.00643609,-0.00256413,,,,,62.41,37.59,1.66,66.18,33.82,1.96,54.55,45.45,1.2,4421243.08854,3803863.16579,5324040.88194,4941407.58829,,,,,,,,
2022-09-15,20217,20315,19453,19690.8,13274956001.4553,2373863752,2389486032,2310900461,2334291646,0.000324,0.01,-0.001305,0.008052,-0.00256413,0.00595756,-0.00585991,0.00375726,,,,,68.14,31.86,2.14,67.51,32.49,2.08,53.15,46.85,1.13,5330593.23733,3089864.6085,6894684.45963,3458917.3379,,,,,,,,
2022-09-16,19690.8,19878,19300,19792.5,10699829089.5524,2334291646,2423072664,2315350142,2421796557,0.008052,0.009644,0.002258,0.002991,0.00375726,0.00671641,-0.0021637,0.0037896,,,,,73.25,26.75,2.74,72.93,27.07,2.69,52.93,47.07,1.12,2127497.80918,2543793.62897,2953317.81948,2771969.16377,,,,,,,,
2022-09-17,19792.4,20182.6,19739.4,20102,6678559368.6992,2421796557,2534503572,2419536694,2511438143,0.002991,0.006617,-0.000126,0.00646,0.0037896,0.00490247,-0.01212192,0.00134588,,,,,70.1,29.9,2.34,69.21,30.79,2.25,52.84,47.16,1.12,1719260.28374,2403089.22072,2167200.07234,2987447.30522,,,,,,,,
2022-09-18,20102,20105.3,19325.8,19404.5,9879321091.5603,2511438143,2540626230,2353467829,2422472262,0.00646,0.01,0.002753,0.003581,0.00134588,0.00815343,-0.00141685,0.0046179,,,,,68.68,31.32,2.19,66.94,33.06,2.03,53.73,46.27,1.16,4729847.05718,1529636.13653,6694793.61328,1623460.07123,,,,,,,,
2022-09-19,19405.1,19686.3,18215,19528.6,18855503662.6426,2422472262,2435503176,2193222957,2259575459,0.003581,0.01,-0.011545,0.007813,0.0046179,0.0046179,-0.012844,0.00330732,,,,,74.06,25.94,2.86,73.28,26.72,2.74,53.05,46.95,1.13,5131781.03461,5472141.84957,7357624.03031,6974382.53777,,,,,,,,
2022-09-20,19528.6,19625,18690.1,18866.8,15109854798.9296,2259575459,2297574129,2177001756,2185628879,0.007813,0.009394,-0.000212,0.005222,0.00330732,0.00524847,-0.00270552,0.00478584,,,,,66.45,33.55,1.98,64.29,35.71,1.8,51.89,48.11,1.08,5451282.60616,2866657.64195,6305999.59326,3524246.98335,,,,,,,,
2022-09-21,18866.7,20154.1,18084.3,18447.5,20551973471.0861,2185628879,2365478317,2056249386,2118635073,0.005222,0.007128,-0.011674,-0.011674,0.00478584,0.01829177,-0.03003966,-0.00707152,,,,,70.09,29.91,2.34,70.67,29.33,2.41,52.06,47.94,1.09,6043593.04432,5637081.41718,10066316.20762,8621092.24158,,,,,,,,
2022-09-22,18447.6,19504.8,18345.2,19392.5,16202654379.5837,2118635073,2370176781,2100864149,2367744112,-0.011674,0.01,-0.014435,0.007261,-0.00707152,0.00433982,-0.01231473,0.00078679,,,,,74.06,25.94,2.86,72.11,27.89,2.59,51.18,48.82,1.05,3753661.59066,8053808.63332,4259667.78966,9598881.42532,,,,,,,,
2022-09-23,19392.5,19492,18518.5,19280.7,15885918748.9534,2367744112,2440104360,2251735245,2261364902,0.007261,0.007381,-0.005628,0.002909,0.00078679,0.00363553,-0.00555239,-0.00029757,,,,,63.3,36.7,1.73,60.93,39.07,1.56,53.28,46.72,1.14,6305852.96816,5746145.06406,7163601.56336,6421867.35756,,,,,,,,
2022-09-24,19280.7,19304.5,18798,18911,7188084547.3504,2261364902,2356255744,2251100834,2273547964,0.002909,0.006661,0.001037,0.001037,-0.00029757,0.00589826,-0.00310816,0.00324183,,,,,67.64,32.36,2.09,67.01,32.99,2.03,52.71,47.29,1.12,3645471.83608,1553733.9858,4235220.51348,1575074.1398,,,,,,,,
2022-09-25,18910.9,19196,18621,18799.7,7774327209.426,2273547964,2326304269,2228400866,2291651980,0.001037,0.007052,-0.001591,-0.000605,0.00324183,0.0047367,0.00026045,0.00114813,,,,,67.64,32.36,2.09,68.04,31.96,2.13,52.78,47.22,1.12,1971355.05869,1587817.50409,2360933.25809,1852981.41799,,,,,,,,
2022-09-26,18799.7,19311.5,18671,19216.3,14803097026.1733,2291651980,2472035878,2275849879,2465176032,-0.000605,0.008547,-0.000607,0.002262,0.00114813,0.00499069,-0.00341654,-0.00017331,,,,,71.06,28.94,2.46,70.01,29.99,2.33,52.18,47.82,1.09,3789748.21992,3682018.55449,4298807.29562,4679450.54789,,,,,,,,
2022-09-27,19216.3,20375,18801.5,19070.1,25574299442.7987,2465176032,3019488118,2421027420,2457266795,0.002262,0.01,-0.002895,0.001134,-0.00017331,0.00773082,-0.00395043,0.0029261,,,,,62.23,37.77,1.65,61.51,38.49,1.6,52.25,47.75,1.09,8200714.96285,5561177.83326,11205139.18445,8145597.48776,,,,,,,,
2022-09-28,19070.1,19787.6,18460,19407.3,21809181564.8974,2457266795,2617500793,2374161113,2538901801,0.001134,0.009754,-0.001428,0.005607,0.0029261,0.00977149,-0.0009682,0.00295173,,,,,71.46,28.54,2.5,70.11,29.89,2.35,52.99,47.01,1.13,6741263.97937,6501757.49043,8817380.42157,7927224.14473,,,,,,,,
2022-09-29,19407.4,19648.8,18827.2,19582.5,19151443998.135,2538901801,2595154977,2382398915,2595154977,0.005607,0.01,0.005393,0.01,0.00295173,0.00695454,-0.00120101,0.00649091,,,,,55.47,44.53,1.25,54.7,45.3,1.21,53.55,46.45,1.15,5028098.62028,4508940.02148,6159410.15078,5224222.17108,,,,,,,,
2022-09-30,19582.5,20172.7,19066,19411.7,20984067085.2569,2595154977,3031473625,2435219132,2435356487,0.01,0.01,0.003259,0.003259,0.00649091,0.00717711,-0.00341004,-0.00025287,,,,,58.2,41.8,1.39,57.76,42.24,1.37,54.98,45.02,1.22,4881624.47299,3482192.17555,6128285.57789,5122840.50985,,,,,,,,
2022-10-01,19411.6,19474,19140,19304,5685509350.8531,2435356487,2462763588,2404497342,2435597675,0.003259,0.01,0.00083,0.00421,-0.00025287,0.00802861,-0.00296698,0.00412432,,,,,62.92,37.08,1.7,62.6,37.4,1.67,54.54,45.46,1.2,814490.41781,391806.01795,1091327.62571,401106.47135,,,,,,,,
2022-10-02,19304,19389,18896,19049.4,7181318845.1014,2435597675,2501420692,2386801327,2410795138,0.00421,0.00674,0.003519,0.003941,0.00412432,0.00587421,0.0010357,0.00258655,,,,,66.77,33.23,2.01,65.87,34.13,1.93,54.12,45.88,1.18,2183214.73349,1662137.68249,2849993.43619,1765863.57019,,,,,,,,
2022-10-03,19049.3,19723.7,18950.8,19622,12026179617.0611,2410795138,2665760116,2408718257,2659447834,0.003941,0.01,0.003941,0.01,0.00258655,0.00831909,0.00021826,0.0038014,,,,,72.27,27.73,2.61,71.0,29.0,2.45,54.5,45.5,1.2,1433716.7074,4543449.95269,1701193.2497,5220582.56869,,,,,,,,
2022-10-04,19621.9,20500,19480.1,20333,15931494707.5408,2659447834,3405103939,2640780623,3377877975,0.01,0.01,0.01,0.01,0.0038014,0.00480778,-0.00238023,0.00218344,,,,,56.95,43.05,1.32,55.39,44.61,1.24,54.86,45.14,1.22,3905081.75615,3819094.99958,4117711.32935,5988123.21868,,,,,,,,
2022-10-05,20332.9,20356.1,19707,20150,14444693624.4114,3377877975,3380784502,3181266297,3206945208,0.01,0.01,0.01,0.01,0.00218344,0.00602323,-0.00053673,0.00360833,,,,,41.98,58.02,0.72,42.64,57.36,0.74,55.15,44.85,1.23,2902386.04331,2870401.46288,3942982.88761,3678129.94508,,,,,,,,
2022-10-06,20149.9,20443.9,19843.3,19954,15746959683.7097,3206945208,3417595314,3121459140,3124845369,0.01,0.01,0.01,0.01,0.00360833,0.00691678,-0.0003022,0.00603772,,,,,47.93,52.07,0.92,51.24,48.76,1.05,55.93,44.07,1.27,2320801.51071,2385953.99725,3033847.24581,2830303.03155,,,,,,,,
2022-10-07,19954,20067,19304.4,19520.9,13256156483.9734,3124845369,3136800736,2855993434,2859651558,0.01,0.01,0.003893,0.003942,0.00603772,0.00790592,0.00244582,0.0025224,,,,,54.51,45.49,1.2,56.74,43.26,1.31,56.3,43.7,1.29,3765416.85538,1652597.56011,5142765.08408,1675515.17681,,,,,,,,
2022-10-08,19520.9,19619.6,19200,19406.2,4925714829.3698,2859651558,2869243226,2747640588,2802719784,0.003942,0.008905,0.002507,0.003272,0.0025224,0.006684,-0.00170829,0.00170062,,,,,68.91,31.09,2.22,68.66,31.34,2.19,55.71,44.29,1.26,1092121.99315,717343.89,1427371.44685,729815.1145,,,,,,,,
2022-10-09,19406.3,19550,19310,19430,5194142074.587,2802719784,2868607111,2802623736,2825739319,0.003272,0.006617,0.000869,0.006244,0.00170062,0.00434346,-0.00351739,0.00370322,,,,,69.04,30.96,2.23,68.74,31.26,2.2,55.45,44.55,1.25,350360.63867,464217.68444,425580.13217,522673.87714,,,,,,,,
2022-10-10,19430,19513,19000,19124,10812093403.9292,2825739319,2972472155,2806517314,2901330713,0.006244,0.01,0.003277,0.01,0.00370322,0.01006594,0.00045138,0.00732969,,,,,70.71,29.29,2.41,68.81,31.19,2.21,55.51,44.49,1.25,3911406.53654,1639816.40792,5047367.44824,1694021.37462,,,,,,,,
2022-10-11,19124.1,19260,18850,19055,11498311117.4293,2901330713,3010789865,2832689374,2975276908,0.01,0.01,0.01,0.01,0.00732969,0.00843467,0.00415038,0.00763232,,,,,75.0,25.0,3.0,73.85,26.15,2.82,55.89,44.11,1.27,3018703.38915,1674131.90483,4050334.48605,2021037.25223,,,,,,,,
2022-10-12,19055,19240,18924.3,19148,7770698560.2319,2975276908,3024410247,2891102094,2892323878,0.01,0.01,0.007192,0.00745,0.00763232,0.00857662,0.00342516,0.00512356,,,,,75.45,24.55,3.07,73.31,26.69,2.75,55.15,44.85,1.23,321284.74031,1140405.58026,346529.69691,1208418.05746,,,,,,,,
2022-10-13,19148.1,19498.6,17917.8,19365.5,20803393421.062,2892323878,3002468342,2843959643,2965328642,0.00745,0.01,0.003255,0.003255,0.00512356,0.00709365,-0.00451072,0.00115572,,,,,70.97,29.03,2.45,68.83,31.17,2.21,55.45,44.55,1.25,4777741.97559,4313166.96382,7781145.54859,5977880.09892,,,,,,,,
2022-10-14,19365.4,19947.9,19059.6,19164.6,16828103405.9126,2965328642,3086432949,2801460276,2806786278,0.003255,0.01,0.002293,0.004374,0.00115572,0.00802089,-0.0041425,0.00445587,,,,,64.63,35.37,1.83,62.8,37.2,1.69,55.01,44.99,1.22,4387939.50067,3489570.35771,5927231.19277,6364452.15711,,,,,,,,
2022-10-15,19164.5,19218.8,18966,19060.4,4616691555.6451,2806786278,2876335331,2796135268,2832256378,0.004374,0.007353,0.001172,0.002746,0.00445587,0.00688968,-0.00046091,0.00256082,,,,,66.8,33.2,2.01,67.12,32.88,2.04,55.8,44.2,1.26,706032.05509,507730.4449,1005900.20379,579230.4449,,,,,,,,
2022-10-16,19060.4,19415.9,19058,19251.9,5145093760.5836,2832256378,2858743359,2728729764,2753425269,0.002746,0.004516,-0.000447,0.000331,0.00256082,0.00546268,-0.00187286,0.00320678,,,,,69.03,30.97,2.23,68.65,31.35,2.19,55.49,44.51,1.25,1151489.59146,1222454.6244,1293833.98166,1566932.9486,,,,,,,,
2022-10-17,19251.8,19666,19148,19540.6,9769092300.8579,2753425269,3081502036,2742725683,3057180626,0.000331,0.01,-0.000123,0.01,0.00320678,0.00591264,-0.00419509,0.00393375,,,,,69.64,30.36,2.29,67.17,32.83,2.05,55.43,44.57,1.24,905462.91767,1452910.32899,964962.91767,1841656.61719,,,,,,,,
2022-10-18,19540.7,19706.4,19081,19320.9,12326810974.2498,3057180626,3250355445,2917782118,2949345221,0.01,0.01,0.006536,0.007545,0.00393375,0.00864257,-0.00500796,0.00593069,,,,,58.73,41.27,1.42,57.84,42.16,1.37,56.02,43.98,1.27,2752564.66202,2184027.88657,3811256.95712,2403802.89967,,,,,,,,
2022-10-19,19320.9,19349.8,19050,19116.7,7760073418.9949,2949345221,3032456059,2923264707,2944443487,0.007545,0.01,0.007545,0.01,0.00593069,0.00840287,0.00368816,0.00718264,,,,,65.52,34.48,1.9,65.41,34.59,1.89,55.96,44.04,1.27,1988656.10445,706093.51212,2275045.85425,749412.48532,,,,,,,,
2022-10-20,19116.6,19350,18882.4,19034.7,10277053267.0603,2944443487,2994355394,2884197216,2984360796,0.01,0.01,0.000813,0.004693,0.00718264,0.00785471,-0.00090661,0.00317407,,,,,71.34,28.66,2.49,69.98,30.02,2.33,55.31,44.69,1.24,2725084.39868,1693525.98843,3299680.22838,1867831.64083,,,,,,,,
2022-10-21,19034.8,19240,18600,19150.9,11058844913.8122,2984360796,3058644316,2874711025,2874711025,0.004693,0.006566,-0.001687,0.003762,0.00317407,0.00675987,0.0012474,0.00298409,,,,,74.31,25.69,2.89,71.93,28.07,2.56,54.74,45.26,1.21,1809686.36805,2220971.54906,2598500.45375,2572457.27436,,,,,,,,
2022-10-22,19151,19250,19103.5,19195.1,3337151831.6276,2874711025,2903867580,2841645349,2890384041,0.003762,0.00947,-0.001435,0.004151,0.00298409,0.00828617,-0.0061031,0.00203468,,,,,69.17,30.83,2.24,67.14,32.86,2.04,55.12,44.88,1.23,525815.99086,434783.65024,532355.58186,444947.16714,,,,,,,,
2022-10-23,19195.1,19690,19050,19560.7,6943831794.1053,2890384041,3153900795,2874588694,3150067348,0.004151,0.01,-0.002031,0.01,0.00203468,0.00617364,-0.00180606,0.00486387,,,,,64.68,35.32,1.83,63.86,36.14,1.77,55.88,44.12,1.27,554609.4441,3354015.69386,800401.6492,3866453.96026,,,,,,,,
2022-10-24,19560.6,19593.3,19146,19318.1,9216303843.1555,3150067348,3160282643,2820761338,2826102238,0.01,0.01,0.000583,0.004359,0.00486387,0.00803747,-0.00261333,0.00219951,,,,,56.9,43.1,1.32,55.33,44.67,1.24,56.71,43.29,1.31,1281494.17399,2307385.01922,1812000.21709,2447375.04662,,,,,,,,
2022-10-25,19318.1,20415,19228,20068.3,15400494652.9624,2826102238,3425198604,2811217270,3303731129,0.004359,0.009696,-0.000723,0.002311,0.00219951,0.00654432,-0.00615542,-0.00024511,,,,,64.77,35.23,1.84,64.91,35.09,1.85,57.28,42.72,1.34,2215670.19912,5565981.25593,2482532.11052,8736552.56573,,,,,,,,
2022-10-26,20068.3,21030,20041.1,20758.3,17352467248.2014,3303731129,3577663512,3301354901,3459827105,0.002311,0.006199,-0.002721,-0.000048,-0.00024511,0.00518148,-0.00533705,-0.00048914,,,,,44.54,55.46,0.8,44.94,55.06,0.82,56.83,43.17,1.32,3403975.54234,3072679.7697,4041744.79084,5336186.8621,,,,,,,,
2022-10-27,20758.4,20863.7,20170,20285.5,12645379905.8974,3459827105,3475119811,3080976697,3082022787,-0.000048,0.008437,-0.00491,-0.001228,-0.00048914,0.00615273,-0.00299536,0.00227564,,,,,42.86,57.14,0.75,42.5,57.5,0.74,56.12,43.88,1.28,3483552.57489,2574883.71335,4609124.55649,2727655.37365,,,,,,,,
2022-10-28,20285.6,20740,19951,20582.8,12124572609.4618,3082022787,3083608258,2946575126,3026647574,-0.001228,0.005251,-0.004492,0.002457,0.00227564,0.00629788,-0.00385053,-0.00018582,,,,,48.71,51.29,0.95,51.85,48.15,1.08,55.8,44.2,1.26,3225887.14641,2358018.15107,3960172.02901,2938368.58847,,,,,,,,
2022-10-29,20582.7,21088,20547.8,20796.7,10032038173.5756,3026647574,3237477796,3022820726,3179304890,0.002457,0.007363,-0.002962,-0.002497,-0.00018582,0.00628146,-0.00107871,0.00047371,,,,,48.62,51.38,0.95,48.93,51.07,0.96,55.16,44.84,1.23,2625002.17243,6040366.83234,2851672.96063,7578738.40884,,,,,,,,
2022-10-30,20796.7,20925.2,20503,20615.6,6114923592.1007,3179304890,3199831742,2968102414,2969663936,-0.002497,0.008079,-0.002697,0.001601,0.00047371,0.0072032,-0.0044768,0.00296394,,,,,42.56,57.44,0.74,44.93,55.07,0.82,55.02,44.98,1.22,2019518.16835,1742802.86668,2677981.36155,1840604.92328,,,,,,,,
2022-10-31,20615.5,20838.7,20225.4,20482,9778840033.132,2969663936,3023483214,2744931769,2752756631,0.001601,0.007437,-0.001342,0.000722,0.00296394,0.00820252,-0.00168631,0.00041731,,,,,45.36,54.64,0.83,48.8,51.2,0.95,55.01,44.99,1.22,2422047.36596,2284752.16021,3322103.35266,2526060.58381,,,,,,,,
2022-11-01,20482.1,20687,20320,20472.1,6448784126.0856,2752756631,2816050103,2732976806,2767188798,0.000722,0.005675,-0.003424,0.004765,0.00041731,0.00466002,-0.00354083,0.00249425,,,,,53.65,46.35,1.16,54.1,45.9,1.18,54.49,45.51,1.2,1181542.60447,1136230.91718,1263303.12647,1312787.18388,,,,,,,,
2022-11-02,20472.1,20796,20050,20140.1,13019625630.1854,2767188798,2817079838,2611267931,2614679779,0.004765,0.007671,0.00065,0.002714,0.00249425,0.0054124,-0.00171381,0.00025707,,,,,53.7,46.3,1.16,54.19,45.81,1.18,54.16,45.84,1.18,4005836.06049,2441103.66026,5430722.01229,2807790.00926,,,,,,,,
2022-11-03,20140.2,20400,20026,20199.7,7526908912.9065,2614679779,2682815713,2583013507,2615976389,0.002714,0.007899,-0.00053,0.004429,0.00025707,0.00713589,-0.00283956,0.00436817,,,,,61.13,38.87,1.57,61.19,38.81,1.58,54.1,45.9,1.18,3579205.61959,1449728.30537,3953109.93339,1677557.69367,,,,,,,,
2022-11-04,20199.8,21297,20171.6,21137.6,17139203017.5924,2615976389,3154201195,2612230816,3003179411,0.004429,0.007097,-0.003665,0.004409,0.00436817,0.00800867,-0.00700574,0.00206244,,,,,61.83,38.17,1.62,60.19,39.81,1.51,54.58,45.42,1.2,2302912.19622,6323055.29409,3044179.75422,8789013.42769,,,,,,,,
2022-11-05,21137.6,21473.7,21071.1,21289.9,6482065404.2669,3003179411,3194682758,2995871162,3148788026,0.004409,0.01,0.001787,0.006491,0.00206244,0.00570145,-0.00005456,0.00232654,,,,,44.79,55.21,0.81,45.52,54.48,0.84,54.62,45.38,1.2,1133567.18686,2145311.03854,1334379.94326,2927358.36884,,,,,,,,
2022-11-06,21289.8,21355.8,20863.3,20900,5867481772.1343,3148788026,3165890427,2909750978,2911676725,0.006491,0.01,0.005236,0.007812,0.00232654,0.00749807,0.0007118,0.00749807,,,,,42.7,57.3,0.75,45.88,54.12,0.85,55.39,44.61,1.24,4082242.68591,464833.3508,4479839.88931,532337.1236,,,,,,,,
2022-11-07,20900,21062.6,20374,20578.6,11501492270.2874,2911676725,2932223421,2641283676,2679274398,0.007812,0.01,-0.001847,0.006608,0.00749807,0.01152046,0.00169408,0.00449984,,,,,47.46,52.54,0.9,51.2,48.8,1.05,55.34,44.66,1.24,6113353.39777,1167300.16551,7623013.27787,1289933.48311,,,,,,,,
2022-11-08,20578.5,20685,17202.7,18534,37014657973.6799,2679274398,2679274398,2257740040,2257740040,0.006608,0.006608,0.006608,0.006608,0.00449984,0.00449984,0.00449984,0.00449984,,,,,62.83,37.17,1.69,62.81,37.19,1.69,55.82,44.18,1.26,25213372.4477,12083214.71634,37868366.548,16424907.09744,,,,,,,,
2022-11-09,18533.9,18574.9,15462.6,15905,35439020854.5276,2227902558,2299759165,2034576963,2099496567,-0.012182,0.00929,-0.120652,-0.119172,-0.01523771,0.06655356,-0.09673308,-0.09098929,,,,,62.83,37.17,1.69,62.81,37.19,1.69,55.82,44.18,1.26,23042526.70896,12366323.42691,35862011.02616,15311364.79831,,,,,,,,
2022-11-10,15905.1,18230,15730,17588,25312793155.8607,2099496567,2320951540,2091221891,2151422255,-0.119172,-0.019452,-0.142765,-0.019452,-0.09098929,0.10798481,-0.09098929,-0.0183172,,,,,71.47,28.53,2.51,74.8,25.2,2.97,48.32,51.68,0.94,9869855.21331,18187865.62908,13035860.76371,21251351.59468,,,,,,,,
2022-11-11,17588,17678,16343,17058.3,16276885593.6099,2151422255,2180866144,1996855462,2004423419,-0.019452,0.005493,-0.019809,0.00528,-0.0183172,0.01468018,-0.06957273,-0.01419827,,,,,66.81,33.19,2.01,63.31,36.69,1.73,48.43,51.57,0.94,6083563.35847,6942427.33934,8096602.85157,9004919.26114,,,,,,,,
2022-11-12,17058.4,17110.8,16623.8,16806.9,5127967586.1418,2004423419,2023277412,1967505637,1974642440,0.00528,0.01,-0.005366,0.000344,-0.01419827,-0.00258791,-0.02324275,-0.01635917,,,,,68.92,31.08,2.22,69.47,30.53,2.28,50.67,49.33,1.03,2433805.12291,1054268.90043,3163716.75961,1230672.20673,,,,,,,,
2022-11-13,16806.9,16950,16210.3,16321.2,5801577462.1324,1974642440,2000801389,1896328971,1945884467,0.000344,0.005148,-0.011417,-0.003668,-0.01635917,0.00067743,-0.02300398,0.0002528,,,,,66.16,33.84,1.96,66.96,33.04,2.03,51.33,48.67,1.06,2654677.9101,1386672.1917,3938420.3988,1442427.9673,,,,,,,,
2022-11-14,16321.3,17188,15805.5,16605.2,15413605705.0476,1945884467,2045278281,1875360629,1916691586,-0.003668,0.005119,-0.013897,-0.010832,0.0002528,0.00700857,-0.03528624,-0.00079019,,,,,70.93,29.07,2.44,71.45,28.55,2.5,51.1,48.9,1.05,5981639.00132,4781242.92541,10222142.99162,7714615.27571,,,,,,,,
2022-11-15,16605.3,17127.2,16516.7,16888.3,10938502328.9601,1916691586,2068286808,1907406533,1988416378,-0.010832,0.003379,-0.023631,-0.013216,-0.00079019,-0.00079019,-0.02966082,-0.02203477,,,,,70.59,29.41,2.4,69.78,30.22,2.31,50.64,49.36,1.03,3669763.64331,2978901.41054,4331536.15331,3756966.10484,,,,,,,,
2022-11-16,16888.3,17007.4,16358,16650.6,8944132242.6822,1988416378,2094920609,1977550543,2052924210,-0.013216,0.004361,-0.01434,-0.004534,-0.02203477,0.00968034,-0.02495192,-0.00270859,,,,,60.51,39.49,1.53,61.65,38.35,1.61,50.42,49.58,1.02,2556621.69492,1971301.00235,3501389.96652,2223963.85305,,,,,,,,
2022-11-17,16650.7,16741.7,16403.3,16682.1,6784331651.5671,2052924210,2096482674,2028574950,2076864025,-0.004534,-0.00182,-0.009688,-0.002838,-0.00270859,0.00003246,-0.01892031,-0.0178042,,,,,69.56,30.44,2.29,69.38,30.62,2.27,49.87,50.13,1.0,2383951.8829,1442601.85351,2694258.0357,1690478.62291,,,,,,,,
2022-11-18,16682.1,16984.4,16541.1,16689.7,6506726847.8854,2076864025,2132833578,2014021272,2017112678,-0.002838,0.009362,-0.004533,0.005595,-0.0178042,0.01098467,-0.0178042,0.00719049,,,,,62.92,37.08,1.7,63.91,36.09,1.77,50.04,49.96,1.0,1396244.7746,1148888.2348,1978936.5865,1435488.3263,,,,,,,,
2022-11-19,16689.7,16814.5,16543.8,16692.9,2861286002.7793,2017112678,2023304679,1993761864,1997453510,0.005595,0.00997,-0.003534,-0.000769,0.00719049,0.00928653,-0.00705301,-0.00629628,,,,,66.76,33.24,2.01,66.55,33.45,1.99,50.11,49.89,1.0,772662.55629,578759.14516,787732.75929,646949.21956,,,,,,,,
2022-11-20,16693,16743.9,16167.1,16272.6,5406548264.2946,1997453510,2020335825,1920146161,1973802071,-0.000769,0.00787,-0.005409,0.00787,-0.00629628,0.01201797,-0.00755658,0.01201797,,,,,65.69,34.31,1.92,65.67,34.33,1.91,50.44,49.56,1.02,2237016.13866,856921.7043,3468112.11536,909587.1036,,,,,,,,
2022-11-21,16272.7,16304.3,15443.2,15773,12615410591.7424,1973802071,2068612954,1948269949,2034873426,0.00787,0.009216,-0.007517,-0.007497,0.01201797,0.01407588,-0.0063122,-0.0063122,,,,,69.39,30.61,2.27,70.3,29.7,2.37,50.58,49.42,1.02,3281419.04235,3856189.09745,6202657.81045,4359040.33525,,,,,,,,
2022-11-22,15772.9,16309,15610.3,16220.6,9247241904.7914,2034873426,2110256299,1999372872,2070342300,-0.007497,0.01,-0.007498,0.00939,-0.0063122,0.00909364,-0.01747791,0.0042701,,,,,72.54,27.46,2.64,72.41,27.59,2.63,50.76,49.24,1.03,2216794.95935,2787824.36094,2660291.52105,3808510.77054,,,,,,,,
2022-11-23,16220.5,16703.4,16155.5,16595.8,9006519654.6627,2070342300,2127411034,2034763141,2046945083,0.00939,0.01,-0.000749,0.005398,0.0042701,0.006887,-0.01712641,0.00353697,,,,,66.58,33.42,1.99,65.66,34.34,1.91,51.2,48.8,1.05,2466925.53506,3195303.67586,3051186.49336,4385913.87286,,,,,,,,
2022-11-24,16595.8,16800,16450,16592.4,5819004334.755,2046945083,2093542193,2039036386,2055688933,0.005398,0.007163,-0.000792,0.002056,0.00353697,0.00636798,-0.01725421,-0.00733203,,,,,60.65,39.35,1.54,61.18,38.82,1.58,52.08,47.92,1.09,1348089.66288,1104818.17348,1474878.12418,1562452.45488,,,,,,,,
2022-11-25,16592.5,16639.9,16331.7,16516.1,5053157484.1517,2055688933,2104458711,2027814828,2071097423,0.000757,0.006012,-0.003402,0.00381,-0.0013008,0.00669113,-0.00533356,0.00128985,,,,,58.21,41.79,1.39,60.18,39.82,1.51,52.03,47.97,1.09,1189948.87046,741295.9577,1438233.31026,806648.2757,,,,,,,,
2022-11-26,16516.2,16699.1,16369.1,16449.2,4194480484.0489,2071097423,2098987469,2060349497,2074905112,0.00381,0.005672,-0.00348,0.001088,0.00128985,0.00510195,-0.01518434,-0.00512392,,,,,59.03,40.97,1.44,60.91,39.09,1.56,52.59,47.41,1.11,795086.56562,727912.20751,1423094.82192,1528601.30771,,,,,,,,
2022-11-27,16449.2,16594.2,16396,16422.6,3128886448.3872,2074905112,2118137474,2062621231,2081464944,0.001088,0.00525,-0.003913,0.002267,-0.00512392,0.0040033,-0.01073137,0.0011801,,,,,59.81,40.19,1.49,61.32,38.68,1.59,51.93,48.07,1.08,490964.65027,659198.39564,643268.69787,726413.36954,,,,,,,,
2022-11-28,16422.5,16475,15984.1,16204.5,8054744453.9576,2081464944,2090257683,1970673634,2025417693,0.002267,0.007735,-0.003895,0.00476,0.0011801,0.00450911,-0.00495797,0.00267807,,,,,60.99,39.01,1.56,61.74,38.26,1.61,51.77,48.23,1.07,3757964.12739,2513260.98791,4814419.45759,2726419.26791,,,,,,,,
2022-11-29,16204.6,16543,16088,16433.2,6420707019.1187,2025417693,2131462350,2001264930,2095082403,0.00476,0.009271,-0.002932,0.003404,0.00267807,0.00402555,-0.0066576,-0.00050877,,,,,65.68,34.32,1.91,66.27,33.73,1.97,51.81,48.19,1.08,645079.70959,1842844.99821,882223.33359,2342892.99101,,,,,,,,
2022-11-30,16433.3,17248.3,16421.5,17153.3,10484188349.9884,2095082403,2189434022,2082092122,2179708214,0.003404,0.009523,0.001077,0.001102,-0.00050877,0.00785983,-0.00112534,-0.00069108,,,,,60.66,39.34,1.54,61.57,38.43,1.6,51.91,48.09,1.08,1549817.62567,3170602.80828,1813505.53347,5398450.08828,,,,,,,,
2022-12-01,17153.4,17348.5,16851.2,16970.5,7012334497.7095,2179708214,2245715188,2175285398,2202689063,0.001102,0.01,-0.00835,0.0082,-0.00069108,0.01025657,-0.01757474,0.00725539,,,,,55.55,44.45,1.25,55.49,44.51,1.25,52.75,47.25,1.12,1406188.80585,627063.00357,1826604.10805,763544.43147,,,,,,,,
2022-12-02,16970.5,17096.3,16760,17083,5677209348.8877,2202689063,2218565831,2158227835,2199673623,0.0082,0.008203,-0.005148,0.0033,0.00725539,0.00766975,-0.01049552,0.00370855,,,,,54.76,45.24,1.21,57.99,42.01,1.38,52.39,47.61,1.1,1166724.51406,1731087.59996,1349793.28816,1897501.54996,,,,,,,,
2022-12-03,17083,17160,16850.1,16879.5,3142088613.701,2199673623,2211008298,2176026815,2188058993,0.0033,0.01,0.002338,0.006159,0.00370855,0.00853482,-0.00146748,0.00028018,,,,,55.34,44.66,1.24,56.57,43.43,1.3,52.1,47.9,1.09,1313083.55227,169072.49784,1415378.84237,218884.26664,,,,,,,,
2022-12-04,16879.5,17206.2,16874.1,17099.5,4972606698.31,2188058993,2393217471,2187587810,2324965181,0.006159,0.007601,-0.000507,0.00005,0.00028018,0.00938701,-0.00484792,-0.00408893,,,,,56.71,43.29,1.31,59.25,40.75,1.45,52.27,47.73,1.1,493315.96107,1166132.28497,511632.78737,1371765.80657,,,,,,,,
2022-12-05,17099.4,17430,16860.6,16958.3,8927228124.8571,2324965181,2392714848,2082629752,2083235190,0.00005,0.005544,-0.004894,0.002206,-0.00408893,0.00435378,-0.01219314,-0.0009474,,,,,54.47,45.53,1.2,54.73,45.27,1.21,52.21,47.79,1.09,1637486.41169,1663916.70224,2214306.46099,2604147.62014,,,,,,,,
2022-12-06,16958.2,17100,16899.9,17078.6,5459285819.098,2083235190,2086185384,1886922717,1887709167,0.002206,0.00795,-0.002661,0.007913,-0.0009474,0.00710133,-0.00410335,0.00707664,,,,,59.93,40.07,1.5,60.71,39.29,1.55,51.7,48.3,1.07,1088867.10028,791935.54907,1201569.32038,855735.54907,,,,,,,,
2022-12-07,17078.7,17130,16655,16828,5692570553.4671,1887709167,1893651053,1746189343,1811874479,0.007913,0.008107,-0.002348,0.001206,0.00707664,0.00862736,-0.00613429,-0.00140617,,,,,58.73,41.27,1.42,57.85,42.15,1.37,51.78,48.22,1.07,1182605.29634,493978.12731,1859110.94034,525648.66531,,,,,,,,
2022-12-08,16828,17294.9,16710.4,17216,6833200296.6207,1811874479,1911076958,1796448520,1905072281,0.001206,0.002466,-0.003193,0.001211,-0.00140617,0.00164242,-0.00916089,-0.00153419,,,,,61.63,38.37,1.61,61.77,38.23,1.62,51.57,48.43,1.07,1034338.80721,1555876.8756,1164338.80721,2302478.9097,,,,,,,,
2022-12-09,17216,17365.4,17052,17122,4985668182.4955,1905072281,1955256190,1863919785,1864835771,0.001211,0.009265,-0.002998,-0.001696,-0.00153419,0.00657975,-0.0064475,0.00109649,,,,,50.34,49.66,1.01,50.95,49.05,1.04,51.42,48.58,1.06,441455.09621,527407.68015,689210.07031,727375.70795,,,,,,,,
2022-12-10,17122,17228.6,17081,17120,2433761734.3309,1864835771,1915038767,1864826060,1881403329,-0.001696,0.002797,-0.002521,0.000929,0.00109649,0.00464225,-0.01750286,-0.01251515,,,,,50.52,49.48,1.02,54.01,45.99,1.17,51.86,48.14,1.08,182523.1147,66224.53102,189923.1147,77224.53102,,,,,,,,
2022-12-11,17120.1,17265,17060,17077.3,2932154858.9726,1881403329,1908346273,1857876682,1862996463,0.000929,0.003776,-0.001724,0.002407,-0.01251515,0.0085547,-0.01251515,0.00509665,,,,,51.47,48.53,1.06,53.19,46.81,1.14,51.95,48.05,1.08,1172963.34199,260403.26592,1379511.75459,517352.44892,,,,,,,,
2022-12-12,17077.3,17237.9,16865,17200,5711475720.8418,1862996463,1863054579,1751554474,1798836406,0.002407,0.004275,-0.002036,0.00306,0.00509665,0.00509665,-0.00742415,0.00017427,,,,,54.01,45.99,1.17,55.0,45.0,1.22,51.73,48.27,1.07,1378541.97329,1767108.43003,1953305.34679,2279448.71013,,,,,,,,
2022-12-13,17200,18100,17076,17777.1,10490248372.0528,1798836406,1996266926,1787280670,1906102520,0.00306,0.01,0.000618,0.01,0.00017427,0.00943106,-0.0083943,0.00528507,,,,,53.26,46.74,1.14,53.72,46.28,1.16,51.5,48.5,1.06,1908809.28398,9111020.28616,2606073.71828,10273827.53946,,,,,,,,
2022-12-14,17777.1,18400,17659.4,17803.9,11268484475.2281,1906102520,2067221225,1893577108,1989189123,0.01,0.01,0.01,0.01,0.00528507,0.01329699,-0.01852607,0.00152077,,,,,46.03,53.97,0.85,47.02,52.98,0.89,52.63,47.37,1.11,1779456.06896,2741456.18521,2821955.69486,4031258.92201,,,,,,,,
2022-12-15,17804,17849.5,17258,17351.8,7667324481.7647,1989189123,1999722873,1864113984,1877842276,0.01,0.01,0.004453,0.004814,0.00152077,0.01126387,-0.00185152,0.00682626,,,,,44.85,55.15,0.81,45.73,54.27,0.84,52.6,47.4,1.11,2044716.1101,527502.13743,2863249.5892,533402.13743,,,,,,,,
2022-12-16,17351.9,17528,16521.1,16624.1,10567774115.3468,1877842276,1891106685,1614858428,1631207144,0.004814,0.006319,-0.002699,0.00201,0.00682626,0.00878042,-0.01394912,-0.00027138,,,,,57.76,42.24,1.37,58.5,41.5,1.41,51.58,48.42,1.07,4751535.92574,1195155.44223,8648400.43264,1361209.49853,,,,,,,,
2022-12-17,16624,16790,16571.8,16768,4146348971.1328,1631207144,1678851361,1626182139,1665923219,0.00201,0.01,0.00201,0.006274,-0.00027138,0.00605108,-0.00625436,0.00010051,,,,,64.3,35.7,1.8,65.17,34.83,1.87,51.01,48.99,1.04,595256.85456,1488036.79581,657572.86976,1649838.12101,,,,,,,,
2022-12-18,16768.1,16872,16656,16730.3,3110497423.3517,1665923219,1685921337,1645894064,1646872544,0.006274,0.01,-0.002112,0.006468,0.00010051,0.01896998,-0.01021687,0.000614,,,,,66.7,33.3,2.0,63.27,36.73,1.72,50.42,49.58,1.02,672749.81957,1038545.06484,717949.81957,1094055.15264,,,,,,,,
2022-12-19,16730.4,16809.6,16210,16429.2,5725453472.3041,1646872544,1694798502,1587987589,1599446194,0.006468,0.01,-0.009717,0.005632,0.000614,0.01004649,-0.00726351,0.0081661,,,,,66.34,33.66,1.97,63.81,36.19,1.76,51.0,49.0,1.04,2551811.69602,513153.50605,3583809.35792,574053.50605,,,,,,,,
2022-12-20,16429.3,17049.6,16390.3,16887.2,7996888743.9767,1599446194,1636694726,1584708445,1606427256,0.005632,0.006252,-0.002261,0.00376,0.0081661,0.0081661,-0.00321371,0.0061908,,,,,66.65,33.35,2.0,66.32,33.68,1.97,51.32,48.68,1.05,808660.68769,1972946.31011,980953.52769,2411895.62051,,,,,,,,
2022-12-21,16887.3,16924.2,16694.2,16819.6,3830392498.7029,1606427256,1637664911,1587591853,1610995155,0.00376,0.008676,0.000527,0.002918,0.0061908,0.01034031,0.00087856,0.00384092,,,,,61.78,38.22,1.62,59.3,40.7,1.46,51.12,48.88,1.05,981827.35476,189855.32429,1264232.99976,208355.32429,,,,,,,,
2022-12-22,16819.7,16861.9,16556.1,16815.5,5129804468.0602,1610995155,1701825922,1610376199,1672514906,0.002918,0.01,0.001957,0.01,0.00384092,0.01130816,0.00384092,0.01119433,,,,,62.15,37.85,1.64,61.97,38.03,1.63,51.74,48.26,1.07,760378.92251,689976.52111,1127044.82881,873069.30721,,,,,,,,
2022-12-23,16815.5,16960,16690,16776.4,4451795665.7106,1672514906,1695794244,1622664924,1648975492,0.01,0.01,0.006608,0.01,0.01119433,0.01693854,0.00225098,0.01110456,,,,,66.08,33.92,1.95,65.15,34.85,1.87,51.63,48.37,1.07,647985.46515,727497.8779,681685.46515,820904.4412,,,,,,,,
2022-12-24,16776.3,16859.9,16774.4,16828.9,1386324454.9399,1648975492,1672311041,1648121769,1649310124,0.01,0.01,0.000536,0.000536,0.01110456,0.01113426,0.00003784,0.00493039,,,,,64.01,35.99,1.78,63.66,36.34,1.75,52.02,47.98,1.08,285.94728,60877.2208,385.94728,64277.2208,,,,,,,,
2022-12-25,16829,16850,16700,16824.4,2419624878.2916,1649310124,1654675499,1620182824,1638714663,0.000536,0.005229,-0.00004,0.003316,0.00493039,0.00700957,-0.00122927,0.00688744,,,,,62.7,37.3,1.68,62.03,37.97,1.63,51.8,48.2,1.08,225796.17406,355673.47388,402523.07986,356548.58848,,,,,,,,
2022-12-26,16824.5,16936.8,16781.1,16912.9,2495543613.4561,1638714663,1657898545,1622766316,1632611307,0.003316,0.008678,-0.005321,0.008672,0.00688744,0.01043561,-0.00147814,0.00909378,,,,,63.15,36.85,1.71,63.08,36.92,1.71,51.86,48.14,1.08,200813.5314,765261.48128,233614.3927,1064704.68738,,,,,,,,
2022-12-27,16912.8,16968,16580,16698.2,4407998231.5831,1632611307,1725536521,1617447332,1723189501,0.008672,0.009041,-0.000072,0.004256,0.00909378,0.01527333,-0.00410115,0.00831435,,,,,63.24,36.76,1.72,62.12,37.88,1.64,51.44,48.56,1.06,731142.02049,504796.50925,1075225.19839,532462.33215,,,,,,,,
2022-12-28,16698.2,16778.3,16455.6,16539,5727798723.9358,1723189501,1762532011,1687337619,1759628071,0.004256,0.01,0.001598,0.01,0.00831435,0.01094896,0.00469367,0.00982791,,,,,68.84,31.16,2.21,67.68,32.32,2.09,51.39,48.61,1.06,1611614.00324,616319.23225,2041771.12754,727752.42005,,,,,,,,
2022-12-29,16538.9,16659,16485.1,16630.3,3460100055.8204,1759628071,1794017632,1749902484,1778384662,0.01,0.01,0.006848,0.01,0.00982791,0.01059822,-0.00063863,0.0081573,,,,,69.87,30.13,2.32,68.37,31.63,2.16,51.26,48.74,1.05,1751132.13522,456136.68221,1776007.73292,514725.26691,,,,,,,,
2022-12-30,16630.3,16666.6,16320,16601.2,4881130528.6183,1778384662,1815002267,1761649218,1787802109,0.01,0.01,0.006174,0.01,0.0081573,0.01395543,0.00529547,0.01236511,,,,,68.66,31.34,2.19,66.21,33.79,1.96,51.53,48.47,1.06,614228.23195,603009.03066,836903.36475,671357.33476,,,,,,,,
2022-12-31,16601.2,16640,16461.8,16537.6,2227238361.6692,1787802109,1796503968,1735979199,1747894316,0.01,0.01,0.01,0.01,0.01236511,0.01845358,0.00295783,0.00972396,,,,,69.33,30.67,2.26,67.59,32.41,2.09,51.52,48.48,1.06,412195.70506,372011.7605,466395.70506,392211.7605,,,,,,,,
2023-01-01,16537.5,16618.8,16488,16610.3,1746443234.6992,1747894316,1808107463,1744271752,1808107463,0.01,0.01,-0.001567,-0.001488,0.00972396,0.01775028,0.00039133,0.00042387,,,,,68.96,31.04,2.22,67.74,32.26,2.1,51.97,48.03,1.08,43312.23488,274726.3593,43412.23488,294702.5603,,,,,,,,
2023-01-02,16610.4,16799,16541.2,16666,3591167352.1048,1808107463,1808649840,1752469853,1752504964,-0.001488,0.01,-0.004679,0.01,0.00042387,0.00756817,-0.00494908,0.00744325,,,,,68.0,32.0,2.13,66.49,33.51,1.98,51.12,48.88,1.05,364504.39332,1462672.2698,682776.65392,1747088.6582,,,,,,,,
2023-01-03,16665.9,16774,16600.3,16667.2,3387368276.0736,1752504964,1812786618,1748505349,1751651794,0.01,0.01,0.002922,0.006478,0.00744325,0.00915335,-0.0010355,0.00721977,,,,,66.2,33.8,1.96,64.7,35.3,1.83,51.48,48.52,1.06,656198.0279,372521.02364,822255.6352,376687.22674,,,,,,,,
2023-01-04,16667.3,16984.6,16645.7,16842.1,5888291744.1218,1751651794,1756160562,1704578093,1709950974,0.006478,0.01,0.003231,0.005448,0.00721977,0.01066657,0.0025673,0.00782907,,,,,66.89,33.11,2.02,65.74,34.26,1.92,51.52,48.48,1.06,596147.39754,2571795.00107,796389.60874,3253060.43547,,,,,,,,
2023-01-05,16842.2,16872.8,16740.4,16823.8,2966086463.5612,1709950974,1767675664,1698569288,1748677936,0.005448,0.00852,0.001756,0.005548,0.00782907,0.00782907,0.0018441,0.00311832,,,,,60.78,39.22,1.55,60.09,39.91,1.51,51.74,48.26,1.07,111107.79987,414768.56399,134007.79987,430668.56399,,,,,,,,
2023-01-06,16823.8,17030,16664.8,16943.8,5333486924.803,1748677936,1791240435,1718489436,1755481630,0.005548,0.01,0.002449,0.00248,0.00311832,0.01084189,0.0020866,0.00232504,,,,,60.16,39.84,1.51,60.77,39.23,1.55,51.79,48.21,1.07,849226.92083,2272051.24297,1082595.84823,2477902.68917,,,,,,,,
2023-01-07,16943.9,16973.6,16900.1,16936.5,1320072681.1707,1755481630,1793267553,1755481630,1786647729,0.00248,0.01,-0.001756,0.005654,0.00232504,0.01198285,-0.00500894,0.00584694,,,,,58.82,41.18,1.43,59.5,40.5,1.47,52.02,47.98,1.08,23001.46513,107725.83115,23001.46513,111082.30735,,,,,,,,
2023-01-08,16936.5,17181.1,16905,17124.7,2677185076.1574,1786647729,1806850248,1755583715,1760705616,0.005654,0.01,0.00181,0.005679,0.00584694,0.01087455,-0.00006612,0.00518257,,,,,56.82,43.18,1.32,58.51,41.49,1.41,52.36,47.64,1.1,690489.56443,2346049.58037,810684.76863,3143703.72347,,,,,,,,
2023-01-09,17124.6,17387.8,17098.2,17169.7,6898901672.5502,1760705616,1877599623,1760705616,1773752917,0.005679,0.006159,-0.002595,0.002441,0.00518257,0.00855381,-0.0055363,0.00053816,,,,,58.67,41.33,1.42,57.31,42.69,1.34,52.08,47.92,1.09,1536813.13605,4808273.19338,2002806.81475,6717821.12618,,,,,,,,
2023-01-10,17169.6,17485.4,17140.4,17428.8,5146868852.5866,1773752917,1971246027,1768444517,1971033728,0.002441,0.01,0.002051,0.002761,0.00053816,0.01147464,-0.01204978,-0.00696862,,,,,51.08,48.92,1.04,52.54,47.46,1.11,52.1,47.9,1.09,327594.9889,2313085.1066,365493.4929,3788881.0992,,,,,,,,
2023-01-11,17428.8,18013.2,17306.4,17935.7,6776665249.5548,1971033728,1997053399,1898960418,1917810612,0.002761,0.007517,-0.003025,0.007517,-0.00696862,0.00740696,-0.00696862,0.00267812,,,,,47.44,52.56,0.9,47.66,52.34,0.91,51.3,48.7,1.05,692666.76203,4043010.39668,927046.73533,5984262.65948,,,,,,,,
2023-01-12,17935.6,19120,17902.4,18838,19148239789.8066,1917810612,2097629940,1889368512,2051853591,0.007517,0.01,0.007517,0.01,0.00267812,0.016002,0.00089473,0.00366905,,,,,47.41,52.59,0.9,46.13,53.87,0.86,51.6,48.4,1.07,4395496.13973,6354721.25287,5377003.82633,9079003.61557,,,,,,,,
2023-01-13,18838.1,19997.8,18711,19924.2,15537705332.6349,2051853591,2274898735,2044948118,2217955150,0.01,0.01,0.003026,0.0087,0.00366905,0.00693382,-0.01372156,-0.00096651,,,,,44.21,55.79,0.79,43.52,56.48,0.77,52.34,47.66,1.1,2508252.17748,7963705.12518,3237500.99608,11323772.33198,,,,,,,,
2023-01-14,19924.3,21544,19882.6,20962.8,20998602550.3253,2217955150,2226384733,1877910518,1963839776,0.0087,0.053614,0.0087,0.013795,-0.00096651,0.04791706,-0.00096651,0.01612622,,,,,44.35,55.65,0.8,41.8,58.2,0.72,52.37,47.63,1.1,6499734.14621,15136990.24432,8798901.51371,21942910.83872,,,,,,,,
2023-01-15,20962.8,21073.8,20556,20882.7,8913037892.6174,1963839776,2038028405,1903140721,1968564400,0.013795,0.022718,0.01,0.01,0.01612622,0.02071655,0.00567217,0.00995559,,,,,47.62,52.38,0.91,47.16,52.84,0.89,53.5,46.5,1.15,2425891.61923,2406604.62812,3514559.96113,2845485.15102,,,,,,,,
2023-01-16,20882.7,21498,20606.6,21188.3,14032539918.8826,1968564400,2135513296,1904553480,2075795942,0.01,0.01,0.01,0.01,0.00995559,0.01491029,0.00533598,0.01038347,,,,,47.39,52.61,0.9,48.77,51.23,0.95,53.09,46.91,1.13,3137605.91716,3795771.8693,4011949.36786,5123266.5628,,,,,,,,
2023-01-17,21188.2,21640,20827.8,21130.9,11614986105.4738,2075795942,2185277391,2009461817,2154803195,0.01,0.01,0.01,0.01,0.01038347,0.01372534,0.00308108,0.00330622,,,,,43.07,56.93,0.76,44.49,55.51,0.8,53.73,46.27,1.16,3871942.94507,2989862.98246,4653732.88717,4163590.60816,,,,,,,,
2023-01-18,21130.8,21672,20386,20680,17129472172.0172,2154803195,2275163277,2068931036,2103442456,0.01,0.01,0.01,0.01,0.00330622,0.01092107,-0.00399316,0.01014027,,,,,43.08,56.92,0.76,44.11,55.89,0.79,53.45,46.55,1.15,5198078.28313,4551322.09579,9514376.20093,5555335.57359,,,,,,,,
2023-01-19,20680.1,21183.9,20659.9,21068.3,7822187671.6508,2103442456,2222628981,2095527986,2213618654,0.01,0.01,0.01,0.01,0.01014027,0.01696793,0.00254251,0.002613,,,,,44.56,55.44,0.8,46.42,53.58,0.87,53.83,46.17,1.17,1269079.7714,3171757.54131,1414180.1759,3577879.18741,,,,,,,,
2023-01-20,21068.3,22750,20856.4,22661.1,15661725847.4136,2213618654,2382884620,2155188084,2236154040,0.01,0.01,0.01,0.01,0.002613,0.00859497,-0.00481947,0.00756781,,,,,43.43,56.57,0.77,42.47,57.53,0.74,52.67,47.33,1.11,1701642.38043,7025551.51967,2635303.80933,9899354.94487,,,,,,,,
2023-01-21,22661,23390,22422,22781.9,17543594054.365,2236154040,2307427834,2098657716,2175641788,0.01,0.01,0.01,0.01,0.00756781,0.01431196,0.00223939,0.01089182,,,,,45.45,54.55,0.83,43.39,56.61,0.77,53.16,46.84,1.14,3429666.3712,5091275.84974,4796060.903,7087063.47494,,,,,,,,
2023-01-22,22781.8,23080.2,22287,22704.6,10978310466.9002,2175641788,2220434287,2097094499,2140721949,0.01,0.01,0.01,0.01,0.01089182,0.01490443,0.00367335,0.00935416,,,,,45.52,54.48,0.84,47.51,52.49,0.91,53.62,46.38,1.16,2430503.75281,4157830.37603,3850981.16781,4773653.64183,,,,,,,,
2023-01-23,22704.7,23193.1,22500,22913.1,12012751541.5905,2140721949,2229151252,2105829471,2110778372,0.01,0.01,0.01,0.01,0.00935416,0.01105868,0.00501208,0.0102881,,,,,50.09,49.91,1.0,49.54,50.46,0.98,52.85,47.15,1.12,1688679.15173,4800623.74291,2599091.03863,5355708.23261,,,,,,,,
2023-01-24,22913.3,23158.7,22450,22627.4,11572370495.8856,2110778372,2178696914,2068453657,2087913150,0.01,0.01,0.01,0.01,0.0102881,0.01217369,0.00744184,0.00994101,,,,,49.59,50.41,0.98,48.88,51.12,0.96,52.81,47.19,1.12,4789767.40313,2290938.3865,6887049.94633,2740358.52,,,,,,,,
2023-01-25,22627.5,23837.4,22310.5,23060.6,15838583533.2053,2087913150,2144984101,1962079672,1980628062,0.01,0.01,0.01,0.01,0.00994101,0.01381279,0.00623717,0.0115332,,,,,50.93,49.07,1.04,50.66,49.34,1.03,52.08,47.92,1.09,3187215.25101,8087890.029,5457525.10731,11106132.0793,,,,,,,,
2023-01-26,23060.6,23278.7,22843.8,23001.9,9860007420.4434,1980628062,2083261416,1980194477,2038895670,0.01,0.01,0.01,0.01,0.0115332,0.01249793,0.00706895,0.00891904,,,,,53.67,46.33,1.16,50.37,49.63,1.02,53.25,46.75,1.14,1922839.25714,2412493.78642,2630948.19434,3094090.78612,,,,,,,,
2023-01-27,23001.9,23500,22516.6,23068,11736057557.8801,2038895670,2148359629,1957433621,2079399508,0.01,0.01,0.006491,0.01,0.00891904,0.01421134,0.00396456,0.00853613,,,,,55.51,44.49,1.25,53.54,46.46,1.15,53.31,46.69,1.14,2714945.32665,3338339.7184,4583337.04945,4484984.9005,,,,,,,,
2023-01-28,23068.1,23185,22870.8,23015.9,4287522270.158,2079399508,2090289920,2055543127,2080703623,0.01,0.01,0.01,0.01,0.00853613,0.01155544,0.00640392,0.0066714,,,,,51.98,48.02,1.08,50.89,49.11,1.04,53.18,46.82,1.14,1058879.74248,436170.88682,1355577.02338,456615.62962,,,,,,,,
2023-01-29,23016,23962.7,22961.5,23740.3,13202918917.1965,2080703623,2495865885,2065548213,2451825230,0.01,0.01,0.01,0.01,0.0066714,0.01403014,0.00501097,0.01313315,,,,,54.8,45.2,1.21,53.0,47.0,1.13,53.21,46.79,1.14,1183863.46055,6231388.19359,1611775.33475,8199475.74569,,,,,,,,
2023-01-30,23740.2,23804.6,22484.2,22819.9,13260462991.6351,2451825230,2490038548,2118003941,2131580102,0.01,0.01,0.01,0.01,0.01313315,0.01313315,0.00624998,0.00944205,,,,,45.95,54.05,0.85,45.25,54.75,0.83,53.24,46.76,1.14,5062912.56913,2442000.85852,8832387.57943,2824904.02672,,,,,,,,
2023-01-31,22819.9,23330,22715.3,23119.4,9282428624.7633,2131580102,2342177114,2125501904,2254765101,0.01,0.01,0.01,0.01,0.00944205,0.00944205,0.00433951,0.00891495,,,,,55.49,44.51,1.25,55.33,44.67,1.24,53.94,46.06,1.17,1827199.88735,2350455.60026,2565260.37445,2861077.45236,,,,,,,,
2023-02-01,23119.5,23852.4,22747,23730,13276450475.3197,2254765101,2386000970,2202689482,2379524719,0.01,0.01,0.01,0.01,0.00891495,0.01316842,0.00363811,0.01304653,,,,,52.21,47.79,1.09,49.17,50.83,0.97,53.59,46.41,1.16,2125001.27718,3883950.57033,2769932.38868,5710995.22223,,,,,,,,
2023-02-02,23730.1,24281.4,23365,23493.1,14671729878.0937,2379524719,2401983767,2283106329,2297583033,0.01,0.01,0.01,0.01,0.01304653,0.01682541,0.01010927,0.01209547,,,,,45.45,54.55,0.83,45.48,54.52,0.83,53.68,46.32,1.16,4545051.958,3603684.2094,6685039.3096,5898839.1639,,,,,,,,
2023-02-03,23493,23719.9,23201,23424.7,11047329314.3331,2297583033,2385382177,2263788143,2263788143,0.01,0.01,0.01,0.01,0.01209547,0.01395236,0.00537545,0.00856106,,,,,50.19,49.81,1.01,51.64,48.36,1.07,54.08,45.92,1.18,2050336.01544,2185636.91783,3078531.92114,2385048.02923,,,,,,,,
2023-02-04,23424.7,23591.4,23250,23322.6,4613312243.474,2263788143,2346522706,2237463546,2299590513,0.01,0.01,0.01,0.01,0.00856106,0.01135262,0.00435407,0.00669378,,,,,56.72,43.28,1.31,54.48,45.52,1.2,53.2,46.8,1.14,1160537.092,945667.89549,1328344.7509,1106375.25329,,,,,,,,
2023-02-05,23322.6,23436,22741,22929.2,8235029520.0495,2299590513,2376264754,2293942475,2352402471,0.01,0.01,0.01,0.01,0.00669378,0.01211832,0.00206408,0.0088916,,,,,58.36,41.64,1.4,56.08,43.92,1.28,53.22,46.78,1.14,2438633.83911,1136958.1598,4919219.57411,1230731.9848,,,,,,,,
2023-02-06,22929.3,23159.4,22600,22757.7,9551121509.4421,2352402471,2425977232,2320576645,2345535163,0.01,0.01,0.01,0.01,0.0088916,0.01235928,0.00845311,0.00847738,,,,,61.38,38.62,1.59,58.69,41.31,1.42,53.12,46.88,1.13,2699808.84717,1936433.13104,3830502.26357,2273105.81194,,,,,,,,
2023-02-07,22757.8,23368.6,22742.4,23234.1,10296954749.3418,2345535163,2419552274,2324325136,2355952726,0.01,0.01,0.01,0.01,0.00847738,0.01170493,0.00033161,0.009675,,,,,60.57,39.43,1.54,57.26,42.74,1.34,53.01,46.99,1.13,1477923.02453,2916359.73828,2009878.77033,4047634.42468,,,,,,,,
2023-02-08,23234.1,23450,22662.9,22955.9,8824408898.7536,2355952726,2481387514,2334959169,2408156230,0.01,0.01,0.01,0.01,0.009675,0.01183146,0.00418971,0.00733285,,,,,56.9,43.1,1.32,52.83,47.17,1.12,53.34,46.66,1.14,3299310.33513,1642767.85299,4516006.44503,2206780.43929,,,,,,,,
2023-02-09,22955.9,23007.8,21684.7,21793.4,16381212591.779,2408156230,2445642736,2148772523,2175238956,0.01,0.01,0.01,0.01,0.00733285,0.01178299,0.00545618,0.00961429,,,,,61.74,38.26,1.61,59.37,40.63,1.46,53.41,46.59,1.15,8654293.87521,2578421.72965,14104386.27331,2835085.64655,,,,,,,,
2023-02-10,21793.3,21933.8,21405,21618.6,9559784545.5504,2175238956,2281103625,2173985479,2202037473,0.01,0.01,0.007742,0.007742,0.00961429,0.01286778,0.00279188,0.0055365,,,,,60.25,39.75,1.52,60.82,39.18,1.55,53.58,46.42,1.15,1684295.26109,2835235.76842,2875715.44089,2951958.70472,,,,,,,,
2023-02-11,21618.5,21891.9,21594.4,21851.3,4107432552.4776,2202037473,2288565116,2189706680,2225929301,0.007742,0.01,0.004176,0.005343,0.0055365,0.00721849,-0.00465034,0.00349543,,,,,62.15,37.85,1.64,59.82,40.18,1.49,53.06,46.94,1.13,149140.62715,681044.91693,155384.67355,932041.00963,,,,,,,,
2023-02-12,21851.2,22080.9,21618,21771.1,6050112607.4028,2225929301,2237140749,2119348006,2155315650,0.005343,0.01,0.000026,0.002098,0.00349543,0.00527505,-0.0041503,-0.00066324,,,,,63.74,36.26,1.76,59.85,40.15,1.49,54.01,45.99,1.17,1529733.19488,923799.26039,2071978.02668,1300893.83419,,,,,,,,
2023-02-13,21771,21888,21338,21766.2,11064220561.0493,2155315650,2258976973,2141676147,2179925608,0.002098,0.01,0.000633,0.01,-0.00066324,0.01046525,-0.00066324,0.00835453,,,,,63.65,36.35,1.75,60.46,39.54,1.53,53.53,46.47,1.15,8130027.3812,3542152.04952,9246152.3683,3859027.03582,,,,,,,,
2023-02-14,21766.1,22320,21485.2,22187.4,13138254373.5416,2179925608,2328088477,2158833398,2294840186,0.01,0.01,0.002187,0.002409,0.00835453,0.01300956,0.00285382,0.00484042,,,,,62.82,37.18,1.69,60.54,39.46,1.53,54.28,45.72,1.19,2714705.09671,4005031.93831,3553438.71931,5728948.22941,,,,,,,,
2023-02-15,22187.4,24420,22038.5,24332.6,19105537254.4264,2294840186,2644785499,2256963427,2644695717,0.002409,0.01,0.000955,0.01,0.00484042,0.01387727,-0.00399853,0.01373937,,,,,57.11,42.89,1.33,55.14,44.86,1.23,53.53,46.47,1.15,1900982.8034,7125882.95173,2147837.5776,11611928.31953,,,,,,,,
2023-02-16,24332.7,25290,23518,23526.6,23594238634.1709,2644695717,2895390420,2539270707,2547668461,0.01,0.025877,0.01,0.01,0.01373937,0.03968138,0.01366503,0.01378701,,,,,48.15,51.85,0.93,46.25,53.75,0.86,53.96,46.04,1.17,8543615.39449,6181389.83043,12842185.32619,8539130.55753,,,,,,,,
2023-02-17,23526.7,25043.2,23350,24581.5,22269409982.3677,2547668461,2722529686,2409576159,2651856382,0.01,0.01,0.01,0.01,0.01378701,0.01460879,0.00387869,0.01454408,,,,,43.98,56.02,0.79,49.42,50.58,0.98,56.65,43.35,1.31,6297843.34758,9392598.28666,8553840.30738,13082690.79286,,,,,,,,
2023-02-18,24581.3,24887.5,24430.6,24636.9,6441561947.1146,2651856382,2737685199,2649776137,2714352320,0.01,0.01,0.01,0.01,0.01454408,0.01679727,0.00840219,0.01109135,,,,,47.27,52.73,0.9,46.5,53.5,0.87,56.6,43.4,1.3,1281379.63384,1711835.93493,1359909.76984,2006826.45233,,,,,,,,
2023-02-19,24636.8,25200,24179.4,24265.9,13408793460.8394,2714352320,2921512500,2596523378,2596523378,0.01,0.01,0.01,0.01,0.01109135,0.02211855,0.00723471,0.00780064,,,,,47.45,52.55,0.9,48.71,51.29,0.95,56.02,43.98,1.27,2605669.20214,5165153.42803,4814110.16804,6304523.02153,,,,,,,,
2023-02-20,24267.1,25140,23827,24849.9,15953680151.2886,2596523378,2861232685,2531768431,2763431837,0.01,0.01,0.01,0.01,0.00780064,0.01531459,0.00744002,0.01478776,,,,,49.85,50.15,0.99,51.5,48.5,1.06,55.81,44.19,1.26,4406296.01339,4012007.68417,6461532.15949,5309192.48407,,,,,,,,
2023-02-21,24849.9,25347.6,24150,24443.4,17995879218.2624,2763431837,2970527677,2619200268,2681197642,0.01,0.01,0.01,0.01,0.01478776,0.01872594,0.00534177,0.00984512,,,,,48.34,51.66,0.94,49.4,50.6,0.98,55.49,44.51,1.25,6597558.56377,6011681.00317,9445120.98717,6904957.93777,,,,,,,,
2023-02-22,24443.3,24468.5,23572,24171.3,17500488334.599,2681197642,2705965400,2528558444,2544232606,0.01,0.01,0.01,0.01,0.00984512,0.0104865,0.00330685,0.00937519,,,,,58.73,41.27,1.42,58.34,41.66,1.4,55.64,44.36,1.25,7705467.98258,4536648.09112,10887140.74488,5234012.39832,,,,,,,,
2023-02-23,24171.3,24588,23590,23928.8,18066557389.8968,2544232606,2599589814,2458058952,2494916502,0.01,0.01,0.003297,0.004978,0.00937519,0.0115582,0.0029338,0.00657705,,,,,62.87,37.13,1.69,60.88,39.12,1.56,54.84,45.16,1.21,5671416.63443,4792370.04112,9856590.64973,5558936.57542,,,,,,,,
2023-02-24,23928.7,24138.6,22800,23175.6,17175989461.1222,2494916502,2580216995,2430413062,2451703166,0.004978,0.01,-0.004223,0.001219,0.00657705,0.01252554,-0.00386499,0.00295054,,,,,63.92,36.08,1.77,62.0,38.0,1.63,54.32,45.68,1.19,6611162.59671,3326265.16866,9864205.15171,4035622.50596,,,,,,,,
2023-02-25,23175.5,23210.5,22700,23146.2,7149034535.6876,2451703166,2593475412,2441326344,2537478731,0.001219,0.0075,-0.00108,0.007378,0.00295054,0.00960357,0.00225644,0.00789835,,,,,68.56,31.44,2.18,66.76,33.24,2.01,53.87,46.13,1.17,3721094.60101,1266289.50851,4636257.78421,1438976.10201,,,,,,,,
2023-02-26,23146.2,23675,23050,23545.3,8662889065.0072,2537478731,2564478248,2472056743,2513906817,0.007378,0.01,0.001324,0.008133,0.00789835,0.01119084,0.00396741,0.01071351,,,,,67.31,32.69,2.06,64.78,35.22,1.84,53.71,46.29,1.16,1695805.33994,2758025.58344,1936860.97024,4077048.39744,,,,,,,,
2023-02-27,23545.2,23888,23088,23480,13515742677.341,2513906817,2583379490,2349986111,2364852036,0.008133,0.009147,0.000554,0.003414,0.01071351,0.01071351,-0.00142806,0.00487846,,,,,64.88,35.12,1.85,61.02,38.98,1.57,53.76,46.24,1.16,3903667.60777,2421140.63145,4874929.68767,3278797.59895,,,,,,,,
2023-02-28,23480,23592.8,23010,23129.6,10669670933.0109,2364852036,2461453350,2329609625,2388821505,0.003414,0.006431,-0.00078,0.000224,0.00487846,0.00684445,-0.000631,0.00119735,,,,,64.5,35.5,1.82,61.87,38.13,1.62,54.17,45.83,1.18,4295775.28978,1689317.90955,5875277.78348,1979181.32875,,,,,,,,
2023-03-01,23129.7,24022.7,23008.4,23619.8,14565775532.6795,2388821505,2573533692,2374336268,2449612392,0.000224,0.01,-0.000474,0.008612,0.00119735,0.01590458,-0.00100167,0.00898177,,,,,64.93,35.07,1.85,63.09,36.91,1.71,53.55,46.45,1.15,6193339.75912,4084032.8128,6882608.27802,6134223.4592,,,,,,,,
2023-03-02,23619.8,23790.5,23183,23457.1,9812537532.8754,2449612392,2584202380,2425892326,2543333886,0.008612,0.01,0.007133,0.01,0.00898177,0.01197543,0.00505025,0.00940759,,,,,62.32,37.68,1.65,59.31,40.69,1.46,54.27,45.73,1.19,2725307.2129,1800734.95532,3295083.3009,2171795.34772,,,,,,,,
2023-03-03,23457.1,23468.5,21883.2,22342.8,13630698969.4426,2543333886,2545937874,2220922222,2270385245,0.01,0.01,-0.005449,0.000537,0.00940759,0.0102691,-0.0079447,0.00209774,,,,,65.9,34.1,1.93,63.54,36.46,1.74,54.0,46.0,1.17,5334097.2142,2497797.40443,11523171.7446,2794091.06733,,,,,,,,
2023-03-04,22342.8,22400,22147.5,22335.7,3909825990.8295,2270385245,2274835729,2183026161,2223451839,0.000537,0.004427,-0.000553,0.001883,0.00209774,0.00507301,-0.00336352,0.00420336,,,,,68.54,31.46,2.18,66.78,33.22,2.01,53.06,46.94,1.13,1856076.89009,525680.72683,2146740.79309,641750.48203,,,,,,,,
2023-03-05,22335.8,22650,22174.9,22419.4,6328688960.0715,2223451839,2272545755,2154484470,2229491628,0.001883,0.005242,-0.000567,0.004066,0.00420336,0.0049741,-0.00612544,0.00020955,,,,,67.71,32.29,2.1,64.66,35.34,1.83,52.82,47.18,1.12,928819.66865,1380756.04244,1119427.71005,1713705.25654,,,,,,,,
2023-03-06,22419.3,22594.5,22240.1,22397.1,6701933168.9774,2229491628,2419437765,2211322995,2320586094,0.004066,0.007953,0.001226,0.001226,0.00020955,0.0067334,-0.00368235,-0.00048344,,,,,67.17,32.83,2.05,62.77,37.23,1.69,53.21,46.79,1.14,2642541.94352,470519.70963,4237960.30622,844583.85693,,,,,,,,
2023-03-07,22397.1,22550,21908,22187.1,12196293261.4753,2320586094,2352045604,2269172930,2322083509,0.001226,0.005612,0.001,0.002956,-0.00048344,0.00751365,-0.00048344,0.00580361,,,,,66.33,33.67,1.97,62.86,37.14,1.69,52.97,47.03,1.13,2631063.69333,1667967.6934,3965038.23873,2171990.5876,,,,,,,,
2023-03-08,22187.1,22276.4,21540.5,21695.4,12052812453.2903,2322083509,2428875710,2286162991,2323749797,0.002956,0.01,0.000116,0.01,0.00580361,0.00934613,-0.00110935,0.00861091,,,,,68.41,31.59,2.17,65.66,34.34,1.91,52.9,47.1,1.12,3864176.89213,1459937.97602,5524667.78353,1665756.27382,,,,,,,,
2023-03-09,21695.3,21823,20003.5,20348.3,20058057065.551,2323749797,2506475775,2013488805,2015513415,0.01,0.01,-0.008822,-0.008822,0.00861091,0.01082018,-0.00749626,-0.00742767,,,,,68.25,31.75,2.15,66.52,33.48,1.99,51.83,48.17,1.08,7502481.74577,2540067.96383,13778555.94947,2841579.87633,,,,,,,,
2023-03-10,20348.4,20351.8,19521.6,20140.3,24518166379.0922,2015513415,2028690324,1877549638,1948621342,-0.008822,0.003533,-0.013091,0.002392,-0.00742767,0.00164936,-0.0117679,-0.00782553,,,,,68.94,31.06,2.22,69.11,30.89,2.24,52.63,47.37,1.11,8880671.75717,6504053.73732,12694033.78567,8355743.08412,,,,,,,,
2023-03-11,20140.3,20674.5,19752.5,20447.3,15235777458.3201,1948621342,1989514102,1800955850,1886063776,0.002392,0.002392,-0.004317,0.000357,-0.00782553,-0.0031945,-0.0362405,-0.01783708,,,,,66.13,33.87,1.95,65.31,34.69,1.88,51.88,48.12,1.08,5422799.59589,7243704.19725,6350020.74699,9283134.95735,,,,,,,,
2023-03-12,20447.3,22184,20262.2,21986.2,18488563160.1789,1886063776,1989829964,1861831178,1925066560,0.000357,0.01,-0.004693,0.01,-0.01783708,0.0009745,-0.05613295,-0.02792037,,,,,63.21,36.79,1.72,61.74,38.26,1.61,51.15,48.85,1.05,3088089.9212,6200024.26086,3801314.2636,9181696.45276,,,,,,,,
2023-03-13,21986.2,24517.2,21804,24119.5,33150381462.2199,1925066560,2435358035,1925066560,2388831496,0.01,0.031377,0.001454,0.015295,-0.02792037,0.03057998,-0.02792037,0.02033221,,,,,58.43,41.57,1.41,55.41,44.59,1.24,52.45,47.55,1.1,8661674.04641,9362353.13427,10916825.03241,14183347.13727,,,,,,,,
2023-03-14,24119.4,26489.9,23951,24682.5,39410374621.486,2388831496,2985642960,2316318920,2387401005,0.015295,0.043771,0.01,0.01,0.02033221,0.03016116,-0.00827861,0.00872557,,,,,46.03,53.97,0.85,46.71,53.29,0.88,53.54,46.46,1.15,12673022.93073,10241572.87348,18468242.27383,16021389.90198,,,,,,,,
2023-03-15,24682.5,25200,23888,24288,27097219812.8601,2387401005,2615008742,2254753222,2266059856,0.01,0.03403,0.01,0.01,0.00872557,0.02307424,0.00477195,0.00569791,,,,,50.38,49.62,1.02,51.82,48.18,1.08,54.92,45.08,1.22,9208288.1181,8970962.44354,13191819.7247,10679538.17804,,,,,,,,
2023-03-16,24287.9,25167.9,24120.5,24990.4,18169606631.2213,2266059856,2656351594,2260916549,2595136510,0.01,0.01,0.003244,0.003285,0.00569791,0.0084199,0.00056954,0.00568449,,,,,51.42,48.58,1.06,52.13,47.87,1.09,56.4,43.6,1.29,3136763.35132,4582088.06702,4155209.26662,5744181.33562,,,,,,,,
2023-03-17,24990.5,27763.4,24875.3,27384,35442952896.1046,2595136510,3164927326,145427623,2923394059,0.003285,0.01,0.002003,0.01,0.00568449,0.01220266,0.00185851,0.01072577,,,,,48.72,51.28,0.95,48.08,51.92,0.93,56.54,43.46,1.3,6255297.98395,10229447.16837,8647380.66475,15636563.87597,,,,,,,,
2023-03-18,27383.9,27726.4,26555.5,26907,20184304252.1992,2923394059,3032796405,2789414575,2867684019,0.01,0.01,0.01,0.01,0.01072577,0.01443512,0.00757672,0.00844927,,,,,44.04,55.96,0.79,43.11,56.89,0.76,57.65,42.35,1.36,7543879.57668,5098635.68887,9825823.15688,6200921.87187,,,,,,,,
2023-03-19,26907,28397,26815.9,27955.7,20976876550.8212,2867684019,3178561629,2867684019,3130600653,0.01,0.01,0.01,0.01,0.00844927,0.01112631,0.004988,0.00976877,,,,,41.43,58.57,0.71,44.55,55.45,0.8,56.88,43.12,1.32,3162929.86112,4982700.78378,4192384.76812,7091144.57708,,,,,,,,
2023-03-20,27955.8,28483.2,27120.6,27704.1,26102774451.3192,3130600653,3350546322,2925120973,3079217913,0.01,0.01,0.005795,0.008078,0.00976877,0.01078349,0.00362966,0.00763012,,,,,43.05,56.95,0.76,42.01,57.99,0.72,55.63,44.37,1.25,7203485.69386,5411787.55591,11458457.05316,7726963.95531,,,,,,,,
2023-03-21,27704.1,28460,27288,28091.1,19152398941.9058,3079217913,3300338837,3023636058,3103553140,0.008078,0.008498,-0.00005,0.000311,0.00763012,0.00829144,-0.0108462,-0.00194502,,,,,43.54,56.46,0.77,44.05,55.95,0.79,56.1,43.9,1.28,3900909.43595,5398642.26122,4751270.79845,6581988.38872,,,,,,,,
2023-03-22,28091.1,28881,26590,27233.8,30185462116.6619,3103553140,3269864633,2775853061,2786637749,0.000311,0.01,-0.000614,0.000253,-0.00194502,0.01440387,-0.00505798,-0.00300907,,,,,42.16,57.84,0.73,41.74,58.26,0.72,55.01,44.99,1.22,6214540.65274,5565569.34511,10284927.23034,8551507.76501,,,,,,,,
2023-03-23,27233.8,28777,27101,28284.1,22582790355.3718,2786637749,3043851718,2783103307,2944600967,0.000253,0.01,-0.002679,0.01,-0.00300907,0.01078356,-0.00419952,0.00769303,,,,,46.09,53.91,0.86,46.3,53.7,0.86,53.69,46.31,1.16,5503528.47827,6087434.81552,6931317.95667,9605648.45312,,,,,,,,
2023-03-24,28284,28369.1,26960,27438.9,19369470901.4865,2944600967,3004799074,2684831507,2692443835,0.01,0.01,-0.008192,-0.000263,0.00769303,0.01095343,-0.00155555,-0.00149915,,,,,41.34,58.66,0.71,40.48,59.52,0.68,53.61,46.39,1.16,5880500.67264,2892476.35726,8613426.46844,3410576.02326,,,,,,,,
2023-03-25,27439,27788,27131.8,27447.3,9219106389.9135,2692443835,2781803545,2657180655,2668679515,-0.000263,0.002543,-0.004432,0.000088,-0.00149915,0.00485456,-0.00647759,0.00125139,,,,,48.53,51.47,0.94,49.0,51.0,0.96,54.24,45.76,1.19,2582882.94028,1352882.75835,3412716.58308,1931455.53675,,,,,,,,
2023-03-26,27447.2,28186.9,27400,27954.3,11110240822.2557,2668679515,2913868491,2668236157,2863739295,0.000088,0.005231,-0.003747,0.00288,0.00125139,0.00689615,-0.0022844,0.00416967,,,,,48.35,51.65,0.94,46.63,53.37,0.87,53.53,46.47,1.15,996460.05341,2064223.13303,1744844.77621,2837325.42203,,,,,,,,
2023-03-27,27954.2,28019.4,26480,27112,17542548454.1977,2863739295,2945880041,2649833714,2679881128,0.00288,0.006848,-0.003936,-0.00137,0.00416967,0.00603715,-0.00313903,0.00063816,,,,,45.23,54.77,0.83,43.33,56.67,0.77,53.1,46.9,1.13,5448167.6963,2140040.38089,8864441.7216,2654897.66369,,,,,,,,
2023-03-28,27112,27500,26610,27249.7,15806391514.6877,2679881128,2810751540,2661802920,2786384883,-0.00137,0.01,-0.002941,0.006117,0.00063816,0.00784127,-0.0065089,0.00513166,,,,,52.45,47.55,1.1,51.43,48.57,1.06,52.99,47.01,1.13,3205544.64148,4205029.24324,4508786.24888,5125684.22464,,,,,,,,
2023-03-29,27249.7,28649.9,27223.6,28338.5,18472332294.2941,2786384883,3151749932,2785303542,3100715950,0.006117,0.01,0.000149,0.007045,0.00513166,0.01383399,-0.0007533,0.0053216,,,,,49.24,50.76,0.97,47.21,52.79,0.89,53.12,46.88,1.13,1772266.76431,4795465.31821,2056660.27561,7140872.73731,,,,,,,,
2023-03-30,28338.6,29184.8,27654.1,28015,21882284705.4821,3100715950,3173926768,2828397814,2853818646,0.007045,0.01,-0.002907,-0.002694,0.0053216,0.01115698,-0.00060287,0.00068261,,,,,41.02,58.98,0.7,41.89,58.11,0.72,53.92,46.08,1.17,4061614.23442,4238259.37714,5994144.73492,5628139.45034,,,,,,,,
2023-03-31,28015,28675.3,27500,28454.9,17240812894.439,2853818646,3087379311,2785053386,3064894180,-0.002694,0.01,-0.004373,0.01,0.00068261,0.01186804,-0.00660302,0.00725049,,,,,48.0,52.0,0.92,48.43,51.57,0.94,53.45,46.55,1.15,2302168.95052,3407641.38366,3119943.41632,4095544.28566,,,,,,,,
2023-04-01,28454.8,28845.3,28180,28443.8,7298207724.5072,3064894180,3083813015,3005448758,3013516164,0.01,0.01,0.00398,0.004516,0.00725049,0.01288483,0.00351174,0.00423947,,,,,41.88,58.12,0.72,41.9,58.1,0.72,52.77,47.23,1.12,1131435.22152,1057345.14993,1529151.40702,1202820.50453,,,,,,,,
2023-04-02,28443.7,28516.5,27820,28161.2,8922728800.5216,3013516164,3063550219,2893501330,2954748846,0.004516,0.008904,-0.000438,0.001746,0.00423947,0.00738732,0.00059374,0.0055837,,,,,42.57,57.43,0.74,43.59,56.41,0.77,53.87,46.13,1.17,2206935.59474,1773720.48526,2861590.36394,1914755.16826,,,,,,,,
2023-04-03,28161.3,28540,27166,27786.1,20744623368.1574,2954748846,2964165168,2607132458,2621419440,0.001746,0.009066,-0.007302,-0.00608,0.0055837,0.00757975,-0.00638502,-0.0045282,,,,,47.94,52.06,0.92,48.36,51.64,0.94,53.48,46.52,1.15,4894731.39805,5238199.20503,7258116.09655,6190256.60063,,,,,,,,
2023-04-04,27786.1,28450,27650.2,28155.2,12148709961.5309,2621419440,2835464640,2605327954,2737123471,-0.00608,0.002794,-0.00608,0.002754,-0.0045282,0.00385737,-0.01023993,0.00256844,,,,,52.32,47.68,1.1,51.42,48.58,1.06,53.11,46.89,1.13,2348602.22101,1973369.63376,2622022.28871,2583412.77056,,,,,,,,
2023-04-05,28155.1,28800,27775,28154,15394732122.5846,2737123471,2917458752,2669531104,2706085563,0.002754,0.01,-0.003823,0.001442,0.00256844,0.01059315,-0.005978,0.00363735,,,,,46.82,53.18,0.88,45.78,54.22,0.84,52.31,47.69,1.1,2828851.75931,3106371.6429,4014262.24181,4385703.3524,,,,,,,,
2023-04-06,28154,28175,27684.2,28022.8,9953009181.5288,2706085563,2860814666,2691729472,2761273666,0.001442,0.004112,-0.003758,0.000937,0.00363735,0.00467304,-0.00528118,0.00098005,,,,,51.46,48.54,1.06,50.17,49.83,1.01,52.52,47.48,1.11,2454631.45386,1278478.68049,3111732.92616,1346166.23829,,,,,,,,
2023-04-07,28022.9,28096,27755,27890.7,6117992549.6379,2761273666,2864944898,2751113408,2844129132,0.000937,0.002289,-0.002367,0.000336,0.00098005,0.0036293,-0.00279089,-0.00009772,,,,,53.35,46.65,1.14,52.28,47.72,1.1,53.0,47.0,1.13,773707.10161,456877.0958,1105461.38231,499877.0958,,,,,,,,
2023-04-08,27890.7,28153.6,27850.1,27924.9,4453720122.0128,2844129132,2871306794,2825822590,2842953131,0.000336,0.005398,-0.002439,0.000927,-0.00009772,0.00731422,-0.00880879,0.0011833,,,,,55.24,44.76,1.23,53.09,46.91,1.13,52.23,47.77,1.09,718263.96829,421674.25949,756591.85199,492518.66829,,,,,,,,
2023-04-09,27924.9,28539.1,27762.8,28309.4,8589080492.4515,2842953131,2948992410,2788746076,2935242729,0.000927,0.01,-0.003721,0.01,0.0011833,0.00822768,-0.00414939,0.0080671,,,,,54.66,45.34,1.21,52.02,47.98,1.08,52.05,47.95,1.09,770785.89662,1754866.03103,915311.13942,2344397.63793,,,,,,,,
2023-04-10,28309.4,29840,28153.6,29623.1,16759353641.1389,2935242729,3561659796,2924543697,3512807028,0.01,0.01,0.006167,0.01,0.0080671,0.00946887,-0.00081207,0.00911136,,,,,47.46,52.54,0.9,45.51,54.49,0.84,52.73,47.27,1.12,1785693.59203,6887615.97784,2030372.80673,10390213.98424,,,,,,,,
2023-04-11,29623.1,30564,29573.9,30185.1,18933091368.0725,3512807028,3552473212,3364325173,3444755376,0.01,0.01,0.008744,0.00959,0.00911136,0.01267344,0.00606904,0.0093359,,,,,37.67,62.33,0.6,36.7,63.3,0.58,53.14,46.86,1.13,4007022.93873,6179018.82985,4773670.58643,8417920.13995,,,,,,,,
2023-04-12,30185.1,30480,29620,29875,16925480653.0272,3444755376,3474530936,3356401832,3400539262,0.00959,0.01,0.000278,0.00666,0.0093359,0.0093359,-0.00000345,0.00670645,,,,,39.06,60.94,0.64,39.42,60.58,0.65,53.77,46.23,1.16,3327975.71728,3255266.86214,4381904.64678,3806703.76364,,,,,,,,
2023-04-13,29874.9,30648.9,29836.7,30362.7,13196271206.7186,3400539262,3547775437,3342534169,3402250507,0.00666,0.01,-0.000119,-0.000106,0.00670645,0.01080194,0.00185656,0.00433207,,,,,44.54,55.46,0.8,44.75,55.25,0.81,53.64,46.36,1.16,1335804.79525,2648950.85572,1717304.84345,3912401.03112,,,,,,,,
2023-04-14,30362.7,31059,29925,30453.1,18802529728.4132,3402250507,3414361207,3031797499,3043995241,-0.000106,0.01,-0.005752,-0.005071,0.00433207,0.01530176,-0.00258314,-0.00243158,,,,,40.62,59.38,0.68,40.23,59.77,0.67,52.91,47.09,1.12,5547897.15068,5800869.61446,7153667.97218,7882089.78406,,,,,,,,
2023-04-15,30453,30599.9,30186,30280.4,5470511409.1366,3043995241,3090261829,3022422961,3067983602,-0.005071,0.01,-0.005071,0.007144,-0.00243158,0.01228266,-0.01123739,0.01078059,,,,,46.48,53.52,0.87,45.56,54.44,0.84,52.91,47.09,1.12,606669.0372,466797.28058,873349.2233,540368.97368,,,,,,,,
2023-04-16,30280.4,30560,30102,30286.6,6372119376.3116,3067983602,3108733569,3024932397,3031322025,0.007144,0.01,0.00704,0.01,0.01078059,0.01157284,0.00532692,0.00980433,,,,,46.54,53.46,0.87,46.27,53.73,0.86,52.58,47.42,1.11,1066394.82501,4398959.90718,1561675.94531,4467582.14578,,,,,,,,
2023-04-17,30286.6,30307.4,29219.9,29420,13502790367.1356,3031322025,3041792098,2904793104,2960188327,0.01,0.01,0.00267,0.004649,0.00980433,0.01111583,-0.00027646,0.00386625,,,,,49.06,50.94,0.96,47.3,52.7,0.9,52.23,47.77,1.09,4412590.15262,1053537.283,6414269.44202,1275624.4718,,,,,,,,
2023-04-18,29420.1,30480,29078.1,30365.8,16000011802.1088,2960188327,3048348154,2890768420,3008582893,0.004649,0.01,-0.002241,0.01,0.00386625,0.01066794,-0.00120268,0.0103293,,,,,56.11,43.89,1.28,55.32,44.68,1.24,52.27,47.73,1.1,4989776.94948,8014333.21106,5510013.11818,10340703.66416,,,,,,,,
2023-04-19,30365.9,30410,28557.3,28795.1,18888287837.7423,3008582893,3021164952,2754690072,2776377115,0.01,0.01,-0.004659,0.008579,0.0103293,0.0103293,-0.00229279,0.00568379,,,,,49.34,50.66,0.97,47.44,52.56,0.9,51.75,48.25,1.07,6130620.40813,2002147.02634,9687725.86083,2397683.59724,,,,,,,,
2023-04-20,28795,29078,27983,28229.9,18266739933.1534,2776377115,2881554571,2728250716,2796757906,0.008579,0.01,0.003234,0.006372,0.00568379,0.01034847,0.00347149,0.00847362,,,,,60.78,39.22,1.55,60.04,39.96,1.5,51.67,48.33,1.07,5199100.25614,3245314.76963,7599952.89304,3706539.10013,,,,,,,,
2023-04-21,28229.9,28368.9,27100,27252.5,19154013314.8142,2796757906,2986317772,2768929373,2790035052,0.006372,0.01,0.006013,0.01,0.00847362,0.0116569,0.00699435,0.00917459,,,,,64.95,35.05,1.85,61.94,38.06,1.63,51.82,48.18,1.08,5769565.18719,3065172.92093,10582384.81089,3485890.03693,,,,,,,,
2023-04-22,27252.6,27888,27126,27807.2,9486158887.8764,2790035052,2958318315,2790035052,2913024458,0.01,0.01,-0.000346,0.003703,0.00917459,0.01030422,-0.00245295,0.00106377,,,,,63.78,36.22,1.76,62.88,37.12,1.69,53.86,46.14,1.17,1001822.50533,1779011.85219,1210557.43653,2380317.96099,,,,,,,,
2023-04-23,27807.2,27807.3,27279.7,27576,9147744442.6039,2913024458,2945012750,2824867626,2852022291,0.003703,0.006384,-0.000543,0.004691,0.00106377,0.00765076,-0.00249482,0.00741082,0.00361119,0.00719187,-0.00045366,0.00643187,66.82,33.18,2.01,61.26,38.74,1.58,52.97,47.03,1.13,1862696.4557,1382350.35829,2381997.792,1578230.60729,,,,,,,,
2023-04-24,27575.9,28000,26919.3,27497.5,15953639941.4103,2852022291,2893152675,2782062736,2820502277,0.004691,0.006619,0.001602,0.005098,0.00741082,0.00762838,0.00120177,0.00395705,0.00643187,0.00719464,0.00087527,0.00396581,64.21,35.79,1.79,62.03,37.97,1.63,53.52,46.48,1.15,3910003.22561,6377349.81103,5595181.59471,7308210.97953,,,,,,,,
2023-04-25,27497.4,28379.9,27176.6,28286.7,14045561861.7473,2820502277,2897681009,2759213428,2881445461,0.005098,0.01,0.004041,0.00439,0.00395705,0.00913922,0.00208223,0.00508322,0.00396581,0.01000517,0.00388728,0.00451435,64.5,35.5,1.82,61.82,38.18,1.62,53.06,46.94,1.13,1357484.92531,3904047.90751,1736260.28611,5259151.69421,,,,,,,,
2023-04-26,28286.7,30048.2,27200,28395.9,36973382862.2267,2881445461,3213092302,2481297948,2627379366,0.00439,0.01,-0.003317,0.002518,0.00508322,0.011908,-0.00724511,0.001396,0.00451435,0.011725,-0.00594178,0.001335,59.55,40.45,1.47,56.2,43.8,1.28,52.89,47.11,1.12,10233478.44633,9935709.62162,16898635.32323,15130531.27132,,,,,,,,
2023-04-27,28396,29898,28365.3,29459,27782607061.0054,2627379366,2950161180,2579600846,2920233817,0.002518,0.01,0.001834,0.01,0.001396,0.007419,-0.001172,0.006322,0.001335,0.007383,-0.001618,0.006673,58.29,41.71,1.4,56.59,43.41,1.3,54.35,45.65,1.19,4525948.90943,7722710.77496,7505263.18853,9425951.21746,,,,,,,,
2023-04-28,29459,29591.1,28870,29300,14879277869.0344,2920233817,3032410599,2908662571,2941302375,0.01,0.01,-0.000005,0.000086,0.006322,0.009213,-0.002456,-0.000364,0.006673,0.010006,-0.000404,-0.000404,48.32,51.68,0.94,47.42,52.58,0.9,55.33,44.67,1.24,1601921.47033,2268933.69916,2821820.19103,2559744.90076,,,,,,,,
2023-04-29,29300,29443.9,29000.4,29212.7,6381224256.5247,2941302375,3032138196,2920525720,2930742581,0.000086,0.01,-0.000371,0.003152,-0.000364,0.005286,-0.007607,0.002647,-0.000404,0.007602,-0.006887,0.002456,51.24,48.76,1.05,51.41,48.59,1.06,55.68,44.32,1.26,486961.49309,786126.96515,673316.56519,829330.46885,,,,,,,,
2023-04-30,29212.7,29950,29067.4,29223,12308329842.3676,2930742581,3134400900,2877233605,2877233605,0.003152,0.007717,0.002429,0.002429,0.002647,0.009015,-0.000833,0.003325,0.002456,0.008414,0.000008,0.002533,52.3,47.7,1.1,52.24,47.76,1.09,55.5,44.5,1.25,2207764.33481,5157198.40621,2881913.33291,6052502.80791,,,,,,,,
2023-05-01,29223,29325.5,27650,28054.4,17714846451.1881,2877233605,2959730026,2719880030,2860192016,0.002429,0.009697,-0.006505,0.000968,0.003325,0.010309,-0.000973,0.005099,0.002533,0.010096,-0.003352,0.004048,52.3,47.7,1.1,51.38,48.62,1.06,55.84,44.16,1.26,9868385.89189,2388405.48922,14806999.82369,2766449.84752,,,,,,,,
2023-05-02,28054.5,28888,27854,28656.5,14563144199.5265,2860192016,3026283454,2860192016,2906113583,0.000968,0.008568,-0.000342,0.008568,0.005099,0.009017,-0.004005,0.000851,0.004048,0.009093,-0.003829,0.002537,62.65,37.35,1.68,61.51,38.49,1.6,54.21,45.79,1.18,1678865.13281,3100314.3137,1939988.70471,4018025.4926,,,,,,,,
2023-05-03,28656.4,29258.4,28080,29018.4,19317324257.173,2906113583,2912428396,2709804023,2813992322,0.008568,0.01,0.003853,0.01,0.000851,0.01093,0.000851,0.010843,0.002537,0.010101,0.002537,0.010002,56.74,43.26,1.31,53.05,46.95,1.13,53.24,46.76,1.14,3088836.52875,3869179.28758,4238597.69215,6354963.60878,,,,,,,,
2023-05-04,29018.4,29380,28660,28826,12351553406.5821,2813992322,2994865425,2812279070,2918885679,0.01,0.01,0.001701,0.003708,0.010843,0.01155,0.00254,0.002897,0.010002,0.012066,0.002095,0.002508,53.63,46.37,1.16,52.08,47.92,1.09,54.65,45.35,1.21,1559411.42187,1303804.3163,2152847.84657,1422558.8205,,,,,,,,
2023-05-05,28826,29693,28618.3,29491.5,16927216635.3545,2918885679,3161884437,2864145404,3099336919,0.003708,0.01,0.001789,0.01,0.002897,0.009575,-0.002663,0.007863,0.002508,0.010841,-0.000414,0.007938,54.68,45.32,1.21,54.48,45.52,1.2,54.36,45.64,1.19,1753903.5121,6767258.22834,2066858.2868,7840149.99094,,,,,,,,
2023-05-06,29491.5,29840,28333,28837.8,13798893576.7451,3099336919,3128292481,2819120171,2846167672,0.01,0.01,0.003979,0.004321,0.007863,0.01031,-0.002764,-0.001662,0.007938,0.010361,-0.000678,-0.000231,45.94,54.06,0.85,45.61,54.39,0.84,54.66,45.34,1.21,4204628.08197,2150367.16467,6432146.17837,2862175.12797,,,,,,,,
2023-05-07,28837.9,29137,28370,28419.4,8896346921.4553,2846167672,2911396140,2813146717,2839939524,0.004321,0.007486,0.000727,0.000727,-0.001662,0.007623,-0.004165,0.002963,-0.000231,0.007281,-0.002062,0.001835,58.33,41.67,1.4,57.86,42.14,1.37,54.82,45.18,1.21,1829780.2846,1373832.40196,2769752.4715,1907728.24746,,,,,,,,
2023-05-08,28419.5,28624.6,27250,27659.8,18339448841.5954,2839939524,2980290958,2797896271,2921956821,0.000727,0.00777,-0.004596,0.005099,0.002963,0.005655,-0.012973,0.000985,0.001835,0.005841,-0.008572,0.002151,57.43,42.57,1.35,56.58,43.42,1.3,54.58,45.42,1.2,8055017.001,2967917.53569,11559806.8968,3293390.54759,,,,,,,,
2023-05-09,27659.8,27815.6,27316.8,27610.2,10141376608.1264,2921956821,3061962343,2901687403,2995795436,0.005099,0.009563,0.000329,0.003851,0.000985,0.008359,-0.003329,0.005831,0.002151,0.009053,-0.000272,0.005392,68.67,31.33,2.19,65.65,34.35,1.91,52.51,47.49,1.11,2039129.89263,1818165.04679,2291165.59153,2167464.55599,,,,,,,,
2023-05-10,27610.2,28297,26666.6,27582.9,20001871329.2478,2995795436,3076449282,2742951000,2809808182,0.003851,0.01,-0.007608,0.00158,0.005831,0.007253,-0.007123,-0.001249,0.005392,0.007031,-0.007757,-0.00066,67.86,32.14,2.11,64.19,35.81,1.79,52.73,47.27,1.12,6049692.72874,10045897.87648,8446805.62314,11611031.63818,,,,,,,,
2023-05-11,27583,27630,26688.8,26956.4,14649117852.9953,2809808182,2964826491,2786130593,2931701540,0.00158,0.009586,0.00158,0.003675,-0.001249,0.008654,-0.004857,0.004324,-0.00066,0.008063,-0.001834,0.003436,66.28,33.72,1.97,62.88,37.12,1.69,52.56,47.44,1.11,4551594.85367,1824954.05923,5766691.63877,1907090.88373,,,,,,,,
2023-05-12,26956.4,27090,25751,26785.1,16262908038.6062,2931701540,2999423767,2840024354,2862956993,0.003675,0.008641,-0.000092,-0.00001,0.004324,0.007789,0.000265,0.002721,0.003436,0.008349,-0.000706,0.002158,67.26,32.74,2.05,65.33,34.67,1.88,53.65,46.35,1.16,3709972.25028,3877927.43951,6490490.15308,4923176.95081,,,,,,,,
2023-05-13,26785.2,27051.5,26674.9,26762.7,6509153676.5275,2862956993,2931715405,2838983531,2878244882,-0.00001,0.007883,-0.000164,0.001715,0.002721,0.007893,-0.002869,0.002908,0.002158,0.00795,-0.002749,0.001454,67.47,32.53,2.07,65.23,34.77,1.88,53.48,46.52,1.15,1091114.23671,715828.47657,1121414.23671,927414.07627,,,,,,,,
2023-05-14,26762.8,27200,26557,26901.9,6247907265.1203,2878244882,2960199466,2825990891,2900658015,0.001715,0.00541,0.001091,0.004452,0.002908,0.008281,0.000404,0.003669,0.001454,0.006619,0.000326,0.003181,64.65,35.35,1.83,63.1,36.9,1.71,53.76,46.24,1.16,837969.06479,1202662.74443,972540.53019,1701348.91123,,,,,,,,
2023-05-15,26901.9,27650,26694.4,27152.5,12295451615.2949,2900658015,2989286461,2857064748,2911966523,0.004452,0.008649,-0.003095,0.008642,0.003669,0.00845,-0.004251,0.008282,0.003181,0.00748,-0.003901,0.007296,64.31,35.69,1.8,62.08,37.92,1.64,54.21,45.79,1.18,1599005.06792,2327214.29728,2477799.95382,3780625.70148,,,,,,,,
2023-05-16,27152.5,27284.7,26832,27024.8,10093362197.0743,2911966523,2967998976,2814169182,2940333491,0.008642,0.009938,0.002399,0.008371,0.008282,0.01044,0.000287,0.008805,0.007296,0.011157,0.000402,0.008656,61.24,38.76,1.58,59.27,40.73,1.46,53.63,46.37,1.16,1467449.58412,1431226.06494,2043115.14102,1503191.87374,,,,,,,,
2023-05-17,27024.7,27500,26527.5,27395.8,13192610919.459,2940333491,3037463673,2928391679,2953942437,0.008371,0.01,0.003731,0.01,0.008805,0.010309,0.003477,0.008427,0.008656,0.011219,0.00286,0.007553,63.26,36.74,1.72,61.77,38.23,1.62,54.02,45.98,1.18,2011552.60642,4530098.60957,3117301.61912,6304061.02447,,,,,,,,
2023-05-18,27395.7,27482.7,26335.3,26809.3,14727395840.0688,2953942437,2956792020,2807141054,2812192864,0.01,0.01,0.000342,0.002716,0.008427,0.010943,0.002957,0.004575,0.007553,0.011203,0.00244,0.003418,60.57,39.43,1.54,59.0,41.0,1.44,54.92,45.08,1.22,3847602.47443,2366305.00808,5213135.44203,3056845.80318,,,,,,,,
2023-05-19,26809.4,27180,26611.2,26870.1,8708772737.5804,2812192864,2874879179,2796016003,2797750495,0.002716,0.006931,0.00117,0.00533,0.004575,0.007694,0.000592,0.006436,0.003418,0.007268,0.00041,0.005446,67.59,32.41,2.09,66.33,33.67,1.97,55.17,44.83,1.23,2236716.55747,1295175.05888,2518350.34817,1422049.60788,,,,,,,,
2023-05-20,26870.1,27144.4,26813.5,27089.5,3707696440.3308,2797750495,2870929714,2785083324,2839159390,0.00533,0.00705,-0.001009,0.004792,0.006436,0.007023,-0.005014,0.002412,0.005446,0.006966,-0.005519,0.002678,66.17,33.83,1.96,63.8,36.2,1.76,55.12,44.88,1.23,208566.35041,509004.99889,218996.40661,654358.04899,,,,,,,,
2023-05-21,27089.6,27288,26642,26732.8,6431861526.7083,2839159390,2882014345,2800257897,2835803127,0.004792,0.009051,0.002991,0.002991,0.002412,0.008369,-0.003201,0.006086,0.002678,0.009135,-0.001134,0.003987,64.72,35.28,1.83,61.92,38.08,1.63,55.0,45.0,1.22,1222865.96555,226739.70442,1485151.59335,438643.39492,,,,,,,,
2023-05-22,26732.8,27097.8,26500,26840.2,8796129736.915,2835803127,2935809908,2810136978,2825837363,0.002991,0.01,-0.001956,0.01,0.006086,0.009141,0.001168,0.009053,0.003987,0.008991,0.00051,0.008738,66.56,33.44,1.99,65.18,34.82,1.87,55.08,44.92,1.23,1847147.62618,1589536.66026,2156098.47638,1868146.73146,,,,,,,,
2023-05-23,26840.2,27527.5,26782.6,27209.9,10055521160.7509,2825837363,2904021672,2795746755,2857047581,0.01,0.01,0.01,0.01,0.009053,0.011589,0.006468,0.011589,0.008738,0.011176,0.006858,0.011175,65.86,34.14,1.93,62.92,37.08,1.7,55.47,44.53,1.25,1114267.21003,2134355.63836,1281104.14053,3246451.76826,,,,,,,,
2023-05-24,27209.9,27212.9,26060,26313.8,14198719865.761,2857047581,3062073567,2761264758,3025337688,0.01,0.01,-0.000727,0.005858,0.011589,0.011589,0.00115,0.00719,0.011175,0.011175,-0.00073,0.006308,59.6,40.4,1.48,58.78,41.22,1.43,56.02,43.98,1.27,4667067.34248,2301798.97672,6882291.35948,2450773.99572,,,,,,,,
2023-05-25,26313.9,26644,25850,26461.8,10368299129.9093,3025337688,3094317119,2936706436,2963618240,0.005858,0.01,0.005787,0.01,0.00719,0.012266,-0.000663,0.007199,0.006308,0.013065,0.001712,0.007332,72.31,27.69,2.61,70.41,29.59,2.38,54.88,45.12,1.22,4082764.86535,1776969.59834,4721074.67365,2390283.56754,,,,,,,,
2023-05-26,26461.7,26925,26313.9,26689.9,8627941445.8123,2963618240,2971146740,2827780908,2832319014,0.01,0.01,0.002661,0.007146,0.007199,0.01025,0.001747,0.002952,0.007332,0.010144,0.001409,0.003182,68.48,31.52,2.17,65.29,34.71,1.88,55.11,44.89,1.23,1081841.71802,1720181.32769,1156365.75082,2135932.58789,,,,,,,,
2023-05-27,26689.8,26890,26528.6,26841.6,4371513157.213,2832319014,2919388213,2827048564,2912356896,0.007146,0.01,0.006991,0.00988,0.002952,0.009567,-0.000729,0.006455,0.003182,0.009641,0.001762,0.0068,61.45,38.55,1.59,59.65,40.35,1.48,55.65,44.35,1.26,492789.71647,717649.08119,796821.35967,767807.59179,,,,,,,,
2023-05-28,26841.6,28252.8,26746,28055.7,12079626691.7277,2912356896,3184072341,2873020898,3117456699,0.00988,0.00988,0.00988,0.00988,0.006455,0.006455,0.006455,0.006455,0.0068,0.0068,0.0068,0.0068,62.64,37.36,1.68,60.65,39.35,1.54,55.82,44.18,1.26,682897.36804,4497772.81411,769626.27484,7674763.64631,,,,,,,,
2023-05-29,28055.8,28442,27513.5,27722,11342528257.7619,3116887073,3160602729,3010517393,3095778503,0.01,0.01,0.006255,0.006255,0.010214,0.012402,0.003939,0.008553,0.009104,0.011684,0.005154,0.007002,54.63,45.37,1.2,52.07,47.93,1.09,55.89,44.11,1.27,3395877.6425,3293564.29161,3942267.7881,4059835.68191,,,,,,,,
2023-05-30,27722.1,28038.6,27530,27680.1,9289849395.6807,3095778503,3129831379,3051539886,3077368749,0.006255,0.00913,0.001392,0.00232,0.008553,0.009358,0.004488,0.008114,0.007002,0.009303,0.00269,0.006008,57.77,42.23,1.37,58.73,41.27,1.42,57.46,42.54,1.35,2165641.17602,1770645.90816,2659315.04652,2222144.89866,,,,,,,,
2023-05-31,27680,27825,26826,27201.1,12791308259.8909,3077368749,3099403504,2943801310,3037313248,0.00232,0.01,0.002087,0.002087,0.008114,0.012017,-0.002701,0.004422,0.006008,0.011652,-0.002783,0.002458,59.02,40.98,1.44,58.39,41.61,1.4,55.95,44.05,1.27,3128851.20337,1937151.38259,4179817.48067,2085381.27329,,,,,,,,
2023-06-01,27201.1,27347.9,26600,26805.3,10888951506.5607,3037313248,3107748036,2900031454,3043555797,0.002087,0.01,0.001499,0.004735,0.004422,0.01242,0.003318,0.007425,0.002458,0.013021,0.001353,0.006079,69.52,30.48,2.28,67.84,32.16,2.11,56.03,43.97,1.27,2532607.62451,1220139.42917,3897713.54971,1610530.90327,,,,,,,,
2023-06-02,26805.4,27290,26477.6,27227.8,10565372416.8004,3043555797,3107248735,2992267678,3065675328,0.004735,0.01,0.004735,0.007411,0.007425,0.01212,0.005467,0.01046,0.006079,0.013321,0.004619,0.00892,70.57,29.43,2.4,69.33,30.67,2.26,56.09,43.91,1.28,1133751.5334,2483711.57644,1480956.1286,2867137.21904,,,,,,,,
2023-06-03,27227.8,27340.2,26900,27054.9,4951602615.1575,3065675328,3107543498,3036641674,3096657536,0.007411,0.01,0.004083,0.00485,0.01046,0.011052,0.001589,0.004791,0.00892,0.011488,0.001866,0.004153,67.21,32.79,2.05,64.74,35.26,1.84,55.83,44.17,1.26,862926.82432,302649.22276,1077455.29782,335949.57456,,,,,,,,
2023-06-04,27054.9,27460,26935.3,27102.4,5933856979.7393,3096657536,3120257000,2944866847,2948299334,0.00485,0.01,0.004514,0.01,0.004791,0.012707,0.004791,0.009581,0.004153,0.013326,0.004153,0.008256,66.95,33.05,2.03,66.39,33.61,1.98,56.24,43.76,1.29,597622.29081,827097.48991,809502.98361,1125236.08081,,,,,,,,
2023-06-05,27102.4,27125,25360.1,25714.7,18313507132.4836,2948299334,3202265276,2939391770,3073789952,0.01,0.01,-0.00735,-0.007178,0.009581,0.010101,-0.018718,-0.00229,0.008256,0.010528,-0.015845,-0.004721,65.56,34.44,1.9,63.61,36.39,1.75,56.79,43.21,1.31,12523263.27657,2291418.56654,17044965.77857,2882537.01644,,,,,,,,
2023-06-06,25714.6,27358.1,25321.6,27221.5,19193449860.8437,3073789952,3131327997,2930899494,2976927881,-0.007178,0.01,-0.007194,0.01,-0.00229,0.012253,-0.003771,0.012095,-0.004721,0.009466,-0.004808,0.009207,76.31,23.69,3.22,74.51,25.49,2.92,55.63,44.37,1.25,2106893.94318,6098563.7617,2411209.88898,9042865.4613,,,,,,,,
2023-06-07,27221.5,27394.4,26111,26325.9,17580206661.2093,2976927881,3005680325,2702426885,2716432358,0.01,0.01,0.003853,0.005504,0.012095,0.012095,0.004407,0.007365,0.009207,0.011903,0.003788,0.005924,61.55,38.45,1.6,57.3,42.7,1.34,55.92,44.08,1.27,7730729.25748,3833225.33747,9689087.75828,4204976.32387,,,,,,,,
2023-06-08,26326,26800,26195.4,26485.9,8818205643.545,2716432358,2824734156,2715777921,2738505879,0.005504,0.006969,0.000077,0.006616,0.007365,0.012448,0.001378,0.008243,0.005924,0.009896,0.002571,0.006657,66.74,33.26,2.01,67.36,32.64,2.06,57.17,42.83,1.34,1819422.00269,1328121.46438,2094238.01309,1662142.33438,,,,,,,,
2023-06-09,26486,26775,26236,26468.1,7524301235.5829,2738505879,2789061329,2685437808,2715565866,0.006616,0.01,0.004295,0.00874,0.008243,0.011433,0.003056,0.010614,0.006657,0.010204,0.003287,0.009137,67.65,32.35,2.09,65.21,34.79,1.87,56.38,43.62,1.29,1076791.22781,1747611.95413,1308098.27161,1878041.52423,,,,,,,,
2023-06-10,26468.2,26525,25300,25826.6,15698928321.2749,2715565866,2768305183,2503186680,2631353575,0.00874,0.01,0.001148,0.004483,0.010614,0.010614,-0.001816,0.004287,0.009137,0.011154,-0.001312,0.00311,66.52,33.48,1.99,64.93,35.07,1.85,56.71,43.29,1.31,7141637.46577,9568612.07599,12160891.52997,10277120.94359,,,,,,,,
2023-06-11,25826.6,26199,25621.3,25909.9,7227084703.9118,2631353575,2673786485,2561681843,2573557327,0.004483,0.01,0.002768,0.008758,0.004287,0.00995,0.000485,0.009298,0.00311,0.009972,0.000491,0.007848,73.57,26.43,2.78,70.55,29.45,2.4,55.39,44.61,1.24,1378800.68603,1456032.36399,1541421.60313,1628469.19899,,,,,,,,
2023-06-12,25910,26097.7,25600,25894.8,7727683837.3337,2573557327,2657424462,2535642264,2651893110,0.008758,0.01,0.001767,0.01,0.009298,0.010509,0.003296,0.010314,0.007848,0.009363,0.002598,0.008776,69.94,30.06,2.33,66.52,33.48,1.99,55.46,44.54,1.25,1278385.98469,1429425.52105,1850539.65479,1602366.45565,,,,,,,,
2023-06-13,25894.8,26430.5,25708,25918,11308922432.2952,2651893110,2694672908,2608054358,2677045793,0.01,0.01,0.002296,0.002489,0.010314,0.011515,0.00407,0.005624,0.008776,0.010327,0.002661,0.00374,69.83,30.17,2.32,66.87,33.13,2.02,55.16,44.84,1.23,2476516.67409,1719797.09667,3155513.67979,2040339.68677,,,,,,,,
2023-06-14,25918,26099.3,24796.8,25115.9,11881929523.4667,2677045793,2717953140,2487162401,2603899397,0.002489,0.00811,-0.003579,-0.003267,0.005624,0.009003,0.001078,0.001081,0.00374,0.008921,-0.000791,-0.000767,70.05,29.95,2.34,67.16,32.84,2.05,55.22,44.78,1.23,2022670.63401,1560661.69149,4176630.82911,1747820.85719,,,,,,,,
2023-06-15,25115.9,25750,24777,25586.1,11936014470.2718,2603899397,2803280228,2602567720,2662857219,-0.003267,0.01,-0.003341,0.003916,0.001081,0.013834,-0.006452,0.007986,-0.000767,0.011381,-0.006337,0.006334,75.21,24.79,3.03,73.08,26.92,2.72,54.64,45.36,1.21,2342276.89494,2325478.23408,2779575.32534,3230683.23178,,,,,,,,
2023-06-16,25586,26526.9,25142.1,26336,13781269994.5031,2662857219,2780673308,2602416170,2756852678,0.003916,0.009889,-0.001805,0.009868,0.007986,0.009112,0.002059,0.008794,0.006334,0.007055,-0.000049,0.006365,69.97,30.03,2.33,65.79,34.21,1.92,54.33,45.67,1.19,1384071.48794,3534802.22462,1863741.21674,4443525.86912,,,,,,,,
2023-06-17,26335.9,26900,26170.8,26508.9,8106941318.3425,2756852678,2817923052,2699026907,2737946208,0.009868,0.01,0.003034,0.003706,0.008794,0.013783,0.002072,0.006631,0.006365,0.011975,0.002315,0.003798,56.64,43.36,1.31,55.01,44.99,1.22,55.71,44.29,1.26,680350.31285,920673.62494,921455.03615,1224137.05864,,,,,,,,
2023-06-18,26508.8,26709.4,26230.9,26329.7,6411604568.4122,2737946208,2855269974,2727019141,2745124175,0.003706,0.01,0.003706,0.007038,0.006631,0.009593,0.002423,0.009098,0.003798,0.008644,0.001793,0.006623,58.54,41.46,1.41,57.47,42.53,1.35,56.13,43.87,1.28,854070.56632,479425.35466,998134.32732,561318.33086,,,,,,,,
2023-06-19,26329.6,27077,26241.2,26828.5,10651201054.906,2745124175,2967000826,2732839707,2925702467,0.007038,0.01,0.003284,0.004365,0.009098,0.011186,0.001,0.007301,0.006623,0.01097,0.000974,0.005606,56.64,43.36,1.31,56.89,43.11,1.32,55.7,44.3,1.26,3728529.96121,1717188.21805,4020312.25411,2649598.22305,,,,,,,,
2023-06-20,26828.6,28397.8,26633.9,28290.6,20786320470.5634,2925702467,3456751720,2921523525,3436346501,0.004365,0.006568,-0.006439,0.006357,0.007301,0.007881,-0.004758,0.002804,0.005606,0.006513,-0.005809,0.000849,55.96,44.04,1.27,54.3,45.7,1.19,55.69,44.31,1.26,6302010.80554,4609903.95257,6884667.00364,7979298.07767,,,,,,,,
2023-06-21,28290.7,30822,28236.4,29988.5,33165675165.1846,3436346501,3756988990,3362137600,3507955708,0.006357,0.01,0.0017,0.01,0.002804,0.016799,-0.003905,0.01669,0.000849,0.015145,-0.003999,0.014298,44.72,55.28,0.81,43.59,56.41,0.77,54.92,45.08,1.22,4200868.83304,11832267.63612,5379540.48554,16935452.60762,,,,,,,,
2023-06-22,29988.5,30488,29500.1,29875,16856159782.7433,3507955708,3585769501,3389135717,3522206903,0.01,0.01,0.00804,0.01,0.01669,0.01669,0.004463,0.009142,0.014298,0.014298,0.005512,0.008302,43.87,56.13,0.78,44.09,55.91,0.79,58.15,41.85,1.39,2969070.3752,2908558.16314,4038049.4824,3565130.38284,,,,,,,,
2023-06-23,29875,31500,29792,30673.4,21419760393.826,3522206903,3808632672,3515366238,3528000674,0.01,0.01,0.008138,0.01,0.009142,0.011709,0.007182,0.007467,0.008302,0.01198,0.007198,0.007633,41.75,58.25,0.72,44.3,55.7,0.8,58.55,41.45,1.41,2801849.89393,6062638.84587,4308883.83043,8643735.77277,,,,,,,,
2023-06-24,30673.5,30796.5,30222,30524.2,8546716541.9953,3528000674,3546772199,3423664457,3464230321,0.01,0.01,0.01,0.01,0.007467,0.011924,0.002847,0.011158,0.007633,0.013142,0.005191,0.009865,43.49,56.51,0.77,43.76,56.24,0.78,58.73,41.27,1.42,1651798.29734,6524871.65073,2581137.51844,6969341.16023,,,,,,,,
2023-06-25,30524.2,31053.2,30252.6,30458,9236902767.1155,3464230321,3586366384,3454052069,3468368870,0.01,0.01,0.01,0.01,0.011158,0.012806,0.00865,0.012367,0.009865,0.013829,0.008356,0.010841,45.72,54.28,0.84,46.48,53.52,0.87,59.24,40.76,1.45,2532922.79187,3301210.60155,3343883.39297,3482653.40915,,,,,,,,
2023-06-26,30458,30667.3,29890.1,30260.1,12562148942.4698,3468368870,3573321527,3382820547,3479700013,0.01,0.01,0.01,0.01,0.012367,0.013503,0.005919,0.009339,0.010841,0.01264,0.005007,0.007976,48.33,51.67,0.94,48.08,51.92,0.93,58.24,41.76,1.4,3422255.93818,2891210.68044,4385643.98868,3245121.07754,,,,,,,,
2023-06-27,30260.1,30998.5,30213,30683.2,12379923818.0508,3479700013,3626812513,3476558241,3560615841,0.01,0.01,0.008081,0.01,0.009339,0.013198,0.001785,0.006915,0.007976,0.012319,0.000958,0.006221,50.61,49.39,1.03,50.23,49.77,1.01,59.03,40.97,1.44,1423487.01684,2816529.68244,2052979.12874,3407918.58234,,,,,,,,
2023-06-28,30683.2,30701.8,29804.6,30066.3,12598568201.1286,3560615841,3566251433,3295314218,3373050077,0.01,0.01,0.003891,0.006574,0.006915,0.010511,0.004775,0.006684,0.006221,0.010334,0.002955,0.006018,47.9,52.1,0.92,46.91,53.09,0.88,59.08,40.92,1.44,4182393.42728,1689317.451,5662962.69028,1828825.2698,,,,,,,,
2023-06-29,30066.3,30837,30036.1,30439.9,11648327668.8048,3373050077,3688646700,3372418920,3598797358,0.006574,0.01,0.006574,0.01,0.006684,0.012244,0.001336,0.011085,0.006018,0.011919,0.002713,0.010016,52.72,47.28,1.12,52.71,47.29,1.12,58.85,41.15,1.43,1039665.45255,3339157.41642,1428136.19315,4345706.37222,,,,,,,,
2023-06-30,30439.9,31300,29500,30460.2,24662946489.8562,3598797358,3885639285,3193843472,3227815916,0.01,0.01,0.01,0.01,0.011085,0.012179,0.003764,0.011273,0.010016,0.011284,0.00336,0.010029,47.36,52.64,0.9,46.44,53.56,0.87,58.67,41.33,1.42,4276573.42412,6633454.47285,7786118.59912,8886787.93885,,,,,,,,
2023-07-01,30460.2,30668.2,30311.3,30573.6,4133098500.5301,3227815916,3352879865,3200789151,3341121408,0.01,0.01,0.01,0.01,0.011273,0.013882,0.008752,0.011337,0.010029,0.011572,0.008199,0.009005,52.22,47.78,1.09,51.24,48.76,1.05,59.68,40.32,1.48,371665.77285,525314.57021,381265.77285,659143.35801,,,,,,,,
2023-07-02,30573.6,30800,30149.9,30612.7,7079317563.3222,3341121408,3376387420,3257649484,3323780224,0.01,0.01,0.01,0.01,0.011337,0.015214,0.00916,0.011391,0.009005,0.012471,0.008157,0.009135,49.92,50.08,1.0,49.94,50.06,1.0,60.21,39.79,1.51,1128219.37223,1594271.496,1306281.62443,1938960.3247,,,,,,,,
2023-07-03,30612.7,31395.2,30559.4,31149,11454980041.1062,3323780224,3772205522,3320638410,3674533502,0.01,0.01,0.01,0.01,0.011391,0.014834,0.006233,0.011758,0.009135,0.012104,0.006627,0.009416,49.65,50.35,0.99,49.87,50.13,1.0,60.57,39.43,1.54,1047742.66329,2504578.93938,1301708.45219,4407528.78628,,,,,,,,
2023-07-04,31149,31319.4,30600,30756.1,9313930305.3476,3674533502,3742395215,3501665604,3507245837,0.01,0.01,0.01,0.01,0.011758,0.014732,0.007692,0.009797,0.009416,0.010833,0.006746,0.008861,43.15,56.85,0.76,44.1,55.9,0.79,59.75,40.25,1.48,1989713.76394,625388.4457,2246656.68864,716853.5886,,,,,,,,
2023-07-05,30756.1,30875.2,30175.8,30488.4,8991757367.8977,3507245837,3537000816,3384146102,3432733051,0.01,0.01,0.008172,0.01,0.009797,0.011274,0.006732,0.008628,0.008861,0.011483,0.006315,0.00694,48.01,51.99,0.92,49.81,50.19,0.99,59.66,40.34,1.48,2281366.80067,1228372.0837,3781463.78277,1474076.4645,,,,,,,,
2023-07-06,30488.4,31568,29818,29874.4,22070165618.318,3432733051,3905850386,3079301625,3079514217,0.01,0.01,-0.001279,0.000834,0.008628,0.012051,-0.001477,0.003351,0.00694,0.011596,-0.003217,0.001129,52.35,47.65,1.1,51.97,48.03,1.08,59.55,40.45,1.47,5929562.78089,3556863.70416,9025270.52909,5706829.38586,,,,,,,,
2023-07-07,29874.3,30443.6,29680,30327.9,10180636849.2243,3079514217,3140051270,3039536459,3139731089,0.000834,0.005528,-0.003485,0.003777,0.003351,0.006767,-0.002026,0.001283,0.001129,0.007403,-0.00377,0.000008,56.73,43.27,1.31,55.8,44.2,1.26,59.19,40.81,1.45,1251523.56871,1334166.50541,1663280.33891,1459818.05511,,,,,,,,
2023-07-08,30328,30380,30026.8,30269.3,4191064091.0628,3139731089,3150929933,3074178956,3135824828,0.003777,0.006173,0.000609,0.005737,0.001283,0.008484,0.001283,0.003025,0.000008,0.006485,0.000008,0.002604,56.08,43.92,1.28,52.96,47.04,1.13,58.21,41.79,1.39,1095593.60194,325682.83813,1152057.59864,325682.83813,,,,,,,,
2023-07-09,30269.2,30443.4,30042,30147.8,4910678710.161,3135824828,3180354852,3069337367,3083573459,0.005737,0.008017,-0.002182,-0.002182,0.003025,0.009698,0.001062,0.003981,0.002604,0.009944,-0.000503,0.000464,56.94,43.06,1.32,55.36,44.64,1.24,58.88,41.12,1.43,809878.19085,568402.84266,970296.76545,756548.68676,,,,,,,,
2023-07-10,30147.8,31040,29928.8,30396.9,13041697817.8883,3083573459,3515626861,3048681918,3224051304,-0.002182,0.01,-0.003138,0.00801,0.003981,0.008841,0.000787,0.008206,0.000464,0.008763,-0.000623,0.006355,57.21,42.79,1.34,55.46,44.54,1.25,58.59,41.41,1.42,1982464.38157,3470143.11858,3070163.87237,4579442.94138,,,,,,,,
2023-07-11,30396.9,30804.9,30261.4,30608.4,9119165813.5013,3224051304,3310514897,3207158780,3305710341,0.00801,0.008943,0.001189,0.007041,0.008206,0.010561,0.001298,0.00986,0.006355,0.009184,0.000547,0.006722,51.91,48.09,1.08,49.98,50.02,1.0,58.76,41.24,1.43,987417.27727,2107404.75306,1231117.27727,2422589.14576,,,,,,,,
2023-07-12,30608.3,30980.5,30186,30368.9,13009892883.6699,3305710341,3513309144,3288284327,3375349751,0.007041,0.009965,-0.001573,-0.001147,0.00986,0.011241,0.002261,0.003504,0.006722,0.00967,0.000867,0.001653,49.5,50.5,0.98,48.25,51.75,0.93,58.33,41.67,1.4,2082687.3552,1013355.35305,3266205.1219,1313959.65175,,,,,,,,
2023-07-13,30368.9,31850,30233,31441.7,21574804698.4654,3375349751,3737211417,3332740326,3502418302,-0.001147,0.01,-0.007563,0.01,0.003504,0.013991,0.000792,0.013969,0.001653,0.012592,-0.002958,0.011915,55.36,44.64,1.24,54.6,45.4,1.2,57.97,42.03,1.38,3466501.12446,8747273.89028,3842939.36586,11589313.20968,,,,,,,,
2023-07-14,31441.6,31640,29876.6,30293.3,16570564756.0633,3502418302,3535183043,2895777062,3065231499,0.01,0.01,-0.007313,-0.007313,0.013969,0.014617,-0.004762,-0.00471,0.011915,0.014892,-0.007325,-0.007305,43.76,56.24,0.78,43.28,56.72,0.76,57.91,42.09,1.38,5384918.97704,1947860.34242,7487138.67104,2225194.35392,,,,,,,,
2023-07-15,30293.4,30380,30220.2,30276.4,3381736737.5057,3065231499,3078608582,3026205245,3030985482,-0.007313,0.004733,-0.008062,0.001965,-0.00471,0.004751,-0.007816,0.003709,-0.007305,0.004303,-0.009317,0.002773,62.29,37.71,1.65,61.7,38.3,1.61,56.55,43.45,1.3,381375.8046,239153.24152,382041.6808,266953.25212,,,,,,,,
2023-07-16,30276.5,30441.6,30050,30216.8,5260325251.226,3030985482,3093976046,2995101717,3049974136,0.001965,0.008195,0.001927,0.002794,0.003709,0.008624,0.001079,0.004443,0.002773,0.009289,0.001008,0.002766,61.35,38.65,1.59,58.54,41.46,1.41,55.97,44.03,1.27,1167739.79901,820807.26587,1657332.51271,854167.85767,,,,,,,,
2023-07-17,30216.9,30329.7,29630,30126.1,10343600475.4822,3049974136,3215803137,3049252921,3157413932,0.002794,0.006929,-0.002226,0.003986,0.004443,0.007625,-0.000096,0.004071,0.002766,0.007752,-0.001339,0.003446,61.5,38.5,1.6,58.62,41.38,1.42,56.43,43.57,1.3,6264920.92499,1953610.74203,7281555.40709,2384569.40873,,,,,,,,
2023-07-18,30126,30227.5,29400,29845.6,10078120961.4781,3157413932,3286965425,3156780898,3188193512,0.003986,0.01,0.003986,0.01,0.004071,0.009891,0.001809,0.008882,0.003446,0.009757,0.002963,0.00776,63.91,36.09,1.77,61.09,38.91,1.57,55.64,44.36,1.25,2226067.57491,1343385.14625,2919531.83281,1369381.22655,,,,,,,,
2023-07-19,29845.7,30178.5,29745,29895.5,8941543968.6202,3188193512,3210995782,3121955275,3133255396,0.01,0.01,0.002661,0.002661,0.008882,0.009395,0.002527,0.003678,0.00776,0.00937,0.002077,0.002245,65.47,34.53,1.9,63.22,36.78,1.72,55.27,44.73,1.24,1672965.3078,1501785.16768,1909115.7791,1993444.17678,,,,,,,,
2023-07-20,29895.5,30420,29468.8,29791,12295839201.9788,3133255396,3287913375,3074002682,3268368495,0.002661,0.01,0.000413,0.002926,0.003678,0.011049,-0.007312,0.004969,0.002245,0.009106,-0.004821,0.004264,65.06,34.94,1.86,62.08,37.92,1.64,55.26,44.74,1.24,2034905.17413,1775553.67709,2629186.59153,2126936.80769,,,,,,,,
2023-07-21,29791,30056.2,29705.9,29891.4,6601493936.1595,3268368495,3297283897,3170546581,3187460860,0.002926,0.006114,0.000566,0.002211,0.004969,0.006243,0.00132,0.002561,0.004264,0.005895,0.000642,0.000873,67.77,32.23,2.1,64.26,35.74,1.8,54.63,45.37,1.2,701884.23565,897674.69685,735907.27385,1035069.83505,,,,,,,,
2023-07-22,29891.5,29986,29602.2,29783.5,4278965443.9345,3187460860,3217103321,3131102971,3149719793,0.002211,0.008564,-0.002355,0.002908,0.002561,0.005418,-0.001393,0.00464,0.000873,0.005032,-0.0008,0.003305,64.43,35.57,1.81,60.7,39.3,1.55,54.79,45.21,1.21,757697.59218,264552.96227,1132701.54688,269233.91697,,,,,,,,
2023-07-23,29783.5,30368.2,29718.9,30070.8,6742447941.2434,3149719793,3149719793,3017319316,3017606374,0.002908,0.01,0.002908,0.01,0.00464,0.010065,-0.000965,0.007117,0.003305,0.01097,0.000135,0.007127,64.87,35.13,1.85,62.25,37.75,1.65,55.35,44.65,1.24,1818793.00573,1677356.34254,1881962.00483,2206620.08204,,,,,,,,
2023-07-24,30070.9,30091.7,28830,29163.8,12739120957.8039,3017606374,3274651749,2990043460,3259911920,0.01,0.01,0.001629,0.007738,0.007117,0.012896,0.001405,0.008458,0.007127,0.014399,0.002004,0.006783,60.16,39.84,1.51,56.74,43.26,1.31,56.63,43.37,1.31,2856952.53545,1370304.08334,4539968.09235,1521527.19574,,,,,,,,
2023-07-25,29163.7,29379.5,29033,29216.3,5733816583.1735,3259911920,3274675791,3153665312,3164433814,0.007738,0.01,0.005529,0.009468,0.008458,0.009014,0.00221,0.006395,0.006783,0.008387,0.003334,0.005552,68.31,31.69,2.16,66.4,33.6,1.98,55.65,44.35,1.26,572430.15565,785590.24185,640943.86735,879260.91275,,,,,,,,
2023-07-26,29216.2,29670.5,29083,29336,9342516433.7706,3164433814,3238589921,3046457604,3205098050,0.009468,0.01,0.003132,0.003136,0.006395,0.011071,0.002986,0.003065,0.005552,0.010234,0.001596,0.001646,66.08,33.92,1.95,62.49,37.51,1.67,55.86,44.14,1.27,1741369.89569,1664788.29377,2025604.15949,1999942.92997,,,,,,,,
2023-07-27,29336,29558.4,29065.5,29209.7,6549772686.5735,3205098050,3314910346,3193512045,3210369288,0.003136,0.008501,0.000826,0.00435,0.003065,0.007028,-0.00096,0.004852,0.001646,0.007526,0.000014,0.004201,60.76,39.24,1.55,57.99,42.01,1.38,55.98,44.02,1.27,1441586.64254,324960.47412,1822503.72484,337461.46412,,,,,,,,
2023-07-28,29209.8,29535.7,29112.8,29299.9,6485251726.9826,3210369288,3259225448,3156716797,3163148685,0.00435,0.01,0.00261,0.01,0.004852,0.011943,0.003227,0.009188,0.004201,0.011406,0.003296,0.007867,62.68,37.32,1.68,60.6,39.4,1.54,56.67,43.33,1.31,779786.22042,1004458.49966,819807.56762,1069300.42956,,,,,,,,
2023-07-29,29300,29397.9,29237.5,29339.1,2552974723.6625,3163148685,3227771623,3158360000,3174004698,0.01,0.01,0.004006,0.008175,0.009188,0.009188,0.000838,0.007629,0.007867,0.010628,0.001977,0.006525,60.08,39.92,1.51,57.54,42.46,1.36,56.89,43.11,1.32,137091.34519,231287.58749,145627.07399,238334.87349,,,,,,,,
2023-07-30,29339.1,29442.5,29006,29271.1,4971419990.5342,3174004698,3205362302,3089468623,3111462758,0.008175,0.009174,0.001002,0.002369,0.007629,0.009525,0.001299,0.002672,0.006525,0.009871,-0.000003,0.000916,60.88,39.12,1.56,58.52,41.48,1.41,56.83,43.17,1.32,1222271.87903,615667.0086,1452774.47543,666867.0086,,,,,,,,
2023-07-31,29271.2,29525.8,29100,29220.8,6752546935.6689,3111462758,3250034015,3084101365,3181563422,0.002369,0.01,0.002369,0.006286,0.002672,0.0097,0.002475,0.007372,0.000916,0.010631,0.000916,0.006174,62.11,37.89,1.64,60.29,39.71,1.52,56.87,43.13,1.32,1028381.62523,722366.67304,1177609.11763,791998.77244,,,,,,,,
2023-08-01,29220.8,29735,28550,29701.2,12851241316.4909,3181563422,3264893381,3059359241,3234838483,0.006286,0.01,0.002776,0.01,0.007372,0.011837,0.003171,0.011534,0.006174,0.012793,0.002264,0.008983,64.87,35.13,1.85,62.22,37.78,1.65,57.05,42.95,1.33,1631787.41337,5754820.76289,3845341.20777,6919399.82289,,,,,,,,
2023-08-02,29701.2,30059.9,28906.3,29170.1,14481618624.9371,3234838483,3388257057,3234838483,3277298894,0.01,0.01,0.01,0.01,0.011534,0.013526,0.008343,0.011421,0.008983,0.012242,0.006849,0.009717,62.88,37.12,1.69,59.89,40.11,1.49,55.94,44.06,1.27,3401764.70589,2594245.16758,4072297.23719,3911990.24048,,,,,,,,
2023-08-03,29170.2,29440,28955.4,29180.2,7357451147.667,3277298894,3359796149,3255711647,3255711647,0.01,0.01,0.005989,0.008118,0.011421,0.014628,0.005329,0.011549,0.009717,0.01476,0.004814,0.00911,66.66,33.34,2.0,66.11,33.89,1.95,58.57,41.43,1.41,1193998.19762,1496470.08794,1329453.51862,1595762.86114,,,,,,,,
2023-08-04,29180.1,29323.8,28780,29101.1,6681045658.1605,3255711647,3339112453,3223089928,3337671073,0.008118,0.01,0.003346,0.004181,0.011549,0.011803,0.004397,0.008068,0.00911,0.01106,0.002355,0.005417,65.44,34.56,1.89,63.07,36.93,1.71,56.38,43.62,1.29,1621232.93252,480342.55315,2035432.98892,510742.55315,,,,,,,,
2023-08-05,29101.1,29145,28960,29057.7,2396889615.4394,3337671073,3339897496,3271671702,3273269299,0.004181,0.01,0.003842,0.01,0.008068,0.012883,0.006679,0.011448,0.005417,0.01326,0.005417,0.009964,68.53,31.47,2.18,66.18,33.82,1.96,56.57,43.43,1.3,594044.3518,258277.42293,607418.389,260372.52803,,,,,,,,
2023-08-06,29057.7,29199,28978.5,29075.9,2996932439.3375,3273269299,3273269299,3205047240,3231286819,0.01,0.01,0.008381,0.01,0.011448,0.013044,0.004032,0.012937,0.009964,0.011426,0.006362,0.01048,68.43,31.57,2.17,65.98,34.02,1.94,56.27,43.73,1.29,420383.97908,446301.43934,424983.97908,525801.43934,,,,,,,,
2023-08-07,29075.9,29274.5,28682.3,29202.7,8642376271.8236,3231286819,3323824802,3206839363,3259237478,0.01,0.01,0.007273,0.01,0.012937,0.012937,0.007054,0.011725,0.01048,0.012067,0.006756,0.009981,68.09,31.91,2.13,65.24,34.76,1.88,56.88,43.12,1.32,2615507.30008,1670770.87722,3299334.40658,2137073.14482,,,,,,,,
2023-08-08,29202.6,30250,29132.4,29759,13599283355.6286,3259237478,3778131322,3224818039,3691869791,0.01,0.01,0.00076,0.008084,0.011725,0.011725,0.001427,0.00663,0.009981,0.009981,-0.000317,0.005201,66.79,33.21,2.01,64.32,35.68,1.8,56.25,43.75,1.29,1083620.06301,7129882.14859,1414989.75431,8985227.92569,,,,,,,,
2023-08-09,29758.9,30149.7,29362,29572.8,10756917895.4505,3691869791,3822946134,3465008081,3485397775,0.008084,0.01,0.005237,0.01,0.00663,0.011694,0.004733,0.011505,0.005201,0.010858,0.003401,0.010211,50.83,49.17,1.03,49.31,50.69,0.97,56.49,43.51,1.3,2164852.89952,1100605.88198,2625458.02922,1194363.75198,,,,,,,,
2023-08-10,29572.9,29729.8,29303.7,29443.7,6922643293.8603,3485397775,3542719908,3467590506,3492294404,0.01,0.01,0.005394,0.01,0.011505,0.012327,0.005752,0.009588,0.010211,0.012575,0.005027,0.008485,58.34,41.66,1.4,57.61,42.39,1.36,58.63,41.37,1.42,871201.63837,519865.18257,1351343.19297,590625.86077,,,,,,,,
2023-08-11,29443.7,29565.1,29220,29415.5,5265186188.1447,3492294404,3531863411,3455314204,3478251122,0.01,0.01,0.006434,0.01,0.009588,0.012129,0.005784,0.01077,0.008485,0.011707,0.005364,0.010452,62.17,37.83,1.64,60.64,39.36,1.54,57.12,42.88,1.33,583759.41818,291407.8434,824996.80768,309107.8434,,,,,,,,
2023-08-12,29415.5,29470,29360,29420.7,1654106361.1419,3478251122,3479560860,3443498348,3448025633,0.01,0.01,0.007121,0.01,0.01077,0.011323,0.007732,0.010087,0.010452,0.011773,0.008194,0.009435,64.59,35.41,1.82,62.72,37.28,1.68,57.25,42.75,1.34,50466.45624,324473.00935,50466.45624,334502.41135,,,,,,,,
2023-08-13,29420.8,29463,29256.6,29293.3,2472829612.6647,3448025633,3453495975,3348521491,3361601913,0.01,0.01,0.004077,0.01,0.010087,0.012479,0.00653,0.012479,0.009435,0.012227,0.005883,0.011415,65.04,34.96,1.86,62.96,37.04,1.7,57.2,42.8,1.34,1173083.22846,348034.97345,1286941.39196,354234.57345,,,,,,,,
2023-08-14,29293.3,29686.7,29070,29419.5,8677118307.7206,3361601913,3376293961,3130191622,3158595108,0.01,0.01,0.009451,0.01,0.012479,0.017521,0.00868,0.011903,0.011415,0.0149,0.007649,0.009488,66.44,33.56,1.98,64.34,35.66,1.8,57.5,42.5,1.35,3507287.23682,1523951.80765,4157378.79372,1782518.84355,,,,,,,,
2023-08-15,29419.5,29492.1,29050,29188.8,5604668682.1454,3158595108,3333832007,3147226293,3332380746,0.01,0.01,0.00613,0.01,0.011903,0.014452,0.007488,0.011869,0.009488,0.012234,0.008034,0.011166,65.88,34.12,1.93,62.89,37.11,1.7,57.86,42.14,1.37,1916672.46547,400285.1817,2751019.22097,465554.6936,,,,,,,,
2023-08-16,29188.9,29257.4,28705.1,28714.4,8152037232.5645,3332380746,3433668816,3313329728,3360656450,0.01,0.01,0.01,0.01,0.011869,0.013895,0.007853,0.011988,0.011166,0.01242,0.008046,0.011675,68.64,31.36,2.19,66.33,33.67,1.97,57.55,42.45,1.36,3265260.87201,421656.16261,4660604.88051,451361.32661,,,,,,,,
2023-08-17,28714.4,28775.9,24581,26609.7,23892295999.1771,3360656450,3461528424,2744008824,2833751507,0.01,0.01,0.006677,0.01,0.011988,0.012412,-0.022219,-0.017067,0.011675,0.013206,-0.017912,-0.015251,70.52,29.48,2.39,68.23,31.77,2.15,57.41,42.59,1.35,20790432.97214,6900748.07482,34196620.61214,10023749.18612,,,,,,,,
2023-08-18,26609.7,26818,25600,26042.1,13701231577.8645,2833751507,2841533184,2493367652,2494215936,0.01,0.01,-0.000619,-0.000274,-0.017067,0.006528,-0.017067,0.0002,-0.015251,0.005694,-0.015251,-0.000479,69.09,30.91,2.24,69.05,30.95,2.23,50.14,49.86,1.01,5005878.45881,3545350.64618,6550235.87071,4435924.24728,,,,,,,,
2023-08-19,26042,26269.4,25783.4,26088.3,5259136177.697,2494215936,2503902880,2279917161,2286516409,-0.000274,0.000882,-0.009016,-0.003134,0.0002,0.004414,-0.007259,-0.000553,-0.000479,0.004796,-0.008126,-0.002317,68.35,31.65,2.16,67.19,32.81,2.05,52.62,47.38,1.11,1585750.46424,1251050.73789,1872778.32444,1396481.57559,,,,,,,,
2023-08-20,26088.4,26285,25948.5,26175.9,3684280536.4847,2286516409,2360269840,2273985703,2348547183,-0.003134,0.000425,-0.00526,-0.002797,-0.000553,0.002178,-0.008767,-0.001235,-0.002317,0.001476,-0.00911,-0.003135,71.55,28.45,2.52,69.34,30.66,2.26,56.29,43.71,1.29,632847.74753,589642.33562,671625.62813,787029.25712,,,,,,,,
2023-08-21,26175.9,26280,25800,26115.4,6043064674.0515,2348547183,2395061480,2332616547,2376941810,-0.002797,0.006467,-0.003476,-0.000308,-0.001235,0.005722,-0.002417,0.001394,-0.003135,0.00471,-0.003215,-0.000819,71.51,28.49,2.51,69.21,30.79,2.25,55.48,44.52,1.25,2660643.8203,1029363.91863,2801854.0895,1121230.67963,,,,,,,,
2023-08-22,26115.4,26128.2,25280,26044.4,8098986458.3986,2376941810,2410365147,2219071310,2266730083,-0.000308,0.00682,-0.003571,0.000772,0.001394,0.008762,-0.002981,0.006047,-0.000819,0.008373,-0.002918,0.004638,69.07,30.93,2.23,67.74,32.26,2.1,54.36,45.64,1.19,2106570.42464,1380885.69937,3417584.27354,2385213.23457,,,,,,,,
2023-08-23,26044.5,26806,25800,26419.2,10844060829.89,2266730083,2379507674,2189392871,2216733384,0.000772,0.005199,-0.00503,-0.002896,0.006047,0.006047,-0.002606,-0.00039,0.004638,0.006053,-0.004891,-0.002909,71.27,28.73,2.48,70.03,29.97,2.34,54.84,45.16,1.21,2815841.66584,7100094.92539,3261862.89554,8129361.49009,,,,,,,,
2023-08-24,26419.2,26568.3,25835,26164.6,7517621685.1169,2216733384,2293770979,2196885592,2239777852,-0.002896,0.005944,-0.002896,-0.000647,-0.00039,0.009287,-0.005597,0.004149,-0.002909,0.008512,-0.004617,0.002726,66.32,33.68,1.97,64.85,35.15,1.85,54.63,45.37,1.2,2287069.56915,706975.57384,3126482.51935,762131.17634,,,,,,,,
2023-08-25,26164.6,26300,25754.4,26051.7,7151133874.9214,2239777852,2284320847,2188800756,2191793659,-0.000647,0.006706,-0.000855,0.003794,0.004149,0.007894,-0.001437,0.004022,0.002726,0.007251,-0.002393,0.003078,71.28,28.72,2.48,69.68,30.32,2.3,54.83,45.17,1.21,2651504.75681,1208248.74878,3072807.36961,1425462.47218,,,,,,,,
2023-08-26,26051.7,26129.4,25969,26004.3,1664151835.8984,2191793659,2231581300,2160229250,2227439247,0.003794,0.006298,-0.000138,0.00015,0.004022,0.007903,0.000201,0.005632,0.003078,0.007058,-0.00103,0.002672,70.41,29.59,2.38,68.73,31.27,2.2,55.71,44.29,1.26,31516.7749,114338.48922,31516.7749,121968.45722,,,,,,,,
2023-08-27,26004.3,26173.6,25955.6,26087.7,2255661579.4488,2227439247,2283000800,2218190717,2258542501,0.00015,0.004797,-0.000371,-0.000371,0.005632,0.00611,-0.002296,0.001375,0.002672,0.005795,-0.001943,0.000547,70.01,29.99,2.33,68.51,31.49,2.18,55.26,44.74,1.24,223548.10524,531495.74372,333148.10524,656553.58322,,,,,,,,
2023-08-28,26087.6,26244.6,25850.4,26106.5,5728145882.9836,2258542501,2329483554,2227523747,2252090809,-0.000371,0.005409,-0.001755,0.0008,0.001375,0.007802,-0.002223,0.003552,0.000547,0.006466,-0.001406,0.003138,69.88,30.12,2.32,67.88,32.12,2.11,54.17,45.83,1.18,987024.03724,1186605.26058,1519429.27634,1386672.65618,,,,,,,,
2023-08-29,26106.5,28168,25905.2,27700.1,19063847557.4485,2252090809,2645749445,2247350499,2555255116,0.0008,0.00676,-0.012295,0.004894,0.003552,0.008069,-0.009635,0.004334,0.003138,0.005918,-0.010372,0.002833,70.05,29.95,2.34,68.2,31.8,2.15,54.74,45.26,1.21,3928636.97427,5388618.73094,4524554.95247,7709102.20694,,,,,,,,
2023-08-30,27700.1,27758.2,26950,27290.4,8611297619.4567,2555255116,2558521335,2418636116,2434826562,0.004894,0.007022,0.001533,0.002946,0.004334,0.007371,0.000444,0.003569,0.002833,0.006907,0.001503,0.002497,54.15,45.85,1.18,53.14,46.86,1.13,54.07,45.93,1.18,2052984.77496,909244.12631,2664555.95226,928671.11621,,,,,,,,
2023-08-31,27290.5,27674.3,25617.8,25928,13374370128.6001,2434826562,2459224915,2095028632,2137767046,0.002946,0.009878,0.001775,0.002561,0.003569,0.009066,-0.001687,-0.000546,0.002497,0.009456,-0.001131,0.000602,54.15,45.85,1.18,53.14,46.86,1.13,54.07,45.93,1.18,3747431.82888,1243771.11042,7502614.09998,1631670.23112,,,,,,,,
2023-09-01,25928,26151.6,25312,25795.6,9314832718.9826,2137767046,2244977146,2134507877,2157874124,0.002561,0.008947,0.002057,0.004983,-0.000546,0.0106,-0.003696,0.00948,0.000602,0.010844,-0.000608,0.008259,69.15,30.85,2.24,68.96,31.04,2.22,55.51,44.49,1.25,3115190.84605,2385305.42441,3977679.87155,2727556.40571,,,,,,,,
2023-09-02,25795.6,25975,25740.6,25855.8,2780278800.436,2157874124,2182980711,2079999906,2085391534,0.004983,0.006494,-0.002813,0.004831,0.00948,0.00948,-0.001344,0.007002,0.008259,0.008541,-0.000852,0.006061,70.95,29.05,2.44,68.4,31.6,2.17,55.87,44.13,1.27,657051.9699,495960.88095,686954.1051,548720.80035,,,,,,,,
2023-09-03,25855.8,26135.2,25777,25962.1,3448807040.9031,2085391534,2124818150,2080643536,2087664411,0.004831,0.005822,-0.000632,0.002639,0.007002,0.007002,-0.002363,0.004453,0.006061,0.006887,-0.003233,0.003135,69.95,30.05,2.33,67.49,32.51,2.08,55.32,44.68,1.24,431639.67455,570331.58068,472891.44055,738855.05678,,,,,,,,
2023-09-04,25962.1,26099.3,25610,25814,4476150022.9665,2087664411,2134969173,2065075832,2092251907,0.002639,0.004991,-0.001085,0.000053,0.004453,0.006085,-0.000198,0.002215,0.003135,0.005975,0.000106,0.00076,69.2,30.8,2.25,66.75,33.25,2.01,54.72,45.28,1.21,1289025.92783,803731.07991,1717094.18463,833165.79111,,,,,,,,
2023-09-05,25814,25900,25531.2,25779.7,4801834794.0568,2092251907,2208112655,2076289941,2160722542,0.000053,0.004874,-0.002182,0.001756,0.002215,0.008753,-0.001103,0.003983,0.00076,0.007369,-0.001073,0.002766,70.46,29.54,2.39,68.41,31.59,2.17,54.65,45.35,1.21,1092249.74982,859993.9882,1288233.23862,1050393.9882,,,,,,,,
2023-09-06,25779.7,26052,25326,25747.4,6450813392.0245,2160722542,2245742142,2141806084,2143156480,0.001756,0.00571,-0.002939,0.00383,0.003983,0.007203,-0.001446,0.006967,0.002766,0.006151,-0.001405,0.005195,71.17,28.83,2.47,68.84,31.16,2.21,54.21,45.79,1.18,1890471.96952,1277444.77284,2180501.13432,1702773.00824,,,,,,,,
2023-09-07,25747.4,26451,25602.3,26240.7,6683591092.5072,2143156480,2223706968,2129115907,2172356044,0.00383,0.007293,-0.001444,-0.001444,0.006967,0.011305,0.001421,0.001968,0.005195,0.01048,-0.000849,-0.000145,72.28,27.72,2.61,70.03,29.97,2.34,54.21,45.79,1.18,683056.53074,2116562.32724,1218069.91594,2945438.13244,,,,,,,,
2023-09-08,26240.7,26437.5,25630,25899.8,6476749839.3243,2172356044,2273997319,2144273705,2162005826,-0.001444,0.001521,-0.00708,-0.005121,0.001968,0.005984,-0.005088,0.000025,-0.000145,0.005378,-0.00422,-0.002005,66.57,33.43,1.99,64.47,35.53,1.82,54.4,45.6,1.19,1221008.21387,787605.96187,1714861.59247,865926.16327,,,,,,,,
2023-09-09,25899.9,25940.6,25781.5,25892.6,1756326224.5541,2162005826,2183410217,2140197934,2162012629,-0.005121,0.002531,-0.005982,-0.000073,0.000025,0.004196,-0.002648,0.002287,-0.002005,0.003115,-0.003119,0.000805,67.54,32.46,2.08,66.41,33.59,1.98,53.61,46.39,1.16,39274.7177,46140.2907,39307.6186,46140.2907,,,,,,,,
2023-09-10,25892.6,26037.3,25508.7,25828.4,4203882568.6832,2162012629,2162704772,2093635495,2112165683,-0.000073,0.004878,-0.0003,-0.0003,0.002287,0.006371,0.000273,0.003729,0.000805,0.005426,-0.000662,0.001731,66.62,33.38,2.0,64.77,35.23,1.84,53.38,46.62,1.15,3931266.91964,508469.55584,4278589.72094,572980.11424,,,,,,,,
2023-09-11,25828.4,25895,24888,25150.4,10833019195.5704,2112165683,2272146849,2100748476,2249154563,-0.0003,0.004911,-0.002751,0.00273,0.003729,0.0075,-0.00232,0.003023,0.001731,0.007397,-0.003551,0.001745,68.17,31.83,2.14,66.13,33.87,1.95,53.51,46.49,1.15,3327751.54495,1631951.85087,4279889.55915,1657045.86647,,,,,,,,
2023-09-12,25150.4,26580,25116.4,25825.8,15363943870.2726,2249154563,2367571346,2155911892,2254356809,0.00273,0.006947,-0.003845,0.00236,0.003023,0.007281,-0.006447,0.003273,0.001745,0.008306,-0.005307,0.001772,72.28,27.72,2.61,70.58,29.42,2.4,52.66,47.34,1.11,2267615.68349,3382956.83419,2499023.54629,5758793.28979,,,,,,,,
2023-09-13,25825.8,26400,25750,26209.9,8752832680.9099,2254356809,2413475428,2229264237,2355808742,0.00236,0.005641,-0.001792,0.00043,0.003273,0.006015,-0.004873,-0.001099,0.001772,0.003793,-0.003094,-0.001072,63.08,36.92,1.71,61.5,38.5,1.6,52.94,47.06,1.13,1213570.47796,1634452.18459,1441078.31416,1868345.14829,,,,,,,,
2023-09-14,26210,26880,26106.6,26510.3,10081081780.7467,2355808742,2481247985,2265445776,2430167097,0.00043,0.003469,-0.00648,-0.002594,-0.001099,0.006091,-0.006801,-0.000316,-0.001072,0.004497,-0.007163,-0.00203,58.94,41.06,1.44,58.5,41.5,1.41,52.83,47.17,1.12,1348760.79715,2813402.07739,1556769.38975,3513034.87899,,,,,,,,
2023-09-15,26510.3,26890,26206.6,26591.1,6669561598.2409,2430167097,2449520271,2303397511,2304299109,-0.002594,0.008676,-0.003896,-0.001439,-0.000316,0.010393,-0.002011,0.00058,-0.00203,0.009616,-0.003323,-0.000147,55.93,44.07,1.27,56.05,43.95,1.28,52.49,47.51,1.11,1646704.31623,2336905.99588,1782993.47643,2573298.89338,,,,,,,,
2023-09-16,26591.1,26763.5,26430,26546.9,3729905268.503,2304299109,2359100622,2292029152,2296790004,-0.001439,0.004734,-0.005151,0.000952,0.00058,0.003869,-0.002918,0.001814,-0.000147,0.003019,-0.003833,-0.000077,57.41,42.59,1.35,57.39,42.61,1.35,52.81,47.19,1.12,1153515.45067,1123803.65828,1302418.62737,1127652.20468,,,,,,,,
2023-09-17,26547,26614.3,26377.4,26514.2,3027511461.7159,2296790004,2323099230,2227993632,2247584545,0.000952,0.0033,-0.003141,-0.000554,0.001814,0.003654,-0.003844,0.001626,-0.000077,0.002778,-0.003904,-0.000149,59.05,40.95,1.44,59.44,40.56,1.47,52.69,47.31,1.11,1292830.78476,423967.62207,1342855.63966,424420.53507,,,,,,,,
2023-09-18,26514.2,27397,26358.6,26749.9,12722167207.9362,2247584545,2663725265,2227367425,2394809568,-0.000554,0.002429,-0.008665,0.002429,0.001626,0.006042,-0.007494,0.001705,-0.000149,0.0049,-0.008092,0.000352,58.32,41.68,1.4,58.62,41.38,1.42,52.62,47.38,1.11,2733871.1314,5364235.93615,3663349.6096,6850611.10185,,,,,,,,
2023-09-19,26749.9,27480,26653.2,27196,11763984164.4253,2394809568,2655135633,2382184003,2521649646,0.002429,0.002662,-0.003319,-0.002614,0.001705,0.009742,-0.003442,0.000716,0.000352,0.007252,-0.004774,-0.000852,56.07,43.93,1.28,55.61,44.39,1.25,52.45,47.55,1.1,3062047.85953,4429790.65161,3498165.05403,5251315.89641,,,,,,,,
2023-09-20,27195.9,27381,26740,27107.7,9453379823.206,2521649646,2535737687,2391510149,2449266825,-0.002614,0.000544,-0.004268,-0.000019,0.000716,0.003291,-0.004042,0.000758,-0.000852,0.002069,-0.004326,-0.001199,54.61,45.39,1.2,54.26,45.74,1.19,52.4,47.6,1.1,2690808.24781,2086785.07342,3137488.27291,2247104.42342,,,,,,,,
2023-09-21,27107.7,27149,26360.1,26552.6,8489071543.6606,2449266825,2539868207,2440213900,2454921365,-0.000019,0.01,-0.000354,-0.000063,0.000758,0.007359,-0.00284,0.000397,-0.001199,0.008515,-0.002497,-0.000879,57.73,42.27,1.37,58.01,41.99,1.38,52.21,47.79,1.09,3762835.8665,857905.02484,4796696.2437,1128014.02494,,,,,,,,
2023-09-22,26552.6,26737.7,26452.9,26566.7,4616219481.9717,2454921365,2510969223,2436043183,2460557649,-0.000063,0.006822,-0.000431,0.006668,0.000397,0.007225,-0.004294,0.005983,-0.000879,0.005088,-0.004417,0.004922,62.97,37.03,1.7,62.72,37.28,1.68,52.38,47.62,1.1,506667.03183,613796.07352,550067.03183,622696.07352,,,,,,,,
2023-09-23,26566.7,26620.6,26492.2,26563.1,1536224279.0718,2460557649,2460688558,2420999035,2426886127,0.006668,0.006813,-0.001625,-0.001408,0.005983,0.007523,-0.001481,0.002845,0.004922,0.008374,-0.001099,0.000716,63.13,36.87,1.71,61.41,38.59,1.59,52.13,47.87,1.09,78147.392,38846.90367,78147.392,39135.72957,,,,,,,,
2023-09-24,26563,26739.9,26081,26232.4,3882520896.4162,2426886127,2462936977,2352624768,2371555378,-0.001408,0.007578,-0.002051,-0.001221,0.002845,0.007838,-0.001208,-0.001028,0.000716,0.007161,-0.002569,-0.002389,63.83,36.17,1.77,62.12,37.88,1.64,51.89,48.11,1.08,897719.20457,434823.96285,1601431.76077,475123.96285,,,,,,,,
2023-09-25,26232.4,26440,25965,26290.5,7028563256.9078,2371555378,2454270551,2331494461,2359200855,-0.001221,0.008662,-0.006894,-0.003933,-0.001028,0.009384,-0.006866,-0.000848,-0.002389,0.007612,-0.005087,-0.003634,64.38,35.62,1.81,63.58,36.42,1.75,52.31,47.69,1.1,1594928.26287,1828231.83997,2347489.09727,2062404.42777,,,,,,,,
2023-09-26,26290.5,26388,26073.8,26208.8,4732034884.9707,2359200855,2414600295,2353359803,2390430792,-0.003933,0.01,-0.003933,0.009966,-0.000848,0.007926,-0.003778,0.007887,-0.003634,0.007428,-0.005523,0.007368,64.76,35.24,1.84,62.72,37.28,1.68,52.0,48.0,1.08,961721.28245,564865.44502,1052662.56495,748636.96412,,,,,,,,
2023-09-27,26208.7,26849.9,26050,26359.6,9327952694.2552,2390430792,2620047636,2313426796,2327375569,0.009966,0.01,-0.001634,0.000693,0.007887,0.00882,0.001457,0.006094,0.007368,0.009809,-0.001141,0.003501,65.74,34.26,1.92,64.31,35.69,1.8,52.55,47.45,1.11,1411237.20398,2555257.61405,2313350.51778,3383843.12725,,,,,,,,
2023-09-28,26359.6,27308.7,26325.2,27011.8,11511231296.8273,2327375569,2624745038,2306697502,2533348442,0.000693,0.000693,-0.009942,-0.00401,0.006094,0.009159,-0.005979,-0.000483,0.003501,0.007828,-0.007664,-0.002712,64.49,35.51,1.82,62.24,37.76,1.65,52.57,47.43,1.11,1797854.38076,4448310.34315,2050753.76846,5577444.95625,,,,,,,,
2023-09-29,27011.7,27231.5,26625,26890.9,7472671004.4172,2533348442,2541668102,2377079563,2378304850,-0.00401,0.005104,-0.006258,0.000643,-0.000483,0.007025,-0.001963,0.005422,-0.002712,0.005375,-0.004194,0.003007,49.78,50.22,0.99,49.83,50.17,0.99,50.35,49.65,1.01,2043668.68873,1478715.97681,2615809.70543,1929560.14421,,,,,,,,
2023-09-30,26890.9,27085,26870.4,26950.9,2489504201.7576,2378304850,2448345704,2376774667,2430484329,0.000643,0.003068,-0.002799,0.00027,0.005422,0.006138,-0.001878,0.002505,0.003007,0.005522,-0.001744,-0.000087,55.52,44.48,1.25,56.42,43.58,1.3,51.86,48.14,1.08,219116.71294,1086114.94818,219716.71294,1132979.26128,,,,,,,,
2023-10-01,26951,28365.2,26939,27981.4,6597415892.4886,2430484329,2562918221,2369942033,2447801288,0.00027,0.006107,-0.005195,0.005831,0.002505,0.007789,-0.002794,0.007321,-0.000087,0.005647,-0.0031,0.005302,55.3,44.7,1.24,55.56,44.44,1.25,52.22,47.78,1.09,473318.68484,6899023.67033,596270.66004,7580691.44593,,,,,,,,
2023-10-02,27981.3,28613,27255,27477.6,16636036757.4324,2447801288,2720128493,2411719170,2425729900,0.005831,0.01,-0.00683,0.00431,0.007321,0.01018,-0.004807,0.008682,0.005302,0.009005,-0.00596,0.005937,52.04,47.96,1.09,50.96,49.04,1.04,52.64,47.36,1.11,6089212.0084,3920837.90686,7722894.446,4577000.11186,,,,,,,,
2023-10-03,27477.7,27665,27123,27412,7763933874.0037,2425729900,2502800885,2402158223,2405497517,0.00431,0.008366,-0.000142,0.006041,0.008682,0.009137,0.002874,0.007561,0.005937,0.008543,0.000464,0.0063,52.61,47.39,1.11,54.78,45.22,1.21,54.31,45.69,1.19,1706553.55438,1362356.82988,2523966.46048,1415796.32128,,,,,,,,
2023-10-04,27412,27830,27163.9,27759.8,7725678051.9851,2405497517,2503497516,2353026740,2499863013,0.006041,0.007138,-0.005231,-0.00376,0.007561,0.007561,0.00152,0.002604,0.0063,0.0063,-0.000663,0.000046,58.82,41.18,1.43,57.93,42.07,1.38,52.71,47.29,1.12,1082525.59187,2614256.53666,1414267.53887,2881010.80306,,,,,,,,
2023-10-05,27759.7,28110,27333.5,27398.4,10248118449.8071,2499863013,2630499159,2473439690,2509972520,-0.00376,0.002619,-0.006712,-0.001081,0.002604,0.003168,-0.004683,0.001584,0.000046,0.002711,-0.006235,0.000272,57.33,42.67,1.34,55.4,44.6,1.24,52.14,47.86,1.09,3053127.58748,2035890.82241,3570738.22498,2207888.12891,,,,,,,,
2023-10-06,27398.3,28450,27156,27916.3,12148354870.6495,2509972520,2697694721,2459877689,2625393040,-0.001081,0.002391,-0.004849,0.002187,0.001584,0.005965,-0.003235,0.004264,0.000272,0.004811,-0.004686,0.001967,58.13,41.87,1.39,57.2,42.8,1.34,52.61,47.39,1.11,1988859.31168,5128488.35609,2642423.63378,5592566.23949,,,,,,,,
2023-10-07,27916.3,28018.7,27822.1,27943,3267342158.1076,2625393040,2625542002,2522779940,2540009674,0.002187,0.004491,0.000283,0.000314,0.004264,0.006375,-0.003139,-0.000008,0.001967,0.004408,-0.002387,-0.000112,48.08,51.92,0.93,47.37,52.63,0.9,52.39,47.61,1.1,367601.9529,209390.38284,369401.9529,209990.38284,,,,,,,,
2023-10-08,27943,28082,27671,27901.2,4975001729.5113,2540009674,2592038439,2538235157,2569809921,0.000314,0.00639,-0.001882,0.00402,-0.000008,0.006216,-0.000724,0.003104,-0.000112,0.005547,-0.001362,0.001937,48.85,51.15,0.96,49.24,50.76,0.97,52.75,47.25,1.12,620645.34586,551241.40876,709877.50326,590678.17436,,,,,,,,
2023-10-09,27901.2,27977,27250,27578.3,8665868960.6957,2569809921,2616843026,2487616646,2504838682,0.00402,0.008377,0.00163,0.006349,0.003104,0.009003,-0.00209,0.008572,0.001937,0.008637,-0.001173,0.007124,50.78,49.22,1.03,51.02,48.98,1.04,52.82,47.18,1.12,2867847.00447,1689814.70835,3713195.30827,1816283.89625,,,,,,,,
2023-10-10,27578.4,27727.3,27281,27381.2,6587799296.3112,2504838682,2590526501,2477028317,2546559500,0.006349,0.007376,0.001211,0.005928,0.008572,0.008572,0.000189,0.00752,0.007124,0.007378,0.001295,0.006981,56.05,43.95,1.28,55.47,44.53,1.25,52.97,47.03,1.13,2145079.45747,946045.25673,2405905.59937,1026445.25673,,,,,,,,
2023-10-11,27381.3,27467.6,26525,26864.5,10465124294.7474,2546559500,2692708050,2500253364,2635607028,0.005928,0.01,0.005043,0.01,0.00752,0.012547,0.003185,0.012446,0.006981,0.011093,0.003338,0.010873,60.24,39.76,1.52,58.5,41.5,1.41,52.64,47.36,1.11,4849661.77898,1399070.69805,6363580.72108,1483090.46165,,,,,,,,
2023-10-12,26864.5,26939,26534.8,26744,5889871225.8816,2635607028,2638150391,2577740615,2594163881,0.01,0.01,0.002226,0.002294,0.012446,0.012446,0.002999,0.006954,0.010873,0.010873,0.002129,0.005129,67.98,32.02,2.12,66.31,33.69,1.97,54.05,45.95,1.18,1907706.23996,742960.30983,1991455.62616,781860.56643,,,,,,,,
2023-10-13,26744,27120.8,26670.1,26849.8,6531226115.3455,2594163881,2635945072,2540726657,2612369576,0.002294,0.007291,-0.000434,0.000122,0.006954,0.008548,0.001895,0.005488,0.005129,0.006309,0.000451,0.001953,64.98,35.02,1.86,63.75,36.25,1.76,54.08,45.92,1.18,1495126.94134,1543336.61159,1589932.38154,2492961.51539,,,,,,,,
2023-10-14,26849.7,26986.4,26773.1,26836.3,2208107023.8185,2612369576,2678567427,2607155900,2642277003,0.000122,0.005528,-0.004507,-0.001465,0.005488,0.008221,0.00074,0.00246,0.001953,0.006868,-0.001624,-0.000153,64.61,35.39,1.83,62.28,37.72,1.65,54.86,45.14,1.22,96345.95611,315290.7611,97680.11161,315490.7611,,,,,,,,
2023-10-15,26836.4,27456.1,26790.4,27139.8,4324469991.5009,2642277003,2676039290,2577818322,2647841434,-0.001465,0.00629,-0.001613,0.000548,0.00246,0.007603,-0.001963,0.001463,-0.000153,0.006842,-0.001541,-0.000948,64.6,35.4,1.83,62.39,37.61,1.66,53.39,46.61,1.15,876714.74844,1634483.44744,965571.47744,2129297.37234,,,,,,,,
2023-10-16,27139.8,30720,27095.4,28486.3,23288253085.6684,2647841434,2929047268,2420834512,2537491237,0.000548,0.01,-0.006718,0.000278,0.001463,0.011583,-0.004399,0.004819,-0.000948,0.011027,-0.006738,0.001828,60.6,39.4,1.54,57.78,42.22,1.37,53.51,46.49,1.15,4086624.53666,11539713.77268,6436501.02186,16339975.92508,,,,,,,,
2023-10-17,28486.3,28605,28055,28381.9,8911591635.9074,2537491237,2621388030,2481113307,2588674642,0.000278,0.002265,-0.006529,-0.003343,0.004819,0.005599,-0.005175,-0.001145,0.001828,0.004293,-0.006637,-0.003383,53.0,47.0,1.13,50.16,49.84,1.01,53.9,46.1,1.17,4502955.79637,3071596.52419,4837505.56507,3300483.67569,,,,,,,,
2023-10-18,28382,29100,28126.6,28307.1,8454733708.3922,2588674642,2653151254,2443345450,2447565249,-0.003343,0.002382,-0.004774,-0.001,-0.001145,0.003898,-0.003423,0.001009,-0.003383,0.002192,-0.003586,0.000409,49.29,50.71,0.97,49.22,50.78,0.97,53.4,46.6,1.15,2047376.13398,1230820.73371,2265795.28898,1756018.50701,,,,,,,,
2023-10-19,28307.2,28933.4,28076,28696.9,9523779728.8024,2447565249,2725319813,2439901007,2695169774,-0.001,-0.000225,-0.013389,-0.009272,0.001009,0.001702,-0.010445,-0.005064,0.000409,0.002193,-0.010118,-0.007025,53.0,47.0,1.13,52.05,47.95,1.09,53.96,46.04,1.17,1756955.03196,5206061.02644,2044304.54056,5636454.67664,,,,,,,,
2023-10-20,28697,30243,28560,29653,16251872830.6939,2695169774,2928619441,2680316635,2682254288,-0.009272,0.00846,-0.010851,-0.001664,-0.005064,0.007299,-0.010209,0.000681,-0.007025,0.007857,-0.011745,-0.001445,47.59,52.41,0.91,46.51,53.49,0.87,51.96,48.04,1.08,2568241.45052,4422723.18766,3295537.37972,7553305.67266,,,,,,,,
2023-10-21,29653,30374.6,29443.5,29895.4,7714008513.6341,2682254288,2945653375,2646807915,2880755084,-0.001664,0.007758,-0.001664,0.002572,0.000681,0.006386,-0.002882,0.002412,-0.001445,0.00582,-0.003246,0.001263,43.47,56.53,0.77,42.6,57.4,0.74,53.51,46.49,1.15,1830671.48793,2435331.17273,1996224.72753,3926526.95343,,,,,,,,
2023-10-22,29895.4,30229.7,29606.6,29981.5,5938982672.4932,2880755084,2908028692,2765203119,2791043629,0.002572,0.008991,0.000988,0.008223,0.002412,0.010262,-0.001366,0.010161,0.001263,0.0083,-0.00074,0.00816,40.49,59.51,0.68,41.12,58.88,0.7,53.11,46.89,1.13,1481479.8869,1564799.00638,1788460.7294,1794849.29908,,,,,,,,
2023-10-23,29981.4,35981.9,29869.4,33074,31143119351.1308,2791043629,3257898878,2785678143,2931442777,0.008223,0.01,-0.001096,0.01,0.010161,0.015439,-0.000608,0.013566,0.00816,0.010757,-0.002719,0.006868,41.65,58.35,0.71,42.45,57.55,0.74,53.3,46.7,1.14,6843130.40045,28823548.01272,8381292.99575,34717431.24342,,,,,,,,
2023-10-24,33074,35300,32833.5,33917,31438800324.7763,2931442777,3010004030,2822098073,2873526775,0.01,0.01,0.01,0.01,0.013566,0.025816,0.0093,0.012539,0.006868,0.025411,0.006868,0.0123,47.66,52.34,0.91,44.65,55.35,0.81,62.0,38.0,1.63,9468615.39629,12816488.02833,11853520.45999,15702561.45023,,,,,,,,
2023-10-25,33917,35154.3,33660.6,34487.7,16013137764.0726,2873526775,3104660337,2817847515,2893783492,0.01,0.01,0.01,0.01,0.012539,0.014763,0.009914,0.010792,0.0123,0.014258,0.008353,0.009754,46.41,53.59,0.87,48.32,51.68,0.94,60.95,39.05,1.56,4005431.17236,6991814.71854,4983809.94626,7854583.64524,,,,,,,,
2023-10-26,34487.8,34828.7,33750,34154,11632440286.9605,2893783492,2965660871,2826124712,2895890712,0.01,0.01,0.01,0.01,0.010792,0.014717,0.010055,0.012499,0.009754,0.014087,0.009754,0.011575,44.4,55.6,0.8,45.64,54.36,0.84,60.17,39.83,1.51,6663363.23814,4357677.45577,7679152.19624,4622764.68747,,,,,,,,
2023-10-27,34154.1,34253.3,33350,33893.1,9431378698.9429,2895890712,2971162701,2812227404,2864710074,0.01,0.01,0.01,0.01,0.012499,0.015246,0.008339,0.009899,0.011575,0.016393,0.007573,0.009672,47.63,52.37,0.91,49.26,50.74,0.97,59.89,40.11,1.49,3466268.77848,2149839.33281,5189089.28468,2251440.03701,,,,,,,,
2023-10-28,33893.2,34535.8,33867.4,34086.6,4721098104.3365,2864710074,2962774457,2862011530,2887376029,0.01,0.01,0.01,0.01,0.009899,0.01605,0.009188,0.015532,0.009672,0.01418,0.009161,0.012672,48.93,51.07,0.96,50.16,49.84,1.01,60.56,39.44,1.54,752110.49238,1174688.28066,896146.16278,1743666.42206,,,,,,,,
2023-10-29,34086.7,34773.8,33933,34528.6,6052162692.4573,2887376029,3154365860,2862777348,3040234671,0.01,0.01,0.01,0.01,0.015532,0.018443,0.00958,0.016476,0.012672,0.017515,0.00585,0.012682,49.0,51.0,0.96,49.23,50.77,0.97,59.78,40.22,1.49,1058343.39075,2211331.56044,1151720.53195,2814351.21054,,,,,,,,
2023-10-30,34528.6,34888.2,34050,34483.8,9712557953.9601,3040234671,3087479329,2915655924,2993212116,0.01,0.01,0.01,0.01,0.016476,0.017261,0.009635,0.011372,0.012682,0.014991,0.009231,0.009512,45.92,54.08,0.85,46.79,53.21,0.88,59.5,40.5,1.47,5352238.72725,3085288.00586,6520143.23085,3297826.66246,,,,,,,,
2023-10-31,34483.8,34744.7,34016.8,34651.4,9346097831.49,2993212116,3066728575,2923487488,3058822962,0.01,0.01,0.01,0.01,0.011372,0.018784,0.008275,0.011714,0.009512,0.0176,0.007408,0.010115,49.79,50.21,0.99,50.53,49.47,1.02,59.62,40.38,1.48,2453969.77525,2895120.90099,2938576.22445,3202620.49959,,,,,,,,
2023-11-01,34651.4,35734,34076,35437.4,16310840373.5209,3058822962,3292164656,2914618913,3076509544,0.01,0.01,0.01,0.01,0.011714,0.020601,0.010299,0.019727,0.010115,0.017263,0.008144,0.015419,47.03,52.97,0.89,47.92,52.08,0.92,59.82,40.18,1.49,3156191.70282,8718868.38802,4479728.06132,9938857.73402,,,,,,,,
2023-11-02,35437.5,35999.9,34300,34940.1,14411069440.5877,3076509544,3167824717,2818174725,2844157238,0.01,0.01,0.01,0.01,0.019727,0.019727,0.007118,0.009547,0.015419,0.015762,0.006206,0.007407,44.96,55.04,0.82,46.01,53.99,0.85,59.93,40.07,1.5,4912628.95225,3892500.28201,6651464.19175,4406937.57811,,,,,,,,
2023-11-03,34940.1,34944.9,34123,34700.4,10557774673.0249,2844157238,2973541119,2806817797,2827309294,0.01,0.01,0.01,0.01,0.009547,0.011252,0.005222,0.007826,0.007407,0.010354,0.003086,0.006729,49.67,50.33,0.99,51.51,48.49,1.06,59.89,40.11,1.49,6280212.48498,3159379.3981,7971796.28098,3385123.7457,,,,,,,,
2023-11-04,34700.5,35270,34571.6,35069.7,4903087436.0957,2827309294,2936905119,2821718293,2930176570,0.01,0.01,0.01,0.01,0.007826,0.012872,0.007826,0.010768,0.006729,0.012568,0.006729,0.009072,51.24,48.76,1.05,50.95,49.05,1.04,59.07,40.93,1.44,725794.84666,3004457.3471,846305.63086,3161331.4978,,,,,,,,
2023-11-05,35069.7,35455.2,34356,35025.5,8104511992.3661,2930176570,3078906634,2912288316,3014490677,0.01,0.01,0.01,0.01,0.010768,0.018069,0.010768,0.016301,0.009072,0.015994,0.009072,0.013544,47.04,52.96,0.89,46.67,53.33,0.88,59.22,40.78,1.45,2667017.17157,4211937.95585,3419671.43117,4324103.69195,,,,,,,,
2023-11-06,35025.5,35299.9,34743.2,35057.4,7084946768.0669,3014490677,3124079172,2997252630,3019474103,0.01,0.01,0.01,0.01,0.016301,0.019154,0.010191,0.01085,0.013544,0.01709,0.009441,0.010179,46.49,53.51,0.87,47.53,52.47,0.91,58.53,41.47,1.41,2659554.13249,3061042.65049,3333453.70259,3153076.04059,,,,,,,,
2023-11-07,35057.5,35921.7,34520.3,35406.5,12064060090.6891,3019474103,3217726150,3008000118,3143241097,0.01,0.01,0.01,0.01,0.01085,0.015612,0.009105,0.013812,0.010179,0.015876,0.008906,0.013285,47.73,52.27,0.91,48.49,51.51,0.94,59.15,40.85,1.45,3651238.64587,4353299.83372,3971935.31207,5293534.56732,,,,,,,,
2023-11-08,35406.5,36150,35073,35626.7,11898976175.1648,3143241097,3247496211,3064372195,3220714022,0.01,0.01,0.01,0.01,0.013812,0.016786,0.008545,0.011456,0.013285,0.016554,0.008795,0.010906,43.04,56.96,0.76,45.05,54.95,0.82,58.3,41.7,1.4,1750332.58038,4050337.91235,2101000.17168,4668772.84215,,,,,,,,
2023-11-09,35626.7,38499.9,35304,36719.5,28650466494.878,3220714022,3582347882,2917965095,2919905995,0.01,0.032009,0.01,0.01,0.011456,0.05128,0.006847,0.013133,0.010906,0.054636,0.006533,0.012917,43.22,56.78,0.76,45.43,54.57,0.83,57.75,42.25,1.37,6746384.8604,15694918.7891,9439692.4184,19270751.2691,,,,,,,,
2023-11-10,36719.6,37570,36350,37330.4,11076896066.6014,2919905995,3052545060,2869286132,2979251444,0.01,0.022651,0.01,0.01,0.013133,0.042746,0.011218,0.018229,0.012917,0.041164,0.011737,0.017189,49.99,50.01,1.0,49.84,50.16,0.99,60.03,39.97,1.5,3197153.34912,6056844.70913,3566717.47302,6832479.18553,,,,,,,,
2023-11-11,37330.3,37422.2,36588,37162.1,5903428289.9591,2979251444,3015248661,2938498684,2986355923,0.01,0.020486,0.01,0.01543,0.018229,0.02429,0.013493,0.020378,0.017189,0.024795,0.01347,0.020587,48.02,51.98,0.92,48.56,51.44,0.94,59.2,40.8,1.45,2871919.66601,2521863.4306,3342844.84411,2731109.6441,,,,,,,,
2023-11-12,37162.1,37258.4,36753.6,37085.5,4409373212.117,2986355923,3058576877,2956398538,2998402795,0.01543,0.036724,0.01543,0.032545,0.020378,0.034884,0.019882,0.032332,0.020587,0.036577,0.020587,0.032028,49.53,50.47,0.98,50.69,49.31,1.03,59.12,40.88,1.45,3854836.09645,1789403.37494,5888560.68695,1805824.52494,,,,,,,,
2023-11-13,37085.6,37464.8,36350,36486.2,9473874020.9476,2998402795,3056312957,2931688653,2935928006,0.032545,0.032545,0.010811,0.017506,0.032332,0.032332,0.01409,0.014441,0.032028,0.032028,0.014566,0.014759,49.42,50.58,0.98,50.09,49.91,1.0,59.09,40.91,1.44,5509096.59961,3471983.5674,6522469.68221,3650569.7309,,,,,,,,
2023-11-14,36486.2,36779.9,34446.3,35559,14314668616.7835,2935928006,3053041524,2692589083,2802715194,0.017506,0.022339,0.01,0.01,0.014441,0.021995,0.009502,0.009556,0.014759,0.021715,0.008152,0.00821,52.16,47.84,1.09,52.25,47.75,1.09,57.98,42.02,1.38,4806956.23313,3789771.39661,8529826.84963,3997117.53531,,,,,,,,
2023-11-15,35559.1,38000,35388,37885.6,15573852316.3826,2802715194,3157036444,2802715194,3147432549,0.01,0.01,0.01,0.01,0.009556,0.01587,0.007695,0.013012,0.00821,0.016229,0.007119,0.013271,56.71,43.29,1.31,56.28,43.72,1.29,57.25,42.75,1.34,2680802.90707,12657055.84941,2915023.60077,16241053.55771,,,,,,,,
2023-11-16,37885.5,37956.5,35486.1,36176,15963485688.0905,3147432549,3195651340,2927122727,2927122727,0.01,0.018736,0.01,0.01,0.013012,0.019428,0.006875,0.008695,0.013271,0.019556,0.006313,0.008388,44.79,55.21,0.81,44.29,55.71,0.8,57.61,42.39,1.36,12285577.81679,4202448.7466,17371163.10919,4493335.2614,,,,,,,,
2023-11-17,36176,37020.5,35868.3,36621.9,11629773626.2207,2927122727,2938431160,2799632995,2852765404,0.01,0.01,0.01,0.01,0.008695,0.014631,0.007411,0.00829,0.008388,0.01477,0.007179,0.008807,58.07,41.93,1.39,58.56,41.44,1.41,57.0,43.0,1.33,4531523.4924,7170744.35346,5372463.2713,7783065.81876,,,,,,,,
2023-11-18,36621.9,36900,36196,36580.9,4446631094.8066,2852765404,3001848904,2798270943,2904854407,0.01,0.01,0.01,0.01,0.00829,0.011109,0.007023,0.008412,0.008807,0.011928,0.007342,0.009528,54.8,45.2,1.21,52.99,47.01,1.13,57.68,42.32,1.36,2140148.94352,1594865.23851,2361230.69202,1888179.60761,,,,,,,,
2023-11-19,36581,37528.2,36380,37375.9,5694926840.8604,2904854407,3045224214,2879268256,3023033425,0.01,0.01,0.01,0.01,0.008412,0.01447,0.007816,0.010024,0.009528,0.015464,0.008434,0.01103,52.76,47.24,1.12,52.17,47.83,1.09,57.62,42.38,1.36,1144857.5631,4137550.30375,1169557.5631,4825429.08215,,,,,,,,
2023-11-20,37375.8,37784.7,36600,37462.5,11585746205.7323,3023033425,3167937359,2955220124,3123840199,0.01,0.01,0.01,0.01,0.010024,0.01573,0.007961,0.008368,0.01103,0.017203,0.008242,0.009217,48.46,51.54,0.94,47.45,52.55,0.9,57.92,42.08,1.38,2930920.19855,4141960.35428,3310352.44855,4914699.86218,,,,,,,,
2023-11-21,37462.6,37675,35720,35737,16617514006.8746,3123840199,3184672326,2848584915,2848584915,0.01,0.01,0.01,0.01,0.008368,0.009832,0.007013,0.008831,0.009217,0.01047,0.006921,0.009362,45.5,54.5,0.84,47.38,52.62,0.9,57.99,42.01,1.38,13612909.47954,4501580.89898,15769826.42354,4864054.55238,,,,,,,,
2023-11-22,35737.1,37880,35610.7,37413.4,12443656323.5849,2848584915,3042852931,2816764785,3025284198,0.01,0.01,0.01,0.01,0.008831,0.011359,0.002996,0.011166,0.009362,0.01164,0.001855,0.011242,51.65,48.35,1.07,53.43,46.57,1.15,57.6,42.4,1.36,2012435.00966,9012926.06983,2234917.93236,10199157.84523,,,,,,,,
2023-11-23,37413.5,37650,36856.3,37294.3,6912924978.3751,3025284198,3103167823,3024893894,3056297550,0.01,0.01,0.01,0.01,0.011166,0.014069,0.006633,0.010504,0.011242,0.014752,0.005697,0.010329,43.68,56.32,0.78,42.91,57.09,0.75,56.64,43.36,1.31,2261462.0912,1699838.68434,2747937.6471,1751942.96224,,,,,,,,
2023-11-24,37294.4,38425,37257.3,37706.3,13275237914.9919,3056297550,3248855742,3012316554,3017886011,0.01,0.01,0.01,0.01,0.010504,0.016058,0.007807,0.00784,0.010329,0.014771,0.006074,0.006153,45.63,54.37,0.84,47.97,52.03,0.92,56.32,43.68,1.29,2605992.85465,6735193.86178,2820304.97605,7529978.86678,,,,,,,,
2023-11-25,37706.3,37886.5,37570.9,37766.6,3116830221.0692,3017886011,3023153526,2971278296,3005125388,0.01,0.01,0.01,0.01,0.00784,0.011486,0.007405,0.009893,0.006153,0.012017,0.006153,0.008866,43.72,56.28,0.78,45.31,54.69,0.83,55.31,44.69,1.24,213725.81099,771497.60004,222825.81099,776039.28664,,,,,,,,
2023-11-26,37766.7,37807.6,37126,37437.9,6511405407.1288,3005125388,3081666039,2941685543,2962339728,0.01,0.01,0.01,0.01,0.009893,0.012265,0.006141,0.009973,0.008866,0.011883,0.005068,0.009756,44.94,55.06,0.82,46.26,53.74,0.86,54.79,45.21,1.21,1938529.95408,1063395.60557,2524807.80428,1154310.74227,,,,,,,,
2023-11-27,37437.9,37560,36700,37234.3,9864572701.7893,2962339728,3020588296,2910140533,2951544275,0.01,0.01,0.01,0.01,0.009973,0.01178,0.00588,0.009969,0.009756,0.013306,0.005591,0.010801,49.35,50.65,0.97,50.45,49.55,1.02,54.86,45.14,1.22,3840785.86438,1639782.38382,4369061.36408,1691509.60052,,,,,,,,
2023-11-28,37234.4,38395,36856,37812.1,11989686463.3101,2951544275,3236553472,2903771619,3066908935,0.01,0.01,0.01,0.01,0.009969,0.010686,0.006733,0.008008,0.010801,0.010936,0.007322,0.008085,54.64,45.36,1.21,53.7,46.3,1.16,54.27,45.73,1.19,3217631.55702,7502802.18449,3490631.55702,8452747.24889,,,,,,,,
2023-11-29,37812,38500,37551.8,37837.1,9927937128.5695,3066908935,3281211304,3051283744,3127341926,0.01,0.01,0.01,0.01,0.008008,0.011896,0.004644,0.008551,0.008085,0.012884,0.003478,0.009229,40.45,59.55,0.68,42.28,57.72,0.73,54.63,45.37,1.2,3298618.36443,3360055.66749,3576518.36443,3583939.81739,,,,,,,,
2023-11-30,37837.2,38132,37442.9,37716.8,7217490282.2607,3127341926,3188070362,3106966713,3114737872,0.01,0.01,0.01,0.01,0.008551,0.008983,0.006861,0.008657,0.009229,0.009654,0.006382,0.009284,44.68,55.32,0.81,46.12,53.88,0.86,54.27,45.73,1.19,1817202.84841,1817361.93669,2056502.84841,1888361.93669,,,,,,,,
2023-12-01,37716.9,38989,37600,38660,13000707284.8928,3114737872,3511699935,3088444772,3442585227,0.01,0.01,0.01,0.01,0.008657,0.014674,0.008103,0.009055,0.009284,0.014195,0.006376,0.00752,48.2,51.8,0.93,48.85,51.15,0.96,54.5,45.5,1.2,1978149.03337,5822708.9521,2240349.03337,7451855.4953,,,,,,,,
2023-12-02,38659.9,39900,38613.5,39435,8343797522.29,3442585227,3448851750,3201660213,3221314980,0.01,0.01,-0.000018,0.01,0.009055,0.01297,0.005833,0.012829,0.00752,0.011911,0.004215,0.011616,37.22,62.78,0.59,39.28,60.72,0.65,53.86,46.14,1.17,1089481.35221,5179837.82773,1182420.24791,6558512.14993,,,,,,,,
2023-12-03,39435.1,40410.1,39255.2,39979.7,8809720241.4457,3221314980,3326534022,3168493291,3198420817,0.01,0.01,0.01,0.01,0.012829,0.014088,0.009685,0.014088,0.011616,0.012849,0.008535,0.012284,39.85,60.15,0.66,40.94,59.06,0.69,53.89,46.11,1.17,2100177.70414,5041275.1477,2326424.60744,5443213.2384,,,,,,,,
2023-12-04,39979.8,42440,39970.4,41993.1,24973086004.6169,3198420817,3613270956,3198420817,3493651854,0.01,0.01,0.01,0.01,0.014088,0.045548,0.010751,0.012445,0.012284,0.045708,0.010309,0.01191,41.18,58.82,0.7,42.66,57.34,0.74,55.19,44.81,1.23,4820851.51297,18514502.70526,5824752.09207,24631786.37206,,,,,,,,
2023-12-05,41993.1,44528.1,41393.5,44081.7,24684029589.5969,3493651854,3775675816,3458768768,3640786035,0.01,0.01,0.01,0.01,0.012445,0.01593,0.007567,0.015525,0.01191,0.017667,0.00665,0.017209,41.61,58.39,0.71,42.36,57.64,0.74,55.79,44.21,1.26,4917269.35488,15968120.26888,6059834.62678,21907820.87808,,,,,,,,
2023-12-06,44081.7,44349.8,43377,43774.8,16855423444.1561,3640786035,3868353437,3593189376,3732881551,0.01,0.01,0.01,0.01,0.015525,0.015525,0.008104,0.009868,0.017209,0.017306,0.007362,0.009478,43.98,56.02,0.79,43.65,56.35,0.78,55.81,44.19,1.26,8998718.43126,6522746.64295,11032417.19326,6616645.61085,,,,,,,,
2023-12-07,43775.1,44066.7,42815,43296,15052072255.7806,3732881551,3780208211,3600684533,3613105017,0.01,0.012035,0.01,0.01,0.009868,0.029058,0.008185,0.02039,0.009478,0.028466,0.007551,0.021256,47.43,52.57,0.9,48.5,51.5,0.94,55.82,44.18,1.26,6600867.48758,5889639.41911,8053351.21118,6000143.23231,,,,,,,,
2023-12-08,43296,44779.3,43100,44209.5,12354864659.7566,3613105017,3760726523,3613105017,3629778411,0.01,0.028417,0.01,0.011325,0.02039,0.03342,0.011933,0.013381,0.021256,0.034163,0.01123,0.012658,50.56,49.44,1.02,50.62,49.38,1.03,56.3,43.7,1.29,1685416.15665,17073537.4437,2143816.15665,19354475.8722,,,,,,,,
2023-12-09,44209.6,44389.2,43555,43734.3,8331208461.24,3629778411,3674231338,3510332928,3534476105,0.011325,0.032279,0.011325,0.02081,0.013381,0.045872,0.013381,0.026663,0.012658,0.046871,0.012658,0.026208,47.54,52.46,0.91,46.62,53.38,0.87,56.76,43.24,1.31,3293069.7044,3268356.70749,4316489.7584,3355641.35869,,,,,,,,
2023-12-10,43734.2,44099.2,43552.5,43810,6336935031.6076,3534476105,3718948548,3533831844,3642374781,0.02081,0.028014,0.012808,0.014803,0.026663,0.034561,0.01764,0.023044,0.026208,0.033889,0.017734,0.021883,49.2,50.8,0.97,49.74,50.26,0.99,56.44,43.56,1.3,927912.91878,2060632.68695,1109356.57508,2090332.68695,,,,,,,,
2023-12-11,43810.1,43833.4,40228.3,41271,25926760005.4176,3642374781,3642374781,3079380975,3117171887,0.014803,0.015958,0.01,0.01,0.023044,0.028636,0.007412,0.016404,0.021883,0.026547,0.004306,0.01483,51.58,48.42,1.07,49.99,50.01,1.0,56.01,43.99,1.27,18065223.49903,7409836.53305,25874276.45463,8480995.73885,,,,,,,,
2023-12-12,41271.1,42125,40711,41515,14804780111.227,3117171887,3298432801,3117171887,3211212348,0.01,0.020486,0.01,0.011968,0.016404,0.023677,0.008081,0.02016,0.01483,0.023492,0.00566,0.019239,57.4,42.6,1.35,57.91,42.09,1.38,57.7,42.3,1.36,6083637.64901,5591086.1547,7543437.64901,5821086.1547,,,,,,,,
2023-12-13,41514.9,43517.6,40556,42875,16618354772.7552,3211212348,3465383490,3171798787,3370714866,0.011968,0.017245,0.01,0.01,0.02016,0.023663,0.010334,0.010895,0.019239,0.019741,0.008749,0.009549,58.9,41.1,1.43,56.19,43.81,1.28,57.64,42.36,1.36,3840597.85393,6868000.35653,5002997.85393,8377700.35653,,,,,,,,
2023-12-14,42875.3,43450.1,41140,43032.4,15456684858.7932,3370714866,3460576677,3184726817,3285545158,0.01,0.01,0.01,0.01,0.010895,0.013773,0.007748,0.011392,0.009549,0.013077,0.006809,0.011033,52.72,47.28,1.12,50.62,49.38,1.03,57.04,42.96,1.33,4210281.38358,10073905.15513,5587281.38358,10703505.15513,,,,,,,,
2023-12-15,43032.3,43098,41668,41968,10899991321.4052,3285545158,3286165768,3157840337,3181498967,0.01,0.01,0.01,0.01,0.011392,0.023777,0.007479,0.011612,0.011033,0.025764,0.004902,0.009994,51.98,48.02,1.08,52.69,47.31,1.11,55.68,44.32,1.26,5169926.91567,2207009.42435,6022926.91567,2245709.42435,,,,,,,,
2023-12-16,41968,42756.7,41638.1,42287.4,6792519091.8991,3181498967,3297851196,3152776099,3185589607,0.01,0.011047,0.01,0.01,0.011612,0.027508,0.010861,0.016237,0.009994,0.02433,0.009994,0.014441,56.24,43.76,1.29,56.57,43.43,1.3,56.43,43.57,1.3,2198447.64506,2748604.17615,2410147.64506,2822404.17615,,,,,,,,
2023-12-17,42287.4,42476,41248.3,41396.5,9421985303.2147,3185589607,3288951535,3153185803,3160323678,0.01,0.020511,0.01,0.013516,0.016237,0.024825,0.012217,0.01649,0.014441,0.023368,0.010087,0.014723,55.03,44.97,1.22,52.76,47.24,1.12,55.91,44.09,1.27,7468492.49474,1816009.85356,9661892.49474,1855209.85356,,,,,,,,
2023-12-18,41396.6,42795.3,40553.8,42671.7,15561835692.9982,3160323678,3351338708,3110719695,3223999904,0.013516,0.020478,0.01,0.01,0.01649,0.018563,0.009248,0.011411,0.014723,0.018137,0.008871,0.01024,57.8,42.2,1.37,56.03,43.97,1.27,56.67,43.33,1.31,14612928.36908,8180371.80401,15572728.36908,8951671.80401,,,,,,,,
2023-12-19,42671.8,43550,41835.4,42298.3,13457649560.4703,3223999904,3425813420,3195357215,3245933237,0.01,0.017925,0.01,0.010606,0.011411,0.018109,0.010535,0.012293,0.01024,0.016683,0.00862,0.011251,54.18,45.82,1.18,51.64,48.36,1.07,56.15,43.85,1.28,6381379.20037,7305340.62703,8207679.20037,8238240.62703,,,,,,,,
2023-12-20,42298.2,44384.6,42218.3,43708.9,16393157759.0351,3245933237,3629027306,3242972662,3484161679,0.010606,0.030023,0.01,0.027143,0.012293,0.027365,0.010288,0.022528,0.011251,0.031738,0.009747,0.02289,55.35,44.65,1.24,55.56,44.44,1.25,57.08,42.92,1.33,3178748.5099,10491092.47864,4015848.5099,13271592.47864,,,,,,,,
2023-12-21,43708.9,44287.2,43317.2,43896.3,12123140366.3523,3484161679,3663260466,3449150962,3535097061,0.027143,0.038637,0.027143,0.030833,0.022528,0.040748,0.019485,0.024898,0.02289,0.041032,0.019759,0.02575,46.71,53.29,0.88,47.82,52.18,0.92,56.43,43.57,1.3,3000436.05061,5959699.08707,3571936.05061,6214399.08707,,,,,,,,
2023-12-22,43896.4,44484,43430.4,43999.2,10452147024.4413,3535097061,3679977414,3386448221,3401948959,0.030833,0.036638,0.01525,0.016263,0.024898,0.034822,0.014275,0.016869,0.02575,0.036335,0.013581,0.016868,48.2,51.8,0.93,49.82,50.18,0.99,56.18,43.82,1.28,3794129.53714,4036227.19508,4084929.53714,4245927.19508,,,,,,,,
2023-12-23,43999.2,44023,43304.2,43725.2,5275597701.97,3401948959,3497604124,3364209844,3438238068,0.016263,0.018055,0.01,0.01,0.016869,0.025274,0.007687,0.010776,0.016868,0.02866,0.005674,0.010185,50.65,49.35,1.03,52.25,47.75,1.09,56.33,43.67,1.29,1002780.68065,1764940.64597,1832180.68065,1795840.64597,,,,,,,,
2023-12-24,43725.2,43994.8,42550,43008.4,7820621704.2172,3438238068,3475834851,3213499021,3319672757,0.01,0.021568,0.01,0.01,0.010776,0.024457,0.009196,0.012316,0.010185,0.024648,0.009211,0.011844,50.84,49.16,1.03,52.85,47.15,1.12,56.13,43.87,1.28,4435422.1387,2571492.31356,5165822.1387,2658292.31356,,,,,,,,
2023-12-25,43008.3,43850,42755.4,43611.9,7998972907.5359,3319672757,3413950032,3284620357,3381347807,0.01,0.05643,0.01,0.043511,0.012316,0.048961,0.008896,0.039471,0.011844,0.051711,0.008675,0.03951,53.17,46.83,1.14,54.97,45.03,1.22,55.54,44.46,1.25,2380402.14834,4938899.48105,2553902.14834,5557999.48105,,,,,,,,
2023-12-26,43611.9,43635.1,41597,42538.5,12579592234.4093,3381347807,3435079734,3258266394,3386284144,0.043511,0.048688,0.020861,0.027727,0.039471,0.04743,0.023163,0.035162,0.03951,0.046168,0.021549,0.034797,53.31,46.69,1.14,53.36,46.64,1.14,55.88,44.12,1.27,6229072.40247,3675803.2918,9143472.40247,3810703.2918,,,,,,,,
2023-12-27,42538.6,43700,42145.7,43453.8,10800402137.5584,3386284144,3412400904,3283614589,3306163903,0.027727,0.046465,0.013059,0.013059,0.035162,0.05362,0.021558,0.021576,0.034797,0.05723,0.01988,0.019904,62.3,37.7,1.65,61.97,38.03,1.63,55.94,44.06,1.27,3251900.41929,6608456.50358,3428200.41929,6975156.50358,,,,,,,,
2023-12-28,43453.8,43850,42320.5,42600.1,11056842263.5957,3306163903,3321837981,3188809385,3220576024,0.013059,0.059247,0.012857,0.05517,0.021576,0.055402,0.012098,0.050728,0.019904,0.056693,0.009863,0.052326,55.7,44.3,1.26,55.22,44.78,1.23,55.01,44.99,1.22,7560201.62672,3484223.4491,8593401.62672,3587723.4491,,,,,,,,
2023-12-29,42600.1,43171.9,41283.2,42095.1,14290101442.7576,3220576024,3256949066,3130406209,3187439043,0.05517,0.057418,0.033033,0.033033,0.050728,0.050728,0.02526,0.031749,0.052326,0.052326,0.026577,0.032221,60.81,39.19,1.55,60.1,39.9,1.51,54.96,45.04,1.22,5621432.16235,2858716.24068,7701332.16235,2942216.24068,,,,,,,,
2023-12-30,42095.1,42654.6,41550,42174.2,7750535197.7666,3187439043,3288486604,3171206559,3182416716,0.033033,0.044852,0.027941,0.027941,0.031749,0.044019,0.023153,0.028101,0.032221,0.043472,0.023268,0.026972,65.34,34.66,1.89,63.64,36.36,1.75,55.0,45.0,1.22,3989240.04693,2265066.7191,4400540.04693,2325266.7191,,,,,,,,
2023-12-31,42174.3,42951,42001,42314,7373180796.315,3182416716,3308268135,3115201564,3130509217,0.027941,0.041814,0.027835,0.037499,0.028101,0.041632,0.028101,0.039227,0.026972,0.041339,0.025845,0.038914,59.08,40.92,1.44,57.59,42.41,1.36,55.8,44.2,1.26,3404759.31611,5790935.75858,3650859.31611,5878235.75858,,,,,,,,
2024-01-01,42313.9,44266,42207.9,44230.2,8897491817.423,3130509217,3405827458,3099748541,3388089802,0.037499,0.065743,0.027213,0.065743,0.039227,0.061686,0.02903,0.061655,0.038914,0.061231,0.029494,0.061056,60.11,39.89,1.51,57.77,42.23,1.37,55.63,44.37,1.25,1525373.99103,20239441.13206,1619073.99103,21414841.13206,,,,,,,,
2024-01-02,44230.3,45950,44200.9,44979.8,20799115087.8528,3388089802,3729278387,3383049124,3588576729,0.065743,0.091374,0.021201,0.021201,0.061655,0.096606,0.027363,0.027378,0.061056,0.100893,0.027198,0.027288,51.99,48.01,1.08,50.51,49.49,1.02,55.67,44.33,1.26,6458477.44098,9501063.79951,7527677.44098,10727663.79951,,,,,,,,
2024-01-03,44979.7,45582.3,40333,42849.5,25726152649.4392,3588576729,3665831517,2842742773,2943064962,0.021201,0.022841,0.01,0.01,0.027378,0.03266,0.004849,0.010822,0.027288,0.033706,0.002636,0.010069,50.69,49.31,1.03,53.22,46.78,1.14,55.58,44.42,1.25,22906265.1908,8258491.05786,26139865.1908,8814091.05786,,,,,,,,
2024-01-04,42849.5,44840.8,42625,44143.8,14580343750.4599,2943064962,3232110093,2922022783,3148144001,0.01,0.01,0.01,0.01,0.010822,0.014325,0.006783,0.007094,0.010069,0.013619,0.006454,0.006647,62.19,37.81,1.65,61.84,38.16,1.62,56.83,43.17,1.32,3064648.08433,6408790.50508,3325378.07103,7007790.50508,,,,,,,,
2024-01-05,44143.9,44500,42300,44145.4,16383171744.0779,3148144001,3152473929,2895572028,2970406920,0.01,0.01,0.01,0.01,0.007094,0.00969,0.005039,0.006438,0.006647,0.009372,0.005441,0.006629,54.01,45.99,1.17,53.02,46.98,1.13,54.5,45.5,1.2,5388821.02111,5480542.54353,6494682.76231,5782170.68643,,,,,,,,
2024-01-06,44145.3,44214.6,43391.3,43956.7,6067670136.3588,2970406920,3053789763,2928102783,3002804106,0.01,0.01,0.01,0.01,0.006438,0.009081,0.00501,0.007255,0.006629,0.009966,0.00632,0.00821,54.99,45.01,1.22,55.66,44.34,1.26,55.9,44.1,1.27,2424572.42611,3215697.54411,2776866.62521,3293240.51871,,,,,,,,
2024-01-07,43956.6,44486.9,43557.5,43916.9,7960341657.878,3002804106,3275567677,3002804106,3096919537,0.01,0.01,0.01,0.01,0.007255,0.009938,0.005361,0.005845,0.00821,0.009469,0.005457,0.005869,55.33,44.67,1.24,56.0,44.0,1.27,55.69,44.31,1.26,3990530.14074,2248761.63438,4513746.06884,2307061.63438,,,,,,,,
2024-01-08,43916.9,47312,43158.1,46972.7,22401426143.9398,3096919537,3534515731,3007315518,3504028664,0.01,0.01,0.01,0.01,0.005845,0.016752,0.00579,0.016297,0.005869,0.017126,0.005869,0.016343,53.64,46.36,1.16,53.93,46.07,1.17,55.1,44.9,1.23,4534955.55455,10215052.62788,5193889.62895,12911997.37858,,,,,,,,
2024-01-09,46972.6,48100,44417.2,46114,23764874410.5752,3504028664,3618570713,3183255922,3264728016,0.01,0.01,0.01,0.01,0.016297,0.016429,0.008347,0.011566,0.016343,0.018519,0.007988,0.010407,44.13,55.87,0.79,45.08,54.92,0.82,56.88,43.12,1.32,13682456.33015,7097834.98928,17131939.87545,7809057.02138,,,,,,,,
2024-01-10,46113.9,47699.3,44291.5,46662.9,30568264684.8608,3264728016,3385905983,3102738148,3196649086,0.01,0.01,0.01,0.01,0.011566,0.013443,0.00821,0.012062,0.010407,0.014239,0.007961,0.010804,53.76,46.24,1.16,55.16,44.84,1.23,57.63,42.37,1.36,12202747.58017,11266657.68296,14122455.58647,12660236.51796,,,,,,,,
2024-01-11,46663,49027.5,45600,46337.8,28052798172.9422,3196649086,3537294570,3083070980,3309491337,0.01,0.01,0.01,0.01,0.012062,0.020756,0.008261,0.011116,0.010804,0.020903,0.006789,0.009348,61.65,38.35,1.61,59.01,40.99,1.44,56.36,43.64,1.29,10012608.35197,18660942.60917,13877326.61967,19418046.89117,,,,,,,,
2024-01-12,46337.9,46536.2,41450.1,42788.9,25360999115.6476,3309491337,3644569080,3196142574,3201376854,0.01,0.019709,0.01,0.01,0.011116,0.03398,0.007739,0.010008,0.009348,0.030902,0.006447,0.009507,63.11,36.89,1.71,61.95,38.05,1.63,57.47,42.53,1.35,17903035.60164,7566705.35589,25635317.93494,7811813.70849,,,,,,,,
2024-01-13,42789,43273.4,42445.7,42846.4,8903288166.3321,3201376854,3316430373,3149752664,3219850067,0.01,0.01,0.01,0.01,0.010008,0.010008,0.005294,0.006759,0.009507,0.009507,0.004586,0.006952,72.98,27.02,2.7,71.99,28.01,2.57,59.5,40.5,1.47,3093056.8985,2626887.05463,3575628.661,2671615.25273,,,,,,,,
2024-01-14,42846.4,43096.1,41713.5,41734.9,7710196594.5658,3219850067,3284256236,3213085165,3218967127,0.01,0.01,0.01,0.01,0.006759,0.011395,0.005498,0.00971,0.006952,0.01199,0.005588,0.009982,73.91,26.09,2.83,70.14,29.86,2.35,58.21,41.79,1.39,4711694.62061,1963944.67596,5921339.88661,2007944.67596,,,,,,,,
2024-01-15,41735,43376,41720,42515,10237812931.3661,3218967127,3325329569,3127667606,3142438075,0.01,0.01,0.01,0.01,0.00971,0.011806,0.006837,0.009951,0.009982,0.012539,0.006196,0.009163,72.63,27.37,2.65,70.61,29.39,2.4,58.25,41.75,1.4,2979683.72918,5132810.88651,3918838.06298,6135184.32701,,,,,,,,
2024-01-16,42515,43589,42050,43133,12326619430.2354,3142438075,3281077469,3141191268,3197605097,0.01,0.01,0.01,0.01,0.009951,0.010886,0.00785,0.008572,0.009163,0.011248,0.007864,0.008136,72.35,27.65,2.62,68.55,31.45,2.18,56.78,43.22,1.31,3132514.18757,12193064.67951,3525176.01307,13187567.10641,,,,,,,,
2024-01-17,43133,43198,42200,42783.4,8935030009.197,3197605097,3285653043,3175848112,3241413237,0.01,0.01,0.01,0.01,0.008572,0.011909,0.005637,0.011909,0.008136,0.011445,0.005986,0.011374,68.31,31.69,2.16,66.06,33.94,1.95,56.85,43.15,1.32,6829544.4949,1821827.556,7766413.5349,2011427.556,,,,,,,,
2024-01-18,42783.3,42932.3,40673.6,41323.1,14029461752.9615,3241413237,3291296557,3141554192,3210831616,0.01,0.01,0.01,0.01,0.011909,0.012914,0.009139,0.010853,0.011374,0.013182,0.008406,0.010852,71.53,28.47,2.51,69.37,30.63,2.27,57.39,42.61,1.35,18371703.7077,4701035.45403,21088510.5488,4812337.84383,,,,,,,,
2024-01-19,41323.2,42197,40300,41662.2,14252163769.8006,3210831616,3304501707,3091403654,3104076467,0.01,0.01,0.01,0.01,0.010853,0.013895,0.007872,0.012598,0.010852,0.014773,0.008321,0.01227,74.4,25.6,2.91,72.82,27.18,2.68,56.93,43.07,1.32,9574292.4264,6212414.51086,11924599.9421,7144337.37046,,,,,,,,
2024-01-20,41662.1,41883.5,41453.6,41691.8,3989874368.1405,3104076467,3132360236,3071276438,3111144357,0.01,0.01,0.01,0.01,0.012598,0.012598,0.007869,0.008889,0.01227,0.01302,0.008301,0.009592,70.94,29.06,2.44,68.52,31.48,2.18,56.82,43.18,1.32,777893.1419,1276341.44015,827923.2656,1286973.79425,,,,,,,,
2024-01-21,41691.8,41880.9,41500,41580,2795033940.2435,3111144357,3136134098,3098173478,3103848578,0.01,0.01,0.01,0.01,0.008889,0.011002,0.006276,0.010862,0.009592,0.011374,0.008098,0.009882,70.25,29.75,2.36,68.78,31.22,2.2,56.72,43.28,1.31,945971.08427,842060.13474,979671.08427,846260.13474,,,,,,,,
2024-01-22,41579.9,41692.3,39402,39567,18601094756.095,3103848578,3244911213,2991040990,3016201454,0.01,0.01,0.01,0.01,0.010862,0.013597,0.006718,0.010639,0.009882,0.01353,0.006983,0.009758,70.54,29.46,2.39,69.04,30.96,2.23,56.31,43.69,1.29,15766768.40073,4721136.41903,17932759.62683,4914690.06213,,,,,,,,
2024-01-23,39567.1,40172.7,38545,39890,16262674486.7856,3016201454,3125779886,2937111649,3023246186,0.01,0.01,0.01,0.01,0.010639,0.011497,0.00798,0.010792,0.009758,0.013257,0.007552,0.009699,72.37,27.63,2.62,71.99,28.01,2.57,56.65,43.35,1.31,11272729.71029,10701827.75428,14483777.33819,11272947.29028,,,,,,,,
2024-01-24,39889.9,40560.6,39493.3,40078.7,10898797410.023,3023246186,3107487807,2977244764,3058481114,0.01,0.01,0.01,0.01,0.010792,0.011721,0.007577,0.01155,0.009699,0.012062,0.006721,0.011079,70.17,29.83,2.35,68.27,31.73,2.15,57.99,42.01,1.38,4152877.91563,11290172.99517,4400407.31003,12403629.40237,,,,,,,,
2024-01-25,40078.8,40300,39535.3,39953.3,8134002285.1645,3058481114,3195763163,3041227885,3112004583,0.01,0.01,0.01,0.01,0.01155,0.01155,0.007474,0.011186,0.011079,0.011303,0.007527,0.010147,67.83,32.17,2.11,67.63,32.37,2.09,58.34,41.66,1.4,2217901.934,2444858.90048,2475455.7885,2534368.73768,,,,,,,,
2024-01-26,39953.3,42239.3,39813.1,41806.4,14627005545.1068,3112004583,3391105135,3106323062,3315058977,0.01,0.01,0.008246,0.009012,0.011186,0.01185,0.005151,0.008465,0.010147,0.01049,0.004293,0.007204,67.01,32.99,2.03,67.83,32.17,2.11,58.34,41.66,1.4,2264983.36572,7853225.25841,2415961.99402,10088467.42961,,,,,,,,
2024-01-27,41806.4,42187.1,41360.1,42102.2,4949330917.723,3315058977,3315058977,3249328528,3294869915,0.009012,0.01,0.007189,0.01,0.008465,0.010167,0.005244,0.00666,0.007204,0.011075,0.004998,0.005122,59.39,40.61,1.46,59.72,40.28,1.48,56.05,43.95,1.28,1866773.24681,1922011.64742,1897597.68981,1981501.91322,,,,,,,,
2024-01-28,42102.2,42836,41600,42021.2,8694654832.17,3294869915,3312315479,3129330497,3157583193,0.01,0.01,0.003989,0.01,0.00666,0.010329,-0.000915,0.009683,0.005122,0.010587,-0.001799,0.009027,60.02,39.98,1.5,61.44,38.56,1.59,56.57,43.43,1.3,3671451.17,4762463.14394,5189860.9192,5706476.13954,,,,,,,,
2024-01-29,42021.2,43340.8,41768.3,43287.7,10615111402.2611,3157583193,3335147727,3149476789,3335147727,0.01,0.01,0.008605,0.01,0.009683,0.01102,0.007472,0.008482,0.009027,0.011295,0.006312,0.006796,61.05,38.95,1.57,62.27,37.73,1.65,56.28,43.72,1.29,2090662.44404,6221485.80648,2305344.03384,6791340.34118,,,,,,,,
2024-01-30,43287.6,43888,42665.6,42918.3,11174327792.1994,3335147727,3465747055,3160329363,3168938680,0.01,0.01,0.001344,0.002157,0.008482,0.01181,0.001922,0.002222,0.006796,0.0122,0.0011,0.001505,57.19,42.81,1.34,58.14,41.86,1.39,56.06,43.94,1.28,5831173.8408,6902172.06327,6371059.1534,7316914.07297,,,,,,,,
2024-01-31,42918.3,43748.6,42257.6,42560.5,13443352429.1522,3168938680,3277393072,3032271153,3063398377,0.002157,0.01,0.002157,0.01,0.002222,0.010435,-0.002838,0.008099,0.001505,0.00977,-0.005336,0.007565,54.23,45.77,1.19,56.53,43.47,1.3,56.03,43.97,1.27,7592591.63426,5660466.14418,9693858.75976,5823237.43908,,,,,,,,
2024-02-01,42560.5,43288,41866.8,43072.6,11658496039.6671,3063398377,3233410235,3010693061,3182196211,0.01,0.01,0.01,0.01,0.008099,0.009613,-0.005634,0.007839,0.007565,0.009036,-0.007381,0.006652,58.65,41.35,1.42,58.92,41.08,1.43,56.47,43.53,1.3,14519619.81815,5808399.93548,15053384.47405,6235334.72478,,,,,,,,
2024-02-02,43072.6,43480,42512.7,43182,8854896870.1388,3182196211,3287054850,3169952797,3208494135,0.01,0.01,0.00572,0.007593,0.007839,0.011057,0.006552,0.006999,0.006652,0.011666,0.004869,0.005445,57.89,42.11,1.38,58.27,41.73,1.4,56.6,43.4,1.3,2390336.17203,3593538.34276,2652996.18493,3863341.39456,,,,,,,,
2024-02-03,43182,43372.2,42858.3,42992.4,3867372627.9872,3208494135,3286236012,3207121336,3253944120,0.007593,0.01,0.007135,0.008311,0.006999,0.009638,0.00244,0.008251,0.005445,0.009044,0.002194,0.007371,56.56,43.44,1.3,57.79,42.21,1.37,56.86,43.14,1.32,907126.38411,649976.92377,953884.32151,734702.36047,,,,,,,,
2024-02-04,42992.4,43112.1,42176.7,42570.3,5453304864.8075,3253944120,3335140831,3234642406,3290073755,0.008311,0.01,0.007176,0.01,0.008251,0.009784,0.004439,0.005384,0.007371,0.009334,0.00348,0.00571,57.24,42.76,1.34,59.13,40.87,1.45,56.63,43.37,1.31,2639907.18725,973667.7207,3688371.16725,980739.7455,,,,,,,,
2024-02-05,42570.3,43580,42235.1,42692.9,10308104629.6555,3290073755,3517780330,3277605590,3405742121,0.01,0.01,0.0089,0.01,0.005384,0.011264,0.001547,0.009676,0.00571,0.011236,0.001534,0.00852,60.74,39.26,1.55,61.68,38.32,1.61,57.1,42.9,1.33,4037565.15468,4389774.92507,5170239.39888,4563203.52297,,,,,,,,
2024-02-06,42693,43378.8,42559.8,43079.1,8429310874.8629,3405742121,3541530214,3396218719,3460043093,0.01,0.01,0.005846,0.007582,0.009676,0.011715,0.007662,0.007938,0.00852,0.011587,0.00662,0.00714,64.06,35.94,1.78,62.34,37.66,1.66,57.06,42.94,1.33,6447823.79167,3100589.30228,6580005.96027,3404936.41128,,,,,,,,
2024-02-07,43079.1,44388,42763.4,44326.2,10954644814.2884,3460043093,3671728346,3374585819,3671089405,0.007582,0.01,0.004415,0.01,0.007938,0.012093,0.001634,0.012093,0.00714,0.010845,0.001864,0.010833,55.57,44.43,1.25,56.41,43.59,1.29,57.11,42.89,1.33,1998856.94874,6935446.62171,2209626.08964,8114823.95871,,,,,,,,
2024-02-08,44326.3,45600,44306.8,45269.1,13472863600.1873,3671089405,3957084096,3671089405,3853271466,0.01,0.01,0.001964,0.003161,0.012093,0.012093,0.003491,0.003811,0.010833,0.011086,0.000959,0.001483,51.12,48.88,1.05,51.9,48.1,1.08,57.28,42.72,1.34,1817522.81459,8877018.52597,2050769.65289,10092845.33817,,,,,,,,
2024-02-09,45269.2,48230.3,45218.1,47116.1,24408544252.7367,3853271466,4100328193,3796881778,3920163297,0.003161,0.01,0.001106,0.008041,0.003811,0.014404,-0.002969,0.008833,0.001483,0.013705,-0.005029,0.008249,44.66,55.34,0.81,47.53,52.47,0.91,55.62,44.38,1.25,3806903.47029,11600796.89505,5294000.26789,14852429.73375,,,,,,,,
2024-02-10,47116.1,48189.6,46836.4,47732.6,8517076446.2774,3920163297,4155518179,3907919485,4143297605,0.008041,0.01,0.008041,0.01,0.008833,0.011592,0.007585,0.011112,0.008249,0.012113,0.006871,0.009313,41.9,58.1,0.72,44.48,55.52,0.8,56.0,44.0,1.27,2209429.21265,3922021.62357,2489444.13495,4181898.20417,,,,,,,,
2024-02-11,47732.6,48600,47539.4,48303.4,10111703311.9989,4143297605,4340140778,4127399532,4315550576,0.01,0.01,0.01,0.01,0.011112,0.013697,0.009368,0.011972,0.009313,0.01276,0.008846,0.010786,39.34,60.66,0.65,42.32,57.68,0.73,56.57,43.43,1.3,3489845.60542,4633928.94076,3902639.78472,5279794.57316,,,,,,,,
2024-02-12,48303.5,50413.2,47702,49943.6,22160435728.1313,4315550576,4735202113,4225754005,4613332759,0.01,0.01,0.01,0.01,0.011972,0.024119,0.009793,0.016677,0.010786,0.024809,0.009149,0.015701,40.45,59.55,0.68,43.53,56.47,0.77,57.24,42.76,1.34,6189707.20125,16567084.77983,7764853.46895,21960336.40453,,,,,,,,
2024-02-13,49943.5,50428.8,48301,49696.4,18877385985.72,4613332759,4719374553,4352730560,4382747672,0.01,0.01,0.01,0.01,0.016677,0.016677,0.008179,0.008179,0.015701,0.016235,0.007247,0.007248,37.84,62.16,0.61,40.95,59.05,0.69,57.77,42.23,1.37,5328468.98605,7568172.67482,7220101.12555,8284349.75912,,,,,,,,
2024-02-14,49696.4,52100,49215.7,51823.2,20230765100.1179,4382747672,4828638088,4297036611,4691159455,0.01,0.014377,0.01,0.01,0.008179,0.020649,0.005661,0.010345,0.007248,0.018496,0.004788,0.009648,44.21,55.79,0.79,47.64,52.36,0.91,57.58,42.42,1.36,4574145.5019,19282934.32638,4864180.2588,24185663.00648,,,,,,,,
2024-02-15,51823.1,52859,51334.9,51898.5,20470765163.4933,4691159455,4812135258,4466719772,4526309804,0.01,0.01,0.01,0.01,0.010345,0.016379,0.007636,0.015149,0.009648,0.015605,0.006768,0.014058,37.04,62.96,0.59,39.96,60.04,0.67,57.01,42.99,1.33,8184157.18968,16070041.23799,10153684.44718,18021851.12849,,,,,,,,
2024-02-16,51898.4,52623,51611.7,52148.6,13526420001.5207,4526309804,4730963336,4516861346,4565707911,0.01,0.019927,0.01,0.01,0.015149,0.030299,0.009523,0.009864,0.014058,0.030252,0.008473,0.008947,40.85,59.15,0.69,43.35,56.65,0.77,56.66,43.34,1.31,3226908.64964,5227551.77188,4115971.64244,5535277.60958,,,,,,,,
2024-02-17,52148.7,52192.8,50647.5,51679.4,11434376539.3491,4565707911,4607612382,4484574799,4521043937,0.01,0.019099,0.01,0.017255,0.009864,0.016784,0.009252,0.016296,0.008947,0.016538,0.008488,0.013893,40.17,59.83,0.67,42.04,57.96,0.73,56.38,43.62,1.29,4623169.8159,4642659.04028,5103446.3587,5229672.38388,,,,,,,,
2024-02-18,51679.5,52450,51178,52175.9,8634063488.7594,4521043937,4525049991,4418507447,4460313349,0.017255,0.023656,0.013821,0.023083,0.016296,0.023214,0.013215,0.022748,0.013893,0.023004,0.011612,0.02109,43.16,56.84,0.76,45.43,54.57,0.83,57.04,42.96,1.33,2687821.86762,8264005.49553,2943145.49652,8722030.11063,,,,,,,,
2024-02-19,52175.9,52532.9,51688.8,51813.8,10243057368.0964,4460313349,4623471358,4460313349,4543586237,0.023083,0.024406,0.01021,0.010392,0.022748,0.025349,0.01029,0.010537,0.02109,0.026001,0.009196,0.009564,42.19,57.81,0.73,43.85,56.15,0.78,56.95,43.05,1.32,6526982.9521,7817376.49029,6893104.3972,8019313.96839,,,,,,,,
2024-02-20,51813.7,53090.9,50788,52297.4,20209071433.3496,4543586237,4819749113,4480964439,4560380309,0.010392,0.025327,0.01,0.01,0.010537,0.023954,0.007462,0.01171,0.009564,0.026996,0.007754,0.009955,44.4,55.6,0.8,47.07,52.93,0.89,56.97,43.03,1.32,17324658.37112,10013801.8796,22206791.74362,11446885.4565,,,,,,,,
2024-02-21,52297.3,52402.3,50528.4,51877.8,15814918268.5671,4560380309,4651065745,4471129265,4474376077,0.01,0.012042,0.01,0.01,0.01171,0.015693,0.007343,0.014424,0.009955,0.014401,0.006813,0.013388,44.09,55.91,0.79,45.43,54.57,0.83,56.22,43.78,1.28,8370346.4294,4876254.46013,10024806.3099,5104105.82993,,,,,,,,
2024-02-22,51877.9,52130.8,50967.5,51316.9,12596855772.3425,4474376077,4554286715,4344417062,4355505877,0.01,0.014689,0.01,0.01,0.014424,0.021107,0.011233,0.01156,0.013388,0.01874,0.010768,0.010928,50.49,49.51,1.02,50.88,49.12,1.04,56.75,43.25,1.31,4887090.85066,4709066.1054,5421935.69216,5068230.7248,,,,,,,,
2024-02-23,51316.9,51576.3,50512.7,50771.9,11000935267.7769,4355505877,4598843426,4332004979,4479415236,0.01,0.01914,0.01,0.01,0.01156,0.015506,0.008587,0.010033,0.010928,0.015358,0.007096,0.009398,49.08,50.92,0.96,50.08,49.92,1.0,56.89,43.11,1.32,5025779.25862,2463814.96949,5737946.55342,2573935.12879,,,,,,,,
2024-02-24,50771.9,51736.6,50611.4,51602.1,5375932540.3279,4479415236,4523199411,4462738884,4492541430,0.01,0.011384,0.01,0.011384,0.010033,0.016185,0.009568,0.013809,0.009398,0.015255,0.009398,0.012836,54.25,45.75,1.19,53.48,46.52,1.15,56.83,43.17,1.32,719420.08975,3419554.63052,722122.72565,4052376.59552,,,,,,,,
2024-02-25,51602.1,52050,51300.4,51764.9,6314690489.4869,4492541430,4567693122,4455198144,4472102312,0.011384,0.027685,0.01,0.026807,0.013809,0.020353,0.011222,0.019711,0.012836,0.018591,0.01119,0.017573,49.73,50.27,0.99,48.46,51.54,0.94,55.84,44.16,1.26,2247971.34971,4220021.22893,2346275.46461,4668138.80403,,,,,,,,
2024-02-26,51764.9,54991.8,50922.5,54511.6,20846840110.5888,4472102312,4755987661,4439289976,4631013381,0.026807,0.038562,0.017184,0.03234,0.019711,0.03211,0.013446,0.026417,0.017573,0.034523,0.01288,0.027533,48.36,51.64,0.94,49.07,50.93,0.96,56.05,43.95,1.28,3286971.70833,24077421.18237,4029095.73123,31509316.25397,,,,,,,,
2024-02-27,54511.7,57780,54495,57074.5,28874539968.5967,4631013381,4735105388,4430060151,4606445238,0.03234,0.101149,0.017755,0.026756,0.026417,0.086281,0.020089,0.024512,0.027533,0.090857,0.019407,0.023661,40.47,59.53,0.68,41.95,58.05,0.72,56.25,43.75,1.29,15235178.6347,17628242.52984,17465215.1246,22576448.70234,,,,,,,,
2024-02-28,57074.5,64300,56730.1,62487.9,59353022381.4229,4606445238,5192394072,4322015560,4708340789,0.026756,0.098887,0.020633,0.069385,0.024512,0.105224,0.017702,0.064575,0.023661,0.110101,0.016678,0.067695,43.05,56.95,0.76,44.55,55.45,0.8,57.73,42.27,1.37,13792583.7289,50568262.76545,21418108.0852,62370896.16275,,,,,,,,
2024-02-29,62488,63762.8,60452,61203.3,35470183919.1704,4708340789,4860267528,4347718958,4404401272,0.069385,0.091756,0.053435,0.053443,0.064575,0.08767,0.043209,0.050969,0.067695,0.08688,0.046746,0.052332,49.96,50.04,1.0,49.0,51.0,0.96,61.23,38.77,1.58,16590279.15231,12809175.87276,20732593.41671,14055157.48106,,,,,,,,
2024-03-01,61203.4,63199,60844.8,62430.6,18552519107.6557,4404401272,4698230438,4404401272,4610901096,0.053443,0.073961,0.033552,0.033552,0.050969,0.068524,0.025317,0.025317,0.052332,0.072329,0.02891,0.028954,53.55,46.45,1.15,55.84,44.16,1.26,60.51,39.49,1.53,3645132.9765,20244364.92954,4731926.7695,21441986.03174,,,,,,,,
2024-03-02,62430.6,62513.1,61605,62039.9,9880073062.4231,4610901096,4614845758,4475250718,4523425427,0.033552,0.073905,0.033215,0.046267,0.025317,0.064441,0.024303,0.047265,0.028954,0.06915,0.028367,0.048097,51.71,48.29,1.07,51.66,48.34,1.07,59.86,40.14,1.49,4200354.0741,4141135.88156,4760336.7074,4244090.12456,,,,,,,,
2024-03-03,62039.9,63330.9,61339.5,63178.5,12480530306.7317,4523425427,4794490517,4471840275,4778669805,0.046267,0.056305,0.042227,0.055056,0.047265,0.056781,0.033614,0.055479,0.048097,0.058565,0.037945,0.057381,56.39,43.61,1.29,57.44,42.56,1.35,59.97,40.03,1.5,3928055.67614,7751970.6545,4979684.95694,8872472.1467,,,,,,,,
2024-03-04,63178.6,68600,62299,68296.4,41606958927.2547,4778669805,5621293931,4757779001,5542937798,0.055056,0.076095,0.046745,0.049057,0.055479,0.090722,0.040537,0.052196,0.057381,0.088736,0.042433,0.054183,53.67,46.33,1.16,54.45,45.55,1.2,60.48,39.52,1.53,9444493.47236,35329849.99494,12656307.57296,42712463.23114,,,,,,,,
2024-03-05,68296.5,69350,59112,63747.4,68785378069.1807,5542937798,5758177358,4308554952,4572299446,0.049057,0.101329,0.036663,0.036663,0.052196,0.108239,0.02987,0.02987,0.054183,0.109159,0.03329,0.03329,52.68,47.32,1.11,51.99,48.01,1.08,59.12,40.88,1.45,31462173.95826,27895746.89167,62660722.85696,33283076.59497,,,,,,,,
2024-03-06,63747.5,67729.5,62829.3,66128.1,35282697547.8174,4572299446,5146021681,4503799290,4845276130,0.036663,0.058174,0.020323,0.030368,0.02987,0.062637,0.015061,0.030223,0.03329,0.059684,0.016579,0.031845,61.78,38.22,1.62,65.87,34.13,1.93,62.31,37.69,1.65,15702706.12227,18429869.54243,20973956.23157,21482202.15493,,,,,,,,
2024-03-07,66128,68101.3,65609.3,66870,19831453647.3114,4845276130,5104176160,4824436049,4913882971,0.030368,0.055785,0.030126,0.03494,0.030223,0.053654,0.027595,0.030699,0.031845,0.054712,0.029658,0.031606,55.24,44.76,1.23,56.85,43.15,1.32,62.46,37.54,1.66,5130300.65015,8285959.80655,6045034.94105,9204958.38005,,,,,,,,
2024-03-08,66870,70330.8,66120,68180.2,31244044354.4673,4913882971,5486594683,4895396575,5044127614,0.03494,0.063152,0.01906,0.019134,0.030699,0.068056,0.016562,0.016562,0.031606,0.066161,0.017865,0.017899,54.47,45.53,1.2,57.71,42.29,1.37,61.44,38.56,1.59,8465167.94123,10174911.90757,14430709.40783,13706630.13377,,,,,,,,
2024-03-09,68180.3,68608.7,67908.7,68360.1,6480686939.5783,5044127614,5090165405,4978508607,5034906885,0.019134,0.034412,0.019115,0.031097,0.016562,0.032015,0.013535,0.030105,0.017899,0.032704,0.016119,0.030823,54.82,45.18,1.21,58.37,41.63,1.4,61.24,38.76,1.58,2300447.6334,2615366.70183,3956132.5867,2806398.87793,,,,,,,,
2024-03-10,68360.2,69999.8,68155,69001.8,16185424892.4834,5034906885,5508237915,5033290605,5341735325,0.031097,0.079688,0.030708,0.035489,0.030105,0.088606,0.027964,0.037446,0.030823,0.086692,0.029986,0.036796,55.34,44.66,1.24,58.53,41.47,1.41,60.74,39.26,1.55,5553708.36795,15370943.13979,8141633.18045,16304915.45509,,,,,,,,
2024-03-11,69001.9,72890,67000,72153.8,33701750990.9266,5341735325,5864866163,5136759755,5729869214,0.035489,0.124188,0.031789,0.044477,0.037446,0.152975,0.029859,0.04545,0.036796,0.138218,0.030891,0.043364,52.12,47.88,1.09,56.08,43.92,1.28,60.78,39.22,1.55,7688770.7895,13061807.83903,12184761.78,25073793.53663,,,,,,,,
2024-03-12,72153.9,73370,68600,71503.2,33679961862.9103,5729869214,5942006465,5458690310,5587689897,0.044477,0.061607,0.033263,0.033263,0.04545,0.072151,0.033566,0.033566,0.043364,0.069484,0.03228,0.03228,47.01,52.99,0.89,53.55,46.45,1.15,60.64,39.36,1.54,8908161.85151,9386395.47783,16698819.03491,10721370.68913,,,,,,,,
2024-03-13,71503.3,73755,71388.1,73127.6,20996681921.4103,5587689897,6003410857,5570708615,5876230093,0.033263,0.072944,0.024472,0.024472,0.033566,0.0735,0.020416,0.020465,0.03228,0.071415,0.022026,0.02206,57.28,42.72,1.34,62.56,37.44,1.67,61.4,38.6,1.59,3025472.76085,10133371.98825,6470721.07435,11894324.77535,,,,,,,,
2024-03-14,73127.5,73881.4,68600,71455.5,36716552217.5766,5876230093,6084185196,5724618147,6002947331,0.024472,0.046584,0.024189,0.038569,0.020465,0.055883,0.020465,0.041834,0.02206,0.049777,0.02206,0.039119,50.47,49.53,1.02,56.16,43.84,1.28,61.0,39.0,1.56,14718741.10735,12081765.03087,25186365.73195,13866193.09607,,,,,,,,
2024-03-15,71455.6,72500,65580,69552.2,48272581902.8753,6002947331,6101598263,5022756024,5513402145,0.038569,0.041217,0.01,0.01,0.041834,0.05644,0.010146,0.012072,0.039119,0.052298,0.009988,0.012199,61.74,38.26,1.61,63.88,36.12,1.77,60.59,39.41,1.54,22240783.68161,19782615.12091,36463152.25321,25222159.44461,,,,,,,,
2024-03-16,69552.1,70097.6,64750,65351,22541678644.111,5513402145,5557950314,4985903805,5003898041,0.01,0.028803,0.01,0.013089,0.012072,0.026586,0.011451,0.021375,0.012199,0.027291,0.012199,0.018573,62.71,37.29,1.68,64.42,35.58,1.81,59.74,40.26,1.48,14857076.18261,6954579.02098,24600733.05321,7624107.48728,,,,,,,,
2024-03-17,65351,68972.4,64559.8,68447.9,21028327483.6199,5003898041,5399522594,5003898041,5376449398,0.013089,0.029612,0.010747,0.020162,0.021375,0.030965,0.015991,0.016589,0.018573,0.028164,0.01554,0.016077,67.18,32.82,2.05,69.06,30.94,2.23,59.09,40.91,1.44,5674688.4755,11953558.40459,7114291.0359,13591792.68219,,,,,,,,
2024-03-18,68447.9,69044.4,66601.6,67660,21523360569.0545,5376449398,5483394851,5238098293,5351196720,0.020162,0.035352,0.020162,0.026972,0.016589,0.032884,0.015044,0.015678,0.016077,0.034432,0.015755,0.016328,60.6,39.4,1.54,58.95,41.05,1.44,58.73,41.27,1.42,8978040.37409,10731091.02562,11495914.93429,11516236.27212,,,,,,,,
2024-03-19,67660,68178.6,61582.8,61974.1,45022421390.2259,5351196720,5403658626,4793357164,4833066650,0.026972,0.033726,0.01,0.015774,0.015678,0.028114,0.010633,0.013601,0.016328,0.028896,0.010358,0.014583,61.36,38.64,1.59,63.03,36.97,1.71,60.3,39.7,1.52,22752906.00804,12769440.42684,38096202.48854,15014868.88294,,,,,,,,
2024-03-20,61974.2,68140,60800,67876.4,40691196674.2454,4833066650,5236736869,4752455835,5222613616,0.015774,0.026492,0.01,0.010527,0.013601,0.02624,0.010337,0.012565,0.014583,0.0261,0.01024,0.013035,69.24,30.76,2.25,70.37,29.63,2.38,61.09,38.91,1.57,20262277.92138,20156020.56988,25748648.14228,28751050.55778,,,,,,,,
2024-03-21,67876.3,68293.9,64550.1,65539.9,23100282162.2446,5222613616,5256767295,4930706607,4938523622,0.010527,0.027049,0.01,0.016335,0.012565,0.020167,0.011958,0.01208,0.013035,0.020007,0.011498,0.011752,56.89,43.11,1.32,56.39,43.61,1.29,59.37,40.63,1.46,8375152.32453,8046442.06904,11783551.53703,8992290.85364,,,,,,,,
2024-03-22,65539.9,66691.9,62294,63826,25742798562.8776,4938523622,5048169321,4601590065,4663193281,0.016335,0.016335,0.01,0.01,0.01208,0.013433,0.008949,0.011173,0.011752,0.013331,0.008217,0.011069,65.21,34.79,1.87,67.78,32.22,2.1,61.68,38.32,1.61,9253263.88913,14329436.42621,14434288.89653,17055620.57151,,,,,,,,
2024-03-23,63826.1,66050,63020.2,64020.3,15454464441.7977,4663193281,4976783668,4608981774,4733972673,0.01,0.017535,0.01,0.01042,0.011173,0.016018,0.009972,0.011518,0.011069,0.015172,0.009943,0.011433,70.26,29.74,2.36,69.21,30.79,2.25,58.87,41.13,1.43,4898374.54584,5147449.2923,6138756.59804,6638117.1947,,,,,,,,
2024-03-24,64020.4,67700,63822,67260.9,15988550837.6199,4733972673,5205104731,4722594666,5179413926,0.01042,0.025759,0.01,0.025586,0.011518,0.022859,0.010712,0.022242,0.011433,0.019494,0.010871,0.019494,61.76,38.24,1.62,61.54,38.46,1.6,57.91,42.09,1.38,2517314.51421,12923647.59194,3399656.76731,16944898.47244,,,,,,,,
2024-03-25,67260.9,71228.3,66427.6,69920.5,27232095366.1987,5179413926,5675122585,5121335474,5512180002,0.025586,0.032484,0.016216,0.021965,0.022242,0.036786,0.013467,0.027162,0.019494,0.035528,0.013694,0.023494,58.5,41.5,1.41,57.85,42.15,1.37,57.81,42.19,1.37,5844473.53831,13405259.38078,7255288.59941,17012844.68398,,,,,,,,
2024-03-26,69920.6,71649,69320,70044.1,21669877660.121,5512180002,5642072639,5422385277,5580888141,0.021965,0.040703,0.017239,0.028794,0.027162,0.051215,0.019696,0.039601,0.023494,0.052143,0.019568,0.039044,51.31,48.69,1.05,55.44,44.56,1.24,58.68,41.32,1.42,6242127.80426,6288185.9204,8939102.08786,7477936.2129,,,,,,,,
2024-03-27,70044.2,71888,68364.8,69532.6,28488910031.2394,5580888141,6059304517,5568699081,5777147233,0.028794,0.045608,0.02325,0.024195,0.039601,0.05292,0.028239,0.030451,0.039044,0.049895,0.025898,0.031128,54.06,45.94,1.18,58.43,41.57,1.41,59.12,40.88,1.45,5870863.80389,9684664.03889,10527244.07199,10938723.10669,,,,,,,,
2024-03-28,69532.6,71636.2,68941,70838.7,17096927301.5065,5777147233,6041047121,5660853450,5886264058,0.024195,0.035473,0.017079,0.018248,0.030451,0.05964,0.028568,0.03012,0.031128,0.054929,0.028332,0.032211,60.43,39.57,1.53,62.1,37.9,1.64,59.16,40.84,1.45,3021165.77555,16001251.7129,3587986.49725,16845048.8168,,,,,,,,
2024-03-29,70838.8,70976.9,69000,69903.6,13153567697.5941,5886264058,5912142353,5655357295,5668569577,0.018248,0.031898,0.018248,0.019624,0.03012,0.050001,0.024231,0.025614,0.032211,0.054383,0.024428,0.025809,52.09,47.91,1.09,55.78,44.22,1.26,58.43,41.57,1.41,7519293.02546,3620091.36578,10783835.18936,3984593.70488,,,,,,,,
2024-03-30,69903.5,70388,69577.2,69642.1,6381153666.1447,5668569577,5695021201,5591337286,5591337286,0.019624,0.037305,0.018599,0.032404,0.025614,0.045277,0.017656,0.031392,0.025809,0.049103,0.017853,0.034647,60.35,39.65,1.52,63.16,36.84,1.71,58.18,41.82,1.39,1155508.48654,2012692.2294,1477120.11554,2398324.1156,,,,,,,,
2024-03-31,69642,71495.5,69608,71363,9355678684.2368,5591337286,5938952398,5584573431,5904518828,0.032404,0.074097,0.029811,0.070103,0.031392,0.076628,0.025181,0.071441,0.034647,0.077281,0.023967,0.072385,58.28,41.72,1.4,61.24,38.76,1.58,58.21,41.79,1.39,996646.62707,7096102.40112,1246518.94107,7867704.57672,,,,,,,,
2024-04-01,71363,71388,68103.3,69700,19638685563.105,5904518828,5952388243,5625678006,5866031040,0.070103,0.071097,0.010228,0.010964,0.071441,0.090713,0.012281,0.016755,0.072385,0.099259,0.012985,0.017934,53.64,46.36,1.16,56.27,43.73,1.29,58.27,41.73,1.4,7039859.89964,6828174.43507,10930995.98974,9542465.36927,,,,,,,,
2024-04-02,69700,69731.6,64603.2,65505.3,33033080048.7779,5866031040,5871146576,5093790361,5108747590,0.010964,0.02325,0.01,0.01,0.016755,0.029166,0.007677,0.00847,0.017934,0.03164,0.007647,0.008305,60.22,39.78,1.51,62.78,37.22,1.69,58.0,42.0,1.38,10481249.96975,13384960.31888,18175174.31395,30700656.74558,,,,,,,,
2024-04-03,65502.4,66940,64500,65971.9,18154927438.7485,5108747590,5356246956,5022392026,5284263995,0.01,0.01,0.01,0.01,0.00847,0.01105,0.007626,0.007626,0.008305,0.01176,0.008121,0.00842,68.79,31.21,2.2,69.15,30.85,2.24,57.16,42.84,1.33,4309138.9044,16315709.10179,5451607.6092,17040821.01029,,,,,,,,
2024-04-04,65971.8,69329.7,65100,68489.9,21993167593.7275,5284263995,5684442598,5147054544,5377920595,0.01,0.01,0.01,0.01,0.007626,0.010435,0.003469,0.008844,0.00842,0.010508,0.002519,0.009377,68.16,31.84,2.14,65.89,34.11,1.93,55.09,44.91,1.23,4471412.98328,12042845.22956,6483249.96478,14602041.59156,,,,,,,,
2024-04-05,68489.8,68787.1,65966,67825.7,21107925585.8184,5377920595,5380184505,5027968190,5098579820,0.01,0.01,0.01,0.01,0.008844,0.009866,0.006654,0.008309,0.009377,0.010699,0.008331,0.009403,59.71,40.29,1.48,58.64,41.36,1.42,54.72,45.28,1.21,8142704.64866,7968361.44567,11418211.55966,8882702.34367,,,,,,,,
2024-04-06,67825.8,69708,67450,68901.6,8691055181.7396,5098579820,5339768446,5063635766,5270377202,0.01,0.01,0.01,0.01,0.008309,0.011086,0.007933,0.010093,0.009403,0.011496,0.008849,0.009773,61.95,38.05,1.63,63.99,36.01,1.78,55.04,44.96,1.22,1324851.63161,6856554.31722,1552020.87941,8491863.67422,,,,,,,,
2024-04-07,68901.5,70395,68820.6,69362.7,11941228075.3619,5270377202,5703057774,5270377202,5552502273,0.01,0.01,0.01,0.01,0.010093,0.012516,0.009672,0.011778,0.009773,0.0128,0.009773,0.012182,57.19,42.81,1.34,58.38,41.62,1.4,54.5,45.5,1.2,2919180.9335,11557622.30142,3706375.9002,12531485.85662,,,,,,,,
2024-04-08,69362.7,72890.4,69040.4,71678.4,21244761164.6054,5552502273,6029792841,5435531878,5750968326,0.01,0.039416,0.01,0.020915,0.011778,0.033839,0.010858,0.018453,0.012182,0.034462,0.010926,0.019981,55.47,44.53,1.25,58.43,41.57,1.41,55.0,45.0,1.22,4845306.21634,14901457.95831,5889596.66794,18987410.05901,,,,,,,,
2024-04-09,71678.3,71820.6,68216,69189.3,23375265337.4387,5750968326,5806043525,5520072335,5548686924,0.020915,0.023648,0.011694,0.011959,0.018453,0.02651,0.010782,0.011055,0.019981,0.029038,0.010918,0.011215,51.46,48.54,1.06,54.58,45.42,1.2,58.17,41.83,1.39,9044529.04737,5616016.04865,15205425.79107,5821791.93585,,,,,,,,
2024-04-10,69189.2,71412.2,67546.2,70681.7,23325636213.9376,5548686924,5663578623,5353644484,5616503105,0.011959,0.019288,0.01,0.013976,0.011055,0.015353,0.009231,0.01084,0.011215,0.016564,0.009564,0.011512,63.9,36.1,1.77,65.75,34.25,1.92,58.81,41.19,1.43,5849873.37915,10965142.22251,8203690.67415,12842252.60631,,,,,,,,
2024-04-11,70681.8,71387.4,69592.6,70055.7,18047175024.5562,5616503105,5946735369,5586539810,5722943123,0.013976,0.028553,0.01,0.011258,0.01084,0.016344,0.0061,0.007777,0.011512,0.017358,0.007965,0.009438,58.37,41.63,1.4,58.72,41.28,1.42,57.1,42.9,1.33,4338050.17379,11181313.89088,5356342.91329,12314913.45458,,,,,,,,
2024-04-12,70055.6,71297,65102,67136.4,28466614548.6295,5722943123,6019472254,5242945196,5377976837,0.011258,0.033762,0.01,0.01,0.007777,0.019278,0.001661,0.003029,0.009438,0.020068,0.004429,0.006234,56.62,43.38,1.31,59.86,40.14,1.49,58.26,41.74,1.4,12331849.46412,6134374.91649,22143588.56512,20736818.11319,,,,,,,,
2024-04-13,67136.4,67975.4,59652.5,63939.7,33367903356.8375,5377976837,5400096015,4095144703,4276695920,0.01,0.01,0.01,0.01,0.003029,0.00899,-0.005402,-0.00496,0.006234,0.009455,0.000918,0.001714,66.75,33.25,2.01,65.74,34.26,1.92,57.96,42.04,1.38,31697633.14711,15488818.68101,47564940.68671,20657394.93411,,,,,,,,
2024-04-14,63939.7,65822.1,62139.3,65615.9,25338078893.5816,4276695920,4414469513,4134936233,4396749482,0.01,0.01,0.01,0.01,-0.00496,0.009848,-0.00496,0.004286,0.001714,0.011305,0.001654,0.006893,65.8,34.2,1.92,65.62,34.38,1.91,57.63,42.37,1.36,8512081.01084,9111952.93795,12373872.48504,11057973.01905,,,,,,,,
2024-04-15,65615.9,66874.9,62242.5,63392.7,24679208520.81,4396749482,4588112690,4161295258,4181980670,0.01,0.01,0.001376,0.006058,0.004286,0.005696,-0.014582,0.004539,0.006893,0.007104,-0.014196,0.006748,63.19,36.81,1.72,61.51,38.49,1.6,55.92,44.08,1.27,8376493.29613,6904121.96962,15517814.18043,8010505.66642,,,,,,,,
2024-04-16,63392.8,64356.3,61521,63765,25471361626.3666,4181980670,4268545429,4062125169,4093420809,0.006058,0.01,0.001357,0.006331,0.004539,0.007556,0.001238,0.004781,0.006748,0.009051,0.001541,0.004639,68.31,31.69,2.16,68.46,31.54,2.17,55.5,44.5,1.25,8717176.37756,7566372.34277,14259991.09096,9694466.78877,,,,,,,,
2024-04-17,63764.9,64483.3,59625,61254.5,27402345105.778,4093420809,4234934398,4081090048,4106887924,0.006331,0.01,0.00035,0.006937,0.004781,0.007879,-0.001625,0.00352,0.004639,0.007946,-0.00234,0.00524,65.82,34.18,1.93,64.3,35.7,1.8,55.59,44.41,1.25,9815304.63003,7632232.52714,16332334.17753,9123313.22004,,,,,,,,
2024-04-18,61254.5,64100,60763.8,63445,22708533755.015,4106887924,4420951143,4083579666,4290473835,0.006937,0.008796,-0.005435,-0.003168,0.00352,0.006798,-0.009025,-0.005855,0.00524,0.007842,-0.007816,-0.002019,70.72,29.28,2.42,69.8,30.2,2.31,56.74,43.26,1.31,7308016.2503,8485310.81887,9141002.4478,12400719.23257,,,,,,,,
2024-04-19,63445,65480,59541,63787.4,36302540390.0359,4290473835,4410500071,3970189292,4200307468,-0.003168,0.01,-0.003168,0.01,-0.005855,0.007965,-0.006251,0.004764,-0.002019,0.008421,-0.002224,0.005625,61.57,38.43,1.6,61.41,38.59,1.59,53.23,46.77,1.14,12143291.30363,11594358.71734,16523845.91483,17126358.62634,,,,,,,,
2024-04-20,63787.4,65400,63045.1,64897.2,12657413383.4181,4200307468,4373621270,4161720627,4365329719,0.01,0.01,-0.001623,0.003259,0.004764,0.005403,-0.008212,-0.001004,0.005625,0.005957,-0.006439,-0.000356,58.68,41.32,1.42,60.11,39.89,1.51,55.41,44.59,1.24,2329309.88783,4042559.50697,3356589.66783,5055743.54887,,,,,,,,
2024-04-21,64897.2,65678.7,64214.2,64912.6,10421155519.373,4365329719,4424067910,4287139849,4341693849,0.003259,0.01,-0.002692,0.004423,-0.001004,0.008001,-0.006635,0.007027,-0.000356,0.008404,-0.008215,0.006214,59.34,40.66,1.46,58.47,41.53,1.41,54.68,45.32,1.21,1745847.6887,2431171.15965,3064105.7606,3082237.56825,,,,,,,,
2024-04-22,64912.7,67222,64470.5,66778,16249055489.4621,4341693849,4631108171,4272269804,4610631694,0.004423,0.005345,-0.002382,-0.001269,0.007027,0.008604,-0.007998,-0.007123,0.006214,0.007799,-0.008573,-0.007912,58.52,41.48,1.41,59.64,40.36,1.48,55.02,44.98,1.22,3395074.89163,4440248.07675,4132929.11753,7199318.63015,,,,,,,,
2024-04-23,66777.9,67158.9,65750,66386.3,11872116761.8403,4610631694,4707773025,4493726547,4519223872,-0.001269,0.007031,-0.001895,0.001432,-0.007123,0.007316,-0.010731,0.005933,-0.007912,0.007949,-0.011477,0.005076,54.66,45.34,1.21,55.0,45.0,1.22,53.88,46.12,1.17,3077873.4658,2861838.54446,4251846.3336,3547193.94506,,,,,,,,
2024-04-24,66386.2,67068.2,63575,64250,18306717739.8572,4519223872,4619580464,4400670111,4502561363,0.001432,0.01,0.000657,0.00702,0.005933,0.010846,0.003958,0.010173,0.005076,0.010531,0.00282,0.009493,57.53,42.47,1.36,59.25,40.75,1.45,54.41,45.59,1.19,7084051.13452,3296398.78841,10739850.54652,3952420.29981,,,,,,,,
2024-04-25,64250,65270.6,62721.3,64478.8,17612408773.4342,4502561363,4533801510,4329153232,4339295975,0.00702,0.01,-0.001805,0.00168,0.010173,0.010173,-0.000791,0.000438,0.009493,0.009493,-0.002948,-0.000659,65.57,34.43,1.9,65.96,34.04,1.94,56.04,43.96,1.28,13787008.99864,6287420.58013,15612117.99574,7706264.24223,81639959.9338,1276.645,78533053.6862,1217.125,81639959.9338,1276.645,78533053.6862,1217.125
2024-04-26,64478.7,64783.1,63291.5,63748.8,12953562908.9849,4339295975,4382436901,4210892931,4289655298,0.00168,0.01,0.000174,0.01,0.000438,0.010042,-0.001825,0.009812,-0.000659,0.01006,-0.002867,0.009532,62.69,37.31,1.68,61.79,38.21,1.62,54.39,45.61,1.19,3764846.11332,2179297.22404,6342098.11962,2945551.72464,81639959.9338,1276.645,78533053.6862,1217.125,81639959.9338,1276.645,78533053.6862,1217.125
2024-04-27,63748.7,63901.4,62332.8,63421,10551185173.9539,4289655298,4311194123,4167012086,4259559020,0.01,0.01,0.001023,0.001023,0.009812,0.009812,0.003897,0.004301,0.009532,0.009714,0.003734,0.00407,66.85,33.15,2.02,66.0,34.0,1.94,56.01,43.99,1.27,3458447.55897,2298026.11856,5872467.57067,3122419.50746,119532853.9462,1884.63,88997371.6587,1390.054,119532853.9462,1884.63,88997371.6587,1390.054
2024-04-28,63420.9,64350,62700,63088.3,8016661482.1787,4259559020,4367914621,4145952947,4148763399,0.001023,0.003744,-0.002772,0.002519,0.004301,0.007673,-0.00425,0.003444,0.00407,0.008225,-0.006495,0.00223,68.54,31.46,2.18,67.23,32.77,2.05,55.33,44.67,1.24,2346267.449,2734635.49643,2982172.9824,3349412.38403,92221645.0891,1460.441,116436146.8573,1825.762,92221645.0891,1460.441,116436146.8573,1825.762
2024-04-29,63088.4,64200,61726.2,63842.4,14314248545.4903,4148763399,4306730029,4117375004,4249575141,0.002519,0.009819,0.000859,0.00974,0.003444,0.009818,-0.006919,0.005857,0.00223,0.009711,-0.008278,0.004518,68.71,31.29,2.2,66.88,33.12,2.02,54.35,45.65,1.19,4539780.38438,4663850.95164,7428999.86908,5789146.48904,92850833.9089,1479.251,78790811.8714,1244.222,92850833.9089,1479.251,78790811.8714,1244.222
2024-04-30,63842.4,64700,59150,60651.2,25092892151.668,4249575141,4488689476,4218127711,4397700935,0.00974,0.01,0.009006,0.01,0.005857,0.010317,-0.006181,0.009676,0.004518,0.010082,-0.003682,0.009094,65.38,34.62,1.89,64.43,35.57,1.81,54.73,45.27,1.21,14134144.49102,7071272.71742,22318904.50562,9044216.03462,88997351.0995,1399.962,108236081.3436,1686.316,88997351.0995,1399.962,108236081.3436,1686.316
2024-05-01,60651.2,60816.7,56537.7,58307.6,32693924021.3483,4397700935,4416140550,3923241670,3988662929,0.01,0.01,0.00524,0.0068,0.009676,0.010176,0.001929,0.005999,0.009094,0.01018,0.002717,0.005304,77.58,22.42,3.46,75.67,24.33,3.11,56.51,43.49,1.3,12937274.35701,10019282.92741,25190418.67921,12924133.74871,67814359.337,1123.141,68032957.0104,1116.819,67814359.337,1123.141,68032957.0104,1116.819
2024-05-02,58307.7,59637.3,56951.6,59036.7,17487969119.0605,3988662929,4139527476,3877604078,3988560390,0.0068,0.007245,-0.004973,-0.001549,0.005999,0.00871,-0.0101,-0.007382,0.005304,0.007987,-0.008167,-0.005752,74.74,25.26,2.96,73.81,26.19,2.82,56.4,43.6,1.29,4169809.51353,4919001.3649,6245937.91673,7408183.3105,59467461.8735,1024.478,66313866.694,1133.125,59467461.8735,1024.478,66313866.694,1133.125
2024-05-03,59036.7,63333,58781.3,62853.7,21564299244.1295,3988560390,4560785953,3969533790,4532000398,-0.001549,0.008184,-0.004369,0.002668,-0.007382,0.004348,-0.011245,-0.004976,-0.005752,0.004832,-0.009095,-0.004344,65.89,34.11,1.93,65.53,34.47,1.9,55.73,44.27,1.26,4005593.41774,10439979.60749,4842415.49754,16963777.32529,86726439.0024,1476.551,99527119.6119,1681.433,86726439.0024,1476.551,99527119.6119,1681.433
2024-05-04,62853.7,64547.9,62520,63864.2,13034655817.2657,4532000398,4828462371,4492339498,4712529731,0.002668,0.01,0.002503,0.006927,-0.004976,0.008076,-0.005364,0.0071,-0.004344,0.007353,-0.005313,0.005864,55.56,44.44,1.25,55.27,44.73,1.24,55.13,44.87,1.23,2282076.6911,5828927.43456,2842165.6249,7410170.63366,92205060.99,1473.101,82672089.3292,1309.564,92205060.99,1473.101,82672089.3292,1309.564
2024-05-05,63864.3,64644.3,62833,63988,11834485753.5008,4712529731,4713499169,4461615579,4645516286,0.006927,0.006927,-0.002507,0.000578,0.0071,0.00977,-0.00002,0.004047,0.005864,0.009337,-0.0028,0.002548,53.18,46.82,1.14,55.4,44.6,1.24,54.23,45.77,1.19,2924179.97701,4730890.05309,3959875.11961,5749668.12849,91643337.3925,1441.926,168845636.9021,2633.294,91643337.3925,1441.926,168845636.9021,2633.294
2024-05-06,63987.9,65500,62655.3,63142.8,19505921274.1131,4645516286,4970839367,4465507718,4470503918,0.000578,0.01,-0.003675,0.006076,0.004047,0.009818,-0.000175,0.008912,0.002548,0.009605,-0.000701,0.008182,53.01,46.99,1.13,55.2,44.8,1.23,52.98,47.02,1.13,6646550.47681,5091513.18268,9724888.21371,7020355.32928,85808036.9633,1347.013,94391845.9735,1467.714,85808036.9633,1347.013,94391845.9735,1467.714
2024-05-07,63142.7,64392.2,62203.6,62296,15159034876.2773,4470503918,4693117122,4413303951,4421616299,0.006076,0.01,-0.00126,0.004891,0.008912,0.009759,0.004506,0.00665,0.008182,0.009505,0.004017,0.006606,57.16,42.84,1.33,58.75,41.25,1.42,54.04,45.96,1.18,13407021.12098,4299599.45122,15657442.24158,5488062.46522,132025246.995,2102.039,71139353.7781,1121.841,132025246.995,2102.039,71139353.7781,1121.841
2024-05-08,62296,62994.9,60843.6,61157.9,15009447288.5236,4421616299,4556824865,4245511689,4264602202,0.004891,0.01,0.004891,0.005745,0.00665,0.010238,0.005907,0.008249,0.006606,0.010334,0.006395,0.008068,60.91,39.09,1.56,61.74,38.26,1.61,53.71,46.29,1.16,7527576.22052,5625557.3087,11462368.12412,6980770.0113,172485174.3665,2783.828,80134569.7127,1281.76,172485174.3665,2783.828,80134569.7127,1281.76
2024-05-09,61157.9,63447.2,60550,63050.1,14981735279.2778,4264602202,4444581901,4262179941,4397764627,0.005745,0.009092,-0.002647,0.000968,0.008249,0.010369,0.000151,0.000294,0.008068,0.0102,-0.000997,-0.000307,65.6,34.4,1.91,66.3,33.7,1.97,54.68,45.32,1.21,2285020.60998,7684338.53761,3392475.68328,11078091.00411,116791381.4313,1920.908,76209959.6835,1242.196,116791381.4313,1920.908,76209959.6835,1242.196
2024-05-10,63050,63446.5,60117.4,60778.1,18938205576.9304,4397764627,4695713552,4337784082,4360678379,0.000968,0.01,0.000968,0.00887,0.000294,0.008753,-0.003556,0.008514,-0.000307,0.00887,-0.003777,0.008593,63.95,36.05,1.77,62.73,37.27,1.68,54.01,45.99,1.17,11819454.75811,5675792.58321,17098581.92891,6733814.80721,96052696.0148,1529.749,111061148.9965,1753.024,96052696.0148,1529.749,111061148.9965,1753.024
2024-05-11,60778,61491.4,60432.6,60809.2,6877983504.5903,4360678379,4375559003,4270782817,4313988899,0.00887,0.00922,-0.000762,0.002534,0.008514,0.009272,0.005131,0.00527,0.008593,0.009364,0.004988,0.006474,70.97,29.03,2.45,70.19,29.81,2.36,54.8,45.2,1.21,1048146.65273,1395102.61405,1363582.43093,1860702.36575,96052696.0148,1529.749,111061148.9965,1753.024,96052696.0148,1529.749,111061148.9965,1753.024
2024-05-12,60809.1,61849.4,60557.3,61455.8,6368568612.9511,4313988899,4376976083,4196623596,4286984009,0.002534,0.01,0.001975,0.01,0.00527,0.008654,-0.001749,0.003801,0.006474,0.00954,-0.002943,0.000616,69.3,30.7,2.26,67.49,32.51,2.08,53.79,46.21,1.16,1682160.83733,7210427.68618,2270895.17563,7489448.28708,139577858.1485,2308.286,88499343.7829,1449.959,139577858.1485,2308.286,88499343.7829,1449.959
2024-05-13,61455.7,63440,60750,62912.1,16330380829.2882,4286984009,4595102448,4192312846,4475299820,0.01,0.01,0.006546,0.009832,0.003801,0.009593,-0.000612,0.001885,0.000616,0.00964,-0.001702,0.002579,66.37,33.63,1.97,64.93,35.07,1.85,54.7,45.3,1.21,5436260.63404,6529785.81344,6413806.79574,9901739.20954,117197505.2893,1917.072,120726893.4232,1954.132,117197505.2893,1917.072,120726893.4232,1954.132
2024-05-14,62912.2,63099.6,60950,61550.5,15109206760.3044,4475299820,4497378709,4157560294,4169688709,0.009832,0.01,0.002799,0.01,0.001885,0.01351,-0.00258,0.007326,0.002579,0.012974,-0.002753,0.006333,55.55,44.45,1.25,56.89,43.11,1.32,54.91,45.09,1.22,4996555.55648,1839267.89443,6539291.28368,2460295.53583,103413598.6999,1652.466,109646017.9568,1734.09,103413598.6999,1652.466,109646017.9568,1734.09
2024-05-15,61550.5,66440,61316.1,66175.4,23386650925.3942,4169688709,4875643611,4169688709,4871549309,0.01,0.01,-0.007872,0.002119,0.007326,0.007814,-0.010049,0.002627,0.006333,0.007182,-0.008773,0.002115,65.8,34.2,1.92,66.43,33.57,1.98,56.72,43.28,1.31,2627759.11307,10097347.9721,3756621.17397,13410057.9924,107010028.4113,1748.438,85230955.334,1378.856,107010028.4113,1748.438,85230955.334,1378.856
2024-05-16,66175.5,66800,64567,65217.7,15938317634.4592,4871549309,5012009102,4677800610,4720317951,0.002119,0.01,-0.002459,0.004617,0.002627,0.010152,0.000608,0.006755,0.002115,0.010005,-0.001243,0.006199,48.68,51.32,0.95,49.86,50.14,0.99,52.23,47.77,1.09,4599166.56212,3940628.87745,7530826.85482,4932552.99535,83422690.6027,1265.505,239701410.4792,3597.633,83422690.6027,1265.505,239701410.4792,3597.633
2024-05-17,65217.7,67400.6,65061.2,66980,15063357958.2313,4720317951,5074395140,4649429572,4962929383,0.004617,0.005045,-0.000979,0.000714,0.006755,0.006918,-0.002258,0.001242,0.006199,0.006902,-0.003048,0.000577,51.02,48.98,1.04,57.17,42.83,1.34,54.53,45.47,1.2,5486179.58676,7196961.01622,6232388.39426,12391627.96482,127235273.4095,1961.129,92545599.8257,1413.114,127235273.4095,1961.129,92545599.8257,1413.114
2024-05-18,66980,67340.5,66503.2,66884.9,6486952326.6813,4962929383,5087221184,4938465398,5027551725,0.000714,0.009261,-0.000888,0.003268,0.001242,0.007842,-0.004233,0.005674,0.000577,0.008011,-0.006833,0.004942,48.63,51.37,0.95,51.65,48.35,1.07,52.57,47.43,1.11,1431509.25494,1899920.11435,1788956.16254,2073265.36305,87452816.204,1311.534,112706829.2099,1674.968,87452816.204,1311.534,112706829.2099,1674.968
2024-05-19,66885,67750,65835.8,66239.4,9905380403.4981,5027551725,5191291402,4973375658,4976672105,0.003268,0.01,0.003268,0.005658,0.005674,0.009034,0.002894,0.003409,0.004942,0.00932,0.003023,0.003409,48.42,51.58,0.94,53.0,47.0,1.13,52.89,47.11,1.12,2485802.99936,1558782.29645,5310843.32656,1840255.41635,134684638.8407,2022.464,134561601.8097,2001.585,134684638.8407,2022.464,134561601.8097,2001.585
2024-05-20,66239.4,71674.6,66010,71466.5,25053578434.6735,4976672105,5498552073,4963343002,5041322427,0.005658,0.01,-0.001419,0.01,0.003409,0.014803,-0.000062,0.014617,0.003409,0.015144,-0.00149,0.014827,50.28,49.72,1.01,54.72,45.28,1.21,53.29,46.71,1.14,4356028.92333,16555760.46721,6076916.40053,24426520.36741,111636851.8896,1693.897,101032168.5969,1518.674,111636851.8896,1693.897,101032168.5969,1518.674
2024-05-21,71466.5,72132.8,69165.6,70168.8,18645631576.533,5041322427,5583519611,5041322427,5505406193,0.01,0.020012,0.01,0.01,0.014617,0.027021,0.012486,0.012522,0.014827,0.024913,0.012028,0.012096,47.25,52.75,0.9,49.11,50.89,0.97,55.09,44.91,1.23,4073071.77934,4911675.25683,7018340.68964,6127362.81323,130029856.2071,1825.398,103796687.225,1445.251,130029856.2071,1825.398,103796687.225,1445.251
2024-05-22,70168.7,70715.4,68736.8,69219.1,13560577032.3479,5505406193,5611267789,5345473689,5387489415,0.01,0.01669,0.01,0.01,0.012522,0.015344,0.010029,0.013537,0.012096,0.016507,0.009931,0.011951,54.38,45.62,1.19,56.4,43.6,1.29,61.28,38.72,1.58,3535307.27471,2107824.03819,6660196.85811,2593472.66609,82699556.6433,1183.36,94208249.4052,1336.072,82699556.6433,1183.36,94208249.4052,1336.072
2024-05-23,69219.2,70133.3,66156.6,67999.9,19898528976.5228,5387489415,5528814274,4755001018,4818121711,0.01,0.011826,0.01,0.01,0.013537,0.019646,0.010639,0.012464,0.011951,0.01855,0.009921,0.010852,56.79,43.21,1.31,60.28,39.72,1.52,60.96,39.04,1.56,7674495.2494,4206014.37432,12608609.4307,6087328.70192,106004812.35,1537.754,69036290.1002,992.486,106004812.35,1537.754,69036290.1002,992.486
2024-05-24,67999.9,69273.5,66639,68584.1,12680519559.9216,4818121711,4888819620,4776591953,4815669891,0.01,0.01,0.01,0.01,0.012464,0.012627,0.009125,0.009525,0.010852,0.012399,0.008424,0.008977,65.21,34.79,1.87,66.38,33.62,1.97,62.52,37.48,1.67,2260732.81109,3318216.84101,3467216.66959,5679207.81231,71089546.0512,1049.366,174402778.0231,2549.825,71089546.0512,1049.366,174402778.0231,2549.825
2024-05-25,68584,69622.8,68523.7,69314.4,5877646397.3044,4815669891,5081635864,4780053071,5013702926,0.01,0.01,0.01,0.01,0.009525,0.01107,0.008758,0.010917,0.008977,0.010861,0.008841,0.010425,58.63,41.37,1.42,61.03,38.97,1.57,60.82,39.18,1.55,662001.05587,2326259.34763,708027.42167,2775355.63783,143506772.7791,2102.262,77934440.3075,1132.065,143506772.7791,2102.262,77934440.3075,1132.065
2024-05-26,69314.5,69590.3,68155,68524.3,5799029948.6581,5013702926,5022868052,4858010091,4870696706,0.01,0.01,0.01,0.01,0.010917,0.012588,0.010163,0.011129,0.010425,0.01164,0.010013,0.010681,58.32,41.68,1.4,59.78,40.22,1.49,60.46,39.54,1.53,955977.85946,2072915.69812,1745255.20636,2892250.97672,115140862.7838,1669.755,138131906.2996,1981.879,115140862.7838,1669.755,138131906.2996,1981.879
2024-05-27,68524.4,70750,68268.7,69461.6,11819516715.6954,4870696706,5166191681,4866663775,4972525575,0.01,0.022885,0.01,0.01,0.011129,0.033976,0.009978,0.018765,0.010681,0.034122,0.010141,0.016217,59.61,40.39,1.48,62.42,37.58,1.66,60.63,39.37,1.54,2307150.21826,6065297.67383,3069415.17536,7672864.35193,122681561.3991,1799.298,92093294.607,1337.07,122681561.3991,1799.298,92093294.607,1337.07
2024-05-28,69461.5,69628,67273,68440.5,15550145331.9391,4972525575,5070377864,4883799341,4922011479,0.01,0.01,0.01,0.01,0.018765,0.018765,0.009747,0.017182,0.016217,0.016217,0.009574,0.014568,57.94,42.06,1.38,60.22,39.78,1.51,60.63,39.37,1.54,6800177.13544,5159545.8884,10323844.36684,5673103.3092,124356633.6171,1797.868,79504602.8915,1140.01,124356633.6171,1797.868,79504602.8915,1140.01
2024-05-29,68440.4,68983,67129,67686.7,10750677620.1833,4922011479,5174631672,4901748143,5158723294,0.01,0.015138,0.01,0.01,0.017182,0.018018,0.010422,0.010571,0.014568,0.01605,0.010108,0.010221,63.56,36.44,1.74,65.53,34.47,1.9,61.13,38.87,1.57,5665262.1852,2293454.71111,6946886.2066,2559773.87371,84659767.0176,1242.233,95294063.7755,1385.533,84659767.0176,1242.233,95294063.7755,1385.533
2024-05-30,67686.8,69568.9,67167,68402.5,13292938122.4156,5158723294,5244594451,5046332002,5079119363,0.01,0.015117,0.01,0.014648,0.010571,0.012139,0.009308,0.011917,0.010221,0.012325,0.009093,0.011994,67.63,32.37,2.09,67.45,32.55,2.07,60.34,39.66,1.52,5950619.86276,5386655.07792,6858239.50326,6977447.05732,107721709.9717,1600.034,115327812.4944,1695.424,107721709.9717,1600.034,115327812.4944,1695.424
2024-05-31,68402.6,69080,66700.5,67577.9,13295781918.948,5079119363,5234443892,5026651343,5170478816,0.014648,0.015175,0.01,0.01,0.011917,0.012747,0.00882,0.012574,0.011994,0.012611,0.009277,0.011922,60.92,39.08,1.56,62.01,37.99,1.63,59.75,40.25,1.48,7361814.80895,4888536.05176,20986381.60995,5986882.67786,104377973.0083,1533.575,84609035.7139,1231.792,104377973.0083,1533.575,84609035.7139,1231.792
2024-06-01,67577.9,67936,67480,67799.2,3450680244.5259,5170478816,5227901085,5101828030,5117028887,0.01,0.014013,0.01,0.01,0.012574,0.013321,0.01047,0.011097,0.011922,0.012832,0.010582,0.011196,68.5,31.5,2.18,68.4,31.6,2.17,61.27,38.73,1.58,237014.30845,787536.55365,239093.39305,794441.44915,95597418.2092,1421.72,81493779.9927,1200.741,95597418.2092,1421.72,81493779.9927,1200.741
2024-06-02,67799.2,68545.9,67296.3,67805.9,6940423185.8599,5117028887,5338413693,5091729555,5160710915,0.01,0.014449,0.01,0.01,0.011097,0.013524,0.009474,0.011199,0.011196,0.01404,0.010118,0.011296,67.41,32.59,2.07,67.47,32.53,2.07,60.76,39.24,1.55,3192179.78643,2447741.75523,4612873.28403,2851205.19873,121619332.3025,1802.247,107735647.5053,1582.016,121619332.3025,1802.247,107735647.5053,1582.016
2024-06-03,67805.9,70372.9,67642.6,68851.4,15744323218.59,5160710915,5663117256,5154457252,5407566254,0.01,0.014937,0.01,0.011977,0.011199,0.015692,0.009941,0.012152,0.011296,0.016313,0.010587,0.011988,66.0,34.0,1.94,66.08,33.92,1.95,60.86,39.14,1.56,3192788.66538,7541887.09805,4361224.55058,10493941.82155,119276287.9665,1768.723,93680091.2048,1375.136,119276287.9665,1768.723,93680091.2048,1375.136
2024-06-04,68851.3,71146.4,68595.5,70580,15102010055.0805,5407566254,5895412693,5385940912,5730691288,0.011977,0.012645,0.01,0.01,0.012152,0.019599,0.009962,0.01017,0.011988,0.02068,0.008799,0.008999,58.25,41.75,1.4,60.05,39.95,1.5,59.26,40.74,1.46,1863161.14967,6903707.87139,2411796.37087,8871074.26529,198986159.7747,2903.118,92755460.4655,1341.678,198986159.7747,2903.118,92755460.4655,1341.678
2024-06-05,70580,71824.4,70423.6,71133.3,14506716701.0547,5730691288,6086054650,5718096609,5864104942,0.01,0.020275,0.01,0.01,0.01017,0.021636,0.009298,0.010829,0.008999,0.019599,0.008916,0.009966,49.25,50.75,0.97,53.33,46.67,1.14,58.47,41.53,1.41,1776483.65714,6372060.25641,2432096.24714,8530819.70671,198986159.7747,2903.118,92755460.4655,1341.678,198986159.7747,2903.118,92755460.4655,1341.678
2024-06-06,71133.3,71714.8,70101.9,70830,11260947136.4124,5864104942,6087534754,5764785880,5802870332,0.01,0.01997,0.01,0.01,0.010829,0.022894,0.009481,0.010463,0.009966,0.021038,0.009481,0.009853,48.26,51.74,0.93,54.11,45.89,1.18,58.32,41.68,1.4,6695149.86285,2067431.1389,9686153.58405,2508749.9772,198986159.7747,2903.118,92755460.4655,1341.678,198986159.7747,2903.118,92755460.4655,1341.678
2024-06-07,70829.9,72144,68405,69377,21107943363.1505,5802870332,6211124784,5707725178,5715145523,0.01,0.012519,0.01,0.01,0.010463,0.019906,0.009461,0.011608,0.009853,0.01824,0.009595,0.010908,51.83,48.17,1.08,57.55,42.45,1.36,58.53,41.47,1.41,8302909.93359,5632936.59391,18691534.67419,6728547.52111,124208030.6248,1762.23,139786984.8898,1964.384,124208030.6248,1762.23,139786984.8898,1964.384
2024-06-08,69377,69613.6,69192.3,69346.5,4564091530.0889,5715145523,5789174042,5697680277,5789174042,0.01,0.01,0.01,0.01,0.011608,0.013923,0.009145,0.009458,0.010908,0.013577,0.008743,0.008838,60.35,39.65,1.52,63.32,36.68,1.73,58.36,41.64,1.4,709874.50541,329825.77322,749908.28381,330658.06332,114033870.2774,1652.191,138092929.4378,1980.244,114033870.2774,1652.191,138092929.4378,1980.244
2024-06-09,69346.6,69879,69160,69667.1,4729719290.9292,5789174042,5861576914,5766249164,5823581207,0.01,0.01,0.01,0.01,0.009458,0.010474,0.00863,0.009452,0.008838,0.009976,0.008501,0.008851,59.5,40.5,1.47,60.7,39.3,1.55,58.3,41.7,1.4,481099.50279,1105983.71208,624134.17989,1337043.26148,158640828.7954,2298.119,160683009.9355,2304.704,158640828.7954,2298.119,160683009.9355,2304.704
2024-06-10,69667.1,70222.7,69201.2,69558.7,8871913835.0967,5823581207,6010022606,5802180139,5953215771,0.01,0.01,0.01,0.01,0.009452,0.011173,0.008391,0.009019,0.008851,0.010857,0.008135,0.00884,59.93,40.07,1.5,60.36,39.64,1.52,58.3,41.7,1.4,2712404.47773,1634142.77491,3164282.92263,2304795.32711,145456506.7195,2097.627,216108322.0413,3084.185,145456506.7195,2097.627,216108322.0413,3084.185
2024-06-11,69558.8,69600,66000,67320.7,21038441579.0259,5953215771,5964250872,5541795418,5562534025,0.01,0.01,0.01,0.01,0.009019,0.01015,0.005592,0.005794,0.00884,0.010096,0.00456,0.00478,58.42,41.58,1.41,59.68,40.32,1.48,58.87,41.13,1.43,5386675.54048,3039702.02744,13279670.22458,4219933.91314,170337233.1084,2461.254,127141568.9732,1820.777,170337233.1084,2461.254,127141568.9732,1820.777
2024-06-12,67320.6,70028,66920,68270.3,22649264912.7841,5562534025,5936843310,5375948619,5542785986,0.01,0.01,0.01,0.01,0.005794,0.010335,0.001212,0.009938,0.00478,0.010082,0.000799,0.009565,68.6,31.4,2.19,67.83,32.17,2.11,58.02,41.98,1.38,8220185.45783,6549945.72869,11336424.39523,11690937.14759,120904237.2166,1804.461,111404017.5586,1648.729,120904237.2166,1804.461,111404017.5586,1648.729
2024-06-13,68270.3,68607.7,66251.1,66786.9,16734406981.0382,5542785986,5546479391,5343928918,5485414217,0.01,0.01,0.01,0.01,0.009938,0.010289,0.00271,0.007074,0.009565,0.01045,0.00244,0.006946,62.75,37.25,1.69,62.83,37.17,1.69,56.86,43.14,1.32,23245926.19779,2473055.50607,26129014.45469,3003990.03227,120904237.2166,1804.461,111404017.5586,1648.729,120904237.2166,1804.461,111404017.5586,1648.729
2024-06-14,66786.8,67366.5,65052.4,66039.7,15866312486.4519,5485414217,5595707904,5198979489,5248171415,0.01,0.01,0.01,0.01,0.007074,0.010286,0.001103,0.005078,0.006946,0.010126,0.000926,0.005148,68.95,31.05,2.22,67.84,32.16,2.11,57.6,42.4,1.36,8083469.04046,2806428.33062,13038270.05186,3245637.11712,103063355.5436,1550.887,87031268.9026,1297.103,103063355.5436,1550.887,87031268.9026,1297.103
2024-06-15,66039.7,66482.6,65801,66213.7,4794356334.8859,5248171415,5333267971,5221922436,5330430691,0.01,0.01,0.01,0.01,0.005078,0.008949,0.002761,0.005486,0.005148,0.00898,0.003136,0.006041,69.81,30.19,2.31,67.48,32.52,2.08,59.3,40.7,1.46,660509.03674,543550.02229,759449.62554,592231.46969,84848402.0411,1290.933,71939873.481,1085.043,84848402.0411,1290.933,71939873.481,1085.043
2024-06-16,66213.7,66960.3,66012.1,66653.6,5344491143.329,5330430691,5484028391,5316776903,5390981361,0.01,0.01,0.01,0.01,0.005486,0.006777,0.001536,0.004706,0.006041,0.007456,0.001585,0.004336,68.32,31.68,2.16,66.79,33.21,2.01,60.24,39.76,1.52,706081.57879,1673547.06751,1080360.48479,1914811.83751,101993451.3883,1548.484,126591857.4703,1903.292,101993451.3883,1548.484,126591857.4703,1903.292
2024-06-17,66653.5,67280.6,65094.9,66472.1,16425222347.9883,5390981361,5427138590,5195391906,5297370172,0.01,0.01,0.01,0.01,0.004706,0.009561,0.001675,0.005308,0.004336,0.010171,0.001437,0.004512,68.4,31.6,2.17,66.28,33.72,1.97,59.44,40.56,1.47,6437334.53452,8777110.53643,8174290.98242,10190223.64593,136224644.1766,2053.686,126421562.5131,1888.444,136224644.1766,2053.686,126421562.5131,1888.444
2024-06-18,66472.1,66558.9,64009.8,65150,21816182305.9425,5297370172,5308417461,5053491695,5066038259,0.01,0.01,0.006115,0.01,0.005308,0.008408,-0.003485,0.007349,0.004512,0.009165,-0.004091,0.007888,67.63,32.37,2.09,67.42,32.58,2.07,60.25,39.75,1.52,18789846.05379,4548444.3492,22092841.78999,5354499.2098,136224644.1766,2053.686,126421562.5131,1888.444,136224644.1766,2053.686,126421562.5131,1888.444
2024-06-19,65149.9,65711.9,64600,64933.6,9774790516.688,5066038259,5180100752,4880391045,4899469270,0.01,0.01,0.000773,0.003904,0.007349,0.007663,0.00064,0.006286,0.007888,0.008755,-0.001242,0.006241,70.27,29.73,2.36,69.25,30.75,2.25,61.1,38.9,1.57,3050593.40414,1328625.99128,3472685.76754,1725387.57708,181355607.9701,2792.901,132689501.3601,2026.949,181355607.9701,2792.901,132689501.3601,2026.949
2024-06-20,64933.8,66467,64526,64854,14442898639.286,4899469270,5186492321,4799078245,4821658570,0.003904,0.01,0.003023,0.003335,0.006286,0.010142,0.005665,0.006981,0.006241,0.009802,0.005339,0.006341,71.74,28.26,2.54,70.23,29.77,2.36,59.39,40.61,1.46,3333459.37963,3526895.46608,4416744.01423,5182774.25188,139699273.0987,2162.986,118027241.2538,1809.378,139699273.0987,2162.986,118027241.2538,1809.378
2024-06-21,64854,65055.5,63361.2,64124,13452715332.0421,4821658570,5008201956,4782047497,4919506192,0.003335,0.01,0.003335,0.01,0.006981,0.009796,-0.007214,0.009081,0.006341,0.009436,-0.00543,0.008105,70.82,29.18,2.43,68.6,31.4,2.19,58.94,41.06,1.44,6464070.22786,3661571.62488,9043830.77356,4310015.01068,155658009.4162,2412.035,108418125.3329,1663.059,155658009.4162,2412.035,108418125.3329,1663.059
2024-06-22,64124.1,64520,63915.8,64240,3462300794.0067,4919506192,5045999089,4895031063,5012832241,0.01,0.01,0.003802,0.01,0.009081,0.009081,-0.002298,0.004818,0.008105,0.008105,-0.002787,0.005466,73.47,26.53,2.77,71.87,28.13,2.56,61.43,38.57,1.59,381050.16736,266270.66357,399874.12926,278230.44537,103296206.5853,1619.57,117862917.466,1828.994,103296206.5853,1619.57,117862917.466,1828.994
2024-06-23,64240.1,64500,63137.9,63194.9,4609994651.9592,5012832241,5038282122,4892710897,4902502649,0.01,0.01,0.002183,0.009534,0.004818,0.008156,-0.000844,0.006585,0.005466,0.008272,0.00069,0.006209,71.06,28.94,2.46,69.77,30.23,2.31,59.8,40.2,1.49,2483331.00164,214687.98349,4842193.56764,227745.62699,146035193.8795,2282.355,170624926.4362,2642.386,146035193.8795,2282.355,170624926.4362,2642.386
2024-06-24,63195,63357,58218,60273.6,27225659084.9732,4902502649,5090488219,4508108066,4552323899,0.009534,0.01,0.007398,0.007447,0.006585,0.009011,-0.003922,-0.001688,0.006209,0.009406,-0.002155,-0.001115,71.69,28.31,2.53,71.16,28.84,2.47,60.05,39.95,1.5,37022854.85524,7152793.47492,50531953.46024,8494471.03792,254035060.604,4042.222,74421048.7258,1173.055,254035060.604,4042.222,74421048.7258,1173.055
2024-06-25,60273.5,62448.1,60230.5,61777.8,16245819341.4533,4552323899,4907120058,4518995778,4668963766,0.007447,0.01,0.002222,0.01,-0.001688,0.007733,-0.008409,-0.000327,-0.001115,0.007378,-0.007611,-0.000212,76.69,23.31,3.29,76.47,23.53,3.25,62.78,37.22,1.69,3433325.35201,5788127.64368,3989398.90301,8588650.88438,92567906.6225,1542.998,130646913.5216,2156.465,92567906.6225,1542.998,130646913.5216,2156.465
2024-06-26,61777.9,62465.1,60696,60860.1,10474222910.6109,4668963766,4741791261,4504743149,4555761411,0.01,0.01,0.008431,0.01,-0.000327,0.006593,-0.006436,0.005932,-0.000212,0.006756,-0.004996,0.005683,72.19,27.81,2.6,70.3,29.7,2.37,60.35,39.65,1.52,2311063.83375,1652372.88003,3725592.98415,2298436.75573,97424256.4353,1584.769,70098838.3055,1130.273,97424256.4353,1584.769,70098838.3055,1130.273
2024-06-27,60860.1,62379.7,60605,61682,9845035295.7518,4555761411,4706984349,4544831344,4620349143,0.01,0.01,0.01,0.01,0.005932,0.011072,0.003582,0.009112,0.005683,0.010493,0.003573,0.007043,72.21,27.79,2.6,72.46,27.54,2.63,61.77,38.23,1.62,2000399.01947,3127096.59925,2366039.28297,4373206.80845,193117481.7452,3191.782,63531638.2178,1039.698,193117481.7452,3191.782,63531638.2178,1039.698
2024-06-28,61682.1,62204,60038,60429.8,11963155606.5777,4620349143,4756613995,4560060832,4745005727,0.01,0.01,0.01,0.01,0.009112,0.012807,0.001,0.012225,0.007043,0.01252,-0.000557,0.011828,72.06,27.94,2.58,71.36,28.64,2.49,62.61,37.39,1.68,14671124.98822,3317772.76843,17809666.45052,4288218.40863,115974840.2614,1889.939,85910119.4094,1387.483,115974840.2614,1889.939,85910119.4094,1387.483
2024-06-29,60429.8,61232,60400.1,60982.4,4854467389.0233,4745005727,4921677092,4690354359,4911814606,0.01,0.01,0.01,0.01,0.012225,0.015138,-0.006867,0.004801,0.011828,0.011877,-0.005615,0.003482,75.73,24.27,3.12,75.26,24.74,3.04,63.92,36.08,1.77,310586.00299,695734.0016,345032.27339,1196698.3656,112882964.2441,1878.053,69327422.2288,1142.734,112882964.2441,1878.053,69327422.2288,1142.734
2024-06-30,60982.5,63058.4,60705,62766,9131797044.0735,4911814606,5397001301,4889295047,5376731661,0.01,0.01,0.01,0.01,0.004801,0.01206,-0.003342,0.00972,0.003482,0.011266,-0.004272,0.005928,71.6,28.4,2.52,70.66,29.34,2.41,65.18,34.82,1.87,1290615.04353,3262597.77376,1740290.55143,9382469.91786,122437008.9826,2016.934,105452380.9323,1721.473,122437008.9826,2016.934,105452380.9323,1721.473
2024-07-01,62766.1,63849,62502.2,62883.6,12249702867.1569,5376731661,5388697489,5142999799,5147505658,0.01,0.01,0.01,0.01,0.00972,0.014014,-0.002883,0.003388,0.005928,0.011029,-0.003893,0.002042,68.58,31.42,2.18,67.54,32.46,2.08,65.06,34.94,1.86,3787313.30285,6405410.16505,5532491.77525,8334205.42285,85095276.8673,1359.974,171963855.0522,2723.215,85095276.8673,1359.974,171963855.0522,2723.215
2024-07-02,62883.7,63284,61800,62123.6,10187862777.9377,5147505658,5373074741,5139974923,5246556045,0.01,0.01,0.01,0.01,0.003388,0.01233,-0.003265,0.010132,0.002042,0.012327,-0.003877,0.009962,64.98,35.02,1.86,66.26,33.74,1.96,65.13,34.87,1.87,2933392.69904,1427406.09294,5457786.86384,2332875.29584,114806044.1093,1834.584,67977489.229,1076.866,114806044.1093,1834.584,67977489.229,1076.866
2024-07-03,62123.5,62278.2,59299.3,60208,17865204340.8382,5246556045,5324297645,5091465856,5299061174,0.01,0.01,0.01,0.01,0.010132,0.010132,0.000466,0.007458,0.009962,0.009994,0.000863,0.006514,72.45,27.55,2.63,72.25,27.75,2.6,66.57,33.43,1.99,10893428.53101,3290363.3654,17228419.27951,4045638.6493,127509959.9563,2064.675,131525506.9488,2108.682,127509959.9563,2064.675,131525506.9488,2108.682
2024-07-04,60208,60500,56560,57045.9,25874200766.4517,5299061174,5369204798,5008392719,5048214309,0.01,0.01,0.01,0.01,0.007458,0.008382,-0.002652,0.00647,0.006514,0.008241,-0.002477,0.005606,76.47,23.53,3.25,75.49,24.51,3.08,65.22,34.78,1.88,67357064.79952,6624180.76473,81068378.49422,8201703.62583,127509959.9563,2064.675,131525506.9488,2108.682,127509959.9563,2064.675,131525506.9488,2108.682
2024-07-05,57045.9,57533.4,53329.5,56604.9,32076144877.3316,5048214309,5063127967,4480977113,4705450617,0.01,0.01,-0.001674,0.00576,0.00647,0.008001,-0.005684,0.004559,0.005606,0.00808,-0.005055,0.003557,76.18,23.82,3.2,75.49,24.51,3.08,63.92,36.08,1.77,11884051.54682,10402086.91096,26667674.67672,14403087.06726,127509959.9563,2064.675,131525506.9488,2108.682,127509959.9563,2064.675,131525506.9488,2108.682
2024-07-06,56604.9,58472,56000,58216,10197750426.5294,4705450617,4752293272,4584344851,4668527217,0.00576,0.009972,0.002498,0.008104,0.004559,0.009669,-0.001291,0.001822,0.003557,0.008495,-0.000857,0.001665,70.16,29.84,2.35,69.81,30.19,2.31,60.44,39.56,1.53,1881046.623,7451712.42045,2383767.0348,8641950.81815,108428800.5829,1925.769,73280367.2601,1288.832,108428800.5829,1925.769,73280367.2601,1288.832
2024-07-07,58216,58443,55688,55830.9,12037822768.2365,4668527217,4703955277,4520463927,4538628167,0.008104,0.01,0.007989,0.007989,0.001822,0.010201,-0.006063,0.004189,0.001665,0.010289,-0.004686,0.003333,69.05,30.95,2.23,68.17,31.83,2.14,60.71,39.29,1.55,9699808.68184,3741508.04915,14161637.13094,4410934.19545,76172605.7775,1312.961,89234544.5901,1523.866,76172605.7775,1312.961,89234544.5901,1523.866
2024-07-08,55831,58200,54243.1,56686.4,26076914625.381,4538628167,4781675468,4295042920,4469483427,0.007989,0.01,0.004869,0.01,0.004189,0.010314,-0.002643,0.009176,0.003333,0.009067,-0.001525,0.007949,67.99,32.01,2.12,69.97,30.03,2.33,61.97,38.03,1.63,16975847.25237,19762151.0871,23607803.95927,23290389.8303,109808699.7783,1979.852,63814341.0328,1139.011,109808699.7783,1979.852,63814341.0328,1139.011
2024-07-09,56686.4,58290.6,56256.2,58023.2,14760473863.5957,4469483427,4775996991,4408442229,4767037265,0.01,0.01,-0.00049,0.01,0.009176,0.009607,0.002906,0.008143,0.007949,0.009025,0.00317,0.007843,70.66,29.34,2.41,70.4,29.6,2.38,61.32,38.68,1.59,3534289.58509,5218936.31477,4011726.85529,7118946.40987,109808699.7783,1979.852,63814341.0328,1139.011,109808699.7783,1979.852,63814341.0328,1139.011
2024-07-10,58023.1,59449.6,57125,57707,14799688270.3825,4767037265,4856096457,4592737601,4773282684,0.01,0.01,0.003259,0.01,0.008143,0.01056,-0.002428,0.009393,0.007843,0.010028,-0.00276,0.00922,62.86,37.14,1.69,64.47,35.53,1.82,61.8,38.2,1.62,5658164.85259,8052971.60293,6414450.49499,9057763.77193,77688175.3527,1345.13,96838020.6438,1659.935,77688175.3527,1345.13,96838020.6438,1659.935
2024-07-11,57707,59780,57030,57315.5,17033622981.0689,4773282684,4980619240,4632065545,4876372679,0.01,0.01,0.006012,0.006385,0.009393,0.010217,0.004149,0.006801,0.00922,0.009451,0.004104,0.006732,67.5,32.5,2.08,68.84,31.16,2.21,61.57,38.43,1.6,6469291.71171,2999935.91811,8002523.34251,3743995.52661,70515852.3502,1227.541,86956122.3008,1499.374,70515852.3502,1227.541,86956122.3008,1499.374
2024-07-12,57315.7,58500,56500.1,57870,13680800601.3399,4876372679,5011688934,4734194276,4818277472,0.006385,0.009077,0.002951,0.008319,0.006801,0.008898,-0.002556,0.005754,0.006732,0.008016,-0.002747,0.004551,66.07,33.93,1.95,67.09,32.91,2.04,63.67,36.33,1.75,5376540.5916,4925984.36601,7264015.1518,6101168.50861,104009172.3976,1824.339,63132923.9237,1097.423,104009172.3976,1824.339,63132923.9237,1097.423
2024-07-13,57870,59850,57728.6,59174,9257369124.831,4818277472,5066055593,4787662173,5056221117,0.008319,0.01,0.002919,0.00881,0.005754,0.008694,-0.000643,0.007418,0.004551,0.008291,-0.000813,0.007176,65.7,34.3,1.92,66.72,33.28,2.01,61.88,38.12,1.62,868582.55913,3983818.14959,1114957.45023,5664558.55279,86025784.0993,1493.551,78508717.8412,1350.84,86025784.0993,1493.551,78508717.8412,1350.84
2024-07-14,59173.9,61412.4,59164,60766,12501021667.6302,5056221117,5294279479,5056221117,5164307997,0.00881,0.00881,0.00313,0.004624,0.007418,0.009804,0.002448,0.005541,0.007176,0.009226,-0.000295,0.00469,58.48,41.52,1.41,59.95,40.05,1.5,61.21,38.79,1.58,1498946.15588,4174605.75983,2431817.66908,5824676.37103,74730827.519,1268.205,96649958.2801,1626.637,74730827.519,1268.205,96649958.2801,1626.637
2024-07-15,60766,64870.7,60622.6,64680.6,22163829169.9603,5164307997,5526017176,5162636606,5513786315,0.004624,0.00947,-0.009088,-0.005031,0.005541,0.010101,-0.006298,0.000849,0.00469,0.009887,-0.007519,-0.000704,56.43,43.57,1.3,57.66,42.34,1.36,61.34,38.66,1.59,3516047.97837,20704869.01393,4293922.89157,26010695.45483,96891536.5762,1602.498,74369642.0431,1219.055,96891536.5762,1602.498,74369642.0431,1219.055
2024-07-16,64680.6,65388,62350,65010,24009451293.307,5513786315,5579588569,5253048195,5402839911,-0.005031,0.009574,-0.00571,-0.003419,0.000849,0.019893,0.000849,0.004987,-0.000704,0.020738,-0.000704,0.005325,53.24,46.76,1.14,54.1,45.9,1.18,56.69,43.31,1.31,8389442.10185,7397207.30317,10359108.60495,9498724.18767,96891536.5762,1602.498,74369642.0431,1219.055,96891536.5762,1602.498,74369642.0431,1219.055
2024-07-17,65010,66100,63823,64055.7,17971805948.5744,5402839911,5567237956,5083857646,5085997531,-0.003419,0.007573,-0.003505,0.000716,0.004987,0.010431,-0.003997,0.00257,0.005325,0.010402,-0.004888,0.001651,51.9,48.1,1.08,56.42,43.58,1.3,57.42,42.58,1.35,11439146.11366,5896134.58849,13904508.11386,6837149.95959,75286762.913,1163.482,90788484.3603,1389.475,75286762.913,1163.482,90788484.3603,1389.475
2024-07-18,64055.8,65173.8,63206.4,63959.9,13824327203.2061,5085997531,5174511935,4990599914,5025554115,0.000716,0.008159,-0.001114,0.004033,0.00257,0.008007,0.000308,0.007033,0.001651,0.006608,-0.000695,0.005176,54.35,45.65,1.19,58.25,41.75,1.4,59.62,40.38,1.48,6424155.16171,4696000.87841,7955139.68161,5292559.95711,139863615.7616,2194.145,83799915.3544,1302.28,139863615.7616,2194.145,83799915.3544,1302.28
2024-07-19,63960,67362.8,63266.2,66627.9,20380653025.9215,5025554115,5661947183,4946917619,5615056012,0.004033,0.01,-0.009731,-0.003144,0.007033,0.011268,-0.000928,0.00263,0.005176,0.010591,-0.002156,0.001957,58.02,41.98,1.38,60.22,39.78,1.51,59.24,40.76,1.45,8210966.51674,16789240.91942,8740703.87134,20483951.96972,96317026.9936,1512.311,116853162.8985,1819.565,96317026.9936,1512.311,116853162.8985,1819.565
2024-07-20,66627.9,67648.7,66159.1,67095.6,8257377670.6534,5615056012,5629069434,5447719445,5556579627,-0.003144,0.004584,-0.005313,-0.005313,0.00263,0.007759,0.001327,0.00322,0.001957,0.007056,-0.000264,-0.000165,46.91,53.09,0.88,50.17,49.83,1.01,56.03,43.97,1.27,1919075.39989,2637825.58234,4552789.10559,2944505.31784,119494099.9311,1802.249,73547667.7227,1099.036,119494099.9311,1802.249,73547667.7227,1099.036
2024-07-21,67095.6,68351.2,65750,68138,13911463550.0015,5556579627,5657391360,5389761738,5494033741,-0.005313,0.009105,-0.007084,0.009105,0.00322,0.011587,0.001029,0.011472,-0.000165,0.010245,-0.000817,0.010065,49.36,50.64,0.98,53.21,46.79,1.14,56.32,43.68,1.29,14290973.2107,6257013.85036,15042774.5851,7167211.63426,90817769.4668,1360.328,77971053.9995,1156.127,90817769.4668,1360.328,77971053.9995,1156.127
2024-07-22,68138,68459.7,66538.6,67499.2,13023873634.5214,5494033741,5548012118,5406433052,5459749190,0.009105,0.009205,-0.000131,0.004709,0.011472,0.011472,0.003977,0.004766,0.010065,0.010065,0.0014,0.004941,50.07,49.93,1.0,53.9,46.1,1.17,56.56,43.44,1.3,3929488.8334,4043176.77196,5394227.6104,4764236.03666,73021239.0205,1077.028,109139858.6093,1594.098,73021239.0205,1077.028,109139858.6093,1594.098
2024-07-23,67499.2,67729.3,65416.5,65916.4,17980444662.555,5459749190,5546940220,5365754413,5423561775,0.004709,0.01,0.000015,0.01,0.004766,0.009881,0.00072,0.009752,0.004941,0.008411,0.001961,0.008186,51.31,48.69,1.05,55.8,44.2,1.26,57.06,42.94,1.33,7669260.18866,3998262.32608,10654571.68136,4457755.82108,97023218.5263,1445.125,66298419.7816,977.92,97023218.5263,1445.125,66298419.7816,977.92
2024-07-24,65916.3,67087.3,65040.5,65350.8,14220075813.2488,5423561775,5586885167,5270807712,5301626884,0.01,0.01,0.01,0.01,0.009752,0.010611,0.007889,0.010377,0.008186,0.01006,0.006432,0.009678,57.7,42.3,1.36,59.98,40.02,1.5,58.12,41.88,1.39,6210383.21554,3461449.59927,8092526.76244,4022083.54127,104930947.3763,1601.317,105413768.8948,1591.163,104930947.3763,1601.317,105413768.8948,1591.163
2024-07-25,65350.7,66144,63456.7,65773,20623005904.9615,5301626884,5548481316,5123550579,5480432140,0.01,0.01,0.01,0.01,0.010377,0.010377,0.005669,0.007646,0.009678,0.009845,0.004814,0.006228,59.26,40.74,1.46,60.57,39.43,1.54,58.71,41.29,1.42,18470053.07749,7206000.80447,24903599.68839,9114083.88217,134701688.5772,2073.541,79503380.2471,1211.047,134701688.5772,2073.541,79503380.2471,1211.047
2024-07-26,65773,68200,65688.2,67882.5,15831122695.3857,5480432140,5955472197,5475181477,5745754607,0.01,0.01,0.002532,0.00649,0.007646,0.011075,0.001433,0.00774,0.006228,0.01088,0.00231,0.007107,57.25,42.75,1.34,58.59,41.41,1.42,61.18,38.82,1.58,2999842.74914,5549630.0902,3420705.59594,7908601.7002,98207857.3534,1500.678,93612860.5952,1417.216,98207857.3534,1500.678,93612860.5952,1417.216
2024-07-27,67882.5,69381.7,66624.5,67873.8,22565689722.0149,5745754607,6094117619,5671651722,5842596787,0.00649,0.01,0.005409,0.008152,0.00774,0.01332,0.00493,0.010356,0.007107,0.012958,0.004932,0.00979,48.15,51.85,0.93,51.0,49.0,1.04,59.96,40.04,1.5,9600860.2226,6178219.44921,13977626.1896,7740810.37671,86452235.137,1279.822,235945285.5223,3459.126,86452235.137,1279.822,235945285.5223,3459.126
2024-07-28,67873.7,68300,67037,68215.5,7921123857.983,5842596787,5857397671,5736663958,5857397671,0.008152,0.01,0.002655,0.008361,0.010356,0.010963,0.005812,0.010829,0.00979,0.010476,0.004401,0.009974,47.94,52.06,0.92,52.7,47.3,1.11,59.88,40.12,1.49,2779791.06388,2067160.43895,3119770.53008,2235046.60355,82993876.7916,1229.668,57249256.7496,840.626,82993876.7916,1229.668,57249256.7496,840.626
2024-07-29,68215.5,70081,66365.8,66750,25468657192.3265,5857397671,6542015833,5660746553,5666013097,0.008361,0.01,0.003396,0.003396,0.010829,0.012535,0.005342,0.005563,0.009974,0.012743,0.003966,0.004151,50.78,49.22,1.03,53.53,46.47,1.15,59.7,40.3,1.48,5775749.67069,7570817.87691,12774092.86579,8767440.76271,83081461.3456,1223.596,104476313.7951,1524.987,83081461.3456,1223.596,104476313.7951,1524.987
2024-07-30,66750.1,66966.6,65254.5,66159.3,16326143659.4329,5666013097,5668530585,5429985576,5490074731,0.003396,0.01,0.001356,0.003143,0.005563,0.01068,-0.000126,0.007934,0.004151,0.010493,-0.000288,0.005867,59.85,40.15,1.49,62.33,37.67,1.66,59.96,40.04,1.5,5506447.15592,2846960.26568,8153609.38962,2945596.79208,147942764.603,2230.483,63989868.4346,955.269,147942764.603,2230.483,63989868.4346,955.269
2024-07-31,66159.3,66826.3,64500.4,64601.8,16232481617.514,5490074731,5539378509,5267376651,5334001979,0.003143,0.008514,0.00032,0.008208,0.007934,0.00975,0.004023,0.008865,0.005867,0.00965,0.002462,0.007802,64.01,35.99,1.78,65.08,34.92,1.86,60.09,39.91,1.51,5304419.7892,3276836.62989,11577201.0968,4189896.34329,98845431.8843,1502.184,147856303.9571,2220.391,98845431.8843,1502.184,147856303.9571,2220.391
2024-08-01,64601.8,65650,62271.2,65328.9,23808803539.3908,5334001979,5831814456,5233031172,5698469112,0.008208,0.01,0.006238,0.01,0.008865,0.010618,0.002555,0.010618,0.007802,0.010492,0.003578,0.009019,67.84,32.16,2.11,68.61,31.39,2.19,60.21,39.79,1.51,12520527.1561,10002067.96209,21491685.2347,12057170.77579,98845431.8843,1502.184,147856303.9571,2220.391,98845431.8843,1502.184,147856303.9571,2220.391
2024-08-02,65329,65577,61200.2,61483.7,26819648694.4873,5698469112,5877373407,5344563019,5398058288,0.01,0.01,0.01,0.01,0.010618,0.013164,0.005772,0.008456,0.009019,0.011625,0.006142,0.007978,66.8,33.2,2.01,65.81,34.19,1.93,63.88,36.12,1.77,16071247.53399,6499031.27028,25297321.90339,7957877.05458,98845431.8843,1502.184,147856303.9571,2220.391,98845431.8843,1502.184,147856303.9571,2220.391
2024-08-03,61483.7,62166,59800,60684.6,17722256113.6817,5398058288,5461919616,5106664824,5174627932,0.01,0.01,0.0036,0.01,0.008456,0.008931,-0.000788,0.00868,0.007978,0.008759,-0.000151,0.008627,70.15,29.85,2.35,71.95,28.05,2.57,65.45,34.55,1.89,12241698.31901,4579799.48219,18039965.39461,5524166.59199,104911244.4838,1715.853,65954012.9256,1067.996,104911244.4838,1715.853,65954012.9256,1067.996
2024-08-04,60684.5,61089.5,57040,58144.5,20115489357.5107,5174627932,5438914166,5114565001,5121160977,0.01,0.01,0.004484,0.01,0.00868,0.010023,0.001137,0.005144,0.008627,0.010962,0.002941,0.00603,71.69,28.31,2.53,71.51,28.49,2.51,65.69,34.31,1.92,12897140.1526,4360208.55491,24113921.4422,5978999.74421,84704147.1518,1403.989,89012196.7507,1459.671,84704147.1518,1403.989,89012196.7507,1459.671
2024-08-05,58144.5,58286.9,48888,54003.1,67990051180.4246,5121160977,5129100195,3787808312,4058351608,0.01,0.01,-0.000403,0.003466,0.005144,0.007367,-0.009589,0.004883,0.00603,0.007885,-0.006551,0.003176,71.85,28.15,2.55,72.53,27.47,2.64,65.99,34.01,1.94,52119106.88637,30924280.66114,91672162.25547,46258775.68774,77175222.4372,1335.245,62200159.8189,1066.273,77175222.4372,1335.245,62200159.8189,1066.273
2024-08-06,54003.5,56999.9,53925.3,55991.2,24309795155.8327,4058351608,4454261143,4058269912,4305603155,0.003466,0.006029,-0.007781,-0.000849,0.004883,0.00638,-0.004791,0.000614,0.003176,0.004739,-0.004775,-0.000858,65.44,34.56,1.89,66.73,33.27,2.01,65.2,34.8,1.87,7890752.26345,13082454.92021,12265889.00215,15073432.38731,47366991.4743,881.977,40116163.9464,739.559,47366991.4743,881.977,40116163.9464,739.559
2024-08-07,55991.3,57699,54519.8,55102.9,21224723175.0819,4305603155,4645536097,4172504852,4240416468,-0.000849,0.009249,-0.007075,0.002748,0.000614,0.010342,-0.004094,0.005137,-0.000858,0.008736,-0.004361,0.004125,61.46,38.54,1.6,61.83,38.17,1.62,60.46,39.54,1.53,7777121.10956,7574570.24415,12968983.70686,9641603.02235,60554219.7106,1087.331,50528074.9488,898.219,60554219.7106,1087.331,50528074.9488,898.219
2024-08-08,55102.7,62737.2,54672.4,61659.8,27555476244.8093,4240416468,4737663746,4173851088,4623009698,0.002748,0.006121,-0.002045,0.00493,0.005137,0.006329,-0.005764,0.002938,0.004125,0.005415,-0.005061,0.002622,62.67,37.33,1.68,64.64,35.36,1.83,60.18,39.82,1.51,5043963.53555,27772501.36,6610254.02265,34285500.7101,58917109.6702,1075.379,59128166.0572,1067.791,58917109.6702,1075.379,59128166.0572,1067.791
2024-08-09,61659.8,61726,59500,60808.6,18673503224.6215,4623009698,4640585706,4335148806,4373127258,0.00493,0.009168,-0.003912,-0.003912,0.002938,0.008172,0.001636,0.001959,0.002622,0.00777,-0.000804,-0.000591,51.53,48.47,1.06,51.72,48.28,1.07,60.0,40.0,1.5,6974087.52408,4633261.4911,8732418.51048,5057653.7249,87678346.0234,1428.08,330492970.0997,5329.06,87678346.0234,1428.08,330492970.0997,5329.06
2024-08-10,60808.6,61450,60208.5,60889.9,7020704932.1334,4373127258,4393196768,4248503844,4327889298,-0.003912,0.004046,-0.006019,0.00404,0.001959,0.007845,-0.001288,0.007489,-0.000591,0.006537,-0.000674,0.006171,57.9,42.1,1.38,60.82,39.18,1.55,61.03,38.97,1.57,1863960.37153,1932067.2361,1911533.19713,2358872.5412,57239701.235,945.625,59288696.0848,970.571,57239701.235,945.625,59288696.0848,970.571
2024-08-11,60889.8,62000,58255.4,58693.1,12164185111.2509,4327889298,4421181724,4099817766,4112784404,0.00404,0.004681,-0.002653,0.0011,0.007489,0.007489,-0.000101,0.006266,0.006171,0.006171,-0.001674,0.004272,57.24,42.76,1.34,59.24,40.76,1.45,58.94,41.06,1.44,6598851.21062,3601438.50148,8828126.71742,3953610.15898,83270709.7004,1375.382,81722118.0353,1335.335,83270709.7004,1375.382,81722118.0353,1335.335
2024-08-12,58693.1,60666,57615,59323.6,21694621167.0394,4112784404,4346338907,4036534043,4063195467,0.0011,0.01,-0.002743,0.006152,0.006266,0.010651,-0.000753,0.006738,0.004272,0.010422,-0.002176,0.005411,59.97,40.03,1.5,62.34,37.66,1.66,58.84,41.16,1.43,8778060.31995,12098540.59537,10775727.33185,13303093.76477,77462635.9292,1327.933,49055080.5207,831.852,77462635.9292,1327.933,49055080.5207,831.852
2024-08-13,59323.7,61545,58360,60550.5,15330469730.884,4063195467,4405830319,4023182845,4367394813,0.006152,0.006152,-0.004549,0.001152,0.006738,0.007663,-0.003688,0.003304,0.005411,0.007312,-0.00292,0.002551,64.26,35.74,1.8,64.28,35.72,1.8,59.47,40.53,1.47,3387578.13313,6269706.19949,4147667.26073,7324630.57349,54484279.3906,922.92,50276247.4915,843.54,54484279.3906,922.92,50276247.4915,843.54
2024-08-14,60550.4,61839.7,58367.2,58648.1,17731755290.8926,4367394813,4690579481,4356822623,4580478678,0.001152,0.001152,-0.010335,-0.008476,0.003304,0.004271,-0.010469,-0.002321,0.002551,0.004517,-0.010971,-0.00407,57.62,42.38,1.36,59.9,40.1,1.49,58.17,41.83,1.39,7406733.20537,2685921.80946,10547605.75477,3426794.12686,83559202.2565,1387.892,59797843.4187,983.476,83559202.2565,1387.892,59797843.4187,983.476
2024-08-15,58648.1,59820,55969,57511,20999068870.1185,4580478678,4847213905,4524719472,4819985436,-0.008476,0.007293,-0.013858,-0.011235,-0.002321,0.006747,-0.008833,-0.006455,-0.00407,0.007036,-0.009813,-0.007398,68.0,32.0,2.13,69.02,30.98,2.23,55.63,44.37,1.25,18533869.42598,5245907.90304,26152079.87258,6458733.96754,83452040.7133,1430.954,51519781.1314,874.081,83452040.7133,1430.954,51519781.1314,874.081
2024-08-16,57511.1,59780.2,57062.1,58854.9,15694024531.7604,4819985436,4957789357,4706549007,4833786076,-0.011235,0.001914,-0.011235,0.00189,-0.006455,0.003876,-0.007974,0.003817,-0.007398,0.003841,-0.00828,0.003762,70.14,29.86,2.35,70.4,29.6,2.38,53.52,46.48,1.15,2908913.4132,5276439.95253,5232538.7448,7909075.05873,75099300.9356,1313.163,71653411.1322,1239.197,75099300.9356,1313.163,71653411.1322,1239.197
2024-08-17,58854.9,59690.2,58769.4,59468.5,4568144650.753,4833786076,4945984688,4827594842,4912461654,0.00189,0.006087,-0.002363,0.00394,0.003817,0.006576,0.001327,0.006229,0.003762,0.006926,-0.000645,0.004223,58.89,41.11,1.43,60.86,39.14,1.56,52.09,47.91,1.09,666692.76747,1161744.60835,770920.99947,1899251.55415,74492322.6483,1272.444,50758947.7605,858.241,74492322.6483,1272.444,50758947.7605,858.241
2024-08-18,59468.5,60250,58352,58390,8920281600.0022,4912461654,5070435863,4824955724,4828722166,0.00394,0.004047,-0.003616,-0.003616,0.006229,0.007154,-0.002354,0.000654,0.004223,0.007968,-0.001619,-0.000388,58.86,41.14,1.43,60.65,39.35,1.54,52.45,47.55,1.1,2766521.29671,2575707.06522,6099295.86621,2937690.03982,68927767.6802,1165.284,108217903.1447,1809.877,68927767.6802,1165.284,108217903.1447,1809.877
2024-08-19,58390.1,59585.4,57750,59398.5,12535012449.3104,4828722166,4944571497,4717411790,4738935704,-0.003616,-0.001404,-0.011656,-0.00257,0.000654,0.001434,-0.005785,-0.003669,-0.000388,0.000384,-0.006773,-0.00398,60.26,39.74,1.52,63.44,36.56,1.74,52.62,47.38,1.11,1707980.08638,2991709.7821,2611127.69178,3961911.3295,131747835.921,2266.046,52200640.7709,890.186,131747835.921,2266.046,52200640.7709,890.186
2024-08-20,59398.4,61386,58501.1,58982.9,17199916984.8854,4738935704,5206585803,4730972141,4879709363,-0.00257,0.002363,-0.007478,-0.006784,-0.003669,0.004401,-0.005816,-0.005273,-0.00398,0.004428,-0.008092,-0.007617,64.42,35.58,1.81,64.55,35.45,1.82,52.9,47.1,1.12,5169539.82875,8375226.86017,10447018.59885,9216811.10057,59526769.9942,1007.117,118555028.2034,1984.422,59526769.9942,1007.117,118555028.2034,1984.422
2024-08-21,58982.7,61793.9,58728.9,61120,16243035145.5424,4879709363,5264061605,4873482444,5232079732,-0.006784,0.00165,-0.006784,-0.002217,-0.005273,0.004058,-0.005856,0.000201,-0.007617,0.003306,-0.007617,-0.000101,65.82,34.18,1.93,67.14,32.86,2.04,54.05,45.95,1.18,2936858.26899,5642853.98021,3946081.92609,7173416.11381,78599036.3881,1339.296,51429707.7134,868.009,78599036.3881,1339.296,51429707.7134,868.009
2024-08-22,61120,61392,59677.6,60349.9,12796994937.8142,5232079732,5249353307,4994182843,5049655115,-0.002217,0.001786,-0.00839,-0.003329,0.000201,0.004596,-0.002984,0.003381,-0.000101,0.003586,-0.005321,0.000698,53.03,46.97,1.13,55.37,44.63,1.24,53.06,46.94,1.13,2727669.26528,2954797.47494,4302386.78778,3286126.05184,94279540.1271,1550.546,68227482.5007,1111.053,94279540.1271,1550.546,68227482.5007,1111.053
2024-08-23,60349.9,65000,60301.5,64019.9,23801148653.6027,5049655115,5741754655,4996273180,5549131018,-0.003329,0.004168,-0.009442,-0.000912,0.003381,0.00383,-0.012815,-0.00353,0.000698,0.003469,-0.010415,-0.002795,61.04,38.96,1.57,63.68,36.32,1.75,52.24,47.76,1.09,2720787.53812,7502565.50342,3703980.15992,10364506.48312,105815672.2048,1763.283,79017229.1377,1302.361,105815672.2048,1763.283,79017229.1377,1302.361
2024-08-24,64020,64472.5,63522.7,64116.5,8498903239.6787,5549131018,5708066269,5499186582,5582105455,-0.000912,0.007642,-0.004851,-0.004828,-0.00353,0.009406,-0.00353,0.002781,-0.002795,0.009049,-0.002795,0.000327,47.45,52.55,0.9,49.05,50.95,0.96,51.68,48.32,1.07,2029771.85345,2608605.28446,3817907.63885,2870308.78646,88492916.1981,1389.093,61008096.9317,948.476,88492916.1981,1389.093,61008096.9317,948.476
2024-08-25,64116.6,65175.4,63731.3,64190.2,7418612747.515,5582105455,5767615667,5579323619,5647049932,-0.004828,0.004597,-0.007417,0.002406,0.002781,0.007916,-0.000291,0.006689,0.000327,0.007179,-0.001844,0.00625,49.05,50.95,0.96,53.04,46.96,1.13,51.82,48.18,1.08,1195217.27569,1385316.65758,1222529.13839,2034107.80938,66110003.26,1036.179,93518248.0678,1451.191,66110003.26,1036.179,93518248.0678,1451.191
2024-08-26,64190.1,64455.8,62750.2,62807.6,12456922931.3165,5647049932,5662818256,5294031081,5295397251,0.002406,0.007611,-0.003826,0.00274,0.006689,0.006689,-0.000538,0.004178,0.00625,0.007336,-0.001554,0.002675,48.42,51.58,0.94,51.57,48.43,1.07,51.28,48.72,1.05,4576163.31844,1350113.9379,7666125.36244,1695370.6971,122198004.3363,1914.519,59295056.6105,919.523,122198004.3363,1914.519,59295056.6105,919.523
2024-08-27,62807.7,63196,57928.2,59384.5,20779523749.7268,5295397251,5416188958,4695795680,4837174284,0.00274,0.009455,-0.006796,-0.006796,0.004178,0.008432,-0.004922,-0.004913,0.002675,0.008315,-0.006294,-0.00628,53.07,46.93,1.13,57.0,43.0,1.33,52.21,47.79,1.09,24417021.14675,5059442.90317,32508114.79445,5734514.13817,154756238.8708,2476.543,65631721.9953,1040.168,154756238.8708,2476.543,65631721.9953,1040.168
2024-08-28,59384.4,60197.8,57820,59010,18562872715.1163,4837174284,4923359954,4651128594,4668252900,-0.006796,0.003214,-0.006936,-0.00099,-0.004913,0.00454,-0.008924,0.002125,-0.00628,0.003944,-0.008101,0.000585,67.6,32.4,2.09,69.32,30.68,2.26,52.97,47.03,1.13,9820317.99169,7390746.86266,12615025.74739,9158588.31126,74175061.9593,1256.388,72883719.7563,1221.502,74175061.9593,1256.388,72883719.7563,1221.502
2024-08-29,59010,61144.9,58655,59323.2,13998969371.3328,4668252900,5150732645,4666674801,4833255349,-0.00099,0.002176,-0.00409,0.000936,0.002125,0.004569,-0.00362,-0.000574,0.000585,0.004582,-0.004311,-0.000491,70.45,29.55,2.38,69.85,30.15,2.32,50.89,49.11,1.04,4156759.6946,5217384.81252,5823639.3562,6040874.67782,68797868.4468,1172.347,48264639.8783,813.967,68797868.4468,1172.347,48264639.8783,813.967
2024-08-30,59323.3,59914.9,57525,59096.3,15800867331.9045,4833255349,4878280221,4717356508,4718133289,0.000936,0.004799,-0.003834,-0.001718,-0.000574,0.005814,-0.005128,0.002812,-0.000491,0.005808,-0.00459,0.000563,66.8,33.2,2.01,66.78,33.22,2.01,50.97,49.03,1.04,4484037.75529,5127986.66145,5574209.45939,5642267.46915,73972700.0205,1253.512,88961237.6895,1493.12,73972700.0205,1253.512,88961237.6895,1493.12
2024-08-31,59096.4,59436,58700,58941.9,4066497717.5845,4718133289,4798251381,4716738070,4774409834,-0.001718,0.006537,-0.002744,0.004137,0.002812,0.007054,-0.001712,0.006443,0.000563,0.006201,-0.001424,0.00552,70.05,29.95,2.34,69.62,30.38,2.29,51.6,48.4,1.07,944079.96383,601106.94796,1072336.43163,643688.42136,64550960.7193,1098.06,65990125.3499,1111.296,64550960.7193,1098.06,65990125.3499,1111.296
2024-09-01,58941.9,59052.7,57123,57268.1,12933895925.2744,4774409834,4895042712,4681484074,4705300109,0.004137,0.00425,-0.00742,-0.003476,0.006443,0.006745,-0.002714,-0.0016,0.00552,0.006996,-0.003138,-0.001713,67.65,32.35,2.09,68.18,31.82,2.14,51.81,48.19,1.08,12489907.78789,3212379.33812,16203190.10509,3481449.87672,99805714.2151,1702.299,99878801.1474,1685.737,99805714.2151,1702.299,99878801.1474,1685.737
2024-09-02,57268.2,59412.3,57093,59112.1,11712419172.795,4705300109,4967055585,4646961371,4876169085,-0.003476,0.008375,-0.003476,0.006228,-0.0016,0.008325,-0.003488,0.006746,-0.001713,0.008037,-0.003896,0.006338,71.16,28.84,2.47,71.43,28.57,2.5,51.9,48.1,1.08,11513700.93877,4127412.14926,11877365.23127,5961651.22596,186360506.0767,3272.37,131072110.5892,2276.123,186360506.0767,3272.37,131072110.5892,2276.123
2024-09-03,59112.2,59790,57320,57451.9,13447226470.4609,4876169085,5081014082,4778031251,4780758363,0.006228,0.006851,-0.000978,0.002272,0.006746,0.008928,0.003192,0.005424,0.006338,0.008236,0.002839,0.004482,66.84,33.16,2.02,65.62,34.38,1.91,50.94,49.06,1.04,5581822.43267,2834935.99985,6485079.61337,3858476.95155,81912951.435,1392.481,120828529.593,2034.331,81912951.435,1392.481,120828529.593,2034.331
2024-09-04,57452,58500,55555,57944.8,18654996691.6496,4780758363,4800706527,4504139030,4699511968,0.002272,0.01,-0.002678,0.009068,0.005424,0.007809,-0.003927,0.007419,0.004482,0.007905,-0.004542,0.007151,70.7,29.3,2.41,71.06,28.94,2.46,52.79,47.21,1.12,9480524.71272,7981897.03625,12805506.95582,10488891.95655,121470497.5231,2125.044,119346535.47,2071.072,121470497.5231,2125.044,119346535.47,2071.072
2024-09-05,57944.8,58318.9,55600,56145.7,16706983331.5114,4699511968,4891109913,4654662779,4699973558,0.009068,0.009147,0.001544,0.00228,0.007419,0.007972,-0.007091,0.004598,0.007151,0.007771,-0.005481,0.003272,66.05,33.95,1.95,66.5,33.5,1.99,52.17,47.83,1.09,5106444.96027,2238553.28995,7275456.68607,2422537.51265,98617625.8194,1711.353,77029255.7142,1321.945,98617625.8194,1711.353,77029255.7142,1321.945
2024-09-06,56145.7,57000,52510.8,53927.7,26315447185.6674,4699973558,4874322308,4526634730,4610548065,0.00228,0.005237,-0.004246,-0.000489,0.004598,0.005235,-0.005991,-0.000783,0.003272,0.005923,-0.004939,-0.002539,74.42,25.58,2.91,74.73,25.27,2.96,53.89,46.11,1.17,15072774.34776,5939327.58095,23132978.71976,7118671.03605,72763359.9234,1302.844,64917719.3294,1150.835,72763359.9234,1302.844,64917719.3294,1150.835
2024-09-07,53927.7,54820.2,53725,54134.9,6924962115.2069,4610548065,4638344957,4483841460,4512427067,-0.000489,0.004022,-0.008156,0.00378,-0.000783,0.004421,-0.006749,0.00412,-0.002539,0.003916,-0.007252,0.003491,78.54,21.46,3.66,78.46,21.54,3.64,54.02,45.98,1.18,1263573.82164,1464384.24182,1629920.27194,1704279.07602,59627216.8863,1111.181,78807883.3663,1454.325,59627216.8863,1111.181,78807883.3663,1454.325
2024-09-08,54134.9,55300,53596.5,54839.6,8813184110.1358,4512427067,4643964850,4500598740,4643964850,0.00378,0.00378,-0.00801,-0.007633,0.00412,0.00412,-0.003968,-0.000765,0.003491,0.00386,-0.006461,-0.003156,73.77,26.23,2.81,73.94,26.06,2.84,53.19,46.81,1.14,1328907.51384,3394182.38491,1577103.93704,3862957.63391,67785911.1954,1259.033,66499537.4953,1222.521,67785911.1954,1259.033,66499537.4953,1222.521
2024-09-09,54839.6,58153.2,54557,57010,17488704504.8939,4643964850,5147832167,4641318280,4994415367,-0.007633,-0.002708,-0.012881,-0.006028,-0.000765,0.000321,-0.006959,-0.000713,-0.003156,-0.000722,-0.009079,-0.002698,73.25,26.75,2.74,73.25,26.75,2.74,51.33,48.67,1.06,2814089.38446,8343294.66256,3215222.51016,13058744.17956,60182148.4757,1103.779,63998876.9617,1160.892,60182148.4757,1103.779,63998876.9617,1160.892
2024-09-10,57010.1,58033.2,56361,57609.1,13034447010.3421,4994415367,5011018819,4919498369,4967843788,-0.006028,0.000356,-0.009271,-0.00898,-0.000713,0.004464,-0.006213,-0.002633,-0.002698,0.002278,-0.007528,-0.00619,61.98,38.02,1.63,62.77,37.23,1.69,50.74,49.26,1.03,3999985.09725,3948213.37524,4970915.14115,8169995.03064,78048993.2836,1376.151,66228986.1652,1155.839,78048993.2836,1376.151,66228986.1652,1155.839
2024-09-11,57609.2,57954.4,55515.2,57306,19189519766.4357,4967843788,5031984736,4825279342,4916149887,-0.00898,0.000964,-0.00901,-0.001928,-0.002633,0.004144,-0.008194,-0.000973,-0.00619,0.003004,-0.007052,-0.001736,61.17,38.83,1.58,63.27,36.73,1.72,50.1,49.9,1.0,9485596.86869,4732488.51507,10830112.05669,5779469.34537,78796657.3717,1375.229,74784861.6805,1291.626,78796657.3717,1375.229,74784861.6805,1291.626
2024-09-12,57305.6,58606.6,57283.1,58097,15152598927.5993,4916149887,5142181383,4916149887,4967305071,-0.001928,0.001705,-0.006206,-0.000069,-0.000973,0.004642,-0.003107,0.002011,-0.001736,0.003269,-0.003771,0.000482,61.19,38.81,1.58,64.91,35.09,1.85,49.85,50.15,0.99,2863605.07505,3688967.02886,3551686.84265,4221509.99276,110352772.6172,1935.981,64314131.2063,1117.344,110352772.6172,1935.981,64314131.2063,1117.344
2024-09-13,58097.1,60597,57594,60456.2,16347301105.7288,4967305071,5414387837,4951489867,5405428620,-0.000069,0.000631,-0.010333,-0.008672,0.002011,0.003209,-0.009226,-0.006135,0.000482,0.002557,-0.010628,-0.008242,58.98,41.02,1.44,61.64,38.36,1.61,49.25,50.75,0.97,1701828.80722,19474419.05652,1865274.43832,21305478.02202,71886266.748,1243.983,91532813.3789,1567.188,71886266.748,1243.983,91532813.3789,1567.188
2024-09-14,60456.2,60572.9,59360.1,59964,6149235232.3635,5405428620,5464939031,5227645015,5242479208,-0.008672,0.004884,-0.010405,-0.000491,-0.006135,0.006709,-0.007577,0.003936,-0.008242,0.006831,-0.008242,0.001567,49.96,50.04,1.0,52.13,47.87,1.09,47.57,52.43,0.91,1315581.49595,694133.64357,1597162.61085,1041182.71717,99625277.388,1656.449,194717454.0509,3200.914,99625277.388,1656.449,194717454.0509,3200.914
2024-09-15,59963.9,60369.4,58654,59100.5,7800793636.4292,5242479208,5344862153,5041776456,5100885627,-0.000491,0.003907,-0.002574,0.002427,0.003936,0.007009,-0.000881,0.006114,0.001567,0.006774,-0.001627,0.005665,52.32,47.68,1.1,56.74,43.26,1.31,48.67,51.33,0.95,2479385.81861,1557310.66073,3377951.71711,1730946.39263,88867913.0803,1490.077,120181104.7206,1993.598,88867913.0803,1490.077,120181104.7206,1993.598
2024-09-16,59100.5,59182.2,57446.3,58187,14603348631.9761,5100885627,5100885627,4893791793,4916905994,0.002427,0.00968,-0.000308,0.008523,0.006114,0.009756,0.001671,0.009256,0.005665,0.009716,0.000069,0.008501,54.8,45.2,1.21,58.77,41.23,1.43,48.41,51.59,0.94,5755514.6533,2623385.19974,7887179.637,2858560.75114,101904016.7855,1734.532,65366784.7893,1100.587,101904016.7855,1734.532,65366784.7893,1100.587
2024-09-17,58186.9,61345,57588.8,60281,19038321639.0137,4916905994,5468232152,4839295051,5148464197,0.008523,0.01,-0.001634,0.001415,0.009256,0.009256,-0.004152,0.004893,0.008501,0.009795,-0.000705,0.005242,65.54,34.46,1.9,66.76,33.24,2.01,50.3,49.7,1.01,5931161.71232,12558265.3074,6535413.04152,16004555.398,75333977.3937,1301.767,94369376.3778,1614.179,75333977.3937,1301.767,94369376.3778,1614.179
2024-09-18,60281,61765,59138,61735.3,21417520495.0833,5148464197,5167578576,4905994958,5167087950,0.001415,0.006269,-0.002184,0.003497,0.004893,0.007966,-0.001348,0.007966,0.005242,0.007842,-0.000004,0.007842,52.11,47.89,1.09,53.95,46.05,1.17,48.88,51.12,0.96,4722355.84059,10339096.88596,5949227.23579,12984980.91226,71412857.2511,1191.123,69468379.5187,1147.361,71412857.2511,1191.123,69468379.5187,1147.361
2024-09-19,61735.2,63830.1,61534,62926.9,18960155162.2396,5167087950,5670600043,5152050925,5486218692,0.003497,0.008017,0.001577,0.008017,0.007966,0.008999,0.00055,0.008999,0.007842,0.009512,0.001789,0.009512,56.16,43.84,1.28,57.38,42.62,1.35,49.07,50.93,0.96,3388808.27974,6828920.48086,3784866.58884,9857863.39926,68230966.9944,1110.101,131467608.0262,2120.542,68230966.9944,1110.101,131467608.0262,2120.542
2024-09-20,62926.9,64126.7,62320,63175.7,16250218365.5372,5486218692,5685971451,5397038350,5470468404,0.008017,0.01,-0.000579,0.004576,0.008999,0.011743,-0.00182,0.004378,0.009512,0.012805,-0.001689,0.00344,45.58,54.42,0.84,48.5,51.5,0.94,48.38,51.62,0.94,6110228.4796,3992814.99536,7070263.9086,4942423.77056,118807681.6931,1899.085,84030617.9635,1329.098,118807681.6931,1899.085,84030617.9635,1329.098
2024-09-21,63175.8,63546.9,62714.2,63320.6,4936698095.0651,5470468404,5534344069,5438921319,5484498903,0.004576,0.01,0.004565,0.006362,0.004378,0.009739,0.002399,0.004531,0.00344,0.010295,0.002173,0.00362,47.61,52.39,0.91,50.83,49.17,1.03,49.96,50.04,1.0,522596.31604,3589521.69105,603558.72584,3973359.00955,75632452.5422,1203.426,103824450.1685,1634.639,75632452.5422,1203.426,103824450.1685,1634.639
2024-09-22,63320.6,64000,62339,63558.4,9395420389.8272,5484498903,5491113363,5270754962,5448502040,0.006362,0.01,0.004696,0.006509,0.004531,0.00981,0.001201,0.007926,0.00362,0.009666,0.002397,0.007289,48.25,51.75,0.93,50.63,49.37,1.03,50.44,49.56,1.02,2572061.63455,2415950.70396,3759029.56435,2640965.35936,100001134.4139,1587.883,109230624.8405,1715.176,100001134.4139,1587.883,109230624.8405,1715.176
2024-09-23,63558.5,64724.8,62534.4,63302,14896908173.8234,5448502040,5786798184,5301362142,5633685194,0.006509,0.006721,0.000977,0.002351,0.007926,0.007926,0.000099,0.00625,0.007289,0.007289,0.000359,0.005418,46.69,53.31,0.88,49.9,50.1,1.0,51.47,48.53,1.06,9334728.56223,7961188.0439,9909154.68303,12345907.591,53944348.0957,852.201,69452046.8786,1086.744,53944348.0957,852.201,69452046.8786,1086.744
2024-09-24,63302.1,64666,62688.2,64243.1,15054674299.2683,5633685194,5901956219,5567055626,5853495593,0.002351,0.003418,-0.000692,0.001223,0.00625,0.00625,-0.003378,0.005928,0.005418,0.005703,-0.003055,0.005072,50.52,49.48,1.02,52.96,47.04,1.13,50.83,49.17,1.03,2921557.63521,3667924.56346,3214741.17701,4598130.86596,128415429.6135,2041.008,86002088.9159,1351.477,128415429.6135,2041.008,86002088.9159,1351.477
2024-09-25,64243.2,64800,62910,63118.4,11776673563.1163,5853495593,5923923641,5548166856,5580526665,0.001223,0.005637,-0.002356,0.001654,0.005928,0.007751,0.000007,0.006729,0.005072,0.007223,0.000109,0.005287,44.54,55.46,0.8,47.45,52.55,0.9,50.34,49.66,1.01,4189796.1894,1566992.41564,4697247.6272,1928619.85514,115943676.1609,1813.955,127599734.9598,1973.97,115943676.1609,1813.955,127599734.9598,1973.97
2024-09-26,63118.3,65800,62634.4,65139.2,20718992185.678,5580526665,5963914808,5498210725,5748153336,0.001654,0.01,0.000788,0.01,0.006729,0.008143,-0.001394,0.007248,0.005287,0.010013,0.002424,0.0063,52.53,47.47,1.11,55.71,44.29,1.26,52.17,47.83,1.09,4823470.70599,7217753.5695,5997169.81849,10601389.4974,193505577.6214,3084.29,95637787.9034,1506.571,193505577.6214,3084.29,95637787.9034,1506.571
2024-09-27,65139.1,66450,64788,65749.6,14875893315.8678,5748153336,5960713665,5624687144,5644186446,0.01,0.01,-0.000986,0.005455,0.007248,0.007664,-0.000224,0.006934,0.0063,0.007768,0.000177,0.005813,41.92,58.08,0.72,44.56,55.44,0.8,52.61,47.39,1.11,2083454.70019,6468727.34341,2543639.51339,7682847.32601,95717461.1155,1478.2,116593119.6578,1780.742,95717461.1155,1478.2,116593119.6578,1780.742
2024-09-28,65749.5,66237,65368.1,65822.6,6095989319.2135,5644186446,5711638792,5593701566,5613578133,0.005455,0.009123,0.000517,0.00073,0.006934,0.009437,0.004373,0.006489,0.005813,0.009433,0.003969,0.004516,43.94,56.06,0.78,46.12,53.88,0.86,52.66,47.34,1.11,2423580.23254,1424896.65933,2501569.52324,1508626.87893,118401698.1212,1810.765,116796644.8078,1766.683,118401698.1212,1810.765,116796644.8078,1766.683
2024-09-29,65822.7,66059.3,65400,65568.1,5789627050.3354,5613578133,5672960637,5535020870,5613396020,0.00073,0.009729,-0.000292,0.003077,0.006489,0.010436,0.003847,0.007846,0.004516,0.009901,0.003197,0.005829,45.14,54.86,0.82,47.95,52.05,0.92,52.53,47.47,1.11,1017598.08692,1794916.56948,1077619.25662,2066847.88668,139045057.7103,2124.752,143447223.807,2167.253,139045057.7103,2124.752,143447223.807,2167.253
2024-09-30,65568.2,65588.8,62825,63309.1,18997607103.0126,5613396020,5813057028,5479403062,5496415927,0.003077,0.01,-0.001966,0.01,0.007846,0.010983,0.00391,0.010314,0.005829,0.011384,0.001442,0.010296,46.27,53.73,0.86,48.9,51.1,0.96,52.07,47.93,1.09,11397479.21312,3111078.25024,14731754.11932,3777241.87924,239575883.0649,3672.493,127970134.7124,1940.687,239575883.0649,3672.493,127970134.7124,1940.687
2024-10-01,63309,64092.6,60128.2,60776.8,26755493885.3899,5496415927,5677278057,5078715462,5127204924,0.01,0.01,0.005336,0.006722,0.010314,0.010314,0.001844,0.005297,0.010296,0.01046,0.002885,0.004752,56.15,43.85,1.28,58.66,41.34,1.42,54.51,45.49,1.2,50484747.28295,6567745.71979,67988784.99075,7140144.25629,165309301.065,2625.53,72262605.4938,1136.066,165309301.065,2625.53,72262605.4938,1136.066
2024-10-02,60776.7,62355,59934.9,60622.6,19999404529.2852,5127204924,5295905374,4964441385,5001461380,0.006722,0.01,0.002227,0.00439,0.005297,0.008383,0.003304,0.007534,0.004752,0.009242,0.002243,0.006152,61.21,38.79,1.58,63.33,36.67,1.73,57.28,42.72,1.34,8043474.55645,6717464.16964,9595919.09495,7272631.05414,93128050.3717,1540.918,78423357.8586,1283.979,93128050.3717,1540.918,78423357.8586,1283.979
2024-10-03,60622.7,61452.6,59815,60727.2,17336091836.27,5001461380,5207814736,4996400594,5128362159,0.00439,0.009551,0.002984,0.007104,0.007534,0.009958,0.002688,0.008067,0.006152,0.010053,0.002651,0.006563,62.58,37.42,1.67,62.32,37.68,1.65,54.63,45.37,1.2,7995069.29158,5230452.51951,9896017.00958,5544778.65491,84051548.0615,1393.681,72098612.5087,1183.299,84051548.0615,1393.681,72098612.5087,1183.299
2024-10-04,60727.1,62457.1,60434.1,62054.4,14447746961.9902,5128362159,5426500735,5103021218,5256069168,0.007104,0.008079,-0.001777,-0.001634,0.008067,0.008067,-0.001487,0.001111,0.006563,0.008013,-0.001502,0.00078,61.9,38.1,1.63,61.68,38.32,1.61,54.41,45.59,1.19,2851737.6482,14961799.96149,4081131.1326,16447545.34199,102338177.7824,1693.654,80643187.1119,1321.502,102338177.7824,1693.654,80643187.1119,1321.502
2024-10-05,62054.3,62344,61648,62023.1,4609122548.4572,5256069168,5301780692,5208882840,5227816221,-0.001634,0.005098,-0.003675,0.000594,0.001111,0.006861,-0.000459,0.006861,0.00078,0.007991,-0.00028,0.004836,56.88,43.12,1.32,56.78,43.22,1.31,53.15,46.85,1.13,2742000.98433,702779.52162,2889167.56463,832338.40462,123586834.9454,2002.806,133850784.1797,2144.38,123586834.9454,2002.806,133850784.1797,2144.38
2024-10-06,62023.1,62961.5,61778.9,62789.3,6017121008.9919,5227816221,5468636225,5215422409,5410523225,0.000594,0.00466,0.000432,0.004573,0.006861,0.008183,0.001391,0.00619,0.004836,0.00819,0.002103,0.005781,57.4,42.6,1.35,58.88,41.12,1.43,52.99,47.01,1.13,1192835.15321,4352296.15874,1267657.27561,4986857.57604,109771874.7895,1780.047,124463990.0477,1995.971,109771874.7895,1780.047,124463990.0477,1995.971
2024-10-07,62789.2,64448.2,62091.8,62190.7,18940446302.203,5410523225,5620688691,5177192152,5179037934,0.004573,0.005245,-0.002747,-0.001735,0.00619,0.008774,-0.000169,0.00168,0.005781,0.008197,-0.001045,-0.000503,56.31,43.69,1.29,57.0,43.0,1.33,52.87,47.13,1.12,8976894.66536,11677700.76933,11378253.80466,14855689.55963,111750720.1945,1788.306,160820442.5139,2547.404,111750720.1945,1788.306,160820442.5139,2547.404
2024-10-08,62190.6,63178.7,61836,62131.7,14120603242.0385,5179037934,5471773469,5179037934,5338526544,-0.001735,0.01,-0.001735,0.01,0.00168,0.010468,-0.000421,0.008894,-0.000503,0.011359,-0.000691,0.008574,57.91,42.09,1.38,59.14,40.86,1.45,52.61,47.39,1.11,4954763.83848,3783641.54274,5834082.45098,3925357.12964,141681512.2408,2287.853,88037120.1147,1407.889,141681512.2408,2287.853,88037120.1147,1407.889
2024-10-09,62131.8,62520.9,60251.9,60606.4,13394677263.5892,5338526544,5518681966,5252682865,5266781974,0.01,0.01,0.00209,0.00209,0.008894,0.011249,0.003985,0.00535,0.008574,0.01045,0.003228,0.003463,60.3,39.7,1.52,60.39,39.61,1.53,53.59,46.41,1.16,6067017.08918,1373199.69962,8473869.61408,1439524.12492,145398252.6458,2353.067,121253983.3952,1940.711,145398252.6458,2353.067,121253983.3952,1940.711
2024-10-10,60606.3,61297,58900,60293.2,15860405780.4076,5266781974,5384758745,5099568513,5175911620,0.00209,0.01,0.001374,0.002262,0.00535,0.010774,0.001436,0.002537,0.003463,0.010384,0.000506,0.002337,64.59,35.41,1.82,65.38,34.62,1.89,54.17,45.83,1.18,22446792.66355,3753565.74447,27423364.75775,4059973.44267,148957742.1512,2471.269,116559034.5619,1913.658,148957742.1512,2471.269,116559034.5619,1913.658
2024-10-11,60293.3,63400,60057.8,62509,16298893017.0712,5175911620,5609305968,5091173885,5471417146,0.002262,0.004482,-0.004674,0.004482,0.002537,0.00696,-0.002939,0.00696,0.002337,0.005336,-0.001451,0.005336,67.71,32.29,2.1,67.36,32.64,2.06,54.12,45.88,1.18,2166410.99918,9281482.2987,2370491.54348,10706561.2971,82821042.0139,1380.63,101235360.0241,1671.802,82821042.0139,1380.63,101235360.0241,1671.802
2024-10-12,62509,63462.6,62458,63176,6470177626.464,5471417146,5663640020,5455478370,5645171334,0.004482,0.008796,-0.004447,0.000669,0.00696,0.010588,-0.000727,0.007194,0.005336,0.010774,-0.001869,0.007027,52.37,47.63,1.1,53.08,46.92,1.13,49.57,50.43,0.98,1694681.85657,4936559.66161,1750395.23427,5409422.56681,148867276.8882,2396.104,75627655.9479,1204.625,148867276.8882,2396.104,75627655.9479,1204.625
2024-10-13,63176,63260,62020,62839.8,8122752454.3461,5645171334,5653860711,5390075802,5390075802,0.000669,0.006792,-0.001032,0.005502,0.007194,0.008708,0.002644,0.007964,0.007027,0.008246,0.002696,0.007247,51.32,48.68,1.05,53.41,46.59,1.15,49.89,50.11,1.0,5557345.44686,1675094.99939,6231483.24946,1948443.30739,118365098.6851,1883.284,153629037.5832,2418.343,118365098.6851,1883.284,153629037.5832,2418.343
2024-10-14,62839.7,66533,62420,66064.9,21963988608.9641,5390075802,5776173961,5374843960,5710837591,0.005502,0.01,0.001509,0.01,0.007964,0.013275,0.003149,0.010262,0.007247,0.014211,0.003082,0.009677,55.73,44.27,1.26,58.27,41.73,1.4,50.26,49.74,1.01,2335034.68343,17810922.33657,2517765.29433,26500750.90757,88666870.8453,1418.073,122185084.5137,1935.03,88666870.8453,1418.073,122185084.5137,1935.03
2024-10-15,66064.9,67953.7,64771.7,67044.1,27957041428.0807,5710837591,5937171077,5384676730,5551023952,0.01,0.01,0.00649,0.008319,0.010262,0.013869,0.006865,0.009053,0.009677,0.013779,0.006288,0.008453,41.44,58.56,0.71,43.58,56.42,0.77,52.79,47.21,1.12,6896735.63699,12028232.0631,10440868.39049,15275870.0199,103329650.146,1571.59,109489333.7786,1648.219,103329650.146,1571.59,109489333.7786,1648.219
2024-10-16,67044,68400,66724.2,67592,17177733118.7289,5551023952,6018023957,5516756003,5844070954,0.008319,0.01,0.008319,0.01,0.009053,0.011451,0.006489,0.009106,0.008453,0.011445,0.0077,0.009385,41.88,58.12,0.72,45.46,54.54,0.83,54.53,45.47,1.2,4092381.9415,9946843.22563,4425084.2066,10978050.92593,100110126.9301,1500.036,116249663.6536,1725.587,100110126.9301,1500.036,116249663.6536,1725.587
2024-10-17,67592,67925.9,66600,67401.5,14795153761.8873,5844070954,5882971802,5474528045,5504778693,0.01,0.01,0.009078,0.01,0.009106,0.011514,0.007221,0.010093,0.009385,0.011559,0.006791,0.009925,39.27,60.73,0.65,42.27,57.73,0.73,53.5,46.5,1.15,4156606.6571,2485017.17092,5306267.728,3100971.42582,149010021.2869,2216.6,104285834.9824,1534.491,149010021.2869,2216.6,104285834.9824,1534.491
2024-10-18,67401.4,69000,67165,68407.8,16730901504.8293,5504778693,6160460998,5501253972,5908844641,0.01,0.01,0.01,0.01,0.010093,0.01068,0.005178,0.008492,0.009925,0.011981,0.006222,0.007727,41.45,58.55,0.71,44.47,55.53,0.8,56.03,43.97,1.27,1988727.29856,5477893.73784,2165246.84856,8173384.47184,104684018.5866,1561.381,168781074.2454,2491.916,104684018.5866,1561.381,168781074.2454,2491.916
2024-10-19,68407.8,68684.9,68000,68357.1,4686325673.7438,5908844641,5940898311,5877985185,5928642875,0.01,0.01,0.01,0.01,0.008492,0.010673,0.007591,0.009467,0.007727,0.010425,0.007727,0.009073,38.37,61.63,0.62,40.8,59.2,0.69,55.64,44.36,1.25,1465075.26046,2445832.45549,1519940.94276,2464533.66479,149442456.5548,2195.517,127215998.7238,1850.392,149442456.5548,2195.517,127215998.7238,1850.392
2024-10-20,68357.1,69425.8,68069.8,69020.1,7272048794.3466,5928642875,6048669225,5894084170,5978178743,0.01,0.01,0.01,0.01,0.009467,0.012267,0.008084,0.012057,0.009073,0.011541,0.008352,0.011149,41.3,58.7,0.7,43.78,56.22,0.78,56.01,43.99,1.27,646301.62108,4528272.45989,691374.40158,5469628.02969,150477206.9527,2214.265,153548967.6488,2234.61,150477206.9527,2214.265,153548967.6488,2234.61
2024-10-21,69020.2,69566,66865.9,67368.8,17221617873.7173,5978178743,6104564576,5856805492,5856805492,0.01,0.01,0.01,0.01,0.012057,0.013523,0.008786,0.008988,0.011149,0.013461,0.007053,0.00731,40.24,59.76,0.67,42.12,57.88,0.73,55.67,44.33,1.26,6866353.71247,4673674.06964,8758027.07737,4935518.99704,131293633.4352,1911.129,133011697.8851,1916.578,131293633.4352,1911.129,133011697.8851,1916.578
2024-10-22,67368.7,67825,66536.5,67406.4,14691166149.6541,5856805492,5929519571,5740142955,5860415478,0.01,0.01,0.01,0.01,0.008988,0.01172,0.007741,0.010493,0.00731,0.012283,0.006617,0.009686,45.27,54.73,0.83,48.77,51.23,0.95,57.93,42.07,1.38,9752780.58599,2903847.62902,10480604.87869,3183592.40622,153393087.8246,2289.578,89238746.4925,1317.933,153393087.8246,2289.578,89238746.4925,1317.933
2024-10-23,67406.5,67449,65222.3,66647.2,16468537447.6596,5860415478,5865694562,5568990133,5614572359,0.01,0.01,0.01,0.01,0.010493,0.012683,0.008918,0.012311,0.009686,0.012112,0.008041,0.011317,45.32,54.68,0.83,47.28,52.72,0.9,58.01,41.99,1.38,7652058.06554,2744653.5842,10213061.12844,3139595.8991,122621039.0467,1829.089,116478555.9584,1718.073,122621039.0467,1829.089,116478555.9584,1718.073
2024-10-24,66647.3,68842.5,66482,68173.8,14354055097.1875,5614572359,5890030087,5571804228,5826870589,0.01,0.01,0.01,0.01,0.012311,0.012827,0.008158,0.010081,0.011317,0.013688,0.007409,0.009667,51.69,48.31,1.07,53.72,46.28,1.16,59.11,40.89,1.45,2038207.63417,6827195.73861,2725425.76017,8402499.05631,117588796.4794,1774.053,124351764.1965,1856.896,117588796.4794,1774.053,124351764.1965,1856.896
2024-10-25,68173.8,68748,65557.2,66662.8,23450526408.6316,5826870589,5901380728,5281076837,5342249684,0.01,0.01,0.004536,0.00474,0.010081,0.010947,0.002549,0.008872,0.009667,0.01181,0.001952,0.008327,45.72,54.28,0.84,46.82,53.18,0.88,58.27,41.73,1.4,15056627.65982,4867298.55296,19697055.72992,5540880.45956,127347027.457,1876.944,99271765.6357,1448.888,127347027.457,1876.944,99271765.6357,1448.888
2024-10-26,66662.7,67450,66414.1,67071.8,6303067579.1687,5342249684,5487924687,5314740093,5430204516,0.00474,0.01,0.004537,0.01,0.008872,0.010351,0.005728,0.00887,0.008327,0.009589,0.004915,0.008334,50.79,49.21,1.03,53.58,46.42,1.15,57.91,42.09,1.38,609629.62593,2129142.10159,650255.70003,2265032.60329,83359670.9724,1256.225,88130364.2215,1316.935,83359670.9724,1256.225,88130364.2215,1316.935
2024-10-27,67071.9,68306.1,66909.4,67992.6,5981930614.3059,5430204516,5612300801,5419804151,5587236023,0.01,0.01,0.008802,0.009447,0.00887,0.010302,0.005361,0.010241,0.008334,0.009979,0.006829,0.009808,48.15,51.85,0.93,49.05,50.95,0.96,57.7,42.3,1.36,339987.32475,2896679.06447,365862.29495,3634067.01697,147085225.173,2204.832,117763748.1921,1746.546,147085225.173,2204.832,117763748.1921,1746.546
2024-10-28,67992.7,70331,67584.2,69940,18236171421.8583,5587236023,6232632816,5550230824,6232632816,0.009447,0.01,0.00767,0.01,0.010241,0.011975,0.00457,0.009533,0.009808,0.013181,0.005661,0.010172,44.82,55.18,0.81,46.34,53.66,0.86,57.76,42.24,1.37,2986823.72229,6843037.60306,3502301.19329,10954500.82746,158208461.9589,2338.028,134819072.6817,1971.881,158208461.9589,2338.028,134819072.6817,1971.881
2024-10-29,69939.9,73660,69733,72739.5,27455007926.1748,6232632816,6797121746,6216887882,6563514929,0.01,0.01,0.01,0.01,0.009533,0.014658,0.006987,0.014553,0.010172,0.015122,0.008481,0.01485,36.3,63.7,0.57,38.91,61.09,0.64,57.24,42.76,1.34,3405071.21766,33805574.86246,4667572.27436,40880310.61466,122473082.1771,1760.725,137414173.0387,1954.932,122473082.1771,1760.725,137414173.0387,1954.932
2024-10-30,72739.5,72984.9,71444.2,72349,16394188654.606,6563514929,6585940727,6311592612,6461884682,0.01,0.01,0.01,0.01,0.014553,0.016895,0.010319,0.011647,0.01485,0.016749,0.010486,0.012067,35.97,64.03,0.56,38.82,61.18,0.64,58.63,41.37,1.42,3561557.19753,2962588.55467,4552422.29273,3288689.87677,95050266.5423,1313.013,105552679.618,1444.573,95050266.5423,1313.013,105552679.618,1444.573
2024-10-31,72349,72720.3,69705,70321.9,18260760123.5806,6461884682,6653351238,6260722305,6296753451,0.01,0.01,0.01,0.01,0.011647,0.013351,0.007494,0.012579,0.012067,0.0138,0.007973,0.012637,38.18,61.82,0.62,42.83,57.17,0.75,59.33,40.67,1.46,19299168.88336,3043688.63164,22140092.59776,3254151.22854,127799731.0145,1774.807,123309132.4864,1696.312,127799731.0145,1774.807,123309132.4864,1696.312
2024-11-01,70321.9,71650,68822.5,69495.5,24669634579.821,6296753451,6486744829,5784182548,5845235074,0.01,0.01,0.01,0.01,0.012579,0.012579,0.007844,0.011596,0.012637,0.012637,0.006539,0.011885,47.49,52.51,0.9,51.21,48.79,1.05,61.71,38.29,1.61,9823001.49515,7209388.14462,13102918.80825,9390902.35002,142220057.413,2033.281,99315047.281,1405.587,142220057.413,2033.281,99315047.281,1405.587
2024-11-02,69495.4,69913.1,69022.8,69366.6,5511214506.2433,5845235074,5956601288,5836075031,5951294048,0.01,0.01,0.01,0.01,0.011596,0.011596,0.006605,0.009607,0.011885,0.011885,0.008386,0.010028,52.49,47.51,1.11,53.18,46.82,1.14,62.2,37.8,1.65,1668771.0515,1469743.13994,1849924.2919,1505322.14984,108459243.0572,1568.889,113780805.7785,1629.905,108459243.0572,1568.889,113780805.7785,1629.905
2024-11-03,69366.6,69393.7,67446.6,68762.5,15481189991.0051,5951294048,5954036451,5621407707,5705236192,0.01,0.01,0.01,0.01,0.009607,0.010986,0.008783,0.010732,0.010028,0.011372,0.008897,0.010463,52.78,47.22,1.12,53.0,47.0,1.13,62.26,37.74,1.65,23345183.10416,5592230.14042,28882401.18086,6146976.20912,142431358.6947,2064.719,138932644.2916,1992.457,142431358.6947,2064.719,138932644.2916,1992.457
2024-11-04,68762.4,69495.3,66810,67834.3,16709353097.5159,5705236192,5903039225,5643300646,5707830591,0.01,0.01,0.01,0.01,0.010732,0.011009,0.008172,0.009329,0.010463,0.01131,0.007478,0.009991,55.38,44.62,1.24,56.08,43.92,1.28,63.02,36.98,1.7,8155119.85267,4332300.81086,11703820.69137,4908993.83116,97324924.9117,1422.616,87667696.6161,1268.688,97324924.9117,1422.616,87667696.6161,1268.688
2024-11-05,67834.4,70537.4,67454.2,69353.1,18923313261.1344,5707830591,5933557799,5649005462,5749764525,0.01,0.01,0.008727,0.01,0.009329,0.011175,0.004838,0.006876,0.009991,0.010923,0.006344,0.007504,59.58,40.42,1.47,60.23,39.77,1.51,64.72,35.28,1.83,4942640.40452,6973274.02591,5512022.42772,8041302.97631,99931565.5139,1480.435,113222524.5691,1660.673,99931565.5139,1480.435,113222524.5691,1660.673
2024-11-06,69353.1,76420,69272.7,75579.9,50043205310.5456,5749764525,6928841541,5744750211,6760192686,0.01,0.01,0.0089,0.01,0.006876,0.028152,0.003666,0.009643,0.007504,0.023373,0.006056,0.009716,55.34,44.66,1.24,54.44,45.56,1.2,63.09,36.91,1.71,11098180.225,133474959.95819,15568736.0574,142679167.45589,96653094.2472,1400.003,80749708.8748,1158.409,96653094.2472,1400.003,80749708.8748,1158.409
2024-11-07,75579.9,76900,74450,75859.4,21221651106.8903,6760192686,6898266516,6596123749,6720488777,0.01,0.01,0.01,0.01,0.009643,0.017595,0.003771,0.006582,0.009716,0.017826,0.005523,0.007711,39.67,60.33,0.66,40.24,59.76,0.67,59.63,40.37,1.48,6131678.25466,22303022.89506,7281848.84536,25503541.37656,115522264.4964,1535.872,88101033.9854,1160.385,115522264.4964,1535.872,88101033.9854,1160.385
2024-11-08,75859.4,77182.9,75576.3,76482.2,17565977969.5862,6720488777,7059811063,6697950971,6881368747,0.01,0.01,0.01,0.01,0.006582,0.012976,0.004379,0.005597,0.007711,0.013335,0.004657,0.005571,39.41,60.59,0.65,42.83,57.17,0.75,58.3,41.7,1.4,3312384.56924,4886280.68721,4051379.33784,6614218.74801,126046906.0487,1670.348,87654262.1245,1150.275,126046906.0487,1670.348,87654262.1245,1150.275
2024-11-09,76482.2,76920,75683.2,76675.1,8994274695.9386,6881368747,6889075450,6695891070,6706057434,0.01,0.01,0.01,0.01,0.005597,0.012391,0.005597,0.012378,0.005571,0.012514,0.005571,0.012414,37.32,62.68,0.6,40.61,59.39,0.68,56.32,43.68,1.29,5044227.35042,20435535.58095,6026312.61522,20999163.39035,165590792.2947,2176.36,128346805.4674,1669.522,165590792.2947,2176.36,128346805.4674,1669.522
2024-11-10,76675.1,81699.8,76501.1,80410,33137444953.7792,6706057434,7095332953,6694551660,6910683816,0.01,0.038636,0.01,0.036878,0.012378,0.040833,0.008492,0.039639,0.012414,0.04328,0.010145,0.041948,37.8,62.2,0.61,41.55,58.45,0.71,56.76,43.24,1.31,7640564.52864,19517151.55274,11019437.55794,25064536.36554,118907964.6568,1557.458,157532923.1819,2043.441,118907964.6568,1557.458,157532923.1819,2043.441
2024-11-11,80409.9,89800,80261.2,88728.9,51920813346.0668,6910683816,7772113133,6866753054,7537556056,0.036878,0.049079,0.01,0.049029,0.039639,0.046515,0.007225,0.046515,0.041948,0.050257,0.010828,0.050153,39.8,60.2,0.66,41.85,58.15,0.72,59.65,40.35,1.48,6402988.90435,51493053.76422,9237906.37765,71083568.40812,79767301.965,997.182,83096216.821,1028.838,79767301.965,997.182,83096216.821,1028.838
2024-11-12,88729,90070.1,85159.9,87972,56140369562.3727,7537556056,7899749694,7315611293,7420453770,0.049029,0.085352,0.01,0.01,0.046515,0.098129,0.012249,0.012418,0.050153,0.097062,0.013126,0.013456,44.77,55.23,0.81,44.36,55.64,0.8,62.17,37.83,1.64,19449242.55058,23380323.50997,31532757.85828,27819485.65247,115548282.5896,1309.008,78273994.9883,878.193,115548282.5896,1309.008,78273994.9883,878.193
2024-11-13,87972,93421.1,86180,90413.3,49967659023.0223,7420453770,8171751823,7222408815,7512907656,0.01,0.026685,0.01,0.01,0.012418,0.039939,0.009923,0.01639,0.013456,0.034402,0.010797,0.013577,43.3,56.7,0.76,48.3,51.7,0.93,64.41,35.59,1.81,29660238.57951,68842508.81209,39475226.18051,72298462.53339,102715739.5868,1173.93,91836987.7045,1039.26,102715739.5868,1173.93,91836987.7045,1039.26
2024-11-14,90413.3,91846.1,86714,87382.7,32637597515.7498,7512907656,7883951670,7471945952,7510137126,0.01,0.01,0.01,0.01,0.01639,0.025546,0.010422,0.013641,0.013577,0.0248,0.008986,0.01382,47.42,52.58,0.9,48.9,51.1,0.96,62.45,37.55,1.66,15670134.57923,10864899.57847,21835774.84533,12215613.61517,89518773.2404,994.322,77177682.5935,849.417,89518773.2404,994.322,77177682.5935,849.417
2024-11-15,87382.6,91921.5,87111,91074.6,28084005388.8683,7510137126,7765597531,7424523755,7728539911,0.01,0.016097,0.01,0.01,0.013641,0.019396,0.010858,0.01412,0.01382,0.022479,0.009331,0.014419,53.25,46.75,1.14,54.78,45.22,1.21,62.1,37.9,1.64,9244917.53466,26360276.84394,11413112.51006,28140899.53624,232134332.7814,2671.356,98933497.9934,1127.741,232134332.7814,2671.356,98933497.9934,1127.741
2024-11-16,91074.6,91849.8,90120,90643.3,11746501248.6327,7728539911,7781670557,7633334150,7675657565,0.01,0.016867,0.01,0.015798,0.01412,0.026202,0.013578,0.020884,0.014419,0.024106,0.013153,0.022347,44.06,55.94,0.79,45.47,54.53,0.83,62.26,37.74,1.65,2779881.70646,9095551.74574,3351179.62096,9232661.04624,151777784.5583,1673.928,85564786.3996,935.004,151777784.5583,1673.928,85564786.3996,935.004
2024-11-17,90643.2,91539.6,88736.1,89899.9,15122664850.2454,7675657565,7778915624,7528690262,7556133837,0.015798,0.018766,0.01,0.01,0.020884,0.032214,0.012554,0.018461,0.022347,0.033318,0.010994,0.016937,44.79,55.21,0.81,48.59,51.41,0.95,62.76,37.24,1.69,5983044.34653,5847727.42086,8641188.39773,7014590.20826,111233327.4628,1233.75,97480128.9533,1069.877,111233327.4628,1233.75,97480128.9533,1069.877
2024-11-18,89900,92700,89422.1,90507.4,30393808916.8658,7556133837,7969914392,7503998213,7690627462,0.01,0.049857,0.01,0.021606,0.018461,0.054741,0.014095,0.02572,0.016937,0.059978,0.014426,0.026015,49.81,50.19,0.99,51.81,48.19,1.08,62.09,37.91,1.64,8504005.05769,13150943.38009,12013561.11159,14851646.14149,99331143.8795,1110.949,91802218.3298,1016.86,99331143.8795,1110.949,91802218.3298,1016.86
2024-11-19,90507.4,93985.9,90405.6,92335.9,27997396858.8469,7690627462,8471257166,7569850786,7882896293,0.021606,0.032932,0.01,0.01,0.02572,0.038853,0.011236,0.011465,0.026015,0.038245,0.009421,0.009789,47.69,52.31,0.91,50.0,50.0,1.0,61.32,38.68,1.59,5847705.12486,11254830.84432,7127218.74126,12724574.30902,169615005.3961,1884.599,70268815.5661,773.345,169615005.3961,1884.599,70268815.5661,773.345
2024-11-20,92335.9,94849,91500,94288,27168395873.832,7882896293,8765293379,7736419643,8440978581,0.01,0.01,0.01,0.01,0.011465,0.013591,0.002932,0.006588,0.009789,0.015858,0.007925,0.009297,44.18,55.82,0.79,47.03,52.97,0.89,61.24,38.76,1.58,4329650.54815,13663291.76334,7892344.41015,15603724.31294,155943220.8887,1698.578,127028565.1307,1369.772,155943220.8887,1698.578,127028565.1307,1369.772
2024-11-21,94288,99100,94008.7,98366.8,40626654543.9006,8440978581,8960405792,8421343518,8787603204,0.01,0.01,0.01,0.01,0.006588,0.019238,0.002978,0.012897,0.009297,0.020066,0.006317,0.012579,37.76,62.24,0.61,41.81,58.19,0.72,58.95,41.05,1.44,7946489.11573,31545510.26488,11326736.92613,38172566.95768,162745333.8373,1732.903,200070575.5946,2110.733,162745333.8373,1732.903,200070575.5946,2110.733
2024-11-22,98366.8,99660,97199.9,98921.4,26216909030.094,8787603204,9244261169,8741116268,8968764587,0.01,0.017529,0.01,0.01,0.012897,0.030358,0.00903,0.009478,0.012579,0.028216,0.009324,0.010004,41.61,58.39,0.71,43.48,56.52,0.77,59.04,40.96,1.44,6868162.99006,13290632.79624,9300292.78326,18858291.02894,125016743.7666,1277.201,120012865.2233,1213.534,125016743.7666,1277.201,120012865.2233,1213.534
2024-11-23,98921.5,98937.3,97173.5,97725.5,11819462596.9911,8968764587,8968764587,8798694766,8824063602,0.01,0.01,0.01,0.01,0.009478,0.019344,0.009478,0.018662,0.010004,0.01889,0.009779,0.018115,42.47,57.53,0.74,45.83,54.17,0.85,58.41,41.59,1.4,18234950.31382,10781092.48097,25752618.57572,11037312.88857,175300091.3095,1781.675,226217453.6999,2273.155,175300091.3095,1781.675,226217453.6999,2273.155
2024-11-24,97725.6,98666,95822.1,97960.4,16831589684.0454,8824063602,8847802679,8559248427,8573344067,0.01,0.032622,0.01,0.021181,0.018662,0.036253,0.014742,0.027268,0.018115,0.03415,0.013986,0.027989,47.19,52.81,0.89,49.93,50.07,1.0,57.73,42.27,1.37,22309037.60093,7325925.45332,25157255.07273,8512257.26142,185526022.5239,1909.793,119511310.4574,1217.263,185526022.5239,1909.793,119511310.4574,1217.263
2024-11-25,97960.5,98999,92666,93064,31634687040.9702,8573344067,8826762103,8397430564,8415475397,0.021181,0.030589,0.01,0.021906,0.027268,0.039618,0.013045,0.021354,0.027989,0.040871,0.013323,0.019521,48.71,51.29,0.95,50.83,49.17,1.03,58.16,41.84,1.39,28242268.92763,11617968.66349,41077728.21693,12417064.69899,109746656.1691,1125.781,117896041.8501,1197.3,109746656.1691,1125.781,117896041.8501,1197.3
2024-11-26,93064.1,95064,90866.4,92021.4,32058902678.1563,8415475397,8575186006,8017381175,8059897716,0.021906,0.038439,0.01774,0.031334,0.021354,0.03688,0.020135,0.035166,0.019521,0.036953,0.01908,0.033473,56.71,43.29,1.31,59.53,40.47,1.47,60.82,39.18,1.55,15476685.94196,11370845.17126,23300235.78466,16931529.12766,180006315.8517,1944.783,91039590.3723,973.941,180006315.8517,1944.783,91039590.3723,973.941
2024-11-27,92021.5,97250,91864,95905.2,22446076230.8584,8059897716,8565083454,8055064294,8260928891,0.031334,0.031334,0.01,0.01,0.035166,0.035166,0.012028,0.012192,0.033473,0.033675,0.010843,0.0114,59.18,40.82,1.45,59.65,40.35,1.48,63.17,36.83,1.72,3762545.22763,17042953.58527,6875724.44543,19479522.44137,97366509.5306,1062.943,97648692.605,1056.322,97366509.5306,1062.943,97648692.605,1056.322
2024-11-28,95905.2,96627.6,94700.1,95694.4,14702795800.1606,8260928891,8342826466,8172786689,8228415056,0.01,0.025091,0.01,0.02071,0.012192,0.028722,0.010547,0.025217,0.0114,0.027484,0.011121,0.024439,49.14,50.86,0.97,50.16,49.84,1.01,60.39,39.61,1.53,3588111.78796,4736416.51557,5750774.54686,5837335.78857,148012200.4207,1550.849,95017438.429,986.436,148012200.4207,1550.849,95017438.429,986.436
2024-11-29,95694.4,98713.3,95404.5,97516.3,18512652386.8993,8228415056,8840365054,8199285108,8580594231,0.02071,0.02345,0.01,0.01,0.025217,0.031165,0.012343,0.012828,0.024439,0.029707,0.011637,0.012258,51.75,48.25,1.07,54.63,45.37,1.2,61.21,38.79,1.58,5670526.72302,15574537.82646,7320624.58722,17509360.98626,119793070.1516,1258.051,117692498.0719,1224.003,119793070.1516,1258.051,117692498.0719,1224.003
2024-11-30,97516.2,97522.1,96150,96475.1,9004661766.2904,8580594231,8582815849,8364987621,8379762382,0.01,0.016414,0.01,0.015901,0.012828,0.02304,0.011251,0.015594,0.012258,0.021459,0.011765,0.01607,46.36,53.64,0.86,49.7,50.3,0.99,61.18,38.82,1.58,2858339.99125,3811231.51967,5120125.81945,3911911.00307,157274518.6052,1621.4,321298061.6735,3271.805,157274518.6052,1621.4,321298061.6735,3271.805
2024-12-01,96475.2,97933,95736.5,97265.1,10974265480.5651,8379762382,8471728030,8351144827,8427765481,0.015901,0.025726,0.01,0.025726,0.015594,0.022375,0.011436,0.021682,0.01607,0.02283,0.012816,0.022788,49.51,50.49,0.98,53.56,46.44,1.15,62.11,37.89,1.64,2583294.04356,7263142.37004,4045420.15616,8303995.56564,176844199.7749,1842.31,100758049.6332,1039.833,176844199.7749,1842.31,100758049.6332,1039.833
2024-12-02,97265,98266,94400,95890.5,24755083134.5579,8427765481,8570197335,8260768934,8281499946,0.025726,0.036593,0.01,0.012795,0.021682,0.035577,0.011261,0.014165,0.022788,0.03611,0.010179,0.013196,47.67,52.33,0.91,51.29,48.71,1.05,61.96,38.04,1.63,10944718.77435,9865918.74101,18304991.62745,10484883.08171,133256327.9932,1376.335,109530348.309,1120.49,133256327.9932,1376.335,109530348.309,1120.49
2024-12-03,95890.6,96375,93605,95913.3,19687303723.6659,8281499946,8452679864,8221469103,8390337994,0.012795,0.027891,0.011358,0.026715,0.014165,0.028798,0.013904,0.027089,0.013196,0.030126,0.013196,0.028886,52.74,47.26,1.12,56.02,43.98,1.27,61.09,38.91,1.57,8619141.02846,7403245.13019,10818665.41326,8005360.61229,104460378.3312,1094.984,124651707.4508,1294.96,104460378.3312,1094.984,124651707.4508,1294.96
2024-12-04,95913.3,99099.9,94650.8,98669.8,26698049320.8388,8390337994,9164846013,8314287583,9143903456,0.026715,0.03104,0.014851,0.027596,0.027089,0.034231,0.019411,0.026512,0.028886,0.034251,0.019192,0.028229,51.69,48.31,1.07,54.45,45.55,1.2,62.27,37.73,1.65,7327536.68478,17333752.9023,8456115.53188,19875887.9735,116097046.6023,1216.451,127229249.1272,1320.772,116097046.6023,1216.451,127229249.1272,1320.772
2024-12-05,98669.8,104630.4,90200,97001.5,58190478966.4816,9143903456,10139867847,8570132848,8947948534,0.027596,0.099117,0.01,0.01,0.026512,0.110819,0.011719,0.011719,0.028229,0.111062,0.011795,0.011795,45.18,54.82,0.82,49.66,50.34,0.99,60.97,39.03,1.56,21990436.55882,20899369.44864,42935963.70772,34141899.36754,105041506.3577,1068.661,186188083.1005,1876.225,105041506.3577,1068.661,186188083.1005,1876.225
2024-12-06,97001.6,101988.8,96429.5,99802.5,27982519536.3629,8947948534,9330035503,8866001730,8927811480,0.01,0.034398,0.01,0.032032,0.011719,0.026503,0.009063,0.024569,0.011795,0.02862,0.008274,0.026559,57.54,42.46,1.36,62.19,37.81,1.65,66.14,33.86,1.95,4141781.02749,14714564.61273,5895904.05279,18876165.15623,82214573.9286,851.014,96009459.3384,984.713,82214573.9286,851.014,96009459.3384,984.713
2024-12-07,99802.5,100499,98876.9,99899.2,9559725060.0843,8927811480,8994809583,8816576045,8851687366,0.032032,0.032032,0.01,0.016975,0.024569,0.024569,0.012226,0.018186,0.026559,0.027665,0.009749,0.017392,48.98,51.02,0.96,52.56,47.44,1.11,61.36,38.64,1.59,2622622.8673,2008729.57733,2986912.8484,2313636.90503,135402181.7894,1363.369,104381163.9749,1041.41,135402181.7894,1363.369,104381163.9749,1041.41
2024-12-08,99899.2,101457.9,98709.4,101200,10964215189.3537,8851687366,9050019649,8786043777,9044245549,0.016975,0.030387,0.010355,0.030387,0.018186,0.026373,0.015344,0.026194,0.017392,0.027791,0.013775,0.027536,52.28,47.72,1.1,56.2,43.8,1.28,63.41,36.59,1.73,2091084.80038,5320444.30038,5498846.07418,6997261.99278,126671849.5755,1274.385,96572058.7084,962.289,126671849.5755,1274.385,96572058.7084,962.289
2024-12-09,101200.1,101300,94039.7,97349.1,32095171666.8881,9044245549,9056918233,8486651790,8759394462,0.030387,0.031487,0.01,0.01,0.026194,0.029481,0.01187,0.012372,0.027536,0.029532,0.009293,0.01005,50.77,49.23,1.03,54.48,45.52,1.2,62.81,37.19,1.69,45779548.08813,13483494.37576,60986857.91183,14757895.56226,101813181.2891,1009.598,109700715.6703,1078.435,101813181.2891,1009.598,109700715.6703,1078.435
2024-12-10,97349.1,98320.6,94265.5,96602.4,28128995256.94,8759394462,8830953451,8387240362,8476108958,0.01,0.01,0.01,0.01,0.012372,0.013482,0.008828,0.009045,0.01005,0.011889,0.00678,0.007403,58.42,41.58,1.41,61.62,38.38,1.61,64.39,35.61,1.81,12010162.87147,8146201.56582,16222429.62137,9270924.10962,138761435.9661,1431.774,89841317.8292,919.247,138761435.9661,1431.774,89841317.8292,919.247
2024-12-11,96602.3,101880,95650,101115.3,21990259502.0448,8476108958,9509129305,8463757355,9395317275,0.01,0.01,0.01,0.01,0.009045,0.01077,0.00737,0.008384,0.007403,0.011689,0.006941,0.008161,57.92,42.08,1.38,58.64,41.36,1.42,63.95,36.05,1.77,3199358.75583,15345868.82083,4398899.95533,17426815.26543,131797221.7953,1370.503,111125669.1939,1145.469,131797221.7953,1370.503,111125669.1939,1145.469
2024-12-12,101115.3,102538.4,99280.2,99982.4,21703741805.3757,9395317275,9701986725,9126615788,9164293941,0.01,0.01,0.01,0.01,0.008384,0.011249,0.008384,0.01025,0.008161,0.012172,0.007273,0.010319,42.63,57.37,0.74,46.16,53.84,0.86,62.82,37.18,1.69,12446722.18349,6099890.72336,17459142.68589,6775782.19256,144983594.9853,1440.439,143404418.1605,1410.936,144983594.9853,1440.439,143404418.1605,1410.936
2024-12-13,99982.3,101869.5,99149.6,101371.9,15327755767.9402,9164293941,9447873530,8955829295,9327234794,0.01,0.01,0.005269,0.00679,0.01025,0.010716,0.006299,0.007571,0.010319,0.01181,0.004973,0.006906,45.82,54.18,0.85,51.16,48.84,1.05,64.88,35.12,1.85,2303289.88881,5901810.70636,6614840.84041,6608777.99896,121471924.6468,1220.866,93959342.0876,935.717,121471924.6468,1220.866,93959342.0876,935.717
2024-12-14,101371.9,102638,100559.8,101381,10931714344.5646,9327234794,9541875426,9298649586,9389099816,0.00679,0.01,0.006667,0.01,0.007571,0.010264,0.006939,0.009642,0.006906,0.011636,0.006442,0.009629,41.42,58.58,0.71,46.21,53.79,0.86,62.36,37.64,1.66,3958014.10153,2260149.68158,5409372.41063,3801097.71428,159628597.9141,1582.481,135092886.579,1326.498,159628597.9141,1582.481,135092886.579,1326.498
2024-12-15,101381,105374.6,101200.1,104460.4,16238887998.3954,9389099816,10450431963,9373691396,10324062367,0.01,0.01,0.005489,0.01,0.009642,0.011295,0.007097,0.011239,0.009629,0.011697,0.007184,0.011642,43.3,56.7,0.76,48.74,51.26,0.95,63.14,36.86,1.71,1912451.6255,6926737.19676,3170492.7725,9937755.35886,115922908.8701,1149.019,167743966.643,1647.118,115922908.8701,1149.019,167743966.643,1647.118
2024-12-16,104460.5,107777,103264.6,106023.2,28967170491.4131,10324062367,10521659644,9779637615,9873453529,0.01,0.01,0.007309,0.007818,0.011239,0.01824,0.00746,0.007877,0.011642,0.018082,0.007182,0.007987,38.58,61.42,0.63,43.23,56.77,0.76,62.21,37.79,1.65,12840278.72976,33265718.27195,17639736.78736,34877146.81215,96756488.2782,930.148,103324764.4282,984.303,96756488.2782,930.148,103324764.4282,984.303
2024-12-17,106023.2,108366.8,105252,106074.6,21114957423.71,9873453529,10440832539,9787895468,9798746724,0.007818,0.01,0.007818,0.01,0.007877,0.010943,0.007877,0.009411,0.007987,0.011495,0.007987,0.010408,38.43,61.57,0.62,44.62,55.38,0.81,62.38,37.62,1.66,6830204.50976,7343233.76457,12746650.81676,7928075.47977,124170631.8561,1176.937,110666253.3375,1039.854,124170631.8561,1176.937,110666253.3375,1039.854
2024-12-18,106074.6,106484.6,99951.1,100181.1,33924060434.7435,9798746724,9823393975,9154374533,9259749397,0.01,0.01,0.007024,0.01,0.009411,0.010684,0.007231,0.010076,0.010408,0.011495,0.007288,0.009167,40.36,59.64,0.68,45.26,54.74,0.83,61.62,38.38,1.61,14958800.61738,7655857.28765,35673800.63538,8528867.38405,117442302.5286,1112.352,92752904.684,870.813,117442302.5286,1112.352,92752904.684,870.813
2024-12-19,100181.2,102756.7,95681.2,97434.4,37081163651.0337,9259749397,9580908291,8680793424,8923884698,0.01,0.01,0.01,0.01,0.010076,0.011558,0.003448,0.00668,0.009167,0.009665,0.00364,0.004805,54.45,45.55,1.2,57.6,42.4,1.36,63.17,36.83,1.72,44045711.26082,15599751.06773,65941980.72832,18212440.96493,390587625.5993,3919.997,86823216.0466,863.142,390587625.5993,3919.997,86823216.0466,863.142
2024-12-20,97434.3,98243,92272.6,97764.4,37950774049.0614,8923884698,9174618367,8513298961,8711665435,0.01,0.01,0.01,0.01,0.00668,0.010328,0.003369,0.007062,0.004805,0.010312,0.00147,0.005036,60.77,39.23,1.55,60.81,39.19,1.55,63.87,36.13,1.77,39755295.09228,18565323.41234,50108510.16838,21166169.60004,98771354.8132,1017.569,80836448.8482,826.238,98771354.8132,1017.569,80836448.8482,826.238
2024-12-21,97764.5,99485,96375,97261.8,15758333154.2,8711665435,8824984342,8391629782,8538040944,0.01,0.01,0.000558,0.01,0.007062,0.009116,-0.002359,0.007932,0.005036,0.008746,-0.003074,0.00679,58.62,41.38,1.42,58.77,41.23,1.43,67.85,32.15,2.11,7065039.63061,7664355.28065,9034981.40531,8222955.84525,97896138.9836,1005.253,132745429.4448,1352.131,97896138.9836,1005.253,132745429.4448,1352.131
2024-12-22,97261.7,97437.9,94200,95153.5,14215891287.9016,8538040944,8587592197,8190837268,8266079312,0.01,0.01,0.007532,0.01,0.007932,0.009477,0.003459,0.007594,0.00679,0.009173,0.001962,0.005496,57.88,42.12,1.37,58.92,41.08,1.43,68.14,31.86,2.14,15054666.19904,3954342.83717,17242118.32124,4802488.72017,93906770.2281,969.729,82948630.7079,849.596,93906770.2281,969.729,82948630.7079,849.596
2024-12-23,95153.4,96499,92464.4,94861.1,23329500095.6315,8266079312,8633134204,8188954548,8557935906,0.01,0.01,0.005573,0.01,0.007594,0.01048,0.006441,0.009213,0.005496,0.008977,0.004494,0.008203,60.56,39.44,1.54,61.24,38.76,1.58,68.71,31.29,2.2,8183743.61084,7598494.48847,14486803.72464,9967720.36777,100435237.3358,1059.967,76125396.3566,796.863,100435237.3358,1059.967,76125396.3566,796.863
2024-12-24,94861,99450,93525.6,98627.2,20464603022.2388,8557935906,9161442695,8418912546,9050199637,0.01,0.01,0.008487,0.01,0.009213,0.011095,0.005055,0.009532,0.008203,0.011526,0.004068,0.007977,66.73,33.27,2.01,66.01,33.99,1.94,68.96,31.04,2.22,4294868.11641,13443395.54949,10076842.10411,15627165.73729,94011502.0685,994.81,92554668.9235,972.029,94011502.0685,994.81,92554668.9235,972.029
2024-12-25,98626.9,99580.7,97570,99379.7,12283803766.2932,9050199637,9178739728,8920626824,9124959517,0.01,0.01,0.009951,0.009951,0.009532,0.011299,0.008801,0.010385,0.007977,0.011426,0.00697,0.010092,52.43,47.57,1.1,53.42,46.58,1.15,66.82,33.18,2.01,3646267.66713,5722957.2691,6420988.28383,6444863.9132,101545213.7581,1033.3,130690171.3403,1318.296,101545213.7581,1033.3,130690171.3403,1318.296
2024-12-26,99379.6,99950,95153,95751,18828784450.066,9124959517,9196005260,8483218313,8552826322,0.009951,0.01,0.004332,0.01,0.010385,0.010385,-0.000359,0.009539,0.010092,0.011882,0.002293,0.009873,52.41,47.59,1.1,54.64,45.36,1.21,66.82,33.18,2.01,8237262.69215,3938939.64018,12203993.90255,4348208.91848,107093249.4692,1080.939,155742374.0341,1559.763,107093249.4692,1080.939,155742374.0341,1559.763
2024-12-27,95750.9,97564.5,93440,94258.9,19664743933.164,8552826322,8714311564,8380791440,8450854154,0.01,0.01,0.01,0.01,0.009539,0.011939,0.007122,0.008698,0.009873,0.012605,0.007171,0.007626,60.57,39.43,1.54,61.73,38.27,1.61,68.05,31.95,2.13,10236909.08475,6400776.12103,15921906.86355,7164352.33053,193936046.1288,2035.638,156977688.3032,1634.257,193936046.1288,2035.638,156977688.3032,1634.257
2024-12-28,94258.9,95700,94100,95259.1,6441580105.0803,8450854154,8659217439,8424087806,8640139868,0.01,0.01,0.005151,0.008052,0.008698,0.00907,0.003272,0.008707,0.007626,0.009734,0.003867,0.008641,64.03,35.97,1.78,63.58,36.42,1.75,68.8,31.2,2.21,1057756.70546,6282445.63873,1089455.77796,6526573.85883,114735286.059,1222.379,154302141.0809,1630.071,114735286.059,1222.379,154302141.0809,1630.071
2024-12-29,95259.1,95300,92961.8,93700,8949366966.5803,8640139868,8695933881,8345225146,8424835662,0.008052,0.01,-0.00224,-0.000083,0.008707,0.009713,-0.000712,0.001158,0.008641,0.00962,-0.000655,0.001084,63.43,36.57,1.73,62.1,37.9,1.64,67.93,32.07,2.12,3245747.81765,1748563.05888,4818900.87765,1788224.68378,100994168.5035,1064.768,102812815.5158,1074.226,100994168.5035,1064.768,102812815.5158,1074.226
2024-12-30,93699.9,95031.6,91510,92759.3,20718614290.082,8424835662,8788013658,8398505909,8432652479,-0.000083,0.01,-0.000083,0.01,0.001158,0.011532,0.001158,0.010104,0.001084,0.012066,0.001084,0.009683,64.99,35.01,1.86,65.29,34.71,1.88,67.54,32.46,2.08,9027380.55777,6447926.09361,13394274.85827,9007821.20111,184805126.6613,1983.327,118617234.631,1260.885,184805126.6613,1983.327,118617234.631,1260.885
2024-12-31,92759.3,96254.3,92000,93548.9,16839152825.5285,8432652479,8954599807,8341217366,8534999533,0.01,0.01,0.01,0.01,0.010104,0.012543,0.007342,0.01211,0.009683,0.013583,0.006857,0.011188,67.1,32.9,2.04,66.51,33.49,1.99,67.98,32.02,2.12,4444236.07542,4793944.08142,8380892.33682,5505073.02852,100572259.9892,1088.822,93476858.1335,1003.714,100572259.9892,1088.822,93476858.1335,1003.714
2025-01-01,93548.8,95161.2,92796.5,94580.9,8572615379.7751,8534999533,8799971871,8492123398,8728721350,0.01,0.01,0.01,0.01,0.01211,0.015239,0.008355,0.013349,0.011188,0.014408,0.008857,0.012749,64.56,35.44,1.82,64.41,35.59,1.81,67.88,32.12,2.11,3056016.89746,3785636.77364,5061970.63516,4639640.63414,153568652.5181,1647.764,84868481.0912,903.616,153568652.5181,1647.764,84868481.0912,903.616
2025-01-02,94580.9,97822.4,94357.4,96967.5,17519595621.5423,8728721350,9160279160,8707078689,8913055667,0.01,0.01,0.01,0.01,0.013349,0.013349,0.008716,0.011345,0.012749,0.013375,0.008517,0.011451,62.71,37.29,1.68,62.5,37.5,1.67,67.83,32.17,2.11,3645115.39762,9091954.98271,8702183.71762,12256163.84161,136225030.0873,1446.435,123721148.7442,1301.644,136225030.0873,1446.435,123721148.7442,1301.644
2025-01-03,96967.6,98949,96061.5,98145.7,12189056682.4378,8913055667,9011803475,8816150848,8887001113,0.01,0.01,0.004944,0.007654,0.011345,0.011345,0.005183,0.006288,0.011451,0.011451,0.002848,0.004369,53.4,46.6,1.15,55.08,44.92,1.23,67.01,32.99,2.03,9928282.6611,4382371.2303,14023931.2232,6031534.0384,251191553.735,2604.58,129980565.7942,1333.742,251191553.735,2604.58,129980565.7942,1333.742
2025-01-04,98145.7,98760.9,97438.2,98173.2,7045933125.8938,8887001113,8897944213,8573993518,8585658381,0.007654,0.01,-0.000004,0.01,0.006288,0.011132,0.005564,0.010318,0.004369,0.010595,0.003695,0.009567,52.1,47.9,1.09,54.78,45.22,1.21,67.9,32.1,2.12,1366154.48064,13365332.16712,1984850.87324,13485495.59782,141333732.3079,1446.509,131714823.4769,1335.352,141333732.3079,1446.509,131714823.4769,1335.352
2025-01-05,98173.2,98852.6,97227,98340.2,7346413802.0782,8585658381,8882956925,8573365355,8859126395,0.01,0.01,0.006841,0.01,0.010318,0.01071,0.005429,0.010294,0.009567,0.010873,0.005232,0.009852,53.0,47.0,1.13,56.51,43.49,1.3,68.14,31.86,2.14,1299663.01753,2140464.81751,2079958.82033,2245823.51891,138840514.3011,1420.923,150378941.7884,1523.536,138840514.3011,1420.923,150378941.7884,1523.536
2025-01-06,98340.2,102444,97872.6,102180.4,20818934353.5589,8859126395,9673718146,8833487675,9594391388,0.01,0.01,0.007967,0.01,0.010294,0.0114,0.003446,0.004399,0.009852,0.011433,0.003122,0.004365,53.01,46.99,1.13,56.48,43.52,1.3,67.58,32.42,2.09,3008574.63786,7132724.84296,5398102.25816,10040994.20276,116278640.4148,1186.18,204804739.1681,2070.105,116278640.4148,1186.18,204804739.1681,2070.105
2025-01-07,102180.5,102762.1,96153,96920.3,25559975377.2125,9594391388,9600826859,8783510385,8926770734,0.01,0.01,0.005691,0.01,0.004399,0.012719,0.001282,0.007633,0.004365,0.012432,0.004365,0.006608,43.24,56.76,0.76,47.0,53.0,0.89,65.87,34.13,1.93,19549093.2456,4893528.8184,32217050.6568,5453753.2678,129080917.5112,1268.835,191557563.3518,1866.158,129080917.5112,1268.835,191557563.3518,1866.158
2025-01-08,96920.2,97242.2,92500,95014.1,24890488875.3657,8926770734,8960296465,8427477874,8621454087,0.01,0.01,0.01,0.01,0.007633,0.010428,0.003129,0.009004,0.006608,0.009824,0.004759,0.007577,60.85,39.15,1.55,63.71,36.29,1.76,68.87,31.13,2.21,17284543.50322,16878439.25348,29405581.37522,17491066.42988,173982856.315,1805.563,141279678.2746,1451.202,173982856.315,1805.563,141279678.2746,1451.202
2025-01-09,95014,95358.7,91055.8,92505.9,23994411287.8217,8621454087,8640373600,8024825497,8083568168,0.01,0.01,-0.001064,0.003932,0.009004,0.009961,0.000377,0.004449,0.007577,0.008573,-0.001992,0.002936,64.46,35.54,1.81,64.8,35.2,1.84,69.73,30.27,2.3,11840186.86508,4901690.46545,19330524.06128,5770641.89225,93126990.9214,983.946,116208826.272,1217.867,93126990.9214,983.946,116208826.272,1217.867
2025-01-10,92506,95882.5,92173.6,94675.5,24636477945.0349,8083568168,8553641473,8083568168,8376016510,0.003932,0.01,-0.002622,0.005708,0.004449,0.010626,-0.000194,0.008917,0.002936,0.009848,-0.000067,0.006701,68.28,31.72,2.15,68.3,31.7,2.16,67.75,32.25,2.1,4524782.22805,13201948.32727,6731044.92775,23376838.94007,87178330.1547,945.972,100558639.408,1082.791,87178330.1547,945.972,100558639.408,1082.791
2025-01-11,94675.6,94988,93802.1,94562.5,6101585932.2523,8376016510,8376016510,8259441803,8289889412,0.005708,0.008461,0.001776,0.004983,0.008917,0.009508,0.003627,0.008247,0.006701,0.008179,0.002899,0.00588,62.87,37.13,1.69,62.21,37.79,1.65,65.87,34.13,1.93,1513533.43083,2322118.65433,1678592.28023,2503174.80003,136406684.4132,1447.048,123355557.637,1297.338,136406684.4132,1447.048,123355557.637,1297.338
2025-01-12,94562.4,95444,93661.1,94499.9,7302019629.8369,8289889412,8433229362,8219600117,8266426507,0.004983,0.01,0.002664,0.005315,0.008247,0.010059,0.003961,0.008506,0.00588,0.009326,0.004937,0.005942,63.45,36.55,1.74,63.78,36.22,1.76,65.96,34.04,1.94,11837321.0139,943961.8025,12461166.9459,1133148.2372,147405556.7387,1566.229,137271468.6148,1445.452,147405556.7387,1566.229,137271468.6148,1445.452
2025-01-13,94499.9,95934.5,88909,94485.3,33354886569.2523,8266426507,8346101368,7868915542,7922251405,0.005315,0.01,-0.019696,0.01,0.008506,0.010535,-0.000988,0.010291,0.005942,0.009089,-0.005021,0.008817,63.55,36.45,1.74,64.28,35.72,1.8,65.6,34.4,1.91,12633365.36499,14932676.95793,21141453.46389,22382875.55633,119995669.5794,1275.47,112007259.8145,1180.767,119995669.5794,1275.47,112007259.8145,1180.767
2025-01-14,94485.4,97353.9,94305.4,96514.9,20446787797.978,7922251405,8383353316,7913926208,8153665349,0.01,0.01,0.004654,0.005038,0.010291,0.010745,0.004548,0.004597,0.008817,0.010807,0.004036,0.004036,62.81,37.19,1.69,63.32,36.68,1.73,65.49,34.51,1.9,5467578.22491,7667287.43147,6231932.54931,10582476.86347,115358986.8582,1226.062,147892719.9163,1558.074,115358986.8582,1226.062,147892719.9163,1558.074
2025-01-15,96514.9,100658.9,96450.2,100460,21889825868.8829,8153665349,8709267613,8149276145,8703102630,0.005038,0.01,-0.000391,0.000648,0.004597,0.008568,0.000298,0.00163,0.004036,0.007919,0.00045,0.001334,55.43,44.57,1.24,57.51,42.49,1.35,65.04,34.96,1.86,3188035.24523,10926456.92158,3370751.77803,16713800.00178,115121989.752,1197.82,132676326.5202,1368.164,115121989.752,1197.82,132676326.5202,1368.164
2025-01-16,100460.1,100850,97293.6,99937.4,21512682529.955,8703102630,8726862587,8340613133,8616425395,0.000648,0.01,0.000648,0.004597,0.00163,0.011136,0.00163,0.007681,0.001334,0.010583,0.001334,0.005338,46.52,53.48,0.87,48.76,51.24,0.95,63.8,36.2,1.76,12024242.21341,5908053.05182,17537323.66831,7288025.14432,150200342.7887,1499.409,212152712.7567,2101.68,150200342.7887,1499.409,212152712.7567,2101.68
2025-01-17,99937.4,105784,99902,104042.5,25723691013.0801,8616425395,9656315275,8615840309,9420958106,0.004597,0.01,-0.004723,0.006643,0.007681,0.012669,-0.001719,0.005106,0.005338,0.015532,-0.001768,0.006159,47.48,52.52,0.9,53.02,46.98,1.13,64.39,35.61,1.81,4720305.5704,21375893.16602,5077542.7976,25504085.51692,114535570.8005,1150.913,125554508.4909,1250.877,114535570.8005,1150.913,125554508.4909,1250.877
2025-01-18,104042.6,104962.1,102242.8,104524.3,17403566499.7749,9420958106,9474185062,9093507864,9178239377,0.006643,0.01,0.006643,0.01,0.005106,0.012057,0.005106,0.011822,0.006159,0.013475,0.006159,0.013137,41.77,58.23,0.72,45.61,54.39,0.84,60.83,39.17,1.55,10631085.01249,8360494.2221,15150585.08829,8945327.7763,157732662.0123,1521.85,110037814.064,1053.538,157732662.0123,1521.85,110037814.064,1053.538
2025-01-19,104524.3,106450,99600,101311.5,29174832226.0346,9178239377,9496450104,8406466731,8514957760,0.01,0.01,0.01,0.01,0.011822,0.018141,0.007603,0.014072,0.013137,0.019431,0.012645,0.014074,44.13,55.87,0.79,48.86,51.14,0.96,64.1,35.9,1.79,32916002.50505,15223397.15328,44328487.70875,16996262.01118,107372025.6405,1032.171,144000266.6258,1372.418,107372025.6405,1032.171,144000266.6258,1372.418
2025-01-20,101311.5,110000,99501,102247.6,55636313210.5168,8514957760,9576001876,8323253919,8587538712,0.01,0.01,0.01,0.01,0.014072,0.035278,0.010862,0.011009,0.014074,0.028606,0.010387,0.010631,50.41,49.59,1.02,55.46,44.54,1.25,65.83,34.17,1.93,30557428.4738,25655703.97249,40670554.4534,28315472.17469,89814815.3649,890.07,87723387.6909,862.311,89814815.3649,890.07,87723387.6909,862.311
2025-01-21,102247.7,107241.6,100097.2,106114.5,28422367488.3774,8587538712,9286832024,8480981330,9193131696,0.01,0.01,0.01,0.01,0.011009,0.013798,0.005204,0.006348,0.010631,0.011646,0.005742,0.007413,52.86,47.14,1.12,55.57,44.43,1.25,68.48,31.52,2.17,5130682.33454,12316952.27626,7030005.05854,13542089.25646,100180766.8363,984.612,80655627.0573,785.669,100180766.8363,984.612,80655627.0573,785.669
2025-01-22,106115.4,106390,103211.6,103664.9,15829534029.7124,9193131696,9194600702,8687252012,8687252012,0.01,0.01,0.008398,0.008689,0.006348,0.010692,0.00328,0.007807,0.007413,0.011356,0.005466,0.007129,44.0,56.0,0.79,47.02,52.98,0.89,65.94,34.06,1.94,3245938.13979,2982726.46102,5132639.64629,3197738.95612,99833403.772,945.135,119025902.5869,1116.248,99833403.772,945.135,119025902.5869,1116.248
2025-01-23,103664.9,106840.2,101211,103864.1,43514263116.194,8687252012,9163902836,8355238059,8355238059,0.008689,0.01,0.000088,0.000336,0.007807,0.010262,0.000223,0.003788,0.007129,0.010389,0.001997,0.002274,52.34,47.66,1.1,56.15,43.85,1.28,67.81,32.19,2.11,10507771.45982,12490420.68312,15228436.53432,17941547.91012,148772997.6948,1442.429,96925054.2629,931.371,148772997.6948,1442.429,96925054.2629,931.371
2025-01-24,103864,107076.5,102680,104808.1,17435119350.1982,8355238059,8970422973,8243960989,8630356847,0.000336,0.01,0.000321,0.005733,0.003788,0.009421,-0.002374,0.003229,0.002274,0.008787,0.002274,0.00535,52.86,47.14,1.12,54.98,45.02,1.22,65.46,34.54,1.9,4554001.75541,3697460.5266,6156746.12111,4691754.648,95576168.3405,923.783,93783154.8021,899.247,95576168.3405,923.783,93783154.8021,899.247
2025-01-25,104808,105274.7,104040.6,104702,6869072101.7618,8630356847,8632565929,8445544042,8538478811,0.005733,0.01,0.005175,0.008369,0.003229,0.012186,0.003229,0.010775,0.00535,0.010867,0.00535,0.00825,45.51,54.49,0.84,49.27,50.73,0.97,64.45,35.55,1.81,1284126.16209,1954796.24948,1347579.06729,2663675.61128,139353096.6997,1336.17,123055653.1218,1169.356,139353096.6997,1336.17,123055653.1218,1169.356
2025-01-26,104702,105496.9,102450.3,102560.1,7902037955.6098,8538478811,8715103989,8366446582,8374857138,0.008369,0.01,0.007988,0.009109,0.010775,0.010775,0.008487,0.00942,0.00825,0.010865,0.007733,0.009235,49.06,50.94,0.96,51.75,48.25,1.07,65.23,34.77,1.88,6680891.16929,1136630.30497,8559741.26769,1189367.85957,150557680.356,1444.985,109610870.2232,1042.091,150557680.356,1444.985,109610870.2232,1042.091
2025-01-27,102560,103216.5,97680,102021.3,32694449511.3067,8374857138,8701605394,8361322953,8573019937,0.009109,0.01,-0.000987,0.01,0.00942,0.009744,-0.002412,0.008541,0.009235,0.009891,-0.002665,0.008121,53.53,46.47,1.15,57.0,43.0,1.33,65.77,34.23,1.92,36732103.47586,9527944.35389,48942499.52146,11348891.00699,163184183.0204,1600.18,83894468.814,815.299,163184183.0204,1600.18,83894468.814,815.299
2025-01-28,102021.2,103797,100235,101279.6,17380419166.981,8573019937,8612871729,8095879951,8143157602,0.01,0.01,0.001091,0.01,0.008541,0.010504,0.002468,0.007807,0.008121,0.010335,0.001057,0.007132,60.3,39.7,1.52,61.79,38.21,1.62,66.33,33.67,1.97,6189186.78706,5990152.02462,23587975.73416,7776428.14212,94676191.0713,931.712,125702215.0617,1226.186,94676191.0713,931.712,125702215.0617,1226.186
2025-01-29,101279.7,104755,101269.7,103698.2,17464729883.7623,8143157602,8486560105,8133981290,8438837780,0.01,0.01,0.007578,0.00758,0.007807,0.009358,0.002462,0.008607,0.007132,0.009875,0.005069,0.008899,56.87,43.13,1.32,60.23,39.77,1.51,65.45,34.55,1.89,3689197.27119,6057204.17507,4133957.07229,7476755.36407,97624592.3427,967.695,99139660.5763,974.737,97624592.3427,967.695,99139660.5763,974.737
2025-01-30,103698.1,106450,103224.5,104676.9,14402984139.0991,8438837780,8989600307,8394478204,8688489613,0.00758,0.01,0.000189,0.001238,0.008607,0.012011,-0.001175,0.003295,0.008899,0.011946,0.000574,0.001601,50.22,49.78,1.01,52.5,47.5,1.11,64.26,35.74,1.8,1428483.4712,4708712.03102,2575023.0183,5563258.17852,123983548.4252,1200.995,95738507.5265,919.146,123983548.4252,1200.995,95738507.5265,919.146
2025-01-31,104676.9,106000,101509,102379.7,17878613922.1377,8688489613,8808017904,8470620546,8536853066,0.001238,0.01,0.001211,0.008098,0.003295,0.010198,0.002972,0.004609,0.001601,0.009385,0.001601,0.004991,44.99,55.01,0.82,48.63,51.37,0.95,63.93,36.07,1.77,8668877.41842,3155895.6602,15852653.16132,3782863.7661,199022251.2911,1910.111,94480621.1836,898.939,199022251.2911,1910.111,94480621.1836,898.939
2025-02-01,102379.8,102734.9,100215,100603.6,9240328874.1476,8536853066,8544200967,8421421938,8476379904,0.008098,0.009805,0.001849,0.005825,0.004609,0.008736,-0.000146,0.006749,0.004991,0.008371,-0.00095,0.004763,60.28,39.72,1.52,62.57,37.43,1.67,68.01,31.99,2.13,11985422.54599,1910089.65081,17034552.06569,2183989.13001,120536938.7775,1183.07,130480250.5831,1269.05,120536938.7775,1183.07,130480250.5831,1269.05
2025-02-02,100603.6,101426,96029.6,97664.5,22949572991.4841,8476379904,8513976635,7962602715,8162590597,0.005825,0.01,-0.00166,0.01,0.006749,0.009793,-0.002111,0.009723,0.004763,0.008868,-0.001572,0.00867,62.08,37.92,1.64,64.23,35.77,1.8,66.57,33.43,1.99,26424543.71507,7656308.02111,42878953.57497,8715783.89561,183296359.2527,1831.589,102826179.9389,1018.037,183296359.2527,1831.589,102826179.9389,1018.037
2025-02-03,97664.5,102456,91130.3,101293.7,43861703824.4003,8162590597,8162590597,7272308865,7930460219,0.01,0.01,0.002198,0.002627,0.009723,0.01779,-0.010604,-0.001745,0.00867,0.01919,-0.003919,0.001377,68.35,31.65,2.16,69.69,30.31,2.3,66.13,33.87,1.95,42977546.78995,21483610.07115,67240322.85325,29569516.44725,99973685.2692,1028.372,93304451.7488,951.286,99973685.2692,1028.372,93304451.7488,951.286
2025-02-04,101293.6,101729.3,96100,97709.9,26009337320.4669,7930460219,8019806647,7309838430,7316394353,0.002627,0.01,-0.000461,-0.000461,-0.001745,0.009065,-0.002404,0.002145,0.001377,0.011037,-0.000916,-0.000916,57.15,42.85,1.33,58.33,41.67,1.4,64.85,35.15,1.85,16047665.96614,11725683.24597,19836592.06904,13053654.00947,102975133.8206,1019.494,101819326.3848,999.888,102975133.8206,1019.494,101819326.3848,999.888
2025-02-05,97710,99124.2,96106.1,96553.2,14787599965.675,7316394353,7682542528,7314341616,7379356962,-0.000461,0.005118,-0.002563,0.002211,0.002145,0.007005,-0.001494,0.006471,-0.000916,0.00498,-0.00133,0.003581,62.55,37.45,1.67,65.98,34.02,1.94,69.89,30.11,2.32,7259234.24955,4565070.32583,9927001.60955,5477704.56363,88362340.2666,908.021,87050383.4309,886.79,88362340.2666,908.021,87050383.4309,886.79
2025-02-06,96553.2,99093,95613.5,96515.1,15732330386.6235,7379356962,7626579993,7224081007,7259457028,0.002211,0.008936,-0.001312,0.007998,0.006471,0.009195,0.000994,0.008826,0.003581,0.008162,-0.000877,0.007605,63.69,36.31,1.75,65.32,34.68,1.88,67.03,32.97,2.03,5397693.9452,3066957.41706,7712436.6199,3459548.74536,135385352.0963,1411.709,85759906.3909,886.345,135385352.0963,1411.709,85759906.3909,886.345
2025-02-07,96515,100112.4,95555,96454.5,21837475882.3714,7259457028,7728782288,7218579043,7329838750,0.007998,0.008797,-0.004102,-0.0041,0.008826,0.008826,0.001555,0.0016,0.007605,0.007878,-0.002502,-0.002419,66.39,33.61,1.98,67.0,33.0,2.03,67.33,32.67,2.06,7210685.51968,8881548.916,11251802.62318,10250131.1966,119152686.3988,1240.829,86336631.4576,890.813,119152686.3988,1240.829,86336631.4576,890.813
2025-02-08,96454.5,96850,95600,96411.9,6642968639.5064,7329838750,7458660323,7264042728,7351484739,-0.0041,0.00492,-0.004146,0.003883,0.0016,0.00682,-0.000904,0.000732,-0.002419,0.005076,-0.003585,0.001125,66.97,33.03,2.03,67.09,32.91,2.04,65.02,34.98,1.86,1545841.5739,2673102.03847,1681211.712,2820464.62647,94036260.2523,980.059,106351914.1753,1098.909,94036260.2523,980.059,106351914.1753,1098.909
2025-02-09,96412,97301.7,94650.1,96423.6,9736102711.9428,7351484739,7414882559,7114232446,7182502175,0.003883,0.01,0.000431,0.001783,0.000732,0.0076,-0.000176,0.00405,0.001125,0.006342,-0.000797,0.000084,65.97,34.03,1.94,66.26,33.74,1.96,65.45,34.55,1.89,4679127.3478,2953804.96932,5656740.7824,3108036.57892,129340819.0475,1347.919,121960511.795,1258.937,129340819.0475,1347.919,121960511.795,1258.937
2025-02-10,96423.6,98328,95200.1,97379.2,12909986454.2307,7182502175,7579233448,7080715578,7399869558,0.001783,0.01,0.001783,0.004218,0.00405,0.00955,0.003755,0.006452,0.000084,0.008836,0.000084,0.004245,66.98,33.02,2.03,67.91,32.09,2.12,66.84,33.16,2.02,2259353.07259,5241878.5881,2485951.85219,5417840.3962,97001993.0567,1010.145,125166669.9447,1292.775,97001993.0567,1010.145,125166669.9447,1292.775
2025-02-11,97379.2,98482.2,94814.3,95731.4,14974262586.5819,7399869558,7661292529,7348516892,7576319505,0.004218,0.01,-0.003056,0.001313,0.006452,0.008993,0.001861,0.006146,0.004245,0.008186,-0.001294,0.002411,61.34,38.66,1.59,62.94,37.06,1.7,67.11,32.89,2.04,4570456.76716,4407217.97464,7764534.14776,4706956.31824,116310627.1801,1200.006,121927365.495,1247.047,116310627.1801,1200.006,121927365.495,1247.047
2025-02-12,95731.4,98090.9,94003.9,97816.3,19439635274.015,7576319505,7717061402,7479590779,7666933517,0.001313,0.01,0.001126,0.01,0.006146,0.008544,0.001967,0.008496,0.002411,0.009497,0.002411,0.009391,69.75,30.25,2.31,70.42,29.58,2.38,65.71,34.29,1.92,4899504.35396,8906327.39993,8442759.08406,9806020.02093,122471300.2011,1285.358,99614882.5834,1036.227,122471300.2011,1285.358,99614882.5834,1036.227
2025-02-13,97816.3,98053.8,95160.1,96560.6,13671530353.1556,7666933517,7729907743,7476722989,7576350045,0.01,0.01,-0.00148,0.004144,0.008496,0.009145,0.001537,0.008823,0.009391,0.009521,0.000602,0.006185,59.64,40.36,1.48,60.48,39.52,1.53,66.73,33.27,2.01,4834007.43384,3543712.1352,5519080.15634,3731168.0458,121013173.0353,1242.282,172035844.2609,1750.816,121013173.0353,1242.282,172035844.2609,1750.816
2025-02-14,96560.6,98792.8,96225.7,97445.1,14050947379.4366,7576350045,7857813641,7461367040,7501470242,0.004144,0.009134,0.000038,0.000079,0.008823,0.008823,0.001101,0.002284,0.006185,0.007472,0.000319,0.002141,67.61,32.39,2.09,69.24,30.76,2.25,66.13,33.87,1.95,2950117.75243,7613162.69852,3719601.18683,8477100.32122,104659035.7254,1087.429,154031515.91,1587.352,104659035.7254,1087.429,154031515.91,1587.352
2025-02-15,97445.2,97941.2,97170,97538,4625304231.2128,7501470242,7552494451,7465798437,7498647106,0.000079,0.006239,-0.001415,0.00339,0.002284,0.008865,0.001284,0.006076,0.002141,0.006918,-0.000043,0.004433,58.74,41.26,1.42,60.81,39.19,1.55,65.55,34.45,1.9,650451.65424,753618.22862,657691.79394,780122.24282,112721683.9859,1162.103,132443039.3692,1353.598,112721683.9859,1162.103,132443039.3692,1353.598
2025-02-16,97538,97665.8,96002,96067,5495964821.8901,7498647106,7516391556,7296546520,7315171194,0.00339,0.006369,-0.000272,0.006279,0.006076,0.007793,0.000364,0.007025,0.004433,0.005283,0.001158,0.004654,59.17,40.83,1.45,61.53,38.47,1.6,65.5,34.5,1.9,2685092.21305,426111.91735,3463996.42975,498794.82835,159413339.7538,1641.534,150007982.7361,1531.085,159413339.7538,1641.534,150007982.7361,1531.085
2025-02-17,96067,97000,95150.6,95743.2,10136667892.9053,7315171194,7559531515,7305982312,7369358115,0.006279,0.009672,0.001467,0.009497,0.007025,0.008994,0.003851,0.008887,0.004654,0.006778,0.00132,0.006539,63.67,36.33,1.75,66.21,33.79,1.96,65.66,34.34,1.91,5261902.93812,1982883.73385,6754602.93602,2098067.26855,202765585.877,2120.447,88358644.5491,916.59,202765585.877,2120.447,88358644.5491,916.59
2025-02-18,95743.1,96737.3,93321.6,95622,17034409248.0165,7369358115,7958784535,7366018544,7840076395,0.009497,0.01,0.004659,0.007007,0.008887,0.010412,0.006418,0.008786,0.006539,0.00984,0.005125,0.007498,68.97,31.03,2.22,69.78,30.22,2.31,65.24,34.76,1.88,15592594.47581,2670240.74205,17942933.34581,3084624.72085,167775269.2199,1761.775,123805705.9032,1287.047,167775269.2199,1761.775,123805705.9032,1287.047
2025-02-19,95622,96878.7,95012.5,96598,11992472769.5479,7840076395,7840076395,7484200752,7506301101,0.007007,0.01,0.001881,0.00242,0.008786,0.009242,0.001216,0.004643,0.007498,0.009054,0.004851,0.005071,70.36,29.64,2.37,71.13,28.87,2.46,64.96,35.04,1.85,1593712.71295,2030209.97709,1711247.13135,2998371.59239,118702357.3049,1245.938,181760102.9571,1891.851,118702357.3049,1245.938,181760102.9571,1891.851
2025-02-20,96597.9,98662.1,96366,98252.9,12598925800.6449,7506301101,8153266336,7490641789,8096550252,0.00242,0.009702,0.000167,0.000167,0.004643,0.006891,-0.004171,-0.002861,0.005071,0.007641,0.000927,0.001866,61.32,38.68,1.59,63.26,36.74,1.72,66.83,33.17,2.02,1834003.83401,12269917.57452,1966877.85741,13047425.79762,118305968.8027,1229.953,196926338.4872,2028.493,118305968.8027,1229.953,196926338.4872,2028.493
2025-02-21,98252.8,99431.5,94830.4,96127.9,24420585833.3575,8096550252,8136232657,7551994901,7814287311,0.000167,0.01,-0.002079,0.01,-0.002861,0.024156,-0.006488,0.024055,0.001866,0.023914,0.00053,0.023054,51.52,48.48,1.06,54.55,45.45,1.2,63.22,36.78,1.72,18557616.20868,17157859.36957,24470103.41698,17661952.05417,173650931.7679,1777.083,241607135.9804,2446.433,173650931.7679,1777.083,241607135.9804,2446.433
2025-02-22,96128,96988,95701.9,96503.3,6345520284.0928,7814287311,7878554938,7679706930,7687611143,0.01,0.01,0.000281,0.004134,0.024055,0.024055,0.003339,0.004222,0.023054,0.023054,0.00442,0.005791,65.95,34.05,1.94,67.86,32.14,2.11,67.98,32.02,2.12,243247.66697,3846706.71322,251065.11507,3988816.05392,110563719.2153,1155.366,153358223.5212,1588.733,110563719.2153,1155.366,153358223.5212,1588.733
2025-02-23,96503.3,96602.9,95180.2,96218.4,6647362791.999,7687611143,7743348380,7642639586,7737751347,0.004134,0.004134,-0.003376,-0.003003,0.004222,0.008367,0.002246,0.00702,0.005791,0.008652,0.004069,0.005921,61.58,38.42,1.6,62.8,37.2,1.69,65.91,34.09,1.93,1639654.9554,1168675.90875,1780805.4176,1290704.81335,173837449.3829,1809.391,237769230.8095,2453.092,173837449.3829,1809.391,237769230.8095,2453.092
2025-02-24,96218.4,96470,91300,91514.5,20543193868.3188,7737751347,8370606504,7673369954,8255084417,-0.003003,0.01,-0.003003,0.01,0.00702,0.010355,0.004651,0.010213,0.005921,0.009949,0.003054,0.008379,66.71,33.29,2.0,67.79,32.21,2.11,63.82,36.18,1.76,21907676.64922,4294625.76658,39810654.47312,4449228.31258,110089486.3063,1148.847,255361727.5559,2641.831,110089486.3063,1148.847,255361727.5559,2641.831
2025-02-25,91514.5,92500,86020.4,88639.1,41894198096.4468,8255084417,8551089752,7446510725,7553633846,0.01,0.01,-0.004234,0.003619,0.010213,0.011928,0.002567,0.008225,0.008379,0.008911,0.000555,0.004945,72.08,27.92,2.58,73.92,26.08,2.83,62.71,37.29,1.68,49747414.91154,14194492.41232,75474115.00404,15168984.70852,206312863.8881,2265.517,106793665.6229,1163.413,206312863.8881,2265.517,106793665.6229,1163.413
2025-02-26,88639,89367.1,82222,84208.5,34536632820.5041,7553633846,7734068283,6819784500,6927335365,0.003619,0.01,0.000067,0.00928,0.008225,0.009521,0.003632,0.009521,0.004945,0.008525,0.002227,0.007947,74.63,25.37,2.94,75.26,24.74,3.04,65.15,34.85,1.87,15262529.16773,14885680.88237,29292520.50083,15470941.66347,114017890.0558,1290.887,124782332.4513,1403.24,114017890.0558,1290.887,124782332.4513,1403.24
2025-02-27,84208.6,87066,82667,84668.1,22931080203.5431,6927335365,7063672813,6770768705,6991385219,0.00928,0.01,-0.001842,0.009527,0.009521,0.012033,-0.001393,0.011809,0.007947,0.011852,0.000245,0.01121,73.87,26.13,2.83,76.26,23.74,3.21,67.45,32.55,2.07,9950292.40408,6952971.86304,14138476.81378,7729786.98564,90621103.7076,1079.659,84956556.3449,1004.864,90621103.7076,1079.659,84956556.3449,1004.864
2025-02-28,84668.2,85084.5,78200.2,84299.6,43686334220.8317,6991385219,7001169958,6429143586,6661811142,0.009527,0.01,-0.002339,0.000075,0.011809,0.01212,-0.006899,0.004875,0.01121,0.01121,-0.004516,0.002634,72.74,27.26,2.67,74.0,26.0,2.85,67.3,32.7,2.06,39070093.0779,15152328.46799,50734477.9806,19766127.66749,100332933.2114,1189.184,105082012.049,1236.297,100332933.2114,1189.184,105082012.049,1236.297
2025-03-01,84299.6,86516.5,83779,86007.7,12515888419.9825,6661811142,6972566812,6632005697,6750331536,0.000075,0.002544,-0.00703,-0.001084,0.004875,0.006179,-0.012713,0.001229,0.002634,0.004158,-0.004349,0.000442,64.22,35.78,1.8,67.57,32.43,2.08,66.11,33.89,1.95,4225434.90349,4881527.82394,4528225.35909,6408034.42234,99341362.8619,1182.758,102969029.673,1216.546,99341362.8619,1182.758,102969029.673,1216.546
2025-03-02,86007.7,94971,85015,94222.8,32943383217.4127,6750331536,7626822807,6678899879,7447068893,-0.001084,-0.000662,-0.009486,-0.005518,0.001229,0.002858,-0.004815,0.001244,0.000442,0.013921,-0.004372,0.000786,63.33,36.67,1.73,66.2,33.8,1.96,65.29,34.71,1.88,9181985.65489,51657829.55694,17392436.41909,59776438.56914,93345828.8349,1089.219,230247433.8276,2665.706,93345828.8349,1089.219,230247433.8276,2665.706
2025-03-03,94222,94373.4,85029,86192.7,39102397941.938,7447068893,7455348552,6093045347,6134507510,-0.005518,0.007972,-0.005561,-0.001628,0.001244,0.008903,-0.006085,0.004196,0.000786,0.008549,-0.00086,0.001487,56.01,43.99,1.27,58.17,41.83,1.39,64.21,35.79,1.79,25739197.88752,10062189.59054,38035039.35662,11643108.23704,110927226.1238,1181.68,138814576.0047,1466.032,110927226.1238,1181.68,138814576.0047,1466.032
2025-03-04,86193.3,88931,81200,87245.9,36590978123.3693,6134507510,6357878011,5781309212,5906389821,-0.001628,0.004061,-0.003972,0.004061,0.004196,0.005641,-0.001662,0.000852,0.001487,0.00377,-0.001873,0.001649,69.57,30.43,2.29,73.99,26.01,2.85,66.98,33.02,2.03,14684009.89754,15263712.69054,21273381.38444,18432963.30864,93935134.9857,1093.759,97739281.7614,1129.241,93935134.9857,1093.759,97739281.7614,1129.241
2025-03-05,87245.9,91000,86328,90566.1,24826680639.63,5906389821,6478801022,5873529959,6322424812,0.004061,0.008204,-0.001124,0.003527,0.000852,0.007158,-0.002592,0.002865,0.001649,0.006308,-0.000456,0.002972,63.88,36.12,1.77,66.41,33.59,1.98,66.5,33.5,1.99,11515775.45136,6751731.0958,13449054.26086,9442102.8788,100884622.6167,1160.908,95481971.5961,1090.756,100884622.6167,1160.908,95481971.5961,1090.756
2025-03-06,90566.1,92780.3,87790.5,89887.8,27350630394.2229,6322424812,6636825556,6083120781,6179785093,0.003527,0.009332,-0.000727,-0.00064,0.002865,0.007518,-0.004602,0.003619,0.002972,0.007787,-0.000907,0.000183,56.38,43.62,1.29,59.27,40.73,1.46,65.43,34.57,1.89,8085354.48932,6015504.32627,9649890.81342,8265198.12717,104917775.9906,1163.052,108703744.5622,1195.169,104917775.9906,1163.052,108703744.5622,1195.169
2025-03-07,89887.9,91257.7,84600,86753.8,39785178280.2979,6179785093,6310863756,5905231810,5995485224,-0.00064,0.01,-0.004846,0.005377,0.003619,0.009376,-0.002559,0.007541,0.000183,0.007883,-0.00494,0.005247,58.61,41.39,1.42,62.23,37.77,1.65,68.31,31.69,2.16,24529444.62762,15680668.96332,35066710.07132,17572827.16622,112970548.5912,1261.748,94531526.3059,1047.443,112970548.5912,1261.748,94531526.3059,1047.443
2025-03-08,86753.8,86876.5,85108,86184.7,8274045745.667,5995485224,6065978981,5860331566,5898080379,0.005377,0.005377,-0.003487,-0.002795,0.007541,0.007541,-0.002849,0.00052,0.005247,0.005408,-0.002435,-0.000488,68.42,31.58,2.17,71.07,28.93,2.46,67.67,32.33,2.09,2531344.69012,1672595.79759,3184040.00042,1794484.05219,112044597.4097,1296.934,99936256.6725,1148.29,112044597.4097,1296.934,99936256.6725,1148.29
2025-03-09,86184.7,86470.6,79933.4,80688.8,18439154205.8068,5898080379,6053995860,5630412332,5652933591,-0.002795,0.01,-0.002884,0.004087,0.00052,0.008476,-0.000497,0.001223,-0.000488,0.010611,-0.000488,0.000691,69.92,30.08,2.32,71.55,28.45,2.52,65.59,34.41,1.91,49202297.29103,3422097.72072,56573472.59823,5430171.66732,146020761.1899,1700.715,120709321.8078,1394.722,146020761.1899,1700.715,120709321.8078,1394.722
2025-03-10,80690.7,84031.5,77410.1,78567.8,33581989779.2252,5652933591,5831493326,5360567713,5469607904,0.004087,0.008547,-0.003773,0.004705,0.001223,0.007215,-0.003831,0.006716,0.000691,0.007454,-0.004154,0.005733,73.0,27.0,2.7,76.2,23.8,3.2,66.13,33.87,1.95,20216681.65974,11711550.98568,30438852.56114,15469763.99648,78028062.5847,971.046,80486381.1456,993.514,78028062.5847,971.046,80486381.1456,993.514
2025-03-11,78567.8,83600,76560,82896,31496848475.7824,5469607904,5952489201,5357444784,5800085200,0.004705,0.009335,-0.001049,0.000583,0.006716,0.008355,-0.000944,0.002312,0.005733,0.008194,-0.001249,0.001616,74.5,25.5,2.92,76.15,23.85,3.19,65.53,34.47,1.9,9809703.0028,9917456.40661,13046715.8742,13269657.55861,114960067.7467,1467.641,89943223.1395,1140.217,114960067.7467,1467.641,89943223.1395,1140.217
2025-03-12,82896,84487,80578.5,83640.7,25257033072.4846,5800085200,5961734598,5672040749,5767606735,0.000583,0.005941,-0.001668,0.000489,0.002312,0.007025,-0.003541,0.001753,0.001616,0.006759,-0.002432,0.00211,64.23,35.77,1.8,66.82,33.18,2.01,65.64,34.36,1.91,8580395.59661,9561419.51661,10623935.10681,11148705.58861,104946657.8858,1271.044,104663538.3422,1257.953,104946657.8858,1271.044,104663538.3422,1257.953
2025-03-13,83640.6,84307.1,79903.4,81085.4,20339080777.1366,5767606735,5953783745,5628462734,5839030498,0.000489,0.009285,0.000393,0.005389,0.001753,0.006077,0.00014,0.003453,0.00211,0.006515,0.000503,0.003217,64.81,35.19,1.84,67.93,32.07,2.12,65.98,34.02,1.94,7825055.16339,5254352.76085,19623889.29199,6386413.94845,105669261.9909,1268.339,156961376.4252,1868.087,105669261.9909,1268.339,156961376.4252,1868.087
2025-03-14,81085.5,85270.2,80772,83939.8,19480400183.0068,5839030498,6323577271,5777708069,6124357461,0.005389,0.005996,-0.006352,-0.006038,0.003453,0.006099,-0.006033,-0.001591,0.003217,0.006542,-0.00205,-0.001741,70.72,29.28,2.42,73.4,26.6,2.76,67.22,32.78,2.05,1837817.76553,5690890.81182,2678192.46263,7699784.16592,113903762.8805,1410.228,105139725.5641,1291.146,113903762.8805,1410.228,105139725.5641,1291.146
2025-03-15,83939.9,84625,83564.5,84302.9,6452002481.0053,6124357461,6181328105,5952478486,5953510252,-0.006038,0.002261,-0.007726,0.000405,-0.001591,0.004516,-0.003467,0.000076,-0.001741,0.00334,-0.002922,0.001962,54.94,45.06,1.22,57.79,42.21,1.37,63.86,36.14,1.77,909204.74367,1174338.1684,1168535.71847,1310851.1811,225633632.0376,2700.254,103752292.8961,1230.745,225633632.0376,2700.254,103752292.8961,1230.745
2025-03-16,84303,85136,81925.6,82541.6,14560228900.7553,5953510252,5998245359,5637348969,5656118158,0.000405,0.005794,0.000405,0.001068,0.000076,0.00591,-0.001816,0.000123,0.001962,0.004916,-0.000942,0.000007,57.02,42.98,1.33,59.99,40.01,1.5,63.48,36.52,1.74,15349254.40772,2706197.21533,17767367.29212,3316121.02463,159598528.7653,1902.512,127642702.0722,1507.683,159598528.7653,1902.512,127642702.0722,1507.683
2025-03-17,82541.6,84727.1,82384,83962.9,15243549303.2666,5656118158,6024674613,5655834240,5972266020,0.001068,0.008752,0.000459,0.000743,0.000123,0.006732,-0.002254,-0.002211,0.000007,0.007186,-0.000626,-0.000352,62.65,37.35,1.68,66.07,33.93,1.95,66.06,33.94,1.95,2954715.26689,4671507.72811,3869078.10749,5454454.96791,121792244.6885,1481.377,94708239.7105,1143.144,121792244.6885,1481.377,94708239.7105,1143.144
2025-03-18,83963,83979.8,81113.5,82666.1,15546964609.4973,5972266020,5973788703,5658302367,5825602284,0.000743,0.005462,-0.001224,0.00023,-0.002211,0.007606,-0.00365,0.003107,-0.000352,0.006087,-0.000912,0.001112,56.67,43.33,1.31,59.53,40.47,1.47,64.3,35.7,1.8,4161771.11257,3613837.33027,7684229.04037,4191226.97617,128247985.0454,1534.279,105977671.8426,1256.6,128247985.0454,1534.279,105977671.8426,1256.6
2025-03-19,82666.2,86990,82501.8,86809.8,21275855531.4486,5825602284,6611842545,5743544595,6611842545,0.00023,0.007636,-0.000586,0.00188,0.003107,0.004471,-0.00469,-0.000194,0.001112,0.005679,-0.00146,0.00155,67.89,32.11,2.11,69.6,30.4,2.29,66.22,33.78,1.96,2465662.07604,19409381.7871,3851098.58384,23573422.0656,98470266.9144,1195.659,133173918.6753,1604.519,98470266.9144,1195.659,133173918.6753,1604.519
2025-03-20,86809.9,87500,83613.6,84183.6,20707865625.7152,6611842545,6722224037,5926615398,5954313290,0.00188,0.00572,0.000105,0.001636,-0.000194,0.005994,-0.002197,0.005117,0.00155,0.006378,0.001064,0.003644,51.17,48.83,1.05,53.56,46.44,1.15,63.51,36.49,1.74,7657878.66926,3086203.54094,13590507.02596,4195120.10884,157251639.5572,1817.828,179733938.9121,2059.561,157251639.5572,1817.828,179733938.9121,2059.561
2025-03-21,84183.6,84813.6,83122,84050.3,12128213315.5817,5954313290,6047687691,5835459765,5944265988,0.001636,0.008204,0.001619,0.002833,0.005117,0.005651,-0.000454,0.001404,0.003644,0.005103,-0.00035,0.000732,62.16,37.84,1.64,66.16,33.84,1.96,67.18,32.82,2.05,2822986.49739,2135022.65648,4473306.30619,2610463.60738,133001316.0881,1586.854,130881409.9182,1547.822,133001316.0881,1586.854,130881409.9182,1547.822
2025-03-22,84050.3,84509,83589.5,83804.9,4391946161.3191,5944265988,6003342451,5873443987,5876917932,0.002833,0.006763,-0.002061,0.002127,0.001404,0.004019,-0.005446,0.00317,0.000732,0.003996,-0.001567,0.002628,61.11,38.89,1.57,63.66,36.34,1.75,65.67,34.33,1.91,855600.96103,887367.00696,1032424.16603,908680.68776,195645677.7469,2340.979,136383751.8845,1615.382,195645677.7469,2340.979,136383751.8845,1615.382
2025-03-23,83804.9,86110.9,83761.2,86044.2,7717257408.5065,5876917932,6267592236,5874662932,6267592236,0.002127,0.004302,-0.002403,0.002039,0.00317,0.003348,-0.004169,-0.00018,0.002628,0.002754,-0.001783,0.000873,60.78,39.22,1.55,63.62,36.38,1.75,65.73,34.27,1.92,370705.5335,4063371.38196,415714.4948,6064892.69386,191666509.4809,2297.889,137789389.9846,1637.481,191666509.4809,2297.889,137789389.9846,1637.481
2025-03-24,86044.1,88752,85478.3,87463.4,18432418487.9898,6267592236,7046038326,6259018062,6751667895,0.002039,0.009491,-0.007791,-0.000279,-0.00018,0.003467,-0.012139,-0.001713,0.000873,0.005613,-0.007793,-0.000759,54.38,45.62,1.19,56.31,43.69,1.29,64.22,35.78,1.8,7642019.18625,6465363.26302,9082454.93995,8178581.21002,124831077.487,1455.6,185567229.493,2149.125,124831077.487,1455.6,185567229.493,2149.125
2025-03-25,87463.4,88500,86260,87369.8,15155814025.3773,6751667895,6795793190,6450136358,6554757524,-0.000279,0.00355,-0.007456,-0.00299,-0.001713,0.005555,-0.010292,-0.003234,-0.000759,0.004616,-0.007315,-0.002243,45.11,54.89,0.82,48.66,51.34,0.95,61.69,38.31,1.61,2637422.94939,2754552.01564,4583308.64259,3474651.52424,144082635.9068,1654.511,117337738.9078,1336.943,144082635.9068,1654.511,117337738.9078,1336.943
2025-03-26,87369.9,88270.2,85816.3,86873.8,16361662860.0889,6554757524,6563440944,6061168375,6121103719,-0.00299,0.004906,-0.0032,0.003179,-0.003234,0.004622,-0.003873,0.002499,-0.002243,0.004603,-0.002243,0.00201,47.85,52.15,0.92,51.34,48.66,1.06,59.35,40.65,1.46,4138932.86118,2867834.60891,5159792.28148,3852682.37091,212725437.6109,2446.694,113539677.8622,1294.613,212725437.6109,2446.694,113539677.8622,1294.613
2025-03-27,86873.9,87722.4,85724.5,87191.2,14210148345.9687,6121103719,6298761353,6101130929,6167048650,0.003179,0.005838,-0.004394,0.001584,0.002499,0.002499,-0.004558,0.000446,0.00201,0.003363,-0.002133,0.001075,52.23,47.77,1.09,55.1,44.9,1.23,61.42,38.58,1.59,2524799.82127,3712499.1553,3012054.47137,5132968.9274,250651934.9979,2900.34,131465621.9455,1506.095,250651934.9979,2900.34,131465621.9455,1506.095
2025-03-28,87191.2,87470,83531.7,84380.8,18906011294.2896,6167048650,6270681052,6002469653,6231828129,0.001584,0.008983,-0.002368,0.005364,0.000446,0.009256,-0.003045,0.006974,0.001075,0.008468,-0.000853,0.005498,50.68,49.32,1.03,53.14,46.86,1.13,60.02,39.98,1.5,11888486.2032,3580919.287,15119167.6321,3795197.9296,184795269.6254,2129.611,154085531.2018,1758.373,184795269.6254,2129.611,154085531.2018,1758.373
2025-03-29,84380.8,84589.7,81601,82604.7,11234707987.3374,6231828129,6234641029,5782912854,5868502471,0.005364,0.01,-0.000036,0.000331,0.006974,0.007073,-0.000642,0.00369,0.005498,0.00666,-0.000028,0.002029,67.4,32.6,2.07,69.24,30.76,2.25,63.07,36.93,1.71,7034942.12488,2135486.97919,9837107.75988,2280308.89319,119668619.6496,1424.22,155499338.6287,1834.915,119668619.6496,1424.22,155499338.6287,1834.915
2025-03-30,82604.8,83490,81501.4,82352.8,9064722026.2689,5868502471,5943891436,5696174123,5757758152,0.000331,0.005597,-0.002126,0.002594,0.00369,0.005463,-0.002758,0.004139,0.002029,0.003957,-0.002463,0.002096,66.76,33.24,2.01,69.36,30.64,2.26,62.27,37.73,1.65,10682886.24332,3233961.58346,21206389.17272,3927524.10246,128203750.144,1558.165,156539795.0508,1887.248,128203750.144,1558.165,156539795.0508,1887.248
2025-03-31,82353.1,83895.8,81222,82517.5,17489658395.7987,5757758152,5928887260,5654162160,5680488279,0.002594,0.00809,-0.001625,0.003961,0.004139,0.006476,-0.00046,0.004835,0.002096,0.005525,-0.000965,0.003623,66.65,33.35,2.0,68.12,31.88,2.14,62.34,37.66,1.66,6559828.15474,5647071.79482,7869648.36064,6767686.56212,116645572.1233,1422.085,112275007.7398,1358.595,116645572.1233,1422.085,112275007.7398,1358.595
2025-04-01,82517.5,85595.5,82383.3,85120.9,16592790646.9595,5680488279,6122392243,5674956957,6089231603,0.003961,0.004722,-0.002943,-0.002112,0.004835,0.006791,-0.002998,-0.000308,0.003623,0.006483,-0.001121,0.000625,66.28,33.72,1.97,67.76,32.24,2.1,61.98,38.02,1.63,3042421.3124,5567346.94173,4224540.4223,7694170.32643,127201854.0063,1547.889,113019182.3021,1364.611,127201854.0063,1547.889,113019182.3021,1364.611
2025-04-02,85121,88500,82300,82485.1,29832722493.1588,6089231603,6469965222,5716609905,5762150398,-0.002112,0.005875,-0.003075,0.005862,-0.000308,0.006665,-0.009262,0.006665,0.000625,0.005394,-0.003045,0.005394,52.83,47.17,1.12,55.22,44.78,1.23,60.1,39.9,1.51,10339013.58914,8413359.34908,16760038.25764,17487625.42698,167706395.2489,1979.592,164845193.3117,1926.882,167706395.2489,1979.592,164845193.3117,1926.882
2025-04-03,82485.1,83889.2,81172.2,83181.5,19745575779.1128,5762150398,5964239759,5672863254,5950756575,0.005862,0.01,0.003149,0.004283,0.006665,0.010612,-0.000559,0.008403,0.005394,0.009793,0.00153,0.006016,59.58,40.42,1.47,62.62,37.38,1.68,61.33,38.67,1.59,4595295.37455,5055462.90304,7435480.60165,5830180.72634,170207921.168,2073.656,98599399.5966,1190.816,170207921.168,2073.656,98599399.5966,1190.816
2025-04-04,83181.7,84686.2,81624.6,83861.3,29383845902.268,5950756575,6217388043,5763940131,6107814798,0.004283,0.009886,0.00159,0.008556,0.008403,0.009284,-0.004077,0.009205,0.006016,0.009943,0.002586,0.009014,66.13,33.87,1.95,66.82,33.18,2.01,64.21,35.79,1.79,9194130.97929,7282693.29677,11116455.10069,9301924.47707,111490991.4746,1345.02,171131514.8292,2048.768,111490991.4746,1345.02,171131514.8292,2048.768
2025-04-05,83861.4,84244.5,82333.8,83506.1,8287351555.4536,6107814798,6214009266,5907020357,5911213774,0.008556,0.01,-0.003245,0.000221,0.009205,0.009531,0.002421,0.003796,0.009014,0.009841,0.003428,0.005455,54.76,45.24,1.21,57.5,42.5,1.35,63.08,36.92,1.71,2587258.38851,2226768.42705,3227863.18431,2521850.20845,106525050.1949,1275.266,141761104.9072,1683.496,106525050.1949,1275.266,141761104.9072,1683.496
2025-04-06,83506.1,83790.5,77111,78390,22571832586.5414,5911213774,6000575965,5635381486,5731436034,0.000221,0.006638,-0.005588,0.004857,0.003796,0.006564,-0.000106,0.00597,0.005455,0.008717,-0.001379,0.005705,61.8,38.2,1.62,64.0,36.0,1.78,64.59,35.41,1.82,12492492.65269,4073335.09022,24655516.90479,7111676.14462,94095099.8713,1131.17,142643157.2331,1701.126,94095099.8713,1131.17,142643157.2331,1701.126
2025-04-07,78390.1,81200,74457,79140,53936999370.2478,5731436034,5952484281,5425802597,5606359075,0.004857,0.009386,0.000617,0.004017,0.00597,0.006876,0.00008,0.002096,0.005705,0.007572,0.002065,0.002485,68.81,31.19,2.21,71.77,28.23,2.54,65.93,34.07,1.94,22803391.90739,24057044.31005,32919658.38429,34952875.61395,102893612.4184,1317.576,101531409.3154,1290.332,102893612.4184,1317.576,101531409.3154,1290.332
2025-04-08,79140.1,80832.1,76200.1,76297.9,25796580911.5206,5606359075,5801061360,5426281216,5595322681,0.004017,0.009932,0.002492,0.009568,0.002096,0.009173,0.002031,0.008991,0.002485,0.008694,0.001362,0.008291,61.68,38.32,1.61,63.53,36.47,1.74,64.21,35.79,1.79,9432804.41343,4820644.05448,13288337.85953,7756718.72748,101686166.3518,1290.026,87534966.0215,1102.249,101686166.3518,1290.026,87534966.0215,1102.249
2025-04-09,76298,83554.9,74578.5,82588,43883388288.8165,5595322681,6479567348,5514336858,6162676063,0.009568,0.01,-0.002652,0.007705,0.008991,0.012264,-0.00077,0.006996,0.008291,0.013794,-0.000365,0.007004,68.15,31.85,2.14,71.03,28.97,2.45,65.93,34.07,1.94,13048501.5067,14739667.18425,20812066.4552,23685873.84155,156164026.306,2054.535,102823426.3285,1342.242,156164026.306,2054.535,102823426.3285,1342.242
2025-04-10,82587.9,82706.9,78416,79560.2,23687400822.2654,6162676063,6169857999,5827087000,5851537825,0.007705,0.007844,-0.000992,0.002065,0.006996,0.008258,0.001314,0.001535,0.007004,0.008138,0.00059,0.001056,47.21,52.79,0.89,49.29,50.71,0.97,63.2,36.8,1.72,9882706.1885,3529897.95679,12337505.3146,4225028.19809,239837850.3581,2920.893,110882896.7463,1337.438,239837850.3581,2920.893,110882896.7463,1337.438
2025-04-11,79560.3,84300,78935.5,83378.3,24267535308.3406,5851537825,6708283091,5760054706,6519570992,0.002065,0.003893,-0.004566,0.003769,0.001535,0.006526,-0.006815,0.003678,0.001056,0.005967,-0.00164,0.004652,63.63,36.37,1.75,67.75,32.25,2.1,67.42,32.58,2.07,6870515.911,10378622.98917,7833095.2079,14679287.05047,148961134.4497,1881.924,102237737.9063,1279.678,148961134.4497,1881.924,102237737.9063,1279.678
2025-04-12,83378.3,85884.2,82756,85237.8,13313649313.3748,6519570992,6950400344,6407439754,6898980124,0.003769,0.00854,0.003367,0.005039,0.003678,0.005899,-0.002971,0.004224,0.004652,0.00737,0.001996,0.006961,43.81,56.19,0.78,46.66,53.34,0.88,62.94,37.06,1.7,1954879.70686,8837467.60168,2494443.45876,11303989.62798,152465902.5244,1836.405,120611241.3824,1440.174,152465902.5244,1836.405,120611241.3824,1440.174
2025-04-13,85237.9,86100,82991.5,83713.7,17457640897.3437,6898980124,7077364481,6455695948,6489472523,0.005039,0.01,0.004952,0.008113,0.004224,0.00834,0.000692,0.006083,0.006961,0.007609,0.004346,0.005048,42.43,57.57,0.74,44.98,55.02,0.82,63.15,36.85,1.71,5360675.08836,2641032.06562,7226004.57596,3820787.75732,130611404.5857,1538.58,183384887.5306,2138.458,130611404.5857,1538.58,183384887.5306,2138.458
2025-04-14,83713.8,85755,83630.9,84553.9,17726827388.2596,6489472523,6745474307,6398526549,6410420445,0.008113,0.01,-0.00212,-0.002089,0.006083,0.00727,-0.001512,-0.001258,0.005048,0.006303,-0.001096,-0.001049,48.85,51.15,0.96,53.56,46.44,1.15,66.83,33.17,2.02,3812496.32212,4297213.48529,4689686.62812,5676071.18139,120053509.5929,1440.806,128145103.1774,1524.557,120053509.5929,1440.806,128145103.1774,1524.557
2025-04-15,84553.9,86443,83560,83608.7,15699686343.8925,6410420445,7007362504,6401825632,6473056320,-0.002089,0.007983,-0.00251,0.002409,-0.001258,0.00668,-0.002421,0.003246,-0.001049,0.007264,-0.001986,0.001918,47.89,52.11,0.92,50.65,49.35,1.03,65.8,34.2,1.92,4048354.93516,2793050.18932,5124880.38826,4421122.39752,194473615.5191,2310.605,126799657.1809,1493.083,194473615.5191,2310.605,126799657.1809,1493.083
2025-04-16,83608.6,85493.5,83063.9,83990,17600464402.9336,6473056320,6773303764,6403454242,6410246733,0.002409,0.008603,-0.000479,0.001375,0.003246,0.00706,-0.003396,-0.000284,0.001918,0.006161,-0.000638,0.000411,50.95,49.05,1.04,53.74,46.26,1.16,65.36,34.64,1.89,6432279.76928,4596029.03049,9244948.95818,6181958.11899,349807758.2156,4199.023,104898503.3856,1249.892,349807758.2156,4199.023,104898503.3856,1249.892
2025-04-17,83990.1,85441.5,83700,84915,11925290725.7364,6410246733,6674892693,6403046530,6620903064,0.001375,0.00576,0.00112,0.001788,-0.000284,0.005262,-0.002006,-0.000594,0.000411,0.006339,0.000151,0.001188,49.52,50.48,0.98,51.81,48.19,1.08,64.96,35.04,1.85,4176367.57798,3571662.61338,4466412.22108,5041920.47808,349074405.3915,4170.833,130553350.9336,1548.428,349074405.3915,4170.833,130553350.9336,1548.428
2025-04-18,84914.9,85100,84260,84421,4669700868.8729,6620903064,6640560618,6425836357,6448449459,0.001788,0.007238,0.001613,0.00294,-0.000594,0.006754,-0.001765,0.00301,0.001188,0.00698,0.000565,0.0032,45.55,54.45,0.84,48.44,51.56,0.94,63.5,36.5,1.74,609550.62762,439200.91589,659079.08102,445320.26839,131834004.1029,1559.412,163229287.2439,1913.324,131834004.1029,1559.412,163229287.2439,1913.324
2025-04-19,84421,85600,84317.2,85046.9,6243854943.4304,6448449459,6852912081,6427691652,6730439300,0.00294,0.006323,-0.006419,-0.000245,0.00301,0.004705,-0.000556,0.004592,0.0032,0.005933,-0.000584,0.003183,50.03,49.97,1.0,52.66,47.34,1.11,63.82,36.18,1.76,313730.934,1755619.29931,363047.0684,2181076.06971,301695113.5186,3589.298,235239039.5703,2772.646,301695113.5186,3589.298,235239039.5703,2772.646
2025-04-20,85046.9,85283.6,83900,85138.8,7672458746.815,6730439300,6775114256,6483902043,6587523967,-0.000245,0.005727,-0.004549,0.005232,0.004592,0.005244,-0.003497,0.005244,0.003183,0.005521,-0.003688,0.005521,45.74,54.26,0.84,48.89,51.11,0.96,61.22,38.78,1.58,3266973.46883,2874029.63338,4325226.44453,9536083.33218,432883934.7194,5111.752,184890835.3949,2163.058,432883934.7194,5111.752,184890835.3949,2163.058
2025-04-21,85138.9,88418.2,85100,87466,23894438894.5722,6587523967,7602307516,6551609748,7175409145,0.005232,0.008513,-0.002094,0.007749,0.005244,0.007143,-0.012781,0.006796,0.005521,0.007217,-0.005241,0.006437,50.29,49.71,1.01,53.74,46.26,1.16,62.3,37.7,1.65,3929658.08474,7948962.5296,5005299.03954,13132781.1885,117283819.7676,1383.379,313041886.1093,3661.109,117283819.7676,1383.379,313041886.1093,3661.109
2025-04-22,87466.1,94142.5,87017.5,93404.9,30146809368.2928,7175409145,8286533709,7132335703,7895168264,0.007749,0.00792,-0.009019,-0.001389,0.006796,0.006796,-0.024164,-0.010044,0.006437,0.006437,-0.013395,-0.002261,42.57,57.43,0.74,45.99,54.01,0.85,61.44,38.56,1.59,3708002.72951,12276870.12308,4176253.58001,22832262.64838,123686062.4451,1419.486,187827864.7533,2137.488,123686062.4451,1419.486,187827864.7533,2137.488
2025-04-23,93404.9,94904.3,91898,93632.1,21736774105.8806,7895168264,8181477920,7559782274,7641278711,-0.001389,0.004625,-0.004202,-0.002671,-0.010044,0.005036,-0.010044,-0.005276,-0.002261,0.005934,-0.00503,-0.003251,37.64,62.36,0.6,39.46,60.54,0.65,57.85,42.15,1.37,7148031.986,10414159.37043,9437233.7547,13765479.36673,134725779.4857,1449.665,102539467.8847,1091.819,134725779.4857,1449.665,102539467.8847,1091.819
2025-04-24,93632.2,93980.6,91619,93931.6,14588602244.146,7641278711,7795241736,7545372359,7781189574,-0.002671,0.007844,-0.006934,-0.001853,-0.005276,0.008136,-0.005276,-0.000789,-0.003251,0.007359,-0.003251,0.001333,38.01,61.99,0.61,43.02,56.98,0.76,59.53,40.47,1.47,3218124.05549,6955179.91848,6004256.73649,8619414.94768,130807239.4789,1402.788,141074112.3144,1500.094,130807239.4789,1402.788,141074112.3144,1500.094
2025-04-25,93931.5,95769.6,92788,94591.8,18112343432.2731,7781189574,8282165399,7650442578,8132400956,-0.001853,0.006567,-0.012437,-0.010085,-0.000789,0.003402,-0.011519,-0.007955,0.001333,0.006901,-0.009642,-0.008039,39.32,60.68,0.65,43.63,56.37,0.77,58.25,41.75,1.4,3097165.42681,19298502.79282,4734126.97931,21233433.93302,130201428.4537,1391.97,180060064.2367,1909.468,130201428.4537,1391.97,180060064.2367,1909.468
2025-04-26,94591.9,95157.1,93833,94575.7,6847942242.633,8132400956,8150484964,7891620718,7935928615,-0.010085,0.004124,-0.010085,-0.001423,-0.007955,0.006153,-0.007955,-0.001721,-0.008039,0.006,-0.008039,-0.0009,36.65,63.35,0.58,40.38,59.62,0.68,56.6,43.4,1.3,1397828.6954,3668257.60553,1910517.4678,3853028.89113,157478834.7044,1671.877,306352517.75,3217.79,157478834.7044,1671.877,306352517.75,3217.79
2025-04-27,94575.7,95280.5,93547.3,93697.1,7889941766.7636,7935928615,8035224297,7846280969,7882093230,-0.001423,0.004919,-0.00334,0.000373,-0.001721,0.006008,-0.005169,0.003763,-0.0009,0.005259,-0.003233,0.002793,39.93,60.07,0.67,43.05,56.95,0.76,57.6,42.4,1.36,2178657.74945,1162006.0701,3126677.94865,1767121.5748,134440172.5984,1426.534,378052887.4644,3977.961,134440172.5984,1426.534,378052887.4644,3977.961
2025-04-28,93697,95578.8,92700,94969,18333664665.6735,7882093230,8116466367,7655392286,7776465824,0.000373,0.003389,-0.007926,-0.000742,0.003763,0.003763,-0.001139,0.00003,0.002793,0.003935,-0.002402,-0.001183,41.55,58.45,0.71,44.7,55.3,0.81,58.52,41.48,1.41,4452766.08784,5223629.88707,6140538.61924,7302087.44717,249758052.588,2675.652,131418022.9348,1396.392,249758052.588,2675.652,131418022.9348,1396.392
2025-04-29,94969,95426.4,93678.7,94200.1,14010721972.6859,7776465824,7950162092,7658165221,7718126182,-0.000742,0.003749,-0.005193,-0.005193,0.00003,0.005152,-0.006961,0.0004,-0.001183,0.003543,-0.003098,-0.002079,40.78,59.22,0.69,43.22,56.78,0.76,58.08,41.92,1.39,3602452.78285,2543304.89453,4299622.47075,3043471.22593,164179925.2383,1734.182,322692426.9543,3384.256,164179925.2383,1734.182,322692426.9543,3384.256
2025-04-30,94200.2,95186.5,92848.1,94125.1,16090857351.3478,7718126182,7848236843,7530937754,7534044464,-0.005193,0.004079,-0.005407,0.003498,0.0004,0.0057,-0.002614,0.003895,-0.002079,0.004662,-0.003133,0.003025,42.28,57.72,0.73,45.91,54.09,0.85,59.27,40.73,1.46,4115997.65312,10497361.07877,6275711.85742,12006568.02887,184229585.0774,1965.612,145427541.2931,1538.098,184229585.0774,1965.612,145427541.2931,1538.098
2025-05-01,94125.2,97388,94086.7,96423.3,17724494510.9612,7534044464,8560187276,7534044464,8290724588,0.003498,0.007861,-0.014469,-0.012285,0.003895,0.003895,-0.012351,-0.006298,0.003025,0.003928,-0.009729,-0.006529,43.67,56.33,0.78,46.69,53.31,0.88,59.16,40.84,1.45,1736425.18229,8122390.21111,2197296.50769,11386216.92301,192554169.8377,2056.264,249524489.6904,2635.482,192554169.8377,2056.264,249524489.6904,2635.482
2025-05-02,96423.2,97865.4,96283.1,96831.2,13503165472.6998,8290724588,8615238559,8287858164,8346105097,-0.012285,-0.005948,-0.012846,-0.005948,-0.006298,-0.000111,-0.012118,-0.004283,-0.006529,-0.002203,-0.00853,-0.004412,36.36,63.64,0.57,39.51,60.49,0.65,55.28,44.72,1.24,2318748.99314,4346716.51013,3487816.88474,5487184.84483,277677096.8952,2896.836,232139023.7177,2394.777,277677096.8952,2896.836,232139023.7177,2394.777
2025-05-03,96831.2,96868.4,95700,95803.3,6871322925.315,8346105097,8349943183,8017008274,8020495004,-0.005948,0.004116,-0.00647,0.000381,-0.004283,0.004908,-0.005477,0.002153,-0.004412,0.004197,-0.004412,0.001912,38.11,61.89,0.62,41.54,58.46,0.71,56.34,43.66,1.29,5860702.72477,751389.9203,7152258.27047,894637.4319,314135791.3684,3258.095,233215699.7612,2395.701,314135791.3684,3258.095,233215699.7612,2395.701
2025-05-04,95803.3,96266.6,94116.4,94230.2,8987964311.1942,8020495004,8029784011,7693860228,7706120691,0.000381,0.003969,-0.002889,-0.002458,0.002153,0.005946,-0.000414,-0.000175,0.001912,0.005083,-0.001371,-0.001131,41.62,58.38,0.71,44.93,55.07,0.82,56.54,43.46,1.3,4084738.28798,595755.42798,8522486.58598,681980.03058,278799887.067,2924.795,152663916.4622,1586.611,278799887.067,2924.795,152663916.4622,1586.611
2025-05-05,94230.2,95165.1,93445.1,94696.7,14600852881.6568,7706120691,7787195817,7491550079,7612431350,-0.002458,0.00564,-0.004687,0.002023,-0.000175,0.007208,-0.000458,0.001954,-0.001131,0.005547,-0.002305,0.001101,44.5,55.5,0.8,47.16,52.84,0.89,57.01,42.99,1.33,3820508.19057,4095962.50023,4752623.61787,5069305.81383,267151879.1549,2845.496,134512324.0413,1422.261,267151879.1549,2845.496,134512324.0413,1422.261
2025-05-06,94696.7,96879.5,93327,96798.9,16444004434.5963,7612431350,8024938398,7500613539,7988456061,0.002023,0.006256,-0.003908,0.001145,0.001954,0.00722,-0.003306,0.001288,0.001101,0.005782,-0.001845,0.000736,46.16,53.84,0.86,47.66,52.34,0.91,55.69,44.31,1.26,6487208.0874,5060299.36191,7740898.1411,9347288.09001,182898231.5656,1939.39,242088631.5479,2542.174,182898231.5656,1939.39,242088631.5479,2542.174
2025-05-07,96798.9,97700,95718.5,96988.4,17924829446.4053,7988456061,8091914769,7712122446,7898845960,0.001145,0.006416,-0.001259,0.002261,0.001288,0.005454,-0.005171,0.004228,0.000736,0.004233,-0.000554,0.002381,41.89,58.11,0.72,43.84,56.16,0.78,56.68,43.32,1.31,2764511.93754,5952258.24406,3422372.85674,8358063.05786,153952586.3639,1596.092,263557655.2535,2711.63,153952586.3639,1596.092,263557655.2535,2711.63
2025-05-08,96988.4,104305.3,96831.5,103228.1,31823529903.0971,7898845960,8557196995,7896350075,8207927808,0.002261,0.01,0.002261,0.01,0.004228,0.010923,-0.002142,0.010923,0.002381,0.010533,0.000758,0.010372,41.89,58.11,0.72,43.84,56.16,0.78,56.68,43.32,1.31,5080469.99728,30931070.30657,6718218.50338,55708943.22117,177634822.8917,1838.822,263408924.6295,2701.949,177634822.8917,1838.822,263408924.6295,2701.949
2025-05-09,103228,104373,102240,102941.9,17811540387.1947,8207927808,8463954222,8072749389,8077252469,0.01,0.01,0.003908,0.009657,0.010923,0.010923,0.002864,0.007239,0.010372,0.010566,0.003275,0.006827,36.88,63.12,0.58,38.91,61.09,0.64,60.53,39.47,1.53,3763949.8056,7174502.76361,4765401.0975,8273450.59041,248281986.1723,2417.024,193391769.0055,1865.847,248281986.1723,2417.024,193391769.0055,1865.847
2025-05-10,102941.8,105000.1,102784,104788.8,10820176486.924,8077252469,8415588981,8050436014,8377772124,0.009657,0.01,0.003973,0.01,0.007239,0.009606,0.004741,0.009606,0.006827,0.009828,0.006506,0.009507,37.59,62.41,0.6,43.2,56.8,0.76,63.19,36.81,1.72,847727.37676,7797231.19055,1115940.23406,9938077.63865,173804865.8987,1696.103,153776324.9882,1487.352,173804865.8987,1696.103,153776324.9882,1487.352
2025-05-11,104788.8,104950,103283.3,104072.7,14486090953.6169,8377772124,8616007052,8118994821,8463212801,0.01,0.01,0.004122,0.004454,0.009606,0.012878,0.005817,0.008165,0.009507,0.011187,0.005576,0.007421,38.48,61.52,0.63,42.49,57.51,0.74,62.14,37.86,1.64,5458146.75871,2817144.51654,6070114.41511,3218951.20634,172147461.1044,1650.303,179629171.9483,1706.877,172147461.1044,1650.303,179629171.9483,1706.877
2025-05-12,104072.7,105863.1,100678,102739.3,26551539504.5857,8463212801,8877740954,8241070905,8385378345,0.004454,0.01,0.001877,0.006916,0.008165,0.011554,0.004727,0.008203,0.007421,0.013121,0.004729,0.00729,38.19,61.81,0.62,43.65,56.35,0.78,62.62,37.38,1.68,10657640.78528,6517395.24252,16676482.17948,8360318.90022,219820760.132,2122.049,195077300.7155,1865.34,219820760.132,2122.049,195077300.7155,1865.34
2025-05-13,102739.2,104949.2,101400,104082,16783130893.6662,8385378345,8762987547,8277669491,8562726846,0.006916,0.01,0.006565,0.009936,0.008203,0.008827,0.003544,0.007511,0.00729,0.0088,0.005366,0.008135,44.63,55.37,0.81,48.26,51.74,0.93,61.5,38.5,1.6,2315900.51955,6057205.24788,3406003.78705,13951596.48278,169898589.2992,1660.973,168953309.5226,1637.133,169898589.2992,1660.973,168953309.5226,1637.133
2025-05-14,104082,104319,102536,103458.1,13068554357.2003,8562726846,8562726846,8244045094,8300010758,0.009936,0.01,0.001398,0.002999,0.007511,0.009743,-0.00005,0.002523,0.008135,0.009757,0.002424,0.002424,40.5,59.5,0.68,44.38,55.62,0.8,62.0,38.0,1.63,4005158.77882,3583002.88283,4914190.76452,3744027.58573,204507795.6434,1973.499,205182279.9909,1961.166,204507795.6434,1973.499,205182279.9909,1961.166
2025-05-15,103458.1,104162.8,101270.8,103714.5,18109744728.4095,8300010758,8421089212,8185341353,8248974138,0.002999,0.0067,0.000125,0.004479,0.002523,0.006615,-0.000548,0.003271,0.002424,0.007195,0.001273,0.004638,42.8,57.2,0.75,47.2,52.8,0.89,61.8,38.2,1.62,9592428.29939,4907391.10743,11803724.10409,5913907.24053,191576577.1209,1859.978,205045741.1192,1973.095,191576577.1209,1859.978,205045741.1192,1973.095
2025-05-16,103714.2,104524.2,103062.3,103412.2,11989913630.0898,8248974138,8495241571,8243915391,8300161166,0.004479,0.01,0.002743,0.002821,0.003271,0.006527,0.000645,0.003692,0.004638,0.007253,0.003168,0.003231,43.24,56.76,0.76,47.26,52.74,0.9,61.76,38.24,1.62,1933213.91753,2883887.07993,2309345.97153,3860372.51893,153656410.3321,1487.487,383282379.5344,3679.838,153656410.3321,1487.487,383282379.5344,3679.838
2025-05-17,103412.2,103658,102541.6,103079.6,9315954491.0205,8300161166,8308605236,8082849272,8099788543,0.002821,0.007176,-0.000634,0.00678,0.003692,0.007667,-0.001074,0.007483,0.003231,0.007302,0.000778,0.007267,40.82,59.18,0.69,45.0,55.0,0.82,61.31,38.69,1.59,3449446.62559,952787.0466,4768039.52099,1065057.2865,327835729.2758,3181.506,173808836.8157,1673.472,327835729.2758,3181.506,173808836.8157,1673.472
2025-05-18,103079.5,106629.8,103052.2,106407.6,18124001650.627,8099788543,8983112581,8097471063,8616859774,0.00678,0.01,0.004426,0.005987,0.007483,0.00924,0.004472,0.007624,0.007267,0.010197,0.006442,0.007447,42.87,57.13,0.75,45.6,54.4,0.84,60.75,39.25,1.55,4574881.4104,10843242.90574,5820312.6316,15112379.29914,246790890.6386,2405.123,262496641.7398,2532.088,246790890.6386,2405.123,262496641.7398,2532.088
2025-05-19,106407.5,107114.3,102038.8,105531.6,26840364600.388,8616859774,8747324291,7998174511,8689836361,0.005987,0.01,0.001393,0.008348,0.007624,0.009957,-0.001198,0.005041,0.007447,0.009642,0.001905,0.006796,38.7,61.3,0.63,42.62,57.38,0.74,60.79,39.21,1.55,6171777.68083,5197741.63681,9203660.38793,8601673.71571,188298085.339,1775.688,218574701.5884,2043.471,188298085.339,1775.688,218574701.5884,2043.471
2025-05-20,105531.5,107292.5,104115.2,106800.1,23923946828.8378,8689836361,8954551418,8477809371,8951057745,0.008348,0.01,0.000412,0.008767,0.005041,0.008524,-0.002426,0.004935,0.006796,0.009454,0.001433,0.00644,37.68,62.32,0.61,42.65,57.35,0.74,62.11,37.89,1.64,4104613.32086,8109739.87049,4956920.95676,10388072.90749,230466364.1638,2195.29,329695903.5552,3109.747,230466364.1638,2195.29,329695903.5552,3109.747
2025-05-21,106800,110830,106037.9,109609.5,44572816208.2236,8951057745,9638392712,8938854063,9534142742,0.008767,0.009944,0.004474,0.009944,0.004935,0.018085,-0.000664,0.018085,0.00644,0.015882,0.001778,0.015882,34.37,65.63,0.52,39.69,60.31,0.66,60.53,39.47,1.53,5270919.30426,13232991.45712,8041842.64876,21640546.13832,210220080.1155,1979.258,264302034.8443,2462.299,210220080.1155,1979.258,264302034.8443,2462.299
2025-05-22,109609.6,111959.5,109153.4,111662.7,26884023857.2135,9534142742,10187428846,9534142742,9829465278,0.009944,0.01,0.00886,0.009272,0.018085,0.022223,0.005829,0.010486,0.015882,0.019098,0.007645,0.009707,33.07,66.93,0.49,38.05,61.95,0.61,62.15,37.85,1.64,2438528.67645,8741835.44465,3116225.30335,12284369.17525,171581311.2036,1572.266,180004753.4952,1635.2,171581311.2036,1572.266,180004753.4952,1635.2
2025-05-23,111662.6,111770.4,106721.9,107271.5,30543289606.113,9829465278,9885462727,8984750529,9015465357,0.009272,0.01,0.00271,0.003524,0.010486,0.019255,0.003764,0.004755,0.009707,0.012317,0.003564,0.004206,31.7,68.3,0.46,36.73,63.27,0.58,61.66,38.34,1.61,12375822.97344,6080619.45887,22297752.20514,8819656.07977,226186173.5063,2033.429,279721511.0708,2494.63,226186173.5063,2033.429,279721511.0708,2494.63
2025-05-24,107271.6,109440.2,106836,107698.9,17894856805.4867,9015465357,9336469635,8980919962,9291630503,0.003524,0.01,0.003524,0.009794,0.004755,0.009145,-0.000377,0.004521,0.004206,0.009448,-0.00117,0.004112,41.58,58.42,0.71,47.86,52.14,0.92,62.61,37.39,1.68,2015220.95199,2724473.19065,2500653.56159,3801616.88585,210567558.6658,1973.73,162844076.9803,1511.934,210567558.6658,1973.73,162844076.9803,1511.934
2025-05-25,107699,109285.1,106497,108955.9,17158858363.842,9291630503,9627370241,9237667571,9583456729,0.009794,0.009794,0.002213,0.007331,0.004521,0.008597,0.000401,0.007836,0.004112,0.008797,-0.000145,0.007553,41.55,58.45,0.71,43.93,56.07,0.78,60.89,39.11,1.56,2585196.00482,4766421.27631,3809470.45292,7235835.53411,257668356.5211,2403.687,184945684.3927,1710.787,257668356.5211,2403.687,184945684.3927,1710.787
2025-05-26,108956,110400,108616.6,109386.8,16103265896.3352,9583456729,10153828476,9549528476,9863222236,0.007331,0.01,0.006427,0.00765,0.007836,0.011073,0.004159,0.009673,0.007553,0.010891,0.005718,0.009064,42.82,57.18,0.75,44.94,55.06,0.82,59.24,40.76,1.45,1075378.48788,3268462.41048,1408168.26008,3984543.42308,193285902.6648,1781.844,239218026.9461,2184.271,193285902.6648,1781.844,239218026.9461,2184.271
2025-05-27,109386.8,110700,107438,108889.3,24452764564.3356,9863222236,9992933455,9452381631,9452381631,0.00765,0.009117,0.002435,0.003295,0.009673,0.009673,0.000563,0.002617,0.009064,0.009437,0.002206,0.002981,37.81,62.19,0.61,41.93,58.07,0.72,58.81,41.19,1.43,8093544.97844,7104010.33516,19173553.61544,8319646.53376,233119314.26,2140.888,238517398.9033,2170.296,233119314.26,2140.888,238517398.9033,2170.296
2025-05-28,108889.2,109252.6,106723.9,107723.1,17119394922.3837,9452381631,9567760086,9308445032,9395605550,0.003295,0.006841,0.001813,0.003248,0.002617,0.008361,0.000842,0.006068,0.002981,0.008275,0.00095,0.004717,39.33,60.67,0.65,43.53,56.47,0.77,59.7,40.3,1.48,4459312.75737,1707766.7574,6281279.73547,1816595.0785,272686471.0384,2515.907,203243697.2666,1858.584,272686471.0384,2515.907,203243697.2666,1858.584
2025-05-29,107723.1,108860,105054.2,105539.9,22850237379.8395,9395605550,9466315033,9008032828,9039688908,0.003248,0.01,-0.000302,0.002622,0.006068,0.012059,0.002103,0.006947,0.004717,0.011112,0.002382,0.006152,51.27,48.73,1.05,52.72,47.28,1.12,58.76,41.24,1.43,6569616.85987,3303954.78251,21085347.41247,3763019.87461,225497700.2819,2102.898,251981518.6883,2328.58,225497700.2819,2102.898,251981518.6883,2328.58
2025-05-30,105539.9,106266,103555,103950,23083169198.2208,9039688908,9098447304,8525662848,8565584884,0.002622,0.01,0.00159,0.00852,0.006947,0.009643,0.003315,0.007465,0.006152,0.009555,0.002261,0.007573,54.28,45.72,1.19,55.49,44.51,1.25,60.15,39.85,1.51,17349493.70441,3632251.81392,30703852.71271,4315435.58412,275500218.3549,2624.374,186452279.4316,1759.367,275500218.3549,2624.374,186452279.4316,1759.367
2025-05-31,103949.9,104859.3,103032.1,104544.7,10771230909.191,8565584884,8771178711,8522215470,8734637871,0.00852,0.01,-0.000568,-0.000568,0.007465,0.007963,0.002427,0.005042,0.007573,0.00862,0.002666,0.002666,54.61,45.39,1.2,56.62,43.38,1.31,61.07,38.93,1.57,9726908.3059,3518805.73112,12128786.1541,3859279.52372,348657248.9972,3372.734,197066131.3318,1887.604,348657248.9972,3372.734,197066131.3318,1887.604
2025-06-01,104544.6,105823.6,103704.1,105583.3,10148682288.4762,8734637871,8768042370,8627636030,8743684151,-0.000568,0.005806,-0.000797,-0.000642,0.005042,0.007452,0.000511,0.003795,0.002666,0.006276,0.001391,0.001711,54.35,45.65,1.19,55.29,44.71,1.24,61.02,38.98,1.57,1895027.40603,3809223.56507,2272452.73903,4388655.36757,244832482.6132,2353.305,254003757.5078,2418.252,244832482.6132,2353.305,254003757.5078,2418.252
2025-06-02,105583.3,105900,103600.6,105814.3,16568570236.6387,8743684151,8851639846,8464904853,8675479705,-0.000642,0.006307,-0.000642,0.005005,0.003795,0.009,0.002153,0.0038,0.001711,0.007475,0.001225,0.004007,53.19,46.81,1.14,54.82,45.18,1.21,60.49,39.51,1.53,2432635.47472,4147994.09747,3405111.86772,5434493.99357,194185721.2136,1847.624,291517915.2317,2747.865,194185721.2136,1847.624,291517915.2317,2747.865
2025-06-03,105814.4,106775,104822.4,105330.1,14728115908.7851,8675479705,8993832571,8464846453,8688092912,0.005005,0.008324,-0.000118,-0.000011,0.0038,0.008192,-0.006734,0.00156,0.004007,0.007818,-0.002133,0.000785,51.73,48.27,1.07,54.66,45.34,1.21,60.05,39.95,1.5,3346343.3667,3057479.60749,4183973.6348,4442069.56069,191572314.7944,1817.432,297433250.217,2798.28,191572314.7944,1817.432,297433250.217,2798.28
2025-06-04,105330.1,105967.2,104111.7,104641.8,12459563151.8403,8688092912,8805988417,8437140569,8453893405,-0.000011,0.005394,-0.000011,0.000059,0.00156,0.006447,-0.000499,0.001989,0.000785,0.005737,-0.000586,0.001232,47.94,52.06,0.92,51.74,48.26,1.07,58.92,41.08,1.43,3131395.5834,2284164.43914,7337674.1018,2586080.46864,355622054.9314,3389.766,185188541.3255,1751.012,355622054.9314,3389.766,185188541.3255,1751.012
2025-06-05,104641.8,105878.3,100700,101458.6,28001993693.3401,8453893405,8677128200,8143966934,8344779915,0.000059,0.008013,-0.003466,-0.003466,0.001989,0.007313,0.000571,0.004145,0.001232,0.006887,0.000539,0.001493,50.78,49.22,1.03,52.76,47.24,1.12,58.37,41.63,1.4,12714005.27706,12156015.80882,27533057.45316,13169620.00222,303986726.4323,2919.683,197723049.1264,1881.267,303986726.4323,2919.683,197723049.1264,1881.267
2025-06-06,101458.7,105283,101127.5,104240,17821182916.3924,8344779915,9040629499,8311800800,8819234807,-0.003466,-0.000581,-0.004632,-0.002867,0.004145,0.004145,-0.009592,-0.002151,0.001493,0.002422,-0.006678,-0.001684,58.79,41.21,1.43,60.38,39.62,1.52,58.59,41.41,1.42,1913580.99089,6484944.08753,2281197.24489,8633467.33333,195761219.7314,1937.759,196143291.2396,1924.84,195761219.7314,1937.759,196143291.2396,1924.84
2025-06-07,104240.1,105878.3,103800.1,105507.5,8393331490.526,8819234807,8820490982,8692838159,8778656988,-0.002867,0.007738,-0.006507,0.004839,-0.002151,0.002857,-0.006437,0.00083,-0.001684,0.005046,-0.003582,0.002269,42.36,57.64,0.74,45.94,54.06,0.85,56.27,43.73,1.29,176718.0937,2619765.46047,302866.0181,3321648.28697,279946827.2582,2697.648,217840886.1682,2080.747,279946827.2582,2697.648,217840886.1682,2080.747
2025-06-08,105507.5,106482.6,104927.4,105676.5,7939013396.4349,8778656988,8899881936,8709833404,8719301439,0.004839,0.008131,-0.00467,-0.002183,0.00083,0.006037,-0.007484,-0.005645,0.002269,0.006863,-0.00373,-0.002553,40.55,59.45,0.68,45.32,54.68,0.83,57.09,42.91,1.33,1019908.1938,1952942.039,1181444.9102,2275369.7141,239326851.0002,2278.858,401513636.2636,3783.695,239326851.0002,2278.858,401513636.2636,3783.695
2025-06-09,105676.5,110653.6,105253.2,110227.9,20800382024.1447,8719301439,9524358651,8593366571,9524358651,-0.002183,0.008109,-0.004479,0.006374,-0.005645,0.005132,-0.00584,0.001674,-0.002553,0.005291,-0.003431,0.004541,40.03,59.97,0.67,45.79,54.21,0.85,57.34,42.66,1.34,1185184.36018,12053234.81606,1887578.49638,16519869.14726,311755665.7611,2964.408,258267799.3571,2430.866,311755665.7611,2964.408,258267799.3571,2430.866
2025-06-10,110228,110367.2,108282,110235.4,16647654303.5421,9524358651,9524358651,9156709808,9313965874,0.006374,0.01,0.006274,0.008779,0.001674,0.010901,0.001674,0.007527,0.004541,0.010734,0.004541,0.007768,34.0,66.0,0.52,38.59,61.41,0.63,58.25,41.75,1.4,12721982.90624,7006108.48722,14531055.54174,8591688.22412,255681406.8286,2329.207,273499049.4754,2470.049,255681406.8286,2329.207,273499049.4754,2470.049
2025-06-11,110235.4,110350,108001.2,108600,14691641846.5674,9313965874,9437694807,8923740425,8936030454,0.008779,0.01,-0.000188,0.001815,0.007527,0.00966,0.004184,0.006176,0.007768,0.009805,0.003742,0.005107,34.58,65.42,0.53,42.44,57.56,0.74,61.72,38.28,1.61,4452152.60753,3141646.16085,6836992.59763,3552489.18205,174014856.5407,1585.027,286651334.9432,2588.705,174014856.5407,1585.027,286651334.9432,2588.705
2025-06-12,108600.1,108782.1,105602,105609.5,19916210496.3103,8936030454,8984952667,8352645885,8390935534,0.001815,0.01,-0.001725,-0.001725,0.006176,0.009462,0.00132,0.001859,0.005107,0.009092,0.000709,0.000709,38.09,61.91,0.62,45.28,54.72,0.83,61.27,38.73,1.58,214315820.63837,2389478.17495,220672185.54777,2695230.09135,251258432.7322,2323.873,223293388.9768,2047.707,251258432.7322,2323.873,223293388.9768,2047.707
2025-06-13,105609.4,106141.1,102614,106027.3,25704800982.5724,8390935534,8399404652,7922894418,8322860830,-0.001725,0.004298,-0.004696,0.001881,0.001859,0.005423,-0.001955,0.001729,0.000709,0.003843,-0.002021,0.002314,48.31,51.69,0.94,52.28,47.72,1.1,60.78,39.22,1.55,12692634.49831,9516065.92243,23284371.76841,18557175.76183,330969474.8219,3146.412,179741787.6745,1695.333,330969474.8219,3146.412,179741787.6745,1695.333
2025-06-14,106027.4,106173.6,104225.4,105359.9,8391662041.9322,8322860830,8356826417,8080526572,8239832578,0.001881,0.005174,-0.003626,-0.003609,0.001729,0.00465,-0.001443,0.002613,0.002314,0.005871,-0.00015,-0.00015,46.06,53.94,0.85,48.08,51.92,0.93,59.79,40.21,1.49,1596698.86024,916471.80346,2707763.65904,1835907.95336,203658542.7287,1928.366,303179992.9201,2847.237,203658542.7287,1928.366,303179992.9201,2847.237
2025-06-15,105359.8,106099.4,104399.9,105534.6,8299752647.8676,8239832578,8393322577,8219967894,8297975049,-0.003609,0.009017,-0.003672,0.000936,0.002613,0.009628,-0.001561,0.005801,-0.00015,0.00805,-0.002456,0.004096,46.81,53.19,0.88,50.2,49.8,1.01,59.86,40.14,1.49,1353590.05658,3304560.69018,1727017.18358,3776574.97818,189739835.9338,1807.96,264670517.4534,2501.229,189739835.9338,1807.96,264670517.4534,2501.229
2025-06-16,105534.7,108900,104920,106750.1,17887189327.4447,8297975049,8838282646,8234469451,8320219064,0.000936,0.006411,-0.000381,0.001847,0.005801,0.007107,-0.001705,-0.000713,0.004096,0.00809,-0.000049,0.001771,46.86,53.14,0.88,49.19,50.81,0.97,60.54,39.46,1.53,2446734.95622,8200479.43818,2943969.86602,13161178.81718,178261529.207,1696.432,273326538.4897,2578.049,178261529.207,1696.432,273326538.4897,2578.049
2025-06-17,106750.1,107727.4,103300,104508,23807783034.322,8320219064,8320219064,7969639665,8000078308,0.001847,0.006764,-0.002392,-0.001724,-0.000713,0.007729,-0.000713,0.0025,0.001771,0.007592,-0.000131,0.000671,37.37,62.63,0.6,41.8,58.2,0.72,60.16,39.84,1.51,12521770.09239,3805988.04291,16410923.98249,4258561.94431,301883083.6588,2842.761,150780294.0951,1406.872,301883083.6588,2842.761,150780294.0951,1406.872
2025-06-18,104508,105500,103426.1,104832.8,18047381456.1123,8000078308,8189160214,7937559241,8018512848,-0.001724,0.007063,-0.002225,0.000811,0.0025,0.007448,0.000281,0.003162,0.000671,0.006574,-0.000528,0.001448,53.56,46.44,1.15,55.2,44.8,1.23,60.07,39.93,1.5,5608378.40714,5207294.41153,7480379.27674,6183320.67733,207279182.7098,1991.585,213844039.545,2036.959,207279182.7098,1991.585,213844039.545,2036.959
2025-06-19,104832.8,105185.7,103870.3,104607.1,9167425513.102,8018512848,8158295174,8009447914,8137560375,0.000811,0.004749,-0.000646,0.003591,0.003162,0.007465,0.000547,0.006562,0.001448,0.006731,0.000759,0.005109,50.86,49.14,1.04,52.28,47.72,1.1,60.16,39.84,1.51,1968019.19186,1858119.80002,2319706.43296,2317166.99042,186192141.2961,1783.861,226591121.699,2151.891,186192141.2961,1783.861,226591121.699,2151.891
2025-06-20,104607.1,106486.2,102255.3,103246.1,20795542053.5864,8137560375,8448891214,7949645104,8001950424,0.003591,0.01,0.000288,0.003999,0.006562,0.008214,0.00272,0.00595,0.005109,0.007681,0.002573,0.003884,50.92,49.08,1.04,52.1,47.9,1.09,59.76,40.24,1.49,11458574.39992,4242004.4517,19622721.35122,5574788.466,263451906.835,2531.803,245245925.7737,2334.136,263451906.835,2531.803,245245925.7737,2334.136
2025-06-21,103246.1,103940.6,100789.9,102079.8,12390154142.764,8001950424,8075180558,7551373107,7701234061,0.003999,0.009737,0.001411,0.00291,0.00595,0.007411,0.000811,0.005832,0.003884,0.006928,-0.000097,0.004079,56.07,43.93,1.28,56.14,43.86,1.28,60.78,39.22,1.55,7909271.4186,2995641.49697,10910024.6052,3660968.20737,215342423.6728,2096.01,201672040.8305,1945.388,215342423.6728,2096.01,201672040.8305,1945.388
2025-06-22,102079.8,103362.6,98115.4,100904.7,29529519328.6779,7701234061,7991637633,7609874130,7939315391,0.00291,0.01,-0.002129,-0.001103,0.005832,0.008416,-0.001498,0.000942,0.004079,0.007905,-0.000411,-0.000277,54.92,45.08,1.22,55.54,44.46,1.25,59.98,40.02,1.5,10868438.58911,8378280.12102,21279755.54281,9671624.55112,123928756.2947,1219.012,146198325.5638,1426.092,123928756.2947,1219.012,146198325.5638,1426.092
2025-06-23,100904.7,106050,99547.6,105290.9,30423916635.1114,7939315391,8034904500,7589158637,7644900072,-0.001103,0.008839,-0.004127,0.001308,0.000942,0.005631,-0.003126,0.000424,-0.000277,0.006171,-0.00312,0.000956,54.55,45.45,1.2,56.25,43.75,1.29,59.99,40.01,1.5,5405996.3806,19724239.76733,7571269.5912,27528414.28563,169451489.8748,1686.005,200234291.7503,1975.968,169451489.8748,1686.005,200234291.7503,1975.968
2025-06-24,105291,106239,104570.8,106034.9,15211143362.6434,7644900072,7999175516,7629573458,7999175516,0.001308,0.00516,-0.003842,-0.003199,0.000424,0.005254,-0.001973,-0.0009,0.000956,0.005546,-0.003142,-0.00192,43.57,56.43,0.77,45.74,54.26,0.84,59.75,40.25,1.48,4231231.98133,3996420.25706,4676036.49703,4625849.33846,194577517.1611,1855.364,205196772.6464,1939.938,194577517.1611,1855.364,205196772.6464,1939.938
2025-06-25,106034.9,108095.7,105755.6,107280,17055568908.2421,7999175516,8370375180,7999175516,8220236988,-0.003199,0.004951,-0.004054,0.00013,-0.0009,0.004475,-0.006403,-0.003021,-0.00192,0.004748,-0.005146,-0.002545,39.88,60.12,0.66,44.86,55.14,0.81,58.69,41.31,1.42,2226746.26286,6286849.77298,2784743.83306,10534128.66688,215323832.9958,2039.6,361489522.3166,3396.483,215323832.9958,2039.6,361489522.3166,3396.483
2025-06-26,107280.1,108249.9,106500,106913.7,12286991547.6236,8220236988,8487402979,8220236988,8307570873,0.00013,0.004223,-0.003382,0.001103,-0.003021,0.004684,-0.007001,-0.001496,-0.002545,0.005076,-0.005568,0.000038,34.49,65.51,0.53,39.9,60.1,0.66,58.43,41.57,1.41,2531896.39285,4688440.3198,2968198.07735,6324571.926,263561239.7118,2467.378,252512705.9076,2342.665,263561239.7118,2467.378,252512705.9076,2342.665
2025-06-27,106913.8,107686,106313.1,107010.7,12684862763.3082,8307570873,8358964439,8042855277,8059810015,0.001103,0.004154,-0.003242,-0.00118,-0.001496,0.004906,-0.004545,-0.000967,0.000038,0.00561,-0.00265,-0.001367,34.97,65.03,0.54,40.85,59.15,0.69,59.24,40.76,1.45,2531524.70739,2135764.71113,3389213.94609,2639075.06733,281211021.3344,2642.07,261271420.1681,2431.693,281211021.3344,2642.07,261271420.1681,2431.693
2025-06-28,107010.6,107538,106767,107241,3824571878.0348,8059810015,8164893204,7994075120,8099035284,-0.00118,0.006586,-0.00118,0.001264,-0.000967,0.005523,-0.001533,0.004633,-0.001367,0.004556,-0.001367,0.003183,36.27,63.73,0.57,41.39,58.61,0.71,58.53,41.47,1.41,82402.4046,1120444.06978,82723.6086,1158062.41288,293236356.2464,2753.196,403964916.4649,3754.454,293236356.2464,2753.196,403964916.4649,3754.454
2025-06-29,107240.9,108499,107112.6,108309.8,8563390605.5175,8099035284,8604371375,8087683072,8438911595,0.001264,0.01,-0.003029,0.001084,0.004633,0.006637,0.001106,0.004036,0.003183,0.006831,0.000486,0.002371,36.22,63.78,0.57,41.08,58.92,0.7,58.78,41.22,1.43,1134020.48974,7236776.05557,1679112.45034,8466039.37107,287999724.32,2697.541,388520655.9924,3604.93,287999724.32,2697.541,388520655.9924,3604.93
2025-06-30,108309.8,108783.9,106686.4,107087.4,12341227528.0952,8438911595,8585832053,8164898362,8184042317,0.001084,0.007826,0.000425,0.001053,0.004036,0.006586,0.000517,0.002755,0.002371,0.006384,0.000519,0.001418,35.71,64.29,0.56,40.67,59.33,0.69,58.51,41.49,1.41,4050027.7845,17450354.49097,4721361.707,17875440.34877,207676728.1865,1924.72,552086372.9966,5073.286,207676728.1865,1924.72,552086372.9966,5073.286
2025-07-01,107087.3,107499.9,105182.6,105637.9,12798364964.1339,8184042317,8221430143,7842656172,7855911531,0.001053,0.005294,0.000903,0.001783,0.002755,0.005632,-0.000133,0.004531,0.001418,0.004602,0.000005,0.003843,37.65,62.35,0.6,42.69,57.31,0.75,60.17,39.83,1.51,7272916.69933,1302968.02102,9113042.53113,1402768.03292,309697851.4227,2904.816,292082786.141,2713.526,309697851.4227,2904.816,292082786.141,2713.526
2025-07-02,105637.9,109690.4,105010,108800,19178970632.5733,7855911531,9021503802,7770798090,8851959755,0.001783,0.006457,0.001783,0.004868,0.004531,0.00752,-0.005601,0.000776,0.003843,0.007189,-0.00135,0.003198,42.97,57.03,0.75,46.87,53.13,0.88,60.44,39.56,1.53,1956766.88969,12562692.87352,2596105.18899,17374308.57962,310279455.5141,2953.06,233543945.5255,2202.077,310279455.5141,2953.06,233543945.5255,2202.077
2025-07-03,108800,110484,108480.6,109545.2,15492111614.0998,8851959755,9210257910,8800248977,9084943292,0.004868,0.00697,0.003545,0.00523,0.000776,0.0082,0.000776,0.003532,0.003198,0.007927,0.00293,0.003785,30.6,69.4,0.44,36.0,64.0,0.56,57.09,42.91,1.33,3439823.21055,5993129.37475,3715603.30315,7286289.77625,297315134.0715,2744.283,243439803.6179,2228.087,297315134.0715,2744.283,243439803.6179,2228.087
2025-07-04,109545.1,109732.3,107200,107935.4,14315256333.1665,9084943292,9091704413,8578193918,8581475899,0.00523,0.006942,0.001056,0.001071,0.003532,0.008106,0.001863,0.006627,0.003785,0.007059,0.002372,0.00454,31.24,68.76,0.45,37.41,62.59,0.6,58.77,41.23,1.43,7352363.40224,1696486.29028,11745609.08244,1771278.27008,265795720.6613,2437.332,340969473.9995,3097.269,265795720.6613,2437.332,340969473.9995,3097.269
2025-07-05,107935.3,108368.1,107688.3,108153.4,3960654262.1664,8581475899,8649678924,8568286646,8575738652,0.001071,0.004659,-0.000763,0.001915,0.006627,0.006627,0.001204,0.003532,0.00454,0.004763,0.00042,0.001735,40.23,59.77,0.67,45.4,54.6,0.83,59.12,40.88,1.45,303934.25926,650088.5678,369091.49956,743312.3953,268119488.3027,2496.043,359494988.1102,3317.388,268119488.3027,2496.043,359494988.1102,3317.388
2025-07-06,108153.4,109684.7,107743.4,109145.8,7864086321.9365,8575738652,8634761159,8446414796,8506843211,0.001915,0.004795,-0.001266,0.002384,0.003532,0.007756,-0.000533,0.00623,0.001735,0.006603,-0.000938,0.00479,38.43,61.57,0.62,42.23,57.77,0.73,58.68,41.32,1.42,809421.1808,3786940.63099,847968.4874,4390269.90999,378151299.3574,3512.706,351348403.9755,3236.164,378151299.3574,3512.706,351348403.9755,3236.164
2025-07-07,109145.8,109667.3,107456,108203.9,11536645189.5201,8506843211,8737867453,8427046031,8465171758,0.002384,0.00597,0.000303,0.001093,0.00623,0.008855,0.002148,0.002949,0.00479,0.007937,0.000859,0.001798,37.23,62.77,0.59,41.63,58.37,0.71,57.43,42.57,1.35,3853252.69813,1588202.767,4823900.39783,1813743.9265,215865984.8814,1985.571,290696332.3174,2651.484,215865984.8814,1985.571,290696332.3174,2651.484
2025-07-08,108203.9,109180,107400,108873.1,10320329685.2513,8465171758,8586562676,8392647671,8502806936,0.001093,0.006076,0.000477,0.003137,0.002949,0.006292,-0.000486,0.004279,0.001798,0.006083,0.000674,0.003018,39.97,60.03,0.67,44.63,55.37,0.81,58.49,41.51,1.41,1944825.41771,4101684.93753,2497961.53661,5166843.95903,349245318.9806,3244.109,356420169.9909,3280.707,349245318.9806,3244.109,356420169.9909,3280.707
2025-07-09,108873.2,112036.8,108273.5,111199.9,18424225562.192,8502806936,9588332253,8411109168,9524716012,0.003137,0.01,0.001518,0.01,0.004279,0.007467,-0.001075,0.003587,0.003018,0.008794,0.001229,0.007134,36.63,63.37,0.58,41.27,58.73,0.7,58.47,41.53,1.41,2148623.51685,21129179.8475,3307901.24695,26081341.0989,272879424.3364,2520.2,377287280.6648,3449.456,272879424.3364,2520.2,377287280.6648,3449.456
2025-07-10,111199.8,117500,110432.2,115979.2,25418410414.2351,9524716012,10228557050,9250540421,9869533875,0.01,0.01,0.001647,0.01,0.003587,0.00729,-0.002886,0.00729,0.007134,0.007837,0.000796,0.007682,31.03,68.97,0.45,36.38,63.62,0.57,59.49,40.51,1.47,3603950.75554,18276177.28816,4499416.59774,30007248.58226,209511034.5777,1891.176,315842621.1326,2827.935,209511034.5777,1891.176,315842621.1326,2827.935
2025-07-11,115979.2,118882.8,115186.7,117500,23468287538.7847,9869533875,10477254009,9806531072,10316379295,0.01,0.01,0.01,0.01,0.00729,0.014014,0.00729,0.008043,0.007682,0.011867,0.007682,0.008311,31.48,68.52,0.46,36.82,63.18,0.58,61.71,38.29,1.61,6539452.63305,13489773.17401,7786946.40575,17715772.17701,219627317.6608,1901.297,340013916.707,2919.721,219627317.6608,1901.297,340013916.707,2919.721
2025-07-12,117500,118176.9,116862.4,117389.3,7488639966.6506,10316379295,10488058654,10276877755,10333374615,0.01,0.01,0.009126,0.01,0.008043,0.009191,0.004429,0.008298,0.008311,0.009055,0.006152,0.007709,32.12,67.88,0.47,40.18,59.82,0.67,64.39,35.61,1.81,2378835.13183,1844795.16397,2882422.80313,1954096.81487,335857717.4162,2874.05,198919020.7719,1683.883,335857717.4162,2874.05,198919020.7719,1683.883
2025-07-13,117389.4,119655,117164.3,119038.3,10670521001.6118,10333374615,10701429072,10303685382,10644064456,0.01,0.01,0.00726,0.00802,0.008298,0.009672,0.003077,0.007471,0.007709,0.008282,0.005497,0.00576,32.57,67.43,0.48,39.95,60.05,0.67,64.12,35.88,1.79,1540267.28271,4254634.06565,1709137.96301,5268844.62415,262718745.6901,2250.418,211748839.0588,1795.174,262718745.6901,2250.418,211748839.0588,1795.174
2025-07-14,119038.3,123300,118862.6,119816.5,26804414211.8477,10644064456,11399421647,10630597764,11150695129,0.00802,0.01,0.00802,0.01,0.007471,0.017149,0.006385,0.012808,0.00576,0.013943,0.005407,0.010913,32.63,67.37,0.48,38.7,61.3,0.63,62.76,37.24,1.69,7665726.81339,105584115.11742,10312747.92689,112743388.14652,158298559.7491,1335.738,260787834.9025,2179.293,158298559.7491,1335.738,260787834.9025,2179.293
2025-07-15,119816.5,119919.4,115678.1,117738.5,31654228519.2124,11150695129,11175352850,10456850809,10563038098,0.01,0.01,0.01,0.01,0.012808,0.019178,0.010024,0.010041,0.010913,0.01737,0.009408,0.009408,36.67,63.33,0.58,41.54,58.46,0.71,66.89,33.11,2.02,14111794.99568,9202004.61059,26454697.05588,16133461.40089,194845103.3006,1633.54,191757617.1712,1592.521,194845103.3006,1633.54,191757617.1712,1592.521
2025-07-16,117738.6,120100,117017.1,118590.7,18903221303.2618,10563038098,10843209476,10434216020,10623320812,0.01,0.01,0.01,0.01,0.010041,0.016005,0.008558,0.011713,0.009408,0.014508,0.008723,0.010894,44.97,55.03,0.82,49.0,51.0,0.96,67.7,32.3,2.1,5716031.00092,9880328.23425,7537893.04532,12600626.01935,157792284.7037,1345.298,228918158.9598,1935.223,157792284.7037,1345.298,228918158.9598,1935.223
2025-07-17,118590.6,120951.5,117412.8,119176.6,19529074250.5222,10623320812,10776867361,10453148974,10678969048,0.01,0.01,0.01,0.01,0.011713,0.014151,0.009045,0.012742,0.010894,0.012546,0.008584,0.01098,41.29,58.71,0.7,44.86,55.14,0.81,65.53,34.47,1.9,5885672.56277,9520021.87548,7235827.43307,11252488.96648,224601291.4061,1901.608,149980627.4652,1260.169,224601291.4061,1901.608,149980627.4652,1260.169
2025-07-18,119176.5,120846.1,116788.9,117896.4,19250655096.2542,10678969048,10946527102,10431463014,10533659798,0.01,0.01,0.01,0.01,0.012742,0.01443,0.008911,0.010794,0.01098,0.01231,0.008593,0.009746,38.97,61.03,0.64,44.05,55.95,0.79,66.4,33.6,1.98,65632999.13011,6871847.26934,71279336.30431,7873698.83074,211881770.0861,1785.75,180929348.326,1511.574,211881770.0861,1785.75,180929348.326,1511.574
2025-07-19,117896.5,118456,117245.9,117814.4,6196985682.7245,10533659798,10547797559,10284432338,10331175368,0.01,0.01,0.01,0.01,0.010794,0.011006,0.008662,0.011006,0.009746,0.010172,0.008716,0.010039,44.87,55.13,0.81,48.68,51.32,0.95,65.0,35.0,1.86,2097650.39461,1025550.1133,2673822.89171,1057089.41,183029746.9441,1559.673,235249890.3793,1986.901,183029746.9441,1559.673,235249890.3793,1986.901
2025-07-20,117814.3,118856.6,116370.1,117216,9710161747.2649,10331175368,10612077701,10291739760,10467281532,0.01,0.01,0.01,0.01,0.011006,0.011882,0.008994,0.011636,0.010039,0.010832,0.008526,0.010504,44.98,55.02,0.82,48.01,51.99,0.92,64.53,35.47,1.82,2085228.59477,6569220.1779,3864744.13377,7040642.2233,239107861.2897,2039.511,234028674.6755,1977.515,239107861.2897,2039.511,234028674.6755,1977.515
2025-07-21,117216.1,119720.6,116454.1,117330.2,16757943321.4359,10467281532,10818064931,10395735283,10595180579,0.01,0.01,0.01,0.01,0.011636,0.012455,0.009233,0.011112,0.010504,0.011809,0.00869,0.010187,47.2,52.8,0.89,50.09,49.91,1.0,62.35,37.65,1.66,6207065.50481,9108580.42227,7830710.30331,9636370.73087,226964954.0458,1946.411,155985654.0468,1325.414,226964954.0458,1946.411,155985654.0468,1325.414
2025-07-22,117330.2,120300.1,115865,119993.7,22125662616.7622,10595180579,10823945382,10428087844,10808850946,0.01,0.01,0.01,0.01,0.011112,0.016724,0.009786,0.016724,0.010187,0.01601,0.009729,0.01601,50.47,49.53,1.02,52.57,47.43,1.11,61.56,38.44,1.6,5881175.62581,6611938.79088,6864106.61101,7259030.76308,252885667.5363,2166.339,239460966.8581,2030.5,252885667.5363,2166.339,239460966.8581,2030.5
2025-07-23,119993.7,120146.5,117250,118713.5,16199889995.7098,10808850946,10856539012,10288676546,10348523680,0.01,0.01,0.005809,0.01,0.016724,0.017696,0.009044,0.011578,0.01601,0.017689,0.008358,0.010255,40.82,59.18,0.69,46.56,53.44,0.87,64.62,35.38,1.83,10104726.86327,3993178.59048,16811841.70477,4496192.79118,226439082.2192,1895.126,344840782.3664,2859.71,226439082.2192,1895.126,344840782.3664,2859.71
2025-07-24,118713.4,119469.9,117050.2,118294.3,16272315106.4682,10348523680,10733975155,10191569157,10597392128,0.01,0.01,0.01,0.01,0.011578,0.012605,0.009378,0.010874,0.010255,0.011469,0.009242,0.010243,47.12,52.88,0.89,52.06,47.94,1.09,64.74,35.26,1.84,11264740.94256,3973498.67467,12669247.85736,4415005.09737,181010717.3287,1531.292,319181324.4597,2678.139,181010717.3287,1531.292,319181324.4597,2678.139
2025-07-25,118294.4,118410.8,114667.3,117583.5,30225434314.7296,10597392128,11356664991,10436713710,10760273546,0.01,0.01,0.007979,0.01,0.010874,0.016823,0.00933,0.013972,0.010243,0.014862,0.009001,0.012508,45.2,54.8,0.83,50.09,49.91,1.0,64.59,35.41,1.82,20871933.24025,5099486.02061,27649279.38775,7272268.76041,546332916.2078,4646.72,179965003.7502,1514.876,546332916.2078,4646.72,179965003.7502,1514.876
2025-07-26,117583.4,118300,117114.2,117889.2,6739341628.4194,10760273546,10794537750,10432525356,10524233228,0.01,0.01,0.01,0.01,0.013972,0.013972,0.010255,0.010404,0.012508,0.012508,0.009669,0.009701,52.44,47.56,1.1,55.61,44.39,1.25,62.51,37.49,1.67,102671.2653,1658557.645,108242.9863,2126368.7933,226282629.5316,1930.971,226909821.6648,1922.027,226282629.5316,1930.971,226909821.6648,1922.027
2025-07-27,117889.3,119766,117800.8,119423.4,9020321319.0247,10524233228,10874590213,10495886626,10793675977,0.01,0.01,0.01,0.01,0.010404,0.012752,0.007477,0.010377,0.009701,0.011566,0.008685,0.009657,46.43,53.57,0.87,51.37,48.63,1.06,63.61,36.39,1.75,1105223.4002,5117836.65085,1111981.5543,6286275.81535,525200248.5567,4473.148,433974008.8922,3658.451,525200248.5567,4473.148,433974008.8922,3658.451
2025-07-28,119423.5,119812,117388,118041.4,12620239131.6888,10793675977,10950891960,10718859359,10837029616,0.01,0.01,0.01,0.01,0.010377,0.012774,0.007627,0.011238,0.009657,0.01224,0.00852,0.010711,44.31,55.69,0.8,49.3,50.7,0.97,64.44,35.56,1.81,8834401.81351,4610982.56128,10986173.97891,5148770.44498,257389189.504,2166.919,387960415.8199,3234.513,257389189.504,2166.919,387960415.8199,3234.513
2025-07-29,118041.5,119258.7,116923,117897,13605155324.162,10837029616,10921292738,10542958390,10724809107,0.01,0.01,0.01,0.01,0.011238,0.011238,0.007466,0.010655,0.010711,0.010711,0.008415,0.009759,48.76,51.24,0.95,54.34,45.66,1.19,66.87,33.13,2.02,6258500.3778,3591978.02336,7050172.8515,4055021.01146,307914140.8135,2622.726,187565741.6655,1582.22,307914140.8135,2622.726,187565741.6655,1582.22
2025-07-30,117897.1,118763.5,115700,117771,14671863277.403,10724809107,10796033104,10572482068,10773470613,0.01,0.01,0.005709,0.005776,0.010655,0.01354,0.007401,0.008616,0.009759,0.012196,0.007124,0.007124,50.24,49.76,1.01,53.29,46.71,1.14,65.07,34.93,1.86,7670488.26523,3552761.08409,10196349.84473,3904771.48009,209410568.6947,1785.461,230566027.4985,1946.044,209410568.6947,1785.461,230566027.4985,1946.044
2025-07-31,117771.1,118910,115373.9,115697.3,15882896365.4021,10773470613,10865490555,10431849111,10440646297,0.005776,0.01,-0.00137,-0.00137,0.008616,0.009544,0.00561,0.00574,0.007124,0.009449,0.00329,0.00329,51.05,48.95,1.04,53.94,46.06,1.17,64.41,35.59,1.81,11765684.85819,2402146.33918,18788557.50169,2981703.54998,195357490.7141,1665.112,212089378.1993,1792.557,195357490.7141,1665.112,212089378.1993,1792.557
2025-08-01,115697.3,116000,112660,113244.8,25374878892.1283,10440646297,10457711455,10014042757,10078943751,-0.00137,0.01,-0.003357,0.004864,0.00574,0.009798,0.001194,0.006874,0.00329,0.009304,-0.000874,0.00533,53.58,46.42,1.15,55.95,44.05,1.27,65.89,34.11,1.93,19972457.7008,3518914.45981,39785014.797,3958424.88711,285873471.1905,2483.251,135176078.2631,1163.841,285873471.1905,2483.251,135176078.2631,1163.841
2025-08-02,113244.7,114000,111910,112508.8,11580721808.6245,10078943751,10160274494,9629688110,9645095317,0.004864,0.009076,0.000353,0.005598,0.006874,0.008674,0.001725,0.006862,0.00533,0.008494,0.000535,0.005643,60.05,39.95,1.5,60.62,39.38,1.54,66.13,33.87,1.95,5701650.60186,2011961.40651,7208514.45986,2104716.34131,253214353.611,2248.095,184826774.5654,1624.904,253214353.611,2248.095,184826774.5654,1624.904
2025-08-03,112508.8,114730,111850,114150.8,7180055118.6133,9645095317,9833726412,9586273674,9726212367,0.005598,0.008745,0.00402,0.004206,0.006862,0.007348,0.000456,0.005218,0.005643,0.007208,0.00134,0.004713,60.84,39.16,1.55,60.72,39.28,1.55,65.06,34.94,1.86,769383.988,5168647.10843,966398.7387,6323783.67753,254135490.3747,2271.28,160062518.0187,1416.109,254135490.3747,2271.28,160062518.0187,1416.109
2025-08-04,114150.9,115686,114053.8,115002.1,9521579643.4396,9726212367,9878953043,9684867960,9753965903,0.004206,0.009167,0.003623,0.007129,0.005218,0.009845,0.002713,0.009703,0.004713,0.009639,0.004105,0.009119,59.91,40.09,1.49,59.08,40.92,1.44,64.25,35.75,1.8,1930157.50351,4735827.258,2368230.93601,6277597.7101,210879698.6423,1855.755,284111931.4366,2474.152,210879698.6423,1855.755,284111931.4366,2474.152
2025-08-05,115002.1,115073.3,112582.4,114069.6,13342033588.2323,9753965903,9759462896,9549027876,9564576206,0.007129,0.01,0.003564,0.005187,0.009703,0.010839,0.00499,0.007559,0.009119,0.010265,0.004291,0.005867,58.41,41.59,1.4,59.6,40.4,1.48,64.29,35.71,1.8,6131523.94712,3899379.46274,10192857.97392,4457924.13274,204049815.378,1782.408,457712973.8567,3959.466,204049815.378,1782.408,457712973.8567,3959.466
2025-08-06,114069.6,115674.2,113304.5,114941,11286111321.8987,9564576206,9725325330,9468070367,9627461853,0.005187,0.009768,0.004564,0.004837,0.007559,0.009959,0.004981,0.00509,0.005867,0.009214,0.004726,0.004802,59.48,40.52,1.47,60.83,39.17,1.55,65.36,34.64,1.89,1933369.4185,5002830.51109,2242157.6518,7189378.28319,164212868.1999,1445.718,240591773.267,2098.457,164212868.1999,1445.718,240591773.267,2098.457
2025-08-07,114941,117580,114211.4,117419.9,15603852441.508,9627461853,9929970520,9494272595,9743204782,0.004837,0.01,0.002225,0.002418,0.00509,0.009574,-0.000648,0.001498,0.004802,0.009021,0.001836,0.001945,54.17,45.83,1.18,56.71,43.29,1.31,64.44,35.56,1.81,1948146.23392,7291501.96204,2661667.41282,13181200.27144,208895128.8341,1824.986,539455120.7627,4665.8,208895128.8341,1824.986,539455120.7627,4665.8
2025-08-08,117419.9,117591.8,115850,116628.2,10476168508.0875,9743204782,9765864339,9575378575,9617190227,0.002418,0.009974,0.00153,0.008843,0.001498,0.011637,-0.001331,0.007142,0.001945,0.011105,0.000177,0.006726,50.27,49.73,1.01,53.4,46.6,1.15,64.36,35.64,1.81,2436056.52914,3200368.11674,3348235.10504,3636620.92134,204521130.0948,1748.82,342108521.812,2901.756,204521130.0948,1748.82,342108521.812,2901.756
2025-08-09,116628.2,117906.7,116304,116422.1,9108997809.7447,9589860168,9972397853,9539335892,9800852532,0.008843,0.01,0.004219,0.009844,0.007142,0.011423,0.004641,0.011185,0.006726,0.009975,0.005451,0.009725,52.06,47.94,1.09,56.25,43.75,1.29,65.95,34.05,1.94,1948017.19502,4211096.60839,2842981.65082,5200526.40869,396116108.2557,3416.571,213390568.8235,1821.521,396116108.2557,3416.571,213390568.8235,1821.521
2025-08-10,116422.1,119291.9,116413.2,119255.3,15402998290.7855,9779690525,10336403835,9775482360,10335121477,0.009844,0.01,0.009844,0.01,0.011185,0.012825,0.009336,0.011896,0.009725,0.011888,0.009116,0.010298,55.51,44.49,1.25,59.08,40.92,1.44,65.37,34.63,1.89,3026698.0272,4554278.07008,3560597.8337,6069898.40988,561266624.8784,4840.961,445629917.6544,3813.56,561266624.8784,4840.961,445629917.6544,3813.56
2025-08-11,119255.3,122450,118050,118641.9,26140829968.0072,10370369096,11447616422,10353806107,10643908097,0.01,0.01,0.01,0.01,0.011896,0.015397,0.008583,0.010842,0.010298,0.013988,0.008851,0.010332,48.42,51.58,0.94,52.53,47.47,1.11,67.25,32.75,2.05,11648811.62527,11288455.18541,14983098.23877,17103958.85761,183952637.0437,1549.135,319972091.3097,2672.527,183952637.0437,1549.135,319972091.3097,2672.527
2025-08-12,118641.8,120270,118154.3,120081,14984067044.8497,10643908097,10809332439,10531074648,10682347532,0.01,0.01,0.004704,0.007169,0.010842,0.010842,0.007099,0.010804,0.010332,0.010346,0.006332,0.009255,49.72,50.28,0.99,54.96,45.04,1.22,69.15,30.85,2.24,2702446.36367,5821398.69527,3423150.63497,7989690.79057,298927095.3197,2534.328,155401232.4392,1304.419,298927095.3197,2534.328,155401232.4392,1304.419
2025-08-13,120080.9,123715.9,118829,123323.9,22668654752.3471,10682347532,11563947984,10517269152,11499139936,0.007169,0.01,0.006846,0.01,0.010804,0.013859,0.009493,0.013726,0.009255,0.013073,0.008435,0.012572,50.68,49.32,1.03,54.26,45.74,1.19,68.09,31.91,2.13,4464485.08169,17192539.07887,5061998.52629,22371382.30567,175475037.4694,1467.972,429985868.7085,3568.702,175475037.4694,1467.972,429985868.7085,3568.702
2025-08-14,123323.9,124545.6,117004,118242.2,31188110899.5784,11499139936,11755275445,10828341425,10869254135,0.01,0.01,0.001766,0.001939,0.013726,0.014664,0.007288,0.007632,0.012572,0.013424,0.005449,0.005822,42.53,57.47,0.74,48.84,51.16,0.96,70.6,29.4,2.4,14298386.80049,5925911.57985,23352961.12099,7030543.57685,170081218.0564,1384.998,235249857.4681,1898.59,170081218.0564,1384.998,235249857.4681,1898.59
2025-08-15,118242.2,119184,116736.3,117279.2,14214745380.328,10869254135,10934225504,10401534549,10439643493,0.001939,0.01,0.001752,0.00885,0.007632,0.009698,0.002357,0.008544,0.005822,0.009385,0.000755,0.007287,57.06,42.94,1.33,61.87,38.13,1.62,69.09,30.91,2.24,10917397.10807,1989317.06345,19303773.87667,2200433.41845,369925320.3557,3142.892,213795998.687,1798.807,369925320.3557,3142.892,213795998.687,1798.807
2025-08-16,117279.1,117857.1,117089.7,117329.7,5485340883.9513,10439643493,10664851275,10431618701,10626036578,0.00885,0.01,0.006884,0.008206,0.008544,0.008544,0.002726,0.004957,0.007287,0.007722,0.002781,0.004935,57.99,42.01,1.38,60.0,40.0,1.5,68.45,31.55,2.17,720143.21712,613412.50913,779847.86762,632216.43223,254153709.7423,2178.811,168999196.1945,1435.048,254153709.7423,2178.811,168999196.1945,1435.048
2025-08-17,117329.8,118558,117121.6,117353.8,6411133149.0768,10626036578,10695432400,10504015538,10509983041,0.008206,0.008206,0.001647,0.002857,0.004957,0.007526,0.00305,0.007257,0.004935,0.006554,0.003329,0.005446,56.58,43.42,1.3,58.21,41.79,1.39,67.07,32.93,2.04,5338324.30204,1249228.67228,6143351.35564,1796800.54688,272583912.6269,2334.485,209319495.6771,1775.719,272583912.6269,2334.485,209319495.6771,1775.719
2025-08-18,117353.9,117499.4,114605,116183.6,17039087660.9725,10509983041,10526762537,10154429271,10163740979,0.002857,0.008937,-0.001778,0.007137,0.007257,0.007548,0.000365,0.00399,0.005446,0.006968,0.001029,0.003933,57.22,42.78,1.34,58.26,41.74,1.4,67.11,32.89,2.04,9540344.03852,3273274.83677,14247689.19482,4131443.17377,316388651.5116,2708.359,168427622.1228,1429.688,316388651.5116,2708.359,168427622.1228,1429.688
2025-08-19,116183.6,116687.7,112666.6,112824.2,16131720053.456,10163740979,10169186237,9900376811,9912847826,0.007137,0.008287,0.002991,0.004543,0.00399,0.008513,0.003229,0.008439,0.003933,0.00698,0.002983,0.006087,57.89,42.11,1.38,59.7,40.3,1.48,66.08,33.92,1.95,22687109.26519,2188203.31073,31714418.28629,2241322.05683,171962841.7828,1486.036,178308076.1306,1527.709,171962841.7828,1486.036,178308076.1306,1527.709
2025-08-20,112824.1,114569,112301.8,114220.5,14818732589.7284,9912847826,9947626048,9728116156,9822069681,0.004543,0.008372,-0.000034,0.0011,0.008439,0.008592,0.004218,0.007604,0.006087,0.008467,0.002827,0.006384,62.26,37.74,1.65,63.7,36.3,1.76,66.17,33.83,1.96,5485824.31992,4898080.14691,7145679.68222,5733736.32011,361612220.0131,3221.345,160731497.6666,1418.459,361612220.0131,3221.345,160731497.6666,1418.459
2025-08-21,114220.5,114777,111944,112462.2,10907840074.6438,9822069681,10123613334,9785538480,10081520322,0.0011,0.01,0.001099,0.007286,0.007604,0.010788,0.005362,0.009678,0.006384,0.010466,0.004579,0.008457,61.91,38.09,1.63,60.98,39.02,1.56,63.8,36.2,1.76,5789481.83857,1397348.12175,7967226.16307,1571539.13155,250295638.5966,2201.78,306720093.4889,2671.617,250295638.5966,2201.78,306720093.4889,2671.617
2025-08-22,112462.2,117397.4,111625.9,116897.5,22302777009.1818,10081520322,10532992634,9906388607,10354300101,0.007286,0.01,0.005292,0.01,0.009678,0.011061,0.005866,0.011061,0.008457,0.010644,0.00598,0.010377,65.2,34.8,1.87,65.35,34.65,1.89,65.51,34.49,1.9,6318587.2825,10586701.30475,10272247.5779,15959193.34685,330035837.3458,2950.252,237114425.77,2097.73,330035837.3458,2950.252,237114425.77,2097.73
2025-08-23,116897.5,116988,114510,115377.1,9053390139.7852,10354300101,10601997452,10173956825,10585407377,0.01,0.01,0.009689,0.01,0.011061,0.012591,0.009191,0.011092,0.010377,0.012493,0.009469,0.010748,57.32,42.68,1.34,58.67,41.33,1.42,66.01,33.99,1.94,4439312.58078,1376100.5977,5534635.57128,1559384.7553,243029587.235,2088.992,214819916.1982,1828.659,243029587.235,2088.992,214819916.1982,1828.659
2025-08-24,115377.1,115640,110484,113446.3,15148067977.8584,10585407377,10924176303,10355852048,10633734220,0.01,0.01,0.01,0.01,0.011092,0.013659,0.00951,0.012515,0.010748,0.013297,0.009677,0.01143,62.54,37.46,1.67,65.54,34.46,1.9,67.97,32.03,2.12,9211240.68538,2300437.91197,18248371.52018,2484394.96987,263570284.9029,2295.33,293946753.5967,2538.691,263570284.9029,2295.33,293946753.5967,2538.691
2025-08-25,113446.2,113621.3,109219.8,110064,22782713156.6483,10633734220,10633734220,9888357202,9919096345,0.01,0.01,0.004015,0.00453,0.012515,0.012515,0.005574,0.008405,0.01143,0.011483,0.004902,0.006274,64.19,35.81,1.79,66.32,33.68,1.97,67.01,32.99,2.03,16448939.02735,7400599.74682,22566495.43445,8554321.10762,168780184.2815,1493.648,244444426.0353,2147.303,168780184.2815,1493.648,244444426.0353,2147.303
2025-08-26,110064.1,112330,108559.7,111709.9,15983443449.6991,9919096345,10020451660,9691394253,9969744449,0.00453,0.01,0.001802,0.001802,0.008405,0.010039,0.00512,0.006799,0.006274,0.010484,0.00368,0.005857,67.05,32.95,2.04,68.16,31.84,2.14,65.73,34.27,1.92,3411434.23549,6535669.12611,4933976.90569,8215585.31881,197222977.4081,1800.072,195086132.4667,1765.374,197222977.4081,1800.072,195086132.4667,1765.374
2025-08-27,111710,112568.5,110306.9,111194.9,12739237656.8144,9969744449,10048657858,9777971683,9800233869,0.001802,0.008051,-0.000356,0.005306,0.006799,0.009381,0.003823,0.005746,0.005857,0.009278,0.003786,0.005338,65.69,34.31,1.92,65.39,34.61,1.89,64.39,35.61,1.81,4290422.87832,3563764.6182,4846093.32182,4243487.2758,228679520.5286,2055.234,192545312.7971,1716.601,228679520.5286,2055.234,192545312.7971,1716.601
2025-08-28,111194.9,113429,110811,112507.3,10988353862.4318,9800233869,10098872115,9764675814,9900909042,0.005306,0.009789,0.004288,0.004288,0.005746,0.009883,0.004054,0.00711,0.005338,0.010579,0.004661,0.006642,64.33,35.67,1.8,66.19,33.81,1.96,64.92,35.08,1.85,5712483.41671,3705164.86623,6357898.65551,4776340.27653,313726218.9823,2835.131,173512615.0208,1554.142,313726218.9823,2835.131,173512615.0208,1554.142
2025-08-29,112507.3,112585.7,107411.4,108332.4,19688530929.0009,9900909042,9901553497,9525419756,9657116516,0.004288,0.007557,-0.000315,0.007535,0.00711,0.008556,-0.002497,0.008467,0.006642,0.007405,-0.002408,0.007306,62.8,37.2,1.69,63.82,36.18,1.76,65.31,34.69,1.88,10850527.08959,3434843.99502,20283898.99119,3872771.50762,338467133.5911,3024.909,364688484.9621,3223.439,338467133.5911,3024.909,364688484.9621,3223.439
2025-08-30,108332.4,108879.6,107281,108757.9,6572636682.469,9657116516,9790975438,9541703018,9739060586,0.007535,0.01,-0.001463,-0.001252,0.008467,0.009873,0.003891,0.004895,0.007306,0.009478,0.003915,0.003971,69.91,30.09,2.32,71.05,28.95,2.45,66.11,33.89,1.95,3150260.69925,1007862.71708,3893757.07345,1071327.50868,241246519.9725,2235.341,218212828.5034,2005.851,241246519.9725,2235.341,218212828.5034,2005.851
2025-08-31,108758,109439.9,108021,108208.4,7626942664.8348,9739060586,9868247009,9699988132,9720360572,-0.001252,0.01,-0.001252,0.004632,0.004895,0.010488,0.002649,0.006155,0.003971,0.01012,0.003405,0.004846,69.69,30.31,2.3,69.44,30.56,2.27,65.19,34.81,1.87,4135558.27235,2942381.00463,4445288.02005,3310725.26693,253967507.5374,2346.742,248077336.3837,2272.008,253967507.5374,2346.742,248077336.3837,2272.008
2025-09-01,108208.3,109874.8,107211.5,109187.9,16311044941.4396,9720360572,9970506053,9472476045,9656763585,0.004632,0.01,0.004264,0.00691,0.006155,0.010621,0.001973,0.008406,0.004846,0.009703,0.002135,0.00698,68.3,31.7,2.16,68.66,31.34,2.19,66.05,33.95,1.95,8149533.73732,6848821.15273,11038758.27702,7755195.63403,323294566.7843,3002.542,161811619.0199,1489.977,323294566.7843,3002.542,161811619.0199,1489.977
2025-09-02,109187.9,111742.1,108333,111188,19321592737.4213,9656763585,10187194436,9616725826,9925436541,0.00691,0.01,0.000583,0.00074,0.008406,0.008942,0.004163,0.005975,0.00698,0.009079,0.00446,0.004542,66.84,33.16,2.02,67.62,32.38,2.09,67.18,32.82,2.05,4967653.62132,5909995.53044,5859499.71332,7237584.24814,159538721.6215,1465.734,248300144.5763,2262.977,159538721.6215,1465.734,248300144.5763,2262.977
2025-09-03,111187.9,112541.2,110486.9,111659.8,11768296693.3217,9925436541,10204353687,9836590478,10083233469,0.00074,0.006505,-0.000556,0.001766,0.005975,0.006819,0.002668,0.004112,0.004542,0.006898,0.001945,0.003091,60.3,39.7,1.52,62.59,37.41,1.67,65.93,34.07,1.94,2596438.5107,5386237.45288,2739897.964,6076967.94648,196305895.4852,1772.525,268033495.3007,2400.059,196305895.4852,1772.525,268033495.3007,2400.059
2025-09-04,111659.7,112136.8,109269.1,110679.4,13516025473.4475,10083233469,10103116678,9740085159,9748269825,0.001766,0.008311,0.001049,0.007532,0.004112,0.008667,0.002008,0.006601,0.003091,0.008106,0.002258,0.005936,58.04,41.96,1.38,61.13,38.87,1.57,64.9,35.1,1.85,6228925.99893,4780835.65559,7938383.30723,5050266.89109,241935800.0797,2175.805,183419020.5181,1635.894,241935800.0797,2175.805,183419020.5181,1635.894
2025-09-05,110679.5,113344.3,110153.3,110614.9,21607243128.6306,9748269825,10390525943,9620109356,9651493263,0.007532,0.01,0.001064,0.001297,0.006601,0.009953,0.00392,0.006512,0.005936,0.009472,0.003887,0.005397,63.24,36.76,1.72,66.0,34.0,1.94,66.73,33.27,2.01,5409491.82606,6371710.66576,10354891.53246,8046771.20596,177316533.8107,1608.108,151682666.8609,1365.047,177316533.8107,1608.108,151682666.8609,1365.047
2025-09-06,110614.8,111256.2,109850,110135.3,5113475715.1718,9651493263,9749348754,9572127894,9580403332,0.001297,0.00864,0.000595,0.001958,0.006512,0.008625,0.004739,0.006266,0.005397,0.00836,0.004174,0.005436,63.96,36.04,1.78,65.95,34.05,1.94,68.32,31.68,2.16,1651549.17173,394063.7065,1814986.26153,407584.2761,224923634.2144,2042.529,186726508.8317,1682.069,224923634.2144,2042.529,186726508.8317,1682.069
2025-09-07,110135.2,111559.5,110120.5,111076,5973071297.7051,9580403332,9898348020,9576098109,9873540987,0.001958,0.01,0.001656,0.009472,0.006266,0.010092,0.004802,0.009909,0.005436,0.009728,0.003768,0.008949,65.65,34.35,1.91,67.06,32.94,2.04,68.66,31.34,2.19,869198.62361,1692516.42998,1090783.60691,1837896.54078,480042294.7149,4377.955,177904624.881,1609.744,480042294.7149,4377.955,177904624.881,1609.744
2025-09-08,111075.5,112867.6,110566.5,112012.6,11088380857.8027,9873540987,10407979307,9812192152,10221302087,0.009472,0.01,0.0036,0.003799,0.009909,0.022873,0.001458,0.005487,0.008949,0.029502,0.000121,0.00539,62.57,37.43,1.67,64.46,35.54,1.81,66.53,33.47,1.99,3105708.52814,5101993.33613,3322769.20294,6225302.63183,361455320.5994,3270.92,209170928.2137,1875.324,361455320.5994,3270.92,209170928.2137,1875.324
2025-09-09,112012.7,113238,110714.9,111499.9,15214033399.4497,10221302087,10436585286,10064939453,10273457620,0.003799,0.01,0.002988,0.005817,0.005487,0.010442,0.00424,0.008089,0.00539,0.010175,0.004018,0.006738,58.34,41.66,1.4,61.53,38.47,1.6,65.35,34.65,1.89,7470447.1028,2143781.83949,10514770.9091,2466706.76639,348069857.8077,3121.39,280822757.0731,2494.488,348069857.8077,3121.39,280822757.0731,2494.488
2025-09-10,111500,114287.9,110855.8,113896.8,17159353765.1992,10273457620,10894333630,10068729849,10683487038,0.005817,0.01,0.002661,0.005834,0.008089,0.010658,0.002426,0.004402,0.006738,0.010658,0.003842,0.003842,64.24,35.76,1.8,66.72,33.28,2.01,67.15,32.85,2.04,2628821.02672,6986507.68212,2931726.15092,8925568.12182,297457222.2673,2681.196,191026579.8306,1706.477,297457222.2673,2681.196,191026579.8306,1706.477
2025-09-11,113896.8,115439,113340.7,115427,12912033953.8631,10683487038,10794754121,10513722262,10693373244,0.005834,0.007592,0.002127,0.006126,0.004402,0.007326,0.00173,0.005293,0.003842,0.006408,0.001576,0.004971,52.92,47.08,1.12,56.84,43.16,1.32,66.04,33.96,1.95,1809812.58865,6289411.51969,2441015.71295,7191594.50009,216777384.24,1912.387,402168665.1208,3513.241,216777384.24,1912.387,402168665.1208,3513.241
2025-09-12,115427,116605.7,114681.5,115978.4,13753804636.2259,10693373244,10844255785,10552015992,10633955579,0.006126,0.008778,-0.00284,-0.00157,0.005293,0.009995,-0.00564,-0.003357,0.004971,0.009482,-0.00334,-0.002379,50.56,49.44,1.02,54.72,45.28,1.21,67.08,32.92,2.04,2210215.52526,21125069.57053,2396035.45306,24250034.57923,189480375.4143,1647.79,408074311.9989,3523.223,189480375.4143,1647.79,408074311.9989,3523.223
2025-09-13,115978.4,116245.4,115032,115862.7,6078015099.0794,10633955579,10703535694,10311302169,10336500534,-0.00157,0.008217,-0.00157,0.008182,-0.003357,0.007376,-0.003357,0.006712,-0.002379,0.007394,-0.002379,0.006504,49.68,50.32,0.99,54.26,45.74,1.19,65.45,34.55,1.89,1986184.54965,1455556.9757,2124153.46375,1544664.46,252312565.2992,2184.217,320947988.8319,2752.803,252312565.2992,2184.217,320947988.8319,2752.803
2025-09-14,115862.7,116118.6,115057,115210,6368498175.6451,10336500534,10379758044,10107615063,10111082281,0.008182,0.009543,0.000376,0.006283,0.006712,0.008873,0.001683,0.00827,0.006504,0.007995,0.001667,0.007243,50.94,49.06,1.04,56.16,43.84,1.28,65.76,34.24,1.92,4335652.55461,1787783.09032,4616977.94191,2131458.49932,347326781.403,3012.87,382902775.9588,3289.333,347326781.403,3012.87,382902775.9588,3289.333
2025-09-15,115210,116759.9,114338.5,115300.6,13585376394.8834,10111082281,10369132500,10057961899,10186732949,0.006283,0.01,0.000804,0.001008,0.00827,0.009565,0.005638,0.005919,0.007243,0.009372,0.004026,0.00416,51.94,48.06,1.08,56.78,43.22,1.31,66.71,33.29,2.0,4447406.00713,2659587.47367,7204064.13143,3203249.09587,440711045.5726,3842.522,208476861.5244,1800.948,440711045.5726,3842.522,208476861.5244,1800.948
2025-09-16,115300.5,116910.8,114600,116747.3,11513690834.1549,10186732949,10609079123,10012300467,10593205111,0.001008,0.01,0.000841,0.006967,0.005919,0.008026,0.003487,0.003654,0.00416,0.008284,0.003966,0.004209,54.06,45.94,1.18,57.83,42.17,1.37,68.4,31.6,2.17,2118305.71144,2551413.84082,2288222.33534,3636531.71032,225419042.487,1964.848,434260962.0763,3744.734,225419042.487,1964.848,434260962.0763,3744.734
2025-09-17,116747.3,117266.4,114623.3,116402.5,18348171473.1657,10593205111,10709189652,10176575711,10176575711,0.006967,0.008899,0.003901,0.004923,0.003654,0.008886,0.000851,0.008133,0.004209,0.008135,0.001944,0.006809,47.62,52.38,0.91,51.86,48.14,1.08,65.85,34.15,1.93,6029513.34513,6309433.37944,7226445.12093,8087797.35934,200453650.6055,1723.966,344784571.4565,2940.737,200453650.6055,1723.966,344784571.4565,2940.737
2025-09-18,116402.6,117875.2,116033.5,117017.1,12568409072.4612,10176575711,10743006740,10134318176,10657613906,0.004923,0.009454,-0.000231,-0.000231,0.008133,0.010152,0.003366,0.004626,0.006809,0.010184,0.003477,0.003775,54.75,45.25,1.21,58.91,41.09,1.43,67.64,32.36,2.09,1589980.3037,4365521.72802,1805072.3308,4830939.23632,164952589.1858,1422.379,237306972.5391,2028.566,164952589.1858,1422.379,237306972.5391,2028.566
2025-09-19,117017.1,117406.8,115049.9,115569.5,10241465891.9796,10657613906,10701782247,10325948605,10415883208,-0.000231,0.006077,-0.000624,0.003757,0.004626,0.007872,0.003865,0.007132,0.003775,0.007194,0.0033,0.005428,48.47,51.53,0.94,53.55,46.45,1.15,65.03,34.97,1.86,8039627.41396,617169.7871,12071027.09976,672204.0256,235145825.8599,2018.671,248165508.9284,2110.546,235145825.8599,2018.671,248165508.9284,2110.546
2025-09-20,115569.6,116059.2,115343,115624.9,3744545958.901,10415883208,10459090375,10276414042,10308459347,0.003757,0.003757,-0.005953,-0.005343,0.007132,0.007132,0.001927,0.002237,0.005428,0.005624,0.000628,0.000929,55.6,44.4,1.25,59.69,40.31,1.48,66.82,33.18,2.01,949591.3566,911136.02204,1016141.981,1125919.98374,354429056.5293,3082.949,398264637.7926,3429.166,354429056.5293,3082.949,398264637.7926,3429.166
2025-09-21,115625,115778,115137.6,115183.9,3786613659.9669,10308459347,10308494485,10206849172,10213864436,-0.005343,0.006878,-0.005916,0.006655,0.002237,0.007293,0.001378,0.007293,0.000929,0.006336,0.000408,0.006271,55.51,44.49,1.25,58.05,41.95,1.38,65.39,34.61,1.89,1729729.89438,1183922.78803,2022876.17018,1204494.77373,423397610.1069,3679.187,394768220.9775,3394.829,423397610.1069,3679.187,394768220.9775,3394.829
2025-09-22,115183.9,115344.6,111469.2,112604.7,17469032361.0349,10213864436,10234100243,9723665168,9809149726,0.006655,0.008549,-0.000473,0.007062,0.007293,0.007912,0.001962,0.006087,0.006271,0.007463,-0.000362,0.00543,55.86,44.14,1.27,58.4,41.6,1.4,65.18,34.82,1.87,26627825.21368,5958301.55911,33518382.17728,7269602.93641,436453742.5137,3804.299,340821092.535,2940.622,436453742.5137,3804.299,340821092.535,2940.622
2025-09-23,112604.7,113254.8,111405.1,111947,11494030747.6772,9809149726,9927719495,9697874330,9878670863,0.007062,0.01,0.005832,0.005832,0.006087,0.008567,0.001063,0.006954,0.00543,0.008265,0.001881,0.005962,59.86,40.14,1.49,62.3,37.7,1.65,64.77,35.23,1.84,9277781.32958,1768243.18795,12049890.45628,2088513.26965,207315798.3992,1849.889,517753214.8441,4572.294,207315798.3992,1849.889,517753214.8441,4572.294
2025-09-24,111947,113895.8,110935,113254,11876174295.2543,9878670863,10134839411,9811746245,10096260260,0.005832,0.008184,-0.000257,-0.000248,0.006954,0.007749,0.001227,0.002415,0.005962,0.007125,0.000648,0.001178,61.66,38.34,1.61,62.32,37.68,1.65,65.4,34.6,1.89,3095825.60184,2405954.35943,3496730.47554,3007169.74923,327881447.7332,2944.923,276103525.3583,2453.701,327881447.7332,2944.923,276103525.3583,2453.701
2025-09-25,113253.9,113462.1,108574.1,108934.5,19322032384.2201,10096260260,10121788976,9225454941,9240191391,-0.000248,0.009946,-0.000488,0.00318,0.002415,0.008913,0.002415,0.005631,0.001178,0.007847,0.001178,0.004203,55.36,44.64,1.24,56.16,43.84,1.28,62.72,37.28,1.68,12332581.21761,2484620.33082,28322299.52521,2801605.21482,270672576.5395,2401.466,291872920.7445,2564.282,270672576.5395,2401.466,291872920.7445,2564.282
2025-09-26,108934.6,110250,108566,109588.5,12258151298.8985,9240191391,9480991430,9219575970,9306246487,0.00318,0.009237,-0.000117,-0.000028,0.005631,0.00729,-0.001309,0.002831,0.004203,0.006834,-0.001066,0.001213,64.33,35.67,1.8,65.96,34.04,1.94,66.37,33.63,1.97,6589912.04169,4505912.29203,7140032.31859,4797918.30273,348660856.9978,3217.711,152279287.845,1392.635,348660856.9978,3217.711,152279287.845,1392.635
2025-09-27,109588.5,109700,109021.9,109577.3,3923401765.8758,9306246487,9320634883,9247353003,9264862184,-0.000028,0.008131,-0.000577,0.003332,0.002831,0.007959,0.000411,0.004528,0.001213,0.006911,-0.0003,0.002945,64.18,35.82,1.79,63.02,36.98,1.7,65.8,34.2,1.92,806608.3613,453419.1917,845543.2613,456712.4039,205399664.5904,1883.698,293610545.9298,2669.921,205399664.5904,1883.698,293610545.9298,2669.921
2025-09-28,109577.2,112300,109136.5,112119.6,8521042742.9883,9264862184,9662278574,9260045150,9652398091,0.003332,0.006978,0.001616,0.002264,0.004528,0.006507,0.0028,0.003764,0.002945,0.006029,0.001007,0.00193,64.06,35.94,1.78,64.17,35.83,1.79,65.52,34.48,1.9,812122.6643,5506200.6036,824816.8055,7613135.7925,240220594.1445,2201.963,289410546.3697,2630.858,240220594.1445,2201.963,289410546.3697,2630.858
2025-09-29,112119.7,114377.2,111501,114257.1,14157996911.8951,9652398091,10156291493,9558808970,10156291493,0.002264,0.004089,-0.001262,0.002353,0.003764,0.007268,-0.002219,0.002869,0.00193,0.006257,-0.001113,0.002328,59.84,40.16,1.49,59.6,40.4,1.48,62.79,37.21,1.69,2375005.94014,7217375.35371,2413013.34504,11469165.01101,166419361.6323,1489.917,222616614.6753,1976.751,166419361.6323,1489.917,222616614.6753,1976.751
2025-09-30,114257.1,114800,112615.3,113988.8,13560952773.2023,10156291493,10291968138,9898090049,10090779450,0.002353,0.01,0.001904,0.00341,0.002869,0.00954,0.000866,0.00479,0.002328,0.009101,0.001112,0.003637,50.56,49.44,1.02,52.66,47.34,1.11,60.74,39.26,1.55,5299346.13971,7549324.61867,6462884.62211,8727743.69597,199834367.2367,1756.298,293004599.7696,2553.986,199834367.2367,1756.298,293004599.7696,2553.986
2025-10-01,113988.7,118631.8,113899.4,118552.4,20048939946.5192,10090779450,10938025951,10083346027,10843363945,0.00341,0.01,0.001193,0.007743,0.00479,0.007186,-0.000285,0.005842,0.003637,0.007327,0.001457,0.005911,51.65,48.35,1.07,55.12,44.88,1.23,62.28,37.72,1.65,2889537.0006,37933712.2824,3171944.8467,46287832.7205,207400493.004,1826.17,307358032.7771,2681.102,207400493.004,1826.17,307358032.7771,2681.102
2025-10-02,118552,120999,118226.4,120481.3,17369886474.7701,10843363945,11359140720,10829466957,11285920658,0.007743,0.01,0.007743,0.01,0.005842,0.009446,0.003713,0.003735,0.005911,0.008568,0.003671,0.003671,43.94,56.06,0.78,46.47,53.53,0.87,61.48,38.52,1.6,4697444.8131,14334222.9778,4972057.9161,17610984.4447,179561907.3582,1519.622,329271683.9671,2767.934,179561907.3582,1519.622,329271683.9671,2767.934
2025-10-03,120481.3,123900,119200,122182.7,20287492625.9954,11285920658,12103194386,11214354031,11710124287,0.01,0.01,0.009674,0.01,0.003735,0.00928,0.001744,0.005505,0.003671,0.009846,0.002433,0.00454,40.19,59.81,0.67,44.57,55.43,0.8,62.38,37.62,1.66,11065247.45194,15239053.14047,23659937.58694,21956827.26487,192707418.9499,1605.753,236636043.4338,1955.791,192707418.9499,1605.753,236636043.4338,1955.791
2025-10-04,122182.6,122781.1,121432,122343.2,8563684461.8843,11710124287,11846836429,11628498028,11795312837,0.01,0.01,0.007274,0.008662,0.005505,0.009257,0.003292,0.008656,0.00454,0.008926,0.003632,0.008082,38.28,61.72,0.62,43.49,56.51,0.77,64.22,35.78,1.8,3318728.12071,2469731.0343,3500148.39291,2689026.0802,348353806.4773,2859.488,157383257.4205,1282.949,348353806.4773,2859.488,157383257.4205,1282.949
2025-10-05,122343.2,125877.3,122088.1,123426.7,20101569444.1477,11795312837,12768546047,11764737008,12254620108,0.008662,0.01,0.007275,0.007712,0.008656,0.011371,0.00686,0.009657,0.008082,0.010981,0.007027,0.008483,38.56,61.44,0.63,44.15,55.85,0.79,62.92,37.08,1.7,6201439.14627,6102697.66206,7076570.77157,11391566.73576,227342587.5967,1866.475,221511237.7202,1803.38,227342587.5967,1866.475,221511237.7202,1803.38
2025-10-06,123426.7,126208.5,123018.5,124628.5,17387751498.3321,12254620108,12713536644,12138969753,12484283092,0.007712,0.01,0.005378,0.01,0.009657,0.010742,0.000051,0.005485,0.008483,0.010563,0.005724,0.006705,39.8,60.2,0.66,44.19,55.81,0.79,63.73,36.27,1.76,3407479.3988,9849606.78717,3802564.2045,13510575.26247,178881557.6477,1454.696,289626780.0505,2339.688,178881557.6477,1454.696,289626780.0505,2339.688
2025-10-07,124628.6,125098,120516,121286.5,22319388699.1673,12484283092,12524953612,11298881267,11298881267,0.01,0.01,0.000558,0.002542,0.005485,0.010148,0.003321,0.007667,0.006705,0.009194,0.003786,0.005662,35.89,64.11,0.56,40.96,59.04,0.69,64.58,35.42,1.82,16882929.92242,6501300.95433,21059312.59492,8018796.75883,217093185.6101,1749.576,160494288.794,1283.053,217093185.6101,1749.576,160494288.794,1283.053
2025-10-08,121286.6,124170.6,121005.3,123237.5,15568068336.7983,11298881267,11502503516,11232824726,11368606894,0.002542,0.01,0.001398,0.001398,0.007667,0.009583,0.002635,0.003357,0.005662,0.009572,0.002363,0.002363,44.0,56.0,0.79,49.75,50.25,0.99,65.03,34.97,1.86,5451885.24599,15261956.79963,6982759.01029,20883015.94763,442993482.9402,3672.43,209762853.2247,1721.111,442993482.9402,3672.43,209762853.2247,1721.111
2025-10-09,123237.4,123740.1,119572.8,121579.3,19883028981.4869,11368606894,11854621421,11188093918,11759848985,0.001398,0.006703,-0.000774,0.000787,0.003357,0.006941,0.0009,0.005967,0.002363,0.006145,0.000615,0.005334,41.1,58.9,0.7,44.42,55.58,0.8,64.27,35.73,1.8,12835149.48003,4887377.21782,16344276.46323,5992360.49742,187479286.4791,1526.804,247780069.5272,2000.946,187479286.4791,1526.804,247780069.5272,2000.946
2025-10-10,121579.4,122497,101516.5,112714.9,44684689109.2619,11759848985,11807626635,8114766420,8163386438,0.000787,0.01,-0.002106,0.01,0.005967,0.007782,-0.0174,-0.005649,0.005334,0.008125,-0.019028,-0.007356,47.48,52.52,0.9,51.97,48.03,1.08,62.17,37.83,1.64,176182657.59647,45991568.25844,286427425.62527,117263362.96094,175447675.9677,1448.626,277446280.0195,2270.556,175447675.9677,1448.626,277446280.0195,2270.556
2025-10-11,112715,113300.1,109501,110579.1,18267531176.8852,8163386438,8480247223,8000153962,8219502103,0.01,0.01,-0.002999,-0.002999,-0.005649,0.012801,-0.005649,0.004576,-0.007356,0.011389,-0.007356,0.00285,54.25,45.75,1.19,59.91,40.09,1.49,67.04,32.96,2.03,16098160.86823,7460798.17437,20036037.91013,8357474.75287,76006534.8889,676.987,55562235.7908,491.156,76006534.8889,676.987,55562235.7908,491.156
2025-10-12,110579.2,115730.3,109509.3,114894.4,24571744071.2861,8219502103,8779054992,7840328290,8722055690,-0.002999,0.005508,-0.016207,-0.003942,0.004576,0.006056,-0.001513,0.003307,0.00285,0.004577,-0.005199,-0.000835,58.37,41.63,1.4,60.83,39.17,1.55,63.53,36.47,1.74,11933394.10299,9423811.39444,15848387.73389,23890365.94074,136133795.4665,1235.926,140439120.3881,1264.876,136133795.4665,1235.926,140439120.3881,1264.876
2025-10-13,114894.5,115912,113600.5,115111.9,22500551024.728,8722055690,8939001827,8687133345,8824429540,-0.003942,0.003074,-0.00581,-0.004072,0.003307,0.00568,-0.002574,0.001717,-0.000835,0.003901,-0.004523,-0.000295,60.87,39.13,1.56,60.97,39.03,1.56,58.29,41.71,1.4,5143026.39155,5566683.10341,6376101.51345,7141444.54711,160750912.0647,1405.627,163559895.6467,1417.416,160750912.0647,1405.627,163559895.6467,1417.416
2025-10-14,115112,115360.2,109802,112983.8,28722138989.9666,8824429540,9169003868,8492626306,8956372847,-0.004072,0.00113,-0.015192,-0.005425,0.001717,0.005132,-0.00259,0.003999,-0.000295,0.004236,-0.002434,0.002187,57.08,42.92,1.33,60.23,39.77,1.51,59.03,40.97,1.44,18439403.02924,7907363.41054,22872537.96044,9020593.58624,152800255.315,1332.724,166439120.1805,1439.508,152800255.315,1332.724,166439120.1805,1439.508
2025-10-15,112983.9,113576.1,110096.9,110699,14721869673.0243,8956372847,9089428776,8644169668,8650362584,-0.005425,0.004878,-0.005425,-0.002737,0.003999,0.00709,0.00053,0.003082,0.002187,0.007047,-0.000056,0.001577,62.61,37.39,1.68,65.42,34.58,1.89,57.81,42.19,1.37,9791836.70386,4522090.74366,11467002.01066,5231896.96206,146552886.5149,1302.367,151201596.7239,1332.439,146552886.5149,1302.367,151201596.7239,1332.439
2025-10-16,110699.1,111960,107350,108129.4,21245413758.724,8650362584,8810400584,8605359042,8623677064,-0.002737,0.003879,-0.005632,-0.000239,0.003082,0.00674,-0.002098,0.005382,0.001577,0.005517,-0.005022,0.003902,66.4,33.6,1.98,68.28,31.72,2.15,58.24,41.76,1.4,12736070.60069,6461559.01406,25925070.19529,8223566.29626,196721824.262,1785.571,122971952.7998,1106.176,196721824.262,1785.571,122971952.7998,1106.176
2025-10-17,108129.4,109199.8,103470,106378.6,25741589512.8174,8623677064,8820381522,8382234632,8407126577,-0.000239,0.00625,-0.005985,-0.004819,0.005382,0.007168,-0.00161,-0.000367,0.003902,0.006114,-0.003893,-0.002128,70.65,29.35,2.41,72.26,27.74,2.61,53.98,46.02,1.17,18188729.4356,16487163.29444,23860193.4224,19334016.43954,160773776.0834,1494.047,156733469.3706,1443.335,160773776.0834,1494.047,156733469.3706,1443.335
2025-10-18,106378.5,107452.6,106270,107117.5,7319244475.8249,8407126577,8848599445,8401687290,8807685745,-0.004819,0.000052,-0.007187,-0.001411,-0.000367,0.005589,-0.004221,0.001156,-0.002128,0.003669,-0.012637,-0.000142,68.16,31.84,2.14,70.49,29.51,2.39,55.09,44.91,1.23,2699199.05378,3977858.81358,2851282.36708,4594568.06768,152449725.7198,1438.609,121043498.2757,1133.839,152449725.7198,1438.609,121043498.2757,1133.839
2025-10-19,107117.5,109399.9,106055.8,108586.2,12227414683.7643,8807685745,8876662124,8603773767,8772115506,-0.001411,0.005201,-0.005454,-0.002204,0.001156,0.006745,-0.003585,0.000281,-0.000142,0.005441,-0.021906,-0.000779,67.97,32.03,2.12,69.89,30.11,2.32,50.37,49.63,1.02,3779608.32304,9453577.1357,4138336.72804,10963766.8268,132722997.3559,1244.297,225456668.5206,2094.021,132722997.3559,1244.297,225456668.5206,2094.021
2025-10-20,108586.2,111650,107377.2,110469.9,15318202238.3149,8772115506,9276919400,8673094162,9261153702,-0.002204,0.007064,-0.005515,-0.005515,0.000281,0.008208,-0.005985,0.002996,-0.000779,0.006582,-0.017938,0.00051,67.32,32.68,2.06,68.89,31.11,2.21,50.28,49.72,1.01,6380496.89889,5855042.27944,9118815.50009,7009206.62024,180041847.7667,1665.988,134845162.8469,1236.755,180041847.7667,1665.988,134845162.8469,1236.755
2025-10-21,110469.9,113940,107400,108253.7,26588094714.4413,9261153702,9693897054,8814196534,8976103419,-0.005515,0.005305,-0.008345,-0.004212,0.002996,0.007242,-0.002886,0.003316,0.00051,0.006676,-0.010412,0.001904,63.07,36.93,1.71,65.28,34.72,1.88,49.06,50.94,0.96,12934902.81797,11146337.50029,19668267.94847,15831759.53619,187900650.8222,1708.132,366908169.9512,3308.768,187900650.8222,1708.132,366908169.9512,3308.768
2025-10-22,108253.8,109160,106360.3,107532,19528237285.5108,8976103419,8984404759,8090880277,8168358258,-0.004212,0.01,-0.004212,0.008932,0.003316,0.009512,0.002758,0.008552,0.001904,0.00912,0.001167,0.007627,64.41,35.59,1.81,67.56,32.44,2.08,48.34,51.66,0.94,7468649.87841,5161220.35521,9375143.60071,5587207.72251,359280255.8459,3333.329,119006670.5988,1095.439,359280255.8459,3333.329,119006670.5988,1095.439
2025-10-23,107532.1,111240,107462.9,110025.9,14194369712.5193,8168358258,8638252675,8158000402,8425062007,0.008932,0.008974,-0.002323,0.00333,0.008552,0.00875,0.001918,0.002715,0.007627,0.008546,0.000764,0.001556,69.7,30.3,2.3,71.2,28.8,2.47,51.53,48.47,1.06,4114045.46601,6312729.76865,5291822.32281,7851613.38655,185475699.9415,1733.751,118618716.2213,1099.244,185475699.9415,1733.751,118618716.2213,1099.244
2025-10-24,110026,112086,109650,110965.4,12266972608.3174,8425062007,8955152330,8399306476,8629216674,0.00333,0.00985,-0.000841,0.00502,0.002715,0.00823,0.001312,0.003366,0.001556,0.008419,0.000809,0.001627,63.98,36.02,1.78,65.37,34.63,1.89,51.53,48.47,1.06,5412019.58868,7512384.85437,7090775.07808,7972206.87787,378502740.0801,3455.383,146898026.5387,1328.557,378502740.0801,3455.383,146898026.5387,1328.557
2025-10-25,110965.4,111903.9,110600.5,111589.4,5042906615.3629,8629216674,8859477087,8591585766,8849271303,0.00502,0.006099,0.000398,0.001948,0.003366,0.006702,-0.002221,0.004108,0.001627,0.005645,0.001105,0.002921,61.94,38.06,1.63,64.36,35.64,1.81,51.88,48.12,1.08,1038988.7465,1391196.322,1094127.1331,1515885.3172,128509430.0596,1163.865,161881535.1596,1451.944,128509430.0596,1163.865,161881535.1596,1451.944
2025-10-26,111589.4,115521.7,111200,114497.8,11025832167.0817,8849271303,9381442621,8825088408,9359718875,0.001948,0.01,0.000279,0.01,0.004108,0.009411,0.001458,0.009354,0.002921,0.008627,0.001088,0.008608,59.25,40.75,1.45,62.26,37.74,1.65,51.62,48.38,1.07,1435395.90753,5445500.16844,1503444.90733,7962422.93704,180278859.1794,1623.745,415592621.579,3709.6,180278859.1794,1623.745,415592621.579,3709.6
2025-10-27,114497.9,116380.2,113792.4,114064.1,13655123469.0129,9359718875,9464478411,8877230094,8898605525,0.01,0.01,0.002708,0.006047,0.009354,0.009471,0.002846,0.006267,0.008608,0.00925,0.001271,0.005928,56.04,43.96,1.28,58.02,41.98,1.38,52.33,47.67,1.1,5428664.57689,5434493.54199,5963516.23039,5897651.30989,134566249.698,1180.168,138171720.4302,1201.302,134566249.698,1180.168,138171720.4302,1201.302
2025-10-28,114064.2,116074.3,112121.4,112833.5,14878636982.6306,8898605525,9066671739,8540464877,8555231105,0.006047,0.009064,-0.000046,-0.000034,0.006267,0.008846,0.00304,0.004182,0.005928,0.008643,0.00254,0.002797,54.01,45.99,1.17,57.91,42.09,1.38,57.02,42.98,1.33,8674779.25504,3633232.95959,12372791.55114,4482693.87719,203338373.6109,1790.719,134504024.4489,1174.548,203338373.6109,1790.719,134504024.4489,1174.548
2025-10-29,112833.5,113593,109026.4,109985.6,18302671185.6153,8555231105,8827178713,8343644696,8613437708,-0.000034,0.006727,-0.001193,0.001097,0.004182,0.008047,-0.000802,0.002613,0.002797,0.006926,-0.001989,0.000766,59.05,40.95,1.44,61.84,38.16,1.62,58.1,41.9,1.39,10231652.21799,5634323.37012,19696614.69779,5976340.96292,191823651.4523,1708.499,351310852.1875,3100.677,191823651.4523,1708.499,351310852.1875,3100.677
2025-10-30,109985.6,111565.1,106200,108263.5,22368720679.4128,8613437708,8821466156,8323010044,8433000179,0.001097,0.009504,-0.000927,0.000186,0.002613,0.00678,0.000975,0.004542,0.000766,0.005399,-0.000102,0.002353,67.13,32.87,2.04,69.66,30.34,2.3,56.14,43.86,1.28,14863682.85321,6149324.22453,25710973.57951,7409202.11273,183465688.1336,1675.291,117431098.5926,1063.675,183465688.1336,1675.291,117431098.5926,1063.675
2025-10-31,108263.6,111233,108226.6,109557.3,16683796068.6155,8433000179,8809970089,7915300148,8584261668,0.000186,0.01,0.000146,0.01,0.004542,0.009918,0.00314,0.00656,0.002353,0.009115,0.001872,0.005188,72.49,27.51,2.64,73.79,26.21,2.82,55.84,44.16,1.26,6326327.51809,16357187.3056,7361625.45259,19632583.917,124079165.3427,1150.485,359656217.5373,3310.451,124079165.3427,1150.485,359656217.5373,3310.451
2025-11-01,109557.2,110557,109351.5,110047.2,4579668773.4668,8584261668,8637214660,8418993474,8438016378,0.01,0.01,0.006275,0.0082,0.00656,0.010284,0.003033,0.007662,0.005188,0.012339,0.00308,0.006479,66.34,33.66,1.97,67.71,32.29,2.1,64.82,35.18,1.84,1894182.47206,1480210.37714,2196326.24496,2387441.65984,141037958.6704,1293.053,120815585.1804,1098.087,141037958.6704,1293.053,120815585.1804,1098.087
2025-11-02,110047.3,111216,109368.9,110494.9,6744087831.9305,8438016378,8579093757,8346888317,8399521443,0.0082,0.01,0.003587,0.006137,0.007662,0.009432,0.001624,0.006907,0.006479,0.008869,0.002911,0.005873,65.22,34.78,1.88,67.22,32.78,2.05,65.65,34.35,1.91,1892468.0556,2669682.06544,2789366.5104,2880581.61654,163743860.3413,1493.999,374273731.4265,3386.428,163743860.3413,1493.999,374273731.4265,3386.428
2025-11-03,110494.9,110711,105300,106544,18689857002.9336,8399521443,8408633706,8065500603,8247943661,0.006137,0.01,0.003342,0.01,0.006907,0.009878,0.004313,0.007371,0.005873,0.009804,0.003773,0.00636,65.74,34.26,1.92,67.83,32.17,2.11,64.92,35.08,1.85,24543604.40718,4152045.65498,33704648.12698,4798369.02218,112885107.055,1026.128,175624155.0937,1582.929,112885107.055,1026.128,175624155.0937,1582.929
2025-11-04,106544,107271.9,98888.8,101450.3,28973190250.7581,8247943661,8334381044,7890523376,8216580261,0.01,0.01,0.0056,0.00722,0.007371,0.00906,0.003479,0.006265,0.00636,0.008974,0.003482,0.005795,68.95,31.05,2.22,71.7,28.3,2.53,66.74,33.26,2.01,42510436.86806,12082881.55727,63934423.26916,14437628.31517,123116725.1127,1160.381,122478771.9948,1144.812,123116725.1127,1160.381,122478771.9948,1144.812
2025-11-05,101450.2,104497.6,98909.7,103837,17127708373.0723,8216580261,8863224996,8037409192,8710916384,0.00722,0.009231,-0.001837,0.003985,0.006265,0.007645,-0.005365,0.0031,0.005795,0.007586,-0.002343,0.001927,73.38,26.62,2.76,75.83,24.17,3.14,67.15,32.85,2.04,10171737.46109,9315641.50752,11369828.32269,11428130.91942,112024666.4146,1108.705,308769155.1285,3031.227,112024666.4146,1108.705,308769155.1285,3031.227
2025-11-06,103837,104210.2,100238.4,101305.6,14822268597.7465,8710916384,8710916384,8238667793,8336258817,0.003985,0.01,0.002384,0.004712,0.0031,0.007766,0.000445,0.004918,0.001927,0.007306,0.000074,0.004385,70.49,29.51,2.39,71.31,28.69,2.49,64.1,35.9,1.79,12532493.79343,3478568.26654,19096472.27093,4992680.48774,155725311.2947,1508.579,143085740.911,1371.338,155725311.2947,1508.579,143085740.911,1371.338
2025-11-07,101305.6,104070.7,99200,103305.2,16618166844.9823,8336258817,9059309740,8269607737,8969405912,0.004712,0.009808,0.003244,0.007776,0.004918,0.008303,0.002193,0.006325,0.004385,0.008387,0.002893,0.006264,72.03,27.97,2.58,74.72,25.28,2.96,67.84,32.16,2.11,12028428.07729,9982001.25538,14961664.12589,12439894.93208,208489341.2829,2067.248,113289954.592,1113.978,208489341.2829,2067.248,113289954.592,1113.978
2025-11-08,103305.3,103373.8,101400.1,102269.3,7229424012.0852,8969405912,8971190287,8562724573,8618587312,0.007776,0.01,-0.001872,-0.001646,0.006325,0.007556,-0.002673,0.002818,0.006264,0.007978,-0.010618,0.00261,70.71,29.29,2.41,72.55,27.45,2.64,67.8,32.2,2.11,7166573.64278,2465903.87025,8160867.46588,2541252.03165,131812240.222,1281.679,119599239.398,1152.503,131812240.222,1281.679,119599239.398,1152.503
2025-11-09,102269.3,105440,101300,104670.6,9539324128.7959,8618587312,9008188463,8536054451,8948298699,-0.001646,0.01,-0.001743,0.00887,0.002818,0.007906,0.001752,0.006426,0.00261,0.007362,0.002034,0.005337,72.59,27.41,2.65,75.14,24.86,3.02,68.48,31.52,2.17,5733650.48383,8322897.91656,5964716.98633,10272376.24236,115150536.5785,1130.865,146441868.2018,1425.743,115150536.5785,1130.865,146441868.2018,1425.743
2025-11-10,104670.7,106666,104205.9,105966.3,12736522326.281,8948298699,9343783145,8906425258,9202355842,0.00887,0.00887,0.001224,0.002814,0.006426,0.007471,0.002841,0.003737,0.005337,0.007551,0.002992,0.003563,68.56,31.44,2.18,70.54,29.46,2.39,68.51,31.49,2.18,6025557.80409,6182443.22789,6874864.92809,8837946.93559,116211683.8175,1115.233,361214895.8043,3435.431,116211683.8175,1115.233,361214895.8043,3435.431
2025-11-11,105966.3,107473.7,102400,103005.8,13877818766.7467,9202355842,9318666613,8787987307,8821059996,0.002814,0.007092,-0.00299,0.002531,0.003737,0.009151,0.001325,0.007186,0.003563,0.009346,0.001098,0.006387,63.8,36.2,1.76,67.15,32.85,2.04,67.78,32.22,2.1,13068076.73897,4045299.72391,19685082.17997,6361008.07211,316555315.6263,2999.999,143950173.9951,1352.133,316555315.6263,2999.999,143950173.9951,1352.133
2025-11-12,103005.8,105297,100711,101605.8,14516669927.2215,8821059996,8949062106,8698017569,8735815185,0.002531,0.006065,0.000139,0.001057,0.007186,0.007593,-0.00494,0.003544,0.006387,0.007069,-0.001492,0.001052,69.9,30.1,2.32,73.02,26.98,2.71,67.34,32.66,2.06,18409259.90728,4533929.99141,22846576.57288,5542175.12401,175057315.8296,1708.377,129871453.7383,1255.246,175057315.8296,1708.377,129871453.7383,1255.246
2025-11-13,101605.8,104024.6,97959,99654.3,23845023008.8593,8735815185,9222577436,8607582794,9128505111,0.001057,0.01,0.000693,0.008543,0.003544,0.007588,0.0014,0.006194,0.001052,0.007625,0.001052,0.004809,72.86,27.14,2.69,74.3,25.7,2.89,67.23,32.77,2.05,18633010.41856,13240060.75244,31710881.45516,14609464.18034,322905888.7511,3193.073,104543167.6755,1024.871,322905888.7511,3193.073,104543167.6755,1024.871
2025-11-14,99654.3,99862.8,93955,94544.9,27699553333.9493,9128505111,9128505111,8584589587,8827757798,0.008543,0.01,0.006585,0.008503,0.006194,0.010998,0.002043,0.007784,0.004809,0.010403,0.001898,0.007206,76.54,23.46,3.26,77.63,22.37,3.47,67.98,32.02,2.12,20215052.46944,10003222.77502,30135997.97314,12145210.35292,125142204.5552,1261.056,121578915.8897,1215.143,125142204.5552,1261.056,121578915.8897,1215.143
2025-11-15,94544.9,96800,94523.9,95560.3,8648831450.1581,8827757798,9384015537,8827757798,9255636163,0.008503,0.01,0.003404,0.007745,0.007784,0.008765,0.003446,0.006099,0.007206,0.008901,0.003588,0.005809,76.88,23.12,3.33,79.29,20.71,3.83,69.86,30.14,2.32,3686714.2712,4198823.72439,4011647.6816,4496900.61099,125142204.5552,1261.056,121578915.8897,1215.143,125142204.5552,1261.056,121578915.8897,1215.143
2025-11-16,95560.4,96600,92922.8,94221.7,12858824426.824,9255636163,9470613721,9129093765,9297882344,0.007745,0.01,0.005728,0.01,0.006099,0.009079,0.005085,0.009059,0.005809,0.009318,0.005225,0.008958,75.94,24.06,3.16,77.51,22.49,3.45,70.77,29.23,2.42,12765060.65429,7106172.984,17058554.52609,7661892.8329,117612721.6971,1236.38,103077731.0886,1073.518,117612721.6971,1236.38,103077731.0886,1073.518
2025-11-17,94221.7,96012.2,91250,92169.7,19251425064.1544,9297882344,9516797497,8944817146,9337315166,0.01,0.01,0.005239,0.01,0.009059,0.010884,0.004974,0.010124,0.008958,0.010449,0.005306,0.009619,77.04,22.96,3.36,79.62,20.38,3.91,70.32,29.68,2.37,13680506.79825,6899197.27733,21146268.57765,7986701.11683,92892154.814,989.353,302358088.1491,3191.702,92892154.814,989.353,302358088.1491,3191.702
2025-11-18,92169.8,93799.1,89012,92916.9,21286886936.237,9337315166,9549337353,9143988047,9287105334,0.01,0.01,0.000535,0.007497,0.010124,0.010124,0.004006,0.006588,0.009619,0.009831,0.004416,0.006899,78.53,21.47,3.66,81.22,18.78,4.33,72.42,27.58,2.63,8703289.9078,10426651.89442,18437798.0144,12932914.82592,120714514.2938,1315.447,147283015.3216,1589.253,120714514.2938,1315.447,147283015.3216,1589.253
2025-11-19,92916.8,92944.8,88564.4,91508.9,20531642864.979,9287105334,9287105334,8886566330,9225701836,0.007497,0.01,0.003899,0.004291,0.006588,0.009214,0.000511,0.007118,0.006899,0.009102,0.001498,0.006411,72.65,27.35,2.66,75.8,24.2,3.13,71.16,28.84,2.47,13425568.72632,6864543.42979,22564293.97882,8897459.97239,127644330.5984,1380.212,112403099.6057,1204.012,127644330.5984,1380.212,112403099.6057,1204.012
2025-11-20,91509,93150,86066.6,86601.3,24710119548.3674,9225701836,9443799629,8875475917,9096076703,0.004291,0.01,0.003165,0.004272,0.007118,0.009923,0.002627,0.005686,0.006411,0.010215,0.003494,0.00434,77.44,22.56,3.43,80.86,19.14,4.23,72.89,27.11,2.69,19980732.76297,9132140.07721,37231488.41437,10685613.36271,126698064.2721,1390.103,169793631.3103,1847.691,126698064.2721,1390.103,169793631.3103,1847.691
2025-11-21,86601.4,87465.4,80600,85093.5,37766074746.2296,9096076703,9216267144,8241803601,8372951811,0.004272,0.008168,0.001054,0.001373,0.005686,0.00847,-0.00597,0.002451,0.00434,0.008223,-0.004361,0.00187,79.97,20.03,3.99,83.28,16.72,4.98,73.11,26.89,2.72,39810749.21679,18988317.75512,59611022.71119,22842743.39172,173321810.62,2012.501,132105015.1484,1518.921,173321810.62,2012.501,132105015.1484,1518.921
2025-11-22,85093.6,85599.9,83456,84689.4,7944933711.139,8372951811,8427707821,8246074902,8372287291,0.001373,0.008688,0.001331,0.003851,0.002451,0.006729,0.001497,0.003572,0.00187,0.007032,0.001064,0.003608,72.27,27.73,2.61,76.71,23.29,3.29,71.79,28.21,2.55,3992784.18878,4103160.03259,4519757.36288,4837052.77579,96207508.8492,1135.084,135633572.4832,1585.986,96207508.8492,1135.084,135633572.4832,1585.986
2025-11-23,84689.4,88100,84622,86807.7,12021965933.5089,8372287291,8664214139,8367263963,8386330757,0.003851,0.004131,-0.002042,-0.000093,0.003572,0.005139,-0.002577,0.001115,0.003608,0.005382,-0.001118,0.001033,70.97,29.03,2.45,76.02,23.98,3.17,71.3,28.7,2.48,4483560.73292,6243866.00887,5639624.89962,9434801.06277,93265013.4688,1105.505,120312009.3231,1413.625,93265013.4688,1105.505,120312009.3231,1413.625
2025-11-24,86807.6,89177.3,85226.4,88247.1,18380092127.7076,8386330757,8479815234,8221108479,8224430139,-0.000093,0.007972,-0.007909,-0.00535,0.001115,0.006139,-0.007208,-0.004622,0.001033,0.006086,-0.006624,-0.004232,69.23,30.77,2.25,72.85,27.15,2.68,69.34,30.66,2.26,5892995.49223,13941460.67268,7364863.54623,17504172.20628,119724432.9912,1384.562,79560882.1589,913.086,119724432.9912,1384.562,79560882.1589,913.086
2025-11-25,88247.1,88477.6,86061.1,87324.1,13058119774.8133,8224430139,8224430139,7792894482,7861407990,-0.00535,0.006493,-0.00535,0.004002,-0.004622,0.006578,-0.004622,0.002791,-0.004232,0.006047,-0.004232,0.002388,66.26,33.74,1.96,70.63,29.37,2.41,69.34,30.66,2.26,11492424.66567,5755116.18489,13250625.55417,6024578.63029,123088354.5744,1400.058,95093834.5129,1074.167,123088354.5744,1400.058,95093834.5129,1074.167
2025-11-26,87324.1,90655.4,86260.9,90438.1,14035915083.1509,7861407990,8132096326,7764142336,8048380950,0.004002,0.007219,-0.002614,-0.002611,0.002791,0.00595,-0.001785,-0.000995,0.002388,0.006123,-0.002445,-0.001779,70.91,29.09,2.44,75.75,24.25,3.12,70.64,29.36,2.41,4076119.66801,8268797.51451,5311893.83641,9780455.17061,105007577.821,1207.505,113020595.8162,1288.091,105007577.821,1207.505,113020595.8162,1288.091
2025-11-27,90438,91931.9,90024.4,91292.2,10363379976.1001,8048380950,8357228353,8003077496,8234880801,-0.002611,0.006209,-0.004724,0.001741,-0.000995,0.004696,-0.005312,0.003031,-0.001779,0.004515,-0.005197,0.002276,63.62,36.38,1.75,67.51,32.49,2.08,67.67,32.33,2.09,3713036.7282,6061939.84797,4044672.3867,7334798.82647,77743229.5541,862.764,175606249.6689,1931.718,77743229.5541,862.764,175606249.6689,1931.718
2025-11-28,91292.2,93080,90155,90847.8,13437782091.2223,8234880801,8413103450,8036359237,8110188967,0.001741,0.006641,-0.004977,-0.001953,0.003031,0.006078,-0.004987,-0.0008,0.002276,0.005476,-0.00448,-0.001979,60.39,39.61,1.53,65.3,34.7,1.88,67.43,32.57,2.07,7926742.15704,10944610.99407,9961445.42834,11602733.81947,135512459.4819,1490.592,141504910.9339,1543.024,135512459.4819,1490.592,141504910.9339,1543.024
2025-11-29,90847.8,91130,90092.7,90765,4912678293.9867,8110188967,8128947035,7980821461,8031174834,-0.001953,0.006107,-0.002181,0.006082,-0.0008,0.007689,-0.0008,0.007689,-0.001979,0.0068,-0.001979,0.006722,63.07,36.93,1.71,67.38,32.62,2.07,68.91,31.09,2.22,2683112.75683,1008775.48545,2916467.45333,1149753.93115,128067954.6679,1415.319,131043174.9577,1437.588,128067954.6679,1415.319,131043174.9577,1437.588
2025-11-30,90764.9,91934.4,90300,90320.6,6030481994.4353,8031174834,8328404493,7998308908,8183025739,0.006082,0.007066,-0.001221,0.003587,0.007689,0.007689,-0.000334,0.00374,0.006722,0.007199,0.000069,0.002523,62.86,37.14,1.69,66.46,33.54,1.98,68.69,31.31,2.19,2863209.84071,2662613.63971,3878740.71281,2851458.01141,344415123.3068,3814.476,149409564.7906,1640.332,344415123.3068,3814.476,149409564.7906,1640.332
2025-12-01,90320.5,90396.9,83786,86241.6,25577924255.574,8183025739,8187052795,7592585411,7622155892,0.003587,0.008543,-0.003743,-0.001008,0.00374,0.008647,-0.003307,0.000016,0.002523,0.008248,-0.00281,-0.001255,63.45,36.55,1.74,66.89,33.11,2.02,68.46,31.54,2.17,21483546.07044,8244462.99848,31178789.39714,10888369.74268,147511132.4148,1639.763,92274877.8171,1018.16,147511132.4148,1639.763,92274877.8171,1018.16
2025-12-02,86241.5,92273.2,86140.1,91249.1,20397993402.5534,7622155892,8391157250,7603437623,8110986811,-0.001008,0.008025,-0.003127,-0.001732,0.000016,0.006771,-0.001573,0.000649,-0.001255,0.006581,-0.002783,-0.0009,68.12,31.88,2.14,72.47,27.53,2.63,69.1,30.9,2.24,3979863.6944,10091471.84677,4482152.1033,15318335.29687,122969019.3433,1431.753,117501782.1421,1356.327,122969019.3433,1431.753,117501782.1421,1356.327
2025-12-03,91249.1,94185,90954.8,93376.7,18675814963.8465,8110986811,8573414421,8083211808,8246968736,-0.001732,0.008248,-0.001835,-0.000274,0.000649,0.006552,-0.001679,0.001792,-0.0009,0.006242,-0.00229,0.000387,58.8,41.2,1.43,62.29,37.71,1.65,67.26,32.74,2.05,5405131.17283,12116331.66283,7016209.63323,16283956.06243,112620458.9755,1239.494,95542961.4951,1043.067,112620458.9755,1239.494,95542961.4951,1043.067
2025-12-04,93376.8,94040,90822.5,92034.7,13597438432.9679,8246968736,8443462363,8122486729,8214306092,-0.000274,0.009115,-0.000973,0.004837,0.001792,0.0066,-0.002025,0.004019,0.000387,0.006508,-0.000776,0.00374,59.33,40.67,1.46,63.41,36.59,1.73,67.9,32.1,2.12,7456561.02912,6295171.35626,9300503.65602,8339474.66596,112522139.8526,1209.865,118702394.0749,1265.891,112522139.8526,1209.865,118702394.0749,1265.891
2025-12-05,92034.7,92665.5,87976.3,89288.5,16166343899.9826,8214306092,8296289150,7697815923,7741801368,0.004837,0.006107,-0.004111,0.003693,0.004019,0.006146,-0.004475,0.00475,0.00374,0.006149,-0.003888,0.004028,59.1,40.9,1.45,64.88,35.12,1.85,68.89,31.11,2.21,18938497.33868,6860355.79251,22249221.83088,7434446.23331,106164118.3773,1157.422,96117839.8422,1040.728,106164118.3773,1157.422,96117839.8422,1040.728
2025-12-06,89288.6,90257.3,88870.1,89197.1,5087173923.0182,7741801368,7915886902,7717133750,7814615521,0.003693,0.00751,-0.004395,0.004177,0.00475,0.005904,-0.001577,0.003263,0.004028,0.00561,-0.0016,0.003491,65.48,34.52,1.9,70.38,29.62,2.38,69.1,30.9,2.24,2470129.58741,1557758.70015,2950959.32291,1670700.96285,120124641.8574,1350.951,127493673.3378,1422.183,120124641.8574,1350.951,127493673.3378,1422.183
2025-12-07,89197.1,91722,87688,90345.4,11615721815.5777,7814615521,8056972761,7738235822,7873631657,0.004177,0.005671,-0.001293,-0.000539,0.003263,0.005373,0.001717,0.003252,0.003491,0.00478,0.001005,0.001327,65.77,34.23,1.92,69.32,30.68,2.26,69.09,30.91,2.24,4719991.37001,4728272.44157,6354962.07781,7323715.43247,146976285.323,1654.071,130316890.9539,1455.506,146976285.323,1654.071,130316890.9539,1455.506
2025-12-08,90345.4,92262.6,89553.8,90610.8,13851341922.5465,7873631657,8136748442,7820254712,7885627954,-0.000539,0.006963,-0.001699,0.000775,0.003252,0.007483,-0.00097,0.00061,0.001327,0.006713,-0.000918,0.000665,67.39,32.61,2.07,70.44,29.56,2.38,68.72,31.28,2.2,4139384.47438,4584819.19304,4756102.74348,5229669.02274,86739785.9095,963.58,98552184.9821,1086.549,86739785.9095,963.58,98552184.9821,1086.549
2025-12-09,90610.8,94555,89368.9,92638.4,16746605843.5175,7885627954,8566990223,7872078552,8206550530,0.000775,0.009971,0.000775,0.002777,0.00061,0.007632,0.00012,0.001953,0.000665,0.007398,0.000665,0.001737,67.81,32.19,2.11,71.27,28.73,2.48,70.12,29.88,2.35,6268501.51286,8431903.61204,7516142.73296,11889194.42014,86887907.5384,962.374,86459888.6329,950.474,86887907.5384,962.374,86459888.6329,950.474
2025-12-10,92638.3,94443.7,91520,91977.5,14848588542.1049,8206550530,8222725025,7829232793,7861383694,0.002777,0.003253,-0.000591,0.00259,0.001953,0.006482,0.001303,0.003495,0.001737,0.005115,0.00072,0.002083,59.94,40.06,1.5,64.43,35.57,1.81,69.64,30.36,2.29,5626847.49428,3784493.94369,7004329.18508,4616257.14569,146406800.3248,1587.285,133179022.5238,1431.565,146406800.3248,1587.285,133179022.5238,1431.565
2025-12-11,91977.5,93547.3,89200,92477.5,17359217820.2689,7861383694,8236703591,7685653453,8052374549,0.00259,0.009499,-0.001786,0.006968,0.003495,0.00737,0.000374,0.007051,0.002083,0.007201,-0.000493,0.006763,63.82,36.18,1.76,67.35,32.65,2.06,69.58,30.42,2.29,11864660.57926,8442978.95261,17874839.50606,10720581.66861,171281072.0374,1870.387,90546525.5321,981.103,171281072.0374,1870.387,90546525.5321,981.103
2025-12-12,92477.6,92719,89429,90229.6,13200125056.571,8052374549,8070917057,7789716514,7895155326,0.006968,0.008371,-0.001636,0.000084,0.007051,0.007735,0.000133,0.00248,0.006763,0.007582,-0.001555,0.00045,62.4,37.6,1.66,66.01,33.99,1.94,70.01,29.99,2.33,6580798.25003,2154214.21825,8503925.83093,2544465.43415,109177672.4113,1185.682,131149749.2359,1412.16,109177672.4113,1185.682,131149749.2359,1412.16
2025-12-13,90229.7,90599,89711.9,90191.3,3269571104.5449,7895155326,7983238409,7878253174,7914898143,0.000084,0.01,-0.000093,0.01,0.00248,0.009685,0.001616,0.009396,0.00045,0.008913,0.000378,0.008533,68.8,31.2,2.21,72.0,28.0,2.57,69.95,30.05,2.33,1883197.91545,425760.7341,2012132.54685,434838.2397,140284949.7146,1561.871,131874905.7881,1455.5,140284949.7146,1561.871,131874905.7881,1455.5
2025-12-14,90191.3,90440,87504.3,88118.8,8202472251.3926,7914898143,8031112622,7747111989,7801596820,0.01,0.01,-0.002155,0.00019,0.009396,0.009396,0.001612,0.003416,0.008533,0.008533,0.000673,0.00204,68.58,31.42,2.18,70.86,29.14,2.43,69.88,30.12,2.32,6521459.47677,1218478.52726,9259759.71667,1258512.03406,141282549.1891,1573.81,146907791.5069,1622.084,141282549.1891,1573.81,146907791.5069,1622.084
2025-12-15,88118.8,89972.4,85073,86389.9,17011925800.4103,7801596820,7954399813,7713224516,7902124670,0.00019,0.009351,-0.003182,0.007467,0.003416,0.008298,-0.000841,0.007705,0.00204,0.007269,-0.001161,0.006514,70.33,29.67,2.37,73.61,26.39,2.79,69.37,30.63,2.27,28186665.28832,5586395.5333,44636610.13862,6373448.6125,203592674.3367,2323.561,92453735.5291,1046.26,203592674.3367,2323.561,92453735.5291,1046.26
2025-12-16,86390,88143.9,85226,87826.3,12361523052.5289,7902124670,7933908899,7668155529,7780804277,0.007467,0.007467,0.000766,0.006213,0.007705,0.008224,-0.004943,0.004665,0.006514,0.007367,-0.00446,0.00387,74.91,25.09,2.99,76.51,23.49,3.26,69.13,30.87,2.24,4770825.96156,9030477.33808,5171152.62386,9908758.14698,113191173.489,1315.99,145638532.4454,1678.993,113191173.489,1315.99,145638532.4454,1678.993
2025-12-17,87826.3,90363.2,85261.3,86201.6,18228465277.9771,7780804277,8099294972,7542617644,7599854071,0.006213,0.01,0.005014,0.006227,0.004665,0.008067,0.002671,0.007317,0.00387,0.007573,0.002567,0.005316,68.59,31.41,2.18,70.86,29.14,2.43,67.65,32.35,2.09,7760668.97905,6517023.78134,10325340.05005,9403566.63964,103253060.3819,1180.027,326771103.3106,3700.129,103253060.3819,1180.027,326771103.3106,3700.129
2025-12-18,86201.6,89447.9,84408.6,85469.7,19927277014.4514,7599854071,7931360903,7538976537,7674320815,0.006227,0.01,-0.001556,0.005463,0.007317,0.009573,0.001601,0.004805,0.005316,0.009462,0.001284,0.003282,71.03,28.97,2.45,73.47,26.53,2.77,68.93,31.07,2.22,9324613.54748,8123422.39201,12846409.37378,14045208.38161,348596892.3803,4068.354,150532458.4405,1738.065,348596892.3803,4068.354,150532458.4405,1738.065
2025-12-19,85469.8,89374.6,85062.7,88100,15617336759.1028,7674320815,8281229682,7640359719,8104373130,0.005463,0.01,0.005228,0.01,0.004805,0.009628,0.003041,0.007473,0.003282,0.00939,0.00174,0.006681,70.94,29.06,2.44,72.99,27.01,2.7,68.88,31.12,2.21,4130090.77399,6453270.86916,4900751.89899,8289046.74216,135050693.6734,1586.084,125550105.3628,1463.134,135050693.6734,1586.084,125550105.3628,1463.134
2025-12-20,88100,88551.8,87698.5,88320.8,3171782779.8543,8087732826,8152540898,8035040075,8057069017,0.008022,0.009659,0.000907,0.009659,0.004585,0.00756,0.000786,0.00756,0.004607,0.007678,0.00027,0.007678,61.04,38.96,1.57,63.8,36.2,1.76,68.51,31.49,2.18,492159.8014,755809.9061,514468.2308,775180.4548,139577871.5921,1591.008,147737278.854,1669.933,139577871.5921,1591.008,147737278.854,1669.933
2025-12-21,88320.7,89050,87548.5,88621.3,5968133896.0551,8057069017,8057069017,8057069017,8057069017,0.009659,0.01,0.001187,0.004369,0.00756,0.007955,0.002493,0.00647,0.007678,0.00855,0.002216,0.005403,61.01,38.99,1.57,65.21,34.79,1.87,69.22,30.78,2.25,1766832.0482,2547967.06135,1949235.428,2897548.66135,129204383.2249,1469.136,114838830.7183,1295.064,129204383.2249,1469.136,114838830.7183,1295.064
2025-12-22,88621.3,90599,87845,88581.5,13786626325.129,7963608210,8322545779,7870637997,8070043769,0.004369,0.009008,0.002351,0.002602,0.00647,0.008457,0.000848,0.00485,0.005403,0.007714,0.000959,0.003183,63.11,36.89,1.71,67.02,32.98,2.03,69.33,30.67,2.26,5700268.16281,3938459.39655,8689052.46791,5707436.37025,350786586.95,3979.457,180244769.9864,2023.788,350786586.95,3979.457,180244769.9864,2023.788
2025-12-23,88581.5,88904.9,86536,87463,11714876244.4018,8070043769,8319218975,7931232238,8319218975,0.002602,0.01,0.000844,0.01,0.00485,0.008949,0.000099,0.008455,0.003183,0.007891,-0.000842,0.007104,65.56,34.44,1.9,69.16,30.84,2.24,69.73,30.27,2.3,5797006.56277,2445126.73541,6981659.78997,3341720.41791,115237726.2696,1306.525,93741472.5368,1054.7,115237726.2696,1306.525,93741472.5368,1054.7
2025-12-24,87463.1,87849.9,86355,87318.7,6007325207.0485,8319218975,8377548325,8093686705,8184425869.0462,0.01,0.01,0.003466,0.008847,0.006773,0.008982,0.004768,0.008893,0.007104,0.007104,0.007104,0.007104,70.45,29.55,2.38,73.2,26.8,2.73,69.98,30.02,2.33,2280058.46,3594498.42,3172179.37,3725758.55,142505718.3137,1639.168,139626722.3167,1592.07,142846804.8441,1643.052,139616232.341,1591.946
