time,open,high,low,close,volume_usd,open_interest_open,open_interest_high,open_interest_low,open_interest_close,funding_rate_open,funding_rate_high,funding_rate_low,funding_rate_close,funding_rate_oi_weight_open,funding_rate_oi_weight_high,funding_rate_oi_weight_low,funding_rate_oi_weight_close,funding_rate_vol_weight_open,funding_rate_vol_weight_high,funding_rate_vol_weight_low,funding_rate_vol_weight_close,global_long_short_account_ratio_global_account_long_percent,global_long_short_account_ratio_global_account_short_percent,global_long_short_account_ratio_global_account_long_short_ratio,top_long_short_account_ratio_top_account_long_percent,top_long_short_account_ratio_top_account_short_percent,top_long_short_account_ratio_top_account_long_short_ratio,top_long_short_position_ratio_top_position_long_percent,top_long_short_position_ratio_top_position_short_percent,top_long_short_position_ratio_top_position_long_short_ratio,liquidation_long_liquidation_usd,liquidation_short_liquidation_usd,liquidation_aggregated_aggregated_long_liquidation_usd,liquidation_aggregated_aggregated_short_liquidation_usd,ask_bids_bids_usd,ask_bids_bids_quantity,ask_bids_asks_usd,ask_bids_asks_quantity,aggregated_ask_bids_aggregated_bids_usd,aggregated_ask_bids_aggregated_bids_quantity,aggregated_ask_bids_aggregated_asks_usd,aggregated_ask_bids_aggregated_asks_quantity
2020-12-25,0.004182,0.004615,0.00413,0.004425,21497661.265562,1549870,2094260,1549870,1913678,0.01,0.01,0.01,0.01,0.00743375,0.0215125,0.00743375,0.01771307,,,,,47.44,52.56,0.9,42.99,57.01,0.75,49.38,50.62,0.98,31136.796826,25293.184551,31136.796826,25293.184551,,,,,,,,
2020-12-26,0.004425,0.004673,0.004377,0.004491,16548597.157791,1852516,2136030,1852516,2136030,0.01,0.01,0.01,0.01,0.01700619,0.02520356,0.00509386,0.0229452,,,,,48.44,51.56,0.94,43.86,56.14,0.78,48.54,51.46,0.94,25634.505351,5141.161557,25634.505351,5141.161557,,,,,,,,
2020-12-27,0.004495,0.004841,0.004387,0.004682,17854759.948828,1899213,2683104,1899213,2683104,0.01,0.097778,0.01,0.0523,0.01936946,0.08235332,0.01936946,0.05130572,,,,,53.93,46.07,1.17,51.9,48.1,1.08,49.02,50.98,0.96,55875.241346,27668.056014,55875.241346,27668.056014,,,,,,,,
2020-12-28,0.004685,0.004744,0.004429,0.004584,11471593.760268,2769174,2945466,2522351,2945466,0.038748,0.081311,0.01,0.069835,0.04571468,0.06876422,0.03007996,0.06554651,,,,,56.02,43.98,1.27,51.94,48.06,1.08,49.75,50.25,0.99,27769.789389,5826.172368,27769.789389,5826.172368,,,,,,,,
2020-12-29,0.004581,0.004669,0.004321,0.004335,11489829.364251,2903298,3002407,2218568,2226149,0.060772,0.072366,0.01,0.01,0.06435281,0.07282347,0.02212892,0.02586712,,,,,60.43,39.57,1.53,57.07,42.93,1.33,49.51,50.49,0.98,67435.396224,31812.9693,67435.396224,31812.9693,,,,,,,,
2020-12-30,0.004335,0.004689,0.00424,0.004653,9512368.236778,2068538,2545369,1947351,2545369,0.01,0.068411,0.01,0.02502,0.02231583,0.06681328,0.02231583,0.03404071,,,,,55.91,44.09,1.27,52.54,47.46,1.11,50.14,49.86,1.01,19708.575489,12695.542564,19708.575489,12695.542564,,,,,,,,
2020-12-31,0.004653,0.004775,0.004522,0.004631,9803539.424654,2529685,2553212,2229320,2300807,0.016744,0.077427,0.016744,0.042734,0.02815614,0.06665258,0.02676121,0.04022342,,,,,53.18,46.82,1.14,47.29,52.71,0.9,48.29,51.71,0.93,17890.65421,19206.177734,17890.65421,19206.177734,,,,,,,,
2021-01-01,0.00463,0.005021,0.004569,0.004924,10293402.958702,2329237,2849342,2306972,2794792,0.042069,0.114725,0.01,0.01,0.04179831,0.0821811,0.01283636,0.01321007,,,,,55.12,44.88,1.23,52.76,47.24,1.12,49.74,50.26,0.99,34784.997142,71877.138496,34784.997142,71877.138496,,,,,,,,
2021-01-02,0.00493,0.009551,0.004911,0.008612,322425554.451254,2740418,6639941,2740418,6639941,0.01,0.052345,-0.439045,0.01,0.01414434,0.04511259,-0.3723455,0.00523147,,,,,43.62,56.38,0.77,38.73,61.27,0.63,50.09,49.91,1.0,7952945.272743,11894699.567199,7952945.272743,11894699.567199,,,,,,,,
2021-01-03,0.008599,0.014076,0.008163,0.01241,1107197936.082261,8923696,13121286,7662848,9413639,0.01,0.136414,-0.068782,0.122738,-0.0020415,0.11619374,-0.06640183,0.10816644,,,,,41.47,58.53,0.71,39.45,60.55,0.65,51.51,48.49,1.06,4513143.421579,3233964.88476,4513143.421579,3233964.88476,,,,,,,,
2021-01-04,0.012404,0.012662,0.0077,0.010162,356197655.79527,8473020,8473020,5433754,5754675,0.165088,0.286882,-0.011023,0.01,0.14068518,0.23197491,-0.02700878,-0.01862423,,,,,53.11,46.89,1.13,52.41,47.59,1.1,50.33,49.67,1.01,1411358.70097,736519.903296,1411358.70097,736519.903296,,,,,,,,
2021-01-05,0.010162,0.010385,0.008848,0.009426,126377501.975106,6438647,6438647,4157854,4205517,0.01,0.054392,0.01,0.054392,-0.01502783,0.04310239,-0.01502783,0.04310239,,,,,57.47,42.53,1.35,54.92,45.08,1.22,49.45,50.55,0.98,389787.73527,229922.765947,389787.73527,229922.765947,,,,,,,,
2021-01-06,0.009428,0.011077,0.009304,0.01005,100629199.188082,4312416,6741346,4312416,6118921,0.071292,0.216198,0.071292,0.076039,0.06324655,0.15383667,0.06035357,0.06410995,,,,,62.24,37.76,1.65,57.18,42.82,1.34,46.56,53.44,0.87,454739.137316,218297.352674,454739.137316,218297.352674,,,,,,,,
2021-01-07,0.010052,0.010635,0.009533,0.010215,54112037.737559,5902237,6450383,4444609,5046675,0.076771,0.188785,0.01,0.016577,0.0702392,0.12741211,0.00136712,0.02366153,,,,,60.27,39.73,1.52,55.98,44.02,1.27,47.2,52.8,0.89,450283.605405,22802.659731,450283.605405,22802.659731,,,,,,,,
2021-01-08,0.01022,0.010281,0.008767,0.009427,50262553.818273,5034372,5218531,3589265,4224661,0.014533,0.064768,0.01,0.01,0.01746121,0.04157115,-0.001622,0.03059207,,,,,62.25,37.75,1.65,58.41,41.59,1.4,49.59,50.41,0.98,205949.853156,98275.549386,205949.853156,98275.549386,,,,,,,,
2021-01-09,0.009439,0.010809,0.00903,0.010266,51284528.981957,4088151,5725705,3685334,5725705,0.013789,0.219276,0.01,0.208245,0.03349044,0.16300977,0.00906411,0.15051104,,,,,63.11,36.89,1.71,58.44,41.56,1.41,48.51,51.49,0.94,174975.525026,67009.124728,174975.525026,67009.124728,,,,,,,,
2021-01-10,0.010258,0.010981,0.00953,0.010153,52557021.884536,5631995,6895390,4692222,4692222,0.199761,0.334793,0.014449,0.085409,0.14301451,0.24962876,0.02505378,0.06093628,,,,,67.96,32.04,2.12,68.19,31.81,2.14,50.17,49.83,1.01,547792.89111,33256.529207,547792.89111,33256.529207,,,,,,,,
2021-01-11,0.010153,0.010215,0.007407,0.007459,56136232.621603,4479202,4479202,2814206,2826586,0.086668,0.086668,-0.007081,0.01,0.06000398,0.07729545,-0.01981919,0.0017026,,,,,63.78,36.22,1.76,65.58,34.42,1.91,52.51,47.49,1.11,551692.796464,140506.15755,551692.796464,140506.15755,,,,,,,,
2021-01-12,0.007466,0.009154,0.00666,0.008161,47904935.425422,2769614,2776618,2240725,2298786,0.01,0.01,0.01,0.01,-0.00216118,0.00837149,-0.01596533,-0.00890433,,,,,52.67,47.33,1.11,49.88,50.12,1.0,51.87,48.13,1.08,169720.334121,34808.170924,169720.334121,34808.170924,,,,,,,,
2021-01-13,0.008162,0.008551,0.007729,0.008171,23721959.6506,2323367,3081328,2296817,3081328,0.01,0.01,0.01,0.01,-0.02530408,0.02658836,-0.02530408,0.02658836,,,,,52.67,47.33,1.11,49.88,50.12,1.0,49.7,50.3,0.99,24715.310322,40018.168398,24715.310322,40018.168398,,,,,,,,
2021-01-14,0.008172,0.010109,0.008107,0.009624,31536983.653017,3040139,4082005,3040139,4082005,0.01,0.063289,0.01,0.04035,0.01690464,0.05644416,0.00875675,0.04272422,,,,,61.99,38.01,1.63,53.64,46.36,1.16,48.49,51.51,0.94,272065.962847,109464.121694,272065.962847,109464.121694,,,,,,,,
2021-01-15,0.009625,0.009899,0.008499,0.008665,57892384.139285,4615535,5771977,4261825,4923225,0.052335,0.11254,0.01,0.01,0.0555649,0.10562199,0.01023494,0.02801716,,,,,67.89,32.11,2.11,62.75,37.25,1.69,49.28,50.72,0.97,443522.942264,41484.735431,443522.942264,41484.735431,,,,,,,,
2021-01-16,0.008662,0.0096,0.008308,0.009384,26234067.019666,3955430,3955430,3048414,3476611,0.01,0.068648,0.01,0.041463,0.0335055,0.05907841,-0.00156191,0.04001523,,,,,65.25,34.75,1.88,62.6,37.4,1.67,49.62,50.38,0.99,82544.049104,26630.622213,82544.049104,26630.622213,,,,,,,,
2021-01-17,0.009391,0.009454,0.008764,0.009184,21981352.888696,3550041,3563337,2950965,3023564,0.033087,0.034896,0.01,0.025387,0.03917046,0.04539968,0.00963495,0.03672807,,,,,69.19,30.81,2.25,66.27,33.73,1.97,49.27,50.73,0.97,162347.118178,14708.570817,162347.118178,14708.570817,,,,,,,,
2021-01-18,0.009185,0.009438,0.00893,0.009135,21686627.977796,3101373,4554309,3101373,4378493,0.030636,0.140359,0.030636,0.110976,0.03952256,0.09961103,0.03225835,0.07778013,,,,,74.46,25.54,2.92,71.18,28.82,2.47,49.59,50.41,0.98,66727.234902,3790.794863,66727.234902,3790.794863,,,,,,,,
2021-01-19,0.00914,0.009688,0.008926,0.009243,23662984.628496,4450872,5727674,4381811,5533876,0.107583,0.246377,0.101695,0.130816,0.0822143,0.18545585,0.0822143,0.10755858,,,,,76.19,23.81,3.2,71.94,28.06,2.56,48.51,51.49,0.94,162873.881955,30747.493366,162873.881955,30747.493366,,,,,,,,
2021-01-20,0.009242,0.009293,0.008601,0.008678,19480374.260467,4589975,4589975,3448565,3700590,0.112936,0.124362,0.01,0.01,0.09669467,0.09669467,0.00176075,0.01070485,,,,,79.07,20.93,3.78,73.82,26.18,2.82,47.63,52.37,0.91,239028.847232,17198.96262,239028.847232,17198.96262,,,,,,,,
2021-01-21,0.00868,0.009124,0.008242,0.008328,17305601.56892,3731496,3733252,2701589,2701589,0.016999,0.016999,0.01,0.01,0.01665117,0.01665117,-0.00481855,0.00694821,,,,,71.52,28.48,2.51,67.74,32.26,2.1,49.34,50.66,0.97,194302.06892,11130.011544,194302.06892,11130.011544,,,,,,,,
2021-01-22,0.008325,0.008765,0.007527,0.008557,22016316.034257,2707068,2986321,2436284,2764069,0.01,0.01,0.003568,0.01,0.00808028,0.00808028,-0.01235349,0.00504022,,,,,69.31,30.69,2.26,64.86,35.14,1.85,49.39,50.61,0.98,168725.98982,16690.571052,168725.98982,16690.571052,,,,,,,,
2021-01-23,0.008554,0.00881,0.008351,0.008543,14138611.580592,2756237,3127371,2667548,2840170,0.01,0.01,0.01,0.01,0.00244078,0.00930933,-0.00066328,0.00720233,,,,,69.81,30.19,2.31,63.2,36.8,1.72,48.91,51.09,0.96,52410.006244,5468.844187,52410.006244,5468.844187,,,,,,,,
2021-01-24,0.008546,0.008982,0.008485,0.008777,13727009.024467,2851107,3540330,2847402,2904961,0.01,0.024935,0.01,0.01,0.00235623,0.0182123,-0.00753449,0.00387074,,,,,74.65,25.35,2.95,70.31,29.69,2.37,49.24,50.76,0.97,39700.821515,19204.013602,39700.821515,19204.013602,,,,,,,,
2021-01-25,0.008775,0.008901,0.008492,0.008677,14234867.17294,2922134,3651265,2922134,3024102,0.01,0.025733,0.01,0.01,0.00323712,0.02090937,-0.00052047,0.01171464,,,,,73.22,26.78,2.73,69.51,30.49,2.28,49.35,50.65,0.97,130983.272575,17796.831609,130983.272575,17796.831609,,,,,,,,
2021-01-26,0.008673,0.008693,0.007933,0.008141,13222439.707145,2940398,3033208,2734626,3033208,0.01,0.01,0.01,0.01,0.01334528,0.01334528,-0.01055699,-0.01055699,,,,,82.81,17.19,4.82,80.77,19.23,4.2,49.3,50.7,0.97,130694.336832,5317.061269,130694.336832,5317.061269,,,,,,,,
2021-01-27,0.008141,0.008325,0.007235,0.007617,14634731.916614,2997117,3249395,2852902,3101671,0.01,0.01,-0.050345,0.008874,-0.00995336,-0.00721619,-0.05129906,-0.01841876,,,,,85.14,14.86,5.73,85.09,14.91,5.71,49.34,50.66,0.97,205555.823594,14332.96599,205555.823594,14332.96599,,,,,,,,
2021-01-28,0.007622,0.027437,0.00727,0.018061,1405475336.714516,3005180,31436436,2982422,31436436,0.009143,0.115599,-0.286089,-0.212757,-0.023882,0.09204731,-0.31534722,-0.16975198,,,,,78.06,21.94,3.56,77.11,22.89,3.37,49.76,50.24,0.99,39465732.419186,48121648.978586,39465732.419186,48121648.978586,,,,,,,,
2021-01-29,0.018092,0.0887,0.015112,0.054967,6770635406.941846,41910456,77767394,24598877,38383136,-0.200184,-0.110079,-0.75,-0.37667,-0.13899465,-0.13899465,-1.39058936,-0.37998721,,,,,58.46,41.54,1.41,51.87,48.13,1.08,48.75,51.25,0.95,94088561.472155,78369891.908534,94088561.472155,78369891.908534,,,,,,,,
2021-01-30,0.054904,0.059999,0.02833,0.031697,2352309422.058105,32050980,34687685,22726891,34687685,-0.394822,0.023993,-0.394822,0.01,-0.33104104,0.05153711,-0.33104104,-0.00760789,,,,,66.17,33.83,1.96,70.75,29.25,2.42,49.47,50.53,0.98,15447364.333539,11758792.834028,15447364.333539,11758792.834028,,,,,,,,
2021-01-31,0.031693,0.034688,0.022147,0.028355,1153777706.178697,28986792,41394257,27185530,36316079,0.01,0.01,-0.74946,-0.718782,-0.03802438,0.01549059,-0.49635052,-0.47085004,,,,,73.21,26.79,2.73,75.28,24.72,3.05,49.25,50.75,0.97,11060032.495847,8940868.920242,11060032.495847,8940868.920242,,,,,,,,
2021-02-01,0.028349,0.047891,0.028047,0.039546,1645643837.510647,33337860,33337860,19984143,19984143,-0.608883,0.122208,-0.608883,-0.057894,-0.40072108,0.09545316,-0.51729095,-0.04700395,,,,,72.6,27.4,2.65,71.78,28.22,2.54,48.74,51.26,0.95,5488571.267556,2135248.402113,5488571.267556,2135248.402113,,,,,,,,
2021-02-02,0.039575,0.041382,0.028768,0.030721,479432426.163115,17948919,19557289,16663181,19557289,-0.010625,0.093943,-0.018449,0.03175,0.00899365,0.09261731,-0.04415343,0.0403803,,,,,69.58,30.42,2.29,70.3,29.7,2.37,50.3,49.7,1.01,1591030.283063,864206.231891,1602190.283063,867676.231891,,,,,,,,
2021-02-03,0.030739,0.034182,0.030079,0.031568,244648461.135656,18887059,25838236,18887059,24795362,0.021598,0.21574,0.01348,0.144884,0.03968489,0.18286471,0.02774996,0.11885979,,,,,75.08,24.92,3.01,73.86,26.14,2.83,49.37,50.63,0.98,1648520.785685,2028021.192124,1732940.785685,2031671.192124,,,,,,,,
2021-02-04,0.031566,0.061316,0.031065,0.046942,2363668757.966651,24634803,46131986,22817894,32397160,0.140984,0.362077,-0.081966,-0.014627,0.12477085,0.2614897,-0.13807216,-0.09131767,,,,,71.27,28.73,2.48,64.04,35.96,1.78,47.93,52.07,0.92,25315681.343686,15910563.463707,26568441.343686,16057933.463707,,,,,,,,
2021-02-05,0.046927,0.056429,0.041622,0.045878,1126921835.831043,37542055,37542055,27250069,30492201,-0.008693,0.157131,-0.097321,0.070302,-0.07496277,0.1043895,-0.1063257,0.10235205,,,,,70.1,29.9,2.34,70.6,29.4,2.4,51.37,48.63,1.06,4032842.161671,1141548.945836,4582142.161671,1183588.945836,,,,,,,,
2021-02-06,0.045873,0.051803,0.043959,0.05068,582665916.031171,30162715,51562129,26373206,51562129,0.068655,0.215028,0.021485,0.215028,0.10778292,0.1790199,0.01881288,0.1790199,,,,,76.49,23.51,3.25,75.4,24.6,3.07,48.82,51.18,0.95,1999942.631968,3220781.107737,2201382.631968,3359181.107737,,,,,,,,
2021-02-07,0.050677,0.065753,0.049658,0.063647,1497884489.649348,52063925,61874205,40818041,61874205,0.191851,0.226671,0.073609,0.092533,0.17196884,0.21428056,0.05129266,0.07607239,,,,,73.95,26.05,2.84,72.57,27.43,2.65,49.87,50.13,1.0,14195193.175647,19347192.865159,15614863.175647,20329892.865159,,,,,,,,
2021-02-08,0.063646,0.08781,0.063154,0.081457,3223645901.770436,56614476,64355932,48027888,53956067,0.061069,0.40263,0.057551,0.247952,0.04310745,0.2565879,0.02480105,0.16193472,,,,,61.47,38.53,1.6,61.08,38.92,1.57,50.47,49.53,1.02,14701750.529168,6661338.899653,16537880.529168,7038178.899653,,,,,,,,
2021-02-09,0.081414,0.08578,0.069432,0.0726,1192689913.187929,55160317,65303230,42240306,42240306,0.240083,0.398257,0.01,0.042729,0.19614057,0.26283522,-0.11703996,0.00619068,,,,,66.5,33.5,1.99,67.27,32.73,2.06,49.87,50.13,1.0,11303842.715582,2488258.810135,13633952.715582,2564978.810135,,,,,,,,
2021-02-10,0.072641,0.082722,0.063647,0.075366,1319714691.829943,41901084,49898022,37538165,47173927,0.049297,0.288147,0.01,0.01,-0.00475392,0.16990563,-0.10146316,-0.02763057,,,,,70.49,29.51,2.39,69.74,30.26,2.31,50.18,49.82,1.01,7222639.133898,3155104.132315,8207349.133898,3267414.132315,,,,,,,,
2021-02-11,0.075409,0.0783,0.071029,0.071751,528761256.215543,46081393,51404612,43896401,49512406,0.01,0.370384,0.01,0.243986,-0.08173117,0.25586357,-0.08544075,0.21261154,,,,,77.07,22.93,3.36,74.35,25.65,2.9,48.31,51.69,0.94,2419232.473435,260073.0839,2867362.473435,264893.0839,,,,,,,,
2021-02-12,0.071755,0.0731,0.061374,0.067357,542558928.766111,50284200,50284200,45528721,49331667,0.236478,0.374296,0.184223,0.374296,0.20832059,0.25160901,0.13971569,0.25160901,,,,,79.62,20.38,3.91,76.75,23.25,3.3,48.91,51.09,0.96,4842802.515302,1102464.39843,5462822.515302,1202614.39843,,,,,,,,
2021-02-13,0.067332,0.073498,0.065748,0.066373,380602559.188552,48891484,50106197,42387603,42852197,0.376772,0.496854,0.223029,0.268685,0.25203328,0.32020491,0.18329459,0.19585643,,,,,79.18,20.82,3.8,76.49,23.51,3.25,49.11,50.89,0.97,1933521.891908,140122.650436,2103831.891908,140122.650436,,,,,,,,
2021-02-14,0.066363,0.066764,0.0556,0.062711,565804392.325435,42687934,44843116,37555395,38410361,0.243545,0.506042,0.100417,0.1537,0.17113806,0.28126507,0.14325606,0.2070065,,,,,77.08,22.92,3.36,72.38,27.62,2.62,49.13,50.87,0.97,7692247.434388,1455868.257908,9232697.434388,1688928.257908,,,,,,,,
2021-02-15,0.062711,0.0644,0.046086,0.056511,705135915.089664,41957721,41957721,28566747,28687610,0.157468,0.181588,0.01,0.107432,0.20176201,0.20176201,0.02933505,0.062017,,,,,70.95,29.05,2.44,67.05,32.95,2.04,49.32,50.68,0.97,11531597.057163,2033221.163386,14238417.057163,2153951.163386,,,,,,,,
2021-02-16,0.056514,0.059981,0.050653,0.053591,365330588.285845,27437645,31645049,27437645,29629310,0.068411,0.151098,0.019409,0.019409,0.04637659,0.09310624,0.03236917,0.04006947,,,,,67.41,32.59,2.07,63.89,36.11,1.77,49.6,50.4,0.98,2308072.943081,585571.82428,2614472.943081,617281.82428,,,,,,,,
2021-02-17,0.053598,0.05528,0.047825,0.049527,284474001.281136,29843607,36058471,27727396,36058471,0.026701,0.2773,0.026701,0.275401,0.05357645,0.19680285,0.0196097,0.19680285,,,,,67.91,32.09,2.12,63.23,36.77,1.72,49.61,50.39,0.99,2208449.079728,223205.753786,2526859.079728,224205.753786,,,,,,,,
2021-02-18,0.049527,0.064735,0.049046,0.058838,716000516.862115,36073982,47434139,36073982,47434139,0.235626,0.330894,0.189508,0.189508,0.16239079,0.25252786,0.14784194,0.17217564,,,,,69.76,30.24,2.31,66.74,33.26,2.01,49.22,50.78,0.97,2881692.047579,4798638.891353,3067522.047579,5109378.891353,,,,,,,,
2021-02-19,0.058828,0.059839,0.054,0.05519,311776289.04704,44576838,44576838,39422044,41552631,0.155885,0.408707,0.107708,0.37415,0.15667477,0.2400604,0.07497766,0.21410713,,,,,78.72,21.28,3.7,75.3,24.7,3.05,48.19,51.81,0.93,2579084.612386,338476.952086,2745074.612386,345686.952086,,,,,,,,
2021-02-20,0.055172,0.061578,0.050264,0.054153,427842234.767055,41862043,48357389,36785824,36785824,0.347113,0.481093,0.046656,0.046656,0.21007123,0.28761513,0.13321925,0.13321925,,,,,78.72,21.28,3.7,75.3,24.7,3.05,48.19,51.81,0.93,6610544.516415,952363.296418,7663264.516415,1007753.296418,,,,,,,,
2021-02-21,0.054154,0.05985,0.05325,0.056063,296092279.062476,36187729,40261401,35834865,40261401,0.017331,0.224046,0.01,0.158775,0.12425882,0.13996698,-0.0013428,0.10939891,,,,,83.59,16.41,5.09,81.35,18.65,4.36,52.38,47.62,1.1,973313.913322,433518.246735,987863.913322,435928.246735,,,,,,,,
2021-02-22,0.05609,0.061123,0.04791,0.053657,415663681.470666,39802722,46637349,24299797,25462243,0.15341,0.193179,-0.058534,0.01,0.11279825,0.1270688,-0.08232222,0.01517696,,,,,77.08,22.92,3.36,71.84,28.16,2.55,48.6,51.4,0.95,7789452.890936,877127.188268,9941852.890936,944507.188268,,,,,,,,
2021-02-23,0.053635,0.053913,0.04139,0.04768,303282643.257993,25600822,25600822,16082491,16780381,0.01,0.01,0.01,0.01,0.01064561,0.02216612,0.00206501,0.00266797,,,,,78.66,21.34,3.69,77.13,22.87,3.37,49.29,50.71,0.97,4353510.986222,514692.441852,5163860.986222,521612.441852,,,,,,,,
2021-02-24,0.04768,0.060384,0.045925,0.056731,541100801.070656,16911686,37148160,16406288,33503710,0.01,0.01,-0.200324,-0.042814,0.00662882,0.01689519,-0.14137875,-0.08472368,,,,,64.35,35.65,1.81,60.25,39.75,1.52,50.19,49.81,1.01,2253564.21153,2169160.530633,2423754.21153,2401450.530633,,,,,,,,
2021-02-25,0.056747,0.058097,0.049294,0.049879,255428776.518794,34011538,34703077,31235339,32462212,-0.031443,0.006148,-0.107132,-0.097616,-0.07980681,-0.00238171,-0.07980681,-0.05406329,,,,,74.39,25.61,2.91,74.17,25.83,2.87,48.9,51.1,0.96,1807467.861543,341428.626555,2425727.861543,367898.626555,,,,,,,,
2021-02-26,0.04988,0.05255,0.048416,0.050426,167720211.065349,31226330,31226330,25167062,25168981,-0.077783,0.01,-0.103381,-0.034455,-0.03755178,0.00307488,-0.06221573,-0.02652003,,,,,75.98,24.02,3.16,75.85,24.15,3.14,49.81,50.19,0.99,484276.932652,290162.664804,625816.932652,320722.664804,,,,,,,,
2021-02-27,0.050444,0.052263,0.049067,0.050115,114446985.284016,25132902,25139708,20455061,20455061,-0.02479,0.01,-0.02479,0.01,-0.02061076,0.01596299,-0.02061076,0.00021052,,,,,77.12,22.88,3.37,74.42,25.58,2.91,49.58,50.42,0.98,322818.386431,39071.612371,345108.386431,39451.612371,,,,,,,,
2021-02-28,0.050099,0.050286,0.0446,0.048171,124145328.164719,20098934,20098934,15889760,16395383,0.01,0.01,0.01,0.01,0.00472337,0.00932183,-0.01488458,0.00481837,,,,,77.0,23.0,3.35,72.82,27.18,2.68,49.53,50.47,0.98,1213396.212381,317063.073436,1551506.212381,352633.073436,,,,,,,,
2021-03-01,0.048147,0.052958,0.047883,0.050613,133204545.016582,16194334,19003351,15711605,18761879,0.01,0.01,0.01,0.01,0.00381536,0.00816176,-0.01479032,-0.0098562,,,,,73.88,26.12,2.83,71.35,28.65,2.49,49.88,50.12,1.0,482702.246437,203043.432955,509292.246437,233103.432955,,,,,,,,
2021-03-02,0.050615,0.052463,0.049104,0.050227,97645582.473921,18901054,20118627,18336521,20118627,0.01,0.01,-0.057375,-0.057375,-0.0015579,0.01078109,-0.03143856,-0.03143856,,,,,79.1,20.9,3.79,76.29,23.71,3.22,48.8,51.2,0.95,499888.867365,83459.918335,514958.867365,96739.918335,,,,,,,,
2021-03-03,0.050225,0.052298,0.049778,0.050425,90175011.14302,20844816,22569970,20610704,21071609,-0.094962,0.027814,-0.121872,0.01,-0.04538413,0.02143268,-0.06118288,0.01213681,,,,,80.16,19.84,4.04,78.24,21.76,3.6,49.34,50.66,0.97,132325.165771,40908.292223,157145.165771,41228.292223,,,,,,,,
2021-03-04,0.050429,0.051227,0.04752,0.049999,89877033.207227,20893117,21095303,18804787,19330039,0.01,0.044798,0.01,0.01,0.00869109,0.03443026,0.00869109,0.02275517,,,,,83.14,16.86,4.93,80.97,19.03,4.26,48.83,51.17,0.95,834303.565436,75483.135647,1197543.565436,126053.135647,,,,,,,,
2021-03-05,0.049999,0.051122,0.048,0.04953,84446200.255058,19330920,19740379,17838612,19631150,0.01,0.029472,0.01,0.01,0.02199827,0.02199827,0.00217927,0.00988186,,,,,79.09,20.91,3.78,76.67,23.33,3.29,49.62,50.38,0.99,302782.359477,40443.9499,486722.359477,44603.9499,,,,,,,,
2021-03-06,0.049524,0.052759,0.049037,0.05093,151468602.065482,19625982,24579489,19198199,21974976,0.01,0.01,0.01,0.01,0.0126636,0.01810504,0.00056293,0.01404595,,,,,83.18,16.82,4.95,80.95,19.05,4.25,48.87,51.13,0.96,427976.905817,281886.324726,450176.905817,292046.324726,,,,,,,,
2021-03-07,0.050949,0.052735,0.0504,0.052056,73649430.148238,21845834,23259077,21845834,22059941,0.01,0.01,0.01,0.01,0.00418818,0.01632429,-0.00110128,0.01029514,,,,,80.96,19.04,4.25,79.26,20.74,3.82,49.4,50.6,0.98,87259.125208,41947.097225,87259.125208,44307.097225,,,,,,,,
2021-03-08,0.05208,0.06324,0.05165,0.063076,390142653.199995,22169063,32708282,21883528,31487800,0.01,0.087184,0.01,0.010715,0.01643825,0.06199649,0.01643825,0.02693778,,,,,80.47,19.53,4.12,78.68,21.32,3.69,49.16,50.84,0.97,836723.263611,2250437.960874,955983.263611,2540827.960874,,,,,,,,
2021-03-09,0.063041,0.06317,0.05604,0.058013,197551862.07673,32132106,40359290,31774449,34986353,0.034697,0.203116,0.034697,0.140434,0.04019132,0.16701831,0.04019132,0.12671878,,,,,76.89,23.11,3.33,72.88,27.12,2.69,48.59,51.41,0.95,1093040.132634,184383.867297,1180250.132634,187143.867297,,,,,,,,
2021-03-10,0.058013,0.058889,0.054396,0.055951,128085550.205591,34541435,35467394,28592877,28716194,0.139493,0.144102,0.043457,0.059667,0.1285904,0.1285904,0.05339878,0.05996248,,,,,81.12,18.88,4.3,79.52,20.48,3.88,49.2,50.8,0.97,1462243.578734,73728.774143,1698813.578734,73798.774143,,,,,,,,
2021-03-11,0.05594,0.057093,0.054328,0.056056,98394955.665689,28848987,28888985,23786540,25393253,0.04974,0.130224,0.02829,0.130224,0.06030204,0.08707686,0.04530059,0.08246261,,,,,79.42,20.58,3.86,77.09,22.91,3.37,49.29,50.71,0.97,272365.753787,53375.481517,274295.753787,53575.481517,,,,,,,,
2021-03-12,0.056051,0.057162,0.054103,0.055367,90518089.570933,25054434,25970245,23268405,23268405,0.121157,0.130416,0.070333,0.07964,0.07780947,0.09895976,0.06601007,0.06830072,,,,,79.61,20.39,3.9,75.3,24.7,3.05,48.93,51.07,0.96,495255.182787,55683.775204,520195.182787,57833.775204,,,,,,,,
2021-03-13,0.055363,0.063079,0.054768,0.062816,211896317.954252,23661662,26258137,22802131,26258137,0.08475,0.245321,0.079765,0.215771,0.0695627,0.15693706,0.0512717,0.14307446,,,,,78.8,21.2,3.72,73.99,26.01,2.85,49.14,50.86,0.97,413411.356933,604205.087714,430001.356933,689935.087714,,,,,,,,
2021-03-14,0.062822,0.064,0.058168,0.058168,275728162.962155,26682887,33927424,26682887,31837123,0.200142,0.221436,0.103257,0.157724,0.14203256,0.16543953,0.06710471,0.09161915,,,,,72.48,27.52,2.63,67.09,32.91,2.04,48.19,51.81,0.93,1784335.714967,421698.528394,2114925.714967,426738.528394,,,,,,,,
2021-03-15,0.058168,0.059973,0.054975,0.05708,146313142.852572,31169402,31169402,23249624,23406467,0.13249,0.160699,0.069603,0.094282,0.08086211,0.12628612,0.05554251,0.05801497,,,,,76.52,23.48,3.26,73.29,26.71,2.74,49.13,50.87,0.97,1592303.213558,111847.937669,1987113.213558,112697.937669,,,,,,,,
2021-03-16,0.057047,0.059211,0.05535,0.058765,104895580.944504,23402990,23638211,21952220,22896084,0.076724,0.077204,0.038516,0.072972,0.0498546,0.07163604,0.0498546,0.05156601,,,,,77.24,22.76,3.39,71.33,28.67,2.49,49.18,50.82,0.97,372715.462794,55789.177056,383085.462794,58139.177056,,,,,,,,
2021-03-17,0.058766,0.059111,0.056585,0.05799,66114243.263247,23369703,24597903,23196167,23305416,0.070559,0.116169,0.068805,0.116169,0.04602099,0.07765753,0.03841476,0.07765753,,,,,77.05,22.95,3.36,71.72,28.28,2.54,48.89,51.11,0.96,173627.193478,12397.727246,174397.193478,12397.727246,,,,,,,,
2021-03-18,0.058003,0.059443,0.05703,0.057427,82894208.499361,23184451,26100622,23184451,26100622,0.115242,0.189291,0.115242,0.136118,0.07615954,0.15923914,0.07301389,0.13964125,,,,,76.57,23.43,3.27,72.23,27.77,2.6,49.17,50.83,0.97,249189.717198,21629.459764,250079.717198,21629.459764,,,,,,,,
2021-03-19,0.057416,0.05928,0.05641,0.058323,69781382.509369,26414941,26617767,24204037,26079204,0.116498,0.141714,0.096486,0.116141,0.13964125,0.13964125,0.13964125,0.13964125,,,,,79.22,20.78,3.81,73.97,26.03,2.84,48.49,51.51,0.94,365549.215684,9785.04076,386669.215684,9785.04076,,,,,,,,
2021-03-20,0.058343,0.060729,0.058045,0.058961,105480809.952899,25912121,26543162,25516672,25883990,0.111285,0.192603,0.104336,0.153125,0.08261284,0.10756046,0.07051468,0.09666572,,,,,78.52,21.48,3.66,73.27,26.73,2.74,48.4,51.6,0.94,212017.91818,51465.451801,213767.91818,62285.451801,,,,,,,,
2021-03-21,0.058961,0.059693,0.056718,0.05758,73785063.528457,25885574,27550707,22800768,23069794,0.134779,0.138008,0.077198,0.123593,0.09174193,0.12059492,0.07069625,0.07069625,,,,,77.65,22.35,3.47,72.2,27.8,2.6,48.52,51.48,0.94,725609.774922,18458.998451,928369.774922,18458.998451,,,,,,,,
2021-03-22,0.05758,0.058079,0.05431,0.054912,78485041.641208,23224104,23910117,22586048,23799340,0.105123,0.169997,0.047906,0.047906,0.07271005,0.09729949,0.05675668,0.0869826,,,,,78.4,21.6,3.63,72.54,27.46,2.64,48.93,51.07,0.96,1845026.736624,19627.502353,2174726.736624,21937.502353,,,,,,,,
2021-03-23,0.054919,0.056203,0.052489,0.053431,86095705.967145,23930024,23930024,19404194,20301228,0.037384,0.054006,0.01,0.030527,0.08011078,0.09730806,0.01833267,0.02692665,,,,,74.93,25.07,2.99,68.46,31.54,2.17,49.2,50.8,0.97,1214086.825172,22273.276172,2017346.825172,22273.276172,,,,,,,,
2021-03-24,0.053452,0.056737,0.050628,0.051532,113096020.893902,20362825,20362825,18451512,18451512,0.03203,0.045866,0.01,0.01,0.03139248,0.04162846,0.0202007,0.02239557,,,,,74.42,25.58,2.91,67.6,32.4,2.09,49.38,50.62,0.98,1758736.447096,47127.877066,2344016.447096,50317.877066,,,,,,,,
2021-03-25,0.051503,0.052505,0.049594,0.051311,89315912.706158,18282898,18282898,16488489,16985176,0.01,0.01,0.01,0.01,0.02490338,0.02879503,0.00702524,0.01234899,,,,,72.83,27.17,2.68,66.51,33.49,1.99,49.59,50.41,0.98,377087.02426,67476.529296,638437.02426,68576.529296,,,,,,,,
2021-03-26,0.05131,0.054088,0.05128,0.053992,48077386.78192,16991393,18489574,16915952,18408514,0.01,0.041928,0.01,0.01,0.00961269,0.03249444,0.00961269,0.02816995,,,,,75.22,24.78,3.04,70.08,29.92,2.34,49.4,50.6,0.98,11861.317408,46793.580598,11861.317408,48153.580598,,,,,,,,
2021-03-27,0.053969,0.055532,0.053462,0.054474,63742836.782524,18203818,19017362,17739026,18479585,0.01,0.06642,0.01,0.038092,0.02610089,0.06090025,0.00985258,0.05623037,,,,,74.76,25.24,2.96,68.48,31.52,2.17,49.31,50.69,0.97,103682.515124,63913.416531,103752.515124,66313.416531,,,,,,,,
2021-03-28,0.054471,0.054983,0.053041,0.053726,42377280.960546,18419916,18440753,17337013,17469802,0.035299,0.083283,0.035299,0.071136,0.0600931,0.0600931,0.03583411,0.05598878,,,,,75.83,24.17,3.14,71.19,28.81,2.47,49.48,50.52,0.98,102990.594334,10139.797985,164500.594334,10139.797985,,,,,,,,
2021-03-29,0.053726,0.054772,0.05328,0.054191,50939339.290913,17745618,18218420,17434575,17796975,0.067107,0.093485,0.052245,0.058307,0.0555237,0.09275648,0.0555237,0.09018597,,,,,75.95,24.05,3.16,71.2,28.8,2.47,49.27,50.73,0.97,29570.413809,20528.35826,29570.413809,20528.35826,,,,,,,,
2021-03-30,0.05418,0.055751,0.053801,0.054096,80859078.801621,17838753,22068817,17838753,22068817,0.057862,0.14468,0.057862,0.090795,0.08144351,0.10152093,0.05623434,0.0870941,,,,,79.18,20.82,3.8,74.54,25.46,2.93,49.23,50.77,0.97,63435.831542,9032.366904,63435.831542,9032.366904,,,,,,,,
2021-03-31,0.054107,0.054633,0.051495,0.053814,68034098.05882,21636604,21636604,18468752,18895473,0.093607,0.116681,0.051991,0.116681,0.08045527,0.08045527,0.05922686,0.06598446,,,,,83.53,16.47,5.07,78.82,21.18,3.72,48.76,51.24,0.95,979952.245363,15636.8598,1183092.245363,15636.8598,,,,,,,,
2021-04-01,0.053828,0.07045,0.053716,0.062151,1253003539.035855,18975322,45926766,18677094,42520344,0.115292,0.157864,0.01,0.065816,0.07153267,0.11970906,0.03393517,0.1116187,,,,,80.74,19.26,4.19,76.5,23.5,3.26,48.93,51.07,0.96,8088364.493924,8420028.793399,8700984.493924,8827578.793399,,,,,,,,
2021-04-02,0.062155,0.062937,0.057322,0.057769,183305889.664928,41456098,41456098,30454265,30657255,0.043865,0.238891,0.041683,0.207225,0.11622455,0.20535075,0.06154656,0.1936463,,,,,71.49,28.51,2.51,72.05,27.95,2.58,48.83,51.17,0.95,954008.692286,284634.230656,993868.692286,296054.230656,,,,,,,,
2021-04-03,0.057772,0.059745,0.055539,0.055574,123132778.624182,30544634,30544634,28384097,29375711,0.20842,0.306867,0.060735,0.060735,0.19037742,0.22970586,0.16924408,0.22165173,,,,,79.9,20.1,3.98,77.29,22.71,3.4,48.84,51.16,0.96,1589912.599323,45284.314024,1801932.599323,45284.314024,,,,,,,,
2021-04-04,0.05556,0.057614,0.0551,0.056677,61242955.863924,28616290,28616290,23350871,25038258,0.056597,0.111303,0.050111,0.108766,0.20374336,0.20727956,0.05160917,0.08177676,,,,,79.56,20.44,3.89,76.27,23.73,3.21,49.0,51.0,0.96,292139.191266,32756.357613,357549.191266,33246.357613,,,,,,,,
2021-04-05,0.056675,0.059436,0.056309,0.057958,116086444.974806,24554189,27397452,24554189,27397452,0.11072,0.180712,0.11072,0.173619,0.07878227,0.1273579,0.07513936,0.12663205,,,,,81.38,18.62,4.37,76.01,23.99,3.17,48.68,51.32,0.95,284984.48507,178636.236683,403764.48507,196936.236683,,,,,,,,
2021-04-06,0.057958,0.065591,0.057616,0.061149,310497169.577754,27428776,33929153,27377322,29184201,0.148937,0.193366,0.10898,0.110006,0.12498644,0.15024898,0.1031155,0.12502969,,,,,81.77,18.23,4.49,77.16,22.84,3.38,48.06,51.94,0.93,1261096.94927,535993.522478,1345696.94927,954373.522478,,,,,,,,
2021-04-07,0.061149,0.067555,0.057037,0.058813,371295520.355844,29386911,33835896,26238805,26238805,0.091206,0.097791,0.01,0.072687,0.11434223,0.12090449,0.04561773,0.04685335,,,,,79.59,20.41,3.9,75.94,24.06,3.16,48.89,51.11,0.96,2323543.005034,337301.009289,2887743.005034,381181.009289,,,,,,,,
2021-04-08,0.058813,0.062408,0.058223,0.061621,129324904.402538,26006531,26216711,24104858,24965176,0.067597,0.102668,0.052657,0.079903,0.05369065,0.07022977,0.04277594,0.05859585,,,,,80.07,19.93,4.02,76.91,23.09,3.33,49.21,50.79,0.97,67810.759354,78670.66529,67860.759354,79280.66529,,,,,,,,
2021-04-09,0.061615,0.064371,0.060419,0.061517,174039356.276227,25141189,28237915,24657363,27413456,0.079234,0.174974,0.079234,0.134289,0.06091391,0.117223,0.05903502,0.11634253,,,,,78.33,21.67,3.62,73.47,26.53,2.77,48.93,51.07,0.96,436086.858368,70578.927064,442606.858368,75108.927064,,,,,,,,
2021-04-10,0.061536,0.065454,0.060784,0.063279,164669723.833609,27118670,30095420,26556235,29344665,0.109459,0.249163,0.109459,0.213018,0.11048954,0.20734432,0.09889358,0.20009497,,,,,78.72,21.28,3.7,74.27,25.73,2.89,49.01,50.99,0.96,343538.294417,191157.439624,354108.294417,208387.439624,,,,,,,,
2021-04-11,0.063271,0.080221,0.06283,0.071574,988335575.437463,29310775,54126711,29192734,50261649,0.19721,0.259591,0.153411,0.229587,0.19358209,0.20390454,0.14763686,0.19735719,,,,,76.44,23.56,3.24,70.7,29.3,2.41,48.54,51.46,0.94,4119560.740923,4697890.933014,4496370.740923,5064470.933014,,,,,,,,
2021-04-12,0.071584,0.078945,0.068847,0.069803,560409298.193085,49591494,49591494,37990798,38276603,0.224021,0.286926,0.169495,0.177919,0.19573555,0.25684356,0.15366175,0.20314325,,,,,69.78,30.22,2.31,68.98,31.02,2.22,49.63,50.37,0.99,2080081.213083,340975.323703,2559861.213083,347625.323703,,,,,,,,
2021-04-13,0.069805,0.0828,0.069006,0.081632,552276776.524052,37676811,59101013,37676811,55749857,0.140257,0.346883,0.139401,0.312402,0.1832348,0.20856688,0.11702005,0.19698931,,,,,75.5,24.5,3.08,71.85,28.15,2.55,49.25,50.75,0.97,4310774.134199,7648774.359917,4982014.134199,8428124.359917,,,,,,,,
2021-04-14,0.081662,0.145678,0.081661,0.133213,5297693513.262844,57866373,85466175,57866373,67238716,0.284144,0.437246,0.010832,0.013052,0.19601626,0.33102978,0.09547516,0.10428839,,,,,62.47,37.53,1.67,59.54,40.46,1.47,49.26,50.74,0.97,41825828.453727,37016888.972928,47250838.453727,38283098.972928,,,,,,,,
2021-04-15,0.133193,0.144975,0.1061,0.133497,2821869952.855552,65384633,124727768,65384633,115493583,0.01,0.076867,0.01,0.061309,0.09053521,0.11953673,-0.00528992,0.11238118,,,,,62.88,37.12,1.69,65.85,34.15,1.93,49.99,50.01,1.0,22035300.433374,33276299.813992,24261640.433374,34296959.813992,,,,,,,,
2021-04-16,0.133496,0.459535,0.132416,0.370936,18292296611.031691,115732938,201925699,115732938,160518699,0.071161,0.210472,-0.296281,-0.248258,0.12966642,0.16061698,-0.17360838,-0.17360838,,,,,57.97,42.03,1.38,57.92,42.08,1.38,49.79,50.21,0.99,185998197.513502,218151153.749229,210785987.513502,228870063.749229,,,,,,,,
2021-04-17,0.37108,0.402248,0.234656,0.263124,11229423143.812326,139520729,139868313,110486679,129697921,-0.337968,0.342394,-0.337968,0.288747,-0.31812988,0.22908098,-0.31812988,0.14005462,,,,,65.08,34.92,1.86,64.95,35.05,1.85,52.75,47.25,1.12,67267342.10711,39230120.827269,84870952.10711,41717320.827269,,,,,,,,
2021-04-18,0.262891,0.335,0.24,0.30633,6591989312.443445,118974808,152896205,84712008,133854552,0.229553,0.229553,0.01,0.01,0.13470957,0.17410725,0.01851498,0.05430802,,,,,72.18,27.82,2.6,73.02,26.98,2.71,49.1,50.9,0.97,53104662.428607,22520186.886876,60946752.428607,24701666.886876,,,,,,,,
2021-04-19,0.306286,0.437976,0.295651,0.371717,9107590495.504252,128580572,230276152,122307922,220253855,0.01,0.131746,0.01,0.086554,0.04181795,0.10864842,0.03644036,0.06236327,,,,,76.87,23.13,3.32,74.07,25.93,2.86,48.26,51.74,0.93,56232699.061181,31380807.010853,69014119.061181,33386887.010853,,,,,,,,
2021-04-20,0.371733,0.426976,0.34331,0.361942,8115106219.113733,209709112,209709112,128553137,135070684,0.05515,0.062819,-0.009623,-0.008496,0.04521912,0.14299064,-0.0027235,0.00074039,,,,,73.08,26.92,2.72,68.73,31.27,2.2,48.95,51.05,0.96,84382151.364889,26647375.297833,107961641.364889,28430005.297833,,,,,,,,
2021-04-21,0.361943,0.363903,0.2708,0.301581,7142586597.28458,127343971,129206340,119835079,120435204,-0.002517,0.01,-0.040609,0.01,-0.00646757,0.00723868,-0.03932996,0.00502481,,,,,67.02,32.98,2.03,67.55,32.45,2.08,50.06,49.94,1.0,14775703.597312,9989816.722353,16999963.597312,11025336.722353,,,,,,,,
2021-04-22,0.301527,0.333187,0.25763,0.292846,4261588654.336927,118298482,129592894,94333277,94333277,0.01,0.043391,0.01,0.021975,-0.00280953,0.04487983,-0.00280953,0.02842485,,,,,76.01,23.99,3.17,71.91,28.09,2.56,48.56,51.44,0.94,28935925.702134,13397894.338229,36032845.702134,14297114.338229,,,,,,,,
2021-04-23,0.292866,0.309508,0.161,0.235343,6129461949.165571,95895090,96834718,78886642,84853301,0.01,0.010704,-0.024119,-0.01091,0.02672084,0.0576001,-0.01904989,-0.00313276,,,,,76.37,23.63,3.23,75.04,24.96,3.01,48.98,51.02,0.96,46417734.400159,24275135.71433,67662374.400159,26019445.71433,,,,,,,,
2021-04-24,0.235284,0.29,0.224461,0.275308,3639496998.524056,86008625,101095085,77369559,96376910,0.002461,0.01,-0.041507,0.01,0.00507784,0.01929358,-0.01703019,0.00176285,,,,,66.92,33.08,2.02,64.52,35.48,1.82,49.45,50.55,0.98,12552379.669584,12353388.071356,13996939.669584,13460878.071356,,,,,,,,
2021-04-25,0.275366,0.288744,0.257643,0.261314,1886992092.779657,97772706,113795425,91079280,97778797,0.01,0.01,-0.03965,0.01,0.00712896,0.02134492,-0.00719456,0.01785095,,,,,68.96,31.04,2.22,67.28,32.72,2.06,49.14,50.86,0.97,16320982.603619,5203604.163035,20404142.603619,5643884.163035,,,,,,,,
2021-04-26,0.261314,0.280951,0.224,0.270209,2202303461.139559,96734036,101725811,77626786,78207010,0.01,0.01,-0.082258,0.01,0.01067551,0.05193678,-0.04251405,0.04842156,,,,,67.23,32.77,2.05,67.14,32.86,2.04,49.85,50.15,0.99,3817812.259076,3596818.093346,4320852.259076,3827258.093346,,,,,,,,
2021-04-27,0.270191,0.28049,0.259061,0.273763,1159659510.475632,81013269,93475982,79407165,82796047,0.01,0.073032,0.01,0.053783,0.04528252,0.05820914,0.01100249,0.04283952,,,,,74.84,25.16,2.98,70.81,29.19,2.43,47.28,52.72,0.9,780329.495403,831712.851959,999989.495403,890392.851959,,,,,,,,
2021-04-28,0.27372,0.34567,0.255153,0.305938,4433735836.722818,83179743,122260784,82132444,115306971,0.036528,0.083369,0.01,0.083369,0.04138966,0.06942898,0.02547611,0.06942898,,,,,79.92,20.08,3.98,76.68,23.32,3.29,48.25,51.75,0.93,2984403.09247,3691896.828969,5098923.09247,5005966.828969,,,,,,,,
2021-04-29,0.305871,0.326977,0.30062,0.311905,1744997694.441204,116035166,116035166,100631557,103534743,0.075642,0.075642,0.01,0.041809,0.06651145,0.06651145,0.01212888,0.04860514,,,,,77.48,22.52,3.44,73.76,26.24,2.81,47.73,52.27,0.91,1167229.121986,702382.276803,1562489.121986,738302.276803,,,,,,,,
2021-04-30,0.311915,0.318888,0.295378,0.31462,1034331174.982012,103351500,120745911,102471607,118270764,0.04441,0.07476,0.01,0.07476,0.0515483,0.07484724,0.01471397,0.07484724,,,,,79.85,20.15,3.96,77.32,22.68,3.41,48.85,51.15,0.96,466463.223009,1233981.160017,485483.223009,1493701.160017,,,,,,,,
2021-05-01,0.31463,0.375,0.313,0.359447,2551343149.964379,122943189,157529402,116308070,155361899,0.079314,0.109386,0.050778,0.059363,0.07402423,0.07402423,0.03297734,0.0547026,,,,,78.72,21.28,3.7,74.37,25.63,2.9,47.97,52.03,0.92,1424054.137346,2820701.814481,1792544.137346,4506101.814481,,,,,,,,
2021-05-02,0.359424,0.401118,0.359424,0.387014,2664802008.279738,160044255,162692476,147623337,152520948,0.056467,0.121162,0.045765,0.048231,0.05681427,0.0819102,0.04815389,0.05047914,,,,,77.16,22.84,3.38,72.02,27.98,2.57,48.21,51.79,0.93,1734334.816248,1275298.119766,3588494.816248,1424578.119766,,,,,,,,
2021-05-03,0.386933,0.412095,0.372411,0.409719,1823229075.62589,150602370,214300264,150602370,211901938,0.05176,0.209479,0.05176,0.183561,0.05390611,0.13131415,0.03640702,0.11430235,,,,,77.63,22.37,3.47,75.23,24.77,3.04,48.75,51.25,0.95,1013266.293252,2599152.60963,1107486.293252,3834782.60963,,,,,,,,
2021-05-04,0.409704,0.61359,0.390692,0.530223,11950745154.348085,216197488,314881322,179232339,268280536,0.152341,0.152341,0.040747,0.113634,0.10386765,0.16467088,0.04027056,0.06399012,,,,,76.85,23.15,3.32,69.72,30.28,2.3,47.24,52.76,0.9,4995409.633866,7003273.999279,8713929.633866,11021283.999279,,,,,,,,
2021-05-05,0.530245,0.697237,0.516665,0.5848,13118562582.792206,263130157,357414480,263130157,291184921,0.108684,0.111051,0.025866,0.025866,0.06806178,0.12891655,0.06371432,0.11515039,,,,,73.8,26.2,2.82,71.32,28.68,2.49,48.54,51.46,0.94,4995057.160325,7200432.905103,10402307.160325,10228642.905103,,,,,,,,
2021-05-06,0.584801,0.675908,0.527432,0.602447,8133510607.796941,295129167,295129167,250945451,255497954,0.031148,0.18219,0.01,0.18219,0.12466172,0.12466172,0.02304474,0.12410076,,,,,74.8,25.2,2.97,69.92,30.08,2.32,48.8,51.2,0.95,4340186.204733,3256783.880166,7002446.204733,3509343.880166,,,,,,,,
2021-05-07,0.602292,0.64875,0.518629,0.601094,6293848712.26083,253155784,348785004,220531728,348785004,0.192028,0.242697,0.038306,0.110456,0.12263764,0.16568047,0.02142313,0.05782716,,,,,79.85,20.15,3.96,78.95,21.05,3.75,48.68,51.32,0.95,4546208.254178,5071315.280584,6711768.254178,6900515.280584,,,,,,,,
2021-05-08,0.601011,0.744178,0.600802,0.652364,9564635990.526147,330471592,377559356,291513241,300293365,0.093208,0.153577,0.092966,0.097272,0.05944193,0.13703341,0.05944193,0.13026419,,,,,79.05,20.95,3.77,73.1,26.9,2.72,47.61,52.39,0.91,3793817.521301,3813172.346518,9522707.521301,4774092.346518,,,,,,,,
2021-05-09,0.652437,0.703155,0.423,0.488699,16335054297.810865,295513000,313569206,229847452,267616517,0.061947,0.07447,-0.046685,0.058532,0.09948131,0.09948131,-0.02638612,0.04045241,,,,,76.95,23.05,3.34,75.85,24.15,3.14,48.78,51.22,0.95,6384360.490573,7917874.539623,31658450.490573,11973324.539623,,,,,,,,
2021-05-10,0.488689,0.59245,0.475022,0.511389,7886049431.83373,257463610,257463610,181193094,181193094,0.040036,0.040036,-0.168996,0.01,0.03711248,0.06288405,-0.05645434,0.01817952,,,,,80.11,19.89,4.03,76.92,23.08,3.33,49.77,50.23,0.99,5933300.432437,3050692.218249,10883900.432437,4410422.218249,,,,,,,,
2021-05-11,0.51136,0.5475,0.433873,0.49737,4829703214.597459,180617667,233599920,180617667,216571131,0.01,0.014505,0.01,0.01,0.01589691,0.03522488,0.00423623,0.02925455,,,,,81.23,18.77,4.33,81.82,18.18,4.5,48.63,51.37,0.95,2380982.87817,2221255.136501,3397192.87817,3158145.136501,,,,,,,,
2021-05-12,0.49737,0.52334,0.46507,0.47272,2024774994.421441,213285952,228838954,178067865,178862194,0.01,0.01,0.01,0.01,0.0287119,0.04856094,0.0089399,0.04856094,,,,,85.57,14.43,5.93,83.39,16.61,5.02,47.81,52.19,0.92,2740146.187728,1063256.480079,4418396.187728,1160856.480079,,,,,,,,
2021-05-13,0.47269,0.47595,0.35329,0.40896,3516600006.075378,152430403,185958227,129434444,185958227,0.01,0.01,-0.071195,0.002562,0.04634661,0.04634661,-0.01419362,0.00547877,,,,,85.57,14.43,5.93,83.15,16.85,4.94,47.81,52.19,0.92,3956881.510551,4371775.581164,7316921.510551,5602145.581164,,,,,,,,
2021-05-14,0.40903,0.56879,0.37459,0.54655,6295890946.354429,175502575,242758711,172783285,221685560,0.004792,0.01,0.002134,0.01,0.00863156,0.03213029,0.0059375,0.01272836,,,,,81.74,18.26,4.48,77.52,22.48,3.45,46.94,53.06,0.89,2555508.167542,3645776.090235,4095508.167542,6060626.090235,,,,,,,,
2021-05-15,0.54648,0.59092,0.494,0.51997,3840562673.252409,226753248,226753248,187989976,193318468,0.01,0.01,0.01,0.01,0.0193921,0.03727604,0.01592116,0.03390301,,,,,76.75,23.25,3.3,74.97,25.03,3.0,48.51,51.49,0.94,2661091.118587,1304914.851658,4490941.118587,1591144.851658,,,,,,,,
2021-05-16,0.52,0.55,0.44938,0.51351,3348323278.783583,186934319,215349928,176080729,176080729,0.01,0.021665,0.01,0.01,0.0322165,0.07829528,0.02697771,0.06129427,,,,,80.74,19.26,4.19,81.21,18.79,4.32,49.1,50.9,0.97,2468712.159201,1487751.076774,7323622.159201,1731941.076774,,,,,,,,
2021-05-17,0.5134,0.51636,0.4559,0.48789,2000995124.099685,186497580,186497580,163365774,169386979,0.01,0.01,-0.011215,0.01,0.05560874,0.05560874,0.01056848,0.0185307,,,,,80.4,19.6,4.1,79.69,20.31,3.92,49.38,50.62,0.98,2406375.843996,1367005.249472,4238115.843996,1629715.249472,,,,,,,,
2021-05-18,0.48786,0.51594,0.46859,0.47601,1381627403.155951,170896765,182674724,162640004,162755164,0.01,0.018301,0.01,0.01,0.01672593,0.03879705,0.01672593,0.0236006,,,,,80.35,19.65,4.09,80.86,19.14,4.23,49.2,50.8,0.97,1077340.077961,590151.878467,1425620.077961,987021.878467,,,,,,,,
2021-05-19,0.4761,0.47968,0.30478,0.32949,3181397103.054385,162395938,165193644,69240265,69699242,0.01,0.014202,-0.160952,-0.160952,0.02871458,0.02871458,-0.07571598,-0.04541381,,,,,85.36,14.64,5.83,84.1,15.9,5.29,48.93,51.07,0.96,7309025.481963,4093002.271888,17617025.481963,6353292.271888,,,,,,,,
2021-05-20,0.32946,0.43502,0.29406,0.39736,3790922403.07387,74408621,87427852,57169192,85292924,-0.126146,-0.004453,-0.126146,-0.004453,-0.01791984,0.03477575,-0.1266078,-0.03895988,,,,,69.69,30.31,2.3,73.05,26.95,2.71,49.75,50.25,0.99,3481848.837824,2573087.572854,4320418.837824,3205037.572854,,,,,,,,
2021-05-21,0.39735,0.41193,0.31287,0.35774,2227801507.904381,82892588,82892588,73963611,73963611,-0.001691,0.01,-0.017143,-0.017143,-0.03642628,0.02175427,-0.03642628,-0.00776892,,,,,74.91,25.09,2.99,71.08,28.92,2.46,48.4,51.6,0.94,1935890.064567,1455570.719423,3546870.064567,1926400.719423,,,,,,,,
2021-05-22,0.35757,0.364,0.31628,0.342,1711925842.35124,70040858,73263739,61004735,67075680,-0.022873,0.004219,-0.05271,0.002254,-0.00985334,0.00091484,-0.0282051,-0.0039417,,,,,74.4,25.6,2.91,73.66,26.34,2.8,49.29,50.71,0.97,898841.021197,953046.268614,1405691.021197,1170016.268614,,,,,,,,
2021-05-23,0.34198,0.35079,0.24691,0.3062,2286621799.122693,66191616,66206112,53380854,58228750,0.007092,0.01,-0.033497,-0.033497,0.00106503,0.02155756,-0.00416447,-0.00416447,,,,,73.6,26.4,2.79,70.33,29.67,2.37,48.76,51.24,0.95,2283985.28789,1715562.037164,4385255.28789,2237382.037164,,,,,,,,
2021-05-24,0.30618,0.37681,0.29482,0.36535,2144373679.924188,56096222,63422805,54363740,59590070,-0.054534,0.01,-0.113059,0.01,-0.01403927,0.01825355,-0.06486088,0.01455405,,,,,69.5,30.5,2.28,68.99,31.01,2.23,49.92,50.08,1.0,1345697.668163,1288812.543099,1819137.668163,2308212.543099,,,,,,,,
2021-05-25,0.36549,0.3799,0.3214,0.34578,1671905209.833186,61399326,84758469,61399326,77989215,0.01,0.01,-0.020145,-0.001666,0.0148435,0.01872394,0.00469824,0.01686438,,,,,76.87,23.13,3.32,71.7,28.3,2.53,55.86,44.14,1.27,1355621.472872,893942.027113,1838821.472872,1398532.027113,,,,,,,,
2021-05-26,0.34578,0.36678,0.33592,0.35248,1053667458.392758,79613306,88139635,75339365,84161666,-0.003752,0.01,-0.020169,-0.020169,0.02304895,0.02304895,0.00055053,0.01404699,,,,,74.95,25.05,2.99,74.98,25.02,3.0,49.21,50.79,0.97,521587.707827,392920.24906,920777.707827,729820.24906,,,,,,,,
2021-05-27,0.35258,0.3528,0.32642,0.33393,781567415.454161,82528981,86468449,79120039,82261251,-0.021356,0.01,-0.030257,0.01,0.01341467,0.02081343,-0.00207817,0.02081343,,,,,78.93,21.07,3.75,76.36,23.64,3.23,49.07,50.93,0.96,697105.680438,174726.999456,952715.680438,215946.999456,,,,,,,,
2021-05-28,0.33389,0.34774,0.30016,0.31128,1328829614.262895,82277751,82946085,64422123,64422123,0.01,0.01,0.003489,0.01,0.02038766,0.02177032,0.00996031,0.0167534,,,,,78.72,21.28,3.7,76.6,23.4,3.27,48.99,51.01,0.96,1263455.266507,519140.915536,1775515.266507,555010.915536,,,,,,,,
2021-05-29,0.31128,0.31796,0.2791,0.30281,929571035.00387,66116902,66684981,63413177,65063256,0.01,0.01,-0.003417,0.01,0.01270744,0.01701114,0.00060067,0.0098959,,,,,75.24,24.76,3.04,72.91,27.09,2.69,48.89,51.11,0.96,622164.351935,321185.953309,1080774.351935,540165.953309,,,,,,,,
2021-05-30,0.30283,0.3108,0.28645,0.30181,741254745.416635,64325658,69278119,63165451,67137556,0.01,0.01,0.01,0.01,0.00823081,0.01762576,0.00482272,0.01431638,,,,,71.91,28.09,2.56,69.06,30.94,2.23,49.3,50.7,0.97,268000.307753,273199.673379,342980.307753,377629.673379,,,,,,,,
2021-05-31,0.30189,0.33008,0.2937,0.32556,899765199.676801,68128621,70287652,64758348,68750416,0.01,0.01,0.01,0.01,0.01688098,0.02189497,0.00737935,0.02088732,,,,,74.12,25.88,2.86,71.13,28.87,2.46,49.45,50.55,0.98,280891.839476,465891.064143,405831.839476,829121.064143,,,,,,,,
2021-06-01,0.32557,0.38488,0.31114,0.37047,2395326289.654027,70241743,75858432,69862644,71447190,0.01,0.01,0.01,0.01,0.02270108,0.02270108,0.00905609,0.01299782,,,,,78.01,21.99,3.55,74.61,25.39,2.94,48.47,51.53,0.94,1336035.939167,1666074.785341,1658095.939167,2465754.785341,,,,,,,,
2021-06-02,0.37044,0.447,0.35115,0.42375,7432031602.904227,71010531,196581597,70910580,193867557,0.01,0.031251,0.01,0.01,0.01507241,0.02816006,-0.00354186,0.01695749,,,,,72.59,27.41,2.65,69.79,30.21,2.31,47.83,52.17,0.92,2531833.256208,3504768.926768,3466353.256208,4645258.926768,,,,,,,,
2021-06-03,0.42373,0.44203,0.3771,0.40083,4561741651.849771,194670305,194670305,169725391,175281846,0.01,0.01,0.01,0.01,0.01713416,0.02058398,0.01322309,0.01582852,,,,,71.2,28.8,2.47,67.83,32.17,2.11,47.87,52.13,0.92,2148804.947429,1514212.619836,4038644.947429,1842812.619836,,,,,,,,
2021-06-04,0.40083,0.40256,0.35,0.37621,3809020152.247233,180169755,180169755,126620373,127403654,0.01,0.01,0.01,0.01,0.01533865,0.01934222,0.00943307,0.00965057,,,,,75.84,24.16,3.14,73.56,26.44,2.78,48.26,51.74,0.93,2001023.768785,1567373.530469,3072333.768785,1900883.530469,,,,,,,,
2021-06-05,0.37625,0.39504,0.35946,0.37113,2280031479.75791,127172146,137807844,120339453,126304903,0.01,0.01,0.01,0.01,0.00788965,0.01326516,0.00714418,0.00910921,,,,,75.97,24.03,3.16,75.85,24.15,3.14,49.36,50.64,0.98,827267.077037,630176.967551,1667357.077037,907756.967551,,,,,,,,
2021-06-06,0.37113,0.3769,0.36636,0.37146,964583910.369983,126324064,126324064,116337519,123139803,0.01,0.01,0.01,0.01,0.01128224,0.01799936,0.00856497,0.01501671,,,,,75.87,24.13,3.14,74.2,25.8,2.88,49.14,50.86,0.97,180019.844527,110636.694623,180019.844527,114396.694623,,,,,,,,
2021-06-07,0.37146,0.38,0.32707,0.33133,876970518.94906,123108155,132310017,123108155,132310017,0.01,0.01,0.01,0.01,0.01606941,0.0227664,0.00746861,0.00746861,,,,,77.85,22.15,3.52,75.04,24.96,3.01,49.04,50.96,0.96,231754.029486,122577.047149,287894.029486,132827.047149,,,,,,,,
2021-06-08,0.33585,0.34136,0.30338,0.32572,1379203540.571944,132505058,132505058,97437620,97437620,0.00467,0.009489,-0.030924,-0.00541,0.00772126,0.00772126,-0.00962812,-0.00145369,,,,,77.03,22.97,3.35,77.05,22.95,3.36,49.76,50.24,0.99,973665.37638,613217.343616,1979455.37638,672297.343616,,,,,,,,
2021-06-09,0.32572,0.355,0.31202,0.34321,1754946848.808184,98601432,98797884,90840608,95305639,-0.000632,0.01,-0.000632,0.01,-0.00089285,0.01443917,-0.00911004,0.00892985,,,,,74.19,25.81,2.87,72.46,27.54,2.63,49.21,50.79,0.97,708058.635177,844066.466181,884018.635177,1194016.466181,,,,,,,,
2021-06-10,0.34323,0.345,0.32234,0.32619,1112391997.877743,98606935,102639168,93420961,93420961,0.01,0.01,0.01,0.01,0.01028271,0.01468675,0.00934721,0.0138843,,,,,77.34,22.66,3.41,74.83,25.17,2.97,48.8,51.2,0.95,484303.863627,232785.872124,679783.863627,242785.872124,,,,,,,,
2021-06-11,0.3262,0.33351,0.31046,0.31865,918942624.041099,93038347,93038347,88895083,92391788,0.01,0.01,0.01,0.01,0.01482727,0.01836933,0.00983967,0.01710949,,,,,78.0,22.0,3.55,77.13,22.87,3.37,49.34,50.66,0.97,635827.806764,217250.834388,953557.806764,483660.834388,,,,,,,,
2021-06-12,0.31866,0.31928,0.30002,0.3121,907757410.4425,93198899,93198899,85084098,89804760,0.01,0.01,-0.003955,0.01,0.01643329,0.01643329,0.00462928,0.00757026,,,,,77.83,22.17,3.51,74.65,25.35,2.95,49.12,50.88,0.97,482641.606004,327156.50141,784881.606004,374646.50141,,,,,,,,
2021-06-13,0.31208,0.33023,0.3073,0.32401,674791787.471905,90148577,92789092,87215678,91110701,0.01,0.01,0.01,0.01,0.0085861,0.0147019,0.0085861,0.01390777,,,,,76.55,23.45,3.26,74.1,25.9,2.86,49.28,50.72,0.97,173805.333506,456960.39318,178325.333506,493520.39318,,,,,,,,
2021-06-14,0.32396,0.33796,0.31979,0.32769,779923467.841451,91973532,96639803,88832655,91976162,0.01,0.01,0.01,0.01,0.01390777,0.02147379,0.00881092,0.01382394,,,,,78.18,21.82,3.58,74.12,25.88,2.86,48.68,51.32,0.95,267315.097053,296490.692841,283845.097053,335620.692841,,,,,,,,
2021-06-15,0.3277,0.3306,0.31623,0.32021,603390796.900447,93494977,94830327,89995387,93067235,0.01,0.01,0.01,0.01,0.01544816,0.01981362,0.01271205,0.01654257,,,,,80.24,19.76,4.06,76.88,23.12,3.33,48.53,51.47,0.94,337673.086013,50266.926356,381503.086013,54956.926356,,,,,,,,
2021-06-16,0.32021,0.32148,0.30491,0.3079,582020254.325269,93554566,95208722,89540931,90694461,0.01,0.01,0.01,0.01,0.01775089,0.02433874,0.00866162,0.00866162,,,,,81.66,18.34,4.45,77.68,22.32,3.48,48.26,51.74,0.93,606498.221878,101137.086022,968968.221878,101137.086022,,,,,,,,
2021-06-17,0.30786,0.31417,0.3026,0.30629,436573718.064196,89394989,95213481,88984563,95213481,0.01,0.01,0.01,0.01,0.01040367,0.02001822,0.00852606,0.01673279,,,,,82.1,17.9,4.59,78.81,21.19,3.72,48.37,51.63,0.94,172394.680073,45715.73029,191454.680073,45715.73029,,,,,,,,
2021-06-18,0.30629,0.30774,0.27943,0.29319,786885707.894436,95419966,97515807,86087886,86087886,0.01,0.01,-0.003051,0.005901,0.01751795,0.01781921,-0.00174357,0.00032986,,,,,81.35,18.65,4.36,76.83,23.17,3.32,48.46,51.54,0.94,922105.946813,291530.389183,1556545.946813,342040.389183,,,,,,,,
2021-06-19,0.29315,0.29797,0.28552,0.28561,469185182.805603,86378983,87534614,81767806,85700491,0.009413,0.01,0.009413,0.01,0.00016656,0.00694849,-0.00035569,0.00613496,,,,,72.84,27.16,2.68,70.7,29.3,2.41,49.3,50.7,0.97,436893.122609,167794.173649,467053.122609,188544.173649,,,,,,,,
2021-06-20,0.28559,0.28959,0.25488,0.28021,954050021.107459,85642285,87971915,80574871,83054597,0.01,0.01,-0.047199,-0.015164,0.00532143,0.00532143,-0.02363733,-0.01336089,,,,,75.29,24.71,3.05,72.52,27.48,2.64,49.62,50.38,0.99,1033269.345328,576967.129861,2028519.345328,939807.129861,,,,,,,,
2021-06-21,0.28022,0.28105,0.165,0.17835,3463143709.532212,82046879,82046879,66790598,76372907,-0.020326,-0.020326,-0.080376,-0.080376,-0.01580143,-0.00508947,-0.05467065,-0.05467065,,,,,77.42,22.58,3.43,74.45,25.55,2.91,49.76,50.24,0.99,4213876.871812,2004103.809924,7486936.871812,2474603.809924,,,,,,,,
2021-06-22,0.17832,0.2165,0.16275,0.19061,4477694077.967588,79516258,89551228,72674061,73629642,-0.091287,-0.046671,-0.097958,-0.064823,-0.05891007,-0.04400799,-0.09188932,-0.04459197,,,,,68.41,31.59,2.17,70.92,29.08,2.44,50.52,49.48,1.02,3987307.728724,3944967.492886,5247627.728724,4676157.492886,,,,,,,,
2021-06-23,0.19068,0.24846,0.18,0.22752,2429887864.717079,73492850,94985924,71208833,90656684,-0.060091,0.01,-0.077294,0.004279,-0.04377778,-0.01244699,-0.04786383,-0.01245464,,,,,67.81,32.19,2.11,64.7,35.3,1.83,50.01,49.99,1.0,1873241.601396,2392409.263542,2469741.601396,2830399.263542,,,,,,,,
2021-06-24,0.22751,0.24627,0.21515,0.23913,2559776641.172755,91583617,108574123,88801470,108574123,0.004927,0.005808,-0.025625,-0.014099,-0.01175368,0.00274315,-0.01705179,-0.00930192,,,,,66.3,33.7,1.97,62.91,37.09,1.7,50.23,49.77,1.01,1053730.791842,1368699.668802,1169600.791842,1737939.668802,,,,,,,,
2021-06-25,0.23914,0.28941,0.23641,0.2521,4284684852.554621,110146043,150731639,105186720,105186720,-0.017044,0.01,-0.084323,0.008091,-0.01252937,0.01313282,-0.03844219,0.00978775,,,,,63.89,36.11,1.77,58.61,41.39,1.42,50.29,49.71,1.01,2990181.868455,2433692.447136,5292891.868455,3084072.447136,,,,,,,,
2021-06-26,0.2521,0.25567,0.22867,0.24042,3161274066.023492,105301031,116114387,105301031,111626805,0.003446,0.01,-0.032111,-0.012681,0.00589172,0.00589172,-0.02655757,-0.01450546,,,,,58.9,41.1,1.43,57.59,42.41,1.36,49.68,50.32,0.99,1173730.519286,1041751.197563,1385760.519286,1109421.197563,,,,,,,,
2021-06-27,0.24042,0.2534,0.23393,0.24741,1441397710.120894,113269917,117147479,109331525,109408689,-0.006153,0.01,-0.011273,-0.003667,-0.01619655,0.00662145,-0.01619655,0.00326647,,,,,56.27,43.73,1.29,53.02,46.98,1.13,50.14,49.86,1.01,673887.829376,766800.580799,706347.829376,1422860.580799,,,,,,,,
2021-06-28,0.24741,0.26756,0.24073,0.26074,1434646040.137178,112514501,112514501,102109302,102109302,0.003364,0.01,-0.019569,-0.009832,0.00686607,0.01117205,-0.0017156,-0.0017156,,,,,64.24,35.76,1.8,58.85,41.15,1.43,49.43,50.57,0.98,581964.446896,287102.994513,711594.446896,287412.994513,,,,,,,,
2021-06-29,0.26074,0.27576,0.25201,0.2661,1289779460.064253,102807378,106687149,96640689,96640689,-0.014644,0.01,-0.014779,0.01,-0.00484957,0.01438432,-0.00484957,0.00472763,,,,,68.53,31.47,2.18,66.95,33.05,2.03,50.13,49.87,1.01,520458.919532,690086.714346,569778.919532,901216.714346,,,,,,,,
2021-06-30,0.26609,0.26943,0.23931,0.24041,1199401240.266404,96944068,96944068,84242628,85662252,0.01,0.01,-0.001786,-0.001306,0.00756346,0.01095592,-0.001867,0.00224766,,,,,72.45,27.55,2.63,69.78,30.22,2.31,49.06,50.94,0.96,1221626.639099,325019.846654,1728846.639099,396969.846654,,,,,,,,
2021-07-01,0.24046,0.2749,0.23741,0.24741,1843761990.645054,85949134,104035850,81418892,88934367,-0.002593,0.01,-0.014101,0.01,0.00098208,0.0145482,-0.01389917,0.0103692,,,,,66.54,33.46,1.99,65.22,34.78,1.88,49.81,50.19,0.99,1348101.564562,622542.280678,1594791.564562,821102.280678,,,,,,,,
2021-07-02,0.24741,0.2493,0.23827,0.24481,888012532.053355,87606894,92389339,87589742,89744674,0.01,0.01,0.004167,0.01,0.01029012,0.01241126,0.00447382,0.0117025,,,,,69.8,30.2,2.31,69.3,30.7,2.26,49.86,50.14,0.99,394967.117557,180709.552487,524647.117557,193459.552487,,,,,,,,
2021-07-03,0.24484,0.25048,0.24099,0.24763,497826571.69989,89517302,93050151,88687856,89718120,0.01,0.01,0.01,0.01,0.01211756,0.01469466,0.00941645,0.01219552,,,,,68.32,31.68,2.16,65.97,34.03,1.94,49.2,50.8,0.97,164410.278314,190308.791463,164410.278314,200988.791463,,,,,,,,
2021-07-04,0.24764,0.25325,0.24311,0.24894,503589904.810025,90074710,95497462,89048662,93713135,0.01,0.01,0.01,0.01,0.01075552,0.01668332,0.00675924,0.00675924,,,,,73.05,26.95,2.71,70.55,29.45,2.4,49.04,50.96,0.96,118364.037542,160126.885167,118464.037542,259556.885167,,,,,,,,
2021-07-05,0.24895,0.25098,0.22509,0.2312,734015663.906704,91938904,91972941,81032223,81811501,0.01,0.01,-0.038093,-0.007249,0.00503427,0.01538432,-0.02403707,-0.00025256,,,,,77.18,22.82,3.38,75.06,24.94,3.01,49.0,51.0,0.96,729506.924478,173155.048237,1148716.924478,180705.048237,,,,,,,,
2021-07-06,0.2312,0.242,0.22664,0.23282,683741337.959313,80675688,83788099,80473080,83355117,-0.008217,0.01,-0.010316,0.01,-0.00168101,0.00811976,-0.00417504,0.00442519,,,,,72.96,27.04,2.7,72.27,27.73,2.61,49.77,50.23,0.99,278353.896013,312275.750114,335743.896013,337725.750114,,,,,,,,
2021-07-07,0.23283,0.23867,0.22912,0.2304,457035514.918815,82457449,87415049,81732131,85930609,0.01,0.01,0.01,0.01,0.0042737,0.01224154,0.00041205,0.00900383,,,,,72.96,27.04,2.7,72.27,27.73,2.61,49.77,50.23,0.99,420140.583081,102416.715858,613440.583081,102426.715858,,,,,,,,
2021-07-08,0.23041,0.2322,0.20631,0.21449,750640680.814123,82129105,82129105,73178690,73178690,0.01,0.01,-0.015058,0.01,0.00855018,0.00855018,-0.01555428,0.00715024,,,,,76.54,23.46,3.26,74.77,25.23,2.96,49.38,50.62,0.98,950312.321535,281904.602447,1423742.321535,387364.602447,,,,,,,,
2021-07-09,0.21448,0.2295,0.195,0.22067,1675528974.209243,74180776,98443689,70984628,88619018,0.01,0.01,-0.01768,0.01,0.00878735,0.01170366,-0.01489075,0.01170366,,,,,73.87,26.13,2.83,72.25,27.75,2.6,49.48,50.52,0.98,1164217.577327,888907.376524,1359647.577327,1313367.376524,,,,,,,,
2021-07-10,0.22066,0.22817,0.21355,0.21604,694074836.388113,87630280,90944522,81602393,82631573,0.01,0.01,0.01,0.01,0.01179013,0.01260149,0.00620329,0.00723415,,,,,71.22,28.78,2.48,70.03,29.97,2.34,49.3,50.7,0.97,455629.410453,170260.910351,527909.410453,174210.910351,,,,,,,,
2021-07-11,0.21604,0.21815,0.20955,0.2158,425767543.456868,80593311,85556861,80593311,84047655,0.01,0.01,0.01,0.01,0.00807663,0.01311519,0.00402279,0.01096285,,,,,71.31,28.69,2.49,69.8,30.2,2.31,49.59,50.41,0.98,44132.294353,143725.432099,44132.294353,365565.432099,,,,,,,,
2021-07-12,0.2158,0.21927,0.2075,0.20839,439393793.404432,83942182,85583528,79903026,81328981,0.01,0.01,0.01,0.01,0.00998988,0.01476195,0.00998988,0.01292503,,,,,72.84,27.16,2.68,70.55,29.45,2.4,49.31,50.69,0.97,425109.215444,157165.322893,645459.215444,219625.322893,,,,,,,,
2021-07-13,0.20841,0.21318,0.19815,0.20319,564665497.317975,81155882,81500915,78038797,78341739,0.01,0.01,0.01,0.01,0.01148306,0.01148306,0.00358307,0.00723598,,,,,75.71,24.29,3.12,73.48,26.52,2.77,49.39,50.61,0.98,488374.272911,73677.997244,807814.272911,73677.997244,,,,,,,,
2021-07-14,0.20319,0.20455,0.18725,0.19973,690681726.815338,79128989,79128989,72262520,76259441,0.01,0.01,0.001202,0.01,0.00715238,0.0091501,-0.0038744,0.00822089,,,,,76.84,23.16,3.32,74.39,25.61,2.91,49.34,50.66,0.97,684889.851867,598781.722134,1185189.851867,638051.722134,,,,,,,,
2021-07-15,0.19973,0.20162,0.18703,0.18821,492040998.030238,75771233,78542230,73912216,73912216,0.01,0.01,0.01,0.01,0.00913841,0.01077106,0.00286422,0.0070714,,,,,75.17,24.83,3.03,71.53,28.47,2.51,49.11,50.89,0.97,678085.236202,102077.630461,973675.236202,105497.630461,,,,,,,,
2021-07-16,0.18822,0.18872,0.1745,0.18181,722326717.416978,73411368,77809750,73121872,77727178,0.01,0.01,0.01,0.01,0.0071812,0.00831263,0.00447303,0.00587179,,,,,75.76,24.24,3.13,73.52,26.48,2.78,49.42,50.58,0.98,867636.854299,400593.342238,1117236.854299,406663.342238,,,,,,,,
2021-07-17,0.18182,0.18233,0.16865,0.17294,682885619.685043,76601480,108467841,75954926,98497030,0.01,0.01,0.004303,0.007059,0.00267312,0.00428861,-0.00656904,-0.00017055,,,,,74.8,25.2,2.97,72.91,27.09,2.69,49.51,50.49,0.98,998212.351582,1411196.572376,1289382.351582,1847346.572376,,,,,,,,
2021-07-18,0.17295,0.20514,0.1719,0.18302,2024925069.590511,98466522,101255303,90751023,90751023,0.005878,0.01,-0.003316,0.005739,0.00022781,0.00605136,-0.02179489,0.00166501,,,,,69.9,30.1,2.32,68.4,31.6,2.17,49.67,50.33,0.99,533181.907431,380800.604372,805471.907431,424590.604372,,,,,,,,
2021-07-19,0.183,0.18667,0.17029,0.173,823343250.034063,90604901,92523126,88470178,88757871,0.003421,0.01,-0.001779,0.006175,0.00006975,0.00973432,0.00006975,0.00491429,,,,,73.89,26.11,2.83,72.11,27.89,2.59,49.3,50.7,0.97,865190.204031,225677.508162,1083590.204031,225677.508162,,,,,,,,
2021-07-20,0.17299,0.17627,0.15933,0.16825,940892948.71251,88102816,88986935,83805788,84561346,-0.001559,0.01,-0.029227,-0.001546,0.00162742,0.0098701,-0.01997482,0.00337329,,,,,73.56,26.44,2.78,70.69,29.31,2.41,49.37,50.63,0.98,943955.664112,592848.766937,1244325.664112,695998.766937,,,,,,,,
2021-07-21,0.16821,0.20208,0.16721,0.20147,1889434419.222963,86600237,120789057,86600237,103149412,-0.002366,0.006885,-0.008699,0.003299,0.00346142,0.00504981,-0.01023445,-0.00081502,,,,,69.1,30.9,2.24,65.53,34.47,1.9,49.04,50.96,0.96,1543690.592341,2317683.93996,2189720.592341,2962463.93996,,,,,,,,
2021-07-22,0.20144,0.21437,0.18411,0.19387,2872857359.111375,101114235,103357383,97160453,97160453,0.003899,0.01,0.003899,0.01,-0.00131187,0.00887595,-0.00131187,0.00750515,,,,,72.11,27.89,2.59,69.01,30.99,2.23,48.61,51.39,0.95,414811.319423,342636.205872,423551.319423,360536.205872,,,,,,,,
2021-07-23,0.19387,0.19979,0.1876,0.18871,733913736.614898,97844843,106034687,96264880,97382294,0.01,0.01,0.01,0.01,0.00888294,0.01462068,0.00672862,0.01046407,,,,,73.99,26.01,2.85,72.18,27.82,2.6,49.31,50.69,0.97,675312.176798,475811.900344,928292.176798,676131.900344,,,,,,,,
2021-07-24,0.18872,0.19929,0.1828,0.195,802817578.972501,97453200,103484821,94943252,96111723,0.01,0.01,0.01,0.01,0.01013825,0.01249166,0.00033911,0.00592852,,,,,73.57,26.43,2.78,69.44,30.56,2.27,49.55,50.45,0.98,278641.611001,393462.19218,378881.611001,542952.19218,,,,,,,,
2021-07-25,0.195,0.20447,0.1909,0.19459,874337489.614862,96700135,102501535,94788129,97657348,0.01,0.01,0.01,0.01,0.00523746,0.01413704,0.00243236,0.00885484,,,,,76.02,23.98,3.17,74.42,25.58,2.91,49.35,50.65,0.97,268105.469897,198101.101927,283145.469897,209361.101927,,,,,,,,
2021-07-26,0.19458,0.23329,0.19233,0.21692,1798294465.164315,99027819,123651989,93207568,93207568,0.01,0.01,0.01,0.01,0.0088918,0.01701661,0.0088918,0.01407982,,,,,75.07,24.93,3.01,72.18,27.82,2.6,49.22,50.78,0.97,1524949.658761,1996751.520512,2269329.658761,2297301.520512,,,,,,,,
2021-07-27,0.21941,0.22828,0.195,0.20296,1213506499.374255,91732891,97229503,87219597,92637883,0.01,0.01,0.01,0.01,0.01417695,0.01417695,0.00223257,0.00401979,,,,,75.46,24.54,3.08,74.8,25.2,2.97,48.86,51.14,0.96,745483.232861,273513.534592,1011263.232861,310003.534592,,,,,,,,
2021-07-28,0.20297,0.21388,0.19713,0.20638,854635722.89563,92379563,99461852,90819429,93944810,0.01,0.01,0.01,0.01,0.0040909,0.01326679,0.0040909,0.00990487,,,,,77.04,22.96,3.36,73.66,26.34,2.8,49.21,50.79,0.97,390213.145413,180067.582379,469603.145413,316297.582379,,,,,,,,
2021-07-29,0.20637,0.20854,0.20154,0.20413,505770170.845675,94055721,98229705,93256985,97564086,0.01,0.01,0.01,0.01,0.00896783,0.01543281,0.00199519,0.01287728,,,,,78.45,21.55,3.64,76.54,23.46,3.26,49.0,51.0,0.96,118974.260861,93085.638767,151764.260861,93085.638767,,,,,,,,
2021-07-30,0.20413,0.21083,0.19569,0.20876,769369995.719706,97079467,101757596,91740768,96622612,0.01,0.01,0.01,0.01,0.01244959,0.01848675,0.00672948,0.00811176,,,,,76.56,23.44,3.27,74.63,25.37,2.94,49.27,50.73,0.97,363289.139785,160429.700494,649879.139785,194569.700494,,,,,,,,
2021-07-31,0.20877,0.21465,0.20478,0.20771,583784024.243297,97897009,105099430,96341600,105037979,0.01,0.01,0.01,0.01,0.00890167,0.01895597,0.00890167,0.01039611,,,,,76.69,23.31,3.29,73.71,26.29,2.8,49.47,50.53,0.98,174362.107955,106587.111074,175992.107955,142517.111074,,,,,,,,
2021-08-01,0.20771,0.218,0.20032,0.20409,793493728.762488,103438566,115748248,103438566,105262427,0.01,0.021533,0.01,0.01,0.01117464,0.01744132,0.0075624,0.0075624,,,,,78.53,21.47,3.66,77.24,22.76,3.39,49.26,50.74,0.97,1038890.115326,157647.163199,1238410.115326,340077.163199,,,,,,,,
2021-08-02,0.20412,0.21,0.20164,0.20335,422242317.609486,98245284,102850276,96992366,101688757,0.01,0.01,0.01,0.01,0.00715593,0.01327924,0.00572756,0.01327924,,,,,79.8,20.2,3.95,78.25,21.75,3.6,49.65,50.35,0.99,255473.798758,40438.610586,257283.798758,40438.610586,,,,,,,,
2021-08-03,0.20335,0.20521,0.19311,0.19631,480387027.882032,101744046,102157029,96580054,97468646,0.01,0.01,0.01,0.01,0.01388609,0.01558531,0.0086558,0.01115842,,,,,80.35,19.65,4.09,77.93,22.07,3.53,49.2,50.8,0.97,414342.192005,39352.342553,655262.192005,39352.342553,,,,,,,,
2021-08-04,0.19629,0.2034,0.19422,0.20161,413582882.811727,96472034,104509554,96472034,102881937,0.01,0.01,0.01,0.01,0.01097748,0.01423056,0.00953004,0.01082267,,,,,78.87,21.13,3.73,76.69,23.31,3.29,49.45,50.55,0.98,74802.736798,182615.372205,77112.736798,185815.372205,,,,,,,,
2021-08-05,0.20161,0.2026,0.19441,0.20108,431084352.849414,103101414,103118899,98797128,101773580,0.01,0.01,0.01,0.01,0.01138729,0.01712402,0.00910241,0.01088799,,,,,79.32,20.68,3.84,75.34,24.66,3.06,49.04,50.96,0.96,295381.304748,60234.631956,330081.304748,68694.631956,,,,,,,,
2021-08-06,0.20108,0.21225,0.19851,0.20499,549103835.084777,100964291,115842476,98682072,113992378,0.01,0.050894,0.01,0.049602,0.01182225,0.03272579,0.00909699,0.03165476,,,,,80.05,19.95,4.01,77.61,22.39,3.47,49.06,50.94,0.96,188885.540326,275788.000128,191965.540326,403138.000128,,,,,,,,
2021-08-07,0.20499,0.26333,0.20367,0.26194,3200004370.121991,114098400,163761843,114098400,163761843,0.051102,0.078977,0.046409,0.067126,0.03222893,0.06144513,0.02756272,0.04904431,,,,,83.44,16.56,5.04,81.89,18.11,4.52,48.83,51.17,0.95,1095424.523989,2175276.905728,1619784.523989,3465996.905728,,,,,,,,
2021-08-08,0.26195,0.28489,0.23504,0.24008,4216983866.994582,170129528,184880034,142276724,145602466,0.065682,0.110799,0.017819,0.022371,0.04986961,0.08337145,0.01097606,0.02035834,,,,,74.63,25.37,2.94,71.39,28.61,2.5,48.86,51.14,0.96,2878953.082205,1602895.392763,4784333.082205,1805045.392763,,,,,,,,
2021-08-09,0.24005,0.26671,0.2306,0.25614,2892571685.359814,141217165,177598820,134452347,160961496,0.021845,0.051078,0.012135,0.017544,0.01859498,0.03948058,0.01097934,0.02761084,,,,,75.39,24.61,3.06,77.22,22.78,3.39,49.41,50.59,0.98,1342130.698693,1192078.792358,1696370.698693,1359648.792358,,,,,,,,
2021-08-10,0.25618,0.2638,0.24528,0.25769,1868631817.866304,160302613,183823276,156168024,179074070,0.010012,0.070284,0.010012,0.070284,0.02246453,0.05529667,0.02027312,0.05529667,,,,,78.27,21.73,3.6,76.33,23.67,3.23,48.88,51.12,0.96,686146.902095,603914.782804,933866.902095,637164.782804,,,,,,,,
2021-08-11,0.25767,0.2835,0.25647,0.26455,2634192297.838533,181442906,224583212,180987404,180987404,0.071425,0.100876,0.043655,0.043655,0.05442412,0.07530465,0.02912047,0.02912047,,,,,81.24,18.76,4.33,79.64,20.36,3.91,48.74,51.26,0.95,1200060.625312,984802.105761,1875230.625312,1263112.105761,,,,,,,,
2021-08-12,0.26456,0.2955,0.25171,0.26427,2867734440.931629,177468872,212473677,159401090,159401090,0.030153,0.086973,0.01,0.01,0.02783091,0.07442882,0.00588292,0.01107368,,,,,82.54,17.46,4.73,81.51,18.49,4.41,50.07,49.93,1.0,2130842.029036,923725.879931,3063522.029036,1090395.879931,,,,,,,,
2021-08-13,0.26429,0.28793,0.2617,0.2869,1745608519.255607,161151934,193366775,161151934,192476060,0.01,0.059627,0.01,0.039305,0.01337501,0.04851284,0.01337501,0.04222579,,,,,79.7,20.3,3.93,78.97,21.03,3.76,49.03,50.97,0.96,339488.503283,693540.436362,382888.503283,754530.436362,,,,,,,,
2021-08-14,0.28689,0.29936,0.27586,0.29446,2373896854.066785,195388220,216963963,185568053,201501168,0.037262,0.083388,0.037262,0.04809,0.04760827,0.06502077,0.03452542,0.03758138,,,,,79.09,20.91,3.78,76.51,23.49,3.26,49.51,50.49,0.98,869166.906964,1071594.849662,1594416.906964,1209114.849662,,,,,,,,
2021-08-15,0.29446,0.34978,0.28611,0.34036,4215560207.564891,213076724,262351161,205974981,262351161,0.059489,0.106968,0.036598,0.053494,0.04734578,0.0908752,0.01709585,0.04295612,,,,,79.27,20.73,3.82,78.34,21.66,3.62,49.36,50.64,0.98,1336577.976128,2346428.415576,1579567.976128,3134268.415576,,,,,,,,
2021-08-16,0.34037,0.35222,0.31,0.31975,3929458483.512878,261517882,282615501,227344645,228008648,0.067056,0.104449,0.035555,0.035555,0.03911372,0.0704911,0.03911372,0.04008565,,,,,78.18,21.82,3.58,77.03,22.97,3.35,49.06,50.94,0.96,2382336.212495,949556.731553,2930416.212495,1109236.731553,,,,,,,,
2021-08-17,0.31973,0.34078,0.294,0.29945,3146601425.981032,223039756,242811562,194409805,194409805,0.030652,0.032121,0.01,0.027644,0.04128976,0.04128976,0.01607229,0.03185658,,,,,81.67,18.33,4.46,82.31,17.69,4.65,51.51,48.49,1.06,2562897.679018,647722.664091,4214497.679018,688682.664091,,,,,,,,
2021-08-18,0.29953,0.32543,0.276,0.30337,3408759670.237822,190851923,224930683,172149350,194476238,0.022161,0.022161,0.01,0.01,0.02345998,0.02345998,0.00617826,0.01473239,,,,,82.93,17.07,4.86,83.34,16.66,5.0,49.19,50.81,0.97,2002619.130063,1025539.314646,3178329.977295,1259146.603992,,,,,,,,
2021-08-19,0.3034,0.31978,0.29391,0.31811,1978425725.981411,192609033,217025680,189734543,217025680,0.01,0.022948,0.01,0.01,0.02041412,0.04037324,0.01740762,0.0209824,,,,,81.62,18.38,4.44,79.76,20.24,3.94,48.88,51.12,0.96,484599.010271,642588.870749,605868.219031,770560.992784,,,,,,,,
2021-08-20,0.31814,0.33433,0.31405,0.32742,1810982869.767545,221250425,244504573,221250425,230172141,0.01,0.066896,0.01,0.053338,0.02094573,0.05829336,0.01973563,0.04748212,,,,,81.6,18.4,4.44,78.45,21.55,3.64,49.03,50.97,0.96,370476.96445,528898.927527,410063.84562,637755.87171,,,,,,,,
2021-08-21,0.32741,0.32986,0.31369,0.31698,1438983323.599042,230018125,256305120,227417792,230037536,0.055421,0.080249,0.014277,0.051626,0.05455352,0.05455352,0.02051003,0.03412127,,,,,83.86,16.14,5.2,82.69,17.31,4.78,48.91,51.09,0.96,474444.967829,253915.899097,534190.616209,254705.899097,,,,,,,,
2021-08-22,0.31698,0.32199,0.30501,0.31492,1083079094.772247,229034566,240483046,227695260,234144052,0.047423,0.066939,0.02946,0.066857,0.03326824,0.05213878,0.02589482,0.05095305,,,,,85.33,14.67,5.82,84.75,15.25,5.56,49.08,50.92,0.96,718238.484587,153853.326874,1047441.458383,161728.685654,,,,,,,,
2021-08-23,0.31491,0.32865,0.313,0.31824,1386988349.30982,233892655,264007411,233892655,254798978,0.052316,0.111116,0.029174,0.099114,0.04294575,0.08697224,0.02046014,0.07118712,,,,,85.37,14.63,5.84,84.13,15.87,5.3,49.31,50.69,0.97,461213.928762,424867.394799,587752.168015,478252.075845,,,,,,,,
2021-08-24,0.31821,0.32005,0.2721,0.28884,1657258371.768231,255520283,261795493,197346567,198642774,0.081789,0.114624,0.065964,0.080213,0.06207099,0.0763409,0.04668673,0.05676516,,,,,87.77,12.23,7.18,86.29,13.71,6.29,48.99,51.01,0.96,1988783.699502,285982.835836,3029565.244973,371988.940816,,,,,,,,
2021-08-25,0.28883,0.29701,0.2796,0.2928,1150728176.852084,190929542,197595717,184809663,196001963,0.070328,0.070328,0.01,0.01,0.05128593,0.05128593,0.00433026,0.01719342,,,,,85.84,14.16,6.06,85.81,14.19,6.05,49.47,50.53,0.98,857636.660469,185979.743546,993442.384552,190659.604714,,,,,,,,
2021-08-26,0.2928,0.29655,0.2641,0.26834,1275521686.73343,196337504,199945809,180977614,180977614,0.01,0.031323,0.01,0.019077,0.01936736,0.03151677,0.01468015,0.01845933,,,,,85.6,14.4,5.94,83.13,16.87,4.93,49.02,50.98,0.96,1222291.706816,99617.425291,2185865.098103,101461.576211,,,,,,,,
2021-08-27,0.26837,0.29527,0.2651,0.29463,1048349953.208639,176786784,190172981,174618510,189098507,0.020385,0.030092,0.01,0.016622,0.01817017,0.02291626,0.00756766,0.01259673,,,,,85.97,14.03,6.13,85.55,14.45,5.92,49.47,50.53,0.98,241267.825364,461378.492785,243831.506504,754625.414352,,,,,,,,
2021-08-28,0.29462,0.29979,0.28309,0.28623,738357982.826443,191321984,193270909,186362727,188514917,0.015815,0.052374,0.015815,0.035812,0.01307011,0.03228476,0.01238492,0.01838376,,,,,81.79,18.21,4.49,77.83,22.17,3.51,48.75,51.25,0.95,190423.934569,120349.248537,326046.886195,139604.082417,,,,,,,,
2021-08-29,0.28623,0.29198,0.27656,0.28126,722330581.090637,190028358,194746343,182881069,188512340,0.035572,0.046166,0.020195,0.039367,0.02034547,0.03297525,0.01863129,0.03004702,,,,,85.11,14.89,5.72,84.22,15.78,5.34,49.38,50.62,0.98,364140.767394,94927.505954,704412.967414,97393.289274,,,,,,,,
2021-08-30,0.28126,0.29091,0.26984,0.27206,867214983.909235,187339343,197437107,185199210,192420911,0.034508,0.100372,0.023302,0.069045,0.02942037,0.06837112,0.02302615,0.04867066,,,,,85.67,14.33,5.98,84.36,15.64,5.39,49.4,50.6,0.98,717162.072058,112173.577151,1022557.508858,122882.558995,,,,,,,,
2021-08-31,0.27211,0.28622,0.26979,0.27849,852089208.440868,190985744,201944733,190823239,190823239,0.057112,0.057112,0.01568,0.030856,0.04513895,0.04513895,0.01728394,0.02454274,,,,,86.06,13.94,6.17,84.97,15.03,5.65,49.6,50.4,0.98,310487.699176,205857.228951,418484.118856,211241.543111,,,,,,,,
2021-09-01,0.27848,0.29537,0.27312,0.2947,858943751.550244,192031327,204768710,188966863,203804452,0.031045,0.064071,0.031045,0.064071,0.02776134,0.04685984,0.02776134,0.04685984,,,,,85.28,14.72,5.79,82.79,17.21,4.81,49.19,50.81,0.97,183774.074192,291602.594305,183810.766692,333596.962375,,,,,,,,
2021-09-02,0.2947,0.31019,0.29201,0.29486,1844124847.806569,245908454,268773478,241935956,253405476,0.064413,0.154563,0.064413,0.083117,0.04651884,0.11156767,0.04651884,0.06852594,,,,,82.6,17.4,4.75,78.85,21.15,3.73,48.97,51.03,0.96,628918.827729,364976.525592,1309216.799875,670439.317627,,,,,,,,
2021-09-03,0.29487,0.30522,0.2866,0.29646,1153811351.720615,247617743,258544562,234318492,250842729,0.071345,0.099045,0.047248,0.076647,0.06315042,0.07937325,0.03500425,0.06243917,,,,,86.68,13.32,6.51,85.3,14.7,5.8,49.22,50.78,0.97,751470.807177,102651.780528,1207976.730592,124188.615378,,,,,,,,
2021-09-04,0.29646,0.30956,0.29337,0.29979,1251697165.225019,254192106,294910452,254192106,279042762,0.068609,0.141168,0.068609,0.141168,0.06010766,0.09225413,0.05076807,0.09225413,,,,,87.78,12.22,7.18,86.06,13.94,6.17,49.15,50.85,0.97,445658.121095,156332.80975,480490.863647,169268.77873,,,,,,,,
2021-09-05,0.29978,0.316,0.29616,0.31476,1276319496.608778,280274848,322676863,280274848,322676863,0.137107,0.149115,0.083631,0.104276,0.08917847,0.09918533,0.05267036,0.07302243,,,,,88.81,11.19,7.94,87.18,12.82,6.8,48.92,51.08,0.96,90911.037766,248103.121092,172541.037766,304274.528416,,,,,,,,
2021-09-06,0.31474,0.32095,0.3,0.30928,1384597307.100862,321661848,333765182,290090759,301035284,0.104881,0.152802,0.064267,0.064267,0.07508048,0.11331932,0.05911619,0.05911619,,,,,84.74,15.26,5.55,81.07,18.93,4.28,49.1,50.9,0.97,1532882.135059,302389.159584,2090985.154115,347122.77312,,,,,,,,
2021-09-07,0.30924,0.31176,0.20225,0.25547,2690743860.764002,300268732,300268732,96416612,102265042,0.050116,0.095554,0.01,0.01,0.05172421,0.07984551,0.0056353,0.0056353,,,,,86.69,13.31,6.51,84.39,15.61,5.41,49.24,50.76,0.97,9652331.462371,1246258.36785,14941827.942031,1710279.109427,,,,,,,,
2021-09-08,0.25548,0.26365,0.23345,0.25669,1233392938.915226,103471150,104146311,85802121,88378821,-0.326274,0.04681,-0.326274,0.01,-0.16102996,0.04389019,-0.16102996,0.0134904,,,,,79.67,20.33,3.92,78.61,21.39,3.68,50.06,49.94,1.0,1828676.928302,1273835.637404,2234987.238939,1316809.253562,,,,,,,,
2021-09-09,0.25667,0.25987,0.24858,0.2527,691198187.416007,86177586,95364784,86177586,92871397,0.01,0.01,0.01,0.01,0.01449292,0.01730508,0.00572641,0.01437008,,,,,78.04,21.96,3.55,75.15,24.85,3.02,49.3,50.7,0.97,815528.278166,160917.182419,832772.314686,161347.881989,,,,,,,,
2021-09-10,0.25269,0.26226,0.23529,0.23975,790802026.323372,92901681,97366555,86427676,86427676,0.01,0.01,0.01,0.01,0.01311845,0.0178055,-0.03290197,0.00730914,,,,,77.45,22.55,3.44,75.93,24.07,3.16,49.33,50.67,0.97,1253411.881429,434892.456051,1522146.098872,438350.839011,,,,,,,,
2021-09-11,0.23977,0.24797,0.2376,0.241,401034543.538993,87734691,91354340,87563595,87563595,0.01,0.01,0.01,0.01,0.01089685,0.01499479,0.00218962,0.01499479,,,,,78.62,21.38,3.68,77.27,22.73,3.4,49.59,50.41,0.98,268404.536976,211266.506929,281084.324816,229335.533759,,,,,,,,
2021-09-12,0.24101,0.25536,0.2388,0.25042,531888284.1432,88154150,103993126,87787654,103993126,0.01,0.01,0.01,0.01,0.01309355,0.01498288,0.00745239,0.01171952,,,,,80.77,19.23,4.2,78.88,21.12,3.74,49.25,50.75,0.97,431383.286837,375795.951646,443962.971423,453533.223553,,,,,,,,
2021-09-13,0.25046,0.25246,0.22811,0.23586,752557272.159404,100298384,100298384,90604719,91232796,0.01,0.01,0.01,0.01,0.0103006,0.01623981,0.00334503,0.01019499,,,,,78.75,21.25,3.71,75.16,24.84,3.03,49.22,50.78,0.97,1799965.827316,541896.574781,2280120.254856,575642.876905,,,,,,,,
2021-09-14,0.23584,0.24172,0.23346,0.24065,344034011.99668,90637077,96411051,90637077,94631676,0.01,0.01,0.01,0.01,0.01264917,0.01381754,0.00735912,0.01245017,,,,,79.62,20.38,3.91,77.38,22.62,3.42,49.56,50.44,0.98,124537.687141,136003.827103,124537.687141,136123.827103,,,,,,,,
2021-09-15,0.24063,0.24839,0.23885,0.24784,338570658.580187,95481959,103546069,94988935,101914458,0.01,0.01,0.01,0.01,0.01247307,0.01447791,0.00919279,0.01122861,,,,,78.74,21.26,3.7,74.53,25.47,2.93,49.05,50.95,0.96,61314.23783,513079.708333,61314.23783,521991.700423,,,,,,,,
2021-09-16,0.24784,0.24803,0.233,0.24212,410202873.881496,101628464,101628464,94253039,96667581,0.01,0.019361,0.01,0.013062,0.01450406,0.01864733,0.01310395,0.01365098,,,,,78.38,21.62,3.63,73.28,26.72,2.74,49.22,50.78,0.97,1372109.724145,116795.859552,1481636.506575,116795.859552,,,,,,,,
2021-09-17,0.24212,0.26012,0.23738,0.24021,900663433.974904,99114813,124430841,96812999,108313531,0.01,0.050064,0.01,0.01,0.01121159,0.03134344,0.00816296,0.00867573,,,,,79.34,20.66,3.84,75.56,24.44,3.09,49.29,50.71,0.97,1339026.784697,945445.936545,1439775.576174,1029963.796319,,,,,,,,
2021-09-18,0.24022,0.2475,0.238,0.24146,331562836.894724,110162885,113164256,106129555,106815840,0.01,0.01,0.01,0.01,0.00902258,0.01477817,0.00664387,0.00664387,,,,,83.7,16.3,5.14,81.76,18.24,4.48,49.11,50.89,0.97,407083.299504,145890.300695,407464.842874,146028.344725,,,,,,,,
2021-09-19,0.24146,0.24156,0.23064,0.23308,286981351.31677,106881504,108995664,104827123,104827123,0.01,0.01,0.01,0.01,0.00759403,0.01575641,0.00680651,0.00680651,,,,,83.82,16.18,5.18,81.19,18.81,4.32,49.11,50.89,0.97,930402.016265,40986.13255,1518704.350115,40986.13255,,,,,,,,
2021-09-20,0.23308,0.23349,0.1988,0.20862,883453470.03107,105645185,105645185,79978547,79978547,0.01,0.01,0.01,0.01,0.00400973,0.00875722,0.00198534,0.00875722,,,,,84.72,15.28,5.55,82.91,17.09,4.85,49.44,50.56,0.98,3017680.610726,651772.539269,4426663.867287,728625.576079,,,,,,,,
2021-09-21,0.20862,0.21851,0.19739,0.20069,706339234.90891,80054617,80054617,75177034,76704457,0.01,0.01,0.01,0.01,0.00647734,0.01178229,0.00380283,0.00576056,,,,,81.5,18.5,4.41,80.35,19.65,4.09,49.18,50.82,0.97,1783716.475267,489306.00102,1929434.82352,514825.276061,,,,,,,,
2021-09-22,0.20071,0.2306,0.19978,0.22444,774404410.37598,79053920,88431569,78082389,86520157,0.01,0.01,0.008519,0.01,0.00307157,0.01102743,0.00307157,0.00723298,,,,,80.1,19.9,4.03,77.86,22.14,3.52,49.59,50.41,0.98,522447.25193,1005153.114004,526038.58136,1234741.410166,,,,,,,,
2021-09-23,0.22444,0.2273,0.21739,0.22442,403024565.61,85986985,86239393,81089537,81089537,0.01,0.01,-0.002993,0.004776,0.00717827,0.01077512,-0.00348134,-0.00080335,,,,,80.75,19.25,4.2,77.2,22.8,3.39,48.88,51.12,0.96,409576.736552,237817.885339,449014.920042,263542.052059,,,,,,,,
2021-09-24,0.22444,0.22928,0.19632,0.20902,619473886.62,81411315,81747227,73449674,73638767,0.009842,0.01,-0.011966,-0.005046,0.00134835,0.00960253,-0.00911116,-0.00911116,,,,,78.11,21.89,3.57,74.67,25.33,2.95,49.57,50.43,0.98,1737944.735756,494280.9354,2071653.744448,589596.72928,,,,,,,,
2021-09-25,0.20901,0.21256,0.20419,0.20827,335517734.94,73082437,75898011,72548181,75026324,-0.005096,0.01,-0.006602,0.01,-0.00991142,0.01159997,-0.01459376,0.01159997,,,,,78.93,21.07,3.75,76.52,23.48,3.26,49.97,50.03,1.0,251445.433072,228593.215296,258160.205652,229242.719776,,,,,,,,
2021-09-26,0.20828,0.20882,0.19396,0.20477,407759935.05,75541139,77941203,74843582,74843582,0.01,0.01,-0.007072,0.008179,0.01039983,0.01213125,0.00266997,0.00925255,,,,,78.88,21.12,3.74,75.82,24.18,3.14,49.78,50.22,0.99,827250.866392,409235.088167,942024.941314,467689.132987,,,,,,,,
2021-09-27,0.20479,0.2093,0.19934,0.19955,277507276.29,75134905,77669969,75134905,76761431,0.004689,0.01,-0.001705,0.01,0.00877046,0.0149199,0.00662612,0.01261235,,,,,79.46,20.54,3.87,76.33,23.67,3.23,49.68,50.32,0.99,463047.015375,42009.551781,617560.705175,42110.125901,,,,,,,,
2021-09-28,0.19953,0.20269,0.19586,0.1964,313381108.27,75711147,78666445,75664373,77702346,0.008458,0.01,0.003393,0.008982,0.01099659,0.01193866,0.00625178,0.00723179,,,,,81.07,18.93,4.28,78.67,21.33,3.69,49.3,50.7,0.97,603405.079557,144907.953838,630589.102287,144907.953838,,,,,,,,
2021-09-29,0.19638,0.2042,0.19451,0.19853,314918639.09,77690075,78349124,76151343,77051045,0.009598,0.01,0.006155,0.01,0.00798048,0.00941694,0.00391624,0.00794254,,,,,81.18,18.82,4.31,78.54,21.46,3.66,49.24,50.76,0.97,456125.82164,160994.044355,551506.150257,164042.826845,,,,,,,,
2021-09-30,0.19854,0.20596,0.1975,0.20424,298010712.97,77775612,82371286,77775612,81256703,0.01,0.01,0.01,0.01,0.00830776,0.01355344,0.00611305,0.01140577,,,,,81.66,18.34,4.45,77.09,22.91,3.37,48.57,51.43,0.94,171540.877633,201201.942113,171540.877633,205234.733443,,,,,,,,
2021-10-01,0.20425,0.22535,0.20171,0.22277,510111512.74,81452161,94005504,80511014,91303594,0.01,0.01,0.01,0.01,0.01028449,0.01247276,0.00651737,0.01041419,,,,,80.58,19.42,4.15,76.42,23.58,3.24,48.96,51.04,0.96,398743.865559,967204.481574,398980.595889,1177614.032134,,,,,,,,
2021-10-02,0.22277,0.2252,0.21504,0.2186,410833899.32,92361306,100603322,90305638,99266172,0.01,0.01,0.01,0.01,0.01044726,0.01496282,0.00694497,0.00694497,,,,,80.2,19.8,4.05,75.72,24.28,3.12,48.56,51.44,0.94,603394.606389,108321.55687,723561.494784,123689.90155,,,,,,,,
2021-10-03,0.21859,0.22693,0.21533,0.2219,396146027.62,95274190,103465014,93036504,98704354,0.01,0.01596,0.01,0.01,0.00565238,0.01374307,0.00527839,0.00701942,,,,,82.77,17.23,4.8,81.39,18.61,4.37,49.59,50.41,0.98,545332.734531,158658.465456,676354.055121,170219.608246,,,,,,,,
2021-10-04,0.22191,0.24906,0.21212,0.24175,1511013430.05,98931754,125231106,95412588,125231106,0.01,0.018589,0.01,0.018589,0.00707841,0.01899642,0.00707841,0.01432755,,,,,82.99,17.01,4.88,81.12,18.88,4.3,49.53,50.47,0.98,1904784.755147,1671423.001201,2291532.724939,1951229.337065,,,,,,,,
2021-10-05,0.24173,0.2682,0.2326,0.25197,1984501859.44,127122143,150820609,119428365,142906338,0.019197,0.034098,0.01,0.034098,0.01520067,0.02671953,0.00810562,0.02017465,,,,,82.65,17.35,4.76,80.6,19.4,4.16,48.43,51.57,0.94,2379001.932817,1353503.637223,2575770.201015,1623338.071347,,,,,,,,
2021-10-06,0.25202,0.27199,0.24228,0.2543,2020517420.29,143901926,159326534,137573535,142187215,0.039935,0.052345,0.01,0.038142,0.0240246,0.04082003,0.01263472,0.02980554,,,,,83.6,16.4,5.1,81.13,18.87,4.3,48.41,51.59,0.94,2428323.462857,1421408.97362,2649456.358431,1646928.395605,,,,,,,,
2021-10-07,0.25429,0.25725,0.2352,0.24311,1109203593.88,142681541,148265777,129977333,136392795,0.032352,0.064298,0.022356,0.040218,0.02839721,0.05438103,0.01786613,0.03938756,,,,,83.32,16.68,5.0,80.24,19.76,4.06,48.1,51.9,0.93,1925670.245647,507997.200234,2157383.482702,565360.215224,,,,,,,,
2021-10-08,0.24311,0.25534,0.2415,0.24429,726663028.62,136282035,149122362,135664669,144165458,0.036002,0.062461,0.026792,0.037119,0.03871409,0.039084,0.02380087,0.02611379,,,,,86.61,13.39,6.47,84.37,15.63,5.4,48.87,51.13,0.96,874561.670232,337547.289073,891891.545822,373829.727385,,,,,,,,
2021-10-09,0.2443,0.2529,0.24071,0.24697,507412055.91,142339926,150679722,140018754,147112333,0.034073,0.053267,0.024463,0.04346,0.02530168,0.03076002,0.01546708,0.02755055,,,,,86.83,13.17,6.59,84.02,15.98,5.26,48.91,51.09,0.96,214593.779204,54494.494149,215690.325264,55015.943287,,,,,,,,
2021-10-10,0.24697,0.2491,0.225,0.22881,523786227.66,146807094,150486528,123359800,123359800,0.043113,0.067753,0.01,0.01,0.02778167,0.0373605,0.00344561,0.00475365,,,,,86.62,13.38,6.47,83.69,16.31,5.13,48.92,51.08,0.96,1071174.307258,99169.962038,1665882.772491,99189.804438,,,,,,,,
2021-10-11,0.22881,0.23955,0.22467,0.23128,474036887.64,121271127,130343690,121271127,125101199,0.01,0.026878,0.01,0.01,0.00491097,0.02507253,0.00491097,0.00799392,,,,,86.79,13.21,6.57,85.44,14.56,5.87,49.56,50.44,0.98,871558.798547,159526.936452,944748.950157,176776.414372,,,,,,,,
2021-10-12,0.23128,0.2318,0.21559,0.22623,559466602.04,125191970,125191970,114503274,122682972,0.01,0.01,0.01,0.01,0.00846542,0.017198,0.00839329,0.01569337,,,,,86.24,13.76,6.27,82.65,17.35,4.76,48.66,51.34,0.95,897031.780904,279636.906427,1220554.639482,286346.492897,,,,,,,,
2021-10-13,0.22619,0.23435,0.2205,0.23272,468696577.77,122431460,127448469,120122497,127448469,0.01,0.01,0.01,0.01,0.01483958,0.01504592,0.00947596,0.01195293,,,,,85.49,14.51,5.89,82.63,17.37,4.76,49.11,50.89,0.97,383842.930171,340426.616776,389140.105301,346609.071656,,,,,,,,
2021-10-14,0.23275,0.24041,0.23083,0.2329,504889741.35,126461216,135452683,126461216,131399409,0.01,0.04903,0.01,0.025464,0.01210968,0.03645736,0.01210968,0.02277641,,,,,85.17,14.83,5.74,81.64,18.36,4.45,48.97,51.03,0.96,354212.776977,164081.46724,355166.240827,181780.01963,,,,,,,,
2021-10-15,0.23291,0.24383,0.22403,0.23437,636191235.32,131935862,140409595,127778925,138842583,0.03279,0.069523,0.03279,0.069523,0.02600099,0.05496366,0.02600099,0.05496366,,,,,86.41,13.59,6.36,83.74,16.26,5.15,49.19,50.81,0.97,967137.355425,292677.408284,1053327.997822,309748.758138,,,,,,,,
2021-10-16,0.23436,0.24596,0.23405,0.23747,605856075.57,137715339,148203950,137715339,139723427,0.070103,0.087322,0.03079,0.042209,0.05512498,0.06826325,0.0236522,0.03358049,,,,,86.66,13.34,6.5,83.55,16.45,5.08,49.02,50.98,0.96,589872.1473,140831.123956,599425.028156,144455.060676,,,,,,,,
2021-10-17,0.23747,0.24235,0.22484,0.23802,547868013.19,139277201,141990101,124361585,135653675,0.038824,0.056935,0.011101,0.011101,0.03299407,0.0487178,0.01166831,0.01459705,,,,,86.54,13.46,6.43,83.72,16.28,5.14,49.21,50.79,0.97,786457.429931,120296.32653,931486.219909,124955.90397,,,,,,,,
2021-10-18,0.23803,0.27359,0.23715,0.24749,2763162680.59,133753166,201915183,133753166,176767884,0.01638,0.085188,0.01638,0.051344,0.01920328,0.0535881,0.01920328,0.03316107,,,,,85.47,14.53,5.88,82.27,17.73,4.64,49.36,50.64,0.98,1835881.390357,1433510.142048,2415951.07622,1636596.757875,,,,,,,,
2021-10-19,0.24749,0.25514,0.24,0.24565,815061449.01,175403542,181023511,171675943,173373475,0.044815,0.06866,0.022185,0.022185,0.03009382,0.04684478,0.01826955,0.01826955,,,,,86.28,13.72,6.29,83.86,16.14,5.2,48.63,51.37,0.95,567373.641986,216873.995484,740528.810826,221124.375514,,,,,,,,
2021-10-20,0.24565,0.26223,0.24224,0.25501,861386387.43,174265782,184386407,171214673,174801035,0.027168,0.058926,0.027168,0.054405,0.02346825,0.04971418,0.02346825,0.04020959,,,,,86.97,13.03,6.68,84.04,15.96,5.27,48.89,51.11,0.96,600000.413071,538296.019563,620562.246681,741090.458759,,,,,,,,
2021-10-21,0.255,0.25897,0.24,0.2426,819097387.31,174745560,185039777,162708654,163971790,0.052464,0.106055,0.0311,0.033203,0.04207865,0.07968853,0.03611355,0.03611355,,,,,85.84,14.16,6.06,82.75,17.25,4.8,48.72,51.28,0.95,1568758.297602,115872.239207,1711010.276875,116011.977807,,,,,,,,
2021-10-22,0.24265,0.25318,0.235,0.24494,808274095.7,163625845,171723278,163027204,163027204,0.031683,0.076799,0.031683,0.052532,0.03280911,0.06673598,0.03280911,0.04460288,,,,,87.56,12.44,7.04,85.59,14.41,5.94,49.14,50.86,0.97,1152568.504004,291684.683466,1361760.336274,432826.333826,,,,,,,,
2021-10-23,0.24494,0.25445,0.24108,0.25144,684814048.16,162891205,175483480,161694733,169326004,0.058172,0.083675,0.050906,0.081929,0.04830608,0.06154627,0.03289634,0.06154627,,,,,87.59,12.41,7.06,84.56,15.44,5.48,48.76,51.24,0.95,610061.583593,249918.883429,638555.437253,253443.052249,,,,,,,,
2021-10-24,0.25144,0.28333,0.24604,0.27603,2656304934.2,170792493,225534036,170792493,225135031,0.08521,0.095133,0.065632,0.067412,0.066619,0.07423773,0.03621591,0.04454227,,,,,86.69,13.31,6.51,82.99,17.01,4.88,48.91,51.09,0.96,2336839.580747,1686257.538229,2602471.270589,2060742.301871,,,,,,,,
2021-10-25,0.27603,0.28109,0.2575,0.26548,1638738587.05,214931179,261571136,214106881,257892624,0.067048,0.095928,0.059146,0.062556,0.05002781,0.07539197,0.03795725,0.04786984,,,,,83.77,16.23,5.16,80.01,19.99,4.0,48.65,51.35,0.95,1155371.13374,438185.829255,1218381.509546,447046.776665,,,,,,,,
2021-10-26,0.26548,0.27472,0.25,0.25603,1305039614.95,260989725,275672819,255235524,262194650,0.066602,0.099687,0.063527,0.063527,0.053952,0.07776505,0.03393852,0.03393852,,,,,88.18,11.82,7.46,85.29,14.71,5.8,48.61,51.39,0.95,2226106.218101,375234.959527,2685154.307732,381396.532027,,,,,,,,
2021-10-27,0.25602,0.26394,0.21,0.23804,2467934099.34,264394192,272540181,165764412,180101708,0.043418,0.073787,0.01,0.016304,0.024612,0.04259783,-0.0524251,0.01064352,,,,,89.5,10.5,8.52,87.58,12.42,7.05,49.5,50.5,0.98,6020967.17957,1070506.871102,7919798.348851,1139786.300649,,,,,,,,
2021-10-28,0.23802,0.341,0.23239,0.3,10829374939.78,170988603,369257442,163055516,353027023,0.011115,0.041367,0.01,0.029585,0.00608665,0.04238094,0.00608665,0.02990732,,,,,87.81,12.19,7.2,85.46,14.54,5.88,49.08,50.92,0.96,7335142.0731,7990471.910168,9831940.550696,10004630.486777,,,,,,,,
2021-10-29,0.30004,0.30734,0.2737,0.28847,2993834499.27,375765367,399841999,324137658,334463808,0.029077,0.049359,0.028861,0.031575,0.03269207,0.05377736,0.03269207,0.03363966,,,,,86.02,13.98,6.15,82.94,17.06,4.86,48.06,51.94,0.93,2173504.84466,1056851.211698,2621242.873166,1096699.949568,,,,,,,,
2021-10-30,0.28844,0.2953,0.25719,0.26918,1662316964.25,331302972,347738623,293074973,293074973,0.03121,0.06853,0.03121,0.042633,0.03138895,0.05862065,0.02922554,0.02922554,,,,,89.46,10.54,8.49,87.37,12.63,6.92,48.98,51.02,0.96,2550108.543099,438835.330087,2838692.104708,442857.629167,,,,,,,,
2021-10-31,0.26916,0.28532,0.252,0.28021,1847894590.24,297118912,310888309,285699189,305619801,0.035636,0.064903,0.025574,0.025574,0.02532346,0.05115339,0.01866691,0.01866691,,,,,90.01,9.99,9.01,88.64,11.36,7.8,49.49,50.51,0.98,2978628.640302,1264219.922904,3123511.632355,1380409.485863,,,,,,,,
2021-11-01,0.28023,0.28707,0.26329,0.27185,1226409752.3,308097119,308097119,282726973,299156779,0.02241,0.066579,0.02241,0.036319,0.01903089,0.0494533,0.01903089,0.02764952,,,,,90.01,9.99,9.01,87.16,12.84,6.79,49.19,50.81,0.97,1433491.840077,264242.070257,1654381.446903,268743.859273,,,,,,,,
2021-11-02,0.27186,0.28143,0.267,0.27439,950264278.21,295069962,325312744,295069962,315279918,0.042785,0.081721,0.042785,0.065056,0.03503877,0.06199977,0.03503877,0.04651831,,,,,90.81,9.19,9.88,88.57,11.43,7.75,49.21,50.79,0.97,795263.659274,334226.958395,796088.836414,344606.555615,,,,,,,,
2021-11-03,0.2744,0.2779,0.261,0.26919,890059493.53003,315263376,323405698,295457932,301568161,0.060338,0.085102,0.019853,0.081108,0.04574855,0.06417605,0.01723748,0.05958753,,,,,91.25,8.75,10.43,88.76,11.24,7.9,49.27,50.73,0.97,2027433.110946,53371.082673,2219874.279307,53836.428193,,,,,,,,
2021-11-04,0.26919,0.27134,0.2537,0.26311,760165377.815373,303634544,306837307,290607811,304699087,0.081692,0.085076,0.037487,0.052119,0.06256965,0.06477104,0.02219032,0.03259536,,,,,90.85,9.15,9.93,88.83,11.17,7.95,49.93,50.07,1.0,2132661.754925,154250.102245,2621647.079863,154379.450785,,,,,,,,
2021-11-05,0.26311,0.27124,0.25667,0.26106,636542844.9874,305140975,315497048,295541672,307360032,0.050494,0.061329,0.049452,0.059656,0.02890689,0.03951111,0.02890689,0.03861952,,,,,90.95,9.05,10.05,88.9,11.1,8.01,50.21,49.79,1.01,613092.429473,124256.186168,633387.674873,144194.336671,,,,,,,,
2021-11-06,0.26107,0.26777,0.24952,0.26207,570167387.9176,307334051,311734506,294252646,305442576,0.058546,0.058546,0.024758,0.037796,0.03656746,0.03869257,0.02114369,0.02638092,,,,,91.69,8.31,11.03,89.6,10.4,8.62,50.12,49.88,1.01,1445760.83685,162149.592092,1534225.979895,164291.172452,,,,,,,,
2021-11-07,0.26208,0.27034,0.2585,0.26679,557802889.7257,304671150,318200806,302703929,318200806,0.036439,0.075038,0.036439,0.065298,0.023855,0.05309429,0.023855,0.04610316,,,,,90.38,9.62,9.4,87.7,12.3,7.13,50.0,50.0,1.0,257659.822866,135651.070828,257659.822866,142825.106078,,,,,,,,
2021-11-08,0.26679,0.29754,0.26467,0.28215,2266118567.5293,324621867,364313324,321815072,353590485,0.067478,0.098458,0.05811,0.05811,0.05008377,0.07908952,0.04670657,0.04996321,,,,,90.89,9.11,9.98,88.51,11.49,7.7,49.88,50.12,1.0,1849526.319002,1087365.234819,2210718.806162,1305946.183269,,,,,,,,
2021-11-09,0.28215,0.291,0.2701,0.27396,1128190026.9271,359320959,365789838,340263683,344230203,0.051533,0.072016,0.045908,0.061689,0.0476569,0.06185915,0.04226598,0.05490154,,,,,89.61,10.39,8.63,87.35,12.65,6.91,49.56,50.44,0.98,1160236.261577,243957.742825,1245975.328735,247149.597189,,,,,,,,
2021-11-10,0.27396,0.27777,0.23,0.25532,1385577800.5171,343393838,352211431,261003661,271469427,0.062885,0.123481,0.01,0.01,0.05369235,0.09203351,0.01143653,0.01143653,,,,,90.66,9.34,9.71,89.08,10.92,8.16,50.94,49.06,1.04,4256496.80066,308082.357383,6082532.417917,309330.995071,,,,,,,,
2021-11-11,0.25531,0.2719,0.2532,0.26071,829212236.352,273440961,279794592,265569670,273579766,0.01,0.045881,0.01,0.045881,0.01137814,0.02703149,0.01072305,0.02703149,,,,,89.44,10.56,8.47,87.86,12.14,7.24,50.6,49.4,1.02,397962.641744,479956.91572,398987.495164,486987.13265,,,,,,,,
2021-11-12,0.26068,0.26894,0.24813,0.25945,770659253.3819,270678644,276111619,259282384,261959800,0.0422,0.0422,0.01,0.01,0.02499727,0.03066453,0.01182426,0.01453864,,,,,89.54,10.46,8.56,86.97,13.03,6.68,49.62,50.38,0.99,1343525.166701,154050.21951,1414614.861071,155925.90464,,,,,,,,
2021-11-13,0.2595,0.26252,0.25438,0.26132,373514953.7799,262381451,268536377,257413654,268428555,0.012341,0.029715,0.011469,0.011469,0.0170132,0.02609023,0.01219963,0.0160451,,,,,88.73,11.27,7.87,86.37,13.63,6.34,49.72,50.28,0.99,230596.929992,113632.277669,230596.929992,113937.609869,,,,,,,,
2021-11-14,0.26137,0.27255,0.25975,0.26304,575459797.9968,268971142,283945491,268752620,277421968,0.011659,0.050902,0.01,0.023747,0.01709561,0.03414526,0.01024823,0.0227455,,,,,88.79,11.21,7.92,86.17,13.83,6.23,49.5,50.5,0.98,420108.801703,249216.753379,425379.340483,544187.102719,,,,,,,,
2021-11-15,0.26305,0.26541,0.25531,0.25698,478343552.301,279078678,279293812,270043278,271695184,0.02881,0.040375,0.019014,0.026456,0.02616178,0.03518937,0.01324258,0.02302841,,,,,89.51,10.49,8.53,87.1,12.9,6.75,49.72,50.28,0.99,463464.058965,56842.913626,534247.463823,56892.913626,,,,,,,,
2021-11-16,0.25697,0.25698,0.22122,0.23665,982657836.7519,270272642,270272642,215555314,218182212,0.029775,0.029775,0.01,0.01,0.02527176,0.02527176,-0.00251221,0.0099234,,,,,90.14,9.86,9.14,88.13,11.87,7.43,49.65,50.35,0.99,3267092.389746,296808.949898,5926771.776343,344575.110816,,,,,,,,
2021-11-17,0.23667,0.24143,0.22911,0.23756,476320885.3038,216033503,220136040,211622687,216986015,0.01,0.01,0.01,0.01,0.00970582,0.01901501,0.00567842,0.01174924,,,,,89.05,10.95,8.13,87.54,12.46,7.03,49.14,50.86,0.97,767594.513735,131269.742344,975992.628865,139038.359394,,,,,,,,
2021-11-18,0.23755,0.24155,0.215,0.22115,660831634.6239,218970075,221866215,212809640,212809640,0.01,0.01,0.01,0.01,0.01122719,0.01584342,0.00640705,0.00640705,,,,,89.49,10.51,8.52,87.37,12.63,6.92,48.47,51.53,0.94,2002993.154543,82357.020812,3593447.271582,83348.739282,,,,,,,,
2021-11-19,0.22122,0.23707,0.216,0.23296,459891060.0753,215239477,237434898,215239477,230992750,0.01,0.01,0.01,0.01,0.00659362,0.01592675,0.0030908,0.00791216,,,,,89.38,10.62,8.42,88.06,11.94,7.38,48.42,51.58,0.94,643132.726464,237266.285477,660583.991096,263970.033537,,,,,,,,
2021-11-20,0.23298,0.23585,0.22515,0.23327,330843762.7208,231568679,236930720,227084400,236930720,0.01,0.01,0.01,0.01,0.01017713,0.01820333,0.00728389,0.01321796,,,,,88.46,11.54,7.67,85.89,14.11,6.09,47.91,52.09,0.92,673801.340889,109133.104402,686698.873452,109268.901802,,,,,,,,
2021-11-21,0.23328,0.2336,0.22525,0.22582,283404831.8905,234203922,235226188,228251579,232345225,0.01,0.01,0.01,0.01,0.01403521,0.01955523,0.00835166,0.01309507,,,,,88.47,11.53,7.67,86.05,13.95,6.17,48.12,51.88,0.93,844309.636718,51916.325046,849947.017268,51936.464454,,,,,,,,
2021-11-22,0.22587,0.22745,0.21638,0.21957,360576288.0595,230293396,233657578,227895535,232944098,0.01,0.01,0.01,0.01,0.0130052,0.0156569,0.00276128,0.00574222,,,,,89.94,10.06,8.94,88.03,11.97,7.35,48.43,51.57,0.94,1138937.276682,69862.910487,1292414.047139,71142.910487,,,,,,,,
2021-11-23,0.21958,0.23728,0.21309,0.2269,860333114.6487,231843182,245233940,230326738,238094140,0.01,0.022879,0.01,0.02235,0.00541418,0.02662576,0.00541418,0.02453943,,,,,90.53,9.47,9.56,88.49,11.51,7.69,47.96,52.04,0.92,1078001.940993,888561.655864,1217396.855533,1089962.719332,,,,,,,,
2021-11-24,0.22688,0.23069,0.21129,0.21722,435296061.891,239287764,243502514,236593448,240752150,0.018653,0.018653,0.01,0.01,0.02260323,0.02260323,-0.0048423,0.01394615,,,,,90.34,9.66,9.35,88.13,11.87,7.43,48.06,51.94,0.93,1703613.287114,130235.715214,2132380.594582,130245.715214,,,,,,,,
2021-11-25,0.21722,0.22945,0.21414,0.22145,479089009.9074,244715877,257688743,244202090,256971935,0.01,0.035912,0.01,0.035912,0.01539151,0.03061036,0.01092922,0.03061036,,,,,90.65,9.35,9.7,88.83,11.17,7.95,48.39,51.61,0.94,425663.402407,560441.034805,428598.419597,567530.725562,,,,,,,,
2021-11-26,0.22141,0.22209,0.19142,0.20192,661795502.0899,254846713,261657034,225332773,239049167,0.034832,0.034832,-0.007913,0.01,0.03124659,0.03124659,-0.08423869,0.01278772,,,,,90.64,9.36,9.68,88.16,11.84,7.45,48.25,51.75,0.93,3628241.735714,255675.918233,5212035.241711,265765.888893,,,,,,,,
2021-11-27,0.20194,0.2094,0.2008,0.20496,290890899.6987,238426749,243860770,236379131,236379131,0.01,0.01,0.01,0.01,0.01180601,0.01228722,-0.00077484,0.00725162,,,,,89.63,10.37,8.64,87.99,12.01,7.33,49.05,50.95,0.96,395140.412348,61006.195061,420283.611088,63500.260436,,,,,,,,
2021-11-28,0.20496,0.20754,0.19044,0.20727,394594821.854,237456732,237456732,224901067,226870752,0.01,0.01,0.01,0.01,0.00831592,0.00988211,-0.0010896,0.00525098,,,,,89.45,10.55,8.48,87.33,12.67,6.89,48.28,51.72,0.93,1530552.713142,141699.843821,1698080.679886,147715.206275,,,,,,,,
2021-11-29,0.20727,0.22539,0.2025,0.21504,857548518.1735,226919783,246142468,223472989,239435211,0.01,0.01,0.01,0.01,0.00649988,0.01639154,-0.00045403,0.01213283,,,,,89.13,10.87,8.2,87.01,12.99,6.7,48.32,51.68,0.94,713452.36539,308372.519713,781121.439718,347077.998978,,,,,,,,
2021-11-30,0.21505,0.22761,0.2125,0.21467,875798385.8207,235718480,237792548,223485337,228883782,0.01,0.01,0.01,0.01,0.01229426,0.0153003,0.00724454,0.01152109,,,,,89.61,10.39,8.63,87.48,12.52,6.99,48.29,51.71,0.93,1357403.303001,752406.582322,1564917.689858,768523.946002,,,,,,,,
2021-12-01,0.2147,0.2189,0.2058,0.20929,407985538.7196,218773072,220006410,214569273,217268845,0.01,0.011109,0.01,0.01,0.01123676,0.0214271,0.01123676,0.01424083,,,,,90.0,10.0,9.0,87.95,12.05,7.3,48.56,51.44,0.94,818615.872148,84137.889885,934743.44244,84137.889885,,,,,,,,
2021-12-02,0.2093,0.22346,0.20112,0.20966,903733741.0423,216409687,223914549,200795004,211237857,0.01,0.011853,0.01,0.01,0.01321977,0.01813035,0.00887888,0.00992957,,,,,91.31,8.69,10.51,89.97,10.03,8.97,48.77,51.23,0.95,1806884.495776,493108.856802,2166275.799966,577174.145901,,,,,,,,
2021-12-03,0.20972,0.21239,0.19,0.19985,478466200.4209,208329808,210481747,203520373,207272615,0.01,0.018474,0.01,0.01,0.01051421,0.01964634,0.00749038,0.00749038,,,,,90.76,9.24,9.82,89.97,10.03,8.97,48.75,51.25,0.95,2416809.803575,17107.312748,2966996.363805,17169.013208,,,,,,,,
2021-12-04,0.19985,0.2005,0.1257,0.17816,1579624795.54,205790411,205790411,102528715,119450381,0.01,0.01,-0.134727,0.000305,0.0085166,0.00920309,-0.13538513,-0.05455902,,,,,91.24,8.76,10.42,89.65,10.35,8.66,48.59,51.41,0.95,5534104.876741,1051243.458849,11688798.062337,1222216.010088,,,,,,,,
2021-12-05,0.17814,0.18099,0.1616,0.17123,500537394.9021,123171077,126500519,116401637,116401637,0.001863,0.01,-0.003712,-0.003712,-0.05714715,0.00892179,-0.05714715,-0.00758002,,,,,83.27,16.73,4.98,80.99,19.01,4.26,48.26,51.74,0.93,1101023.014097,127407.148824,1332926.654343,150828.072304,,,,,,,,
2021-12-06,0.17123,0.18038,0.15864,0.17745,620606168.552,112937420,116793289,105381250,106181626,-0.006355,0.009269,-0.012184,0.0032,-0.00786401,0.00523158,-0.03824298,-0.01460076,,,,,82.87,17.13,4.84,81.83,18.17,4.5,47.64,52.36,0.91,1244455.588549,1180817.625725,1303743.022072,1257816.766472,,,,,,,,
2021-12-07,0.17746,0.184,0.17436,0.17622,352627540.3422,112426425,126614748,112426425,126614748,0.006201,0.01,-0.011457,-0.00769,-0.01155088,0.0073991,-0.02059279,0.00250418,,,,,82.09,17.91,4.58,80.28,19.72,4.07,47.39,52.61,0.9,439732.781732,138244.525921,461531.614603,162889.693538,,,,,,,,
2021-12-08,0.17621,0.18203,0.17193,0.17905,318677528.5608,125019291,125019291,114617233,116773035,-0.003684,0.01,-0.008706,0.01,0.00615666,0.00993492,-0.00353044,0.0049487,,,,,82.05,17.95,4.57,80.64,19.36,4.17,47.07,52.93,0.89,336297.96954,140809.06661,368240.403598,149804.586637,,,,,,,,
2021-12-09,0.17905,0.1829,0.1683,0.16886,403496833.8983,116443352,117100359,113606138,113786895,0.01,0.01,-0.01313,0.0056,0.00320835,0.00613767,-0.00574911,0.00613767,,,,,82.17,17.83,4.61,80.94,19.06,4.25,47.04,52.96,0.89,558484.670326,195075.82144,604062.537075,199197.211687,,,,,,,,
2021-12-10,0.16886,0.17462,0.16305,0.16394,306488620.5479,114210799,115630834,105899340,107175377,0.00971,0.01,-0.004656,0.01,0.00731903,0.01023023,-0.0032092,0.00984168,,,,,83.28,16.72,4.98,82.42,17.58,4.69,46.78,53.22,0.88,726139.900886,367968.030173,920941.561824,413958.457566,,,,,,,,
2021-12-11,0.16394,0.16995,0.16101,0.16886,223993847.5845,107133179,107769935,103200440,106752404,0.01,0.01,0.002814,0.007734,0.00834805,0.00961035,0.00034118,0.00758289,,,,,84.22,15.78,5.34,82.84,17.16,4.83,46.2,53.8,0.86,277978.352598,128245.542959,318222.398,145063.014858,,,,,,,,
2021-12-12,0.16887,0.17387,0.16546,0.16954,237775749.9365,107113116,107785841,105499575,107785841,0.006663,0.01,-0.002254,0.007322,0.00939147,0.01011339,0.00042718,0.00572715,,,,,83.88,16.12,5.2,82.01,17.99,4.56,46.41,53.59,0.87,148893.145776,86114.137597,148893.145776,87379.709853,,,,,,,,
2021-12-13,0.16954,0.17038,0.15121,0.1572,369653238.1287,106974842,110236809,103541499,105740411,0.006403,0.01,-0.026887,-0.024228,0.00567824,0.00928247,-0.02001758,-0.01580748,,,,,83.6,16.4,5.1,81.56,18.44,4.42,46.42,53.58,0.87,1491045.601999,131136.766305,1768858.772078,132793.871438,,,,,,,,
2021-12-14,0.1572,0.21975,0.15471,0.19075,5037889956.9963,103705469,209514423,100523413,194451334,-0.019715,0.01,-0.050771,-0.010934,-0.01443907,0.00693574,-0.06448104,-0.00361823,,,,,83.8,16.2,5.17,82.79,17.21,4.81,46.31,53.69,0.86,3945754.997985,3327360.795058,4684460.55566,4130465.414454,,,,,,,,
2021-12-15,0.19075,0.19118,0.17029,0.18092,1552534264.0356,185358890,185970269,146533918,146533918,-0.007367,0.01,-0.007367,0.01,-0.00072536,0.01366959,-0.0056564,0.00799374,,,,,69.73,30.27,2.3,71.13,28.87,2.46,44.59,55.41,0.81,1780897.51727,960587.161987,2012072.188417,988764.623012,,,,,,,,
2021-12-16,0.18087,0.18534,0.17216,0.17309,571231835.8601,141877228,146118749,140266701,141501682,0.01,0.01,0.01,0.01,0.00473752,0.01618537,0.00068243,0.00068243,,,,,78.77,21.23,3.71,78.76,21.24,3.71,43.5,56.5,0.77,613287.282371,101879.221531,635637.880026,105173.076514,,,,,,,,
2021-12-17,0.1731,0.17661,0.16128,0.1684,531800019.6215,139225710,141910986,129670243,131482644,0.01,0.01,0.006646,0.01,0.00143004,0.00892251,-0.00333234,0.00284564,,,,,82.43,17.57,4.69,81.56,18.44,4.42,43.75,56.25,0.78,1153055.629373,491501.3034,1427509.694224,510135.276256,,,,,,,,
2021-12-18,0.16841,0.17573,0.16584,0.17227,281061973.1845,129788043,134263069,128134917,132959115,0.01,0.01,0.01,0.01,0.00261768,0.01161158,-0.00174773,0.00316401,,,,,82.8,17.2,4.81,81.47,18.53,4.4,43.18,56.82,0.76,74922.688862,124228.073461,78420.198087,139693.063043,,,,,,,,
2021-12-19,0.17229,0.17467,0.16897,0.16935,240410959.2742,132945687,135941154,130868721,131356284,0.01,0.01,0.01,0.01,0.00469291,0.00957724,0.00015425,0.00015425,,,,,82.41,17.59,4.69,80.17,19.83,4.04,42.95,57.05,0.75,203334.16219,139277.022972,208625.857335,139277.022972,,,,,,,,
2021-12-20,0.16935,0.17071,0.161,0.16714,351658982.7817,130593581,130618811,121828809,124060552,0.01,0.01,-0.005075,0.001154,0.00252728,0.0068455,-0.01381168,-0.00273242,,,,,82.83,17.17,4.82,80.76,19.24,4.2,43.53,56.47,0.77,668248.473161,367116.120711,838986.257838,394277.055913,,,,,,,,
2021-12-21,0.16715,0.17238,0.16557,0.17073,290306212.9186,124060552,128573833,123310491,126366353,0.001154,0.01,-0.001607,0.01,-0.00273242,0.00807187,-0.01076203,0.00302065,,,,,84.31,15.69,5.37,81.67,18.33,4.46,44.36,55.64,0.8,126382.578248,166930.808227,126382.578248,192903.891556,,,,,,,,
2021-12-22,0.17074,0.18,0.16961,0.17297,412367423.3172,126366353,134271772,124752692,125821027,0.01,0.01,0.004469,0.01,0.00302065,0.01918596,-0.00664154,0.00371126,,,,,83.25,16.75,4.97,81.04,18.96,4.27,46.23,53.77,0.86,698288.68267,471309.929929,699700.452692,507578.785396,,,,,,,,
2021-12-23,0.17298,0.1851,0.17111,0.18504,476034450.7845,125821027,137117732,124151249,136321554,0.01,0.01,0.01,0.01,0.00371126,0.01926643,-0.00190037,0.0097758,,,,,83.51,16.49,5.06,80.93,19.07,4.24,46.87,53.13,0.88,344340.574186,351389.821912,346733.551125,367158.66485,,,,,,,,
2021-12-24,0.18505,0.19568,0.17912,0.18623,654814429.2198,138714838,151351416,132556471,141624247,0.01,0.01,0.01,0.01,0.00745745,0.0224177,-0.01124844,0.01135452,,,,,83.51,16.49,5.06,80.93,19.07,4.24,46.87,53.13,0.88,882479.691748,509155.407117,915669.045913,564333.318213,,,,,,,,
2021-12-25,0.18624,0.1965,0.18479,0.19081,480210167.5952,141624247,149286351,140654289,144560524,0.01,0.01,0.01,0.01,0.01135452,0.02129932,0.00138158,0.00880257,,,,,81.73,18.27,4.47,80.11,19.89,4.03,48.23,51.77,0.93,479026.797862,262625.750246,484236.485032,274338.24261,,,,,,,,
2021-12-26,0.19082,0.19247,0.18491,0.18976,302787674.1345,144560524,146146590,139734042,142253791,0.01,0.01,0.01,0.01,0.00880257,0.0177991,-0.00069683,0.00886393,,,,,82.06,17.94,4.57,79.14,20.86,3.79,48.16,51.84,0.93,314937.314067,108553.137381,327123.359774,108664.285522,,,,,,,,
2021-12-27,0.18979,0.19287,0.186,0.18785,327144189.3445,142253791,149739002,141136454,142044194,0.01,0.01,0.01,0.01,0.00886393,0.02046801,0.00105848,0.00421352,,,,,82.65,17.35,4.76,79.96,20.04,3.99,48.3,51.7,0.93,340503.485431,28181.962949,350678.417691,28928.597949,,,,,,,,
2021-12-28,0.18786,0.18791,0.17155,0.17373,496122133.1726,142044194,142044194,118598532,119013183,0.01,0.01,0.007054,0.007054,0.00421352,0.015191,-0.00768342,0.00169814,,,,,83.97,16.03,5.24,81.48,18.52,4.4,48.33,51.67,0.94,1305905.048788,24201.29657,1556009.196995,24206.15681,,,,,,,,
2021-12-29,0.17374,0.17736,0.1654,0.16789,344462652.8622,119013183,122790053,112624436,113577933,0.007054,0.01,0.003817,0.01,0.00169814,0.02229897,0.00109311,0.01087687,,,,,86.51,13.49,6.41,85.62,14.38,5.95,47.4,52.6,0.9,842388.00935,122172.630741,938151.633774,122422.038141,,,,,,,,
2021-12-30,0.16788,0.1757,0.16475,0.17101,255105448.5199,113577933,119733053,111162296,116548642,0.01,0.01,0.004512,0.01,0.01087687,0.0162587,0.00257762,0.00939201,,,,,87.54,12.46,7.03,86.62,13.38,6.47,47.91,52.09,0.92,247963.205417,154248.981005,295707.518358,159162.373315,,,,,,,,
2021-12-31,0.17103,0.17581,0.166,0.17028,286930502.4924,116548642,124761186,115800957,119221210,0.01,0.01,0.01,0.01,0.00939201,0.02117244,0.0001092,0.00662216,,,,,87.0,13.0,6.69,85.38,14.62,5.84,47.76,52.24,0.91,632198.368406,130424.198236,678216.424025,132839.645402,,,,,,,,
2022-01-01,0.17028,0.1737,0.16959,0.17316,162661405.264,119221210,122386315,118292766,122386315,0.01,0.01,0.01,0.01,0.00662216,0.01679955,0.00329548,0.0110247,,,,,87.24,12.76,6.84,85.89,14.11,6.09,48.0,52.0,0.92,23405.294321,45594.522897,23405.294321,46141.047417,,,,,,,,
2022-01-02,0.17315,0.17633,0.1704,0.17439,185713933.1211,122386315,125555364,120320901,123811992,0.01,0.01,0.01,0.01,0.0110247,0.02439612,0.00424685,0.01004044,,,,,87.19,12.81,6.81,85.5,14.5,5.9,48.13,51.87,0.93,71360.614496,55002.823319,71360.614496,57810.88617,,,,,,,,
2022-01-03,0.1744,0.17442,0.16726,0.17022,257123844.7138,123811992,129036203,121889852,128119850,0.01,0.01,0.01,0.01,0.01004044,0.01810084,0.00033779,0.00349788,,,,,87.46,12.54,6.97,85.69,14.31,5.99,48.62,51.38,0.95,475137.968211,9744.777279,499571.036412,9744.777279,,,,,,,,
2022-01-04,0.17021,0.1726,0.1665,0.16835,264154645.1446,128119850,128452092,122778851,124624248,0.01,0.01,0.01,0.01,0.00349788,0.01822581,0.00222045,0.00488648,,,,,89.43,10.57,8.46,87.71,12.29,7.14,48.41,51.59,0.94,538879.663005,118715.933157,547333.380248,118715.933157,,,,,,,,
2022-01-05,0.16836,0.17099,0.14685,0.15887,458660896.711,124624248,127641409,101757207,107577246,0.01,0.01,-0.028246,-0.028029,0.00488648,0.01455724,-0.02615164,-0.0231898,,,,,89.58,10.42,8.6,87.71,12.29,7.14,49.21,50.79,0.97,2019264.255748,279055.302063,2800896.243782,282789.536725,,,,,,,,
2022-01-06,0.15888,0.162,0.15372,0.15988,308520454.2028,107577246,108628822,102740919,105645666,-0.028029,0.01,-0.038321,-0.002514,-0.0231898,0.00617706,-0.0386442,-0.00141254,,,,,87.26,12.74,6.85,86.01,13.99,6.15,46.57,53.43,0.87,387110.221896,153770.566926,390729.966851,161338.363278,,,,,,,,
2022-01-07,0.15986,0.16025,0.14886,0.15506,420554586.8781,105645666,105924305,95884136,100347662,-0.002514,0.01,-0.016199,0.01,-0.00141254,0.01498567,-0.01581823,0.00759625,,,,,87.27,12.73,6.86,85.69,14.31,5.99,46.53,53.47,0.87,735092.198865,205784.355133,886248.52552,207466.027801,,,,,,,,
2022-01-08,0.15505,0.1578,0.14501,0.15094,266461673.1647,100347662,102676360,94500672,94500672,0.01,0.01,-0.030816,-0.014145,0.00759625,0.02026261,-0.02789115,-0.00515109,,,,,87.15,12.85,6.78,86.16,13.84,6.23,47.9,52.1,0.92,688145.893766,200096.316273,775451.80294,212900.194196,,,,,,,,
2022-01-09,0.15089,0.15372,0.14843,0.15042,193977996.1581,94500672,95736372,91993618,92518456,-0.014145,-0.00023,-0.028035,-0.02315,-0.00515109,0.00414862,-0.01832325,-0.01058715,,,,,85.97,14.03,6.13,84.79,15.21,5.58,47.94,52.06,0.92,126775.666438,146207.429265,129722.71597,147257.781995,,,,,,,,
2022-01-10,0.15042,0.15205,0.13589,0.14295,359374156.6307,92518456,93556074,85127635,86120151,-0.02315,-0.000983,-0.044487,-0.026519,-0.01058715,0.0010481,-0.04149705,-0.02423597,,,,,87.04,12.96,6.72,85.73,14.27,6.01,47.9,52.1,0.92,744862.842648,86897.512584,896822.741623,98124.804443,,,,,,,,
2022-01-11,0.14295,0.1666,0.14163,0.1537,1171813751.2311,86120151,126342255,85199481,107328632,-0.026519,0.01,-0.027011,-0.001544,-0.02423597,0.01371518,-0.03463944,-0.00516944,,,,,86.26,13.74,6.28,85.09,14.91,5.71,47.71,52.29,0.91,1215324.025817,718554.960974,1297824.195316,827327.223326,,,,,,,,
2022-01-12,0.15368,0.16355,0.151,0.16269,472429791.5681,107328632,110715384,103658122,107811848,-0.001544,0.01,-0.015945,0.01,-0.00516944,0.01122347,-0.02042244,0.00806421,,,,,85.99,14.01,6.14,83.89,16.11,5.21,48.45,51.55,0.94,229032.593439,497742.531573,229032.593439,531170.497575,,,,,,,,
2022-01-13,0.16268,0.17776,0.1612,0.17168,1386466068.8423,107811848,127201762,106109306,122174282,0.01,0.01,0.01,0.01,0.00806421,0.03958685,-0.00495362,0.01092992,,,,,83.66,16.34,5.12,80.72,19.28,4.19,48.86,51.14,0.96,1523341.730749,994348.684406,1628167.754105,1068702.771962,,,,,,,,
2022-01-14,0.17163,0.215,0.17023,0.18318,3983083891.1425,122174282,199263999,122041875,160208362,0.01,0.01,-0.018945,0.01,0.01092992,0.018598,-0.02236047,0.0067131,,,,,79.54,20.46,3.89,77.18,22.82,3.38,51.11,48.89,1.05,3370591.560774,2061302.872341,3852757.526058,2353519.90867,,,,,,,,
2022-01-15,0.18318,0.1948,0.18145,0.18465,1182594283.9787,160208362,177156507,156424573,157301654,0.01,0.01,0.01,0.01,0.0067131,0.0067131,0.0067131,0.0067131,,,,,77.61,22.39,3.47,77.0,23.0,3.35,49.48,50.52,0.98,710887.872697,681965.998235,748018.536559,701696.000068,,,,,,,,
2022-01-16,0.18465,0.18467,0.17323,0.17659,615832734.6131,156905168,157955554,145196501,146076859,0.01,0.01,0.01,0.01,0.00845856,0.01751019,0.00239902,0.0077743,,,,,80.41,19.59,4.11,78.23,21.77,3.59,49.58,50.42,0.98,845865.981089,247675.252966,913709.358675,247689.831346,,,,,,,,
2022-01-17,0.1766,0.17835,0.16536,0.17087,831308387.7393,146076859,151705673,134472057,140013503,0.01,0.01,0.01,0.01,0.0077743,0.01739399,-0.00999286,0.0046885,,,,,83.16,16.84,4.94,82.42,17.58,4.69,50.4,49.6,1.02,2300872.002915,485043.657457,2491255.019651,502161.187785,,,,,,,,
2022-01-18,0.17087,0.17439,0.16155,0.16498,650273034.2275,140013503,142715237,130246630,132050475,0.01,0.01,0.00423,0.005056,0.0046885,0.01171758,-0.00627466,0.00167098,,,,,85.48,14.52,5.89,84.43,15.57,5.42,51.7,48.3,1.07,1015404.990787,397143.068524,1076674.385808,398945.552994,,,,,,,,
2022-01-19,0.16497,0.16954,0.1587,0.16152,606619948.7828,132050475,134863971,124125474,124268934,0.005056,0.01,0.001153,0.01,0.00167098,0.01790864,-0.00533691,0.00714011,,,,,86.36,13.64,6.33,85.71,14.29,6.0,50.49,49.51,1.02,869040.030515,420641.513044,924654.431091,427858.743816,,,,,,,,
2022-01-20,0.16155,0.16922,0.15317,0.15522,471377549.9778,124268934,133624010,110471643,111073923,0.01,0.01,-0.023349,-0.02056,0.00714011,0.02391749,-0.0244352,-0.01753409,,,,,86.11,13.89,6.2,85.11,14.89,5.72,49.79,50.21,0.99,1041989.335492,255513.943369,1288933.414914,259820.067909,,,,,,,,
2022-01-21,0.1552,0.15748,0.13941,0.14189,788501290.4705,111073923,113106858,86546487,87637600,-0.02056,0.01,-0.029414,-0.000247,-0.01753409,0.02157488,-0.0294733,-0.00708151,,,,,87.17,12.83,6.79,86.06,13.94,6.17,48.31,51.69,0.94,2602151.433145,422552.257904,3055724.650202,426566.423193,,,,,,,,
2022-01-22,0.14189,0.14523,0.11952,0.13314,911969242.892,87637600,90354194,71738207,75399869,-0.000247,0.000072,-0.05285,-0.022717,-0.00708151,0.00823641,-0.05239895,-0.01123101,,,,,85.83,14.17,6.06,85.61,14.39,5.95,47.16,52.84,0.89,2048481.90545,1072016.05523,2901502.669025,1133841.628658,,,,,,,,
2022-01-23,0.13315,0.14448,0.1319,0.14169,555465396.7014,75399869,82078533,72563867,77607915,-0.022717,-0.00156,-0.041647,-0.00156,-0.01123101,0.00243937,-0.03653462,-0.00151513,,,,,81.63,18.37,4.44,81.52,18.48,4.41,45.76,54.24,0.84,510699.936716,719485.59455,526779.925033,785978.774052,,,,,,,,
2022-01-24,0.14171,0.14175,0.12524,0.13718,639733711.6954,77607915,77607915,66591429,73885273,-0.00156,0.000566,-0.023546,-0.016901,-0.00151513,0.01487957,-0.02049955,-0.01244469,,,,,81.06,18.94,4.28,80.15,19.85,4.04,47.13,52.87,0.89,665315.266329,581453.474623,712527.526565,633531.863645,,,,,,,,
2022-01-25,0.13718,0.15091,0.13242,0.14265,730596501.655,73885273,88467414,70602754,80875912,-0.016901,0.009918,-0.019809,-0.012062,-0.01244469,0.01135779,-0.02820293,-0.00985493,,,,,81.4,18.6,4.38,80.88,19.12,4.23,46.92,53.08,0.88,846782.449419,547837.136998,859096.006145,588840.339172,,,,,,,,
2022-01-26,0.14266,0.1534,0.1407,0.14309,587806042.1574,80875912,90632894,77883743,78702436,-0.012062,0.004392,-0.028075,-0.012188,-0.00985493,0.01370637,-0.02431901,-0.00748054,,,,,80.94,19.06,4.25,79.37,20.63,3.85,46.81,53.19,0.88,900178.318053,617020.830875,974626.678281,649885.882633,,,,,,,,
2022-01-27,0.1431,0.14593,0.13606,0.14141,356359937.9022,78702436,80218463,70463121,74274613,-0.012188,0.001321,-0.017294,-0.017179,-0.00748054,0.00957773,-0.01749,-0.00177976,,,,,79.39,20.61,3.85,77.8,22.2,3.51,47.25,52.75,0.9,799140.832,162932.227557,828193.199225,167933.856907,,,,,,,,
2022-01-28,0.14142,0.14261,0.1377,0.14135,290122406.3831,74274613,75703097,71348346,72253276,-0.017179,0.01,-0.017179,-0.002932,-0.00177976,0.01109809,-0.01187459,-0.00389176,,,,,81.38,18.62,4.37,80.31,19.69,4.08,47.1,52.9,0.89,297776.66797,230542.050094,302084.02906,235026.52039,,,,,,,,
2022-01-29,0.14135,0.14416,0.14002,0.14289,222373275.2706,72253276,77707429,72054732,74673450,-0.002932,0.01,-0.008307,0.008095,-0.00389176,0.01474885,-0.01831231,0.00770157,,,,,81.24,18.76,4.33,80.27,19.73,4.07,47.25,52.75,0.9,161673.650866,37961.25522,161680.832366,45538.745575,,,,,,,,
2022-01-30,0.14288,0.14366,0.13791,0.13904,222716540.5719,74673450,77002841,73197724,74223059,0.008095,0.01,-0.00465,-0.004625,0.00770157,0.01025437,-0.01277106,-0.00427689,,,,,80.05,19.95,4.01,78.1,21.9,3.57,47.41,52.59,0.9,273653.568315,3990.98405,289427.697234,3996.12953,,,,,,,,
2022-01-31,0.13904,0.14246,0.13617,0.14148,257961126.3338,74223059,81188240,73783348,76915650,-0.004625,0.009072,-0.030929,0.008184,-0.00427689,0.009361,-0.01235393,0.00782295,,,,,81.19,18.81,4.32,79.85,20.15,3.96,47.07,52.93,0.89,142919.408304,131431.02075,156036.053702,140431.587798,,,,,,,,
2022-02-01,0.14148,0.14434,0.14068,0.14223,228530892.0309,76915650,80151826,75630671,78896310,0.008184,0.01,-0.004538,0.00734,0.00782295,0.01483159,-0.00463719,0.00422241,,,,,79.03,20.97,3.77,78.26,21.74,3.6,47.77,52.23,0.92,73382.316517,60392.197914,73609.988617,63562.367978,,,,,,,,
2022-02-02,0.14223,0.14652,0.13544,0.13688,293161355.2283,78896310,85240156,76468519,76765015,0.00734,0.01,-0.013265,-0.013133,0.00422241,0.01757797,-0.01448441,-0.01431853,,,,,79.44,20.56,3.86,78.31,21.69,3.61,47.59,52.41,0.91,592060.530171,75614.198478,627967.231675,80577.290411,,,,,,,,
2022-02-03,0.13689,0.13877,0.13459,0.13784,228940699.6741,76765015,79534342,75412743,77026353,-0.013133,0.009074,-0.028648,-0.017835,-0.01431853,0.01049517,-0.02091077,-0.01185678,,,,,81.2,18.8,4.32,79.59,20.41,3.9,47.76,52.24,0.91,295952.950176,42131.301324,306884.199658,42131.301324,,,,,,,,
2022-02-04,0.13781,0.14803,0.1368,0.14776,312289705.1415,77026353,84188021,75605033,84007411,-0.017835,0.01,-0.040483,0.01,-0.01185678,0.01001303,-0.02692852,0.00716074,,,,,82.11,17.89,4.59,79.6,20.4,3.9,47.4,52.6,0.9,141829.244743,401175.716122,141839.327503,436728.317827,,,,,,,,
2022-02-05,0.14775,0.15068,0.14471,0.14686,288370497.3956,84007411,87765611,82383472,84828238,0.01,0.01,0.01,0.01,0.00716074,0.01261971,-0.00501949,0.00834961,,,,,78.41,21.59,3.63,75.37,24.63,3.06,46.63,53.37,0.87,330130.031411,111335.406109,338273.085493,153763.423735,,,,,,,,
2022-02-06,0.14685,0.15573,0.14432,0.15394,350448498.7016,84828238,93509652,82180350,92565090,0.01,0.01,0.001998,0.004107,0.00834961,0.01494094,-0.00984878,0.00459649,,,,,78.54,21.46,3.66,76.82,23.18,3.31,48.9,51.1,0.96,321357.478732,494905.110938,321915.428918,522108.643958,,,,,,,,
2022-02-07,0.15394,0.17304,0.1512,0.16532,780196423.198,92565090,112658760,90072082,102893481,0.004107,0.01,-0.011914,0.00692,0.00459649,0.01314928,-0.01376358,0.00184169,,,,,79.1,20.9,3.79,76.06,23.94,3.18,48.89,51.11,0.96,715808.373143,853999.309151,747494.247205,924618.895021,,,,,,,,
2022-02-08,0.16533,0.16973,0.15286,0.15811,543304980.8814,102893481,104675993,91015852,93186228,0.00692,0.01,-0.003436,-0.003407,0.00184169,0.01830746,-0.00481358,0.00047177,,,,,77.12,22.88,3.37,73.33,26.67,2.75,49.14,50.86,0.97,1382420.847962,268322.21885,1490168.138697,273336.734963,,,,,,,,
2022-02-09,0.15812,0.1624,0.1541,0.15923,334081808.5204,93186228,96983515,89613037,96083040,-0.003407,0.01,-0.008258,0.01,0.00047177,0.01264058,-0.00719987,0.00812514,,,,,81.05,18.95,4.28,78.8,21.2,3.72,48.65,51.35,0.95,205715.834312,189926.238577,206474.302602,201682.526798,,,,,,,,
2022-02-10,0.15924,0.16066,0.14976,0.15138,433060932.1573,96083040,97494439,86463327,86748840,0.01,0.01,-0.009449,0.00387,0.00812514,0.01705569,-0.0129549,0.00279684,,,,,81.04,18.96,4.27,77.66,22.34,3.48,49.19,50.81,0.97,965038.015733,160118.03368,1120750.955678,164616.887755,,,,,,,,
2022-02-11,0.15138,0.15415,0.14154,0.1445,319539523.4168,86748840,89387856,82331756,83153122,0.00387,0.01,-0.01904,-0.019028,0.00279684,0.01514201,-0.01150398,-0.01087427,,,,,82.21,17.79,4.62,79.91,20.09,3.98,48.16,51.84,0.93,933178.073034,77096.929764,1108700.119908,77133.568284,,,,,,,,
2022-02-12,0.14448,0.14744,0.14,0.14427,242933455.7269,83153122,84640405,80150127,82070953,-0.019028,0.01,-0.02359,-0.003807,-0.01087427,0.01508451,-0.02343551,-0.00195511,,,,,83.05,16.95,4.9,81.63,18.37,4.44,47.82,52.18,0.92,432550.375333,152771.386161,450719.797655,159772.780274,,,,,,,,
2022-02-13,0.14424,0.15777,0.14356,0.14799,1017323346.7947,82070953,109749334,81674206,99133400,-0.003807,0.004507,-0.019242,-0.007103,-0.00195511,0.01150025,-0.02421028,-0.00646544,,,,,83.09,16.91,4.91,80.89,19.11,4.23,47.69,52.31,0.91,894691.382227,651792.225063,1017832.236768,733155.918663,,,,,,,,
2022-02-14,0.14799,0.15099,0.14245,0.14572,499337664.6362,99133400,103115026,85321492,86325200,-0.007103,0.01,-0.01111,-0.002661,-0.00646544,0.01378262,-0.01157348,0.00116204,,,,,75.14,24.86,3.02,74.79,25.21,2.97,48.75,51.25,0.95,567823.995468,229141.160041,603052.615234,232161.921107,,,,,,,,
2022-02-15,0.14573,0.15235,0.14474,0.1516,313868264.9944,86325200,96077092,85890470,93705487,-0.002661,0.01,-0.018668,0.01,0.00116204,0.01310352,-0.01838685,0.00971468,,,,,81.85,18.15,4.51,79.74,20.26,3.94,47.97,52.03,0.92,30337.791487,152081.426149,30337.791487,181023.512769,,,,,,,,
2022-02-16,0.15161,0.15164,0.14615,0.14865,259460362.1355,93705487,94382546,89525962,89525962,0.01,0.01,0.01,0.01,0.00971468,0.01773012,-0.00110949,0.00912887,,,,,80.92,19.08,4.24,77.39,22.61,3.42,48.45,51.55,0.94,485923.061607,27531.146712,504848.566755,27531.146712,,,,,,,,
2022-02-17,0.14866,0.14999,0.13661,0.13831,322788514.0103,89525962,92311286,81710652,81782815,0.01,0.01,-0.017072,-0.016324,0.00912887,0.01549373,-0.01753751,-0.01212779,,,,,81.68,18.32,4.46,79.35,20.65,3.84,49.46,50.54,0.98,694076.621283,14260.551719,852127.430816,15280.551719,,,,,,,,
2022-02-18,0.13832,0.14212,0.13584,0.13845,239826569.3586,81782815,84410362,80887195,81190020,-0.016324,0.01,-0.025562,-0.006104,-0.01212779,0.00975488,-0.02011756,-0.00329196,,,,,84.08,15.92,5.28,82.79,17.21,4.81,48.93,51.07,0.96,508794.942791,112867.121562,529241.235527,113077.811097,,,,,,,,
2022-02-19,0.13845,0.14642,0.13828,0.14077,397184382.4402,81190020,91326086,80828603,86278073,-0.006104,0.01,-0.014619,0.003407,-0.00329196,0.01366466,-0.00704399,0.00172545,,,,,84.44,15.56,5.43,82.68,17.32,4.77,49.13,50.87,0.97,251892.272403,209335.003203,258107.400268,219705.802757,,,,,,,,
2022-02-20,0.1408,0.14098,0.13455,0.13659,255201312.7986,86278073,86306111,82823162,83911794,0.003407,0.01,-0.004327,0.01,0.00172545,0.00870251,-0.00474835,0.00345978,,,,,83.49,16.51,5.06,81.31,18.69,4.35,48.65,51.35,0.95,629292.881938,27196.72818,663954.210655,27196.72818,,,,,,,,
2022-02-21,0.13659,0.14195,0.127,0.12814,437692473.36,83911794,88034891,77470022,78060522,0.01,0.01,-0.008694,-0.008108,0.00345978,0.01130608,-0.00955834,-0.007031,,,,,84.58,15.42,5.49,82.8,17.2,4.81,48.6,51.4,0.95,1042160.317904,168146.26048,1167179.090166,171872.198332,,,,,,,,
2022-02-22,0.12815,0.13177,0.12349,0.1312,292523348.5251,78060522,79518585,74168479,78205447,-0.008108,0.01,-0.030343,-0.006502,-0.007031,0.00619631,-0.02320593,0.00032277,,,,,84.64,15.36,5.51,83.19,16.81,4.95,49.01,50.99,0.96,283616.772208,180868.871248,324973.535498,214160.127222,,,,,,,,
2022-02-23,0.1312,0.1355,0.12707,0.12725,248421237.0796,78205447,81467569,75143707,75296446,-0.006502,0.005556,-0.031127,-0.005265,0.00032277,0.01278538,-0.01754555,-0.00328634,,,,,84.64,15.36,5.51,83.19,16.81,4.95,49.01,50.99,0.96,335567.047141,249750.272922,354378.511395,255923.021615,,,,,,,,
2022-02-24,0.12726,0.12759,0.10624,0.12394,685268085.25,75296446,76677942,66822535,72267354,-0.005265,-0.005265,-0.067364,-0.028508,-0.00328634,0.00118925,-0.05655547,-0.02104157,,,,,83.64,16.36,5.11,82.3,17.7,4.65,48.6,51.4,0.95,1117763.219597,920459.356786,1504701.436039,969537.873187,,,,,,,,
2022-02-25,0.12392,0.12822,0.1204,0.12749,334528281.4388,72267354,76893390,71270178,73954034,-0.028508,-0.014199,-0.032534,-0.020383,-0.02104157,-0.00072363,-0.03276818,-0.01043765,,,,,79.74,20.26,3.94,78.39,21.61,3.63,49.08,50.92,0.96,183134.527055,116349.152991,186916.279503,122599.891066,,,,,,,,
2022-02-26,0.1275,0.13047,0.12557,0.1276,196128330.207,73954034,75770499,71541467,72041719,-0.020383,0.009217,-0.027419,-0.007793,-0.01043765,0.01164531,-0.01685771,-0.00315028,,,,,78.9,21.1,3.74,77.44,22.56,3.43,48.28,51.72,0.93,326699.180509,100489.818645,327014.824253,105481.51909,,,,,,,,
2022-02-27,0.1276,0.12833,0.12099,0.12282,253924072.1995,72041719,72737166,66553246,68004163,-0.007793,0.009138,-0.020113,0.000065,-0.00315028,0.01223364,-0.01377089,0.0016968,,,,,77.14,22.86,3.37,75.85,24.15,3.14,48.44,51.56,0.94,527193.275151,149161.927551,546439.197181,151799.259963,,,,,,,,
2022-02-28,0.12283,0.13884,0.12121,0.13343,298260041.8194,68004163,72412909,66283517,69703940,0.000065,0.01,-0.011658,0.01,0.0016968,0.01380985,-0.0140592,0.00816369,,,,,78.92,21.08,3.74,78.16,21.84,3.58,48.58,51.42,0.95,158863.393107,313542.354761,158863.393107,338691.144481,,,,,,,,
2022-03-01,0.13342,0.13891,0.12958,0.13406,305804235.6745,69703940,72388956,67642536,69106492,0.01,0.01,0.009163,0.01,0.00816369,0.01661896,0.00121179,0.00602038,,,,,77.4,22.6,3.43,74.05,25.95,2.85,49.4,50.6,0.98,269750.717653,183761.309671,308605.365602,197933.822375,,,,,,,,
2022-03-02,0.13406,0.13725,0.13053,0.13302,267041525.4663,69106492,72438535,67383103,68652411,0.01,0.01,0.01,0.01,0.00602038,0.02410622,-0.00540334,0.00599208,,,,,77.06,22.94,3.36,74.69,25.31,2.95,49.76,50.24,0.99,441673.418318,174683.377645,448673.467243,177712.188344,,,,,,,,
2022-03-03,0.13301,0.13379,0.12701,0.12955,190444431.3142,68652411,68970417,63870373,64618217,0.01,0.01,0.009222,0.009359,0.00599208,0.01316239,-0.00486578,0.00623386,,,,,78.07,21.93,3.56,75.91,24.09,3.15,49.31,50.69,0.97,379105.848887,62864.467114,413636.279545,62864.467114,,,,,,,,
2022-03-04,0.12957,0.13008,0.11985,0.12249,238523295.2613,64618217,71371705,63627056,67223782,0.009359,0.01,0.003345,0.006627,0.00623386,0.01297738,-0.0058002,0.00248153,,,,,78.9,21.1,3.74,77.01,22.99,3.35,49.58,50.42,0.98,688498.348199,61137.640037,753495.192489,61394.140037,,,,,,,,
2022-03-05,0.12249,0.12553,0.12073,0.12491,121994933.8758,67223782,70280616,65519390,69484473,0.006627,0.008398,-0.010314,-0.000794,0.00248153,0.01034905,-0.00674918,-0.00010014,,,,,81.95,18.05,4.54,80.63,19.37,4.16,49.35,50.65,0.97,70612.457742,34230.773446,70612.457742,35758.509836,,,,,,,,
2022-03-06,0.12491,0.12553,0.119,0.12055,149852637.1013,69484473,69790137,66613417,67624901,-0.000794,0.01,-0.01109,0.008021,-0.00010014,0.01142027,-0.00466276,0.00039531,,,,,82.24,17.76,4.63,80.2,19.8,4.05,48.42,51.58,0.94,179475.80435,34905.234394,197811.543272,34999.886872,,,,,,,,
2022-03-07,0.12055,0.12258,0.11304,0.11664,208335958.3295,67624901,69695552,64266783,64704384,0.008021,0.01,-0.015915,-0.015842,0.00039531,0.01320422,-0.01501192,-0.01278559,,,,,82.94,17.06,4.86,81.3,18.7,4.35,48.54,51.46,0.94,528052.318018,189369.842058,678525.663673,189663.548448,,,,,,,,
2022-03-08,0.11662,0.11992,0.1152,0.11693,179622097.0255,64704384,67949666,64455221,65891503,-0.015842,0.01,-0.021891,0.00454,-0.01278559,0.013536,-0.02046617,0.00071433,,,,,83.5,16.5,5.06,82.34,17.66,4.66,48.33,51.67,0.94,238262.484353,126566.898332,256571.847414,134126.562045,,,,,,,,
2022-03-09,0.11693,0.12444,0.11635,0.12145,198671334.6954,65891503,71985390,65656055,69696599,0.00454,0.01,-0.019304,0.01,0.00071433,0.01466812,-0.00699411,0.00815074,,,,,83.4,16.6,5.02,81.88,18.12,4.52,48.06,51.94,0.93,143316.111535,153220.393068,143810.010835,172191.687319,,,,,,,,
2022-03-10,0.12145,0.12193,0.11431,0.11677,201130989.7724,69696599,69696599,64649350,66777282,0.01,0.01,-0.011574,0.01,0.00815074,0.02193547,-0.00917158,0.00521784,,,,,82.63,17.37,4.76,80.38,19.62,4.1,49.02,50.98,0.96,615490.683297,29745.35408,647819.341025,30022.322424,,,,,,,,
2022-03-11,0.11678,0.11854,0.11356,0.11542,154870110.9952,66777282,69549801,66045054,67872088,0.01,0.01,-0.001616,0.01,0.00521784,0.00849515,-0.01075048,0.0051533,,,,,82.63,17.37,4.76,83.18,16.82,4.95,48.73,51.27,0.95,250006.516187,56067.054896,257215.175787,56653.013966,,,,,,,,
2022-03-12,0.11542,0.11728,0.1145,0.11473,95235956.611,67872088,69310535,67531563,68296971,0.01,0.01,0.01,0.01,0.0051533,0.01114276,-0.00059913,0.00410462,,,,,82.63,17.37,4.76,82.46,17.54,4.7,48.35,51.65,0.94,175884.525559,16425.954051,175884.525559,16425.954051,,,,,,,,
2022-03-13,0.11473,0.11628,0.10977,0.11133,160702560.9055,68296971,71238454,66638588,68784848,0.01,0.01,-0.01568,-0.006224,0.00410462,0.009764,-0.0135442,-0.00788166,,,,,82.63,17.37,4.76,83.02,16.98,4.89,48.63,51.37,0.95,306933.930953,23571.191534,344110.107767,23571.191534,,,,,,,,
2022-03-14,0.11133,0.12212,0.11013,0.11379,370313099.8782,68784848,75601579,68087649,70595535,-0.006224,0.01,-0.013069,-0.006391,-0.00788166,0.00708069,-0.0104105,-0.00455918,,,,,82.63,17.37,4.76,84.27,15.73,5.36,48.71,51.29,0.95,367421.085564,68926.699367,396373.938204,84522.422408,,,,,,,,
2022-03-15,0.11378,0.11421,0.11,0.11256,160094262.0265,70595535,71098661,68272892,69706745,-0.006391,0.01,-0.012622,0.01,-0.00455918,0.0089601,-0.01051809,0.00052027,,,,,85.55,14.45,5.92,83.23,16.77,4.96,49.54,50.46,0.98,247448.580361,8901.89919,253965.147038,8943.13099,,,,,,,,
2022-03-16,0.11255,0.11705,0.11202,0.11697,224992854.1663,69706745,71627860,67947629,71089366,0.01,0.01,0.00064,0.01,0.00052027,0.00953338,-0.00771601,0.00051148,,,,,86.06,13.94,6.17,84.32,15.68,5.38,49.59,50.41,0.98,164983.621783,103286.070483,165838.662859,106583.890396,,,,,,,,
2022-03-17,0.11698,0.1193,0.11571,0.11634,146490127.9601,71089366,72791775,70123337,71032381,0.01,0.01,0.006425,0.01,0.00051148,0.00580659,-0.00455984,0.00212879,,,,,82.98,17.02,4.88,80.58,19.42,4.15,49.25,50.75,0.97,76743.44779,55995.946507,79194.84754,79275.097531,,,,,,,,
2022-03-18,0.11633,0.11953,0.11415,0.11909,154896267.4747,71032381,75681643,68987294,74979857,0.01,0.01,0.01,0.01,0.00212879,0.01217712,-0.00480677,0.00184619,,,,,81.88,18.12,4.52,79.63,20.37,3.91,50.09,49.91,1.0,152075.725929,80326.04833,173844.160747,129306.260847,,,,,,,,
2022-03-19,0.1191,0.12498,0.11825,0.12351,234204202.6524,74979857,81745070,74813003,79923854,0.01,0.01,0.01,0.01,0.00184619,0.01185565,-0.0066319,0.00952123,,,,,81.88,18.12,4.52,79.63,20.37,3.91,50.09,49.91,1.0,146747.451457,283458.809235,146753.633957,328717.007174,,,,,,,,
2022-03-20,0.1235,0.12402,0.1174,0.11913,146289271.9712,79923854,80169755,72487058,72680327,0.01,0.01,0.001549,0.001954,0.00952123,0.01372273,-0.00496498,-0.00086388,,,,,78.54,21.46,3.66,76.01,23.99,3.17,49.99,50.01,1.0,255362.821056,32180.308606,277333.113801,32180.308606,,,,,,,,
2022-03-21,0.11913,0.12166,0.11755,0.11916,175391894.9377,72680327,77381940,71615079,75489028,0.001954,0.01,-0.002714,0.006008,-0.00086388,0.01176234,-0.00599997,0.00269399,,,,,81.17,18.83,4.31,79.58,20.42,3.9,50.11,49.89,1.0,156054.351156,23710.687458,156267.295316,23809.234528,,,,,,,,
2022-03-22,0.11916,0.12575,0.11853,0.12236,235314737.8681,75489028,86469192,74921809,81965440,0.006008,0.01,0.006008,0.01,0.00269399,0.01196086,-0.00112776,0.00597027,,,,,82.11,17.89,4.59,79.83,20.17,3.96,50.62,49.38,1.03,137824.532515,225054.039666,137855.545915,234622.190032,,,,,,,,
2022-03-23,0.12236,0.13133,0.12093,0.12981,396523736.5424,81965440,95616538,79829620,94424803,0.01,0.01,0.01,0.01,0.00597027,0.02105209,-0.00340345,0.01152058,,,,,79.31,20.69,3.83,76.53,23.47,3.26,51.0,49.0,1.04,293513.489206,292218.487816,294447.533414,322753.874265,,,,,,,,
2022-03-24,0.12981,0.14434,0.12757,0.13673,869145129.1765,94424803,117244670,91886737,107899416,0.01,0.01,0.01,0.01,0.01152058,0.020656,-0.00223774,0.00940281,,,,,78.33,21.67,3.62,74.99,25.01,3.0,51.38,48.62,1.06,481854.470111,1479694.599119,494805.993088,1531826.804334,,,,,,,,
2022-03-25,0.13674,0.13775,0.1271,0.13084,419601034.7283,107899416,109240278,96785736,97641842,0.01,0.01,0.01,0.01,0.00940281,0.01414287,-0.00049914,0.00675974,,,,,74.47,25.53,2.92,72.01,27.99,2.57,52.68,47.32,1.11,729036.887016,120241.080673,803582.286108,121904.235293,,,,,,,,
2022-03-26,0.13085,0.13683,0.12882,0.13601,284400601.6984,97641842,103508847,95173877,99855659,0.01,0.01,0.01,0.01,0.00675974,0.01033715,-0.00093077,0.00754279,,,,,79.48,20.52,3.87,77.63,22.37,3.47,53.2,46.8,1.14,63562.364343,352749.005808,63562.364343,363858.838608,,,,,,,,
2022-03-27,0.13601,0.14565,0.13539,0.14471,705131158.9454,99855659,114246039,99654813,108491351,0.01,0.01,0.01,0.01,0.00754279,0.02037136,0.00058714,0.00859671,,,,,76.81,23.19,3.31,73.59,26.41,2.79,52.62,47.38,1.11,501946.891507,491349.150044,518591.487165,538678.113225,,,,,,,,
2022-03-28,0.1447,0.15388,0.14038,0.14242,706400806.3903,108491351,126675662,106794538,110246631,0.01,0.01,0.01,0.01,0.00859671,0.01711323,-0.00311474,0.01068768,,,,,75.86,24.14,3.14,72.47,27.53,2.63,51.9,48.1,1.08,1090209.769654,416328.948493,1158601.825114,464107.922352,,,,,,,,
2022-03-29,0.14243,0.1489,0.1403,0.1444,419390126.5172,110246631,121079473,110246631,115180318,0.01,0.01,0.01,0.01,0.01068768,0.02312727,0.00392911,0.01261771,,,,,74.75,25.25,2.96,72.49,27.51,2.64,54.23,45.77,1.19,482679.740793,73456.520468,502748.029978,73902.703317,,,,,,,,
2022-03-30,0.14441,0.14564,0.1378,0.14316,369961803.3872,115180318,118735981,107096790,116325089,0.01,0.01,0.01,0.01,0.01261771,0.02033815,-0.00013397,0.01274157,,,,,77.62,22.38,3.47,73.77,26.23,2.81,53.39,46.61,1.15,520310.573673,97155.55146,548793.385853,100763.563798,,,,,,,,
2022-03-31,0.14316,0.14811,0.13591,0.13816,444662042.4413,116325089,123773610,102620946,103769283,0.01,0.01,0.01,0.01,0.01274157,0.02404768,-0.01126227,0.00424072,,,,,79.54,20.46,3.89,76.12,23.88,3.19,53.93,46.07,1.17,1379456.624206,134339.388547,1461827.255233,135499.040553,,,,,,,,
2022-04-01,0.13814,0.14309,0.132,0.14138,349366846.3423,103769283,104698066,92901947,100414326,0.01,0.01,0.01,0.01,0.00424072,0.00934364,-0.00531469,0.00781047,,,,,78.87,21.13,3.73,75.57,24.43,3.09,54.66,45.34,1.21,523339.987482,129139.304202,598053.277619,133237.0571,,,,,,,,
2022-04-02,0.14141,0.14458,0.138,0.13878,303125451.5524,100414326,109047998,99994855,103543913,0.01,0.01,0.01,0.01,0.00781047,0.01361128,0.001393,0.007189,,,,,78.18,21.82,3.58,73.84,26.16,2.82,54.07,45.93,1.18,420031.385309,61456.823534,443784.014721,64167.685664,,,,,,,,
2022-04-03,0.1388,0.14969,0.13613,0.14661,478207804.4693,103543913,124757217,99030011,118056312,0.01,0.01,0.01,0.01,0.007189,0.02026839,-0.00005898,0.01282816,,,,,78.18,21.82,3.58,73.84,26.16,2.82,54.07,45.93,1.18,444643.897471,481882.64637,456091.073158,523080.982,,,,,,,,
2022-04-04,0.14661,0.15687,0.14115,0.14853,1166805899.5309,118056312,155739228,106081649,128194465,0.01,0.014912,0.01,0.01,0.01282816,0.02153943,0.00037988,0.00437237,,,,,77.59,22.41,3.46,73.31,26.69,2.75,54.27,45.73,1.19,1084220.974419,360839.822929,1178391.870258,476676.439589,,,,,,,,
2022-04-05,0.14853,0.1795,0.14717,0.17266,2933023675.9089,128194465,235038810,125190574,227434202,0.01,0.01,0.01,0.01,0.00437237,0.02892931,-0.00636862,0.01313545,,,,,77.53,22.47,3.45,73.74,26.26,2.81,55.73,44.27,1.26,1617548.923949,1892928.146783,1709141.021021,2213384.975772,,,,,,,,
2022-04-06,0.17265,0.17488,0.1405,0.14324,2064222709.2886,227434202,231625803,139606736,140326572,0.01,0.01,0.01,0.01,0.01313545,0.02019724,-0.00115947,0.00138492,,,,,77.53,22.47,3.45,73.74,26.26,2.81,55.73,44.27,1.26,3506559.877714,1100252.364201,3727131.225646,1112346.523984,,,,,,,,
2022-04-07,0.14322,0.14827,0.14,0.14582,699478132.2057,140326572,147834374,135929199,142087899,0.01,0.01,0.01,0.01,0.00138492,0.01466081,-0.00230877,0.01071203,,,,,77.53,22.47,3.45,73.74,26.26,2.81,55.73,44.27,1.26,798219.075761,467663.433959,834937.975924,474084.945164,,,,,,,,
2022-04-08,0.14581,0.15332,0.14021,0.14232,913036766.2346,142087899,149392663,122126430,123706918,0.01,0.01,0.007121,0.008159,0.01071203,0.01572762,-0.00212937,0.00259053,,,,,77.53,22.47,3.45,73.74,26.26,2.81,55.73,44.27,1.26,1110294.161446,568042.508561,1163300.697899,612961.525393,,,,,,,,
2022-04-09,0.1423,0.14459,0.14042,0.14413,265243767.668,123706918,130043093,121131017,129108799,0.008159,0.01,0.004643,0.01,0.00259053,0.0133859,0.00023717,0.0099211,,,,,80.85,19.15,4.22,77.94,22.06,3.53,51.62,48.38,1.07,87050.188533,56758.972434,87136.413113,56888.190744,,,,,,,,
2022-04-10,0.14414,0.15761,0.14352,0.14821,1401567545.2171,129108799,175647567,128814782,149771199,0.01,0.01,0.01,0.01,0.0099211,0.01577324,-0.00672662,0.00538576,,,,,80.58,19.42,4.15,76.8,23.2,3.31,50.94,49.06,1.04,917214.245076,842439.674947,939170.5892,906049.667732,,,,,,,,
2022-04-11,0.1482,0.15138,0.13275,0.13406,912310232.7947,149771199,153201396,113716869,114372442,0.01,0.01,-0.013159,-0.011947,0.00538576,0.01365052,-0.0113261,-0.00735049,,,,,74.99,25.01,3.0,72.79,27.21,2.68,52.55,47.45,1.11,2334284.329617,160865.578003,2593939.5049,160865.578003,,,,,,,,
2022-04-12,0.13405,0.1444,0.13309,0.13792,639334276.3288,114372442,120345956,106417091,107805304,-0.011947,0.01,-0.014209,0.01,-0.00735049,0.00838053,-0.0143706,0.00655094,,,,,79.59,20.41,3.9,78.6,21.4,3.67,50.56,49.44,1.02,973961.578074,779736.756899,1014168.157607,801135.818838,,,,,,,,
2022-04-13,0.13793,0.14342,0.13617,0.13991,478859427.1804,107805304,117056748,107311088,114759939,0.01,0.01,-0.00747,0.006563,0.00655094,0.01746399,-0.00293723,0.00458435,,,,,81.73,18.27,4.47,78.38,21.62,3.63,49.24,50.76,0.97,358286.797927,189647.419639,369478.039101,203841.071372,,,,,,,,
2022-04-14,0.13991,0.14777,0.1365,0.14409,1103431286.7468,114759939,137494633,114616542,128623163,0.006563,0.01,0.005504,0.01,0.00458435,0.01805084,0.00335223,0.00884363,,,,,81.3,18.7,4.35,78.0,22.0,3.55,49.33,50.67,0.97,708566.839085,489578.549836,775767.222559,524938.147233,,,,,,,,
2022-04-15,0.14407,0.14968,0.1416,0.14581,776997769.4202,128623163,150997931,124159426,134116537,0.01,0.01,0.008019,0.008754,0.00884363,0.01183916,-0.00139638,0.00743837,,,,,79.24,20.76,3.82,76.0,24.0,3.17,50.02,49.98,1.0,304645.319,360261.037493,307739.23885,379217.472615,,,,,,,,
2022-04-16,0.14584,0.14791,0.14108,0.14343,335003207.6857,134116537,136764576,127456681,128840290,0.008754,0.01,-0.004964,-0.004724,0.00743837,0.01894121,-0.0020691,-0.00167495,,,,,77.93,22.07,3.53,74.57,25.43,2.93,50.05,49.95,1.0,286854.113616,67102.053913,316170.286419,67102.053913,,,,,,,,
2022-04-17,0.14342,0.14492,0.13815,0.1391,366245085.385,128840290,133493979,120536751,121546377,-0.004724,0.01,-0.005363,-0.004105,-0.00167495,0.01549286,-0.00817473,-0.00793351,,,,,80.24,19.76,4.06,77.23,22.77,3.39,49.69,50.31,0.99,711348.722247,101933.473448,763057.791267,102049.452638,,,,,,,,
2022-04-18,0.13909,0.14043,0.13151,0.14013,492895869.8727,121546377,123222331,110575552,116193733,-0.004105,0.01,-0.008186,-0.002121,-0.00793351,0.01445566,-0.01450137,-0.00315217,,,,,81.98,18.02,4.55,79.21,20.79,3.81,49.8,50.2,0.99,731781.286084,174137.927237,893539.780875,177988.890719,,,,,,,,
2022-04-19,0.14012,0.14459,0.13902,0.14254,368121245.8356,116193733,130322592,114120618,125930670,-0.002121,0.01,-0.002121,0.01,-0.00315217,0.01664966,-0.00316333,0.01091353,,,,,81.85,18.15,4.51,78.24,21.76,3.6,49.21,50.79,0.97,112976.080159,360560.051318,114676.080159,381074.236428,,,,,,,,
2022-04-20,0.14252,0.1467,0.13887,0.14068,608193546.6888,125930670,137322337,123959547,128088765,0.01,0.01,0.01,0.01,0.01091353,0.01395908,0.0029187,0.00814229,,,,,79.61,20.39,3.9,75.62,24.38,3.1,49.88,50.12,1.0,624005.772047,67320.704632,650552.56485,90890.30179,,,,,,,,
2022-04-21,0.14068,0.14295,0.13375,0.1362,412303252.1528,128088765,129881894,115994923,117929933,0.01,0.01,0.006086,0.006086,0.00814229,0.01384788,-0.00594624,0.00385123,,,,,80.8,19.2,4.21,77.64,22.36,3.47,50.46,49.54,1.02,994670.754532,77757.96364,1086957.796331,77948.61006,,,,,,,,
2022-04-22,0.1362,0.13817,0.13456,0.13627,272395515.2121,117929933,119962509,115214398,116900116,0.006086,0.01,-0.00111,0.01,0.00385123,0.0130088,-0.00169808,0.00637594,,,,,83.73,16.27,5.15,81.04,18.96,4.27,49.09,50.91,0.96,159956.389558,72704.026187,159956.389558,72704.026187,,,,,,,,
2022-04-23,0.13627,0.13674,0.133,0.13383,164225617.9756,116900116,117581867,113266011,113462077,0.01,0.01,0.004378,0.01,0.00637594,0.01299637,-0.00165154,0.00307768,,,,,84.48,15.52,5.44,81.32,18.68,4.35,48.09,51.91,0.93,314861.004192,8742.098708,353252.365545,8742.098708,,,,,,,,
2022-04-24,0.13382,0.13472,0.13073,0.13171,223812222.6657,113462077,117284221,112415451,112997583,0.01,0.01,-0.003821,0.007085,0.00307768,0.01303353,-0.0056056,0.00639689,,,,,84.86,15.14,5.61,81.72,18.28,4.47,48.45,51.55,0.94,86869.761675,12092.658398,112923.244335,12092.658398,,,,,,,,
2022-04-25,0.1317,0.17109,0.12222,0.15811,4314681773.1895,112997583,241654728,97212129,233411068,0.007085,0.01,-0.015002,0.01,0.00639689,0.02090304,-0.01700333,0.00119572,,,,,83.97,16.03,5.24,81.31,18.69,4.35,48.0,52.0,0.92,1917605.837933,2251850.781711,2403419.586704,2606380.54893,,,,,,,,
2022-04-26,0.15808,0.16688,0.13504,0.13758,4394726836.9606,233411068,285362215,181365872,182893560,0.01,0.01,-0.004232,-0.00235,0.00119572,0.02217878,-0.00712242,-0.0024505,,,,,64.49,35.51,1.82,61.71,38.29,1.61,50.16,49.84,1.01,3102186.216321,1643706.926985,3524569.408974,1694721.349848,,,,,,,,
2022-04-27,0.13757,0.14553,0.13489,0.13986,1524639399.9322,182893560,188899209,160240292,163032693,-0.00235,0.01,-0.00907,0.003212,-0.0024505,0.00981371,-0.00713004,0.00505738,,,,,75.66,24.34,3.11,77.65,22.35,3.47,51.32,48.68,1.05,1438937.665751,1161137.619552,1485142.249439,1197498.242854,,,,,,,,
2022-04-28,0.13985,0.14324,0.135,0.13739,787610107.701,163032693,168482168,154353759,155345873,0.003212,0.01,-0.003536,0.01,0.00505738,0.01177574,-0.00245731,0.00963915,,,,,75.66,24.34,3.11,77.65,22.35,3.47,51.32,48.68,1.05,1112288.306819,279660.920317,1178253.064812,281726.214934,,,,,,,,
2022-04-29,0.1374,0.14498,0.13242,0.13488,1052268716.5564,155345873,169329482,142363583,143877694,0.01,0.01,-0.006137,0.01,0.00963915,0.01226509,0.00035676,0.00590943,,,,,75.66,24.34,3.11,77.65,22.35,3.47,51.32,48.68,1.05,1378891.06501,413232.094665,1498535.648509,431964.392385,,,,,,,,
2022-04-30,0.13489,0.13679,0.12357,0.12724,477402576.3034,143877694,147396876,119027548,119420647,0.01,0.01,-0.010074,-0.010059,0.00590943,0.01149907,-0.01820588,-0.01536354,,,,,82.76,17.24,4.8,80.57,19.43,4.15,47.87,52.13,0.92,1095672.364032,184608.284128,1519016.963301,185557.602108,,,,,,,,
2022-05-01,0.12723,0.13656,0.12577,0.13257,516327950.2392,119420647,130089910,116581689,123677063,-0.010059,0.01,-0.026345,-0.001892,-0.01536354,0.01109761,-0.02882818,-0.00331291,,,,,83.84,16.16,5.19,82.3,17.7,4.65,46.01,53.99,0.85,508745.630231,322751.396118,510940.809238,333943.358189,,,,,,,,
2022-05-02,0.13256,0.13385,0.12746,0.13066,353924066.3396,123677063,124080929,118261662,120894964,-0.001892,0.006443,-0.008895,0.005614,-0.00331291,0.00922497,-0.00782474,0.0040373,,,,,83.62,16.38,5.11,80.95,19.05,4.25,45.74,54.26,0.84,520959.443204,184467.360391,528800.625281,185415.683588,,,,,,,,
2022-05-03,0.13067,0.13197,0.12619,0.12939,288661967.5735,120894964,121606503,116306261,118806884,0.005614,0.01,-0.008669,0.000705,0.0040373,0.02059672,-0.00325037,0.00148023,,,,,83.26,16.74,4.97,81.19,18.81,4.32,45.8,54.2,0.85,274510.599869,161277.022062,279538.374952,161290.517122,,,,,,,,
2022-05-04,0.12939,0.1362,0.12892,0.13591,418632987.744,118806884,126900527,117520172,125695173,0.000705,0.01,-0.00401,0.002051,0.00148023,0.01190724,-0.01122678,0.00383095,,,,,84.29,15.71,5.37,82.16,17.84,4.61,46.25,53.75,0.86,174895.611926,662122.653008,174895.611926,686250.60643,,,,,,,,
2022-05-05,0.1359,0.13769,0.12418,0.12804,643191804.889,125695173,130958431,112800478,113823041,0.002051,0.01,-0.022489,0.01,0.00383095,0.02685983,-0.01620486,0.00564395,,,,,83.15,16.85,4.94,80.5,19.5,4.13,47.3,52.7,0.9,1058042.382548,202842.675498,1169996.303925,226658.250378,,,,,,,,
2022-05-06,0.12805,0.12986,0.12316,0.1277,444663318.6925,113823041,120071062,110587452,116306823,0.01,0.01,-0.008909,0.005961,0.00564395,0.01339135,-0.00409416,0.00587532,,,,,84.57,15.43,5.48,82.93,17.07,4.86,47.04,52.96,0.89,422771.242337,120400.249783,441769.137816,124250.74043,,,,,,,,
2022-05-07,0.12771,0.13233,0.12423,0.1274,418317379.6551,116306823,122866045,110299900,112576659,0.005961,0.01,0.005042,0.005042,0.00587532,0.01778983,0.00099259,0.00630983,,,,,85.17,14.83,5.74,83.04,16.96,4.9,47.22,52.78,0.9,402119.99301,213428.340386,432895.791541,240991.492463,,,,,,,,
2022-05-08,0.12739,0.1282,0.122,0.12405,337275641.2003,112576659,116273305,109899312,110128248,0.005042,0.01,0.002281,0.009403,0.00630983,0.01452164,-0.00091112,0.00793734,,,,,84.4,15.6,5.41,82.58,17.42,4.74,47.63,52.37,0.91,336122.7896,20205.474776,343252.817045,20238.264206,,,,,,,,
2022-05-09,0.12406,0.12527,0.09969,0.10168,751921661.5407,110128248,112119430,74724777,74724777,0.009403,0.01,-0.027995,-0.016439,0.00793734,0.01398334,-0.02467794,-0.01526369,,,,,84.79,15.21,5.58,82.63,17.37,4.76,47.02,52.98,0.89,2138207.439997,267644.755396,2867681.604019,277325.677973,,,,,,,,
2022-05-10,0.10164,0.11831,0.09888,0.10798,744630211.4773,74724777,85426715,68706475,70756408,-0.016439,0.01,-0.059508,-0.002106,-0.01526369,0.00950195,-0.04115079,-0.00781898,,,,,84.79,15.21,5.58,82.63,17.37,4.76,47.02,52.98,0.89,895928.204059,495398.294928,976053.525222,542414.299124,,,,,,,,
2022-05-11,0.10797,0.1109,0.07041,0.08513,982901895.8728,70756408,73960417,41242557,45842165,-0.002106,0.07802,-0.093643,-0.045087,-0.00781898,0.01469388,-0.08194122,-0.02673123,,,,,84.79,15.21,5.58,82.63,17.37,4.76,47.02,52.98,0.89,2558497.850402,1596454.487444,3807045.106454,1793504.72097,,,,,,,,
2022-05-12,0.08513,0.08985,0.0684,0.0826,987115765.1298,45842165,53018446,38086944,48718494,-0.045087,-0.012093,-0.190314,-0.012093,-0.02673123,-0.01612487,-0.13463881,-0.01624688,,,,,75.81,24.19,3.13,76.71,23.29,3.29,50.32,49.68,1.01,1213929.413637,1407150.739496,1708551.849892,1526125.579359,,,,,,,,
2022-05-13,0.08256,0.09666,0.08196,0.08806,662847316.4713,48718494,56656048,45678785,46109049,-0.012093,0.002103,-0.063184,-0.012985,-0.01624688,0.00350268,-0.02408814,-0.00800255,,,,,73.62,26.38,2.79,73.11,26.89,2.72,49.26,50.74,0.97,1029483.887806,859137.892498,1110828.771418,963466.30514,,,,,,,,
2022-05-14,0.08805,0.09195,0.08345,0.0894,332282358.5545,46109049,49060509,45435263,47237869,-0.012985,0.004006,-0.050481,-0.013299,-0.00800255,0.00886827,-0.03279057,-0.01002302,,,,,71.13,28.87,2.46,69.26,30.74,2.25,47.17,52.83,0.89,277009.818687,436060.720482,329368.432739,478571.729444,,,,,,,,
2022-05-15,0.0894,0.09323,0.08629,0.09308,222715883.4327,47237869,50887186,45186842,50887186,-0.013299,0.007406,-0.013754,-0.004263,-0.01002302,0.01522225,-0.0224807,-0.00025873,,,,,71.47,28.53,2.51,69.74,30.26,2.31,45.78,54.22,0.84,180724.583311,282862.259516,202621.781409,360240.465681,,,,,,,,
2022-05-16,0.09309,0.09311,0.0857,0.08792,233654322.8288,50887186,50887186,47585337,48498956,-0.004263,-0.004263,-0.026303,-0.019923,-0.00025873,0.00158134,-0.02135319,-0.00733811,,,,,72.51,27.49,2.64,70.04,29.96,2.34,46.65,53.35,0.87,501699.390389,157995.691852,584686.162653,165488.563114,,,,,,,,
2022-05-17,0.08792,0.09135,0.08675,0.09012,217687747.9309,48498956,52153566,48286735,51249470,-0.019923,0.004772,-0.025748,-0.014176,-0.00733811,0.0078925,-0.01943188,-0.00940134,,,,,70.1,29.9,2.34,68.6,31.4,2.19,45.52,54.48,0.84,283541.911172,117044.555944,379345.159216,130696.484888,,,,,,,,
2022-05-18,0.09011,0.09096,0.08302,0.08333,176512095.628,51249470,52367335,49976337,50501787,-0.014176,-0.003826,-0.024192,-0.010992,-0.00940134,0.00363119,-0.01757991,-0.00804231,,,,,70.93,29.07,2.44,68.18,31.82,2.14,46.76,53.24,0.88,306104.206345,35727.975615,370443.580572,39468.554805,,,,,,,,
2022-05-19,0.08333,0.08762,0.08124,0.08658,214591258.1204,50501787,52711157,49910736,51346564,-0.010992,0.01,-0.027599,0.003906,-0.00804231,0.00773584,-0.01696635,0.0044401,,,,,71.74,28.26,2.54,70.01,29.99,2.33,46.93,53.07,0.88,157729.645452,180626.180674,212709.122269,210503.307315,,,,,,,,
2022-05-20,0.08659,0.088,0.08243,0.08384,154286684.5567,51346564,51962085,48411337,49294370,0.003906,0.01,-0.013986,-0.002352,0.0044401,0.01238001,-0.01014708,0.00103483,,,,,71.38,28.62,2.49,69.14,30.86,2.24,46.25,53.75,0.86,199926.71373,29616.250736,231319.580363,30708.314428,,,,,,,,
2022-05-21,0.08383,0.08538,0.08231,0.08434,97505808.502,49294370,52272749,48514691,51613551,-0.002352,0.01,-0.015065,0.003953,0.00103483,0.01124428,-0.00547445,0.00379285,,,,,72.63,27.37,2.65,70.66,29.34,2.41,46.8,53.2,0.88,115150.224445,23868.604486,115150.224445,26046.962802,,,,,,,,
2022-05-22,0.08434,0.08667,0.08371,0.08582,111973304.4879,51613551,54866095,51419418,54102733,0.003953,0.01,-0.009067,0.006149,0.00379285,0.01309925,-0.00394927,0.00687316,,,,,73.67,26.33,2.8,71.48,28.52,2.51,47.47,52.53,0.9,41842.532607,81920.566828,41862.819727,95490.152333,,,,,,,,
2022-05-23,0.08582,0.08845,0.08196,0.08329,204724247.0809,54102733,57942147,51908859,52763248,0.006149,0.01,-0.022276,-0.022276,0.00687316,0.01245939,-0.01055563,-0.00850438,,,,,73.77,26.23,2.81,71.5,28.5,2.51,48.73,51.27,0.95,402135.806851,57063.705802,462821.222769,72562.612222,,,,,,,,
2022-05-24,0.08326,0.08433,0.08,0.08362,155722629.5367,52763248,53156879,49764701,50301203,-0.022276,0.01,-0.027918,0.007789,-0.00850438,0.00854443,-0.01509682,0.00826566,,,,,74.32,25.68,2.89,72.29,27.71,2.61,48.03,51.97,0.92,150567.43896,84632.204901,174381.53632,90941.303141,,,,,,,,
2022-05-25,0.0836,0.08451,0.08201,0.08291,131830260.6408,50301203,50759463,49103022,50052675,0.007789,0.008701,-0.014529,0.002732,0.00826566,0.01334655,-0.00846133,0.00401603,,,,,75.34,24.66,3.06,73.27,26.73,2.74,48.85,51.15,0.96,97986.868455,14183.707789,98376.881975,15651.573107,,,,,,,,
2022-05-26,0.08291,0.08369,0.07489,0.07784,255363274.9431,50052675,51599548,47337840,48294221,0.002732,0.006833,-0.030094,-0.010432,0.00401603,0.01155452,-0.02853628,-0.01084822,,,,,75.03,24.97,3.01,73.27,26.73,2.74,48.98,51.02,0.96,589724.918204,214337.373374,746627.497013,235661.080591,,,,,,,,
2022-05-27,0.07779,0.09017,0.07599,0.0815,845689584.6161,48294221,71206929,46453977,59176643,-0.010432,0.007396,-0.021406,-0.015536,-0.01084822,0.00874345,-0.02595042,-0.01145878,,,,,77.86,22.14,3.52,77.18,22.82,3.38,48.41,51.59,0.94,686765.047774,487337.495176,741455.052483,548089.437822,,,,,,,,
2022-05-28,0.0815,0.08333,0.08075,0.08179,233558764.9676,59176643,60713386,57019128,58503516,-0.015536,0.01,-0.024169,-0.001598,-0.01145878,0.00973859,-0.0189451,-0.00156067,,,,,73.1,26.9,2.72,72.28,27.72,2.61,47.39,52.61,0.9,51544.223571,211443.340554,51544.223571,216593.793465,,,,,,,,
2022-05-29,0.08179,0.08329,0.07971,0.08267,149636411.9665,58503516,59725551,56238435,56988440,-0.001598,0.01,-0.021918,0.01,-0.00156067,0.01147243,-0.00769172,0.00965243,,,,,73.74,26.26,2.81,71.66,28.34,2.53,48.53,51.47,0.94,146995.868289,135121.237315,153512.989427,145457.663473,,,,,,,,
2022-05-30,0.08267,0.0885,0.08206,0.08795,308745724.4272,56988440,60086981,55782603,58299937,0.01,0.01,-0.016921,0.01,0.00965243,0.01660667,0.00387354,0.00788878,,,,,74.79,25.21,2.97,73.69,26.31,2.8,48.65,51.35,0.95,65554.176516,1084977.300518,69284.865316,1161806.950602,,,,,,,,
2022-05-31,0.08795,0.08848,0.08306,0.08588,273782028.2037,58299937,58533142,52770715,53845418,0.01,0.01,0.007339,0.01,0.00788878,0.01074858,0.0022075,0.00885003,,,,,75.76,24.24,3.13,73.49,26.51,2.77,48.58,51.42,0.95,238195.139445,53774.318844,273732.055437,57208.525148,,,,,,,,
2022-06-01,0.08587,0.0895,0.07865,0.081,278413074.7305,53845418,57836054,47741793,48998045,0.01,0.01,-0.029499,-0.015017,0.00885003,0.06895815,-0.01838344,-0.00990287,,,,,76.46,23.54,3.25,75.36,24.64,3.06,47.84,52.16,0.92,678082.671482,111652.598194,931014.114315,124673.158478,,,,,,,,
2022-06-02,0.081,0.08309,0.07995,0.08272,143498350.25,48998045,50361517,48162621,49740800,-0.015017,0.01,-0.015017,0.008015,-0.00990287,0.00884862,-0.01364426,0.00242601,,,,,77.25,22.75,3.4,76.4,23.6,3.24,48.1,51.9,0.93,49611.406223,18192.05252,49726.206223,51970.985753,,,,,,,,
2022-06-03,0.08274,0.08293,0.07931,0.08026,129464381.8197,49740800,52331478,49120586,51342399,0.008015,0.009523,-0.005837,0.002796,0.00242601,0.0090262,-0.00697982,0.00291654,,,,,77.67,22.33,3.48,76.4,23.6,3.24,48.09,51.91,0.93,162747.214687,41162.985956,171905.686094,41162.985956,,,,,,,,
2022-06-04,0.08026,0.0825,0.07925,0.08184,97341996.272,51342399,53751966,50756878,52559416,0.002796,0.01,-0.0057,0.01,0.00291654,0.01086121,-0.00264875,0.0062498,,,,,78.6,21.4,3.67,77.47,22.53,3.44,47.21,52.79,0.89,104950.438293,47111.670129,106352.147313,48920.152799,,,,,,,,
2022-06-05,0.08182,0.08222,0.08052,0.081,72965905.7581,52559416,53164768,51490391,52044060,0.01,0.01,-0.006318,0.009274,0.0062498,0.0127267,-0.00352589,0.00830568,,,,,77.69,22.31,3.48,76.32,23.68,3.22,47.78,52.22,0.92,36013.470352,7308.574346,42655.840222,7942.249424,,,,,,,,
2022-06-06,0.08101,0.08472,0.0808,0.08245,171354206.898,52044060,52947171,50181334,50896271,0.009274,0.01,-0.000165,0.002637,0.00830568,0.01145658,-0.00225976,0.00365337,,,,,78.6,21.4,3.67,77.61,22.39,3.47,47.94,52.06,0.92,207005.987767,145078.006717,240561.555348,148368.283727,,,,,,,,
2022-06-07,0.08245,0.08255,0.0775,0.08031,191346606.8259,50896271,51000347,47701112,47711532,0.002637,0.01,-0.021463,0.01,0.00365337,0.01445502,-0.01614838,0.00412685,,,,,78.4,21.6,3.63,76.95,23.05,3.34,48.78,51.22,0.95,523214.984166,126488.503965,601768.863706,128125.002625,,,,,,,,
2022-06-08,0.08031,0.08165,0.07866,0.07923,111054127.9377,47711532,48569236,46581182,47923781,0.01,0.01,-0.002337,0.01,0.00412685,0.01494137,-0.00575527,0.00486362,,,,,78.12,21.88,3.57,77.04,22.96,3.36,48.53,51.47,0.94,127007.870243,10652.92095,144868.736663,10965.47715,,,,,,,,
2022-06-09,0.07924,0.08103,0.07884,0.07931,84429700.2049,47923781,49820507,47655816,49139349,0.01,0.01,0.001149,0.002665,0.00486362,0.01356119,0.00015236,0.00210556,,,,,79.61,20.39,3.9,78.09,21.91,3.56,47.99,52.01,0.92,44857.937664,74224.843968,57338.316151,77161.211614,,,,,,,,
2022-06-10,0.07932,0.0797,0.07415,0.07533,136884251.468,49139349,49629415,46139516,46539407,0.002665,0.009239,-0.019544,-0.018009,0.00210556,0.00854805,-0.01541071,-0.01138622,,,,,79.63,20.37,3.91,77.53,22.47,3.45,48.24,51.76,0.93,465384.243677,5846.705883,617290.916895,5846.705883,,,,,,,,
2022-06-11,0.07532,0.07651,0.06782,0.06986,154862395.1919,46539407,47728731,43638041,45264228,-0.018009,0.002318,-0.05359,-0.02605,-0.01138622,0.00372164,-0.03861562,-0.02307238,,,,,80.02,19.98,4.01,78.49,21.51,3.65,47.31,52.69,0.9,450281.695256,78572.579009,668401.096819,87005.51468,,,,,,,,
2022-06-12,0.06988,0.07031,0.06331,0.06344,229573896.0416,45264228,45540247,40823448,40823448,-0.02605,-0.019635,-0.039575,-0.022687,-0.02307238,-0.00794999,-0.04177304,-0.01862114,,,,,77.13,22.87,3.37,76.1,23.9,3.18,47.2,52.8,0.89,633377.844231,339783.031764,824003.356297,354948.107908,,,,,,,,
2022-06-13,0.06344,0.06621,0.05224,0.05415,540097377.466,40823448,43192503,33946030,38749681,-0.022687,-0.000831,-0.034417,-0.013274,-0.01862114,-0.00002795,-0.03921221,-0.01771345,,,,,77.97,22.03,3.54,77.22,22.78,3.39,47.44,52.56,0.9,1234762.781752,363955.593642,1540560.321768,436328.206658,,,,,,,,
2022-06-14,0.05415,0.05875,0.04962,0.05553,323867568.3735,38749681,39146675,33564260,35149448,-0.013274,0.01,-0.013274,0.008966,-0.01771345,0.00782863,-0.02415488,0.00236646,,,,,75.16,24.84,3.03,74.68,25.32,2.95,49.22,50.78,0.97,738305.694626,369430.625441,839148.64046,429000.925851,,,,,,,,
2022-06-15,0.05553,0.06392,0.05036,0.06283,364541493.284,35149448,41280663,34059749,40845993,0.008966,0.01,-0.022365,0.01,0.00236646,0.0482054,-0.02881125,0.01029994,,,,,73.26,26.74,2.74,71.61,28.39,2.52,49.92,50.08,1.0,505490.298883,344749.973661,555631.730747,505125.761665,,,,,,,,
2022-06-16,0.06283,0.06284,0.05417,0.05519,310549550.3286,40845993,40845993,34713323,35662612,0.01,0.01,0.000202,0.00599,0.01029994,0.01763317,-0.015441,-0.00147254,,,,,72.4,27.6,2.62,69.71,30.29,2.3,49.41,50.59,0.98,495406.473417,153447.073843,573311.484144,184391.536316,,,,,,,,
2022-06-17,0.05519,0.05814,0.05456,0.05688,130346557.7537,35662612,36159299,33646398,34698090,0.00599,0.01,0.000105,0.01,-0.00147254,0.0162769,-0.01172402,0.00971851,,,,,72.82,27.18,2.68,72.85,27.15,2.68,49.87,50.13,1.0,87446.086298,107340.489077,88586.882843,113844.966477,,,,,,,,
2022-06-18,0.05688,0.05787,0.04901,0.05287,264732191.9338,34698090,37863443,32585988,34180201,0.01,0.01,-0.027634,-0.02192,0.00971851,0.01266933,-0.01945581,-0.01402856,,,,,71.79,28.21,2.55,69.69,30.31,2.3,49.41,50.59,0.98,727054.031504,327107.961326,856903.390986,365075.756936,,,,,,,,
2022-06-19,0.05286,0.06298,0.05109,0.06043,695158535.9574,34180201,48825177,33470829,42783216,-0.02192,0.01,-0.025043,0.01,-0.01402856,0.01104506,-0.02866157,0.00838458,,,,,72.13,27.87,2.59,71.08,28.92,2.46,49.76,50.24,0.99,486783.757074,3165302.563299,532001.212633,3335158.147813,,,,,,,,
2022-06-20,0.06042,0.06163,0.05739,0.06,257947389.6541,42783216,42890942,38555005,40863845,0.01,0.01,0.003118,0.008484,0.00838458,0.01704223,-0.00983286,0.00400428,,,,,65.8,34.2,1.92,63.28,36.72,1.72,49.94,50.06,1.0,458329.041717,260270.572779,538666.153364,293967.027824,,,,,,,,
2022-06-21,0.06001,0.0699,0.05889,0.06577,522724742.3856,40863845,50301781,39790493,44744236,0.008484,0.01,0.006929,0.01,0.00400428,0.01547396,-0.00529107,0.00254461,,,,,67.03,32.97,2.03,66.07,33.93,1.95,49.78,50.22,0.99,572704.556792,606378.993251,619849.967964,808109.884704,,,,,,,,
2022-06-22,0.06578,0.06582,0.0607,0.06164,304077735.0177,44744236,44744236,38189834,38215443,0.01,0.01,-0.01033,0.007559,0.00254461,0.01435796,-0.01122664,0.00400168,,,,,69.69,30.31,2.3,67.86,32.14,2.11,50.61,49.39,1.03,765401.361805,224313.207147,849318.468361,236412.193,,,,,,,,
2022-06-23,0.06166,0.0647,0.0615,0.06394,187086149.5769,38215443,41226587,38112610,40514237,0.007559,0.01,-0.008493,0.000776,0.00400168,0.01719407,-0.00405865,0.00139318,,,,,71.58,28.42,2.52,69.84,30.16,2.32,49.72,50.28,0.99,222700.647957,188961.524076,228187.395659,202680.306759,,,,,,,,
2022-06-24,0.06394,0.06859,0.06386,0.0669,217661099.9342,40514237,43870609,40510384,41811997,0.000776,0.01,0.000306,0.007999,0.00139318,0.0076,-0.00700405,0.00334844,,,,,71.29,28.71,2.48,68.61,31.39,2.19,49.71,50.29,0.99,205428.860386,321437.061538,206764.34011,365654.163972,,,,,,,,
2022-06-25,0.0669,0.06936,0.06501,0.06849,177892402.9391,41811997,46142496,40672117,42088871,0.007999,0.01,0.004069,0.01,0.00334844,0.01105361,-0.01186073,0.00482812,,,,,70.67,29.33,2.41,68.73,31.27,2.2,49.86,50.14,0.99,251821.510494,302394.939907,257087.147623,338417.051491,,,,,,,,
2022-06-26,0.06848,0.07758,0.0671,0.07292,598157423.7571,42088871,66154737,40862300,61167676,0.01,0.01,0.01,0.01,0.00482812,0.01744355,-0.00018487,0.00438242,,,,,69.61,30.39,2.29,68.37,31.63,2.16,50.26,49.74,1.01,539971.116917,745117.980282,545373.39087,862763.251517,,,,,,,,
2022-06-27,0.07293,0.0788,0.07047,0.07212,896423481.7462,61167676,82410961,58144456,58199961,0.01,0.01,-0.013686,0.002104,0.00438242,0.0147644,-0.01890638,0.00444407,,,,,58.68,41.32,1.42,61.75,38.25,1.61,51.16,48.84,1.05,897234.827173,568976.444859,982063.799379,640198.274824,,,,,,,,
2022-06-28,0.07213,0.07342,0.06535,0.06604,403868244.7494,58199961,58930677,42941674,43228561,0.002104,0.01,-0.007307,-0.005196,0.00444407,0.01313103,-0.00239533,0.00003934,,,,,64.63,35.37,1.83,64.75,35.25,1.84,51.15,48.85,1.05,992917.369835,246929.044427,1184794.044102,265038.268811,,,,,,,,
2022-06-29,0.06604,0.07159,0.064,0.06952,391284685.4528,43228561,46274301,42055909,44935248,-0.005196,0.007671,-0.008458,0.004006,0.00003934,0.00851123,-0.00856859,0.0004445,,,,,69.68,30.32,2.3,69.39,30.61,2.27,50.27,49.73,1.01,507261.30211,405947.840382,616430.811277,463360.253099,,,,,,,,
2022-06-30,0.06953,0.06971,0.06214,0.06636,374723479.8765,44935248,46252992,37781451,39653808,0.004006,0.01,-0.008992,0.00124,0.0004445,0.01432936,-0.01297092,0.00253488,,,,,67.15,32.85,2.04,65.29,34.71,1.88,51.47,48.53,1.06,722066.599096,319776.104364,799605.138104,366997.406351,,,,,,,,
2022-07-01,0.06635,0.06846,0.06381,0.06642,269380245.092,39653808,39846535,36342051,38864238,0.00124,0.01,-0.005515,0.01,0.00253488,0.01021293,-0.01107983,0.00342343,,,,,69.01,30.99,2.23,67.66,32.34,2.09,50.58,49.42,1.02,242797.98237,231253.168275,257738.635231,271220.935968,,,,,,,,
2022-07-02,0.06643,0.068,0.0654,0.06661,194267731.6433,38864238,42865620,38693028,40306053,0.01,0.01,0.003149,0.004067,0.00342343,0.01844455,-0.00244266,0.00330582,,,,,67.96,32.04,2.12,65.89,34.11,1.93,50.42,49.58,1.02,86852.229207,69859.944,87280.851541,71337.986613,,,,,,,,
2022-07-03,0.06662,0.06748,0.06474,0.06716,140606720.4438,40306053,40306053,37285336,39783802,0.004067,0.01,-0.004763,0.01,0.00330582,0.01205391,-0.00367338,0.00742972,,,,,68.74,31.26,2.2,66.48,33.52,1.98,50.47,49.53,1.02,123365.460311,53664.407022,128796.042254,55689.539242,,,,,,,,
2022-07-04,0.06717,0.06978,0.06548,0.06935,209512305.2708,39783802,43089319,39116118,42877703,0.01,0.01,-0.003945,0.01,0.00742972,0.01397081,-0.00026744,0.00897327,,,,,67.22,32.78,2.05,65.54,34.46,1.9,50.42,49.58,1.02,94327.043118,253141.001251,97967.548244,271616.292625,,,,,,,,
2022-07-05,0.06934,0.07,0.06547,0.06711,215192765.0255,42877703,44566868,40965827,40996206,0.01,0.01,0.000255,0.01,0.00897327,0.01875225,-0.00931456,0.00877958,,,,,67.94,32.06,2.12,65.95,34.05,1.94,50.44,49.56,1.02,326710.42846,324757.060547,381400.91472,340432.298752,,,,,,,,
2022-07-06,0.06711,0.06931,0.0661,0.06838,196686109.5318,40996206,46857192,40588363,44509857,0.01,0.01,0.01,0.01,0.00877958,0.02142772,0.00117614,0.00395416,,,,,70.28,29.72,2.37,68.72,31.28,2.2,50.17,49.83,1.01,92113.263073,128199.948511,98738.119167,133728.054854,,,,,,,,
2022-07-07,0.06839,0.07119,0.06784,0.07051,175829073.7573,44509857,47316225,43455841,46098335,0.01,0.01,0.01,0.01,0.00395416,0.01655502,-0.00480876,0.00718353,,,,,68.45,31.55,2.17,66.56,33.44,1.99,50.86,49.14,1.04,58234.398626,121388.310801,58234.398626,148939.860309,,,,,,,,
2022-07-08,0.07052,0.07355,0.06816,0.06902,223030479.877,46098335,47802452,41620863,43223828,0.01,0.01,0.000223,0.003938,0.00718353,0.01289038,-0.0070563,0.00146939,,,,,68.52,31.48,2.18,67.65,32.35,2.09,51.01,48.99,1.04,351819.383801,145709.620999,414803.232679,169227.394615,,,,,,,,
2022-07-09,0.06903,0.07015,0.06875,0.06943,98985476.461,43223828,45414921,43183921,44670178,0.003938,0.01,0.003938,0.01,0.00146939,0.01265131,0.0013408,0.00718702,,,,,71.84,28.16,2.55,70.49,29.51,2.39,50.3,49.7,1.01,6280.636353,14844.074077,6280.636353,14844.074077,,,,,,,,
2022-07-10,0.06942,0.06946,0.0662,0.06723,109971282.8436,44670178,44670178,40890527,40921870,0.01,0.01,-0.001124,-0.000664,0.00718702,0.00911613,-0.00286719,-0.00276304,,,,,72.97,27.03,2.7,71.27,28.73,2.48,50.48,49.52,1.02,300591.094507,27847.85117,360296.944273,27847.85117,,,,,,,,
2022-07-11,0.06724,0.06725,0.06112,0.0617,142547227.4434,40921870,41719725,39138982,39270872,-0.000664,0.01,-0.014316,-0.014316,-0.00276304,0.01462393,-0.01613884,-0.01056521,,,,,73.09,26.91,2.72,71.19,28.81,2.47,50.14,49.86,1.01,630146.634202,26345.290629,819529.489262,26345.290629,,,,,,,,
2022-07-12,0.0617,0.0631,0.05964,0.05974,134767422.6609,39270872,41361844,38073813,39166063,-0.014316,0.003739,-0.025512,-0.023395,-0.01056521,0.01214662,-0.02796153,-0.01620945,,,,,72.63,27.37,2.65,70.73,29.27,2.42,50.08,49.92,1.0,284592.639312,41959.317714,308671.864156,42025.761614,,,,,,,,
2022-07-13,0.05974,0.06235,0.05733,0.06188,202668779.8044,39166063,45556998,36542620,45454659,-0.023395,-0.002429,-0.03515,-0.024531,-0.01620945,0.00572136,-0.02369051,-0.01058838,,,,,73.37,26.63,2.76,71.07,28.93,2.46,49.4,50.6,0.98,459904.6021,327209.557021,549258.657676,375191.392329,,,,,,,,
2022-07-14,0.06186,0.0628,0.0594,0.06242,151675135.3611,45454659,45632467,42604916,43821506,-0.024531,0.002629,-0.026267,-0.000496,-0.01058838,0.00344738,-0.02685745,0.00119611,,,,,74.42,25.58,2.91,71.9,28.1,2.56,48.22,51.78,0.93,60227.659594,223230.418536,66053.136812,233822.498162,,,,,,,,
2022-07-15,0.06242,0.06443,0.06156,0.06288,157006903.3179,43821506,45499731,41098611,41545844,-0.000496,0.01,-0.011153,0.01,0.00119611,0.01507301,-0.00357792,0.00963069,,,,,73.42,26.58,2.76,71.38,28.62,2.49,47.95,52.05,0.92,93636.854516,155391.4808,94356.260216,183212.759995,,,,,,,,
2022-07-16,0.06287,0.06482,0.06168,0.06436,110895182.5599,41545844,44222243,39778029,43186907,0.01,0.01,0.01,0.01,0.00963069,0.01382245,0.00356298,0.00763484,,,,,71.44,28.56,2.5,68.82,31.18,2.21,47.87,52.13,0.92,86705.493637,44809.008322,87349.342657,61025.425157,,,,,,,,
2022-07-17,0.06436,0.06551,0.06281,0.06303,111700824.8729,43186907,45300715,41729258,41895663,0.01,0.01,0.006583,0.01,0.00763484,0.01802122,0.0039822,0.00883786,,,,,70.21,29.79,2.36,68.34,31.66,2.16,48.39,51.61,0.94,164549.669153,167217.702757,165936.439873,170054.380587,,,,,,,,
2022-07-18,0.06302,0.06894,0.06294,0.06753,258345503.8608,41895663,49694374,41755937,47746856,0.01,0.01,-0.011298,0.01,0.00883786,0.01848759,-0.00257995,0.0149618,,,,,71.05,28.95,2.45,69.08,30.92,2.23,48.42,51.58,0.94,276490.70546,397915.125427,287458.738619,485602.307617,,,,,,,,
2022-07-19,0.06752,0.07026,0.06534,0.06899,252699765.4804,47746856,52515916,44640103,49508103,0.01,0.01,0.01,0.01,0.0149618,0.01726689,-0.0118913,0.01012964,,,,,71.78,28.22,2.54,69.48,30.52,2.28,49.0,51.0,0.96,213782.474143,301545.992632,218499.828541,316490.090956,,,,,,,,
2022-07-20,0.069,0.07698,0.06764,0.07012,682213358.8226,49508103,66095202,47822287,52440495,0.01,0.01,0.01,0.01,0.01012964,0.01571675,0.00350419,0.00929156,,,,,73.17,26.83,2.73,71.74,28.26,2.54,49.8,50.2,0.99,993008.784953,647052.303679,1182875.327043,783978.37065,,,,,,,,
2022-07-21,0.07012,0.0709,0.06688,0.06995,280784591.3574,52440495,54499833,50265042,51510015,0.01,0.01,0.01,0.01,0.00929156,0.03044687,0.00642268,0.00847744,,,,,70.45,29.55,2.38,69.98,30.02,2.33,49.33,50.67,0.97,412318.630431,182793.975062,461291.579456,195108.937046,,,,,,,,
2022-07-22,0.06994,0.07137,0.06661,0.06739,199482132.6364,51510015,52816446,46015072,46542102,0.01,0.01,0.003868,0.00547,0.00847744,0.02366579,-0.01233457,0.00199566,,,,,71.7,28.3,2.53,70.05,29.95,2.34,48.95,51.05,0.96,353685.207065,142651.725505,380339.206214,164546.762279,,,,,,,,
2022-07-23,0.06739,0.06949,0.06583,0.06798,152956560.0377,46542102,48688498,44249617,44949563,0.00547,0.01,0.003584,0.007022,0.00199566,0.01338678,-0.0022673,0.00565652,,,,,73.06,26.94,2.71,70.44,29.56,2.38,47.97,52.03,0.92,204291.294247,262392.143564,275533.388873,279883.205732,,,,,,,,
2022-07-24,0.06798,0.06892,0.0671,0.06752,121687343.3339,44949563,46317938,44670221,45144384,0.007022,0.01,0.001643,0.01,0.00565652,0.01844392,-0.00375672,0.00609745,,,,,73.91,26.09,2.83,70.33,29.67,2.37,46.95,53.05,0.89,23250.459124,47482.629694,23559.583724,49232.367514,,,,,,,,
2022-07-25,0.06751,0.06798,0.06166,0.06187,171527796.1059,45144384,45400731,39983415,40135283,0.01,0.01,-0.014293,-0.002701,0.00609745,0.01264246,-0.01126726,-0.00827653,,,,,74.89,25.11,2.98,71.77,28.23,2.54,47.22,52.78,0.9,1042082.00376,27933.42101,1196964.036409,27933.42101,,,,,,,,
2022-07-26,0.06187,0.06265,0.06,0.06246,134325419.2196,40135283,40427721,38442594,39112865,-0.002701,-0.001807,-0.015784,-0.00288,-0.00827653,0.00242086,-0.02264409,-0.00559362,,,,,75.95,24.05,3.16,73.52,26.48,2.78,46.98,53.02,0.89,250982.96058,48030.682698,286825.641307,56643.956568,,,,,,,,
2022-07-27,0.06248,0.06718,0.06173,0.06716,171845867.898,39112865,44640780,39083556,44498850,-0.00288,0.01,-0.012409,0.01,-0.00559362,0.00878808,-0.0120361,0.00742855,,,,,75.58,24.42,3.1,72.24,27.76,2.6,46.58,53.42,0.87,31677.804866,336219.045671,49717.12952,400086.4307,,,,,,,,
2022-07-28,0.06717,0.07086,0.06514,0.0691,216140273.4569,44498850,44971237,41724184,41769940,0.01,0.01,-0.005857,0.01,0.00742855,0.01551023,0.00368684,0.01113794,,,,,73.24,26.76,2.74,69.23,30.77,2.25,47.17,52.83,0.89,191599.651542,304230.247731,199074.082508,314266.970214,,,,,,,,
2022-07-29,0.06911,0.07249,0.0672,0.0688,252622410.3141,41769940,47105486,41031688,44099422,0.01,0.01,0.01,0.01,0.01113794,0.01917108,-0.00152199,0.00968036,,,,,72.41,27.59,2.63,69.87,30.13,2.32,48.66,51.34,0.95,454025.276504,380490.607093,510788.409886,404214.170839,,,,,,,,
2022-07-30,0.06879,0.07455,0.06786,0.06962,290155326.466,44099422,52074698,43452355,45069128,0.01,0.01,0.01,0.01,0.00968036,0.01985198,0.00536773,0.01268663,,,,,73.87,26.13,2.83,72.37,27.63,2.62,49.86,50.14,0.99,431952.732192,268187.680389,464638.691618,341856.90941,,,,,,,,
2022-07-31,0.06963,0.07225,0.06775,0.06805,171446684.7903,45069128,48028907,42240662,42345224,0.01,0.01,0.01,0.01,0.01268663,0.02029634,0.00330045,0.00875331,,,,,73.64,26.36,2.79,72.25,27.75,2.6,50.6,49.4,1.02,535433.135581,70823.466426,578167.881486,72489.902556,,,,,,,,
2022-08-01,0.06804,0.0713,0.06671,0.06842,191718276.3097,42345224,45404927,40751849,41419259,0.01,0.01,0.01,0.01,0.00875331,0.01656854,-0.00589175,0.00900144,,,,,74.26,25.74,2.89,72.45,27.55,2.63,50.11,49.89,1.0,173926.499783,29168.248139,194950.178132,41712.609581,,,,,,,,
2022-08-02,0.06845,0.06917,0.06539,0.06646,151227547.643,41419259,42609412,38619126,39784076,0.01,0.01,0.004041,0.01,0.00900144,0.01445113,-0.00519484,0.0071514,,,,,74.81,25.19,2.97,72.46,27.54,2.63,49.27,50.73,0.97,199583.849603,78562.593033,229495.004277,92817.759784,,,,,,,,
2022-08-03,0.06647,0.0684,0.06503,0.06616,117381028.3756,39784076,42978145,39073805,40372756,0.01,0.01,0.004354,0.008521,0.0071514,0.01630734,-0.00029571,0.00710686,,,,,75.93,24.07,3.16,74.2,25.8,2.88,49.61,50.39,0.99,223827.091864,60882.728428,243684.583167,70287.113049,,,,,,,,
2022-08-04,0.06616,0.06764,0.06566,0.06723,118481947.9898,40372756,41474763,39408125,41114097,0.008521,0.01,-0.003657,0.01,0.00710686,0.02187127,-0.00782992,0.0081367,,,,,76.03,23.97,3.17,73.79,26.21,2.82,49.58,50.42,0.98,165711.909052,34127.332674,165711.909052,34127.332674,,,,,,,,
2022-08-05,0.06723,0.07032,0.06714,0.0698,173138553.2021,41114097,47871219,41073918,45244962,0.01,0.01,0.01,0.01,0.0081367,0.01400882,0.00168534,0.00719305,,,,,75.49,24.51,3.08,72.68,27.32,2.66,50.18,49.82,1.01,126604.022427,190488.380828,126713.139497,204157.02866,,,,,,,,
2022-08-06,0.06981,0.07133,0.06835,0.06863,137269117.7511,45244962,47499745,44169793,44400200,0.01,0.01,0.01,0.01,0.00719305,0.02702761,0.00341466,0.0086266,,,,,75.53,24.47,3.09,73.34,26.66,2.75,51.08,48.92,1.04,127429.703152,60627.04499,133983.972624,63769.77327,,,,,,,,
2022-08-07,0.06862,0.07,0.06728,0.0689,91214725.9678,44400200,46090146,42486206,44765454,0.01,0.01,0.01,0.01,0.0086266,0.01247241,0.0019616,0.00828957,,,,,76.95,23.05,3.34,75.52,24.48,3.09,51.16,48.84,1.05,345284.068124,83626.074828,368877.535267,84412.488848,,,,,,,,
2022-08-08,0.0689,0.07259,0.06876,0.07008,196383403.7569,44765454,53495030,44725137,49402929,0.01,0.01,0.01,0.01,0.00828957,0.0160243,0.00469749,0.00634673,,,,,77.32,22.68,3.41,75.38,24.62,3.06,51.31,48.69,1.05,152290.384821,126025.225072,195299.247571,135357.342,,,,,,,,
2022-08-09,0.07008,0.0743,0.0675,0.06899,372361040.9577,49402929,67649506,49114853,51296724,0.01,0.01,0.007305,0.009144,0.00634673,0.01917371,-0.00505812,0.00720166,,,,,77.08,22.92,3.36,75.38,24.62,3.06,52.75,47.25,1.12,656757.931957,223725.115269,745995.919628,244084.380874,,,,,,,,
2022-08-10,0.06899,0.07148,0.06655,0.07126,220406996.6531,51296724,52226447,47854026,52060276,0.009144,0.01,0.002931,0.01,0.00720166,0.0200414,-0.00325011,0.00993024,,,,,77.24,22.76,3.39,74.84,25.16,2.98,52.53,47.47,1.11,444212.767275,127755.80927,520499.159675,142730.183531,,,,,,,,
2022-08-11,0.07126,0.07565,0.07036,0.07082,287712116.0865,52060276,65035233,51997575,57504874,0.01,0.01,0.01,0.01,0.00993024,0.01708449,0.00545023,0.00598409,,,,,76.29,23.71,3.22,73.92,26.08,2.83,52.92,47.08,1.12,174637.778337,479384.454305,188879.822402,526568.630848,,,,,,,,
2022-08-12,0.07082,0.07274,0.06957,0.0723,161368933.9315,57504874,58110638,53406026,56085844,0.01,0.01,0.004889,0.01,0.00598409,0.02189098,0.00260243,0.01083254,,,,,76.8,23.2,3.31,75.56,24.44,3.09,55.12,44.88,1.23,533446.138862,80170.419057,561240.237727,80772.391407,,,,,,,,
2022-08-13,0.0723,0.07519,0.07178,0.0729,249205478.991,56085844,63779130,55979866,59302313,0.01,0.01,0.01,0.01,0.01083254,0.01466566,0.00594007,0.00927608,,,,,75.33,24.67,3.05,73.73,26.27,2.81,54.53,45.47,1.2,165649.030411,190731.021158,165856.817051,217306.863796,,,,,,,,
2022-08-14,0.07291,0.08468,0.07259,0.08163,1166530931.6291,59302313,103078139,59019613,89400373,0.01,0.01,0.01,0.01,0.00927608,0.01655152,-0.00409783,0.0094569,,,,,74.66,25.34,2.95,73.8,26.2,2.82,55.34,44.66,1.24,634149.721224,1290581.636584,675677.538731,1514277.151089,,,,,,,,
2022-08-15,0.08164,0.08204,0.07463,0.0766,605692116.4371,89400373,90793593,64042475,65055535,0.01,0.01,-0.002464,0.01,0.0094569,0.01677017,-0.0018083,0.00798504,,,,,65.95,34.05,1.94,64.85,35.15,1.85,53.52,46.48,1.15,1024695.866748,226179.475803,1119047.179434,230069.102608,,,,,,,,
2022-08-16,0.07659,0.08955,0.0761,0.08672,1999702055.0728,65055535,142344753,64671043,115616895,0.01,0.01,0.006501,0.01,0.00798504,0.01733497,0.00062093,0.01061613,,,,,75.23,24.77,3.04,74.44,25.56,2.91,55.28,44.72,1.24,815192.459544,1390801.728699,897347.356808,1572228.235648,,,,,,,,
2022-08-17,0.08671,0.08891,0.07929,0.08019,1016878390.2372,115616895,116358426,82192780,84319616,0.01,0.01,0.00395,0.01,0.01061613,0.02091107,-0.00283525,0.00632168,,,,,52.58,47.42,1.11,53.99,46.01,1.17,54.38,45.62,1.19,1314954.53464,401032.558148,1496875.428304,434102.731645,,,,,,,,
2022-08-18,0.08019,0.08225,0.07325,0.07469,537098682.3745,84319616,84959637,69612896,70500535,0.01,0.01,0.001782,0.001907,0.00632168,0.01296434,-0.00352688,-0.00241434,,,,,68.39,31.61,2.16,68.7,31.3,2.2,55.56,44.44,1.25,1046175.884169,168877.897242,1274906.056974,173819.058782,,,,,,,,
2022-08-19,0.0747,0.07526,0.06694,0.06771,699358716.9542,70500535,71747057,52989542,53327043,0.001907,0.007338,-0.006042,0.002743,-0.00241434,0.00566525,-0.01241,-0.00131987,,,,,71.73,28.27,2.54,71.07,28.93,2.46,55.9,44.1,1.27,1486218.811597,380618.328207,1929783.117228,424352.408329,,,,,,,,
2022-08-20,0.06773,0.07114,0.06756,0.06929,365992218.401,53327043,57618071,53327043,54722335,0.002743,0.005041,-0.004155,0.004687,-0.00131987,0.00874341,-0.00555103,0.0047134,,,,,74.66,25.34,2.95,73.56,26.44,2.78,52.33,47.67,1.1,308126.163488,144318.193298,354890.317245,173281.507229,,,,,,,,
2022-08-21,0.0693,0.07076,0.06727,0.06926,289017744.8675,54722335,56837480,53652466,53810828,0.004687,0.006068,-0.008015,-0.000193,0.0047134,0.01011971,-0.00616301,0.0031625,,,,,72.82,27.18,2.68,69.42,30.58,2.27,52.51,47.49,1.11,138046.52858,83857.882653,139817.40173,90399.029771,,,,,,,,
2022-08-22,0.06926,0.06938,0.06513,0.06838,374206702.7683,53810828,57636077,53011009,56429466,-0.000193,0.008699,-0.014242,0.008619,0.0031625,0.00780736,-0.02357164,0.00762472,,,,,76.35,23.65,3.23,72.47,27.53,2.63,52.01,47.99,1.08,482957.58031,448118.36923,524543.050133,477074.401922,,,,,,,,
2022-08-23,0.06838,0.06921,0.06683,0.06881,214778438.0539,56429466,58240957,55841233,57063208,0.008619,0.01,-0.012784,0.009816,0.00762472,0.01366594,0.00374941,0.00781437,,,,,69.79,30.21,2.31,68.35,31.65,2.16,52.05,47.95,1.09,123771.232259,214575.542162,124164.714959,220104.841253,,,,,,,,
2022-08-24,0.06881,0.06964,0.06697,0.06786,206789153.6455,57063208,58400697,53690020,53884280,0.009816,0.01,0.00449,0.005581,0.00781437,0.01898026,0.00286776,0.00374773,,,,,72.79,27.21,2.68,70.21,29.79,2.36,52.28,47.72,1.1,189881.34876,163027.600883,192962.675244,202970.698111,,,,,,,,
2022-08-25,0.06787,0.07181,0.06752,0.06892,303749094.7703,53884280,63052367,53716027,58452808,0.005581,0.01,-0.00888,0.00583,0.00374773,0.02127637,-0.00151912,0.00450026,,,,,74.39,25.61,2.91,72.09,27.91,2.58,52.82,47.18,1.12,240657.494473,400066.005629,251632.150051,425041.897939,,,,,,,,
2022-08-26,0.06891,0.06952,0.06265,0.06346,380658089.6742,58452808,59909061,50319917,50951584,0.00583,0.01,-0.017049,-0.010245,0.00450026,0.01585432,-0.02559777,-0.00646372,,,,,77.19,22.81,3.38,73.09,26.91,2.72,50.65,49.35,1.03,1024460.630881,85261.729587,1187261.413413,105602.228709,,,,,,,,
2022-08-27,0.06346,0.06409,0.06217,0.06347,189631276.7659,50373401,50902409,48125615,49008405,-0.010245,0.006799,-0.015685,-0.015685,-0.00646372,0.00534654,-0.01641571,-0.00704621,,,,,74.63,25.37,2.94,71.36,28.64,2.49,49.85,50.15,0.99,339873.206981,10885.77538,371427.717563,10885.77538,,,,,,,,
2022-08-28,0.06346,0.0643,0.06123,0.06172,161149424.5787,49008405,49578619,46018008,46192007,-0.015685,-0.004224,-0.01853,-0.010524,-0.00704621,0.00564274,-0.01446833,-0.00765649,,,,,75.26,24.74,3.04,71.05,28.95,2.45,49.44,50.56,0.98,139290.671459,26630.071902,180613.652589,27032.118912,,,,,,,,
2022-08-29,0.06172,0.0641,0.06082,0.0638,183698102.5891,45765873,49610177,45479537,49407532,-0.010524,0.00587,-0.01251,0.00213,-0.00765649,0.00650279,-0.01163909,0.00399013,,,,,75.59,24.41,3.1,71.81,28.19,2.55,49.53,50.47,0.98,143154.241373,168610.041056,181604.028518,177142.432461,,,,,,,,
2022-08-30,0.0638,0.06446,0.06,0.06149,190313460.8755,49407532,49407532,44918561,46728030,0.00213,0.01,-0.020426,-0.020328,0.00399013,0.0106848,-0.01540931,-0.0095383,,,,,74.89,25.11,2.98,71.21,28.79,2.47,49.84,50.16,0.99,306429.034894,26234.103246,332058.853418,28287.894317,,,,,,,,
2022-08-31,0.06151,0.06342,0.06067,0.06129,184789639.3105,46728030,48119014,45504180,45939615,-0.020328,0.01,-0.020774,-0.003738,-0.0095383,0.01504158,-0.01162439,-0.00053206,,,,,76.37,23.63,3.23,72.28,27.72,2.61,50.37,49.63,1.02,189215.067034,126549.085236,200285.604822,130020.567556,,,,,,,,
2022-09-01,0.06129,0.06261,0.05981,0.06236,189138146.3857,45939615,47715519,44515681,46533968,-0.003738,0.01,-0.022947,0.009013,-0.00053206,0.01288969,-0.01257207,0.00836678,,,,,76.2,23.8,3.2,72.33,27.67,2.61,50.79,49.21,1.03,178979.890106,128529.593377,219329.540472,129708.451097,,,,,,,,
2022-09-02,0.06236,0.06285,0.06063,0.0616,153569363.1036,46533968,47830186,45295794,45491587,0.009013,0.01,-0.01474,-0.006927,0.00836678,0.01276201,-0.01029331,-0.00596577,,,,,76.16,23.84,3.2,72.43,27.57,2.63,50.34,49.66,1.01,162000.73213,65835.00297,164175.41454,68926.32202,,,,,,,,
2022-09-03,0.06161,0.064,0.06107,0.06268,165627301.934,45491587,49855563,45491587,48292155,-0.006927,0.01,-0.006927,0.01,-0.00596577,0.01041602,-0.00831281,0.00827133,,,,,76.5,23.5,3.26,72.94,27.06,2.7,49.84,50.16,0.99,216076.282841,97785.787782,253898.571008,102414.916942,,,,,,,,
2022-09-04,0.06269,0.06388,0.06181,0.0632,157753666.8762,48292155,51211120,47011239,48530945,0.01,0.01,0.004285,0.01,0.00827133,0.01198014,-0.00133462,0.00649984,,,,,76.49,23.51,3.25,73.16,26.84,2.73,50.94,49.06,1.04,99187.029815,177201.510363,99187.029815,228732.406038,,,,,,,,
2022-09-05,0.06319,0.06373,0.06087,0.06272,141543014.0437,48530945,50243550,47898828,49659761,0.01,0.01,0.004299,0.01,0.00649984,0.01490632,0.0024362,0.00588159,,,,,75.82,24.18,3.14,73.43,26.57,2.76,51.8,48.2,1.08,280169.303675,18480.861675,323885.350784,18762.025281,,,,,,,,
2022-09-06,0.06272,0.0653,0.05785,0.05885,282462820.5978,49659761,53513652,47079614,49009235,0.01,0.01,-0.02882,-0.028765,0.00588159,0.0165993,-0.01324217,-0.01323883,,,,,75.38,24.62,3.06,71.99,28.01,2.57,51.54,48.46,1.06,726288.821143,68727.919881,956642.058193,80910.013258,,,,,,,,
2022-09-07,0.05884,0.0615,0.0573,0.06094,172605277.5715,49009235,49099090,44590018,44681212,-0.028765,0.01,-0.028961,0.002724,-0.01323883,0.0174621,-0.0258472,0.00488672,,,,,77.19,22.81,3.38,73.32,26.68,2.75,49.48,50.52,0.98,189962.439734,142735.463788,232659.465644,144086.723518,,,,,,,,
2022-09-08,0.06094,0.0614,0.0596,0.06094,137145788.0632,44681212,46955208,44681212,46104382,0.002724,0.01,0.002354,0.01,0.00488672,0.01287178,0.00308599,0.00777838,,,,,75.08,24.92,3.01,71.06,28.94,2.46,49.74,50.26,0.99,83469.179003,44067.949191,87627.170551,44115.214101,,,,,,,,
2022-09-09,0.06095,0.06485,0.06086,0.06383,244936679.5601,46104382,48557564,44898743,45422958,0.01,0.01,0.00776,0.01,0.00777838,0.02179273,0.00396899,0.00725901,,,,,74.44,25.56,2.91,71.34,28.66,2.49,51.8,48.2,1.08,166895.016139,394575.359489,178169.768047,417817.431159,,,,,,,,
2022-09-10,0.06384,0.06555,0.06311,0.06466,171522136.0416,45422958,49684797,45085127,48694238,0.01,0.01,0.01,0.01,0.00725901,0.02389279,0.00274083,0.00993748,,,,,74.06,25.94,2.86,71.22,28.78,2.48,52.97,47.03,1.13,132664.242349,52907.277697,132845.235869,59412.037474,,,,,,,,
2022-09-11,0.06465,0.06528,0.06252,0.06366,133701921.9508,48694238,49705869,45491330,46368827,0.01,0.01,0.01,0.01,0.00993748,0.01359402,-0.00135408,0.00700644,,,,,74.37,25.63,2.9,72.37,27.63,2.62,54.41,45.59,1.19,165690.159484,53661.722375,170154.377748,53668.635645,,,,,,,,
2022-09-12,0.06366,0.06545,0.06256,0.06392,192382754.6225,46368827,51585624,45318852,46465940,0.01,0.01,0.002884,0.01,0.00700644,0.01189749,-0.00145283,0.00825089,,,,,74.27,25.73,2.89,72.43,27.57,2.63,54.79,45.21,1.21,125335.015851,61243.583845,127082.450717,64344.498885,,,,,,,,
2022-09-13,0.06392,0.06415,0.05915,0.0596,216662421.6613,46465940,49677697,43832431,44047391,0.01,0.01,-0.007582,-0.00498,0.00825089,0.01823561,-0.0038634,-0.00372824,,,,,74.33,25.67,2.9,72.85,27.15,2.68,55.0,45.0,1.22,686120.563166,16334.44888,789587.500404,16337.62972,,,,,,,,
2022-09-14,0.0596,0.06146,0.05909,0.06113,163853356.2178,44047391,45970900,43139557,45598539,-0.00498,0.01,-0.00498,0.009911,-0.00372824,0.00991618,-0.0096502,0.00684905,,,,,77.75,22.25,3.49,74.84,25.16,2.98,53.27,46.73,1.14,119582.7318,18101.900034,183779.616184,18598.12633,,,,,,,,
2022-09-15,0.06113,0.06118,0.05842,0.05856,160256921.5886,45598539,46745297,44651833,45575034,0.009911,0.01,-0.003506,-0.003506,0.00684905,0.01231175,-0.00133958,-0.00132144,,,,,77.23,22.77,3.39,74.13,25.87,2.87,52.93,47.07,1.12,381457.368287,26452.360545,485339.03834,26547.736865,,,,,,,,
2022-09-16,0.05856,0.06046,0.05803,0.0604,111374251.5024,45575034,45931195,43672908,44912003,-0.003506,0.01,-0.012159,0.00368,-0.00132144,0.01297003,-0.00664593,0.00351488,,,,,78.54,21.46,3.66,75.12,24.88,3.02,53.46,46.54,1.15,152204.123505,32945.968568,174050.052083,33019.940259,,,,,,,,
2022-09-17,0.06041,0.06238,0.06015,0.06215,99014479.431,44912003,46954575,43898461,45791987,0.00368,0.008592,-0.00457,0.004084,0.00351488,0.01071559,-0.01093231,0.00563415,,,,,77.45,22.55,3.44,73.53,26.47,2.78,52.67,47.33,1.11,12422.94328,79278.391422,12422.94328,86033.105685,,,,,,,,
2022-09-18,0.06216,0.06223,0.0559,0.0574,143786752.1333,45791987,46668813,40735378,40919408,0.004084,0.01,-0.013137,-0.013075,0.00563415,0.01294177,-0.00482913,-0.00463441,,,,,75.71,24.29,3.12,72.77,27.23,2.67,52.95,47.05,1.13,419072.029562,1429.06314,582155.316128,1429.06314,,,,,,,,
2022-09-19,0.0574,0.05878,0.05576,0.0585,135738568.9917,40919408,43503586,40266822,42932750,-0.013075,0.002705,-0.022719,-0.010868,-0.00463441,0.00526595,-0.01524747,-0.00475375,,,,,77.86,22.14,3.52,75.26,24.74,3.04,52.41,47.59,1.1,196222.865349,66728.731198,238596.185706,67082.775748,,,,,,,,
2022-09-20,0.0585,0.0606,0.05755,0.05835,149893923.864,42932750,45512504,41353557,42471185,-0.010868,0.009338,-0.010868,-0.000657,-0.00475375,0.0135699,-0.00798216,0.00371145,,,,,77.39,22.61,3.42,73.02,26.98,2.71,50.39,49.61,1.02,112844.382661,181296.804773,113202.438931,186748.373321,,,,,,,,
2022-09-21,0.05835,0.0609,0.056,0.05711,198090962.9051,42471185,43732910,39656148,40623088,-0.000657,0.01,-0.010047,-0.008545,0.00371145,0.00659553,-0.03026567,-0.00501256,,,,,76.16,23.84,3.2,73.16,26.84,2.73,51.5,48.5,1.06,324662.869618,85515.16381,395108.393979,88506.87902,,,,,,,,
2022-09-22,0.0571,0.06004,0.05676,0.05956,136606415.5158,40623088,43231005,39528649,43111791,-0.008545,0.01,-0.021018,0.006135,-0.00501256,0.0121032,-0.01044879,0.00731601,,,,,76.31,23.69,3.22,72.06,27.94,2.58,50.93,49.07,1.04,23419.53373,61087.931767,23421.39435,62609.056415,,,,,,,,
2022-09-23,0.05956,0.0643,0.05906,0.06334,417608769.5116,43111791,53988055,42924818,53967540,0.006135,0.01,0.006074,0.01,0.00731601,0.02398908,-0.01369797,0.00378101,,,,,75.94,24.06,3.16,72.47,27.53,2.63,51.01,48.99,1.04,304477.89951,372032.972993,305567.78689,412155.588324,,,,,,,,
2022-09-24,0.06334,0.06828,0.06203,0.06304,706504814.9928,53967540,72331278,53967540,57789016,0.01,0.01,0.008838,0.008838,0.00378101,0.01663017,0.00092412,0.00853663,,,,,68.49,31.51,2.17,67.25,32.75,2.05,53.82,46.18,1.17,480020.320754,401928.345786,521491.814508,460622.491222,,,,,,,,
2022-09-25,0.06305,0.06385,0.06,0.06113,246984426.8199,57789016,58066637,48532715,49515034,0.008838,0.01,-0.002094,0.001764,0.00853663,0.01476915,-0.00369062,0.00126661,,,,,69.32,30.68,2.26,69.54,30.46,2.28,53.74,46.26,1.16,693444.306758,47991.966899,740429.480837,47991.966899,,,,,,,,
2022-09-26,0.06112,0.06185,0.0597,0.0611,190766588.1039,49515034,51838957,49412718,50550550,0.001764,0.01,-0.00354,-0.003261,0.00126661,0.01443885,-0.00900356,0.00365308,,,,,77.01,22.99,3.35,75.51,24.49,3.08,53.55,46.45,1.15,292462.31544,196972.513396,300229.036894,196979.212676,,,,,,,,
2022-09-27,0.06109,0.06304,0.05969,0.06044,197459746.5986,50550550,52753730,47821093,48640942,-0.003261,0.01,-0.003518,-0.003518,0.00365308,0.01661403,-0.00367158,-0.00118507,,,,,78.76,21.24,3.71,76.09,23.91,3.18,52.83,47.17,1.12,230616.161426,62439.967332,236080.19033,64533.813582,,,,,,,,
2022-09-28,0.06045,0.0611,0.05845,0.06047,158860679.8435,48640942,48849480,45749678,47485805,-0.003518,0.01,-0.009457,0.01,-0.00118507,0.01308219,-0.00118507,0.01011665,,,,,78.34,21.66,3.62,75.5,24.5,3.08,52.19,47.81,1.09,234567.872716,135073.638779,258715.386317,135080.249319,,,,,,,,
2022-09-29,0.06047,0.06107,0.05923,0.06085,122311287.9752,47485805,49159241,47081708,48358706,0.01,0.01,0.005107,0.008623,0.01011665,0.02273256,0.00508479,0.00780973,,,,,77.72,22.28,3.49,75.68,24.32,3.11,52.28,47.72,1.1,146214.285755,11628.6237,146214.285755,11628.6237,,,,,,,,
2022-09-30,0.06085,0.06224,0.05952,0.06165,211025278.8916,48358706,52809946,47327241,52220590,0.008623,0.01,0.005783,0.009776,0.00780973,0.0131561,-0.00289831,0.00975324,,,,,78.75,21.25,3.71,76.11,23.89,3.19,53.25,46.75,1.14,84339.789588,82917.214145,84467.221808,89709.704385,,,,,,,,
2022-10-01,0.06165,0.06341,0.06018,0.06056,200731192.7173,52220590,54667270,49334281,49452850,0.009776,0.01,-0.000796,-0.000595,0.00975324,0.0178387,0.00284451,0.00354633,,,,,75.42,24.58,3.07,72.37,27.63,2.62,53.05,46.95,1.13,190210.461314,43685.47247,194483.026732,125660.737128,,,,,,,,
2022-10-02,0.06055,0.06095,0.05871,0.05923,105590648.0172,49452850,50073459,47870381,49232594,-0.000595,0.01,-0.005038,0.000437,0.00354633,0.01313084,-0.00017875,0.0024627,,,,,78.55,21.45,3.66,75.49,24.51,3.08,53.56,46.44,1.15,144243.259473,9778.84412,177792.411613,9778.84412,,,,,,,,
2022-10-03,0.05923,0.06056,0.05874,0.06028,112032257.1175,49232594,51401060,48450550,50384951,0.000437,0.01,-0.002871,0.01,0.0024627,0.01497086,-0.00135473,0.00945895,,,,,80.19,19.81,4.05,77.22,22.78,3.39,53.63,46.37,1.16,47112.351485,20324.64831,47833.291682,20324.64831,,,,,,,,
2022-10-04,0.06028,0.06644,0.05991,0.06581,633436441.844,50384951,83659762,50153589,83195423,0.01,0.01,0.01,0.01,0.00945895,0.02156853,0.00032429,0.00646123,,,,,80.03,19.97,4.01,76.18,23.82,3.2,52.69,47.31,1.11,177242.758404,411735.568949,206698.113459,457668.636032,,,,,,,,
2022-10-05,0.0658,0.06687,0.06255,0.06473,617720921.35,83195423,85862700,70966348,71421556,0.01,0.01,0.001379,0.006558,0.00646123,0.01204585,-0.00300742,0.00574594,,,,,54.75,45.25,1.21,54.7,45.3,1.21,53.17,46.83,1.14,459855.395358,273175.542438,508923.573797,406828.568238,,,,,,,,
2022-10-06,0.06473,0.06683,0.06269,0.06343,327556327.7284,71421556,76534802,65315550,66489008,0.006558,0.01,0.005968,0.01,0.00574594,0.01220647,-0.0023696,0.00451774,,,,,62.36,37.64,1.66,62.33,37.67,1.66,53.55,46.45,1.15,252873.16831,106900.303426,288838.327532,133676.524574,,,,,,,,
2022-10-07,0.06342,0.06383,0.06118,0.06233,175586770.9828,66489008,68238333,61949371,62568739,0.01,0.01,0.001847,0.00248,0.00451774,0.01289976,0.00332622,0.00502182,,,,,67.77,32.23,2.1,66.57,33.43,1.99,54.19,45.81,1.18,153526.730491,35464.933923,204086.599313,37385.375123,,,,,,,,
2022-10-08,0.06232,0.06265,0.0611,0.06159,82221395.653,62568739,62840441,59454760,59454905,0.00248,0.01,0.000469,0.002029,0.00502182,0.00970352,-0.00043616,0.00193311,,,,,75.56,24.44,3.09,73.35,26.65,2.75,55.22,44.78,1.23,115238.645019,1388.35663,122081.363251,1388.35663,,,,,,,,
2022-10-09,0.06159,0.06239,0.06111,0.06209,81949968.9857,59454905,61663610,59006646,61268469,0.002029,0.01,0.000753,0.01,0.00193311,0.01152659,0.00193311,0.00768782,,,,,77.07,22.93,3.36,74.55,25.45,2.93,55.52,44.48,1.25,25536.78967,18810.587945,25536.78967,18810.587945,,,,,,,,
2022-10-10,0.06208,0.06248,0.05899,0.05934,155183155.7272,61268469,61941104,54756927,54835860,0.01,0.01,0.000017,0.01,0.00768782,0.01005985,-0.00166821,0.0056323,,,,,77.79,22.21,3.5,74.2,25.8,2.88,55.6,44.4,1.25,398658.129319,17643.659932,459492.992768,17643.659932,,,,,,,,
2022-10-11,0.05934,0.06084,0.05738,0.06021,176010077.9901,54835860,54835860,50687626,52295377,0.01,0.01,-0.007642,0.01,0.0056323,0.01028332,-0.00714143,0.00688868,,,,,80.79,19.21,4.21,77.52,22.48,3.45,54.56,45.44,1.2,357816.818097,155849.023108,564632.346847,169725.295954,,,,,,,,
2022-10-12,0.06022,0.06098,0.05906,0.05978,129596634.4489,52295377,54688031,51477955,52021747,0.01,0.01,0.00322,0.01,0.00688868,0.01035448,-0.00224643,0.00802349,,,,,76.62,23.38,3.28,73.21,26.79,2.73,53.59,46.41,1.16,84322.674422,26480.354137,84322.674422,27537.109158,,,,,,,,
2022-10-13,0.05978,0.06022,0.05491,0.05958,272388896.9993,52021747,53115270,46627835,49721214,0.01,0.01,-0.015108,0.008925,0.00802349,0.0105095,-0.01527298,0.00707073,,,,,77.23,22.77,3.39,73.16,26.84,2.73,53.82,46.18,1.17,723739.046746,211324.918846,856104.605131,219067.359756,,,,,,,,
2022-10-14,0.05958,0.06104,0.05804,0.0586,142772289.4527,49721214,51877858,47490925,48044330,0.008925,0.01,0.002156,0.00757,0.00707073,0.015546,-0.00036133,0.00596212,,,,,77.08,22.92,3.36,72.67,27.33,2.66,53.14,46.86,1.13,397984.41063,188600.212176,402729.410545,189063.718916,,,,,,,,
2022-10-15,0.05861,0.05974,0.05789,0.05853,89643599.1934,48044330,50557140,47830704,48736312,0.00757,0.01,-0.002295,0.01,0.00596212,0.01290443,-0.00969473,0.00784994,,,,,77.59,22.41,3.46,74.74,25.26,2.96,54.54,45.46,1.2,47119.863469,7628.71789,48004.457569,7628.71789,,,,,,,,
2022-10-16,0.05854,0.05944,0.05842,0.05886,70401598.3249,48736312,49794058,48561936,49296580,0.01,0.01,0.005496,0.005496,0.00784994,0.01926404,0.00182228,0.00644516,,,,,76.97,23.03,3.34,73.11,26.89,2.72,53.4,46.6,1.15,23948.55342,31736.92488,23948.55342,31736.92488,,,,,,,,
2022-10-17,0.05885,0.06017,0.05849,0.05994,90218601.4271,49296580,51958762,49009149,51571391,0.005496,0.01,-0.007898,0.009096,0.00644516,0.01498258,-0.00131501,0.00681251,,,,,77.71,22.29,3.49,74.08,25.92,2.86,53.27,46.73,1.14,3340.86262,72485.512556,3340.86262,72797.363632,,,,,,,,
2022-10-18,0.05994,0.06118,0.05849,0.05973,181237344.3469,51571391,55799630,49811542,52470520,0.009096,0.01,0.002955,0.006914,0.00681251,0.02231408,-0.00580023,0.00612019,,,,,75.85,24.15,3.14,72.57,27.43,2.65,54.06,45.94,1.18,284168.884713,70374.976763,306452.599927,87370.461053,,,,,,,,
2022-10-19,0.05972,0.06075,0.05812,0.05862,223322023.4996,52470520,58038218,51517456,52218957,0.006914,0.01,0.002215,0.002995,0.00612019,0.01555662,-0.00154774,0.00014931,,,,,74.98,25.02,3.0,71.5,28.5,2.51,53.84,46.16,1.17,234563.027079,52694.993484,280425.152248,54609.575844,,,,,,,,
2022-10-20,0.05863,0.06035,0.05812,0.05939,154472610.9251,52218957,54821381,51499941,52216617,0.002995,0.01,0.001303,0.01,0.00014931,0.01400917,-0.00172462,0.01102354,,,,,75.94,24.06,3.16,72.49,27.51,2.64,53.39,46.61,1.15,96163.281989,332745.214022,98112.323279,333056.556032,,,,,,,,
2022-10-21,0.0594,0.05947,0.05701,0.05931,135885283.9147,52216617,52919601,50139274,50337805,0.01,0.01,-0.006036,0.002009,0.01102354,0.01228815,-0.00373452,0.0040818,,,,,74.16,25.84,2.87,70.23,29.77,2.36,53.93,46.07,1.17,170497.993972,157536.683621,195160.99668,158474.023551,,,,,,,,
2022-10-22,0.05931,0.05992,0.05906,0.05966,66228073.9959,50337805,52826388,50155403,51934246,0.002009,0.01,0.002009,0.01,0.0040818,0.02145998,-0.00074275,0.00527889,,,,,76.32,23.68,3.22,72.44,27.56,2.63,53.52,46.48,1.15,3786.62974,28614.40034,3786.62974,28721.17036,,,,,,,,
2022-10-23,0.05966,0.06048,0.05857,0.06035,87185919.2457,51934246,54670859,50406832,54447494,0.01,0.01,0.01,0.01,0.00527889,0.0241237,0.00386004,0.00786332,,,,,73.99,26.01,2.85,70.38,29.62,2.38,54.87,45.13,1.22,32692.33867,117432.976229,32896.24275,141466.661661,,,,,,,,
2022-10-24,0.06036,0.0609,0.0586,0.0594,146977517.0183,54447494,56968238,51306292,54451368,0.01,0.01,0.002486,0.003614,0.00786332,0.01148781,0.00017132,0.00258915,,,,,73.63,26.37,2.79,69.81,30.19,2.31,55.45,44.55,1.25,150379.663701,21180.92957,150573.450101,21470.84872,,,,,,,,
2022-10-25,0.05941,0.06428,0.05909,0.06299,365122715.7464,54451368,74364020,53426981,68931287,0.003614,0.01,0.002884,0.01,0.00258915,0.01720591,-0.00636009,0.0086023,,,,,75.67,24.33,3.11,71.82,28.18,2.55,56.34,43.66,1.29,184797.846339,402621.856955,189545.611669,488543.547817,,,,,,,,
2022-10-26,0.06298,0.07359,0.06256,0.07262,1398019359.0911,68931287,125125912,68524472,125083175,0.01,0.01,0.01,0.01,0.0086023,0.01786338,-0.02638577,0.00639606,,,,,67.62,32.38,2.09,62.48,37.52,1.67,57.62,42.38,1.36,535333.144241,1194791.760169,600608.617209,1678175.321411,,,,,,,,
2022-10-27,0.07262,0.08549,0.07168,0.07684,3936887085.5703,125083175,190857250,122830721,157678679,0.01,0.01,-0.000897,0.002671,0.00639606,0.01838176,-0.00958347,0.00330578,,,,,49.4,50.6,0.98,47.5,52.5,0.91,55.71,44.29,1.26,2718247.287593,2673552.996402,3197272.096509,3372876.763227,,,,,,,,
2022-10-28,0.07684,0.0885,0.07248,0.08381,4959767140.274,157678679,246586808,137670163,202875101,0.002671,0.01,-0.010897,-0.001379,0.00330578,0.015753,-0.02357324,-0.00352273,,,,,46.87,53.13,0.88,47.51,52.49,0.91,54.9,45.1,1.22,2665419.071938,2781872.43658,3038815.285995,3328481.389825,,,,,,,,
2022-10-29,0.08381,0.15187,0.08276,0.12171,13181344086.707,202875101,359022818,199581674,280519548,-0.001379,0.01,-0.023889,0.01,-0.00352273,0.02791828,-0.03588994,0.01215453,,,,,38.29,61.71,0.62,38.73,61.27,0.63,52.75,47.25,1.12,4271065.417946,6047455.750911,5197329.329262,7812880.540891,,,,,,,,
2022-10-30,0.12169,0.1435,0.1109,0.11768,7881988476.8802,280519548,339982580,254510832,263649598,0.01,0.01,-0.004937,0.009264,0.01215453,0.04266317,-0.01237398,0.00288815,,,,,46.93,53.07,0.88,45.2,54.8,0.83,52.84,47.16,1.12,3743790.581228,4023418.03287,4877813.946689,4542271.197561,,,,,,,,
2022-10-31,0.11768,0.13186,0.11367,0.12676,6909379210.8817,263649598,317118036,249374044,295070544,0.009264,0.01,0.002392,0.00658,0.00288815,0.01822145,-0.02795315,0.00224432,,,,,51.52,48.48,1.06,52.38,47.62,1.1,53.22,46.78,1.14,2218060.152581,2643715.284244,2692266.310291,3348103.432623,,,,,,,,
2022-11-01,0.12677,0.15888,0.12429,0.142,10365397068.3728,295070544,479266028,288527014,370046865,0.00658,0.01,0.000292,0.000292,0.00224432,0.0185536,-0.02164846,0.00581349,,,,,51.86,48.14,1.08,48.58,51.42,0.95,52.85,47.15,1.12,2474694.975353,3252012.933092,3336805.458926,3899576.846568,,,,,,,,
2022-11-02,0.14201,0.14805,0.1216,0.1276,6664562691.7259,370046865,385382082,249779358,255494002,0.000292,0.01,-0.013352,-0.004355,0.00581349,0.03419626,-0.01769315,0.00536997,,,,,54.65,45.35,1.21,49.3,50.7,0.97,52.47,47.53,1.1,2568200.394508,2798331.011977,3524657.3911,3161537.981638,,,,,,,,
2022-11-03,0.1276,0.13697,0.11952,0.1225,3126540626.9168,255494002,280860490,241432321,244403447,-0.004355,0.01,-0.004355,-0.00224,0.00536997,0.02149452,-0.00783471,0.00506806,,,,,59.18,40.82,1.45,57.93,42.07,1.38,51.85,48.15,1.08,1544456.222027,1395093.035164,1903322.855487,1664322.079652,,,,,,,,
2022-11-04,0.12251,0.12909,0.11545,0.12603,3320006960.367,244403447,268930106,235579839,256255193,-0.00224,0.01,-0.003143,0.008258,0.00506806,0.0219891,-0.00258638,0.01214435,,,,,65.7,34.3,1.92,62.5,37.5,1.67,52.14,47.86,1.09,1725759.73847,1931858.384688,2125101.921363,2309501.561985,,,,,,,,
2022-11-05,0.12602,0.13587,0.11936,0.12438,2142926554.6162,256255193,286835688,241802134,246141292,0.008258,0.01,0.007517,0.007517,0.01214435,0.02065857,0.00407529,0.01005935,,,,,68.77,31.23,2.2,63.51,36.49,1.74,52.94,47.06,1.13,1204722.002059,958761.65851,1579074.248755,1221598.157584,,,,,,,,
2022-11-06,0.12437,0.12775,0.1116,0.11466,1550498937.2985,246141292,261834408,221898637,225700372,0.007517,0.01,-0.007449,-0.007399,0.01005935,0.01668328,-0.00740166,-0.00459965,,,,,69.17,30.83,2.24,66.28,33.72,1.97,54.73,45.27,1.21,1254401.453294,388322.297584,1656440.305481,417174.721636,,,,,,,,
2022-11-07,0.11464,0.11909,0.10711,0.11116,1817868481.2459,225700372,239957887,206663859,214127064,-0.007399,0.01,-0.011883,0.01,-0.00459965,0.01900903,-0.01085895,0.00888636,,,,,70.27,29.73,2.36,69.04,30.96,2.23,55.02,44.98,1.22,1632413.090625,798456.757505,2154776.375866,865327.120454,,,,,,,,
2022-11-08,0.11116,0.1131,0.07636,0.08819,4044272768.6544,214127064,215207891,138940369,138940369,0.01,0.01,0.01,0.01,0.00888636,0.00888636,0.00888636,0.00888636,,,,,72.65,27.35,2.66,69.56,30.44,2.29,55.82,44.18,1.26,5891581.573686,3173139.361674,8468419.625296,3559725.579513,,,,,,,,
2022-11-09,0.08819,0.09219,0.07024,0.07445,3071244537.6885,114600940,124994571,82686149,88800017,-0.048816,0.01,-0.048816,-0.007545,-0.03280154,0.04038417,-0.08305603,-0.08079976,,,,,72.65,27.35,2.66,69.56,30.44,2.29,55.82,44.18,1.26,3767476.82151,2516971.247451,5096885.843614,2809589.142672,,,,,,,,
2022-11-10,0.07445,0.09426,0.07295,0.08972,2089987927.7321,88800017,109966471,87217573,94868648,-0.007545,0.01,-0.008149,0.002062,-0.08079976,0.2557501,-0.46387616,-0.02735628,,,,,72.6,27.4,2.65,71.78,28.22,2.54,53.93,46.07,1.17,2021277.320801,1730284.95536,2390172.562225,1968621.200867,,,,,,,,
2022-11-11,0.08972,0.09395,0.08,0.08504,1246986901.4352,94868648,102097725,79900571,82090215,0.002062,0.01,0.002062,0.005342,-0.02735628,0.01249003,-0.31847571,-0.11672827,,,,,73.31,26.69,2.75,67.65,32.35,2.09,49.69,50.31,0.99,1023868.388169,782655.932618,1281978.0372,1077447.72334,,,,,,,,
2022-11-12,0.08506,0.09529,0.07836,0.08809,2364995067.7171,82090215,125217265,76857439,105762879,0.005342,0.01,-0.007767,-0.007767,-0.11672827,0.01243366,-0.12861068,-0.00482339,,,,,73.85,26.15,2.82,71.66,28.34,2.53,52.1,47.9,1.09,1259663.220908,1543654.806402,1512496.581066,1803622.714651,,,,,,,,
2022-11-13,0.08809,0.09156,0.08254,0.08492,1212332021.0868,105762879,107444466,89939996,92145008,-0.007767,0.01,-0.012249,0.01,-0.00482339,0.01821518,-0.01094712,0.01532671,,,,,65.25,34.75,1.88,66.2,33.8,1.96,52.25,47.75,1.09,1086652.181247,556813.046616,1182096.437723,631917.884506,,,,,,,,
2022-11-14,0.08492,0.09145,0.07908,0.08591,1465046146.0424,92145008,96940003,82100653,85793411,0.01,0.01,-0.006244,0.01,0.01532671,0.02175237,-0.02337242,0.01298493,,,,,74.2,25.8,2.88,72.78,27.22,2.67,54.49,45.51,1.2,1084068.665406,969382.010977,1378170.419437,1089746.317128,,,,,,,,
2022-11-15,0.0859,0.08999,0.0847,0.08702,794349305.7601,85793411,98369983,84481531,89665411,0.01,0.01,0.002155,0.007908,0.01298493,0.01626789,-0.00398015,0.00869387,,,,,74.94,25.06,2.99,72.42,27.58,2.63,53.48,46.52,1.15,333453.787565,321036.875462,391877.338044,433519.329729,,,,,,,,
2022-11-16,0.08702,0.09122,0.08325,0.08543,939362562.89,89665411,114482447,88798079,100812768,0.007908,0.01,-0.00736,-0.005962,0.00869387,0.01906373,-0.00950247,0.0058137,,,,,73.76,26.24,2.81,71.63,28.37,2.53,55.14,44.86,1.23,853190.634826,305437.855172,967683.11129,399030.702494,,,,,,,,
2022-11-17,0.08543,0.08724,0.08232,0.08461,671581206.5442,100812768,102088854,94156623,94693516,-0.005962,0.01,-0.013586,-0.01015,0.0058137,0.01694003,-0.00487625,-0.00024187,,,,,76.75,23.25,3.3,74.13,25.87,2.87,58.14,41.86,1.39,528303.246147,562914.1407,617394.191229,622032.2671,,,,,,,,
2022-11-18,0.08462,0.08674,0.08355,0.08469,454131512.0136,94693516,97976162,93136727,96853635,-0.01015,0.01,-0.010809,0.009894,-0.00024187,0.01971967,-0.00739036,0.01096453,,,,,75.98,24.02,3.16,73.57,26.43,2.78,54.14,45.86,1.18,356441.792396,58177.219154,357770.333696,66540.044498,,,,,,,,
2022-11-19,0.08469,0.08499,0.08297,0.08449,308428677.5494,96853635,102115274,95492859,100312196,0.009894,0.01,0.002693,0.003879,0.01096453,0.01961904,0.00537406,0.00791882,,,,,77.36,22.64,3.42,74.27,25.73,2.89,54.34,45.66,1.19,74695.799487,121786.735971,88322.470862,123560.253441,,,,,,,,
2022-11-20,0.08449,0.0858,0.07611,0.07701,639641727.5244,100312196,105510127,90994742,93896582,0.003879,0.01,-0.013661,-0.012866,0.00791882,0.01768527,-0.00250494,-0.00241783,,,,,75.84,24.16,3.14,73.62,26.38,2.79,55.3,44.7,1.24,791683.322946,57499.792248,1221284.393735,59196.366499,,,,,,,,
2022-11-21,0.077,0.07736,0.0712,0.07464,995449143.1871,93896582,96536181,79410599,79988535,-0.012866,0.000453,-0.015028,-0.006678,-0.00241783,0.01063813,-0.01236814,-0.00584493,,,,,77.92,22.08,3.53,76.48,23.52,3.25,54.21,45.79,1.18,1183274.504125,461532.100844,1435756.543121,478698.863875,,,,,,,,
2022-11-22,0.07464,0.07981,0.07302,0.07872,758897339.0693,79988535,94803239,79725129,92886815,-0.006678,0.01,-0.006678,0.01,-0.00584493,0.02015677,-0.00706673,0.01060051,,,,,78.15,21.85,3.58,75.48,24.52,3.08,55.97,44.03,1.27,240962.382229,653714.065052,276580.177857,911325.043916,,,,,,,,
2022-11-23,0.07872,0.08352,0.07776,0.08193,681118415.957,92886815,103448280,91394558,94754379,0.01,0.01,0.001616,0.01,0.01060051,0.02182574,-0.00085395,0.01092217,,,,,75.25,24.75,3.04,71.11,28.89,2.46,55.23,44.77,1.23,197141.128594,665234.022965,219655.47144,914971.165335,,,,,,,,
2022-11-24,0.08192,0.08436,0.08037,0.08141,404403888.8289,94754379,102822258,92371367,99033911,0.01,0.01,0.002209,0.01,0.01092217,0.01949504,-0.00162176,0.00837196,,,,,73.38,26.62,2.76,70.32,29.68,2.37,58.09,41.91,1.39,9439.404939,436646.332164,11399.922459,504292.224856,,,,,,,,
2022-11-25,0.08141,0.09192,0.08041,0.08943,1530261130.2414,99033911,139565966,97927403,135389264,0.003966,0.01,0.001004,0.007851,0.00477849,0.01204525,-0.01263463,0.00477316,,,,,73.37,26.63,2.76,71.16,28.84,2.47,57.87,42.13,1.37,113301.812311,822669.121097,190442.172983,1254529.885678,,,,,,,,
2022-11-26,0.08943,0.09566,0.0869,0.08886,1393361285.5676,135389264,165425155,134569587,145815485,0.007851,0.01,-0.00263,0.01,0.00477316,0.01535314,-0.00180102,0.00869176,,,,,61.7,38.3,1.61,60.9,39.1,1.56,55.9,44.1,1.27,257904.066804,261289.014239,381199.897198,534636.292095,,,,,,,,
2022-11-27,0.08888,0.108,0.08874,0.09864,3165648217.7519,145815485,227257260,145143344,195378272,0.01,0.01,0.002919,0.01,0.00869176,0.01319603,-0.00210455,0.00959256,,,,,61.18,38.82,1.58,61.8,38.2,1.62,57.84,42.16,1.37,592793.651471,814283.543886,869071.93803,1366145.001033,,,,,,,,
2022-11-28,0.09864,0.09978,0.09051,0.09507,2236385252.6403,195378272,197161120,144236494,151692111,0.01,0.01,-0.014881,0.01,0.00959256,0.01662225,-0.01710477,0.00789915,,,,,50.41,49.59,1.02,51.72,48.28,1.07,57.07,42.93,1.33,391287.021421,241916.048617,711019.723308,343762.111052,,,,,,,,
2022-11-29,0.09506,0.10525,0.09355,0.10141,2358499919.4949,151692111,201336430,149272588,191195098,0.01,0.01,-0.006651,0.002614,0.00789915,0.01682695,-0.13800794,0.00037014,,,,,64.71,35.29,1.83,63.73,36.27,1.76,55.12,44.88,1.23,200629.925242,443492.901486,289916.72957,712834.552954,,,,,,,,
2022-11-30,0.10141,0.11045,0.09924,0.10671,2207462510.6357,191195098,211636604,181045539,195230766,0.002614,0.008318,-0.007908,-0.001101,0.00037014,0.01033606,-0.00290399,0.00185315,,,,,55.82,44.18,1.26,55.57,44.43,1.25,56.08,43.92,1.28,441741.746075,848994.941913,745650.759113,1017737.39353,,,,,,,,
2022-12-01,0.1067,0.10778,0.10015,0.10168,1478667780.2607,195230766,195903138,175703844,177254257,-0.001101,0.009065,-0.002088,0.000177,0.00185315,0.01299336,-0.00105285,0.00275219,,,,,59.1,40.9,1.45,56.85,43.15,1.32,54.19,45.81,1.18,318680.300517,77025.347134,482905.593226,81978.022781,,,,,,,,
2022-12-02,0.10167,0.10353,0.09617,0.10202,1286851212.7923,177254257,181387941,159242959,174033991,0.000177,0.001043,-0.008377,-0.007544,0.00275219,0.00584792,-0.01030982,-0.00311532,,,,,64.82,35.18,1.84,64.26,35.74,1.8,54.49,45.51,1.2,86711.672126,183623.609924,251682.107511,286724.445052,,,,,,,,
2022-12-03,0.10203,0.10309,0.097,0.09965,1059189424.7482,174033991,182614056,157648676,164501587,-0.007544,0.01,-0.008078,0.007766,-0.00311532,0.01064331,-0.01386675,0.00730815,,,,,65.75,34.25,1.92,63.64,36.36,1.75,53.55,46.45,1.15,81605.714581,176372.785771,110315.387916,310848.212388,,,,,,,,
2022-12-04,0.09964,0.10575,0.09948,0.10398,1293075288.9271,164501587,193969056,164365985,187472458,0.007766,0.01,0.000637,0.000637,0.00730815,0.0155544,-0.00011232,-0.00011232,,,,,62.41,37.59,1.66,63.29,36.71,1.72,54.05,45.95,1.18,18506.417223,244189.04446,19918.470042,289525.017079,,,,,,,,
2022-12-05,0.10398,0.1118,0.099,0.10143,1525917287.1991,187472458,215149531,177514286,181990475,0.000637,0.01,-0.003791,0.000331,-0.00011232,0.02049392,-0.01380743,0.0025773,,,,,59.33,40.67,1.46,57.63,42.37,1.36,53.31,46.69,1.14,290322.841852,279958.741752,452160.132066,530872.277833,,,,,,,,
2022-12-06,0.10143,0.10272,0.09757,0.10012,791730371.2303,181990475,187861602,179243464,181479268,0.000331,0.008257,-0.002371,-0.000225,0.0025773,0.01289026,0.00113789,0.00389659,,,,,68.55,31.45,2.18,66.49,33.51,1.98,55.27,44.73,1.24,29675.374941,38192.74859,51005.218973,38470.29639,,,,,,,,
2022-12-07,0.10012,0.10118,0.0922,0.0957,809892738.1537,181479268,184586428,156901886,160749814,-0.000225,0.01,-0.010837,0.004321,0.00389659,0.00920735,-0.00622566,0.00342422,,,,,72.23,27.77,2.6,68.93,31.07,2.22,55.09,44.91,1.23,638675.067131,8252.65607,1034935.694611,11250.29722,,,,,,,,
2022-12-08,0.0957,0.09917,0.0945,0.09843,712981377.5275,160749814,165751951,157478883,162176083,0.004321,0.008137,-0.002784,-0.002089,0.00342422,0.00817614,-0.00405635,-0.00088278,,,,,71.8,28.2,2.55,70.53,29.47,2.39,55.16,44.84,1.23,21907.064347,289170.965566,43114.307117,354715.104772,,,,,,,,
2022-12-09,0.09843,0.0994,0.09444,0.09666,519361142.5868,162176083,164625310,157519325,158876522,-0.002089,0.01,-0.003673,-0.000909,-0.00088278,0.01556944,-0.00211793,0.01237877,,,,,70.37,29.63,2.38,67.18,32.82,2.05,55.03,44.97,1.22,58026.161414,12039.225086,148379.774226,12420.880056,,,,,,,,
2022-12-10,0.09665,0.09741,0.096,0.09627,288814583.2414,158876522,165498714,158513637,160725758,-0.000909,0.01,-0.002058,0.007729,0.01237877,0.01728049,0.00412918,0.00827443,,,,,70.19,29.81,2.36,68.64,31.36,2.19,55.42,44.58,1.24,1040.52977,853.66317,1040.52977,1478.01573,,,,,,,,
2022-12-11,0.09627,0.09714,0.09133,0.09262,362308716.1054,160725758,162938339,149463992,151820937,0.007729,0.01,0.003317,0.005685,0.00827443,0.0159245,0.00492541,0.00760067,,,,,71.7,28.3,2.53,69.22,30.78,2.25,55.55,44.45,1.25,168335.60931,585.61132,262985.186684,2244.95125,,,,,,,,
2022-12-12,0.09261,0.09297,0.0802,0.09022,897281773.3082,151820937,154379173,132995544,135271942,0.005685,0.01,-0.019554,-0.001382,0.00760067,0.01518898,-0.01927949,0.00198987,,,,,74.94,25.06,2.99,72.95,27.05,2.7,56.03,43.97,1.27,317636.882188,21904.679564,847298.335291,75051.254621,,,,,,,,
2022-12-13,0.09021,0.09579,0.08678,0.091,1050736997.6767,135271942,135440392,122076300,125786274,-0.001382,0.01,-0.003063,0.01,0.00198987,0.01786253,0.00143734,0.01145657,,,,,75.97,24.03,3.16,73.01,26.99,2.71,53.28,46.72,1.14,289405.094931,315013.336211,353599.281962,433677.900569,,,,,,,,
2022-12-14,0.091,0.09244,0.08633,0.08821,711781715.8408,125786274,131301170,117987964,119793621,0.01,0.01,-0.000876,-0.000443,0.01145657,0.0232828,0.00018925,0.00362722,,,,,74.87,25.13,2.98,72.33,27.67,2.61,53.96,46.04,1.17,157342.220179,30910.35185,234542.570523,103712.600165,,,,,,,,
2022-12-15,0.0882,0.08878,0.08399,0.0848,543870631.714,119793621,127601013,116894000,124726402,-0.000443,0.01,-0.000546,0.009029,0.00362722,0.02165251,0.00362722,0.00939814,,,,,76.3,23.7,3.22,74.09,25.91,2.86,53.93,46.07,1.17,324326.803946,631.22049,576860.275836,631.22049,,,,,,,,
2022-12-16,0.08479,0.08684,0.07371,0.07565,947162175.5708,124726402,128497549,98796272,100894959,0.009029,0.01,-0.023802,-0.023802,0.00939814,0.01627365,-0.01056363,-0.01056363,,,,,78.02,21.98,3.55,75.86,24.14,3.14,54.08,45.92,1.18,1550365.621745,11780.668163,2494493.861513,16489.369024,,,,,,,,
2022-12-17,0.07564,0.07945,0.07545,0.07913,608473228.1604,100894959,107084792,100369303,107081530,-0.023802,0.01,-0.031911,0.000407,-0.01056363,0.01172475,-0.05324108,0.00029877,,,,,78.7,21.3,3.7,77.74,22.26,3.49,52.87,47.13,1.12,44953.026859,225107.045829,46052.531835,275410.10311,,,,,,,,
2022-12-18,0.07913,0.08,0.07754,0.07843,411042822.8357,107081530,108832727,101557313,102626986,0.000407,0.01,-0.005245,0.00289,0.00029877,0.1966587,-0.00554776,0.00559542,,,,,78.09,21.91,3.56,74.17,25.83,2.87,51.8,48.2,1.08,13428.509798,186467.114525,24959.287768,233172.57786,,,,,,,,
2022-12-19,0.07843,0.07949,0.06952,0.0713,891766832.5177,102626986,112071800,99098285,106107614,0.00289,0.01,-0.098138,-0.019132,0.00559542,0.02174549,-0.03707986,-0.01311237,,,,,77.4,22.6,3.43,74.89,25.11,2.98,51.7,48.3,1.07,417928.675926,23.955346,743727.363032,23.955346,,,,,,,,
2022-12-20,0.0713,0.07564,0.07098,0.07478,733136478.6689,106107614,110814500,105962528,108973815,-0.019132,0.00905,-0.023489,0.002137,-0.01311237,0.00925259,-0.01938188,0.00452577,,,,,78.07,21.93,3.56,76.5,23.5,3.26,51.26,48.74,1.05,968.000708,280395.04069,974.894798,556836.208886,,,,,,,,
2022-12-21,0.07479,0.07501,0.07129,0.07366,517785700.5595,108973815,110172545,105884933,108309099,0.002137,0.007246,-0.005232,0.004287,0.00452577,0.01007649,-0.00904901,0.00969735,,,,,76.75,23.25,3.3,72.99,27.01,2.7,50.81,49.19,1.03,83891.013784,10965.30946,155274.404414,11022.66341,,,,,,,,
2022-12-22,0.07367,0.07776,0.07323,0.07682,907677699.0824,108309099,119452870,106964079,114821691,0.004287,0.01,-0.013648,-0.001537,0.00969735,0.01730784,-0.00600587,0.00236838,,,,,76.43,23.57,3.24,74.88,25.12,2.98,51.37,48.63,1.06,256678.251867,316831.726364,358678.416564,639279.524985,,,,,,,,
2022-12-23,0.07683,0.07901,0.07582,0.07715,692562021.7887,114821691,127952566,113910705,120664472,-0.001537,0.01,-0.008402,0.005146,0.00236838,0.01091022,-0.00487483,0.00865428,,,,,72.04,27.96,2.58,70.29,29.71,2.37,50.36,49.64,1.02,3932.961387,63520.78815,7072.431197,103206.708522,,,,,,,,
2022-12-24,0.07715,0.07813,0.07656,0.07747,246012599.1801,120664472,124776609,120175540,123010992,0.005146,0.01,-0.011369,-0.010894,0.00865428,0.00919674,-0.00559956,-0.00479992,,,,,70.61,29.39,2.4,69.95,30.05,2.33,50.38,49.62,1.02,23068.39968,6.09959,23068.39968,6.09959,,,,,,,,
2022-12-25,0.07747,0.07762,0.07277,0.07595,570556455.4785,123010992,126308950,115506462,117887793,-0.010894,0.01,-0.014909,-0.012767,-0.00479992,0.01365734,-0.00679093,-0.00462151,,,,,71.81,28.19,2.55,70.45,29.55,2.38,50.55,49.45,1.02,67779.21663,28035.890852,113258.197612,37178.490892,,,,,,,,
2022-12-26,0.07595,0.07662,0.07398,0.07566,330247661.7476,117887793,118409804,114050996,115216742,-0.012767,0.01,-0.016675,0.003353,-0.00462151,0.0143661,-0.00777466,0.00764551,,,,,75.29,24.71,3.05,73.58,26.42,2.79,51.01,48.99,1.04,8130.77745,64588.385038,8544.54246,68802.723154,,,,,,,,
2022-12-27,0.07566,0.07614,0.0725,0.07368,409985116.1875,115216742,121212194,114488239,121055601,0.003353,0.01,-0.015099,0.01,0.00764551,0.01479799,-0.00324222,0.01462894,,,,,76.26,23.74,3.21,73.75,26.25,2.81,51.66,48.34,1.07,156828.832677,19033.738846,218550.88036,19033.738846,,,,,,,,
2022-12-28,0.07368,0.07389,0.06906,0.07034,732197852.0555,121055601,121213567,112486491,114353040,0.01,0.01,-0.010898,0.007028,0.01462894,0.01786685,-0.01283888,0.00651861,,,,,78.99,21.01,3.76,76.32,23.68,3.22,51.57,48.43,1.07,495247.693864,206797.506871,677146.545189,216359.898201,,,,,,,,
2022-12-29,0.07035,0.0716,0.0692,0.07089,460305670.9982,114353040,121010697,113779264,116972440,0.007028,0.01,-0.000677,-0.000106,0.00651861,0.01247912,-0.00392086,-0.0029207,,,,,80.05,19.95,4.01,77.36,22.64,3.42,50.92,49.08,1.04,503543.288491,220836.788456,521194.960759,220893.251926,,,,,,,,
2022-12-30,0.0709,0.07144,0.06552,0.06837,630441285.7905,116972440,119649447,110820828,111914424,-0.000106,0.01,-0.019683,-0.016587,-0.0029207,0.01171907,-0.01620447,-0.01072417,,,,,79.69,20.31,3.92,75.5,24.5,3.08,51.55,48.45,1.06,250613.814407,21235.344316,392684.842214,28062.612506,,,,,,,,
2022-12-31,0.06836,0.07135,0.06791,0.07021,473533410.6839,111914424,116304987,110298380,110911658,-0.016587,0.01,-0.016608,0.01,-0.01072417,0.01243115,-0.0135369,0.0123213,,,,,77.94,22.06,3.53,75.42,24.58,3.07,50.8,49.2,1.03,617.77778,418436.631323,617.77778,448786.400892,,,,,,,,
2023-01-01,0.07022,0.07085,0.06901,0.0702,309131801.9808,110911658,112531222,109047437,109601211,0.01,0.01,0.000554,0.001969,0.0123213,0.01311113,0.00429471,0.00556987,,,,,73.55,26.45,2.78,71.05,28.95,2.45,50.5,49.5,1.02,761.846334,75175.29156,3868.598034,75662.14356,,,,,,,,
2023-01-02,0.0702,0.07389,0.06901,0.07135,507485779.4196,109601211,113456949,106642532,108789798,0.001969,0.01,-0.004632,0.01,0.00556987,0.01734457,0.0010945,0.01081621,,,,,75.28,24.72,3.05,72.81,27.19,2.68,51.03,48.97,1.04,73764.302439,845151.919384,120002.37279,1065808.716438,,,,,,,,
2023-01-03,0.07136,0.07229,0.06913,0.07046,415705678.0505,108789798,113673583,108789798,112841612,0.01,0.01,-0.004633,0.001112,0.01081621,0.0161843,0.00132587,0.00476605,,,,,75.36,24.64,3.06,72.49,27.51,2.64,51.7,48.3,1.07,50960.241282,28548.44535,55380.413562,29358.22151,,,,,,,,
2023-01-04,0.07046,0.0736,0.07016,0.07308,576229181.302,112841612,116534031,111416452,114340011,0.001112,0.01,0.000813,0.01,0.00476605,0.01492177,-0.00164032,0.01125636,,,,,79.03,20.97,3.77,76.65,23.35,3.28,52.06,47.94,1.09,16368.104554,234029.849982,17958.852594,327473.58263,,,,,,,,
2023-01-05,0.07309,0.0753,0.07,0.07148,589994810.2248,114340011,122790609,112517876,112629106,0.01,0.01,0.01,0.01,0.01125636,0.01950512,0.00801448,0.0092567,,,,,75.12,24.88,3.02,72.55,27.45,2.64,52.95,47.05,1.13,58970.374411,148935.342114,117914.00455,188474.791927,,,,,,,,
2023-01-06,0.07148,0.07278,0.06926,0.07238,499040242.3907,112629106,121683782,112305489,118517915,0.01,0.01,0.01,0.01,0.0092567,0.0205713,0.00218651,0.01042678,,,,,78.87,21.13,3.73,77.01,22.99,3.35,53.34,46.66,1.14,70210.138529,285624.36644,118522.039719,299180.676092,,,,,,,,
2023-01-07,0.07239,0.07306,0.07166,0.07218,212547955.4391,118517915,119652959,116679188,118477414,0.01,0.01,0.01,0.01,0.01042678,0.01912204,-0.00036294,0.0088175,,,,,76.4,23.6,3.24,74.52,25.48,2.93,52.86,47.14,1.12,1069.27241,78125.708318,1069.27241,84384.539528,,,,,,,,
2023-01-08,0.07218,0.074,0.07117,0.07361,327068858.3844,118477414,125749407,116458011,125675248,0.01,0.01,0.01,0.01,0.0088175,0.01620275,0.007033,0.01046524,,,,,74.09,25.91,2.86,72.79,27.21,2.68,53.85,46.15,1.17,67590.013097,106077.277504,109331.576423,234577.162191,,,,,,,,
2023-01-09,0.07361,0.07964,0.07293,0.07566,1093485070.1191,125675248,136390854,113788528,116075813,0.01,0.01,0.01,0.01,0.01046524,0.02119464,0.00835759,0.01115791,,,,,77.01,22.99,3.35,74.86,25.14,2.98,54.55,45.45,1.2,443825.076645,1192013.592538,634937.900948,1474340.800834,,,,,,,,
2023-01-10,0.07566,0.07791,0.0735,0.07785,644891893.8587,116075813,122781473,110981170,119323094,0.01,0.01,0.01,0.01,0.01115791,0.02043287,-0.00153383,0.01168448,,,,,74.89,25.11,2.98,72.92,27.08,2.69,57.64,42.36,1.36,44731.095033,29211.370427,91749.895375,70819.636047,,,,,,,,
2023-01-11,0.07784,0.07862,0.07461,0.07814,538612084.8123,119323094,119416934,113666930,117762289,0.01,0.01,0.01,0.01,0.01168448,0.01691837,-0.00019573,0.00943991,,,,,74.55,25.45,2.93,72.16,27.84,2.59,58.66,41.34,1.42,174115.249083,299697.368168,210865.385269,449080.28864,,,,,,,,
2023-01-12,0.07813,0.08135,0.0737,0.08026,955937178.293,117762289,136281417,115082099,127124537,0.01,0.01,0.01,0.01,0.00943991,0.01684133,-0.00691921,0.01171137,,,,,75.0,25.0,3.0,73.3,26.7,2.75,59.94,40.06,1.5,209421.752612,493443.263956,246400.210715,628141.643809,,,,,,,,
2023-01-13,0.08026,0.08528,0.07833,0.08453,750008007.9096,127124537,136994141,126001481,135797402,0.01,0.01,0.01,0.01,0.01171137,0.01445417,0.00360966,0.0098197,,,,,73.09,26.91,2.72,71.2,28.8,2.47,60.01,39.99,1.5,32454.391801,963107.018659,42033.942811,1200112.218491,,,,,,,,
2023-01-14,0.08453,0.0929,0.0821,0.08732,1266504817.05,135797402,155218366,130438785,136342300,0.01,0.086784,0.01,0.015624,0.0098197,0.07910249,0.00156842,0.01919422,,,,,74.51,25.49,2.92,70.95,29.05,2.44,59.02,40.98,1.44,878506.117368,889723.742845,1200077.227529,1415978.149081,,,,,,,,
2023-01-15,0.08733,0.08802,0.08276,0.08615,606513640.639,136342300,138704633,129219474,137359898,0.015624,0.056524,0.012255,0.036714,0.01919422,0.04001547,0.0109349,0.02766413,,,,,75.34,24.66,3.06,72.12,27.88,2.59,60.79,39.21,1.55,155501.772864,52725.576911,284660.15792,61098.103469,,,,,,,,
2023-01-16,0.08615,0.08843,0.08142,0.08372,666643626.4022,137359898,142839240,123464349,124852557,0.036714,0.043801,0.01,0.01,0.02766413,0.04113973,0.00592241,0.01317166,,,,,75.25,24.75,3.04,72.91,27.09,2.69,61.22,38.78,1.58,403368.021057,256035.164261,466605.073205,286535.637007,,,,,,,,
2023-01-17,0.08373,0.08513,0.08171,0.08284,465264708.9228,124852557,129952999,121628529,125032484,0.01,0.018883,0.01,0.01,0.01317166,0.02174007,-0.00154871,0.01126453,,,,,76.37,23.63,3.23,73.68,26.32,2.8,61.62,38.38,1.61,43683.853415,13997.892276,56540.911953,14124.954726,,,,,,,,
2023-01-18,0.08284,0.08979,0.07648,0.07998,1365787815.8827,125032484,147340543,114756320,114866768,0.01,0.01,0.01,0.01,0.01126453,0.02112484,-0.00132717,0.00182454,,,,,77.15,22.85,3.38,73.78,26.22,2.81,61.62,38.38,1.61,643555.885253,391741.621299,937018.851011,510786.820546,,,,,,,,
2023-01-19,0.07998,0.08215,0.07971,0.0816,443237036.5644,114866768,122219736,114866768,119583343,0.01,0.01,0.01,0.01,0.00182454,0.01468464,-0.00352748,0.01052587,,,,,76.77,23.23,3.31,75.02,24.98,3.0,62.35,37.65,1.66,70858.668913,35034.3095,70858.668913,35118.801468,,,,,,,,
2023-01-20,0.0816,0.08727,0.08058,0.08623,591811400.2482,119583343,138623341,118706778,138493117,0.01,0.01,0.01,0.01,0.01052587,0.01483458,0.00521333,0.01388979,,,,,77.75,22.25,3.49,74.52,25.48,2.93,61.73,38.27,1.61,32198.066322,625682.479112,37615.403169,828188.588031,,,,,,,,
2023-01-21,0.08624,0.08928,0.0835,0.08472,770081636.03,138493117,162048714,136129324,145731973,0.01,0.053063,0.01,0.013699,0.01388979,0.04438131,0.00757195,0.01772458,,,,,75.59,24.41,3.1,71.98,28.02,2.57,60.71,39.29,1.55,251042.955276,230336.96875,350118.459207,258004.594178,,,,,,,,
2023-01-22,0.08471,0.09347,0.08434,0.08828,957572522.4886,145731973,181729007,141842969,161587616,0.013699,0.034739,0.01,0.01,0.01772458,0.02916912,0.00836373,0.01292032,,,,,76.38,23.62,3.23,75.39,24.61,3.06,61.89,38.11,1.62,435946.7975,444741.095246,565678.978793,530034.238972,,,,,,,,
2023-01-23,0.08828,0.09164,0.08619,0.0886,780508819.6251,161587616,176106135,161340188,163526810,0.01,0.03631,0.01,0.01,0.01292032,0.03835121,0.00333895,0.00859519,,,,,77.04,22.96,3.36,74.94,25.06,2.99,61.13,38.87,1.57,185283.376381,117372.350666,226294.427695,256768.565877,,,,,,,,
2023-01-24,0.0886,0.09094,0.082,0.0839,653703399.2297,163526810,174046318,141162623,143058862,0.01,0.027098,0.01,0.01,0.00859519,0.02897898,0.00256494,0.00578488,,,,,75.98,24.02,3.16,73.78,26.22,2.81,61.8,38.2,1.62,1101856.379726,29866.538806,1343505.076138,40499.703974,,,,,,,,
2023-01-25,0.08391,0.08824,0.08152,0.08659,655801870.3505,143058862,149933175,134804468,144836233,0.01,0.01,0.01,0.01,0.00578488,0.01220163,0.00332192,0.00972988,,,,,77.64,22.36,3.47,76.27,23.73,3.21,63.45,36.55,1.74,279408.029087,432330.126747,314417.015562,448685.03779,,,,,,,,
2023-01-26,0.0866,0.08781,0.08438,0.08638,474338510.2083,144836233,148815102,140375780,142815978,0.01,0.01,0.01,0.01,0.00972988,0.01827322,-0.00346413,0.00981792,,,,,78.79,21.21,3.72,75.26,24.74,3.04,62.78,37.22,1.69,115750.552751,12404.941314,116749.549761,12608.565784,,,,,,,,
2023-01-27,0.08639,0.08809,0.0835,0.08729,415642010.8044,142815978,148067890,137173160,146400392,0.01,0.01,0.01,0.01,0.00981792,0.01439203,0.00760817,0.01111068,,,,,79.14,20.86,3.79,77.01,22.99,3.35,62.91,37.09,1.7,110349.356263,98914.548787,150293.644185,104131.699182,,,,,,,,
2023-01-28,0.08728,0.09396,0.08665,0.08774,722431025.4229,146400392,182014779,146400392,157054423,0.01,0.026369,0.01,0.01,0.01111068,0.02877154,0.00502131,0.00855297,,,,,79.18,20.82,3.8,76.86,23.14,3.32,62.84,37.16,1.69,287530.835635,266748.639132,322019.250191,360440.505877,,,,,,,,
2023-01-29,0.08773,0.09104,0.08725,0.09017,529106938.7591,157054423,163470039,155110903,157669632,0.01,0.01,0.01,0.01,0.00855297,0.02146377,0.0069938,0.01209848,,,,,78.65,21.35,3.68,77.31,22.69,3.41,62.4,37.6,1.66,21584.503073,182150.515354,21981.998273,285937.508272,,,,,,,,
2023-01-30,0.09017,0.09298,0.08426,0.08831,980359570.5639,157669632,178108636,145065387,157873489,0.01,0.019211,0.01,0.01,0.01209848,0.02281321,0.00681852,0.01462317,,,,,77.04,22.96,3.36,75.2,24.8,3.03,63.11,36.89,1.71,726529.853546,212496.193335,904745.494889,310255.441712,,,,,,,,
2023-01-31,0.0883,0.09791,0.08824,0.09617,2105631885.2765,157873489,215131965,157824781,209198355,0.01,0.01,0.01,0.01,0.01462317,0.01744158,0.00520275,0.00608081,,,,,78.33,21.67,3.62,76.8,23.2,3.31,63.05,36.95,1.71,455986.246826,849436.651393,561764.52645,1231252.696321,,,,,,,,
2023-02-01,0.09617,0.09725,0.0878,0.09412,1305817422.6915,209198355,211071821,165444734,176305645,0.01,0.027558,0.01,0.01,0.00608081,0.03026198,0.00312772,0.01132265,,,,,67.33,32.67,2.06,66.68,33.32,2.0,59.74,40.26,1.48,592138.477049,557058.6366,826493.512324,642459.328133,,,,,,,,
2023-02-02,0.09412,0.09621,0.09001,0.09102,820858341.3221,176305645,188608646,163353795,164025638,0.01,0.055245,0.01,0.01,0.01132265,0.05161958,0.00739968,0.01155655,,,,,75.55,24.45,3.09,73.89,26.11,2.83,62.8,37.2,1.69,572068.788111,226894.232125,817898.244546,259882.809261,,,,,,,,
2023-02-03,0.09101,0.09344,0.09031,0.09301,577438493.7924,164025638,174758830,162482995,172067884,0.01,0.028574,0.01,0.01,0.01155655,0.0370503,0.00942037,0.01181666,,,,,78.97,21.03,3.76,78.41,21.59,3.63,63.88,36.12,1.77,60142.919153,85540.956834,62093.354833,89929.234914,,,,,,,,
2023-02-04,0.09301,0.09985,0.09255,0.09574,1218799078.3864,172067884,210133930,170606532,191198983,0.01,0.017623,0.01,0.01,0.01181666,0.02180947,0.00720744,0.00951848,,,,,78.98,21.02,3.76,76.68,23.32,3.29,63.63,36.37,1.75,183031.013828,550097.826621,271460.21698,649816.781842,,,,,,,,
2023-02-05,0.09574,0.09702,0.0901,0.09204,822576874.0296,191198983,202167126,169919111,171959702,0.01,0.01,0.01,0.01,0.00951848,0.01771508,0.00008859,0.00876622,,,,,74.99,25.01,3.0,74.91,25.09,2.99,63.17,36.83,1.72,779430.521946,41682.422726,1153765.569501,43546.045446,,,,,,,,
2023-02-06,0.09204,0.09329,0.0884,0.08954,484302596.1078,171959702,175333084,164656298,165339838,0.01,0.01,0.01,0.01,0.00876622,0.01554872,-0.00139922,0.00800209,,,,,81.77,18.23,4.49,80.37,19.63,4.09,63.96,36.04,1.78,457597.678195,52160.983391,542214.666991,52160.983391,,,,,,,,
2023-02-07,0.08954,0.09276,0.08938,0.09253,450958913.1977,165339838,172072469,163067897,166449955,0.01,0.01,0.01,0.01,0.00800209,0.01880124,0.00227824,0.00914461,,,,,82.86,17.14,4.83,80.9,19.1,4.24,64.33,35.67,1.8,73642.844636,209536.437199,133319.864507,210808.243649,,,,,,,,
2023-02-08,0.09252,0.09348,0.08846,0.09017,485409064.1576,166449955,171830393,163243196,165989968,0.01,0.01,0.01,0.01,0.00914461,0.01399305,-0.00079269,0.006153,,,,,81.92,18.08,4.53,79.54,20.46,3.89,64.67,35.33,1.83,401248.430145,61274.275552,589432.926194,63195.706792,,,,,,,,
2023-02-09,0.09017,0.09096,0.07861,0.08144,876227786.1508,165989968,168169282,121880508,125153846,0.01,0.01,-0.004571,-0.00432,0.006153,0.01546503,-0.00229441,-0.00215397,,,,,84.02,15.98,5.26,82.2,17.8,4.62,63.95,36.05,1.77,1773503.820745,37691.325106,2987313.097685,41270.286096,,,,,,,,
2023-02-10,0.08143,0.08304,0.0791,0.0808,532272331.9443,125153846,125881813,117473750,124410183,-0.00432,0.01,-0.00432,-0.003184,-0.00215397,0.01872131,-0.00215397,0.00339256,,,,,82.63,17.37,4.76,82.3,17.7,4.65,64.22,35.78,1.8,125181.474566,66933.151158,178662.083047,68021.581898,,,,,,,,
2023-02-11,0.08081,0.08256,0.08059,0.08222,228252637.52,124410183,128729698,123376590,128111622,-0.003184,0.01,-0.009549,-0.003855,0.00339256,0.02261876,-0.00650901,0.00227454,,,,,83.55,16.45,5.08,81.91,18.09,4.53,61.06,38.94,1.57,7218.19775,37563.096368,7274.32369,37583.563808,,,,,,,,
2023-02-12,0.08222,0.0858,0.08109,0.08211,514559488.7901,128111622,141662113,121773718,123689943,-0.003855,0.01,-0.00669,0.002188,0.00227454,0.01106492,-0.00883117,0.00216461,,,,,82.74,17.26,4.79,81.26,18.74,4.34,60.74,39.26,1.55,418751.880527,74584.789212,472791.549664,181893.184571,,,,,,,,
2023-02-13,0.08211,0.08644,0.07923,0.08202,840435509.5116,123689943,140937458,121823313,127189900,0.002188,0.01,-0.005738,0.01,0.00216461,0.01029172,-0.00574505,0.00958589,,,,,82.78,17.22,4.81,80.82,19.18,4.21,61.04,38.96,1.57,831344.071208,465333.531384,1178216.089066,494807.237356,,,,,,,,
2023-02-14,0.08202,0.08372,0.07986,0.08358,484602395.6146,127189900,127489488,117645977,120835796,0.01,0.01,0.005676,0.01,0.00958589,0.01227701,0.00245266,0.00918475,,,,,82.18,17.82,4.61,80.06,19.94,4.02,60.79,39.21,1.55,39834.551189,316001.265611,39834.551189,324052.29473,,,,,,,,
2023-02-15,0.08357,0.08961,0.08261,0.08925,975862894.8004,120835796,146974565,119254447,141260649,0.01,0.01,0.000905,0.01,0.00918475,0.01595862,0.00207285,0.01354329,,,,,80.12,19.88,4.03,77.44,22.56,3.43,62.93,37.07,1.7,102502.650098,899136.199423,103423.689338,1005892.293174,,,,,,,,
2023-02-16,0.08925,0.09204,0.08442,0.0849,973984225.4443,141260649,166191823,137799957,138019334,0.01,0.019572,0.01,0.01,0.01354329,0.0257868,0.00875409,0.00931847,,,,,77.07,22.93,3.36,74.38,25.62,2.9,62.56,37.44,1.67,1378311.318922,341583.508148,1640517.538181,370686.06233,,,,,,,,
2023-02-17,0.08491,0.08855,0.08426,0.08777,503430275.0637,138019334,145970960,135996801,141370793,0.01,0.01,0.01,0.01,0.00931847,0.01780746,0.00091246,0.01102725,,,,,78.8,21.2,3.72,78.56,21.44,3.66,64.26,35.74,1.8,371675.17872,180446.402917,382232.237785,225483.049794,,,,,,,,
2023-02-18,0.08777,0.09051,0.08679,0.08888,428343133.7266,141370793,152992437,141190384,147214852,0.01,0.01,0.01,0.01,0.01102725,0.02007537,0.00592572,0.01220445,,,,,79.16,20.84,3.8,76.28,23.72,3.22,63.67,36.33,1.75,44284.12769,131936.172972,45628.558736,158735.857996,,,,,,,,
2023-02-19,0.08889,0.09013,0.08548,0.08704,511280853.2915,147214852,155605133,137591328,139401219,0.01,0.014412,0.01,0.01,0.01220445,0.02637174,0.00502919,0.00808084,,,,,78.02,21.98,3.55,76.14,23.86,3.19,64.05,35.95,1.78,121683.444959,32158.485758,182323.05217,35313.273453,,,,,,,,
2023-02-20,0.08703,0.08883,0.0851,0.08835,379480970.2727,139401219,145558833,135795381,144582805,0.01,0.015983,0.01,0.015983,0.00808084,0.02055493,0.00808084,0.02055493,,,,,80.56,19.44,4.14,78.49,21.51,3.65,65.13,34.87,1.87,92419.617592,72624.503321,147500.316407,142313.105581,,,,,,,,
2023-02-21,0.08835,0.08896,0.08416,0.08546,485280672.7515,144582805,148225476,135718092,138099604,0.015983,0.021551,0.01,0.01,0.02055493,0.03053829,0.00695327,0.00951612,,,,,80.58,19.42,4.15,78.19,21.81,3.59,64.2,35.8,1.79,245909.352773,9728.969242,333571.539776,9728.969242,,,,,,,,
2023-02-22,0.08545,0.09076,0.08281,0.0855,845179090.651,138099604,150152324,131218846,134713605,0.01,0.01,0.01,0.01,0.00951612,0.01278071,0.00587746,0.00974549,,,,,83.71,16.29,5.14,82.3,17.7,4.65,64.87,35.13,1.85,1094991.031567,75963.564416,1222253.421383,77113.911889,,,,,,,,
2023-02-23,0.0855,0.08644,0.08348,0.08423,372913227.9132,134713605,135958988,131129136,133491888,0.01,0.01,0.01,0.01,0.00974549,0.0163033,0.00440699,0.00968454,,,,,83.31,16.69,4.99,80.21,19.79,4.05,63.68,36.32,1.75,377104.797865,46756.994357,388727.113436,52658.400865,,,,,,,,
2023-02-24,0.08423,0.085,0.07907,0.08088,467489323.737,133491888,136844365,126391314,128343207,0.01,0.01,-0.011763,-0.0042,0.00968454,0.01545568,-0.01166788,-0.00116739,,,,,84.17,15.83,5.32,81.63,18.37,4.44,64.89,35.11,1.85,548157.961413,9077.706614,1108024.029387,9077.706614,,,,,,,,
2023-02-25,0.08088,0.08215,0.07822,0.08071,284988042.0776,128343207,129356967,123006340,125909230,-0.0042,0.01,-0.005927,-0.000926,-0.00116739,0.01567487,-0.00172639,0.00160455,,,,,85.72,14.28,6.0,83.87,16.13,5.2,62.37,37.63,1.66,282318.887206,18852.81766,326140.422266,18901.95622,,,,,,,,
2023-02-26,0.0807,0.08264,0.08036,0.08213,186884819.3211,125909230,131399065,124989336,130745477,-0.000926,0.01,-0.009193,-0.006141,0.00160455,0.01565207,-0.00224811,0.00046003,,,,,85.71,14.29,6.0,83.92,16.08,5.22,62.31,37.69,1.65,106.77036,78540.512931,455.33421,86728.984391,,,,,,,,
2023-02-27,0.08213,0.08231,0.07988,0.08134,311670223.9548,130745477,136707730,130102257,132804932,-0.006141,0.01,-0.006946,0.007662,0.00046003,0.0138518,-0.00547346,0.00926666,,,,,84.99,15.01,5.66,82.81,17.19,4.82,62.31,37.69,1.65,129089.919284,12561.86227,132160.201009,12561.86227,,,,,,,,
2023-02-28,0.08133,0.08313,0.07984,0.08083,402377835.3804,132804932,142569613,131722315,136510627,0.007662,0.01,0.007662,0.01,0.00926666,0.01608994,0.00366332,0.00804331,,,,,84.82,15.18,5.59,82.35,17.65,4.67,62.59,37.41,1.67,314006.696786,39937.66221,317556.465926,45356.886101,,,,,,,,
2023-03-01,0.08083,0.08285,0.08018,0.0819,247036266.593,136510627,139830578,135245578,138291948,0.01,0.01,0.006938,0.01,0.00804331,0.01627676,0.00729797,0.01168857,,,,,85.29,14.71,5.8,82.87,17.13,4.84,63.35,36.65,1.73,42941.595478,83839.089005,43001.336598,83852.111385,,,,,,,,
2023-03-02,0.08191,0.08228,0.07957,0.08056,223690438.3525,138291948,138895162,135192693,137980158,0.01,0.01,-0.011288,-0.006781,0.01168857,0.01549696,-0.00088863,0.00469923,,,,,83.9,16.1,5.21,81.36,18.64,4.37,64.09,35.91,1.79,197689.294945,1331.44937,204999.975275,1331.44937,,,,,,,,
2023-03-03,0.08057,0.08063,0.07185,0.07682,470040944.5323,137980158,138114107,114416850,115536806,-0.006781,0.01,-0.041857,0.01,0.00469923,0.01024699,-0.03197028,0.00661788,,,,,85.76,14.24,6.02,83.49,16.51,5.06,63.4,36.6,1.73,654641.810997,30865.51803,1073731.573896,31044.0534,,,,,,,,
2023-03-04,0.07682,0.07724,0.0725,0.07458,249189167.0715,115536806,115929288,106040789,109024485,0.01,0.01,0.000372,0.000418,0.00661788,0.01318378,-0.00047641,0.00307808,,,,,83.68,16.32,5.13,82.32,17.68,4.66,61.44,38.56,1.59,513686.768584,31191.90167,741948.585995,31231.98773,,,,,,,,
2023-03-05,0.07458,0.07603,0.07424,0.07471,207170894.5148,109024485,111764063,107920101,108194251,0.000418,0.01,-0.000244,0.006805,0.00307808,0.01359981,-0.00141203,0.00534832,,,,,84.66,15.34,5.52,83.04,16.96,4.9,60.21,39.79,1.51,77508.281896,46404.535702,77508.281896,47399.645312,,,,,,,,
2023-03-06,0.07472,0.07511,0.07313,0.07476,225532094.0803,108194251,111223712,106431621,110327537,0.006805,0.01,-0.000937,0.009346,0.00534832,0.0133212,-0.00522401,0.00622278,,,,,83.78,16.22,5.17,81.47,18.53,4.4,60.21,39.79,1.51,91658.272481,11358.85062,129890.3052,11358.85062,,,,,,,,
2023-03-07,0.07475,0.07595,0.07219,0.07404,315975770.3733,110327537,114797728,108636155,111062362,0.009346,0.01,0.004802,0.01,0.00622278,0.01258045,-0.0015259,0.00795402,,,,,83.94,16.06,5.23,81.9,18.1,4.53,60.01,39.99,1.5,273939.285616,48751.748054,312727.259656,49358.681074,,,,,,,,
2023-03-08,0.07405,0.0743,0.06976,0.07108,345437592.6168,111062362,113109116,103528581,104781162,0.01,0.01,0.005833,0.005936,0.00795402,0.01693772,0.00311136,0.00582799,,,,,85.14,14.86,5.73,83.08,16.92,4.91,59.74,40.26,1.48,446189.351173,37357.395868,660952.364085,37357.395868,,,,,,,,
2023-03-09,0.07108,0.07227,0.0638,0.0659,517471946.0497,104781162,109105522,86969575,91473417,0.005936,0.01,-0.024313,-0.023703,0.00582799,0.01391918,-0.02040787,-0.01985852,,,,,84.76,15.24,5.56,82.89,17.11,4.85,60.0,40.0,1.5,797215.586711,23275.83702,1625378.759231,23306.58662,,,,,,,,
2023-03-10,0.0659,0.06614,0.06244,0.06567,458999149.4438,91473417,91564406,81818448,83908814,-0.023703,0.007579,-0.025602,0.002547,-0.01985852,0.00574911,-0.02216319,0.00139174,,,,,85.13,14.87,5.73,84.03,15.97,5.26,56.63,43.37,1.31,432805.559124,107698.603847,686092.220297,159063.218912,,,,,,,,
2023-03-11,0.06567,0.06816,0.06305,0.06601,406655794.1291,83908814,87546390,77415875,81965018,0.002547,0.01,-0.004433,0.01,0.00139174,0.02026678,-0.02452424,-0.00093043,,,,,83.23,16.77,4.96,82.0,18.0,4.56,54.41,45.59,1.19,382604.623463,159689.163706,488473.451646,323160.59154,,,,,,,,
2023-03-12,0.06602,0.07085,0.06512,0.0705,346617323.0584,81965018,83165919,79586979,82840838,0.01,0.01,0.000814,0.01,-0.00093043,0.01257867,-0.03328757,-0.01664132,,,,,81.15,18.85,4.31,79.01,20.99,3.76,53.3,46.7,1.14,24414.421234,522488.501101,26126.130003,567854.992828,,,,,,,,
2023-03-13,0.0705,0.07349,0.0681,0.07276,478380622.8939,82840838,88034515,80375727,86903848,0.01,0.01,-0.001899,0.005331,-0.01664132,0.02164493,-0.01664132,0.00752358,,,,,79.49,20.51,3.88,76.64,23.36,3.28,56.59,43.41,1.3,172504.358441,415101.608374,195303.652357,461173.601997,,,,,,,,
2023-03-14,0.07276,0.07768,0.07106,0.07461,667431263.9537,86903848,101761887,85387514,98326890,0.005331,0.040319,0.005331,0.035094,0.00752358,0.02462594,0.00027059,0.02214863,,,,,78.72,21.28,3.7,76.95,23.05,3.34,59.71,40.29,1.48,264610.299355,205704.268541,370430.278628,247576.846962,,,,,,,,
2023-03-15,0.0746,0.07596,0.0673,0.0696,600483298.2649,98326890,102562394,88516485,89306289,0.035094,0.036943,0.01,0.01,0.02214863,0.0302023,-0.00042888,0.00630863,,,,,78.11,21.89,3.57,76.4,23.6,3.24,59.96,40.04,1.5,1303556.814226,49946.654031,1462319.568132,73518.691717,,,,,,,,
2023-03-16,0.0696,0.07406,0.06869,0.07253,447921875.225,89306289,100064612,88196137,97787790,0.01,0.01,0.01,0.01,0.00630863,0.01923174,-0.00838788,0.01176409,,,,,81.62,18.38,4.44,80.93,19.07,4.24,58.29,41.71,1.4,49926.807907,433041.720962,49926.807907,451324.477122,,,,,,,,
2023-03-17,0.07254,0.07726,0.07142,0.07642,545805485.0958,97787790,106499356,1235611,105063162,0.01,0.01,0.01,0.01,0.01176409,0.0165817,0.0029513,0.00457718,,,,,76.85,23.15,3.32,73.35,26.65,2.75,58.04,41.96,1.38,181381.690234,503219.706487,196297.17593,583290.697035,,,,,,,,
2023-03-18,0.07642,0.07895,0.07203,0.07294,635120227.2592,105063162,119135234,99447616,100154677,0.01,0.01,0.01,0.01,0.00457718,0.0179353,0.00387602,0.00427497,,,,,75.07,24.93,3.01,72.2,27.8,2.6,62.6,37.4,1.67,1617084.446382,111051.297519,1735528.419501,152563.087053,,,,,,,,
2023-03-19,0.07294,0.07654,0.07293,0.0745,405112303.4208,100154677,105874452,99671361,100813006,0.01,0.01,0.01,0.01,0.00427497,0.02318178,0.00004974,0.00867971,,,,,82.55,17.45,4.73,82.5,17.5,4.71,64.2,35.8,1.79,660454.080351,90086.958567,665577.963661,97817.457295,,,,,,,,
2023-03-20,0.07451,0.07559,0.07022,0.07133,504414010.1503,100813006,102834721,94298471,95240850,0.01,0.01,0.003232,0.003258,0.00867971,0.01642428,0.00369185,0.00660704,,,,,80.13,19.87,4.03,77.51,22.49,3.45,64.58,35.42,1.82,957489.081295,41900.936526,1143598.808995,41900.936526,,,,,,,,
2023-03-21,0.07133,0.0779,0.07025,0.0766,673785098.3705,95240850,110426693,93974375,107575500,0.003258,0.01,0.00289,0.01,0.00660704,0.0142602,0.00020354,0.01357083,,,,,83.23,16.77,4.96,82.86,17.14,4.83,62.56,37.44,1.67,200384.413631,213660.713986,201524.044181,276203.595267,,,,,,,,
2023-03-22,0.07659,0.07813,0.07123,0.07382,683438492.2555,107575500,112122345,92694743,94518935,0.01,0.01,0.01,0.01,0.01357083,0.01498914,-0.00102839,0.00190393,,,,,75.27,24.73,3.04,71.93,28.07,2.56,60.18,39.82,1.51,657902.406926,104673.604575,845506.404045,121886.520847,,,,,,,,
2023-03-23,0.07382,0.07955,0.07289,0.07733,645676098.1553,94518935,124064636,93338371,120764534,0.01,0.01,0.01,0.01,0.00190393,0.01467687,-0.01001606,0.01238588,,,,,77.65,22.35,3.47,76.05,23.95,3.18,64.9,35.1,1.85,174379.205349,205000.32665,174902.144269,282324.755559,,,,,,,,
2023-03-24,0.07733,0.07747,0.07266,0.07448,402534046.2501,120764534,120948868,102916738,103643100,0.01,0.01,-0.004896,0.008633,0.01238588,0.01654459,-0.0091082,0.0100082,,,,,76.11,23.89,3.19,73.73,26.27,2.81,63.34,36.66,1.73,371101.533641,19610.576493,444399.246264,19616.074853,,,,,,,,
2023-03-25,0.07448,0.07594,0.07234,0.07398,251006100.6211,103643100,107706330,99373015,102088057,0.008633,0.01,-0.013454,-0.004499,0.0100082,0.01863046,-0.00766156,-0.00533147,,,,,78.61,21.39,3.68,76.92,23.08,3.33,66.28,33.72,1.97,125587.894055,3020.37716,206577.801439,3020.37716,,,,,,,,
2023-03-26,0.07398,0.07544,0.07328,0.07431,209766732.6101,102088057,103652065,97948410,98096549,-0.004499,0.01,-0.004499,0.004188,-0.00533147,0.01847737,-0.00533147,0.0032302,,,,,83.39,16.61,5.02,83.24,16.76,4.97,63.41,36.59,1.73,23754.42437,83637.204275,23754.42437,87316.816725,,,,,,,,
2023-03-27,0.0743,0.07615,0.07116,0.07284,404986524.0049,98096549,107773325,95716631,97832233,0.004188,0.01,-0.006773,-0.002499,0.0032302,0.01179289,-0.0031387,0.00289835,,,,,79.64,20.36,3.91,77.9,22.1,3.53,63.68,36.32,1.75,661707.044761,89662.218675,764478.155737,93611.071095,,,,,,,,
2023-03-28,0.07284,0.07401,0.07159,0.07378,259461245.2108,97832233,98687014,95463832,98386213,-0.002499,0.01,-0.003223,0.008845,0.00289835,0.01241177,0.00024359,0.01028656,,,,,83.19,16.81,4.95,82.65,17.35,4.76,61.46,38.54,1.6,26745.661718,161512.020854,26745.661718,181397.589526,,,,,,,,
2023-03-29,0.07378,0.07682,0.07346,0.07553,335424468.5567,98386213,115456598,98084326,113726547,0.008845,0.01,0.008502,0.01,0.01028656,0.01338882,0.00631809,0.00901318,,,,,76.29,23.71,3.22,73.29,26.71,2.74,61.27,38.73,1.58,40509.754165,223664.959425,40509.754165,271742.486338,,,,,,,,
2023-03-30,0.07553,0.07684,0.07292,0.07417,319216996.2843,113726547,115222311,104933165,105573967,0.01,0.01,-0.003344,0.001932,0.00901318,0.0142305,0.00247468,0.00507384,,,,,73.5,26.5,2.77,70.49,29.51,2.39,64.44,35.56,1.81,190209.73955,70235.568643,234451.825464,70235.568643,,,,,,,,
2023-03-31,0.07416,0.07789,0.07331,0.0769,329132946.2964,105573967,125540106,104153085,123507766,0.001932,0.01,0.000183,0.01,0.00507384,0.01109323,0.00104698,0.01106031,,,,,77.5,22.5,3.44,75.19,24.81,3.03,65.0,35.0,1.86,41343.499401,168207.029935,41888.235591,185890.845262,,,,,,,,
2023-04-01,0.07691,0.08337,0.07582,0.08183,762834503.3168,123507766,168626675,120159194,166896032,0.01,0.01,0.008775,0.01,0.01106031,0.01510416,0.00310258,0.00394298,,,,,72.35,27.65,2.62,69.4,30.6,2.27,63.83,36.17,1.77,145385.543391,376236.28649,146780.633646,530035.372495,,,,,,,,
2023-04-02,0.08182,0.08559,0.07706,0.079,1101109595.9655,166896032,196340483,147617684,150489922,0.01,0.01,0.000868,0.002952,0.00394298,0.01481159,-0.000932,0.00730323,,,,,66.99,33.01,2.03,65.33,34.67,1.88,61.91,38.09,1.63,592400.536074,246953.657881,763322.320876,369003.248726,,,,,,,,
2023-04-03,0.07899,0.10523,0.07552,0.09596,4836235344.4013,150489922,290578699,140069612,253393572,0.002952,0.01,-0.00025,0.01,0.00730323,0.014684,-0.01318412,0.0015116,,,,,80.8,19.2,4.21,82.78,17.22,4.81,63.55,36.45,1.74,1637964.843571,1548664.946302,2105958.51481,2016671.796988,,,,,,,,
2023-04-04,0.09597,0.10357,0.09202,0.09514,4237749527.2283,253393572,356526946,243006090,286395073,0.01,0.01,0.01,0.01,0.0015116,0.02244576,-0.00426868,0.01589065,,,,,61.54,38.46,1.6,60.05,39.95,1.5,57.86,42.14,1.37,1029924.425475,1643057.857008,1227026.980688,1840151.438454,,,,,,,,
2023-04-05,0.09514,0.09921,0.09029,0.09269,2027163131.8289,286395073,346654005,280547981,295526062,0.01,0.01,0.01,0.01,0.01589065,0.01646735,0.00422534,0.00923055,,,,,60.49,39.51,1.53,65.11,34.89,1.87,62.66,37.34,1.68,2003688.827986,372393.785778,2316700.653812,406155.928982,,,,,,,,
2023-04-06,0.09268,0.09276,0.084,0.08539,1888550554.0516,295526062,301422349,261000875,262386218,0.01,0.01,0.000688,0.001669,0.00923055,0.01464223,0.00386381,0.00460245,,,,,68.92,31.08,2.22,72.58,27.42,2.65,64.91,35.09,1.85,716925.670739,895330.686698,1060496.423241,922910.809796,,,,,,,,
2023-04-07,0.08538,0.0862,0.081,0.08217,1158958054.5609,262386218,264438326,249303556,251671582,0.001669,0.01,-0.003511,0.002264,0.00460245,0.0147312,-0.00163129,0.00590913,,,,,75.62,24.38,3.1,79.25,20.75,3.82,65.39,34.61,1.89,215490.003644,32517.666238,317612.517705,32517.666238,,,,,,,,
2023-04-08,0.08217,0.0838,0.08,0.0813,611270577.0272,251671582,255067166,231253934,236639495,0.002264,0.01,-0.006057,0.005175,0.00590913,0.01509321,0.00316002,0.00734739,,,,,78.62,21.38,3.68,81.67,18.33,4.46,62.24,37.76,1.65,154851.096478,43130.579938,158658.50063,45669.423898,,,,,,,,
2023-04-09,0.08129,0.08393,0.08102,0.08313,545505428.5575,236639495,242434685,232191411,234235051,0.005175,0.01,-0.003101,0.01,0.00734739,0.01890003,-0.00471099,0.00800198,,,,,81.19,18.81,4.32,82.59,17.41,4.74,62.22,37.78,1.65,84439.240445,263486.413484,84796.096675,286362.926847,,,,,,,,
2023-04-10,0.08314,0.08538,0.08216,0.08471,484404591.9442,234235051,235723595,223042148,223059723,0.01,0.01,0.007006,0.01,0.00800198,0.01664255,0.00618231,0.00929852,,,,,79.79,20.21,3.95,80.38,19.62,4.1,62.43,37.57,1.66,49168.64126,303990.948559,50980.88399,335335.517508,,,,,,,,
2023-04-11,0.0847,0.08574,0.08352,0.08406,484972431.766,223059723,228639980,218096567,219232214,0.01,0.01,0.00807,0.01,0.00929852,0.01526608,-0.0104197,0.0138042,,,,,78.52,21.48,3.66,77.96,22.04,3.54,63.5,36.5,1.74,152013.386802,92641.095276,152174.911502,105415.609041,,,,,,,,
2023-04-12,0.08406,0.08478,0.07998,0.08343,693345842.233,219232214,219971916,203045877,210364787,0.01,0.01,0.003552,0.01,0.0138042,0.01716401,0.00280638,0.00450292,,,,,77.61,22.39,3.47,77.07,22.93,3.36,64.27,35.73,1.8,432508.013264,114020.728137,509415.490959,116385.382177,,,,,,,,
2023-04-13,0.08343,0.08888,0.08281,0.08731,874002593.9245,210364787,256365272,208117067,255280520,0.01,0.01,0.009851,0.01,0.00450292,0.01532978,0.00441951,0.00967155,,,,,79.34,20.66,3.84,78.13,21.87,3.57,63.4,36.6,1.73,60325.867798,398224.248147,60636.889298,628911.500728,,,,,,,,
2023-04-14,0.0873,0.0915,0.08507,0.08869,1158028979.4493,255280520,268951471,239701975,248135858,0.01,0.034297,0.01,0.01,0.00967155,0.03621438,0.00414038,0.00856299,,,,,68.97,31.03,2.22,65.35,34.65,1.89,61.73,38.27,1.61,1733923.350327,984169.32326,1849951.912531,1130262.199041,,,,,,,,
2023-04-15,0.08868,0.09064,0.0871,0.08891,459870400.0311,248135858,256150266,237431110,240801470,0.01,0.028316,0.01,0.01,0.00856299,0.02643546,0.00404275,0.0128736,,,,,67.18,32.82,2.05,64.11,35.89,1.79,64.82,35.18,1.84,68620.829882,98131.80778,71211.856609,103515.17152,,,,,,,,
2023-04-16,0.0889,0.09196,0.08762,0.09045,613968840.0967,240801470,263380784,238034564,254015334,0.01,0.028448,0.01,0.025456,0.0128736,0.02398358,0.00600672,0.01737225,,,,,67.78,32.22,2.1,65.6,34.4,1.91,66.08,33.92,1.95,176701.151493,367726.167114,189403.724679,391541.504824,,,,,,,,
2023-04-17,0.09045,0.095,0.08803,0.09141,1734322965.699,254015334,299884502,239348781,264075883,0.025456,0.044842,0.01,0.01,0.01737225,0.03206042,0.00468678,0.00692961,,,,,65.86,34.14,1.93,63.08,36.92,1.71,65.52,34.48,1.9,646770.306758,483321.493876,719395.843631,576751.648767,,,,,,,,
2023-04-18,0.09141,0.09538,0.08974,0.09415,1045731750.1271,264075883,289234080,253715891,267705836,0.01,0.018518,0.01,0.01,0.00692961,0.02912468,0.00572858,0.00788794,,,,,66.16,33.84,1.96,63.49,36.51,1.74,65.1,34.9,1.87,166338.895042,215808.609816,184341.280706,219830.739496,,,,,,,,
2023-04-19,0.09414,0.09415,0.0835,0.08782,1354241632.6986,267705836,267705836,221680990,227774488,0.01,0.01,0.006563,0.008958,0.00788794,0.01763533,-0.00297643,0.00939293,,,,,64.6,35.4,1.83,61.08,38.92,1.57,64.97,35.03,1.86,1441397.085536,894548.195537,1904853.81554,958624.795594,,,,,,,,
2023-04-20,0.08782,0.09353,0.08238,0.08386,2591222713.5667,227774488,289600791,209134988,213376263,0.008958,0.01,-0.00536,-0.00161,0.00939293,0.01319446,-0.01290663,0.00231432,,,,,82.6,17.4,4.75,83.82,16.18,5.18,65.26,34.74,1.88,1114918.766834,436813.719697,1338978.306584,646380.071718,,,,,,,,
2023-04-21,0.08386,0.08467,0.07589,0.07837,982345365.0862,213376263,216618451,176940574,178487193,-0.00161,0.01,-0.009465,-0.008867,0.00231432,0.01373624,-0.01126808,-0.01064749,,,,,84.61,15.39,5.5,84.43,15.57,5.42,61.44,38.56,1.59,593368.800826,38696.682347,951240.775085,38696.682347,,,,,,,,
2023-04-22,0.07837,0.08096,0.07811,0.08025,395599737.3629,178487193,184272014,175496092,182719910,-0.008867,0.01,-0.009365,0.009236,-0.01064749,0.00840172,-0.0107424,0.0083538,,,,,84.76,15.24,5.56,85.47,14.53,5.88,59.1,40.9,1.45,483.4219,109711.168585,503.40662,118378.782995,,,,,,,,
2023-04-23,0.08025,0.08082,0.07626,0.07873,425106133.6305,182719910,182719910,165446324,166882223,0.009236,0.01,0.000165,0.001875,0.0083538,0.00857097,0.00061688,0.00153227,0.00474091,0.00816971,-0.00002418,0.00080554,83.9,16.1,5.21,82.99,17.01,4.88,57.16,42.84,1.33,254872.829958,29921.685782,323440.98937,30001.837382,,,,,,,,
2023-04-24,0.07873,0.08004,0.07708,0.07869,429493658.0907,166882223,168165691,159245743,163370383,0.001875,0.01,-0.001746,-0.001746,0.00153227,0.0148947,-0.0009736,0.00115825,0.00080554,0.01821438,-0.00447239,-0.00099817,85.46,14.54,5.88,85.21,14.79,5.76,56.82,43.18,1.32,357717.798522,176655.130316,365115.442662,199408.250422,,,,,,,,
2023-04-25,0.0787,0.07994,0.07743,0.07974,366645211.815,163370383,166194103,157955522,165921737,-0.001746,0.01,-0.006327,0.01,0.00115825,0.01313167,-0.00487587,0.0077905,-0.00099817,0.01785403,-0.00941544,0.0065666,85.59,14.41,5.94,85.16,14.84,5.74,56.88,43.12,1.32,61132.363061,64660.787767,63280.015261,65482.752743,,,,,,,,
2023-04-26,0.07974,0.08357,0.07452,0.07853,818791874.0902,165921737,179259339,149006034,153162587,0.01,0.01,-0.007997,-0.007997,0.0077905,0.01192,-0.008166,-0.008166,0.0065666,0.014597,-0.007943,-0.007943,82.99,17.01,4.88,82.69,17.31,4.78,56.77,43.23,1.31,1477745.82302,575051.833297,1767390.99162,621821.709109,,,,,,,,
2023-04-27,0.07853,0.08097,0.07832,0.0801,504809478.3647,153162587,157349554,150273900,154089963,-0.007997,0.01,-0.010218,0.007044,-0.008166,0.012144,-0.013622,0.00669,-0.007943,0.012266,-0.016489,0.006423,84.8,15.2,5.58,84.22,15.78,5.34,57.96,42.04,1.38,110452.120555,256469.540574,112830.936535,257523.606529,,,,,,,,
2023-04-28,0.08009,0.08072,0.07893,0.08029,268658797.8888,154089963,157054542,153190185,156954721,0.007044,0.01,0.004972,0.01,0.00669,0.009226,0.00198,0.00617,0.006423,0.008975,0.001455,0.0062,69.65,30.35,2.3,65.76,34.24,1.92,59.06,40.94,1.44,42604.938398,6733.96266,42630.708698,6733.96266,,,,,,,,
2023-04-29,0.08029,0.08192,0.08013,0.08153,253141012.7392,156954721,165287058,156617578,165094996,0.01,0.01,0.003543,0.006081,0.00617,0.013297,0.001373,0.007317,0.0062,0.015699,0.001915,0.006775,69.22,30.78,2.25,65.55,34.45,1.9,59.35,40.65,1.46,58287.800192,65440.769471,59799.657932,72432.550561,,,,,,,,
2023-04-30,0.08153,0.08173,0.07918,0.07947,264489790.9309,165094996,165094996,152039256,152396887,0.006081,0.01,0.003309,0.00665,0.007317,0.015056,0.001843,0.009096,0.006775,0.016896,-0.000161,0.008476,66.96,33.04,2.03,63.18,36.82,1.72,58.46,41.54,1.41,90555.532492,4235.853918,94533.704025,4235.853918,,,,,,,,
2023-05-01,0.07946,0.07999,0.07722,0.07875,327368603.3341,152396887,153458525,145799962,149945326,0.00665,0.01,0.001925,0.008964,0.009096,0.017234,0.005766,0.00917,0.008476,0.019165,0.005759,0.009833,74.32,25.68,2.89,71.56,28.44,2.52,58.6,41.4,1.42,290324.180611,34.05881,351965.20938,243.488998,,,,,,,,
2023-05-02,0.07875,0.07907,0.07746,0.07871,224710569.1795,149945326,153672679,148581649,152895219,0.008964,0.01,0.000233,0.005928,0.00917,0.016228,-0.006507,0.003427,0.009833,0.018701,-0.008034,0.002948,84.32,15.68,5.38,84.66,15.34,5.52,57.86,42.14,1.37,8878.724532,12588.883084,8878.724532,12588.883084,,,,,,,,
2023-05-03,0.07872,0.0807,0.07703,0.07958,384609159.0637,152895219,158794378,150118071,157758769,0.005928,0.01,0.002045,0.01,0.003427,0.013931,-0.002295,0.007226,0.002948,0.0146,-0.001539,0.007069,84.59,15.41,5.49,84.55,15.45,5.47,57.23,42.77,1.34,57226.239059,52744.535787,58265.352327,68661.576657,,,,,,,,
2023-05-04,0.07959,0.07968,0.07787,0.07833,260516356.42,157758769,159153325,149741694,153557529,0.01,0.01,-0.001978,0.01,0.007226,0.014237,-0.001271,0.008202,0.007069,0.015471,-0.002795,0.008092,68.05,31.95,2.13,63.06,36.94,1.71,57.37,42.63,1.35,54646.27527,2335.20275,55955.56183,2335.20275,,,,,,,,
2023-05-05,0.07833,0.08148,0.07669,0.08016,402931319.1756,153557529,173035812,151267905,172729266,0.01,0.01,0.01,0.01,0.008202,0.016894,0.004522,0.009788,0.008092,0.018392,0.003906,0.009893,80.13,19.88,4.03,78.2,21.8,3.59,57.36,42.64,1.35,54868.242161,182074.940087,58369.209332,227970.377925,,,,,,,,
2023-05-06,0.08015,0.08048,0.07545,0.07668,339244389.2419,172729266,172921525,154201408,156112022,0.01,0.01,-0.013978,-0.002201,0.009788,0.013231,-0.01706,-0.004312,0.009893,0.015202,-0.01631,-0.003919,65.72,34.28,1.92,60.34,39.66,1.52,56.98,43.02,1.33,395791.947282,8331.540681,502976.017241,8331.540681,,,,,,,,
2023-05-07,0.07668,0.07746,0.0761,0.07648,192593612.6894,156112022,158876640,154982984,155524687,-0.002201,0.008856,-0.002954,0.004422,-0.004312,0.007446,-0.004312,0.006188,-0.003919,0.008597,-0.003919,0.006218,87.08,12.92,6.74,87.56,12.44,7.04,57.83,42.17,1.37,61064.738513,3681.242,61064.738513,3681.242,,,,,,,,
2023-05-08,0.07648,0.07712,0.06928,0.07234,475963425.3802,155524687,157483270,130875232,133489867,0.004422,0.01,-0.019202,-0.019202,0.006188,0.010785,-0.0202,-0.0202,0.006218,0.012158,-0.019677,-0.019677,87.56,12.44,7.04,86.94,13.06,6.66,54.43,45.57,1.19,820498.353046,11516.848008,1424721.869417,114926.139671,,,,,,,,
2023-05-09,0.07233,0.07328,0.072,0.07304,245243769.2669,133489867,135376606,130208777,133066131,-0.019202,0.006197,-0.019888,-0.004722,-0.0202,0.012553,-0.0202,0.000701,-0.019677,0.016443,-0.022315,-0.000388,87.93,12.07,7.29,88.02,11.98,7.35,53.05,46.95,1.13,5069.577775,7929.89135,5132.148635,7929.89135,,,,,,,,
2023-05-10,0.07304,0.07467,0.0702,0.07308,413521453.2672,133066131,134756884,120973971,125358612,-0.004722,0.01,-0.006038,0.01,0.000701,0.009026,-0.004694,0.007694,-0.000388,0.009259,-0.003407,0.008318,84.69,15.31,5.53,85.21,14.79,5.76,51.98,48.02,1.08,265752.79892,78085.733682,344322.508861,90090.995444,,,,,,,,
2023-05-11,0.07309,0.07314,0.06882,0.0719,437782049.6953,125358612,128114186,121467230,126478747,0.01,0.01,-0.005207,0.009428,0.007694,0.011902,-0.01404,0.004307,0.008318,0.011931,-0.013232,0.006723,73.83,26.17,2.82,71.14,28.86,2.47,52.74,47.26,1.12,299778.58913,106870.483041,397894.318721,113419.381481,,,,,,,,
2023-05-12,0.07191,0.07273,0.06928,0.07229,455210957.7686,126478747,132352020,120456811,126475420,0.009428,0.01,0.00271,0.004385,0.004307,0.01311,-0.006909,0.006217,0.006723,0.015619,-0.006565,0.00713,72.88,27.12,2.69,69.98,30.02,2.33,52.6,47.4,1.11,233321.175395,147483.409631,251140.277574,149756.744659,,,,,,,,
2023-05-13,0.0723,0.07236,0.07126,0.07164,152268658.7871,126475420,127574730,124555571,127301391,0.004385,0.01,-0.001011,0.000378,0.006217,0.014288,-0.015648,0.001018,0.00713,0.014951,-0.022152,0.001093,74.48,25.52,2.92,72.14,27.86,2.59,53.28,46.72,1.14,3150.188312,2380.41171,3150.188312,2497.364469,,,,,,,,
2023-05-14,0.07165,0.07263,0.071,0.07191,131440987.7019,127301391,128711149,125001165,125738442,0.000378,0.01,-0.000117,0.003588,0.001018,0.013139,-0.003499,0.005624,0.001093,0.012181,0.000897,0.005996,74.34,25.66,2.9,72.35,27.65,2.62,53.38,46.62,1.15,9981.957062,30715.00041,9981.957062,30715.00041,,,,,,,,
2023-05-15,0.07191,0.07365,0.0708,0.07186,232568419.696,125738442,133614625,123221475,130976529,0.003588,0.01,0.0003,0.00478,0.005624,0.017176,-0.001818,0.004707,0.005996,0.017864,-0.003203,0.00504,75.22,24.78,3.04,72.86,27.14,2.69,53.71,46.29,1.16,41576.97276,207656.262534,41576.97276,208030.242674,,,,,,,,
2023-05-16,0.07186,0.07323,0.07082,0.07271,211654404.1867,130976529,132286921,126586851,132152634,0.00478,0.01,-0.000947,0.01,0.004707,0.012916,-0.007039,0.007942,0.00504,0.013092,-0.004509,0.00848,72.46,27.54,2.63,68.61,31.39,2.19,53.99,46.01,1.17,74350.50479,26109.20387,120734.4963,26109.20387,,,,,,,,
2023-05-17,0.0727,0.07545,0.07224,0.07479,447916792.4736,132152634,151124108,131715001,150060856,0.01,0.01,0.009759,0.01,0.007942,0.014441,-0.003719,0.009263,0.00848,0.015054,-0.002717,0.009421,70.63,29.37,2.41,66.85,33.15,2.02,54.17,45.83,1.18,137564.94849,156737.830893,137564.94849,221578.206161,,,,,,,,
2023-05-18,0.0748,0.0749,0.07154,0.07339,447669394.1122,150060856,150485207,131855071,141234316,0.01,0.01,-0.000811,0.01,0.009263,0.013038,0.004397,0.008318,0.009421,0.014553,0.002722,0.008137,62.72,37.28,1.68,57.09,42.91,1.33,55.03,44.97,1.22,1255820.800965,31275.492103,1275971.51038,31755.633933,,,,,,,,
2023-05-19,0.0734,0.07403,0.07292,0.07346,211015660.6354,141234316,144556658,140283780,141242407,0.01,0.01,0.009853,0.01,0.008318,0.01642,0.003781,0.00539,0.008137,0.016323,0.002905,0.007273,64.55,35.45,1.82,59.29,40.71,1.46,56.35,43.65,1.29,15886.87594,1125.91996,15908.38212,1125.91996,,,,,,,,
2023-05-20,0.07345,0.07387,0.07301,0.07357,107965809.1345,141242407,143256637,140553054,142209385,0.01,0.01,0.003399,0.01,0.00539,0.011993,0.000333,0.007405,0.007273,0.012071,0.002333,0.007805,66.56,33.44,1.99,61.24,38.76,1.58,56.19,43.81,1.28,1331.16636,5437.75122,1331.16636,5437.75122,,,,,,,,
2023-05-21,0.07357,0.07398,0.07184,0.07207,161855793.7584,142209385,144320277,135807258,136844513,0.01,0.01,-0.007593,-0.005323,0.007405,0.011546,-0.003767,-0.003409,0.007805,0.012336,-0.004056,-0.003713,66.42,33.58,1.98,60.8,39.2,1.55,56.82,43.18,1.32,244749.209243,562.2908,246415.906746,562.2908,,,,,,,,
2023-05-22,0.07206,0.074,0.07063,0.07287,281397582.4691,136844513,143335587,134488025,140347272,-0.005323,0.01,-0.007553,0.01,-0.003409,0.013967,-0.009839,0.010416,-0.003713,0.014807,-0.010185,0.010284,79.45,20.55,3.87,77.28,22.72,3.4,56.33,43.67,1.29,154132.427241,12280.11095,203292.871124,14288.62637,,,,,,,,
2023-05-23,0.07288,0.07395,0.07239,0.07284,159132378.2579,140347272,142222345,139362235,141785137,0.01,0.01,0.01,0.01,0.010416,0.018331,0.006215,0.009162,0.010284,0.019451,0.005182,0.009123,63.27,36.73,1.72,57.59,42.41,1.36,55.46,44.54,1.25,13333.87379,23890.884655,28134.93983,23899.296715,,,,,,,,
2023-05-24,0.07284,0.07286,0.06901,0.07059,293812784.0175,141785137,141837916,132479712,136769649,0.01,0.01,-0.000103,0.004796,0.009162,0.012815,0.004108,0.006713,0.009123,0.014978,0.001693,0.005805,65.03,34.97,1.86,58.81,41.19,1.43,55.61,44.39,1.25,537751.233457,11992.075125,632718.362437,11992.075125,,,,,,,,
2023-05-25,0.07059,0.07123,0.06828,0.07085,204908368.0979,136769649,138947074,132500436,137446140,0.004796,0.01,0.00347,0.01,0.006713,0.017173,0.002701,0.008549,0.005805,0.021059,0.000642,0.00863,87.23,12.77,6.83,87.58,12.42,7.05,54.74,45.26,1.21,69824.199411,2137.71941,78402.004136,2147.51879,,,,,,,,
2023-05-26,0.07084,0.07135,0.07032,0.07092,159737877.0003,137446140,143944786,136342001,142911947,0.01,0.01,0.01,0.01,0.008549,0.015797,0.002804,0.009208,0.00863,0.018776,0.001677,0.009828,85.57,14.43,5.93,85.53,14.47,5.91,54.22,45.78,1.18,16653.1879,12616.38998,16688.8129,12616.38998,,,,,,,,
2023-05-27,0.07091,0.07345,0.07062,0.07254,194443932.6116,142911947,156249530,140558641,154442707,0.01,0.01,0.01,0.01,0.009208,0.013511,0.003287,0.010691,0.009828,0.015101,0.000506,0.011812,84.34,15.66,5.39,83.81,16.19,5.18,55.2,44.8,1.23,4749.22192,312477.855506,4749.22192,349990.028182,,,,,,,,
2023-05-28,0.07254,0.07398,0.07179,0.07351,219133189.4847,154442707,156217273,148987501,150503710,0.01,0.01,0.01,0.01,0.010691,0.010691,0.010691,0.010691,0.011812,0.011812,0.011812,0.011812,60.12,39.88,1.51,52.74,47.26,1.12,57.35,42.65,1.35,48638.776796,161919.349418,52336.380566,165602.296531,,,,,,,,
2023-05-29,0.0735,0.07401,0.07259,0.0731,164182792.334,150759347,152011132,147851453,149404856,0.01,0.01,0.01,0.01,0.007841,0.01675,-0.002307,0.01058,0.007087,0.020495,-0.009141,0.01181,60.02,39.98,1.5,54.69,45.31,1.21,58.08,41.92,1.39,27124.686711,10496.987076,27124.686711,10526.987076,,,,,,,,
2023-05-30,0.0731,0.07345,0.07194,0.07227,178035507.7102,149404856,152811890,147657015,149706303,0.01,0.01,0.01,0.01,0.01058,0.012865,0.005424,0.008109,0.01181,0.014863,0.002944,0.006904,59.28,40.72,1.46,53.07,46.93,1.13,58.07,41.93,1.39,72187.135187,19627.8806,72327.248537,19627.8806,,,,,,,,
2023-05-31,0.07227,0.07264,0.0704,0.07161,172005803.5378,149706303,150559503,146369016,148042894,0.01,0.01,0.003622,0.01,0.008109,0.012521,-0.004466,0.011493,0.006904,0.013833,-0.007451,0.012588,64.36,35.64,1.81,58.07,41.93,1.39,58.21,41.79,1.39,108938.822343,6231.7846,126586.792527,6262.19127,,,,,,,,
2023-06-01,0.0716,0.07218,0.07063,0.07139,163659034.0817,148042894,152134955,145376485,149888829,0.01,0.01,0.01,0.01,0.011493,0.016164,0.00584,0.009667,0.012588,0.023038,0.004633,0.011233,68.29,31.71,2.15,63.04,36.96,1.71,57.22,42.78,1.34,29947.828162,7952.79061,31441.023402,7952.79061,,,,,,,,
2023-06-02,0.07139,0.07332,0.07077,0.07257,178122279.047,149888829,160599809,149171210,158580937,0.01,0.01,0.01,0.01,0.009667,0.015072,0.003058,0.009984,0.011233,0.01693,-0.003706,0.009141,67.59,32.41,2.09,61.73,38.27,1.61,57.22,42.78,1.34,68146.290229,62608.584572,68185.274629,62661.575372,,,,,,,,
2023-06-03,0.07256,0.07297,0.07209,0.07268,96680350.0973,158580937,159878788,156617099,157540458,0.01,0.01,0.01,0.01,0.009984,0.014793,0.002594,0.007227,0.009141,0.016447,0.001119,0.007367,62.62,37.38,1.68,55.77,44.23,1.26,58.43,41.57,1.41,119797.273,68.04692,119797.273,68.04692,,,,,,,,
2023-06-04,0.07268,0.07335,0.07227,0.07246,115283234.7507,157540458,162721817,156607422,159592617,0.01,0.01,0.01,0.01,0.007227,0.018134,0.00295,0.013535,0.007367,0.024084,-0.000418,0.014147,62.49,37.51,1.67,56.13,43.87,1.28,58.82,41.18,1.43,26539.679708,11651.477617,26539.679708,11651.477617,,,,,,,,
2023-06-05,0.07246,0.0727,0.06272,0.06635,423674063.6122,159592617,159825802,131847666,132556614,0.01,0.01,-0.019721,-0.019721,0.013535,0.013535,-0.142396,-0.013264,0.014147,0.014147,-0.141356,-0.013742,62.31,37.69,1.65,55.85,44.15,1.27,58.7,41.3,1.42,1268571.623939,32227.654939,1959115.823528,49777.223779,,,,,,,,
2023-06-06,0.06636,0.07199,0.06574,0.07021,517443168.8216,132556614,140700857,122161958,136324387,-0.019721,0.01,-0.022861,0.01,-0.013264,0.011606,-0.014663,0.010332,-0.013742,0.011689,-0.016261,0.009488,88.92,11.08,8.03,89.42,10.58,8.45,53.82,46.18,1.17,70884.363905,199562.721314,70884.363905,233961.473935,,,,,,,,
2023-06-07,0.07021,0.07029,0.06661,0.06723,307696056.3132,136324387,136619111,120411715,120429548,0.01,0.01,-0.007234,0.009358,0.010332,0.015338,-0.014565,0.002276,0.009488,0.017647,-0.016793,0.002376,55.67,44.33,1.26,47.62,52.38,0.91,53.94,46.06,1.17,223816.000161,2849.63057,266767.413021,2849.63057,,,,,,,,
2023-06-08,0.06723,0.06852,0.06693,0.06791,152753332.799,120429548,128143764,119922434,125809736,0.009358,0.01,0.000701,0.01,0.002276,0.014609,0.001802,0.011376,0.002376,0.01726,0.001473,0.011423,86.19,13.81,6.24,86.86,13.14,6.61,53.19,46.81,1.14,13581.23566,23807.788568,13581.23566,23807.788568,,,,,,,,
2023-06-09,0.06791,0.07116,0.06724,0.06943,345896490.2546,125809736,143996195,125434936,134443911,0.01,0.01,0.009866,0.01,0.011376,0.017044,0.003845,0.011648,0.011423,0.018004,-0.000383,0.011488,83.41,16.59,5.03,83.16,16.84,4.94,52.88,47.12,1.12,70381.912137,194536.085526,73240.989257,212414.629456,,,,,,,,
2023-06-10,0.06943,0.07217,0.05258,0.06168,911558575.2852,134443911,142094067,78417951,79703520,0.01,0.072674,-0.064697,-0.017154,0.011648,0.029433,-0.035523,-0.019204,0.011488,0.032453,-0.038718,-0.021113,62.79,37.21,1.69,56.45,43.55,1.3,54.87,45.13,1.22,1053054.464161,265819.862586,1852073.385825,286888.981514,,,,,,,,
2023-06-11,0.06169,0.06287,0.06079,0.06147,253372765.9669,79703520,81556597,77075812,77369280,-0.017154,0.000944,-0.017641,0.000341,-0.019204,0.008623,-0.019204,0.002914,-0.021113,0.006657,-0.021113,0.002482,80.02,19.98,4.01,79.08,20.92,3.78,47.24,52.76,0.9,30980.114064,45896.543864,31657.252707,47383.78314,,,,,,,,
2023-06-12,0.06147,0.06167,0.05962,0.06139,208851352.7777,77369280,77738900,73754459,76873219,0.000341,0.01,-0.010231,0.00917,0.002914,0.020951,-0.012366,0.003841,0.002482,0.026985,-0.011502,0.003914,78.73,21.27,3.7,77.34,22.66,3.41,47.86,52.14,0.92,96880.920997,29789.792214,110440.231468,29789.792214,,,,,,,,
2023-06-13,0.06138,0.06288,0.06034,0.0617,228556270.4303,76873219,78830781,74225489,76371256,0.00917,0.01,-0.010979,-0.000724,0.003841,0.012757,-0.011983,0.004963,0.003914,0.016269,-0.013928,0.002359,77.5,22.5,3.44,76.5,23.5,3.26,47.88,52.12,0.92,68408.173443,123880.706546,68446.045613,124352.333886,,,,,,,,
2023-06-14,0.06171,0.06216,0.05803,0.06032,245239452.6234,76371256,76867962,69864750,73383492,-0.000724,0.01,-0.019613,-0.018592,0.004963,0.01539,-0.015507,-0.015507,0.002359,0.017755,-0.017384,-0.017384,78.13,21.87,3.57,76.46,23.54,3.25,48.54,51.46,0.94,160585.399715,48518.56477,216688.539421,48565.78117,,,,,,,,
2023-06-15,0.06032,0.06195,0.05971,0.0615,259126260.3601,73383492,80264513,73046707,78784057,-0.018592,0.01,-0.018725,0.01,-0.015507,0.017237,-0.036132,0.015187,-0.017384,0.0182,-0.040634,0.015268,80.6,19.4,4.16,79.44,20.56,3.86,48.95,51.05,0.96,25849.815194,108165.21118,26491.608664,112805.69466,,,,,,,,
2023-06-16,0.0615,0.06285,0.06066,0.06215,213089484.5352,78784057,83052557,78693712,80028155,0.01,0.01,0.006486,0.01,0.015187,0.015713,0.00284,0.004524,0.015268,0.016329,0.000506,0.00594,69.48,30.52,2.28,70.5,29.5,2.39,48.82,51.18,0.95,31204.05393,74073.181895,31389.40541,85245.12184,,,,,,,,
2023-06-17,0.06214,0.06298,0.06168,0.06214,131016888.4239,80028155,81159412,78696758,79302616,0.01,0.01,-0.003922,-0.000066,0.004524,0.013237,-0.010215,0.001351,0.00594,0.013544,-0.008852,-0.000135,72.54,27.46,2.64,72.42,27.58,2.63,49.77,50.23,0.99,10949.522273,33743.12521,10949.522273,33984.88296,,,,,,,,
2023-06-18,0.06215,0.06395,0.06095,0.06205,289548142.2982,79302616,82937473,75848497,77559957,-0.000066,0.01,-0.00125,0.000264,0.001351,0.010414,-0.008722,-0.003868,-0.000135,0.011236,-0.012279,-0.001677,74.07,25.93,2.86,73.31,26.69,2.75,49.73,50.27,0.99,439603.210801,100716.746678,442117.271619,133095.07868,,,,,,,,
2023-06-19,0.06205,0.06284,0.06144,0.0624,148146292.2562,77559957,78234988,75804688,76676891,0.000264,0.01,-0.005002,0.01,-0.003868,0.016903,-0.008772,0.011784,-0.001677,0.01716,-0.009785,0.00959,74.12,25.88,2.86,73.67,26.33,2.8,49.7,50.3,0.99,15386.102273,11529.41298,15587.52084,11529.41298,,,,,,,,
2023-06-20,0.0624,0.0631,0.06066,0.0631,192709852.4618,76676891,81443189,75033129,80956716,0.01,0.01,-0.003135,0.003861,0.011784,0.017378,-0.007784,-0.002,0.00959,0.02119,-0.01507,-0.00265,73.17,26.83,2.73,72.57,27.43,2.65,50.41,49.59,1.02,58248.736382,106474.62678,69767.297586,117903.644416,,,,,,,,
2023-06-21,0.06309,0.06676,0.06277,0.06555,401282218.504,80956716,86110277,80384799,83492774,0.003861,0.01,0.001555,0.01,-0.002,0.019523,-0.010286,0.013302,-0.00265,0.029769,-0.014815,0.011885,74.16,25.84,2.87,72.45,27.55,2.63,51.66,48.34,1.07,114731.066231,309141.979193,115281.165287,358996.394259,,,,,,,,
2023-06-22,0.06555,0.06935,0.06476,0.06553,418328875.2468,83492774,94299706,83492774,85241068,0.01,0.01,0.006763,0.01,0.013302,0.013302,0.004262,0.008067,0.011885,0.016422,-0.000712,0.009591,68.24,31.76,2.15,64.61,35.39,1.83,51.12,48.88,1.05,369584.311354,329403.604773,400610.036141,397103.988453,,,,,,,,
2023-06-23,0.06552,0.07013,0.06511,0.06822,311322268.7411,85241068,97300207,82562497,92914080,0.01,0.01,0.01,0.01,0.008067,0.012744,-0.003565,0.011355,0.009591,0.015394,-0.005219,0.013382,74.14,25.86,2.87,72.59,27.41,2.65,52.4,47.6,1.1,104766.320806,182643.270132,109344.575334,242529.445392,,,,,,,,
2023-06-24,0.06823,0.0684,0.06476,0.06665,246918235.7529,92914080,92914080,83996580,84837348,0.01,0.01,-0.00414,0.00844,0.011355,0.018719,-0.000265,0.006765,0.013382,0.024455,-0.005402,0.007444,69.28,30.72,2.26,65.99,34.01,1.94,52.67,47.33,1.11,443061.47925,30429.551907,530311.047774,30429.551907,,,,,,,,
2023-06-25,0.06665,0.068,0.06629,0.06669,179689480.9997,84837348,88993670,84690791,87350273,0.00844,0.01,0.00844,0.01,0.006765,0.019642,0.006765,0.010774,0.007444,0.025375,0.004159,0.011651,75.59,24.41,3.1,74.38,25.62,2.9,52.94,47.06,1.13,59261.590237,28311.27751,59261.590237,28424.72656,,,,,,,,
2023-06-26,0.06669,0.06678,0.06303,0.06467,243098295.7295,87350273,87470020,78220880,80852023,0.01,0.01,-0.014703,-0.013664,0.010774,0.013,-0.014631,-0.014254,0.011651,0.01551,-0.014499,-0.013965,71.41,28.59,2.5,68.52,31.48,2.18,52.56,47.44,1.11,227249.40916,4581.67515,250294.694521,4598.24765,,,,,,,,
2023-06-27,0.06467,0.06578,0.06416,0.06553,201627140.1605,80852023,84940642,80568735,84485611,-0.013664,0.01,-0.017872,0.01,-0.014254,0.013526,-0.021079,0.008024,-0.013965,0.016671,-0.019483,0.008296,81.29,18.71,4.35,80.89,19.11,4.23,51.04,48.96,1.04,10418.824773,1553.73271,10418.824773,1553.73271,,,,,,,,
2023-06-28,0.06553,0.06593,0.05969,0.06251,287577512.8788,84485611,85714432,77550808,79023412,0.01,0.01,-0.032691,-0.032377,0.008024,0.019297,-0.029921,-0.029823,0.008296,0.029903,-0.031052,-0.030929,77.77,22.23,3.5,76.19,23.81,3.2,50.13,49.87,1.01,366845.893563,35392.231536,556996.026229,35392.231536,,,,,,,,
2023-06-29,0.0625,0.06405,0.06233,0.06338,158838346.2296,79023412,79290661,75033847,75998062,-0.032377,0.009487,-0.036323,0.002841,-0.029823,0.010132,-0.029823,0.004815,-0.030929,0.011213,-0.032023,0.003505,81.44,18.56,4.39,80.94,19.06,4.25,50.01,49.99,1.0,12080.904882,15989.30196,12080.904882,15989.30196,,,,,,,,
2023-06-30,0.06337,0.06694,0.06058,0.06642,456779148.6735,75998062,82173993,71151170,75286648,0.002841,0.01,0.000978,0.009049,0.004815,0.012419,-0.018288,0.009025,0.003505,0.014923,-0.027178,0.009498,78.4,21.6,3.63,76.81,23.19,3.31,48.69,51.31,0.95,654775.795657,311898.770853,702878.885543,368664.36185,,,,,,,,
2023-07-01,0.06642,0.07138,0.06634,0.0685,501073327.2869,75286648,96398949,75286648,93909151,0.009049,0.01,0.000177,0.01,0.009025,0.025739,-0.002979,0.009006,0.009498,0.036136,-0.005051,0.00922,68.53,31.47,2.18,64.65,35.35,1.83,48.59,51.41,0.95,105204.070464,242458.152604,125277.148424,270200.252098,,,,,,,,
2023-07-02,0.06849,0.06919,0.06577,0.06802,355695818.134,93909151,98692689,89016073,93827324,0.01,0.01,0.01,0.01,0.009006,0.020304,-0.004048,0.009765,0.00922,0.031236,-0.016048,0.009292,71.04,28.96,2.45,68.68,31.32,2.19,49.62,50.38,0.99,102112.416702,107930.169578,103430.731002,112489.037428,,,,,,,,
2023-07-03,0.06801,0.06878,0.06722,0.06843,230898859.4097,93827324,97801582,93002010,94634870,0.01,0.01,0.01,0.01,0.009765,0.014659,-0.000516,0.007787,0.009292,0.018735,-0.007536,0.008561,70.49,29.51,2.39,67.78,32.22,2.1,51.54,48.46,1.06,31423.61578,20185.322967,31562.60056,20185.322967,,,,,,,,
2023-07-04,0.06842,0.07188,0.06762,0.06888,554599305.8998,94634870,113562024,92898526,104594704,0.01,0.01,0.01,0.01,0.007787,0.022714,-0.003265,0.007113,0.008561,0.035917,-0.010885,0.004052,70.26,29.74,2.36,67.5,32.5,2.08,52.67,47.33,1.11,224405.212079,89807.592723,281148.857685,102935.965387,,,,,,,,
2023-07-05,0.06889,0.06951,0.0653,0.06695,293366582.6477,104594704,105624904,88984326,91785951,0.01,0.01,-0.01548,-0.01051,0.007113,0.017772,-0.015981,-0.013342,0.004052,0.023944,-0.017453,-0.01141,77.56,22.44,3.46,77.04,22.96,3.36,53.69,46.31,1.16,227907.7248,6609.70798,267518.467676,6609.70798,,,,,,,,
2023-07-06,0.06696,0.06856,0.06456,0.06479,308502778.9743,91785951,92181052,81676688,82783182,-0.01051,0.01,-0.014436,-0.003525,-0.013342,0.008518,-0.013414,-0.000603,-0.01141,0.010684,-0.016324,-0.004618,81.51,18.49,4.41,81.22,18.78,4.33,51.57,48.43,1.07,325142.869084,125099.021603,390528.131452,125812.758423,,,,,,,,
2023-07-07,0.06479,0.06584,0.064,0.06534,195510016.4902,82783182,84571099,81533319,82498349,-0.003525,0.008518,-0.012495,-0.00807,-0.000603,0.012751,-0.018953,-0.014798,-0.004618,0.013678,-0.017008,-0.01128,81.96,18.04,4.54,81.33,18.67,4.36,51.0,49.0,1.04,61802.859725,4151.66988,72167.332671,4151.66988,,,,,,,,
2023-07-08,0.06533,0.06605,0.06466,0.06568,136065781.8194,82498349,86915025,82442267,85218984,-0.00807,0.006079,-0.014966,-0.005404,-0.014798,0.009881,-0.014923,-0.002025,-0.01128,0.011425,-0.013226,-0.00284,83.02,16.98,4.89,82.11,17.89,4.59,50.35,49.65,1.01,20130.9814,10802.2989,20130.9814,10802.2989,,,,,,,,
2023-07-09,0.06568,0.06633,0.06503,0.06531,129787302.8774,85218984,85956443,82709005,83836238,-0.005404,0.006207,-0.007616,0.000872,-0.002025,0.008658,-0.01289,0.00286,-0.00284,0.009342,-0.012145,0.005429,81.96,18.04,4.54,80.84,19.16,4.22,50.63,49.37,1.03,23661.064958,9671.66357,23661.064958,9671.66357,,,,,,,,
2023-07-10,0.06531,0.06617,0.063,0.0652,287814827.4486,83836238,84937388,80782983,84851099,0.000872,0.01,-0.013041,0.01,0.00286,0.019354,-0.017383,0.004688,0.005429,0.026216,-0.019515,0.00298,81.84,18.16,4.51,80.93,19.07,4.24,50.57,49.43,1.02,944856.71064,91222.579518,1001716.865225,91268.097598,,,,,,,,
2023-07-11,0.0652,0.06545,0.06432,0.06524,147653314.1253,84851099,84929579,81296348,82134929,0.01,0.01,0.000314,0.000955,0.004688,0.015817,0.000083,0.002653,0.00298,0.018798,-0.002758,0.001304,80.26,19.74,4.07,78.93,21.07,3.75,49.79,50.21,0.99,37722.574444,16055.7311,37722.574444,16055.7311,,,,,,,,
2023-07-12,0.06524,0.06568,0.06355,0.06498,190009071.4373,82134929,85116784,81705007,84738931,0.000955,0.01,-0.016717,-0.013085,0.002653,0.013269,-0.006365,-0.005442,0.001304,0.01609,-0.009108,-0.007607,79.97,20.03,3.99,79.23,20.77,3.82,50.31,49.69,1.01,75804.295866,72819.091856,77141.129722,72819.091856,,,,,,,,
2023-07-13,0.06499,0.07173,0.0645,0.07042,687862927.5924,84738931,102024577,83385565,100736379,-0.013085,0.01,-0.014616,0.01,-0.005442,0.021541,-0.010611,0.012607,-0.007607,0.028253,-0.01301,0.013493,80.44,19.56,4.11,79.59,20.41,3.9,51.13,48.87,1.05,687223.301166,597655.736547,694020.494796,756034.223801,,,,,,,,
2023-07-14,0.07042,0.07319,0.06581,0.06845,726622511.87,100736379,114404870,92522072,95310856,0.01,0.01,0.01,0.01,0.012607,0.031693,0.001439,0.002254,0.013493,0.043409,-0.001609,-0.000054,66.19,33.81,1.96,62.08,37.92,1.64,51.93,48.07,1.08,994292.106018,183340.602426,1182780.875279,230738.279032,,,,,,,,
2023-07-15,0.06846,0.07525,0.06763,0.07193,1085146360.7886,95310856,148040415,92790597,130795375,0.01,0.01,0.01,0.01,0.002254,0.016163,-0.001836,0.010723,-0.000054,0.019119,-0.005736,0.010111,79.28,20.72,3.83,79.73,20.27,3.93,53.51,46.49,1.15,342660.804723,448850.478281,357287.007386,497837.687378,,,,,,,,
2023-07-16,0.07193,0.0722,0.06875,0.06948,470039567.1726,130795375,131349806,112929657,113077083,0.01,0.01,0.001414,0.001414,0.010723,0.015718,-0.000461,0.001395,0.010111,0.017888,-0.006093,-0.000258,68.09,31.91,2.13,66.15,33.85,1.95,57.03,42.97,1.33,366975.346522,44968.82176,391818.73438,45475.856461,,,,,,,,
2023-07-17,0.06948,0.07324,0.06719,0.0698,557629008.9391,113077083,122868262,109336237,111109699,0.001414,0.01,0.000765,0.01,0.001395,0.017069,-0.011414,0.009569,-0.000258,0.021705,-0.005461,0.009922,80.02,19.98,4.01,79.67,20.33,3.92,58.04,41.96,1.38,445537.406054,142370.255612,514564.986562,172908.212623,,,,,,,,
2023-07-18,0.06979,0.07029,0.06679,0.06862,292182150.3693,111109699,112131542,103086791,104701434,0.01,0.01,0.006586,0.01,0.009569,0.017828,-0.001598,0.006752,0.009922,0.022682,-0.003859,0.005477,79.13,20.87,3.79,77.04,22.96,3.36,57.3,42.7,1.34,181347.647712,14134.48033,198790.329411,14134.48033,,,,,,,,
2023-07-19,0.06861,0.0725,0.0682,0.07,536098454.4303,104701434,123068224,104480731,116360797,0.01,0.01,0.01,0.01,0.006752,0.013934,-0.004655,0.007304,0.005477,0.015969,-0.000078,0.006826,82.18,17.82,4.61,81.31,18.69,4.35,57.09,42.91,1.33,232589.152293,144894.302197,232702.373925,209573.833367,,,,,,,,
2023-07-20,0.06999,0.07388,0.06919,0.07056,699608174.768,116360797,138273950,116163898,119159380,0.01,0.01,0.0032,0.0032,0.007304,0.015729,0.003576,0.008173,0.006826,0.017459,0.000337,0.008145,72.91,27.09,2.69,69.2,30.8,2.25,56.98,43.02,1.33,753445.7705,192265.345619,776916.159308,206413.898435,,,,,,,,
2023-07-21,0.07056,0.07685,0.07022,0.07318,1016681012.9494,119159380,166530296,117019182,146432820,0.0032,0.01,0.002812,0.00551,0.008173,0.0215,0.002572,0.005964,0.008145,0.02898,-0.000207,0.005365,80.51,19.49,4.13,80.01,19.99,4.0,57.66,42.34,1.36,331476.667732,730102.078799,375097.051612,770074.489774,,,,,,,,
2023-07-22,0.07318,0.07328,0.069,0.07044,395770367.5825,146432820,146579285,124991686,125854527,0.00551,0.01,0.005272,0.01,0.005964,0.013555,0.001625,0.008389,0.005365,0.015378,-0.001047,0.00885,71.57,28.43,2.52,69.72,30.28,2.3,58.65,41.35,1.42,402309.969896,38225.733154,459710.294085,38225.733154,,,,,,,,
2023-07-23,0.07043,0.07295,0.06991,0.07176,335502597.6084,125854527,137476362,124477731,131030947,0.01,0.01,0.003216,0.01,0.008389,0.021891,0.004235,0.010973,0.00885,0.028107,0.003536,0.011237,81.39,18.61,4.37,81.76,18.24,4.48,59.22,40.78,1.45,119324.191114,149957.839049,119324.191114,151093.134309,,,,,,,,
2023-07-24,0.07176,0.07823,0.07011,0.07417,2376321915.1432,131030947,177511127,126057486,156577734,0.01,0.01,0.000962,0.00214,0.010973,0.017418,0.000087,0.009513,0.011237,0.021784,-0.002918,0.010392,78.33,21.67,3.62,77.86,22.14,3.52,59.53,40.47,1.47,678363.535634,843506.058261,742437.77515,920058.44353,,,,,,,,
2023-07-25,0.07417,0.08387,0.07356,0.08183,3149053446.5844,156577734,230726344,155060745,230726344,0.00214,0.009238,-0.00141,0.005745,0.009513,0.010641,-0.010079,-0.000541,0.010392,0.011254,-0.012638,-0.00296,67.63,32.37,2.09,66.38,33.62,1.97,57.41,42.59,1.35,508214.789788,954664.247965,516226.342806,1203550.283153,,,,,,,,
2023-07-26,0.08182,0.08227,0.0764,0.0779,1793617881.5588,230726344,233114523,182024145,185246872,0.005745,0.01,0.001159,0.009257,-0.000541,0.016768,-0.001494,0.012455,-0.00296,0.018182,-0.003076,0.012761,53.06,46.94,1.13,50.22,49.78,1.01,53.04,46.96,1.13,685843.863461,312596.268433,769274.684674,322517.262178,,,,,,,,
2023-07-27,0.07789,0.07994,0.07658,0.07758,864054234.9305,185246872,192905482,169210529,171157861,0.009257,0.01,0.003645,0.004273,0.012455,0.017815,0.002723,0.003125,0.012761,0.021622,0.002279,0.002816,67.99,32.01,2.12,68.23,31.77,2.15,56.26,43.74,1.29,666706.221241,172738.172284,683997.755095,176189.751134,,,,,,,,
2023-07-28,0.07757,0.07787,0.07567,0.07714,557859567.1142,171157861,174691042,165478118,166894452,0.004273,0.01,-0.001964,0.01,0.003125,0.01943,0.00242,0.007238,0.002816,0.022878,-0.000403,0.006857,71.05,28.95,2.45,69.95,30.05,2.33,56.74,43.26,1.31,65656.717162,106442.011335,70208.422322,106442.011335,,,,,,,,
2023-07-29,0.07714,0.08275,0.07676,0.0802,768991233.4759,166894452,185948914,164835097,180932709,0.01,0.01,-0.000614,0.01,0.007238,0.016219,-0.000737,0.007848,0.006857,0.019006,-0.005399,0.007277,71.92,28.08,2.56,71.5,28.5,2.51,56.47,43.53,1.3,54161.660744,305509.819615,54161.660744,490862.109408,,,,,,,,
2023-07-30,0.0802,0.0805,0.07576,0.07798,733876303.954,180932709,189599833,158693582,158716735,0.01,0.01,-0.005703,-0.003474,0.007848,0.020482,-0.000238,0.001007,0.007277,0.024352,-0.001836,-0.000348,61.44,38.56,1.59,58.77,41.23,1.43,56.02,43.98,1.27,280209.008984,65485.748806,416671.158508,65485.748806,,,,,,,,
2023-07-31,0.07797,0.07979,0.0765,0.0778,600340328.222,158716735,165427053,151954487,156594415,-0.003474,0.01,-0.004787,-0.000227,0.001007,0.010381,-0.008049,0.004597,-0.000348,0.010339,-0.012698,0.002891,72.37,27.63,2.62,71.27,28.73,2.48,56.45,43.55,1.3,233918.187092,118754.81952,257244.199244,118754.81952,,,,,,,,
2023-08-01,0.07779,0.0793,0.0748,0.07811,560029248.3978,156594415,159731950,147818974,152364023,-0.000227,0.01,-0.001806,0.01,0.004597,0.016737,-0.002256,0.012642,0.002891,0.020412,-0.006265,0.012284,74.14,25.86,2.87,71.87,28.13,2.56,55.07,44.93,1.23,185689.518408,121615.684488,216645.560755,121738.166057,,,,,,,,
2023-08-02,0.07812,0.07832,0.07366,0.07418,578848888.1615,152364023,152631259,144506431,144890584,0.01,0.01,0.000005,0.005749,0.012642,0.018175,0.000598,0.004809,0.012284,0.021103,-0.005534,0.002169,72.34,27.66,2.62,69.76,30.24,2.31,55.98,44.02,1.27,367922.797737,42540.708221,460638.70728,42540.708221,,,,,,,,
2023-08-03,0.07418,0.07498,0.07229,0.07355,511175911.4631,144890584,149214659,138348716,140990140,0.005749,0.01,0.004509,0.006343,0.004809,0.016749,-0.001376,0.00787,0.002169,0.019226,-0.008826,0.006111,80.84,19.16,4.22,79.84,20.16,3.96,55.86,44.14,1.27,202636.013411,52218.129121,310540.700142,54392.456746,,,,,,,,
2023-08-04,0.07354,0.0749,0.0724,0.07342,420016298.1746,140990140,146934092,140760980,143626253,0.006343,0.01,0.001132,0.003118,0.00787,0.012748,0.001419,0.00557,0.006111,0.014165,-0.00378,0.004395,81.91,18.09,4.53,80.74,19.26,4.19,56.22,43.78,1.28,190454.693051,25989.84432,195396.562071,25989.84432,,,,,,,,
2023-08-05,0.07341,0.0771,0.07286,0.07569,697085063.2847,143626253,161061435,142306181,151925057,0.003118,0.01,0.001136,0.006335,0.00557,0.017107,-0.005503,0.009974,0.004395,0.019551,-0.005714,0.009355,82.24,17.76,4.63,80.8,19.2,4.21,55.83,44.17,1.26,179451.152663,338491.947343,180078.870913,349623.936133,,,,,,,,
2023-08-06,0.07568,0.07647,0.07401,0.07425,396953961.0608,151925057,155305563,148237119,150477654,0.006335,0.01,0.00527,0.01,0.009974,0.016622,0.004635,0.009547,0.009355,0.019594,0.001576,0.008381,76.46,23.54,3.25,74.66,25.34,2.95,55.17,44.83,1.23,258105.210291,41479.6961,265805.054754,41479.6961,,,,,,,,
2023-08-07,0.07425,0.07569,0.07132,0.07352,467074306.5132,150477654,153937141,143883086,144684781,0.01,0.01,-0.005699,0.01,0.009547,0.015615,-0.004399,0.00549,0.008381,0.017003,-0.00443,0.002953,78.41,21.59,3.63,76.7,23.3,3.29,56.72,43.28,1.31,324499.688575,44448.97102,445949.625774,44448.97102,,,,,,,,
2023-08-08,0.07351,0.07549,0.07316,0.07494,374657291.7035,144684781,148375079,143004932,143285127,0.01,0.01,0.005736,0.01,0.00549,0.014019,0.000234,0.008247,0.002953,0.015065,-0.006571,0.007864,81.37,18.63,4.37,80.14,19.86,4.04,56.53,43.47,1.3,36670.27921,90061.561156,36670.27921,94292.217336,,,,,,,,
2023-08-09,0.07494,0.07619,0.07415,0.07539,336661825.0653,143285127,147842762,139241422,143691503,0.01,0.01,0.01,0.01,0.008247,0.014113,0.002625,0.013682,0.007864,0.016344,-0.000562,0.015195,76.66,23.34,3.28,74.73,25.27,2.96,56.66,43.34,1.31,116711.106442,505835.977514,116711.106442,507313.881746,,,,,,,,
2023-08-10,0.07539,0.07693,0.07511,0.07584,460614562.2539,143691503,161490323,143481304,157355720,0.01,0.01,0.01,0.01,0.013682,0.013752,0.006677,0.008635,0.015195,0.016056,0.004437,0.008086,75.01,24.99,3.0,73.13,26.87,2.72,57.47,42.53,1.35,44951.8089,151268.51585,44951.8089,154878.13794,,,,,,,,
2023-08-11,0.07584,0.07608,0.0747,0.07569,248399421.9167,157355720,159071914,153487212,154194022,0.01,0.01,0.009352,0.009396,0.008635,0.014603,0.008635,0.011306,0.008086,0.016009,0.007596,0.01139,73.82,26.18,2.82,72.12,27.88,2.59,57.54,42.46,1.36,221329.159217,11986.49541,221329.159217,11992.09351,,,,,,,,
2023-08-12,0.07569,0.07746,0.07557,0.07667,352221461.4471,154194022,171100018,153765486,165896118,0.009396,0.01,0.007167,0.01,0.011306,0.017078,0.005567,0.010222,0.01139,0.021753,0.003606,0.011144,74.74,25.26,2.96,73.26,26.74,2.74,57.68,42.32,1.36,52602.993608,157465.432566,52923.199668,170778.069826,,,,,,,,
2023-08-13,0.07666,0.07685,0.07411,0.07473,279169979.1313,165896118,166374636,148515077,149035679,0.01,0.01,0.01,0.01,0.010222,0.015412,0.004318,0.010913,0.011144,0.01719,0.001301,0.010432,71.45,28.55,2.5,70.21,29.79,2.36,57.63,42.37,1.36,275608.378328,12148.569352,307211.753438,12148.569352,,,,,,,,
2023-08-14,0.07473,0.07713,0.07355,0.07466,500660604.4654,149035679,172188521,147370725,154327856,0.01,0.01,0.004801,0.005154,0.010913,0.014663,0.003324,0.006733,0.010432,0.016082,-0.002907,0.004682,77.91,22.09,3.53,76.45,23.55,3.25,58.88,41.12,1.43,470430.609852,44963.479969,483586.454655,97778.390905,,,,,,,,
2023-08-15,0.07466,0.07494,0.0676,0.07085,475502516.0178,154327856,155879355,129279636,129837395,0.005154,0.01,-0.02629,-0.025442,0.006733,0.012567,-0.008863,-0.008502,0.004682,0.012829,-0.012467,-0.012035,79.89,20.11,3.97,77.13,22.87,3.37,56.96,43.04,1.32,889422.687874,12340.586798,1345089.669728,12363.869958,,,,,,,,
2023-08-16,0.07086,0.07121,0.0659,0.06715,480759297.471,129837395,131794189,113507085,113640283,-0.025442,0.007395,-0.025637,0.00338,-0.008502,0.010254,-0.009497,0.004033,-0.012035,0.010624,-0.014026,0.002873,82.78,17.22,4.81,81.83,18.17,4.5,55.6,44.4,1.25,399156.468137,23817.30093,475806.566235,23817.30093,,,,,,,,
2023-08-17,0.06714,0.06839,0.055,0.06098,744623420.1013,113640283,117901861,92445417,93209897,0.00338,0.01,-0.041096,-0.027431,0.004033,0.015866,-0.034109,-0.03036,0.002873,0.018989,-0.04009,-0.036018,82.91,17.09,4.85,82.78,17.22,4.81,53.85,46.15,1.17,1894711.156006,405350.826893,2479356.252652,413152.963354,,,,,,,,
2023-08-18,0.06098,0.06381,0.05982,0.0632,521672405.2908,93209897,93209897,78210527,82005220,-0.027431,0.008817,-0.02773,-0.009425,-0.03036,0.006557,-0.03036,-0.003722,-0.036018,0.005538,-0.036018,-0.007596,78.18,21.82,3.58,77.44,22.56,3.43,47.76,52.24,0.91,199310.08078,225192.52241,200242.226434,250242.52241,,,,,,,,
2023-08-19,0.0632,0.06447,0.06302,0.06375,225792058.4975,82005220,86948407,82005220,84760607,-0.009425,0.01,-0.013699,-0.011669,-0.003722,0.010538,-0.013707,-0.010464,-0.007596,0.010789,-0.01488,-0.012632,73.61,26.39,2.79,70.04,29.96,2.34,48.9,51.1,0.96,61782.387111,67476.942789,61782.387111,67786.942789,,,,,,,,
2023-08-20,0.06376,0.06476,0.06331,0.06379,180413787.027,84760607,89212645,84695805,87321884,-0.011669,0.01,-0.011852,-0.004293,-0.010464,0.011854,-0.012608,-0.001204,-0.012632,0.014397,-0.012632,-0.002357,73.19,26.81,2.73,69.71,30.29,2.3,49.88,50.12,1.0,21437.426026,37385.07205,21437.426026,37763.64789,,,,,,,,
2023-08-21,0.0638,0.06409,0.06022,0.06248,310390749.0679,87321884,87814366,82974362,86065910,-0.004293,0.01,-0.004509,-0.000972,-0.001204,0.015486,-0.007036,-0.001966,-0.002357,0.018431,-0.005245,-0.004677,73.77,26.23,2.81,70.92,29.08,2.44,50.55,49.45,1.02,845403.620397,51621.371008,869219.267027,51621.371008,,,,,,,,
2023-08-22,0.06248,0.0635,0.0601,0.06255,349151355.3492,86065910,88494476,82215286,82340963,-0.000972,0.01,-0.010519,-0.005141,-0.001966,0.015124,-0.011904,0.002323,-0.004677,0.015967,-0.012394,-0.000498,74.16,25.84,2.87,71.86,28.14,2.55,51.26,48.74,1.05,260051.89689,61763.03928,264915.262526,61763.03928,,,,,,,,
2023-08-23,0.06255,0.0661,0.0624,0.06373,332913578.2894,82340963,84103283,80170448,81095666,-0.005141,0.008832,-0.009034,-0.008918,0.002323,0.008408,-0.01558,0.000922,-0.000498,0.008233,-0.016732,-0.00091,74.29,25.71,2.89,71.55,28.45,2.52,50.52,49.48,1.02,80783.855527,70214.490563,80783.855527,70244.490563,,,,,,,,
2023-08-24,0.06374,0.064,0.0617,0.06303,212884192.5238,81095666,81812344,78515591,80048231,-0.008918,0.009944,-0.01548,0.006044,0.000922,0.013294,-0.004194,0.004684,-0.00091,0.014666,-0.007808,0.006408,72.95,27.05,2.7,69.8,30.2,2.31,49.63,50.37,0.99,202105.509305,15771.231571,206705.509305,15771.231571,,,,,,,,
2023-08-25,0.06303,0.06313,0.0616,0.06308,200056092.4612,80048231,80087025,77877391,78882356,0.006044,0.01,-0.006846,-0.000652,0.004684,0.012403,-0.008009,-0.001004,0.006408,0.01344,-0.00515,-0.001207,74.99,25.01,3.0,72.43,27.57,2.63,49.64,50.36,0.99,89787.596542,30636.717845,90717.596542,30636.717845,,,,,,,,
2023-08-26,0.06308,0.06337,0.06255,0.06284,75328131.1583,78882356,79831514,77520756,77777407,-0.000652,0.01,-0.005403,0.004576,-0.001004,0.010108,-0.007748,0.005276,-0.001207,0.011048,-0.010674,0.004199,74.65,25.35,2.95,72.02,27.98,2.57,50.89,49.11,1.04,15698.62502,2927.00307,15698.62502,2927.00307,,,,,,,,
2023-08-27,0.06284,0.06376,0.06265,0.06313,106949864.5695,77777407,80902140,77264263,78460201,0.004576,0.01,-0.011628,0.006941,0.005276,0.008552,-0.003229,0.003491,0.004199,0.010145,-0.007044,0.003892,74.65,25.35,2.95,72.5,27.5,2.64,51.16,48.84,1.05,21166.408645,11478.28185,21166.408645,11478.28185,,,,,,,,
2023-08-28,0.06313,0.06366,0.06182,0.06342,180392184.2901,78460201,78591214,75019380,76317668,0.006941,0.01,-0.006573,0.01,0.003491,0.013168,-0.003846,0.008781,0.003892,0.015466,-0.004835,0.009511,74.27,25.73,2.89,71.48,28.52,2.51,51.01,48.99,1.04,101809.113597,37069.153968,101809.113597,37069.153968,,,,,,,,
2023-08-29,0.06341,0.0686,0.06236,0.06636,606277174.9019,76317668,92383317,74806361,87050843,0.01,0.01,-0.010604,0.01,0.008781,0.014116,-0.011169,0.004203,0.009511,0.015995,-0.015714,0.004345,71.96,28.04,2.57,69.54,30.46,2.28,51.15,48.85,1.05,212981.631394,412719.210755,214241.631394,446149.210755,,,,,,,,
2023-08-30,0.06637,0.06645,0.0642,0.06583,256634856.0545,87050843,87394060,81448525,82951315,0.01,0.01,-0.003174,-0.003174,0.004203,0.009076,-0.004665,0.000372,0.004345,0.009358,-0.007947,-0.001666,70.53,29.47,2.39,67.82,32.18,2.11,51.55,48.45,1.06,274676.355818,44302.641332,278186.355818,44302.641332,,,,,,,,
2023-08-31,0.06583,0.067,0.06253,0.06376,430824289.7272,82951315,91575528,79577398,80337158,-0.003174,0.01,-0.004455,0.009619,0.000372,0.012718,-0.007389,0.010188,-0.001666,0.015486,-0.008322,0.011688,70.53,29.47,2.39,67.82,32.18,2.11,51.55,48.45,1.06,347713.8202,112507.309534,359963.8202,116417.309534,,,,,,,,
2023-09-01,0.06375,0.06427,0.06221,0.06384,255924249.8086,80337158,83554343,79822522,82967578,0.009619,0.01,-0.000147,0.007015,0.010188,0.016542,-0.00433,0.002924,0.011688,0.020695,-0.001294,0.004975,79.8,20.2,3.95,79.25,20.75,3.82,53.12,46.88,1.13,321161.733276,33797.29424,328541.733276,33797.29424,,,,,,,,
2023-09-02,0.06383,0.06499,0.06251,0.06345,201660926.4855,82967578,85151588,78567345,79952259,0.007015,0.01,-0.009397,-0.009368,0.002924,0.008669,-0.016878,-0.005438,0.004975,0.010815,-0.013796,-0.008133,79.51,20.49,3.88,78.91,21.09,3.74,53.05,46.95,1.13,102974.11077,63288.956157,102974.11077,63608.956157,,,,,,,,
2023-09-03,0.06345,0.06372,0.0627,0.06313,101501994.4825,79952259,81671868,79372395,80139009,-0.009368,0.01,-0.012569,-0.00186,-0.005438,0.007708,-0.008315,-0.002898,-0.008133,0.010937,-0.008966,-0.000729,79.8,20.2,3.95,79.02,20.98,3.77,52.09,47.91,1.09,53154.641866,5305.0373,53154.641866,5305.0373,,,,,,,,
2023-09-04,0.06313,0.06381,0.06198,0.06323,155913058.8054,80139009,82391622,79338238,80329732,-0.00186,0.008019,-0.010399,0.004123,-0.002898,0.007199,-0.005043,0.00134,-0.000729,0.00748,-0.006123,0.002639,79.86,20.14,3.97,78.26,21.74,3.6,51.8,48.2,1.08,93640.386011,4010.3897,96460.386011,4010.3897,,,,,,,,
2023-09-05,0.06323,0.06433,0.06282,0.064,230806374.1873,80329732,86424793,79245679,83994032,0.004123,0.01,0.001319,0.005304,0.00134,0.010397,-0.013732,0.00688,0.002639,0.01195,-0.009679,0.007913,79.86,20.14,3.97,78.14,21.86,3.58,51.15,48.85,1.05,31642.48786,50040.98477,31642.48786,50040.98477,,,,,,,,
2023-09-06,0.064,0.06461,0.06238,0.0636,221657296.6878,83994032,84898217,79017477,79997625,0.005304,0.009077,-0.001914,0.005871,0.00688,0.013321,-0.008414,0.001373,0.007913,0.016506,-0.006149,0.001079,78.23,21.77,3.59,78.46,21.54,3.64,51.37,48.63,1.06,189887.429992,38935.261775,189887.429992,38935.261775,,,,,,,,
2023-09-07,0.06361,0.06381,0.06273,0.06363,148873026.1549,79997625,82262441,79270503,82138529,0.005871,0.01,-0.004152,0.01,0.001373,0.009177,-0.007901,0.005927,0.001079,0.009194,-0.00797,0.00579,80.03,19.97,4.01,79.47,20.53,3.87,51.48,48.52,1.06,78654.54287,18494.774199,78654.54287,18494.774199,,,,,,,,
2023-09-08,0.06363,0.06399,0.06231,0.06369,151357501.8597,82138529,84306783,79900831,83924591,0.01,0.01,-0.011176,0.01,0.005927,0.011938,-0.005349,0.004465,0.00579,0.013729,-0.008688,0.006596,78.78,21.22,3.71,77.57,22.43,3.46,51.7,48.3,1.07,165690.374432,17786.200014,185600.374432,17786.200014,,,,,,,,
2023-09-09,0.06368,0.06389,0.06312,0.06335,84597290.204,83924591,84459777,81647618,81653863,0.01,0.01,-0.013963,-0.013834,0.004465,0.011786,-0.00603,-0.005921,0.006596,0.012982,-0.007226,-0.007155,75.77,24.23,3.13,74.64,25.36,2.94,51.53,48.47,1.06,7402.97404,14114.744514,7402.97404,14114.744514,,,,,,,,
2023-09-10,0.06336,0.06337,0.0592,0.06126,246072175.9279,81653863,81738156,75202594,76028487,-0.013834,0.002384,-0.014385,-0.000144,-0.005921,0.008288,-0.022005,0.001997,-0.007155,0.008665,-0.027292,0.002288,77.23,22.77,3.39,77.02,22.98,3.35,51.88,48.12,1.08,260919.039707,19656.704352,274459.039707,19656.704352,,,,,,,,
2023-09-11,0.06127,0.06198,0.0591,0.06044,320986793.4015,76028487,77479517,72514719,74865769,-0.000144,0.006403,-0.008911,-0.007355,0.001997,0.009375,-0.007433,0.000657,0.002288,0.010553,-0.012784,-0.00223,80.48,19.52,4.12,79.7,20.3,3.93,50.91,49.09,1.04,365869.198953,43489.158474,371179.198953,43489.158474,,,,,,,,
2023-09-12,0.06044,0.06243,0.06038,0.06086,280308576.4948,74865769,76485524,72713017,75595838,-0.007355,0.01,-0.010073,0.007595,0.000657,0.01076,-0.01071,0.005604,-0.00223,0.010431,-0.007904,0.00589,79.47,20.53,3.87,78.72,21.28,3.7,50.7,49.3,1.03,39361.78858,147812.36048,39361.78858,166992.36048,,,,,,,,
2023-09-13,0.06085,0.06178,0.06044,0.06121,204157492.8885,75595838,78329648,75343811,77195903,0.007595,0.01,-0.001161,-0.001161,0.005604,0.011527,-0.005415,-0.001302,0.00589,0.012007,-0.003659,-0.003437,77.57,22.43,3.46,76.19,23.81,3.2,50.66,49.34,1.03,45752.256033,22828.310156,45752.256033,22828.310156,,,,,,,,
2023-09-14,0.06121,0.0625,0.06104,0.06203,225392685.3711,77195903,78906137,74955116,76379304,-0.001161,0.01,-0.00663,0.001501,-0.001302,0.008257,-0.009542,-0.002499,-0.003437,0.007737,-0.007493,-0.001209,76.94,23.06,3.34,75.28,24.72,3.05,51.8,48.2,1.08,10907.45258,98456.100345,10907.45258,98456.100345,,,,,,,,
2023-09-15,0.06203,0.06293,0.06132,0.06246,162840519.853,76379304,78078171,75191454,77275731,0.001501,0.01,0.00117,0.01,-0.002499,0.019846,-0.003149,0.007972,-0.001209,0.027714,-0.002551,0.009703,76.89,23.11,3.33,76.3,23.7,3.22,51.31,48.69,1.05,44972.996623,116666.929989,44972.996623,116956.929989,,,,,,,,
2023-09-16,0.06247,0.06296,0.0617,0.06209,150534904.3851,77275731,78325244,76300647,77182209,0.01,0.01,-0.006616,0.002998,0.007972,0.014008,-0.009977,-0.000582,0.009703,0.015015,-0.010919,0.001956,75.3,24.7,3.05,74.79,25.21,2.97,52.37,47.63,1.1,39267.316127,4236.371098,39267.316127,9986.371098,,,,,,,,
2023-09-17,0.0621,0.06252,0.06085,0.06141,176565594.558,77182209,78001864,73543639,74980473,0.002998,0.01,-0.005484,-0.004869,-0.000582,0.01071,-0.006792,-0.002411,0.001956,0.011715,-0.005684,-0.001927,76.63,23.37,3.28,75.8,24.2,3.13,52.05,47.95,1.09,271318.846098,5502.65719,271338.846098,5502.65719,,,,,,,,
2023-09-18,0.06142,0.0628,0.0609,0.06195,252876157.0107,74980473,77006879,74124175,75330516,-0.004869,0.01,-0.008072,-0.000737,-0.002411,0.011138,-0.007859,0.002531,-0.001927,0.012918,-0.009474,0.000843,77.38,22.62,3.42,76.28,23.72,3.22,52.54,47.46,1.11,76256.271958,100866.064696,76256.271958,100866.064696,,,,,,,,
2023-09-19,0.06195,0.06321,0.06176,0.06264,214452187.1277,75330516,80909531,73945975,78589711,-0.000737,0.01,-0.007813,-0.002394,0.002531,0.010956,-0.005635,0.005513,0.000843,0.012932,-0.00623,0.002545,76.89,23.11,3.33,75.7,24.3,3.12,52.03,47.97,1.09,18506.60728,23241.58969,18506.60728,23431.58969,,,,,,,,
2023-09-20,0.06264,0.063,0.06123,0.06259,211836031.615,78589711,79593198,72842682,75806752,-0.002394,0.01,-0.006536,0.01,0.005513,0.006067,-0.010397,0.004488,0.002545,0.005929,-0.011116,0.005577,75.7,24.3,3.12,75.11,24.89,3.02,53.26,46.74,1.14,103914.295337,15632.2911,103914.295337,15632.2911,,,,,,,,
2023-09-21,0.06259,0.06346,0.06097,0.06125,270871828.4115,75806752,85320953,75717571,76236717,0.01,0.01,-0.004239,-0.000948,0.004488,0.014919,-0.006323,-0.002749,0.005577,0.005577,0.005577,0.005577,76.1,23.9,3.18,75.26,24.74,3.04,52.27,47.73,1.1,188358.331079,6583.3207,189568.331079,6613.3207,,,,,,,,
2023-09-22,0.06126,0.06184,0.06053,0.06148,146731916.9442,76236717,77414446,74955713,75918770,-0.000948,0.01,-0.006568,0.004178,-0.002749,0.012407,-0.003972,0.007952,0.005577,0.005577,0.005577,0.005577,78.79,21.21,3.72,77.44,22.56,3.43,52.94,47.06,1.13,53010.537378,3376.88911,60950.537378,3376.88911,,,,,,,,
2023-09-23,0.06149,0.06198,0.06121,0.06147,111971902.7497,75918770,79219915,75492941,78047064,0.004178,0.01,0.000846,0.003981,0.007952,0.010631,-0.008625,-0.000921,0.005577,0.005577,0.005577,0.005577,78.51,21.49,3.65,76.79,23.21,3.31,52.89,47.11,1.12,12997.931307,565.47556,12997.931307,565.47556,,,,,,,,
2023-09-24,0.06148,0.06171,0.06018,0.06064,106605521.3938,78047064,78139847,75760434,77893871,0.003981,0.01,-0.003148,-0.002562,-0.000921,0.008806,-0.000921,-0.000067,0.005577,0.005577,0.005577,0.005577,77.79,22.21,3.5,76.05,23.95,3.18,52.87,47.13,1.12,58286.368372,0,58606.368372,0.0,,,,,,,,
2023-09-25,0.06064,0.06121,0.06003,0.0609,108079766.0963,77893871,79805522,77457344,78530530,-0.002562,0.01,-0.006708,0.009285,-0.000067,0.011761,-0.008089,0.003174,0.005577,0.005577,0.005577,0.005577,78.82,21.18,3.72,77.0,23.0,3.35,52.23,47.77,1.09,50370.327006,21730.303528,51770.327006,21730.303528,,,,,,,,
2023-09-26,0.0609,0.06112,0.05894,0.06059,165737974.1665,78530530,83265439,78220762,79503679,0.009285,0.01,-0.007145,0.007108,0.003174,0.010809,-0.000163,0.004679,0.005577,0.005577,0.005577,0.005577,77.15,22.85,3.38,75.36,24.64,3.06,53.28,46.72,1.14,40901.096286,3320.207874,41541.096286,3320.207874,,,,,,,,
2023-09-27,0.06059,0.06144,0.06011,0.06048,182183339.4266,79503679,81270870,78939438,79610682,0.007108,0.01,-0.000349,0.01,0.004679,0.013116,0.001292,0.010911,0.005577,0.005577,0.005577,0.005577,80.39,19.61,4.1,78.91,21.09,3.74,53.73,46.27,1.16,93419.096222,50163.65722,93419.096222,50163.65722,,,,,,,,
2023-09-28,0.06048,0.06166,0.06033,0.06148,232508832.3375,79610682,84690474,79377807,84684940,0.01,0.01,0.006227,0.00847,0.010911,0.011055,-0.002114,0.00208,0.005577,0.005577,0.005577,0.005577,78.6,21.4,3.67,76.62,23.38,3.28,53.81,46.19,1.17,6536.62578,55896.744971,6536.62578,55896.744971,,,,,,,,
2023-09-29,0.06147,0.06248,0.06126,0.06208,234961611.6851,84684940,88726541,83759097,84775957,0.00847,0.01,0.002616,0.009057,0.00208,0.011757,-0.000376,0.007901,0.005577,0.005577,0.005577,0.005577,77.09,22.91,3.37,75.39,24.61,3.06,54.22,45.78,1.18,23724.786322,98119.02838,23724.786322,98229.02838,,,,,,,,
2023-09-30,0.06209,0.06271,0.06168,0.06203,170603847.909,84775957,90015364,84479186,87233857,0.009057,0.01,-0.009675,-0.003143,0.007901,0.013512,-0.005419,0.000016,0.005577,0.005577,0.005577,0.005577,75.43,24.57,3.07,74.41,25.59,2.91,54.55,45.45,1.2,8292.088694,24227.80216,8292.088694,24447.80216,,,,,,,,
2023-10-01,0.06203,0.06356,0.06162,0.06317,221371073.2567,87233857,93054929,86834221,92115908,-0.003143,0.01,-0.008612,0.004937,0.000016,0.010971,-0.004039,0.004829,0.005577,0.005577,0.005577,0.005577,76.83,23.17,3.32,76.23,23.77,3.21,53.72,46.28,1.16,60032.940685,183673.636347,60032.940685,208163.636347,,,,,,,,
2023-10-02,0.06318,0.06418,0.06033,0.06196,382535561.0622,92115908,98109692,86443872,87991942,0.004937,0.01,0.004937,0.007591,0.004829,0.012836,-0.008792,0.007175,0.005577,0.005577,0.005577,0.005577,74.76,25.24,2.96,74.23,25.77,2.88,54.28,45.72,1.19,250412.729936,40643.91874,258832.729936,40843.91874,,,,,,,,
2023-10-03,0.06196,0.06227,0.06103,0.06132,189075447.1109,87991942,89976440,86191855,86381919,0.007591,0.01,-0.006843,-0.00495,0.007175,0.011634,-0.000744,0.002028,0.005577,0.005577,0.005577,0.005577,78.25,21.75,3.6,77.81,22.19,3.51,53.3,46.7,1.14,44004.394997,2674.827,44004.394997,2674.827,,,,,,,,
2023-10-04,0.06133,0.06153,0.05994,0.06141,199827969.1325,86381919,90159646,85373125,89654491,-0.00495,0.006836,-0.017123,-0.004638,0.002028,0.009385,-0.011071,-0.004713,0.005577,0.005577,0.005577,0.005577,80.87,19.13,4.23,79.26,20.74,3.82,53.99,46.01,1.17,195334.644379,21196.85285,221214.644379,21196.85285,,,,,,,,
2023-10-05,0.0614,0.06162,0.06053,0.06083,161026223.1795,89654491,90559507,87039300,87523248,-0.004638,0.008598,-0.010385,0.006289,-0.004713,0.015806,-0.019577,0.003159,0.005577,0.005577,0.005577,0.005577,80.08,19.92,4.02,78.72,21.28,3.7,53.42,46.58,1.15,53239.364121,418.30299,53239.364121,418.30299,,,,,,,,
2023-10-06,0.06083,0.06155,0.06065,0.06132,144738692.1583,87523248,89270042,87313591,89099138,0.006289,0.01,0.003738,0.009344,0.003159,0.011705,0.000445,0.009267,0.005577,0.005577,0.005577,0.005577,78.93,21.07,3.75,76.89,23.11,3.33,53.3,46.7,1.14,19373.45992,1749.45903,19373.45992,1749.45903,,,,,,,,
2023-10-07,0.06133,0.06164,0.06101,0.0614,75944074.0911,89099138,89616475,86059714,86956265,0.009344,0.01,0.001367,0.01,0.009267,0.011588,-0.00122,0.010411,0.005577,0.005577,0.005577,0.005577,78.42,21.58,3.63,76.58,23.42,3.27,52.83,47.17,1.12,5268.1717,1743.41916,5268.1717,1743.41916,,,,,,,,
2023-10-08,0.0614,0.06158,0.0606,0.0609,84981324.567,86956265,87446773,86123181,86834972,0.01,0.01,-0.003537,-0.003498,0.010411,0.01276,-0.000412,-0.000244,0.005577,0.005577,0.005577,0.005577,78.66,21.34,3.69,77.75,22.25,3.49,53.76,46.24,1.16,48953.892936,1614.72246,48953.892936,1614.72246,,,,,,,,
2023-10-09,0.0609,0.06098,0.05638,0.05869,315342761.9633,86834972,90933968,80220701,80606264,-0.003498,0.007384,-0.032539,-0.00727,-0.000244,0.007493,-0.033148,-0.008165,0.005577,0.005577,0.005577,0.005577,80.2,19.8,4.05,78.84,21.16,3.73,53.59,46.41,1.16,282976.169592,11171.886406,344976.169592,11171.886406,,,,,,,,
2023-10-10,0.05869,0.05918,0.05841,0.05907,145737586.6121,80606264,83087667,80313573,83018589,-0.00727,-0.004353,-0.019978,-0.010149,-0.008165,0.001892,-0.014924,-0.004984,0.005577,0.005577,0.005577,0.005577,82.41,17.59,4.69,81.85,18.15,4.51,53.11,46.89,1.13,21143.411271,10669.18858,21143.411271,10669.18858,,,,,,,,
2023-10-11,0.05907,0.05945,0.05749,0.05847,190418338.5673,83018589,83975616,80543985,81082968,-0.010149,0.01,-0.014794,-0.007531,-0.004984,0.010724,-0.014094,-0.003274,0.005577,0.005577,0.005577,0.005577,82.07,17.93,4.58,81.17,18.83,4.31,53.2,46.8,1.14,150699.796031,47585.88196,150729.796031,47585.88196,,,,,,,,
2023-10-12,0.05848,0.05849,0.05678,0.05785,136900353.0528,81082968,81942837,78595896,79518168,-0.007531,0.01,-0.020815,0.007746,-0.003274,0.009934,-0.017643,0.007052,0.005577,0.005577,0.005577,0.005577,82.46,17.54,4.7,81.27,18.73,4.34,52.88,47.12,1.12,76085.59405,630.16915,77225.59405,630.16915,,,,,,,,
2023-10-13,0.05786,0.05945,0.05775,0.05836,157644223.2206,79518168,85844657,79221395,82423732,0.007746,0.01,-0.002878,0.01,0.007052,0.013162,-0.00328,0.005312,0.005577,0.005577,0.005577,0.005577,81.64,18.36,4.45,80.28,19.72,4.07,52.84,47.16,1.12,11055.51474,5161.204318,11055.51474,5161.204318,,,,,,,,
2023-10-14,0.05837,0.05997,0.05831,0.05983,113913781.5009,82423732,86163870,82337954,85996738,0.01,0.01,-0.007728,0.01,0.005312,0.011557,0.002332,0.009569,0.005577,0.005577,0.005577,0.005577,81.03,18.97,4.27,79.7,20.3,3.93,52.18,47.82,1.09,3427.696388,48382.85028,3427.696388,62372.85028,,,,,,,,
2023-10-15,0.05983,0.05984,0.05895,0.05929,94680960.1064,85996738,86024486,81912221,82143638,0.01,0.01,0.000608,0.007718,0.009569,0.016969,0.00091,0.00244,0.005577,0.005577,0.005577,0.005577,79.29,20.71,3.83,78.43,21.57,3.64,52.53,47.47,1.11,38378.220897,4690.092159,38378.220897,4690.092159,,,,,,,,
2023-10-16,0.0593,0.0618,0.05903,0.05995,311807036.9705,82143638,90098126,82143638,83982834,0.007718,0.01,0.000214,0.002528,0.00244,0.015935,-0.004136,0.001402,0.005577,0.005577,0.005577,0.005577,80.58,19.42,4.15,80.09,19.91,4.02,53.07,46.93,1.13,245411.246248,266801.387909,246281.246248,274311.387909,,,,,,,,
2023-10-17,0.05995,0.06013,0.058,0.05899,162371350.4433,83982834,85199912,81710203,83689083,0.002528,0.01,0.001863,0.01,0.001402,0.019246,-0.00051,0.006607,0.005577,0.005577,0.005577,0.005577,77.8,22.2,3.51,75.36,24.64,3.06,51.81,48.19,1.08,165806.89701,120.79584,178026.89701,120.79584,,,,,,,,
2023-10-18,0.059,0.05931,0.05822,0.05854,145547645.2643,83689083,83903054,81703537,83359302,0.01,0.01,-0.004681,-0.002859,0.006607,0.010196,-0.005582,0.006236,0.005577,0.005577,0.005577,0.005577,79.1,20.9,3.79,77.41,22.59,3.43,51.47,48.53,1.06,105416.818178,3343.717048,105416.818178,3343.717048,,,,,,,,
2023-10-19,0.05854,0.05896,0.05721,0.05881,156750061.3275,83359302,86557928,82052116,86557928,-0.002859,0.01,-0.006171,0.01,0.006236,0.012974,-0.007514,0.008446,0.005577,0.005577,0.005577,0.005577,79.17,20.83,3.8,77.06,22.94,3.36,52.7,47.3,1.11,69794.258623,22247.40423,76434.258623,22247.40423,,,,,,,,
2023-10-20,0.05882,0.06046,0.05859,0.05987,216515735.2772,86557928,88538813,83975411,88173989,0.01,0.01,-0.002288,0.01,0.008446,0.010589,0.001114,0.007685,0.005577,0.005577,0.005577,0.005577,80.01,19.99,4.0,78.47,21.53,3.65,52.73,47.27,1.12,24798.365115,75086.13753,24798.365115,75236.13753,,,,,,,,
2023-10-21,0.05988,0.06144,0.05937,0.06117,187836066.0741,88173989,92217976,85858065,88691690,0.01,0.01,-0.000199,0.002326,0.007685,0.013714,0.001433,0.009564,0.005577,0.005577,0.005577,0.005577,74.58,25.42,2.93,71.68,28.32,2.53,52.24,47.76,1.09,36216.689096,51533.181781,36216.689096,52983.181781,,,,,,,,
2023-10-22,0.06117,0.06173,0.05961,0.06167,197895123.3225,88691690,90686634,86115422,90110927,0.002326,0.01,0.001485,0.01,0.009564,0.015155,0.00437,0.010789,0.005577,0.005577,0.005577,0.005577,74.43,25.57,2.91,71.45,28.55,2.5,52.29,47.71,1.1,50012.715674,34791.18943,51462.715674,35091.18943,,,,,,,,
2023-10-23,0.06166,0.06796,0.06127,0.06745,832462303.179,90110927,117281593,89356722,113789186,0.01,0.01,0.00352,0.01,0.010789,0.018338,-0.000662,0.01328,0.005577,0.005577,0.005577,0.005577,74.24,25.76,2.88,71.87,28.13,2.56,53.33,46.67,1.14,292453.549077,977065.696597,292563.549077,1082585.696597,,,,,,,,
2023-10-24,0.06745,0.07013,0.0638,0.06661,828300617.9872,113789186,121711837,102789246,105709860,0.01,0.01,0.01,0.01,0.01328,0.041459,0.006116,0.012944,0.005577,0.005577,0.005577,0.005577,71.93,28.07,2.56,68.02,31.98,2.13,54.62,45.38,1.2,1283295.906792,239233.599981,1345695.906792,277423.599981,,,,,,,,
2023-10-25,0.06661,0.06985,0.06459,0.06836,685062509.4501,105709860,129999958,104768973,126910024,0.01,0.01,0.01,0.01,0.012944,0.020527,0.003105,0.014025,0.005577,0.005577,0.005577,0.005577,75.46,24.54,3.08,74.7,25.3,2.95,56.74,43.26,1.31,288680.856832,129878.540568,290890.856832,132658.540568,,,,,,,,
2023-10-26,0.06835,0.07523,0.06782,0.07189,1216307045.1149,126910024,160410954,125811818,145515799,0.01,0.011116,0.01,0.01,0.014025,0.02989,0.006545,0.00678,0.005577,0.005577,0.005577,0.005577,72.21,27.79,2.6,68.08,31.92,2.13,56.32,43.68,1.29,759962.362011,380542.442639,864492.362011,419532.442639,,,,,,,,
2023-10-27,0.07188,0.07248,0.06703,0.06779,492726577.21,145515799,146968840,126994571,130153298,0.01,0.01,0.01,0.01,0.00678,0.028671,0.00678,0.016016,0.005577,0.005577,0.005577,0.005577,75.42,24.58,3.07,72.9,27.1,2.69,57.73,42.27,1.37,395109.899665,29008.291458,499319.899665,29008.291458,,,,,,,,
2023-10-28,0.06778,0.06988,0.06752,0.06903,275510389.426,130153298,138843492,129943333,131046226,0.01,0.01,0.01,0.01,0.016016,0.017734,0.007544,0.016036,0.005577,0.005577,0.005577,0.005577,78.73,21.27,3.7,78.35,21.65,3.62,59.21,40.79,1.45,69275.505778,41330.894684,69275.505778,41860.894684,,,,,,,,
2023-10-29,0.06903,0.07028,0.06719,0.06939,219401356.1002,131046226,132821494,126587039,130632388,0.01,0.022282,0.01,0.010233,0.016036,0.026107,0.008452,0.013242,0.005577,0.005577,0.005577,0.005577,77.35,22.65,3.42,75.18,24.82,3.03,59.7,40.3,1.48,99868.837197,45384.930531,100278.837197,45384.930531,,,,,,,,
2023-10-30,0.0694,0.07049,0.06752,0.06963,325162049.0012,130632388,136718967,126242923,130867692,0.010233,0.036693,0.01,0.036693,0.013242,0.027712,0.008299,0.02706,0.005577,0.005577,0.005577,0.005577,76.66,23.34,3.28,75.0,25.0,3.0,60.25,39.75,1.52,192107.416639,145750.359556,194197.416639,145870.359556,,,,,,,,
2023-10-31,0.06964,0.07093,0.06549,0.06826,471976480.5127,130867692,140049196,124564301,126351702,0.036693,0.042871,0.01,0.01,0.02706,0.041174,0.008046,0.008235,0.005577,0.005577,0.005577,0.005577,77.56,22.44,3.46,75.54,24.46,3.09,62.39,37.61,1.66,350367.34977,60884.180428,416807.34977,61204.180428,,,,,,,,
2023-11-01,0.06827,0.06977,0.06555,0.06897,429849101.8641,126351702,127861168,117855616,125568273,0.01,0.031753,0.01,0.031721,0.008235,0.028357,0.002925,0.028121,0.005577,0.005577,0.005577,0.005577,78.46,21.54,3.64,77.37,22.63,3.42,62.87,37.13,1.69,297687.561275,108567.956601,310727.561275,112407.956601,,,,,,,,
2023-11-02,0.06898,0.07099,0.06661,0.06793,466342548.1047,125568273,133400652,120161680,121096622,0.031721,0.039953,0.01,0.01,0.028121,0.040499,0.008071,0.010467,0.005577,0.005577,0.005577,0.005577,76.52,23.48,3.26,73.82,26.18,2.82,62.97,37.03,1.7,379829.339616,42775.923645,418019.339616,43155.923645,,,,,,,,
2023-11-03,0.06793,0.06829,0.06619,0.06813,199204709.7245,121096622,123614161,117649964,123401899,0.01,0.020779,0.01,0.01,0.010467,0.023942,0.007244,0.009394,0.005577,0.005577,0.005577,0.005577,79.31,20.69,3.83,77.47,22.53,3.44,63.89,36.11,1.77,321664.688826,20594.124882,322404.688826,20594.124882,,,,,,,,
2023-11-04,0.06812,0.06935,0.06789,0.06914,156583799.429,123401899,126471603,122222153,126203487,0.01,0.027802,0.01,0.012934,0.009394,0.027013,0.009394,0.020635,0.005577,0.005577,0.005577,0.005577,76.12,23.88,3.19,73.59,26.41,2.79,64.79,35.21,1.84,45564.310471,65597.59967,45564.310471,65597.59967,,,,,,,,
2023-11-05,0.06914,0.07179,0.06886,0.07111,403232056.785,126203487,137403745,125381712,136890882,0.012934,0.030437,0.01,0.020959,0.020635,0.028212,0.0118,0.023561,0.005577,0.005577,0.005577,0.005577,74.79,25.21,2.97,73.38,26.62,2.76,66.07,33.93,1.95,182298.431172,87640.456849,182298.431172,91840.456849,,,,,,,,
2023-11-06,0.07112,0.07658,0.07027,0.07643,711429301.8293,136890882,160341271,134203281,159837539,0.020959,0.02457,0.01,0.01,0.023561,0.037257,0.003301,0.01908,0.005577,0.005577,0.005577,0.005577,74.78,25.22,2.97,73.03,26.97,2.71,67.16,32.84,2.05,230496.349806,763537.493045,230796.349806,796967.493045,,,,,,,,
2023-11-07,0.07643,0.07654,0.0715,0.07341,701219255.8787,159837539,160324334,147670129,151765538,0.01,0.010913,0.01,0.01,0.01908,0.036521,0.008392,0.012636,0.005577,0.005577,0.005577,0.005577,72.04,27.96,2.58,71.07,28.93,2.46,69.29,30.71,2.26,1334563.393211,139554.661862,1383283.393211,139554.661862,,,,,,,,
2023-11-08,0.07341,0.07738,0.0728,0.0754,449093958.6356,151765538,169509754,150828500,159063045,0.01,0.010042,0.01,0.01,0.012636,0.02208,0.0005,0.017812,0.005577,0.005577,0.005577,0.005577,75.39,24.61,3.06,75.44,24.56,3.07,71.34,28.66,2.49,98256.404695,201808.438416,98256.404695,203768.438416,,,,,,,,
2023-11-09,0.0754,0.07804,0.06468,0.07358,861991807.5337,159063045,167392172,127351100,133950773,0.01,0.027866,0.01,0.01,0.017812,0.060043,-0.150473,0.006687,0.005577,0.005577,0.005577,0.005577,73.87,26.13,2.83,73.24,26.76,2.74,70.27,29.73,2.36,680657.847403,1067570.203445,1081807.847403,1071790.203445,,,,,,,,
2023-11-10,0.07358,0.07565,0.0724,0.07547,427612639.3578,133950773,139271621,130976039,139077918,0.01,0.030217,0.01,0.020666,0.006687,0.052808,0.006128,0.019473,0.005577,0.005577,0.005577,0.005577,77.93,22.07,3.53,77.1,22.9,3.37,70.42,29.58,2.38,177286.841644,81596.943021,186036.841644,82846.943021,,,,,,,,
2023-11-11,0.07547,0.08198,0.07443,0.0785,1085382320.3598,139077918,180069494,138758013,163222642,0.020666,0.050404,0.016612,0.026008,0.019473,0.062464,0.019259,0.031294,0.005577,0.005577,0.005577,0.005577,76.13,23.87,3.19,74.63,25.37,2.94,70.96,29.04,2.44,513809.209801,520036.212496,527149.209801,542986.212496,,,,,,,,
2023-11-12,0.07851,0.08046,0.075,0.07801,521772673.3873,163222642,165673007,154954466,155891873,0.026008,0.026008,0.01,0.01,0.031294,0.033901,0.010842,0.0172,0.005577,0.005577,0.005577,0.005577,76.14,23.86,3.19,76.73,23.27,3.3,69.86,30.14,2.32,575553.976679,98641.194678,600473.976679,102641.194678,,,,,,,,
2023-11-13,0.07802,0.07963,0.07335,0.07455,645943292.5403,155891873,160512534,141460462,143189847,0.01,0.039595,0.01,0.01,0.0172,0.040477,0.008543,0.009812,0.005577,0.005577,0.005577,0.005577,77.97,22.03,3.54,77.95,22.05,3.54,70.57,29.43,2.4,736429.721468,56391.540636,956609.721468,56391.540636,,,,,,,,
2023-11-14,0.07456,0.07567,0.06835,0.07247,575921253.7642,143189847,144304566,127596673,131055178,0.01,0.034942,0.01,0.01,0.009812,0.031814,0.006883,0.009921,0.005577,0.005577,0.005577,0.005577,82.27,17.73,4.64,81.71,18.29,4.47,72.87,27.13,2.69,2405416.772949,62589.006423,2562766.772949,62589.006423,,,,,,,,
2023-11-15,0.07247,0.0766,0.07228,0.07629,400630864.8495,131055178,141922333,130639126,141574085,0.01,0.035139,0.01,0.018707,0.009921,0.037078,0.007513,0.020312,0.005577,0.005577,0.005577,0.005577,80.76,19.24,4.2,79.18,20.82,3.8,73.07,26.93,2.71,84235.571013,407533.503555,84235.571013,407533.503555,,,,,,,,
2023-11-16,0.07628,0.08354,0.07597,0.07949,1556564928.5013,141574085,191240270,140744558,184702767,0.018707,0.042266,0.014511,0.014873,0.020312,0.040681,0.010152,0.016071,0.005577,0.005577,0.005577,0.005577,73.94,26.06,2.84,71.02,28.98,2.45,72.97,27.03,2.7,1149174.116449,1599957.646841,1265904.116449,1709817.646841,,,,,,,,
2023-11-17,0.07949,0.08763,0.07911,0.08645,2251855056.8042,184702767,253432427,183698656,241084787,0.014873,0.023288,0.01,0.01,0.016071,0.026483,0.006736,0.006736,0.005577,0.005577,0.005577,0.005577,75.42,24.58,3.07,75.89,24.11,3.15,73.6,26.4,2.79,1249299.747222,1046761.830117,1276539.747222,1118891.830117,,,,,,,,
2023-11-18,0.08645,0.08667,0.0792,0.08032,1575097926.343,241084787,245708619,213650109,216640877,0.01,0.01,0.01,0.01,0.006736,0.015978,-0.002818,0.01062,0.005577,0.005577,0.005577,0.005577,70.77,29.23,2.42,69.95,30.05,2.33,71.59,28.41,2.52,1344282.565136,325839.432579,1393672.565136,362049.432579,,,,,,,,
2023-11-19,0.08032,0.08069,0.07739,0.0805,705499026.3593,216640877,216640877,202926895,209304966,0.01,0.01,0.01,0.01,0.01062,0.013477,0.001749,0.011137,0.005577,0.005577,0.005577,0.005577,78.66,21.34,3.69,78.38,21.62,3.63,75.39,24.61,3.06,385518.202093,329005.204179,395098.202093,329005.204179,,,,,,,,
2023-11-20,0.0805,0.0823,0.07642,0.07774,739561786.5197,209304966,218801464,190903818,192629338,0.01,0.023291,0.01,0.012248,0.011137,0.02241,0.007099,0.011922,0.005577,0.005577,0.005577,0.005577,79.4,20.6,3.85,78.8,21.2,3.72,76.68,23.32,3.29,421591.952924,157656.009564,517051.952924,159776.009564,,,,,,,,
2023-11-21,0.07774,0.0788,0.0705,0.07176,777011297.0552,192629338,195254688,145640235,146693724,0.012248,0.016405,0.01,0.01,0.011922,0.021108,0.003397,0.008687,0.005577,0.005577,0.005577,0.005577,81.13,18.87,4.3,80.17,19.83,4.04,78.36,21.64,3.62,1352415.235533,82634.040654,1613285.235533,82634.040654,,,,,,,,
2023-11-22,0.07176,0.07661,0.07153,0.07574,387231561.418,146693724,160225161,146510787,153996403,0.01,0.01,0.01,0.01,0.008687,0.015113,0.005983,0.008451,0.005577,0.005577,0.005577,0.005577,82.3,17.7,4.65,80.5,19.5,4.13,77.58,22.42,3.46,24152.461897,172572.133327,24152.461897,173162.133327,,,,,,,,
2023-11-23,0.07574,0.0764,0.07492,0.0762,248974077.0947,153996403,154999961,147228900,149550761,0.01,0.01,0.01,0.01,0.008451,0.018541,0.008451,0.011205,0.005577,0.005577,0.005577,0.005577,77.32,22.68,3.41,74.01,25.99,2.85,76.09,23.91,3.18,70327.565268,35811.225762,70327.565268,35811.225762,,,,,,,,
2023-11-24,0.07621,0.07866,0.07602,0.07816,384231182.2072,149550761,159140095,149323316,155456712,0.01,0.01,0.01,0.01,0.011205,0.015393,0.003645,0.011045,0.005577,0.005577,0.005577,0.005577,74.03,25.97,2.85,74.49,25.51,2.92,77.32,22.68,3.41,43932.260685,151259.120244,43932.260685,153159.120244,,,,,,,,
2023-11-25,0.07816,0.07917,0.07754,0.07895,246389840.5493,155456712,159228665,153548741,158860847,0.01,0.014106,0.01,0.01,0.011045,0.017135,0.006587,0.010143,0.005577,0.005577,0.005577,0.005577,71.86,28.14,2.55,72.0,28.0,2.57,75.73,24.27,3.12,46819.980384,38465.693042,46849.980384,38465.693042,,,,,,,,
2023-11-26,0.07894,0.07901,0.07524,0.07865,334436343.8593,158860847,158860847,147636187,151058595,0.01,0.013196,0.01,0.01,0.010143,0.013966,0.006364,0.009706,0.005577,0.005577,0.005577,0.005577,71.71,28.29,2.54,72.25,27.75,2.6,76.15,23.85,3.19,334433.733971,55698.606019,334873.733971,55718.606019,,,,,,,,
2023-11-27,0.07865,0.08159,0.07675,0.07883,728372790.5869,151058595,169341359,149677017,160695313,0.01,0.01,0.01,0.01,0.009706,0.015069,0.00356,0.010014,0.005577,0.005577,0.005577,0.005577,72.93,27.07,2.69,73.8,26.2,2.82,78.46,21.54,3.64,625739.863129,389963.279239,668779.863129,398003.279239,,,,,,,,
2023-11-28,0.07883,0.08125,0.07667,0.08087,615449162.3446,160695313,169381156,154743172,168575740,0.01,0.01,0.01,0.01,0.010014,0.018876,0.006567,0.016745,0.005577,0.005577,0.005577,0.005577,73.85,26.15,2.82,73.26,26.74,2.74,77.33,22.67,3.41,234731.711254,85468.775831,235091.711254,87238.775831,,,,,,,,
2023-11-29,0.08086,0.08318,0.07958,0.08047,629237221.7532,168575740,181781763,165876014,171154560,0.01,0.01,0.01,0.01,0.016745,0.016745,0.006701,0.009721,0.005577,0.005577,0.005577,0.005577,67.43,32.57,2.07,68.18,31.82,2.14,72.7,27.3,2.66,267111.859455,272845.508565,267121.859455,274005.508565,,,,,,,,
2023-11-30,0.08046,0.08444,0.0804,0.08347,613376583.6303,171154560,203719590,171065403,197626132,0.01,0.01,0.01,0.01,0.009721,0.015597,0.007419,0.009088,0.005577,0.005577,0.005577,0.005577,68.55,31.45,2.18,70.17,29.83,2.35,72.29,27.71,2.61,89878.343836,385588.521295,89878.343836,390618.521295,,,,,,,,
2023-12-01,0.08347,0.08511,0.0823,0.08385,532057708.2894,197626132,205375532,191321446,195954983,0.01,0.01,0.01,0.01,0.009088,0.014943,0.006417,0.010275,0.005577,0.005577,0.005577,0.005577,65.44,34.56,1.89,66.92,33.08,2.02,70.24,29.76,2.36,151097.194297,240135.33128,151097.194297,240545.33128,,,,,,,,
2023-12-02,0.08385,0.08668,0.08325,0.08623,398383061.5507,195954983,206966259,194790501,206239401,0.01,0.01,0.01,0.01,0.010275,0.016306,0.006904,0.012106,0.005577,0.005577,0.005577,0.005577,66.31,33.69,1.97,66.93,33.07,2.02,71.73,28.27,2.54,50985.041811,665904.189511,50985.041811,674484.189511,,,,,,,,
2023-12-03,0.08623,0.0875,0.08359,0.08574,483194055.5367,206239401,211800366,197181215,203372094,0.01,0.031802,0.01,0.01,0.012106,0.039758,0.009665,0.011996,0.005577,0.005577,0.005577,0.005577,66.3,33.7,1.97,67.61,32.39,2.09,74.03,25.97,2.85,200558.886561,250801.646795,203218.886561,252121.646795,,,,,,,,
2023-12-04,0.08575,0.09271,0.08462,0.09197,1148340026.8247,203372094,237017367,202449107,236661719,0.01,0.04275,0.01,0.01,0.011996,0.081482,0.011996,0.022592,0.005577,0.005577,0.005577,0.005577,68.76,31.24,2.2,70.08,29.92,2.34,74.14,25.86,2.87,690382.516125,1085124.488864,730772.516125,1144754.488864,,,,,,,,
2023-12-05,0.09198,0.09594,0.08726,0.09439,1009627937.8211,236661719,239645800,213045611,230272272,0.01,0.022379,0.01,0.012506,0.022592,0.040147,0.008192,0.033219,0.005577,0.005577,0.005577,0.005577,68.19,31.81,2.14,67.77,32.23,2.1,74.38,25.62,2.9,359574.900029,593655.391577,375394.900029,643135.391577,,,,,,,,
2023-12-06,0.0944,0.10659,0.09344,0.095,2359174006.9776,230272272,283206068,228746560,253707363,0.012506,0.038404,0.01,0.022948,0.033219,0.048061,0.015952,0.025879,0.005577,0.005577,0.005577,0.005577,72.08,27.92,2.58,72.34,27.66,2.62,75.26,24.74,3.04,1702310.888405,1962028.363746,1807510.888405,2179578.363746,,,,,,,,
2023-12-07,0.09501,0.09838,0.093,0.09595,1051850739.8645,253707363,257047220,237510136,247321052,0.022948,0.05289,0.01,0.040236,0.025879,0.048009,0.011605,0.038516,0.005577,0.005577,0.005577,0.005577,76.04,23.96,3.17,77.5,22.5,3.44,74.54,25.46,2.93,849053.705332,177072.685636,865243.705332,179942.685636,,,,,,,,
2023-12-08,0.09595,0.10399,0.09563,0.10174,812787800.3378,247321052,272403264,245494611,265053229,0.040236,0.040236,0.010052,0.03245,0.038516,0.043823,0.019108,0.035403,0.005577,0.005577,0.005577,0.005577,78.19,21.81,3.59,76.37,23.63,3.23,74.47,25.53,2.92,110331.063036,569265.489285,110331.063036,602135.489285,,,,,,,,
2023-12-09,0.10173,0.10498,0.09727,0.09856,890630092.0098,265053229,274686128,242371570,245745387,0.03245,0.065926,0.018774,0.021302,0.035403,0.080506,0.029003,0.031956,0.005577,0.005577,0.005577,0.005577,74.9,25.1,2.98,73.16,26.84,2.73,73.75,26.25,2.81,931486.554074,504049.264201,946056.554074,507209.264201,,,,,,,,
2023-12-10,0.09856,0.10284,0.09669,0.10197,547478008.681,245745387,261174573,242388013,256246312,0.021302,0.048192,0.021302,0.034393,0.031956,0.050337,0.024278,0.042156,0.005577,0.005577,0.005577,0.005577,75.81,24.19,3.13,76.04,23.96,3.17,78.32,21.68,3.61,269071.347248,195248.557155,277241.347248,195368.557155,,,,,,,,
2023-12-11,0.10197,0.10758,0.08902,0.09413,1680377864.9489,256246312,278639560,223076183,224310220,0.034393,0.042753,0.01,0.01,0.042156,0.054661,0.010891,0.011994,0.005577,0.005577,0.005577,0.005577,73.77,26.23,2.81,73.26,26.74,2.74,77.69,22.31,3.48,3071250.910953,1061066.729078,3399970.910953,1080286.729078,,,,,,,,
2023-12-12,0.09413,0.09809,0.0913,0.09385,746639543.4756,224310220,231917874,209918501,215200759,0.01,0.021488,0.01,0.01,0.011994,0.031386,0.007853,0.015397,0.005577,0.005577,0.005577,0.005577,79.98,20.02,4.0,79.64,20.36,3.91,76.72,23.28,3.3,693849.328186,157413.467363,717719.328186,208923.467363,,,,,,,,
2023-12-13,0.09384,0.09759,0.08973,0.09647,650416793.7262,215200759,216221379,197242805,202198923,0.01,0.011078,0.01,0.01,0.015397,0.018298,0.007579,0.011845,0.005577,0.005577,0.005577,0.005577,79.75,20.25,3.94,77.7,22.3,3.48,76.73,23.27,3.3,479677.170567,419032.062823,521517.170567,459742.062823,,,,,,,,
2023-12-14,0.09647,0.09881,0.0929,0.09837,575357053.252,202198923,208499778,198136875,207744389,0.01,0.01,0.01,0.01,0.011845,0.020814,0.008931,0.014267,0.005577,0.005577,0.005577,0.005577,75.77,24.23,3.13,74.79,25.21,2.97,76.85,23.15,3.32,253355.209912,208117.943021,319905.209912,217097.943021,,,,,,,,
2023-12-15,0.09837,0.09887,0.0921,0.09305,432161875.2411,207744389,208625050,189960935,190906773,0.01,0.019785,0.01,0.01,0.014267,0.03088,0.012043,0.012603,0.005577,0.005577,0.005577,0.005577,74.51,25.49,2.92,74.65,25.35,2.95,77.48,22.52,3.44,1115958.094919,26216.43061,1128878.094919,26266.43061,,,,,,,,
2023-12-16,0.09305,0.0973,0.09162,0.09715,437417912.0868,190906773,207133232,187575626,206957518,0.01,0.01,0.01,0.01,0.012603,0.017232,0.008164,0.010118,0.005577,0.005577,0.005577,0.005577,80.79,19.21,4.21,81.18,18.82,4.31,78.96,21.04,3.75,159758.006517,114660.627152,169148.006517,114840.627152,,,,,,,,
2023-12-17,0.09715,0.0979,0.0924,0.09299,437508277.8637,206957518,209778306,188868226,189123251,0.01,0.035784,0.01,0.01,0.010118,0.034768,0.007419,0.015122,0.005577,0.005577,0.005577,0.005577,76.75,23.25,3.3,75.14,24.86,3.02,77.26,22.74,3.4,1167803.152678,52724.575788,1174293.152678,52804.575788,,,,,,,,
2023-12-18,0.093,0.09384,0.08637,0.09215,613759195.82,189123251,190923838,170147822,180999053,0.01,0.01,0.01,0.01,0.015122,0.019463,0.009123,0.010061,0.005577,0.005577,0.005577,0.005577,80.16,19.84,4.04,78.87,21.13,3.73,79.12,20.88,3.79,1969957.546146,131334.454977,2164227.546146,131334.454977,,,,,,,,
2023-12-19,0.09214,0.09355,0.0893,0.09025,414365898.5737,180999053,182138809,175728620,176129743,0.01,0.01,0.01,0.01,0.010061,0.015688,0.007976,0.011567,0.005577,0.005577,0.005577,0.005577,77.78,22.22,3.5,75.8,24.2,3.13,78.18,21.82,3.58,295335.302004,89183.555655,386145.302004,95443.555655,,,,,,,,
2023-12-20,0.09026,0.09343,0.08949,0.09158,505191848.0071,176129743,184625085,173945615,179795132,0.01,0.033831,0.01,0.024142,0.011567,0.045689,0.010557,0.0352,0.005577,0.005577,0.005577,0.005577,80.6,19.4,4.16,80.2,19.8,4.05,78.14,21.86,3.58,185526.866973,101608.495591,192416.866973,112438.495591,,,,,,,,
2023-12-21,0.09158,0.0981,0.09071,0.09509,748859883.5524,179795132,207470664,178168288,194480073,0.024142,0.040055,0.02207,0.033657,0.0352,0.049429,0.025877,0.03857,0.005577,0.005577,0.005577,0.005577,79.54,20.46,3.89,77.84,22.16,3.51,78.02,21.98,3.55,742837.751097,1097089.04485,742837.751097,1105339.04485,,,,,,,,
2023-12-22,0.09509,0.0957,0.092,0.09505,515001412.5195,194480073,202449210,188099622,198829354,0.033657,0.046897,0.027092,0.035185,0.03857,0.060533,0.023203,0.043292,0.005577,0.005577,0.005577,0.005577,75.81,24.19,3.13,74.63,25.37,2.94,77.56,22.44,3.46,403029.974715,49307.498628,409359.974715,49307.498628,,,,,,,,
2023-12-23,0.09505,0.09512,0.09207,0.09353,265301862.7192,198829354,198829354,186517647,191441520,0.035185,0.044166,0.018581,0.03359,0.043292,0.053143,0.01627,0.031059,0.005577,0.005577,0.005577,0.005577,79.03,20.97,3.77,78.11,21.89,3.57,77.63,22.37,3.47,345666.869615,12730.646614,346186.869615,12730.646614,,,,,,,,
2023-12-24,0.09352,0.09498,0.09022,0.09176,467034596.4577,191441520,197403122,182476148,184313238,0.03359,0.048509,0.02311,0.02311,0.031059,0.048091,0.024294,0.024294,0.005577,0.005577,0.005577,0.005577,81.4,18.6,4.38,81.43,18.57,4.39,79.79,20.21,3.95,329821.925664,40091.773159,332931.925664,40091.773159,,,,,,,,
2023-12-25,0.09176,0.09564,0.09127,0.09445,367096242.8603,184313238,198901601,184156385,197130767,0.02311,0.066492,0.015738,0.05368,0.024294,0.077934,0.01841,0.062773,0.024429,0.07425,0.017727,0.060206,82.75,17.25,4.8,81.81,18.19,4.5,81.39,18.61,4.37,60495.017124,76917.566655,60495.017124,76917.566655,,,,,,,,
2023-12-26,0.09445,0.09456,0.0855,0.09143,503176703.9237,197130767,198289696,179685515,183903996,0.05368,0.06063,0.01,0.01,0.062773,0.065258,0.014049,0.014445,0.060206,0.062794,0.012406,0.012622,79.52,20.48,3.88,81.81,18.19,4.5,80.31,19.69,4.08,687163.279411,38085.580137,798053.279411,38085.580137,,,,,,,,
2023-12-27,0.09144,0.09397,0.08959,0.09378,382952015.9952,183903996,191855337,179735739,191851032,0.01,0.057258,0.01,0.047782,0.014445,0.06538,0.013072,0.05594,0.012622,0.06189,0.008114,0.05401,84.04,15.96,5.27,81.81,18.19,4.5,81.85,18.15,4.51,55682.736414,137288.771384,55682.736414,137438.771384,,,,,,,,
2023-12-28,0.09378,0.0951,0.09108,0.0918,451184104.5103,191851032,196273458,179222844,182401224,0.047782,0.066715,0.03901,0.039439,0.05594,0.076451,0.036073,0.041523,0.05401,0.073749,0.037804,0.040707,79.48,20.52,3.87,81.81,18.19,4.5,81.21,18.79,4.32,326704.666336,42020.32726,329144.666336,42020.32726,,,,,,,,
2023-12-29,0.09181,0.0931,0.08754,0.09103,415031699.1746,182401224,191709312,178075253,180555782,0.039439,0.061982,0.01,0.01,0.041523,0.059378,0.0234,0.023409,0.040707,0.057259,0.022483,0.022483,82.36,17.64,4.67,81.81,18.19,4.5,81.84,18.16,4.51,513121.065443,48821.888874,621191.065443,48821.888874,,,,,,,,
2023-12-30,0.09102,0.09151,0.08925,0.09007,201579278.1616,180555782,183407897,179091926,179750864,0.01,0.040406,0.01,0.029185,0.023409,0.038673,0.014815,0.028863,0.022483,0.045578,0.011851,0.028607,85.17,14.83,5.74,81.81,18.19,4.5,82.08,17.92,4.58,131851.930741,15339.38467,131851.930741,15339.38467,,,,,,,,
2023-12-31,0.09007,0.091,0.088,0.08957,182532905.1532,179750864,181526913,174710927,178130792,0.029185,0.036556,0.01962,0.022222,0.028863,0.039467,0.024114,0.028787,0.028607,0.043256,0.023457,0.028285,84.65,15.35,5.52,81.81,18.19,4.5,82.24,17.76,4.63,481126.674049,6519.46611,506746.674049,6519.46611,,,,,,,,
2024-01-01,0.08958,0.0922,0.08852,0.09209,199675666.336,178130792,182539629,175745305,182401872,0.022222,0.057806,0.016579,0.056374,0.028787,0.054907,0.020929,0.05453,0.028285,0.056774,0.020905,0.056564,85.56,14.44,5.93,81.81,18.19,4.5,81.91,18.09,4.53,79750.387566,97023.687074,79750.387566,97023.687074,,,,,,,,
2024-01-02,0.09208,0.0945,0.0904,0.09115,444095405.2506,182401872,193281485,181987012,184647432,0.056374,0.079869,0.03784,0.03784,0.05453,0.083597,0.043104,0.043171,0.056564,0.082098,0.042085,0.042105,82.21,17.79,4.62,81.81,18.19,4.5,82.74,17.26,4.79,361088.350212,105696.586993,361808.350212,110116.586993,,,,,,,,
2024-01-03,0.09116,0.09222,0.07358,0.08197,835286587.4918,184647432,188542268,137939571,138489465,0.03784,0.043185,0.009653,0.01,0.043171,0.052423,0.005414,0.011624,0.042105,0.051739,0.000214,0.013079,84.35,15.65,5.39,81.81,18.19,4.5,81.9,18.1,4.53,1601543.284811,105247.340763,1989673.284811,105257.340763,,,,,,,,
2024-01-04,0.08198,0.08466,0.08091,0.084,382232035.1605,138489465,139297621,134144915,135022061,0.01,0.01,0.01,0.01,0.011624,0.015319,0.004824,0.007009,0.013079,0.017636,-0.000532,0.006028,84.99,15.01,5.66,81.81,18.19,4.5,79.67,20.33,3.92,54478.268168,48698.323436,54478.268168,48708.323436,,,,,,,,
2024-01-05,0.084,0.08482,0.07855,0.08266,510354427.8697,135022061,136804026,128893643,129384673,0.01,0.01,0.01,0.01,0.007009,0.017382,0.007009,0.010572,0.006028,0.0231,0.005246,0.010033,82.76,17.24,4.8,81.81,18.19,4.5,77.17,22.83,3.38,330729.342852,34668.458914,359079.342852,34668.458914,,,,,,,,
2024-01-06,0.08267,0.08268,0.0783,0.08058,341940238.8531,129384673,129506307,120794383,125098960,0.01,0.01,0.01,0.01,0.010572,0.013749,0.007272,0.010154,0.010033,0.019222,0.005352,0.009183,83.22,16.78,4.96,81.81,18.19,4.5,77.95,22.05,3.54,590363.321572,15934.628692,647663.321572,15934.628692,,,,,,,,
2024-01-07,0.08057,0.08151,0.07695,0.07821,320794206.6164,125098960,127467742,116186624,117220713,0.01,0.01,0.01,0.01,0.010154,0.015928,0.007064,0.00898,0.009183,0.021882,0.005063,0.00808,83.05,16.95,4.9,81.81,18.19,4.5,76.08,23.92,3.18,475635.308042,24523.75281,489005.308042,24523.75281,,,,,,,,
2024-01-08,0.0782,0.08176,0.07408,0.08134,527965536.6488,117220713,118951485,107604290,112403217,0.01,0.01,0.01,0.01,0.00898,0.016662,0.005364,0.010658,0.00808,0.020361,0.002929,0.010542,83.3,16.7,4.99,81.81,18.19,4.5,71.68,28.32,2.53,394656.069226,538701.296329,507636.069226,538801.296329,,,,,,,,
2024-01-09,0.08133,0.08405,0.07608,0.07923,931055104.1745,112403217,125969585,103243311,111294994,0.01,0.01,0.01,0.01,0.010658,0.012864,0.00863,0.011532,0.010542,0.014206,0.006534,0.010809,79.85,20.15,3.96,81.81,18.19,4.5,72.01,27.99,2.57,493327.614757,165418.383836,624707.614757,169048.383836,,,,,,,,
2024-01-10,0.07922,0.08498,0.07617,0.08309,575401371.9446,111294994,114234123,104035307,111050959,0.01,0.01,0.01,0.01,0.011532,0.01473,0.004171,0.010001,0.010809,0.016223,-0.000352,0.009816,81.68,18.32,4.46,81.81,18.19,4.5,69.79,30.21,2.31,283198.414979,370655.901589,293688.414979,373275.901589,,,,,,,,
2024-01-11,0.0831,0.08795,0.08202,0.08457,653015516.1449,111050959,115540326,107209763,109160306,0.01,0.01,0.01,0.01,0.010001,0.014008,0.007371,0.013338,0.009816,0.014937,0.004787,0.013456,79.76,20.24,3.94,81.81,18.19,4.5,69.63,30.37,2.29,301490.393019,214894.989508,316750.393019,215804.989508,,,,,,,,
2024-01-12,0.08457,0.08552,0.07768,0.08008,483254322.1639,109160306,117912524,103756963,106522867,0.01,0.01,0.01,0.01,0.013338,0.019408,0.008825,0.010569,0.013456,0.024975,0.00765,0.009053,79.78,20.22,3.95,81.81,18.19,4.5,69.74,30.26,2.31,799089.069866,32218.61883,906129.069866,32218.61883,,,,,,,,
2024-01-13,0.08008,0.08139,0.07858,0.08093,215223748.8658,106522867,109418958,105211220,106538818,0.01,0.01,0.01,0.01,0.010569,0.012021,0.003097,0.008598,0.009053,0.012142,-0.00024,0.008721,83.64,16.36,5.11,81.81,18.19,4.5,69.79,30.21,2.31,33630.613015,9306.81893,33630.613015,9316.81893,,,,,,,,
2024-01-14,0.08093,0.08394,0.07965,0.08003,386080068.7237,106538818,116008442,104430578,106360151,0.01,0.01,0.01,0.01,0.008598,0.014019,0.004329,0.010787,0.008721,0.016159,0.000359,0.010248,83.04,16.96,4.9,81.81,18.19,4.5,71.38,28.62,2.49,246247.367806,48246.051814,271977.367806,52386.051814,,,,,,,,
2024-01-15,0.08002,0.0818,0.07986,0.08108,224861516.0524,106360151,109012988,104607171,106745071,0.01,0.01,0.01,0.01,0.010787,0.014873,0.005355,0.010362,0.010248,0.017615,0.002669,0.009862,82.9,17.1,4.85,81.81,18.19,4.5,70.11,29.89,2.35,114117.48433,10129.356552,114117.48433,10129.356552,,,,,,,,
2024-01-16,0.08108,0.0826,0.07984,0.08136,267321310.397,106745071,113465302,106745071,110083207,0.01,0.01,0.01,0.01,0.010362,0.015854,0.002621,0.009273,0.009862,0.020344,-0.002186,0.00966,79.84,20.16,3.96,81.81,18.19,4.5,72.13,27.87,2.59,96893.076461,19078.171085,96973.076461,19078.171085,,,,,,,,
2024-01-17,0.08136,0.08162,0.0793,0.0806,202593500.6166,110083207,111692650,106957310,108306637,0.01,0.01,0.01,0.01,0.009273,0.013048,0.006597,0.011117,0.00966,0.014315,0.005344,0.010741,80.28,19.72,4.07,81.81,18.19,4.5,71.9,28.1,2.56,111705.608668,916.28821,111715.608668,916.28821,,,,,,,,
2024-01-18,0.08059,0.08083,0.07683,0.07809,281987319.8829,108306637,109991254,105551252,106849312,0.01,0.01,0.01,0.01,0.011117,0.021859,0.010193,0.012646,0.010741,0.024341,0.009312,0.012111,81.2,18.8,4.32,81.81,18.19,4.5,72.28,27.72,2.61,363849.540006,5618.249042,426507.923982,5618.249042,,,,,,,,
2024-01-19,0.07808,0.07886,0.07479,0.07858,317500773.4357,106849312,109622126,105389552,109584630,0.01,0.01,0.01,0.01,0.012646,0.020794,0.01092,0.02078,0.012111,0.018038,0.007697,0.017429,82.69,17.31,4.78,81.81,18.19,4.5,73.3,26.7,2.75,968852.799901,71966.364302,1065798.021022,72146.364302,,,,,,,,
2024-01-20,0.07858,0.09056,0.07821,0.08776,674977070.7439,109584630,159734821,109376827,156171382,0.01,0.01,0.01,0.01,0.02078,0.063814,0.012293,0.014729,0.017429,0.066854,0.00699,0.00699,81.0,19.0,4.26,81.81,18.19,4.5,73.16,26.84,2.73,148175.657445,719637.852461,148175.657445,748682.254165,,,,,,,,
2024-01-21,0.08775,0.09048,0.08469,0.08547,979237003.1952,156171382,174663285,155559412,158625310,0.01,0.01,0.01,0.01,0.014729,0.026199,-0.116817,0.017118,0.00699,0.026818,-0.102964,0.014705,70.85,29.15,2.43,81.81,18.19,4.5,68.75,31.25,2.2,890195.148117,218026.499148,912791.626585,218471.230158,,,,,,,,
2024-01-22,0.08548,0.08563,0.08004,0.08055,676482536.4106,158625310,159047509,135168872,137408662,0.01,0.01,0.01,0.01,0.017118,0.021665,0.012209,0.014095,0.014705,0.018865,0.008605,0.01038,76.64,23.36,3.28,81.81,18.19,4.5,71.68,28.32,2.53,1488919.4947,143930.689154,1535917.302579,145335.905154,,,,,,,,
2024-01-23,0.08056,0.08188,0.07587,0.07817,473628824.6534,137408662,139524323,123895991,126471601,0.01,0.01,0.01,0.01,0.014095,0.018252,0.004219,0.008384,0.01038,0.01949,-0.001546,0.005695,82.76,17.24,4.8,81.81,18.19,4.5,74.68,25.32,2.95,683700.988175,33568.95711,850941.817953,33576.96665,,,,,,,,
2024-01-24,0.07816,0.08063,0.0776,0.07904,321445470.5054,126471601,132636827,123472765,125392569,0.01,0.01,0.01,0.01,0.008384,0.015344,0.007537,0.014772,0.005695,0.013854,0.004618,0.012335,82.73,17.27,4.79,81.81,18.19,4.5,73.26,26.74,2.74,127729.893595,103022.932165,130818.227089,144043.135345,,,,,,,,
2024-01-25,0.07904,0.07926,0.07708,0.07793,231939968.2714,125392569,130252844,123137001,124071244,0.01,0.01,0.01,0.01,0.014772,0.014991,0.006266,0.01189,0.012335,0.015028,-0.00145,0.009824,79.86,20.14,3.97,81.81,18.19,4.5,73.87,26.13,2.83,174069.320798,2036.023012,182125.98503,2036.023012,,,,,,,,
2024-01-26,0.07794,0.08032,0.07751,0.07984,227738653.7549,124071244,128828975,122977453,128131196,0.01,0.01,0.01,0.01,0.01189,0.019607,0.007569,0.011221,0.009824,0.02204,0.001802,0.007915,81.91,18.09,4.53,81.81,18.19,4.5,74.54,25.46,2.93,45878.413423,77833.757554,45878.413423,78413.757554,,,,,,,,
2024-01-27,0.07985,0.0807,0.07899,0.0801,146923059.0645,128131196,131652421,126731073,130352070,0.01,0.01,0.01,0.01,0.011221,0.014433,0.006464,0.012739,0.007915,0.016739,0.002135,0.009029,78.57,21.43,3.67,81.81,18.19,4.5,76.26,23.74,3.21,69279.659579,38146.420665,69295.519579,38146.420665,,,,,,,,
2024-01-28,0.0801,0.08148,0.07813,0.07879,216760763.9319,130352070,137109533,128172359,129505352,0.01,0.01,0.01,0.01,0.012739,0.014882,0.007835,0.011302,0.009029,0.013038,0.003173,0.007564,79.07,20.93,3.78,81.81,18.19,4.5,75.35,24.65,3.06,235802.084334,104023.133668,241764.502563,104045.225018,,,,,,,,
2024-01-29,0.0788,0.08305,0.07814,0.08135,483379968.6595,129505352,148035026,128914364,144900999,0.01,0.01,0.01,0.01,0.011302,0.094906,-0.000041,0.089454,0.007564,0.053989,-0.006406,0.051926,79.12,20.88,3.79,81.81,18.19,4.5,76.51,23.49,3.26,121688.589291,203210.172462,128623.202712,234086.701237,,,,,,,,
2024-01-30,0.08135,0.08216,0.07934,0.0797,251714765.4823,144900999,147836950,140863819,141300646,0.01,0.01,0.005646,0.01,0.089454,0.089454,0.02039,0.027487,0.051926,0.051926,0.01457,0.016207,76.17,23.83,3.2,81.81,18.19,4.5,76.1,23.9,3.18,323599.739133,14091.33523,332489.128485,19105.388002,,,,,,,,
2024-01-31,0.0797,0.08026,0.0779,0.0787,229573230.2657,141300646,142725728,133845602,135009316,0.01,0.01,0.01,0.01,0.027487,0.027487,0.011044,0.017264,0.016207,0.016207,0.006548,0.010931,79.27,20.73,3.82,81.81,18.19,4.5,75.53,24.47,3.09,385888.481592,5236.59029,404535.080262,5427.298358,,,,,,,,
2024-02-01,0.0787,0.07983,0.0772,0.07933,170858139.863,135009316,138407988,132923905,136172314,0.01,0.01,0.008196,0.01,0.017264,0.028699,0.007855,0.015644,0.010931,0.021675,-0.001867,0.011421,81.38,18.62,4.37,81.81,18.19,4.5,75.61,24.39,3.1,80157.926707,27848.418604,94269.359037,27848.418604,,,,,,,,
2024-02-02,0.07933,0.07994,0.07854,0.07925,145365411.7227,136172314,138912920,135575906,137245712,0.01,0.01,0.01,0.01,0.015644,0.026431,0.01175,0.02019,0.011421,0.014681,0.003832,0.010962,80.17,19.83,4.04,81.81,18.19,4.5,76.42,23.58,3.24,28750.40427,5832.018872,28873.9155,5832.018872,,,,,,,,
2024-02-03,0.07925,0.0795,0.0785,0.07872,86757140.9163,137245712,139112496,136487964,138407135,0.01,0.01,0.007456,0.01,0.02019,0.025946,0.010351,0.016618,0.010962,0.023897,0.005598,0.010675,79.91,20.09,3.98,81.81,18.19,4.5,75.95,24.05,3.16,39309.31514,11.77797,39408.805016,11.77797,,,,,,,,
2024-02-04,0.07871,0.07996,0.0775,0.07828,141160428.4998,138407135,140983647,134288396,134934310,0.01,0.01,0.01,0.01,0.016618,0.020151,0.010155,0.014268,0.010675,0.020778,0.004098,0.010631,81.42,18.58,4.38,81.81,18.19,4.5,75.43,24.57,3.07,97259.010118,2939.59836,97755.839188,2954.49246,,,,,,,,
2024-02-05,0.07827,0.08031,0.07726,0.07831,216995165.5063,134934310,138013035,131603024,134409701,0.01,0.01,0.01,0.01,0.014268,0.02806,0.00647,0.016271,0.010631,0.01743,0.000797,0.010254,82.12,17.88,4.59,81.81,18.19,4.5,75.91,24.09,3.15,338459.395737,48927.664514,339323.990697,49043.649474,,,,,,,,
2024-02-06,0.07831,0.07922,0.07768,0.07849,129651558.3528,134409701,135549312,132598908,132715581,0.01,0.01,0.01,0.01,0.016271,0.022662,0.011428,0.01332,0.010254,0.020132,0.007615,0.008922,83.37,16.63,5.01,81.81,18.19,4.5,76.66,23.34,3.28,29097.968982,6624.31011,29097.968982,6624.31011,,,,,,,,
2024-02-07,0.07848,0.08032,0.07812,0.08013,154759836.0234,132715581,138794553,131751345,138683128,0.01,0.01,0.01,0.01,0.01332,0.025981,0.00577,0.016113,0.008922,0.020822,0.004483,0.010568,81.04,18.96,4.27,81.81,18.19,4.5,78.0,22.0,3.55,52247.945549,44937.31985,52247.945549,44940.17753,,,,,,,,
2024-02-08,0.08012,0.08086,0.07952,0.07986,193886794.8456,138683128,144484987,138199152,140910355,0.01,0.01,0.01,0.01,0.016113,0.026649,0.009727,0.019073,0.010568,0.024927,0.005163,0.009387,78.3,21.7,3.61,81.81,18.19,4.5,79.67,20.33,3.92,21488.357215,37612.50597,23100.776905,37692.50597,,,,,,,,
2024-02-09,0.07986,0.08223,0.07985,0.08157,276928952.7883,140910355,151567965,140910355,151567770,0.01,0.01,0.01,0.01,0.019073,0.037954,0.011367,0.021748,0.009387,0.017602,0.008034,0.013568,79.07,20.93,3.78,81.81,18.19,4.5,81.4,18.6,4.38,94289.697521,76689.791635,94416.247151,92818.069913,,,,,,,,
2024-02-10,0.08156,0.08217,0.08028,0.08141,149462123.0881,151567770,153957864,149165661,151314363,0.01,0.01,0.01,0.01,0.021748,0.031122,0.011252,0.022233,0.013568,0.024778,-0.000734,0.012196,77.49,22.51,3.44,81.81,18.19,4.5,81.81,18.19,4.5,100991.36783,13588.764362,101285.779125,13605.639002,,,,,,,,
2024-02-11,0.0814,0.0838,0.08071,0.08123,270942198.402,151314363,160214137,150931784,152470149,0.01,0.01,0.01,0.01,0.022233,0.028206,0.014828,0.017277,0.012196,0.018324,0.005591,0.013263,78.28,21.72,3.6,81.81,18.19,4.5,82.0,18.0,4.56,112675.142102,57410.868317,113137.909057,62523.213627,,,,,,,,
2024-02-12,0.08122,0.08292,0.0794,0.08229,311168062.9864,152470149,159627340,148888176,158044209,0.01,0.01,0.01,0.01,0.017277,0.031241,0.010818,0.031121,0.013263,0.022852,0.003747,0.022325,79.19,20.81,3.81,81.81,18.19,4.5,83.05,16.95,4.9,250665.353037,62487.327215,267623.306601,67717.370311,,,,,,,,
2024-02-13,0.08228,0.08309,0.07962,0.0811,312428274.1626,158044209,165208085,158044209,161520976,0.01,0.02957,0.01,0.018707,0.031121,0.045949,0.024875,0.028599,0.022325,0.038864,0.020549,0.024336,77.11,22.89,3.37,81.81,18.19,4.5,81.78,18.22,4.49,217859.919711,38194.985799,240772.267893,38294.985799,,,,,,,,
2024-02-14,0.08111,0.08709,0.08052,0.08558,620126007.7974,161520976,197181303,159902464,192045517,0.018707,0.045166,0.01,0.038161,0.028599,0.050061,0.017242,0.04696,0.024336,0.047008,0.007122,0.040218,80.74,19.26,4.19,81.81,18.19,4.5,81.34,18.66,4.36,106749.996842,293953.95064,106968.828402,351142.373325,,,,,,,,
2024-02-15,0.08557,0.08831,0.08394,0.08534,548614860.6644,192045517,200254423,182863415,186257608,0.038161,0.041179,0.01,0.022411,0.04696,0.054816,0.018833,0.035181,0.040218,0.047796,0.010268,0.023843,76.13,23.87,3.19,81.81,18.19,4.5,78.81,21.19,3.72,317841.292921,202538.061643,319046.416941,204431.253308,,,,,,,,
2024-02-16,0.08534,0.08811,0.08391,0.08595,395113015.0824,186257608,196520689,182366510,187053602,0.022411,0.034819,0.01,0.023349,0.035181,0.047432,0.022374,0.03058,0.023843,0.037857,0.012706,0.022183,79.04,20.96,3.77,81.81,18.19,4.5,81.56,18.44,4.42,251373.979102,80485.242872,261400.428572,82105.242872,,,,,,,,
2024-02-17,0.08596,0.08613,0.08188,0.08361,282188056.3208,187053602,187779625,175726160,179962693,0.023349,0.029094,0.01,0.011838,0.03058,0.041871,0.020315,0.024905,0.022183,0.031735,0.008952,0.015945,78.31,21.69,3.61,81.81,18.19,4.5,82.26,17.74,4.64,293325.750128,29594.72842,306669.602098,29594.72842,,,,,,,,
2024-02-18,0.08362,0.0858,0.08284,0.08523,259861729.0971,179962693,184643280,178044275,181721116,0.011838,0.02698,0.01,0.023692,0.024905,0.040023,0.017323,0.038165,0.015945,0.037078,0.005281,0.034862,81.18,18.82,4.31,81.81,18.19,4.5,82.57,17.43,4.74,100741.344994,55283.266835,100741.344994,55290.277835,,,,,,,,
2024-02-19,0.08523,0.09091,0.08508,0.08949,528214563.67,181721116,204073219,181146195,199963646,0.023692,0.044496,0.018626,0.029196,0.038165,0.051968,0.03075,0.045711,0.034862,0.047385,0.024829,0.037426,78.59,21.41,3.67,81.81,18.19,4.5,82.03,17.97,4.57,64046.292738,841364.425065,64046.292738,867475.104423,,,,,,,,
2024-02-20,0.08949,0.09171,0.08181,0.08618,604956014.9898,199963646,206420668,171854323,176282197,0.029196,0.033548,0.01,0.01,0.045711,0.053514,0.015157,0.015975,0.037426,0.045644,0.007971,0.010865,74.97,25.03,3.0,81.81,18.19,4.5,81.79,18.21,4.49,1657274.734511,54858.613641,1762836.587131,70598.613641,,,,,,,,
2024-02-21,0.08619,0.08633,0.08196,0.08462,345041880.5514,176282197,176456223,162927809,167317316,0.01,0.01,0.01,0.01,0.015975,0.024616,0.015252,0.01967,0.010865,0.020265,0.006544,0.015796,82.34,17.66,4.66,81.81,18.19,4.5,82.52,17.48,4.72,405542.29523,16660.40196,462774.909062,19183.901856,,,,,,,,
2024-02-22,0.08462,0.0856,0.08306,0.08417,252173552.5903,167317316,169261298,163517299,164404522,0.01,0.03861,0.01,0.028646,0.01967,0.042794,0.017598,0.030874,0.015796,0.035257,0.009571,0.026815,80.83,19.17,4.22,81.81,18.19,4.5,81.58,18.42,4.43,167638.403726,19055.960592,167643.791246,21244.520592,,,,,,,,
2024-02-23,0.08417,0.08562,0.0829,0.08457,310304766.5803,164404522,172543793,162447979,169948947,0.028646,0.036485,0.013767,0.027854,0.030874,0.038398,0.018802,0.028559,0.026815,0.034159,0.014479,0.026457,80.23,19.77,4.06,81.81,18.19,4.5,82.68,17.32,4.77,212017.2091,36301.77799,212850.9448,36546.05713,,,,,,,,
2024-02-24,0.08457,0.08645,0.0839,0.08622,223890007.0417,169948947,178798935,168756429,177701350,0.027854,0.043165,0.018436,0.036611,0.028559,0.046167,0.02372,0.037899,0.026457,0.039744,0.016833,0.032686,80.87,19.13,4.23,81.81,18.19,4.5,82.61,17.39,4.75,26339.838394,15646.463336,26339.838394,15686.463336,,,,,,,,
2024-02-25,0.08622,0.08689,0.08527,0.08618,213089447.4031,177701350,182532530,176912083,179254769,0.036611,0.054831,0.016403,0.054523,0.037899,0.054848,0.022774,0.054488,0.032686,0.048757,0.015184,0.048419,79.13,20.87,3.79,81.81,18.19,4.5,83.29,16.71,4.98,62351.046462,16934.09194,62351.046462,17094.09194,,,,,,,,
2024-02-26,0.08619,0.09015,0.08421,0.08933,390149690.8606,179254769,194840488,172875351,194103870,0.054523,0.054523,0.015409,0.039748,0.054488,0.054488,0.026222,0.042784,0.048419,0.050269,0.022704,0.036396,80.41,19.59,4.11,81.81,18.19,4.5,83.62,16.38,5.11,255823.908435,205581.374673,255936.818975,209441.730223,,,,,,,,
2024-02-27,0.08933,0.10071,0.08856,0.09768,1462665526.0273,194103870,247008454,192905792,237652552,0.039748,0.09366,0.033073,0.040001,0.042784,0.087939,0.03603,0.049516,0.036396,0.081921,0.026997,0.039891,76.43,23.57,3.24,81.81,18.19,4.5,81.89,18.11,4.52,630395.348118,1685583.421283,641115.830578,1760749.605621,,,,,,,,
2024-02-28,0.09769,0.12369,0.0941,0.11596,2904878268.4029,237652552,326089199,228714834,302429877,0.040001,0.084561,0.021823,0.040753,0.049516,0.230743,0.037464,0.109173,0.039891,0.185631,0.026727,0.077838,77.3,22.7,3.41,81.81,18.19,4.5,79.76,20.24,3.94,2023965.052745,2902313.919301,2568346.890655,3582584.956962,,,,,,,,
2024-02-29,0.11597,0.13523,0.11133,0.11743,3085152220.2848,302429877,366764730,291776225,303376475,0.040753,0.096963,0.04028,0.06996,0.109173,0.167629,0.077737,0.086309,0.077838,0.127903,0.048069,0.078206,79.11,20.89,3.79,81.81,18.19,4.5,79.12,20.88,3.79,3192048.470802,1759149.271392,3620197.185735,1901557.636524,,,,,,,,
2024-03-01,0.11743,0.1458,0.11702,0.13953,2466996646.8126,303376475,383407873,296160246,369896658,0.06996,0.08077,0.051347,0.068342,0.086309,0.105768,0.056849,0.102162,0.078206,0.086843,0.049749,0.08102,83.29,16.71,4.98,81.81,18.19,4.5,84.17,15.83,5.32,984489.110252,2680221.77205,1014832.918082,2905524.540822,,,,,,,,
2024-03-02,0.13952,0.15147,0.13601,0.14219,2159312961.7874,369896658,402867621,342425386,356061703,0.068342,0.099394,0.061388,0.061388,0.102162,0.166771,0.072956,0.115244,0.08102,0.127769,0.060441,0.077966,75.92,24.08,3.15,81.81,18.19,4.5,82.6,17.4,4.75,2137676.219213,1722787.813762,2387496.040586,1857459.967478,,,,,,,,
2024-03-03,0.14218,0.15655,0.1199,0.15365,2256911818.8938,356061703,413057720,303948687,407286238,0.061388,0.099659,0.044381,0.072653,0.115244,0.166613,0.064379,0.153546,0.077966,0.122495,0.044578,0.10098,81.06,18.94,4.28,81.81,18.19,4.5,82.81,17.19,4.82,1941572.274354,1521797.18233,2224974.163307,1588504.720943,,,,,,,,
2024-03-04,0.15366,0.18586,0.14451,0.18218,3945478694.4942,407286238,489215902,381003166,461942094,0.072653,0.086049,0.048036,0.051611,0.153546,0.184822,0.062888,0.090282,0.10098,0.116748,0.02778,0.053749,75.51,24.49,3.08,81.81,18.19,4.5,82.99,17.01,4.88,2396576.011216,3071206.886221,2774995.267322,3541629.481207,,,,,,,,
2024-03-05,0.18216,0.20711,0.12035,0.15302,5823715517.2135,461942094,543894199,341496269,354135092,0.051611,0.123407,0.01,0.01,0.090282,0.236547,0.045814,0.045814,0.053749,0.167682,0.012918,0.012918,79.06,20.94,3.78,81.81,18.19,4.5,85.17,14.83,5.74,6568443.076996,3584720.414427,9678366.813296,4191233.751375,,,,,,,,
2024-03-06,0.15306,0.17997,0.14607,0.15797,2705639158.0975,354135092,413254956,333158110,347500176,0.01,0.042531,0.01,0.01818,0.045814,0.07742,0.016126,0.041572,0.012918,0.056583,0.004286,0.029878,82.0,18.0,4.56,81.81,18.19,4.5,83.29,16.71,4.98,2160370.10932,1732608.394095,2598995.061457,1789993.749236,,,,,,,,
2024-03-07,0.15797,0.16245,0.1466,0.15781,1939778862.2387,347500176,360799147,331465778,355901570,0.01818,0.056249,0.015898,0.055666,0.041572,0.096172,0.032284,0.063474,0.029878,0.06985,0.024731,0.052707,82.83,17.17,4.82,81.81,18.19,4.5,83.81,16.19,5.18,1852002.390887,835007.5683,2291615.311783,899940.237651,,,,,,,,
2024-03-08,0.15783,0.17631,0.15467,0.16467,2543778782.2981,355901570,423159440,350066824,383871898,0.055666,0.074143,0.036961,0.036961,0.063474,0.091808,0.051827,0.051827,0.052707,0.07364,0.037402,0.037402,82.67,17.33,4.77,81.81,18.19,4.5,80.28,19.72,4.07,1223949.379067,2532849.168243,1692115.249889,2604884.387062,,,,,,,,
2024-03-09,0.16466,0.18511,0.16311,0.17901,1963611310.8317,383871898,456203706,382596641,453377462,0.036961,0.09471,0.033535,0.092299,0.051827,0.113749,0.042355,0.111279,0.037402,0.094017,0.031316,0.092052,81.4,18.6,4.38,81.81,18.19,4.5,83.29,16.71,4.98,774505.726248,1018154.651854,845989.142442,1056097.473053,,,,,,,,
2024-03-10,0.17901,0.1799,0.16542,0.17007,1375460723.2582,453377462,456957004,386280494,398643291,0.092299,0.094836,0.046394,0.047646,0.111279,0.117502,0.055109,0.056904,0.092052,0.095059,0.046311,0.049455,81.3,18.7,4.35,81.81,18.19,4.5,82.1,17.9,4.59,1495714.397017,150035.126523,1933792.52148,161030.120314,,,,,,,,
2024-03-11,0.17008,0.18349,0.15958,0.18236,1630190550.2323,398643291,446721408,369279622,444896496,0.047646,0.121935,0.040338,0.086508,0.056904,0.143547,0.048085,0.118053,0.049455,0.117814,0.042645,0.095459,85.29,14.71,5.8,81.81,18.19,4.5,84.16,15.84,5.31,706690.033093,305473.150881,929979.013407,549724.205443,,,,,,,,
2024-03-12,0.18236,0.18389,0.15115,0.16827,1570445059.868,444896496,448222912,363347571,378771676,0.086508,0.103125,0.040263,0.044808,0.118053,0.148546,0.048569,0.053987,0.095459,0.110843,0.037767,0.037767,76.27,23.73,3.21,81.81,18.19,4.5,84.34,15.66,5.39,2016303.46261,342365.738564,2548157.923989,348589.173754,,,,,,,,
2024-03-13,0.16827,0.17475,0.16488,0.16911,1090197159.1884,378771676,400316896,373351880,381403757,0.044808,0.092575,0.044402,0.046693,0.053987,0.114674,0.053803,0.068147,0.037767,0.096821,0.037763,0.054113,82.29,17.71,4.65,81.81,18.19,4.5,80.0,20.0,4.0,369531.944539,242714.979989,451263.590646,255420.199122,,,,,,,,
2024-03-14,0.16911,0.19394,0.16392,0.17742,4104041287.3116,381403757,500863871,377552796,413543215,0.046693,0.089101,0.034342,0.038144,0.068147,0.130338,0.05021,0.056373,0.054113,0.092502,0.035207,0.037981,81.95,18.05,4.54,81.81,18.19,4.5,82.69,17.31,4.78,3119079.259724,4164516.148155,3486953.4655,4307122.137459,,,,,,,,
2024-03-15,0.17741,0.18165,0.15072,0.1637,2508355395.8563,413543215,426499200,329034967,345586157,0.038144,0.043422,0.01,0.013401,0.056373,0.086486,0.025726,0.025726,0.037981,0.051054,0.01548,0.01548,80.8,19.2,4.21,81.81,18.19,4.5,83.83,16.17,5.18,2245719.07378,1304937.009988,2880380.094776,1327633.709329,,,,,,,,
2024-03-16,0.16371,0.16547,0.13802,0.14261,1796725416.6771,345586157,354049768,320458873,330749976,0.013401,0.038538,0.013381,0.015816,0.025726,0.045723,0.025324,0.026398,0.01548,0.034903,0.014671,0.016631,84.53,15.47,5.46,81.81,18.19,4.5,80.69,19.31,4.18,2552368.176698,280342.058233,3610014.616671,297124.361921,,,,,,,,
2024-03-17,0.14262,0.15939,0.13673,0.15439,1585114321.9389,330749976,371743291,313405230,353837535,0.015816,0.030915,0.01,0.01,0.026398,0.041176,0.016707,0.022647,0.016631,0.029724,0.01064,0.012176,84.34,15.66,5.39,81.81,18.19,4.5,78.7,21.3,3.7,1069772.041919,1258411.932415,1133343.859762,1355118.988987,,,,,,,,
2024-03-18,0.15439,0.15443,0.1401,0.14362,1200910381.577,353837535,353837535,312101822,318521965,0.01,0.041969,0.01,0.024296,0.022647,0.046671,0.019287,0.02815,0.012176,0.036689,0.011334,0.02353,80.74,19.26,4.19,81.81,18.19,4.5,78.58,21.42,3.67,1320302.395215,132363.65969,1448049.244467,132389.383912,,,,,,,,
2024-03-19,0.14362,0.14528,0.12531,0.12887,2022932423.5197,318521965,321220926,276632915,282386989,0.024296,0.026659,0.01,0.025672,0.02815,0.02946,0.017172,0.02677,0.02353,0.023649,0.01145,0.020699,84.43,15.57,5.42,81.81,18.19,4.5,79.28,20.72,3.83,2242495.338198,741862.592386,2973146.427576,782795.769411,,,,,,,,
2024-03-20,0.12887,0.15345,0.12252,0.15223,2087624286.2267,282386989,353966399,273241568,350602968,0.025672,0.027809,0.013706,0.022416,0.02677,0.033266,0.018601,0.031106,0.020699,0.023453,0.011803,0.018297,84.21,15.79,5.33,81.81,18.19,4.5,81.06,18.94,4.28,1090287.200196,2584813.119438,1299855.287833,2676234.417057,,,,,,,,
2024-03-21,0.15222,0.16038,0.14675,0.15549,1719631312.5513,350602968,379780784,333502010,361225602,0.022416,0.029668,0.01,0.022535,0.031106,0.040296,0.015504,0.035515,0.018297,0.029164,0.007476,0.028025,75.72,24.28,3.12,81.81,18.19,4.5,79.26,20.74,3.82,612426.489907,583136.734866,687463.858572,647200.703242,,,,,,,,
2024-03-22,0.15549,0.16519,0.14533,0.15304,1831040902.0262,361225602,397733059,325567875,346105009,0.022535,0.027892,0.01,0.014743,0.035515,0.042157,0.016331,0.020745,0.028025,0.031494,0.009875,0.015162,73.61,26.39,2.79,81.81,18.19,4.5,81.0,19.0,4.26,1255000.167464,501899.251599,1503368.431553,520567.782863,,,,,,,,
2024-03-23,0.15305,0.17511,0.15174,0.16202,1992302219.5349,346105009,435883651,344596171,406402764,0.014743,0.026791,0.010214,0.016283,0.020745,0.033554,0.015418,0.024771,0.015162,0.019891,0.007934,0.015633,79.12,20.88,3.79,81.81,18.19,4.5,81.49,18.51,4.4,576838.371692,1758428.786851,713342.666272,1900445.06018,,,,,,,,
2024-03-24,0.16202,0.18036,0.16128,0.1766,2106040078.4803,406402764,461625874,401166258,444213003,0.016283,0.029328,0.01,0.017578,0.024771,0.038084,0.020777,0.027932,0.015633,0.026243,0.010321,0.017477,76.95,23.05,3.34,81.81,18.19,4.5,80.91,19.09,4.24,445567.697028,1437355.327743,461438.40842,1491242.678613,,,,,,,,
2024-03-25,0.1766,0.1873,0.17011,0.17539,1865457062.2437,444213003,468968233,414991933,425687849,0.017578,0.037934,0.01,0.034842,0.027932,0.058853,0.016079,0.052895,0.017477,0.042295,0.011849,0.040256,71.4,28.6,2.5,81.81,18.19,4.5,79.28,20.72,3.83,827651.300743,954301.004254,934160.610354,1519978.494647,,,,,,,,
2024-03-26,0.17539,0.1875,0.1738,0.18245,1939451270.9505,425687849,476130602,423720518,449030871,0.034842,0.051023,0.021518,0.038924,0.052895,0.069298,0.030884,0.059861,0.040256,0.056822,0.02404,0.048203,77.37,22.63,3.42,81.81,18.19,4.5,81.58,18.42,4.43,890529.543352,649712.265436,985455.15221,731922.19915,,,,,,,,
2024-03-27,0.18244,0.19229,0.17823,0.1907,2999975340.7009,449030871,525303314,446828077,524244927,0.038924,0.055772,0.03448,0.055772,0.059861,0.083332,0.039344,0.072605,0.048203,0.064531,0.030211,0.064531,72.31,27.69,2.61,81.81,18.19,4.5,81.61,18.39,4.44,1091949.118396,1157778.907077,1355937.673576,1210683.005772,,,,,,,,
2024-03-28,0.19071,0.2293,0.1894,0.22022,4781312727.9013,524244927,701284814,520796446,651671253,0.055772,0.071233,0.036174,0.049951,0.072605,0.13979,0.041507,0.071426,0.064531,0.099323,0.03336,0.059094,71.2,28.8,2.47,81.81,18.19,4.5,82.78,17.22,4.81,1229960.214322,1961711.629848,1332534.148231,2340372.053115,,,,,,,,
2024-03-29,0.22022,0.22506,0.20804,0.21319,2642689496.7428,651671253,668461170,600827222,609328594,0.049951,0.058828,0.043293,0.047129,0.071426,0.098307,0.054807,0.072422,0.059094,0.076384,0.053124,0.061754,66.27,33.73,1.97,81.81,18.19,4.5,81.83,18.17,4.5,1263145.091572,657155.355119,1416757.85226,731030.485936,,,,,,,,
2024-03-30,0.21318,0.21717,0.19618,0.19929,1678202874.5371,609328594,620862211,561529925,564350171,0.047129,0.064958,0.030962,0.031502,0.072422,0.107208,0.049294,0.054161,0.061754,0.079088,0.044177,0.044508,74.21,25.79,2.88,81.81,18.19,4.5,85.59,14.41,5.94,705757.526231,338543.879744,916088.658006,345431.03498,,,,,,,,
2024-03-31,0.19929,0.22478,0.19926,0.22024,1630523972.1931,564350171,620382860,559063896,607694819,0.031502,0.08095,0.023979,0.078935,0.054161,0.107313,0.03619,0.106928,0.044508,0.089552,0.030682,0.089545,81.4,18.6,4.38,81.81,18.19,4.5,86.34,13.66,6.32,388391.218425,2016336.351909,403511.179748,2063635.411944,,,,,,,,
2024-04-01,0.22023,0.22032,0.1964,0.20513,2351287224.4946,607694819,608872202,525315397,543805126,0.078935,0.085275,0.020764,0.022178,0.106928,0.120468,0.031954,0.034354,0.089545,0.10089,0.028402,0.028402,72.54,27.46,2.64,81.81,18.19,4.5,85.1,14.9,5.71,1799161.835673,689400.081904,2092774.635776,712996.071755,,,,,,,,
2024-04-02,0.20513,0.20544,0.18003,0.1826,2564908062.9339,543805126,543805126,465596965,471172866,0.022178,0.03126,0.01,0.01,0.034354,0.045303,0.015245,0.016499,0.028402,0.036078,0.010076,0.010379,78.85,21.15,3.73,81.81,18.19,4.5,87.17,12.83,6.79,2591380.404769,694044.421426,3030832.472522,785492.294945,,,,,,,,
2024-04-03,0.18259,0.18765,0.17019,0.17535,2046027668.7037,471172866,476284286,414756033,421528702,0.01,0.020005,0.01,0.01484,0.016499,0.030646,0.012903,0.018716,0.010379,0.020667,0.009134,0.014953,84.99,15.01,5.66,81.81,18.19,4.5,86.29,13.71,6.29,1939995.416843,806185.406295,2339969.352509,814152.058903,,,,,,,,
2024-04-04,0.17533,0.18846,0.172,0.18006,1548852933.6443,421528702,445076724,394205495,403343881,0.01484,0.024823,0.01,0.01,0.018716,0.035692,0.015601,0.019469,0.014953,0.026279,0.0088,0.014622,82.9,17.1,4.85,81.81,18.19,4.5,83.92,16.08,5.22,1418762.076782,1290642.137032,1502846.324432,1322525.444068,,,,,,,,
2024-04-05,0.18006,0.18096,0.16749,0.17733,1239234940.3768,403343881,403343881,369989035,382854823,0.01,0.018817,0.01,0.01,0.019469,0.024269,0.014932,0.017066,0.014622,0.018706,0.010223,0.010794,82.6,17.4,4.75,81.81,18.19,4.5,83.21,16.79,4.96,1562364.876133,1069380.29968,1809252.218023,1079330.768766,,,,,,,,
2024-04-06,0.17733,0.188,0.17653,0.18585,1031367451.7823,382854823,419684286,381541104,409490132,0.01,0.017682,0.01,0.01,0.017066,0.024895,0.014353,0.018119,0.010794,0.017761,0.00832,0.009369,77.57,22.43,3.46,81.81,18.19,4.5,80.91,19.09,4.24,126752.521995,826018.844243,130964.17651,834870.446957,,,,,,,,
2024-04-07,0.18586,0.20536,0.18556,0.19902,1892442759.7593,409490132,482164018,409112494,458361314,0.01,0.014517,0.01,0.013214,0.018119,0.029971,0.016518,0.024188,0.009369,0.018802,0.008703,0.015832,73.43,26.57,2.76,81.81,18.19,4.5,80.9,19.1,4.24,418830.144482,2150215.965809,445866.829901,2361599.770739,,,,,,,,
2024-04-08,0.19902,0.20927,0.1956,0.20277,1563033314.3456,458361314,505016439,445234115,483495671,0.013214,0.025106,0.01,0.023143,0.024188,0.041243,0.019706,0.034729,0.015832,0.031605,0.013679,0.025334,70.83,29.17,2.43,81.81,18.19,4.5,81.41,18.59,4.38,309587.805306,988052.747664,380037.803628,1107497.962132,,,,,,,,
2024-04-09,0.20276,0.20364,0.186,0.18927,1518877768.887,483495671,484461459,432836138,435636020,0.023143,0.032793,0.011254,0.011254,0.034729,0.038648,0.019326,0.019326,0.025334,0.033274,0.014728,0.014728,71.87,28.13,2.56,81.81,18.19,4.5,81.82,18.18,4.5,2229014.499419,164330.071684,2485422.583219,166883.995939,,,,,,,,
2024-04-10,0.18926,0.20245,0.1802,0.1999,1906539182.4599,435636020,480434146,411153375,477276508,0.011254,0.025086,0.01,0.022739,0.019326,0.03963,0.015031,0.035819,0.014728,0.028201,0.011281,0.025191,84.13,15.87,5.3,81.81,18.19,4.5,85.83,14.17,6.06,980739.873147,966424.865842,1387958.853274,1137934.988239,,,,,,,,
2024-04-11,0.1999,0.20378,0.18977,0.19393,1605797475.3628,477276508,483644764,438742002,441224639,0.022739,0.026836,0.01,0.012554,0.035819,0.041253,0.012974,0.016756,0.025191,0.029858,0.011536,0.012829,73.71,26.29,2.8,81.81,18.19,4.5,82.09,17.91,4.58,749776.163037,371382.240007,924693.800789,392887.162726,,,,,,,,
2024-04-12,0.19393,0.20151,0.15305,0.17406,2660435997.8271,441224639,476835985,347244890,347853962,0.012554,0.023308,0.01,0.01,0.016756,0.031518,-0.002733,0.011293,0.012829,0.024481,-0.001708,0.005024,77.83,22.17,3.51,81.81,18.19,4.5,83.78,16.22,5.17,3217496.229242,493598.775681,4736619.125753,524504.260455,,,,,,,,
2024-04-13,0.17407,0.17595,0.124,0.15256,3122967024.0095,347853962,347853962,236314197,268300989,0.01,0.01,0.01,0.01,0.011293,0.016528,-0.013295,0.002133,0.005024,0.010521,-0.013366,-0.009438,79.47,20.53,3.87,81.81,18.19,4.5,83.11,16.89,4.92,7455422.409837,1712199.698359,9164160.454177,1814812.752459,,,,,,,,
2024-04-14,0.15257,0.165,0.14366,0.16197,2085232859.2729,268300989,283792728,252865523,277032467,0.01,0.01,0.004863,0.004863,0.002133,0.01891,0.002133,0.013773,-0.009438,0.010138,-0.009438,0.00426,74.47,25.53,2.92,81.81,18.19,4.5,78.06,21.94,3.56,1545610.674287,851315.210632,1691524.979358,968662.635934,,,,,,,,
2024-04-15,0.16197,0.16893,0.1502,0.16115,2221992898.555,277032467,287858351,247690245,284147203,0.004863,0.01,-0.005713,0.00743,0.013773,0.028712,0.003626,0.021537,0.00426,0.012634,-0.001214,0.011702,72.75,27.25,2.67,81.81,18.19,4.5,79.87,20.13,3.97,1374755.52117,861811.167143,1572485.323936,930904.089024,,,,,,,,
2024-04-16,0.16116,0.16245,0.14617,0.15594,1714057206.8069,284147203,284434082,243212431,251931268,0.00743,0.01,-0.002906,-0.000161,0.021537,0.023112,0.005817,0.007952,0.011702,0.01419,0.000987,0.002753,72.56,27.44,2.64,81.81,18.19,4.5,76.68,23.32,3.29,1352786.987308,530316.181875,1750324.537335,619181.652366,,,,,,,,
2024-04-17,0.15595,0.15866,0.14415,0.14747,1312712201.9477,251931268,264080621,233764081,235163282,-0.000161,0.008247,-0.00644,-0.005707,0.007952,0.016197,-0.006886,0.002336,0.002753,0.008044,-0.005325,-0.004986,72.27,27.73,2.61,81.81,18.19,4.5,80.59,19.41,4.15,1026535.696651,444390.461104,1263567.808948,452188.022395,,,,,,,,
2024-04-18,0.14747,0.15366,0.14079,0.15215,1328708454.1824,235163282,246396336,225681150,235867896,-0.005707,0.01,-0.007326,0.001087,0.002336,0.018009,-0.004707,0.001541,-0.004986,0.011551,-0.007977,-0.001327,75.72,24.28,3.12,81.81,18.19,4.5,79.2,20.8,3.81,630748.52898,1247203.945794,765370.887981,1302178.619107,,,,,,,,
2024-04-19,0.15215,0.15715,0.13874,0.15627,1517011125.6697,235867896,244677463,217641444,244119316,0.001087,0.01,-0.005363,0.008514,0.001541,0.021365,0.000475,0.019141,-0.001327,0.011034,-0.001327,0.009363,71.08,28.92,2.46,81.81,18.19,4.5,78.34,21.66,3.62,1238586.268385,1114302.186622,1473030.123067,1183567.772474,,,,,,,,
2024-04-20,0.15626,0.1651,0.15054,0.16251,1112977889.5987,244119316,248976198,228321290,241594769,0.008514,0.01,-0.006126,0.01,0.019141,0.020174,0.000292,0.020153,0.009363,0.011366,-0.00386,0.011366,71.42,28.58,2.5,81.81,18.19,4.5,77.93,22.07,3.53,429895.98088,2121442.628725,442496.123072,2298402.63576,,,,,,,,
2024-04-21,0.16252,0.16578,0.15501,0.15815,925840899.9185,241594769,251046752,235078592,240530816,0.01,0.01,-0.001416,0.000547,0.020153,0.021832,0.005776,0.010047,0.011366,0.013023,0.002709,0.006543,71.84,28.16,2.55,81.81,18.19,4.5,79.98,20.02,4.0,588429.56451,319347.293288,690232.325623,329016.318409,,,,,,,,
2024-04-22,0.15814,0.16332,0.15631,0.16115,867315918.7221,240530816,249701554,236575720,246036189,0.000547,0.01,-0.007222,0.002527,0.010047,0.015804,0.004617,0.012739,0.006543,0.008873,-0.001015,0.00793,77.3,22.7,3.41,81.81,18.19,4.5,78.75,21.25,3.71,258466.36274,319736.14607,263115.778303,324795.341201,,,,,,,,
2024-04-23,0.16115,0.16297,0.1567,0.15972,677558145.117,246036189,255920480,241394453,246656127,0.002527,0.01,-0.00211,0.01,0.012739,0.01944,-0.005457,0.019389,0.00793,0.012873,-0.000903,0.012873,75.25,24.75,3.04,81.81,18.19,4.5,77.66,22.34,3.48,363210.778542,107243.876204,378605.643069,121411.142234,,,,,,,,
2024-04-24,0.15972,0.1645,0.14923,0.1513,1182029498.0882,246656127,265303304,238986439,241877238,0.01,0.01,-0.004807,0.00307,0.019389,0.021308,-0.000164,0.007646,0.012873,0.014018,-0.001145,0.002341,76.5,23.5,3.26,81.81,18.19,4.5,77.79,22.21,3.5,968463.615175,191648.766631,1202245.682847,200136.921375,,,,,,,,
2024-04-25,0.15131,0.15432,0.14733,0.15123,738544734.7327,241877238,253117046,237981662,247284286,0.00307,0.01,-0.00987,-0.005722,0.007646,0.016631,-0.003014,0.002897,0.002341,0.010454,-0.006053,-0.002945,81.3,18.7,4.35,81.81,18.19,4.5,77.12,22.88,3.37,479985.954894,320112.389748,510592.54938,337604.540602,3746740.5409,24874253.0,3573815.1599,23518399.0,3746740.5409,24874253.0,3573815.1599,23518399.0
2024-04-26,0.15124,0.15171,0.14674,0.14792,578028224.0404,247284286,249015260,241373617,244657887,-0.005722,0.01,-0.005722,0.00504,0.002897,0.012622,0.002423,0.006331,-0.002945,0.008322,-0.002945,0.003221,79.06,20.94,3.78,81.81,18.19,4.5,74.46,25.54,2.92,485114.665861,119532.863768,544582.484671,120073.975888,4292494.2555,28514923.0,4047049.7275,26655995.0,4292494.2555,28514923.0,4047049.7275,26655995.0
2024-04-27,0.14791,0.14965,0.14145,0.14767,604821361.4731,244657887,245793186,232105678,239791650,0.00504,0.01,-0.004383,0.005805,0.006331,0.015879,0.002074,0.006613,0.003221,0.008307,0.000419,0.001613,78.48,21.52,3.65,81.81,18.19,4.5,75.08,24.92,3.01,1273230.041106,99226.457123,1616368.432457,115924.064385,4878331.1968,33144209.0,3601057.1256,24254800.0,4878331.1968,33144209.0,3601057.1256,24254800.0
2024-04-28,0.14767,0.15106,0.14588,0.14659,430662569.4571,239791650,249125928,239235841,242418637,0.005805,0.01,-0.00124,0.01,0.006613,0.016101,0.002781,0.014562,0.001613,0.008658,-0.002576,0.007411,77.29,22.71,3.4,81.81,18.19,4.5,74.69,25.31,2.95,171814.184071,175125.906779,206991.925147,179375.420887,4291305.9407,29179172.0,3716160.7693,25051334.0,4291305.9407,29179172.0,3716160.7693,25051334.0
2024-04-29,0.14659,0.14803,0.13943,0.14334,748618618.3145,242418637,245720229,236138049,240574079,0.01,0.01,-0.006418,0.003857,0.014562,0.019003,0.003519,0.003536,0.007411,0.011177,0.000442,0.000445,75.78,24.22,3.13,81.81,18.19,4.5,74.41,25.59,2.91,2077710.766527,334583.559874,2261650.44802,342786.374287,3906946.8415,26795632.0,4132576.0495,28088780.0,3906946.8415,26795632.0,4132576.0495,28088780.0
2024-04-30,0.14334,0.14593,0.12901,0.13329,1009765991.1387,240574079,244617551,207651193,209984103,0.003857,0.008786,-0.008212,-0.007473,0.003536,0.014665,-0.005712,-0.004132,0.000445,0.008512,-0.007155,-0.006174,77.66,22.34,3.48,81.81,18.19,4.5,72.9,27.1,2.69,3217788.634546,139697.77408,4122155.060713,223302.836084,3885451.5459,27232141.0,2428606.2944,16856889.0,3885451.5459,27232141.0,2428606.2944,16856889.0
2024-05-01,0.13329,0.13387,0.12002,0.13014,1447769546.2531,209984103,211214620,185909532,190335140,-0.007473,0.01,-0.009745,-0.00776,-0.004132,0.012599,-0.005964,-0.002539,-0.006174,0.01032,-0.00733,-0.004477,79.97,20.03,3.99,81.81,18.19,4.5,74.85,25.15,2.98,1783033.168905,747844.825045,2599858.671386,806263.291251,3640642.2095,27439379.0,3299996.4489,24654042.0,3640642.2095,27439379.0,3299996.4489,24654042.0
2024-05-02,0.13013,0.13436,0.12397,0.13188,907166497.0195,190335140,199849504,185214692,190988874,-0.00776,0.01,-0.009289,-0.003101,-0.002539,0.010005,-0.00929,0.001332,-0.004477,0.008294,-0.009273,-0.001123,76.78,23.22,3.31,81.81,18.19,4.5,71.53,28.47,2.51,290622.138633,442286.833062,302446.730667,495254.902825,3735211.9761,28848530.0,2569523.3608,19672858.0,3735211.9761,28848530.0,2569523.3608,19672858.0
2024-05-03,0.13187,0.148,0.13104,0.14597,855603798.8418,190988874,219036340,189590303,215830340,-0.003101,0.01,-0.010343,0.002035,0.001332,0.009223,-0.00574,0.002051,-0.001123,0.005857,-0.00652,-0.000634,76.69,23.31,3.29,81.81,18.19,4.5,70.89,29.11,2.44,178127.594077,1198728.267981,187241.406887,1518877.653449,4018553.0137,30637448.0,2853545.3546,21554441.0,4018553.0137,30637448.0,2853545.3546,21554441.0
2024-05-04,0.14597,0.17025,0.14565,0.16005,2165942659.7052,215830340,278023696,215294492,250426089,0.002035,0.01,-0.000411,0.004928,0.002051,0.010884,-0.001147,0.007778,-0.000634,0.0068,-0.003282,0.004418,71.61,28.39,2.52,81.81,18.19,4.5,71.12,28.88,2.46,635750.398839,1635918.180289,873623.739586,2460925.185251,4514046.4133,31067779.0,3286228.3127,22416120.0,4514046.4133,31067779.0,3286228.3127,22416120.0
2024-05-05,0.16005,0.16348,0.15445,0.16089,1227235086.4817,250426089,264063768,243419236,248545477,0.004928,0.01,-0.008207,0.002425,0.007778,0.011151,0.000071,0.006609,0.004418,0.008193,-0.001564,0.002216,71.75,28.25,2.54,81.81,18.19,4.5,71.11,28.89,2.46,643226.300836,318434.225747,955620.906041,337591.07129,4512424.8976,28324138.0,3598884.559,22391567.0,4512424.8976,28324138.0,3598884.559,22391567.0
2024-05-06,0.1609,0.1691,0.15406,0.15642,1517607471.6081,248545477,273831844,225557893,225574546,0.002425,0.01,0.001786,0.005714,0.006609,0.014361,0.006609,0.00973,0.002216,0.010594,0.002216,0.008853,72.15,27.85,2.59,81.81,18.19,4.5,69.46,30.54,2.27,1181875.384252,515379.141534,1500582.294932,621241.317892,4532931.0816,28312332.0,3723426.0361,23036728.0,4532931.0816,28312332.0,3723426.0361,23036728.0
2024-05-07,0.15642,0.1599,0.14925,0.14997,943851586.1018,225574546,236350707,214616580,218020330,0.005714,0.01,0.003466,0.01,0.00973,0.014603,0.004751,0.013061,0.008853,0.013284,0.005974,0.011982,75.51,24.49,3.08,81.81,18.19,4.5,68.77,31.23,2.2,1088193.604741,138301.703789,1226657.887677,153884.919881,3809617.1224,24462823.0,3418096.1469,21755115.0,3809617.1224,24462823.0,3418096.1469,21755115.0
2024-05-08,0.14997,0.15191,0.142,0.14311,856281156.3418,218020330,232555320,205872609,207970458,0.01,0.01,0.009434,0.009876,0.013061,0.014061,0.009277,0.012471,0.011982,0.013824,0.008818,0.012919,81.07,18.93,4.28,81.81,18.19,4.5,69.53,30.47,2.28,1134019.616706,172791.886059,1447991.4921,179588.736338,7328040.8203,49139929.0,3829164.0662,25433090.0,7328040.8203,49139929.0,3829164.0662,25433090.0
2024-05-09,0.14311,0.15412,0.143,0.15211,831855301.3156,207970458,224635962,207657434,210439579,0.009876,0.01,-0.00869,-0.003936,0.012471,0.012484,-0.003156,0.00112,0.012919,0.012919,-0.005362,-0.000785,81.87,18.13,4.52,81.81,18.19,4.5,71.36,28.64,2.49,208096.008803,605945.252359,215602.514619,704319.96574,5812892.7104,40846243.0,3648109.335,25389277.0,5812892.7104,40846243.0,3648109.335,25389277.0
2024-05-10,0.15211,0.15385,0.14216,0.14381,802128070.9431,210439579,220437457,202996973,206042155,-0.003936,0.01,-0.005323,0.001128,0.00112,0.012209,-0.004069,0.003087,-0.000785,0.009697,-0.003331,0.00203,76.46,23.54,3.25,81.81,18.19,4.5,70.05,29.95,2.34,632306.221425,69787.40301,697896.996137,76668.969296,4586187.8844,30294913.0,3554292.276,23288488.0,4586187.8844,30294913.0,3554292.276,23288488.0
2024-05-11,0.1438,0.14623,0.14242,0.143,378905236.1892,206042155,211909291,205268048,208662894,0.001128,0.01,-0.005166,-0.001135,0.003087,0.011152,-0.004399,0.002846,0.00203,0.009995,-0.002876,0.001222,79.92,20.08,3.98,81.81,18.19,4.5,68.4,31.6,2.17,110627.225586,136769.600617,119541.945576,138181.732619,4041135.9141,28236610.0,3373828.7643,23361138.0,4041135.9141,28236610.0,3373828.7643,23361138.0
2024-05-12,0.14299,0.1444,0.1389,0.14111,504001325.2919,208662894,210079908,190762964,193282802,-0.001135,0.01,-0.002415,0.000632,0.002846,0.012043,-0.000206,0.001423,0.001222,0.011872,-0.000149,0.002412,77.78,22.22,3.5,81.81,18.19,4.5,67.04,32.96,2.03,151390.339953,61526.877205,209437.75508,66434.647925,4570739.9662,32148007.0,3241444.4537,22598586.0,4570739.9662,32148007.0,3241444.4537,22598586.0
2024-05-13,0.14111,0.15728,0.13574,0.14856,1553391568.8281,193282802,256891610,192571189,235310284,0.000632,0.01,0.000076,0.01,0.001423,0.011662,-0.008376,0.011489,0.002412,0.011873,-0.003038,0.011873,78.68,21.32,3.69,81.81,18.19,4.5,68.21,31.79,2.15,1225551.250367,902878.863144,1359366.992452,1037804.242973,6256908.6345,44588497.0,3188849.8331,22489236.0,6256908.6345,44588497.0,3188849.8331,22489236.0
2024-05-14,0.14856,0.1551,0.14422,0.14543,1290825062.5866,235310284,264160091,223978354,225705151,0.01,0.01,-0.002184,-0.002184,0.011489,0.01363,0.003209,0.003321,0.011873,0.012546,0.002168,0.002168,71.83,28.17,2.55,81.81,18.19,4.5,68.74,31.26,2.2,794991.619744,376004.300469,885601.817019,444259.072086,3809909.7023,25755524.0,4276540.5525,28657556.0,3809909.7023,25755524.0,4276540.5525,28657556.0
2024-05-15,0.14543,0.15696,0.1452,0.15527,1006602576.7497,225705151,249048441,225705151,246978921,-0.002184,0.01,-0.002415,0.01,0.003321,0.011417,-0.00017,0.011343,0.002168,0.01073,0.000678,0.0106,78.36,21.64,3.62,81.81,18.19,4.5,70.55,29.45,2.4,157612.087186,454192.002685,169472.753621,489252.998138,3783389.3081,26142880.0,3682689.042,25231291.0,3783389.3081,26142880.0,3682689.042,25231291.0
2024-05-16,0.15527,0.15931,0.14857,0.14963,713075378.5018,246978921,264487540,233920293,234047040,0.01,0.01,0.005364,0.005364,0.011343,0.014001,0.00639,0.010229,0.0106,0.012861,0.005796,0.008343,73.37,26.63,2.76,81.81,18.19,4.5,69.21,30.79,2.25,487890.279249,141012.802872,561731.769767,143023.959252,4736207.3499,30583235.0,4106465.6064,26292471.0,4736207.3499,30583235.0,4106465.6064,26292471.0
2024-05-17,0.14962,0.15664,0.1491,0.15549,526471565.7675,234047040,250077751,231840293,248390911,0.005364,0.01,-0.002166,0.01,0.010229,0.014239,0.002893,0.012509,0.008343,0.013634,0.002253,0.013155,80.09,19.91,4.02,81.81,18.19,4.5,71.61,28.39,2.52,98561.335582,197279.476459,107565.462794,217689.561932,4349144.8809,29203873.0,4398125.6792,29274391.0,4349144.8809,29203873.0,4398125.6792,29274391.0
2024-05-18,0.1555,0.15688,0.15112,0.15295,437293614.108,248390911,252254253,238933306,244277726,0.01,0.01,0.01,0.01,0.012509,0.014475,0.010835,0.011718,0.013155,0.013642,0.00744,0.010272,74.02,25.98,2.85,81.81,18.19,4.5,71.44,28.56,2.5,215620.969988,60744.406192,227951.888592,66665.346112,4767053.6743,30802313.0,4591023.318,29390560.0,4767053.6743,30802313.0,4591023.318,29390560.0
2024-05-19,0.15295,0.156,0.1473,0.14899,508332279.8844,244277726,252645796,226860779,229259321,0.01,0.01,-0.003862,-0.002782,0.011718,0.012443,0.000537,0.004579,0.010272,0.012195,0.001211,0.00343,77.99,22.01,3.54,81.81,18.19,4.5,72.22,27.78,2.6,544285.733513,68879.031751,782555.380668,70808.796873,5413206.0704,35545343.0,4281767.6983,27874791.0,5413206.0704,35545343.0,4281767.6983,27874791.0
2024-05-20,0.14899,0.16637,0.14755,0.16572,947515034.8951,229259321,264737058,227126564,263364822,-0.002782,0.01,-0.006144,0.01,0.004579,0.014074,-0.000394,0.014074,0.00343,0.01305,0.000178,0.012984,80.15,19.85,4.04,81.81,18.19,4.5,72.11,27.89,2.59,311070.504553,1401577.501384,327715.177419,1554097.101492,3847312.5552,25952869.0,4101910.9573,27418422.0,3847312.5552,25952869.0,4101910.9573,27418422.0
2024-05-21,0.16573,0.17346,0.16076,0.17035,1365306453.2909,263364822,317388786,260950147,311616300,0.01,0.014291,0.01,0.01,0.014074,0.030369,0.014074,0.020399,0.012984,0.021586,0.012485,0.018701,73.26,26.74,2.74,81.81,18.19,4.5,73.99,26.01,2.85,695096.032455,883365.213726,758429.776728,947899.971372,3853984.5823,23369967.0,3084914.0941,18519220.0,3853984.5823,23369967.0,3084914.0941,18519220.0
2024-05-22,0.17034,0.1748,0.16175,0.16637,1097470494.0048,311616300,336956144,288749885,296213024,0.01,0.015432,0.01,0.01336,0.020399,0.025501,0.012664,0.017138,0.018701,0.021389,0.010279,0.014704,72.31,27.69,2.61,81.81,18.19,4.5,74.48,25.52,2.92,648085.432698,397949.073945,805829.740634,416053.220034,4359942.91,25705390.0,3882301.5388,22673437.0,4359942.91,25705390.0,3882301.5388,22673437.0
2024-05-23,0.16638,0.16954,0.15004,0.15973,1193233101.0503,296213024,310485403,257168353,264208503,0.01336,0.021898,0.01,0.01,0.017138,0.030944,0.01097,0.012413,0.014704,0.027701,0.00977,0.01001,76.65,23.35,3.28,81.81,18.19,4.5,76.96,23.04,3.34,760263.683623,218115.659129,954700.134582,224957.198179,4359092.4997,26324831.0,4150433.7552,24822504.0,4359092.4997,26324831.0,4150433.7552,24822504.0
2024-05-24,0.15973,0.17337,0.15502,0.16388,1680413503.1173,264208503,326916954,260310545,293382609,0.01,0.01,0.01,0.01,0.012413,0.012521,0.009654,0.010486,0.01001,0.011697,0.007907,0.00885,78.15,21.85,3.58,81.81,18.19,4.5,78.45,21.55,3.64,1444975.679889,627407.346569,1511807.694909,698660.725331,4492744.7603,28262429.0,4056855.0981,25302844.0,4492744.7603,28262429.0,4056855.0981,25302844.0
2024-05-25,0.16387,0.17442,0.16271,0.1741,771415110.749,293382609,330495289,290067016,330495289,0.01,0.011405,0.01,0.010874,0.010486,0.016121,0.00986,0.014675,0.00885,0.013752,0.008422,0.013397,77.27,22.73,3.4,81.81,18.19,4.5,75.92,24.08,3.15,138911.933198,401712.109912,143632.740023,446080.039335,5051826.9638,30983002.0,5433782.8513,32997358.0,5051826.9638,30983002.0,5433782.8513,32997358.0
2024-05-26,0.17411,0.17497,0.16557,0.16625,800723868.1256,330495289,335833837,303873260,304347183,0.010874,0.012484,0.01,0.01,0.014675,0.027731,0.011433,0.012335,0.013397,0.021699,0.010275,0.01035,70.92,29.08,2.44,81.81,18.19,4.5,76.02,23.98,3.17,490484.303692,114232.241595,543259.190531,119478.703679,5807615.9956,33519980.0,4513977.5537,25795199.0,5807615.9956,33519980.0,4513977.5537,25795199.0
2024-05-27,0.16625,0.1737,0.1642,0.16919,730580220.4625,304347183,338978664,300969013,314680276,0.01,0.023162,0.01,0.01,0.012335,0.03238,0.012335,0.015016,0.01035,0.02798,0.010294,0.01365,77.54,22.46,3.45,81.81,18.19,4.5,77.74,22.26,3.49,410460.42969,301449.007585,441495.059791,310742.346961,5844628.2488,35300924.0,4057467.3433,24286622.0,5844628.2488,35300924.0,4057467.3433,24286622.0
2024-05-28,0.1692,0.16999,0.1616,0.16511,869375220.7259,314680276,316820964,288500452,288500452,0.01,0.011085,0.01,0.010934,0.015016,0.017841,0.007409,0.015671,0.01365,0.014915,0.006779,0.013713,75.58,24.42,3.1,81.81,18.19,4.5,77.61,22.39,3.47,533283.112188,121228.136192,582612.863966,124887.770662,4786122.5702,28415280.0,4841361.1961,28484181.0,4786122.5702,28415280.0,4841361.1961,28484181.0
2024-05-29,0.1651,0.17114,0.16224,0.16397,935414716.3621,288500452,328074037,288370637,294319045,0.010934,0.030845,0.010461,0.010578,0.015671,0.036884,0.015528,0.015528,0.013713,0.032838,0.013713,0.014589,77.46,22.54,3.44,81.81,18.19,4.5,76.25,23.75,3.21,632818.392475,347312.145896,654747.207723,362672.064157,4945713.1297,30078425.0,4631389.7373,27929431.0,4945713.1297,30078425.0,4631389.7373,27929431.0
2024-05-30,0.16397,0.16588,0.15642,0.15954,957884324.7703,294319045,301047081,262727829,264819147,0.010578,0.023891,0.01,0.01,0.015528,0.025544,0.010558,0.011429,0.014589,0.022092,0.010397,0.010715,78.06,21.94,3.56,81.81,18.19,4.5,76.56,23.44,3.27,1450432.022838,107628.144541,1569273.873618,116712.176495,6238572.845,38216956.0,4786280.4314,29079068.0,6238572.845,38216956.0,4786280.4314,29079068.0
2024-05-31,0.15953,0.16309,0.15432,0.15909,593798231.9625,264819147,271798533,250865618,252215765,0.01,0.014145,0.01,0.01,0.011429,0.016511,0.01078,0.014315,0.010715,0.015981,0.010613,0.013269,81.74,18.26,4.48,81.81,18.19,4.5,76.43,23.57,3.24,565475.102282,57278.306625,708625.465929,59764.124362,4852524.2184,30577074.0,4532119.2189,28306817.0,4852524.2184,30577074.0,4532119.2189,28306817.0
2024-06-01,0.15909,0.16196,0.15851,0.16043,266630700.1143,252215765,259075971,250938511,256912018,0.01,0.025107,0.01,0.014332,0.014315,0.024266,0.01241,0.015837,0.013269,0.02165,0.011685,0.016027,79.85,20.15,3.96,81.81,18.19,4.5,76.67,23.33,3.29,28043.867011,80114.107348,28139.822331,80896.509936,5596851.366,35353608.0,4433646.7107,27758083.0,5596851.366,35353608.0,4433646.7107,27758083.0
2024-06-02,0.16044,0.16149,0.15471,0.15718,372552074.4672,256912018,258895928,248219827,255660484,0.014332,0.022489,0.01,0.01,0.015837,0.024415,0.012888,0.013015,0.016027,0.024194,0.01095,0.011794,77.42,22.58,3.43,81.81,18.19,4.5,78.15,21.85,3.58,699820.845602,14991.489762,744220.882184,14998.584762,6440324.8661,40346552.0,4395787.3342,27276857.0,6440324.8661,40346552.0,4395787.3342,27276857.0
2024-06-03,0.15719,0.16363,0.15588,0.15841,581539946.4754,255660484,271297579,254171619,259695747,0.01,0.025353,0.01,0.013759,0.013015,0.032535,0.013001,0.015057,0.011794,0.029738,0.011794,0.014658,79.1,20.9,3.79,81.81,18.19,4.5,75.99,24.01,3.17,192807.39013,154401.700354,199003.47436,263974.252649,5594375.9965,35749582.0,5116103.5889,32398250.0,5594375.9965,35749582.0,5116103.5889,32398250.0
2024-06-04,0.15841,0.16199,0.15716,0.16148,405292817.725,259695747,269450324,256746760,267393484,0.013759,0.024781,0.01,0.019679,0.015057,0.023014,0.010986,0.018099,0.014658,0.021208,0.009545,0.017471,78.84,21.16,3.73,81.81,18.19,4.5,76.49,23.51,3.25,115714.522625,107197.068934,118142.639883,119443.09196,6512125.5905,41327652.0,4717439.6376,29679784.0,6512125.5905,41327652.0,4717439.6376,29679784.0
2024-06-05,0.16149,0.16499,0.16129,0.16341,475508649.6874,267393484,291824555,267309818,281434769,0.019679,0.034151,0.016977,0.025138,0.018099,0.03306,0.018099,0.025395,0.017471,0.031643,0.017471,0.025894,76.16,23.84,3.2,81.81,18.19,4.5,76.35,23.65,3.23,52672.242322,99821.559251,54893.083318,100214.047211,5930535.45,36880761.0,5599515.9004,34531572.0,5930535.45,36880761.0,5599515.9004,34531572.0
2024-06-06,0.16342,0.16595,0.15836,0.16026,491224382.0312,281434769,293740284,271898568,274979629,0.025138,0.032863,0.01,0.01,0.025395,0.033525,0.013627,0.014222,0.025894,0.031623,0.012075,0.012904,77.42,22.58,3.43,81.81,18.19,4.5,76.61,23.39,3.28,261078.885807,32059.86785,302154.881736,55623.290118,6130294.0302,37697956.0,5362189.7219,32684707.0,6130294.0302,37697956.0,5362189.7219,32684707.0
2024-06-07,0.16025,0.16223,0.13628,0.14821,941335667.0863,274979629,283253203,227334567,227619515,0.01,0.01439,0.01,0.01,0.014222,0.023655,0.007956,0.007956,0.012904,0.021608,0.006695,0.006705,82.15,17.85,4.6,81.81,18.19,4.5,76.46,23.54,3.25,769693.285325,85064.950579,2204816.279833,93908.35543,6686177.1667,41914718.0,5106047.2712,31735187.0,6686177.1667,41914718.0,5106047.2712,31735187.0
2024-06-08,0.14821,0.14876,0.14354,0.14589,371418784.0321,227619515,228399940,221703854,224727294,0.01,0.01,0.01,0.01,0.007956,0.010754,0.006859,0.007967,0.006705,0.011335,0.005182,0.006501,80.05,19.95,4.01,81.81,18.19,4.5,73.06,26.94,2.71,398902.787394,16506.31232,504263.414528,21518.079422,4386634.0295,29812638.0,3103679.5546,20915765.0,4386634.0295,29812638.0,3103679.5546,20915765.0
2024-06-09,0.14588,0.14916,0.14491,0.14676,274324804.7085,224727294,231023263,222034336,225496883,0.01,0.01,0.01,0.01,0.007967,0.011585,0.007967,0.008905,0.006501,0.010898,0.006459,0.007529,80.93,19.07,4.24,81.81,18.19,4.5,71.03,28.97,2.45,39734.953016,54879.04274,40698.037752,56174.21544,4981748.7869,34300110.0,4834866.9898,32985643.0,4981748.7869,34300110.0,4834866.9898,32985643.0
2024-06-10,0.14676,0.14794,0.14315,0.14476,325802444.4114,225496883,225496883,209780928,213617153,0.01,0.01,0.01,0.01,0.008905,0.011454,0.006458,0.010149,0.007529,0.011394,0.006975,0.008938,77.9,22.1,3.53,81.81,18.19,4.5,70.55,29.45,2.4,365500.798476,26938.900916,387758.887931,30734.76953,5077901.7282,34755745.0,4132411.8194,28046418.0,5077901.7282,34755745.0,4132411.8194,28046418.0
2024-06-11,0.14477,0.1452,0.1335,0.13801,643876730.3498,213617153,214126963,193132269,198338981,0.01,0.01,0.01,0.01,0.010149,0.01227,0.004337,0.007043,0.008938,0.010724,0.004836,0.006066,78.86,21.14,3.73,81.81,18.19,4.5,71.23,28.77,2.48,712265.466455,30833.1716,1038005.100603,31698.153677,4480608.6802,31101523.0,3873091.3754,26642801.0,4480608.6802,31101523.0,3873091.3754,26642801.0
2024-06-12,0.13801,0.1508,0.13453,0.14624,824455831.6261,198338981,267698711,190932261,253770159,0.01,0.01,0.01,0.01,0.007043,0.138571,0.004448,0.037603,0.006066,0.04391,0.004031,0.017598,78.48,21.52,3.65,81.81,18.19,4.5,71.9,28.1,2.56,506862.934275,418229.637523,534585.138225,446077.846919,4507240.8688,32805780.0,3981543.3848,28728825.0,4507240.8688,32805780.0,3981543.3848,28728825.0
2024-06-13,0.14623,0.14652,0.14011,0.14111,502937395.4266,253770159,253852887,243905849,245103707,0.01,0.01,0.01,0.01,0.037603,0.037603,0.014533,0.017428,0.017598,0.017598,0.009377,0.011561,77.58,22.42,3.46,81.81,18.19,4.5,68.02,31.98,2.13,645375.878837,34471.475559,691022.049406,35730.557345,4188080.7433,28772539.0,3851537.0998,26239051.0,4188080.7433,28772539.0,3851537.0998,26239051.0
2024-06-14,0.14111,0.14341,0.131,0.13488,573482549.9478,245103707,251951186,203056983,203675824,0.01,0.01,0.000594,0.002608,0.017428,0.020101,0.001375,0.00422,0.011561,0.012171,0.002688,0.0042,80.68,19.32,4.18,81.81,18.19,4.5,73.25,26.75,2.74,476416.038356,92972.923899,959245.907214,101628.590155,4510103.879,32118162.0,3238616.6948,22855419.0,4510103.879,32118162.0,3238616.6948,22855419.0
2024-06-15,0.13488,0.13742,0.13391,0.1367,234733376.9924,203675824,208525276,201959093,206042779,0.002608,0.01,-0.007509,0.009884,0.00422,0.014871,0.00073,0.011038,0.0042,0.011214,-0.001169,0.008119,79.18,20.82,3.8,81.81,18.19,4.5,72.02,27.98,2.57,23795.7948,23752.517072,34893.633032,27105.840722,3374314.6294,25120928.0,3574899.7015,26383132.0,3374314.6294,25120928.0,3574899.7015,26383132.0
2024-06-16,0.1367,0.13764,0.13458,0.13705,196847566.9562,206042779,208491519,202063486,207602652,0.009884,0.01,-0.004332,0.000128,0.011038,0.014289,0.005519,0.010139,0.008119,0.011259,-0.000097,0.006721,78.32,21.68,3.61,81.81,18.19,4.5,71.58,28.42,2.52,38035.312055,8520.24172,38482.447161,16566.585865,4957698.1083,36439966.0,4931373.3471,35960352.0,4957698.1083,36439966.0,4931373.3471,35960352.0
2024-06-17,0.13704,0.13819,0.126,0.12869,670796684.3855,207602652,209671221,194953426,198417826,0.000128,0.01,-0.001068,0.001334,0.010139,0.017707,0.000581,0.000581,0.006721,0.012448,-0.000938,0.00094,79.24,20.76,3.82,81.81,18.19,4.5,70.63,29.37,2.41,885742.400258,78567.95373,1350583.462105,94332.32149,4444077.6294,32572441.0,3940449.7192,28629613.0,4444077.6294,32572441.0,3940449.7192,28629613.0
2024-06-18,0.12869,0.12922,0.11309,0.12216,920981186.378,198417826,199009135,170822193,172816946,0.001334,0.00847,-0.010859,-0.003999,0.000581,0.004438,-0.01574,-0.00337,0.00094,0.006523,-0.011765,-0.004275,80.51,19.49,4.13,81.81,18.19,4.5,71.1,28.9,2.46,1451978.049223,204451.888708,2004885.958742,212817.025886,4168960.9468,32543918.0,2955995.9523,22881706.0,4168960.9468,32543918.0,2955995.9523,22881706.0
2024-06-19,0.12216,0.1267,0.12133,0.12242,427889243.8872,172816946,180575673,161047255,161505190,-0.003999,0.01,-0.013325,-0.00361,-0.00337,0.008811,-0.008638,-0.002968,-0.004275,0.008152,-0.007987,-0.003149,75.58,24.42,3.1,81.81,18.19,4.5,67.15,32.85,2.04,172020.090516,274272.296486,187284.610514,297910.829586,3863800.1585,31780254.0,3139587.3187,25618044.0,3863800.1585,31780254.0,3139587.3187,25618044.0
2024-06-20,0.12242,0.12872,0.12127,0.12447,434200437.6412,161505190,165172311,154756842,158232303,-0.00361,0.01,-0.010212,0.005314,-0.002968,0.00984,-0.011783,0.003351,-0.003149,0.009679,-0.009866,0.003903,74.67,25.33,2.95,81.81,18.19,4.5,68.0,32.0,2.13,214935.041527,179493.591028,231564.971204,201426.173885,4216167.9405,34599204.0,3737272.2665,30414259.0,4216167.9405,34599204.0,3737272.2665,30414259.0
2024-06-21,0.12447,0.12565,0.12129,0.12411,393938005.0151,158232303,161856037,156166464,158485879,0.005314,0.01,0.001893,0.007799,0.003351,0.011456,-0.00273,0.007724,0.003903,0.012129,0.000033,0.005992,76.69,23.31,3.29,81.81,18.19,4.5,67.58,32.42,2.09,301317.98299,58219.48682,319652.61433,75236.556875,4472457.5113,36111201.0,3653353.5498,29226083.0,4472457.5113,36111201.0,3653353.5498,29226083.0
2024-06-22,0.1241,0.12551,0.1228,0.12368,190724749.433,158485879,161473482,156095518,157564803,0.007799,0.01,-0.002828,-0.000121,0.007724,0.009759,0.001135,0.007931,0.005992,0.009218,-0.000832,0.00666,73.22,26.78,2.73,81.81,18.19,4.5,68.21,31.79,2.15,32265.369799,39213.342226,32317.540119,39944.902426,4472303.2717,36200436.0,3889620.4036,31211191.0,4472303.2717,36200436.0,3889620.4036,31211191.0
2024-06-23,0.12368,0.12635,0.12079,0.12214,347625735.2773,157564803,164163014,156299870,156646029,-0.000121,0.01,-0.007394,0.01,0.007931,0.01073,-0.002628,0.010312,0.00666,0.010393,-0.000693,0.010126,75.34,24.66,3.06,81.81,18.19,4.5,68.11,31.89,2.14,232427.882994,51970.996276,240942.715425,66854.324921,4718485.2235,38310596.0,4162095.0711,33511596.0,4718485.2235,38310596.0,4162095.0711,33511596.0
2024-06-24,0.12214,0.12389,0.11355,0.11894,602932571.9588,156646029,158228174,143942881,149675698,0.01,0.01,-0.002718,0.008361,0.010312,0.01121,0.002677,0.008457,0.010126,0.010596,0.00221,0.006676,75.71,24.29,3.12,81.81,18.19,4.5,67.68,32.32,2.09,772381.467628,95526.5417,1049678.473168,102852.37753,4266477.6149,35088722.0,3171434.8923,25870812.0,4266477.6149,35088722.0,3171434.8923,25870812.0
2024-06-25,0.11894,0.12856,0.11873,0.12611,487624689.6426,149675698,163582833,148784489,161993112,0.008361,0.01,-0.001116,0.01,0.008457,0.012497,0.001632,0.009972,0.006676,0.010948,0.001686,0.008923,79.18,20.82,3.8,81.81,18.19,4.5,68.45,31.55,2.17,38382.20394,353334.738676,39326.167991,399556.785627,3646297.9594,30794097.0,3391971.5824,28418033.0,3646297.9594,30794097.0,3391971.5824,28418033.0
2024-06-26,0.1261,0.12863,0.12177,0.12274,325641942.6073,161993112,167714647,157514621,160995332,0.01,0.01,0.01,0.01,0.009972,0.012932,0.008927,0.011131,0.008923,0.012793,0.008043,0.011096,73.31,26.69,2.75,81.81,18.19,4.5,70.24,29.76,2.36,197614.351008,39092.380701,210285.394606,39398.561141,3937138.4733,31350495.0,4004209.7376,31610225.0,3937138.4733,31350495.0,4004209.7376,31610225.0
2024-06-27,0.12274,0.12843,0.12059,0.12707,389757497.9155,160995332,167634481,155713962,166062448,0.01,0.01,0.008646,0.01,0.011131,0.012054,0.007803,0.011074,0.011096,0.011611,0.008536,0.010371,80.1,19.9,4.03,81.81,18.19,4.5,71.7,28.3,2.53,105633.159611,305339.604484,151661.887026,329883.299184,3487331.7998,28542817.0,2996634.9054,24315097.0,3487331.7998,28542817.0,2996634.9054,24315097.0
2024-06-28,0.12707,0.12849,0.12211,0.12301,396048603.5463,166062448,170625412,159054452,159473554,0.01,0.01,0.01,0.01,0.011074,0.012781,0.008196,0.010106,0.010371,0.011406,0.008434,0.009683,74.85,25.15,2.98,81.81,18.19,4.5,71.37,28.63,2.49,292136.820701,47577.388824,318017.35405,47964.234664,3668667.1719,29010552.0,3284956.8672,25747967.0,3668667.1719,29010552.0,3284956.8672,25747967.0
2024-06-29,0.12301,0.12436,0.12133,0.1218,146478007.6405,159473554,160090471,154423498,154960804,0.01,0.01,-0.009249,0.01,0.010106,0.012588,-0.00343,0.011699,0.009683,0.011068,-0.004376,0.009553,78.48,21.52,3.65,81.81,18.19,4.5,71.16,28.84,2.47,103119.794053,4025.67842,116539.013451,4025.67842,3992898.3365,32616199.0,3397963.3296,27509626.0,3992898.3365,32616199.0,3397963.3296,27509626.0
2024-06-30,0.1218,0.1256,0.12043,0.12445,205949508.9404,154960804,162146228,153316719,160148837,0.01,0.01,-0.002394,0.01,0.011699,0.012483,0.001615,0.00818,0.009553,0.011641,0.002167,0.005999,79.13,20.87,3.79,81.81,18.19,4.5,70.7,29.3,2.41,93946.909202,67492.140559,125103.008246,93447.583469,4203087.7066,34665292.0,3572980.9995,29210265.0,4203087.7066,34665292.0,3572980.9995,29210265.0
2024-07-01,0.12445,0.12748,0.12316,0.12345,274836149.3295,160148837,164783323,155552254,155680029,0.01,0.01,0.01,0.01,0.00818,0.012851,0.00691,0.010182,0.005999,0.01253,0.005459,0.010079,75.87,24.13,3.14,81.81,18.19,4.5,70.24,29.76,2.36,185138.41738,132747.701539,192746.928172,139434.972819,4068409.555,32836860.0,3386990.3059,27097823.0,4068409.555,32836860.0,3386990.3059,27097823.0
2024-07-02,0.12344,0.12541,0.12235,0.12529,225053401.938,155680029,161250909,153995544,160834510,0.01,0.01,0.006728,0.01,0.010182,0.012389,0.003204,0.012167,0.010079,0.011224,0.005005,0.010876,76.33,23.67,3.23,81.81,18.19,4.5,71.68,28.32,2.53,108490.737167,44336.13489,110907.133492,44675.97307,4293750.7826,34939169.0,3607497.5388,29100101.0,4293750.7826,34939169.0,3607497.5388,29100101.0
2024-07-03,0.12528,0.12554,0.11668,0.11842,397036786.3441,160834510,161433422,150406360,152846466,0.01,0.01,-0.00216,0.01,0.012167,0.013512,-0.005418,0.003979,0.010876,0.011728,-0.005479,0.003533,73.47,26.53,2.77,81.81,18.19,4.5,70.75,29.25,2.42,1290120.527505,20409.91486,1549718.385619,20680.45086,4262737.5066,34180960.0,4156466.2301,33037960.0,4262737.5066,34180960.0,4156466.2301,33037960.0
2024-07-04,0.11842,0.11906,0.10374,0.10497,792064249.3825,152846466,155131035,138182013,139100177,0.01,0.01,-0.014635,-0.006622,0.003979,0.007304,-0.009116,-0.004816,0.003533,0.005313,-0.009066,-0.005412,77.43,22.57,3.43,81.81,18.19,4.5,69.36,30.64,2.26,1564577.693405,151124.513482,2361799.361924,159867.662322,3845490.7651,32616758.0,3871927.5817,32566319.0,3845490.7651,32616758.0,3871927.5817,32566319.0
2024-07-05,0.10497,0.10642,0.09099,0.10537,1016962112.6624,139100177,140233415,120947730,127765909,-0.006622,0.001282,-0.02264,-0.012675,-0.004816,-0.002202,-0.028102,-0.026069,-0.005412,-0.003089,-0.022692,-0.021351,78.0,22.0,3.55,81.81,18.19,4.5,66.18,33.82,1.96,1529108.451,587308.234376,2546810.360772,719402.705903,3488235.5896,33430880.0,3676512.0062,34899788.0,3488235.5896,33430880.0,3676512.0062,34899788.0
2024-07-06,0.10537,0.11413,0.10464,0.11337,500816073.2971,127765909,139430228,125158350,139115502,-0.012675,0.008865,-0.01461,0.002522,-0.026069,0.005356,-0.045618,0.001898,-0.021351,0.005847,-0.033503,0.002381,72.26,27.74,2.61,81.81,18.19,4.5,62.65,37.35,1.68,96741.828255,766727.887609,99117.719106,922064.160359,3664824.5592,34970072.0,2988682.9699,28244032.0,3664824.5592,34970072.0,2988682.9699,28244032.0
2024-07-07,0.11338,0.11345,0.10353,0.10409,381358281.6471,139115502,139181691,119864186,120445786,0.002522,0.01,-0.002351,0.005876,0.001898,0.008847,-0.007452,0.004108,0.002381,0.008816,-0.00411,0.005241,71.25,28.75,2.48,81.81,18.19,4.5,62.59,37.41,1.67,649219.592768,62022.190473,686423.095892,66010.965342,3708721.5721,32864977.0,2730727.9219,23975524.0,3708721.5721,32864977.0,2730727.9219,23975524.0
2024-07-08,0.10409,0.11133,0.09867,0.10752,610622765.3071,120445786,124925712,113042671,120544556,0.005876,0.009597,-0.012119,0.007855,0.004108,0.009147,-0.010481,0.004475,0.005241,0.009208,-0.009135,0.003587,73.98,26.02,2.84,81.81,18.19,4.5,65.19,34.81,1.87,1314693.29222,511000.582745,1411091.105023,583472.557937,3694623.207,35707342.0,2405915.069,23021314.0,3694623.207,35707342.0,2405915.069,23021314.0
2024-07-09,0.10752,0.10948,0.10571,0.10751,272645365.2345,120544556,122923301,118084925,119294744,0.007855,0.01,-0.00807,0.002708,0.004475,0.009077,-0.007284,0.003472,0.003587,0.008439,-0.006283,0.00242,74.22,25.78,2.88,81.81,18.19,4.5,67.47,32.53,2.07,90627.996392,68271.097194,91130.839002,76088.053781,3272105.1438,30574958.0,2963877.1165,27440081.0,3272105.1438,30574958.0,2963877.1165,27440081.0
2024-07-10,0.1075,0.11049,0.10564,0.10794,267822790.3964,119294744,123143136,117006129,118767165,0.002708,0.01,-0.006051,-0.004216,0.003472,0.011719,-0.002762,-0.000887,0.00242,0.010978,-0.002325,-0.00102,75.11,24.89,3.02,81.81,18.19,4.5,66.43,33.57,1.98,165786.627151,60680.032056,179226.89686,69752.149252,3545827.5444,33145916.0,3195411.4266,29591441.0,3545827.5444,33145916.0,3195411.4266,29591441.0
2024-07-11,0.10794,0.11238,0.10607,0.10656,270304281.4641,118767165,125084849,115767184,116602911,-0.004216,0.01,-0.004677,0.005085,-0.000887,0.011262,-0.003898,0.001617,-0.00102,0.010155,-0.002386,0.003524,75.54,24.46,3.09,81.81,18.19,4.5,66.69,33.31,2.0,204755.902208,407254.14193,229014.62878,420620.420031,3648798.717,33949904.0,3154179.7052,29099239.0,3648798.717,33949904.0,3154179.7052,29099239.0
2024-07-12,0.10656,0.10827,0.1047,0.10759,196427728.6154,116602911,117523941,112107603,116125361,0.005085,0.01,-0.001097,0.005075,0.001617,0.009814,-0.001672,-0.001672,0.003524,0.009442,-0.002859,-0.002859,76.24,23.76,3.21,81.81,18.19,4.5,65.48,34.52,1.9,286574.762189,44996.327975,297802.934143,45032.256315,3823111.8935,36059616.0,3358004.1441,31386058.0,3823111.8935,36059616.0,3358004.1441,31386058.0
2024-07-13,0.10759,0.11298,0.10721,0.11227,240417120.5707,116125361,131429855,115696429,130541494,0.005075,0.01,0.003335,0.01,-0.001672,0.01103,-0.00383,0.008182,-0.002859,0.012754,-0.004394,0.008201,76.95,23.05,3.34,81.81,18.19,4.5,65.01,34.99,1.86,24801.639853,620525.237752,24801.639853,639464.723502,3778725.9067,35280289.0,3339546.8057,30914886.0,3778725.9067,35280289.0,3339546.8057,30914886.0
2024-07-14,0.11226,0.11696,0.11105,0.11526,271931629.1486,130541494,133669441,124817737,128011287,0.01,0.01,-0.001062,0.009167,0.008182,0.009885,-0.004407,-0.000891,0.008201,0.011804,-0.000889,-0.000455,72.82,27.18,2.68,81.81,18.19,4.5,66.5,33.5,1.99,116201.699118,365268.990772,126299.774262,478377.079079,3665764.4529,32801522.0,3271264.8553,29008313.0,3665764.4529,32801522.0,3271264.8553,29008313.0
2024-07-15,0.11527,0.12549,0.11451,0.12482,456624290.6951,128011287,143266156,127549847,142569748,0.009167,0.01,-0.002271,0.01,-0.000891,0.010706,-0.005885,0.009252,-0.000455,0.009955,-0.004794,0.009023,69.25,30.75,2.25,81.81,18.19,4.5,65.31,34.69,1.88,78821.90231,464576.518803,85639.380605,496120.504545,3501655.2593,30520527.0,2737200.163,23655515.0,3501655.2593,30520527.0,2737200.163,23655515.0
2024-07-16,0.12481,0.1278,0.11888,0.12474,527827781.4021,142569748,146526988,133520812,140525065,0.01,0.01,-0.000583,0.01,0.009252,0.012233,0.000216,0.009775,0.009023,0.012539,0.00104,0.008181,67.57,32.43,2.08,81.81,18.19,4.5,61.71,38.29,1.61,339705.987355,371658.693326,369834.727216,384729.542912,3566687.9629,28705559.0,3199953.6553,25521255.0,3566687.9629,28705559.0,3199953.6553,25521255.0
2024-07-17,0.12474,0.12765,0.12025,0.12172,382950184.2762,140525065,144677016,133945725,135349850,0.01,0.01,0.001502,0.006415,0.009775,0.011277,0.001447,0.008894,0.008181,0.010136,0.002321,0.008138,67.97,32.03,2.12,81.81,18.19,4.5,63.54,36.46,1.74,337501.822742,105434.817237,521365.500609,106311.962977,3838898.2186,30910132.0,3298955.4477,26332842.0,3838898.2186,30910132.0,3298955.4477,26332842.0
2024-07-18,0.12172,0.1239,0.11703,0.11948,332554958.8013,135349850,141391689,132689415,133450506,0.006415,0.01,-0.003111,0.00248,0.008894,0.011438,-0.000322,0.003339,0.008138,0.011232,-0.001506,0.003338,73.94,26.06,2.84,81.81,18.19,4.5,62.97,37.03,1.7,792255.624472,48441.786464,869137.410988,49440.279428,3936748.3249,32484086.0,3372450.2918,27591656.0,3936748.3249,32484086.0,3372450.2918,27591656.0
2024-07-19,0.11948,0.126,0.11735,0.12541,343657460.4779,133450506,145757630,130699382,145757630,0.00248,0.01,-0.001561,0.01,0.003339,0.012462,-0.004402,0.011666,0.003338,0.013211,-0.001637,0.012146,73.16,26.84,2.73,81.81,18.19,4.5,62.68,37.32,1.68,208398.618809,265688.078894,208424.208029,283998.84313,4219758.4875,35496229.0,3501993.6002,29198312.0,4219758.4875,35496229.0,3501993.6002,29198312.0
2024-07-20,0.12541,0.13578,0.12423,0.1342,644553030.8403,145757630,186662264,145532291,186142488,0.01,0.01,0.004033,0.01,0.011666,0.011792,0.00583,0.011241,0.012146,0.012511,0.006556,0.011704,68.98,31.02,2.22,81.81,18.19,4.5,64.37,35.63,1.81,159764.071588,490958.184586,178813.974662,567635.652444,4167474.286,33398208.0,3400633.4393,27018786.0,4167474.286,33398208.0,3400633.4393,27018786.0
2024-07-21,0.13421,0.14372,0.12564,0.14025,846983095.9339,186142488,219021101,173609758,219021101,0.01,0.01,0.001531,0.01,0.011241,0.012262,0.001595,0.010521,0.011704,0.012682,0.001603,0.009713,63.62,36.38,1.75,81.81,18.19,4.5,65.8,34.2,1.92,1061502.712056,683035.831828,1161408.570824,731585.691686,3294836.1624,24669244.0,3139056.437,23276729.0,3294836.1624,24669244.0,3139056.437,23276729.0
2024-07-22,0.14025,0.14265,0.1355,0.1377,828150956.9929,219021101,232907797,207701054,219659514,0.01,0.01,-0.004588,0.01,0.010521,0.012197,-0.017946,0.010712,0.009713,0.013128,-0.006603,0.012425,68.22,31.78,2.15,81.81,18.19,4.5,66.4,33.6,1.98,1367200.622187,239480.971916,1401588.523786,251527.981247,2697412.3373,19322150.0,2841565.1472,20154590.0,2697412.3373,19322150.0,2841565.1472,20154590.0
2024-07-23,0.1377,0.13918,0.128,0.13024,639071557.1673,219659514,221551111,186347056,187131664,0.01,0.01,0.000454,0.01,0.010712,0.011059,-0.002187,0.007637,0.012425,0.012651,-0.001249,0.005837,71.05,28.95,2.45,81.81,18.19,4.5,67.41,32.59,2.07,2423688.155163,72829.569165,2729283.70929,80411.808393,3609491.57,26348228.0,2855021.4948,20632594.0,3609491.57,26348228.0,2855021.4948,20632594.0
2024-07-24,0.13023,0.13477,0.12678,0.12786,391485800.1305,187131664,194678515,176172468,177846356,0.01,0.01,0.003284,0.007452,0.007637,0.011634,0.0021,0.009525,0.005837,0.012092,0.002019,0.009681,76.68,23.32,3.29,81.81,18.19,4.5,68.65,31.35,2.19,359440.437346,71909.02364,443233.904089,73741.331048,3572285.3821,27573371.0,2902630.0636,22187958.0,3572285.3821,27573371.0,2902630.0636,22187958.0
2024-07-25,0.12785,0.12869,0.12,0.12516,542281444.8897,177846356,179119646,163059953,172878637,0.007452,0.01,-0.002717,0.01,0.009525,0.011645,-0.000435,0.009013,0.009681,0.010483,-0.001025,0.006502,76.73,23.27,3.3,81.81,18.19,4.5,69.0,31.0,2.23,1029918.674734,184282.114544,1157877.995548,196865.253382,3408943.5222,26785082.0,3094680.648,24088346.0,3408943.5222,26785082.0,3094680.648,24088346.0
2024-07-26,0.12517,0.13493,0.12498,0.13416,406240220.9285,172878637,201907901,172465951,200878694,0.01,0.01,0.004473,0.008974,0.009013,0.011719,0.005568,0.010925,0.006502,0.010843,0.004594,0.010251,77.25,22.75,3.4,81.81,18.19,4.5,69.46,30.54,2.27,14626.30102,523137.641651,21664.563708,552474.225207,3626177.0644,29128607.0,3086542.968,24553544.0,3626177.0644,29128607.0,3086542.968,24553544.0
2024-07-27,0.13416,0.13878,0.13001,0.13141,861692770.8239,200878694,217232506,193051996,193394254,0.008974,0.01,0.000127,0.004735,0.010925,0.01281,0.005699,0.007005,0.010251,0.013192,0.006201,0.006404,67.31,32.69,2.06,81.81,18.19,4.5,67.93,32.07,2.12,463410.662237,321876.165599,538514.262672,416074.36962,4933382.1759,36964780.0,3436761.4634,25508455.0,4933382.1759,36964780.0,3436761.4634,25508455.0
2024-07-28,0.13141,0.13179,0.12805,0.12996,299993101.2095,193394254,193394254,183908490,186048439,0.004735,0.01,-0.005885,0.003597,0.007005,0.008902,-0.002342,0.00436,0.006404,0.00881,-0.001397,0.003887,72.51,27.49,2.64,81.81,18.19,4.5,70.12,29.88,2.35,406469.951205,27739.35723,423423.069888,27836.60963,4146142.3834,31747104.0,2159232.1473,16366930.0,4146142.3834,31747104.0,2159232.1473,16366930.0
2024-07-29,0.12995,0.13505,0.12744,0.12837,505695265.0991,186048439,192796401,174337293,175359116,0.003597,0.01,-0.001848,0.005351,0.00436,0.012675,-0.017082,0.004756,0.003887,0.012929,-0.009355,0.003969,74.17,25.83,2.87,81.81,18.19,4.5,68.64,31.36,2.19,421371.005746,133222.782768,504535.748479,133946.774772,3609924.6446,27903607.0,4173289.0528,31969521.0,3609924.6446,27903607.0,4173289.0528,31969521.0
2024-07-30,0.12837,0.13058,0.12308,0.12542,365743053.7033,175359116,180223968,165451749,166035158,0.005351,0.01,-0.005285,-0.005285,0.004756,0.011726,-0.002469,0.001872,0.003969,0.011177,-0.000626,0.001323,74.27,25.73,2.89,81.81,18.19,4.5,70.59,29.41,2.4,997878.640312,34895.845422,1096507.74927,38117.081702,3919170.9704,30681398.0,3539043.8406,27449971.0,3919170.9704,30681398.0,3539043.8406,27449971.0
2024-07-31,0.12543,0.1273,0.12107,0.12187,342158574.9886,166035158,166245302,148601661,148617413,-0.005285,0.01,-0.006366,0.003949,0.001872,0.011436,-0.001131,0.006775,0.001323,0.009785,-0.000478,0.004906,77.9,22.1,3.53,81.81,18.19,4.5,71.21,28.79,2.47,792493.243751,50800.51854,916031.059334,51314.67894,3426992.7904,27414764.0,3109873.6035,24663950.0,3426992.7904,27414764.0,3109873.6035,24663950.0
2024-08-01,0.12186,0.12308,0.112,0.11895,533455944.5855,148617413,150545911,138782013,143171284,0.003949,0.01,-0.005517,-0.004158,0.006775,0.011666,-0.012427,-0.000406,0.004906,0.00998,-0.004728,-0.002505,77.33,22.67,3.41,81.81,18.19,4.5,70.34,29.66,2.37,2179959.839078,134701.379815,2583491.636812,143588.501571,4386824.2174,36183383.0,3196248.3996,26118021.0,4386824.2174,36183383.0,3196248.3996,26118021.0
2024-08-02,0.11894,0.11969,0.11012,0.11149,475010213.3498,143171284,143683831,129036898,131923245,-0.004158,0.01,-0.004611,0.01,-0.000406,0.012971,-0.006556,0.010741,-0.002505,0.0096,-0.003312,0.008763,75.14,24.86,3.02,81.81,18.19,4.5,70.15,29.85,2.35,939650.32868,165584.258452,1083363.285379,170144.677251,4075347.3375,34445103.0,2850994.2332,23878445.0,4075347.3375,34445103.0,2850994.2332,23878445.0
2024-08-03,0.11148,0.11468,0.10517,0.10807,453693449.4576,131923245,137040398,126086924,129423932,0.01,0.01,-0.002709,-0.000358,0.010741,0.012148,-0.006441,0.001407,0.008763,0.009676,-0.001971,0.000392,76.81,23.19,3.31,81.81,18.19,4.5,71.58,28.42,2.52,747698.795822,206193.476855,953358.325643,211466.562614,2976122.9859,26823885.0,2982077.4853,26625208.0,2976122.9859,26823885.0,2982077.4853,26625208.0
2024-08-04,0.10806,0.10937,0.0989,0.10371,470904080.1427,129423932,132030618,123481595,123518477,-0.000358,0.01,-0.009423,-0.007356,0.001407,0.0095,-0.00523,-0.003973,0.000392,0.007512,-0.005928,-0.005172,74.84,25.16,2.98,81.81,18.19,4.5,72.1,27.9,2.58,958723.486821,353373.831245,1226658.110108,358055.399655,2885207.9604,26817336.0,2789626.5953,25694467.0,2885207.9604,26817336.0,2789626.5953,25694467.0
2024-08-05,0.1037,0.10425,0.08041,0.0943,1647459463.7467,123518477,123703001,86271650,93849139,-0.007356,0.007205,-0.007631,-0.004624,-0.003973,0.003765,-0.018113,-0.006034,-0.005172,0.002143,-0.013795,-0.00464,75.05,24.95,3.01,81.81,18.19,4.5,69.24,30.76,2.25,2552478.213246,1797597.697931,4548524.685712,1892170.473881,3166745.2724,30709277.0,2566544.8998,24653631.0,3166745.2724,30709277.0,2566544.8998,24653631.0
2024-08-06,0.09431,0.10142,0.0939,0.09638,563567056.7362,93849139,106133517,93671614,101434174,-0.004624,0.007364,-0.016175,0.005211,-0.006034,0.005184,-0.017328,0.001232,-0.00464,0.003134,-0.014402,0.000605,71.68,28.32,2.53,81.81,18.19,4.5,62.97,37.03,1.7,358822.993137,228335.520106,376245.714463,234679.433235,3159353.2266,33737993.0,2411006.5418,25476658.0,3159353.2266,33737993.0,2411006.5418,25476658.0
2024-08-07,0.09639,0.10201,0.09421,0.09555,566163328.0692,101434174,110104338,99851073,102222404,0.005211,0.01,-0.00545,0.00759,0.001232,0.011702,-0.006477,0.007913,0.000605,0.009815,-0.005915,0.005375,72.97,27.03,2.7,81.81,18.19,4.5,58.14,41.86,1.39,479954.342609,143732.304055,598447.891406,176858.624608,3261079.0339,34014670.0,2513820.4688,25982129.0,3261079.0339,34014670.0,2513820.4688,25982129.0
2024-08-08,0.09554,0.10797,0.09348,0.10741,515970493.4311,102222404,113438351,99516161,112763286,0.00759,0.01,-0.005196,0.004,0.007913,0.010221,-0.002742,0.003532,0.005375,0.007558,-0.002654,0.001916,71.94,28.06,2.56,81.81,18.19,4.5,58.95,41.05,1.44,253847.725143,1383559.04812,272105.195318,1440150.549559,3210693.4231,33805808.0,2846296.0317,29651477.0,3210693.4231,33805808.0,2846296.0317,29651477.0
2024-08-09,0.10741,0.10778,0.10153,0.10378,297874194.4475,112763286,113998826,106220780,107476149,0.004,0.01,-0.009403,-0.002728,0.003532,0.009999,-0.00457,-0.001517,0.001916,0.008559,-0.004403,-0.002336,71.29,28.71,2.48,81.81,18.19,4.5,60.41,39.59,1.53,240423.789126,48099.387717,289084.573437,48624.643341,3475325.7359,32509955.0,3044443.2935,28218259.0,3475325.7359,32509955.0,3044443.2935,28218259.0
2024-08-10,0.10379,0.10587,0.10282,0.10511,148424595.8779,107476149,108927115,105603142,105860644,-0.002728,0.01,-0.010844,-0.003691,-0.001517,0.008233,-0.008182,0.001023,-0.002336,0.005168,-0.006374,0.000942,73.8,26.2,2.82,81.81,18.19,4.5,63.54,36.46,1.74,27444.730807,387592.538861,27520.833691,394515.700843,3202596.6201,31001887.0,3003533.6711,28823800.0,3202596.6201,31001887.0,3003533.6711,28823800.0
2024-08-11,0.10512,0.11094,0.10001,0.10053,432367933.7687,105860644,116231577,101030361,101120212,-0.003691,0.01,-0.010013,-0.002655,0.001023,0.007995,-0.0049,-0.000497,0.000942,0.006649,-0.0033,-0.001229,72.96,27.04,2.7,81.81,18.19,4.5,63.0,37.0,1.7,1137130.637578,353491.390678,1324454.869466,373158.150704,3497727.0922,33439496.0,4121901.4077,39029638.0,3497727.0922,33439496.0,4121901.4077,39029638.0
2024-08-12,0.10054,0.10864,0.10005,0.10784,489231246.577,101120212,112631748,100012000,108812865,-0.002655,0.01,-0.00917,0.01,-0.000497,0.010625,-0.009607,0.00759,-0.001229,0.008678,-0.006581,0.005322,75.92,24.08,3.15,76.01,23.99,3.17,61.09,38.91,1.57,428731.149245,258562.704407,444516.953136,272193.076877,3788069.45,37860140.0,3020339.4621,29916040.0,3788069.45,37860140.0,3020339.4621,29916040.0
2024-08-13,0.10783,0.10899,0.10324,0.1063,316482143.4388,108812865,112472537,98841030,102642579,0.01,0.01,-0.00544,-0.003662,0.00759,0.010149,-0.004477,-0.002096,0.005322,0.007566,-0.003609,-0.001993,72.92,27.08,2.69,71.45,28.55,2.5,62.01,37.99,1.63,163550.240977,128107.68598,207666.743253,132183.184831,2981399.6953,27794969.0,3765104.5048,34765043.0,2981399.6953,27794969.0,3765104.5048,34765043.0
2024-08-14,0.1063,0.10686,0.1013,0.10235,260919912.6331,102642579,106261130,101071910,102817258,-0.003662,0.008597,-0.011096,0.002456,-0.002096,0.008739,-0.010105,0.002201,-0.001993,0.005918,-0.008375,0.001923,73.31,26.69,2.75,72.95,27.05,2.7,62.26,37.74,1.65,153224.294155,19606.511908,398974.021723,21060.240887,3670716.6696,34696421.0,3744435.0295,35065654.0,3670716.6696,34696421.0,3744435.0295,35065654.0
2024-08-15,0.10235,0.10491,0.09782,0.10013,335133159.467,102817258,106170818,98964777,102560480,0.002456,0.01,-0.017528,-0.015554,0.002201,0.011757,-0.014153,-0.012906,0.001923,0.008074,-0.011947,-0.011314,75.65,24.35,3.11,73.29,26.71,2.74,61.12,38.88,1.57,522910.124358,55758.165818,732383.187217,55792.790458,3310207.5424,32500638.0,2600584.5536,25317577.0,3310207.5424,32500638.0,2600584.5536,25317577.0
2024-08-16,0.10013,0.102,0.09736,0.10028,275535543.2888,102560480,102614900,99186991,99949615,-0.015554,0.009481,-0.020185,0.004766,-0.012906,0.009,-0.012906,0.005727,-0.011314,0.007153,-0.011314,0.00296,73.86,26.14,2.83,71.75,28.25,2.54,57.59,42.41,1.36,180540.252271,192976.316834,221255.093153,218424.137774,3228388.0608,32377786.0,3188279.6047,31702459.0,3228388.0608,32377786.0,3188279.6047,31702459.0
2024-08-17,0.10028,0.10366,0.09992,0.10271,138460316.0634,99949615,105872536,99656008,103461058,0.004766,0.01,-0.008374,0.01,0.005727,0.011345,-0.005831,0.011231,0.00296,0.009606,-0.005508,0.009606,72.79,27.21,2.68,71.27,28.73,2.48,58.41,41.59,1.4,18918.260458,68189.652368,19085.483338,71722.463662,3621202.0092,36288805.0,3076061.4272,30546766.0,3621202.0092,36288805.0,3076061.4272,30546766.0
2024-08-18,0.10271,0.10456,0.09989,0.09998,184000757.9497,103461058,108136119,101007643,101007643,0.01,0.01,-0.002121,-0.001375,0.011231,0.011446,-0.002012,-0.001626,0.009606,0.009855,-0.003766,-0.003748,70.56,29.44,2.4,68.94,31.06,2.22,58.4,41.6,1.4,238620.136635,143205.660727,259476.232104,143494.638197,3791645.8036,37083532.0,3160790.1842,30642749.0,3791645.8036,37083532.0,3160790.1842,30642749.0
2024-08-19,0.09999,0.1019,0.09853,0.10127,211480208.3265,101007643,110230127,100345838,109778850,-0.001375,0.01,-0.013847,-0.005322,-0.001626,0.009488,-0.011246,-0.000246,-0.003748,0.007912,-0.012035,-0.001532,73.3,26.7,2.75,70.43,29.57,2.38,58.51,41.49,1.41,156919.725416,33237.86072,174173.084967,37909.015488,4346116.2953,43694116.0,2899411.4376,28898877.0,4346116.2953,43694116.0,2899411.4376,28898877.0
2024-08-20,0.10128,0.10624,0.10102,0.10286,446954041.9863,109778850,118791659,107083731,114941203,-0.005322,0.01,-0.006107,0.000046,-0.000246,0.010857,-0.003658,0.003987,-0.001532,0.008426,-0.002704,0.002715,71.84,28.16,2.55,69.27,30.73,2.25,58.82,41.18,1.43,169207.328686,145198.519243,189824.516422,287008.361813,3792194.4719,37604881.0,2341366.6098,23010796.0,3792194.4719,37604881.0,2341366.6098,23010796.0
2024-08-21,0.10285,0.10792,0.10203,0.10612,252196518.5704,114941203,119655479,112770890,117544121,0.000046,0.01,-0.001643,-0.001076,0.003987,0.010572,0.000714,0.004179,0.002715,0.00743,0.000118,0.003531,73.21,26.79,2.73,72.32,27.68,2.61,59.33,40.67,1.46,87995.961707,244968.026089,96106.553594,261581.609577,4113904.5025,40192977.0,3284108.6367,31804208.0,4113904.5025,40192977.0,3284108.6367,31804208.0
2024-08-22,0.10613,0.10686,0.10392,0.10522,174161561.3212,117544121,117700001,113306683,114135399,-0.001076,0.01,-0.003156,-0.003156,0.004179,0.010077,0.000048,0.002362,0.003531,0.007818,0.000628,0.001425,72.48,27.52,2.63,73.6,26.4,2.79,59.32,40.68,1.46,158396.264954,127392.223506,166957.200946,127392.223506,4276910.9103,40435375.0,3039534.6269,28512710.0,4276910.9103,40435375.0,3039534.6269,28512710.0
2024-08-23,0.10521,0.1154,0.10518,0.11288,524914622.6295,114135399,132377445,113612534,126463883,-0.003156,0.01,-0.005831,0.003295,0.002362,0.009357,0.000153,0.004572,0.001425,0.006708,-0.00007,0.004467,73.87,26.13,2.83,74.81,25.19,2.97,59.57,40.43,1.47,138580.132963,651866.631666,140599.029003,718864.77203,4237943.0854,40467382.0,3817050.5782,36151031.0,4237943.0854,40467382.0,3817050.5782,36151031.0
2024-08-24,0.11288,0.11496,0.11067,0.1125,347119556.0553,126463883,129944015,121387599,124220827,0.003295,0.007849,-0.005567,0.003255,0.004572,0.008986,-0.005343,0.003309,0.004467,0.007953,-0.003248,0.002409,72.37,27.63,2.62,73.49,26.51,2.77,63.25,36.75,1.72,417976.534983,143625.622865,421174.919613,145603.602433,3576774.2431,31825348.0,2985334.5278,26325982.0,3576774.2431,31825348.0,2985334.5278,26325982.0
2024-08-25,0.11251,0.11279,0.10772,0.10954,302130641.5278,124220827,124513524,118048479,118747052,0.003255,0.00938,-0.006876,-0.005475,0.003309,0.010833,-0.010825,0.001338,0.002409,0.009266,-0.008155,-0.000414,73.79,26.21,2.82,74.19,25.81,2.87,63.88,36.12,1.77,373044.151011,53821.324042,517481.187781,53835.080917,2588012.2558,23106952.0,2650045.0716,23468443.0,2588012.2558,23106952.0,2650045.0716,23468443.0
2024-08-26,0.10954,0.11027,0.10431,0.10513,299049172.7899,118747052,120910781,111862050,114884016,-0.005475,0.01,-0.005475,0.004984,0.001338,0.010445,-0.002055,0.004666,-0.000414,0.009492,-0.001922,0.004393,75.26,24.74,3.04,75.42,24.58,3.07,63.85,36.15,1.77,459382.973917,10685.172296,542087.146068,10715.698626,3660352.8829,33561138.0,2665933.4842,24241715.0,3660352.8829,33561138.0,2665933.4842,24241715.0
2024-08-27,0.10513,0.10648,0.09622,0.09884,348513655.0951,114884016,117978280,101770758,103062309,0.004984,0.01,-0.013377,-0.01313,0.004666,0.011976,-0.01458,-0.014514,0.004393,0.011123,-0.010882,-0.010882,74.65,25.35,2.95,73.92,26.08,2.83,64.23,35.77,1.8,864358.120164,69544.21834,1140240.678543,69823.173313,3734661.3293,35690150.0,2449058.9115,23196160.0,3734661.3293,35690150.0,2449058.9115,23196160.0
2024-08-28,0.09884,0.10186,0.09676,0.09956,317767585.1828,103062309,104929826,98833906,100257721,-0.01313,0.01,-0.013594,-0.000038,-0.014514,0.009785,-0.014514,-0.00199,-0.010882,0.007341,-0.011186,-0.000573,75.39,24.61,3.06,73.73,26.27,2.81,63.61,36.39,1.75,390154.85176,256957.064667,409778.320642,261209.022618,3064067.8852,31214767.0,2326685.4859,23494749.0,3064067.8852,31214767.0,2326685.4859,23494749.0
2024-08-29,0.09956,0.10257,0.09821,0.10031,209698564.5246,100257721,104133457,97519979,102174370,-0.000038,0.007119,-0.015351,-0.000818,-0.00199,0.006809,-0.010246,0.000695,-0.000573,0.004312,-0.007834,0.000283,76.14,23.86,3.19,73.14,26.86,2.72,60.68,39.32,1.54,254672.655246,741608.241204,260242.535614,741710.021204,2799019.7188,28244111.0,2366154.3018,23677359.0,2799019.7188,28244111.0,2366154.3018,23677359.0
2024-08-30,0.10031,0.10325,0.09689,0.10175,335767789.4086,102174370,106847203,99564394,102832766,-0.000818,0.01,-0.00604,-0.001415,0.000695,0.0092,-0.004444,0.003339,0.000283,0.008486,-0.002857,0.001787,75.46,24.54,3.08,73.52,26.48,2.78,61.83,38.17,1.62,299627.787438,443205.060968,358230.237571,455881.571739,2101282.7004,21072558.0,2254050.6473,22376546.0,2101282.7004,21072558.0,2254050.6473,22376546.0
2024-08-31,0.10176,0.10235,0.1003,0.10124,154564303.5184,102832766,105068834,99374343,102693442,-0.001415,0.01,-0.008134,0.008892,0.003339,0.011564,-0.001378,0.009952,0.001787,0.011028,-0.001619,0.008248,75.55,24.45,3.09,74.03,25.97,2.85,62.69,37.31,1.68,46135.654781,48909.846744,46323.292751,48909.846744,2453417.0464,24217261.0,2289919.2072,22420286.0,2453417.0464,24217261.0,2289919.2072,22420286.0
2024-09-01,0.10124,0.10148,0.09382,0.09502,256716003.3726,102693442,106004505,99205124,99469900,0.008892,0.01,-0.018795,-0.01795,0.009952,0.010826,-0.014701,-0.014229,0.008248,0.00917,-0.011002,-0.010754,75.89,24.11,3.15,75.79,24.21,3.13,64.6,35.4,1.83,970288.092704,67231.514672,1199153.364831,68944.659668,3152753.1328,31284496.0,2781095.7035,27366101.0,3152753.1328,31284496.0,2781095.7035,27366101.0
2024-09-02,0.09502,0.09994,0.09403,0.09907,252826144.4321,99469900,103749627,98896941,102590778,-0.01795,0.01,-0.020295,0.01,-0.014229,0.007205,-0.017155,0.007003,-0.010754,0.004911,-0.01271,0.004907,77.2,22.8,3.39,75.87,24.13,3.14,59.81,40.19,1.49,87728.681971,278311.809012,88842.387193,286820.839799,2943736.5741,31133220.0,2700009.1981,28307755.0,2943736.5741,31133220.0,2700009.1981,28307755.0
2024-09-03,0.09906,0.10074,0.09634,0.09674,234771855.8711,102590778,105428292,98936830,101818838,0.01,0.01,-0.00187,-0.001858,0.007003,0.010913,0.000075,0.000102,0.004907,0.008964,-0.001111,-0.00083,73.35,26.65,2.75,71.28,28.72,2.48,59.54,40.46,1.47,314896.654524,64196.222383,334009.597489,72688.52523,3975316.2214,40344265.0,3270655.4037,32900515.0,3975316.2214,40344265.0,3270655.4037,32900515.0
2024-09-04,0.09673,0.09951,0.09186,0.09797,377045444.5544,101818838,102278321,93892597,95734543,-0.001858,0.01,-0.006661,0.004841,0.000102,0.008351,-0.006788,0.005176,-0.00083,0.005217,-0.004678,0.002882,77.65,22.35,3.47,77.3,22.7,3.41,62.72,37.28,1.68,664848.071787,247252.620628,776905.770463,254130.612337,3815437.5293,39630657.0,2903094.9077,29889884.0,3815437.5293,39630657.0,2903094.9077,29889884.0
2024-09-05,0.09797,0.09914,0.09595,0.09837,270918660.7206,95734543,104552489,93474373,102889166,0.004841,0.01,0.002892,0.006639,0.005176,0.0113,0.004283,0.00952,0.002882,0.00938,0.002027,0.007697,74.79,25.21,2.97,73.74,26.26,2.81,61.48,38.52,1.6,175796.301942,106347.433784,176192.087592,107980.013264,3209558.1978,32912279.0,2664332.1264,27096723.0,3209558.1978,32912279.0,2664332.1264,27096723.0
2024-09-06,0.09837,0.0994,0.08886,0.09244,536856599.6388,102889166,108780149,99554055,104654043,0.006639,0.01,-0.011351,-0.008603,0.00952,0.011664,-0.011697,-0.011605,0.007697,0.010032,-0.009253,-0.008653,76.53,23.47,3.26,77.04,22.96,3.36,60.78,39.22,1.55,1348285.698433,95388.612886,1705368.05679,95767.95282,2823824.5443,28840894.0,2565885.9662,25983192.0,2823824.5443,28840894.0,2565885.9662,25983192.0
2024-09-07,0.09244,0.09565,0.0917,0.09534,210400197.8816,104654043,105763451,101558894,105727908,-0.008603,0.01,-0.018613,0.01,-0.011605,0.008177,-0.014633,0.005505,-0.008653,0.008661,-0.010431,0.005843,77.54,22.46,3.45,75.58,24.42,3.1,58.64,41.36,1.42,52082.996295,125485.939426,55869.629735,127089.638657,3293818.9517,35822254.0,2818209.9677,30383187.0,3293818.9517,35822254.0,2818209.9677,30383187.0
2024-09-08,0.09534,0.09698,0.09376,0.09609,205749090.359,105727908,106753896,100329959,101900223,0.01,0.01,-0.006588,-0.00089,0.005505,0.010083,-0.002779,0.002325,0.005843,0.008153,-0.003234,0.001909,74.83,25.17,2.97,72.99,27.01,2.7,59.35,40.65,1.46,194116.529968,203854.028648,196664.667104,216638.627411,3005767.6918,31660094.0,2875491.7271,30043676.0,3005767.6918,31660094.0,2875491.7271,30043676.0
2024-09-09,0.09609,0.10492,0.09564,0.10375,450654953.9395,101900223,111970967,101454160,111954221,-0.00089,0.01,-0.005916,0.005794,0.002325,0.010694,-0.003034,0.007662,0.001909,0.009963,-0.002357,0.006089,76.24,23.76,3.21,75.9,24.1,3.15,60.65,39.35,1.54,80375.753035,832316.758205,80742.626715,856259.649445,3442553.88,35978311.0,3171293.1366,32857175.0,3442553.88,35978311.0,3171293.1366,32857175.0
2024-09-10,0.10375,0.10456,0.1015,0.10274,263296021.1696,111954221,116196933,108700127,111028322,0.005794,0.01,-0.004873,0.004174,0.007662,0.008704,-0.003837,0.006606,0.006089,0.006569,-0.003108,0.00497,70.0,30.0,2.33,71.71,28.29,2.54,65.27,34.73,1.88,119936.856053,58755.949708,139945.211883,59986.291368,3690102.1794,35729916.0,2701536.8188,25933241.0,3690102.1794,35729916.0,2701536.8188,25933241.0
2024-09-11,0.10275,0.10303,0.09779,0.10125,316974948.7629,111028322,111473027,104542412,107632815,0.004174,0.01,-0.006777,0.000119,0.006606,0.010735,-0.003712,0.000532,0.00497,0.009608,-0.000404,-0.000274,71.43,28.57,2.5,74.11,25.89,2.86,66.42,33.58,1.98,730439.675749,247515.018131,773447.843701,251858.7374,3745169.0651,36597814.0,2993541.343,29012127.0,3745169.0651,36597814.0,2993541.343,29012127.0
2024-09-12,0.10125,0.1033,0.10037,0.10267,230299036.4522,107632815,112072345,107092686,110348584,0.000119,0.008585,-0.010771,-0.000545,0.000532,0.009,-0.001989,0.004035,-0.000274,0.006757,-0.00352,0.00228,74.18,25.82,2.87,76.46,23.54,3.25,68.11,31.89,2.14,51390.175316,143862.475379,53812.47818,153637.136903,3744944.4555,37178813.0,3533402.5776,34778942.0,3744944.4555,37178813.0,3533402.5776,34778942.0
2024-09-13,0.10268,0.10842,0.10172,0.1069,411397274.5778,110348584,135837517,108832492,131986777,-0.000545,0.01,-0.002725,-0.002406,0.004035,0.009451,-0.00113,-0.000865,0.00228,0.009057,-0.001687,-0.00076,73.87,26.13,2.83,74.69,25.31,2.95,67.0,33.0,2.03,74667.010121,265496.682138,76206.227124,318283.663629,4332736.1736,42375839.0,3237014.3748,31407562.0,4332736.1736,42375839.0,3237014.3748,31407562.0
2024-09-14,0.10691,0.1077,0.10426,0.10534,224800989.0958,131986777,137002014,127338439,130478295,-0.002406,0.01,-0.002438,0.01,-0.000865,0.007947,-0.006085,0.006697,-0.00076,0.008091,-0.003613,0.007261,70.67,29.33,2.41,71.81,28.19,2.55,65.9,34.1,1.93,171257.044174,23071.25993,183246.429449,23071.25993,4126186.3516,38795117.0,3427536.3263,31933872.0,4126186.3516,38795117.0,3427536.3263,31933872.0
2024-09-15,0.10534,0.10639,0.10207,0.10275,227840262.3947,130478295,133196774,126481367,126825523,0.01,0.01,-0.001923,0.01,0.006697,0.010417,0.000561,0.00743,0.007261,0.009365,0.001273,0.00855,72.36,27.64,2.62,74.47,25.53,2.92,66.55,33.45,1.99,316820.158073,57535.517137,324966.877595,59017.907815,3872015.6423,36920465.0,3533892.5214,33410934.0,3872015.6423,36920465.0,3533892.5214,33410934.0
2024-09-16,0.10275,0.10318,0.09829,0.0996,281425290.8959,126825523,127384928,108405475,109997114,0.01,0.01,-0.008771,-0.00875,0.00743,0.008306,-0.006754,-0.004964,0.00855,0.009995,-0.005515,-0.0047,74.48,25.52,2.92,75.09,24.91,3.01,66.51,33.49,1.99,1089642.84538,46733.230254,1277414.17133,47010.058334,3399008.246,33235053.0,2725195.4089,26397101.0,3399008.246,33235053.0,2725195.4089,26397101.0
2024-09-17,0.0996,0.1026,0.09865,0.10105,258800871.5741,109997114,115933254,107787272,114795658,-0.00875,0.01,-0.009299,0.0082,-0.004964,0.009567,-0.004964,0.007879,-0.0047,0.008247,-0.0047,0.00466,75.14,24.86,3.02,73.96,26.04,2.84,68.02,31.98,2.13,193409.017018,113043.742295,195128.854633,115839.439129,3017239.2694,30418302.0,2994742.5675,29948838.0,3017239.2694,30418302.0,2994742.5675,29948838.0
2024-09-18,0.10106,0.10385,0.09928,0.10381,299151523.2415,114795658,118301376,109563528,114233381,0.0082,0.01,-0.002421,0.01,0.007879,0.012597,-0.002708,0.012139,0.00466,0.012687,0.00089,0.01187,72.97,27.03,2.7,70.8,29.2,2.43,68.79,31.21,2.2,306310.161462,130723.899176,312275.194308,134674.239606,3510909.6717,34895229.0,2716045.7278,26770721.0,3510909.6717,34895229.0,2716045.7278,26770721.0
2024-09-19,0.10382,0.1071,0.10342,0.10497,317397833.2594,114233381,121946560,114233381,118748047,0.01,0.01,-0.004761,0.01,0.012139,0.013614,0.000088,0.010503,0.01187,0.012685,0.001571,0.008522,72.52,27.48,2.64,71.04,28.96,2.45,71.62,28.38,2.52,95403.617802,131812.082432,101317.537457,147851.159006,2320093.4556,22465631.0,2950473.3196,28298423.0,2320093.4556,22465631.0,2950473.3196,28298423.0
2024-09-20,0.10496,0.10747,0.10355,0.10548,312679739.242,118748047,124161790,117222202,118340728,0.01,0.01,0.001664,0.006287,0.010503,0.012945,-0.000611,0.009381,0.008522,0.013009,0.002198,0.00727,71.36,28.64,2.49,71.71,28.29,2.54,71.34,28.66,2.49,208099.767534,106273.070616,211113.961554,107415.842122,3915853.6839,37474833.0,2897895.6219,27485739.0,3915853.6839,37474833.0,2897895.6219,27485739.0
2024-09-21,0.10548,0.11048,0.104,0.1099,267055525.1868,118340728,139565542,116873957,138380438,0.006287,0.01,0.003517,0.009736,0.009381,0.01155,0.002855,0.010676,0.00727,0.011218,0.004996,0.009955,73.71,26.29,2.8,75.42,24.58,3.07,71.98,28.02,2.57,44575.407677,287949.411027,49269.781005,405882.286266,3637330.9853,34658958.0,3714506.6191,35082989.0,3637330.9853,34658958.0,3714506.6191,35082989.0
2024-09-22,0.10991,0.10996,0.10369,0.10627,262857612.2991,138380438,138497926,120964355,124196455,0.009736,0.01,-0.002719,0.001511,0.010676,0.011586,-0.002203,0.000426,0.009955,0.011429,-0.005217,-0.002879,70.71,29.29,2.41,73.83,26.17,2.82,72.77,27.23,2.67,526362.584111,48792.347764,653819.779433,49329.578422,3786492.1038,34608471.0,3245573.6924,29393704.0,3786492.1038,34608471.0,3245573.6924,29393704.0
2024-09-23,0.10627,0.10917,0.10402,0.108,310240848.1013,124196455,129942869,121115406,129382285,0.001511,0.01,0.000292,0.004341,0.000426,0.012364,-0.000867,0.006024,-0.002879,0.012544,-0.003161,0.005198,73.35,26.65,2.75,75.59,24.41,3.1,75.65,24.35,3.11,95362.392337,154825.974215,101213.457034,161750.176255,3488102.627,32961076.0,3051181.9397,28579071.0,3488102.627,32961076.0,3051181.9397,28579071.0
2024-09-24,0.108,0.11066,0.10676,0.10973,363079748.3457,129382285,142072407,128199619,140589755,0.004341,0.01,-0.000584,0.01,0.006024,0.011879,0.000207,0.011083,0.005198,0.011252,0.002048,0.010108,72.56,27.44,2.64,74.0,26.0,2.85,69.78,30.22,2.31,73281.08305,200726.92142,73451.58805,202238.19926,3558011.667,33089410.0,3203321.4023,29516648.0,3558011.667,33089410.0,3203321.4023,29516648.0
2024-09-25,0.10973,0.11116,0.1079,0.10843,347671387.6901,140589755,143521305,136453357,139394984,0.01,0.01,0.002018,0.01,0.011083,0.011936,0.006216,0.011785,0.010108,0.012301,0.006145,0.012243,71.86,28.14,2.55,75.52,24.48,3.09,71.54,28.46,2.51,254563.946913,91886.563718,262131.11342,93395.931174,4011238.5949,36732635.0,2844658.6647,25808989.0,4011238.5949,36732635.0,2844658.6647,25808989.0
2024-09-26,0.10843,0.12071,0.1069,0.11813,816185123.3354,139394984,185867420,136871062,180221692,0.01,0.01,0.004226,0.01,0.011785,0.011875,0.005882,0.010868,0.012243,0.012351,0.005604,0.009565,72.56,27.44,2.64,75.9,24.1,3.15,73.23,26.77,2.74,775511.319932,717956.76329,794361.021141,1533791.123396,3758575.1235,34827465.0,3066502.1332,28164027.0,3758575.1235,34827465.0,3066502.1332,28164027.0
2024-09-27,0.11813,0.12872,0.11697,0.12348,844025866.9383,180221692,196542351,177570657,182222757,0.01,0.01,0.003943,0.007194,0.010868,0.012639,0.006076,0.00871,0.009565,0.012288,0.006742,0.006742,67.44,32.56,2.07,69.81,30.19,2.31,69.64,30.36,2.29,263814.403447,2122968.238817,273546.895105,2196350.190404,4083015.9275,34727549.0,3196066.6377,26939879.0,4083015.9275,34727549.0,3196066.6377,26939879.0
2024-09-28,0.12347,0.1322,0.12004,0.12805,972770351.029,182222757,219323490,178119352,202694163,0.007194,0.01,0.002909,0.01,0.00871,0.013748,0.006491,0.011289,0.006742,0.014608,0.004557,0.010382,67.76,32.24,2.1,68.32,31.68,2.16,70.6,29.4,2.4,1262566.333502,1182201.971082,1302408.544368,1251545.007481,5317323.8316,43269382.0,3874776.884,31242183.0,5317323.8316,43269382.0,3874776.884,31242183.0
2024-09-29,0.12805,0.13038,0.12432,0.12435,563634311.3737,202694163,208818750,193629358,193927831,0.01,0.01,0.002832,0.007794,0.011289,0.012245,0.007576,0.00873,0.010382,0.011877,0.00602,0.006472,67.53,32.47,2.08,70.51,29.49,2.39,70.39,29.61,2.38,544840.24908,179445.348003,573202.318011,182580.930598,5717618.69,44875094.0,4033584.4557,31348553.0,5717618.69,44875094.0,4033584.4557,31348553.0
2024-09-30,0.12435,0.12461,0.1132,0.11415,655347652.3534,193927831,195959556,166986702,167523788,0.007794,0.01,0.006161,0.009828,0.00873,0.012784,0.004543,0.010476,0.006472,0.013068,0.004596,0.008457,70.99,29.01,2.45,71.09,28.91,2.46,70.64,29.36,2.41,1313654.361702,40508.31024,1633353.873524,43408.649997,5392046.9198,43572945.0,3184366.1083,25497814.0,5392046.9198,43572945.0,3184366.1083,25497814.0
2024-10-01,0.11415,0.11931,0.10249,0.10679,832609592.7994,167523788,170562952,137953489,138778918,0.009828,0.01,-0.003916,0.000022,0.010476,0.010476,-0.00364,-0.001626,0.008457,0.008563,-0.002894,-0.002894,76.8,23.2,3.31,79.33,20.67,3.84,73.81,26.19,2.82,2005900.043234,713798.455334,2487292.626081,766973.311363,4520881.4375,39803971.0,3894874.6048,33954706.0,4520881.4375,39803971.0,3894874.6048,33954706.0
2024-10-02,0.10679,0.10947,0.10216,0.10459,506523826.7055,138778918,141066042,129469723,131931922,0.000022,0.01,-0.010524,0.006757,-0.001626,0.010897,-0.009027,0.003639,-0.002894,0.009647,-0.008991,0.002851,76.41,23.59,3.24,76.59,23.41,3.27,73.58,26.42,2.79,1159136.879501,159559.22138,1183907.035903,169948.375848,4104947.0847,38651844.0,2865229.9696,26714784.0,4104947.0847,38651844.0,2865229.9696,26714784.0
2024-10-03,0.10458,0.10677,0.101,0.10502,481446712.5291,131931922,133873657,123196204,126589019,0.006757,0.009756,-0.004185,0.002908,0.003639,0.010446,-0.004839,0.006212,0.002851,0.008562,-0.002614,0.004464,77.5,22.5,3.44,77.22,22.78,3.39,71.02,28.98,2.45,1207703.599558,285840.210464,1324298.525046,285860.210464,4092279.3878,39305768.0,3385055.6858,32216400.0,4092279.3878,39305768.0,3385055.6858,32216400.0
2024-10-04,0.10501,0.11056,0.10466,0.10918,373547016.2179,126589019,135576093,126081578,131994360,0.002908,0.01,-0.010637,0.006762,0.006212,0.009206,-0.006431,0.003067,0.004464,0.007018,-0.006314,0.001638,75.88,24.12,3.15,75.06,24.94,3.01,70.26,29.74,2.36,126466.091965,692054.421597,126905.692645,703853.475508,4345986.8065,41600343.0,3710452.7405,35173322.0,4345986.8065,41600343.0,3710452.7405,35173322.0
2024-10-05,0.10918,0.1102,0.10741,0.10937,229522756.9959,131994360,134426561,129477467,133195154,0.006762,0.01,-0.005166,0.01,0.003067,0.012361,0.000024,0.012232,0.001638,0.012026,-0.000615,0.011886,72.99,27.01,2.7,70.98,29.02,2.45,66.61,33.39,2.0,130453.506926,103975.015529,133024.367404,104126.482131,4791116.83,44100862.0,4274900.6013,38972231.0,4791116.83,44100862.0,4274900.6013,38972231.0
2024-10-06,0.10938,0.11284,0.10834,0.11153,241731290.5835,133195154,139422123,131200300,137451031,0.01,0.01,0.001324,0.01,0.012232,0.012657,0.004199,0.00683,0.011886,0.012642,0.003478,0.007751,72.79,27.21,2.68,71.22,28.78,2.48,66.59,33.41,1.99,95345.510639,235830.90127,95778.003639,295308.455654,5211298.9455,47865116.0,4448679.4345,40480050.0,5211298.9455,47865116.0,4448679.4345,40480050.0
2024-10-07,0.11154,0.11545,0.1082,0.10837,474509605.6274,137451031,147188705,134496673,134766283,0.01,0.01,-0.000148,0.000139,0.00683,0.012004,0.00229,0.002507,0.007751,0.010372,0.000871,0.00118,73.51,26.49,2.78,72.79,27.21,2.68,65.66,34.34,1.91,756935.882481,356031.975398,795185.278132,390019.656237,4768781.8218,42962107.0,4142917.0895,36980243.0,4768781.8218,42962107.0,4142917.0895,36980243.0
2024-10-08,0.10837,0.10982,0.10517,0.10704,317833392.0433,134766283,138152553,134192636,135531196,0.000139,0.01,-0.008333,-0.005772,0.002507,0.010536,-0.003976,0.001692,0.00118,0.009281,-0.004528,0.000206,76.6,23.4,3.27,75.35,24.65,3.06,66.88,33.12,2.02,536296.398828,28080.82855,558170.241763,28110.660925,5855209.5702,54283208.0,4293009.6545,39391147.0,5855209.5702,54283208.0,4293009.6545,39391147.0
2024-10-09,0.10705,0.11149,0.10604,0.10788,393331719.3166,135531196,143088400,133280861,136268069,-0.005772,0.01,-0.005772,0.006612,0.001692,0.011712,0.001692,0.009933,0.000206,0.010867,0.000206,0.009309,77.92,22.08,3.53,76.93,23.07,3.34,63.83,36.17,1.77,377731.038995,104499.968773,396427.94046,108280.765129,5096504.2893,47863200.0,3955871.2141,36776530.0,5096504.2893,47863200.0,3955871.2141,36776530.0
2024-10-10,0.10788,0.10868,0.10307,0.10596,356747851.0577,136268069,138750370,132046798,136189449,0.006612,0.01,-0.007181,-0.000986,0.009933,0.012391,-0.001701,0.004113,0.009309,0.011704,-0.001285,0.002669,76.47,23.53,3.25,76.59,23.41,3.27,64.67,35.33,1.83,404432.114286,30192.368,496287.115821,32224.95018,5060606.0393,47145136.0,4048021.8579,37350212.0,5060606.0393,47145136.0,4048021.8579,37350212.0
2024-10-11,0.10595,0.11137,0.10552,0.11075,305924584.779,136189449,145047122,133287730,144938548,-0.000986,0.01,-0.005342,0.01,0.004113,0.011524,0.003018,0.01117,0.002669,0.010718,0.000753,0.010057,77.64,22.36,3.47,75.8,24.2,3.13,63.37,36.63,1.73,50247.933163,236914.990686,52381.230877,240116.095936,5472170.7299,51895592.0,4310887.9076,40499412.0,5472170.7299,51895592.0,4310887.9076,40499412.0
2024-10-12,0.11075,0.11216,0.1093,0.11132,212228043.3079,144938548,147199321,142010860,145293712,0.01,0.01,0.005495,0.009279,0.01117,0.011503,0.007379,0.009415,0.010057,0.011011,0.007236,0.009108,72.26,27.74,2.61,72.88,27.12,2.69,64.46,35.54,1.81,97125.17358,82995.725239,97843.49224,87559.791716,5986185.4922,54315186.0,4501392.4155,40450545.0,5986185.4922,54315186.0,4501392.4155,40450545.0
2024-10-13,0.11133,0.11207,0.1086,0.11136,271457276.3101,145293712,151207322,143323708,145295915,0.009279,0.01,-0.003871,0.01,0.009415,0.012669,-0.000152,0.010569,0.009108,0.013647,0.002156,0.009052,74.74,25.26,2.96,75.68,24.32,3.11,65.48,34.52,1.9,370349.653934,98509.326485,386426.57439,100896.627165,6243727.61,56384673.0,4211656.2366,37649999.0,6243727.61,56384673.0,4211656.2366,37649999.0
2024-10-14,0.11135,0.11768,0.10926,0.11664,494882863.8055,145295915,157444840,141126040,154739508,0.01,0.01,0.01,0.01,0.010569,0.015777,0.008169,0.013056,0.009052,0.013421,0.007669,0.012636,72.72,27.28,2.67,73.86,26.14,2.83,66.5,33.5,1.99,227511.584757,380915.718257,227523.579957,508372.351896,5255680.8236,47435393.0,5154174.7239,46057320.0,5255680.8236,47435393.0,5154174.7239,46057320.0
2024-10-15,0.11664,0.1193,0.11008,0.11747,743555372.2043,154739508,164607573,144352592,159529976,0.01,0.01,0.01,0.01,0.013056,0.015274,0.005249,0.011229,0.012636,0.016402,0.006274,0.010515,70.99,29.01,2.45,71.33,28.67,2.49,67.19,32.81,2.05,1488251.043631,713786.701359,1687762.193007,800737.524129,5100033.3232,43914917.0,3724700.2644,31773318.0,5100033.3232,43914917.0,3724700.2644,31773318.0
2024-10-16,0.11747,0.13006,0.11575,0.12571,1463228840.1543,159529976,248447949,157450203,232126911,0.01,0.01,0.01,0.01,0.011229,0.012872,0.010074,0.011846,0.010515,0.012111,0.007485,0.010988,72.38,27.62,2.62,74.78,25.22,2.97,68.82,31.18,2.21,458896.840348,927370.147259,476525.949819,976916.263154,5887841.4384,50370714.0,4523088.5829,38311805.0,5887841.4384,50370714.0,4523088.5829,38311805.0
2024-10-17,0.12572,0.13099,0.12043,0.1296,1075375798.9881,232126911,246822376,210156729,244449739,0.01,0.01,0.01,0.01,0.011846,0.012313,0.007175,0.010203,0.010988,0.011562,0.006378,0.007961,58.78,41.22,1.43,62.42,37.58,1.66,69.62,30.38,2.29,684969.785715,586705.259805,746428.528361,629141.19369,6001383.2846,47990395.0,4459950.6406,35305280.0,6001383.2846,47990395.0,4459950.6406,35305280.0
2024-10-18,0.12961,0.14081,0.12946,0.13717,1549990040.1573,244449739,318029598,244449739,307452772,0.01,0.01,0.01,0.01,0.010203,0.01188,0.003004,0.009273,0.007961,0.011265,0.001157,0.006514,61.25,38.75,1.58,63.04,36.96,1.71,69.96,30.04,2.33,451968.878027,1171439.749672,483556.927967,1235743.978097,6485668.4411,50283431.0,6188846.0435,47520195.0,6485668.4411,50283431.0,6188846.0435,47520195.0
2024-10-19,0.13717,0.14697,0.13692,0.14402,1478463331.0492,307452772,346537285,307218359,325052121,0.01,0.01,0.01,0.01,0.009273,0.011041,0.007331,0.010356,0.006514,0.010176,0.005383,0.008594,51.37,48.63,1.06,53.31,46.69,1.14,68.8,31.2,2.21,827341.768658,1206125.043705,954493.456485,1380933.713647,8749600.8253,64173860.0,5719504.5561,41525755.0,8749600.8253,64173860.0,5719504.5561,41525755.0
2024-10-20,0.14401,0.14574,0.13718,0.1421,988596604.9368,325052121,329403576,293968398,304439893,0.01,0.01,0.006611,0.01,0.010356,0.011884,0.008223,0.010603,0.008594,0.011005,0.005713,0.008298,53.95,46.05,1.17,55.99,44.01,1.27,70.2,29.8,2.36,541166.276276,919017.602903,568325.832652,948000.993021,6598206.2529,46032913.0,5241062.0679,36210594.0,6598206.2529,46032913.0,5241062.0679,36210594.0
2024-10-21,0.1421,0.14979,0.13812,0.14363,1396844605.7985,304439893,344014292,301016312,320003757,0.01,0.01,0.01,0.01,0.010603,0.013479,0.008591,0.008689,0.008298,0.014642,0.005037,0.0051,57.45,42.55,1.35,59.29,40.71,1.46,70.99,29.01,2.45,1734388.983972,698065.678495,1837374.939371,717217.722489,6139548.3286,43427766.0,5484109.9397,38386134.0,6139548.3286,43427766.0,5484109.9397,38386134.0
2024-10-22,0.14363,0.14853,0.13642,0.13964,1178378010.09,320003757,334176217,282613520,283305925,0.01,0.01,0.005818,0.006824,0.008689,0.012139,0.00823,0.00862,0.0051,0.011768,0.004758,0.007273,57.49,42.51,1.35,60.66,39.34,1.54,72.17,27.83,2.59,1683583.370128,637398.632443,1947829.407036,646508.502333,6811281.8056,47672665.0,5145480.0499,35656598.0,6811281.8056,47672665.0,5145480.0499,35656598.0
2024-10-23,0.13964,0.14091,0.1331,0.13998,1067064758.9634,283305925,298836234,271954187,292469292,0.006824,0.01,0.005325,0.01,0.00862,0.012444,0.007963,0.011839,0.007273,0.011185,0.006767,0.009995,62.2,37.8,1.65,63.49,36.51,1.74,71.13,28.87,2.46,1306149.753182,412178.228519,1447551.12424,423185.689898,6492901.5545,46710290.0,4758453.0452,33885525.0,6492901.5545,46710290.0,4758453.0452,33885525.0
2024-10-24,0.13998,0.14385,0.13627,0.14188,918002582.7115,292469292,303580035,280077724,300637749,0.01,0.01,0.01,0.01,0.011839,0.012424,0.01029,0.01138,0.009995,0.010707,0.007636,0.009608,62.5,37.5,1.67,65.25,34.75,1.88,72.23,27.77,2.6,336536.996411,622831.684319,343709.868791,682423.795392,7282699.2337,52282489.0,7025497.6059,49929970.0,7282699.2337,52282489.0,7025497.6059,49929970.0
2024-10-25,0.14187,0.14275,0.12771,0.13154,1037978194.9356,300637749,303653957,249532304,261498502,0.01,0.01,0.00089,0.005773,0.01138,0.01138,-0.005292,0.009036,0.009608,0.009688,-0.002384,0.006319,60.65,39.35,1.54,61.31,38.69,1.59,73.55,26.45,2.78,2083022.16176,124700.862146,2548604.996977,128071.543822,7564602.8384,53581353.0,6939376.6287,48702535.0,7564602.8384,53581353.0,6939376.6287,48702535.0
2024-10-26,0.13155,0.13816,0.13062,0.13739,554906104.724,261498502,277980360,258809465,274265007,0.005773,0.01,0.005459,0.01,0.009036,0.012994,-0.006473,0.011574,0.006319,0.012338,-0.003644,0.010126,69.55,30.45,2.28,71.02,28.98,2.45,74.54,25.46,2.93,285880.911145,397159.773667,295619.982553,402537.293406,6447723.5593,49287248.0,5659589.1899,42812259.0,6447723.5593,49287248.0,5659589.1899,42812259.0
2024-10-27,0.13739,0.1463,0.13602,0.14425,673449687.7249,274265007,315072258,272144802,314572406,0.01,0.01,0.008314,0.01,0.011574,0.012229,0.009602,0.011457,0.010126,0.011569,0.007113,0.009679,64.81,35.19,1.84,64.03,35.97,1.78,72.99,27.01,2.7,150528.270124,2194921.817443,152775.743548,2265647.06336,6711177.4816,49078140.0,6141234.2638,44482645.0,6711177.4816,49078140.0,6141234.2638,44482645.0
2024-10-28,0.14424,0.16263,0.14107,0.1614,2357674557.8614,314572406,446563442,310440300,444053927,0.01,0.01,0.01,0.01,0.011457,0.011556,-0.00094,0.010741,0.009679,0.010176,0.001089,0.010067,59.89,40.11,1.49,60.63,39.37,1.54,73.34,26.66,2.75,577812.165567,2961076.954447,597740.021419,3227838.668264,6573339.1801,45779020.0,5628497.3548,38814259.0,6573339.1801,45779020.0,5628497.3548,38814259.0
2024-10-29,0.16141,0.17974,0.16048,0.17587,2927325205.9979,444053927,520798626,441745200,496405139,0.01,0.01,0.01,0.01,0.010741,0.015227,0.008965,0.015059,0.010067,0.016953,0.008868,0.015843,49.04,50.96,0.96,49.94,50.06,1.0,72.13,27.87,2.59,1470914.700298,3549852.320494,1529969.728691,4292663.286304,6972430.513,43471339.0,6717346.8392,41451099.0,6972430.513,43471339.0,6717346.8392,41451099.0
2024-10-30,0.17586,0.17802,0.1644,0.16829,1727926676.2973,496405139,512325755,438617252,440019249,0.01,0.01,0.01,0.01,0.015059,0.017382,0.01118,0.011247,0.015843,0.019016,0.010439,0.010507,46.63,53.37,0.87,47.07,52.93,0.89,72.77,27.23,2.67,1102004.613789,652670.189728,1280770.884721,665254.008425,7530147.5091,43023088.0,7268097.8708,41107573.0,7530147.5091,43023088.0,7268097.8708,41107573.0
2024-10-31,0.1683,0.17368,0.15634,0.16162,1838960014.9356,440019249,462126871,397138808,397180792,0.01,0.01,0.01,0.01,0.011247,0.013845,0.009979,0.012193,0.010507,0.014868,0.008828,0.012349,52.73,47.27,1.12,55.84,44.16,1.26,74.88,25.12,2.98,2354569.729026,810494.726894,2919357.931581,845539.886452,7417432.5788,44289127.0,5881387.5098,34789233.0,7417432.5788,44289127.0,5881387.5098,34789233.0
2024-11-01,0.16163,0.16894,0.15417,0.15913,1970988574.36,397180792,413885894,361989893,367679471,0.01,0.01,0.01,0.01,0.012193,0.013308,0.009111,0.010515,0.012349,0.013906,0.006545,0.009469,58.57,41.43,1.41,61.63,38.37,1.61,76.36,23.64,3.23,1808600.749501,1733195.221446,2031393.361085,1770029.11457,6517683.8524,40559527.0,5433714.619,33490290.0,6517683.8524,40559527.0,5433714.619,33490290.0
2024-11-02,0.15912,0.16357,0.15531,0.15952,961011507.0414,367679471,378081750,349670057,356866949,0.01,0.01,0.006713,0.01,0.010515,0.011335,0.008218,0.010997,0.009469,0.01016,0.006845,0.009624,61.1,38.9,1.57,61.89,38.11,1.62,74.81,25.19,2.97,683613.386812,227940.272871,717793.884704,305215.022584,6557388.5575,41416537.0,5469797.858,34211901.0,6557388.5575,41416537.0,5469797.858,34211901.0
2024-11-03,0.15952,0.15987,0.14217,0.15129,2010465925.9071,356866949,358113352,320375762,340979725,0.01,0.01,0.008173,0.01,0.010997,0.013432,0.00742,0.008816,0.009624,0.012836,0.004764,0.005112,59.74,40.26,1.48,59.9,40.1,1.49,73.73,26.27,2.81,3794136.372929,2140077.542808,4375308.73427,2160617.322117,5923712.1167,37320208.0,6751470.2864,42161110.0,5923712.1167,37320208.0,6751470.2864,42161110.0
2024-11-04,0.15129,0.16024,0.14815,0.15817,2212033101.4521,340979725,383816661,336335884,374154069,0.01,0.01,-0.000262,0.005862,0.008816,0.011639,-0.001636,0.008518,0.005112,0.010303,-0.000469,0.007537,67.8,32.2,2.11,68.04,31.96,2.13,72.39,27.61,2.62,1822509.815064,2115465.495121,1898268.609446,2159976.334723,6283005.4799,41736135.0,6735643.5152,44303376.0,6283005.4799,41736135.0,6735643.5152,44303376.0
2024-11-05,0.15817,0.17943,0.15785,0.16991,3774263425.8665,374154069,477998077,373084532,425972901,0.005862,0.01,0.002729,0.01,0.008518,0.01255,0.001396,0.010956,0.007537,0.011265,0.002601,0.00821,62.62,37.38,1.68,61.83,38.17,1.62,71.17,28.83,2.47,2141352.869561,5384263.106254,2397332.778617,5472742.843223,6975909.2601,44332118.0,5867173.051,36902502.0,6975909.2601,44332118.0,5867173.051,36902502.0
2024-11-06,0.16991,0.22,0.1689,0.19646,9836489182.6057,425972901,617303478,423776537,522822863,0.01,0.01,0.007051,0.01,0.010956,0.026476,0.003429,0.011252,0.00821,0.025463,0.003064,0.010064,58.67,41.33,1.42,57.03,42.97,1.33,70.55,29.45,2.4,6194551.691375,11526612.721727,7781341.086806,12468044.63471,8066418.3481,47720241.0,8105216.9411,47458425.0,8066418.3481,47720241.0,8105216.9411,47458425.0
2024-11-07,0.19646,0.2046,0.1852,0.19334,3041252811.5288,522822863,541418084,490432367,497466255,0.01,0.012543,0.01,0.01,0.011252,0.027491,0.011237,0.01207,0.010064,0.027826,0.009813,0.011201,64.21,35.79,1.79,61.21,38.79,1.58,69.08,30.92,2.23,3070351.030071,1759555.454546,3315554.379292,1801838.630373,9619461.5471,49232946.0,8680086.0783,43944126.0,9619461.5471,49232946.0,8680086.0783,43944126.0
2024-11-08,0.19334,0.20713,0.19051,0.20203,2913128823.1936,497466255,568776797,488418611,549140274,0.01,0.01,0.01,0.01,0.01207,0.020191,0.01121,0.012996,0.011201,0.017851,0.010302,0.013168,66.56,33.44,1.99,66.64,33.36,2.0,72.78,27.22,2.67,1434335.899993,1595492.77757,1488677.177252,1672048.592919,7693716.6063,40008079.0,7146383.4212,36775445.0,7693716.6063,40008079.0,7146383.4212,36775445.0
2024-11-09,0.20203,0.22025,0.19722,0.219,2799715226.3641,549140274,638946609,536727894,620698499,0.01,0.01,0.01,0.01,0.012996,0.024207,0.010569,0.01266,0.013168,0.019852,0.009297,0.012724,62.92,37.08,1.7,62.83,37.17,1.69,73.26,26.74,2.74,1207289.651141,2885954.844912,1382567.201982,3068147.610552,10777762.9017,53576597.0,6436837.1941,31713704.0,10777762.9017,53576597.0,6436837.1941,31713704.0
2024-11-10,0.219,0.298,0.21664,0.27794,9618798387.651,620698499,834475282,606892914,730711409,0.01,0.064807,0.01,0.030087,0.01266,0.070582,0.012556,0.037616,0.012724,0.069356,0.012528,0.039908,59.39,40.61,1.46,60.79,39.21,1.55,75.15,24.85,3.02,3741104.555786,10886804.579215,6498224.527135,12693500.821944,7203468.2033,33093351.0,7837154.9362,35579010.0,7203468.2033,33093351.0,7837154.9362,35579010.0
2024-11-11,0.27794,0.352,0.27285,0.35184,12902851263.021,730711409,955921259,726102682,951750616,0.030087,0.030087,0.01,0.026134,0.037616,0.053498,0.010627,0.033138,0.039908,0.043139,0.009444,0.035077,63.13,36.87,1.71,63.07,36.93,1.71,78.83,21.17,3.72,6866245.966941,9084212.078889,7605724.084078,10088029.003222,5285097.1573,19110129.0,4373734.0652,15633355.0,5285097.1573,19110129.0,4373734.0652,15633355.0
2024-11-12,0.35185,0.43995,0.32699,0.3802,25998474872.0676,951750616,1164699581,879823011,996278424,0.026134,0.073339,0.01,0.025627,0.033138,0.100561,0.018251,0.031055,0.035077,0.0876,0.013749,0.02677,61.99,38.01,1.63,61.98,38.02,1.63,74.53,25.47,2.93,15925032.610739,12476620.227704,21463559.377586,14844074.475758,9647725.1968,27574385.0,15185103.6006,42980119.0,9647725.1968,27574385.0,15185103.6006,42980119.0
2024-11-13,0.3802,0.43439,0.35173,0.39903,16247786969.6861,996278424,1150917066,930326242,1001874541,0.025627,0.038095,0.01,0.01,0.031055,0.052431,0.012512,0.014672,0.02677,0.044002,0.01181,0.0156,68.89,31.11,2.21,70.73,29.27,2.42,77.94,22.06,3.53,9954734.398811,7585163.141222,11589355.178679,8075292.747778,19082018.3629,50509761.0,8525602.0368,22296849.0,19082018.3629,50509761.0,8525602.0368,22296849.0
2024-11-14,0.39903,0.4175,0.35276,0.36261,9071568289.5683,1001874541,1104878782,895835304,918121145,0.01,0.018326,0.01,0.01,0.014672,0.026484,0.010746,0.015834,0.0156,0.021487,0.008957,0.016716,71.5,28.5,2.51,71.26,28.74,2.48,71.89,28.11,2.56,6406684.63188,5543049.77341,7684337.289921,5651301.526895,10654570.6784,26862026.0,8649246.6184,21556460.0,10654570.6784,26862026.0,8649246.6184,21556460.0
2024-11-15,0.36262,0.3854,0.35214,0.38203,6841083439.6155,918121145,995293539,866273796,995293539,0.01,0.01,0.01,0.01,0.015834,0.019122,0.011541,0.019122,0.016716,0.017225,0.00963,0.017225,73.99,26.01,2.85,74.67,25.33,2.95,73.66,26.34,2.8,3980504.444659,2815227.33771,4516602.543524,3045708.016381,7893171.8278,21905241.0,11531201.682,31636176.0,7893171.8278,21905241.0,11531201.682,31636176.0
2024-11-16,0.38202,0.39181,0.3599,0.36435,4141199372.3009,995293539,1046994326,952520904,972684658,0.01,0.035574,0.01,0.023908,0.019122,0.04715,0.014996,0.033967,0.017225,0.04554,0.015385,0.033269,74.64,25.36,2.94,73.48,26.52,2.77,71.81,28.19,2.55,2300736.158207,1098866.333273,2731450.122315,1196387.907799,9054577.3019,23824379.0,11810180.9003,30757403.0,9054577.3019,23824379.0,11810180.9003,30757403.0
2024-11-17,0.36436,0.37611,0.3401,0.36737,4424267231.4382,972684658,979155594,887605889,964115168,0.023908,0.043759,0.01,0.033631,0.033967,0.063612,0.011949,0.042005,0.033269,0.053884,0.010651,0.037645,78.14,21.86,3.58,77.34,22.66,3.41,74.01,25.99,2.85,9353036.907389,2560832.020122,9955640.090657,2650950.977877,8968746.2063,24752524.0,14212863.57,38759229.0,8968746.2063,24752524.0,14212863.57,38759229.0
2024-11-18,0.36737,0.38164,0.35737,0.37144,4994975210.1689,964115168,1048845448,914301177,939003413,0.033631,0.044328,0.01,0.024425,0.042005,0.069824,0.014678,0.029331,0.037645,0.056165,0.01516,0.025958,76.05,23.95,3.18,77.09,22.91,3.37,75.67,24.33,3.11,2082486.170199,1285643.801868,2320506.633489,1464098.693455,9721088.3931,26638185.0,25342423.992,68796779.0,9721088.3931,26638185.0,25342423.992,68796779.0
2024-11-19,0.37145,0.421,0.3664,0.3908,7775940902.6399,939003413,1136692336,917678561,1024967224,0.024425,0.044397,0.01,0.010644,0.029331,0.063556,0.014008,0.016413,0.025958,0.050371,0.012967,0.016631,76.04,23.96,3.17,76.33,23.67,3.23,76.4,23.6,3.24,3210159.32647,5359885.105598,3671584.104454,5777037.236557,10299630.2533,27888312.0,8524227.7553,22829535.0,10299630.2533,27888312.0,8524227.7553,22829535.0
2024-11-20,0.3908,0.39734,0.364,0.37791,5003902621.9693,1024967224,1034044483,887896752,929311291,0.010644,0.014665,0.01,0.01,0.016413,0.022445,0.009811,0.009811,0.016631,0.019959,0.00689,0.00689,74.06,25.94,2.86,75.52,24.48,3.09,75.02,24.98,3.0,3229947.926333,870209.26673,3781658.963674,923971.934223,11151850.8669,28686205.0,11438478.4008,29119188.0,11151850.8669,28686205.0,11438478.4008,29119188.0
2024-11-21,0.3779,0.396,0.3687,0.387,4560800046.6544,929311291,1015837090,914536440,1006477745,0.01,0.026635,0.01,0.026635,0.009811,0.048185,0.009762,0.042681,0.00689,0.043335,0.006824,0.03891,75.7,24.3,3.12,75.13,24.87,3.02,74.64,25.36,2.94,2844523.15867,2249317.208613,3086993.528697,2272521.251618,11604135.6629,30864786.0,10301222.8815,27131935.0,11604135.6629,30864786.0,10301222.8815,27131935.0
2024-11-22,0.387,0.4211,0.381,0.41301,7555186851.5295,1006477745,1256619665,983485274,1232143658,0.026635,0.042491,0.022275,0.03511,0.042681,0.067533,0.030768,0.047291,0.03891,0.053846,0.027089,0.038,74.56,25.44,2.93,73.92,26.08,2.83,74.75,25.25,2.96,2286206.042349,2940233.988826,2427034.831828,3547151.57229,13879287.1698,36049110.0,9796481.6225,25158432.0,13879287.1698,36049110.0,9796481.6225,25158432.0
2024-11-23,0.41301,0.481,0.40428,0.43049,11115028225.3924,1232143658,1559771175,1216829386,1229147568,0.03511,0.066262,0.01,0.01,0.047291,0.090392,0.012855,0.012855,0.038,0.074352,0.012015,0.012015,71.47,28.53,2.51,74.07,25.93,2.86,76.5,23.5,3.26,7012321.327798,6522049.583729,8611100.91702,9892271.87161,38748139.543,94298411.0,9226940.0631,22231367.0,38748139.543,94298411.0,9226940.0631,22231367.0
2024-11-24,0.4305,0.45356,0.3992,0.43046,6970569139.2607,1229147568,1327604878,1176656329,1281245401,0.01,0.032313,0.01,0.01,0.012855,0.042653,0.012855,0.024946,0.012015,0.03769,0.012015,0.019643,78.2,21.8,3.59,79.02,20.98,3.77,80.35,19.65,4.09,5578923.193771,3455980.619846,6692743.43422,3611377.92389,12243240.6566,28643650.0,10639727.6783,24625510.0,12243240.6566,28643650.0,10639727.6783,24625510.0
2024-11-25,0.43045,0.43794,0.38111,0.39284,5635171939.2579,1281245401,1320095248,1099904090,1113871085,0.01,0.040723,0.01,0.01,0.024946,0.054626,0.014187,0.014971,0.019643,0.044479,0.0131,0.014648,77.47,22.53,3.44,78.46,21.54,3.64,78.72,21.28,3.7,6105521.882789,1468046.650932,8417507.57939,1550873.511627,7596465.401,17729108.0,7121343.8949,16442774.0,7596465.401,17729108.0,7121343.8949,16442774.0
2024-11-26,0.39282,0.4091,0.36482,0.38733,5428927618.7764,1113871085,1158777260,967723872,1019002818,0.01,0.023202,0.01,0.01,0.014971,0.0379,0.010998,0.015452,0.014648,0.031525,0.009271,0.015194,81.04,18.96,4.27,81.5,18.5,4.41,77.8,22.2,3.51,7679452.990405,3015899.178372,8610490.390109,3089065.780955,11584150.9519,29645113.0,7425926.9776,18809705.0,11584150.9519,29645113.0,7425926.9776,18809705.0
2024-11-27,0.38733,0.408,0.38035,0.4013,3636637824.9577,1019002818,1073124972,1011013737,1056098952,0.01,0.021506,0.01,0.016239,0.015452,0.03073,0.01124,0.024999,0.015194,0.02404,0.009849,0.022,78.39,21.61,3.63,79.57,20.43,3.9,78.25,21.75,3.6,931850.201562,1529290.547011,961180.09943,1595761.176707,11787543.5701,30584724.0,9822812.9709,25221541.0,11787543.5701,30584724.0,9822812.9709,25221541.0
2024-11-28,0.40129,0.42927,0.39122,0.40192,3407302698.5697,1056098952,1169374193,1044913485,1073593536,0.016239,0.032014,0.01,0.020218,0.024999,0.066365,0.016327,0.027904,0.022,0.045752,0.016492,0.024335,78.12,21.88,3.57,77.97,22.03,3.54,78.37,21.63,3.62,2577461.421328,1173948.110317,2987898.304694,1239853.725483,17703203.4978,44345546.0,11481037.9094,28446152.0,17703203.4978,44345546.0,11481037.9094,28446152.0
2024-11-29,0.40193,0.43791,0.39965,0.42664,3640357487.417,1073593536,1260857745,1067387717,1213242960,0.020218,0.040662,0.015858,0.030326,0.027904,0.053913,0.025079,0.047479,0.024335,0.044561,0.02277,0.041541,78.96,21.04,3.75,79.74,20.26,3.94,77.92,22.08,3.53,778303.360601,2900909.725428,807217.641648,3237056.320467,12723072.2506,31812326.0,12394048.0665,30666890.0,12723072.2506,31812326.0,12394048.0665,30666890.0
2024-11-30,0.42663,0.43626,0.41402,0.42179,2859885956.9294,1213242960,1280086126,1170540974,1219516202,0.030326,0.040705,0.016269,0.026054,0.047479,0.06597,0.022539,0.032071,0.041541,0.051959,0.023437,0.029551,75.09,24.91,3.01,77.78,22.22,3.5,81.45,18.55,4.39,1072575.018668,1621461.526686,1205040.720965,1664563.006808,11522943.3987,27160441.0,10113913.2829,23591774.0,11522943.3987,27160441.0,10113913.2829,23591774.0
2024-12-01,0.42179,0.4502,0.41648,0.44092,4352527904.0455,1219516202,1341313627,1198844425,1322955088,0.026054,0.056362,0.01,0.055902,0.032071,0.065219,0.013476,0.065164,0.029551,0.059444,0.014487,0.059424,76.85,23.15,3.32,79.55,20.45,3.89,81.01,18.99,4.27,1475206.228564,2140907.296195,1565235.237482,2271793.519149,15765793.7558,37574267.0,9424399.7371,22227412.0,15765793.7558,37574267.0,9424399.7371,22227412.0
2024-12-02,0.44091,0.4643,0.4,0.42497,7165711214.1656,1322955088,1413487507,1102877492,1140580172,0.055902,0.063667,0.01,0.036113,0.065164,0.0852,0.014098,0.038235,0.059424,0.073483,0.013672,0.03611,74.92,25.08,2.99,78.65,21.35,3.68,81.63,18.37,4.44,6566074.184014,2856663.418097,7721967.780505,3473691.481573,23851861.9308,54446561.0,11198086.6621,25268071.0,23851861.9308,54446561.0,11198086.6621,25268071.0
2024-12-03,0.42496,0.42997,0.38799,0.4067,4331132852.6284,1140580172,1191909376,1049748335,1077184591,0.036113,0.057773,0.011696,0.042226,0.038235,0.071028,0.020001,0.059059,0.03611,0.065647,0.023322,0.055251,80.71,19.29,4.18,82.33,17.67,4.66,83.0,17.0,4.88,2365912.427308,1556612.158459,3220550.02365,1564755.503513,7550768.0327,17856473.0,7771827.8578,18189875.0,7550768.0327,17856473.0,7771827.8578,18189875.0
2024-12-04,0.40671,0.43714,0.40017,0.43318,4139045902.7084,1077184591,1183738600,1072474576,1169446342,0.042226,0.050595,0.01892,0.033175,0.059059,0.070838,0.029985,0.053738,0.055251,0.061373,0.031148,0.044268,83.36,16.64,5.01,84.06,15.94,5.27,83.53,16.47,5.07,2297454.004122,1162471.478967,2420596.04986,1244988.116654,15234964.27,37615856.0,9047716.2411,22157838.0,15234964.27,37615856.0,9047716.2411,22157838.0
2024-12-05,0.43317,0.46747,0.40644,0.42718,8544848653.7665,1169446342,1318798616,1086621161,1186370538,0.033175,0.074869,0.028138,0.03822,0.053738,0.106074,0.042313,0.047071,0.044268,0.090688,0.038969,0.045268,81.69,18.31,4.46,83.33,16.67,5.0,83.52,16.48,5.07,8507470.073747,3634663.56051,9473260.273424,3809355.56824,11035861.3443,25688859.0,12436460.893,28615646.0,11035861.3443,25688859.0,12436460.893,28615646.0
2024-12-06,0.42719,0.44199,0.42,0.43505,3393603634.0935,1186370538,1258494045,1160611973,1192082328,0.03822,0.046956,0.01,0.044885,0.047071,0.070951,0.01643,0.055572,0.045268,0.061813,0.018314,0.051226,83.63,16.37,5.11,85.03,14.97,5.68,84.92,15.08,5.63,1300911.098991,1203636.575516,1589688.333111,1237561.876956,10016483.991,23567152.0,7082625.5138,16503410.0,10016483.991,23567152.0,7082625.5138,16503410.0
2024-12-07,0.43506,0.4669,0.4309,0.45332,4269873254.5358,1192082328,1417492973,1179184757,1368245808,0.044885,0.070769,0.036518,0.066898,0.055572,0.088379,0.034762,0.080805,0.051226,0.078959,0.038887,0.07576,82.01,17.99,4.56,83.7,16.3,5.14,85.17,14.83,5.74,621962.338514,1876148.475768,642206.699008,2537603.717378,12376063.6406,28587931.0,12245539.5509,28023756.0,12376063.6406,28587931.0,12245539.5509,28023756.0
2024-12-08,0.45333,0.485,0.44637,0.46673,5010799098.7475,1368245808,1536244599,1356733293,1408521146,0.066898,0.066898,0.01243,0.029237,0.080805,0.089359,0.018424,0.037061,0.07576,0.079989,0.020344,0.03501,77.65,22.35,3.47,81.99,18.01,4.55,84.05,15.95,5.27,2867511.555493,1363519.303806,3371062.844415,1495273.168944,22047744.0739,48890662.0,14531614.2507,31919011.0,22047744.0739,48890662.0,14531614.2507,31919011.0
2024-12-09,0.46674,0.4677,0.36867,0.41393,7585858445.5012,1408521146,1410583563,1016262405,1048265382,0.029237,0.029237,0.01,0.01,0.037061,0.040647,-0.00484,0.002393,0.03501,0.036485,-0.002006,0.00187,78.06,21.94,3.56,81.48,18.52,4.4,84.0,16.0,5.25,14340473.508131,1667022.437285,18435316.98123,1846379.749295,12588578.2987,27089989.0,15184890.0012,32353805.0,12588578.2987,27089989.0,15184890.0012,32353805.0
2024-12-10,0.41395,0.42298,0.365,0.39372,6635824701.7743,1048265382,1056988163,867737159,924774269,0.01,0.01,0.003288,0.003841,0.002393,0.023486,-0.005342,0.004075,0.00187,0.014596,-0.000339,0.000075,83.07,16.93,4.91,84.68,15.32,5.53,81.77,18.23,4.49,8230499.896433,2915642.047348,9325373.564553,2993065.864092,14165733.3436,34397471.0,9701248.4341,23322184.0,14165733.3436,34397471.0,9701248.4341,23322184.0
2024-12-11,0.39372,0.41895,0.37497,0.41404,3816068350.0768,924774269,1018063174,888343898,991779259,0.003841,0.01,0.002431,0.01,0.004075,0.01234,0.002108,0.012247,0.000075,0.013276,-0.000998,0.013042,82.5,17.5,4.71,82.26,17.74,4.64,83.44,16.56,5.04,1518074.212398,1611222.702646,1796299.754369,1658838.339995,12009300.8897,30653785.0,10825766.5755,27367068.0,12009300.8897,30653785.0,10825766.5755,27367068.0
2024-12-12,0.41403,0.42423,0.40114,0.406,3215966199.0623,991779259,1031681452,961505228,978379724,0.01,0.01,0.01,0.01,0.012247,0.014902,0.012124,0.013224,0.013042,0.015201,0.012788,0.013031,80.12,19.88,4.03,79.94,20.06,3.99,80.79,19.21,4.21,2405610.369556,911744.889304,2548659.555881,923411.284099,15851360.8691,38481990.0,13280011.6034,31931957.0,15851360.8691,38481990.0,13280011.6034,31931957.0
2024-12-13,0.406,0.41218,0.3989,0.40901,2071527240.857,978379724,998021601,957342142,996033299,0.01,0.01,0.01,0.01,0.013224,0.013471,0.010322,0.012867,0.013031,0.013466,0.009109,0.013415,81.48,18.52,4.4,81.76,18.24,4.48,82.9,17.1,4.85,928683.28748,477511.468709,957094.617569,483937.581867,12229826.9281,30241450.0,10060043.0081,24658714.0,12229826.9281,30241450.0,10060043.0081,24658714.0
2024-12-14,0.409,0.41416,0.38704,0.39805,2056001245.4006,996033299,1021745531,951209243,960596144,0.01,0.01,0.01,0.01,0.012867,0.014789,0.008556,0.009005,0.013415,0.014178,0.005526,0.006143,81.61,18.39,4.44,81.46,18.54,4.39,83.72,16.28,5.14,2272990.871386,1052372.780064,2523142.452311,1057167.531893,19360219.5064,47556507.0,12665173.4645,30815930.0,19360219.5064,47556507.0,12665173.4645,30815930.0
2024-12-15,0.39806,0.4113,0.39225,0.40642,1720334869.0665,960596144,985869285,936549334,973584719,0.01,0.01,0.000326,0.01,0.009005,0.011626,0.005755,0.010957,0.006143,0.0112,0.003913,0.009875,83.32,16.68,5.0,83.37,16.63,5.01,82.13,17.87,4.6,665732.15555,824426.764662,690419.380663,1050994.600658,14153085.1178,35705460.0,14485402.922,36231281.0,14153085.1178,35705460.0,14485402.922,36231281.0
2024-12-16,0.40643,0.41492,0.39226,0.40185,2456920127.7957,973584719,1029515353,958100178,991220560,0.01,0.01,0.01,0.01,0.010957,0.014757,0.010957,0.012379,0.009875,0.014583,0.009875,0.013003,81.52,18.48,4.41,82.3,17.7,4.65,82.19,17.81,4.62,2791351.439731,811767.30963,2855533.794247,889627.805962,9330844.1826,23070247.0,9479715.7241,23201653.0,9330844.1826,23070247.0,9479715.7241,23201653.0
2024-12-17,0.40185,0.41028,0.39103,0.39393,2263223822.3876,991220560,1008872137,962080770,969314838,0.01,0.01,0.01,0.01,0.012379,0.012589,0.010759,0.01077,0.013003,0.013003,0.009452,0.009482,82.81,17.19,4.82,83.83,16.17,5.18,83.86,16.14,5.2,3189589.534692,274818.794807,3338840.590572,301084.858874,21918071.6498,54787093.0,12179029.6904,30164135.0,21918071.6498,54787093.0,12179029.6904,30164135.0
2024-12-18,0.39393,0.39625,0.3486,0.35808,3605939722.1835,969314838,970695866,827259962,837326201,0.01,0.01,-0.011504,-0.010425,0.01077,0.01112,-0.005257,-0.00445,0.009482,0.010438,-0.005719,-0.005401,83.95,16.05,5.23,83.43,16.57,5.04,82.91,17.09,4.85,4188982.478862,954027.668206,6622488.821388,973304.717804,19098152.0497,48789812.0,29889745.309,75696723.0,19098152.0497,48789812.0,29889745.309,75696723.0
2024-12-19,0.35809,0.3672,0.3,0.31416,5793528026.6784,837326201,881008970,659960677,659960677,-0.010425,0.01,-0.019475,-0.01805,-0.00445,0.010194,-0.024209,-0.012982,-0.005401,0.008686,-0.019689,-0.013936,84.22,15.78,5.34,84.35,15.65,5.39,80.58,19.42,4.15,16501562.161026,2982586.095739,20561798.405665,3139544.199124,12265554.447,34433034.0,8631054.9214,23984959.0,12265554.447,34433034.0,8631054.9214,23984959.0
2024-12-20,0.31417,0.32893,0.2623,0.31779,6255346973.4499,659960677,686646715,580614659,603652574,-0.01805,0.01,-0.02658,0.006778,-0.012982,0.010209,-0.024905,0.007694,-0.013936,0.009019,-0.022481,0.005381,82.91,17.09,4.85,83.79,16.21,5.17,80.51,19.49,4.13,11060695.586204,5395682.876522,13258176.837942,5878246.316865,10750801.9715,34386152.0,8212687.431,26022641.0,10750801.9715,34386152.0,8212687.431,26022641.0
2024-12-21,0.31778,0.34987,0.3139,0.32027,4259877025.0236,603652574,691735815,589128336,593050026,0.006778,0.01,-0.011544,0.005394,0.007694,0.010462,-0.021848,0.005364,0.005381,0.00885,-0.013764,0.004325,79.74,20.26,3.94,80.0,20.0,4.0,77.96,22.04,3.54,2420101.668777,2034522.955706,3113501.259461,2143999.804063,10188523.5444,32221557.0,8673673.4762,27176423.0,10188523.5444,32221557.0,8673673.4762,27176423.0
2024-12-22,0.32028,0.32435,0.30482,0.31246,2966254830.0734,593050026,606139433,564894134,574477496,0.005394,0.008839,-0.009838,-0.001793,0.005364,0.009241,-0.013403,-0.000073,0.004325,0.007483,-0.008669,-0.000374,79.61,20.39,3.9,81.35,18.65,4.36,79.33,20.67,3.84,3251555.413108,1729208.051037,3500775.047834,1783197.99653,11328013.6503,35546451.0,9006772.0703,27995916.0,11328013.6503,35546451.0,9006772.0703,27995916.0
2024-12-23,0.31247,0.32868,0.30273,0.32481,2709350160.8421,574477496,606787506,552897324,600025970,-0.001793,0.01,-0.005577,0.01,-0.000073,0.011266,-0.006704,0.011021,-0.000374,0.009843,-0.00404,0.009076,81.54,18.46,4.42,83.1,16.9,4.92,78.98,21.02,3.76,2010873.403623,2386969.15064,2157195.890086,2461378.275119,11169344.9942,35916697.0,9919645.9125,31609620.0,11169344.9942,35916697.0,9919645.9125,31609620.0
2024-12-24,0.32482,0.34032,0.31596,0.33696,1826323156.2834,600025970,630429470,580103652,612964010,0.01,0.01,-0.01026,-0.002096,0.011021,0.011458,-0.00009,0.004651,0.009076,0.00992,-0.00217,0.003227,79.61,20.39,3.9,81.41,18.59,4.38,78.93,21.07,3.75,875335.84299,1200269.725077,917422.206636,1314522.162035,11388229.5632,35240775.0,10086019.0258,30921653.0,11388229.5632,35240775.0,10086019.0258,30921653.0
2024-12-25,0.33695,0.34212,0.32644,0.3342,1405627720.1523,612964010,631758129,603876814,620123499,-0.002096,0.007191,-0.01148,0.007191,0.004651,0.009187,-0.006352,0.008568,0.003227,0.008945,-0.004739,0.006421,76.66,23.34,3.28,79.4,20.6,3.85,78.66,21.34,3.69,696348.039833,453266.884605,766174.384636,464080.551058,9867791.5349,29411821.0,9346160.5228,27619802.0,9867791.5349,29411821.0,9346160.5228,27619802.0
2024-12-26,0.3342,0.33788,0.3083,0.31252,1597339422.4048,620123499,627539786,566533032,571246510,0.007191,0.009947,-0.004801,0.00261,0.008568,0.010851,-0.0042,0.006069,0.006421,0.009403,-0.00003,0.005669,78.31,21.69,3.61,80.37,19.63,4.09,76.55,23.45,3.26,1613687.224679,233490.74216,1862745.496128,239955.314586,11442353.5934,34394487.0,10678923.9863,31823933.0,11442353.5934,34394487.0,10678923.9863,31823933.0
2024-12-27,0.31252,0.32482,0.30855,0.31176,1535479256.9907,571246510,594977539,567822026,587081773,0.00261,0.005452,-0.008603,0.004559,0.006069,0.008455,-0.002708,0.007585,0.005669,0.009591,-0.002725,0.008345,82.82,17.18,4.82,83.64,16.36,5.11,77.12,22.88,3.37,677698.927461,629521.606881,939975.851302,652980.326156,11956076.0196,38433265.0,10572791.8241,33697039.0,11956076.0196,38433265.0,10572791.8241,33697039.0
2024-12-28,0.31176,0.32745,0.31111,0.32429,885921547.3852,587081773,619779932,586855865,612269837,0.004559,0.01,0.002443,0.01,0.007585,0.010948,0.004314,0.010393,0.008345,0.010867,0.004549,0.008796,82.23,17.77,4.63,81.33,18.67,4.36,75.37,24.63,3.06,260207.036504,417314.155325,260488.934856,440521.423595,13299192.7141,42864467.0,10270711.691,32816807.0,13299192.7141,42864467.0,10270711.691,32816807.0
2024-12-29,0.32429,0.32955,0.31169,0.31419,1059406399.0274,612269837,630711311,582615655,585586957,0.01,0.01,0.001498,0.002284,0.010393,0.013136,0.004072,0.0057,0.008796,0.015714,0.004803,0.005136,78.78,21.22,3.71,79.74,20.26,3.94,76.23,23.77,3.21,2270709.001709,179994.685856,2405845.660399,187340.295425,11608101.515,35952898.0,8727192.6294,26797133.0,11608101.515,35952898.0,8727192.6294,26797133.0
2024-12-30,0.31418,0.32319,0.30654,0.31382,1687467025.9142,585586957,605696617,571952631,582021086,0.002284,0.01,-0.001398,0.009715,0.0057,0.012418,0.001993,0.009023,0.005136,0.012984,0.002719,0.006733,82.6,17.4,4.75,82.96,17.04,4.87,78.17,21.83,3.58,1721317.894187,953920.066059,1809336.026156,1027223.289502,12542806.5996,40116024.0,8838483.6973,28024059.0,12542806.5996,40116024.0,8838483.6973,28024059.0
2024-12-31,0.31382,0.3289,0.30909,0.31582,1447537738.9695,582021086,620228460,578756251,591403750,0.009715,0.01,0.003101,0.006602,0.009023,0.012032,-0.000357,0.010254,0.006733,0.013045,0.003223,0.010164,81.55,18.45,4.42,81.56,18.44,4.42,78.73,21.27,3.7,602292.461869,911874.031217,712549.219194,946122.909287,10623395.7635,34015678.0,8585647.4908,27234218.0,10623395.7635,34015678.0,8585647.4908,27234218.0
2025-01-01,0.31582,0.32741,0.3118,0.32504,975517770.033,591403750,619363717,591142045,616559216,0.006602,0.01,0.001292,0.01,0.010254,0.011179,0.002851,0.010324,0.010164,0.010543,0.002686,0.008911,81.94,18.06,4.54,82.51,17.49,4.72,79.07,20.93,3.78,355748.098552,1010909.468273,383219.901759,1019180.557256,16329708.117,51937574.0,12210541.1379,38489238.0,16329708.117,51937574.0,12210541.1379,38489238.0
2025-01-02,0.32505,0.34483,0.3245,0.33879,1874948710.254,616559216,683674265,615853225,657528498,0.01,0.01,0.002834,0.004248,0.010324,0.01226,0.005468,0.008879,0.008911,0.013378,0.006692,0.008918,77.5,22.5,3.44,79.29,20.71,3.83,80.35,19.65,4.09,668366.494629,3481698.416434,684045.462553,3896973.37926,13619236.7463,42079551.0,12380108.1881,37938289.0,13619236.7463,42079551.0,12380108.1881,37938289.0
2025-01-03,0.3388,0.3894,0.33552,0.37981,3094152543.021,657528498,804231836,650527444,788487660,0.004248,0.01,0.000843,0.01,0.008879,0.013972,-0.000499,0.013467,0.008918,0.013238,0.001442,0.013187,76.91,23.09,3.33,79.62,20.38,3.91,79.73,20.27,3.93,333612.732996,2794235.73962,345773.586635,3180611.976935,12328720.3032,36529718.0,12175002.1879,35791249.0,12328720.3032,36529718.0,12175002.1879,35791249.0
2025-01-04,0.37981,0.39864,0.37632,0.39467,2948893104.8088,788487660,843714764,787206943,826355945,0.01,0.01,0.01,0.01,0.013467,0.014773,0.010624,0.014054,0.013187,0.013998,0.010073,0.013298,75.32,24.68,3.05,77.91,22.09,3.53,79.43,20.57,3.86,1308475.535558,1475587.93995,1412140.191169,1604121.812151,12442153.388,32915929.0,11999509.6028,31468280.0,12442153.388,32915929.0,11999509.6028,31468280.0
2025-01-05,0.39466,0.39773,0.37512,0.38219,1719742412.7607,826355945,837580050,804512246,805388393,0.01,0.01,0.004168,0.01,0.014054,0.014269,0.010167,0.010595,0.013298,0.01582,0.00783,0.009113,73.04,26.96,2.71,76.34,23.66,3.23,78.47,21.53,3.65,1249791.615621,350619.493481,1431109.692485,353699.240229,12320496.1263,31353964.0,16449937.5808,41423559.0,12320496.1263,31353964.0,16449937.5808,41423559.0
2025-01-06,0.3822,0.39556,0.3758,0.38767,2167560628.9701,805388393,851659907,792462378,824149924,0.01,0.01,-0.003134,0.01,0.010595,0.011847,0.002459,0.009861,0.009113,0.011104,0.001036,0.009821,77.54,22.46,3.45,80.65,19.35,4.17,82.05,17.95,4.57,961166.324669,1854300.304519,1019145.373693,1869356.564123,14314652.7353,37554874.0,12481363.7097,32466338.0,14314652.7353,37554874.0,12481363.7097,32466338.0
2025-01-07,0.38768,0.3983,0.34649,0.3478,3949054280.9071,824149924,865040997,679135163,679135163,0.01,0.01,-0.017782,-0.017755,0.009861,0.011909,-0.002901,-0.000916,0.009821,0.012508,-0.004049,-0.003996,76.5,23.5,3.26,77.99,22.01,3.54,80.37,19.63,4.09,5595745.198217,1094309.401871,6465154.024515,1145281.716034,16210278.3116,42002583.0,12981183.6895,33342716.0,16210278.3116,42002583.0,12981183.6895,33342716.0
2025-01-08,0.3478,0.3555,0.32434,0.34206,3352330389.8484,679135163,766183310,677539790,691121403,-0.017755,0.01,-0.023822,0.000639,-0.000916,0.010874,-0.006104,0.006156,-0.003996,0.010093,-0.00994,0.003153,82.97,17.03,4.87,85.44,14.56,5.87,82.38,17.62,4.68,2997740.061864,1746210.288564,3881608.441572,1852246.733541,15217655.0495,43951828.0,11081696.8299,31717292.0,15217655.0495,43951828.0,11081696.8299,31717292.0
2025-01-09,0.34206,0.34669,0.31406,0.32071,2623718834.8598,691121403,704268312,616590569,624981958,0.000639,0.01,-0.018648,-0.018517,0.006156,0.011161,-0.008826,-0.006856,0.003153,0.010777,-0.01152,-0.01125,80.86,19.14,4.23,82.06,17.94,4.57,83.16,16.84,4.94,3188116.902734,1022344.928235,3959218.902014,1073081.610747,12504577.6144,36711866.0,11584172.4797,33719681.0,12504577.6144,36711866.0,11584172.4797,33719681.0
2025-01-10,0.3207,0.33955,0.32063,0.33364,2133240193.9422,624981958,676784010,624981958,648580493,-0.018517,0.002605,-0.026581,-0.016415,-0.006856,0.007508,-0.01865,-0.000805,-0.01125,0.005736,-0.014604,-0.004272,83.95,16.05,5.23,84.92,15.08,5.63,79.08,20.92,3.78,934587.93981,1551764.858802,1031498.381026,1913421.593815,10611236.2131,33242496.0,10470215.106,32509884.0,10611236.2131,33242496.0,10470215.106,32509884.0
2025-01-11,0.33365,0.34792,0.32941,0.341,1055140181.548,648580493,670183581,637209621,655948059,-0.016415,0.004752,-0.016892,-0.009245,-0.000805,0.009013,-0.003067,0.002832,-0.004272,0.007917,-0.005921,-0.001373,82.89,17.11,4.85,83.47,16.53,5.05,77.68,22.32,3.48,808188.623716,884382.474124,810907.127282,925865.449081,12502291.2412,37639423.0,11657483.7246,34815482.0,12502291.2412,37639423.0,11657483.7246,34815482.0
2025-01-12,0.341,0.34331,0.3315,0.33573,1003565269.9542,655948059,679593454,647306140,665787463,-0.009245,0.01,-0.017786,0.006225,0.002832,0.011023,-0.00133,0.009639,-0.001373,0.010694,-0.006015,0.009335,80.55,19.45,4.14,81.07,18.93,4.28,78.39,21.61,3.63,1421220.949721,140664.868463,1450450.705921,142181.472038,11578890.444,34093102.0,8832188.765,25800870.0,11578890.444,34093102.0,8832188.765,25800870.0
2025-01-13,0.33574,0.34606,0.30834,0.33791,2688611509.4004,665787463,677411664,630135466,656966001,0.006225,0.01,-0.005257,0.001734,0.009639,0.010962,0.003738,0.007711,0.009335,0.010647,0.000806,0.005619,81.54,18.46,4.42,82.05,17.95,4.57,76.11,23.89,3.19,3419973.836784,1711206.807056,4107544.237459,1856161.525821,12521548.9365,37458791.0,11724179.9158,34786321.0,12521548.9365,37458791.0,11724179.9158,34786321.0
2025-01-14,0.3379,0.36209,0.33567,0.35579,2098895671.0506,656966001,719526733,650484456,712570093,0.001734,0.01,0.000372,0.00748,0.007711,0.017637,0.005692,0.010303,0.005619,0.010488,0.00394,0.009759,79.99,20.01,4.0,80.48,19.52,4.12,75.47,24.53,3.08,532613.684068,1744413.568217,550784.058669,1831236.053515,9016571.5175,26794102.0,10530393.1105,31031871.0,9016571.5175,26794102.0,10530393.1105,31031871.0
2025-01-15,0.35579,0.38762,0.34817,0.38509,2810425779.1288,712570093,780931164,687544867,776626001,0.00748,0.008413,-0.004771,0.005659,0.010303,0.011467,0.001799,0.010771,0.009759,0.012085,0.004402,0.011154,78.37,21.63,3.62,79.76,20.24,3.94,75.93,24.07,3.16,812204.781524,2989183.097514,877506.929076,3239853.745631,13628268.365,38454602.0,11552855.6064,32335497.0,13628268.365,38454602.0,11552855.6064,32335497.0
2025-01-16,0.38509,0.39021,0.36743,0.37632,2821827694.4246,776626001,784885925,729789767,755190279,0.005659,0.01,0.004667,0.01,0.010771,0.012872,0.009708,0.011333,0.011154,0.013578,0.007667,0.01114,77.02,22.98,3.35,79.14,20.86,3.79,75.0,25.0,3.0,1813305.10782,1321954.17319,1968026.797852,1357774.56958,12090203.3477,31502855.0,11420949.8843,29489175.0,12090203.3477,31502855.0,11420949.8843,29489175.0
2025-01-17,0.37632,0.4219,0.37534,0.41512,3760909802.7525,755190279,909008020,752832989,884700655,0.01,0.01,0.009403,0.01,0.011333,0.013714,-0.002402,0.012044,0.01114,0.013076,0.00941,0.013023,78.99,21.01,3.76,82.76,17.24,4.8,82.41,17.59,4.69,875220.903451,3356362.276583,916700.826822,3752186.256636,13894652.5934,37103848.0,12921416.6336,34206181.0,13894652.5934,37103848.0,12921416.6336,34206181.0
2025-01-18,0.41512,0.434,0.383,0.39625,4701987258.3889,884700655,921216886,827789811,836563115,0.01,0.01,0.01,0.01,0.012044,0.014024,0.006559,0.011284,0.013023,0.014098,0.010791,0.010954,73.05,26.95,2.71,76.74,23.26,3.3,80.06,19.94,4.02,5981655.040378,1744675.896213,6882624.123533,2870592.805033,12522570.728,30310444.0,11979063.9464,28721189.0,12522570.728,30310444.0,11979063.9464,28721189.0
2025-01-19,0.39626,0.40978,0.34641,0.35822,5339184075.9227,836563115,868252670,736269205,748202927,0.01,0.01,0.004696,0.01,0.011284,0.03412,0.009458,0.012622,0.010954,0.016944,0.007648,0.012948,79.38,20.62,3.85,83.26,16.74,4.97,83.2,16.8,4.95,15406197.808504,2166924.72642,17450882.511003,2252109.907868,11905030.7271,30179068.0,12085259.3796,30369277.0,11905030.7271,30179068.0,12085259.3796,30369277.0
2025-01-20,0.35823,0.38633,0.3449,0.3544,4787738976.7548,748202927,763105871,661944027,672858188,0.01,0.01,-0.000493,0.006019,0.012622,0.04103,0.00787,0.009756,0.012948,0.017619,0.003757,0.008459,83.56,16.44,5.08,86.25,13.75,6.27,86.33,13.67,6.32,3203890.578481,1873789.499594,3942462.916393,2240516.112479,11538276.7152,32388362.0,10523251.5441,29218602.0,11538276.7152,32388362.0,10523251.5441,29218602.0
2025-01-21,0.3544,0.40157,0.33552,0.37166,5969907662.2069,672858188,869512599,641614446,750257912,0.006019,0.01,-0.00592,0.01,0.009756,0.012192,0.004334,0.011529,0.008459,0.012291,0.00147,0.012189,83.67,16.33,5.12,84.2,15.8,5.33,82.5,17.5,4.71,3227409.854815,3168021.141588,3776694.913149,3521313.338965,8265864.4149,23441363.0,7364397.0789,20685232.0,8265864.4149,23441363.0,7364397.0789,20685232.0
2025-01-22,0.37165,0.37366,0.35507,0.36272,2036525342.4507,750257912,752002697,687330650,707169959,0.01,0.01,-0.003672,0.006149,0.011529,0.011596,-0.014411,0.007168,0.012189,0.01246,0.003108,0.005907,82.99,17.01,4.88,84.78,15.22,5.57,80.57,19.43,4.15,1644312.884757,265452.8842,1750373.627047,332029.444907,9572196.4692,25902700.0,9525128.9748,25529932.0,9572196.4692,25902700.0,9525128.9748,25529932.0
2025-01-23,0.36271,0.36434,0.34081,0.35193,2214611788.1412,707169959,710089479,636198179,649876444,0.006149,0.01,-0.00371,0.00309,0.007168,0.011426,-0.00668,0.006063,0.005907,0.010808,-0.002245,0.001425,83.48,16.52,5.05,83.95,16.05,5.23,81.77,18.23,4.49,1748828.193176,581309.688457,2237422.798116,594016.409928,9142018.0127,25325846.0,10271666.7902,28195507.0,9142018.0127,25325846.0,10271666.7902,28195507.0
2025-01-24,0.35194,0.36453,0.34252,0.35065,1392275725.702,649876444,682177907,632820388,637481078,0.00309,0.01,-0.001876,-0.000532,0.006063,0.011179,0.004763,0.007085,0.001425,0.010506,0.001425,0.004285,84.16,15.84,5.31,84.76,15.24,5.56,79.95,20.05,3.99,2017999.236809,1115652.939025,2231708.719674,1328802.906081,12290459.9683,35087611.0,10636288.1962,30089581.0,12290459.9683,35087611.0,10636288.1962,30089581.0
2025-01-25,0.35065,0.36204,0.34521,0.35335,1098233922.8415,637481078,675436992,628685453,649706911,-0.000532,0.009923,-0.006563,0.00677,0.007085,0.011214,0.005303,0.010412,0.004285,0.011213,0.000382,0.01053,83.75,16.25,5.15,84.81,15.19,5.58,77.67,22.33,3.48,579925.283813,205395.950905,614662.177879,286791.187414,13486371.977,38651256.0,10255875.6772,29133943.0,13486371.977,38651256.0,10255875.6772,29133943.0
2025-01-26,0.35335,0.3572,0.33459,0.33579,876974074.3505,649706911,663937659,640113446,645313868,0.00677,0.009015,-0.010184,-0.009687,0.010412,0.011462,0.002912,0.002938,0.01053,0.012791,-0.002019,-0.002019,82.19,17.81,4.62,82.89,17.11,4.85,77.09,22.91,3.37,2053178.457207,89454.158468,3410762.583209,93206.339826,13545586.1861,38539465.0,10618605.6037,29931976.0,13545586.1861,38539465.0,10618605.6037,29931976.0
2025-01-27,0.33579,0.33689,0.30441,0.33377,2762006892.5017,645313868,646129687,569894103,590077162,-0.009687,0.007664,-0.018196,0.003366,0.002938,0.008781,-0.008813,0.006985,-0.002019,0.005962,-0.011789,0.004271,86.49,13.51,6.4,86.47,13.53,6.39,72.61,27.39,2.65,5157507.272178,1179758.230648,6106421.388743,1259419.5876,11658523.4155,34921071.0,7956470.6189,23601376.0,11658523.4155,34921071.0,7956470.6189,23601376.0
2025-01-28,0.33377,0.33889,0.315,0.31853,1467139784.8507,590077162,600464815,550926974,559624809,0.003366,0.008479,-0.004189,0.006371,0.006985,0.009051,0.000881,0.006601,0.004271,0.007569,-0.002481,0.006821,82.28,17.72,4.64,82.46,17.54,4.7,74.21,25.79,2.88,1664840.246032,460625.595235,1831329.174806,470150.126523,12798106.0586,38515923.0,9940573.6273,29657811.0,12798106.0586,38515923.0,9940573.6273,29657811.0
2025-01-29,0.31852,0.33469,0.31635,0.32388,1423990709.7671,559624809,583264626,547453831,555286762,0.006371,0.01,0.000025,0.000025,0.006601,0.011025,-0.011404,0.007619,0.006821,0.010178,0.001031,0.004997,84.95,15.05,5.65,86.21,13.79,6.25,75.53,24.47,3.09,1653170.819711,764744.340132,1688843.794768,775847.7202,11456083.4499,36129345.0,11910492.6717,37216254.0,11456083.4499,36129345.0,11910492.6717,37216254.0
2025-01-30,0.32389,0.3387,0.32183,0.33137,861739530.2791,555286762,590197684,551561829,574932071,0.000025,0.01,-0.001284,0.004,0.007619,0.010789,-0.00169,0.008827,0.004997,0.009809,0.002224,0.006872,83.26,16.74,4.97,83.49,16.51,5.06,77.2,22.8,3.39,219680.893197,273218.872894,226054.460695,274759.078384,13414116.475,41619711.0,11832964.4066,36379430.0,13414116.475,41619711.0,11832964.4066,36379430.0
2025-01-31,0.33137,0.34181,0.32329,0.32872,1342717184.8086,574932071,622785497,568012868,589433307,0.004,0.01,-0.001566,-0.000738,0.008827,0.011438,-0.004639,0.007094,0.006872,0.011989,0.00255,0.003785,82.32,17.68,4.66,83.65,16.35,5.12,75.76,24.24,3.13,2130070.5673,683476.565915,2240702.918079,688712.239839,11580128.1596,35093793.0,10277426.6998,30878316.0,11580128.1596,35093793.0,10277426.6998,30878316.0
2025-02-01,0.32873,0.33217,0.30298,0.30771,1078206612.2971,589433307,604445615,560791767,563613444,-0.000738,0.01,-0.000968,0.00323,0.007094,0.011686,-0.008897,-0.001834,0.003785,0.011905,-0.002121,0.000792,83.12,16.88,4.92,83.53,16.47,5.07,76.9,23.1,3.33,3661128.980562,365281.207193,4449733.625911,365502.373823,11765239.2213,35954902.0,9940986.9887,30109558.0,11765239.2213,35954902.0,9940986.9887,30109558.0
2025-02-02,0.3077,0.31459,0.24946,0.26793,3620029051.9657,563613444,576489722,458595716,483345110,0.00323,0.005933,-0.002917,0.002425,-0.001834,0.006722,-0.014404,-0.00249,0.000792,0.003137,-0.005512,-0.002623,84.59,15.41,5.49,84.76,15.24,5.56,75.98,24.02,3.16,6905733.899775,884344.658933,9672007.508113,1055537.286721,12895673.2442,42111188.0,10382284.373,33587652.0,12895673.2442,42111188.0,10382284.373,33587652.0
2025-02-03,0.26794,0.29275,0.202,0.28469,5338618543.1441,483345110,494884215,369341373,479222597,0.002425,0.002425,-0.017463,-0.00569,-0.00249,-0.001881,-0.059996,-0.001881,-0.002623,-0.002623,-0.037583,-0.008753,84.76,15.24,5.56,86.26,13.74,6.28,76.14,23.86,3.19,7041842.266459,7182516.529253,12940651.16909,8018207.906523,10114306.3622,37936704.0,10255113.5787,38106260.0,10114306.3622,37936704.0,10255113.5787,38106260.0
2025-02-04,0.28468,0.28883,0.25517,0.26331,2734427240.338,479222597,486449689,414787151,421384402,-0.00569,0.01,-0.008591,0.003745,-0.001881,0.009576,-0.031063,0.001476,-0.008753,0.007421,-0.008753,0.00159,78.15,21.85,3.58,76.54,23.46,3.26,65.75,34.25,1.92,2898029.221973,915522.792956,3442707.731355,971405.385477,13705904.7148,48322710.0,10200549.3494,35657856.0,13705904.7148,48322710.0,10200549.3494,35657856.0
2025-02-05,0.26332,0.26899,0.25309,0.25604,1185342641.786,421384402,436087527,413434637,416252994,0.003745,0.00809,-0.003443,0.005572,0.001476,0.007881,-0.008043,0.004784,0.00159,0.006367,-0.002826,0.004209,80.41,19.59,4.11,81.95,18.05,4.54,70.74,29.26,2.42,1320184.475821,187740.823644,1410044.258116,209004.435843,11121137.9286,42423182.0,8935314.1141,33776573.0,11121137.9286,42423182.0,8935314.1141,33776573.0
2025-02-06,0.25603,0.26588,0.24248,0.24773,1217123110.9943,416252994,432137207,399232009,401655562,0.005572,0.01,-0.012599,-0.01172,0.004784,0.009658,-0.004658,-0.001462,0.004209,0.008666,-0.005517,-0.004478,79.28,20.72,3.83,79.32,20.68,3.84,69.8,30.2,2.31,1193059.25632,465305.56384,1735622.586528,474839.769643,9687557.8673,38042329.0,7902445.4046,30741937.0,9687557.8673,38042329.0,7902445.4046,30741937.0
2025-02-07,0.24773,0.26143,0.23842,0.24637,1232907412.2832,401655562,421807944,390133566,399749848,-0.01172,0.01,-0.0134,-0.004206,-0.001462,0.007271,-0.009218,-0.000161,-0.004478,0.008089,-0.007867,-0.000357,79.15,20.85,3.8,78.89,21.11,3.74,69.73,30.27,2.3,1508426.32305,1162387.551862,1859684.440745,1177097.848189,10432726.047,42321096.0,8328833.7415,33466648.0,10432726.047,42321096.0,8328833.7415,33466648.0
2025-02-08,0.24636,0.25407,0.24438,0.25274,624791173.7089,399749848,422912727,398175511,418381695,-0.004206,0.01,-0.004394,0.000128,-0.000161,0.010018,-0.001696,0.003593,-0.000357,0.008815,-0.000901,0.002994,78.33,21.67,3.62,77.64,22.36,3.47,69.55,30.45,2.28,132536.900532,728281.989766,137871.046673,739590.878483,11126645.2034,45488539.0,8249138.8948,33433348.0,11126645.2034,45488539.0,8249138.8948,33433348.0
2025-02-09,0.25274,0.25994,0.2395,0.24873,797207156.4211,418381695,430429375,392093363,404012597,0.000128,0.009869,-0.008667,0.001262,0.003593,0.006253,-0.006474,-0.000403,0.002994,0.007294,-0.003629,0.001111,75.36,24.64,3.06,75.18,24.82,3.03,68.73,31.27,2.2,859079.903337,459069.334531,1013219.359567,471658.752718,9427612.9267,37455185.0,8761115.8638,34513038.0,9427612.9267,37455185.0,8761115.8638,34513038.0
2025-02-10,0.24873,0.25637,0.24142,0.25528,922072629.526,404012597,421585273,389493250,421585273,0.001262,0.01,-0.002532,0.009587,-0.000403,0.009737,-0.006767,0.004004,0.001111,0.009799,-0.001439,0.004536,77.52,22.48,3.45,77.54,22.46,3.45,69.18,30.82,2.25,927954.46716,561690.457013,941788.003608,573936.198811,11499417.6076,46426009.0,8938233.4619,35781025.0,11499417.6076,46426009.0,8938233.4619,35781025.0
2025-02-11,0.25528,0.2699,0.24824,0.25292,1280220865.8511,421585273,449768974,413851208,415555423,0.009587,0.01,-0.011279,-0.011227,0.004004,0.008702,-0.007224,-0.00548,0.004536,0.007753,-0.005522,-0.005462,77.79,22.21,3.5,78.78,21.22,3.71,71.37,28.63,2.49,1540747.907067,575315.835202,1609978.009441,675631.382725,13576832.2424,53431114.0,8867462.6878,34578539.0,13576832.2424,53431114.0,8867462.6878,34578539.0
2025-02-12,0.25291,0.26721,0.24642,0.26411,1363954995.5043,415555423,459303784,409906383,459231962,-0.011227,0.01,-0.013801,0.009642,-0.00548,0.010523,-0.006729,0.008703,-0.005462,0.008609,-0.006951,0.006735,78.24,21.76,3.6,78.14,21.86,3.58,69.61,30.39,2.29,521258.788196,1089375.695447,594266.652129,1146897.170643,11559837.7584,45923318.0,9825852.1787,38686560.0,11559837.7584,45923318.0,9825852.1787,38686560.0
2025-02-13,0.26412,0.26704,0.25321,0.2623,1012858874.7754,459231962,469451735,424486594,439618745,0.009642,0.01,-0.006401,-0.00009,0.008703,0.008775,-0.010129,0.003698,0.006735,0.00899,-0.006272,0.0017,77.44,22.56,3.43,79.37,20.63,3.85,70.7,29.3,2.41,542214.775864,489497.270399,655437.266239,505260.388589,11362876.8086,43211323.0,8503493.8856,32064463.0,11362876.8086,43211323.0,8503493.8856,32064463.0
2025-02-14,0.26231,0.28662,0.26062,0.27164,1648776042.3016,439618745,501138438,436720884,461550789,-0.00009,0.01,-0.001,0.001915,0.003698,0.009624,0.000567,0.000629,0.0017,0.008238,0.00118,0.003374,77.8,22.2,3.51,78.68,21.32,3.69,70.47,29.53,2.39,850842.286325,2451126.302582,970190.466932,2722363.578048,10925414.6717,41807354.0,10423768.0713,39538639.0,10925414.6717,41807354.0,10423768.0713,39538639.0
2025-02-15,0.27164,0.28316,0.26802,0.27161,1071321963.6658,461550789,476427966,446183439,449411256,0.001915,0.005608,-0.010416,-0.000424,0.000629,0.007174,0.000094,0.002082,0.003374,0.004936,-0.002941,0.001339,75.74,24.26,3.12,77.02,22.98,3.35,73.21,26.79,2.73,649079.108327,224137.400166,709927.313537,240143.611504,10926618.6079,40416420.0,11148778.2487,40877207.0,10926618.6079,40416420.0,11148778.2487,40877207.0
2025-02-16,0.2716,0.27409,0.26334,0.26545,728758759.7781,449411256,451503547,419413303,421003945,-0.000424,0.002836,-0.008521,0.002176,0.002082,0.005588,-0.014566,0.001868,0.001339,0.003195,-0.00714,0.00174,75.98,24.02,3.16,77.02,22.98,3.35,71.78,28.22,2.54,421989.614594,73352.23446,507507.915776,78307.055189,10558947.1289,39057076.0,10323514.9187,37863433.0,10558947.1289,39057076.0,10323514.9187,37863433.0
2025-02-17,0.26546,0.26874,0.25358,0.25807,1054781716.3431,421003945,436945963,411827486,418744378,0.002176,0.004005,-0.005685,0.002867,0.001868,0.007899,-0.019854,0.003512,0.00174,0.006335,-0.005421,0.00402,76.96,23.04,3.34,77.49,22.51,3.44,71.21,28.79,2.47,1545290.786186,334808.536208,1800483.586085,337422.992664,12425529.9798,47039169.0,11044313.0925,41442534.0,12425529.9798,47039169.0,11044313.0925,41442534.0
2025-02-18,0.25807,0.25977,0.24198,0.25119,1053823238.7065,418744378,422621553,393490440,408213913,0.002867,0.005436,-0.005536,0.001151,0.003512,0.006874,-0.028941,0.002606,0.00402,0.005337,-0.01256,0.00288,80.28,19.72,4.07,80.3,19.7,4.08,71.18,28.82,2.47,1924697.200271,348628.40658,2296806.575251,359070.879553,10948921.7743,42614822.0,10906918.089,42085500.0,10948921.7743,42614822.0,10906918.089,42085500.0
2025-02-19,0.25118,0.2553,0.24876,0.25467,712768294.2697,408213913,422584929,405951957,420829183,0.001151,0.004735,-0.004334,0.000846,0.002606,0.007326,-0.016428,0.004649,0.00288,0.005677,-0.004897,0.002451,77.48,22.52,3.44,77.25,22.75,3.4,71.65,28.35,2.53,234789.289465,203591.802221,235735.371665,228471.917029,13334471.8337,53339711.0,12240602.7577,48526584.0,13334471.8337,53339711.0,12240602.7577,48526584.0
2025-02-20,0.25466,0.25747,0.24973,0.25458,737271209.3116,420829183,432858406,414006575,419451482,0.000846,0.007508,-0.006401,-0.005756,0.004649,0.00926,-0.003518,0.000872,0.002451,0.008298,-0.002055,0.000874,78.85,21.15,3.73,79.64,20.36,3.91,70.72,29.28,2.42,400567.359643,174416.872397,413449.758147,178620.570107,13807886.1386,54398985.0,11474044.8022,44815175.0,13807886.1386,54398985.0,11474044.8022,44815175.0
2025-02-21,0.25458,0.2612,0.23421,0.23941,1311368458.3643,419451482,441308034,388586546,403717958,-0.005756,0.01,-0.007006,0.01,0.000872,0.011967,-0.004311,0.011964,0.000874,0.010631,-0.001193,0.009834,76.89,23.11,3.33,76.39,23.61,3.24,70.46,29.54,2.39,2709348.127762,341490.296798,3426551.466415,348234.490591,11699084.236,46152173.0,13199215.5437,51639237.0,11699084.236,46152173.0,13199215.5437,51639237.0
2025-02-22,0.23942,0.24769,0.23785,0.24643,571895856.2125,403717958,420434852,401846301,411179469,0.01,0.01,-0.006797,0.004369,0.011964,0.013582,-0.005747,0.00042,0.009834,0.010589,-0.001042,0.00458,81.21,18.79,4.32,80.08,19.92,4.02,67.01,32.99,2.03,60869.210482,104559.661136,60945.08659,122122.983712,9115495.1931,38293766.0,10125157.5698,42151669.0,9115495.1931,38293766.0,10125157.5698,42151669.0
2025-02-23,0.24643,0.24743,0.24022,0.24269,478923924.6703,411179469,411274904,393030233,397965625,0.004369,0.008023,-0.007795,-0.001287,0.00042,0.004505,-0.006636,0.002332,0.00458,0.010176,-0.003578,0.005651,79.12,20.88,3.79,78.07,21.93,3.56,67.83,32.17,2.11,282826.910716,51706.05395,300237.15786,54142.112723,13439341.1383,54762807.0,12824577.0696,51830987.0,13439341.1383,54762807.0,12824577.0696,51830987.0
2025-02-24,0.24268,0.24383,0.20571,0.21037,1677712646.5288,397965625,399980687,354717200,363626459,-0.001287,0.009821,-0.01348,0.006009,0.002332,0.00744,0.000557,0.003279,0.005651,0.00636,-0.006411,0.002771,79.31,20.69,3.83,78.06,21.94,3.56,68.39,31.61,2.16,3724113.598196,360682.84127,5237227.991249,362782.991351,11355438.3865,46995262.0,11063720.7369,45383741.0,11355438.3865,46995262.0,11063720.7369,45383741.0
2025-02-25,0.21037,0.21448,0.19545,0.21147,2342183680.3331,363626459,373777162,323619479,341926915,0.006009,0.009626,-0.007607,-0.005328,0.003279,0.008792,-0.004381,-0.000297,0.002771,0.007557,-0.006106,-0.001367,82.23,17.77,4.63,83.77,16.23,5.16,71.99,28.01,2.57,2861022.900042,1947004.858263,3269894.228188,2073058.395962,10067530.6074,48086086.0,8100720.6269,38344102.0,10067530.6074,48086086.0,8100720.6269,38344102.0
2025-02-26,0.21147,0.21398,0.196,0.20347,1482225508.7931,341926915,354469136,332603466,349392081,-0.005328,0.009069,-0.006118,0.009069,-0.000297,0.010843,-0.002881,0.010843,-0.001367,0.008757,-0.002212,0.008757,79.92,20.08,3.98,78.74,21.26,3.7,69.34,30.66,2.26,1210664.749574,641874.161601,1370907.794767,662266.439708,11665815.0501,55427771.0,10238972.3215,48195439.0,11665815.0501,55427771.0,10238972.3215,48195439.0
2025-02-27,0.20348,0.21146,0.20088,0.20678,969381440.9507,349392081,364126971,342199999,351592219,0.009069,0.01,-0.001463,-0.001416,0.010843,0.012138,-0.00506,0.004864,0.008757,0.009835,0.002703,0.002727,80.79,19.21,4.21,80.69,19.31,4.18,69.96,30.04,2.33,687870.613954,725382.79636,724694.612494,751236.873462,10762193.3006,53164742.0,10043729.3119,49153058.0,10762193.3006,53164742.0,10043729.3119,49153058.0
2025-02-28,0.20677,0.20716,0.1814,0.20176,1974071543.6211,351592219,351592219,309586564,334326924,-0.001416,0.01,-0.00996,0.01,0.004864,0.009957,-0.006453,0.009909,0.002727,0.008229,-0.005994,0.008093,78.45,21.55,3.64,77.86,22.14,3.52,70.49,29.51,2.39,3505927.594032,1060217.290498,4716502.84375,1116621.524427,10756346.6288,52253012.0,10269063.2829,49438463.0,10756346.6288,52253012.0,10269063.2829,49438463.0
2025-03-01,0.20176,0.20889,0.19926,0.20663,844526132.7033,334326924,348663954,326351410,331295830,0.01,0.01,0.001136,0.001676,0.009909,0.010185,0.002557,0.002938,0.008093,0.008417,-0.000077,0.000943,77.7,22.3,3.48,78.1,21.9,3.57,70.38,29.62,2.38,282073.778299,282522.106026,310192.434898,291150.073539,10328064.9967,51436776.0,10640136.4602,52516587.0,10328064.9967,51436776.0,10640136.4602,52516587.0
2025-03-02,0.20663,0.24203,0.20158,0.23918,2035324444.0078,331295830,373291552,326716074,369254780,0.001676,0.01,-0.003468,-0.003283,0.002938,0.008275,-0.000395,0.000206,0.000943,0.009647,-0.003045,-0.003018,75.95,24.05,3.16,76.62,23.38,3.28,70.84,29.16,2.43,803797.75984,1660367.582816,941414.389334,1781831.629419,11801036.6711,57388538.0,11026273.3662,53130057.0,11801036.6711,57388538.0,11026273.3662,53130057.0
2025-03-03,0.23918,0.24046,0.19312,0.19903,1967518559.56,369254780,371346624,301269378,310951123,-0.003283,0.00721,-0.013484,-0.008573,0.000206,0.008027,-0.005667,-0.005613,-0.003018,0.005725,-0.00504,-0.005018,76.74,23.26,3.3,76.9,23.1,3.33,72.86,27.14,2.69,4005320.818463,832503.828776,4793297.386019,840256.444836,12122090.43,50867727.0,10012014.6829,41610765.0,12122090.43,50867727.0,10012014.6829,41610765.0
2025-03-04,0.19903,0.20225,0.1826,0.19898,1535945594.0763,310951123,313154867,280369798,303580334,-0.008573,0.000369,-0.011241,0.000369,-0.005613,0.003104,-0.014741,0.001198,-0.005018,-0.000338,-0.008678,-0.001005,82.95,17.05,4.87,84.76,15.24,5.56,72.65,27.35,2.66,1334997.170189,784702.299814,1875815.050472,829982.882706,9138094.5825,46113065.0,8114528.7736,40607882.0,9138094.5825,46113065.0,8114528.7736,40607882.0
2025-03-05,0.19897,0.20656,0.19622,0.20463,885356230.4286,303580334,322822414,300760724,314167720,0.000369,0.004299,-0.006407,0.003341,0.001198,0.005954,-0.005709,0.005033,-0.001005,0.004955,-0.005591,0.004542,79.84,20.16,3.96,79.56,20.44,3.89,69.7,30.3,2.3,911291.443795,424205.734121,932305.87923,448858.426773,7958256.5021,40191196.0,8441411.5378,42264875.0,7958256.5021,40191196.0,8441411.5378,42264875.0
2025-03-06,0.20462,0.21989,0.19886,0.2014,1282316860.8819,314167720,348017375,309465406,310631165,0.003341,0.005032,-0.010809,-0.010809,0.005033,0.00832,-0.003743,-0.00239,0.004542,0.006621,-0.005248,-0.005248,78.14,21.86,3.58,77.9,22.1,3.53,70.08,29.92,2.34,880972.57899,762039.807461,1003734.687046,789244.442778,8409831.9125,41298534.0,8457810.2407,41161413.0,8409831.9125,41298534.0,8457810.2407,41161413.0
2025-03-07,0.20139,0.20859,0.19011,0.19829,1269200505.1822,310631165,327253098,296360824,313137434,-0.010809,0.01,-0.013242,0.004665,-0.00239,0.010311,-0.014208,0.008249,-0.005248,0.009069,-0.007823,0.00665,78.72,21.28,3.7,78.7,21.3,3.7,70.04,29.96,2.34,1431034.905932,917296.048783,1640762.057951,939658.98602,7759914.9671,38703982.0,5976110.2907,29548004.0,7759914.9671,38703982.0,5976110.2907,29548004.0
2025-03-08,0.1983,0.2008,0.19103,0.1922,562380911.0715,313137434,313709371,296550731,299296337,0.004665,0.008702,-0.002979,-0.002979,0.008249,0.008885,-0.007579,0.001976,0.00665,0.011596,-0.000849,-0.000413,83.02,16.98,4.89,84.37,15.63,5.4,72.83,27.17,2.68,468523.574126,144140.20987,522155.269954,145126.812414,7341947.646,37262120.0,6936835.4917,34873262.0,7341947.646,37262120.0,6936835.4917,34873262.0
2025-03-09,0.1922,0.19414,0.16524,0.16799,1304561621.4749,299296337,305325125,276757090,277476451,-0.002979,0.006859,-0.007558,-0.002669,0.001976,0.008876,-0.018805,-0.008354,-0.000413,0.008282,-0.010264,-0.005343,80.24,19.76,4.06,79.3,20.7,3.83,70.89,29.11,2.44,3076022.846012,287263.751399,4292636.009001,319640.023322,9331553.5554,48767011.0,7385189.0935,38265270.0,9331553.5554,48767011.0,7385189.0935,38265270.0
2025-03-10,0.168,0.1809,0.15039,0.15401,1554449836.3363,277476451,288005565,241448524,241448524,-0.002669,0.00467,-0.010144,-0.002727,-0.008354,0.006311,-0.011815,-0.007652,-0.005343,0.003556,-0.00865,-0.005929,79.99,20.01,4.0,80.9,19.1,4.24,68.69,31.31,2.19,5454108.338237,930875.311187,6564399.987763,1126485.285056,8114636.3962,48533572.0,6721526.324,39844192.0,8114636.3962,48533572.0,6721526.324,39844192.0
2025-03-11,0.15402,0.16853,0.14269,0.1645,1672957101.4922,241448524,257129990,226275061,252125919,-0.002727,0.009419,-0.007486,0.003815,-0.007652,0.008095,-0.011777,0.006378,-0.005929,0.00533,-0.009281,0.003705,79.86,20.14,3.97,80.65,19.35,4.17,69.36,30.64,2.26,987750.931254,1298887.295275,1464785.945138,1398241.488651,8516475.9699,55525450.0,8159236.173,52702370.0,8516475.9699,55525450.0,8159236.173,52702370.0
2025-03-12,0.1645,0.17406,0.15948,0.17231,1156893938.696,252125919,265854972,244510451,261757424,0.003815,0.009975,-0.005096,-0.000253,0.006378,0.008439,-0.006518,0.002654,0.003705,0.007878,-0.002668,0.001005,76.29,23.71,3.22,76.74,23.26,3.3,67.35,32.65,2.06,687739.054601,1255561.605033,766081.467594,1351352.520267,8103255.7282,49504461.0,7187384.7361,43508354.0,8103255.7282,49504461.0,7187384.7361,43508354.0
2025-03-13,0.17232,0.1729,0.1616,0.16513,981931538.1138,261757424,268517224,242355890,246770693,-0.000253,0.01,-0.001108,0.002509,0.002654,0.007003,-0.004972,-0.000328,0.001005,0.006087,-0.001523,0.00288,75.7,24.3,3.12,76.51,23.49,3.26,66.39,33.61,1.98,690078.083275,340296.676853,820370.451628,349451.870441,7884863.8245,45958414.0,6274499.4941,36269723.0,7884863.8245,45958414.0,6274499.4941,36269723.0
2025-03-14,0.16514,0.17621,0.16454,0.17185,681369698.515,246770693,269884041,245616045,259741503,0.002509,0.01,0.001814,0.003208,-0.000328,0.008925,-0.015602,0.005048,0.00288,0.007834,-0.001428,0.004875,76.18,23.82,3.2,77.82,22.18,3.51,68.65,31.35,2.19,179589.20493,526696.067693,202459.829765,551362.039248,8936809.3233,54381046.0,6636254.8002,40012384.0,8936809.3233,54381046.0,6636254.8002,40012384.0
2025-03-15,0.17186,0.17777,0.17109,0.17586,463090448.8535,259741503,276882849,257175527,263731954,0.003208,0.006408,-0.000836,-0.000209,0.005048,0.007549,-0.006358,0.003464,0.004875,0.006082,0.000467,0.002227,74.1,25.9,2.86,75.33,24.67,3.05,68.74,31.26,2.2,94217.679692,255029.555226,99258.92368,292800.695215,8868064.3,51828878.0,6866049.9904,39782691.0,8868064.3,51828878.0,6866049.9904,39782691.0
2025-03-16,0.17585,0.17676,0.16558,0.1681,750609164.4768,263731954,266970317,242593878,243216416,-0.000209,0.005741,-0.003908,0.000473,0.003464,0.008385,-0.003959,0.001498,0.002227,0.006493,-0.002015,0.002578,74.01,25.99,2.85,75.85,24.15,3.14,68.18,31.82,2.14,2337097.301297,243248.172034,2546960.681942,256627.281689,8232532.4976,47024072.0,6796196.5253,38482492.0,8232532.4976,47024072.0,6796196.5253,38482492.0
2025-03-17,0.1681,0.17617,0.16792,0.17325,727882619.0233,243216416,273656275,243216416,268780710,0.000473,0.008893,-0.001214,0.003019,0.001498,0.006699,-0.008764,0.003979,0.002578,0.006883,-0.001657,0.003441,75.13,24.87,3.02,76.6,23.4,3.27,68.5,31.5,2.18,186126.892266,343442.728611,191510.88101,392936.812752,7962393.9897,47584058.0,6743812.2409,39937497.0,7962393.9897,47584058.0,6743812.2409,39937497.0
2025-03-18,0.17325,0.17343,0.16258,0.16794,674583199.2007,268780710,268936447,239885349,249054361,0.003019,0.003019,-0.008906,-0.004486,0.003979,0.00647,-0.005623,-0.000547,0.003441,0.003676,-0.005601,-0.001964,76.15,23.85,3.19,78.79,21.21,3.72,68.44,31.56,2.17,543786.586162,175893.280326,717681.205075,183773.509338,7341213.5315,42561890.0,5594784.692,32142862.0,7341213.5315,42561890.0,5594784.692,32142862.0
2025-03-19,0.16794,0.17871,0.16671,0.1779,763251132.0614,249054361,276892872,245150359,276208145,-0.004486,0.01,-0.004746,0.01,-0.000547,0.007841,-0.019026,0.00186,-0.001964,0.006537,-0.003105,0.006291,75.84,24.16,3.14,75.5,24.5,3.08,65.96,34.04,1.94,182072.856043,1288851.057326,208446.634229,1350124.262194,9094680.8446,54351158.0,8751522.174,51861486.0,9094680.8446,54351158.0,8751522.174,51861486.0
2025-03-20,0.17791,0.17909,0.16652,0.16938,654147890.7206,276208145,282681001,247358201,248609674,0.01,0.01,-0.005896,-0.003443,0.00186,0.008042,-0.008059,0.002076,0.006291,0.008198,-0.005543,0.00143,73.7,26.3,2.8,74.81,25.19,2.97,68.77,31.23,2.2,881325.12168,191399.236943,966766.621151,207587.052391,7993801.6245,45117715.0,7308004.7963,40888773.0,7993801.6245,45117715.0,7308004.7963,40888773.0
2025-03-21,0.16938,0.17148,0.16457,0.16718,472534229.7443,248609674,250634927,239679574,245139123,-0.003443,0.003661,-0.010748,-0.003492,0.002076,0.005637,-0.01454,0.002924,0.00143,0.004237,-0.003795,-0.00137,80.17,19.83,4.04,82.73,17.27,4.79,68.92,31.08,2.22,382867.971487,159066.306214,484298.170178,172538.165486,6807675.1978,40369979.0,7243396.1442,42583667.0,6807675.1978,40369979.0,7243396.1442,42583667.0
2025-03-22,0.16718,0.16972,0.16648,0.16729,280730029.1964,245139123,255221254,244902085,252812430,-0.003492,0.003765,-0.005465,-0.001065,0.002924,0.006743,-0.010938,0.003628,-0.00137,0.004835,-0.002686,0.000907,77.38,22.62,3.42,77.66,22.34,3.48,67.11,32.89,2.04,87300.40989,45585.36435,93719.710258,50367.428593,7965716.9479,47850364.0,7513947.7628,44771100.0,7965716.9479,47850364.0,7513947.7628,44771100.0
2025-03-23,0.16728,0.17255,0.16693,0.17255,398915914.3093,252812430,266417580,252129298,265768016,-0.001065,0.01,-0.002581,0.008735,0.003628,0.008248,-0.00372,0.005875,0.000907,0.008966,0.000058,0.008966,76.79,23.21,3.31,76.89,23.11,3.33,67.14,32.86,2.04,76980.615586,205591.160069,90034.791207,210781.485375,7327329.2743,43984102.0,6724190.8168,40048486.0,7327329.2743,43984102.0,6724190.8168,40048486.0
2025-03-24,0.17254,0.18899,0.17058,0.1829,968014251.3915,265768016,311039789,261611762,310362259,0.008735,0.01,0.005146,0.01,0.005875,0.008714,-0.004587,0.007515,0.008966,0.012202,0.003868,0.007391,75.28,24.72,3.05,76.16,23.84,3.2,67.24,32.76,2.05,688766.354334,1141789.904013,721510.116458,1344916.206435,7647381.2835,44507758.0,7438845.4131,42930845.0,7647381.2835,44507758.0,7438845.4131,42930845.0
2025-03-25,0.1829,0.1939,0.1807,0.19056,1195686409.7353,310362259,320494728,305554030,314395399,0.01,0.01,-0.003171,0.009861,0.007515,0.008911,-0.022502,0.005066,0.007391,0.00826,-0.005576,0.005042,71.62,28.38,2.52,74.76,25.24,2.96,69.44,30.56,2.27,482845.570044,1258111.551533,504336.651735,1416066.16668,7599641.515,41744536.0,8216616.0289,44732065.0,7599641.515,41744536.0,8216616.0289,44732065.0
2025-03-26,0.19056,0.20574,0.18928,0.19481,1718976754.336,314395399,351028090,312481577,325639612,0.009861,0.01,-0.002713,-0.000778,0.005066,0.008177,-0.005302,0.003847,0.005042,0.00685,-0.001681,0.002175,68.77,31.23,2.2,71.09,28.91,2.46,67.48,32.52,2.08,1921319.75629,720188.535676,2042479.812649,1064615.692012,7128297.6676,37553503.0,6735969.0393,35192180.0,7128297.6676,37553503.0,6735969.0393,35192180.0
2025-03-27,0.1948,0.20049,0.18756,0.19039,1096925936.2914,325639612,326748903,299730039,300175129,-0.000778,0.003058,-0.006348,0.000415,0.003847,0.007403,-0.007348,0.007237,0.002175,0.005016,-0.001501,0.004263,69.0,31.0,2.23,71.96,28.04,2.57,67.24,32.76,2.05,951289.020032,452670.821074,1426061.755676,471116.864748,7088507.5685,36551654.0,7633326.1717,38997326.0,7088507.5685,36551654.0,7633326.1717,38997326.0
2025-03-28,0.19039,0.1928,0.1771,0.18013,1081337024.9635,300175129,305707322,281232356,284000026,0.000415,0.008611,-0.001903,0.003609,0.007237,0.010032,0.001981,0.006916,0.004263,0.008885,-0.000479,0.004473,73.3,26.7,2.75,75.98,24.02,3.16,66.79,33.21,2.01,1235866.160166,156158.207597,1686519.930558,175463.667009,7703969.1018,40645605.0,7571538.8867,39584309.0,7703969.1018,40645605.0,7571538.8867,39584309.0
2025-03-29,0.18013,0.1825,0.16564,0.16946,931787828.4163,284000026,288418768,253907166,255493946,0.003609,0.007419,-0.01013,-0.005468,0.006916,0.006916,-0.004817,-0.000096,0.004473,0.006937,-0.009297,-0.001002,78.04,21.96,3.55,81.31,18.69,4.35,68.52,31.48,2.18,1702591.035669,220545.406809,1933445.019969,227536.952845,7555807.6863,42134958.0,7318875.3768,40451584.0,7555807.6863,42134958.0,7318875.3768,40451584.0
2025-03-30,0.16946,0.1723,0.16434,0.16645,656814891.4161,255493946,256861892,235841758,237908806,-0.005468,0.002074,-0.011712,-0.004727,-0.000096,0.004448,-0.008068,0.001049,-0.001002,0.002902,-0.014153,-0.00186,78.42,21.58,3.63,80.56,19.44,4.14,66.87,33.13,2.02,764318.978894,410398.770314,906864.192137,423265.76574,7607733.9009,45095184.0,7055670.4689,41450160.0,7607733.9009,45095184.0,7055670.4689,41450160.0
2025-03-31,0.16646,0.16829,0.16,0.16658,1012300016.0078,237908806,246666803,234004240,237216820,-0.004727,0.005848,-0.006249,0.004656,0.001049,0.007569,-0.005173,0.004649,-0.00186,0.006358,-0.009244,0.001422,78.89,21.11,3.74,80.07,19.93,4.02,65.31,34.69,1.88,737353.978146,427308.094655,934308.184677,523479.848256,6917170.7309,41752673.0,6946709.0141,41553235.0,6917170.7309,41752673.0,6946709.0141,41553235.0
2025-04-01,0.16657,0.17572,0.16592,0.17391,834123283.4675,237216820,256109445,235886915,254289572,0.004656,0.01,-0.005373,0.004565,0.004649,0.00997,-0.000787,0.009118,0.001422,0.009717,-0.004479,0.008811,78.15,21.85,3.58,79.81,20.19,3.95,66.03,33.97,1.94,299485.554992,879140.747089,355149.623983,974169.290869,8031574.9987,48438597.0,7502900.8738,44847161.0,8031574.9987,48438597.0,7502900.8738,44847161.0
2025-04-02,0.1739,0.18005,0.16185,0.16376,1402593894.1467,254289572,273224435,243222076,244705376,0.004565,0.008654,0.000509,0.00215,0.009118,0.009118,0.000402,0.005496,0.008811,0.008811,-0.000702,0.004482,74.69,25.31,2.95,75.58,24.42,3.1,62.84,37.16,1.69,1918468.929935,2226353.909923,2236765.126928,2281881.661949,7863250.6096,45411586.0,7958979.7789,45548932.0,7863250.6096,45411586.0,7958979.7789,45548932.0
2025-04-03,0.16376,0.1674,0.15527,0.16222,884679356.8708,244705376,253677517,241990875,253677517,0.00215,0.004839,-0.006897,-0.00649,0.005496,0.008033,-0.021623,0.003314,0.004482,0.006354,-0.003828,0.000704,80.23,19.77,4.06,83.14,16.86,4.93,65.24,34.76,1.88,688499.671284,285091.994068,1014759.127084,301687.668515,8953855.4747,54922045.0,7421430.5073,45131600.0,8953855.4747,54922045.0,7421430.5073,45131600.0
2025-04-04,0.16222,0.17279,0.15991,0.1712,1298820792.805,253677517,260490923,236550185,259852050,-0.00649,0.01,-0.010065,0.01,0.003314,0.010916,-0.018041,0.008829,0.000704,0.013241,-0.005047,0.011594,77.26,22.74,3.4,76.89,23.11,3.33,59.73,40.27,1.48,1286400.173834,1095618.397083,1305091.672909,1226695.204077,7575232.3743,46913562.0,7317277.3152,44915924.0,7575232.3743,46913562.0,7317277.3152,44915924.0
2025-04-05,0.17119,0.17165,0.16603,0.16887,457566265.53,259852050,262025940,254563142,255415349,0.01,0.01,0.007536,0.008467,0.008829,0.011148,0.005991,0.007141,0.011594,0.011829,0.006158,0.009894,73.35,26.65,2.75,74.29,25.71,2.89,63.25,36.75,1.72,246065.301632,68864.54399,269929.382696,69737.638076,8041536.1746,47201783.0,8181403.4739,47587723.0,8041536.1746,47201783.0,8181403.4739,47587723.0
2025-04-06,0.16887,0.16992,0.14574,0.14915,1166532123.5316,255415349,256759968,218846994,227052359,0.008467,0.008467,-0.006532,-0.000873,0.007141,0.010559,-0.004396,0.00085,0.009894,0.011099,-0.000821,0.000659,77.25,22.75,3.4,80.47,19.53,4.12,66.01,33.99,1.94,3839201.879494,236444.565571,4690678.537198,264180.359797,8459143.0978,50310818.0,9362197.7624,55163839.0,8459143.0978,50310818.0,9362197.7624,55163839.0
2025-04-07,0.14914,0.15396,0.12983,0.14951,2499103969.7545,227052359,227052359,203747892,211771002,-0.000873,0.006956,-0.008371,0.002475,0.00085,0.009691,-0.010748,0.008632,0.000659,0.008316,-0.006193,0.00731,77.83,22.17,3.51,80.04,19.96,4.01,62.23,37.77,1.65,2139591.172779,2450322.340289,3821691.636205,2705824.54483,6602770.9911,44474136.0,6298778.3551,42006796.0,6602770.9911,44474136.0,6298778.3551,42006796.0
2025-04-08,0.1495,0.15699,0.14102,0.1422,1326998771.0439,211771002,226812967,202895043,207529606,0.002475,0.00644,-0.003046,0.003469,0.008632,0.010073,-0.006282,0.002663,0.00731,0.008127,-0.006347,0.005042,72.62,27.38,2.65,74.81,25.19,2.97,59.86,40.14,1.49,1326339.226977,1348810.030232,1488724.93569,1495660.166912,7442874.1551,50036219.0,7558146.7047,50304030.0,7442874.1551,50036219.0,7558146.7047,50304030.0
2025-04-09,0.1422,0.16416,0.13646,0.16028,1809303256.3719,207529606,235857032,201642207,232941844,0.003469,0.01,-0.006187,0.01,0.002663,0.010919,-0.004575,0.010714,0.005042,0.011248,-0.000182,0.011032,75.71,24.29,3.12,79.64,20.36,3.91,65.19,34.81,1.87,1558750.839773,2439184.796714,1691153.248312,2869174.51368,7603001.4894,53687760.0,6883368.8075,48163375.0,7603001.4894,53687760.0,6883368.8075,48163375.0
2025-04-10,0.16027,0.16043,0.14872,0.15349,1046379690.7965,232941844,238418025,211383702,213222783,0.01,0.01,-0.006112,0.003796,0.010714,0.010715,-0.007402,0.002758,0.011032,0.011032,-0.004118,0.002238,67.04,32.96,2.03,69.52,30.48,2.28,66.34,33.66,1.97,1966649.950536,376048.656415,2102101.791918,392719.622067,9000852.8398,56420164.0,10378016.5234,64466038.0,9000852.8398,56420164.0,10378016.5234,64466038.0
2025-04-11,0.15348,0.16245,0.1532,0.15996,656729106.4707,213222783,234893981,212916899,232367186,0.003796,0.01,0.002461,0.009139,0.002758,0.009607,-0.006389,0.008551,0.002238,0.009093,-0.000463,0.009076,73.55,26.45,2.78,79.0,21.0,3.76,66.61,33.39,2.0,108712.039123,561410.873577,111887.8748,600252.855723,8207071.4911,53695534.0,6268388.5284,40641398.0,8207071.4911,53695534.0,6268388.5284,40641398.0
2025-04-12,0.15996,0.1694,0.15755,0.16757,699853631.6762,232367186,264550962,230862364,255618224,0.009139,0.01,0.001657,0.002589,0.008551,0.00884,-0.008631,0.007671,0.009076,0.009706,0.001369,0.007766,68.08,31.92,2.13,72.08,27.92,2.58,66.6,33.4,1.99,174658.239781,536370.008907,185148.346418,684472.199547,8354991.56,52457514.0,8688490.7157,54036677.0,8354991.56,52457514.0,8688490.7157,54036677.0
2025-04-13,0.16757,0.16859,0.16092,0.16252,781759280.8164,255618224,259591187,242859004,248042214,0.002589,0.01,0.000874,0.01,0.007671,0.009134,0.002953,0.006859,0.007766,0.009824,0.003874,0.008124,67.75,32.25,2.1,71.09,28.91,2.46,64.46,35.54,1.81,946246.521166,296227.704744,1029773.20288,322537.741859,7198088.2817,43162700.0,7958064.9872,47264723.0,7198088.2817,43162700.0,7958064.9872,47264723.0
2025-04-14,0.16252,0.16957,0.15717,0.15845,811313311.451,248042214,261707373,233380534,235620212,0.01,0.01,-0.012408,-0.0121,0.006859,0.009568,-0.00511,-0.000021,0.008124,0.010293,-0.006786,-0.004172,68.41,31.59,2.17,73.17,26.83,2.73,68.34,31.66,2.16,496018.211408,265638.038968,582500.961244,277721.738255,8353283.8324,51627877.0,9084443.3373,55653026.0,8353283.8324,51627877.0,9084443.3373,55653026.0
2025-04-15,0.15845,0.16127,0.15302,0.15349,648603143.0311,235620212,244196932,229916992,230466086,-0.0121,-0.001362,-0.014176,-0.001362,-0.000021,0.006318,-0.005662,0.002727,-0.004172,0.00238,-0.00678,0.000607,72.16,27.84,2.59,75.72,24.28,3.12,65.46,34.54,1.9,620989.045547,162768.259087,738006.626967,167890.294689,9260989.6971,58726844.0,9073884.3007,56998273.0,9260989.6971,58726844.0,9073884.3007,56998273.0
2025-04-16,0.15349,0.15729,0.1501,0.15464,749102823.4778,230466086,236626638,223562602,224292942,-0.001362,0.004983,-0.005308,0.004841,0.002727,0.006882,-0.002695,0.005012,0.000607,0.004887,-0.002982,0.004509,73.91,26.09,2.83,78.32,21.68,3.61,65.3,34.7,1.88,629986.826873,436638.435987,784347.291386,470322.805199,8542173.1113,55933610.0,8796865.5435,57053253.0,8542173.1113,55933610.0,8796865.5435,57053253.0
2025-04-17,0.15463,0.15939,0.15288,0.15579,523210390.9883,224292942,231769513,223017462,224073640,0.004841,0.006391,-0.002277,0.000413,0.005012,0.007511,-0.006543,0.002996,0.004509,0.006273,-0.002252,0.00375,74.06,25.94,2.86,77.9,22.1,3.53,66.24,33.76,1.96,289093.096648,260037.286772,579924.924268,276221.370256,7971771.0735,51794429.0,6924283.3002,44580922.0,7971771.0735,51794429.0,6924283.3002,44580922.0
2025-04-18,0.15578,0.1589,0.15344,0.15753,375990578.7229,224073640,237675375,222497286,234766442,0.000413,0.01,-0.009548,0.01,0.002996,0.006994,0.000498,0.005058,0.00375,0.007343,-0.00543,0.007134,72.77,27.23,2.67,76.59,23.41,3.27,65.68,34.32,1.91,138900.101435,121577.108728,140868.903495,146496.401874,9328379.1074,60159925.0,8389056.8295,53584028.0,9328379.1074,60159925.0,8389056.8295,53584028.0
2025-04-19,0.15753,0.16086,0.1562,0.15726,390804701.4438,234766442,244153819,233992679,238367710,0.01,0.01,0.006477,0.007916,0.005058,0.007839,0.001016,0.004362,0.007134,0.00872,0.002197,0.005448,68.37,31.63,2.16,70.75,29.25,2.42,66.7,33.3,2.0,133591.0572,151182.839102,141514.870906,187225.58055,9328091.4946,59483206.0,9189497.6181,58063222.0,9328091.4946,59483206.0,9189497.6181,58063222.0
2025-04-20,0.15726,0.1595,0.15235,0.15519,542030902.4458,238367710,242821994,228077279,234584782,0.007916,0.01,-0.01058,0.000889,0.004362,0.006688,-0.00146,0.001953,0.005448,0.006693,-0.004686,0.000433,69.82,30.18,2.31,72.44,27.56,2.63,65.67,34.33,1.91,818939.324527,231070.057241,882566.239654,237968.759291,12140621.161,77592685.0,8138940.5279,51530688.0,12140621.161,77592685.0,8138940.5279,51530688.0
2025-04-21,0.15519,0.16352,0.15493,0.15931,875472858.4165,234584782,271553083,234085464,258700300,0.000889,0.01,0.000852,0.008131,0.001953,0.008763,-0.002915,0.005717,0.000433,0.00873,-0.005553,0.006395,70.32,29.68,2.37,71.82,28.18,2.55,65.36,34.64,1.89,343232.191923,598665.489736,484731.852659,650839.756723,8250646.1505,53417172.0,7922134.527,50827065.0,8250646.1505,53417172.0,7922134.527,50827065.0
2025-04-22,0.15931,0.18,0.15711,0.17857,1281836909.4856,258700300,319364082,252774962,315165312,0.008131,0.01,0.006233,0.01,0.005717,0.010101,-0.014003,0.006126,0.006395,0.010023,0.002232,0.007847,72.2,27.8,2.6,76.73,23.27,3.3,66.6,33.4,1.99,127595.31691,1711404.312713,140317.595064,2022572.925654,9659378.1688,60945624.0,9153211.1245,57203793.0,9659378.1688,60945624.0,9153211.1245,57203793.0
2025-04-23,0.17858,0.18538,0.17483,0.17858,1345193432.4143,315165312,341198399,314458672,329577202,0.01,0.01,0.01,0.01,0.006126,0.010113,-0.000829,0.007635,0.007847,0.010311,0.006919,0.010205,65.12,34.88,1.87,67.97,32.03,2.12,67.28,32.72,2.06,1571450.850764,1125375.115437,2802522.110295,1189852.521909,9348665.95,52597374.0,7794400.6816,43401107.0,9348665.95,52597374.0,7794400.6816,43401107.0
2025-04-24,0.17857,0.18322,0.16974,0.18246,1114673041.0428,329577202,336362598,319273639,332772943,0.01,0.01,0.006055,0.01,0.007635,0.010402,-0.000169,0.010062,0.010205,0.010205,0.007326,0.009799,69.41,30.59,2.27,75.85,24.15,3.14,70.01,29.99,2.33,1617499.014562,799309.661926,3042084.228239,868969.891954,9936544.2902,55907104.0,11010949.9059,61369672.0,9936544.2902,55907104.0,11010949.9059,61369672.0
2025-04-25,0.18245,0.18615,0.17741,0.18154,1140547236.2508,332772943,339966584,319491937,324993842,0.01,0.01,0.004699,0.009737,0.010062,0.010258,-0.003623,0.007442,0.009799,0.009889,0.006007,0.007902,67.27,32.73,2.06,72.33,27.67,2.61,72.41,27.59,2.63,379785.077343,487523.87956,453545.966781,504333.929368,9623423.1295,53020546.0,7740893.0588,42255066.0,9623423.1295,53020546.0,7740893.0588,42255066.0
2025-04-26,0.18153,0.19298,0.18002,0.18182,934423451.8061,324993842,349172976,308554395,314492694,0.009737,0.01,-0.00772,-0.007603,0.007442,0.010167,0.003411,0.00364,0.007902,0.009593,-0.000587,-0.000065,67.66,32.34,2.09,73.3,26.7,2.75,71.46,28.54,2.5,587337.476556,839023.683952,628976.044068,1054122.362218,10678214.7995,59080822.0,10035699.5952,54996297.0,10678214.7995,59080822.0,10035699.5952,54996297.0
2025-04-27,0.18183,0.18345,0.17638,0.17924,743498338.205,314492694,318209730,295898859,298706993,-0.007603,0.01,-0.008246,0.003706,0.00364,0.009932,-0.001418,0.004454,-0.000065,0.009953,-0.002178,0.003734,69.27,30.73,2.25,73.4,26.6,2.76,69.59,30.41,2.29,433350.9372,135259.852203,687168.765142,152435.713072,10825111.7387,59796454.0,9207367.7945,50385168.0,10825111.7387,59796454.0,9207367.7945,50385168.0
2025-04-28,0.17923,0.18269,0.17364,0.17898,967760176.5246,298706993,302017815,281761662,285780559,0.003706,0.01,-0.01026,0.003813,0.004454,0.009296,-0.001766,0.006221,0.003734,0.009765,-0.004498,0.00589,70.21,29.79,2.36,75.19,24.81,3.03,71.14,28.86,2.47,1815046.771892,418991.948231,2027121.464022,445590.847372,11325073.8944,63499281.0,8142920.1538,45219127.0,11325073.8944,63499281.0,8142920.1538,45219127.0
2025-04-29,0.17897,0.18066,0.17229,0.17453,786698897.2978,285780559,295041820,273764082,279502436,0.003813,0.01,-0.009155,-0.008758,0.006221,0.009296,-0.005494,0.00082,0.00589,0.009328,-0.003102,-0.002766,70.42,29.58,2.38,73.35,26.65,2.75,69.89,30.11,2.32,945501.76256,89575.75905,1029952.037396,96771.721933,10488636.5006,58891677.0,9815068.6631,54588653.0,10488636.5006,58891677.0,9815068.6631,54588653.0
2025-04-30,0.17454,0.17658,0.16654,0.17217,792745894.4291,279502436,289814660,267450387,270076282,-0.008758,0.001821,-0.011965,0.001654,0.00082,0.006166,-0.002603,0.004384,-0.002766,0.003915,-0.005766,0.003815,71.39,28.61,2.5,73.98,26.02,2.84,69.66,30.34,2.3,902833.374975,188833.914381,1616923.613031,198472.89144,9891107.2876,56895571.0,8366699.114,47716955.0,9891107.2876,56895571.0,8366699.114,47716955.0
2025-05-01,0.17217,0.18329,0.17199,0.18057,746395506.8004,270076282,302669403,269773518,302428795,0.001654,0.01,0.001654,0.01,0.004384,0.009364,0.002348,0.006143,0.003815,0.008783,0.003414,0.008492,72.35,27.65,2.62,75.82,24.18,3.14,69.48,30.52,2.28,144630.130814,1205900.060515,153450.105061,1268437.575667,10098420.4902,58936111.0,8994338.1495,51997506.0,10098420.4902,58936111.0,8994338.1495,51997506.0
2025-05-02,0.18057,0.1844,0.17907,0.18142,696936609.7948,302428795,306119983,292309825,297245102,0.01,0.01,0.00034,0.004781,0.006143,0.009654,0.000571,0.004702,0.008492,0.009294,0.002443,0.005665,68.2,31.8,2.15,74.05,25.95,2.85,70.36,29.64,2.37,301418.012612,354050.597265,335502.594091,406856.691872,13237817.4336,73665362.0,9827214.5822,54170734.0,13237817.4336,73665362.0,9827214.5822,54170734.0
2025-05-03,0.18143,0.18212,0.17514,0.17555,482091962.3726,297245102,305005075,285185248,285747672,0.004781,0.01,-0.004102,0.000999,0.004702,0.007778,-0.016865,0.004591,0.005665,0.0093,-0.001916,0.002609,69.44,30.56,2.27,76.13,23.87,3.19,71.12,28.88,2.46,506310.210212,44634.71184,713241.980456,44718.17304,15050581.2297,83272817.0,10589642.7603,58122483.0,15050581.2297,83272817.0,10589642.7603,58122483.0
2025-05-04,0.17555,0.17734,0.16963,0.1704,565704213.8141,285747672,288336303,272453357,274670547,0.000999,0.001154,-0.007844,-0.007831,0.004591,0.007061,-0.005867,-0.001235,0.002609,0.004206,-0.003299,-0.001276,70.45,29.55,2.38,76.5,23.5,3.26,71.95,28.05,2.57,1011340.801034,34519.03714,1283636.303022,37790.857936,13508647.3702,77327089.0,9757915.2912,55321284.0,13508647.3702,77327089.0,9757915.2912,55321284.0
2025-05-05,0.17039,0.17456,0.168,0.1705,641213380.7178,274670547,276745160,268948314,270307460,-0.007831,0.00389,-0.011473,-0.001008,-0.001235,0.006055,-0.004516,0.001262,-0.001276,0.002928,-0.004154,-0.000035,72.25,27.75,2.6,76.28,23.72,3.22,71.78,28.22,2.54,410568.441241,201504.234705,460285.672037,499614.362822,10074789.8838,59422112.0,10225548.2709,59726801.0,10074789.8838,59422112.0,10225548.2709,59726801.0
2025-05-06,0.1705,0.1725,0.16416,0.17211,810695113.0191,270307460,277644933,261972916,268070830,-0.001008,0.007904,-0.009369,0.007178,0.001262,0.008122,-0.003564,0.007134,-0.000035,0.007403,-0.001624,0.006772,72.38,27.62,2.62,75.63,24.37,3.1,69.83,30.17,2.32,1586988.184582,475514.423189,1822995.680478,1016405.771735,9808370.8199,57802418.0,7709544.2118,45021446.0,9808370.8199,57802418.0,7709544.2118,45021446.0
2025-05-07,0.1721,0.17437,0.16884,0.17193,686530208.7068,268070830,276720542,263575463,271459743,0.007178,0.01,0.003023,0.004053,0.007134,0.007584,-0.009595,0.005076,0.006772,0.006807,0.00157,0.003938,70.26,29.74,2.36,73.96,26.04,2.84,70.83,29.17,2.43,321191.551514,260877.262312,364394.760361,284557.350454,8198666.6797,47820215.0,7128286.5193,41216420.0,8198666.6797,47820215.0,7128286.5193,41216420.0
2025-05-08,0.17193,0.19837,0.17161,0.19807,1456784392.0939,271459743,356538631,269739738,352582519,0.004053,0.01,0.003295,0.01,0.005076,0.010365,0.003044,0.010166,0.003938,0.009912,0.003398,0.009701,70.26,29.74,2.36,73.96,26.04,2.84,70.83,29.17,2.43,254211.775722,6016963.215816,294104.669977,6630058.716665,9420267.6418,55041502.0,9198002.8168,53253157.0,9420267.6418,55041502.0,9198002.8168,53253157.0
2025-05-09,0.19808,0.2145,0.19294,0.20521,1836039882.6204,352582519,396351490,341461144,368457777,0.01,0.01,0.01,0.01,0.010166,0.012178,0.008917,0.010579,0.009701,0.010421,0.003843,0.010216,68.67,31.33,2.19,72.02,27.98,2.57,69.63,30.37,2.29,897354.689315,1348140.039931,1377057.43238,1657344.480094,10628639.58,53931010.0,10054644.0099,50507755.0,10628639.58,53931010.0,10054644.0099,50507755.0
2025-05-10,0.20521,0.2512,0.20328,0.25057,2606835989.0153,368457777,502737390,361484513,502737390,0.01,0.01,0.01,0.01,0.010579,0.011445,0.004612,0.010812,0.010216,0.010517,0.008597,0.009968,72.23,27.77,2.6,79.55,20.45,3.89,81.49,18.51,4.4,603037.686306,3449069.871469,743228.885547,4865783.075415,9137382.1823,44731442.0,9326167.6942,45247734.0,9137382.1823,44731442.0,9326167.6942,45247734.0
2025-05-11,0.25058,0.25973,0.22204,0.23172,2837017016.7712,502737390,519921915,444727609,451693039,0.01,0.01,0.002132,0.003834,0.010812,0.012732,0.006593,0.008488,0.009968,0.010723,0.005552,0.007187,70.4,29.6,2.38,74.31,25.69,2.89,76.19,23.81,3.2,2533378.943505,2155187.908045,4170915.77901,2803428.249408,12256734.368,49124688.0,6822791.2852,27089008.0,12256734.368,49124688.0,6822791.2852,27089008.0
2025-05-12,0.23173,0.25341,0.22039,0.2309,3321278970.1444,451693039,489836499,440069924,441366769,0.003834,0.01,-0.001716,0.000223,0.008488,0.013317,0.003427,0.008224,0.007187,0.011284,0.004775,0.005876,74.34,25.66,2.9,81.8,18.2,4.5,83.78,16.22,5.17,2605560.244761,2657711.840459,4023265.40796,5294149.163655,9925668.7049,43065150.0,10291250.734,44190006.0,9925668.7049,43065150.0,10291250.734,44190006.0
2025-05-13,0.2309,0.24303,0.21717,0.24068,2032276252.6825,441366769,464326155,414321342,456736917,0.000223,0.01,-0.000511,0.01,0.008224,0.010538,0.003968,0.010233,0.005876,0.010244,0.002552,0.010023,72.66,27.34,2.66,76.45,23.55,3.25,76.13,23.87,3.19,768279.471943,1517039.73115,992606.896179,1733597.296527,10761811.7335,46830858.0,10752633.3325,46340560.0,10761811.7335,46830858.0,10752633.3325,46340560.0
2025-05-14,0.24069,0.24751,0.22806,0.23267,1759982843.4312,456736917,486510293,437593439,446764846,0.01,0.01,0.0042,0.008229,0.010233,0.013413,0.005897,0.009385,0.010023,0.011005,0.005763,0.008655,71.45,28.55,2.5,75.11,24.89,3.02,76.62,23.38,3.28,1669952.530588,752653.896243,1949939.774844,791738.364741,10232571.3603,42714911.0,9992032.8949,41314442.0,10232571.3603,42714911.0,9992032.8949,41314442.0
2025-05-15,0.23268,0.23667,0.21353,0.21926,1955906253.6215,446764846,452571629,378969895,384834708,0.008229,0.008464,-0.00748,-0.004932,0.009385,0.009543,-0.03801,0.003737,0.008655,0.00898,-0.013327,-0.001996,74.82,25.18,2.97,80.24,19.76,4.06,78.17,21.83,3.58,3135747.791297,397540.259808,3964003.397477,485896.21534,10076804.5717,43524610.0,10746892.2106,45966738.0,10076804.5717,43524610.0,10746892.2106,45966738.0
2025-05-16,0.21926,0.23085,0.2178,0.221,1308634231.9281,384834708,418697920,383900672,391846514,-0.004932,0.01,-0.005008,0.00192,0.003737,0.010126,0.002466,0.006224,-0.001996,0.009861,-0.001996,0.004735,78.35,21.65,3.62,82.5,17.5,4.71,76.97,23.03,3.34,951448.759633,472786.249792,1323922.479634,542484.715138,8327939.4171,38189784.0,10200197.7291,46307489.0,8327939.4171,38189784.0,10200197.7291,46307489.0
2025-05-17,0.22098,0.22214,0.2106,0.21449,1057755667.2508,391846514,393552449,366211935,370009278,0.00192,0.005259,-0.007315,0.002572,0.006224,0.008295,-0.00476,0.006643,0.004735,0.005867,-0.000954,0.004335,76.42,23.58,3.24,80.64,19.36,4.17,74.51,25.49,2.92,1344058.675777,268804.22388,1571941.326459,284002.891999,8028312.3356,36521033.0,8143358.3761,36665191.0,8028312.3356,36521033.0,8143358.3761,36665191.0
2025-05-18,0.2145,0.23793,0.21388,0.23296,1727332781.7527,370009278,439539267,369918930,417444628,0.002572,0.01,-0.002152,0.008738,0.006643,0.010894,-0.005,0.007838,0.004335,0.01004,-0.001288,0.008414,75.66,24.34,3.11,80.5,19.5,4.13,73.68,26.32,2.8,1591336.484431,2214541.638287,1772155.66135,2415001.55118,7555632.4779,35408152.0,8521114.8987,39515376.0,7555632.4779,35408152.0,8521114.8987,39515376.0
2025-05-19,0.23297,0.23576,0.21368,0.22437,1543290257.76,417444628,422548105,380169509,389753808,0.008738,0.01,-0.011263,0.01,0.007838,0.009822,-0.009135,0.009667,0.008414,0.009571,-0.004707,0.009378,74.34,25.66,2.9,77.25,22.75,3.4,74.53,25.47,2.93,1842070.749131,357051.270043,2047796.218587,407961.833232,8105029.836,34931888.0,7011154.9476,29913682.0,8105029.836,34931888.0,7011154.9476,29913682.0
2025-05-20,0.22437,0.23077,0.21751,0.22617,1412231582.3836,389753808,402166483,374767516,393855113,0.01,0.01,-0.012783,0.01,0.009667,0.010084,-0.011408,0.009399,0.009378,0.009862,-0.005236,0.008823,75.76,24.24,3.13,78.2,21.8,3.59,76.48,23.52,3.25,979300.284342,1167897.397242,1022292.805591,1248678.26378,8521087.2097,38154358.0,7384866.9126,32761857.0,8521087.2097,38154358.0,7384866.9126,32761857.0
2025-05-21,0.22617,0.23799,0.22244,0.23398,1992263359.9885,393855113,437396262,391806116,435557759,0.01,0.01,-0.000258,0.01,0.009399,0.012667,0.000329,0.009752,0.008823,0.010987,0.0031,0.009847,72.98,27.02,2.7,75.96,24.04,3.16,74.36,25.64,2.9,1772275.93417,1329070.190362,1874611.382008,1517602.767432,7912431.3764,35154149.0,7719144.3361,33967403.0,7912431.3764,35154149.0,7719144.3361,33967403.0
2025-05-22,0.23399,0.24573,0.23375,0.24547,1675038014.2517,435557759,479961316,435557759,479750510,0.01,0.01,0.008868,0.01,0.009752,0.015269,0.00769,0.015211,0.009847,0.012715,0.009192,0.012705,74.6,25.4,2.94,79.54,20.46,3.89,75.6,24.4,3.1,762471.988186,886567.014843,784007.962888,1250578.534286,8631066.4119,37061091.0,7555379.3239,32133335.0,8631066.4119,37061091.0,7555379.3239,32133335.0
2025-05-23,0.24548,0.25439,0.22294,0.22505,2433761938.8073,479750510,520987935,428918608,433173116,0.01,0.01,0.002252,0.00812,0.015211,0.01919,0.002603,0.009506,0.012705,0.014237,0.005838,0.009049,71.85,28.15,2.55,78.33,21.67,3.62,77.62,22.38,3.47,4914514.734033,590458.572675,5556560.34392,699829.136419,9205055.1245,37696001.0,9972084.0618,40430792.0,9205055.1245,37696001.0,9972084.0618,40430792.0
2025-05-24,0.22505,0.2303,0.22346,0.22501,749371717.4818,433173116,436605438,412170469,414785661,0.00812,0.00812,-0.011078,-0.005088,0.009506,0.009506,-0.014788,0.006327,0.009049,0.009049,-0.002392,0.002763,77.69,22.31,3.48,83.25,16.75,4.97,77.83,22.17,3.51,201369.310906,121118.639199,216664.292252,175199.058318,7031192.8048,31423588.0,8050549.5906,35605923.0,7031192.8048,31423588.0,8050549.5906,35605923.0
2025-05-25,0.22501,0.22633,0.21552,0.22478,918355655.6739,414785661,416308911,386199272,396372321,-0.005088,0.005798,-0.00667,0.001289,0.006327,0.009033,-0.003133,0.006765,0.002763,0.008049,0.000749,0.003935,76.4,23.6,3.24,79.23,20.77,3.82,71.76,28.24,2.54,980193.182051,374802.062649,1391708.104905,390687.006277,12499036.4107,55866161.0,10228686.3444,45242020.0,12499036.4107,55866161.0,10228686.3444,45242020.0
2025-05-26,0.22477,0.23025,0.22239,0.22585,893264705.1078,396372321,415698215,391664286,395839968,0.001289,0.01,-0.001903,0.006581,0.006765,0.010582,0.006008,0.009456,0.003935,0.010108,0.002622,0.008555,75.66,24.34,3.11,78.27,21.73,3.6,74.0,26.0,2.85,322855.725267,328619.697282,353304.454215,354819.442255,10816871.0948,48346830.0,12112601.8965,53616585.0,10816871.0948,48346830.0,12112601.8965,53616585.0
2025-05-27,0.22584,0.23206,0.21956,0.22589,1122440541.3292,395839968,430930243,386039401,410273448,0.006581,0.01,0.003261,0.003261,0.009456,0.01036,-0.008555,0.006836,0.008555,0.010535,0.004872,0.006889,73.05,26.95,2.71,74.8,25.2,2.97,74.04,25.96,2.85,1243822.078083,809319.758637,1279451.308105,869340.225348,11776836.7813,52397349.0,9672688.8666,42630528.0,11776836.7813,52397349.0,9672688.8666,42630528.0
2025-05-28,0.22589,0.22776,0.21672,0.22086,841573995.3435,410273448,412998273,396267280,408406152,0.003261,0.003473,-0.002598,0.003088,0.006836,0.008674,0.002864,0.007049,0.006889,0.00717,0.002388,0.005772,73.4,26.6,2.76,75.09,24.91,3.01,75.39,24.61,3.06,1103380.144663,127554.723808,1427848.383631,140143.988545,12554648.7211,55854512.0,11344675.9399,50002079.0,12554648.7211,55854512.0,11344675.9399,50002079.0
2025-05-29,0.22085,0.22787,0.21389,0.21477,1191474597.633,408406152,418599073,396836840,399768739,0.003088,0.01,-0.004841,-0.004398,0.007049,0.010839,0.002092,0.004441,0.005772,0.010158,0.002949,0.003282,75.38,24.62,3.06,76.37,23.63,3.23,74.21,25.79,2.88,2033317.843584,303157.555205,2321388.021649,337642.379857,10777019.24,49020820.0,11942725.4818,53849484.0,10777019.24,49020820.0,11942725.4818,53849484.0
2025-05-30,0.21477,0.21637,0.19036,0.19348,1620683192.9916,399768739,403104815,362065020,372035955,-0.004398,0.00712,-0.009208,0.005563,0.004441,0.007088,-0.00996,0.001716,0.003282,0.007351,-0.002111,0.004032,75.26,24.74,3.04,76.16,23.84,3.2,73.0,27.0,2.7,5569494.678291,233513.689178,7170666.387844,246004.633484,12099344.7455,56625698.0,12903186.3565,59814471.0,12099344.7455,56625698.0,12903186.3565,59814471.0
2025-05-31,0.19349,0.19543,0.18539,0.19241,1224802493.8497,372035955,372683616,337074161,337802900,0.005563,0.009949,-0.003026,-0.00192,0.001716,0.006127,-0.004601,0.000271,0.004032,0.005648,-0.002687,-0.000179,76.06,23.94,3.18,78.1,21.9,3.57,71.43,28.57,2.5,799642.634383,458764.11133,1148927.50574,508590.018709,12719772.386,66043558.0,11594003.0847,59640995.0,12719772.386,66043558.0,11594003.0847,59640995.0
2025-06-01,0.19242,0.19483,0.18628,0.19353,794797599.4836,337802900,348707085,333031078,337726241,-0.00192,0.008741,-0.005089,0.007157,0.000271,0.006701,-0.002734,0.005361,-0.000179,0.008007,-0.000925,0.005335,72.51,27.49,2.64,70.66,29.34,2.41,70.36,29.64,2.37,651061.204082,523358.558395,965868.58878,624349.849117,11317033.6085,59103955.0,10337306.7913,53493826.0,11317033.6085,59103955.0,10337306.7913,53493826.0
2025-06-02,0.19352,0.19633,0.18841,0.19498,871988382.7518,337726241,347235883,333925484,339447825,0.007157,0.01,0.003161,0.01,0.005361,0.009675,0.000354,0.007458,0.005335,0.009562,0.003021,0.007941,72.37,27.63,2.62,70.99,29.01,2.45,71.58,28.42,2.52,672112.961073,319593.153132,687933.435487,383205.207349,11549974.5498,59967459.0,10308897.6748,53011474.0,11549974.5498,59967459.0,10308897.6748,53011474.0
2025-06-03,0.19498,0.2004,0.1911,0.19302,907794822.3043,339447825,355804345,338423263,343116630,0.01,0.01,0.001091,0.006535,0.007458,0.008492,-0.009299,0.005907,0.007941,0.008064,-0.002306,0.005147,74.14,25.86,2.87,74.95,25.05,2.99,72.63,27.37,2.65,535086.74493,666562.677108,606212.877089,691457.423395,11854331.814,61085459.0,10032205.1519,51225422.0,11854331.814,61085459.0,10032205.1519,51225422.0
2025-06-04,0.19301,0.19701,0.18679,0.188,717705879.6954,343116630,353006105,336072418,341637863,0.006535,0.01,0.000526,0.003874,0.005907,0.009336,0.003151,0.006299,0.005147,0.009215,0.003287,0.005691,72.51,27.49,2.64,72.09,27.91,2.58,69.03,30.97,2.23,1461667.39568,817117.107248,1677016.550078,824935.54651,12338993.3123,64236433.0,10811090.8921,55765064.0,12338993.3123,64236433.0,10811090.8921,55765064.0
2025-06-05,0.188,0.19239,0.16778,0.17095,3357568005.406,341637863,352115181,307384457,312945037,0.003874,0.01,-0.006778,-0.006716,0.006299,0.009076,-0.007707,-0.007707,0.005691,0.009512,-0.005489,-0.005489,73.15,26.85,2.72,72.73,27.27,2.67,70.45,29.55,2.38,7377828.079368,791051.224774,9541242.801389,1173769.523094,11824830.3227,63213038.0,11685026.1299,61856580.0,11824830.3227,63213038.0,11685026.1299,61856580.0
2025-06-06,0.17096,0.1844,0.16987,0.17869,1085567080.8369,312945037,324092519,307346335,308774694,-0.006716,0.01,-0.008568,0.007846,-0.007707,0.005839,-0.008261,0.002407,-0.005489,0.005379,-0.007559,0.002527,74.29,25.71,2.89,74.06,25.94,2.86,67.7,32.3,2.1,205014.841778,432181.451933,220364.677837,578620.965244,9609369.7236,56492720.0,9704768.7326,56515911.0,9609369.7236,56492720.0,9704768.7326,56515911.0
2025-06-07,0.1787,0.18861,0.17766,0.18502,833478789.6907,308774694,337653148,304605758,327434354,0.007846,0.01,-0.002272,-0.000208,0.002407,0.008127,-0.001726,0.003532,0.002527,0.008702,-0.001585,0.001446,71.49,28.51,2.51,71.26,28.74,2.48,65.3,34.7,1.88,147218.920446,1731946.830341,192486.629697,1783470.921037,11809379.4448,66382805.0,10989930.408,61237033.0,11809379.4448,66382805.0,10989930.408,61237033.0
2025-06-08,0.18502,0.18694,0.18026,0.18409,640663354.8389,327434354,331037606,320511664,323474679,-0.000208,0.007685,-0.000531,0.006915,0.003532,0.008474,-0.003494,0.007463,0.001446,0.008518,-0.001421,0.007708,67.41,32.59,2.07,68.87,31.13,2.21,66.79,33.21,2.01,162103.373226,160661.642623,219685.905388,193472.044277,12353088.4874,67072172.0,11869589.3959,63882548.0,12353088.4874,67072172.0,11869589.3959,63882548.0
2025-06-09,0.18409,0.19619,0.18009,0.19482,1105281890.7975,323474679,339368563,316410392,331733343,0.006915,0.01,0.00104,0.01,0.007463,0.009268,0.002456,0.007423,0.007708,0.009274,0.003942,0.008306,67.04,32.96,2.03,69.16,30.84,2.24,65.82,34.18,1.93,297797.091707,1255979.814994,323717.299045,1438165.770792,12770068.7077,69712562.0,12129911.7776,65621468.0,12770068.7077,69712562.0,12129911.7776,65621468.0
2025-06-10,0.19481,0.19848,0.18847,0.19838,1209629021.3016,331733343,335837270,315775554,328931368,0.01,0.01,0.001316,0.01,0.007423,0.01044,0.004504,0.010389,0.008306,0.010124,0.003533,0.010001,70.09,29.91,2.34,72.39,27.61,2.62,70.52,29.48,2.39,694561.002688,597827.270935,766125.672699,652504.240997,11292805.3299,58219580.0,10075888.6137,51485153.0,11292805.3299,58219580.0,10075888.6137,51485153.0
2025-06-11,0.19838,0.2067,0.19117,0.19284,1463588544.7712,328931368,369925527,323286791,331607948,0.01,0.01,-0.000812,0.002044,0.010389,0.010621,0.003945,0.00639,0.010001,0.010371,0.004207,0.005964,69.61,30.39,2.29,72.98,27.02,2.7,69.8,30.2,2.31,1742166.53604,692494.155657,2090430.447351,987736.098149,11093645.7165,56179546.0,17443633.256,87437258.0,11093645.7165,56179546.0,17443633.256,87437258.0
2025-06-12,0.19284,0.19358,0.1798,0.18103,1140098042.9075,331607948,334170781,295607234,297513763,0.002044,0.005722,-0.0003,0.002042,0.00639,0.008388,-0.012135,0.000859,0.005964,0.007765,-0.002135,0.002033,75.4,24.6,3.07,77.78,22.22,3.5,70.95,29.05,2.44,6816219.360696,101428.959856,7318941.419102,107394.387434,10573184.0458,55076429.0,10745821.5464,55476453.0,10573184.0458,55076429.0,10745821.5464,55476453.0
2025-06-13,0.18104,0.1814,0.16961,0.18032,1442171342.1068,297513763,301262484,278787291,296885934,0.002042,0.01,-0.00483,0.009121,0.000859,0.00669,-0.005413,0.003917,0.002033,0.006649,-0.005729,0.004262,74.61,25.39,2.94,74.52,25.48,2.93,72.41,27.59,2.63,1263427.089159,845195.718875,3492884.283279,1127750.892185,10852421.9302,60231014.0,11204239.7884,61601684.0,10852421.9302,60231014.0,11204239.7884,61601684.0
2025-06-14,0.18031,0.18036,0.17451,0.17817,610087682.0729,296885934,308178436,292636022,307813287,0.009121,0.01,0.002238,0.005557,0.003917,0.006416,-0.003349,0.002014,0.004262,0.008135,0.000993,0.004793,73.82,26.18,2.82,72.52,27.48,2.64,67.58,32.42,2.09,347730.962443,86367.14071,368931.097773,99545.66331,14608025.3631,81335340.0,9768185.5596,53930899.0,14608025.3631,81335340.0,9768185.5596,53930899.0
2025-06-15,0.17818,0.17862,0.17126,0.17543,704942969.8419,307813287,314791087,297228713,301846337,0.005557,0.007967,-0.001782,0.003646,0.002014,0.006378,-0.001118,0.004677,0.004793,0.007254,0.000414,0.003884,72.39,27.61,2.62,72.17,27.83,2.59,68.24,31.76,2.15,2163681.71438,148375.845755,2374867.39405,162432.425785,7914072.6674,44598120.0,8593478.3802,48018363.0,7914072.6674,44598120.0,8593478.3802,48018363.0
2025-06-16,0.17543,0.18112,0.172,0.17261,957841109.7491,301846337,319351157,294038716,294681265,0.003646,0.007281,0.001525,0.002398,0.004677,0.007936,-0.00358,0.003307,0.003884,0.008047,0.00306,0.0044,74.77,25.23,2.96,73.78,26.22,2.81,68.01,31.99,2.13,555171.948012,377947.147583,662244.399459,396142.385213,8872577.0207,50814116.0,9238027.8587,52435698.0,8872577.0207,50814116.0,9238027.8587,52435698.0
2025-06-17,0.1726,0.17602,0.16381,0.16926,1079037115.1626,294681265,301478382,289419098,291161344,0.002398,0.01,-0.001419,0.006891,0.003307,0.00912,-0.002313,0.00321,0.0044,0.009807,-0.000141,0.005091,73.5,26.5,2.77,72.32,27.68,2.61,69.26,30.74,2.25,1170408.498574,310285.153269,1671333.614584,414423.65578,9798454.1954,57063772.0,10050069.998,57952272.0,9798454.1954,57063772.0,10050069.998,57952272.0
2025-06-18,0.16927,0.17216,0.16398,0.17057,838506846.3579,291161344,300954954,288908929,296197013,0.006891,0.01,0.005,0.005964,0.00321,0.008362,-0.000901,0.002769,0.005091,0.008903,0.002956,0.003282,74.67,25.33,2.95,73.85,26.15,2.82,69.76,30.24,2.31,541641.856093,351525.7852,767604.908881,364379.966125,8819212.8279,52301490.0,6991676.6771,41133305.0,8819212.8279,52301490.0,6991676.6771,41133305.0
2025-06-19,0.17058,0.17195,0.16762,0.17085,537304329.9947,296197013,304056447,293681002,299650388,0.005964,0.008093,0.001116,0.00671,0.002769,0.007272,-0.001077,0.005541,0.003282,0.006094,0.001984,0.004043,76.2,23.8,3.2,77.04,22.96,3.36,71.44,28.56,2.5,93941.056355,92480.055216,101732.279379,95300.779366,6907339.9291,40641397.0,7195105.435,42019047.0,6907339.9291,40641397.0,7195105.435,42019047.0
2025-06-20,0.17084,0.1719,0.1582,0.16227,974168459.4688,299650388,304394390,287833019,294309133,0.00671,0.01,-0.011266,-0.003878,0.005541,0.007893,-0.003641,0.001987,0.004043,0.007864,-0.004379,-0.001031,74.42,25.58,2.91,74.7,25.3,2.95,71.42,28.58,2.5,1405237.410881,176194.495616,1778555.399584,215100.240741,8993410.6136,52849153.0,8438035.437,49200941.0,8993410.6136,52849153.0,8438035.437,49200941.0
2025-06-21,0.16227,0.1643,0.15,0.1544,681122619.6314,294309133,296903124,268576474,273195368,-0.003878,0.00971,-0.005372,0.000526,0.001987,0.00777,-0.009916,-0.001562,-0.001031,0.00656,-0.002131,0.000721,75.53,24.47,3.09,73.81,26.19,2.82,68.43,31.57,2.17,1099613.573626,90688.975349,1508070.196542,102869.684769,7181113.3355,44440773.0,8095876.4485,49692811.0,7181113.3355,44440773.0,8095876.4485,49692811.0
2025-06-22,0.1544,0.15763,0.14258,0.15118,1440132197.3013,273195368,282314228,243457576,257503859,0.000526,0.01,-0.000816,0.00456,-0.001562,0.007327,-0.021999,-0.002142,0.000721,0.007259,-0.008595,-0.000087,74.68,25.32,2.95,73.34,26.66,2.75,69.08,30.92,2.23,1138394.990682,685410.658464,1685733.964832,785406.951601,7427176.2377,48310911.0,8179875.2023,52755550.0,7427176.2377,48310911.0,8179875.2023,52755550.0
2025-06-23,0.15119,0.16533,0.14854,0.16371,1310774071.8433,257503859,273281131,252677121,269124900,0.00456,0.01,-0.00239,0.006655,-0.002142,0.003572,-0.012811,0.000339,-0.000087,0.004156,-0.006133,-0.000482,75.18,24.82,3.03,77.07,22.93,3.36,69.81,30.19,2.31,498667.513259,1602513.126263,560857.958096,1801299.96655,7890088.2643,52422241.0,8362031.3916,55054572.0,7890088.2643,52422241.0,8362031.3916,55054572.0
2025-06-24,0.16371,0.16763,0.1616,0.16564,850932552.9001,269124900,280209378,267748873,270513904,0.006655,0.009477,-0.004275,0.003248,0.000339,0.004818,-0.003004,0.000565,-0.000482,0.003558,-0.003892,0.001726,72.88,27.12,2.69,72.23,27.77,2.6,68.16,31.84,2.14,275600.536223,343628.69245,325208.560905,508381.471778,9695440.7042,59507041.0,8469365.7958,51535661.0,9695440.7042,59507041.0,8469365.7958,51535661.0
2025-06-25,0.16563,0.16764,0.16247,0.16451,748493208.5761,270513904,283892483,269037240,275239296,0.003248,0.008437,0.002603,0.006065,0.000565,0.006809,-0.003391,0.001514,0.001726,0.004494,-0.001143,0.001119,71.21,28.79,2.47,72.0,28.0,2.57,68.48,31.52,2.17,361643.53515,1053842.721329,400423.554527,1109208.941119,9085146.5487,55078559.0,8348793.5388,50211323.0,9085146.5487,55078559.0,8348793.5388,50211323.0
2025-06-26,0.1645,0.16809,0.15782,0.15993,857475694.9591,275239296,283749427,267539676,268668006,0.006065,0.008196,-0.010352,0.007851,0.001514,0.006366,-0.011145,0.006228,0.001119,0.00512,-0.003382,0.005099,69.99,30.01,2.33,72.96,27.04,2.7,68.68,31.32,2.19,1676808.579369,360022.411591,1824278.419354,375008.65894,9453191.3707,57713856.0,8441771.024,51112065.0,9453191.3707,57713856.0,8441771.024,51112065.0
2025-06-27,0.15994,0.16335,0.15693,0.16097,655030810.3868,268668006,274707845,261994495,262634599,0.007851,0.00844,-0.005463,0.00844,0.006228,0.007363,-0.008338,0.002386,0.005099,0.005539,-0.004567,0.001634,74.9,25.1,2.98,78.38,21.62,3.63,67.82,32.18,2.11,473207.468476,449790.520123,527866.046741,456206.821505,9032234.1873,56704307.0,7709240.6578,48021615.0,9032234.1873,56704307.0,7709240.6578,48021615.0
2025-06-28,0.16098,0.16495,0.16032,0.16357,385738013.9514,262634599,279766723,261257370,276037785,0.00844,0.01,0.000469,0.00122,0.002386,0.006789,-0.000623,0.005934,0.001634,0.004903,0.000419,0.001729,73.98,26.02,2.84,76.9,23.1,3.33,68.6,31.4,2.19,26086.79605,297598.080384,29703.266798,307263.088317,8944140.9504,55787510.0,8923735.4218,55234587.0,8944140.9504,55787510.0,8923735.4218,55234587.0
2025-06-29,0.16357,0.16999,0.16251,0.16938,540449347.227,276037785,290270423,270799360,290152818,0.00122,0.009942,-0.007927,0.009942,0.005934,0.007479,-0.002582,0.006335,0.001729,0.006502,-0.003901,0.006405,72.4,27.6,2.62,76.22,23.78,3.21,66.62,33.38,2.0,167181.021301,682400.809982,177172.045455,837163.712042,14137455.1923,86716128.0,11054654.0076,67273708.0,14137455.1923,86716128.0,11054654.0076,67273708.0
2025-06-30,0.16937,0.16986,0.16215,0.16509,794854873.5579,290152818,295470988,279818820,287315082,0.009942,0.01,-0.000387,0.006636,0.006335,0.008381,0.002582,0.007456,0.006405,0.007371,-0.001413,0.005061,73.46,26.54,2.77,77.04,22.96,3.36,68.51,31.49,2.18,648503.72561,292976.562003,713901.994895,306254.257117,10701675.4033,63443802.0,10941607.2863,64320810.0,10701675.4033,63443802.0,10941607.2863,64320810.0
2025-07-01,0.16509,0.16622,0.15667,0.15769,724512365.2451,287315082,288487341,272928186,273562720,0.006636,0.009629,-0.006418,-0.006096,0.007456,0.007456,-0.006559,-0.001461,0.005061,0.006373,-0.003183,-0.002775,70.31,29.69,2.37,71.0,29.0,2.45,68.88,31.12,2.21,1642531.241723,50872.83744,1827933.035735,76620.124209,11134501.3917,67743918.0,9660444.925,58273735.0,11134501.3917,67743918.0,9660444.925,58273735.0
2025-07-02,0.15769,0.17263,0.15645,0.16866,1163422759.9957,273562720,327018888,273125976,324209092,-0.006096,0.01,-0.007603,0.01,-0.001461,0.008375,-0.002495,0.008274,-0.002775,0.007037,-0.006276,0.006957,69.76,30.24,2.31,69.83,30.17,2.32,69.05,30.95,2.23,415240.135884,1485271.596981,421590.478114,1551647.196343,10291607.3984,65580918.0,10776958.4518,68095523.0,10291607.3984,65580918.0,10776958.4518,68095523.0
2025-07-03,0.16866,0.17538,0.1673,0.17194,1064036985.4695,324209092,354536639,318288263,335839844,0.01,0.01,0.007378,0.007401,0.008274,0.009048,0.006062,0.006159,0.006957,0.007751,0.004074,0.004165,69.86,30.14,2.32,74.24,25.76,2.88,67.62,32.38,2.09,864655.134309,788717.88981,897188.732817,843769.772494,10809745.0954,64356971.0,12459702.4501,73566990.0,10809745.0954,64356971.0,12459702.4501,73566990.0
2025-07-04,0.17195,0.1729,0.16115,0.16279,986181681.5921,335839844,337066581,297539406,297727761,0.007401,0.01,-0.007296,-0.007204,0.006159,0.008434,-0.015567,-0.001293,0.004165,0.006483,-0.005118,-0.003608,71.3,28.7,2.48,76.51,23.49,3.26,68.03,31.97,2.13,2245299.145365,113873.848734,2365220.062851,114943.740834,10855241.8006,63406167.0,11179676.5308,64760751.0,10855241.8006,63406167.0,11179676.5308,64760751.0
2025-07-05,0.1628,0.16499,0.16187,0.16413,409436227.5139,297727761,304406506,296239849,303743868,-0.007204,0.007503,-0.007955,-0.002322,-0.001293,0.007141,-0.003182,0.00257,-0.003608,0.00375,-0.004022,-0.000669,71.8,28.2,2.55,71.55,28.45,2.52,69.05,30.95,2.23,220043.462857,206031.806255,233176.7905,223925.893222,10959309.7596,67601501.0,14180221.7713,86723430.0,10959309.7596,67601501.0,14180221.7713,86723430.0
2025-07-06,0.16414,0.1752,0.16303,0.17188,960174990.3914,303743868,326611691,299263995,321206962,-0.002322,0.01,-0.002613,0.01,0.00257,0.009498,-0.00324,0.008592,-0.000669,0.007665,-0.004116,0.007303,71.33,28.67,2.49,70.11,29.89,2.35,65.99,34.01,1.94,839185.775624,1020617.059585,851943.997294,1103092.746304,11220503.076,68629909.0,10887520.6328,66058846.0,11220503.076,68629909.0,10887520.6328,66058846.0
2025-07-07,0.17188,0.17715,0.16558,0.16782,1065292625.9855,321206962,345627741,299420175,302547881,0.01,0.01,-0.002053,0.000026,0.008592,0.009257,-0.0012,0.003275,0.007303,0.007635,-0.000658,0.002118,72.96,27.04,2.7,76.48,23.52,3.25,68.07,31.93,2.13,969164.883069,275750.04743,1041438.229505,326189.225655,10967095.3406,64087373.0,14387877.1629,83258271.0,10967095.3406,64087373.0,14387877.1629,83258271.0
2025-07-08,0.16783,0.17196,0.16581,0.17085,743610545.332,302547881,322072072,300910818,316718596,0.000026,0.01,-0.003665,0.01,0.003275,0.007768,-0.004392,0.007768,0.002118,0.006143,-0.000615,0.006088,72.74,27.26,2.67,74.83,25.17,2.97,69.52,30.48,2.28,313442.319409,370937.935606,316019.904303,380297.452886,10650673.5839,63717937.0,10655356.9478,63258861.0,10650673.5839,63717937.0,10655356.9478,63258861.0
2025-07-09,0.17084,0.18667,0.16981,0.18051,1240766036.353,316718596,367044293,309168266,360183385,0.01,0.01,0.004231,0.01,0.007768,0.009729,-0.006097,0.009067,0.006088,0.007748,0.001999,0.007486,70.95,29.05,2.44,73.13,26.87,2.72,69.18,30.82,2.25,518207.025441,894296.895503,529428.646316,1267596.823,9721115.5632,57139369.0,19040353.3311,110910871.0,9721115.5632,57139369.0,19040353.3311,110910871.0
2025-07-10,0.18052,0.19635,0.17872,0.195,1226052441.139,360183385,384770503,352077116,384126065,0.01,0.01,0.006982,0.01,0.009067,0.010037,0.004743,0.009983,0.007486,0.008058,0.006097,0.007948,71.64,28.36,2.53,76.09,23.91,3.18,68.73,31.27,2.2,788825.848727,1300553.677065,812573.898931,1600881.576341,8552889.2449,47524190.0,6470072.6554,35662206.0,8552889.2449,47524190.0,6470072.6554,35662206.0
2025-07-11,0.19501,0.21373,0.19115,0.20103,2667991102.8443,384126065,443654362,379850959,412928782,0.01,0.01,0.01,0.01,0.009983,0.014962,0.003034,0.010678,0.007948,0.010766,0.006473,0.009323,70.8,29.2,2.43,74.38,25.62,2.9,74.51,25.49,2.92,3183979.790407,4110887.007759,3615955.070551,4422172.062055,7817797.0565,40261454.0,8504898.1778,43434602.0,7817797.0565,40261454.0,8504898.1778,43434602.0
2025-07-12,0.20103,0.20654,0.19184,0.19732,1347742934.5124,412928782,426004047,402692132,413344221,0.01,0.01,0.01,0.01,0.010678,0.0116,-0.001202,0.009905,0.009323,0.009705,0.005882,0.008412,73.45,26.55,2.77,79.71,20.29,3.93,77.96,22.04,3.54,2331435.896152,1363411.000042,2408569.79583,1383707.327498,8419360.2473,42083482.0,7863364.9434,38920204.0,8419360.2473,42083482.0,7863364.9434,38920204.0
2025-07-13,0.19731,0.20406,0.19565,0.19843,1144019262.9772,413344221,442393809,405178049,414402944,0.01,0.01,0.005325,0.009493,0.009905,0.0112,0.006796,0.009681,0.008412,0.009031,0.006563,0.007673,71.31,28.69,2.49,78.59,21.41,3.67,80.64,19.36,4.17,1397280.322272,549593.792616,1461062.322047,593916.465746,8261605.5104,42062674.0,8364969.8512,42176329.0,8261605.5104,42062674.0,8364969.8512,42176329.0
2025-07-14,0.19844,0.21094,0.19441,0.19736,1808717990.5859,414402944,451592335,410261223,414490844,0.009493,0.01,0.009395,0.01,0.009681,0.013138,0.008508,0.009946,0.007673,0.008677,0.006848,0.00699,72.91,27.09,2.69,77.15,22.85,3.38,77.73,22.27,3.49,2539018.235489,1256622.040997,2640568.560566,1515308.958523,7514106.8942,38021811.0,9387212.7562,47092062.0,7514106.8942,38021811.0,9387212.7562,47092062.0
2025-07-15,0.19737,0.19936,0.18843,0.19916,1743206873.9155,414490844,436162622,402155699,430940375,0.01,0.01,0.004444,0.01,0.009946,0.012882,0.003732,0.012882,0.00699,0.009515,0.005674,0.009515,74.86,25.14,2.98,80.01,19.99,4.0,81.07,18.93,4.28,1888146.561541,1283268.608823,2090130.154601,1441173.54276,7503921.7514,38194206.0,8330509.4852,42029692.0,7503921.7514,38194206.0,8330509.4852,42029692.0
2025-07-16,0.19915,0.22083,0.1955,0.2127,1942519354.0672,430940375,531568015,427177300,527431483,0.01,0.01,0.01,0.01,0.012882,0.019723,0.012133,0.016332,0.009515,0.013616,0.008396,0.010342,71.19,28.81,2.47,74.36,25.64,2.9,79.17,20.83,3.8,1713723.114534,1984870.345988,1743965.401058,2239123.687557,8572682.014,43223703.0,8862453.6449,44289002.0,8572682.014,43223703.0,8862453.6449,44289002.0
2025-07-17,0.21271,0.2224,0.20657,0.21826,2565561521.743,527431483,542476250,496724839,530601980,0.01,0.01,0.01,0.01,0.016332,0.025033,0.01062,0.019792,0.010342,0.016764,0.008462,0.014537,73.29,26.71,2.74,78.36,21.64,3.62,79.22,20.78,3.81,2910566.375653,1715418.697335,3007736.914022,1790109.491896,9873038.3629,46650227.0,8058200.4878,37691445.0,9873038.3629,46650227.0,8058200.4878,37691445.0
2025-07-18,0.21827,0.25439,0.21617,0.23576,4771430040.6527,530601980,697534481,524650296,622583309,0.01,0.035054,0.01,0.01,0.019792,0.087926,0.012421,0.012918,0.014537,0.055181,0.011049,0.011477,71.99,28.01,2.57,76.39,23.61,3.24,77.73,22.27,3.49,10177064.203271,22179361.620399,10842360.339438,23988150.88416,9434922.8147,43458011.0,8665228.028,39514702.0,9434922.8147,43458011.0,8665228.028,39514702.0
2025-07-19,0.23577,0.25806,0.23553,0.24136,3456279120.2177,622583309,765437449,621955008,681590067,0.01,0.01,0.01,0.01,0.012918,0.020992,0.00603,0.010155,0.011477,0.014341,0.008252,0.008722,73.68,26.32,2.8,80.95,19.05,4.25,83.51,16.49,5.06,2343322.051734,1486034.598123,2599477.03586,1584431.662315,10219021.8261,43572309.0,10800286.6135,45564670.0,10219021.8261,43572309.0,10800286.6135,45564670.0
2025-07-20,0.24136,0.27837,0.23992,0.27379,4367398588.1101,681590067,865709064,677647072,844236859,0.01,0.01,0.01,0.01,0.010155,0.042506,0.010155,0.019887,0.008722,0.024548,0.008535,0.015614,74.96,25.04,2.99,80.8,19.2,4.21,82.16,17.84,4.61,1780540.391288,2667787.238724,1932891.569334,3241545.049569,11932784.5423,49691039.0,10348898.2551,42684905.0,11932784.5423,49691039.0,10348898.2551,42684905.0
2025-07-21,0.27378,0.28767,0.26426,0.2714,5029643804.0782,844236859,932534376,804794160,849829967,0.01,0.01,0.01,0.01,0.019887,0.07182,0.016704,0.03322,0.015614,0.034677,0.01241,0.018774,72.96,27.04,2.7,78.2,21.8,3.59,80.88,19.12,4.23,3661835.62726,2803772.254228,4875769.884702,2980553.7632,9723090.6995,35699132.0,9311372.5376,33835863.0,9723090.6995,35699132.0,9311372.5376,33835863.0
2025-07-22,0.2714,0.27494,0.25729,0.27107,3442455155.7783,849829967,862012153,785541712,822519396,0.01,0.01,0.01,0.01,0.03322,0.03637,0.01815,0.027066,0.018774,0.026876,0.014896,0.023135,75.92,24.08,3.15,79.37,20.63,3.85,80.1,19.9,4.03,3320591.639811,1993519.847372,4019483.70314,2092014.261046,12721964.2247,47104208.0,11165571.5036,40959410.0,12721964.2247,47104208.0,11165571.5036,40959410.0
2025-07-23,0.27108,0.27125,0.23011,0.24072,3523069643.3453,822519396,826690814,681101372,699018092,0.01,0.01,0.01,0.01,0.027066,0.034852,0.008406,0.010145,0.023135,0.029219,0.008747,0.009762,74.85,25.15,2.98,80.82,19.18,4.21,81.85,18.15,4.51,4415455.079503,666822.397839,7867621.165061,692425.822516,11871296.0014,44004317.0,13010984.6516,47766300.0,11871296.0014,44004317.0,13010984.6516,47766300.0
2025-07-24,0.24072,0.24663,0.22164,0.23208,3207968168.2565,699018092,703217218,633401972,637081332,0.01,0.01,0.01,0.01,0.010145,0.018816,-0.018395,0.009572,0.009762,0.012447,0.002393,0.009005,77.81,22.19,3.51,84.01,15.99,5.25,83.94,16.06,5.23,2695375.141878,2297362.645715,3385309.411885,2708095.17743,7867426.919,32855732.0,11977161.4469,49501857.0,7867426.919,32855732.0,11977161.4469,49501857.0
2025-07-25,0.23208,0.23691,0.22082,0.23662,2285974243.5572,637081332,657316963,604229623,656177684,0.01,0.01,0.01,0.01,0.009572,0.01177,0.004813,0.010749,0.009005,0.010117,0.007773,0.009771,77.86,22.14,3.52,82.57,17.43,4.74,80.47,19.53,4.12,3312994.652259,1647244.932525,4020673.183185,2189553.819238,12480311.3544,54103492.0,8093585.3169,34720215.0,12480311.3544,54103492.0,8093585.3169,34720215.0
2025-07-26,0.23662,0.24025,0.23289,0.23537,1150215357.7674,656177684,675341168,643951145,652870707,0.01,0.01,0.01,0.01,0.010749,0.015419,0.00179,0.010754,0.009771,0.012468,0.006997,0.009673,77.86,22.14,3.52,81.64,18.36,4.45,80.02,19.98,4.01,599044.307422,687708.871148,613875.226577,695902.834049,9004883.4808,38214305.0,9230158.6766,38813767.0,9004883.4808,38214305.0,9230158.6766,38813767.0
2025-07-27,0.23537,0.24369,0.23414,0.24059,1642696124.6044,652870707,682572622,647600885,670265169,0.01,0.01,0.008672,0.01,0.010754,0.017077,0.009722,0.014207,0.009673,0.01111,0.009244,0.010408,76.13,23.87,3.19,80.13,19.87,4.03,81.36,18.64,4.37,894085.034284,2753302.551424,936880.120658,2764473.310725,14074988.1252,60086092.0,9559188.4104,40444830.0,14074988.1252,60086092.0,9559188.4104,40444830.0
2025-07-28,0.24059,0.2485,0.22411,0.22606,2140001686.281,670265169,708411228,623219043,628634238,0.01,0.01,0.005251,0.006002,0.014207,0.015806,0.009535,0.009567,0.010408,0.011189,0.008316,0.008477,75.66,24.34,3.11,78.13,21.87,3.57,78.06,21.94,3.56,3415569.62676,927829.748974,3935544.464192,938769.935659,11833969.9401,49415214.0,8973665.4317,37143959.0,11833969.9401,49415214.0,8973665.4317,37143959.0
2025-07-29,0.22607,0.23268,0.21728,0.22381,1851926379.9979,628634238,653577078,604209830,615423235,0.006002,0.01,-0.001087,0.008098,0.009567,0.010364,-0.010533,0.007573,0.008477,0.010051,0.003901,0.008495,76.25,23.75,3.21,78.87,21.13,3.73,79.4,20.6,3.85,2631263.145832,939991.197428,2986951.194872,1135336.849406,9793300.8965,43528158.0,8644339.0044,38078501.0,9793300.8965,43528158.0,8644339.0044,38078501.0
2025-07-30,0.22381,0.22645,0.20871,0.21988,2007080014.5935,615423235,623611233,555319410,582861058,0.008098,0.01,0.003559,0.009552,0.007573,0.01001,0.000669,0.00716,0.008495,0.00963,0.005814,0.008661,76.77,23.23,3.31,79.74,20.26,3.94,75.82,24.18,3.14,2159004.130556,1105722.918422,2891481.191353,1153938.328957,10605295.1966,47595234.0,9166602.9834,40775986.0,10605295.1966,47595234.0,9166602.9834,40775986.0
2025-07-31,0.21987,0.22558,0.208,0.20966,1592509173.0991,582861058,609022708,552060924,555701484,0.009552,0.01,0.003316,0.00726,0.00716,0.009625,0.004304,0.005868,0.008661,0.009179,0.006662,0.007144,77.87,22.13,3.52,82.17,17.83,4.61,77.78,22.22,3.5,4988971.738776,422859.851801,5132719.80672,447223.92585,8925873.5244,40767294.0,8267750.7655,37442290.0,8925873.5244,40767294.0,8267750.7655,37442290.0
2025-08-01,0.20967,0.2125,0.19511,0.20085,2453445106.2995,555701484,572970831,504353859,509497982,0.00726,0.008709,0.002374,0.002433,0.005868,0.00988,-0.005425,-0.000103,0.007144,0.009685,0.002488,0.00297,75.58,24.42,3.1,76.76,23.24,3.3,76.79,23.21,3.31,7479447.895101,1112159.834406,8889565.157746,1145277.776425,9859672.5489,47272055.0,7914117.4564,37588822.0,9859672.5489,47272055.0,7914117.4564,37588822.0
2025-08-02,0.20085,0.2034,0.18932,0.19093,1632507354.0092,509497982,518109849,483369993,489646704,0.002433,0.01,0.002053,0.00637,-0.000103,0.009406,-0.00776,0.001211,0.00297,0.008964,-0.001625,0.004883,77.25,22.75,3.4,78.91,21.09,3.74,78.96,21.04,3.75,2698193.056188,541645.382322,3795987.780247,564974.732446,8350606.2756,41756853.0,8338523.563,41338213.0,8350606.2756,41756853.0,8338523.563,41338213.0
2025-08-03,0.19094,0.2004,0.18851,0.19866,991798934.9123,489646704,515687508,482303321,509290108,0.00637,0.01,0.000667,0.009413,0.001211,0.006874,-0.0047,0.006214,0.004883,0.007558,-0.000867,0.005606,75.97,24.03,3.16,78.62,21.38,3.68,78.74,21.26,3.7,169589.099179,660008.926671,180008.186159,678339.820309,11116738.1875,58510143.0,9039576.7392,47128941.0,11116738.1875,58510143.0,9039576.7392,47128941.0
2025-08-04,0.19866,0.21119,0.19837,0.21031,1376435805.6207,509290108,524387061,500837721,521307159,0.009413,0.01,-0.001741,0.001591,0.006214,0.008328,-0.001535,0.002972,0.005606,0.007129,0.000552,0.002474,75.24,24.76,3.04,76.66,23.34,3.28,76.18,23.82,3.2,786380.102351,1459030.430596,796230.295221,1542892.130797,11673506.0485,59006406.0,8222524.1724,41189686.0,11673506.0485,59006406.0,8222524.1724,41189686.0
2025-08-05,0.21031,0.21097,0.19591,0.19971,1435598229.4125,521307159,521307159,473217540,482870333,0.001591,0.01,-0.001228,-0.001166,0.002972,0.008203,-0.001245,0.00048,0.002474,0.008597,0.000786,0.001067,74.42,25.58,2.91,75.16,24.84,3.03,73.53,26.47,2.78,1936396.142925,315029.808436,2195523.548386,336108.413018,13715187.3223,65510204.0,11982872.5588,56737021.0,13715187.3223,65510204.0,11982872.5588,56737021.0
2025-08-06,0.19971,0.20709,0.19551,0.20519,1085371835.4208,482870333,493496731,469961434,484201593,-0.001166,0.01,-0.001922,0.01,0.00048,0.007674,-0.003995,0.007312,0.001067,0.008169,-0.00178,0.008024,75.04,24.96,3.01,77.64,22.36,3.47,75.24,24.76,3.04,356924.491589,729606.905065,387040.887758,771232.788745,9872215.4379,49638339.0,10889866.6242,54300621.0,9872215.4379,49638339.0,10889866.6242,54300621.0
2025-08-07,0.20518,0.22294,0.20323,0.22216,1485200756.2173,484201593,536699852,477380659,531846722,0.01,0.01,0.004685,0.004685,0.007312,0.009108,0.004456,0.007,0.008024,0.009353,0.007138,0.007421,73.28,26.72,2.74,74.59,25.41,2.94,74.68,25.32,2.95,494105.894253,2259340.000134,505601.528988,2501577.640818,14658416.2579,71768867.0,10257250.0503,49810564.0,14658416.2579,71768867.0,10257250.0503,49810564.0
2025-08-08,0.22217,0.23245,0.21945,0.23032,1913648841.3515,531846722,562968421,518834147,562968421,0.004685,0.01,0.003675,0.005192,0.007,0.009425,0.003719,0.007804,0.007421,0.01,0.006647,0.007985,74.18,25.82,2.87,76.37,23.63,3.23,75.31,24.69,3.05,708155.951677,1660468.325422,715936.660296,1780035.945037,12300355.8653,55625607.0,12838587.6612,57558583.0,12300355.8653,55625607.0,12838587.6612,57558583.0
2025-08-09,0.23033,0.24673,0.22962,0.23989,2124597672.7872,563114895,629167504,562395604,603968805,0.005192,0.01,0.002061,0.009777,0.007804,0.014171,0.003404,0.010354,0.007985,0.011902,0.004954,0.010205,70.68,29.32,2.41,74.44,25.56,2.91,77.34,22.66,3.41,1236267.214767,2383612.080461,1310615.48911,2580652.940297,11296897.7204,49251687.0,9669521.4475,41815721.0,11296897.7204,49251687.0,9669521.4475,41815721.0
2025-08-10,0.2399,0.24346,0.22937,0.23377,1693995264.1882,600259102,610909690,577021356,592424049,0.009777,0.01,0.009777,0.01,0.010354,0.011754,0.008692,0.009074,0.010205,0.010818,0.009469,0.00955,72.44,27.56,2.63,76.85,23.15,3.32,77.12,22.88,3.37,1577850.176762,350392.06492,1918658.439769,365090.052784,14717722.3578,61612947.0,11291958.7289,46849313.0,14717722.3578,61612947.0,11291958.7289,46849313.0
2025-08-11,0.23378,0.24168,0.22111,0.22198,2370698659.7921,591261181,611553055,546190534,551217294,0.01,0.01,0.005776,0.01,0.009074,0.010346,0.008776,0.009206,0.00955,0.009914,0.008393,0.009459,75.05,24.95,3.01,80.68,19.32,4.18,80.31,19.69,4.08,2718663.639819,721152.460017,3243919.374926,764953.460919,13150446.6499,56466093.0,11801225.3331,50264295.0,13150446.6499,56466093.0,11801225.3331,50264295.0
2025-08-12,0.22198,0.23829,0.21854,0.23571,1912067627.3337,551217294,586965815,536106532,575365890,0.01,0.01,0.001097,0.01,0.009206,0.010752,0.005426,0.010519,0.009459,0.009996,0.006445,0.009983,75.21,24.79,3.03,80.87,19.13,4.23,80.59,19.41,4.15,10839819.656585,1333418.808197,11100587.519342,1714943.299325,14508569.731,65642584.0,10835760.2383,48619633.0,14508569.731,65642584.0,10835760.2383,48619633.0
2025-08-13,0.23572,0.25056,0.23131,0.24478,2873021396.075,575365890,668242293,571641821,653864918,0.01,0.01,0.01,0.01,0.010519,0.015092,0.009296,0.009384,0.009983,0.013543,0.009548,0.00958,75.37,24.63,3.06,79.15,20.85,3.8,74.85,25.15,2.98,1665919.912941,1654696.939274,1812375.356198,2180647.583851,13091761.0387,55797797.0,14462847.159,61119183.0,13091761.0387,55797797.0,14462847.159,61119183.0
2025-08-14,0.24478,0.25578,0.2173,0.22368,3510875038.4256,653864918,690887590,534983567,554450690,0.01,0.01,-0.009647,-0.006509,0.009384,0.025297,0.002583,0.002583,0.00958,0.024583,0.001506,0.002315,77.28,22.72,3.4,82.18,17.82,4.61,77.62,22.38,3.47,3922967.942528,1665053.023486,6149708.932038,1716747.176549,13025946.3557,53422346.0,11400497.478,46390886.0,13025946.3557,53422346.0,11400497.478,46390886.0
2025-08-15,0.22369,0.23302,0.22004,0.22875,2265985496.8488,554450690,585604361,526135314,551015636,-0.006509,0.01,-0.009582,0.002897,0.002583,0.009237,-0.002976,0.00739,0.002315,0.009697,-0.000366,0.006852,78.9,21.1,3.74,83.95,16.05,5.23,77.42,22.58,3.43,1968142.795237,1656602.592666,2316090.691134,1674500.128259,12518416.3583,56161490.0,17371889.2442,77264879.0,12518416.3583,56161490.0,17371889.2442,77264879.0
2025-08-16,0.22874,0.23615,0.22514,0.23103,1375834639.9171,551015636,580771577,545226033,553790844,0.002897,0.01,-0.001455,-0.000512,0.00739,0.009382,0.002775,0.003896,0.006852,0.00958,0.003316,0.004416,77.72,22.28,3.49,80.85,19.15,4.22,74.11,25.89,2.86,991914.912524,875616.771437,1035450.392727,885190.783512,12104252.0293,53125175.0,10241143.551,44601494.0,12104252.0293,53125175.0,10241143.551,44601494.0
2025-08-17,0.23104,0.24248,0.2283,0.23447,1674201264.1797,553790844,599392609,546315756,566800523,-0.000512,0.01,-0.000512,0.003006,0.003896,0.010127,0.003779,0.007814,0.004416,0.009951,0.004151,0.006419,76.76,23.24,3.3,79.42,20.58,3.86,73.55,26.45,2.78,648389.27525,2204491.437735,684163.792563,2269771.569169,12650337.7681,54964769.0,11730640.9081,50601116.0,12650337.7681,54964769.0,11730640.9081,50601116.0
2025-08-18,0.23446,0.23546,0.21978,0.22253,1730795302.082,566800523,568800001,526702139,551404574,0.003006,0.006005,-0.005458,-0.001654,0.007814,0.009153,-0.001892,0.003408,0.006419,0.007645,0.000824,0.00283,77.48,22.52,3.44,81.82,18.18,4.5,72.38,27.62,2.62,2612870.92879,285249.398609,2898406.810074,293225.704041,14479483.4652,62023970.0,11853937.6504,50376191.0,14479483.4652,62023970.0,11853937.6504,50376191.0
2025-08-19,0.22253,0.22566,0.2086,0.20933,1841798589.4695,551404574,555232890,481048584,481525793,-0.001654,0.01,-0.001654,0.01,0.003408,0.010249,-0.000766,0.01,0.00283,0.009831,0.001416,0.00951,78.19,21.81,3.59,81.23,18.77,4.33,71.36,28.64,2.49,2886492.888724,397665.426595,3591212.705654,404881.654985,15204318.2204,68600604.0,12113399.1124,54189612.0,15204318.2204,68600604.0,12113399.1124,54189612.0
2025-08-20,0.20932,0.22278,0.20744,0.2216,1704479038.5907,481525793,512932207,475627304,510891645,0.01,0.01,-0.005303,0.005005,0.01,0.010216,-0.00073,0.004169,0.00951,0.009784,-0.001644,0.005567,77.62,22.38,3.47,81.28,18.72,4.34,75.52,24.48,3.09,692283.564024,2340640.773141,847201.042596,2408504.376858,13875358.2847,66560477.0,12756497.7801,60684213.0,13875358.2847,66560477.0,12756497.7801,60684213.0
2025-08-21,0.2216,0.22442,0.21376,0.21465,1272975396.6221,510891645,516559225,494030152,496851930,0.005005,0.01,0.005005,0.01,0.004169,0.009996,0.002076,0.00905,0.005567,0.009845,0.004179,0.009409,74.9,25.1,2.98,75.64,24.36,3.11,71.71,28.29,2.54,1203840.019521,484545.735219,1249092.023471,486089.844719,14884727.1948,67432229.0,11973473.0272,53834899.0,14884727.1948,67432229.0,11973473.0272,53834899.0
2025-08-22,0.21465,0.24218,0.20812,0.2405,2483086948.6541,496851930,626287128,486607846,625093273,0.01,0.01,-0.004775,0.01,0.00905,0.010636,0.00107,0.009102,0.009409,0.010003,0.004129,0.009746,77.33,22.67,3.41,80.9,19.1,4.24,76.14,23.86,3.19,1515746.399136,2330081.194494,1682284.006025,2536617.465495,11099328.0242,51946097.0,9249287.0423,42922164.0,11099328.0242,51946097.0,9249287.0423,42922164.0
2025-08-23,0.24051,0.24084,0.22895,0.23625,1562289585.4761,625093273,650184548,619553874,630784430,0.01,0.01,0.01,0.01,0.009102,0.009392,0.008604,0.008898,0.009746,0.009796,0.009362,0.009381,74.04,25.96,2.85,78.63,21.37,3.68,75.29,24.71,3.05,784589.84181,663863.571192,1075290.642286,693382.296257,11734403.4735,48967387.0,12471319.4314,51579264.0,11734403.4735,48967387.0,12471319.4314,51579264.0
2025-08-24,0.23626,0.24492,0.22737,0.23175,1937753683.0384,630784430,652378885,589493775,597180302,0.01,0.01,0.005609,0.009743,0.008898,0.011686,0.008872,0.01125,0.009381,0.009894,0.008444,0.009833,74.3,25.7,2.89,81.63,18.37,4.44,80.05,19.95,4.01,1946163.155806,1401618.8919,2193636.370323,1449590.979294,13279093.9646,56445114.0,12113176.8469,51089185.0,13279093.9646,56445114.0,12113176.8469,51089185.0
2025-08-25,0.23174,0.2345,0.20571,0.20953,2168495908.1695,597180302,606708859,503094219,512833579,0.009743,0.01,-0.009111,-0.009111,0.01125,0.011795,-0.000645,-0.000257,0.009833,0.010221,-0.001354,-0.001354,76.86,23.14,3.32,82.65,17.35,4.76,79.55,20.45,3.89,6477026.255797,352116.248609,8375960.490466,362131.746384,13694835.5397,59350381.0,12379780.5467,53207802.0,13694835.5397,59350381.0,12379780.5467,53207802.0
2025-08-26,0.20953,0.21996,0.20699,0.21833,1263340975.6318,512833579,541565821,505258124,529702643,-0.009111,0.007187,-0.010126,0.007187,-0.000257,0.008926,-0.003011,0.008926,-0.001354,0.008019,-0.003634,0.008019,79.6,20.4,3.9,82.54,17.46,4.73,74.96,25.04,2.99,780527.79941,933763.592744,803680.282412,1063862.495317,12430937.3064,59559529.0,12602207.0485,59905026.0,12430937.3064,59559529.0,12602207.0485,59905026.0
2025-08-27,0.21832,0.22382,0.216,0.21883,1356626588.0335,529702643,537520502,505167584,506288641,0.007187,0.01,0.007187,0.01,0.008926,0.011192,0.003044,0.008645,0.008019,0.010157,0.005828,0.008869,75.3,24.7,3.05,76.4,23.6,3.24,71.23,28.77,2.48,817946.775127,673283.180851,847633.182034,707367.287831,14263259.059,65600877.0,11218964.9633,51184824.0,14263259.059,65600877.0,11218964.9633,51184824.0
2025-08-28,0.21884,0.22601,0.21661,0.2243,1055690711.1099,506288641,540184829,503387498,539917097,0.01,0.01,0.01,0.01,0.008645,0.010589,-0.003586,0.010447,0.008869,0.009922,0.001891,0.009631,75.11,24.89,3.02,78.2,21.8,3.59,76.22,23.78,3.21,663099.524007,791730.337228,692095.027932,796938.252904,14634535.6491,67157113.0,10211271.6715,46485246.0,14634535.6491,67157113.0,10211271.6715,46485246.0
2025-08-29,0.2243,0.22538,0.20966,0.2138,1653465154.4578,539917097,544145331,490370221,502962062,0.01,0.01,0.001693,0.001693,0.010447,0.011163,-0.014852,0.004904,0.009631,0.009923,-0.004693,0.004841,75.16,24.84,3.03,78.59,21.41,3.67,76.91,23.09,3.33,2049327.436803,334210.740212,2275672.986838,353483.370091,13689209.532,61263072.0,11785497.5364,52344705.0,13689209.532,61263072.0,11785497.5364,52344705.0
2025-08-30,0.2138,0.21881,0.21119,0.21585,671737517.6805,502962062,525707860,500569758,517818324,0.001693,0.01,0.000824,0.01,0.004904,0.011171,0.004904,0.010071,0.004841,0.00995,0.004841,0.009597,76.96,23.04,3.34,79.35,20.65,3.84,76.21,23.79,3.2,278086.235395,178626.43193,291026.913308,179921.7046,12413171.412,58259579.0,10530454.326,49048370.0,12413171.412,58259579.0,10530454.326,49048370.0
2025-08-31,0.21586,0.2213,0.21314,0.21359,733921148.4749,517818324,530073872,510319750,512229638,0.01,0.01,0.009842,0.009987,0.010071,0.010689,0.001101,0.008434,0.009597,0.009877,0.004907,0.008669,76.24,23.76,3.21,78.74,21.26,3.7,76.16,23.84,3.2,795805.737836,305872.175491,807001.980166,320121.139898,13454714.8222,62575021.0,13358708.9985,61620186.0,13454714.8222,62575021.0,13358708.9985,61620186.0
2025-09-01,0.21358,0.21982,0.20459,0.21063,1715146274.5899,512229638,512570911,469982579,481325879,0.009987,0.01,-0.001221,0.000988,0.008434,0.009622,-0.000999,-0.000989,0.008669,0.008991,0.000521,0.000536,77.27,22.73,3.4,80.74,19.26,4.19,77.33,22.67,3.41,1954971.082196,923025.93338,2397294.327051,946361.681255,14713416.332,69186911.0,11271154.0169,52569025.0,14713416.332,69186911.0,11271154.0169,52569025.0
2025-09-02,0.21063,0.21549,0.20648,0.21481,1364052975.4193,481325879,492177719,474502689,488380345,0.000988,0.01,0.000154,0.01,-0.000989,0.009686,-0.003339,0.007517,0.000536,0.009526,-0.000728,0.008418,77.54,22.46,3.45,79.43,20.57,3.86,76.7,23.3,3.29,892080.278014,771907.831568,935896.168746,813839.43954,14347116.2872,68341358.0,12499637.5357,59104944.0,14347116.2872,68341358.0,12499637.5357,59104944.0
2025-09-03,0.2148,0.22347,0.21241,0.22022,1020855636.0193,488380345,552755924,486177896,549369285,0.01,0.01,0.01,0.01,0.007517,0.01037,0.00698,0.009761,0.008418,0.009774,0.008079,0.009452,74.81,25.19,2.97,76.32,23.68,3.22,75.9,24.1,3.15,217849.363853,1154246.893254,224429.363853,1253973.56088,14513783.6465,67827848.0,14777892.2014,68540062.0,14513783.6465,67827848.0,14777892.2014,68540062.0
2025-09-04,0.22022,0.221,0.21036,0.2123,1021647905.0719,549369285,550306175,502675065,502766973,0.01,0.01,-0.002915,0.001315,0.009761,0.010363,0.000124,0.00244,0.009452,0.009795,0.000819,0.000819,73.18,26.82,2.73,77.31,22.69,3.41,75.58,24.42,3.1,1232901.10107,107811.30777,1391836.731134,112556.39737,15482283.4417,70573141.0,11867579.8264,53685297.0,15482283.4417,70573141.0,11867579.8264,53685297.0
2025-09-05,0.21229,0.22093,0.21171,0.21778,1448278976.3248,502766973,538241478,500273414,516357013,0.001315,0.01,0.001287,0.01,0.00244,0.009689,-0.002347,0.00968,0.000819,0.009436,0.000819,0.009379,77.21,22.79,3.39,80.96,19.04,4.25,78.46,21.54,3.64,672534.470888,514526.830793,731981.701429,528468.111841,14275685.6252,67509410.0,14087910.9276,66110364.0,14275685.6252,67509410.0,14087910.9276,66110364.0
2025-09-06,0.21778,0.2188,0.21213,0.21583,610170429.7861,516357013,520518785,503296710,503799458,0.01,0.01,-0.003039,-0.000092,0.00968,0.00982,0.000066,0.000553,0.009379,0.009541,-0.001053,-0.000242,75.05,24.95,3.01,78.55,21.45,3.66,79.39,20.61,3.85,446656.989007,281773.091522,466356.019695,284150.667402,13435117.6241,61940629.0,11177594.4685,51130671.0,13435117.6241,61940629.0,11177594.4685,51130671.0
2025-09-07,0.21582,0.22918,0.21559,0.22868,1048492790.2789,503799458,587975463,503603977,587148093,-0.000092,0.01,-0.000092,0.009278,0.000553,0.009942,0.000553,0.00928,-0.000242,0.009715,-0.000242,0.008766,75.33,24.67,3.05,78.05,21.95,3.56,77.93,22.07,3.53,226498.681714,1574967.750856,235880.298144,1637576.353216,17578123.8072,81756102.0,14617833.4965,67493102.0,17578123.8072,81756102.0,14617833.4965,67493102.0
2025-09-08,0.22867,0.2441,0.2264,0.24157,2060962455.2859,587148093,701365877,585134570,694492125,0.009278,0.01,0.008133,0.01,0.00928,0.024406,0.001977,0.010952,0.008766,0.033245,0.00596,0.010173,73.23,26.77,2.74,77.27,22.73,3.4,73.95,26.05,2.84,530338.81367,1875255.408379,555579.149474,2163934.252978,13221332.8985,58050688.0,14501933.985,63171866.0,13221332.8985,58050688.0,14501933.985,63171866.0
2025-09-09,0.24156,0.24948,0.23351,0.24051,2576986809.3514,694492125,735407283,683612336,686801733,0.01,0.01,0.0036,0.004413,0.010952,0.012079,0.008255,0.008608,0.010173,0.010427,0.006875,0.007334,72.15,27.85,2.59,76.37,23.63,3.23,75.93,24.07,3.16,1655958.788844,1440689.521923,2090352.096311,1667163.59032,15804333.859,65610941.0,11146100.8662,45943225.0,15804333.859,65610941.0,11146100.8662,45943225.0
2025-09-10,0.24052,0.24862,0.23607,0.24525,1668648602.0458,686801733,714052310,677395206,693763945,0.004413,0.01,0.004095,0.006923,0.008608,0.014021,0.005695,0.011348,0.007334,0.011245,0.007296,0.009116,74.56,25.44,2.93,80.21,19.79,4.05,79.22,20.78,3.81,1070643.79454,977358.714216,1225004.19538,999343.872119,12252677.8071,51149992.0,9269652.9403,38401403.0,12252677.8071,51149992.0,9269652.9403,38401403.0
2025-09-11,0.24524,0.25691,0.24168,0.25591,2051274896.9319,693763945,742878666,687001613,737352138,0.006923,0.01,-0.00183,0.006016,0.011348,0.013347,0.005085,0.009546,0.009116,0.011471,0.002935,0.008349,73.71,26.29,2.8,79.09,20.91,3.78,79.57,20.43,3.9,848858.372153,1189024.91099,1046013.360066,1474786.762009,12051802.5394,49338433.0,12347980.8033,50158717.0,12051802.5394,49338433.0,12347980.8033,50158717.0
2025-09-12,0.25592,0.27856,0.25469,0.27545,2579063193.8154,737352138,856563253,734544415,848354719,0.006016,0.01,0.006006,0.01,0.009546,0.012559,-0.002917,0.011311,0.008349,0.010934,0.004861,0.010473,71.65,28.35,2.53,77.92,22.08,3.53,78.31,21.69,3.61,630147.01892,3596862.573302,635130.343471,4252672.751915,11139582.2168,43699197.0,11880953.7622,46234224.0,11139582.2168,43699197.0,11880953.7622,46234224.0
2025-09-13,0.27545,0.30679,0.27261,0.28933,5199599967.04,848354719,1036347773,843088105,962819156,0.01,0.01,0.01,0.01,0.011311,0.022529,0.009566,0.017432,0.010473,0.014405,0.010204,0.014137,71.13,28.87,2.46,76.49,23.51,3.25,81.7,18.3,4.46,2236910.428653,3938204.073806,3253603.003539,5212901.419913,15867444.0835,57822521.0,10905579.6182,39436854.0,15867444.0835,57822521.0,10905579.6182,39436854.0
2025-09-14,0.28932,0.29505,0.27263,0.27785,3428043191.7128,962819156,1000043964,940243066,969976517,0.01,0.01,0.01,0.01,0.017432,0.027002,0.005837,0.008878,0.014137,0.018662,0.009215,0.009551,72.25,27.75,2.6,78.52,21.48,3.66,82.37,17.63,4.67,4353196.989286,1380839.252805,5262734.269358,1447997.812365,11622987.0603,40350942.0,11046688.4843,38027710.0,11622987.0603,40350942.0,11046688.4843,38027710.0
2025-09-15,0.27784,0.282,0.25854,0.26818,3144399262.9793,969976517,986798999,893576280,913426862,0.01,0.01,-0.00012,0.000157,0.008878,0.010989,-0.00838,0.007536,0.009551,0.010281,0.000616,0.006338,73.56,26.44,2.78,80.23,19.77,4.06,83.79,16.21,5.17,3574291.520567,1267540.778885,4288689.401558,1300569.33772,13858696.7766,50086961.0,11317540.2294,40553377.0,13858696.7766,50086961.0,11317540.2294,40553377.0
2025-09-16,0.26818,0.27188,0.25653,0.26984,2510753391.5076,913426862,924339812,869880576,873102830,0.000157,0.01,-0.00304,-0.003021,0.007536,0.010699,-0.000022,0.006278,0.006338,0.010101,0.000496,0.003138,75.38,24.62,3.06,81.28,18.72,4.34,83.5,16.5,5.06,1309762.73041,983222.864594,1518780.51272,1056200.890832,10902028.6874,40811124.0,23560054.9393,87419334.0,10902028.6874,40811124.0,23560054.9393,87419334.0
2025-09-17,0.26984,0.28368,0.26005,0.28241,2986930860.9192,873102830,884110268,808091908,874102283,-0.003021,0.008017,-0.003021,0.002829,0.006278,0.010586,-0.000382,0.006409,0.003138,0.009175,0.002361,0.004389,76.4,23.6,3.24,81.04,18.96,4.27,81.3,18.7,4.35,2385209.783685,2067563.250444,2617617.397511,2334262.601094,14103498.4328,52492518.0,11823398.71,43655016.0,14103498.4328,52492518.0,11823398.71,43655016.0
2025-09-18,0.28242,0.2887,0.2754,0.27838,2743102879.2981,874102283,924900773,860025937,878079785,0.002829,0.01,0.001646,0.008947,0.006409,0.017093,-0.005668,0.01287,0.004389,0.011752,-0.001529,0.011388,75.73,24.27,3.12,79.8,20.2,3.95,81.65,18.35,4.45,1314966.605605,1352099.411303,1384871.339998,1455536.479048,13736140.8797,48864281.0,14604341.8387,51480692.0,13736140.8797,48864281.0,14604341.8387,51480692.0
2025-09-19,0.27838,0.28485,0.263,0.26513,2157461107.4217,878079785,886805591,793453935,801966186,0.008947,0.01,-0.000955,-0.000487,0.01287,0.013681,0.001016,0.006618,0.011388,0.012455,0.004958,0.00496,75.26,24.74,3.04,80.95,19.05,4.25,80.65,19.35,4.17,2308787.916759,376478.944639,3312310.978684,377394.019578,14208431.6943,51242229.0,16404705.2523,58719695.0,14208431.6943,51242229.0,16404705.2523,58719695.0
2025-09-20,0.26513,0.2693,0.26277,0.26747,1007305433.8398,801966186,818524108,793569536,796291500,-0.000487,0.005963,-0.0022,0.000941,0.006618,0.007754,-0.001677,0.006296,0.00496,0.007201,0.001198,0.005144,76.25,23.75,3.21,81.24,18.76,4.33,80.82,19.18,4.21,723396.549985,385659.333347,737992.35857,399177.154409,15192966.7661,57549461.0,12946645.0712,48667806.0,15192966.7661,57549461.0,12946645.0712,48667806.0
2025-09-21,0.26746,0.2696,0.26016,0.2606,1086500981.6373,796291500,799950810,774769470,786946737,0.000941,0.009341,0.000941,0.002943,0.006296,0.011238,0.006029,0.009089,0.005144,0.010596,0.005144,0.007789,77.07,22.93,3.36,79.98,20.02,4.0,78.09,21.91,3.56,1657115.086126,296496.065407,1744602.00063,297395.998958,14581652.7215,54757831.0,14261558.8203,53130712.0,14581652.7215,54757831.0,14261558.8203,53130712.0
2025-09-22,0.26059,0.26219,0.22775,0.24109,2905934393.3816,786946737,791331965,635624246,650443122,0.002943,0.006761,-0.005161,0.002411,0.009089,0.011236,-0.010853,0.006433,0.007789,0.009375,-0.003762,0.004979,77.18,22.82,3.38,80.47,19.53,4.12,77.2,22.8,3.39,7739542.493949,686647.801873,11931144.93648,815091.479307,24950860.0689,96129319.0,13894797.0873,53142928.0,24950860.0689,96129319.0,13894797.0873,53142928.0
2025-09-23,0.2411,0.24384,0.23401,0.23698,1779491761.3534,650443122,671642878,631856293,644976349,0.002411,0.01,-0.002213,0.008136,0.006433,0.01005,0.002891,0.009733,0.004979,0.010059,0.003396,0.009473,77.71,22.29,3.49,81.75,18.25,4.48,77.8,22.2,3.51,2099337.792214,724662.144423,2158134.218224,734147.881309,10563243.5725,44002183.0,10302800.4055,42569501.0,10563243.5725,44002183.0,10302800.4055,42569501.0
2025-09-24,0.23698,0.25053,0.23087,0.24097,2032415830.7902,644976349,700954982,616083980,654100718,0.008136,0.01,-0.002664,0.003973,0.009733,0.010348,-0.008342,0.007028,0.009473,0.010456,-0.003967,0.007222,78.16,21.84,3.58,81.36,18.64,4.37,76.36,23.64,3.23,1457361.147487,1326706.054137,1850318.130179,1431175.561883,14503434.3384,61437053.0,11556724.2612,48573129.0,14503434.3384,61437053.0,11556724.2612,48573129.0
2025-09-25,0.24097,0.24185,0.22042,0.22281,2600085350.9906,654100718,656038133,582374090,584462946,0.003973,0.007539,-0.00236,0.003868,0.007028,0.009069,0.002039,0.002138,0.007222,0.00824,0.001495,0.001902,77.56,22.44,3.46,80.48,19.52,4.12,77.24,22.76,3.39,4068478.63869,484931.076891,4819813.905148,611196.90194,13979106.0702,58251928.0,13639215.7441,56403336.0,13979106.0702,58251928.0,13639215.7441,56403336.0
2025-09-26,0.22281,0.2332,0.22123,0.23232,1645976425.8905,584462946,622468726,577808903,611112467,0.003868,0.01,0.003126,0.006588,0.002138,0.008637,-0.011212,0.006298,0.001902,0.008756,-0.003767,0.006776,79.5,20.5,3.88,83.34,16.66,5.0,78.62,21.38,3.68,619336.370904,1042739.787661,645531.9653,1090934.395529,10275208.0231,46304618.0,10535943.6858,47117359.0,10275208.0231,46304618.0,10535943.6858,47117359.0
2025-09-27,0.23232,0.2342,0.22765,0.23067,755597255.1064,611112467,616316363,592357280,592983220,0.006588,0.01,0.004767,0.007589,0.006298,0.00958,-0.000446,0.009509,0.006776,0.009171,0.003314,0.009012,78.44,21.56,3.64,80.33,19.67,4.08,77.81,22.19,3.51,735313.83791,419105.499918,740113.316017,429632.421549,11940185.3542,51578027.0,13311452.3129,57078397.0,11940185.3542,51578027.0,13311452.3129,57078397.0
2025-09-28,0.23066,0.23758,0.22487,0.23722,971615633.6776,592983220,621341638,578166185,621073901,0.007589,0.01,-0.000719,0.01,0.009509,0.009525,-0.006771,0.005274,0.009012,0.009012,-0.001323,0.007792,77.97,22.03,3.54,81.2,18.8,4.32,79.84,20.16,3.96,339630.985021,747598.852591,354647.915562,784313.324918,13331375.0426,58008190.0,11785442.9544,50928323.0,13331375.0426,58008190.0,11785442.9544,50928323.0
2025-09-29,0.23722,0.23888,0.2285,0.23469,1555457376.889,621073901,621073901,575755880,583626175,0.01,0.01,-0.004783,0.005367,0.005274,0.008909,-0.004709,0.005211,0.007792,0.009104,-0.002796,0.005724,78.19,21.81,3.59,80.84,19.16,4.22,77.63,22.37,3.47,1178510.754629,825806.190029,1222886.140841,878311.719371,13494345.3543,57069676.0,11982653.4573,50319065.0,13494345.3543,57069676.0,11982653.4573,50319065.0
2025-09-30,0.23468,0.23581,0.22623,0.23282,1280885568.3382,583626175,592921714,565217349,568721242,0.005367,0.01,-0.010982,0.01,0.005211,0.00949,-0.001433,0.009303,0.005724,0.009812,-0.003405,0.009812,78.7,21.3,3.7,82.16,17.84,4.61,79.52,20.48,3.88,1545673.38631,1003406.723954,1649952.065937,1099152.734806,17187407.9429,73549834.0,14519911.6193,61632158.0,17187407.9429,73549834.0,14519911.6193,61632158.0
2025-10-01,0.23283,0.24909,0.23023,0.24894,1572850881.3566,568721242,616613030,564542588,616613030,0.01,0.01,-0.000615,0.006667,0.009303,0.009495,-0.001468,0.008214,0.009812,0.00997,0.001877,0.007798,78.76,21.24,3.71,81.65,18.35,4.45,78.22,21.78,3.59,268297.182644,1372025.276596,270948.199935,1634285.903972,14705968.8129,63354948.0,13173087.6392,56374438.0,14705968.8129,63354948.0,13173087.6392,56374438.0
2025-10-02,0.24893,0.264,0.2466,0.26191,2133161439.1957,616613030,699446341,612574211,699446341,0.006667,0.01,0.001674,0.009988,0.008214,0.010256,0.006457,0.009677,0.007798,0.01004,0.005185,0.0096,77.78,22.22,3.5,81.22,18.78,4.33,77.85,22.15,3.52,974235.232218,2560941.034436,1029973.326374,2908945.752712,13484187.7499,54374151.0,11052932.2656,44214669.0,13484187.7499,54374151.0,11052932.2656,44214669.0
2025-10-03,0.2619,0.26529,0.2526,0.25811,2035663800.6462,699446341,715596649,685945964,700908793,0.009988,0.01,0.002474,0.01,0.009677,0.009783,0.00705,0.009187,0.0096,0.009677,0.004785,0.009352,77.27,22.73,3.4,81.69,18.31,4.46,79.81,20.19,3.95,1277218.221501,775141.407054,1403695.743817,950568.078283,12993098.8889,49820414.0,11054614.4024,42035788.0,12993098.8889,49820414.0,11054614.4024,42035788.0
2025-10-04,0.25812,0.25972,0.24662,0.2507,1308726150.6795,700908793,707202519,638663402,647961781,0.01,0.01,-0.003239,0.001263,0.009187,0.009187,-0.000172,0.004482,0.009352,0.009399,0.000315,0.00439,75.8,24.2,3.13,81.18,18.82,4.31,81.51,18.49,4.41,1785410.498599,96778.375997,2101369.70043,101085.633798,14783057.034,57521301.0,10138246.6757,39112185.0,14783057.034,57521301.0,10138246.6757,39112185.0
2025-10-05,0.2507,0.26516,0.24941,0.25268,2221189759.3517,647961781,727107848,642213912,679730674,0.001263,0.01,-0.004303,-0.002626,0.004482,0.011249,-0.001895,0.005054,0.00439,0.010471,0.00064,0.00238,76.26,23.74,3.21,81.77,18.23,4.49,83.05,16.95,4.9,2211513.758435,1062653.494882,2291654.726279,1139989.792269,13293144.9149,53231542.0,12711321.4226,50489136.0,13293144.9149,53231542.0,12711321.4226,50489136.0
2025-10-06,0.25268,0.27039,0.2504,0.26601,2394193859.4777,679730674,775922274,673660116,774845108,-0.002626,0.01,-0.005263,0.01,0.005054,0.015957,0.00374,0.009912,0.00238,0.014364,0.000757,0.010556,77.05,22.95,3.36,81.92,18.08,4.53,80.37,19.63,4.09,839251.229877,1940185.56725,875498.672892,2018439.749107,11216759.2076,44563989.0,10027287.1676,39528486.0,11216759.2076,44563989.0,10027287.1676,39528486.0
2025-10-07,0.26601,0.26833,0.24592,0.24671,2758541392.191,774845108,786952221,664246325,665483888,0.01,0.01,-0.005559,-0.003221,0.009912,0.010044,0.00272,0.003344,0.010556,0.010556,0.000515,0.001931,72.28,27.72,2.61,78.01,21.99,3.55,82.76,17.24,4.8,3871041.928926,639587.912718,4403976.686618,659284.825293,14211390.0362,53642213.0,11763315.4482,44034855.0,14211390.0362,53642213.0,11763315.4482,44034855.0
2025-10-08,0.24672,0.26107,0.2428,0.25557,2123371611.5401,665483888,716541935,652105526,703939863,-0.003221,0.01,-0.003903,0.01,0.003344,0.014163,-0.00026,0.007373,0.001931,0.010849,-0.000559,0.008921,79.43,20.57,3.86,84.59,15.41,5.49,83.14,16.86,4.93,1160713.93826,1156485.300616,1450063.375987,1780429.735647,15965554.6936,65033752.0,11606255.0133,46840129.0,15965554.6936,65033752.0,11606255.0133,46840129.0
2025-10-09,0.25557,0.25587,0.24097,0.24843,2242810426.149,703939863,704689257,619834370,644244935,0.01,0.01,-0.00879,0.009647,0.007373,0.00957,0.002349,0.00957,0.008921,0.009846,-0.000784,0.009006,74.14,25.86,2.87,78.79,21.21,3.72,82.42,17.58,4.69,5425949.755561,621151.900521,5766039.68274,629102.860592,13120597.6873,51558698.0,11233135.3929,43794156.0,13120597.6873,51558698.0,11233135.3929,43794156.0
2025-10-10,0.24843,0.25398,0.08385,0.19312,5291381857.2057,644244935,669759337,223588839,421003744,0.009647,0.068909,-0.097061,0.045253,0.00957,0.012164,-0.253091,-0.182816,0.009006,0.010764,-0.27955,-0.198513,78.22,21.78,3.59,82.71,17.29,4.78,80.93,19.07,4.24,15399271.680851,33596210.462611,26025593.975275,42286437.925427,13409850.995,54180188.0,10921775.6068,43809097.0,13409850.995,54180188.0,10921775.6068,43809097.0
2025-10-11,0.19313,0.2003,0.17807,0.18516,3599518943.9786,421003744,440225993,297486016,306753169,0.045253,0.045253,-0.026076,-0.011697,-0.182816,0.000585,-0.182816,-0.002764,-0.198513,-0.003994,-0.198513,-0.005954,70.81,29.19,2.43,76.14,23.86,3.19,61.91,38.09,1.63,7593970.520957,1988134.799434,9104431.884038,2044218.34841,1829383.9015,9553164.0,1618993.9124,8369603.0,1829383.9015,9553164.0,1618993.9124,8369603.0
2025-10-12,0.18517,0.21406,0.18059,0.20704,4374126198.188,306753169,387704421,304191439,369697800,-0.011697,-0.000446,-0.017252,-0.002835,-0.002764,0.00592,-0.020731,-0.00656,-0.005954,0.002337,-0.014283,-0.002255,72.06,27.94,2.58,74.96,25.04,2.99,71.97,28.03,2.57,1810620.831301,7445627.551679,1861374.592072,7840401.983088,7741665.9101,41958139.0,6595716.1401,35497337.0,7741665.9101,41958139.0,6595716.1401,35497337.0
2025-10-13,0.20704,0.21823,0.20181,0.2137,5993281909.3176,369697800,376883096,326429083,332594647,-0.002835,0.006983,-0.013077,0.006107,-0.00656,0.004718,-0.013094,0.004718,-0.002255,0.005984,-0.006237,0.005984,73.45,26.55,2.77,74.63,25.37,2.94,63.23,36.77,1.72,1220839.789619,2319531.482039,1366511.283675,2409567.535519,7861602.308,38135912.0,5447283.988,26202059.0,7861602.308,38135912.0,5447283.988,26202059.0
2025-10-14,0.21371,0.21553,0.19319,0.20426,5177297880.4493,332594647,342285377,299795754,302215742,0.006107,0.00986,-0.010316,0.002415,0.004718,0.005592,-0.01911,-0.001563,0.005984,0.007857,-0.008204,0.000785,72.36,27.64,2.62,75.2,24.8,3.03,67.26,32.74,2.05,2458956.80685,1512877.690963,2809703.517981,1668364.970642,18149788.0374,85431332.0,11448257.3552,53392371.0,18149788.0374,85431332.0,11448257.3552,53392371.0
2025-10-15,0.20427,0.20845,0.19404,0.19611,1884087524.8794,302215742,310558840,278021165,282195227,0.002415,0.01,-0.010599,-0.001239,-0.001563,0.00425,-0.011627,-0.011185,0.000785,0.006943,-0.004462,-0.003399,73.65,26.35,2.8,77.38,22.62,3.42,70.24,29.76,2.36,1881481.443345,388610.516879,2094734.33448,860947.97538,8579521.3677,42169500.0,7819688.5366,38142824.0,8579521.3677,42169500.0,7819688.5366,38142824.0
2025-10-16,0.19611,0.20142,0.18455,0.18838,2262987209.1788,282195227,312279405,280132165,280652996,-0.001239,0.005593,-0.011116,-0.00096,-0.011185,0.003331,-0.027758,-0.001009,-0.003399,0.004239,-0.019318,-0.001189,73.56,26.44,2.78,76.27,23.73,3.21,68.18,31.82,2.14,3717273.867895,891931.409844,4127036.318809,1011281.48486,8124910.6372,41577905.0,8125145.451,41267897.0,8124910.6372,41577905.0,8125145.451,41267897.0
2025-10-17,0.18838,0.19106,0.17538,0.18463,1972269501.2702,280652996,287272559,265009429,268709001,-0.00096,0.000441,-0.011311,-0.006348,-0.001009,0.004152,-0.022874,-0.004559,-0.001189,0.003114,-0.01252,-0.005685,74.81,25.19,2.97,77.7,22.3,3.48,70.71,29.29,2.41,2624724.589018,905152.922372,3401955.178968,1185911.711801,8998509.6249,47988111.0,10000292.3195,52903961.0,8998509.6249,47988111.0,10000292.3195,52903961.0
2025-10-18,0.18464,0.19052,0.18418,0.18951,759902625.9184,268709001,280029271,268090911,272469371,-0.006348,0.00313,-0.01761,-0.003031,-0.004559,0.002133,-0.008855,-0.003872,-0.005685,0.001923,-0.015663,-0.002765,73.92,26.08,2.83,76.85,23.15,3.32,67.72,32.28,2.1,365646.747556,371458.375224,379287.832016,492734.091904,9398936.5579,51106874.0,8566054.6598,46229983.0,9398936.5579,51106874.0,8566054.6598,46229983.0
2025-10-19,0.18951,0.19861,0.18595,0.19526,1234053293.357,272469371,328728572,269224599,320802792,-0.003031,0.00932,-0.00463,0.00932,-0.003872,0.006981,-0.020789,0.005003,-0.002765,0.0076,-0.005956,0.0076,72.95,27.05,2.7,75.33,24.67,3.05,67.21,32.79,2.05,377817.850496,1108152.965344,400221.361858,1337823.560953,9693147.1233,51365176.0,10935135.816,57528437.0,9693147.1233,51365176.0,10935135.816,57528437.0
2025-10-20,0.19526,0.20241,0.1916,0.19991,1383856129.6231,320802792,347530993,313892508,340872061,0.00932,0.01,0.00253,0.01,0.005003,0.008641,-0.016434,0.007565,0.0076,0.008789,-0.004101,0.008348,72.73,27.27,2.67,75.58,24.42,3.1,69.59,30.41,2.29,1022883.36223,1341050.932305,1157549.4281,1469319.669841,9276647.675,47744208.0,8739254.3063,44635916.0,9276647.675,47744208.0,8739254.3063,44635916.0
2025-10-21,0.19991,0.20556,0.19199,0.19418,1666377647.6234,340872061,344710418,315515603,317986690,0.01,0.01,-0.002324,0.005871,0.007565,0.008224,-0.008733,0.002626,0.008348,0.008557,-0.007121,0.004558,72.06,27.94,2.58,75.63,24.37,3.1,71.18,28.82,2.47,6030881.010221,680472.940175,6417082.603602,1069545.015862,9654577.2902,48482428.0,11256858.1549,56104614.0,9654577.2902,48482428.0,11256858.1549,56104614.0
2025-10-22,0.19417,0.19532,0.18447,0.18982,1598844128.0359,317986690,319274080,271562194,286512694,0.005871,0.01,-0.014774,0.008798,0.002626,0.008267,-0.007033,0.004337,0.004558,0.006688,-0.009139,0.003038,71.21,28.79,2.47,76.09,23.91,3.18,76.07,23.93,3.18,1094019.926959,137843.181919,1401935.397538,150040.881197,11379902.1363,58904493.0,11305366.4635,58013922.0,11379902.1363,58904493.0,11305366.4635,58013922.0
2025-10-23,0.18983,0.19736,0.18947,0.19484,960318913.8177,286512694,288746842,280400864,285621922,0.008798,0.01,-0.00104,0.01,0.004337,0.008877,-0.001573,0.007875,0.003038,0.008369,-0.001366,0.007907,74.11,25.89,2.86,77.83,22.17,3.51,75.39,24.61,3.06,533497.809215,492929.950327,544312.422157,512873.025459,8185436.9979,43289352.0,8139282.9228,42734844.0,8185436.9979,43289352.0,8139282.9228,42734844.0
2025-10-24,0.19484,0.20113,0.19396,0.19766,943289996.7491,285621922,295226033,282831634,292489887,0.01,0.01,0.002142,0.01,0.007875,0.008459,0.002156,0.00694,0.007907,0.009133,0.004704,0.007046,72.49,27.51,2.64,76.35,23.65,3.23,74.76,25.24,2.96,548674.959653,444481.011297,559231.662531,529832.570192,8569468.751,44162678.0,7533302.2639,38531902.0,8569468.751,44162678.0,7533302.2639,38531902.0
2025-10-25,0.19766,0.19983,0.19582,0.1964,587915584.3821,292489887,300974917,290280061,291191373,0.01,0.01,0.003435,0.003435,0.00694,0.009828,0.004417,0.006559,0.007046,0.009859,0.007018,0.007018,71.29,28.71,2.48,75.56,24.44,3.09,75.39,24.61,3.06,113554.831644,127065.578518,138213.548898,127650.623528,8059845.3282,40941143.0,10256468.7698,51704039.0,8059845.3282,40941143.0,10256468.7698,51704039.0
2025-10-26,0.19639,0.20745,0.19449,0.2057,971455947.4354,291191373,332012776,289848837,330611389,0.003435,0.01,-0.000072,0.01,0.006559,0.010099,0.00184,0.009594,0.007018,0.009955,-0.000668,0.009749,71.21,28.79,2.47,76.46,23.54,3.25,73.05,26.95,2.71,347489.03946,666383.439741,349772.11912,839671.911619,9030470.7219,46152282.0,8923432.8052,45285439.0,9030470.7219,46152282.0,8923432.8052,45285439.0
2025-10-27,0.2057,0.20945,0.199,0.2003,1255480979.8653,330611389,336347653,304281448,307135647,0.01,0.01,0.002701,0.009717,0.009594,0.009864,0.001029,0.004261,0.009749,0.009843,0.001366,0.005031,68.94,31.06,2.22,73.94,26.06,2.84,73.25,26.75,2.74,1584292.768709,314084.182583,1834464.903639,325986.147653,8373086.7705,40861315.0,7782689.5862,37696220.0,8373086.7705,40861315.0,7782689.5862,37696220.0
2025-10-28,0.2003,0.20301,0.19,0.19351,1386844900.201,307135647,314211987,271772164,279370075,0.009717,0.009992,-0.007124,-0.007124,0.004261,0.006322,-0.009077,-0.001619,0.005031,0.007357,-0.004302,-0.004248,70.68,29.32,2.41,75.94,24.06,3.16,75.1,24.9,3.02,1554504.761705,374445.448331,1884964.283404,408202.581385,10510440.6217,52705689.0,8855222.9317,44042342.0,10510440.6217,52705689.0,8855222.9317,44042342.0
2025-10-29,0.19352,0.19721,0.18703,0.19228,1415402832.6393,279370075,316446314,276930329,293403033,-0.007124,0.007633,-0.012842,0.007491,-0.001619,0.003705,-0.011803,0.003635,-0.004248,0.003191,-0.010726,0.003191,72.82,27.18,2.68,76.68,23.32,3.29,74.34,25.66,2.9,1158598.255391,529076.084488,1495389.34864,556486.585764,8925045.4624,46296525.0,9979067.214,51384534.0,8925045.4624,46296525.0,9979067.214,51384534.0
2025-10-30,0.19228,0.19452,0.17631,0.18256,1530015064.8485,293403033,296851563,280712215,282499114,0.007491,0.008256,-0.016672,-0.014673,0.003635,0.007907,-0.018461,-0.010327,0.003191,0.00762,-0.013142,-0.011931,71.42,28.58,2.5,74.69,25.31,2.95,67.97,32.03,2.12,2772019.134364,261488.760775,4008928.793633,341424.72105,7474949.728,39040003.0,8307207.0404,43043099.0,7474949.728,39040003.0,8307207.0404,43043099.0
2025-10-31,0.18257,0.18801,0.18215,0.18635,798099762.0046,282499114,285690162,271540343,271693972,-0.014673,0.008533,-0.014673,0.006007,-0.010327,0.005194,-0.010327,0.002936,-0.011931,0.007127,-0.012514,0.003954,73.67,26.33,2.8,75.56,24.44,3.09,68.95,31.05,2.22,431764.88514,373540.121634,449693.331355,392520.401975,8207998.5509,45147163.0,7833595.3775,42729049.0,8207998.5509,45147163.0,7833595.3775,42729049.0
2025-11-01,0.18635,0.18831,0.185,0.18726,355003271.5449,271693972,277727220,270554122,275376137,0.006007,0.01,0.004993,0.005004,0.002936,0.009437,0.001669,0.007571,0.003954,0.009269,0.003373,0.007849,73.08,26.92,2.72,75.04,24.96,3.01,70.07,29.93,2.34,165164.785041,81608.56548,165936.480301,81658.28602,7928091.5254,42702783.0,8716299.7788,46583373.0,7928091.5254,42702783.0,8716299.7788,46583373.0
2025-11-02,0.18727,0.18877,0.18157,0.18629,551984176.7551,275376137,288876705,272263642,288206514,0.005004,0.008217,0.000412,0.008217,0.007571,0.007728,-0.003459,0.002541,0.007849,0.008765,0.001646,0.002368,72.74,27.26,2.67,75.19,24.81,3.03,71.06,28.94,2.46,527943.580741,116868.748264,592425.304727,118669.7921,7440484.4512,39898925.0,8504060.6389,45230398.0,7440484.4512,39898925.0,8504060.6389,45230398.0
2025-11-03,0.18629,0.18659,0.15942,0.1673,1925956047.0651,288206514,288440662,244196022,250746106,0.008217,0.00882,-0.016092,0.003023,0.002541,0.005665,-0.014449,-0.004813,0.002368,0.005427,-0.025176,-0.001296,72.38,27.62,2.62,74.77,25.23,2.96,70.34,29.66,2.37,5522274.748084,611674.883986,6408638.447232,623261.601426,6958009.2014,37487018.0,7647590.7068,40877310.0,6958009.2014,37487018.0,7647590.7068,40877310.0
2025-11-04,0.16731,0.17103,0.15146,0.16217,2378256248.0119,250746106,272854273,233075055,261098293,0.003023,0.01,-0.003167,0.009983,-0.004813,0.007295,-0.006678,0.005526,-0.001296,0.007198,-0.002949,0.006377,71.29,28.71,2.48,74.19,25.81,2.87,69.91,30.09,2.32,5240025.028598,938298.517626,6283505.30715,1583384.091509,6469187.5869,38820775.0,7484877.2429,44557760.0,6469187.5869,38820775.0,7484877.2429,44557760.0
2025-11-05,0.16216,0.16878,0.15443,0.16709,1070667309.6833,261098293,265085001,245167726,257256625,0.009983,0.01,-0.016962,-0.003085,0.005526,0.006447,-0.020852,-0.005074,0.006377,0.007433,-0.014849,-0.003822,68.67,31.33,2.19,72.18,27.82,2.6,70.96,29.04,2.44,664749.271107,775742.116554,696319.204666,815826.850794,5923849.7656,36692687.0,5903541.9816,36249111.0,5923849.7656,36692687.0,5903541.9816,36249111.0
2025-11-06,0.1671,0.16773,0.15691,0.16155,832734892.5758,257256625,257256625,239064524,241713443,-0.003085,0.006872,-0.003353,0.002682,-0.005074,0.005986,-0.013463,0.005378,-0.003822,0.007159,-0.003822,0.003757,71.6,28.4,2.52,74.26,25.74,2.89,70.85,29.15,2.43,1559456.249976,202563.946243,1746260.863267,209496.154583,6732938.1002,40453462.0,7259858.5625,43272433.0,6732938.1002,40453462.0,7259858.5625,43272433.0
2025-11-07,0.16155,0.18159,0.15953,0.17873,1224146299.0974,241713443,276251478,241584654,274149897,0.002682,0.01,0.002593,0.01,0.005378,0.009893,0.002128,0.009339,0.003757,0.010426,0.002606,0.009068,71.22,28.78,2.48,74.57,25.43,2.93,74.24,25.76,2.88,797332.819904,1444387.891922,911693.717959,1993195.616519,6804529.4259,42308456.0,7216941.6519,44535556.0,6804529.4259,42308456.0,7216941.6519,44535556.0
2025-11-08,0.17872,0.18329,0.17287,0.17597,932915663.4581,274149897,294679714,273439209,277421323,0.01,0.01,-0.000745,-0.000745,0.009339,0.009377,-0.00185,0.002314,0.009068,0.009915,-0.002839,-0.000004,68.63,31.37,2.19,71.52,28.48,2.51,74.01,25.99,2.85,808369.929215,404833.063549,879689.904298,417188.438843,8510671.6946,47796049.0,7064384.7401,39373370.0,8510671.6946,47796049.0,7064384.7401,39373370.0
2025-11-09,0.17596,0.18152,0.17112,0.17922,786362499.0974,277421323,282861780,268259498,278912512,-0.000745,0.00861,-0.001907,0.007881,0.002314,0.00806,-0.003677,0.007321,-0.000004,0.007302,-0.001412,0.00626,70.63,29.37,2.41,75.05,24.95,3.01,77.2,22.8,3.39,550123.564997,1254596.014154,620982.869842,1285113.86951,7164258.0666,40876688.0,8117758.5539,45937145.0,7164258.0666,40876688.0,8117758.5539,45937145.0
2025-11-10,0.17922,0.18569,0.17711,0.1817,975525542.1519,278912512,293421198,270624847,270624847,0.007881,0.009219,-0.002743,0.00181,0.007321,0.008321,0.003543,0.005315,0.00626,0.007288,-0.001168,-0.000209,71.08,28.92,2.46,74.55,25.45,2.93,76.42,23.58,3.24,754772.652765,676930.711272,816887.257336,1098026.638705,7217846.5842,40455017.0,5643807.8333,31370816.0,7217846.5842,40455017.0,5643807.8333,31370816.0
2025-11-11,0.18171,0.18636,0.17146,0.17197,1059342410.9618,270624847,284075879,267256284,269172828,0.00181,0.009741,-0.007028,0.001641,0.005315,0.008054,-0.00335,0.000228,-0.000209,0.008281,-0.006019,-0.000881,70.51,29.49,2.39,74.5,25.5,2.92,77.93,22.07,3.53,2604758.583009,349140.988157,2697217.129682,354991.959987,6861984.5094,37914145.0,8184262.9329,44878280.0,6861984.5094,37914145.0,8184262.9329,44878280.0
2025-11-12,0.17198,0.17848,0.1671,0.17008,965645800.7183,269172828,274345248,253030546,256237623,0.001641,0.005962,-0.005775,-0.003923,0.000228,0.004632,-0.011717,-0.002541,-0.000881,0.004973,-0.006623,-0.006512,71.21,28.79,2.47,75.44,24.56,3.07,75.26,24.74,3.04,1380866.421053,547373.44024,1545736.167164,598108.059435,8016789.6459,46829629.0,7719842.2991,44711967.0,8016789.6459,46829629.0,7719842.2991,44711967.0
2025-11-13,0.17007,0.17764,0.15981,0.16374,1233273806.5862,256237623,287229997,256044618,268666846,-0.003923,0.01,-0.014356,-0.012823,-0.002541,0.00851,-0.012508,-0.008196,-0.006512,0.008197,-0.011428,-0.009537,70.73,29.27,2.42,73.94,26.06,2.84,74.67,25.33,2.95,2801362.333476,920011.330721,3364073.084951,986942.624549,7219530.8855,42620717.0,7809225.8759,45730357.0,7219530.8855,42620717.0,7809225.8759,45730357.0
2025-11-14,0.16373,0.16618,0.15458,0.15756,1365795101.7327,268666846,290015365,257420533,268267285,-0.012823,0.009254,-0.012912,-0.002643,-0.008196,0.006784,-0.013945,-0.002176,-0.009537,0.005865,-0.012049,-0.00004,72.95,27.05,2.7,75.87,24.13,3.14,74.65,25.35,2.95,1560296.183088,613619.16555,2145497.268226,679660.555201,7245445.2042,44418168.0,6872837.7756,41825084.0,7245445.2042,44418168.0,6872837.7756,41825084.0
2025-11-15,0.15756,0.16476,0.15709,0.16309,526403486.9136,268267285,286874348,268267285,284279018,-0.002643,0.01,-0.002643,0.01,-0.002176,0.008943,-0.004853,0.006195,-0.00004,0.009176,-0.004465,0.008115,72.89,27.11,2.69,75.73,24.27,3.12,77.11,22.89,3.37,371211.144551,466926.495265,387449.625345,485528.574112,7749579.6948,49372350.0,8781536.5703,55502461.0,7749579.6948,49372350.0,8781536.5703,55502461.0
2025-11-16,0.16309,0.16559,0.15345,0.15851,912072920.6809,284279018,287565334,259412916,263208837,0.01,0.01,-0.0082,-0.001571,0.006195,0.008867,-0.00477,-0.002127,0.008115,0.008542,-0.00616,-0.002281,71.32,28.68,2.49,74.09,25.91,2.86,76.1,23.9,3.18,1078774.030321,446985.440282,1216880.402859,451771.330899,6877023.104,42322975.0,9131781.4376,55764130.0,6877023.104,42322975.0,9131781.4376,55764130.0
2025-11-17,0.1585,0.16506,0.15054,0.15205,1309311009.4148,263208837,296122214,262151410,271757510,-0.001571,0.01,-0.016001,-0.010451,-0.002127,0.006001,-0.010513,-0.008318,-0.002281,0.007713,-0.010918,-0.008224,72.0,28.0,2.57,74.34,25.66,2.9,76.7,23.3,3.29,1254448.267373,414279.89797,1583651.203496,442656.424585,6261553.6138,39673639.0,6689669.6187,42046209.0,6261553.6138,39673639.0,6689669.6187,42046209.0
2025-11-18,0.15206,0.1629,0.14928,0.16168,1118481421.8496,271757510,278235484,261419537,276025929,-0.010451,0.01,-0.012267,0.01,-0.008318,0.009654,-0.012016,0.007753,-0.008224,0.009808,-0.010955,0.008759,73.39,26.61,2.76,75.72,24.28,3.12,75.88,24.12,3.15,845074.006854,620711.962544,1024414.587883,693356.496245,7256863.3216,47905175.0,8521525.0461,55792955.0,7256863.3216,47905175.0,8521525.0461,55792955.0
2025-11-19,0.16168,0.16247,0.14705,0.15453,1193313303.5054,276025929,285551875,262375525,271336982,0.01,0.01,-0.011319,-0.004309,0.007753,0.007753,-0.00738,-0.003353,0.008759,0.008759,-0.007597,-0.002879,70.06,29.94,2.34,72.56,27.44,2.64,75.93,24.07,3.16,3642496.85099,168970.202991,4074317.289459,226217.570065,7351845.3541,45648025.0,8257440.7028,50847221.0,7351845.3541,45648025.0,8257440.7028,50847221.0
2025-11-20,0.15453,0.15974,0.14607,0.14886,1296607576.7666,271336982,286991503,247399060,253677465,-0.004309,0.01,-0.014432,-0.007973,-0.003353,0.008978,-0.006828,-0.000815,-0.002879,0.009346,-0.006926,-0.003288,73.28,26.72,2.74,76.14,23.86,3.19,76.95,23.05,3.34,2224221.180882,392563.481138,2684264.798339,413291.134549,6689207.3693,43458435.0,6907191.545,44495173.0,6689207.3693,43458435.0,6907191.545,44495173.0
2025-11-21,0.14887,0.15102,0.13316,0.14022,1955245557.1489,253677465,254200545,188225109,197127246,-0.007973,0.006804,-0.014224,0.002808,-0.000815,0.004673,-0.016559,0.000165,-0.003288,0.005956,-0.01082,0.001589,73.2,26.8,2.73,76.06,23.94,3.18,72.46,27.54,2.63,4761290.513918,1412686.339819,5504752.177812,1546258.661077,7323757.402,49418905.0,6861299.9894,45908957.0,7323757.402,49418905.0,6861299.9894,45908957.0
2025-11-22,0.14023,0.14238,0.13538,0.14019,923642731.7686,197127246,204959180,190510045,190510045,0.002808,0.008919,-0.007451,0.004644,0.000165,0.005642,-0.012889,0.002127,0.001589,0.00614,-0.004439,0.002803,71.23,28.77,2.48,75.03,24.97,3.01,69.86,30.14,2.32,515399.054427,817862.372112,538934.054985,929493.370395,6653052.4547,47654018.0,8433266.4082,59853171.0,6653052.4547,47654018.0,8433266.4082,59853171.0
2025-11-23,0.1402,0.1477,0.13959,0.14494,667117440.8763,190510045,211804618,190372443,206496037,0.004644,0.006485,-0.011323,-0.003042,0.002127,0.005589,-0.008307,-0.0009,0.002803,0.004745,-0.007422,-0.001349,71.64,28.36,2.53,74.45,25.55,2.91,66.93,33.07,2.02,334930.342527,448758.516644,340160.016623,513769.617766,6307352.3221,45191004.0,6689603.3707,47530947.0,6307352.3221,45191004.0,6689603.3707,47530947.0
2025-11-24,0.14495,0.15392,0.14268,0.15173,991338473.0134,206496037,227551444,203971769,226228233,-0.003042,0.009863,-0.003042,0.009269,-0.0009,0.009115,-0.001542,0.006425,-0.001349,0.008607,-0.001349,0.008105,71.64,28.36,2.53,74.21,25.79,2.88,67.18,32.82,2.05,725933.228624,1213367.985145,757167.919336,1319788.599434,7527904.5862,52164302.0,5350112.3616,36773472.0,7527904.5862,52164302.0,5350112.3616,36773472.0
2025-11-25,0.15174,0.15497,0.14576,0.15295,756358104.1937,226228233,229596883,216670886,221682740,0.009269,0.01,-0.006731,0.009284,0.006425,0.008342,0.001134,0.007119,0.008105,0.008716,-0.002582,0.007442,70.97,29.03,2.45,74.49,25.51,2.92,69.23,30.77,2.25,1983619.631768,355249.982613,2156613.115955,386516.252609,6663295.6648,44099593.0,7295195.1375,47892719.0,6663295.6648,44099593.0,7295195.1375,47892719.0
2025-11-26,0.15295,0.15673,0.14856,0.15467,772207290.2556,221682740,224232279,205579988,223636875,0.009284,0.01,-0.005197,0.01,0.007119,0.008739,-0.004045,0.007907,0.007442,0.009264,-0.001461,0.009001,71.76,28.24,2.54,75.65,24.35,3.11,68.24,31.76,2.15,416137.643122,720230.530604,440844.045576,744308.099364,7022433.8418,46060851.0,6676446.0614,43448486.0,7022433.8418,46060851.0,6676446.0614,43448486.0
2025-11-27,0.15466,0.15554,0.15212,0.15256,459680448.1603,223636875,224411379,212249803,218511589,0.01,0.01,-0.005562,-0.000977,0.007907,0.008734,-0.00612,0.003172,0.009001,0.009328,-0.00154,0.001602,71.42,28.58,2.5,75.42,24.58,3.07,65.73,34.27,1.92,376958.425688,107359.043201,385476.774384,108700.547601,6845220.4703,44453135.0,7650573.8607,49279415.0,6845220.4703,44453135.0,7650573.8607,49279415.0
2025-11-28,0.15257,0.15548,0.14815,0.15011,764280578.6265,218511589,222946876,206725800,206740997,-0.000977,0.001091,-0.004806,-0.001583,0.003172,0.004847,-0.006827,0.001166,0.001602,0.002029,-0.002422,-0.000453,73.18,26.82,2.73,76.83,23.17,3.32,64.63,35.37,1.83,800741.409843,165334.158705,863576.624735,176379.680314,7711265.3233,50751525.0,7897066.6469,51562403.0,7711265.3233,50751525.0,7897066.6469,51562403.0
2025-11-29,0.1501,0.15089,0.14715,0.14829,358614838.2199,206740997,207908181,202026291,204404340,-0.001583,0.007279,-0.001583,0.006812,0.001166,0.005195,-0.00237,0.005115,-0.000453,0.006064,-0.002132,0.005968,71.38,28.62,2.49,74.82,25.18,2.97,63.08,36.92,1.71,284946.878859,11282.31188,294212.765979,11282.31188,7008435.3247,46884012.0,7255934.7085,48143019.0,7008435.3247,46884012.0,7255934.7085,48143019.0
2025-11-30,0.1483,0.15054,0.14577,0.1459,425407068.707,204404340,206598072,198311893,198386644,0.006812,0.007202,-0.004318,-0.004318,0.005115,0.007635,-0.003709,-0.00273,0.005968,0.006724,-0.00285,-0.002737,70.27,29.73,2.36,73.39,26.61,2.76,65.15,34.85,1.87,381969.298522,119907.172157,425103.302625,127813.329407,7638716.9816,51725417.0,8250604.0479,55411193.0,7638716.9816,51725417.0,8250604.0479,55411193.0
2025-12-01,0.1459,0.14629,0.13165,0.13536,997939172.6002,198386644,201200875,182583555,200310109,-0.004318,-0.00353,-0.016448,-0.011909,-0.00273,0.003045,-0.017214,-0.004544,-0.002737,-0.00026,-0.010742,-0.007233,71.16,28.84,2.47,74.14,25.86,2.87,62.53,37.47,1.67,3611575.144637,762698.895639,4244732.14154,770010.243351,7989744.5916,54984957.0,7456132.2433,50897268.0,7989744.5916,54984957.0,7456132.2433,50897268.0
2025-12-02,0.13536,0.14781,0.13436,0.1457,778674276.7594,200310109,217168380,197236351,207538281,-0.011909,0.01,-0.012202,0.00997,-0.004544,0.006763,-0.010203,0.006727,-0.007233,0.00835,-0.00873,0.00766,69.62,30.38,2.29,72.29,27.71,2.61,62.07,37.93,1.64,232506.367104,926594.234055,244416.133044,1086711.174284,7173586.5685,53214134.0,7897431.2633,58096224.0,7173586.5685,53214134.0,7897431.2633,58096224.0
2025-12-03,0.14569,0.15337,0.14513,0.15159,718568583.047,207538281,219771749,205287978,215033811,0.00997,0.01,0.004131,0.007151,0.006727,0.008331,-0.005363,0.007181,0.00766,0.008534,0.001854,0.007107,68.07,31.93,2.13,70.43,29.57,2.38,64.82,35.18,1.84,201965.984042,698262.140509,215094.527316,755879.287158,8743433.2555,60271481.0,7112961.911,48631449.0,8743433.2555,60271481.0,7112961.911,48631449.0
2025-12-04,0.1516,0.15313,0.14551,0.14734,588172435.0113,215033811,221950358,212361139,213567521,0.007151,0.01,0.005959,0.009105,0.007181,0.008123,-0.004914,0.005877,0.007107,0.008421,0.003081,0.006512,71.08,28.92,2.46,75.4,24.6,3.07,64.3,35.7,1.8,662358.083911,399886.886636,692814.954022,410784.3294,7780136.8842,51498274.0,7993855.15,52500286.0,7780136.8842,51498274.0,7993855.15,52500286.0
2025-12-05,0.14735,0.1483,0.13712,0.13947,647368683.3071,213567521,216793371,196285170,197281434,0.009105,0.009205,-0.010722,-0.010042,0.005877,0.007968,-0.006473,-0.003877,0.006512,0.007905,-0.006832,-0.005838,69.9,30.1,2.32,75.32,24.68,3.05,69.7,30.3,2.3,1527021.992514,118661.747741,1703829.115811,119438.013005,6962112.0566,47434173.0,7858432.2805,53125539.0,6962112.0566,47434173.0,7858432.2805,53125539.0
2025-12-06,0.13948,0.14068,0.13827,0.1397,286649747.2077,197281434,203417939,196527223,199903516,-0.010042,0.005282,-0.013414,0.005282,-0.003877,0.004307,-0.010267,0.004307,-0.005838,0.005218,-0.009158,0.005218,70.58,29.42,2.4,75.0,25.0,3.0,68.3,31.7,2.16,149543.1947,119857.699552,155444.978713,125984.428952,7235301.9152,52071313.0,7870763.7887,56214525.0,7235301.9152,52071313.0,7870763.7887,56214525.0
2025-12-07,0.13969,0.14282,0.13478,0.13862,565945621.3612,199903516,203386656,188952073,191581670,0.005282,0.005516,-0.005818,-0.00148,0.004307,0.006393,-0.005278,0.000347,0.005218,0.005977,-0.003357,0.000486,70.47,29.53,2.39,74.0,26.0,2.85,66.67,33.33,2.0,1110660.095996,216489.636398,1273596.362414,236402.456464,8610218.1857,61856932.0,6885274.9264,49092039.0,8610218.1857,61856932.0,6885274.9264,49092039.0
2025-12-08,0.13861,0.14499,0.1379,0.14253,577779162.8713,191581670,203634973,191234766,196973898,-0.00148,0.01,-0.003659,0.01,0.000347,0.009884,0.000347,0.008647,0.000486,0.009867,-0.000361,0.008409,70.71,29.29,2.41,73.94,26.06,2.84,65.81,34.19,1.93,146360.725194,252128.301971,149206.12775,281144.393574,6484018.9058,46940558.0,5969118.2477,42910171.0,6484018.9058,46940558.0,5969118.2477,42910171.0
2025-12-09,0.14254,0.15313,0.13935,0.1479,797536797.8442,196973898,234698077,194102621,225166076,0.01,0.01,0.003404,0.01,0.008647,0.011986,-0.006583,0.008229,0.008409,0.00995,0.000819,0.008881,69.11,30.89,2.24,72.83,27.17,2.68,68.31,31.69,2.16,383971.190158,593586.847507,491680.484298,818847.166727,6705334.9488,47231557.0,7088179.3121,49533768.0,6705334.9488,47231557.0,7088179.3121,49533768.0
2025-12-10,0.14789,0.15029,0.14223,0.14324,742329747.6817,225166076,229558429,211412820,215654789,0.01,0.01,-0.006027,0.00439,0.008229,0.009281,-0.001664,0.005936,0.008881,0.009411,-0.002548,0.005296,67.34,32.66,2.06,71.35,28.65,2.49,67.27,32.73,2.06,671177.348895,715917.906388,836103.574076,720133.748325,6678011.7881,45324027.0,6994803.7747,47094301.0,6678011.7881,45324027.0,6994803.7747,47094301.0
2025-12-11,0.14324,0.14352,0.13615,0.14028,678833739.7046,215654789,219730450,203504238,213359090,0.00439,0.00585,-0.012942,0.005849,0.005936,0.005936,-0.009989,0.003519,0.005296,0.005579,-0.007542,0.005579,73.26,26.74,2.74,77.76,22.24,3.5,68.29,31.71,2.15,1982152.707657,333904.954423,2168380.417683,336789.628373,9170701.0209,64369202.0,8522438.6435,59274118.0,9170701.0209,64369202.0,8522438.6435,59274118.0
2025-12-12,0.14027,0.14147,0.13416,0.13684,527914176.2046,213359090,214055493,193298014,205432515,0.005849,0.008783,-0.015991,-0.008151,0.003519,0.006826,-0.009248,-0.002761,0.005579,0.007754,-0.009646,-0.00434,69.77,30.23,2.31,71.37,28.63,2.49,65.9,34.1,1.93,619532.185505,75303.333235,732762.253657,85143.457217,9310374.4682,66643594.0,8669005.4407,61562913.0,9310374.4682,66643594.0,8669005.4407,61562913.0
2025-12-13,0.13684,0.13997,0.13682,0.13897,255370726.5475,205432515,205873399,196125877,196141345,-0.008151,0.01,-0.008151,0.01,-0.002761,0.008814,-0.004271,0.005144,-0.00434,0.008737,-0.004705,0.006458,70.78,29.22,2.42,72.48,27.52,2.63,64.33,35.67,1.8,88013.624266,210354.923211,96186.346766,211569.561461,8720725.7612,63950514.0,8488167.4128,61768969.0,8720725.7612,63950514.0,8488167.4128,61768969.0
2025-12-14,0.13898,0.13919,0.1325,0.134,384699528.5268,196141345,207784996,192852720,206810004,0.01,0.01,-0.013114,-0.008026,0.005144,0.00745,-0.002714,-0.001318,0.006458,0.006651,-0.006267,-0.003841,68.98,31.02,2.22,70.97,29.03,2.45,67.15,32.85,2.04,611867.474844,10403.50176,665777.645554,10403.50176,7809866.1799,56405724.0,8814293.8568,63153785.0,7809866.1799,56405724.0,8814293.8568,63153785.0
2025-12-15,0.13399,0.13839,0.12654,0.12968,753825255.864,206810004,209260756,190839562,203500528,-0.008026,0.006802,-0.015368,-0.012442,-0.001318,0.003206,-0.013206,-0.009304,-0.003841,0.006482,-0.010238,-0.008805,70.04,29.96,2.34,71.29,28.71,2.48,65.03,34.97,1.86,3027012.512111,146565.828296,4027619.344777,148834.728436,7773665.2061,58244183.0,6799015.1726,50563324.0,7773665.2061,58244183.0,6799015.1726,50563324.0
2025-12-16,0.12967,0.133,0.12713,0.13171,532016367.9197,203500528,204384482,188705719,188877161,-0.012442,0.007672,-0.013118,0.003833,-0.009304,0.006826,-0.009385,0.005019,-0.008805,0.006662,-0.009535,0.00457,70.59,29.41,2.4,72.28,27.72,2.61,63.6,36.4,1.75,590867.882646,275982.985625,612191.574894,315602.299516,7425913.9621,57493639.0,8128604.1007,62465818.0,7425913.9621,57493639.0,8128604.1007,62465818.0
2025-12-17,0.13171,0.13628,0.12469,0.12626,757517083.3684,188877161,197721893,176149346,177223041,0.003833,0.008287,-0.006376,-0.002496,0.005019,0.008768,-0.003928,0.002035,0.00457,0.007922,-0.003967,-0.000202,68.55,31.45,2.18,69.96,30.04,2.33,67.45,32.55,2.07,1237401.83738,374178.927473,1589910.142845,413481.424814,8201194.0349,62501810.0,8668548.5852,65561681.0,8201194.0349,62501810.0,8668548.5852,65561681.0
2025-12-18,0.12627,0.13068,0.11985,0.12203,886286877.2082,177223041,190444651,175955181,175955181,-0.002496,0.01,-0.007014,-0.003279,0.002035,0.009211,-0.004828,-0.000284,-0.000202,0.009191,-0.004295,-0.000648,68.78,31.22,2.2,70.55,29.45,2.4,69.14,30.86,2.24,804402.133793,335698.241208,1305295.396634,348830.207229,8353823.5711,66453546.0,5965919.6313,47069170.0,8353823.5711,66453546.0,5965919.6313,47069170.0
2025-12-19,0.12203,0.13349,0.12049,0.13215,699355601.1878,175955181,193291991,175539395,186543914,-0.003279,0.01,-0.003279,0.008994,-0.000284,0.010065,-0.000284,0.009508,-0.000648,0.010062,-0.000648,0.009391,67.73,32.27,2.1,69.62,30.38,2.29,68.13,31.87,2.14,261230.669528,724924.793951,261345.534488,779910.958628,8366040.2706,68831609.0,7328201.8869,59812929.0,8366040.2706,68831609.0,7328201.8869,59812929.0
2025-12-20,0.13216,0.13252,0.13061,0.13188,241771029.7832,186993442,190608401,184855789,188598511,0.008988,0.009911,0.001276,0.007109,0.009204,0.00929,0.002555,0.007744,0.00917,0.009352,0.002919,0.007651,64.78,35.22,1.84,66.83,33.17,2.02,65.83,34.17,1.93,42995.370384,29449.19574,43940.931999,36519.531405,7472720.382,56812447.0,7077096.078,53351586.0,7472720.382,56812447.0,7077096.078,53351586.0
2025-12-21,0.13188,0.1334,0.12864,0.13105,351612451.4879,188598511,188598511,188598511,188598511,0.007109,0.007109,-0.002141,-0.00124,0.007744,0.008184,-0.005222,0.002051,0.007651,0.007827,-0.000314,0.001537,65.08,34.92,1.86,68.64,31.36,2.19,66.03,33.97,1.94,209071.716318,162368.906765,257408.249238,168478.540534,8704108.0412,66300535.0,7621442.6619,57561551.0,8704108.0412,66300535.0,7621442.6619,57561551.0
2025-12-22,0.13106,0.13534,0.12937,0.13249,554722281.7697,189401617,196050847,184973548,186672112,-0.00124,0.01,-0.001588,-0.001588,0.002051,0.008984,-0.000514,0.004525,0.001537,0.009132,0.001237,0.001237,68.24,31.76,2.15,72.29,27.71,2.61,66.12,33.88,1.95,361062.958141,246506.778525,367946.109788,267933.750716,6470828.4788,49575637.0,5690560.2055,43260377.0,6470828.4788,49575637.0,5690560.2055,43260377.0
2025-12-23,0.1325,0.13363,0.12782,0.12923,467395012.0302,186672112,192915191,185440978,191405779,-0.001588,0.008229,-0.004985,0.004177,0.004525,0.009171,-0.007766,0.002946,0.001237,0.008807,-0.000697,0.004512,67.83,32.17,2.11,70.45,29.55,2.38,64.14,35.86,1.79,416580.465906,48622.63665,514026.015375,49547.39137,7863608.4262,59630792.0,7604711.4514,57204354.0,7863608.4262,59630792.0,7604711.4514,57204354.0
2025-12-24,0.12922,0.1303,0.12643,0.12821,300920050.27634,191405779,195161695,188548917,192176754.7958,,,,,0.005431,0.008413,-0.004894,0.007619,0.004512,0.004512,0.004512,0.004512,69.6,30.4,2.29,72.99,27.01,2.7,66.42,33.58,1.98,264934.62,34279.85,362944.78,34284.94,10024569.142,77913542.0,7983982.0175,61539871.0,10024569.142,77913542.0,7983982.0175,61539871.0
