time,open,high,low,close,volume_usd,open_interest_open,open_interest_high,open_interest_low,open_interest_close,funding_rate_open,funding_rate_high,funding_rate_low,funding_rate_close,funding_rate_oi_weight_open,funding_rate_oi_weight_high,funding_rate_oi_weight_low,funding_rate_oi_weight_close,funding_rate_vol_weight_open,funding_rate_vol_weight_high,funding_rate_vol_weight_low,funding_rate_vol_weight_close,global_long_short_account_ratio_global_account_long_percent,global_long_short_account_ratio_global_account_short_percent,global_long_short_account_ratio_global_account_long_short_ratio,top_long_short_account_ratio_top_account_long_percent,top_long_short_account_ratio_top_account_short_percent,top_long_short_account_ratio_top_account_long_short_ratio,top_long_short_position_ratio_top_position_long_percent,top_long_short_position_ratio_top_position_short_percent,top_long_short_position_ratio_top_position_long_short_ratio,liquidation_long_liquidation_usd,liquidation_short_liquidation_usd,liquidation_aggregated_aggregated_long_liquidation_usd,liquidation_aggregated_aggregated_short_liquidation_usd,ask_bids_bids_usd,ask_bids_bids_quantity,ask_bids_asks_usd,ask_bids_asks_quantity,aggregated_ask_bids_aggregated_bids_usd,aggregated_ask_bids_aggregated_bids_quantity,aggregated_ask_bids_aggregated_asks_usd,aggregated_ask_bids_aggregated_asks_quantity
2020-12-25,592.46,634.96,585.26,613.86,1713265352.19145,246990187,264074028,244792682,255334729,0.01,0.013284,0.01,0.01,0.01063588,0.03308747,0.00598333,0.02962002,,,,,62.68,37.32,1.68,60.15,39.85,1.51,48.91,51.09,0.96,4307628.23311,3036760.92373,4669298.23311,3281760.92373,,,,,,,,
2020-12-26,613.83,637.72,608.24,628.77,1471200692.09007,256360306,266043949,249479354,252748082,0.01,0.056575,0.01,0.050562,0.02971718,0.04563366,0.02692162,0.03773497,,,,,66.98,33.02,2.03,66.48,33.52,1.98,48.85,51.15,0.96,4955390.12272,4638914.89605,5791870.12272,4817634.89605,,,,,,,,
2020-12-27,628.79,701.19,625,699.83,3387503226.6777,249540887,316448366,249540887,316448366,0.037224,0.137429,0.026037,0.09256,0.03392576,0.09070536,0.03392576,0.07987915,,,,,72.64,27.36,2.66,72.89,27.11,2.69,48.81,51.19,0.95,24563778.63908,11017360.69067,26287398.63908,12155450.69067,,,,,,,,
2020-12-28,699.89,743.6,660.51,729.97,4541831767.27491,337067002,400395088,322645907,400395088,0.067824,0.115485,0.067824,0.07245,0.0720731,0.08116727,0.04896344,0.05156227,,,,,70.67,29.33,2.41,72.42,27.58,2.63,48.53,51.47,0.94,10962294.46047,8628444.91784,11974484.46047,9066414.91784,,,,,,,,
2020-12-29,729.97,749.5,690.1,720.05,3500959825.93282,393372935,406238912,359095606,376592442,0.063965,0.089129,0.055247,0.070334,0.04407813,0.06902753,0.04407813,0.05143119,,,,,73.8,26.2,2.82,75.07,24.93,3.01,48.25,51.75,0.93,11913851.32673,3439803.81156,13808011.32673,3802473.81156,,,,,,,,
2020-12-30,720.03,749.4,705.66,734.72,2313052155.70565,370462936,383360022,358363262,371264913,0.075111,0.118784,0.052803,0.089646,0.05475462,0.08037754,0.03647793,0.0435711,,,,,71.93,28.07,2.56,73.81,26.19,2.82,48.86,51.14,0.96,7226802.86154,4920782.00073,7682612.86154,5168552.00073,,,,,,,,
2020-12-31,734.71,760.76,721.75,736.18,2542406960.82881,370032945,397818849,359742250,365176502,0.078106,0.08009,0.021633,0.032145,0.04250798,0.04921134,0.01098476,0.01248736,,,,,72.36,27.64,2.62,73.54,26.46,2.78,48.71,51.29,0.95,9326901.18408,932463.37341,10044981.18408,1153013.37341,,,,,,,,
2021-01-01,736.26,750.4,725.59,736.06,1453209238.21952,364311403,364311403,338222628,347858188,0.034533,0.066878,0.024141,0.02575,0.01230625,0.02647762,0.00155041,0.00473197,,,,,72.22,27.78,2.6,73.39,26.61,2.76,48.76,51.24,0.95,6201636.624,1742771.49069,7042176.624,1816611.49069,,,,,,,,
2021-01-02,736.11,774.81,714.58,769.57,1979882550.24706,346840700,399116239,346141936,390927703,0.025419,0.135361,0.025419,0.081167,0.00394973,0.09515796,-0.00097921,0.07974028,,,,,70.87,29.13,2.43,69.73,30.27,2.3,48.74,51.26,0.95,6209746.06385,9165509.68851,7495246.06385,9673359.68851,,,,,,,,
2021-01-03,769.57,926.62,754.69,919.75,5460386271.15395,391589370,433884127,350782106,433884127,0.062424,0.306331,0.027794,0.285142,0.07133689,0.17771006,0.06478714,0.17771006,,,,,70.66,29.34,2.41,71.1,28.9,2.46,48.37,51.63,0.94,43010322.66467,60593700.46683,50938372.66467,67812100.46683,,,,,,,,
2021-01-04,919.97,1173.94,890,1041.19,14546200893.65216,433701341,547118445,433701341,520561886,0.296424,0.375,0.049814,0.097134,0.17260604,0.27380784,0.09375654,0.09472719,,,,,74.8,25.2,2.97,75.08,24.92,3.01,48.99,51.01,0.96,93007365.3677,36433008.92686,111085865.3677,39183188.92686,,,,,,,,
2021-01-05,1041.09,1138.92,974.23,1053.98,7751724879.28656,518256809,547629282,431408846,478633125,0.102042,0.195783,0.043471,0.195783,0.10118169,0.10487351,0.02699859,0.10487351,,,,,76.4,23.6,3.24,77.99,22.01,3.54,47.33,52.67,0.9,33771645.75514,16466244.93866,39026135.75514,18170884.93866,,,,,,,,
2021-01-06,1053.88,1179,1037.65,1144,7169633547.94829,487239317,616739596,487239317,599331977,0.182596,0.349691,0.111906,0.117586,0.08918357,0.1679061,0.0740591,0.12562809,,,,,76.25,23.75,3.21,77.17,22.83,3.38,48.21,51.79,0.93,27927054.16827,15733833.51358,32908774.16827,16437343.51358,,,,,,,,
2021-01-07,1144,1257.14,1112.02,1253.74,6805588919.1588,604599393,633899526,546318099,566811016,0.113832,0.256176,0.113832,0.185695,0.13069491,0.13069491,0.08487966,0.0871218,,,,,77.04,22.96,3.36,78.17,21.83,3.58,48.39,51.61,0.94,43265873.06488,13975251.63256,49856633.06488,14567761.63256,,,,,,,,
2021-01-08,1253.98,1297.15,1064.6,1217.52,9689397961.92516,591447765,616591669,500805088,546373052,0.17203,0.17203,0.046236,0.059803,0.08132738,0.11479252,0.046899,0.08935325,,,,,78.93,21.07,3.75,79.81,20.19,3.95,46.54,53.46,0.87,61179986.55908,10460998.67203,74198856.55908,11839368.67203,,,,,,,,
2021-01-09,1217.65,1245.43,1136.71,1222.24,5224866287.81144,523835146,543454202,486218127,543454202,0.067738,0.34831,0.067143,0.34831,0.09184628,0.14144994,0.03494063,0.14144994,,,,,75.47,24.53,3.08,76.55,23.45,3.26,53.53,46.47,1.15,11740430.29652,7802517.84478,15008570.29652,8611007.84478,,,,,,,,
2021-01-10,1222.25,1354.66,1195.8,1305.43,6654764912.39416,537871177,659046416,528426090,609727599,0.340774,0.373179,0.126242,0.1709,0.14306778,0.19068421,0.10319751,0.13936394,,,,,75.61,24.39,3.1,78.82,21.18,3.72,51.75,48.25,1.07,66846170.88658,6730342.74848,77659630.88658,7486222.74848,,,,,,,,
2021-01-11,1305.42,1329,950.99,977.55,11625831821.34188,617176598,618066740,417557333,417557333,0.177435,0.206967,0.01,0.01,0.14334102,0.20062773,0.02880775,0.02880775,,,,,76.26,23.74,3.21,81.22,18.78,4.33,57.16,42.84,1.33,131219008.54676,19069127.83188,158274218.54676,22523997.83188,,,,,,,,
2021-01-12,977.59,1153.13,915.2,1053.97,7584979982.11976,399385562,442718495,383626172,404167833,0.01,0.095248,0.01,0.056817,0.02696519,0.0669549,0.0045937,0.06127945,,,,,74.16,25.84,2.87,75.99,24.01,3.17,50.92,49.08,1.04,24216543.97775,9409437.85106,29927573.97775,10454957.85106,,,,,,,,
2021-01-13,1053.99,1128.1,987.21,1072.27,4896147349.31605,406636747,436784843,365991626,380598764,0.037509,0.079525,0.01,0.070597,0.05482822,0.06940625,0.0241613,0.0566404,,,,,74.16,25.84,2.87,75.99,24.01,3.17,50.92,49.08,1.04,8174642.89492,6978017.39303,10133112.89492,7842527.39303,,,,,,,,
2021-01-14,1072.28,1222.2,1062.25,1213.75,4142911640.79832,383094632,474714129,381420907,474714129,0.054884,0.111748,0.038154,0.038154,0.05646774,0.08091885,0.05639593,0.05940167,,,,,74.63,25.37,2.94,74.27,25.73,2.89,45.45,54.55,0.83,16168500.25146,9691291.06711,18121640.25146,10636211.06711,,,,,,,,
2021-01-15,1213.74,1260,1128.39,1143.08,5363928572.32694,472539801,500505316,447137487,495570195,0.026647,0.135387,0.024674,0.026345,0.05812087,0.09793102,0.03329518,0.0351834,,,,,73.06,26.94,2.71,73.29,26.71,2.74,46.4,53.6,0.87,40074210.17766,3585512.0663,50600590.17766,4262212.0663,,,,,,,,
2021-01-16,1143.47,1283.81,1070,1282.24,5294609862.31075,472466818,509998634,442125052,506896674,0.014971,0.189853,0.013647,0.117927,0.03142673,0.11553722,0.01716085,0.09441533,,,,,71.31,28.69,2.49,72.62,27.38,2.65,47.08,52.92,0.89,18321179.03311,8973351.91168,23470709.03311,9449851.91168,,,,,,,,
2021-01-17,1282.46,1296.79,1165,1242.87,5032347088.22518,551531198,557025806,471397279,481449404,0.106549,0.116277,0.03094,0.116277,0.09809517,0.09809517,0.0313518,0.07017969,,,,,74.94,25.06,2.99,76.32,23.68,3.22,46.56,53.44,0.87,16421798.94653,6027619.97258,18269038.94653,6417069.97258,,,,,,,,
2021-01-18,1243,1272.28,1183.2,1242.03,3465354251.2889,514490338,518025159,481624377,500535502,0.109209,0.128446,0.028598,0.103647,0.06313317,0.11136556,0.04056793,0.08990523,,,,,76.33,23.67,3.23,77.14,22.86,3.37,46.38,53.62,0.87,8658756.36673,1311815.79581,10444276.36673,1646195.79581,,,,,,,,
2021-01-19,1241.96,1444.05,1213.33,1417.33,6591101626.76779,503428302,745718922,497010909,737337865,0.120718,0.28639,0.120718,0.156688,0.10386956,0.1828352,0.08413525,0.10406983,,,,,75.9,24.1,3.15,76.31,23.69,3.22,46.46,53.54,0.87,35947805.39543,24845459.01176,40879805.39543,28086829.01176,,,,,,,,
2021-01-20,1417.6,1443.82,1236.35,1275.76,8523125255.43942,695759417,700704956,592718403,601093207,0.154457,0.154457,0.03239,0.03239,0.09692228,0.12539896,0.00363801,0.00363801,,,,,71.68,28.32,2.53,73.58,26.42,2.79,45.63,54.37,0.84,68349104.04659,10372552.45539,80568534.04659,11250892.45539,,,,,,,,
2021-01-21,1275.67,1391.8,1185.4,1189.58,7834479445.56496,619431887,624252262,502171011,502171011,0.034543,0.116245,0.03443,0.03443,0.00824139,0.03929819,0.00637636,0.00637636,,,,,73.51,26.49,2.78,73.58,26.42,2.79,44.54,55.46,0.8,91703644.22406,7222676.52179,108964264.22406,8448126.52179,,,,,,,,
2021-01-22,1189.51,1242,1041.13,1233.92,7543636515.64914,488037650,533439082,467147381,503663280,0.020766,0.036517,0.01,0.01,-0.00036959,0.01168023,-0.01031132,0.01109411,,,,,73.62,26.38,2.79,75.45,24.55,3.07,45.07,54.93,0.82,31891890.82238,16029032.23511,35541960.82238,17206652.23511,,,,,,,,
2021-01-23,1233.81,1274.52,1197,1231.16,4190334691.43359,509537468,537384758,496138685,537384758,0.015431,0.096207,0.015431,0.096207,0.01308652,0.05082748,0.01308652,0.05082748,,,,,69.02,30.98,2.23,69.06,30.94,2.23,44.52,55.48,0.8,15263381.03701,3864845.50263,17539361.03701,4125935.50263,,,,,,,,
2021-01-24,1231.26,1352.32,1221.51,1322.78,3983626790.36728,532370999,658444726,514414202,652001886,0.092942,0.10294,0.017527,0.053798,0.05110079,0.06867648,0.04510487,0.05730488,,,,,70.72,29.28,2.42,72.23,27.77,2.6,44.97,55.03,0.82,9376881.88245,17333999.64346,10788361.88245,18433499.64346,,,,,,,,
2021-01-25,1322.74,1481.46,1305.2,1436,6502613625.72052,674627452,769346951,674627452,680511556,0.050782,0.183723,0.045465,0.045465,0.0560776,0.10780447,0.0560776,0.05765725,,,,,68.53,31.47,2.18,68.96,31.04,2.22,45.02,54.98,0.82,59665754.50559,18689866.72234,69492824.50559,19683036.72234,,,,,,,,
2021-01-26,1436,1445,1244.87,1278.42,7044687660.01976,667127318,681568797,587067044,621852862,0.034407,0.049123,0.01,0.025458,0.05493986,0.05493986,-0.00666254,0.00184757,,,,,73.67,26.33,2.8,75.55,24.45,3.09,45.93,54.07,0.85,31230257.17533,14562189.96979,38144967.17533,16006309.96979,,,,,,,,
2021-01-27,1279.71,1377.9,1206,1281.74,6412472521.53938,616243067,635039691,547881970,554727409,0.035965,0.087831,0.01,0.029742,0.00459031,0.02692313,-0.00117139,0.00332216,,,,,71.66,28.34,2.53,71.83,28.17,2.55,45.5,54.5,0.84,38263421.97124,8655430.98042,44384491.97124,10998940.98042,,,,,,,,
2021-01-28,1282.08,1361.25,1217.28,1353.01,5612681415.12149,536330697,624427694,536330697,624427694,0.015282,0.121959,0.01,0.119878,-0.00705844,0.05392777,-0.00705844,0.05392777,,,,,73.42,26.58,2.76,74.06,25.94,2.86,45.33,54.67,0.83,5365616.39392,9244905.91653,7292906.39392,10432695.91653,,,,,,,,
2021-01-29,1353.15,1443,1285.46,1398.53,6122185016.60401,611677429,669025221,575489202,657341348,0.113355,0.260939,0.051184,0.075664,0.05037799,0.14376466,0.02983845,0.11905647,,,,,72.69,27.31,2.66,73.08,26.92,2.72,46.91,53.09,0.88,35666049.75128,14642071.23082,41571139.75128,16014621.23082,,,,,,,,
2021-01-30,1398.52,1413.57,1314.25,1372.69,4331456472.6369,641126637,648355262,608467556,648019641,0.093907,0.140132,0.037336,0.130342,0.12629277,0.12629277,0.02621632,0.0703596,,,,,75.29,24.71,3.05,76.38,23.62,3.23,46.72,53.28,0.88,6138425.7733,1900586.37104,8003935.7733,2136846.37104,,,,,,,,
2021-01-31,1372.69,1394.8,1292.5,1311.64,2743657218.51747,644934496,644934496,593953591,593953591,0.11509,0.134034,0.034102,0.034102,0.05969516,0.09766425,0.03309209,0.03463256,,,,,76.88,23.12,3.33,77.62,22.38,3.47,47.01,52.99,0.89,17292052.44231,565545.2328,24510802.44231,751885.2328,,,,,,,,
2021-02-01,1311.59,1348.67,1270,1302.39,3074469984.75919,592534091,600132531,561868706,588466245,0.025191,0.102739,0.017348,0.041353,0.03183158,0.05476176,0.01103126,0.0520958,,,,,77.95,22.05,3.54,77.48,22.52,3.44,46.65,53.35,0.87,9765591.86586,2568568.76845,10782961.86586,2842638.76845,,,,,,,,
2021-02-02,1302.29,1467.9,1300.21,1428.4,4859701145.60736,608010395,921362545,608010395,921362545,0.049822,0.219166,0.049822,0.165401,0.05776586,0.14671533,0.05163577,0.14530783,,,,,75.91,24.09,3.15,75.31,24.69,3.05,45.92,54.08,0.85,13912408.88806,26298044.93328,16401738.88806,27875084.93328,,,,,,,,
2021-02-03,1428.4,1605.2,1424.28,1601.62,7640801387.15714,895384315,972482354,891278024,946675230,0.151936,0.204958,0.149772,0.159957,0.13762466,0.14488047,0.10371684,0.11330133,,,,,71.89,28.11,2.56,73.23,26.77,2.74,45.27,54.73,0.83,13343674.64977,29004605.10716,16178754.64977,30244915.10716,,,,,,,,
2021-02-04,1601.68,1741.02,1557,1583.04,8675570181.26991,965160324,986002545,898703040,898703040,0.1465,0.210528,0.129169,0.147227,0.10775655,0.13854864,0.08261052,0.08806979,,,,,71.68,28.32,2.53,72.16,27.84,2.59,45.72,54.28,0.84,65363636.21686,17765015.84432,78618056.21686,18882645.84432,,,,,,,,
2021-02-05,1582.92,1753.35,1567.57,1745.24,6076386883.62216,875336092,1029272473,875336092,981961723,0.114279,0.213132,0.096122,0.128654,0.07790462,0.13942478,0.07790462,0.1144003,,,,,73.14,26.86,2.72,76.15,23.85,3.19,46.03,53.97,0.85,9430022.05616,14904984.52122,11596372.05616,16355114.52122,,,,,,,,
2021-02-06,1745.25,1767.19,1647.09,1677.13,5744335164.43282,992940564,997772902,913350100,934625256,0.117123,0.181928,0.107342,0.181928,0.11276153,0.12009135,0.05290028,0.12009135,,,,,75.34,24.66,3.06,76.0,24.0,3.17,46.09,53.91,0.86,30116663.92203,3907304.82119,34027923.92203,4183964.82119,,,,,,,,
2021-02-07,1677.13,1725.32,1524.4,1538.65,5622464535.94174,906282370,906282370,748738376,756599211,0.17141,0.17141,0.01,0.01,0.11087494,0.11087494,0.00966642,0.01251011,,,,,77.27,22.73,3.4,78.21,21.79,3.59,45.44,54.56,0.83,85150707.30549,7181100.95803,103500457.30549,7982850.95803,,,,,,,,
2021-02-08,1538.68,1766.4,1490.48,1737.78,6442251236.65806,760613495,847227032,717375109,834364924,0.01,0.331797,0.01,0.22913,0.01328251,0.18813973,-0.00824712,0.17477541,,,,,74.09,25.91,2.86,73.22,26.78,2.73,46.77,53.23,0.88,11174550.27132,22499279.57447,13410770.27132,23606579.57447,,,,,,,,
2021-02-09,1737.8,1830.47,1690.87,1751.09,6809363141.8472,847061776,899009106,823034201,866833741,0.227599,0.25061,0.124408,0.185473,0.18583546,0.20383327,0.11513935,0.12609931,,,,,76.82,23.18,3.31,76.36,23.64,3.23,46.98,53.02,0.89,15716302.85032,6113955.00409,19670892.85032,7132315.00409,,,,,,,,
2021-02-10,1751.1,1848,1680,1715.47,6197902096.36966,863313387,887050739,770172082,784419576,0.156788,0.265594,0.050353,0.061651,0.11712918,0.19279065,0.0390881,0.05158276,,,,,77.28,22.72,3.4,78.2,21.8,3.59,47.02,52.98,0.89,55005511.17911,5917357.26862,64369041.17911,6218477.26862,,,,,,,,
2021-02-11,1715.49,1827.07,1692.13,1800.69,4074537260.07476,776955758,856429497,757965207,821425454,0.071828,0.180424,0.059099,0.082049,0.05191134,0.14326668,0.05191134,0.11610065,,,,,75.63,24.37,3.1,75.92,24.08,3.15,46.92,53.08,0.88,7157900.58291,4462920.85643,8584800.58291,4620580.85643,,,,,,,,
2021-02-12,1800.7,1872.86,1740.22,1790.44,4233966202.28085,828832109,941314654,821484689,934526392,0.091904,0.247954,0.049329,0.242104,0.12587641,0.15085819,0.05097936,0.1445631,,,,,78.36,21.64,3.62,78.97,21.03,3.76,46.83,53.17,0.88,10647857.06162,8287470.703,12896167.06162,9837560.703,,,,,,,,
2021-02-13,1790.47,1878.88,1764.79,1818.02,6166085100.3388,932148158,963688860,893003209,919879914,0.229023,0.26506,0.08163,0.118866,0.14097079,0.21608364,0.09993982,0.1018735,,,,,76.36,23.64,3.23,78.3,21.7,3.61,47.04,52.96,0.89,23135732.07845,1879204.77731,25918832.07845,2089304.77731,,,,,,,,
2021-02-14,1817.86,1857.67,1785.23,1803.59,3236042545.39462,917696925,917696925,885125856,898352666,0.110924,0.204393,0.075277,0.075277,0.09875015,0.15584747,0.08441659,0.12223719,,,,,79.6,20.4,3.9,80.42,19.58,4.11,46.94,53.06,0.89,11809851.91439,1105131.14117,13416651.91439,1151301.14117,,,,,,,,
2021-02-15,1804,1839.63,1653.52,1781.34,5563587734.99558,883165836,887730511,781818741,794405199,0.079343,0.12811,0.01,0.108387,0.12332514,0.12332514,0.0140382,0.09522758,,,,,78.53,21.47,3.66,79.21,20.79,3.81,47.09,52.91,0.89,106900779.86822,5041329.11863,127290969.86822,5533999.11863,,,,,,,,
2021-02-16,1781.34,1831.58,1726.01,1784.31,4520075019.84759,792160200,792160200,735478267,754646403,0.104697,0.137052,0.087524,0.096777,0.08975639,0.12892581,0.0731224,0.08065588,,,,,75.59,24.41,3.1,77.22,22.78,3.39,46.71,53.29,0.88,20495532.40885,2067280.21566,26487252.40885,3470850.21566,,,,,,,,
2021-02-17,1784.31,1864.26,1735.66,1849.86,4236221445.95166,764920561,878975470,753326666,853604630,0.092728,0.256035,0.092728,0.240802,0.08100061,0.22217488,0.07287735,0.20700208,,,,,74.21,25.79,2.88,72.17,27.83,2.59,46.55,53.45,0.87,4653241.80262,5348229.08376,6503611.80262,5578939.08376,,,,,,,,
2021-02-18,1849.87,1955,1849.37,1941.26,4677799273.31045,843680388,965930538,843680388,950897787,0.195951,0.251773,0.094635,0.102308,0.19028252,0.20342506,0.14333685,0.14333685,,,,,75.92,24.08,3.15,75.98,24.02,3.16,46.2,53.8,0.86,5934770.84983,7735046.89805,7590080.84983,9343306.89805,,,,,,,,
2021-02-19,1941.12,1980,1894,1958.58,3766473154.64299,944614819,961925848,921534651,948834834,0.082291,0.244655,0.082291,0.220598,0.13799844,0.1675875,0.09573145,0.15983829,,,,,74.53,25.47,2.93,75.56,24.44,3.09,48.54,51.46,0.94,7403495.88047,4270739.33183,8331185.88047,4443989.33183,,,,,,,,
2021-02-20,1958.59,2048,1792,1914.58,6460186641.16464,943402275,1004089797,849971780,849971780,0.196881,0.224125,0.061843,0.061843,0.15203998,0.16077652,0.10799764,0.12137452,,,,,74.53,25.47,2.93,75.56,24.44,3.09,48.54,51.46,0.94,121556116.56931,11074087.71059,163297296.56931,11558997.71059,,,,,,,,
2021-02-21,1914.51,1981.04,1885,1934.75,3961287537.73876,875200359,919535392,861106336,861106336,0.051683,0.138864,0.039989,0.099036,0.12417554,0.12417554,0.01768038,0.07053162,,,,,75.75,24.25,3.12,76.86,23.14,3.32,48.96,51.04,0.96,12101685.33633,1750224.80566,14844985.33633,1877704.80566,,,,,,,,
2021-02-22,1934.59,1938.5,1633.25,1778.3,8258919133.73763,862634747,881123219,709991365,718400295,0.078014,0.078014,0.01,0.01,0.06410183,0.06410183,0.00910481,0.00910481,,,,,78.45,21.55,3.64,77.82,22.18,3.51,49.23,50.77,0.97,255407088.1234,10480849.19221,328685818.1234,11285439.19221,,,,,,,,
2021-02-23,1778.22,1784.08,1348.17,1579.75,10935693312.83368,718003523,718003523,520437259,525845953,0.01,0.030841,0.01,0.01,0.00960731,0.02003661,0.00263252,0.00989032,,,,,72.33,27.67,2.61,70.12,29.88,2.35,46.81,53.19,0.88,167021789.17907,19140066.79102,226494629.17907,21445166.79102,,,,,,,,
2021-02-24,1579.75,1714.04,1501.09,1623.98,5857712029.09056,528635679,577415745,525049970,564081080,0.012987,0.080365,0.01,0.066433,0.0074832,0.02845705,0.0074832,0.02613131,,,,,66.65,33.35,2.0,65.32,34.68,1.88,46.02,53.98,0.85,21991900.25794,6507513.38478,26974510.25794,7241623.38478,,,,,,,,
2021-02-25,1623.94,1672.49,1458,1482.09,4711814880.46952,571047334,578253730,513132797,557275340,0.047177,0.047177,0.01,0.01,0.02227126,0.02816295,0.01602225,0.01602225,,,,,69.27,30.73,2.25,67.43,32.57,2.07,46.87,53.13,0.88,30278011.06924,3822845.49934,38261741.06924,4623705.49934,,,,,,,,
2021-02-26,1482.13,1563.66,1401.01,1445.28,5495557658.33916,549043680,549043680,495608917,511888879,0.01,0.055455,0.01,0.026099,0.01447277,0.01957275,0.00096913,0.00096913,,,,,70.33,29.67,2.37,68.89,31.11,2.21,52.11,47.89,1.09,23378534.82644,7915754.85806,31283644.82644,10057194.85806,,,,,,,,
2021-02-27,1445.36,1530.19,1425.5,1458.65,3744751587.19847,510219309,565710915,510219309,523111351,0.018161,0.064607,0.01,0.01,0.00075078,0.03442739,-0.00355307,0.00746201,,,,,74.21,25.79,2.88,72.29,27.71,2.61,45.95,54.05,0.85,9300372.58222,3497853.61208,13278232.58222,3886433.61208,,,,,,,,
2021-02-28,1458.64,1469.44,1292.8,1419.77,5629627203.07104,504517066,520617914,471123756,520617914,0.01,0.01,0.01,0.01,0.00788269,0.00888043,-0.02233484,0.00112811,,,,,68.04,31.96,2.13,63.36,36.64,1.73,47.7,52.3,0.91,41144954.90714,13183612.29303,57957474.90714,15231832.29303,,,,,,,,
2021-03-01,1419.96,1573.42,1411.1,1571.2,4093786530.49245,518512037,553645296,512103623,535073479,0.01,0.072963,0.01,0.060475,0.00021884,0.02762135,-0.01453613,0.02146996,,,,,61.49,38.51,1.6,57.89,42.11,1.38,46.26,53.74,0.86,4496564.88902,12299785.2818,5273744.88902,14327955.2818,,,,,,,,
2021-03-02,1571.28,1604.85,1455.3,1486.28,4419676880.90437,540076865,618033681,529130035,615188939,0.049871,0.120596,0.01,0.01,0.01970618,0.03389392,0.01354483,0.01354483,,,,,68.1,31.9,2.14,65.53,34.47,1.9,46.68,53.32,0.88,22909210.76423,4630045.75087,28212700.76423,6444915.75087,,,,,,,,
2021-03-03,1486.24,1664,1475,1568.63,4859925543.28197,616779450,651548605,612539195,625487424,0.01,0.086954,0.01,0.054987,0.01174888,0.04407469,0.00570126,0.04398011,,,,,71.11,28.89,2.46,70.47,29.53,2.39,47.16,52.84,0.89,10178930.70617,9279429.7797,12922880.70617,10742849.7797,,,,,,,,
2021-03-04,1568.63,1626,1506.99,1540.69,4819184407.5083,607511560,612768702,559986043,567131700,0.047802,0.047802,0.011769,0.022211,0.03934325,0.03934325,0.01225214,0.01898702,,,,,71.81,28.19,2.55,71.36,28.64,2.49,47.46,52.54,0.9,21130091.09712,5161610.10734,25439341.09712,5498580.10734,,,,,,,,
2021-03-05,1540.7,1551,1441.57,1529.88,4547096190.17858,567680474,567680474,532033955,552927680,0.024969,0.02872,0.01,0.020322,0.01733786,0.01974777,0.00684461,0.01407664,,,,,71.63,28.37,2.53,70.81,29.19,2.43,46.99,53.01,0.89,23326707.06717,3978090.86366,28057077.06717,4373260.86366,,,,,,,,
2021-03-06,1529.75,1674.02,1515.16,1651.73,4507497370.85678,547208830,652899305,545649733,631010949,0.031513,0.102271,0.01,0.073955,0.01645366,0.0546707,0.01645366,0.03346107,,,,,64.69,35.31,1.83,62.12,37.88,1.64,46.77,53.23,0.88,9889998.79151,11767006.70518,12113538.79151,14134246.70518,,,,,,,,
2021-03-07,1651.9,1736.89,1631.59,1727.23,4288738114.88185,630405186,732770575,630405186,688385931,0.066554,0.071841,0.01,0.01,0.02800151,0.02800151,0.0090373,0.01366696,,,,,67.37,32.63,2.07,68.48,31.52,2.17,47.47,52.53,0.9,9668417.78642,13297884.97136,13377017.78642,14062904.97136,,,,,,,,
2021-03-08,1727.73,1844.57,1667.86,1834.3,6080196320.8865,699865554,750495487,673622148,750495487,0.011061,0.062554,0.011061,0.012697,0.01395957,0.02940421,0.01016936,0.01795247,,,,,68.48,31.52,2.17,68.44,31.56,2.17,47.13,52.87,0.89,11163656.58054,23360212.70502,13952996.58054,25109722.70502,,,,,,,,
2021-03-09,1834.47,1873.86,1801,1873.31,4507103520.28351,744006807,776776664,725040194,751451665,0.014883,0.107209,0.014883,0.046047,0.02150067,0.08329436,0.01438345,0.06520664,,,,,68.65,31.35,2.19,68.91,31.09,2.22,47.2,52.8,0.89,6837434.3754,8296674.83058,9013414.3754,8932144.83058,,,,,,,,
2021-03-10,1873.37,1882.59,1760,1796.8,6205569388.33925,747032302,765336324,713572263,749729244,0.058353,0.126524,0.051395,0.088447,0.07213145,0.08247701,0.0310546,0.07443915,,,,,71.43,28.57,2.5,72.47,27.53,2.63,47.16,52.84,0.89,42139696.55331,4597234.51626,51478126.55331,5334184.51626,,,,,,,,
2021-03-11,1796.8,1850.07,1725.96,1829,5478995017.01253,749481671,772194237,697997858,772194237,0.079723,0.144333,0.028891,0.136534,0.06820364,0.07161165,0.03479176,0.06800252,,,,,71.57,28.43,2.52,73.6,26.4,2.79,47.15,52.85,0.89,27609874.45213,4671124.73582,34814664.45213,5507984.73582,,,,,,,,
2021-03-12,1828.96,1846.59,1719.92,1767.44,4875391496.03102,770237161,787990030,735778349,748243683,0.132645,0.132645,0.030795,0.032286,0.07037641,0.09834859,0.02182184,0.02359598,,,,,67.41,32.59,2.07,66.54,33.46,1.99,47.17,52.83,0.89,23655389.16351,1921952.72488,28912509.16351,2227532.72488,,,,,,,,
2021-03-13,1767.32,1948.75,1729.33,1924.94,5136050895.7167,749859572,824938495,703369454,823655736,0.03044,0.15514,0.03044,0.118993,0.02371537,0.12860358,0.02371537,0.12860358,,,,,68.97,31.03,2.22,66.82,33.18,2.01,47.08,52.92,0.89,5844412.57743,15269186.88815,7996412.57743,16765846.88815,,,,,,,,
2021-03-14,1924.95,1935.88,1836,1850.54,4225370944.05397,823092253,842372177,813162756,830150954,0.113318,0.144955,0.06268,0.070173,0.1234411,0.1234411,0.0699982,0.07462801,,,,,72.3,27.7,2.61,72.55,27.45,2.64,47.02,52.98,0.89,17991010.53683,995781.9061,20903550.53683,1214381.9061,,,,,,,,
2021-03-15,1850.5,1896.3,1729.2,1794.89,5903680290.36065,781372458,833785726,681303590,693985779,0.077455,0.132307,0.01,0.01,0.07526177,0.07675574,0.01124278,0.01204517,,,,,75.37,24.63,3.06,76.05,23.95,3.18,47.29,52.71,0.9,59455078.16517,1928206.11364,71310678.16517,2276806.11364,,,,,,,,
2021-03-16,1795.09,1819.76,1712,1807.25,4444437819.5174,684344044,730537092,657940549,716312046,0.01,0.066062,0.01,0.065503,0.01397791,0.02853613,0.0083823,0.02803062,,,,,74.92,25.08,2.99,74.21,25.79,2.88,46.66,53.34,0.88,23580054.94525,4100840.43092,29009624.94525,4734790.43092,,,,,,,,
2021-03-17,1807.25,1841.86,1741.95,1825.77,3879168618.8698,703212145,707421205,680250971,697331892,0.064607,0.091298,0.02341,0.091298,0.02568684,0.03153668,0.01113937,0.01131785,,,,,74.67,25.33,2.95,74.25,25.75,2.88,46.48,53.52,0.87,4776270.49733,4932292.83883,5852290.49733,5252522.83883,,,,,,,,
2021-03-18,1825.94,1853,1758.48,1777.54,3526330595.70627,701422887,732079010,687562419,696126300,0.099593,0.099593,0.01,0.01,0.01389244,0.06348293,0.01389244,0.04609428,,,,,75.66,24.34,3.11,76.23,23.77,3.21,46.61,53.39,0.87,10266981.04894,2226450.11959,11759891.04894,2377200.11959,,,,,,,,
2021-03-19,1777.55,1844.32,1733.09,1811.04,2914111721.89308,717401402,730387158,665507141,693835396,0.01,0.065278,0.01,0.065278,0.04609428,0.04609428,0.04609428,0.04609428,,,,,75.38,24.62,3.06,74.64,25.36,2.94,47.04,52.96,0.89,11711048.13986,3383919.7849,13681938.13986,3621599.7849,,,,,,,,
2021-03-20,1811.04,1873.84,1802.5,1807.35,2573391251.03385,694049095,711112720,685341028,704879183,0.06181,0.114935,0.0511,0.073096,0.01540503,0.06967307,0.01540503,0.06400386,,,,,72.83,27.17,2.68,73.63,26.37,2.79,47.05,52.95,0.89,5062366.66158,4933408.55064,7305696.66158,5674218.55064,,,,,,,,
2021-03-21,1807.43,1818.61,1745.02,1784.67,2801382704.19012,704059843,704059843,654715257,680960142,0.068422,0.068422,0.01,0.055878,0.06026134,0.07385153,0.01094438,0.01145326,,,,,73.97,26.03,2.84,75.34,24.66,3.06,47.07,52.93,0.89,13127489.67265,577496.33719,15795959.67265,608166.33719,,,,,,,,
2021-03-22,1784.78,1809.59,1653.67,1681.69,3606772207.48861,681195519,681195519,651345597,651345597,0.053829,0.063767,0.01,0.01,0.01276618,0.03948128,0.01276618,0.03364183,,,,,74.97,25.03,3.0,73.44,26.56,2.77,46.87,53.13,0.88,65354013.63751,1126133.65952,85263993.63751,1374183.65952,,,,,,,,
2021-03-23,1681.66,1722.52,1652.58,1669.33,3172273589.74429,653472485,662882558,620458642,652724824,0.01,0.050491,0.01,0.050491,0.03175161,0.0373424,0.00410884,0.0144671,,,,,72.64,27.36,2.66,70.35,29.65,2.37,46.78,53.22,0.88,10208581.22813,881725.77514,12539941.22813,1152685.77514,,,,,,,,
2021-03-24,1669.33,1742.43,1540.22,1582.11,4398957013.61185,657027291,673653888,610117876,622468294,0.050764,0.094688,0.01,0.01274,0.02173191,0.02208465,0.01181505,0.02128058,,,,,73.0,27.0,2.7,69.9,30.1,2.32,47.01,52.99,0.89,70966834.90197,4513852.99946,84670104.90197,5005342.99946,,,,,,,,
2021-03-25,1582.01,1622.54,1548.56,1587.5,3902280712.72309,631585143,673307860,560309546,577365202,0.01,0.067268,0.01,0.045287,0.02544005,0.03609389,0.00230939,0.00873685,,,,,70.49,29.51,2.39,67.93,32.07,2.12,47.38,52.62,0.9,9708947.32449,3609378.19438,10920007.32449,5051878.19438,,,,,,,,
2021-03-26,1587.44,1701.19,1587.03,1699.13,2675724741.97959,573667090,608661719,573667090,607059628,0.042528,0.042872,0.01,0.01,0.01694482,0.032078,0.00986063,0.00986063,,,,,70.96,29.04,2.44,68.98,31.02,2.22,46.61,53.39,0.87,660421.23443,7142428.83794,872971.23443,7635238.83794,,,,,,,,
2021-03-27,1699.21,1734.88,1668.3,1714.34,2399337905.57673,604018732,629205388,604018732,616305367,0.01,0.040745,0.01,0.02727,0.01033203,0.02524024,0.00097529,0.02119551,,,,,71.56,28.44,2.52,68.38,31.62,2.16,46.64,53.36,0.87,4484991.82243,4023136.89262,4889151.82243,4304756.89262,,,,,,,,
2021-03-28,1714.14,1727.5,1662.54,1688.3,1983033380.65087,609074352,630364791,605916223,628922532,0.025713,0.051201,0.018803,0.026195,0.02200911,0.0316626,0.01834845,0.02823779,,,,,70.65,29.35,2.41,70.69,29.31,2.41,46.75,53.25,0.88,8834248.23203,742279.87444,11084018.23203,774769.87444,,,,,,,,
2021-03-29,1688.31,1845,1680.04,1818.44,3435357153.704,621403703,724819672,608372332,722955542,0.022043,0.087188,0.021796,0.074202,0.02381511,0.05699413,0.02381511,0.05601508,,,,,72.0,28.0,2.57,71.67,28.33,2.53,46.59,53.41,0.87,2382210.91159,12192844.74341,3445400.91159,14100404.74341,,,,,,,,
2021-03-30,1818.43,1863.79,1788.3,1843.43,2977547704.68288,723039821,743466724,710846948,710846948,0.074011,0.082737,0.027207,0.072816,0.05469385,0.07194486,0.05007821,0.05007821,,,,,69.25,30.75,2.25,71.44,28.56,2.5,46.64,53.36,0.87,1924977.18271,2557268.63674,3254117.18271,3273968.63674,,,,,,,,
2021-03-31,1843.55,1952.98,1774.48,1923.07,4973591196.38888,704607194,721640793,674843857,674843857,0.076317,0.144546,0.033898,0.144546,0.04719969,0.07883141,0.02916943,0.06438178,,,,,70.4,29.6,2.38,72.69,27.31,2.66,46.84,53.16,0.88,27551809.29819,15224351.80887,34951399.29819,16772451.80887,,,,,,,,
2021-04-01,1923.06,1989.11,1882.1,1969.74,4434198637.52439,679191180,796039970,678331218,783592251,0.156856,0.156856,0.03638,0.060417,0.06110393,0.09811494,0.05236892,0.0704754,,,,,67.54,32.46,2.08,72.14,27.86,2.59,47.09,52.91,0.89,19767345.50911,6363463.92995,29902755.50911,7917023.92995,,,,,,,,
2021-04-02,1969.75,2150,1949.94,2138.01,5678695536.53006,787881986,946352782,781335551,946352782,0.050634,0.134029,0.048762,0.077713,0.0668315,0.12218876,0.06220551,0.118318,,,,,68.09,31.91,2.13,71.73,28.27,2.54,47.08,52.92,0.89,6924816.4996,33736999.10955,8971956.4996,36971879.10955,,,,,,,,
2021-04-03,2138.01,2144.17,2002,2012.63,6150272520.34633,938259032,938259032,897257310,907173721,0.082716,0.185525,0.025558,0.048774,0.1145359,0.1145359,0.07233756,0.09715414,,,,,68.21,31.79,2.15,69.69,30.31,2.3,46.85,53.15,0.88,60172174.01153,5550923.00565,73386514.01153,6676283.00565,,,,,,,,
2021-04-04,2012.64,2093.72,1980,2078.99,2531166576.94031,907335863,919240405,875192571,919240405,0.06019,0.131692,0.038266,0.083835,0.0876965,0.0876965,0.04912022,0.05594463,,,,,69.18,30.82,2.25,73.6,26.4,2.79,47.37,52.63,0.9,19456116.55578,4471564.5196,26120036.55578,4799134.5196,,,,,,,,
2021-04-05,2079,2129.48,2002.16,2118.93,3599583506.8632,915917334,944302366,888876807,944302366,0.072906,0.196464,0.038835,0.189731,0.05379101,0.06826894,0.02874211,0.04603407,,,,,70.18,29.82,2.35,71.89,28.11,2.56,47.23,52.77,0.9,11940070.97259,8940041.13008,16522110.97259,9260731.13008,,,,,,,,
2021-04-06,2118.66,2161.02,2043.89,2085.87,4821648316.37082,932673973,937368078,860654388,860654388,0.161685,0.186598,0.0485,0.055215,0.06028106,0.1438109,0.0602648,0.0602648,,,,,70.56,29.44,2.4,73.79,26.21,2.82,47.17,52.83,0.89,19112711.71406,4722660.00057,24210401.71406,5417210.00057,,,,,,,,
2021-04-07,2085.87,2133.02,1930.1,1978.22,5756740054.8367,863297748,882794523,830368138,830368138,0.049128,0.081406,0.015551,0.015551,0.05294004,0.05558309,0.0360032,0.0360032,,,,,71.14,28.86,2.47,74.64,25.36,2.94,47.17,52.83,0.89,82617587.86488,1990918.35592,101568307.86488,2386168.35592,,,,,,,,
2021-04-08,1978.23,2062.14,1940,2061.47,4247577641.86818,814459067,821042393,789348416,792259893,0.021272,0.05302,0.021272,0.046467,0.03728575,0.03728575,0.02494519,0.02956528,,,,,72.77,27.23,2.67,75.08,24.92,3.01,46.97,53.03,0.89,3261272.805,4312756.12952,5680082.805,5192816.12952,,,,,,,,
2021-04-09,2061.47,2104.83,2045.22,2063.27,2847142287.35148,795750113,802276445,774859632,777870437,0.039018,0.086127,0.01,0.01,0.02998688,0.047873,0.02998688,0.03878909,,,,,69.98,30.02,2.33,70.78,29.22,2.42,46.68,53.32,0.88,2588914.45463,1340448.60734,3792454.45463,1995408.60734,,,,,,,,
2021-04-10,2063.28,2211.94,2052,2158.82,4019898161.98621,779039318,855929430,758053623,844229846,0.01,0.240321,0.01,0.143704,0.03768423,0.16092598,0.01422335,0.14695434,,,,,70.75,29.25,2.42,73.59,26.41,2.79,47.28,52.72,0.9,13421695.03372,15040717.39459,17302595.03372,15939817.39459,,,,,,,,
2021-04-11,2158.81,2170,2085,2151.93,2977442254.02234,840198235,840198235,787454570,802932527,0.120652,0.120652,0.053581,0.088322,0.14289497,0.14289497,0.06069152,0.0807352,,,,,71.8,28.2,2.55,74.44,25.56,2.91,47.26,52.74,0.9,1784131.042,1770755.04797,3384831.042,1878955.04797,,,,,,,,
2021-04-12,2151.94,2209.99,2115.6,2122.03,3640761262.2861,808310234,868000852,803310350,817697401,0.091148,0.2195,0.087897,0.096362,0.08432578,0.15422605,0.07566931,0.10211712,,,,,73.02,26.98,2.71,76.04,23.96,3.17,47.29,52.71,0.9,10907224.52265,2149915.24976,21321704.52265,3579585.24976,,,,,,,,
2021-04-13,2122.03,2283.35,2101.96,2281.09,4042694055.10232,813953916,884128251,796086817,866830067,0.068446,0.26067,0.032031,0.191422,0.09399903,0.11719644,0.04515322,0.09920298,,,,,71.45,28.55,2.5,75.17,24.83,3.03,47.28,52.72,0.9,3447796.50244,17915128.10927,5976076.50244,23303218.10927,,,,,,,,
2021-04-14,2280.67,2413.25,2261.03,2351.2,6952321182.39073,868250840,962882076,862116964,953739693,0.167603,0.223715,0.11875,0.11875,0.09703414,0.12270503,0.0809118,0.0809118,,,,,69.47,30.53,2.28,72.66,27.34,2.66,47.0,53.0,0.89,26375072.92941,18994394.2258,34178712.92941,20702934.2258,,,,,,,,
2021-04-15,2350.98,2495,2303.81,2463.92,7038305016.77923,951060281,979370867,925888530,970392772,0.095926,0.142996,0.076872,0.119332,0.07289011,0.08218963,0.04152005,0.04152005,,,,,70.19,29.81,2.36,74.15,25.85,2.87,47.01,52.99,0.89,5802469.15255,11092072.11209,12140299.15255,12535522.11209,,,,,,,,
2021-04-16,2463.92,2553,2298.23,2430.77,9143813484.61287,958704530,959142348,876207828,876207828,0.105102,0.186308,0.08913,0.110948,0.03643772,0.06981084,0.03643772,0.06981084,,,,,69.54,30.46,2.28,73.19,26.81,2.73,47.06,52.94,0.89,71081542.68555,3566782.93334,92126432.68555,4359142.93334,,,,,,,,
2021-04-17,2430.92,2499.26,2331.68,2346.73,4680960406.02157,865117009,885731329,835535906,848410844,0.108339,0.13161,0.070649,0.070649,0.06232209,0.06232209,0.02337067,0.02513677,,,,,72.87,27.13,2.69,76.62,23.38,3.28,46.82,53.18,0.88,22610258.37403,1323044.97363,27529988.37403,1831464.97363,,,,,,,,
2021-04-18,2346.76,2396.59,1971.26,2145.11,7926972412.01635,824849444,824849444,612620527,623623425,0.063541,0.068745,0.01,0.053311,0.0201747,0.02022452,-0.05876479,-0.05144814,,,,,73.52,26.48,2.78,75.6,24.4,3.1,46.77,53.23,0.88,269625309.29008,12108184.54285,363476169.29008,16302444.54285,,,,,,,,
2021-04-19,2145.05,2278.58,2079.12,2096.4,5907734592.18271,628117040,635260460,598304716,604881813,0.044728,0.04875,0.01,0.04875,-0.0573264,0.02451802,-0.0573264,0.02094149,,,,,67.7,32.3,2.1,67.58,32.42,2.09,46.39,53.61,0.87,23335084.12971,6530431.53032,31009684.12971,7565061.53032,,,,,,,,
2021-04-20,2096.5,2230,2052.42,2188.26,7127937995.96905,587623388,696800595,562244451,691578287,0.05205,0.05205,0.01,0.01,0.01867313,0.02521437,-0.00043921,0.0128437,,,,,64.04,35.96,1.78,64.22,35.78,1.8,46.48,53.52,0.87,14881935.9496,11917742.75665,27508905.9496,13384482.75665,,,,,,,,
2021-04-21,2188.5,2449.95,2173.11,2442.08,8045975612.17586,680309493,726781464,668663357,699439973,0.01,0.01,0.01,0.01,0.01170029,0.02477743,0.01170029,0.02001142,,,,,65.29,34.71,1.88,65.89,34.11,1.93,46.78,53.22,0.88,13492526.53656,13059603.45454,17537646.53656,24472253.45454,,,,,,,,
2021-04-22,2442.09,2615,2316,2612.11,11926078711.20213,705047448,866812004,682557287,760333379,0.01,0.024597,0.01,0.01,0.01677641,0.0345109,0.01224463,0.02754687,,,,,63.09,36.91,1.71,66.43,33.57,1.98,47.56,52.44,0.91,77804456.60467,39466829.90311,99545966.60467,49428979.90311,,,,,,,,
2021-04-23,2612.1,2645.63,2110,2334.27,20049187230.84189,738259264,738259264,624856550,626510583,0.01,0.059752,0.01,0.01,0.02840101,0.03587661,0.0047125,0.01382768,,,,,64.7,35.3,1.83,67.44,32.56,2.07,47.88,52.12,0.92,100368491.48965,20938914.3693,122437071.48965,24330724.3693,,,,,,,,
2021-04-24,2334.31,2378,2156.58,2250.74,8258150155.67306,634956411,648225483,605718819,606779424,0.01,0.039021,0.01,0.01,0.0090306,0.03222037,0.0090306,0.0142,,,,,65.8,34.2,1.92,65.99,34.01,1.94,46.84,53.16,0.88,25800020.42631,8684122.34683,28481150.42631,9627272.34683,,,,,,,,
2021-04-25,2250.74,2357,2162.9,2342.68,6696157502.43488,591069414,701399967,591069414,641818458,0.01,0.010305,0.01,0.01,0.01673081,0.01961396,0.00945263,0.01785051,,,,,65.12,34.88,1.87,67.12,32.88,2.04,47.56,52.44,0.91,19568763.14672,10025128.00574,22073873.14672,11146588.00574,,,,,,,,
2021-04-26,2342.68,2527.36,2167.71,2509.3,9269147972.85265,655726734,758843315,655726734,700053159,0.01,0.017532,0.01,0.015862,0.01852182,0.02340662,0.01359386,0.01836963,,,,,62.75,37.25,1.69,62.16,37.84,1.64,47.35,52.65,0.9,13147722.42889,23776224.72235,18500192.42889,26742304.72235,,,,,,,,
2021-04-27,2509.3,2675.28,2431,2665.98,7347548919.92295,704949464,824647445,690507867,768442376,0.01,0.023821,0.01,0.023821,0.01811543,0.02447999,0.01450678,0.02447999,,,,,61.95,38.05,1.63,63.32,36.68,1.73,47.35,52.65,0.9,3321313.82952,7584638.76093,4625443.82952,9504808.76093,,,,,,,,
2021-04-28,2665.68,2737.64,2562.83,2683.37,9097637855.25578,779007553,831543566,758744538,805753368,0.040586,0.062796,0.01,0.01,0.02735493,0.02810211,0.01258017,0.01258017,,,,,62.38,37.62,1.66,64.44,35.56,1.81,47.55,52.45,0.91,6448704.1806,8160589.20884,9128494.1806,10675759.20884,,,,,,,,
2021-04-29,2683.29,2798,2666,2778.21,8445064282.32945,811080227,859280782,800605921,814733531,0.01,0.01,0.01,0.01,0.01091381,0.01402235,-0.00209516,0.00104957,,,,,60.98,39.02,1.56,64.02,35.98,1.78,48.66,51.34,0.95,3635388.36585,4067755.75334,5801068.36585,4573515.75334,,,,,,,,
2021-04-30,2778.19,2803.55,2683.66,2738.77,6748036920.16099,805320308,838016814,794530539,817159753,0.01,0.046679,0.01,0.046679,-0.00033058,0.0136752,-0.00033058,0.0136752,,,,,62.25,37.75,1.65,65.18,34.82,1.87,47.88,52.12,0.92,1596026.06137,2611487.30398,3405826.06137,3055537.30398,,,,,,,,
2021-05-01,2739,2883.18,2735,2867.66,5409984975.98145,810780198,929374514,808573786,927177888,0.051213,0.051213,0.01,0.013849,0.01137288,0.01137288,-0.02056593,0.00261231,,,,,64.84,35.16,1.84,67.05,32.95,2.04,48.18,51.82,0.93,2058752.95491,8284850.28031,2623142.95491,9590250.28031,,,,,,,,
2021-05-02,2867.63,2958.91,2856.7,2931.07,6757221919.2507,920297937,936205014,899828822,923034742,0.012364,0.066419,0.01,0.017953,0.00567485,0.01363356,-0.00988369,0.00537539,,,,,62.83,37.17,1.69,64.7,35.3,1.83,48.25,51.75,0.93,3554883.50666,2306140.70715,5502113.50666,2824280.70715,,,,,,,,
2021-05-03,2931.07,3207.58,2921,3164.29,10628638609.8377,917351361,1090947917,917351361,1090947917,0.01,0.093793,0.01,0.085646,0.00521648,0.0143148,-0.00698046,0.00713162,,,,,64.01,35.99,1.78,67.14,32.86,2.04,48.44,51.56,0.94,3710017.82541,21434364.23601,8763477.82541,41358374.23601,,,,,,,,
2021-05-04,3164.31,3529.64,3152.07,3234,22890242797.75276,1136695294,1143010454,1024466226,1037201252,0.062026,0.081058,0.01447,0.056711,-0.00085196,0.02978146,-0.00085196,0.01994702,,,,,66.71,33.29,2.0,64.57,35.43,1.82,48.1,51.9,0.93,18375861.73581,13760223.51767,46805241.73581,18515643.51767,,,,,,,,
2021-05-05,3234.31,3429,3160.01,3311.39,15209337172.7821,999136313,1172258488,999136313,1150715940,0.071643,0.111638,0.03028,0.098224,0.02242041,0.04186292,0.01461608,0.03853036,,,,,67.32,32.68,2.06,69.17,30.83,2.24,48.43,51.57,0.94,5688852.615,7839867.67433,10374092.615,11326377.67433,,,,,,,,
2021-05-06,3311.39,3586,3283.12,3556.19,10944862686.57416,1114320117,1114894055,1058715581,1063724085,0.087973,0.109341,0.053862,0.09281,0.03981342,0.03981342,0.01889261,0.03242604,,,,,69.52,30.48,2.28,68.36,31.64,2.16,46.54,53.46,0.87,7356451.26617,5824219.44244,11085331.26617,8205909.44244,,,,,,,,
2021-05-07,3556.19,3616,3355,3563.98,9903319778.2094,1050240348,1091022543,1007896975,1007896975,0.110774,0.115624,0.026063,0.049172,0.04427069,0.05707025,0.00436146,0.01514488,,,,,71.72,28.28,2.54,72.75,27.25,2.67,47.15,52.85,0.89,8046764.57428,2956015.65925,11598984.57428,3737285.65925,,,,,,,,
2021-05-08,3564.94,3682.84,3423.44,3636.27,8054919981.74606,1013516451,1240137472,1013516451,1224763994,0.038194,0.075533,0.037304,0.038609,0.01239829,0.03911509,0.01239829,0.02556884,,,,,70.26,29.74,2.36,71.07,28.93,2.46,47.07,52.93,0.89,3327729.58114,18111896.87824,8630229.58114,25813016.87824,,,,,,,,
2021-05-09,3636.28,3985.55,3636.28,3878.46,14912579046.9214,1249799326,1268483990,1202430296,1202430296,0.029923,0.086088,0.013264,0.072087,0.02149658,0.02149658,-0.00780491,-0.00182479,,,,,66.34,33.66,1.97,65.87,34.13,1.93,47.2,52.8,0.89,6287006.18901,6407363.72139,15061776.18901,7997943.72139,,,,,,,,
2021-05-10,3878.46,4177.89,3849.34,4160.5,14532930192.62846,1208415804,1327828542,1205531994,1268547966,0.054535,0.122469,0.04848,0.082953,-0.00642279,0.0496724,-0.00642279,0.03965062,,,,,70.38,29.62,2.38,71.15,28.85,2.47,47.0,53.0,0.89,18538834.26543,14364293.52233,33360994.26543,18952563.52233,,,,,,,,
2021-05-11,4160.28,4214.92,3778.17,4024.1,13715711625.46177,1157206834,1219090139,1135017872,1195252634,0.076048,0.077561,0.010517,0.029294,0.04372745,0.04372745,-0.00248785,0.01928221,,,,,72.94,27.06,2.7,72.34,27.66,2.62,46.92,53.08,0.88,7229736.75924,10435091.0883,11510676.75924,14030291.0883,,,,,,,,
2021-05-12,4024.41,4379.18,3990.53,4196.5,13103903937.45937,1212912473,1329482849,1212912473,1319584683,0.029752,0.082042,0.01,0.066837,0.01964274,0.03911066,0.0114695,0.03122062,,,,,71.36,28.64,2.49,69.16,30.84,2.24,46.89,53.11,0.88,7780057.3335,11521223.29357,15024887.3335,21741353.29357,,,,,,,,
2021-05-13,4196.46,4247.04,3491.53,3750.93,19711699806.35382,1100715824,1184290579,1075615421,1075615421,0.054326,0.068663,0.01,0.01,0.02637556,0.03904261,0.01272247,0.01600648,,,,,71.36,28.64,2.49,71.64,28.36,2.53,46.89,53.11,0.88,25155190.76065,13427836.54488,43224210.76065,16396516.54488,,,,,,,,
2021-05-14,3750.89,4166.28,3546.88,4132.09,15031440597.09005,1099446570,1200876864,1078016524,1129778745,0.01,0.019388,0.01,0.01,0.01897036,0.01897036,0.01119684,0.01208404,,,,,75.38,24.62,3.06,71.9,28.1,2.56,46.23,53.77,0.86,4931293.08212,8987444.43016,9169313.08212,10682114.43016,,,,,,,,
2021-05-15,4132.1,4175,3804.05,3877.83,11946001391.19823,1139266906,1186475459,1097760167,1097760167,0.01,0.085951,0.01,0.060968,0.00727228,0.04493788,0.00181,0.03934558,,,,,74.04,25.96,2.85,71.18,28.82,2.47,46.43,53.57,0.87,13580858.66563,4950981.0508,24918478.66563,6369111.0508,,,,,,,,
2021-05-16,3877.83,3882.76,3348,3581.39,20139298657.12781,1077466234,1145035557,1065424874,1101323610,0.046376,0.059348,0.012659,0.018409,0.0322458,0.04913403,0.02525839,0.02621709,,,,,74.79,25.21,2.97,73.07,26.93,2.71,46.86,53.14,0.88,14250846.26811,7556957.8151,32037356.26811,9086077.8151,,,,,,,,
2021-05-17,3581.39,3587,3125,3283.58,18871371767.2217,1112720101,1112720101,959303965,997687109,0.018829,0.061127,0.010031,0.056881,0.02703312,0.03405514,0.01083971,0.03405514,,,,,76.35,23.65,3.23,72.62,27.38,2.65,46.38,53.62,0.87,21067398.29853,12384222.12789,43011168.29853,14947732.12789,,,,,,,,
2021-05-18,3283.23,3570.27,3240.06,3376.35,13017532700.21651,1003771390,1010884233,937088642,1010884233,0.07001,0.082368,0.01,0.077073,0.04095239,0.04250096,-0.01021202,0.02857556,,,,,73.88,26.12,2.83,73.09,26.91,2.72,46.68,53.32,0.88,9310656.67832,10568351.5185,13066036.67832,12002561.5185,,,,,,,,
2021-05-19,3377.03,3446.24,2286.24,2442.98,23386695685.49156,964669320,992433384,605357778,605357778,0.061777,0.06336,-0.375,-0.375,0.0256558,0.05309769,-0.09258605,-0.09258605,,,,,73.4,26.6,2.76,70.73,29.27,2.42,47.36,52.64,0.9,48023738.01302,18668678.15878,93936018.01302,29138668.15878,,,,,,,,
2021-05-20,2444.02,2990.85,2150,2768.42,16097676290.50069,591689984,603944919,406851178,526316812,-0.35865,0.049937,-0.35865,0.01,-0.06024784,0.02390454,-0.19350104,-0.02033868,,,,,61.73,38.27,1.61,62.46,37.54,1.66,46.71,53.29,0.88,12219724.86549,11466485.2046,23308384.86549,16097295.2046,,,,,,,,
2021-05-21,2768.42,2940,2097.99,2431.01,15259003915.64182,542625702,542625702,485640280,485640280,0.01,0.01,0.01,0.01,-0.01728464,0.00436035,-0.01728464,-0.01406684,,,,,63.95,36.05,1.77,61.27,38.73,1.58,48.14,51.86,0.93,10322665.15404,7384949.30874,18790405.15404,9366489.30874,,,,,,,,
2021-05-22,2431.24,2489.65,2151.63,2295.15,10664967799.84215,485753309,524331390,448726599,513705037,0.01,0.01,0.01,0.01,-0.00193607,0.03301681,-0.01273142,0.01525341,,,,,64.75,35.25,1.84,64.07,35.93,1.78,48.75,51.25,0.95,5345911.65214,5624757.43311,9172711.65214,6768667.43311,,,,,,,,
2021-05-23,2295.46,2383.41,1728.85,2096.63,15783021118.00557,514271646,514271646,460580551,460580551,0.01,0.01,0.01,0.01,0.01584111,0.0182546,0.00054138,0.00348145,,,,,60.12,39.88,1.51,56.8,43.2,1.32,47.91,52.09,0.92,11291853.51704,8364897.06636,16367153.51704,11711387.06636,,,,,,,,
2021-05-24,2096.62,2675,2079,2649.27,13586164989.88701,449909331,617165620,437689921,617165620,0.01,0.01,0.01,0.01,0.00151622,0.01318107,-0.01077177,0.0070308,,,,,61.94,38.06,1.63,62.43,37.57,1.66,48.94,51.06,0.96,5929300.05145,8746587.73071,8423840.05145,11198797.73071,,,,,,,,
2021-05-25,2649.49,2750,2380.6,2706.83,13692718765.95496,650542196,650542196,548719273,611661532,0.01,0.01,0.01,0.01,0.00748488,0.00748488,-0.01683893,-0.00494379,,,,,60.53,39.47,1.53,55.94,44.06,1.27,47.71,52.29,0.91,7028771.37368,8321532.98057,11834711.37368,10474202.98057,,,,,,,,
2021-05-26,2706.82,2913,2642.87,2884.27,11279748080.24069,579265902,690082827,549271722,669774175,0.01,0.01,0.01,0.01,0.00192342,0.0111579,-0.0061108,0.00631709,,,,,60.74,39.26,1.55,61.3,38.7,1.58,48.19,51.81,0.93,4650688.06991,5294011.07354,7871758.06991,6503521.07354,,,,,,,,
2021-05-27,2884.16,2893.03,2634,2742.77,9494875766.56862,685337884,690918357,610437724,678438750,0.01,0.015285,0.01,0.01,0.00807152,0.00807152,-0.00802523,-0.00580773,,,,,68.02,31.98,2.13,65.68,34.32,1.91,47.46,52.54,0.9,3882188.6626,2459339.83351,6633678.6626,3387109.83351,,,,,,,,
2021-05-28,2742.77,2763.57,2324.48,2411.66,11976806033.5296,676549614,714465534,615380063,671076199,0.01,0.010737,0.01,0.01,-0.00678342,0.01335043,-0.01121005,-0.00718128,,,,,63.68,36.32,1.75,64.84,35.16,1.84,48.61,51.39,0.95,7123667.74442,3708007.74587,13423377.74442,5394037.74587,,,,,,,,
2021-05-29,2411.65,2577.04,2208.04,2277.99,10655469899.0104,662800824,688090205,612694159,633511183,0.01,0.01,0.01,0.01,-0.00906043,0.00996951,-0.00906043,0.00782212,,,,,64.23,35.77,1.8,63.43,36.57,1.73,49.33,50.67,0.97,5379589.30156,3606365.48655,8854179.30156,4884805.48655,,,,,,,,
2021-05-30,2277.99,2476.83,2179.13,2386.11,8645151436.73816,627083337,681345736,577279111,665822075,0.01,0.01,0.01,0.01,0.00719601,0.0117391,-0.01012244,0.0117391,,,,,65.76,34.24,1.92,65.18,34.82,1.87,47.99,52.01,0.92,3111252.87456,3687187.43913,4536302.87456,4333607.43913,,,,,,,,
2021-05-31,2386.11,2721.51,2271.46,2706.33,10497814056.25262,676259686,743432308,623846107,725405292,0.01,0.01,0.01,0.01,0.01094263,0.01233267,0.00189686,0.00980637,,,,,62.73,37.27,1.68,61.6,38.4,1.6,48.69,51.31,0.95,3589290.75115,6030208.57998,4982730.75115,7660878.57998,,,,,,,,
2021-06-01,2706.46,2741.45,2523.82,2634.63,9868442923.99211,740774965,742158577,693173191,693173191,0.01,0.01,0.01,0.01,0.01241551,0.01241551,-0.00036814,0.0020988,,,,,62.23,37.77,1.65,59.63,40.37,1.48,48.21,51.79,0.93,4480470.77393,3582342.566,6260900.77393,4269862.566,,,,,,,,
2021-06-02,2634.61,2804.04,2551.03,2707.22,8160130303.87648,692633585,785365391,686750867,785365391,0.01,0.01,0.01,0.01,0.00386242,0.01302321,0.00151832,0.00947171,,,,,66.13,33.87,1.95,66.4,33.6,1.98,48.36,51.64,0.94,2039028.02565,2614596.86486,2923138.02565,3074766.86486,,,,,,,,
2021-06-03,2707.03,2892.23,2662,2858.34,9184763958.36784,801441907,848035336,738570312,810204501,0.01,0.01,0.01,0.01,0.00893788,0.01160224,0.00195055,0.00423448,,,,,65.32,34.68,1.88,66.69,33.31,2.0,47.78,52.22,0.92,2295906.51599,4226592.39875,3606516.51599,5569412.39875,,,,,,,,
2021-06-04,2858.34,2861.53,2540.61,2689.21,11593788629.2115,806894821,837065382,721837318,742261959,0.01,0.01,0.01,0.01,0.00423646,0.01007976,-0.00484815,-0.00277961,,,,,68.05,31.95,2.13,67.73,32.27,2.1,48.12,51.88,0.93,5718653.51588,3232176.30861,10374713.51588,3845466.30861,,,,,,,,
2021-06-05,2689.41,2817.43,2550.77,2627.45,10381863860.96385,745752715,800890003,730157423,733549224,0.01,0.01,0.01,0.01,-0.00214203,0.00685315,-0.0055337,-0.00513779,,,,,65.45,34.55,1.89,66.53,33.47,1.99,48.49,51.51,0.94,4903231.97688,2372656.61882,6902191.97688,3420036.61882,,,,,,,,
2021-06-06,2627.44,2744,2613.11,2711.4,7316967415.62088,763353658,803840025,741163551,800240482,0.01,0.01,0.01,0.01,-0.00301739,0.008354,-0.0143752,0.00763067,,,,,66.95,33.05,2.03,66.46,33.54,1.98,47.75,52.25,0.91,1273084.16535,1986293.75107,1766434.16535,3006633.75107,,,,,,,,
2021-06-07,2711.3,2838,2570,2592.96,6737263415.58881,800399520,920857680,771448639,887615287,0.01,0.01,0.01,0.01,0.00799185,0.01073143,0.00336231,0.00336231,,,,,63.84,36.16,1.77,63.92,36.08,1.77,48.53,51.47,0.94,889294.78711,1440627.46508,1188324.78711,2330047.46508,,,,,,,,
2021-06-08,2609.96,2619.5,2352.91,2506.19,10162268334.59186,877491661,877491661,757272551,762433155,0.01,0.01,0.001934,0.01,0.00402312,0.00402312,-0.01754136,0.00393572,,,,,67.59,32.41,2.09,68.71,31.29,2.2,47.61,52.39,0.91,4936696.67297,2590857.84292,7303856.67297,3193337.84292,,,,,,,,
2021-06-09,2506.13,2627.38,2404.01,2610.2,12772380683.71512,733612569,826661349,733612569,796820704,0.01,0.01,0.01,0.01,0.00566002,0.00882146,-0.00514756,-0.00171403,,,,,61.67,38.33,1.61,59.39,40.61,1.46,48.11,51.89,0.93,3015105.5869,3988659.9288,5520965.5869,5324499.9288,,,,,,,,
2021-06-10,2610.2,2624.79,2423.36,2471.11,7963193648.59484,803888108,803888108,728558719,730512143,0.01,0.01,0.01,0.01,-0.00090589,0.00857586,-0.00392659,0.00078526,,,,,62.17,37.83,1.64,59.26,40.74,1.46,47.74,52.26,0.91,2640984.97517,1471378.89198,4899394.97517,2439878.89198,,,,,,,,
2021-06-11,2471.05,2497.94,2320,2354.25,7091093296.74658,730406023,766963932,710668746,754359209,0.01,0.01,0.00857,0.01,0.00099996,0.0076882,-0.0038836,0.00237511,,,,,67.13,32.87,2.04,65.96,34.04,1.94,47.95,52.05,0.92,3832845.46965,1426854.17994,5879085.46965,1605314.17994,,,,,,,,
2021-06-12,2354.25,2452.79,2255.42,2370.59,7889584354.07371,756205651,797187606,731722000,768055719,0.01,0.01,0.004579,0.01,0.00215035,0.00842453,-0.00153817,-0.00153817,,,,,65.62,34.38,1.91,61.98,38.02,1.63,48.14,51.86,0.93,2477697.96988,2304646.18258,3763897.96988,3063876.18258,,,,,,,,
2021-06-13,2370.61,2548,2307.41,2508.71,7187902658.28455,756004964,775903743,738247453,742995246,0.01,0.01,0.006608,0.01,-0.00109546,0.00925864,-0.00109546,0.00536805,,,,,58.88,41.12,1.43,55.66,44.34,1.26,48.48,51.52,0.94,1821520.1921,2907756.68369,3283860.1921,4127986.68369,,,,,,,,
2021-06-14,2508.56,2608.53,2460,2579.82,6555162252.25978,738640253,794920777,738640253,794920777,0.01,0.01,0.001001,0.01,0.00386508,0.00725867,0.00041983,0.0041319,,,,,61.15,38.85,1.57,56.98,43.02,1.33,48.08,51.92,0.93,1127497.71746,1974678.78864,2188507.71746,2425758.78864,,,,,,,,
2021-06-15,2579.8,2639.99,2506.81,2544.17,6731789469.76712,796592147,821384859,761939612,790457218,0.01,0.01,0.009532,0.01,0.00538085,0.00538085,-0.0023067,0.00331667,,,,,66.59,33.41,1.99,65.92,34.08,1.93,47.94,52.06,0.92,2128848.91951,1472747.58582,3621768.91951,1684967.58582,,,,,,,,
2021-06-16,2544.28,2557.54,2350,2366.84,6661662803.26235,792913771,795220808,748257689,748257689,0.01,0.01,0.009205,0.01,0.00263697,0.00419758,-0.0079991,-0.00341954,,,,,68.06,31.94,2.13,68.09,31.91,2.13,46.57,53.43,0.87,3958677.18984,1147657.65823,6894402.65083,1375844.41202,,,,,,,,
2021-06-17,2367.05,2459.77,2304.15,2372.51,6695496525.28382,763998002,824512783,753971295,824512783,0.01,0.01,0.00128,0.00128,-0.01018317,-0.00822127,-0.02164154,-0.01758554,,,,,68.65,31.35,2.19,66.9,33.1,2.02,48.21,51.79,0.93,2233497.44336,1351934.47104,3625509.51576,2166568.93567,,,,,,,,
2021-06-18,2372.5,2376.94,2135.04,2231.68,8543284558.40663,828899187,867137809,795333348,855577841,-0.000733,0.01,-0.017032,-0.017032,-0.01854215,-0.01045908,-0.03023902,-0.0169522,,,,,68.76,31.24,2.2,63.33,36.67,1.73,48.24,51.76,0.93,4736819.75925,2094698.27884,8872855.81273,2719376.09149,,,,,,,,
2021-06-19,2231.68,2280,2160,2163.36,6458692320.49272,842133977,852255980,788650777,807655907,-0.01809,0.01,-0.026373,0.009725,-0.01877562,-0.00418128,-0.02237619,-0.00568899,,,,,65.82,34.18,1.93,62.28,37.72,1.65,48.59,51.41,0.95,2801246.26887,1954347.47169,4767127.2148,2544106.37808,,,,,,,,
2021-06-20,2163.36,2277,2038.94,2242.7,8843014580.58313,814047477,828644115,776192898,803421643,0.005011,0.007413,-0.027454,0.002702,-0.01275395,-0.00014535,-0.02946367,-0.01446355,,,,,64.93,35.07,1.85,60.99,39.01,1.56,48.37,51.63,0.94,3220358.45111,3310884.42667,5569841.34904,5549760.16245,,,,,,,,
2021-06-21,2242.7,2259.27,1864.36,1884.77,16807604563.15447,803950435,803950435,640252068,640252068,0.004412,0.01,-0.017303,0.004528,-0.01455399,0.00378245,-0.02404748,-0.01567156,,,,,63.12,36.88,1.71,58.55,41.45,1.41,48.31,51.69,0.94,10561353.22665,4780664.11208,17611514.10771,6652511.47471,,,,,,,,
2021-06-22,1884.75,1997.8,1698.64,1878.46,14223086698.06633,652877857,697371548,603485520,607809879,0.01,0.01,-0.014657,-0.000024,-0.01102325,0.0020211,-0.01857619,-0.01163252,,,,,62.93,37.07,1.7,60.32,39.68,1.52,48.65,51.35,0.95,7483829.60608,5362257.92499,13001038.09951,7339869.12498,,,,,,,,
2021-06-23,1878.46,2044.35,1820.3,1974.5,5988322701.45917,600431870,656424902,574248934,586576984,0.004046,0.005999,-0.017668,0.000466,-0.01308387,-0.01308387,-0.03384466,-0.01781781,,,,,56.07,43.93,1.28,52.42,47.58,1.1,48.55,51.45,0.94,2958082.69333,3438782.80951,4425485.42271,5056082.76183,,,,,,,,
2021-06-24,1974.35,2018.71,1883.47,1985.21,6309052275.12139,593979756,649457106,575849238,637444919,-0.004321,0.01,-0.012367,0.01,-0.01746416,0.00941667,-0.01746416,0.00834351,,,,,61.88,38.12,1.62,57.88,42.12,1.37,48.02,51.98,0.92,1811486.5711,1806593.42206,2492365.16361,2807424.81498,,,,,,,,
2021-06-25,1985.21,2036,1790,1825.23,7706792799.19908,629601069,642722773,600984922,600984922,0.01,0.01,-0.01203,-0.004472,0.00863481,0.00863481,-0.03103749,-0.0274762,,,,,59.12,40.88,1.45,55.79,44.21,1.26,48.07,51.93,0.93,5624319.53443,2660771.44728,8728905.68391,3474022.77012,,,,,,,,
2021-06-26,1825.21,1868.92,1715,1778.02,9323165214.60001,586122051,626472625,586122051,596511051,0.004219,0.01,-0.028676,-0.006028,-0.02558337,-0.00834521,-0.02558337,-0.01849441,,,,,61.76,38.24,1.62,55.96,44.04,1.27,46.9,53.1,0.88,4003466.70431,2556613.97252,6088263.19884,4087750.78431,,,,,,,,
2021-06-27,1778.08,1893.95,1726.86,1842.97,6361445212.0451,607611594,635067766,596316434,629102942,-0.0062,-0.004412,-0.035026,-0.013178,-0.0188404,-0.00620645,-0.03869333,-0.01829183,,,,,60.89,39.11,1.56,56.2,43.8,1.28,48.65,51.35,0.95,2005113.26222,3118560.36337,2852176.33747,4458845.30024,,,,,,,,
2021-06-28,1843.04,2117.42,1805,2114.89,9182639289.2364,619065230,740898576,618631949,719173592,-0.004402,0.01,-0.004402,0.003545,-0.01686503,0.00556421,-0.01704788,-0.01128888,,,,,58.82,41.18,1.43,54.39,45.61,1.19,48.01,51.99,0.92,2885896.87078,3039503.10931,4478430.86223,4206874.26596,,,,,,,,
2021-06-29,2114.95,2235.42,2060.45,2216.61,10426609433.05365,701778149,789011936,695240114,718493187,0.008613,0.01,-0.020313,0.005024,-0.00899041,-0.00269278,-0.04081524,-0.00756801,,,,,59.27,40.73,1.46,61.01,38.99,1.57,48.58,51.42,0.95,2822613.92633,3144532.46662,3829149.68154,3995166.50253,,,,,,,,
2021-06-30,2216.76,2244.33,2087.23,2103.18,8410892784.11505,720229764,754965332,685945319,750957269,0.01,0.01,0.01,0.01,-0.00583827,0.00759659,-0.01380734,0.00337091,,,,,60.31,39.69,1.52,61.89,38.11,1.62,48.54,51.46,0.94,3818065.33884,4942602.15977,5489036.22598,7308064.47855,,,,,,,,
2021-07-01,2103.18,2290,2066,2117.51,10922800174.49298,766543876,766543876,688944497,696247537,0.01,0.01,-0.004721,-0.000924,0.00048815,0.00687631,-0.02308128,-0.01161023,,,,,58.74,41.26,1.42,61.06,38.94,1.57,48.4,51.6,0.94,4470734.40195,1800719.00432,5918343.84396,2685767.98753,,,,,,,,
2021-07-02,2117.53,2140,2016.43,2123.46,8581328488.63381,682719913,744693868,674425382,723376333,-0.000095,0.00469,-0.016565,0.004385,-0.01601158,-0.00395137,-0.02869596,-0.01302793,,,,,61.49,38.51,1.6,64.47,35.53,1.82,49.63,50.37,0.99,2473371.50153,1935993.47726,3455440.24734,3136862.0363,,,,,,,,
2021-07-03,2122.98,2239,2080.25,2224.52,6605584733.34566,703587552,808472298,688423570,780911353,0.007226,0.009608,-0.017014,0.009608,-0.01298484,0.00077341,-0.02283648,-0.00936985,,,,,59.46,40.54,1.47,59.72,40.28,1.48,48.55,51.45,0.94,1847839.9818,1835439.19981,2125062.5448,2273715.0041,,,,,,,,
2021-07-04,2224.52,2348,2186,2329.68,6463621758.98994,789184986,847354924,763002891,803220254,0.01,0.01,-0.000521,-0.000521,-0.00494887,0.00537942,-0.02456415,-0.02456415,,,,,54.52,45.48,1.2,57.22,42.78,1.34,48.9,51.1,0.96,1778103.26175,2779373.87827,2400797.86097,4253522.61338,,,,,,,,
2021-07-05,2329.69,2390,2174.88,2206,9822116438.56521,793655036,867846576,751246985,754634209,0.002538,0.01,-0.002306,0.009236,-0.02449573,0.00506264,-0.03241509,-0.00963054,,,,,59.75,40.25,1.48,60.48,39.52,1.53,48.31,51.69,0.94,3313945.26939,1662680.99421,6018817.62863,2017940.84587,,,,,,,,
2021-07-06,2206.02,2349.92,2155.04,2304.92,10564776089.92752,749010897,832104463,745744147,793144555,0.002916,0.01,-0.02597,0.01,-0.01658835,0.00244312,-0.03860043,-0.0018912,,,,,64.63,35.37,1.83,67.1,32.9,2.04,48.97,51.03,0.96,1743936.67463,3150024.3882,3260152.18038,4380549.86241,,,,,,,,
2021-07-07,2304.93,2410,2270,2341.86,7669680043.4067,795159533,896534584,781898871,829193959,0.009532,0.01,0.000127,0.01,-0.00306376,0.0082662,-0.00845226,-0.00845226,,,,,64.63,35.37,1.83,67.1,32.9,2.04,48.97,51.03,0.96,1411846.68821,1526664.38426,2429099.50317,1871314.01021,,,,,,,,
2021-07-08,2341.9,2370,2123.42,2172.73,8657285439.06782,835284362,835284362,770287821,781605287,0.01,0.01,-0.003933,0.01,-0.00911152,0.00386674,-0.02208909,-0.00605184,,,,,62.7,37.3,1.68,65.21,34.79,1.87,48.33,51.67,0.94,4380193.78491,1564488.47457,8891577.8911,1991161.36361,,,,,,,,
2021-07-09,2172.66,2189.27,2045,2171.8,9027466936.29999,781364055,872200272,774434037,870534731,0.01,0.01,-0.016452,0.01,-0.00952714,0.00581803,-0.02260584,-0.00330109,,,,,64.32,35.68,1.8,64.41,35.59,1.81,48.5,51.5,0.94,3347165.78534,2815871.94043,5155390.60032,3660401.51814,,,,,,,,
2021-07-10,2171.84,2195,2085,2118.5,5803929974.76096,855367759,870874669,843700900,857049067,0.01,0.01,0.01,0.01,-0.00359491,0.00953248,-0.00951763,-0.00394506,,,,,63.38,36.62,1.73,60.12,39.88,1.51,48.56,51.44,0.94,2284159.74944,1640041.03497,2853517.96551,2477127.46758,,,,,,,,
2021-07-11,2118.45,2160,2073,2144.75,5141906486.43843,855383952,884317007,841313372,867948113,0.01,0.01,0.01,0.01,-0.00451759,0.00460621,-0.01289415,-0.00016872,,,,,64.86,35.14,1.85,62.39,37.61,1.66,48.41,51.59,0.94,753983.35241,1791739.93382,1009903.35241,2075776.83181,,,,,,,,
2021-07-12,2144.83,2175,2082.3,2086.8,4809791615.69122,864921530,941952996,853478381,941952996,0.01,0.01,0.01,0.01,-0.00435619,0.00465832,-0.01810824,-0.00615572,,,,,64.45,35.55,1.81,63.27,36.73,1.72,48.6,51.4,0.95,2716578.28438,755615.13455,3730694.40003,810998.91487,,,,,,,,
2021-07-13,2086.85,2097,1960,1997.8,7814992578.71483,945136632,947851281,897031250,898657494,0.01,0.01,-0.001418,0.01,-0.00699954,-0.00211482,-0.01979578,-0.00776429,,,,,69.09,30.91,2.24,67.5,32.5,2.08,48.53,51.47,0.94,4241100.81183,1720464.5062,7214825.24546,2086153.48193,,,,,,,,
2021-07-14,1997.79,2018.55,1862.32,1995.03,8668143816.80848,907594363,965360405,898063849,923874418,0.01,0.01,-0.009446,-0.004641,-0.00565471,0.00135757,-0.0192699,-0.01368523,,,,,68.78,31.22,2.2,67.34,32.66,2.06,48.77,51.23,0.95,3199135.61101,2819886.19907,4518739.36522,3967904.38097,,,,,,,,
2021-07-15,1995.02,2042.1,1882.38,1913.32,7503563970.13541,915288127,943149190,895123070,934355540,-0.001709,0.01,-0.001709,0.01,-0.01250903,0.00466656,-0.01250903,-0.01113476,,,,,66.58,33.42,1.99,63.75,36.25,1.76,48.53,51.47,0.94,2772990.19456,1643986.88396,4427167.91044,2026232.55909,,,,,,,,
2021-07-16,1913.32,1965.85,1846,1933.74,7348072871.91554,925668975,969883296,905551450,905551450,0.009701,0.01,0.009701,0.01,-0.01202504,0.00724803,-0.01202504,-0.00743407,,,,,69.69,30.31,2.3,67.7,32.3,2.1,48.48,51.52,0.94,3417856.8764,1991846.97338,4622688.33494,2480602.58031,,,,,,,,
2021-07-17,1933.76,1940,1841,1885.86,6093578228.38079,901577735,947602867,897406339,932053813,0.006788,0.01,0.004087,0.006931,-0.00990003,-0.00019694,-0.01124842,-0.01124842,,,,,65.18,34.82,1.87,63.22,36.78,1.72,48.35,51.65,0.94,1939180.70465,1759981.43364,2591927.00706,1964768.10523,,,,,,,,
2021-07-18,1885.88,1994.26,1879.04,1889.65,6374577378.55183,932273637,983118998,915285651,916992157,0.005294,0.01,0.005294,0.01,-0.01377269,0.00826279,-0.01377269,-0.00188593,,,,,62.76,37.24,1.69,59.27,40.73,1.46,48.76,51.24,0.95,1584321.87181,1998716.91893,2701106.51784,2856668.74365,,,,,,,,
2021-07-19,1889.64,1928,1801,1819.11,6675224756.64967,914586189,983582510,910412369,983582510,0.01,0.01,-0.004065,0.007913,-0.00629759,0.00110657,-0.01774301,-0.00677703,,,,,69.87,30.13,2.32,66.18,33.82,1.96,48.27,51.73,0.93,3043110.43222,734316.08286,4789950.95966,916709.32802,,,,,,,,
2021-07-20,1819.26,1841.34,1715,1803.87,7665338845.27359,977353857,977353857,869072960,875550930,0.000367,0.002506,-0.041655,0.000537,-0.01222086,-0.0011834,-0.03546246,-0.00982636,,,,,69.38,30.62,2.27,65.63,34.37,1.91,48.35,51.65,0.94,4042458.74633,1859093.86399,6201517.09004,2970724.45175,,,,,,,,
2021-07-21,1803.87,1958.91,1752.35,1953.65,7405340909.7336,883510869,1020511776,873239067,884487601,-0.005155,0.001444,-0.033095,-0.027696,-0.01306333,0.0013078,-0.02187635,-0.02187635,,,,,61.02,38.98,1.57,58.46,41.54,1.41,48.51,51.49,0.94,1870512.71922,5022515.41817,2945825.24259,7391019.03024,,,,,,,,
2021-07-22,1953.65,2045.75,1931.42,2033.07,10422739463.66217,895545245,967753693,885837490,926162529,-0.029005,0.01,-0.031437,0.01,-0.02343495,0.00549605,-0.02343495,-0.0003457,,,,,63.62,36.38,1.75,62.08,37.92,1.64,48.38,51.62,0.94,1816662.93541,2000393.75338,2401547.42999,2525961.42674,,,,,,,,
2021-07-23,2033.13,2094.83,1989,2047.17,5500636535.81362,938481576,981036962,937582765,981036962,0.01,0.01,0.006848,0.01,0.00019886,0.00892458,-0.00955847,-0.00688125,,,,,59.58,40.42,1.47,62.64,37.36,1.68,48.66,51.34,0.95,1682111.71915,3878833.31622,2643587.46034,5200535.95777,,,,,,,,
2021-07-24,2047.18,2179.99,1995.02,2149.49,6766687289.50046,999438819,1097075921,997094385,1054309489,0.01,0.01,0.005581,0.005581,-0.00779354,0.00546961,-0.01243526,-0.01243526,,,,,62.16,37.84,1.64,63.13,36.87,1.71,48.54,51.46,0.94,1197480.7925,2427586.9607,1552878.76747,3348201.06866,,,,,,,,
2021-07-25,2149.49,2198,2106.12,2136.85,6172906805.49344,1062793353,1080777790,1033268908,1043303705,-0.002494,0.01,-0.014716,0.01,-0.01631789,-0.00698918,-0.02383084,-0.01346613,,,,,58.65,41.35,1.42,60.91,39.09,1.56,49.24,50.76,0.97,1513302.44723,1871677.33288,2277389.36695,2335449.51099,,,,,,,,
2021-07-26,2136.85,2392.32,2120.88,2331.85,9283767946.3935,1044853076,1077194596,874594773,874594773,0.01,0.01,0.01,0.01,-0.01255577,0.01061324,-0.01255577,-0.00179413,,,,,56.89,43.11,1.32,59.92,40.08,1.5,49.18,50.82,0.97,4045212.10319,8191277.87648,6422135.31801,10497045.46339,,,,,,,,
2021-07-27,2341.95,2433.53,2150,2277.62,10569920112.89564,864136417,943987277,803295199,841369234,0.01,0.01,-0.01351,0.002598,-0.00122331,0.00592269,-0.0309896,-0.01511384,,,,,61.79,38.21,1.62,63.42,36.58,1.73,48.21,51.79,0.93,3367943.93512,2945221.72577,5717957.22488,4529802.1865,,,,,,,,
2021-07-28,2277.63,2345.54,2200.04,2290.9,7724766576.47088,875226715,886995653,826036503,828197918,0.01,0.01,0.00859,0.00859,-0.01161314,0.00826829,-0.01161314,-0.00719878,,,,,64.23,35.77,1.8,64.0,36.0,1.78,48.4,51.6,0.94,2021996.98088,1860489.89265,3429814.64047,2498509.78402,,,,,,,,
2021-07-29,2290.87,2337.27,2250,2322.05,5962513753.30396,835510032,942185362,823816949,940831190,0.005641,0.01,-0.001213,0.01,-0.0084109,0.00580604,-0.0101828,-0.00158189,,,,,61.36,38.64,1.59,62.96,37.04,1.7,48.11,51.89,0.93,698216.37151,1432807.0811,889576.37151,2622935.42379,,,,,,,,
2021-07-30,2322.04,2473.99,2301,2461.72,10457275937.32528,968290328,1036299163,968215607,1020890777,0.01,0.01,-0.004762,0.01,-0.00127445,0.01064408,-0.01247445,-0.00107879,,,,,55.39,44.61,1.24,58.11,41.89,1.39,48.59,51.41,0.95,1371104.42919,3205309.47825,2995364.92487,4750887.43466,,,,,,,,
2021-07-31,2461.52,2553.8,2421.76,2530.49,5836744313.47873,1029767424,1105237613,1026264124,1100232133,0.01,0.01,0.01,0.01,-0.00203098,0.00750086,-0.00742213,-0.00742213,,,,,58.88,41.12,1.43,60.49,39.51,1.53,48.53,51.47,0.94,928064.31261,2374129.18653,1184102.00813,3134666.62867,,,,,,,,
2021-08-01,2530.37,2699,2511.88,2554.71,10920120105.55802,1092652284,1169471929,1092652284,1099874445,0.01,0.01,0.01,0.01,-0.00778434,0.00539321,-0.01231164,-0.00910766,,,,,58.43,41.57,1.41,60.16,39.84,1.51,48.66,51.34,0.95,3075708.72353,4589860.05272,5424427.7069,6304753.3778,,,,,,,,
2021-08-02,2554.72,2666.91,2506.11,2607.09,9682060965.51375,1051235706,1217304535,1044913061,1157718961,0.01,0.01,0.01,0.01,-0.01206328,0.00116006,-0.01206328,-0.00708955,,,,,63.39,36.61,1.73,65.53,34.47,1.9,48.04,51.96,0.93,2379128.49447,2525776.034,3516614.31646,3043600.35685,,,,,,,,
2021-08-03,2607.09,2633.27,2441,2506.87,10108100387.08428,1162464503,1162464503,1053772182,1067414686,0.01,0.01,-0.002886,0.01,-0.00821556,0.00191867,-0.01856321,-0.00789621,,,,,62.38,37.62,1.66,63.35,36.65,1.73,48.15,51.85,0.93,4495771.53044,1792928.63602,8579426.63791,2333066.55611,,,,,,,,
2021-08-04,2506.5,2775.06,2456.83,2725,12028075864.36323,1064594857,1266933527,1059394730,1218926308,0.000399,0.01,-0.00626,0.01,-0.01312982,0.00928605,-0.01312982,0.00400192,,,,,64.73,35.27,1.84,66.78,33.22,2.01,48.17,51.83,0.93,2123973.92108,4438551.45165,2983077.01048,7130854.93937,,,,,,,,
2021-08-05,2725,2845.9,2527.1,2826.8,16018016777.43669,1222993670,1302400585,1189827130,1274740866,0.01,0.01,0.01,0.01,0.00268975,0.00879358,-0.00673466,-0.00673466,,,,,62.49,37.51,1.67,61.86,38.14,1.62,48.06,51.94,0.93,4176435.87442,4714097.46027,7740959.68693,7206544.86348,,,,,,,,
2021-08-06,2826.81,2948.36,2720.31,2892.3,11184520108.11387,1280983866,1351643615,1240066540,1287595829,0.01,0.01,0.01,0.01,-0.00737445,0.00988236,-0.00737445,-0.00091143,,,,,57.42,42.58,1.35,59.95,40.05,1.5,48.04,51.96,0.93,2012728.39581,3501177.49628,3378985.4638,4570949.93831,,,,,,,,
2021-08-07,2892.29,3176,2865.45,3163.26,15898690341.41203,1296555501,1492071465,1292642685,1343005502,0.01,0.037788,0.01,0.016775,-0.00170722,0.01915121,-0.00823832,-0.00563787,,,,,55.04,44.96,1.22,58.79,41.21,1.43,47.6,52.4,0.91,2952153.61891,7073434.26925,5194026.30889,10014408.74726,,,,,,,,
2021-08-08,3163.26,3195.67,2950.45,3014.06,12960449808.21668,1413979687,1413979687,1287910544,1298329772,0.013457,0.042179,0.01,0.019188,-0.00658787,0.02006803,-0.01583119,0.0038039,,,,,61.13,38.87,1.57,60.54,39.46,1.53,48.24,51.76,0.93,4369189.80954,3176328.44584,7681683.82639,4047108.5934,,,,,,,,
2021-08-09,3014.06,3190.8,2890.03,3163.43,15308735039.26212,1278221888,1464950657,1278221888,1455819053,0.014006,0.039984,0.01,0.030525,-0.00135939,0.01481019,-0.0040864,0.00444277,,,,,63.19,36.81,1.72,65.46,34.54,1.9,48.18,51.82,0.93,3577563.22293,4845521.56727,6598635.19799,6137221.49834,,,,,,,,
2021-08-10,3163.43,3239.13,3053.24,3143.98,12593193909.49295,1477568701,1480256778,1435836153,1446011708,0.045826,0.054579,0.01,0.04321,0.00795226,0.02020807,-0.00649462,0.01188124,,,,,61.85,38.15,1.62,61.66,38.34,1.61,45.08,54.92,0.82,2791350.62396,3483242.05659,4361577.54213,5199194.12475,,,,,,,,
2021-08-11,3143.97,3279.78,3120.69,3161.52,10414568800.6916,1448997620,1539437547,1429250344,1429250344,0.043293,0.045951,0.01,0.01,0.00983151,0.02475801,-0.01395065,-0.01395065,,,,,62.69,37.31,1.68,64.48,35.52,1.82,48.38,51.62,0.94,1908761.5928,3487943.32556,3104403.61461,4879960.98825,,,,,,,,
2021-08-12,3161.52,3241.57,2981,3046.74,11283541296.55058,1430795554,1467669934,1226877571,1226877571,0.01,0.023226,0.01,0.01,-0.01778054,0.00890685,-0.01778054,-0.00808968,,,,,65.65,34.35,1.91,66.25,33.75,1.96,48.25,51.75,0.93,5636824.92963,2497848.59372,11100359.54929,3108418.76257,,,,,,,,
2021-08-13,3046.63,3332.88,3034.35,3324.12,10523683003.89431,1257069382,1506897744,1257069382,1474574018,0.01,0.047662,0.01,0.01,-0.0090041,0.02042237,-0.0090041,0.0009293,,,,,66.65,33.35,2.0,67.64,32.36,2.09,47.85,52.15,0.92,978475.45726,5257226.75813,1420776.82418,8130790.03402,,,,,,,,
2021-08-14,3324.12,3337.99,3210,3266.31,7541714649.36931,1482175783,1582595690,1462168478,1549930074,0.01,0.073759,0.01,0.041498,0.00045543,0.02502892,0.00045543,0.01085919,,,,,62.58,37.42,1.67,63.47,36.53,1.74,48.37,51.63,0.94,2097257.09993,1493102.72586,4876774.5094,1835569.02666,,,,,,,,
2021-08-15,3266.31,3326,3109,3312.31,9176131997.76144,1556152777,1556152777,1374216861,1422785378,0.037615,0.037615,0.01,0.01,0.00944499,0.01747184,-0.00606733,-0.00099837,,,,,64.63,35.37,1.83,67.88,32.12,2.11,48.49,51.51,0.94,1799278.42742,2888644.89149,3284576.21435,4525040.04991,,,,,,,,
2021-08-16,3312.31,3343,3133.33,3146.83,9163795713.80233,1445935783,1500580624,1364378136,1365419119,0.01,0.090847,0.01,0.01,-0.00198433,0.04477731,-0.00770747,-0.0061383,,,,,65.99,34.01,1.94,67.49,32.51,2.08,48.31,51.69,0.94,4305640.42385,2031964.42001,6911031.02387,2655763.61509,,,,,,,,
2021-08-17,3146.82,3294.23,2992,3014.64,11313012517.2628,1367385072,1400970055,1271491737,1281728893,0.01,0.01,0.01,0.01,-0.00550168,0.00958044,-0.00788135,0.00397563,,,,,72.1,27.9,2.58,73.47,26.53,2.77,48.68,51.32,0.95,5897014.26787,2230299.40791,11074792.99448,3574169.73107,,,,,,,,
2021-08-18,3014.63,3125.92,2950,3014.25,8869366033.77521,1278857410,1309252886,1237364317,1256084123,0.01,0.01,0.01,0.01,0.00256066,0.01267819,-0.00250448,0.00379508,,,,,71.27,28.73,2.48,71.17,28.83,2.47,47.81,52.19,0.92,3525522.70142,2093743.85055,4871591.27396,2728457.36656,,,,,,,,
2021-08-19,3014.31,3194,2958.8,3186.8,8507856445.58557,1245847246,1296289511,1245847246,1280490456,0.01,0.01,0.01,0.01,0.00403324,0.01013545,0.00266766,0.00266766,,,,,68.08,31.92,2.13,64.23,35.77,1.8,47.86,52.14,0.92,1637693.95457,2755589.66074,2527789.28882,5069135.56999,,,,,,,,
2021-08-20,3186.76,3308.26,3180,3286.62,7213452782.77991,1289351910,1420455406,1289351910,1305381287,0.01,0.037504,0.01,0.037504,0.00255173,0.02674658,0.00255173,0.02132254,,,,,65.86,34.14,1.93,63.35,36.65,1.73,48.07,51.93,0.93,1055033.51086,5393639.7165,1664139.09673,6429265.13392,,,,,,,,
2021-08-21,3286.65,3313.9,3207.12,3226.4,6008884836.4173,1310025611,1361133247,1280674503,1296241265,0.036224,0.036224,0.01,0.034191,0.02025682,0.02025682,0.0032122,0.01038645,,,,,64.52,35.48,1.82,65.36,34.64,1.89,48.25,51.75,0.93,1669362.87233,1298016.87911,2349811.94696,1419043.00877,,,,,,,,
2021-08-22,3226.39,3276.42,3124.35,3241.29,5663843307.23699,1293749671,1318338185,1232994030,1232994030,0.036732,0.038549,0.011486,0.011486,0.01255658,0.01835433,-0.0040337,-0.0040337,,,,,64.31,35.69,1.8,66.68,33.32,2.0,48.04,51.96,0.93,1935163.66607,1006353.60403,3112009.19847,2785938.78536,,,,,,,,
2021-08-23,3241.29,3383,3233.07,3323.01,8081388902.22152,1220654692,1492547364,1220654692,1435075144,0.01,0.121525,0.01,0.033423,-0.00397376,0.05529619,-0.00854707,0.00682398,,,,,65.78,34.22,1.92,65.76,34.24,1.92,47.97,52.03,0.92,1266159.23577,2831102.15254,1833774.20015,4435354.40632,,,,,,,,
2021-08-24,3323,3362,3145,3173.98,8206516238.77443,1423381493,1504714173,1403899198,1457890537,0.035035,0.060244,0.029939,0.060244,0.00579029,0.02352655,0.00579029,0.0160671,,,,,63.74,36.26,1.76,66.18,33.82,1.96,48.21,51.79,0.93,4136107.75001,1319659.23708,6729100.24752,1490303.21668,,,,,,,,
2021-08-25,3173.99,3249,3078.52,3227.9,7632984481.50299,1439655410,1458752037,1222846989,1227640481,0.055893,0.055893,0.01,0.01,0.0143323,0.01615582,-0.00318073,0.00264633,,,,,70.05,29.95,2.34,70.47,29.53,2.39,48.26,51.74,0.93,2221146.93083,1974233.33933,4309284.40412,2497095.19703,,,,,,,,
2021-08-26,3227.9,3254,3052,3093.77,7377056089.36646,1223365143,1237816149,1190951229,1190951229,0.01,0.01,0.01,0.01,0.00087416,0.01098862,-0.00547037,0.00101748,,,,,69.7,30.3,2.3,67.94,32.06,2.12,46.92,53.08,0.88,3375401.90385,1174552.11893,5906259.50543,1393484.16166,,,,,,,,
2021-08-27,3093.81,3283,3061.44,3273.91,7072531956.44782,1171935829,1276096195,1171935829,1269001195,0.01,0.01,0.01,0.01,0.00055155,0.01423453,-0.00061469,0.01423453,,,,,67.98,32.02,2.12,67.22,32.78,2.05,47.84,52.16,0.92,779092.74044,2220657.38712,987615.86513,3035873.80805,,,,,,,,
2021-08-28,3274.12,3288.22,3209.93,3247.29,3648945920.32926,1268893032,1291449509,1204881987,1214825665,0.01,0.015025,0.01,0.01,0.01286821,0.01975897,0.01080351,0.01439977,,,,,64.84,35.16,1.84,64.07,35.93,1.78,48.05,51.95,0.93,514843.43302,627291.32632,762469.68068,775290.21265,,,,,,,,
2021-08-29,3247.47,3291.7,3150.5,3225.47,5275334477.4822,1220301461,1250008569,1144523385,1188431760,0.011082,0.020472,0.01,0.01,0.01841426,0.01881034,0.00598193,0.01026459,,,,,64.73,35.27,1.84,66.67,33.33,2.0,48.03,51.97,0.92,1048444.73712,892436.27542,2721358.46737,1391788.19243,,,,,,,,
2021-08-30,3225.47,3350,3142.38,3230.43,8211152616.41259,1183665460,1393037482,1162516193,1356655384,0.01,0.012163,0.01,0.01,0.01181095,0.01887751,0.00767384,0.01742297,,,,,65.03,34.97,1.86,65.15,34.85,1.87,47.8,52.2,0.92,1850179.59922,2148514.23227,2933030.41538,4740021.45926,,,,,,,,
2021-08-31,3230.42,3478,3187.85,3430.49,12096364791.28774,1297473743,1582069867,1202239911,1445870488,0.01,0.026192,0.01,0.016155,0.01894091,0.02880636,0.0048962,0.02137361,,,,,61.74,38.26,1.61,64.91,35.09,1.85,48.79,51.21,0.95,1603390.42654,4399701.24811,4004993.6536,6743075.99569,,,,,,,,
2021-09-01,3430.49,3849,3381.23,3831.44,12019139478.34723,1466972432,1608318123,1435458788,1603814849,0.020694,0.026231,0.01,0.01,0.02579089,0.02579089,0.00160575,0.00434727,,,,,59.26,40.74,1.46,60.47,39.53,1.53,47.96,52.04,0.92,1094889.03013,5359484.52066,2053698.04928,13059953.85418,,,,,,,,
2021-09-02,3831.42,3843.21,3723.87,3788.95,7549081577.7387,1646447661,1692341478,1640759625,1663710698,0.01,0.098951,0.01,0.031733,0.00608995,0.06358128,0.00608995,0.0313976,,,,,60.89,39.11,1.56,60.35,39.65,1.52,48.28,51.72,0.93,1213015.26966,1707778.22355,2557429.17591,1898013.87678,,,,,,,,
2021-09-03,3788.94,4036.44,3710.77,3942.79,10327360789.31388,1649202441,1777978767,1610161339,1743611099,0.028866,0.065879,0.019961,0.06214,0.0345094,0.05677155,0.02116519,0.05160267,,,,,61.56,38.44,1.6,65.32,34.68,1.88,48.59,51.41,0.95,1762400.44332,4311546.58801,3304011.1158,7227600.54125,,,,,,,,
2021-09-04,3942.83,3976.59,3835,3889.71,5898325488.2888,1765247815,1813174433,1753266274,1776949645,0.065374,0.086973,0.062798,0.071774,0.05375543,0.05375543,0.03753525,0.04450954,,,,,63.07,36.93,1.71,65.33,34.67,1.88,48.34,51.66,0.94,1485832.13048,884978.43554,2780710.18497,1295951.46218,,,,,,,,
2021-09-05,3889.95,3991.25,3837,3952.56,5811196938.83913,1774134875,1872570736,1742630888,1845401764,0.075711,0.083072,0.050063,0.083072,0.04731273,0.05468822,0.03253599,0.05468822,,,,,68.45,31.55,2.17,70.45,29.55,2.38,48.13,51.87,0.93,965232.271,1741326.7955,1680300.16088,2464628.57012,,,,,,,,
2021-09-06,3952.56,3976.6,3875,3929,5637274615.23896,1841336087,1841336087,1770274821,1770274821,0.080858,0.097921,0.041316,0.042717,0.05518641,0.06553539,0.02891946,0.03528437,,,,,69.04,30.96,2.23,70.08,29.92,2.34,47.93,52.07,0.92,3839704.82093,4072651.50222,5681422.58987,4245339.38509,,,,,,,,
2021-09-07,3929.01,3952.53,2923,3435,17683925964.5418,1761505714,1802513366,1059880109,1067722827,0.044672,0.075548,0.01,0.01,0.0358919,0.05709442,0.00953464,0.00953464,,,,,69.58,30.42,2.29,71.65,28.35,2.53,47.94,52.06,0.92,30541021.19734,8351293.66444,49845634.25127,10263134.34474,,,,,,,,
2021-09-08,3435,3562.25,3217.01,3497.99,10166656368.18684,1063042486,1063042486,968846525,1019856698,0.01,0.01,0.006409,0.01,-0.01731471,0.02936838,-0.16887815,-0.00211273,,,,,67.16,32.84,2.05,69.82,30.18,2.31,48.6,51.4,0.95,5777145.92306,6073314.68628,9939485.17962,7943186.8098,,,,,,,,
2021-09-09,3497.68,3570.34,3390,3426.42,6915543138.22192,1012438890,1041768354,991692196,1007454539,0.01,0.01,0.01,0.01,-0.00570466,0.0117076,-0.00570466,0.0067182,,,,,64.63,35.37,1.83,64.18,35.82,1.79,47.53,52.47,0.91,3882595.95057,3404454.30633,5584474.23539,4040548.37182,,,,,,,,
2021-09-10,3426.43,3517.91,3143.2,3209.84,7664627940.16254,1004492492,1063909403,1004492492,1036189230,0.01,0.01,0.01,0.01,0.00800189,0.01106169,0.00245272,0.00514852,,,,,68.05,31.95,2.13,66.85,33.15,2.02,48.05,51.95,0.93,6895982.68466,2176085.44447,12182962.98306,3637893.20267,,,,,,,,
2021-09-11,3209.85,3349.17,3199.26,3267.23,4611739068.08253,1054843877,1073447068,1027668814,1027668814,0.01,0.01,0.01,0.01,0.00585625,0.00893625,-0.0042575,0.00438947,,,,,69.09,30.91,2.24,67.96,32.04,2.12,47.47,52.53,0.9,3455791.09145,2727029.29552,4046129.8455,3570095.11288,,,,,,,,
2021-09-12,3267.28,3474.95,3230.84,3405.21,5125769479.72434,1038069885,1082959346,1029622228,1055462222,0.01,0.01,0.01,0.01,0.00215932,0.01201145,-0.00533081,0.00683144,,,,,67.87,32.13,2.11,65.14,34.86,1.87,47.84,52.16,0.92,2895483.42837,3670412.81178,5043861.92981,4425046.2286,,,,,,,,
2021-09-13,3405.65,3432.12,3107.02,3284.41,8310805804.79046,1044047146,1053191028,990751835,999525493,0.01,0.01,0.01,0.01,0.0064456,0.01037575,-0.00451066,-0.00451066,,,,,68.05,31.95,2.13,66.89,33.11,2.02,48.25,51.75,0.93,6522009.99226,3906301.50913,9337129.78563,5308449.90109,,,,,,,,
2021-09-14,3284.17,3438,3269.25,3435.42,5125766755.33178,992796626,1064213380,987124222,1035348778,0.01,0.01,0.01,0.01,-0.00581425,0.00865619,-0.00793435,0.0028351,,,,,68.34,31.66,2.16,67.3,32.7,2.06,48.2,51.8,0.93,1577754.51458,3840805.57576,1998826.1439,4710158.16416,,,,,,,,
2021-09-15,3435.29,3620,3358.08,3614.72,5721073135.86413,1041579833,1183360836,1033924898,1183360836,0.01,0.01,0.01,0.01,0.00284169,0.00615462,0.00209419,0.00244368,,,,,63.5,36.5,1.74,62.76,37.24,1.69,47.91,52.09,0.92,530038.89976,3472086.74345,652157.89632,5317780.23469,,,,,,,,
2021-09-16,3614.71,3678,3482,3570.46,6691865505.79041,1196352483,1196352483,1132529884,1182776075,0.01,0.01,0.01,0.01,0.00367293,0.00953217,-0.00364518,0.00624782,,,,,65.94,34.06,1.94,65.88,34.12,1.93,48.35,51.65,0.94,6697055.66967,2043706.21675,8613466.01295,3046597.87074,,,,,,,,
2021-09-17,3570.46,3597.52,3350,3400.99,5749935480.35686,1194030987,1208068684,1085711525,1085711525,0.01,0.011316,0.01,0.01,0.00855531,0.01113604,0.00523193,0.00529158,,,,,67.17,32.83,2.05,69.27,30.73,2.25,48.35,51.65,0.94,4638088.813,1451601.8889,6358292.35859,1895918.5909,,,,,,,,
2021-09-18,3401,3546,3370.25,3435.35,4797679754.25014,1089856424,1161497592,1089059880,1105867715,0.01,0.01,0.01,0.01,0.0041495,0.00792151,0.0023559,0.00550253,,,,,70.83,29.17,2.43,70.28,29.72,2.37,47.93,52.07,0.92,3562320.40027,1988150.71735,4486704.42007,2439311.85299,,,,,,,,
2021-09-19,3435.36,3459,3275,3328.72,4704160376.32107,1097759559,1178342092,1091331436,1128229133,0.01,0.01,0.01,0.01,0.00536207,0.00799768,-0.00050794,-0.00050794,,,,,71.16,28.84,2.47,68.54,31.46,2.18,48.01,51.99,0.92,3741748.49295,884491.30225,6905329.70175,1507734.64513,,,,,,,,
2021-09-20,3328.99,3347.99,2907.07,2978.34,11942174503.51055,1131938514,1131938514,1037341467,1037341467,0.01,0.01,0.01,0.01,-0.00138486,0.00603509,-0.00323458,0.00110266,,,,,70.22,29.78,2.36,66.81,33.19,2.01,48.19,51.81,0.93,12685416.65576,4885678.72646,22107224.4143,6386503.40675,,,,,,,,
2021-09-21,2978.5,3108.17,2647.8,2765.48,12401171515.6503,1048761511,1072452467,926202148,926202148,0.01,0.01,0.01,0.01,0.00263878,0.01001667,-0.00830476,-0.00830476,,,,,67.76,32.24,2.1,65.51,34.49,1.9,48.1,51.9,0.93,11648431.37838,7554036.63839,21498850.16717,9672189.32923,,,,,,,,
2021-09-22,2765.47,3088.88,2736.57,3076.62,7816276882.14672,951950431,1050330985,947179515,1050330985,0.01,0.01,0.01,0.01,-0.01097385,0.00380722,-0.01726276,-0.01065724,,,,,63.91,36.09,1.77,62.3,37.7,1.65,48.35,51.65,0.94,2543071.50603,5665938.3712,3760912.69067,8173250.60349,,,,,,,,
2021-09-23,3076.62,3173.99,3032.77,3150.7,6034515166.32,1054102913,1106388338,1008805127,1025395746,0.01,0.01,0.003476,0.003476,-0.01202139,0.00027091,-0.01311432,-0.01311432,,,,,62.32,37.68,1.65,57.78,42.22,1.37,48.65,51.35,0.95,1878768.71799,3020273.93818,2301019.93648,4700546.89076,,,,,,,,
2021-09-24,3150.51,3157.5,2731,2926.37,10799002520.75,1026090801,1026090801,922133761,965497372,0.000086,0.00613,-0.025075,-0.002487,-0.01575922,-0.01056004,-0.02836226,-0.01981539,,,,,64.04,35.96,1.78,63.83,36.17,1.77,49.17,50.83,0.97,6819843.0061,5698138.53192,10735881.37642,7148873.71087,,,,,,,,
2021-09-25,2926.36,2967.32,2800,2921.08,6457164743.96,954918046,987285900,904462113,912947592,-0.000835,0.01,-0.001922,0.01,-0.02141347,0.00156675,-0.02141347,-0.00207098,,,,,66.66,33.34,2.0,66.22,33.78,1.96,48.66,51.34,0.95,3597278.51382,2721910.04893,4589740.1135,3031100.07234,,,,,,,,
2021-09-26,2921.08,3116.84,2737.19,3057.63,8054495051.04,910585853,1015703317,885117766,986389230,0.01,0.01,0.000637,0.01,-0.0030118,0.00608246,-0.01960686,0.0022527,,,,,63.49,36.51,1.74,62.35,37.65,1.66,48.75,51.25,0.95,4604203.91395,6323087.28209,6324713.90655,8708827.63502,,,,,,,,
2021-09-27,3057.62,3163.9,2920.22,2923.6,6179413694.98,995735729,1053306488,954039601,954039601,0.01,0.01,0.0042,0.006176,0.00231882,0.00839114,-0.00315549,-0.00201784,,,,,59.55,40.45,1.47,59.45,40.55,1.47,48.66,51.34,0.95,3771248.54304,4191071.02889,6552557.42859,5086594.07847,,,,,,,,
2021-09-28,2923.59,2969,2781,2803.5,6838072040.93,942964914,978808486,911576130,912986449,-0.000853,0.01,-0.00929,-0.008098,-0.00846762,0.00402983,-0.01908329,-0.01908329,,,,,62.56,37.44,1.67,63.83,36.17,1.77,48.33,51.67,0.94,5486969.92864,2125115.04466,8406743.46168,2672338.96963,,,,,,,,
2021-09-29,2803.34,2949,2780,2848.38,5313405992.77,908773563,958073201,906111268,939881216,-0.008511,0.01,-0.013291,-0.013291,-0.02194969,0.00242031,-0.02194969,-0.01534644,,,,,65.6,34.4,1.91,62.9,37.1,1.7,48.78,51.22,0.95,2751943.23525,2032253.41833,3760423.45124,2515598.02826,,,,,,,,
2021-09-30,2848.38,3049.3,2835.29,2999.45,6435008400.97,937136922,961113022,910292870,914177791,-0.012976,0.01,-0.012976,0.004146,-0.01701011,0.01139162,-0.1686448,-0.00430691,,,,,68.27,31.73,2.15,63.31,36.69,1.73,48.28,51.72,0.93,2319187.72352,5842841.59522,2566274.25153,7009739.20816,,,,,,,,
2021-10-01,2999.51,3331.56,2967.1,3308.58,7652592262.42,916022852,1064696331,913636206,1032717305,0.004535,0.01,-0.001103,0.01,-0.00646531,0.00338707,-0.01007632,-0.00110008,,,,,63.86,36.14,1.77,62.43,37.57,1.66,48.56,51.44,0.94,2094233.19863,9268066.78813,2740094.17959,13694984.65589,,,,,,,,
2021-10-02,3308.59,3471.58,3257.05,3387.25,5315842755.22,1031888366,1129756140,1031743996,1086915771,0.01,0.01,0.01,0.01,0.00020385,0.00819718,0.00020385,0.00511127,,,,,60.74,39.26,1.55,60.81,39.19,1.55,48.93,51.07,0.96,1681724.01283,3425106.96325,2188985.80893,4955758.63186,,,,,,,,
2021-10-03,3387.24,3489.22,3340,3418.25,4476787486.83,1066684951,1129835434,1065655814,1103456750,0.01,0.01,0.01,0.01,0.00242505,0.00632174,0.00242505,0.00518437,,,,,62.11,37.89,1.64,64.78,35.22,1.84,48.96,51.04,0.96,2402904.29291,2001441.47781,2817876.29509,2733438.47113,,,,,,,,
2021-10-04,3418.21,3440,3268.81,3386.12,6561590399.91,1103136126,1158891848,1077910160,1122389454,0.01,0.01,0.01,0.01,0.00612083,0.01159603,0.00213016,0.01055014,,,,,62.85,37.15,1.69,65.25,34.75,1.88,48.78,51.22,0.95,4609581.88794,3185551.03187,6900361.54019,5043906.60897,,,,,,,,
2021-10-05,3386.12,3549.9,3363.56,3517.64,5069248109.39,1125316563,1210816641,1125316563,1203876985,0.01,0.01,0.01,0.01,0.01032141,0.01416062,0.00501855,0.01231089,,,,,61.84,38.16,1.62,64.04,35.96,1.78,48.76,51.24,0.95,1008977.27705,3325547.8781,1372073.57766,4446966.97824,,,,,,,,
2021-10-06,3517.65,3638,3339.67,3576.85,7448160208.28,1208616162,1273605059,1152699276,1273040293,0.01,0.059473,0.01,0.045439,0.01462558,0.03546162,0.00082346,0.02863896,,,,,61.12,38.88,1.57,62.55,37.45,1.67,49.02,50.98,0.96,4161569.13995,4816399.09481,5627789.8099,6668279.8423,,,,,,,,
2021-10-07,3576.9,3659.98,3470.37,3589.85,6455672068.89,1264900392,1315758434,1237663345,1255574633,0.032294,0.038386,0.013123,0.022832,0.02360376,0.02724687,0.00652383,0.01528435,,,,,65.82,34.18,1.93,67.44,32.56,2.07,48.23,51.77,0.93,4457040.50327,2737795.06426,6866209.65077,3568437.07558,,,,,,,,
2021-10-08,3589.85,3675.41,3531,3563.81,5418795459.37,1227466108,1294065959,1200752182,1206579776,0.018964,0.035132,0.01,0.01,0.01388451,0.02173978,0.00678761,0.00773233,,,,,64.61,35.39,1.83,67.12,32.88,2.04,48.09,51.91,0.93,2435970.89643,1601680.65646,4420985.52814,1839623.10463,,,,,,,,
2021-10-09,3563.82,3639,3538.1,3577.8,3256215415.19,1203195607,1228152650,1198872496,1211051923,0.01,0.01,0.01,0.01,0.00765447,0.01678262,0.00559965,0.00967346,,,,,65.04,34.96,1.86,66.32,33.68,1.97,48.36,51.64,0.94,997286.0328,534446.05675,1184252.53843,976256.34201,,,,,,,,
2021-10-10,3577.65,3607.55,3402.12,3415.01,5351159846.6,1211595941,1235791417,1147149914,1164523863,0.01,0.01,0.01,0.01,0.01102552,0.01102552,-0.00413854,-0.00321649,,,,,65.95,34.05,1.94,67.1,32.9,2.04,48.1,51.9,0.93,3426415.41142,751309.02064,5111442.19004,932700.64826,,,,,,,,
2021-10-11,3415.01,3629,3368,3543.1,6619834740.55,1162630288,1197509409,1115001104,1147312372,0.01,0.038201,0.01,0.01,-0.00755096,0.03090592,-0.00755096,0.00597304,,,,,66.74,33.26,2.01,67.2,32.8,2.05,48.03,51.97,0.92,2745929.50607,2801268.72796,4200231.80675,3349626.01198,,,,,,,,
2021-10-12,3543.09,3549.82,3404,3492.91,6904219807.68,1162491311,1162491311,1065359524,1071155770,0.01,0.01,0.01,0.01,0.00640644,0.01519321,0.00245771,0.01263244,,,,,67.95,32.05,2.12,67.35,32.65,2.06,47.86,52.14,0.92,3253346.28074,2366129.47204,5479791.08727,3071588.97137,,,,,,,,
2021-10-13,3492.9,3618,3412.29,3610.05,5706712037.25,1068191307,1144513525,1068191307,1144513525,0.01,0.01449,0.01,0.01449,0.01476041,0.02357905,0.00431187,0.02114775,,,,,67.36,32.64,2.06,67.29,32.71,2.06,47.82,52.18,0.92,2080146.02772,4590900.24496,2706082.24524,5494983.61458,,,,,,,,
2021-10-14,3610.24,3830,3590.02,3794.19,6458454034.21,1137466980,1365023534,1137466980,1354885890,0.018878,0.045039,0.018878,0.039579,0.02162128,0.03612992,0.01643371,0.02291765,,,,,64.98,35.02,1.86,64.68,35.32,1.83,47.8,52.2,0.92,4022580.4804,8405791.99011,4328417.98292,11420310.64075,,,,,,,,
2021-10-15,3794.18,3915,3737.13,3872.71,6976428121.32,1359890772,1449059555,1346824407,1380719990,0.041282,0.047403,0.023133,0.032646,0.02530234,0.04034523,0.02333537,0.03010505,,,,,63.06,36.94,1.71,65.8,34.2,1.92,48.3,51.7,0.93,1925987.31331,4749692.94427,3101802.24329,6654961.77414,,,,,,,,
2021-10-16,3872.7,3980,3801.38,3833.3,5430282880.09,1388974826,1538059757,1375500217,1421122116,0.031393,0.083755,0.023527,0.032896,0.03135499,0.0592147,0.0200287,0.02311447,,,,,65.84,34.16,1.93,67.26,32.74,2.05,48.05,51.95,0.93,1856198.50442,3099096.90463,2559462.57486,4622110.66757,,,,,,,,
2021-10-17,3833.29,3925.95,3634.32,3851.01,6139947002.8,1415515000,1503919581,1390841309,1390841309,0.033306,0.062506,0.01907,0.020399,0.02580868,0.03684041,0.00605812,0.01225768,,,,,66.72,33.28,2.01,68.43,31.57,2.17,47.86,52.14,0.92,2685369.6747,4175688.8495,4054215.96726,4560484.82297,,,,,,,,
2021-10-18,3851.17,3898.94,3675.5,3748.31,6693052732.25,1395254631,1433408907,1352422247,1361190998,0.023859,0.045891,0.019583,0.038525,0.01458273,0.0344275,0.01186573,0.03383656,,,,,69.06,30.94,2.23,70.02,29.98,2.34,48.26,51.74,0.93,4838159.84808,1227702.85095,7465740.83833,1446097.31219,,,,,,,,
2021-10-19,3748.1,3893,3734.93,3881.48,6729655845.37,1360882813,1468397205,1360882813,1468397205,0.036801,0.03949,0.01,0.017446,0.03487396,0.03487396,0.00984203,0.01819456,,,,,71.29,28.71,2.48,70.77,29.23,2.42,47.93,52.07,0.92,854857.16069,2283957.8302,1909184.90347,2966126.97118,,,,,,,,
2021-10-20,3881.49,4173.5,3830,4164.14,9113609816.93,1483333844,1710809844,1440421810,1710809844,0.029958,0.088663,0.018226,0.058749,0.02425251,0.05896934,0.0144065,0.04751781,,,,,69.56,30.44,2.29,68.83,31.17,2.21,48.13,51.87,0.93,1047947.8405,7391090.61696,1317787.8405,12911345.67759,,,,,,,,
2021-10-21,4164.13,4389.6,4006.83,4057.26,15868843250.32,1730401373,1841274632,1707118032,1719246428,0.050739,0.111969,0.034081,0.034081,0.04444252,0.08458933,0.01881879,0.01881879,,,,,67.47,32.53,2.07,67.85,32.15,2.11,47.92,52.08,0.92,7108648.45543,7921270.80233,11579414.83687,13221803.73831,,,,,,,,
2021-10-22,4057.26,4172.52,3888,3975.56,7415470747.79,1704871907,1748418077,1694245969,1694245969,0.035217,0.048393,0.021357,0.021357,0.01659522,0.03565959,0.01659522,0.01850562,,,,,73.38,26.62,2.76,76.69,23.31,3.29,48.43,51.57,0.94,3514962.16138,2047738.87948,8273354.92565,2617325.89497,,,,,,,,
2021-10-23,3975.55,4177.27,3940.6,4170.5,6045476613.24,1673461022,1673461022,1585875160,1611475978,0.023835,0.029128,0.01517,0.016239,0.02084705,0.02621354,0.01817089,0.01901694,,,,,75.94,24.06,3.16,76.33,23.67,3.23,48.29,51.71,0.93,1164583.15544,3725529.77328,1993169.26546,4242142.35949,,,,,,,,
2021-10-24,4170.5,4191.72,3962.86,4084.61,6102871168.36,1644950510,1660992915,1627594516,1638557200,0.018939,0.061766,0.018939,0.02222,0.02168394,0.04171846,0.006218,0.00930116,,,,,73.43,26.57,2.76,74.1,25.9,2.86,48.42,51.58,0.94,3484213.99324,1301787.96634,4692269.86655,1625518.78615,,,,,,,,
2021-10-25,4084.6,4240.03,4071.37,4224.14,5777420181.52,1627568449,1664575046,1586537348,1654010574,0.019376,0.057839,0.019376,0.041999,0.00854435,0.039449,0.00854435,0.02960938,,,,,75.69,24.31,3.11,77.27,22.73,3.4,48.55,51.45,0.94,508762.25097,2959544.19501,943072.00932,3310150.50647,,,,,,,,
2021-10-26,4224.13,4306.61,4092,4133.39,6961706936.28,1701799391,1754324221,1674761354,1707047383,0.039186,0.063357,0.035396,0.03671,0.02689074,0.03797693,0.0188275,0.0188275,,,,,72.18,27.82,2.6,73.53,26.47,2.78,48.48,51.52,0.94,4110260.41291,2395831.53959,6861942.91282,3231050.5334,,,,,,,,
2021-10-27,4133.37,4319,3900,3923.57,10420230230.67,1708807149,1745269242,1528849851,1528849851,0.030978,0.059827,0.01,0.018544,0.01468068,0.03088464,-0.01414369,0.00393991,,,,,73.13,26.87,2.72,75.16,24.84,3.03,48.5,51.5,0.94,11462769.23127,5154072.37218,18760253.593,5734475.01308,,,,,,,,
2021-10-28,3923.58,4300,3887.75,4288.96,9165307058.41,1537140185,1714626530,1499276855,1601068439,0.019716,0.030916,0.01,0.030128,0.005686,0.02163217,-0.00298857,0.01178568,,,,,71.79,28.21,2.55,70.74,29.26,2.42,48.73,51.27,0.95,2052494.5884,7408861.20438,3895310.21716,9595554.70131,,,,,,,,
2021-10-29,4288.91,4467.89,4269.16,4421.53,8133811393.84,1588779755,1931625174,1588779755,1868544539,0.025961,0.044698,0.017312,0.017312,0.00906776,0.04126159,0.00906776,0.01163151,,,,,66.07,33.93,1.95,66.43,33.57,1.98,48.2,51.8,0.93,1337120.91958,6499453.53579,1752589.66494,8117976.87372,,,,,,,,
2021-10-30,4421.53,4438.85,4230.55,4324.82,4951186820.19,1871341197,1871341197,1746492703,1753971327,0.013176,0.049181,0.010319,0.014765,0.00785436,0.02709809,-0.00005519,-0.00005519,,,,,65.92,34.08,1.93,69.32,30.68,2.26,48.87,51.13,0.96,4209040.60512,2946813.30797,6077090.41229,3195668.956,,,,,,,,
2021-10-31,4324.82,4399.22,4161,4288.86,5597483160.19,1763447760,1788224891,1635394076,1663163569,0.013772,0.029156,0.01,0.028763,-0.00052871,0.02256266,-0.00052871,0.01599362,,,,,70.38,29.62,2.38,74.0,26.0,2.85,48.74,51.26,0.95,3269882.24788,2123829.15588,5633133.1894,2638385.30169,,,,,,,,
2021-11-01,4288.87,4385.57,4145,4322.72,6622146485.34,1658544519,1693649240,1604570733,1693649240,0.024222,0.04167,0.01,0.01786,0.01202129,0.02853102,0.00098608,0.00098608,,,,,71.64,28.36,2.53,72.8,27.2,2.68,48.48,51.52,0.94,2138779.15025,2453454.6343,3207600.31436,2824446.69776,,,,,,,,
2021-11-02,4322.72,4604.96,4286.67,4593.88,6575343802.95,1665592779,1898740341,1657090153,1877274488,0.020856,0.083477,0.011974,0.011974,-0.00051004,0.0621929,-0.00051004,0.00155493,,,,,71.69,28.31,2.53,74.38,25.62,2.9,48.6,51.4,0.95,631564.24221,10135255.38647,864139.05301,13260933.24463,,,,,,,,
2021-11-03,4593.17,4676,4456.78,4606.59,6511209814.463,1904928936,1911997873,1829166805,1864493855,0.01,0.056781,0.01,0.054179,0.00005549,0.03433138,0.00005549,0.02858835,,,,,64.18,35.82,1.79,67.36,32.64,2.06,49.01,50.99,0.96,2858593.15355,3802319.09746,5207183.35099,6112525.3066,,,,,,,,
2021-11-04,4606.59,4611.23,4423.09,4535.37,5407984557.42219,1867616035,1867616035,1764342431,1774106949,0.048111,0.048111,0.021826,0.022217,0.02562074,0.02835886,0.00205576,0.00527978,,,,,66.4,33.6,1.98,71.08,28.92,2.46,49.19,50.81,0.97,3873301.80985,984127.36607,7754299.95816,1310024.12771,,,,,,,,
2021-11-05,4535.38,4575,4445.1,4477.29,4357886300.8156,1780439633,1780439633,1735114555,1758246657,0.022454,0.040863,0.014366,0.038803,0.0036702,0.01508353,0.00073278,0.00577813,,,,,71.41,28.59,2.5,74.41,25.59,2.91,49.12,50.88,0.97,2350561.47123,930392.07256,2974136.26925,1061449.1126,,,,,,,,
2021-11-06,4477.29,4538.29,4325.91,4521.4,4713733443.9043,1750702442,1783815772,1703692763,1703692763,0.040474,0.05512,0.01,0.021079,0.00619904,0.01921916,-0.00817533,0.01246005,,,,,72.74,27.26,2.67,74.53,25.47,2.93,48.89,51.11,0.96,2587763.38806,1881477.77044,5317798.48387,2464781.48407,,,,,,,,
2021-11-07,4521.7,4642.76,4505.41,4616.5,3816125862.814,1711906661,1804294902,1711906661,1794347264,0.023124,0.042308,0.018532,0.021885,0.01207093,0.0275791,0.0045036,0.00528138,,,,,71.85,28.15,2.55,72.73,27.27,2.67,48.66,51.34,0.95,504515.93697,3453615.39109,896465.93697,6354607.80186,,,,,,,,
2021-11-08,4616.51,4830.66,4615.21,4814.3,5752882269.1702,1863338603,1908536170,1844102730,1870518480,0.021003,0.054974,0.01,0.01,0.00306881,0.04076452,-0.00148173,-0.00148173,,,,,67.43,32.57,2.07,70.49,29.51,2.39,48.88,51.12,0.96,480451.61866,14373649.8276,736401.61866,15801830.1445,,,,,,,,
2021-11-09,4814.13,4844.97,4714.83,4734.98,5516030483.0681,1882382028,1890706643,1788271939,1788271939,0.01,0.032703,0.01,0.016725,0.0029031,0.0178735,-0.00661725,0.01183492,,,,,64.61,35.39,1.83,67.68,32.32,2.09,48.98,51.02,0.96,1840124.67646,3224631.16418,4272624.90252,5600428.80264,,,,,,,,
2021-11-10,4734.99,4877.54,4450,4632.21,8561977805.6366,1794526540,1849222612,1654015716,1683988042,0.021118,0.045283,0.01,0.015049,0.01256398,0.03084573,0.00206567,0.00933819,,,,,65.31,34.69,1.88,69.82,30.18,2.31,49.05,50.95,0.96,8300375.49046,4963890.61808,16443215.78171,6805556.05515,,,,,,,,
2021-11-11,4632.42,4783.12,4580.9,4721.19,5380005244.9182,1681982259,1744964334,1653345088,1728081182,0.017248,0.035258,0.01,0.01,0.00646798,0.01649027,-0.00350358,0.00093402,,,,,68.87,31.13,2.21,71.36,28.64,2.49,49.28,50.72,0.97,580315.43171,1088499.54045,1280163.31725,1785346.76099,,,,,,,,
2021-11-12,4721.18,4811,4508,4665.99,7762426715.6819,1730181212,1767119197,1686776647,1686776647,0.01,0.01,0.01,0.01,-0.00025022,0.0111384,-0.00552078,-0.00552078,,,,,69.49,30.51,2.28,70.21,29.79,2.36,48.93,51.07,0.96,4866921.56107,2411767.44534,8063233.19976,2753368.22468,,,,,,,,
2021-11-13,4665.99,4708,4585.11,4644.42,3779182479.9545,1695499748,1711181755,1655781677,1655781677,0.01,0.01,0.01,0.01,-0.00687163,0.01896868,-0.00687163,0.0026357,,,,,71.54,28.46,2.51,71.88,28.12,2.56,48.48,51.52,0.94,1214204.5137,838960.4328,1697756.65169,945352.52518,,,,,,,,
2021-11-14,4644.42,4700,4515.84,4629.44,4354959217.0389,1659790738,1749348484,1645116250,1731984130,0.01,0.021774,0.01,0.021774,0.00027173,0.01323524,-0.00469188,0.0127995,,,,,71.42,28.58,2.5,71.83,28.17,2.55,48.7,51.3,0.95,2629375.98278,683333.63148,3716385.95516,743425.45542,,,,,,,,
2021-11-15,4629.75,4771.83,4541.44,4567.01,6304271632.9425,1734606161,1791623688,1712054031,1728712426,0.023001,0.040002,0.01,0.020949,0.01552755,0.03874649,-0.00158339,0.00494375,,,,,71.21,28.79,2.47,68.97,31.03,2.22,48.54,51.46,0.94,3122267.51985,1882306.00766,4123354.27895,2449721.80357,,,,,,,,
2021-11-16,4567.01,4567.07,4077,4209.42,11617851520.7597,1720720763,1721499983,1506889296,1520028523,0.015848,0.015848,0.01,0.01,0.00200866,0.00663063,-0.00971186,-0.00402146,,,,,75.04,24.96,3.01,74.76,25.24,2.96,48.42,51.58,0.94,14679158.33103,3583708.86011,27183135.95571,3912316.76531,,,,,,,,
2021-11-17,4209.34,4300,4062,4287.99,7783594530.4718,1510268181,1513635716,1434619475,1434619475,0.01,0.01,0.01,0.01,-0.0046779,0.00652493,-0.00642996,-0.00642996,,,,,72.82,27.18,2.68,71.97,28.03,2.57,48.8,51.2,0.95,6048779.42127,3527969.32451,9564866.10555,4013616.93947,,,,,,,,
2021-11-18,4288,4343.33,3957.96,3997.72,9240875773.4975,1459523922,1503306886,1356295780,1356295780,0.01,0.01,0.01,0.01,-0.00590163,0.00677986,-0.01216289,-0.00407921,,,,,73.52,26.48,2.78,71.57,28.43,2.52,47.86,52.14,0.92,9362623.63445,3439051.11871,17777009.35054,3804347.21397,,,,,,,,
2021-11-19,3997.53,4309.04,3973.14,4293.44,6086041865.3341,1362565839,1464966178,1362565839,1430646895,0.01,0.01,0.01,0.01,-0.00602001,0.01185058,-0.00927571,-0.00791224,,,,,74.68,25.32,2.95,74.1,25.9,2.86,48.57,51.43,0.94,1059829.09651,4111955.69693,1235341.85154,6027813.91743,,,,,,,,
2021-11-20,4293.44,4436.01,4202.24,4412.55,4872548986.6111,1442678763,1460459014,1425323956,1439954191,0.01,0.01,0.01,0.01,-0.00960678,0.00509816,-0.00960678,-0.00310403,,,,,71.58,28.42,2.52,69.64,30.36,2.29,47.78,52.22,0.92,1429932.85098,5863992.71985,2010653.23992,6799105.19934,,,,,,,,
2021-11-21,4412.37,4425.73,4242,4259.23,4333176952.3499,1438240627,1443388181,1406262552,1406262552,0.01,0.01,0.01,0.01,-0.00476947,0.00693087,-0.00476947,-0.0020372,,,,,71.36,28.64,2.49,71.64,28.36,2.53,48.21,51.79,0.93,2908011.48636,1168816.20825,4158210.62557,1444343.18562,,,,,,,,
2021-11-22,4259.59,4314.19,4019.35,4086.57,7373701828.8849,1378900363,1433882689,1361519695,1394259538,0.01,0.01,0.01,0.01,-0.00249327,0.00503278,-0.00349915,-0.0016702,,,,,73.55,26.45,2.78,74.73,25.27,2.96,48.43,51.57,0.94,8882940.48565,2204386.04349,14741449.09867,2403111.82549,,,,,,,,
2021-11-23,4086.41,4387,4059.55,4341.36,6862219367.3947,1388511301,1459146958,1383026258,1429687848,0.01,0.01,0.01,0.01,-0.004628,0.01214428,-0.004628,0.00310518,,,,,75.27,24.73,3.04,74.08,25.92,2.86,48.16,51.84,0.93,2762366.78158,6739683.266,3890269.09148,7552692.29738,,,,,,,,
2021-11-24,4341.36,4377,4170.38,4271.29,5362348445.718,1446520052,1468787131,1376829731,1381226607,0.01,0.012121,0.01,0.01,0.00234103,0.01989056,0.00093894,0.00188606,,,,,70.03,29.97,2.34,69.91,30.09,2.32,47.97,52.03,0.92,3330785.42186,2163060.05541,3882997.53232,2526169.51867,,,,,,,,
2021-11-25,4271.29,4558.29,4250.34,4527.86,5360464179.9235,1383326669,1585622453,1336131701,1585622453,0.01,0.037334,0.01,0.025379,0.00274531,0.01952572,-0.00005885,0.01200243,,,,,72.62,27.38,2.65,72.92,27.08,2.69,48.71,51.29,0.95,574818.36573,6374574.90334,849758.36573,7423861.84341,,,,,,,,
2021-11-26,4528.2,4555,3911,4040.66,9329538493.7679,1576118656,1626749338,1384139039,1402088062,0.026099,0.035321,0.01,0.01,0.01380367,0.02015212,-0.01893754,-0.01103814,,,,,67.09,32.91,2.04,68.22,31.78,2.15,49.44,50.56,0.98,14938777.48285,3192670.19689,26019778.46144,4190530.55695,,,,,,,,
2021-11-27,4040.52,4182.66,4027.32,4095.33,4036622375.2146,1377359587,1408636401,1351443470,1398219160,0.01,0.01,0.01,0.01,-0.01099587,0.00495672,-0.01099587,-0.0009155,,,,,77.06,22.94,3.36,76.29,23.71,3.22,49.14,50.86,0.97,1766615.74905,773122.84583,2442964.92331,849313.77184,,,,,,,,
2021-11-28,4095.34,4301.07,3958.58,4296.6,6204520108.2735,1394801918,1394801918,1326677137,1329681242,0.01,0.01,0.01,0.01,-0.00215794,0.00611832,-0.00215794,0.00206018,,,,,74.44,25.56,2.91,71.73,28.27,2.54,48.24,51.76,0.93,5489275.67018,6433974.22662,7811176.50058,8004166.95955,,,,,,,,
2021-11-29,4297.01,4460,4280,4445.1,6176732660.4804,1319796251,1460013999,1319760749,1441555183,0.01,0.01,0.01,0.01,0.00182145,0.0069749,-0.00409319,-0.00409319,,,,,71.37,28.63,2.49,68.64,31.36,2.19,48.28,51.72,0.93,776783.85615,5110709.54006,1204217.6119,7287337.10248,,,,,,,,
2021-11-30,4445.09,4757.8,4347.9,4631.51,11654789798.1346,1439530873,1761924903,1439530873,1761924903,0.01,0.0358,0.01,0.026038,-0.00267311,0.01602414,-0.00267311,0.01264468,,,,,67.31,32.69,2.06,69.35,30.65,2.26,48.93,51.07,0.96,4157677.07988,10103411.46154,5973591.65517,12670528.35387,,,,,,,,
2021-12-01,4631.43,4783.19,4528.5,4586.66,8715142885.5244,1714935780,1781228894,1684682824,1734549681,0.016491,0.016491,0.01,0.01,0.00626994,0.01005737,-0.0027985,-0.00038857,,,,,64.71,35.29,1.83,67.14,32.86,2.04,49.73,50.27,0.99,5678001.49081,3268973.77983,7708495.47073,4288559.92473,,,,,,,,
2021-12-02,4586.67,4636.86,4435.76,4514.32,8009742359.5078,1719038707,1719038707,1568106471,1631210185,0.01,0.02543,0.01,0.015654,-0.0002271,0.01305218,-0.00058625,0.00887165,,,,,68.4,31.6,2.17,70.52,29.48,2.39,49.56,50.44,0.98,6574362.56346,1947821.89772,8648265.73177,2466787.53038,,,,,,,,
2021-12-03,4514.32,4658,4005,4213.66,11027412705.7087,1578921925,1608073232,1547730125,1552168372,0.012531,0.012531,0.01,0.01,0.00533892,0.00967495,-0.00527559,-0.00469763,,,,,73.13,26.87,2.72,74.55,25.45,2.93,49.31,50.69,0.97,10293338.68225,4483094.62747,22904850.6498,4878835.25146,,,,,,,,
2021-12-04,4213.67,4237.2,3388.15,4115.79,13833538233.5842,1560951983,1561818001,1102502801,1154642716,0.01,0.01,-0.002058,0.01,-0.0044003,0.01206365,-0.06769785,-0.01462435,,,,,78.41,21.59,3.63,79.41,20.59,3.86,48.78,51.22,0.95,15073093.28011,10785555.20069,27269085.92581,12903243.44786,,,,,,,,
2021-12-05,4115.79,4247.19,4033,4197.53,7825475099.0256,1171096325,1270526371,1156159049,1163083523,0.01,0.01,0.006029,0.01,-0.01677051,0.00807178,-0.01693306,-0.00363495,,,,,72.04,27.96,2.58,69.92,30.08,2.32,48.52,51.48,0.94,2727636.07175,3553463.08384,4214198.88396,4432168.12196,,,,,,,,
2021-12-06,4197.52,4377.58,3920,4345.2,10673114218.3714,1113488164,1147675012,1091920174,1129263207,0.01,0.01,0.01,0.01,-0.0037495,0.00832644,-0.0037495,0.00079916,,,,,65.98,34.02,1.94,64.58,35.42,1.82,49.18,50.82,0.97,4247625.35639,7055276.12788,5758494.03912,8919315.92376,,,,,,,,
2021-12-07,4345.44,4425,4255.27,4305.82,6039845448.6462,1160079321,1277819538,1150154284,1268906575,0.01,0.01,0.004054,0.01,0.00333248,0.01122194,-0.00538124,0.0035316,,,,,62.38,37.62,1.66,61.21,38.79,1.58,48.3,51.7,0.93,2888933.63763,2495220.58498,3762801.39447,2994722.44684,,,,,,,,
2021-12-08,4305.83,4454.6,4224.98,4435.33,6131305168.5001,1275556355,1275556355,1162148638,1230191644,0.01,0.01,0.01,0.01,0.0025873,0.00905969,-0.00372744,0.00214372,,,,,61.06,38.94,1.57,61.0,39.0,1.56,48.54,51.46,0.94,2262995.89296,2981779.93017,2796471.80828,3570341.72117,,,,,,,,
2021-12-09,4435.7,4490.97,4075,4103.8,8128047203.7602,1246382536,1307798481,1241079962,1257928721,0.01,0.01,0.01,0.01,0.00175602,0.00956975,-0.00203808,0.0023037,,,,,58.49,41.51,1.41,58.67,41.33,1.42,48.34,51.66,0.94,8022607.25657,1911879.52687,13429807.24225,3384273.24824,,,,,,,,
2021-12-10,4103.8,4230.92,3882.84,3895.95,8154003733.346,1228959245,1242462165,1167807802,1167807802,0.01,0.01,-0.001057,0.01,0.00139649,0.0067692,-0.00996974,-0.0075534,,,,,66.67,33.33,2.0,66.35,33.65,1.97,47.82,52.18,0.92,7665308.77926,2381319.29452,11585821.96618,2665491.8743,,,,,,,,
2021-12-11,3895.85,4094.82,3831.01,4089.81,6903588822.2559,1167813688,1183523326,1123453858,1168240377,0.01,0.01,0.007615,0.01,-0.00939589,0.00633683,-0.00939589,0.00256109,,,,,70.33,29.67,2.37,67.65,32.35,2.09,48.21,51.79,0.93,2386793.31875,2798953.22095,3647090.05773,3574261.93679,,,,,,,,
2021-12-12,4088.86,4173.37,3985,4129,4250368205.2174,1179776355,1190794521,1150673611,1190794521,0.01,0.01,0.01,0.01,0.00448984,0.0078902,-0.00609389,0.00158339,,,,,68.06,31.94,2.13,64.29,35.71,1.8,47.95,52.05,0.92,1083439.36317,1489532.9783,1337396.1066,1866211.29576,,,,,,,,
2021-12-13,4129.16,4142,3668.34,3780.63,8748343375.847,1194608680,1255570346,1145291945,1197842140,0.01,0.01,-0.010256,-0.006393,-0.00197228,0.003862,-0.01652237,-0.0134559,,,,,66.17,33.83,1.96,64.14,35.86,1.79,47.93,52.07,0.92,8895924.05429,1724956.99431,13095243.27868,2193815.32497,,,,,,,,
2021-12-14,3780.33,3879.13,3682,3856.66,6516540079.6029,1204251342,1227205125,1161133712,1178641503,-0.00522,0.01,-0.00522,0.01,-0.01387523,0.00659411,-0.01387523,-0.00407346,,,,,70.35,29.65,2.37,67.89,32.11,2.11,47.33,52.67,0.9,2438844.16437,3421059.11386,3396267.71781,4928786.97269,,,,,,,,
2021-12-15,3856.67,4096,3639.39,4019.01,9313001370.2181,1166301076,1215705313,1146115357,1208471315,0.01,0.01,0.001867,0.01,-0.00482105,0.00497559,-0.00998806,0.00448691,,,,,69.03,30.97,2.23,65.08,34.92,1.86,47.78,52.22,0.92,2784147.31011,4835762.01947,4281050.99713,7033441.02435,,,,,,,,
2021-12-16,4019.01,4118.47,3951.14,3958.67,6477812880.7724,1174595640,1335889924,1174595640,1271495616,0.01,0.01,0.003241,0.01,0.00748166,0.00748166,-0.01064647,-0.00002858,,,,,62.62,37.38,1.68,59.85,40.15,1.49,48.78,51.22,0.95,2434298.43858,1263438.21648,2871179.84395,1517305.31823,,,,,,,,
2021-12-17,3958.7,3992.99,3694.2,3873.93,8150333898.929,1271001365,1271001365,1171818789,1185129472,0.01,0.01,0.007985,0.01,0.00082148,0.00758546,-0.00558754,-0.00015748,,,,,64.97,35.03,1.86,65.29,34.71,1.88,48.33,51.67,0.94,4945858.29718,1547212.82798,8038999.14123,3068370.00795,,,,,,,,
2021-12-18,3872.98,3997.39,3764.96,3957.64,5102963378.8504,1171068793,1251201488,1141408313,1237416666,0.01,0.01,0.004174,0.00832,-0.00087292,0.00710506,-0.00667126,-0.00303876,,,,,68.43,31.57,2.17,65.93,34.07,1.94,47.24,52.76,0.9,1026764.06547,2292255.05536,1549616.51957,2966604.29513,,,,,,,,
2021-12-19,3957.65,4034.99,3881.89,3922.51,5533941159.158,1226971772,1263149476,1220448014,1260753196,0.004461,0.01,0.000665,0.009373,-0.00706674,0.00754919,-0.00706674,-0.0026644,,,,,66.0,34.0,1.94,64.87,35.13,1.85,47.74,52.26,0.91,1982829.08334,2174935.15666,2380421.49898,2521607.54787,,,,,,,,
2021-12-20,3922.51,3981.48,3750,3943.48,6712515708.8757,1224059658,1294095604,1216592933,1262206480,0.01,0.01,0.01,0.01,-0.00344969,0.01785201,-0.00786796,0.00542169,,,,,67.61,32.39,2.09,66.6,33.4,1.99,47.89,52.11,0.92,2719641.05356,3553074.9723,3485814.70032,4377936.68861,,,,,,,,
2021-12-21,3943.64,4063,3912.26,4014.38,4984563575.1523,1262206480,1374878902,1236543365,1337945094,0.01,0.01,0.01,0.01,0.00542169,0.02134563,0.00365987,0.00622008,,,,,64.81,35.19,1.84,61.92,38.08,1.63,47.65,52.35,0.91,718414.38859,2543631.50767,1435946.77537,3107742.66047,,,,,,,,
2021-12-22,4014.38,4074.99,3924.36,3978.62,4313394644.0656,1337945094,1398535726,1282786166,1286889401,0.01,0.01,0.01,0.01,0.00622008,0.01457968,0.00057079,0.00290041,,,,,63.04,36.96,1.71,62.51,37.49,1.67,49.08,50.92,0.96,1116068.93563,1803203.83549,1519875.9143,2381785.45349,,,,,,,,
2021-12-23,3978.63,4153.71,3888.87,4111.3,6336161111.3051,1286889401,1538580498,1253756114,1530009453,0.01,0.01,0.000988,0.01,0.00290041,0.01536007,-0.00481343,0.00809268,,,,,66.23,33.77,1.96,65.1,34.9,1.87,48.77,51.23,0.95,944187.7512,3473997.44359,2514978.67989,5374148.62444,,,,,,,,
2021-12-24,4111.31,4133.38,4014.45,4045,4194323170.6965,1555289410,1703276519,1551238237,1658323441,0.01,0.01,0.01,0.01,0.00760922,0.01315854,-0.00719947,-0.00238369,,,,,66.23,33.77,1.96,65.1,34.9,1.87,48.77,51.23,0.95,2075715.47782,599129.40777,2941475.68914,764558.46777,,,,,,,,
2021-12-25,4045.19,4138.47,4015,4093.87,3621801434.6404,1658323441,1875747481,1649583622,1820681682,0.01,0.01,0.01,0.01,-0.00238369,0.01532049,-0.00728552,0.00338538,,,,,68.59,31.41,2.18,69.07,30.93,2.23,48.93,51.07,0.96,445924.28212,1270868.23076,724534.28212,1495424.65383,,,,,,,,
2021-12-26,4093.88,4104.84,4002,4062.24,3110290473.1409,1820681682,1820681682,1758528943,1776717379,0.01,0.01,0.00634,0.01,0.00338538,0.01512461,-0.000702,0.01261448,,,,,67.53,32.47,2.08,67.02,32.98,2.03,49.03,50.97,0.96,908685.44659,529397.15363,1021066.80054,587446.11501,,,,,,,,
2021-12-27,4062.4,4126,4030.06,4037.36,3411899143.8039,1776717379,1877931154,1768423736,1809962118,0.01,0.01,0.01,0.01,0.01261448,0.01883857,0.0006478,0.00424883,,,,,69.69,30.31,2.3,69.41,30.59,2.27,48.28,51.72,0.93,1306075.95081,630823.52448,1518759.39319,1118648.08746,,,,,,,,
2021-12-28,4037.35,4037.36,3756.26,3791.99,6515158384.8074,1809962118,1889472192,1785013646,1805180427,0.01,0.01,-0.002531,0.008027,0.00424883,0.00889686,-0.00218635,0.0003259,,,,,72.28,27.72,2.61,71.07,28.93,2.46,48.12,51.88,0.93,5845985.38278,622361.93978,10404352.73232,680595.79626,,,,,,,,
2021-12-29,3792,3825.91,3600.45,3628.55,4935656324.4604,1805180427,1845980648,1719535300,1729706429,0.008027,0.01,-0.002373,0.009259,0.0003259,0.01150193,-0.00532193,-0.00257351,,,,,76.0,24.0,3.17,73.65,26.35,2.8,47.44,52.56,0.9,2659255.00893,1104329.7906,6190194.10749,1198554.64367,,,,,,,,
2021-12-30,3628.49,3766.71,3580,3708.37,3783050629.2976,1729706429,1774830791,1707401221,1723719088,0.009259,0.01,-0.001779,0.006746,-0.00257351,0.00952485,-0.01225127,-0.00492315,,,,,76.5,23.5,3.26,74.22,25.78,2.88,47.46,52.54,0.9,1648043.51746,1945138.16192,2400867.215,2613796.16205,,,,,,,,
2021-12-31,3708.45,3814.95,3621.32,3676.02,5018725375.7818,1723719088,1838675355,1719887592,1751339862,0.006746,0.01,-0.000129,0.01,-0.00492315,0.02063583,-0.00616967,0.00393962,,,,,75.32,24.68,3.05,71.9,28.1,2.56,47.76,52.24,0.91,4282842.59338,1871432.58713,5448628.76878,2122934.86149,,,,,,,,
2022-01-01,3676.01,3776.33,3671.86,3763.06,2815651890.7191,1751339862,1785921507,1751339862,1769134508,0.01,0.01,0.000497,0.003932,0.00393962,0.01697389,-0.01123449,-0.01013117,,,,,76.64,23.36,3.28,73.65,26.35,2.8,47.93,52.07,0.92,529382.50685,1314984.20999,614691.3329,1476389.19038,,,,,,,,
2022-01-02,3763.05,3860,3714.48,3826.21,2798655387.738,1769134508,1837131779,1751263073,1794925680,0.003932,0.01,0.00039,0.007054,-0.01013117,0.01274276,-0.01013117,-0.00295635,,,,,74.76,25.24,2.96,71.5,28.5,2.51,47.87,52.13,0.92,437083.36797,1651144.73975,559830.84418,2484756.75579,,,,,,,,
2022-01-03,3826.1,3850,3680,3764.07,3777638447.2337,1794925680,1825696531,1746713276,1789281079,0.007054,0.01,0.001518,0.01,-0.00295635,0.00592495,-0.00659573,0.00015582,,,,,74.94,25.06,2.99,73.98,26.02,2.84,48.26,51.74,0.93,3032840.84037,649989.58031,4387766.70204,1133764.22961,,,,,,,,
2022-01-04,3764.08,3893.19,3711,3785.6,4775515000.7351,1789281079,1865965158,1760263135,1795706164,0.01,0.01,0.008065,0.01,0.00015582,0.02397121,-0.00367044,0.00668148,,,,,77.72,22.28,3.49,76.82,23.18,3.31,48.04,51.96,0.93,3081116.8293,1278194.83344,4355494.49259,1746026.15069,,,,,,,,
2022-01-05,3785.6,3847.18,3405,3537.71,6674000444.3995,1795706164,1837151769,1608936696,1683290193,0.01,0.01,0.001529,0.005458,0.00668148,0.01353641,-0.0004347,0.0013989,,,,,73.48,26.52,2.77,73.32,26.68,2.75,49.25,50.75,0.97,9949958.5441,857140.80101,18407059.96653,1099677.91889,,,,,,,,
2022-01-06,3537.81,3549.11,3292.31,3404.6,6278004123.1627,1683290193,1694245937,1594594746,1638187787,0.005458,0.01,-0.013351,0.001906,0.0013989,0.0100646,-0.01070997,-0.00615576,,,,,76.05,23.95,3.18,75.07,24.93,3.01,47.36,52.64,0.9,5106681.25173,2063838.71614,9344107.81812,2512299.89683,,,,,,,,
2022-01-07,3404.61,3415.35,3040.77,3196.58,9156062285.5013,1638187787,1641505670,1470643504,1534286399,0.001906,0.01,0.001906,0.01,-0.00615576,0.01442942,-0.00700207,-0.00008506,,,,,75.54,24.46,3.09,73.1,26.9,2.72,47.54,52.46,0.91,8060596.38845,2257938.1493,14612279.77381,2954278.95834,,,,,,,,
2022-01-08,3196.58,3248.03,2996.45,3080.03,5807973069.5186,1534286399,1572471205,1440543299,1472065708,0.01,0.01,0.008381,0.01,-0.00008506,0.0138508,-0.00692481,0.00024315,,,,,73.1,26.9,2.72,73.17,26.83,2.73,49.41,50.59,0.98,3524054.13284,2361504.6531,6107667.40861,2866478.55894,,,,,,,,
2022-01-09,3079.86,3209.4,3057,3150,3853748737.946,1472065708,1546134328,1468081068,1493016217,0.01,0.01,-0.017569,-0.014581,0.00024315,0.00282095,-0.02267272,-0.0189572,,,,,73.12,26.88,2.72,72.92,27.08,2.69,49.5,50.5,0.98,1173696.31342,2235065.52613,1592383.96603,2845244.71167,,,,,,,,
2022-01-10,3149.99,3179.16,2924.78,3081.31,7079527755.4902,1493016217,1519490987,1402752106,1452706081,-0.014581,0.01,-0.014616,0.01,-0.0189572,0.00693076,-0.02643406,-0.0199068,,,,,71.72,28.28,2.54,70.21,29.79,2.36,48.58,51.42,0.95,6383521.69275,2445474.29374,9288174.0851,3097360.61941,,,,,,,,
2022-01-11,3081.25,3262.66,3050.58,3236.86,4836132920.062,1452706081,1537048363,1425908358,1504540977,0.01,0.01,-0.006767,-0.006767,-0.0199068,0.00534507,-0.02293978,-0.02276803,,,,,72.51,27.49,2.64,71.5,28.5,2.51,49.27,50.73,0.97,664451.37386,3132739.78522,1122698.0691,4768964.30756,,,,,,,,
2022-01-12,3236.86,3411,3203.85,3369.93,4752574483.8299,1504540977,1572335155,1486527211,1534477731,-0.006767,0.009081,-0.02115,-0.002285,-0.02276803,0.00348175,-0.02832431,-0.00213602,,,,,69.39,30.61,2.27,69.56,30.44,2.29,49.62,50.38,0.99,423690.4709,4041464.63087,628000.4709,6409998.70235,,,,,,,,
2022-01-13,3369.92,3408.89,3230.97,3240.36,4558484529.7118,1534477731,1555817190,1448630905,1451991057,-0.002285,0.01,-0.007172,0.01,-0.00213602,0.00713998,-0.02240658,0.00602524,,,,,69.68,30.32,2.3,68.65,31.35,2.19,48.93,51.07,0.96,3664987.67851,1287060.87478,4892984.40677,1564707.19094,,,,,,,,
2022-01-14,3240.32,3342.63,3181.2,3305.6,4271750294.25,1451991057,1491418960,1422782528,1465886217,0.01,0.01,-0.003299,0.009675,0.00602524,0.00736016,-0.02448352,0.00086731,,,,,70.87,29.13,2.43,71.67,28.33,2.53,49.19,50.81,0.97,1556626.99117,2256506.51817,2721742.58967,2551902.45182,,,,,,,,
2022-01-15,3305.61,3372,3257.59,3327.21,2649585136.9172,1465886217,1542859735,1459845539,1531187851,0.009675,0.009675,0.009675,0.009675,0.00086731,0.00086731,0.00086731,0.00086731,,,,,69.95,30.05,2.33,69.92,30.08,2.32,48.68,51.32,0.95,713343.9291,728928.82613,1212709.82238,1390462.86734,,,,,,,,
2022-01-16,3327.21,3394.62,3269.01,3345.49,2869666534.227,1524380501,1546608047,1494778510,1503645998,0.002348,0.01,-0.001411,0.002707,-0.00933997,0.01446506,-0.02095512,-0.02095512,,,,,68.39,31.61,2.16,69.41,30.59,2.27,48.75,51.25,0.95,944668.72487,2086426.41141,1366057.32394,2869550.58572,,,,,,,,
2022-01-17,3345.5,3355.3,3139.37,3208.61,4673015224.6814,1503645998,1530885669,1454602640,1476206986,0.002707,0.008309,-0.006138,0.007562,-0.02095512,0.00943769,-0.0234286,0.00110688,,,,,69.15,30.85,2.24,70.3,29.7,2.37,49.06,50.94,0.96,3117400.82226,870505.88644,6138532.38473,957928.32272,,,,,,,,
2022-01-18,3208.6,3243.95,3080.5,3159.32,5010145283.8434,1476206986,1509040965,1460439551,1476927385,0.007562,0.01,-0.000415,0.01,0.00110688,0.0129003,-0.00386195,0.00124623,,,,,71.71,28.29,2.54,71.62,28.38,2.52,47.82,52.18,0.92,2905480.09766,1943969.79723,3923685.20911,2209236.3171,,,,,,,,
2022-01-19,3159.31,3174.6,3045,3082.81,5189439872.8192,1476927385,1504457513,1431025155,1433829445,0.01,0.01,-0.003434,0.01,0.00124623,0.00963055,-0.0181796,0.00128669,,,,,72.08,27.92,2.58,71.28,28.72,2.48,47.97,52.03,0.92,2206523.11278,2142628.09386,2862949.11218,2469448.11799,,,,,,,,
2022-01-20,3082.8,3272.24,2985,2999.92,5925877814.7112,1433829445,1568211391,1368199789,1375245520,0.01,0.01,-0.000823,-0.000823,0.00128669,0.01005296,-0.01289522,0.00296103,,,,,71.53,28.47,2.51,70.94,29.06,2.44,48.38,51.62,0.94,5500771.73512,3342840.63387,9044901.13994,4470457.96112,,,,,,,,
2022-01-21,2999.88,3031.9,2460,2566.91,12514479331.0618,1375245520,1400537167,1124107046,1172651799,-0.000823,0.01,-0.013559,0.006842,0.00296103,0.02016012,-0.02558162,0.00261442,,,,,75.36,24.64,3.06,75.38,24.62,3.06,47.56,52.44,0.91,17309508.3373,4142386.39103,30650061.82539,5162810.87403,,,,,,,,
2022-01-22,2567.12,2625.6,2293.56,2410.96,11407472514.9088,1172651799,1194698751,1084292941,1123139183,0.006842,0.01,0.00251,0.01,0.00261442,0.02223341,-0.01496961,0.00684328,,,,,70.03,29.97,2.34,70.77,29.23,2.42,48.04,51.96,0.93,10761696.22809,5177223.03018,17245448.68805,7617162.36561,,,,,,,,
2022-01-23,2410.57,2549,2368,2538.41,5833769462.541,1123139183,1226829796,1110339351,1222428434,0.01,0.01,-0.023783,0.01,0.00684328,0.00886682,-0.0261926,0.00825766,,,,,66.05,33.95,1.95,66.37,33.63,1.97,49.91,50.09,1.0,3218951.05881,2414421.2462,4184085.59416,3175326.19131,,,,,,,,
2022-01-24,2538.4,2539.59,2151,2438.13,10839900408.5157,1222428434,1232209920,1082588568,1159533978,0.01,0.01,-0.026762,0.001736,0.00825766,0.0302584,-0.01628596,-0.00550538,,,,,66.07,33.93,1.95,64.79,35.21,1.84,48.25,51.75,0.93,7190321.94185,5823434.76359,11917244.91527,8233421.04292,,,,,,,,
2022-01-25,2437.87,2504.98,2349.6,2457.37,5636591809.818,1159533978,1189256908,1104269718,1145411737,0.001736,0.01,-0.013068,-0.004056,-0.00550538,0.00547517,-0.02994114,-0.01488715,,,,,61.3,38.7,1.58,62.04,37.96,1.63,49.2,50.8,0.97,4586980.5389,5533165.8369,5829385.73008,6886033.43428,,,,,,,,
2022-01-26,2457.13,2720.06,2400.01,2461.61,8579584400.3193,1145411737,1289656946,1118636422,1157732108,-0.004056,0.01,-0.022803,-0.008608,-0.01488715,0.01579748,-0.02887861,-0.01018792,,,,,60.06,39.94,1.5,60.47,39.53,1.53,48.15,51.85,0.93,5703935.01793,6419222.67481,7489792.24979,8907791.40099,,,,,,,,
2022-01-27,2461.62,2520,2314.33,2422.61,6550618684.3047,1157732108,1222667439,1091524599,1149208998,-0.008608,0.003176,-0.027831,-0.008094,-0.01018792,0.01237188,-0.02984441,-0.00428611,,,,,63.48,36.52,1.74,64.18,35.82,1.79,47.82,52.18,0.92,7674114.48638,3490725.3243,9839027.6023,3970179.61694,,,,,,,,
2022-01-28,2422.61,2556.93,2357,2543.34,5832659050.5786,1149208998,1269365860,1108409563,1263030755,-0.008094,0.002054,-0.013819,-0.000785,-0.00428611,0.00647521,-0.01903112,-0.00449345,,,,,65.6,34.4,1.91,65.49,34.51,1.9,46.58,53.42,0.87,3165323.59082,3659517.83706,3722251.68959,4755916.28176,,,,,,,,
2022-01-29,2543.34,2658.41,2519.21,2599.94,3909293760.346,1263030755,1339033618,1217510973,1312992529,-0.000785,0.01,-0.004874,0.002854,-0.00449345,0.00215914,-0.01753845,-0.00884926,,,,,57.61,42.39,1.36,57.8,42.2,1.37,48.29,51.71,0.93,1215938.53496,1509873.38585,1944512.91763,2092658.17998,,,,,,,,
2022-01-30,2599.93,2644.93,2541.46,2600.45,3431088812.8611,1312992529,1363966799,1292223690,1346731884,0.002854,0.007602,-0.012445,0.005167,-0.00884926,0.00455094,-0.0172695,-0.00161501,,,,,57.88,42.12,1.37,59.22,40.78,1.45,48.84,51.16,0.96,1900391.84451,1047301.87321,2275756.71788,1256848.17436,,,,,,,,
2022-01-31,2600.4,2706.47,2475.33,2685.34,5497102902.8116,1346731884,1450598930,1280259658,1424560131,0.005167,0.01,-0.019021,0.01,-0.00161501,0.0086529,-0.01964663,0.00262884,,,,,56.48,43.52,1.3,58.56,41.44,1.41,48.54,51.46,0.94,2037083.19841,3267842.82451,3186035.4826,5532028.84711,,,,,,,,
2022-02-01,2685.34,2812.94,2672.61,2786.38,5668501202.4081,1424560131,1507534614,1416992595,1472773429,0.01,0.01,-0.032938,-0.006192,0.00262884,0.00262884,-0.02817748,-0.00889574,,,,,54.03,45.97,1.18,57.04,42.96,1.33,49.47,50.53,0.98,1345222.07332,3191519.74296,1741746.85106,5034128.03627,,,,,,,,
2022-02-02,2786.37,2810,2610.4,2678,6390715386.7304,1472773429,1516760242,1335463540,1373303797,-0.006192,0.003785,-0.038671,-0.038038,-0.00889574,0.0078566,-0.03094681,-0.03074636,,,,,52.1,47.9,1.09,54.51,45.49,1.2,49.53,50.47,0.98,4287418.6941,1873588.22113,5876975.50246,2166679.62802,,,,,,,,
2022-02-03,2678.47,2722.99,2572.64,2694.37,5719417016.1369,1373303797,1401463745,1348124430,1396867509,-0.038038,0.01,-0.043133,0.01,-0.03074636,0.05061552,-0.03344229,0.00763944,,,,,59.01,40.99,1.44,62.03,37.97,1.63,48.09,51.91,0.93,1777975.02825,2277679.30624,3256457.79313,2649980.56805,,,,,,,,
2022-02-04,2694.2,2995,2670.14,2993.65,8398802483.0329,1396867509,1660021056,1379007212,1660021056,0.01,0.01,0.002408,0.01,0.00763944,0.01437514,-0.01014331,0.00153509,,,,,56.66,43.34,1.31,57.82,42.18,1.37,48.84,51.16,0.96,1569395.45418,8187953.46133,1900966.2632,10643679.22283,,,,,,,,
2022-02-05,2993.64,3059.91,2958.01,3011.59,4686455904.0266,1660021056,1693298543,1625125928,1637855142,0.01,0.01,0.000333,0.01,0.00153509,0.00989676,-0.01071341,-0.00912771,,,,,49.18,50.82,0.97,50.9,49.1,1.04,50.78,49.22,1.03,1833243.83,2774189.25519,2356972.32561,3654578.92978,,,,,,,,
2022-02-06,3011.58,3075,2948,3054.26,3460816650.8136,1637855142,1665837430,1619600350,1649659732,0.01,0.01,-0.004701,-0.000766,-0.00912771,0.0094449,-0.00912771,-0.00395501,,,,,49.75,50.25,0.99,52.65,47.35,1.11,50.35,49.65,1.01,869778.35998,2608395.55632,1362538.18372,2872278.6982,,,,,,,,
2022-02-07,3054.26,3185.99,2990.83,3138.55,5945333380.4243,1649659732,1670620976,1612228272,1633100066,-0.000766,0.01,-0.009884,0.01,-0.00395501,0.00369891,-0.01852397,0.0006332,,,,,53.1,46.9,1.13,55.3,44.7,1.24,49.96,50.04,1.0,1358459.22279,4028817.2378,1849874.26414,5436688.19792,,,,,,,,
2022-02-08,3138.55,3246.65,3023.28,3115.23,6598278398.0917,1633100066,1661339900,1495153968,1520467537,0.01,0.01,-0.008734,0.01,0.0006332,0.00665853,-0.0132449,-0.00021252,,,,,55.21,44.79,1.23,55.63,44.37,1.25,50.35,49.65,1.01,3962220.36661,2809759.45451,4992581.88065,4054454.34469,,,,,,,,
2022-02-09,3115.23,3269.16,3052.5,3241.82,4964626322.7892,1520467537,1657990758,1487149260,1636414109,0.01,0.01,-0.004505,-0.002897,-0.00021252,0.0069228,-0.02283645,-0.02092975,,,,,57.9,42.1,1.38,59.28,40.72,1.46,49.25,50.75,0.97,1577509.88216,2629225.66866,2140216.09103,3307315.01375,,,,,,,,
2022-02-10,3241.79,3282.96,3055.24,3070.9,8499522106.1527,1636414109,1667339310,1486552067,1490424466,-0.002897,0.005001,-0.013052,-0.01138,-0.02092975,0.00464539,-0.02762208,-0.02762208,,,,,53.62,46.38,1.16,55.12,44.88,1.23,50.34,49.66,1.01,5188518.19809,4484767.07746,9275843.39313,5203934.39311,,,,,,,,
2022-02-11,3070.89,3136.55,2873.5,2926.04,7077481518.4692,1490424466,1534986759,1374089650,1400666249,-0.01138,0.01,-0.015864,0.01,-0.02762208,0.01897813,-0.02762208,0.00929822,,,,,59.95,40.05,1.5,61.05,38.95,1.57,49.74,50.26,0.99,6024517.75783,1689894.5749,10021655.98214,1853258.47507,,,,,,,,
2022-02-12,2926.03,2983.62,2855,2916.93,5450914052.3389,1400666249,1457770311,1381519267,1396317554,0.01,0.01,-0.000079,0.001768,0.00929822,0.01436415,-0.01178937,-0.01097702,,,,,62.35,37.65,1.66,62.79,37.21,1.69,49.45,50.55,0.98,2539996.3165,2179098.88887,3594531.84162,2484432.98781,,,,,,,,
2022-02-13,2917.04,2952.66,2830.31,2870.32,3707919599.587,1396317554,1419627649,1370733986,1371605711,0.001768,0.009225,-0.006503,0.009168,-0.01097702,0.0074963,-0.01203329,-0.00130926,,,,,61.98,38.02,1.63,60.02,39.98,1.5,48.68,51.32,0.95,1115797.23673,1051233.03103,1481170.80097,1409610.99889,,,,,,,,
2022-02-14,2870.33,2964.44,2829.8,2928.87,5263547205.4809,1371605711,1473058036,1364163261,1425445042,0.009168,0.01,0.002352,0.007324,-0.00130926,0.01060875,-0.00788291,-0.00353878,,,,,63.25,36.75,1.72,60.9,39.1,1.56,48.7,51.3,0.95,2348366.11472,1708540.77878,3151696.81079,2101998.34424,,,,,,,,
2022-02-15,2928.87,3198,2911.85,3183.73,5714039309.1998,1425445042,1622586442,1411940290,1587781573,0.007324,0.01,-0.017335,0.01,-0.00353878,0.00898191,-0.01703677,0.00534817,,,,,60.14,39.86,1.51,58.36,41.64,1.4,48.16,51.84,0.93,526470.80021,5091257.2647,651504.81301,6858500.16184,,,,,,,,
2022-02-16,3183.74,3186.79,3040.42,3121.8,5400906442.8223,1587781573,1589466251,1499537828,1505812020,0.01,0.01,0.01,0.01,0.00534817,0.01254364,-0.00139661,0.0012991,,,,,57.4,42.6,1.35,56.82,43.18,1.32,49.3,50.7,0.97,2531015.11327,1749873.67554,3295419.40924,2083145.3309,,,,,,,,
2022-02-17,3121.8,3158.68,2850,2890.8,7919173368.8009,1505812020,1566174461,1406688278,1408708647,0.01,0.01,-0.011211,-0.003989,0.0012991,0.00739098,-0.00896453,-0.00667552,,,,,60.38,39.62,1.52,62.84,37.16,1.69,49.21,50.79,0.97,4936143.22959,1520473.33613,7646000.3551,1834259.23375,,,,,,,,
2022-02-18,2890.75,2941.94,2750,2778.46,6148631449.8557,1408708647,1441866621,1340778789,1350349136,-0.003989,0.01,-0.013985,0.01,-0.00667552,0.00934559,-0.01131578,0.00204358,,,,,65.88,34.12,1.93,65.83,34.17,1.93,48.33,51.67,0.94,2730838.95795,1123586.96951,3957461.09696,1476056.4869,,,,,,,,
2022-02-19,2778.46,2829.99,2691,2761.89,4270583273.8441,1350349136,1380713420,1301219930,1309346036,0.01,0.01,-0.008855,-0.003324,0.00204358,0.00946884,-0.01477065,-0.01110359,,,,,66.03,33.97,1.94,64.9,35.1,1.85,47.79,52.21,0.92,1981169.41664,1127380.38357,3526139.87716,1367288.58877,,,,,,,,
2022-02-20,2761.9,2762.89,2573.33,2620.72,5933451542.4,1309346036,1325153755,1249319224,1271094127,-0.003324,0.00976,-0.00338,0.007023,-0.01110359,0.00898304,-0.01110359,0.00194668,,,,,66.55,33.45,1.99,64.72,35.28,1.83,48.48,51.52,0.94,3905135.78493,1274046.91,5487612.49645,1639460.86988,,,,,,,,
2022-02-21,2620.72,2758,2555.56,2566.88,10607720792.2275,1271094127,1348581062,1250576197,1258351780,0.007023,0.01,-0.015195,0.000923,0.00194668,0.01096831,-0.01397428,0.0006583,,,,,65.38,34.62,1.89,65.39,34.61,1.89,48.21,51.79,0.93,4866717.21202,3456596.5391,7952742.97054,5117041.42413,,,,,,,,
2022-02-22,2566.88,2670,2495,2635.57,8250347430.6071,1258351780,1312013863,1232707526,1298375890,0.000923,0.01,-0.010462,0.009124,0.0006583,0.00695168,-0.01833231,-0.00891865,,,,,65.05,34.95,1.86,63.37,36.63,1.73,48.03,51.97,0.92,2119191.46627,2271189.84624,3571929.09115,2990792.40291,,,,,,,,
2022-02-23,2635.63,2752.38,2573.39,2578.02,7224711308.7797,1298375890,1444300745,1278136680,1315598913,0.009124,0.01,-0.015912,-0.001042,-0.00891865,0.00315701,-0.02137846,-0.01353637,,,,,65.05,34.95,1.86,63.37,36.63,1.73,48.03,51.97,0.92,2116538.54937,1547421.72508,3485784.93421,2515375.27127,,,,,,,,
2022-02-24,2578.03,2777.33,2298.72,2595.47,15265361964.5211,1315598913,1361074626,1169923128,1220076435,-0.001042,0.01,-0.021401,0.01,-0.01353637,0.0074602,-0.02142701,-0.00027767,,,,,65.43,34.57,1.89,65.8,34.2,1.92,48.49,51.51,0.94,5101517.00043,5812949.08525,10493608.53675,9713748.51878,,,,,,,,
2022-02-25,2595.47,2835,2571.68,2766.36,7859570481.7779,1220076435,1398691571,1203058658,1344976051,0.01,0.01,0.004387,0.01,-0.00027767,0.01139167,-0.00766486,0.00425888,,,,,60.87,39.13,1.56,60.91,39.09,1.56,50.13,49.87,1.01,1584355.12006,2457069.6743,2093181.63254,3619627.93701,,,,,,,,
2022-02-26,2766.42,2882,2726,2778.15,5167373107.7223,1344976051,1436224714,1342943008,1359608555,0.01,0.01,0.004584,0.01,0.00425888,0.00964953,-0.00585796,-0.00218905,,,,,58.23,41.77,1.39,58.4,41.6,1.4,49.3,50.7,0.97,1182593.94856,1386332.24929,1581485.70518,1814917.23344,,,,,,,,
2022-02-27,2778.15,2836.21,2553.68,2615.99,7998620637.0977,1359608555,1414965458,1238780582,1253838145,0.01,0.01,-0.01524,-0.015041,-0.00218905,0.00975479,-0.02685798,-0.01477363,,,,,57.83,42.17,1.37,59.65,40.35,1.48,49.22,50.78,0.97,3449525.38127,2296672.22243,7065674.42183,2674923.40857,,,,,,,,
2022-02-28,2615.99,2966,2565,2920.1,9267090555.7562,1253838145,1451719434,1241357821,1425503404,-0.015041,0.01,-0.016601,0.01,-0.01477363,0.01148963,-0.01721851,0.00430578,,,,,62.88,37.12,1.69,64.53,35.47,1.82,48.9,51.1,0.96,1549014.17501,3729101.74917,1898833.22708,5818700.97941,,,,,,,,
2022-03-01,2920.05,3036,2852.2,2975.61,8544349127.3301,1425503404,1598526553,1425503404,1515692890,0.01,0.01,0.01,0.01,0.00430578,0.01372344,-0.00495832,0.00178471,,,,,57.32,42.68,1.34,56.12,43.88,1.28,49.07,50.93,0.96,1782035.24893,2027221.38063,3215771.02802,2960173.70915,,,,,,,,
2022-03-02,2975.61,3046.46,2912.96,2947.47,7817423432.0942,1515692890,1608234763,1489314892,1507660697,0.01,0.01,0.01,0.01,0.00178471,0.01142879,-0.0021914,0.00269865,,,,,57.06,42.94,1.33,58.02,41.98,1.38,51.39,48.61,1.06,1651932.68936,2010343.69979,2913788.53377,3034684.87731,,,,,,,,
2022-03-03,2947.48,2970,2781.77,2832.97,5933819838.187,1507660697,1546072860,1486646913,1495143551,0.01,0.01,0.01,0.01,0.00269865,0.01210361,0.00157896,0.0056486,,,,,57.43,42.57,1.35,58.8,41.2,1.43,51.21,48.79,1.05,2350707.36669,606999.89627,4060159.54089,761768.48472,,,,,,,,
2022-03-04,2832.98,2835.9,2570.65,2620.25,6555435149.1008,1495143551,1499852582,1323868630,1341210945,0.01,0.01,0.004807,0.005296,0.0056486,0.01080953,-0.00446849,-0.0027214,,,,,63.96,36.04,1.78,64.32,35.68,1.8,50.21,49.79,1.01,3894530.32932,896347.767,7194172.10229,986722.91985,,,,,,,,
2022-03-05,2620.25,2684.87,2588,2663.55,2866018116.4763,1341210945,1373577046,1335104639,1348528853,0.005296,0.005825,-0.011377,-0.008907,-0.0027214,0.00463517,-0.01682858,-0.01446356,,,,,66.28,33.72,1.97,66.9,33.1,2.02,49.16,50.84,0.97,380168.68259,502215.94468,441279.83155,713568.45796,,,,,,,,
2022-03-06,2663.55,2674.61,2529,2549.37,3653477930.1289,1348528853,1386693079,1301313542,1303086200,-0.008907,0.01,-0.010146,0.004011,-0.01446356,0.00975,-0.01446356,-0.00455636,,,,,67.56,32.44,2.08,65.15,34.85,1.87,47.78,52.22,0.92,1680308.86977,783455.79219,2850884.35951,823576.88905,,,,,,,,
2022-03-07,2549.36,2650,2431.62,2489.9,6844088522.5606,1303086200,1396391657,1238429720,1245308173,0.004011,0.01,-0.010887,-0.010004,-0.00455636,0.01251788,-0.013415,-0.01234507,,,,,67.51,32.49,2.08,66.87,33.13,2.02,48.12,51.88,0.93,2459618.78251,1343112.20843,3908061.63518,2053989.57495,,,,,,,,
2022-03-08,2489.84,2623,2478.35,2575.49,6770341541.3358,1245308173,1343335172,1239114880,1296877672,-0.010004,0.01,-0.010179,0.00619,-0.01234507,0.01067234,-0.01234507,-0.00006011,,,,,68.7,31.3,2.2,66.93,33.07,2.02,47.05,52.95,0.89,1826679.6099,1940822.6128,2806876.87829,2662232.74215,,,,,,,,
2022-03-09,2575.5,2773.17,2566.41,2726.37,5619532031.5438,1296877672,1404888603,1293343441,1346907832,0.00619,0.01,-0.000048,0.01,-0.00006011,0.01082528,-0.00602505,-0.00526884,,,,,64.88,35.12,1.85,62.89,37.11,1.7,47.36,52.64,0.9,715739.93866,1797776.66797,1005724.13022,3022054.8168,,,,,,,,
2022-03-10,2726.37,2733.37,2546.83,2605.44,5317389468.5904,1346907832,1350773760,1253941672,1279912826,0.01,0.01,-0.004271,0.002557,-0.00526884,0.01532177,-0.01585169,-0.0047373,,,,,61.59,38.41,1.6,61.01,38.99,1.57,49.09,50.91,0.96,2239393.05108,753761.45731,3903189.36103,960025.36484,,,,,,,,
2022-03-11,2605.43,2676.2,2520.5,2555.89,5300571861.9102,1279912826,1356157962,1240991004,1276024159,0.002557,0.01,-0.010373,0.01,-0.0047373,0.00797575,-0.01396638,-0.00026033,,,,,61.59,38.41,1.6,65.42,34.58,1.89,48.23,51.77,0.93,1720400.64838,1109808.13837,2511832.77554,1454584.47215,,,,,,,,
2022-03-12,2555.9,2620,2552.22,2567.64,2158674162.6103,1276024159,1311999417,1274843366,1282423581,0.01,0.01,-0.001155,0.002074,-0.00026033,0.00720305,-0.01113496,-0.00938673,,,,,61.59,38.41,1.6,66.01,33.99,1.94,47.77,52.23,0.92,376866.45488,222176.545,549134.88593,276374.99377,,,,,,,,
2022-03-13,2567.63,2604.13,2490.25,2514.07,2952180287.7562,1282423581,1329824733,1273406005,1292890111,0.002074,0.01,-0.010452,-0.010344,-0.00938673,0.00891904,-0.01553022,-0.0137984,,,,,61.59,38.41,1.6,64.48,35.52,1.82,47.8,52.2,0.92,1066291.8799,382188.24053,1594317.40327,390127.59479,,,,,,,,
2022-03-14,2513.77,2609.32,2496.85,2588.96,4359300391.3687,1292890111,1334846876,1264106244,1308666119,-0.010344,0.01,-0.014974,0.01,-0.0137984,0.01111698,-0.0137984,0.00248229,,,,,61.59,38.41,1.6,66.91,33.09,2.02,46.68,53.32,0.88,1145349.09884,1096409.78483,1423144.62597,1271939.69956,,,,,,,,
2022-03-15,2588.96,2668.8,2504.5,2617.29,5180751383.2321,1308666119,1381889856,1269299681,1357687479,0.01,0.01,-0.006189,0.01,0.00248229,0.00974235,-0.0105857,0.00312712,,,,,67.6,32.4,2.09,65.45,34.55,1.89,48.01,51.99,0.92,993019.91974,1719618.15339,1331222.33957,2538173.58994,,,,,,,,
2022-03-16,2617.29,2789.86,2602.06,2772.78,7174245111.8531,1357687479,1461302448,1323743222,1460455055,0.01,0.01,-0.002623,0.01,0.00312712,0.01555251,-0.00932915,0.00719673,,,,,62.33,37.67,1.66,62.96,37.04,1.7,48.29,51.71,0.93,1507225.18074,2452443.5763,2069507.18639,4731653.93788,,,,,,,,
2022-03-17,2772.78,2839,2745.33,2810.74,3868718258.3426,1460455055,1531696230,1441541235,1509846432,0.01,0.01,-0.000932,0.01,0.00719673,0.01212853,-0.00372585,-0.00367289,,,,,57.48,42.52,1.35,58.49,41.51,1.41,49.61,50.39,0.99,407279.50105,696902.63514,527020.1324,948073.83644,,,,,,,,
2022-03-18,2810.75,2984.72,2760,2938.02,5743193067.9345,1509846432,1680553658,1475092292,1616939628,0.01,0.01,-0.003015,0.01,-0.00367289,0.00393515,-0.0163508,-0.00262645,,,,,53.9,46.1,1.17,55.67,44.33,1.26,50.15,49.85,1.01,581174.63607,2422959.77242,699532.1585,4239503.81081,,,,,,,,
2022-03-19,2938.03,2992,2890.6,2950,3357252267.1526,1616939628,1653517205,1574271125,1597084222,0.01,0.01,0.01,0.01,-0.00262645,0.01405562,-0.00362464,0.00247383,,,,,53.9,46.1,1.17,55.67,44.33,1.26,50.15,49.85,1.01,1183815.04793,1075631.50957,1755074.75083,1166623.23685,,,,,,,,
2022-03-20,2949.9,2965,2817.49,2860.47,4146991116.2099,1597084222,1608914343,1500535132,1503580332,0.01,0.01,0.01,0.01,0.00247383,0.01289787,0.00010612,0.00248374,,,,,51.59,48.41,1.07,52.85,47.15,1.12,50.49,49.51,1.02,1664304.83811,731577.05049,2309232.34783,870680.04976,,,,,,,,
2022-03-21,2860.53,2960,2830.5,2889.08,4892666455.5403,1503580332,1682035202,1489846436,1558453381,0.01,0.01,0.01,0.01,0.00248374,0.00807043,-0.00326152,0.00133795,,,,,56.26,43.74,1.29,58.25,41.75,1.4,51.65,48.35,1.07,952681.24219,1155615.57519,1554112.83847,1781282.38347,,,,,,,,
2022-03-22,2889.07,3055.9,2885.49,2968.49,5382042231.7788,1558453381,1745224498,1555239029,1683301490,0.01,0.01,0.01,0.01,0.00133795,0.01186715,-0.00300376,-0.00008992,,,,,57.04,42.96,1.33,57.32,42.68,1.34,51.21,48.79,1.05,724948.0647,1732447.53159,1022018.17041,2331830.85814,,,,,,,,
2022-03-23,2968.48,3043.69,2915.51,3035.55,5298205636.654,1683301490,1719926599,1589115192,1634537586,0.01,0.01,-0.004178,-0.001893,-0.00008992,0.00792476,-0.01517994,-0.00863627,,,,,55.92,44.08,1.27,56.23,43.77,1.29,52.01,47.99,1.08,897355.51156,1909308.73097,1700027.08802,2787275.00531,,,,,,,,
2022-03-24,3035.54,3129.75,3001,3109.89,6374625011.9004,1634537586,1860688779,1634537586,1821810092,-0.001893,0.01,-0.001893,0.01,-0.00863627,0.00875697,-0.00863627,-0.00152231,,,,,55.92,44.08,1.27,56.13,43.87,1.28,49.9,50.1,1.0,731345.41706,2563837.34284,882580.54755,3386431.90916,,,,,,,,
2022-03-25,3109.91,3195,3075,3101.37,6286882477.3372,1821810092,1912016451,1740293492,1745790996,0.01,0.01,0.01,0.01,-0.00152231,0.00863482,-0.01791871,-0.01189515,,,,,49.39,50.61,0.98,51.06,48.94,1.04,51.51,48.49,1.06,1442105.94837,1214491.67523,2403730.80397,1831437.38178,,,,,,,,
2022-03-26,3101.37,3152.24,3084.03,3143.47,2373065913.6232,1745790996,1794605649,1734392681,1788095611,0.01,0.01,0.002682,0.007545,-0.01189515,0.0067234,-0.01551121,-0.0049897,,,,,51.78,48.22,1.07,53.06,46.94,1.13,50.69,49.31,1.03,204272.10921,671904.58792,211652.10921,831806.30264,,,,,,,,
2022-03-27,3143.47,3299.33,3125.26,3295.01,3969651049.4372,1788095611,1920198047,1781729425,1912293490,0.007545,0.01,-0.004226,0.01,-0.0049897,0.00303771,-0.01299468,0.00104027,,,,,51.87,48.13,1.08,52.29,47.71,1.1,50.3,49.7,1.01,203801.0095,2901081.80587,263021.0095,4924285.8675,,,,,,,,
2022-03-28,3295.01,3430,3274.3,3333.62,5966466882.5232,1912293490,1981480549,1815546541,1828112082,0.01,0.01,0.007857,0.01,0.00104027,0.01186975,-0.01285898,-0.00479444,,,,,49.67,50.33,0.99,49.83,50.17,0.99,51.11,48.89,1.05,1753782.48554,3183188.75917,2386713.76384,5528002.90049,,,,,,,,
2022-03-29,3333.62,3480,3330.32,3399,6583176452.3103,1828112082,1937226077,1782558754,1799163580,0.01,0.01,0.004642,0.01,-0.00479444,0.00961867,-0.00774089,0.00178063,,,,,50.5,49.5,1.02,51.4,48.6,1.06,52.13,47.87,1.09,2074732.4153,3154941.31208,3956311.65411,3853738.30617,,,,,,,,
2022-03-30,3399,3447.74,3332,3385.1,5123642666.6403,1799163580,1838529784,1762000006,1776097704,0.01,0.01,0.01,0.01,0.00178063,0.01045545,-0.00317556,-0.00317556,,,,,53.21,46.79,1.14,52.77,47.23,1.12,50.85,49.15,1.04,1570001.51206,1449422.49333,2069779.8585,1704540.26392,,,,,,,,
2022-03-31,3385.09,3444.6,3260.84,3281.43,6079233247.7914,1776097704,1834401968,1679939288,1689348940,0.01,0.01,0.01,0.01,-0.00317556,0.01374173,-0.00679857,0.0032402,,,,,55.11,44.89,1.23,55.3,44.7,1.24,50.78,49.22,1.03,2524232.84478,968009.47563,5133362.56245,1035925.60733,,,,,,,,
2022-04-01,3281.43,3483.12,3210.06,3454.33,7072928093.6583,1689348940,1848217522,1643236200,1797145822,0.01,0.01,0.001808,0.01,0.0032402,0.0145694,-0.00450327,0.00513513,,,,,55.67,44.33,1.26,55.76,44.24,1.26,50.64,49.36,1.03,1952041.41914,5103644.31504,3234268.59138,6208527.263,,,,,,,,
2022-04-02,3454.33,3533,3430.2,3443.07,5750261128.4912,1797145822,1861304696,1760597024,1784238291,0.01,0.01,0.009263,0.01,0.00513513,0.01265868,-0.00449664,-0.00137822,,,,,53.32,46.68,1.14,53.62,46.38,1.16,51.23,48.77,1.05,1146638.95334,1842991.56379,1860443.28233,2657049.3783,,,,,,,,
2022-04-03,3443.06,3580,3411.9,3520.76,5003263989.4,1784238291,1962573034,1781408944,1925353593,0.01,0.01,0.00563,0.01,-0.00137822,0.01090795,-0.00423084,-0.00279101,,,,,53.32,46.68,1.14,53.62,46.38,1.16,51.23,48.77,1.05,807177.95263,1849089.59978,1023622.38928,2377524.1287,,,,,,,,
2022-04-04,3520.65,3551.55,3405.03,3518.96,5746961119.955,1925353593,1925353593,1822107712,1853367281,0.01,0.01,-0.002805,0.01,-0.00279101,0.00991347,-0.01093254,-0.01021411,,,,,54.38,45.62,1.19,54.36,45.64,1.19,50.98,49.02,1.04,2555658.92603,1359876.55268,3103100.76546,1770786.81629,,,,,,,,
2022-04-05,3518.97,3554.99,3388.97,3405.04,5173907528.829,1853367281,1883444839,1774204341,1790403766,0.01,0.01,0.004221,0.009658,-0.01021411,0.01064848,-0.01021411,-0.00314586,,,,,53.83,46.17,1.17,54.83,45.17,1.21,51.15,48.85,1.05,4169026.13834,475799.70069,4915187.649,556846.77081,,,,,,,,
2022-04-06,3405.03,3406.08,3160.19,3166.78,8577327122.4431,1790403766,1790403766,1568264136,1571214001,0.009658,0.01,-0.017188,0.008865,-0.00314586,0.01544024,-0.02384078,-0.00293032,,,,,53.83,46.17,1.17,54.83,45.17,1.21,51.15,48.85,1.05,8195936.20057,1754067.58792,14166132.20365,1976509.42976,,,,,,,,
2022-04-07,3166.77,3267.58,3140.33,3225.15,5619866761.2719,1571214001,1668930683,1559183594,1590190065,0.008865,0.009178,-0.016029,-0.009952,-0.00293032,0.00777894,-0.0162789,-0.0156565,,,,,53.83,46.17,1.17,54.83,45.17,1.21,51.15,48.85,1.05,1338847.25744,1952627.56865,2360043.75998,2208540.39111,,,,,,,,
2022-04-08,3225,3315,3171.95,3191.26,6370049548.3231,1590190065,1703555432,1587901693,1641475667,-0.009952,0.01,-0.012388,0.01,-0.0156565,0.01195152,-0.0156565,-0.00034144,,,,,53.83,46.17,1.17,54.83,45.17,1.21,51.15,48.85,1.05,4151082.06295,1095830.83557,5932580.59486,1837107.64731,,,,,,,,
2022-04-09,3191.27,3269.62,3180.24,3257.53,2927977910.1635,1641475667,1670155322,1627968620,1656596571,0.01,0.01,0.00959,0.01,-0.00034144,0.01009375,-0.00210186,-0.00154873,,,,,53.83,46.17,1.17,54.83,45.17,1.21,51.15,48.85,1.05,246837.71113,678762.78619,339037.71113,796777.40837,,,,,,,,
2022-04-10,3257.54,3307.21,3187,3200.24,3254020177.196,1656596571,1753582843,1634005813,1636823550,0.01,0.01,0.004924,0.004924,-0.00154873,0.0064428,-0.01105299,-0.01105299,,,,,58.23,41.77,1.39,55.36,44.64,1.24,49.08,50.92,0.96,1114682.86705,1032877.275,1309410.37282,1221975.45129,,,,,,,,
2022-04-11,3200.33,3212,2945.08,2978.69,7860985250.8644,1636823550,1654468721,1466278484,1474245633,0.004924,0.01,-0.008291,-0.003424,-0.01105299,0.0104064,-0.01215947,-0.0060645,,,,,58.23,41.77,1.39,55.36,44.64,1.24,49.08,50.92,0.96,8290861.71964,1182752.7736,13155175.21304,1295639.06645,,,,,,,,
2022-04-12,2978.69,3082,2948.19,3026.3,5623815398.9723,1474245633,1528834481,1464683917,1486648140,-0.003424,0.01,-0.019789,-0.002196,-0.0060645,0.00584111,-0.01841821,-0.00921574,,,,,62.66,37.34,1.68,62.48,37.52,1.67,47.01,52.99,0.89,1626828.31899,1766142.37349,2477115.51789,2100940.73345,,,,,,,,
2022-04-13,3026.31,3133,2995.23,3116.45,5064058641.2499,1486648140,1577374426,1480776344,1564006136,-0.002196,0.009529,-0.018104,-0.002193,-0.00921574,0.00523159,-0.0182976,-0.00658837,,,,,64.99,35.01,1.86,62.59,37.41,1.67,47.04,52.96,0.89,955677.73136,1271964.3818,1067800.2367,2165016.11893,,,,,,,,
2022-04-14,3116.53,3148,2973.47,3019.82,4606163139.7741,1564006136,1601846426,1526790938,1536751902,-0.002193,0.008573,-0.012189,-0.012189,-0.00658837,0.01131067,-0.01248342,-0.01248342,,,,,61.8,38.2,1.62,60.1,39.9,1.51,47.93,52.07,0.92,3215085.4134,434726.02316,4131627.46144,917273.03502,,,,,,,,
2022-04-15,3019.82,3062.81,2990.06,3039.19,2792809641.754,1536751902,1542967580,1519475051,1538232124,-0.012189,0.003326,-0.01513,-0.002887,-0.01248342,0.00249909,-0.01248342,-0.00664446,,,,,65.02,34.98,1.86,64.1,35.9,1.79,46.73,53.27,0.88,453138.45085,584134.46119,470668.45085,647769.58148,,,,,,,,
2022-04-16,3039.2,3090,3008.08,3057.99,1983206025.3536,1538232124,1574786900,1535564167,1556702333,-0.002887,0.003639,-0.013469,0.002483,-0.00664446,0.00301635,-0.01630269,-0.00452431,,,,,64.49,35.51,1.82,62.56,37.44,1.67,46.92,53.08,0.88,323902.81772,498371.64563,367600.88834,586662.75316,,,,,,,,
2022-04-17,3058,3082.56,2980.6,2986.03,3272890215.3755,1556702333,1570688232,1498386300,1510722748,0.002483,0.005912,-0.009564,-0.005195,-0.00452431,0.00422964,-0.01316024,-0.0127526,,,,,64.1,35.9,1.79,62.57,37.43,1.67,47.33,52.67,0.9,1320142.55392,365864.14064,1942764.81739,997938.05729,,,,,,,,
2022-04-18,2986.02,3069,2875.87,3054.02,5367214649.9989,1510722748,1550678066,1477201670,1509737521,-0.005195,0.009919,-0.014582,0.008528,-0.0127526,0.00652665,-0.01574096,-0.00097605,,,,,65.14,34.86,1.87,63.49,36.51,1.74,47.98,52.02,0.92,2609065.49674,3407441.42329,3697144.02362,4202193.73989,,,,,,,,
2022-04-19,3054.02,3129.43,3027.66,3100.42,3674956262.2149,1509737521,1605650165,1483239856,1568692155,0.008528,0.01,-0.003721,0.01,-0.00097605,0.00536326,-0.01237491,-0.00147454,,,,,63.06,36.94,1.71,61.11,38.89,1.57,48.08,51.92,0.93,410586.85965,2884427.76036,473225.20281,3460966.46732,,,,,,,,
2022-04-20,3100.43,3173.89,3031.48,3074.01,4314708957.0023,1568692155,1605160576,1486126026,1489524436,0.01,0.01,-0.00951,-0.00951,-0.00147454,0.00511097,-0.0163384,-0.01587821,,,,,64.1,35.9,1.79,64.15,35.85,1.79,49.14,50.86,0.97,1072950.76397,1897046.03426,1498325.63646,2177741.21576,,,,,,,,
2022-04-21,3073.96,3180,2933.33,2981.31,5554654602.7825,1489524436,1664266142,1474052013,1503826869,-0.00951,0.01,-0.018413,-0.011836,-0.01587821,0.00319396,-0.01837695,-0.0157929,,,,,64.96,35.04,1.85,64.95,35.05,1.85,47.54,52.46,0.91,3590482.52248,889373.22224,5045736.15739,1109794.6101,,,,,,,,
2022-04-22,2981.31,3035.37,2930.26,2960.38,4404899863.5296,1503826869,1587464989,1501222267,1549719676,-0.011836,0.009321,-0.024341,0.003878,-0.0157929,0.00557771,-0.01812279,-0.00500831,,,,,68.47,31.53,2.17,68.07,31.93,2.13,46.76,53.24,0.88,1791025.3753,1360514.10823,2826645.29733,1430846.0585,,,,,,,,
2022-04-23,2960.39,2976.82,2904.36,2930.28,1817819456.3237,1549719676,1564814308,1520974317,1535760226,0.003878,0.003878,-0.012497,-0.009059,-0.00500831,0.00702522,-0.0147412,-0.0147412,,,,,70.36,29.64,2.37,68.14,31.86,2.14,47.24,52.76,0.9,1014971.42188,182846.25724,1213021.04438,300749.60948,,,,,,,,
2022-04-24,2930.28,2967.2,2908.99,2918.97,2490964182.0045,1535760226,1572370724,1535155037,1542684957,-0.009059,0.005721,-0.009434,0.000358,-0.0147412,0.00778057,-0.0147412,-0.00623384,,,,,70.68,29.32,2.41,68.42,31.58,2.17,46.95,53.05,0.89,879154.19446,366781.5199,1405319.91308,485674.21622,,,,,,,,
2022-04-25,2918.98,3026.02,2791.3,3006.11,6379061835.9088,1542684957,1582628039,1496520099,1540832493,0.000358,0.01,-0.025058,0.01,-0.00623384,0.00550254,-0.02103053,-0.00160249,,,,,71.67,28.33,2.53,68.97,31.03,2.22,47.08,52.92,0.89,2139091.07217,2811214.86309,4674579.53248,3811690.81318,,,,,,,,
2022-04-26,3006.12,3043,2761.27,2807.88,6147952778.2067,1540832493,1550693346,1452429411,1482799121,0.01,0.01,-0.01441,-0.01418,-0.00160249,0.01523753,-0.01119925,-0.01111759,,,,,66.94,33.06,2.03,65.56,34.44,1.9,48.29,51.71,0.93,5475707.27885,911036.40979,8856806.48683,985194.70799,,,,,,,,
2022-04-27,2807.89,2920,2792.27,2887.57,5415438107.3453,1482799121,1600050171,1455714025,1486367718,-0.01418,0.006034,-0.027821,-0.001642,-0.01111759,0.0086703,-0.02423409,-0.00673836,,,,,70.19,29.81,2.36,69.68,30.32,2.3,46.75,53.25,0.88,1237994.99326,1772672.52495,1822577.82738,2166607.61848,,,,,,,,
2022-04-28,2887.57,2979.76,2853.24,2935.39,5611592292.3842,1486367718,1574606957,1461206284,1473992254,-0.001642,0.01,-0.006952,0.01,-0.00673836,0.00878008,-0.01353961,0.00230918,,,,,70.19,29.81,2.36,69.68,30.32,2.3,46.75,53.25,0.88,2289653.18706,2700064.19688,2969040.75362,3256297.52261,,,,,,,,
2022-04-29,2935.39,2946.29,2776,2815.37,4774618098.4354,1473992254,1479570728,1418093229,1459332622,0.01,0.01,-0.01019,-0.00893,0.00230918,0.00901055,-0.00935153,-0.00923056,,,,,70.19,29.81,2.36,69.68,30.32,2.3,46.75,53.25,0.88,3050482.10274,576830.639,5984105.92861,810818.32005,,,,,,,,
2022-04-30,2815.38,2841.04,2711.65,2725.1,3117970211.1941,1459332622,1494938853,1411238802,1435586378,-0.00893,-0.00246,-0.012785,-0.007156,-0.00923056,0.00243099,-0.01549995,-0.01180602,,,,,69.3,30.7,2.26,67.8,32.2,2.11,47.69,52.31,0.91,3376404.72894,614943.29191,5044095.46886,743001.62042,,,,,,,,
2022-05-01,2725.1,2849,2714.5,2823.38,3385061651.5268,1435586378,1488350832,1411286246,1454930090,-0.007156,0.008924,-0.01967,0.004926,-0.01180602,0.00564494,-0.02074202,-0.00361052,,,,,68.95,31.05,2.22,67.3,32.7,2.06,47.24,52.76,0.9,561826.43195,1962343.46737,779929.29092,2271064.04972,,,,,,,,
2022-05-02,2823.38,2882.15,2774.97,2855.16,4519310164.0205,1454930090,1495089466,1424933192,1449997652,0.004926,0.01,-0.012871,0.008815,-0.00361052,0.007088,-0.0134011,-0.00158579,,,,,67.36,32.64,2.06,64.39,35.61,1.81,47.33,52.67,0.9,1494538.43651,1464913.41356,2060525.62311,2150075.80673,,,,,,,,
2022-05-03,2855.15,2860.76,2753,2780.91,3294561448.5544,1449997652,1451938920,1382642386,1423523438,0.008815,0.01,0.000375,0.00922,-0.00158579,0.01111817,-0.00369574,-0.00128979,,,,,63.41,36.59,1.73,62.66,37.34,1.68,48.59,51.41,0.95,1522667.50947,253097.39354,2731757.19149,296148.7191,,,,,,,,
2022-05-04,2780.92,2965,2770.08,2939.76,4918345920.9695,1423523438,1483757369,1396340823,1475131437,0.00922,0.01,0.00922,0.01,-0.00128979,0.00894226,-0.00151733,0.00313116,,,,,67.46,32.54,2.07,66.13,33.87,1.95,48.1,51.9,0.93,853125.3713,2283580.29993,969451.51851,3688139.5177,,,,,,,,
2022-05-05,2939.76,2955.79,2684.84,2746.37,6059122242.6144,1475131437,1517164140,1360856253,1431101272,0.01,0.01,-0.011593,-0.005015,0.00313116,0.0167042,-0.01235295,-0.01084097,,,,,63.45,36.55,1.74,63.02,36.98,1.7,50.46,49.54,1.02,3672530.34369,732241.63096,5526161.70183,813435.57873,,,,,,,,
2022-05-06,2746.36,2757.28,2630,2691.59,5167603572.295,1431101272,1443175764,1387641645,1407337160,-0.005015,0.01,-0.008186,0.005875,-0.01084097,0.00838556,-0.01084097,0.00101482,,,,,72.86,27.14,2.69,72.03,27.97,2.58,47.54,52.46,0.91,2428155.81613,2345983.40843,3593444.87087,2787800.40417,,,,,,,,
2022-05-07,2691.6,2703.61,2581.89,2634.82,2563139686.0567,1407337160,1436800295,1366013139,1388234402,0.005875,0.01,0.00536,0.009879,0.00101482,0.01016205,0.00101482,0.00410321,,,,,72.35,27.65,2.62,70.78,29.22,2.42,46.58,53.42,0.87,2275845.49712,301406.02473,3461248.47981,323423.05754,,,,,,,,
2022-05-08,2634.82,2641.11,2480,2518.9,5089288597.5712,1388234402,1416616419,1346151114,1352852972,0.009879,0.01,0.009356,0.01,0.00410321,0.01499925,0.00168631,0.00481488,,,,,72.55,27.45,2.64,71.37,28.63,2.49,46.97,53.03,0.89,2047360.47806,1431783.04479,3355655.55144,1529976.42137,,,,,,,,
2022-05-09,2519.03,2530.88,2222.46,2227.48,10697080294.5351,1352852972,1369133341,1158295337,1158295337,0.01,0.01,0.003585,0.009907,0.00481488,0.01662693,-0.00544287,0.00972686,,,,,69.91,30.09,2.32,69.28,30.72,2.26,47.3,52.7,0.9,8134563.68372,3682755.90066,13154174.81432,4195994.36866,,,,,,,,
2022-05-10,2227.62,2455.88,2197.38,2340.86,9596381303.9188,1158295337,1254288259,1109985317,1150692133,0.009907,0.01,-0.015967,0.007639,0.00972686,0.01606442,-0.00786908,-0.00579668,,,,,69.91,30.09,2.32,69.28,30.72,2.26,47.3,52.7,0.9,5005878.84075,4525252.26901,6285470.56329,6211277.1896,,,,,,,,
2022-05-11,2340.85,2451.86,2002,2083.98,12709946317.1811,1150692133,1275207124,970412697,1025850511,0.007639,0.01,-0.018823,-0.018659,-0.00579668,0.02206952,-0.00905762,0.00110514,,,,,69.91,30.09,2.32,69.28,30.72,2.26,47.3,52.7,0.9,27090962.86029,8869730.05387,33700075.8967,10755153.68201,,,,,,,,
2022-05-12,2083.98,2193.7,1775.43,1959.78,10970897799.5426,1025850511,1070699261,899793897,928158120,-0.018659,0.001975,-0.102548,-0.009253,0.00110514,0.0141465,-0.03807017,0.00035891,,,,,64.13,35.87,1.79,64.7,35.3,1.83,49.49,50.51,0.98,8396189.48831,12300156.95332,21271270.72422,14964279.26837,,,,,,,,
2022-05-13,1959.79,2149.99,1939.33,2008.49,5809508863.7378,928158120,1012338764,920535032,931484362,-0.009253,0.01,-0.024772,0.005221,0.00035891,0.01259463,-0.0148564,0.00319612,,,,,58.7,41.3,1.42,58.73,41.27,1.42,50.77,49.23,1.03,3410646.52062,4371781.68103,4645083.65598,5544290.39136,,,,,,,,
2022-05-14,2008.48,2068.6,1950.07,2055,3446391444.535,931484362,982157337,926451171,957249983,0.005221,0.01,-0.00744,0.01,0.00319612,0.0164598,-0.00322358,0.00084286,,,,,58.37,41.63,1.4,57.84,42.16,1.37,49.79,50.21,0.99,1296916.07753,3149592.74958,1892624.17286,3753568.08328,,,,,,,,
2022-05-15,2054.99,2174.32,2000,2144.07,3360304686.4319,957249983,1030266657,929087752,1002008506,0.01,0.01,0.000359,0.01,0.00084286,0.01072851,-0.00585948,0.00175567,,,,,59.77,40.23,1.49,58.91,41.09,1.43,49.91,50.09,1.0,1116413.33678,1810041.28324,1233828.28705,2764967.46751,,,,,,,,
2022-05-16,2144.06,2144.07,1976,2022.89,5366042101.0445,1002008506,1003329871,911724834,918068982,0.01,0.01,-0.01653,0.001866,0.00175567,0.01339821,-0.00509878,0.00176927,,,,,57.08,42.92,1.33,56.64,43.36,1.31,49.94,50.06,1.0,3552194.15161,2141120.15601,4715053.38916,2451950.47538,,,,,,,,
2022-05-17,2022.79,2124.1,2006.71,2090,4051348918.7895,918068982,1030361687,917799311,992285171,0.001866,0.01,-0.012119,0.007024,0.00176927,0.01410419,-0.00681042,0.00245083,,,,,60.02,39.98,1.5,60.77,39.23,1.55,49.67,50.33,0.99,1349800.62666,2012198.71298,2086620.99935,2529859.95558,,,,,,,,
2022-05-18,2090,2110.89,1906.61,1914.2,4653527058.8782,992285171,1006896906,926886590,929997904,0.007024,0.0091,-0.010309,-0.005426,0.00245083,0.01466689,-0.00893245,-0.00675884,,,,,57.94,42.06,1.38,57.12,42.88,1.33,49.51,50.49,0.98,2657031.90304,510353.02,5721861.5224,819890.41598,,,,,,,,
2022-05-19,1914.19,2039.3,1901.7,2019.46,5090115706.2403,929997904,993607349,928768037,990884974,-0.005426,0.01,-0.012144,0.01,-0.00675884,0.01771653,-0.00737744,0.0139586,,,,,62.9,37.1,1.7,63.07,36.93,1.71,50.67,49.33,1.03,1540281.64556,1902130.91658,1875611.83547,2623711.80607,,,,,,,,
2022-05-20,2019.45,2064.74,1922,1958.69,5192098711.0452,990884974,1025928621,918435614,925315486,0.01,0.01,-0.003067,0.009945,0.0139586,0.01662724,-0.00440192,0.00800552,,,,,58.86,41.14,1.43,57.71,42.29,1.37,51.55,48.45,1.06,1438042.54984,1167666.49216,2630957.23643,1475204.12154,,,,,,,,
2022-05-21,1958.69,1990.75,1935.52,1973.94,2286852806.298,925315486,951479261,903683320,910489218,0.009945,0.01,-0.002716,0.004308,0.00800552,0.01424764,-0.00559537,-0.00216431,,,,,63.85,36.15,1.77,62.86,37.14,1.69,51.3,48.7,1.05,426494.07986,380250.09387,522437.0892,442617.26212,,,,,,,,
2022-05-22,1973.94,2056.73,1965.25,2042.63,2881403518.8437,910489218,988403394,909007147,976959506,0.004308,0.01,0.00176,0.01,-0.00216431,0.01201116,-0.00488526,0.00210997,,,,,62.04,37.96,1.63,60.65,39.35,1.54,51.66,48.34,1.07,350391.53621,652430.07524,552689.69207,1141769.62179,,,,,,,,
2022-05-23,2042.63,2088.6,1955.01,1972.45,4768335961.8344,976959506,1029581872,919722813,928669276,0.01,0.01,-0.007871,-0.00786,0.00210997,0.01337047,-0.0084072,-0.0052187,,,,,57.24,42.76,1.34,56.78,43.22,1.31,52.42,47.58,1.1,1747471.34079,817608.02554,2575864.25837,1236035.09329,,,,,,,,
2022-05-24,1972.44,1993.72,1911.38,1978.56,4069978789.6848,928669276,1000519375,926715746,977851014,-0.00786,0.01,-0.009605,0.001228,-0.0052187,0.00444275,-0.01202974,-0.0000516,,,,,65.1,34.9,1.87,65.3,34.7,1.88,51.83,48.17,1.08,1033925.60277,796537.75182,1865139.96169,941610.92288,,,,,,,,
2022-05-25,1978.56,2022.74,1933,1942,4241446354.7757,977851014,986604416,921952389,952947890,0.001228,0.01,-0.00245,0.01,-0.0000516,0.02176512,-0.00065678,0.00382168,,,,,67.67,32.33,2.09,65.3,34.7,1.88,50.11,49.89,1.0,1580050.24464,640446.53056,2157265.44738,1197025.89814,,,,,,,,
2022-05-26,1942.01,1965.28,1725,1791.02,8138290353.0004,952947890,1100531982,914098466,916017560,0.01,0.01,-0.016174,0.01,0.00382168,0.01328969,-0.01311477,0.00714375,,,,,68.91,31.09,2.22,66.97,33.03,2.03,50.45,49.55,1.02,5175335.51402,1470203.94828,8805116.75244,2051605.66873,,,,,,,,
2022-05-27,1790.99,1821.85,1694.97,1726.55,8356876215.1176,916017560,998519596,911372392,941158956,0.01,0.01,-0.006451,0.01,0.00714375,0.01490246,-0.00585266,0.00978805,,,,,66.7,33.3,2.0,66.63,33.37,2.0,50.13,49.87,1.01,4780192.9805,1889481.00546,6449415.57542,2400218.14519,,,,,,,,
2022-05-28,1726.55,1809.33,1721.3,1791.74,3667369271.2134,941158956,1016391987,939825078,1009282867,0.01,0.017225,0.00099,0.01,0.00978805,0.01478078,-0.006304,0.00851767,,,,,70.23,29.77,2.36,68.34,31.66,2.16,50.62,49.38,1.03,360094.55509,974646.74863,440915.98032,1296140.94395,,,,,,,,
2022-05-29,1791.75,1829,1755.25,1812.45,2945510413.2069,1009282867,1039046424,978317865,1008264683,0.01,0.01,-0.003671,0.00655,0.00851767,0.00958736,-0.00738201,0.0023096,,,,,62.86,37.14,1.69,60.93,39.07,1.56,48.65,51.35,0.95,781875.67944,712931.41328,870679.23446,835542.82148,,,,,,,,
2022-05-30,1812.46,2013.56,1801.52,1997.87,6238845246.6054,1008264683,1109246266,998751653,1108688602,0.00655,0.01,0.000127,0.007793,0.0023096,0.01662245,-0.00694718,0.00127233,,,,,62.11,37.89,1.64,61.32,38.68,1.59,50.01,49.99,1.0,587146.823,3191758.08184,767825.18925,4642668.40656,,,,,,,,
2022-05-31,1997.87,2016.77,1922,1941.68,5222980125.2323,1108688602,1131559025,1044658294,1050308305,0.007793,0.01,0.00761,0.01,0.00127233,0.01727945,-0.00484124,-0.00079182,,,,,58.92,41.08,1.43,57.81,42.19,1.37,50.28,49.72,1.01,1550628.95167,1283344.66695,2604647.20759,1517261.23149,,,,,,,,
2022-06-01,1941.68,1972.77,1758.52,1817.1,6597708337.3635,1050308305,1098540903,947887799,962515725,0.01,0.01,-0.023259,-0.008675,-0.00079182,0.04648101,-0.01169848,-0.00586875,,,,,62.63,37.37,1.68,63.53,36.47,1.74,52.77,47.23,1.12,3240887.786,1119778.99423,5759795.75863,1429069.02642,,,,,,,,
2022-06-02,1817.16,1852.99,1780.48,1833.37,4342854390.6464,962515725,1046256135,952865426,1032061540,-0.008675,0.01,-0.008675,0.005264,-0.00586875,0.01398796,-0.01317913,0.00797047,,,,,66.29,33.71,1.97,66.59,33.41,1.99,50.93,49.07,1.04,979901.93707,872193.86646,1249949.35222,1287545.07799,,,,,,,,
2022-06-03,1833.37,1843.33,1733.01,1774.15,4200920962.162,1032061540,1067525047,1025131137,1027818910,0.005264,0.01,0.002353,0.01,0.00797047,0.01551345,0.00367563,0.01216442,,,,,67.27,32.73,2.06,65.56,34.44,1.9,49.32,50.68,0.97,1627718.55742,738530.39541,2464604.07948,906197.72036,,,,,,,,
2022-06-04,1774.16,1815.48,1747.45,1803.71,2339218814.8748,1027818910,1048963992,1011078850,1034403421,0.01,0.01,-0.001437,0.003388,0.01216442,0.01216442,-0.00349944,0.001449,,,,,70.22,29.78,2.36,69.06,30.94,2.23,50.35,49.65,1.01,398897.38911,401411.1736,466751.56679,578430.51236,,,,,,,,
2022-06-05,1803.7,1830,1772.19,1805.39,2579974052.5,1034403421,1079606743,1017787527,1048431012,0.003388,0.01,0.001945,0.01,0.001449,0.01296698,-0.00548256,0.00854948,,,,,69.75,30.25,2.31,67.96,32.04,2.12,49.75,50.25,0.99,477178.7873,553709.31316,721510.08031,714482.73535,,,,,,,,
2022-06-06,1805.4,1919.33,1803.52,1859.11,5475966524.6619,1048431012,1140829654,1033508843,1038654003,0.01,0.01,0.005262,0.01,0.00854948,0.01239017,-0.00661236,0.00832476,,,,,66.68,33.32,2.0,66.41,33.59,1.98,49.47,50.53,0.98,1073574.49774,1562062.80597,1766092.55238,2265052.87831,,,,,,,,
2022-06-07,1859.1,1875,1722,1812.61,7291028293.728,1038654003,1057967429,918777952,974936860,0.01,0.01,-0.004394,0.01,0.00832476,0.01543695,-0.008301,0.00631157,,,,,63.13,36.87,1.71,63.27,36.73,1.72,50.22,49.78,1.01,2970932.17414,2784509.55062,5339730.58607,3752280.24308,,,,,,,,
2022-06-08,1812.62,1840.13,1763.87,1791.02,4737506157.6658,974936860,1029355137,962588412,997818036,0.01,0.01,-0.002117,0.01,0.00631157,0.01164852,-0.00159365,0.00672804,,,,,65.29,34.71,1.88,65.22,34.78,1.88,49.7,50.3,0.99,1245377.22367,890365.45594,1844207.01173,1073999.11339,,,,,,,,
2022-06-09,1791.01,1832.7,1776.32,1788.03,3309767941.2943,997818036,1050866814,990801310,1017786438,0.01,0.01,0.004639,0.01,0.00672804,0.01145933,0.0016929,0.00924584,,,,,66.77,33.23,2.01,65.44,34.56,1.89,49.47,50.53,0.98,745318.70069,716096.88337,1170478.78987,1002904.89156,,,,,,,,
2022-06-10,1788.03,1803.82,1650,1661.95,6228288627.1695,1017786438,1146189567,980022224,1140998053,0.01,0.01,-0.020512,-0.013483,0.00924584,0.01710955,-0.01130169,-0.0032621,,,,,69.56,30.44,2.29,68.28,31.72,2.15,49.17,50.83,0.97,2649984.29606,579647.03756,4424330.27447,683807.62854,,,,,,,,
2022-06-11,1661.95,1680.97,1498.93,1532.19,7777829496.2165,1140998053,1243884657,1083618473,1108192257,-0.013483,-0.00606,-0.022382,-0.006085,-0.0032621,0.00709127,-0.02760936,0.00259518,,,,,73.29,26.71,2.74,72.43,27.57,2.63,48.88,51.12,0.96,3156769.37928,1463794.27762,5175414.04125,2000819.05832,,,,,,,,
2022-06-12,1532.19,1548.81,1421,1434.35,8892715926.4101,1108192257,1119457037,1004688272,1004688272,-0.006085,0.001576,-0.014125,0.001552,0.00259518,0.01775235,-0.01382324,0.00684611,,,,,69.12,30.88,2.24,68.39,31.61,2.16,50.74,49.26,1.03,3503965.11655,2471957.76581,5622146.31647,4231948.35956,,,,,,,,
2022-06-13,1434.34,1454.58,1162,1209.04,21941137787.524,1004688272,1035758172,874349723,906107699,0.001552,0.003362,-0.011749,-0.004108,0.00684611,0.01992952,-0.0301166,-0.0075281,,,,,65.21,34.79,1.87,65.39,34.61,1.89,53.29,46.71,1.14,10329191.93091,9710677.86453,18097709.08696,13144125.11818,,,,,,,,
2022-06-14,1209.03,1268.9,1073,1208.32,14656657040.447,906107699,987009135,827978658,920661089,-0.004108,-0.002122,-0.012514,-0.005358,-0.0075281,0.00636989,-0.0255676,-0.01367909,,,,,58.94,41.06,1.44,60.6,39.4,1.54,54.01,45.99,1.17,7557908.95509,5863104.16959,11664637.71879,7987834.76135,,,,,,,,
2022-06-15,1208.32,1249.4,1012.42,1236.49,17505777595.3159,920661089,962486042,836660614,923366575,-0.005358,0.004528,-0.026945,-0.001392,-0.01367909,0.06106443,-0.0355139,-0.00028041,,,,,58.46,41.54,1.41,58.32,41.68,1.4,51.79,48.21,1.07,7909107.65258,7796783.23297,12294678.9784,10786907.70251,,,,,,,,
2022-06-16,1236.48,1257.29,1050.51,1067.77,9946814456.5249,923366575,944544089,840054064,865180817,-0.001392,0.007153,-0.013266,-0.012406,-0.00028041,0.00951813,-0.01983081,-0.00894819,,,,,57.46,42.54,1.35,57.68,42.32,1.36,53.48,46.52,1.15,4826170.85693,2980158.40634,7193424.4026,3696417.82641,,,,,,,,
2022-06-17,1067.77,1118,1050,1085.99,7158504517.5707,865180817,919550219,851366484,879285307,-0.012406,-0.000484,-0.017355,-0.007236,-0.00894819,0.00210747,-0.02064697,-0.00322871,,,,,62.97,37.03,1.7,64.14,35.86,1.79,54.69,45.31,1.21,2570153.86539,3060175.15566,3168446.80076,3652721.63656,,,,,,,,
2022-06-18,1085.99,1097,878.04,994.09,11136174774.4087,879285307,971752104,837687550,913701219,-0.007236,-0.002911,-0.042744,-0.018939,-0.00322871,0.01243252,-0.04534484,-0.00904157,,,,,64.08,35.92,1.78,61.75,38.25,1.61,52.7,47.3,1.11,7349153.28486,4794726.55259,12303103.059,6277771.78908,,,,,,,,
2022-06-19,994.1,1162.98,935.5,1127.88,10734015121.6361,913701219,1017768789,873637481,979252903,-0.018939,0.01,-0.025087,0.01,-0.00904157,0.01238423,-0.02664751,-0.0004799,,,,,55.67,44.33,1.26,56.84,43.16,1.32,53.8,46.2,1.17,2586649.34244,3877498.98391,3200582.16987,6599202.5221,,,,,,,,
2022-06-20,1127.88,1174,1052.05,1127.83,9596838376.9342,979252903,1020658604,891954400,920585270,0.01,0.01,-0.003577,0.006015,-0.0004799,0.01328919,-0.01012517,0.00506654,,,,,51.43,48.57,1.06,50.83,49.17,1.03,54.59,45.41,1.2,3606662.03656,2974841.20765,5716241.69346,3977765.34252,,,,,,,,
2022-06-21,1127.82,1194,1108.63,1125.47,7596173307.1812,920585270,1061864894,903347387,951816048,0.006015,0.01,-0.011501,-0.005024,0.00506654,0.03274905,-0.00954484,-0.00071764,,,,,51.54,48.46,1.06,53.48,46.52,1.15,53.78,46.22,1.16,1900567.32604,3220753.55814,2800328.43089,3799146.21464,,,,,,,,
2022-06-22,1125.47,1126.81,1042,1049.4,6983254619.0377,951816048,958795152,864393330,872824555,-0.005024,0.002809,-0.010368,-0.004359,-0.00071764,0.00628237,-0.0190071,-0.00054868,,,,,53.15,46.85,1.13,54.1,45.9,1.18,53.07,46.93,1.13,4088560.54005,1779379.10713,4972468.59488,2228518.68051,,,,,,,,
2022-06-23,1049.41,1156.01,1044.16,1143.71,6565233604.4574,872824555,1022249328,868860725,1005771782,-0.004359,0.005468,-0.013581,0.004107,-0.00054868,0.00653,-0.01246884,0.00332945,,,,,55.48,44.52,1.25,56.7,43.3,1.31,54.38,45.62,1.19,828218.89911,2134521.94897,1131541.60821,2760622.76482,,,,,,,,
2022-06-24,1143.71,1244.94,1131.36,1224.42,7193691053.2946,1005771782,1206473654,1004983882,1120339872,0.004107,0.01,-0.004701,-0.003946,0.00332945,0.01290224,-0.00921448,-0.00349767,,,,,49.45,50.55,0.98,49.61,50.39,0.99,54.17,45.83,1.18,1310989.29656,3720736.46062,1775835.10592,4716448.22503,,,,,,,,
2022-06-25,1224.42,1258,1179.03,1241.6,5513479946.3773,1120339872,1176197499,1071291667,1172489904,-0.003946,0.01,-0.004055,0.01,-0.00349767,0.00369446,-0.01318785,0.00341843,,,,,46.2,53.8,0.86,48.42,51.58,0.94,53.79,46.21,1.16,1459234.16867,2314844.8466,1770195.86028,3082222.68812,,,,,,,,
2022-06-26,1241.53,1280,1193.54,1197.21,5637722853.1634,1172489904,1236700790,1066964458,1067523139,0.01,0.01,-0.013561,-0.010321,0.00341843,0.00648641,-0.01556351,-0.00902788,,,,,46.67,53.33,0.88,49.55,50.45,0.98,54.43,45.57,1.19,1767668.76434,926616.74862,2718238.14726,1253356.66758,,,,,,,,
2022-06-27,1197.2,1238.89,1172.14,1191.9,5577267633.4099,1067523139,1118669984,1045903700,1047779650,-0.010321,0.00278,-0.012401,0.000845,-0.00902788,0.00410896,-0.01060662,-0.00003092,,,,,49.06,50.94,0.96,51.3,48.7,1.05,52.76,47.24,1.12,1148171.96245,1541395.60469,2151518.35723,1764113.21868,,,,,,,,
2022-06-28,1191.89,1239.66,1135.65,1143.5,6940483543.1533,1047779650,1181251326,1000153877,1008145557,0.000845,0.01,-0.008797,0.003202,-0.00003092,0.00994828,-0.00632995,0.00496096,,,,,50.5,49.5,1.02,51.07,48.93,1.04,52.96,47.04,1.13,2544901.4508,798636.60776,3962088.51731,1313918.52029,,,,,,,,
2022-06-29,1143.51,1156.76,1085.6,1099.32,6994906897.9515,1008145557,1019286739,953011252,958749466,0.003202,0.008147,-0.001575,0.003467,0.00496096,0.01069663,-0.00034,0.00439175,,,,,53.86,46.14,1.17,54.93,45.07,1.22,54.09,45.91,1.18,3593814.30047,871848.59216,4843260.08365,1057533.32417,,,,,,,,
2022-06-30,1099.33,1106.6,995,1070.85,8775436153.4613,958749466,982138502,897880434,931979819,0.003467,0.004281,-0.021997,-0.013528,0.00439175,0.00439175,-0.01886437,-0.00530928,,,,,58.35,41.65,1.4,58.27,41.73,1.4,54.13,45.87,1.18,3753090.97429,3939704.90812,5744442.00857,5092877.8777,,,,,,,,
2022-07-01,1070.9,1118.21,1032.65,1059.24,7960975878.5162,931979819,949450992,885387305,897682723,-0.013528,0.00479,-0.013528,-0.000566,-0.00530928,0.00519366,-0.01197957,-0.00053347,,,,,58.89,41.11,1.43,57.99,42.01,1.38,49.78,50.22,0.99,3119745.21544,3108353.4473,4081939.29732,3955425.04987,,,,,,,,
2022-07-02,1059.16,1078.98,1026.16,1066.53,4180348050.3927,897682723,932400231,887514203,909853905,-0.000566,0.008206,-0.006417,0.008136,-0.00053347,0.00746798,-0.00539803,0.005215,,,,,56.51,43.49,1.3,57.38,42.62,1.35,50.26,49.74,1.01,1071462.49492,1155086.22188,1610496.93955,1552386.81804,,,,,,,,
2022-07-03,1066.53,1088,1040.01,1073.9,3984762374.2054,909853905,1006548691,888794826,986908464,0.008136,0.01,-0.01278,0.008424,0.005215,0.02945769,-0.00954824,0.00876355,,,,,55.19,44.81,1.23,55.53,44.47,1.25,50.28,49.72,1.01,939496.37687,783205.31505,1124962.13532,1052438.29594,,,,,,,,
2022-07-04,1073.91,1160.68,1044.33,1150.23,6503007646.5766,986908464,1078882707,917833617,1074568913,0.008424,0.01,-0.016943,0.001038,0.00876355,0.00986645,-0.01320521,0.00055081,,,,,53.19,46.81,1.14,54.86,45.14,1.22,50.81,49.19,1.03,863936.26289,2553953.95057,1005981.07047,3809636.6477,,,,,,,,
2022-07-05,1150.23,1176,1075,1131.8,8045775245.2814,1074568913,1124186718,978781204,1016865721,0.001038,0.01,-0.008798,0.01,0.00055081,0.01002271,-0.00990331,0.00633695,,,,,50.67,49.33,1.03,51.06,48.94,1.04,50.14,49.86,1.01,2124044.34873,3274656.19014,2949284.6004,4541991.70187,,,,,,,,
2022-07-06,1131.81,1205.45,1111.03,1186.37,7474705460.1831,1016865721,1166719405,980791896,1150052525,0.01,0.01,-0.004128,0.01,0.00633695,0.01179834,-0.0040934,0.00563898,,,,,50.09,49.91,1.0,53.85,46.15,1.17,51.22,48.78,1.05,1382349.4067,4101368.36076,1943849.51906,4668397.50449,,,,,,,,
2022-07-07,1186.36,1254.82,1162.93,1236.92,6421272166.6617,1150052525,1260609718,1073535610,1207086424,0.01,0.01,-0.003192,0.01,0.00563898,0.0107581,-0.00763598,0.00356736,,,,,45.42,54.58,0.83,47.79,52.21,0.92,52.44,47.56,1.1,1640729.30091,3324215.91096,1871335.12337,4299836.41657,,,,,,,,
2022-07-08,1236.91,1277,1192,1213.53,7990559543.8415,1207086424,1231167119,1086781479,1092947966,0.01,0.01,-0.001074,0.005105,0.00356736,0.01368783,-0.01267911,0.00098572,,,,,41.08,58.92,0.7,43.89,56.11,0.78,51.49,48.51,1.06,1854817.36898,2394933.89473,3193593.17497,3558149.687,,,,,,,,
2022-07-09,1213.52,1236.87,1203.75,1216.48,3404671216.552,1092947966,1122396205,1078780660,1081589607,0.005105,0.01,-0.001774,0.004544,0.00098572,0.00650385,-0.00570296,0.0023706,,,,,44.97,55.03,0.82,48.91,51.09,0.96,51.53,48.47,1.06,835455.04147,806318.72043,957570.28997,878747.05025,,,,,,,,
2022-07-10,1216.49,1219.5,1152,1167.81,4206428395.6365,1081589607,1095551404,1030342597,1042022600,0.004544,0.01,-0.002601,0.001212,0.0023706,0.00798092,-0.00659022,0.00122731,,,,,50.23,49.77,1.01,51.46,48.54,1.06,51.12,48.88,1.05,982116.98865,613690.75985,1322861.18378,709504.301,,,,,,,,
2022-07-11,1167.81,1170.97,1091.1,1095.95,5158593447.0564,1042022600,1042720818,954605465,969667229,0.001212,0.01,0.000565,0.006727,0.00122731,0.0151679,0.00074046,0.0073213,,,,,53.67,46.33,1.16,56.05,43.95,1.28,50.58,49.42,1.02,2810438.44244,770600.78039,4403100.79035,899361.11216,,,,,,,,
2022-07-12,1095.88,1097.51,1032.09,1037.88,6024703714.4495,969667229,970389041,883820670,885629115,0.006727,0.006727,-0.018111,-0.017996,0.0073213,0.0073213,-0.01306864,-0.00916395,,,,,56.31,43.69,1.29,58.46,41.54,1.41,51.61,48.39,1.07,5044156.92678,1148674.50771,6708436.87025,1262262.24419,,,,,,,,
2022-07-13,1037.88,1120,1005,1114.19,9014275150.8015,885629115,1001009465,866976348,979717252,-0.017996,0.007187,-0.023241,-0.012846,-0.00916395,0.00279411,-0.02037747,-0.00614669,,,,,60.57,39.43,1.54,60.44,39.56,1.53,50.92,49.08,1.04,1342627.1479,4900902.24709,2029858.77173,6084217.45442,,,,,,,,
2022-07-14,1114.18,1216.9,1070.57,1193.01,8431028013.7619,979717252,1154906712,953737302,1128249537,-0.012846,0.01,-0.01363,0.01,-0.00614669,0.01289749,-0.01504238,0.00644296,,,,,55.95,44.05,1.27,54.71,45.29,1.21,48.59,51.41,0.95,1931203.89094,2339636.32753,2199722.06457,4025232.83456,,,,,,,,
2022-07-15,1193.01,1294.99,1180.74,1230.58,9356714015.6077,1128249537,1358505254,1116181923,1210023814,0.01,0.01,-0.006971,0.005501,0.00644296,0.02158686,-0.00781722,0.00147635,,,,,46.1,53.9,0.86,47.94,52.06,0.92,51.51,48.49,1.06,2166521.88759,4251661.17588,2660380.65484,6040366.97073,,,,,,,,
2022-07-16,1230.59,1440.57,1191.41,1355.37,10768191927.6726,1210023814,1424764285,1138865125,1350751241,0.005501,0.01,-0.002196,0.01,0.00147635,0.02739763,-0.00331803,0.00580922,,,,,37.03,62.97,0.59,41.51,58.49,0.71,50.28,49.72,1.01,1903416.34751,4673272.62777,3067988.71991,7305830.58015,,,,,,,,
2022-07-17,1355.38,1387.92,1316,1338.27,8618723696.0244,1350751241,1368727869,1178100663,1182061888,0.01,0.01,-0.007301,-0.002214,0.00580922,0.0088,-0.01131036,-0.00312054,,,,,42.01,57.99,0.72,43.32,56.68,0.76,53.23,46.77,1.14,2269222.30907,1702834.89862,2914649.24633,2174015.0854,,,,,,,,
2022-07-18,1338.28,1597.19,1335.49,1580.12,14531274822.6292,1182061888,1444219646,1182061888,1436911884,-0.002214,0.01,-0.020689,0.01,-0.00312054,0.01127916,-0.01075666,0.00920217,,,,,41.16,58.84,0.7,44.91,55.09,0.82,52.7,47.3,1.11,2399659.39319,10444121.96311,3772665.90375,13795887.73507,,,,,,,,
2022-07-19,1580.14,1640,1492.57,1541.39,14676415679.8247,1436911884,1445050843,1231217255,1244866194,0.01,0.01,0.000349,0.005479,0.00920217,0.01597826,-0.00977424,0.00338734,,,,,45.41,54.59,0.83,44.12,55.88,0.79,51.72,48.28,1.07,5283482.97823,3345161.85899,6901217.70499,4427564.18698,,,,,,,,
2022-07-20,1541.4,1620,1477,1521.34,12775005175.7753,1244866194,1408815238,1197942641,1201107093,0.005479,0.01,-0.005599,0.01,0.00338734,0.01703905,-0.0081741,0.00685765,,,,,49.94,50.06,1.0,51.23,48.77,1.05,50.07,49.93,1.0,4490375.72735,3407438.11608,6539135.22191,4669484.17924,,,,,,,,
2022-07-21,1521.26,1607,1462.3,1575.39,11147742579.0119,1201107093,1339377669,1143110113,1308363601,0.01,0.01,0.005261,0.01,0.00685765,0.01537316,0.00469444,0.01128473,,,,,47.44,52.56,0.9,49.05,50.95,0.96,51.08,48.92,1.04,2054234.15761,3689690.49251,3319645.00964,4771054.39858,,,,,,,,
2022-07-22,1575.38,1646.3,1515.75,1534.53,10695380822.3023,1308363601,1511989303,1266400875,1268513309,0.01,0.01,0.005443,0.005506,0.01128473,0.02285699,-0.00307901,0.00620145,,,,,43.39,56.61,0.77,43.58,56.42,0.77,52.02,47.98,1.08,2857722.09565,2192959.74577,4451235.51186,2687746.16647,,,,,,,,
2022-07-23,1534.52,1596.72,1485.53,1548.01,7925531433.686,1268513309,1342614972,1239530001,1264376403,0.005506,0.01,-0.00228,0.01,0.00620145,0.01293436,-0.00076124,0.00990798,,,,,47.47,52.53,0.9,47.83,52.17,0.92,51.11,48.89,1.05,1642947.34549,2060365.00309,3328284.86248,2487650.36661,,,,,,,,
2022-07-24,1548.02,1664.9,1543.45,1597.77,10182123010.609,1264376403,1725618039,1264376403,1581776602,0.01,0.01,0.01,0.01,0.00990798,0.02229483,0.00279107,0.00993883,,,,,49.57,50.43,0.98,48.23,51.77,0.93,50.96,49.04,1.04,1683019.8355,2100867.73066,2657176.41124,3105436.08717,,,,,,,,
2022-07-25,1597.78,1609.26,1433.2,1440.4,12328998515.7284,1581776602,1594224858,1200466167,1209594182,0.01,0.01,-0.008343,0.006574,0.00993883,0.013215,-0.00708204,0.0040397,,,,,41.57,58.43,0.71,42.17,57.83,0.73,53.06,46.94,1.13,4000974.65104,2457241.46422,6592581.71403,2829950.8975,,,,,,,,
2022-07-26,1440.39,1455,1355,1448.27,10752957132.1588,1209594182,1281643165,1200794294,1267556675,0.006574,0.01,-0.005641,0.000523,0.0040397,0.01410273,-0.003355,0.0000614,,,,,51.72,48.28,1.07,52.84,47.16,1.12,51.71,48.29,1.07,3358646.71427,2678168.85603,5043822.98182,3352264.30085,,,,,,,,
2022-07-27,1448.28,1644.66,1420.22,1635.45,13816057721.0132,1267556675,1646947021,1252958531,1644846971,0.000523,0.01,0.000433,0.01,0.0000614,0.03302355,-0.00517326,0.01411902,,,,,53.58,46.42,1.15,51.05,48.95,1.04,51.59,48.41,1.07,1636095.06593,5147860.81766,2074741.08949,7410326.71626,,,,,,,,
2022-07-28,1635.46,1784.5,1595,1723.82,16133978466.0854,1644846971,1890052934,1600219299,1725494238,0.01,0.01,0.003344,0.01,0.01411902,0.02073828,0.00303199,0.00966797,,,,,39.56,60.44,0.66,39.16,60.84,0.64,52.24,47.76,1.09,3186307.46188,9910813.55471,3889650.39074,14428265.9666,,,,,,,,
2022-07-29,1723.83,1766.3,1656,1721.85,14230706900.5232,1725494238,1777590135,1612946594,1732539388,0.01,0.01,0.01,0.01,0.00966797,0.01725853,-0.00466638,0.00884034,,,,,39.34,60.66,0.65,41.18,58.82,0.7,54.23,45.77,1.19,5021866.61296,5541861.94014,5774866.61576,7040880.53704,,,,,,,,
2022-07-30,1721.84,1744,1671,1696.68,8360613633.9538,1732539388,1746319375,1523495781,1547166234,0.01,0.01,-0.000157,0.004358,0.00884034,0.01161093,-0.01245187,0.00327077,,,,,37.81,62.19,0.61,41.03,58.97,0.7,54.4,45.6,1.19,4719482.51913,1865435.03413,5380632.90644,2200449.62778,,,,,,,,
2022-07-31,1696.68,1755.55,1666,1677.63,7400073704.7793,1547166234,1715343669,1529204649,1547941920,0.004358,0.01,0.003522,0.009846,0.00327077,0.01012117,-0.00404674,0.00329766,,,,,43.55,56.45,0.77,44.93,55.07,0.82,53.47,46.53,1.15,1429353.649,2223872.74525,2712398.94953,2628931.90736,,,,,,,,
2022-08-01,1677.63,1704.32,1605.5,1629.45,9321705763.3406,1547941920,1608053033,1430548458,1435797670,0.009846,0.01,0.003359,0.01,0.00329766,0.01367868,-0.0061039,0.0084349,,,,,44.97,55.03,0.82,45.13,54.87,0.82,53.85,46.15,1.17,3814387.12361,1769423.5981,4721607.31751,1962578.60462,,,,,,,,
2022-08-02,1629.45,1678,1557.8,1629.97,12976576716.2099,1435797670,1480030514,1375574591,1417835929,0.01,0.01,-0.003461,0.006924,0.0084349,0.0090604,-0.00707527,0.00108457,,,,,48.94,51.06,0.96,49.07,50.93,0.96,54.73,45.27,1.21,5640397.86091,4064524.89311,6760342.69195,4953504.57636,,,,,,,,
2022-08-03,1629.98,1685.91,1588.5,1617.37,9470459524.6417,1417835929,1517512774,1368739888,1401259409,0.006924,0.007165,-0.004653,0.001228,0.00108457,0.00522725,-0.00816504,0.00227145,,,,,47.58,52.42,0.91,47.44,52.56,0.9,53.7,46.3,1.16,3937830.2354,2193907.04346,4736789.05038,2599836.55634,,,,,,,,
2022-08-04,1617.37,1664.28,1580,1607.2,10009367495.3894,1401259409,1462181526,1394096259,1437362997,0.001228,0.01,-0.000065,0.007649,0.00227145,0.00818394,-0.00234403,0.00390464,,,,,52.27,47.73,1.1,51.18,48.82,1.05,53.41,46.59,1.15,5438787.72947,1986821.14146,6017545.77028,2303453.93907,,,,,,,,
2022-08-05,1607.2,1743.4,1605,1737.13,12841814056.2193,1437362997,1836190161,1436164577,1792451956,0.007649,0.01,0.007165,0.01,0.00390464,0.00991852,-0.00380358,0.0098901,,,,,56.16,43.84,1.28,54.11,45.89,1.18,53.58,46.42,1.15,1757114.39456,6587136.08549,2079701.05387,8508485.50182,,,,,,,,
2022-08-06,1737.12,1751,1685.03,1689.85,6310676344.6593,1792451956,1973451589,1791355220,1797972168,0.01,0.01,0.01,0.01,0.0098901,0.014331,0.00147107,0.0067403,,,,,44.35,55.65,0.8,44.07,55.93,0.79,54.62,45.38,1.2,2429496.63518,1413681.81255,2646950.53388,1548222.05216,,,,,,,,
2022-08-07,1689.84,1729.39,1667,1699.25,5802163392.6861,1797972168,1798725081,1688545507,1738477989,0.01,0.01,-0.005161,-0.001376,0.0067403,0.00796112,-0.00677721,-0.00005939,,,,,46.92,53.08,0.88,49.79,50.21,0.99,54.97,45.03,1.22,745304.70673,2180910.69238,927486.59823,2463052.26882,,,,,,,,
2022-08-08,1699.27,1819.78,1693.15,1776.09,11178264339.4033,1738477989,2020426212,1727430754,1901917847,-0.001376,0.01,-0.001463,0.005993,-0.00005939,0.01226348,-0.00147677,0.00344184,,,,,49.42,50.58,0.98,49.69,50.31,0.99,53.47,46.53,1.15,2557382.15956,3322106.02943,2880886.53051,4612199.46751,,,,,,,,
2022-08-09,1776.08,1790,1666.05,1702.04,10888933288.0779,1901917847,1914530519,1647461300,1652564891,0.005993,0.006535,-0.015026,-0.010403,0.00344184,0.00899867,-0.01133168,-0.00288116,,,,,44.67,55.33,0.81,45.49,54.51,0.84,54.18,45.82,1.18,3907958.05599,2029119.79344,4866709.59381,2096712.43659,,,,,,,,
2022-08-10,1702.04,1886.75,1655,1853.24,16376994939.9761,1652564891,1984018956,1591317028,1982925883,-0.010403,0.01,-0.014631,0.01,-0.00288116,0.01461332,-0.00720135,0.00825606,,,,,58.96,41.04,1.44,58.28,41.72,1.4,50.62,49.38,1.03,3093966.16357,6404123.09691,4138593.58575,8599716.09807,,,,,,,,
2022-08-11,1853.25,1943,1849.8,1879.35,14818717750.6814,1982925883,2195854743,1981162914,2085470057,0.01,0.01,-0.000144,0.002631,0.00825606,0.01239578,-0.00399768,0.00102393,,,,,39.56,60.44,0.66,40.77,59.23,0.69,53.06,46.94,1.13,3071952.77056,5588978.78358,3535441.23908,6452293.82083,,,,,,,,
2022-08-12,1879.35,1964.46,1852,1957.4,10500191107.0338,2085470057,2180766058,2034769246,2178213766,0.002631,0.008817,0.000969,0.007702,0.00102393,0.00916383,-0.00300626,0.00583634,,,,,41.31,58.69,0.7,43.28,56.72,0.76,52.68,47.32,1.11,1484036.20469,3926977.64967,2343126.47444,4987741.60345,,,,,,,,
2022-08-13,1957.4,2019,1945.5,1982.8,10701163000.7764,2178213766,2335680498,2175414651,2260766610,0.007702,0.01,-0.002036,0.003144,0.00583634,0.01344337,-0.00803883,0.00054151,,,,,41.18,58.82,0.7,41.14,58.86,0.7,52.35,47.65,1.1,2661007.49836,2355306.31292,2866356.50483,3368939.13919,,,,,,,,
2022-08-14,1982.79,2030,1905,1934.55,9770892545.6134,2260766610,2318207948,2070078708,2080204688,0.003144,0.008884,-0.007161,-0.00681,0.00054151,0.00605248,-0.00965731,-0.0045116,,,,,41.37,58.63,0.71,42.73,57.27,0.75,52.7,47.3,1.11,3173034.18092,2030888.71157,5042104.16447,2472240.87136,,,,,,,,
2022-08-15,1934.56,2012.94,1871,1898.56,15014635897.2159,2080204688,2153012984,2011076998,2014359730,-0.00681,0.01,-0.013191,-0.006955,-0.0045116,0.00892132,-0.01025527,-0.00268185,,,,,47.77,52.23,0.92,47.99,52.01,0.92,52.37,47.63,1.1,7284276.00585,8228485.26305,9198037.34767,8950118.91287,,,,,,,,
2022-08-16,1898.55,1915,1850,1875.78,11699980678.6315,2014359730,2035982670,1909378089,1919089916,-0.006955,0.007852,-0.00842,0.005959,-0.00268185,0.00935212,-0.00852733,0.00435618,,,,,55.37,44.63,1.24,53.58,46.42,1.15,51.99,48.01,1.08,5044253.69262,2787617.6314,6264471.40814,2985861.83667,,,,,,,,
2022-08-17,1875.79,1957.7,1818.01,1833.55,15453630113.8514,1919089916,2070943527,1828372730,1842126876,0.005959,0.01,-0.004613,0.002212,0.00435618,0.02268218,-0.00626533,0.00035401,,,,,60.57,39.43,1.54,58.23,41.77,1.39,50.9,49.1,1.04,5961883.01299,2458371.74098,7697203.3819,4218549.71103,,,,,,,,
2022-08-18,1833.54,1882,1820.11,1845.86,9900236891.7458,1842126876,1987214284,1841080851,1936989637,0.002212,0.01,0.002212,0.005192,0.00035401,0.00893278,-0.0063925,0.00265578,,,,,61.94,38.06,1.63,59.49,40.51,1.47,51.51,48.49,1.06,3321958.25895,1717014.01666,3766249.51684,1960433.42077,,,,,,,,
2022-08-19,1845.87,1847.65,1601.85,1608.29,18037802636.2548,1936989637,1936989637,1402904006,1408564917,0.005192,0.01,-0.00301,0.004437,0.00265578,0.01013584,-0.01117672,-0.00485475,,,,,56.85,43.15,1.32,53.94,46.06,1.17,51.87,48.13,1.08,13037265.19308,2969766.38726,19941181.45196,3184682.59135,,,,,,,,
2022-08-20,1608.28,1657,1520.64,1574.93,11768760910.3456,1408564917,1505727840,1390031347,1455791142,0.004437,0.006931,-0.004458,-0.001408,-0.00485475,0.00738606,-0.01637755,-0.00850639,,,,,57.6,42.4,1.36,59.58,40.42,1.47,52.52,47.48,1.11,3106150.07815,3003822.84367,4322454.48079,3439893.76098,,,,,,,,
2022-08-21,1574.92,1648.7,1560,1617.17,10128827399.5002,1455791142,1525078134,1381858890,1408795178,-0.001408,0.003328,-0.010211,-0.005605,-0.00850639,0.00053704,-0.01794483,-0.00823895,,,,,58.15,41.85,1.39,56.56,43.44,1.3,51.31,48.69,1.05,2690544.92615,4269767.04245,3092753.78099,4870845.09983,,,,,,,,
2022-08-22,1617.17,1629,1528,1624.02,13697363930.7888,1408795178,1603324151,1393813601,1593878666,-0.005605,0.009217,-0.005607,0.006559,-0.00823895,0.00560763,-0.01336705,0.0011414,,,,,60.55,39.45,1.54,57.37,42.63,1.35,51.17,48.83,1.05,6882331.03727,3527122.06082,7805335.38142,4772815.47256,,,,,,,,
2022-08-23,1624.02,1680,1562.41,1664.19,13841883507.24,1593878666,1617981728,1542626340,1570668240,0.006559,0.006732,-0.009472,-0.008773,0.0011414,0.00176205,-0.01441629,-0.00943089,,,,,58.43,41.57,1.41,56.71,43.29,1.31,52.52,47.48,1.11,4375775.42415,5485388.47013,4860660.64236,6092549.33536,,,,,,,,
2022-08-24,1664.19,1693.84,1605,1655.71,11945541102.7525,1570668240,1674946102,1495589125,1631193901,-0.008773,0.001122,-0.012296,-0.009289,-0.00943089,0.00670078,-0.02197116,-0.01045987,,,,,58.43,41.57,1.41,56.71,43.29,1.31,52.52,47.48,1.11,3033289.57322,2731618.54174,3658983.99461,3482494.70952,,,,,,,,
2022-08-25,1655.71,1722,1652.27,1694.16,10015406410.9757,1631193901,1832096912,1625757044,1784826032,-0.009289,0.009518,-0.012073,0.00471,-0.01045987,0.00290979,-0.01404409,-0.00279784,,,,,58.43,41.57,1.41,56.71,43.29,1.31,52.52,47.48,1.11,1542501.83409,2342736.68569,1664362.79345,2601349.06656,,,,,,,,
2022-08-26,1694.15,1706,1485,1507.23,19516656859.0729,1784826032,1784826032,1387399777,1406761824,0.00471,0.01,-0.022296,-0.02075,-0.00279784,0.00614803,-0.01742212,-0.01609302,,,,,49.01,50.99,0.96,48.24,51.76,0.93,51.17,48.83,1.05,7307502.75394,3898709.53379,11506557.9925,4509339.77097,,,,,,,,
2022-08-27,1507.22,1517.4,1443.4,1490,10825103257.784,1416201372,1489190186,1402376865,1430826026,-0.02075,-0.006757,-0.035477,-0.02537,-0.01609302,-0.00754649,-0.03026409,-0.0213374,,,,,58.39,41.61,1.4,59.44,40.56,1.47,50.48,49.52,1.02,3125443.0296,2322925.86927,3821385.04343,3080907.08604,,,,,,,,
2022-08-28,1490,1510,1423.1,1426.3,8412517521.4974,1430826026,1486445079,1419948464,1422148857,-0.02537,0.003043,-0.032906,-0.024765,-0.0213374,-0.00560928,-0.03060927,-0.01736448,,,,,59.75,40.25,1.48,57.15,42.85,1.33,49.14,50.86,0.97,3327382.86441,1362429.53032,4265756.96454,1636206.93733,,,,,,,,
2022-08-29,1426.29,1559.79,1420.59,1550.67,13462382012.8468,1424964161,1635242965,1422468080,1625448951,-0.024765,-0.00028,-0.032735,-0.009478,-0.01736448,-0.00720704,-0.02641577,-0.01814772,,,,,60.28,39.72,1.52,59.11,40.89,1.45,49.79,50.21,0.99,1834399.99859,3777439.66324,1976972.09527,5058697.99399,,,,,,,,
2022-08-30,1550.66,1605,1471.92,1523.48,18926851120.8523,1625448951,1804017858,1513281874,1517628630,-0.009478,-0.003127,-0.028118,-0.01129,-0.01814772,0.00246433,-0.02649184,-0.01729814,,,,,53.4,46.6,1.15,49.97,50.03,1.0,50.39,49.61,1.02,4567986.50439,3957781.51653,6649713.51256,5658566.821,,,,,,,,
2022-08-31,1523.49,1621.29,1523.26,1553.04,18812219692.6004,1517628630,1768318799,1514103070,1547525470,-0.01129,0.01,-0.01129,-0.001484,-0.01729814,0.0096521,-0.02097123,-0.00737551,,,,,53.83,46.17,1.17,53.94,46.06,1.17,50.84,49.16,1.03,5404779.77868,4599577.66445,6571649.59015,5483771.6845,,,,,,,,
2022-09-01,1553.04,1599,1505,1585.4,14170415102.5783,1547525470,1622665277,1522856632,1619894323,-0.001484,0.007731,-0.008015,0.005458,-0.00737551,0.00272089,-0.01486916,0.00096519,,,,,54.72,45.28,1.21,53.11,46.89,1.13,51.65,48.35,1.07,3399192.36421,4669572.48641,4110634.76734,6194751.24837,,,,,,,,
2022-09-02,1585.4,1649.64,1545,1574.49,14620798611.5507,1619894323,1786034262,1540586903,1547870380,0.005458,0.01,-0.013348,-0.012505,0.00096519,0.01647198,-0.0109734,-0.00899474,,,,,52.32,47.68,1.1,51.28,48.72,1.05,51.18,48.82,1.05,4950578.62468,3439633.48463,6350293.60613,4177794.29502,,,,,,,,
2022-09-03,1574.49,1582.02,1532.6,1556.41,6120525433.191,1547870380,1607586910,1541797667,1579395153,-0.012505,0.007413,-0.022382,0.001864,-0.00899474,0.00140757,-0.0173196,-0.00437575,,,,,56.72,43.28,1.31,55.43,44.57,1.24,51.27,48.73,1.05,1923354.09376,941245.65799,2312862.11787,979249.83024,,,,,,,,
2022-09-04,1556.42,1586,1539.7,1578.14,6193010047.106,1579395153,1613601063,1568677125,1586142988,0.001864,0.001864,-0.010222,0.000736,-0.00437575,0.00353074,-0.01190705,-0.00168716,,,,,60.43,39.57,1.53,58.34,41.66,1.4,50.73,49.27,1.03,1210413.27672,1434963.19942,1271147.01748,1978362.2746,,,,,,,,
2022-09-05,1578.14,1631.6,1555.72,1616.92,9199203458.2511,1586142988,1705777169,1558937878,1640863521,0.000736,0.001339,-0.018127,-0.016568,-0.00168716,0.00637065,-0.01717787,-0.01362965,,,,,58.5,41.5,1.41,55.83,44.17,1.26,50.32,49.68,1.01,3466536.03024,3618968.89601,3617208.47066,4625106.48901,,,,,,,,
2022-09-06,1616.93,1686.75,1551.7,1558.23,18073074691.5106,1640863521,1819726869,1525956067,1533374623,-0.016568,-0.000632,-0.016992,-0.016656,-0.01362965,-0.00038318,-0.02120347,-0.0143826,,,,,50.65,49.35,1.03,49.12,50.88,0.97,49.34,50.66,0.97,8722490.33341,5129918.51189,11029905.1643,6316771.2839,,,,,,,,
2022-09-07,1558.23,1657.6,1486.16,1629.35,14158031276.0307,1533374623,1691595533,1490573660,1635373160,-0.016656,0.001006,-0.031486,0.001006,-0.0143826,-0.00743088,-0.03026016,-0.00807666,,,,,57.18,42.82,1.34,56.62,43.38,1.31,50.25,49.75,1.01,3576960.44957,7270551.59716,5460486.99065,9672597.30673,,,,,,,,
2022-09-08,1629.36,1666,1594,1634.22,13202986019.8653,1635373160,1729008906,1594390602,1679515539,0.001006,0.005629,-0.014934,-0.00828,-0.00807666,0.00176189,-0.01835733,-0.01209208,,,,,49.52,50.48,0.98,47.16,52.84,0.89,49.7,50.3,0.99,3394719.76877,3359465.92293,3968440.05122,3811888.99788,,,,,,,,
2022-09-09,1634.23,1746.3,1629.25,1717.48,12915272592.6128,1679515539,1813260244,1675358853,1723753767,-0.00828,0.006292,-0.019544,-0.007115,-0.01209208,0.0002256,-0.02198453,-0.01199001,,,,,48.65,51.35,0.95,49.07,50.93,0.96,50.87,49.13,1.04,1651123.42918,4909102.73317,2187472.24416,6290699.2513,,,,,,,,
2022-09-10,1717.49,1788.98,1705,1773.05,7347527096.0078,1723753767,1841490066,1714559146,1824962474,-0.007115,-0.006419,-0.023233,-0.011547,-0.01199001,-0.00921099,-0.02392958,-0.01543139,,,,,42.77,57.23,0.75,42.93,57.07,0.75,51.44,48.56,1.06,983485.04278,1916893.22185,1193693.2919,2813113.44277,,,,,,,,
2022-09-11,1773.04,1787.88,1718.02,1765.01,6883969553.4765,1824962474,1854023601,1725645621,1768642099,-0.011547,-0.009848,-0.038237,-0.034532,-0.01543139,-0.00916795,-0.03302798,-0.02912268,,,,,41.48,58.52,0.71,42.05,57.95,0.73,51.63,48.37,1.07,1560927.86874,1103386.42072,1980113.96018,1345011.05815,,,,,,,,
2022-09-12,1765,1783.43,1691.28,1715.14,11287970679.1707,1768642099,1790726995,1658988124,1679627747,-0.034532,-0.023957,-0.044475,-0.028437,-0.02912268,-0.02176732,-0.04464987,-0.03414399,,,,,42.26,57.74,0.73,43.75,56.25,0.78,51.23,48.77,1.05,3267155.24754,3528583.80883,4192133.44868,3877837.03876,,,,,,,,
2022-09-13,1715.15,1762.88,1556.78,1571.9,15181448931.5091,1679627747,1685234606,1437908230,1456667670,-0.028437,-0.024801,-0.129264,-0.111217,-0.03414399,-0.03298542,-0.11727942,-0.1157608,,,,,48.81,51.19,0.95,48.86,51.14,0.96,51.69,48.31,1.07,5462857.00225,5280200.63132,9863639.3959,6384792.05659,,,,,,,,
2022-09-14,1571.91,1642.24,1548,1635.39,10350924325.7833,1456667670,1567138594,1438510815,1509275266,-0.111217,-0.047794,-0.332442,-0.301937,-0.1157608,-0.1119992,-0.29373945,-0.28281133,,,,,62.35,37.65,1.66,62.6,37.4,1.67,50.89,49.11,1.04,7048903.99653,2479441.77674,7988254.49289,3334025.10936,,,,,,,,
2022-09-15,1635.4,1657.8,1455,1471.93,19824592292.5034,1509275266,1616984269,1369765535,1406360014,-0.301937,0.01,-0.4875,-0.001001,-0.28281133,0.01785101,-0.42863415,-0.02291128,,,,,63.99,36.01,1.78,60.27,39.73,1.52,50.09,49.91,1.0,7508921.94297,4104332.66315,12412149.9329,5096593.70284,,,,,,,,
2022-09-16,1471.94,1482.65,1403,1433.58,11772426573.4874,1406360014,1497804708,1366339211,1394753666,-0.001001,0.01,-0.1033,0.007375,-0.02291128,0.01055621,-0.03085396,0.00306148,,,,,68.26,31.74,2.15,67.67,32.33,2.09,50.52,49.48,1.02,3723384.23968,2891452.94689,5307423.91411,3207231.51353,,,,,,,,
2022-09-17,1433.57,1475.15,1408.15,1467.96,6308407948.2438,1394753666,1499904936,1392540553,1449516066,0.007375,0.01,-0.005832,0.000902,0.00306148,0.00595361,-0.01139928,-0.00714073,,,,,68.58,31.42,2.18,66.99,33.01,2.03,51.19,48.81,1.05,1310012.51474,2830783.31735,1525057.96692,3331571.71861,,,,,,,,
2022-09-18,1467.96,1469,1320,1333.67,9967309173.5615,1449516066,1465180360,1286397815,1289214628,0.000902,0.01,-0.010281,-0.010281,-0.00714073,0.00528715,-0.01427405,-0.01026761,,,,,69.22,30.78,2.25,66.12,33.88,1.95,51.15,48.85,1.05,6131154.81688,2483655.13304,9391386.71529,2812934.25574,,,,,,,,
2022-09-19,1333.68,1394,1276.62,1375.05,13665902005.3667,1289214628,1350239038,1234056954,1255334318,-0.010281,0.003116,-0.016377,-0.010865,-0.01026761,0.00233397,-0.01720158,-0.00966627,,,,,68.36,31.64,2.16,68.54,31.46,2.18,51.17,48.83,1.05,6423354.06441,5146611.25386,7733382.98557,6101336.31197,,,,,,,,
2022-09-20,1375.06,1384.53,1311,1322.08,10531837274.3423,1255334318,1311177681,1209483392,1216452804,-0.010865,0.006936,-0.015495,-0.003979,-0.00966627,0.01155421,-0.0148166,-0.00356446,,,,,65.28,34.72,1.88,62.3,37.7,1.65,50.32,49.68,1.01,2891728.61771,2274992.8726,3451488.55743,2736287.39183,,,,,,,,
2022-09-21,1322.09,1420,1218,1244.19,13918706235.9549,1216452804,1285210257,1168123377,1203403577,-0.003979,0.001855,-0.023941,-0.023941,-0.00356446,0.05814696,-0.01819042,-0.01701895,,,,,64.83,35.17,1.84,64.9,35.1,1.85,51.66,48.34,1.07,6232108.34311,4620670.40804,8254721.37654,6338462.18352,,,,,,,,
2022-09-22,1244.2,1349.84,1235.6,1325.73,12673936429.0365,1203403577,1324006745,1188277012,1238234109,-0.023941,0.001885,-0.041801,-0.001368,-0.01701895,0.00614973,-0.04046252,-0.00862135,,,,,68.81,31.19,2.21,67.53,32.47,2.08,51.06,48.94,1.04,3800544.61505,4808012.74232,4523056.06348,6626859.33196,,,,,,,,
2022-09-23,1325.73,1359.22,1260.75,1326.62,14195618046.3237,1238234109,1291627846,1208442242,1216295079,-0.001368,0.001782,-0.009365,0.001418,-0.00862135,0.00475034,-0.01527226,-0.00337333,,,,,63.29,36.71,1.72,60.62,39.38,1.54,51.49,48.51,1.06,6620868.2716,4891579.96959,7967357.40672,6047096.32358,,,,,,,,
2022-09-24,1326.62,1348.84,1305.36,1316.19,6117109881.6911,1216295079,1329036338,1202379672,1259142319,0.001418,0.009098,-0.010057,0.000296,-0.00337333,0.00390674,-0.00972478,-0.00387795,,,,,64.48,35.52,1.82,64.27,35.73,1.8,51.29,48.71,1.05,1190694.18578,2043124.41375,1375230.72053,2097161.74623,,,,,,,,
2022-09-25,1316.18,1336.92,1268.19,1293.99,6323297716.2382,1259142319,1300282518,1224149546,1240054807,0.000296,0.006478,-0.010561,0.000545,-0.00387795,0.00232421,-0.0265096,-0.00147563,,,,,60.05,39.95,1.5,61.4,38.6,1.59,51.74,48.26,1.07,2123272.79524,910817.56867,3040153.90543,1039119.47832,,,,,,,,
2022-09-26,1293.98,1340,1277.55,1335.25,10639208617.17,1240054807,1355229242,1214423891,1355229242,0.000545,0.01,-0.003475,0.00196,-0.00147563,0.01293277,-0.00953218,-0.00071801,,,,,66.49,33.51,1.98,66.21,33.79,1.96,51.33,48.67,1.06,2165125.61578,2738204.34126,2402298.10753,3317666.77484,,,,,,,,
2022-09-27,1335.25,1400,1303.02,1327.19,13143775101.173,1355229242,1516363649,1317146831,1323613305,0.00196,0.008851,-0.000868,-0.000868,-0.00071801,0.00983869,-0.01282938,-0.00194217,,,,,58.08,41.92,1.39,58.45,41.55,1.41,50.39,49.61,1.02,5472173.24476,3473893.55024,6524279.38925,4713648.86177,,,,,,,,
2022-09-28,1327.2,1355.76,1250,1336.43,13853898684.7376,1323613305,1390137723,1298058621,1332048284,-0.000868,0.007271,-0.009663,0.006046,-0.00194217,0.00817963,-0.01093032,0.00041077,,,,,64.52,35.48,1.82,64.19,35.81,1.79,51.25,48.75,1.05,3765483.25823,4373323.39012,5242313.62418,5018201.89058,,,,,,,,
2022-09-29,1336.44,1351.93,1287.24,1334.8,11892013506.7432,1332048284,1426708283,1268839387,1274047751,0.006046,0.01,-0.000975,0.001262,0.00041077,0.00795898,-0.01199481,-0.00555972,,,,,58.77,41.23,1.43,58.24,41.76,1.4,50.82,49.18,1.03,4466441.54931,3699959.8732,5372870.52947,4090672.11694,,,,,,,,
2022-09-30,1334.8,1373.34,1307.53,1327.78,11394243278.5635,1274047751,1432005780,1274047751,1311966126,0.001262,0.01,-0.003072,0.008083,-0.00555972,0.00640359,-0.0111134,-0.00168739,,,,,59.38,40.62,1.46,59.86,40.14,1.49,51.61,48.39,1.07,3052971.68638,2824905.85209,3409420.55783,3295371.06338,,,,,,,,
2022-10-01,1327.78,1333.38,1301,1311.31,3648334237.8487,1311966126,1368608660,1307227083,1365408898,0.008083,0.01,-0.000419,0.001184,-0.00168739,0.00549828,-0.00701791,0.0000557,,,,,62.82,37.18,1.69,62.7,37.3,1.68,53.41,46.59,1.15,593374.05363,372121.53808,764196.06817,372262.33918,,,,,,,,
2022-10-02,1311.32,1317.7,1266.66,1275.96,4986098837.6693,1365408898,1421549673,1358740035,1392390894,0.001184,0.005319,-0.008233,-0.002275,0.0000557,0.00289275,-0.00747314,-0.00393801,,,,,67.55,32.45,2.08,66.8,33.2,2.01,52.4,47.6,1.1,1727185.64479,1120540.35414,1959897.90785,1169075.42486,,,,,,,,
2022-10-03,1275.95,1329,1260.48,1322.59,7563614135.5618,1392390894,1434169987,1362762439,1384861302,-0.002275,0.009426,-0.002684,0.007858,-0.00393801,0.0043575,-0.01399095,0.00015564,,,,,72.92,27.08,2.69,71.41,28.59,2.5,51.42,48.58,1.06,821512.54579,1809755.53603,959372.1163,2245613.3524,,,,,,,,
2022-10-04,1322.58,1370,1318.06,1360.73,7455498256.2518,1384861302,1578597681,1382287983,1574274662,0.007858,0.01,0.000156,0.001954,0.00015564,0.00423773,-0.01100551,-0.00226987,,,,,63.23,36.77,1.72,61.96,38.04,1.63,52.59,47.41,1.11,658524.23788,2443191.22894,737956.99128,3429144.13432,,,,,,,,
2022-10-05,1360.73,1364.75,1315.27,1351.61,7323260275.7069,1574274662,1579715717,1422958746,1443297201,0.001954,0.009644,-0.008182,0.002519,-0.00226987,0.00353449,-0.01138099,-0.00338107,,,,,50.65,49.35,1.03,51.12,48.88,1.05,53.73,46.27,1.16,1462891.74166,1437409.5795,1587434.74461,1623857.28611,,,,,,,,
2022-10-06,1351.6,1383.29,1344,1351.5,9688789992.5607,1443297201,1599663991,1442817034,1510481041,0.002519,0.00642,-0.004067,0.002016,-0.00338107,0.00434938,-0.01628763,-0.00267889,,,,,55.21,44.79,1.23,57.05,42.95,1.33,52.92,47.08,1.12,2790921.37696,1659171.01478,2954808.64016,1949619.54634,,,,,,,,
2022-10-07,1351.5,1361.21,1316.22,1330.41,6854135368.2466,1510481041,1530788841,1420486462,1422152196,0.002016,0.009161,0.000277,0.005907,-0.00267889,0.00696086,-0.00594355,0.00323845,,,,,54.24,45.76,1.19,55.92,44.08,1.27,53.28,46.72,1.14,1812486.60437,713733.15781,2333807.08086,722562.43477,,,,,,,,
2022-10-08,1330.42,1337.19,1302,1314.74,2887472609.0714,1422152196,1438389415,1372754852,1392713812,0.005907,0.01,0.003706,0.003983,0.00323845,0.00555181,-0.001831,-0.00049474,,,,,64.73,35.27,1.84,64.29,35.71,1.8,53.0,47.0,1.13,1009040.31432,75607.20511,1756057.78573,79638.08973,,,,,,,,
2022-10-09,1314.75,1328.72,1306.41,1322.61,3036596870.827,1392713812,1428826035,1383776090,1405191157,0.003983,0.01,-0.00806,0.004643,-0.00049474,0.00597981,-0.00673454,0.00094289,,,,,67.36,32.64,2.06,66.62,33.38,2.0,52.62,47.38,1.11,330591.62907,481234.03672,384562.60907,512936.28247,,,,,,,,
2022-10-10,1322.6,1337.93,1284.38,1289.56,6508968028.1755,1405191157,1525453683,1392335205,1493155650,0.004643,0.009876,-0.001971,0.00705,0.00094289,0.00800663,-0.00396187,0.00111843,,,,,67.83,32.17,2.11,65.98,34.02,1.94,52.16,47.84,1.09,2420547.01202,956744.59532,3076690.0192,1101011.88385,,,,,,,,
2022-10-11,1289.57,1297.7,1265,1279.68,7068785349.2582,1493155650,1568966712,1455947360,1496584011,0.00705,0.01,-0.005356,0.008748,0.00111843,0.00617581,-0.00793307,0.0031429,,,,,72.23,27.77,2.6,70.78,29.22,2.42,52.36,47.64,1.1,2159924.03701,1264132.48049,2975125.93998,1329310.89402,,,,,,,,
2022-10-12,1279.67,1306.6,1274.35,1294.02,5701730379.8702,1496584011,1545364547,1474636627,1474966522,0.008748,0.01,-0.020651,-0.018469,0.0031429,0.00691963,-0.00603395,-0.00522476,,,,,72.25,27.75,2.6,69.67,30.33,2.3,51.15,48.85,1.05,472628.15314,1354584.66191,507246.2453,1484806.91332,,,,,,,,
2022-10-13,1294.02,1301,1176,1286.38,13177531603.7186,1474966522,1522548528,1383695114,1438050346,-0.018469,0.01,-0.018469,0.000223,-0.00522476,0.00617617,-0.01918453,-0.00153213,,,,,65.94,34.06,1.94,64.01,35.99,1.78,51.39,48.61,1.06,5383247.50978,4091951.83539,8984478.91979,5370225.83289,,,,,,,,
2022-10-14,1286.38,1343.36,1282.74,1295.35,9450553013.9266,1438050346,1531016132,1428497136,1476544965,0.000223,0.01,-0.001096,0.00619,-0.00153213,0.00881711,-0.00452771,0.00156309,,,,,62.72,37.28,1.68,61.5,38.5,1.6,52.39,47.61,1.1,1925683.18344,3205094.52331,2348466.77202,4027233.75535,,,,,,,,
2022-10-15,1295.34,1301.32,1262.12,1274.13,3917050046.7333,1476544965,1476826768,1371230352,1374217207,0.00619,0.00619,-0.004182,0.000357,0.00156309,0.00184484,-0.00647414,-0.00238616,,,,,59.83,40.17,1.49,59.69,40.31,1.48,52.24,47.76,1.09,916993.16668,443386.54241,1263774.35797,457481.53083,,,,,,,,
2022-10-16,1274.12,1315,1273.98,1305.51,4242188471.0951,1374217207,1410203237,1368284013,1390093610,0.000357,0.00378,-0.007617,0.00075,-0.00238616,0.00556633,-0.00669811,-0.00009918,,,,,64.33,35.67,1.8,64.02,35.98,1.78,52.65,47.35,1.11,624727.78459,1230716.06961,643160.36392,1523100.56573,,,,,,,,
2022-10-17,1305.52,1338.16,1295,1330.62,6802121719.0138,1390093610,1625595225,1383353846,1536660131,0.00075,0.01,-0.003388,0.00658,-0.00009918,0.00408664,-0.01030518,-0.00171108,,,,,62.77,37.23,1.69,60.33,39.67,1.52,52.35,47.65,1.1,714073.51143,1790971.60572,803472.82332,2278912.79276,,,,,,,,
2022-10-18,1330.62,1342,1285.11,1309.93,8569321264.9978,1536660131,1638104451,1463230358,1473457499,0.00658,0.01,-0.002827,0.006917,-0.00171108,0.00822984,-0.00785157,0.00023235,,,,,53.17,46.83,1.14,53.37,46.63,1.15,52.21,47.79,1.09,2597299.18803,1030476.20256,3099637.49664,1111471.11442,,,,,,,,
2022-10-19,1309.93,1312.78,1275.56,1284.45,5694610994.6838,1473457499,1522179697,1454128629,1487313149,0.006917,0.01,-0.007638,0.00091,0.00023235,0.00614549,-0.00536093,0.00259172,,,,,58.66,41.34,1.42,59.41,40.59,1.46,52.98,47.02,1.13,1665922.25256,592539.96907,2015899.78251,605339.96907,,,,,,,,
2022-10-20,1284.45,1310,1270,1282.2,6829836785.5885,1487313149,1528169141,1470353714,1513705210,0.00091,0.01,-0.00682,0.01,0.00259172,0.00517213,-0.01952116,0.00374334,,,,,65.05,34.95,1.86,64.58,35.42,1.82,52.46,47.54,1.1,1608826.57776,1025616.98504,1918492.98439,1127635.21079,,,,,,,,
2022-10-21,1282.19,1307,1248,1299.08,7736937911.2625,1513705210,1596622633,1476350169,1488182718,0.01,0.01,-0.003895,0.002542,0.00374334,0.0109633,-0.00319475,0.00052731,,,,,67.62,32.38,2.09,65.5,34.5,1.9,51.76,48.24,1.07,847215.4679,2289057.96201,1179301.13568,2436255.88377,,,,,,,,
2022-10-22,1299.08,1320,1293.67,1313.19,3251361436.5211,1488182718,1662936458,1485602465,1659502231,0.002542,0.007613,-0.015792,0.001029,0.00052731,0.00599326,-0.00982314,-0.00344613,,,,,61.38,38.62,1.59,59.87,40.13,1.49,51.33,48.67,1.06,395275.24708,1022730.48977,396325.24708,1124450.22553,,,,,,,,
2022-10-23,1313.18,1371,1298.22,1363.44,4891442046.7879,1659502231,1812337282,1613433372,1811643979,0.001029,0.01,-0.003444,0.009274,-0.00344613,0.02398507,-0.00851109,0.0008555,,,,,52.63,47.37,1.11,53.19,46.81,1.14,51.09,48.91,1.05,509658.18894,5278369.6965,538983.44742,6604914.14934,,,,,,,,
2022-10-24,1363.43,1370.4,1322.25,1342.72,7394340501.8971,1811643979,1832683341,1648027906,1677711620,0.009274,0.01,-0.005883,-0.005659,0.0008555,0.00622187,-0.00836597,-0.00444537,,,,,47.85,52.15,0.92,47.07,52.93,0.89,52.11,47.89,1.09,1951427.03533,1787150.53588,2012326.20378,1871583.1753,,,,,,,,
2022-10-25,1342.73,1533.68,1334.16,1459.2,16344069050.7944,1677711620,2249920461,1666970907,1890303586,-0.005659,0.01,-0.005769,0.01,-0.00444537,0.00516765,-0.05829738,0.00472862,,,,,51.08,48.92,1.04,53.29,46.71,1.14,51.45,48.55,1.06,2592567.91143,7815540.47808,3053062.52704,12668474.22908,,,,,,,,
2022-10-26,1459.19,1595,1456.69,1565.45,16625003715.0421,1890303586,2079162203,1883611539,1994956131,0.01,0.01,-0.006291,0.00819,0.00472862,0.01188942,-0.01129243,0.0037185,,,,,41.72,58.28,0.72,41.24,58.76,0.7,52.31,47.69,1.1,4046116.559,4807716.31582,4564738.24389,6905327.23245,,,,,,,,
2022-10-27,1565.45,1588,1500.46,1513.7,12406542840.4944,1994956131,2078221398,1877056961,1882723080,0.00819,0.01,-0.003717,0.002272,0.0037185,0.00848936,-0.01350124,0.00011269,,,,,39.39,60.61,0.65,38.87,61.13,0.64,52.8,47.2,1.12,3137656.2198,2736772.34557,4284785.45825,2957379.25346,,,,,,,,
2022-10-28,1513.69,1574.8,1475,1553.79,11322615124.6891,1882723080,1923188114,1804390996,1842876105,0.002272,0.01,-0.005135,0.006246,0.00011269,0.01175027,-0.00777638,0.00136391,,,,,42.0,58.0,0.72,44.46,55.54,0.8,52.93,47.07,1.12,3448840.478,3904518.85867,4036661.01058,4402183.57847,,,,,,,,
2022-10-29,1553.8,1665,1546.71,1618.82,12038875994.0027,1842876105,2093965152,1839206971,1988265477,0.006246,0.01,0.005034,0.007732,0.00136391,0.013473,-0.00228793,0.00316349,,,,,41.76,58.24,0.72,41.92,58.08,0.72,52.74,47.26,1.12,2727835.86548,7402548.72609,2960597.46249,8933013.2765,,,,,,,,
2022-10-30,1618.82,1639.87,1574.6,1589.89,6332681654.2825,1988265477,2041327140,1936638698,1962001110,0.007732,0.01,0.003416,0.006213,0.00316349,0.01065464,-0.00156127,0.00546422,,,,,38.61,61.39,0.63,39.22,60.78,0.65,53.26,46.74,1.14,2427291.7978,2081209.3854,2609492.42139,2201573.55711,,,,,,,,
2022-10-31,1589.88,1634.93,1543.72,1572.01,11246784474.0593,1962001110,2077855688,1850524344,1860453700,0.006213,0.01,-0.006732,0.000795,0.00546422,0.00999209,-0.0079278,-0.00021532,,,,,42.71,57.29,0.75,43.75,56.25,0.78,53.5,46.5,1.15,4574751.98296,2367227.56918,5434711.47115,2781766.86394,,,,,,,,
2022-11-01,1572,1613,1562.7,1577.88,7122409935.5901,1860453700,1948996487,1840828233,1851925518,0.000795,0.008686,-0.006933,0.007721,-0.00021532,0.00919933,-0.00744841,0.00403095,,,,,46.99,53.01,0.89,46.43,53.57,0.87,53.23,46.77,1.14,2164399.88683,3976585.61534,2800931.77582,4265810.38541,,,,,,,,
2022-11-02,1577.88,1622.5,1501,1517.26,13790111329.2596,1851925518,1879557850,1654736040,1662398716,0.007721,0.01,-0.008705,-0.008705,0.00403095,0.01387815,-0.00669655,-0.00169245,,,,,46.53,53.47,0.87,45.17,54.83,0.82,53.4,46.6,1.15,4898832.19966,4493845.61234,7032691.26895,5025159.99837,,,,,,,,
2022-11-03,1517.26,1558.14,1514.07,1530.27,7425154536.7215,1662398716,1727052711,1614719012,1621134163,-0.008705,0.008156,-0.01526,0.001398,-0.00169245,0.00737652,-0.01017006,0.00159297,,,,,55.59,44.41,1.25,54.24,45.76,1.19,53.26,46.74,1.14,2098889.96898,2943738.35436,2260910.95952,3090127.58581,,,,,,,,
2022-11-04,1530.27,1679.4,1527.78,1644.09,14117161188.4647,1621134163,2074960770,1617781813,1944084771,0.001398,0.01,-0.003769,0.00919,0.00159297,0.00997016,-0.00356561,0.00498942,,,,,54.7,45.3,1.21,52.54,47.46,1.11,52.57,47.43,1.11,2548175.336,6237101.84469,3019201.00626,9401545.63848,,,,,,,,
2022-11-05,1644.08,1666.8,1620.1,1626.11,4936051307.5714,1944084771,1969131784,1894697948,1901825632,0.00919,0.01,-0.001028,0.008014,0.00498942,0.00790077,-0.00136189,0.00426706,,,,,43.07,56.93,0.76,43.08,56.92,0.76,53.12,46.88,1.13,1667119.40527,1237942.32933,1811909.06795,1402176.92015,,,,,,,,
2022-11-06,1626.11,1638.5,1561.32,1567.42,6138693762.2485,1901825632,1905738823,1709165442,1709165442,0.008014,0.01,-0.000767,0.00275,0.00426706,0.0083069,-0.0088217,0.00291371,,,,,44.22,55.78,0.79,46.44,53.56,0.87,53.35,46.65,1.14,3745529.12142,902677.46229,5530251.56067,989038.6851,,,,,,,,
2022-11-07,1567.41,1608,1544.94,1567.52,9948330125.0091,1709165442,1752799857,1629239418,1646314643,0.00275,0.01,-0.005976,-0.005727,0.00291371,0.01118721,-0.00384905,-0.00203804,,,,,51.86,48.14,1.08,53.28,46.72,1.14,54.12,45.88,1.18,4995176.65268,1920745.9912,6104864.5913,2105963.55298,,,,,,,,
2022-11-08,1567.51,1580.54,1236.79,1333.4,28107578957.2872,1646314643,1650479271,1303009076,1303009076,-0.005727,-0.005727,-0.005727,-0.005727,-0.00203804,-0.00203804,-0.00203804,-0.00203804,,,,,56.51,43.49,1.3,54.34,45.66,1.19,53.95,46.05,1.17,18280941.60069,10881519.98024,32050246.56209,13928177.62923,,,,,,,,
2022-11-09,1333.4,1336.47,1071.14,1101.49,27924309236.8975,1242794366,1369414491,1134698308,1222756428,-0.03334,0.007303,-0.060863,-0.060149,-0.02826561,0.3342322,-0.08144448,-0.02902151,,,,,56.51,43.49,1.3,54.34,45.66,1.19,53.95,46.05,1.17,17228222.11904,13071798.36317,24082828.60959,14632164.89645,,,,,,,,
2022-11-10,1101.53,1350,1083.77,1298.21,18863383228.0214,1222756428,1475569122,1212295509,1344718369,-0.060149,-0.009191,-0.106101,-0.016788,-0.02902151,0.45100072,-0.08914802,0.01731646,,,,,66.13,33.87,1.95,68.41,31.59,2.17,49.67,50.33,0.99,6034444.02306,12359382.12909,8028016.48375,17150286.65227,,,,,,,,
2022-11-11,1298.3,1309.88,1199.57,1288.64,14813574038.0008,1344718369,1349562991,1177465195,1239553523,-0.016788,0.01,-0.025628,0.01,0.01731646,0.0986528,-0.26852734,-0.14860283,,,,,58.65,41.35,1.42,55.97,44.03,1.27,47.0,53.0,0.89,6133051.28419,7429648.12514,8217593.55202,10210219.28951,,,,,,,,
2022-11-12,1288.67,1291.69,1238,1256.82,5791585365.1648,1239553523,1259224505,1183972443,1217502468,0.01,0.01,-0.001448,-0.000995,-0.14860283,0.00503046,-0.17811614,-0.00108612,,,,,58.98,41.02,1.44,59.41,40.59,1.46,51.24,48.76,1.05,2318957.72484,1503709.48726,2522072.48207,1607956.86398,,,,,,,,
2022-11-13,1256.85,1273.91,1200,1220.78,5856529500.2571,1217502468,1246386699,1170808215,1195401139,-0.000995,0.003872,-0.016971,0.002847,-0.00108612,0.00773183,-0.007519,0.00161276,,,,,59.72,40.28,1.48,60.03,39.97,1.5,51.65,48.35,1.07,3907197.88208,2332387.48406,4242842.06091,2591714.05802,,,,,,,,
2022-11-14,1220.78,1290,1170.5,1242.89,11685727831.8136,1195401139,1307540878,1166263093,1174650372,0.002847,0.01,-0.01543,-0.0087,0.00161276,0.01423222,-0.02844382,0.00238629,,,,,64.2,35.8,1.79,63.93,36.07,1.77,51.78,48.22,1.07,5395970.5153,3609985.66461,7762003.87547,9899775.95986,,,,,,,,
2022-11-15,1242.9,1292,1232.52,1252.81,7759159364.7322,1174650372,1286778442,1164818673,1191858806,-0.0087,0.006963,-0.021253,-0.009137,0.00238629,0.01222868,-0.02436736,-0.00351046,,,,,63.38,36.62,1.73,62.37,37.63,1.66,53.12,46.88,1.13,3023306.04378,2205347.22109,3303027.98526,2695994.61779,,,,,,,,
2022-11-16,1252.8,1268.2,1185.59,1215.78,7840058539.236,1191858806,1334290118,1185522734,1288353979,-0.009137,0.000575,-0.013171,-0.00948,-0.00351046,0.01087398,-0.00841555,0.00006051,,,,,58.7,41.3,1.42,58.74,41.26,1.42,52.71,47.29,1.12,2085402.42191,2591248.05978,2860891.36904,2809133.57213,,,,,,,,
2022-11-17,1215.72,1228.92,1181,1199.7,6998528436.0856,1288353979,1346759495,1264686208,1295749903,-0.00948,0.003336,-0.014578,-0.008426,0.00006051,0.01520741,-0.00646955,-0.00046084,,,,,68.83,31.17,2.21,67.89,32.11,2.11,50.87,49.13,1.04,1855273.64665,1865593.48451,2045881.54193,2120529.14187,,,,,,,,
2022-11-18,1199.7,1235,1198.48,1212.04,4667033382.2987,1295749903,1322684605,1253001573,1259739017,-0.008426,0.006512,-0.017337,0.006505,-0.00046084,0.00858082,-0.01274267,0.00858082,,,,,66.88,33.12,2.02,66.56,33.44,1.99,50.38,49.62,1.02,751631.26337,879318.74873,887863.86152,1099080.56812,,,,,,,,
2022-11-19,1212.05,1233.66,1196,1216.91,2603480168.7007,1259739017,1288505681,1240207450,1262796259,0.006505,0.009576,-0.006447,0.000387,0.00858082,0.00916296,-0.00954244,-0.00504466,,,,,65.8,34.2,1.92,64.46,35.54,1.81,50.48,49.52,1.02,425865.56524,391979.21568,440842.95666,581012.35947,,,,,,,,
2022-11-20,1216.9,1226.5,1131.6,1141.57,6120236013.7004,1262796259,1363707729,1231797512,1254663108,0.000387,0.009784,-0.020842,-0.020421,-0.00504466,0.01124741,-0.01729897,-0.00427358,,,,,64.02,35.98,1.78,63.49,36.51,1.74,50.75,49.25,1.03,2573059.83693,1190785.57173,4150108.4579,1243467.12082,,,,,,,,
2022-11-21,1141.53,1147.03,1077.32,1106.95,10872188708.2098,1254663108,1316841762,1233853165,1300409804,-0.020421,0.007019,-0.024703,-0.006605,-0.00427358,0.00844323,-0.00736217,-0.00131807,,,,,67.99,32.01,2.12,68.68,31.32,2.19,50.46,49.54,1.02,4320180.01502,3197717.07728,6846396.62952,3533688.06894,,,,,,,,
2022-11-22,1106.94,1142.96,1071.52,1139.11,8331132175.4714,1300409804,1379692842,1291061736,1372613973,-0.006605,0.009571,-0.006745,0.006035,-0.00131807,0.00783085,-0.0094529,0.00175879,,,,,67.54,32.46,2.08,66.85,33.15,2.02,50.68,49.32,1.03,2323107.86296,2881448.31639,2497418.26625,3435232.21849,,,,,,,,
2022-11-23,1139.11,1190,1127.01,1183.83,7723929193.2132,1372613973,1401792626,1342091123,1382704142,0.006035,0.006565,-0.021719,0.00496,0.00175879,0.00468472,-0.02292945,-0.0003063,,,,,64.53,35.47,1.82,63.56,36.44,1.74,50.78,49.22,1.03,2219964.53762,2602814.93974,2505079.72578,3636735.60199,,,,,,,,
2022-11-24,1183.84,1216.71,1179.72,1202.92,6209037470.6017,1382704142,1462372926,1380558827,1437918556,0.00496,0.005938,-0.007861,0.005592,-0.0003063,0.00214375,-0.01946635,-0.00882957,,,,,57.76,42.24,1.37,57.97,42.03,1.38,51.14,48.86,1.05,716429.59897,1769938.04476,820556.06514,2055132.95578,,,,,,,,
2022-11-25,1202.93,1209.27,1170.99,1198.55,5071642937.3015,1437918556,1444100832,1398622365,1440307234,0.003305,0.00859,-0.005067,-0.004436,-0.00749446,0.00561893,-0.00818971,-0.00597431,,,,,51.91,48.09,1.08,53.76,46.24,1.16,51.43,48.57,1.06,842608.72582,955011.30579,935298.87887,1234443.69724,,,,,,,,
2022-11-26,1198.55,1238,1195.08,1204.84,4716579723.9114,1440307234,1549656921,1440307234,1470457829,-0.004436,-0.002124,-0.010408,-0.004698,-0.00597431,-0.00372445,-0.01590145,-0.00664075,,,,,51.86,48.14,1.08,53.9,46.1,1.17,51.36,48.64,1.06,1117814.14208,1455433.85564,1323282.42962,1681535.74206,,,,,,,,
2022-11-27,1205,1222.91,1186.58,1193.26,3624370682.8289,1470457829,1528204370,1444529860,1447182700,-0.004698,0.005986,-0.017041,0.000377,-0.00664075,0.00296526,-0.01894241,-0.00231343,,,,,50.32,49.68,1.01,51.81,48.19,1.08,51.09,48.91,1.05,903894.84949,797827.43455,1015391.88385,883895.98606,,,,,,,,
2022-11-28,1193.25,1198.8,1150.25,1167.21,6533211866.9765,1447182700,1456616913,1372408661,1373314705,0.000377,0.003957,-0.015843,0.003832,-0.00231343,0.00443894,-0.01301334,-0.00066856,,,,,52.05,47.95,1.09,53.14,46.86,1.13,51.32,48.68,1.05,2355662.94292,1816614.83683,3375950.57169,2009052.48535,,,,,,,,
2022-11-29,1167.2,1228.75,1156.06,1215.74,7132397654.6602,1373314705,1625261521,1352323415,1614062544,0.003832,0.01,-0.00606,0.009218,-0.00066856,0.00974877,-0.00204638,0.00385491,,,,,58.24,41.76,1.4,58.71,41.29,1.42,51.12,48.88,1.05,602206.77251,1596055.43192,975851.83593,2719218.13262,,,,,,,,
2022-11-30,1215.75,1312.99,1211.53,1294.02,8898835740.9874,1614062544,1724984221,1605631690,1711953478,0.009218,0.01,-0.002298,-0.002033,0.00385491,0.01432888,-0.00245933,-0.00112311,,,,,48.34,51.66,0.94,49.51,50.49,0.98,52.0,48.0,1.08,1259607.82856,2866401.31191,1281201.07846,4396932.85531,,,,,,,,
2022-12-01,1294.09,1300.51,1262,1275.7,6067953779.5792,1711953478,1927150483,1699697008,1927150483,-0.002033,0.01,-0.002793,0.01,-0.00112311,0.00920052,-0.00596215,0.0053534,,,,,47.0,53.0,0.89,47.12,52.88,0.89,52.95,47.05,1.13,1357972.52126,906998.05764,1653995.29924,954984.02866,,,,,,,,
2022-12-02,1275.69,1297.24,1264.43,1295,5429904971.2978,1927150483,2066902893,1926459525,2066800474,0.01,0.01,-0.002111,-0.00062,0.0053534,0.00582498,-0.008604,-0.00156257,,,,,48.0,52.0,0.92,50.46,49.54,1.02,54.05,45.95,1.18,452724.95611,1071215.62614,872257.64164,1663182.86404,,,,,,,,
2022-12-03,1294.99,1312,1235.17,1239.76,4739089780.7369,2066800474,2076778568,1686826733,1690049478,-0.00062,0.002236,-0.00732,-0.005003,-0.00156257,0.00652979,-0.01112447,-0.00282583,,,,,46.63,53.37,0.87,47.68,52.32,0.91,53.52,46.48,1.15,1031129.39693,475296.04486,1546915.54337,506078.0965,,,,,,,,
2022-12-04,1239.76,1287.99,1239.13,1278.82,4893198606.87,1690049478,1690049478,1512849234,1517747193,-0.005003,0.01,-0.005003,0.005635,-0.00282583,0.01303905,-0.00423183,0.00601812,,,,,55.32,44.68,1.24,56.98,43.02,1.33,52.22,47.78,1.09,393020.27035,1426519.07701,400962.43522,1701261.66869,,,,,,,,
2022-12-05,1278.82,1304.98,1246,1258.66,6905425440.9004,1517747193,1581356955,1387497061,1395172814,0.005635,0.009785,-0.004208,0.004181,0.00601812,0.00764411,-0.00957996,0.0020334,,,,,52.74,47.26,1.12,51.19,48.81,1.05,51.7,48.3,1.07,2907193.1574,1997410.77244,3291673.34831,2376352.082,,,,,,,,
2022-12-06,1258.67,1274.42,1240.55,1270.72,5143493546.4356,1395172814,1430258339,1382519363,1419204871,0.004181,0.008966,-0.002966,0.008221,0.0020334,0.01095179,-0.00626308,0.01058032,,,,,57.58,42.42,1.36,57.4,42.6,1.35,51.67,48.33,1.07,975407.02607,1580606.77215,1141246.7725,1736733.13425,,,,,,,,
2022-12-07,1270.73,1278.3,1217.02,1230.83,5688816535.4373,1419204871,1481688532,1372217732,1449268533,0.008221,0.008221,-0.007941,0.000094,0.01058032,0.01190653,-0.01226177,0.00370975,,,,,58.37,41.63,1.4,56.27,43.73,1.29,51.64,48.36,1.07,3468981.85227,414166.64692,4272847.08509,430949.66231,,,,,,,,
2022-12-08,1230.78,1294.31,1221,1279.73,6768951136.2836,1449268533,1550531446,1439553160,1548012865,0.000094,0.01,-0.00236,0.01,0.00370975,0.01596959,-0.01134579,0.01504385,,,,,62.71,37.29,1.68,61.45,38.55,1.59,51.51,48.49,1.06,539736.73459,2091178.59049,548419.14351,2623675.76664,,,,,,,,
2022-12-09,1279.72,1297.63,1254,1262.31,5628841960.7395,1548012865,1607105208,1454118522,1457696454,0.01,0.01,-0.001659,-0.001654,0.01504385,0.01520783,-0.00646559,-0.00162845,,,,,48.81,51.19,0.95,47.94,52.06,0.92,52.27,47.73,1.1,926783.41465,863836.94095,1404157.56902,892148.02936,,,,,,,,
2022-12-10,1262.31,1283.92,1258.58,1265.88,2815482490.1072,1457696454,1508651961,1439083799,1469166701,-0.001654,0.009043,-0.002781,-0.002288,-0.00162845,0.01104475,-0.00557099,-0.0049624,,,,,50.71,49.29,1.03,52.81,47.19,1.12,52.42,47.58,1.1,290918.0473,394941.06518,439789.2049,460269.95433,,,,,,,,
2022-12-11,1265.87,1284.9,1255,1262.43,3084125229.7138,1469166701,1517606935,1444841200,1470258362,-0.002288,0.007313,-0.002351,0.003837,-0.0049624,0.00627456,-0.00781878,0.00150977,,,,,52.69,47.31,1.11,52.6,47.4,1.11,52.29,47.71,1.1,1042514.59599,635637.3914,1206297.03045,766586.0408,,,,,,,,
2022-12-12,1262.43,1278.83,1238.5,1274.88,5144430036.8755,1470258362,1470258362,1396366660,1399523993,0.003837,0.009033,-0.003901,0.008944,0.00150977,0.00783746,-0.01692737,0.0077113,,,,,53.52,46.48,1.15,53.11,46.89,1.13,52.5,47.5,1.11,1490672.28088,1259920.99237,2173100.53328,2013140.93106,,,,,,,,
2022-12-13,1274.89,1350,1254.32,1321.06,9615012754.2272,1399523993,1572505862,1334216070,1504360691,0.008944,0.01,-0.001014,0.01,0.0077113,0.01862369,-0.0027227,0.01831,,,,,53.76,46.24,1.16,52.98,47.02,1.13,52.56,47.44,1.11,1979095.74831,2978916.91158,2386495.84599,3882191.23976,,,,,,,,
2022-12-14,1321.05,1354.4,1300.17,1307.76,7479384142.8524,1504360691,1536611152,1409341347,1445240501,0.01,0.01,0.01,0.01,0.01831,0.02035817,0.00566339,0.01006167,,,,,46.46,53.54,0.87,46.81,53.19,0.88,53.02,46.98,1.13,1090427.79332,1422890.23233,1350628.28396,2860062.66613,,,,,,,,
2022-12-15,1307.76,1311.86,1256.1,1266.26,5374746576.9624,1445240501,1452614152,1381378815,1400797237,0.01,0.01,0.01,0.01,0.01006167,0.01424213,0.00086348,0.00911744,,,,,47.68,52.32,0.91,48.16,51.84,0.93,54.15,45.85,1.18,2010956.01937,270767.66542,2518842.16435,270767.66542,,,,,,,,
2022-12-16,1266.26,1279.76,1154.7,1166.2,8739869302.7569,1400797237,1424973186,1203503462,1214666504,0.01,0.01,-0.005725,0.008705,0.00911744,0.01874572,-0.0146903,0.00762961,,,,,59.48,40.52,1.47,58.94,41.06,1.44,54.1,45.9,1.18,10463936.52119,1186506.51915,13674692.1831,1327715.28015,,,,,,,,
2022-12-17,1166.19,1190,1161.07,1186.45,3926388265.065,1214666504,1246624951,1213767582,1238768938,0.008705,0.01,-0.007778,0.005955,0.00762961,0.01140582,-0.01173541,0.00546429,,,,,65.24,34.76,1.88,65.25,34.75,1.88,52.74,47.26,1.12,642711.51773,1642861.18659,687557.12078,1676043.49544,,,,,,,,
2022-12-18,1186.44,1196,1171.12,1182.45,3402886818.0518,1238768938,1257271009,1217324093,1218243235,0.005955,0.01,-0.007176,-0.003395,0.00546429,0.06696598,-0.00636927,-0.00510356,,,,,65.2,34.8,1.87,61.9,38.1,1.63,52.01,47.99,1.08,1218578.93223,1567540.68635,1328224.00258,1710584.41138,,,,,,,,
2022-12-19,1182.45,1194.86,1148,1167.21,5052348291.0026,1218243235,1255443835,1204081387,1226657030,-0.003395,0.01,-0.048138,0.008463,-0.00510356,0.01080535,-0.0221252,0.00962589,,,,,64.69,35.31,1.83,62.66,37.34,1.68,51.38,48.62,1.06,1773319.73257,636375.51877,1972184.48888,642135.86596,,,,,,,,
2022-12-20,1167.21,1232,1162.5,1216.21,6963535229.3571,1226657030,1315973384,1219497091,1281873985,0.008463,0.01,0.001686,0.00461,0.00962589,0.00987743,0.00063953,0.00453181,,,,,64.88,35.12,1.85,63.68,36.32,1.75,51.22,48.78,1.05,873603.95076,2020026.46122,912574.03912,2677960.41592,,,,,,,,
2022-12-21,1216.22,1226,1202.06,1213.21,3566681132.6804,1281873985,1315626726,1266408413,1283167936,0.00461,0.01,0.00408,0.008923,0.00453181,0.0116228,-0.00317762,0.00906152,,,,,57.12,42.88,1.33,55.24,44.76,1.23,51.53,48.47,1.06,478650.81047,474686.47136,548340.58965,477556.47136,,,,,,,,
2022-12-22,1213.21,1239.99,1182,1217.39,5306875559.5349,1283167936,1342188870,1256245272,1267699523,0.008923,0.01,0.003947,0.0074,0.00906152,0.01816801,-0.0002497,0.00843169,,,,,56.9,43.1,1.32,56.95,43.05,1.32,52.79,47.21,1.12,723827.91115,849035.08088,1157153.42524,1055051.29265,,,,,,,,
2022-12-23,1217.38,1234.25,1208.33,1219.5,4040309831.6186,1267699523,1317623585,1267699523,1285853346,0.0074,0.01,-0.001959,0.006778,0.00843169,0.01191321,-0.00038175,0.00628306,,,,,60.89,39.11,1.56,59.67,40.33,1.48,52.9,47.1,1.12,363994.87362,533904.94675,382857.08702,545954.94675,,,,,,,,
2022-12-24,1219.5,1229,1214,1219.96,1464054356.7546,1285853346,1326661620,1279540698,1305649548,0.006778,0.01,-0.005292,-0.000431,0.00628306,0.00992553,-0.00213488,0.0008534,,,,,56.62,43.38,1.31,56.67,43.33,1.31,53.28,46.72,1.14,178237.02095,29667.7735,180677.02095,31504.66002,,,,,,,,
2022-12-25,1219.96,1225,1187.54,1217.96,3000158003.3342,1305649548,1313961885,1241340650,1279652735,-0.000431,0.007039,-0.002198,0.007032,0.0008534,0.00819763,-0.00565597,0.00809115,,,,,56.11,43.89,1.28,55.63,44.37,1.25,52.9,47.1,1.12,441707.99398,664086.58221,838446.38271,760908.48692,,,,,,,,
2022-12-26,1217.97,1231.49,1210,1227.57,2350243991.0955,1279652735,1317578181,1278088344,1303322090,0.007032,0.01,0.000125,0.01,0.00809115,0.01174929,-0.00063801,0.00835257,,,,,56.99,43.01,1.33,56.82,43.18,1.32,53.65,46.35,1.16,27085.15082,665916.38329,29918.29626,765571.19218,,,,,,,,
2022-12-27,1227.57,1233.97,1200,1211.29,3740678491.1669,1303322090,1351608840,1285225439,1346303006,0.01,0.01,0.000612,0.01,0.00835257,0.01991836,-0.00021574,0.01062564,,,,,55.86,44.14,1.27,55.32,44.68,1.24,53.6,46.4,1.16,1192273.60455,577325.19788,1542023.37017,638199.96442,,,,,,,,
2022-12-28,1211.29,1215.42,1177.5,1189.93,4927040754.1757,1346303006,1350807248,1301814168,1335330618,0.01,0.01,-0.00408,0.01,0.01062564,0.01320576,-0.00244588,0.01309698,,,,,60.14,39.86,1.51,59.21,40.79,1.45,53.4,46.6,1.15,1187299.48739,978289.13412,1742453.3213,989752.70829,,,,,,,,
2022-12-29,1189.94,1207.97,1186.24,1200.35,3618991019.0545,1335330618,1363815264,1324264089,1329389544,0.01,0.01,0.004666,0.01,0.01309698,0.01507486,0.00428153,0.00987579,,,,,64.49,35.51,1.82,62.76,37.24,1.69,53.07,46.93,1.13,617499.58872,1296475.02898,707293.89518,1373665.6089,,,,,,,,
2022-12-30,1200.36,1203,1180,1199.66,3423669663.5631,1329389544,1339258605,1306434901,1333286010,0.01,0.01,0.01,0.01,0.00987579,0.01416229,0.00479596,0.01101122,,,,,61.13,38.87,1.57,58.94,41.06,1.44,53.58,46.42,1.15,701550.05307,627956.51459,831204.21198,630686.51459,,,,,,,,
2022-12-31,1199.67,1209,1190.26,1196.1,2024981384.0223,1333286010,1352221141,1298091252,1304138451,0.01,0.01,0.01,0.01,0.01101122,0.01328015,0.00694591,0.01159351,,,,,62.04,37.96,1.63,60.51,39.49,1.53,54.01,45.99,1.17,219395.90657,525927.84325,246105.3617,533161.6866,,,,,,,,
2023-01-01,1196.1,1204.79,1190.8,1199.96,1654443733.0582,1304138451,1361466913,1301081128,1356283290,0.01,0.01,0.01,0.01,0.01159351,0.01338277,-0.00360263,0.00477947,,,,,61.44,38.56,1.59,60.12,39.88,1.51,54.12,45.88,1.18,200810.77236,424498.36903,203080.77236,526457.40463,,,,,,,,
2023-01-02,1199.96,1225,1191.5,1213.23,3431516745.1757,1356283290,1410714528,1339309041,1361168391,0.01,0.01,0.001025,0.001025,0.00477947,0.01143128,-0.00538597,0.0030074,,,,,60.98,39.02,1.56,59.57,40.43,1.47,53.91,46.09,1.17,267150.02566,2255610.00863,293444.8747,2595395.93047,,,,,,,,
2023-01-03,1213.24,1219.5,1203.05,1214.23,2931903349.5615,1361168391,1379221454,1345830172,1347397319,0.001025,0.007587,-0.002664,0.007587,0.0030074,0.0071555,-0.00475276,0.00685867,,,,,55.8,44.2,1.26,55.77,44.23,1.26,54.12,45.88,1.18,288438.79392,372737.32996,340069.73022,433255.73107,,,,,,,,
2023-01-04,1214.22,1275,1212.16,1256.39,6655422980.151,1347397319,1556290119,1341961457,1517375371,0.007587,0.01,0.007339,0.01,0.00685867,0.01092074,-0.00104313,0.00133035,,,,,59.53,40.47,1.47,58.46,41.54,1.41,53.77,46.23,1.16,513941.39602,3035113.71548,535287.83512,4019673.17739,,,,,,,,
2023-01-05,1256.39,1260,1242.22,1251.08,3329808790.1472,1517375371,1521214688,1489757826,1508999838,0.01,0.01,0.01,0.01,0.00133035,0.01175127,-0.0008928,0.00708121,,,,,46.7,53.3,0.88,45.93,54.07,0.85,53.82,46.18,1.17,118337.74393,540208.91693,153570.00343,570218.91693,,,,,,,,
2023-01-06,1251.07,1277.77,1233,1268.54,5216515818.3868,1508999838,1638009311,1430698834,1629861562,0.01,0.01,0.005377,0.005433,0.00708121,0.01381158,-0.00007081,0.00041736,,,,,47.08,52.92,0.89,47.96,52.04,0.92,54.22,45.78,1.18,590517.27702,2080809.7369,815762.84868,2320872.90286,,,,,,,,
2023-01-07,1268.54,1270.66,1260.53,1263.65,1500516141.7532,1629861562,1644513798,1579855800,1580683594,0.005433,0.01,0.000778,0.002144,0.00041736,0.01143297,-0.00260454,-0.00168968,,,,,44.35,55.65,0.8,44.8,55.2,0.81,53.76,46.24,1.16,60743.24684,75163.77439,68443.24684,76392.50519,,,,,,,,
2023-01-08,1263.64,1296,1256.3,1289.65,3068135081.9707,1580683594,1637314215,1547830877,1633022702,0.002144,0.01,-0.00404,0.004288,-0.00168968,0.02097938,-0.01097196,-0.00382721,,,,,45.44,54.56,0.83,46.12,53.88,0.86,54.16,45.84,1.18,439277.34596,2320612.97754,455775.83058,4732393.77051,,,,,,,,
2023-01-09,1289.64,1345,1284.81,1320.32,8343048857.2065,1633022702,1824652937,1631745669,1764123196,0.004288,0.01,0.003984,0.01,-0.00382721,0.01520118,-0.00422356,0.00698017,,,,,45.5,54.5,0.84,44.3,55.7,0.8,53.75,46.25,1.16,1696466.68256,5369980.51973,1810441.68186,6977610.89085,,,,,,,,
2023-01-10,1320.32,1348.7,1316.74,1335.3,4864319360.8633,1764123196,1837184042,1746002397,1824177829,0.01,0.01,0.01,0.01,0.00698017,0.01521118,-0.00296694,-0.00294537,,,,,40.01,59.99,0.67,41.13,58.87,0.7,54.19,45.81,1.18,834037.21404,2672848.27265,842157.21404,3839633.10464,,,,,,,,
2023-01-11,1335.29,1400,1319.52,1389.26,6190057921.6694,1824177829,1845613408,1789363617,1803127569,0.01,0.01,0.002598,0.01,-0.00294537,0.00809394,-0.0068146,0.00252851,,,,,39.06,60.94,0.64,39.84,60.16,0.66,54.33,45.67,1.19,1274306.38376,3642894.31616,1346371.26281,5434972.60349,,,,,,,,
2023-01-12,1389.25,1439.36,1358,1415.84,11611526999.7092,1803127569,1845659784,1703636405,1811668902,0.01,0.01,0.01,0.01,0.00252851,0.01619261,-0.0080695,0.00243614,,,,,41.38,58.62,0.71,40.09,59.91,0.67,54.41,45.59,1.19,3222939.46564,6159969.81151,3585184.08079,7810783.89075,,,,,,,,
2023-01-13,1415.85,1465.49,1400.7,1450.94,7246490842.4631,1811668902,1865739331,1790226447,1810455909,0.01,0.01,0.01,0.01,0.00243614,0.01155497,-0.00560816,0.00634849,,,,,41.91,58.09,0.72,42.46,57.54,0.74,55.08,44.92,1.23,1802908.539,4869386.00184,2096747.5301,6189683.92636,,,,,,,,
2023-01-14,1450.95,1644.92,1448.7,1550.27,11302260794.8566,1810455909,1882502557,1539491793,1600955496,0.01,0.080181,0.01,0.01264,0.00634849,0.08048699,0.00175895,0.01599556,,,,,44.21,55.79,0.79,43.26,56.74,0.76,55.2,44.8,1.23,3831880.36658,19882780.86196,5240998.86573,27822736.96118,,,,,,,,
2023-01-15,1550.27,1570,1516.02,1553.47,5624509177.5328,1600955496,1678073153,1520972202,1644517451,0.01264,0.032245,0.01,0.014082,0.01599556,0.02618461,0.00764275,0.01245746,,,,,51.05,48.95,1.04,49.42,50.58,0.98,57.1,42.9,1.33,1697693.7518,1833830.78158,1902684.1315,2114560.71559,,,,,,,,
2023-01-16,1553.48,1610.5,1520,1577.11,8432864529.7445,1644517451,1766956918,1587039224,1733655164,0.014082,0.023982,0.01,0.01,0.01245746,0.02023172,0.00660516,0.01141779,,,,,49.33,50.67,0.97,49.45,50.55,0.98,57.13,42.87,1.33,2340196.49093,2880801.888,3366193.88493,3375107.71496,,,,,,,,
2023-01-17,1577.25,1609,1540,1565.84,7212186100.5655,1733655164,1812414635,1673378916,1767746908,0.01,0.01,0.01,0.01,0.01141779,0.01479258,-0.01267226,0.00796412,,,,,46.49,53.51,0.87,46.73,53.27,0.88,56.78,43.22,1.31,2354070.5049,1635585.25015,3400715.16466,2073964.53475,,,,,,,,
2023-01-18,1565.83,1614.6,1501.21,1511.66,10794369879.748,1767746908,1897912920,1689771654,1689967771,0.01,0.01,0.01,0.01,0.00796412,0.02141683,-0.0052978,0.01193096,,,,,46.64,53.36,0.87,46.53,53.47,0.87,56.95,43.05,1.32,5489332.64963,2236508.444,7648432.07031,2645715.87642,,,,,,,,
2023-01-19,1511.6,1565,1509.87,1551.11,5615245402.6502,1689967771,1763129083,1689967771,1758378526,0.01,0.01,0.01,0.01,0.01193096,0.01843261,0.00586237,0.00755478,,,,,47.88,52.12,0.92,48.27,51.73,0.93,57.42,42.58,1.35,1058580.21742,2213181.6889,1151370.21742,2744129.0412,,,,,,,,
2023-01-20,1551.11,1680,1541.6,1659.01,8486177556.1958,1758378526,1932968509,1756993616,1889310072,0.01,0.01,0.01,0.01,0.00755478,0.01491028,0.00032183,0.01481187,,,,,46.01,53.99,0.85,44.13,55.87,0.79,56.95,43.05,1.32,1016334.7605,4845092.41409,1265466.79837,6298110.03235,,,,,,,,
2023-01-21,1659.01,1682.44,1615.3,1627.63,7675235631.8774,1889310072,1953967033,1828589105,1847436388,0.01,0.017969,0.01,0.01,0.01481187,0.01719359,0.00464674,0.01075632,,,,,44.87,55.13,0.81,43.06,56.94,0.76,57.27,42.73,1.34,2146787.26553,2944304.00407,3065117.75068,3543455.38344,,,,,,,,
2023-01-22,1627.63,1666,1603.39,1628.14,6244580636.0709,1847436388,1855604868,1792538397,1794301634,0.01,0.013396,0.01,0.010448,0.01075632,0.02030592,0.00664137,0.01538396,,,,,45.7,54.3,0.84,47.9,52.1,0.92,58.24,41.76,1.4,2075818.5877,1638189.56611,2461302.67527,2079647.27467,,,,,,,,
2023-01-23,1628.13,1650,1585.21,1626.9,6458718990.5785,1794301634,1827367926,1720472549,1745539142,0.010448,0.010448,0.01,0.01,0.01538396,0.01744842,0.00637846,0.01030956,,,,,50.26,49.74,1.01,49.21,50.79,0.97,57.7,42.3,1.36,2442508.13429,2664405.0701,3295614.22897,2907607.13378,,,,,,,,
2023-01-24,1626.9,1641.89,1530,1555.99,7238598581.7041,1745539142,1777942669,1550477130,1559977391,0.01,0.01,0.01,0.01,0.01030956,0.0176526,0.007427,0.01071309,,,,,51.3,48.7,1.05,50.25,49.75,1.01,58.05,41.95,1.38,11202864.69377,1265960.32878,14246696.60768,1358670.4,,,,,,,,
2023-01-25,1556,1641.18,1512.3,1611.41,9396128581.979,1559977391,1627163544,1490510892,1572571611,0.01,0.01,0.01,0.01,0.01071309,0.01490593,-0.00270457,0.01039109,,,,,54.15,45.85,1.18,54.08,45.92,1.18,57.98,42.02,1.38,3531514.82647,6670575.92187,5147149.88282,8273862.86559,,,,,,,,
2023-01-26,1611.44,1633,1575.66,1600.69,6803190913.7,1572571611,1601258096,1549591755,1557654449,0.01,0.01,0.01,0.01,0.01039109,0.01351304,-0.00356562,0.00792232,,,,,55.54,44.46,1.25,52.56,47.44,1.11,57.42,42.58,1.35,1664650.02775,1603859.84792,3400591.63083,1758135.90504,,,,,,,,
2023-01-27,1600.69,1621.46,1551.1,1597.08,6892391130.6155,1557654449,1625510531,1498261480,1578275042,0.01,0.01,0.01,0.01,0.00792232,0.01625451,0.00329218,0.00805283,,,,,54.72,45.28,1.21,54.58,45.42,1.2,57.82,42.18,1.37,1798623.22856,7084362.60665,2444761.86078,7334954.02352,,,,,,,,
2023-01-28,1597.08,1606.66,1555,1571.52,3918538329.8627,1578275042,1595870210,1529157858,1556883454,0.01,0.01,0.01,0.01,0.00805283,0.01081743,0.00230719,0.0080752,,,,,54.97,45.03,1.22,54.3,45.7,1.19,57.22,42.78,1.34,1196119.96416,353886.597,1589651.24068,482427.76575,,,,,,,,
2023-01-29,1571.52,1663.68,1565.98,1645.67,8241925597.5367,1556883454,1738396411,1548775063,1734351219,0.01,0.01,0.01,0.01,0.0080752,0.01651705,0.00630036,0.01651663,,,,,59.78,40.22,1.49,58.16,41.84,1.39,56.81,43.19,1.32,966820.2963,3463200.92444,1136324.09924,4699109.2367,,,,,,,,
2023-01-30,1645.67,1648.49,1529.04,1565.92,7994848401.853,1734351219,1749353575,1479126229,1515362112,0.01,0.01,0.01,0.01,0.01651663,0.01830367,0.00310846,0.00847122,,,,,49.56,50.44,0.98,48.75,51.25,0.95,56.66,43.34,1.31,4270033.2461,1801250.17826,6087947.45608,1920763.60043,,,,,,,,
2023-01-31,1565.93,1605.67,1561.04,1585.02,5443296641.7607,1515362112,1593594914,1513224175,1536820011,0.01,0.01,0.01,0.01,0.00847122,0.01401575,0.00460032,0.00837451,,,,,59.07,40.93,1.44,57.98,42.02,1.38,57.35,42.65,1.35,1424544.65097,2441504.35956,1610402.94655,3818895.40274,,,,,,,,
2023-02-01,1585.02,1648.76,1554.57,1641.8,8138751328.4427,1536820011,1667760361,1478917894,1666275832,0.01,0.01,0.01,0.01,0.00837451,0.01507609,0.00046088,0.01217457,,,,,55.97,44.03,1.27,53.58,46.42,1.15,57.18,42.82,1.34,2520384.07136,5468179.44563,2823901.89173,6934330.74997,,,,,,,,
2023-02-02,1641.81,1717,1625,1643.81,10469179892.4548,1666275832,1836079683,1645941238,1670384198,0.01,0.01,0.01,0.01,0.01217457,0.02357199,0.00793719,0.01154526,,,,,48.78,51.22,0.95,48.8,51.2,0.95,57.12,42.88,1.33,4441174.0293,3778993.1544,5621255.29349,6114390.93651,,,,,,,,
2023-02-03,1643.82,1677,1622,1663.68,7612971337.487,1670384198,1775155738,1646500303,1746803875,0.01,0.01,0.01,0.01,0.01154526,0.02214118,-0.00192509,0.00964015,,,,,50.26,49.74,1.01,51.17,48.83,1.05,56.96,43.04,1.32,1646475.06066,1762727.90686,1902852.3396,2107707.8198,,,,,,,,
2023-02-04,1663.69,1696.99,1645,1666.44,4528530676.5024,1746803875,1988441402,1723571333,1889750227,0.01,0.01,0.01,0.01,0.00964015,0.01320347,0.0059227,0.00821777,,,,,51.99,48.01,1.08,51.71,48.29,1.07,56.51,43.49,1.3,879705.00235,1183431.12804,1082648.8151,1886925.27483,,,,,,,,
2023-02-05,1666.43,1674.59,1608,1628.98,5915641212.9988,1889750227,1912151141,1685354497,1689016528,0.01,0.01,0.01,0.01,0.00821777,0.01838858,0.0039237,0.00759921,,,,,48.98,51.02,0.96,49.8,50.2,0.99,56.3,43.7,1.29,3314873.37236,1306663.37314,4695254.35641,1463334.85926,,,,,,,,
2023-02-06,1628.98,1659,1602,1613.9,6376694679.3637,1689016528,1794382472,1675806931,1694966589,0.01,0.01,0.01,0.01,0.00759921,0.01972961,0.002984,0.00755013,,,,,56.1,43.9,1.28,55.37,44.63,1.24,56.26,43.74,1.29,3032547.36746,1039895.1349,3648215.88302,1184690.25315,,,,,,,,
2023-02-07,1613.89,1679.03,1612.49,1670.51,7450510403.1407,1694966589,1855277061,1690898560,1850176600,0.01,0.01,0.01,0.01,0.00755013,0.01601612,-0.00187976,0.01095063,,,,,57.02,42.98,1.33,55.5,44.5,1.25,56.18,43.82,1.28,1202159.4282,4665183.78946,1478982.06858,5972428.44551,,,,,,,,
2023-02-08,1670.5,1699,1631,1650.26,6891099990.4294,1850176600,1954558404,1775860724,1783466601,0.01,0.01,0.01,0.01,0.01095063,0.01648894,-0.00334597,0.00809797,,,,,50.54,49.46,1.02,49.22,50.78,0.97,56.1,43.9,1.28,2833383.85564,1528438.72353,3412954.23924,1712002.29682,,,,,,,,
2023-02-09,1650.26,1656.2,1522,1544.68,10570858979.2045,1783466601,1821750532,1542213403,1576180557,0.01,0.01,0.01,0.01,0.00809797,0.01671143,0.00467913,0.00864445,,,,,54.64,45.36,1.21,54.5,45.5,1.2,56.85,43.15,1.32,7474603.02815,1896768.9117,12812066.55691,2006979.96809,,,,,,,,
2023-02-10,1544.67,1554,1486.28,1512.26,7507436094.4362,1576180557,1608544106,1518375733,1546273657,0.01,0.01,0.004291,0.006529,0.00864445,0.01462882,0.00028888,0.00701909,,,,,61.15,38.85,1.57,60.75,39.25,1.55,56.05,43.95,1.28,2544879.08473,1476826.52797,3933663.2793,1525361.9027,,,,,,,,
2023-02-11,1512.25,1542.82,1502.83,1537.65,3199690615.2148,1546273657,1593087446,1536363537,1542619290,0.006529,0.009792,-0.003569,0.008869,0.00701909,0.01114581,-0.00679108,0.0096935,,,,,61.68,38.32,1.61,59.97,40.03,1.5,55.14,44.86,1.23,1112335.65668,723067.08398,1163205.86496,888661.31472,,,,,,,,
2023-02-12,1537.64,1547.7,1491,1514.49,4043976303.6592,1542619290,1557639970,1434754869,1469691424,0.008869,0.008869,0.000121,0.002472,0.0096935,0.0096935,-0.0018058,0.00261543,,,,,63.15,36.85,1.71,60.08,39.92,1.51,55.17,44.83,1.23,1818258.47614,462100.60695,2995116.30871,480124.53974,,,,,,,,
2023-02-13,1514.48,1526.1,1460,1504.85,8822206692.5117,1469691424,1603282484,1459511621,1570662887,0.002472,0.01,-0.00525,-0.000454,0.00261543,0.01292879,-0.0042633,0.00096268,,,,,63.96,36.04,1.78,61.76,38.24,1.62,53.82,46.18,1.17,2561590.70735,2720848.10028,3146436.71506,3090189.53333,,,,,,,,
2023-02-14,1504.86,1568.98,1470,1554.94,9982569985.8998,1570662887,1604762166,1499617908,1516892076,-0.000454,0.008579,-0.001,0.002968,0.00096268,0.00865122,-0.00487501,0.00392049,,,,,62.01,37.99,1.63,61.04,38.96,1.57,53.9,46.1,1.17,1917369.49587,4374252.64979,2080002.15423,5156418.41566,,,,,,,,
2023-02-15,1554.94,1684.1,1541.77,1675,9558228693.3437,1516892076,1584145051,1494175838,1581000948,0.002968,0.01,0.001485,0.01,0.00392049,0.01584317,-0.00671538,0.0154893,,,,,55.19,44.81,1.23,54.48,45.52,1.2,52.9,47.1,1.12,1444276.49239,5527105.62473,1526089.46792,8684426.38948,,,,,,,,
2023-02-16,1674.99,1744.5,1634.02,1639,13211084880.8265,1581000948,1646164530,1446591105,1462783737,0.01,0.017486,0.01,0.01,0.0154893,0.02859504,0.00749105,0.00829044,,,,,49.41,50.59,0.98,48.21,51.79,0.93,54.12,45.88,1.18,6639773.32063,5331520.2104,7797252.92362,6855294.59179,,,,,,,,
2023-02-17,1638.99,1722.62,1631.31,1694.12,9986121761.9824,1462783737,1605970158,1450670278,1575724761,0.01,0.01,0.01,0.01,0.00829044,0.01865013,-0.00764575,0.01094869,,,,,47.82,52.18,0.92,50.89,49.11,1.04,55.46,44.54,1.25,3346263.72167,5721582.70222,3647329.47916,6457870.001,,,,,,,,
2023-02-18,1694.1,1715,1679.13,1691.66,3708711231.4456,1575724761,1661408614,1575410281,1637181062,0.01,0.01,0.01,0.01,0.01094869,0.01481545,0.00183986,0.0071983,,,,,47.18,52.82,0.89,47.05,52.95,0.89,55.14,44.86,1.23,418848.1889,445175.47584,498998.30689,479703.159,,,,,,,,
2023-02-19,1691.65,1729.58,1666,1680.31,6100073135.9156,1637181062,1694667823,1589778378,1608982259,0.01,0.01,0.01,0.01,0.0071983,0.01446233,0.0069956,0.00935817,,,,,48.94,51.06,0.96,50.03,49.97,1.0,55.09,44.91,1.23,2203875.7325,2304039.02168,2480341.87898,2529725.60378,,,,,,,,
2023-02-20,1680.46,1720.39,1650,1703.7,7148962281.5384,1608982259,1742539337,1558611629,1671279245,0.01,0.01,0.01,0.01,0.00935817,0.02017814,0.00269221,0.00985951,,,,,50.12,49.88,1.01,50.7,49.3,1.03,55.5,44.5,1.25,2739084.60469,2048806.83028,3253779.97886,2351292.35249,,,,,,,,
2023-02-21,1703.71,1716.99,1635,1659.2,8351416785.1393,1671279245,1728485641,1618516481,1652466466,0.01,0.01,0.01,0.01,0.00985951,0.01572116,0.00318867,0.00787302,,,,,49.62,50.38,0.99,49.99,50.01,1.0,54.82,45.18,1.21,3256303.52914,1444669.66925,4705132.314,1496700.47227,,,,,,,,
2023-02-22,1659.21,1667.62,1591.17,1642.01,9245542383.6949,1652466466,1662020759,1550180640,1571078730,0.01,0.01,0.002993,0.007072,0.00787302,0.0157993,0.00610822,0.00995268,,,,,59.53,40.47,1.47,58.76,41.24,1.43,54.52,45.48,1.2,5453975.56495,2451465.34679,7202422.40892,2803678.3993,,,,,,,,
2023-02-23,1642.01,1678.56,1627.64,1649.69,8615060806.3927,1571078730,1595255692,1507982947,1555288748,0.007072,0.01,0.00302,0.003804,0.00995268,0.01537104,0.00014425,0.00506653,,,,,62.62,37.38,1.68,61.29,38.71,1.58,54.48,45.52,1.2,3890613.35131,4018405.57244,4607416.80888,4805412.72476,,,,,,,,
2023-02-24,1649.68,1664.44,1572,1607.12,8303396132.4323,1555288748,1608276690,1530890741,1571097746,0.003804,0.01,-0.001527,0.007856,0.00506653,0.01122568,0.00147847,0.0092513,,,,,60.87,39.13,1.56,59.78,40.22,1.49,54.79,45.21,1.21,3811522.22122,1723637.6803,5137360.03062,1974426.69058,,,,,,,,
2023-02-25,1607.11,1608.34,1556.08,1593.59,4010465598.8546,1571097746,1622858793,1534961523,1565087875,0.007856,0.01,-0.00135,0.001323,0.0092513,0.01157079,0.00283808,0.00572712,,,,,64.8,35.2,1.84,63.36,36.64,1.73,54.51,45.49,1.2,2986117.13968,843871.78571,3664056.6434,939307.54164,,,,,,,,
2023-02-26,1593.6,1652.91,1586.35,1640.49,4564721916.6412,1565087875,1614184376,1538297260,1586729998,0.001323,0.01,-0.001217,0.01,0.00572712,0.01222623,-0.00073563,0.01174072,,,,,64.64,35.36,1.83,63.22,36.78,1.72,54.31,45.69,1.19,761783.36557,2340390.57947,840495.03746,3550701.93302,,,,,,,,
2023-02-27,1640.51,1664.97,1606.71,1632.6,6862485939.2001,1586729998,1688512024,1531221370,1555093241,0.01,0.01,0.003367,0.003555,0.01174072,0.01174072,0.00173474,0.00509659,,,,,59.44,40.56,1.47,57.26,42.74,1.34,54.0,46.0,1.17,2623492.4278,2556372.11405,3563169.62236,2909151.14932,,,,,,,,
2023-02-28,1632.61,1646.99,1595,1604.72,5960989298.1599,1555093241,1624612124,1526298443,1558795043,0.003555,0.008626,0.000268,0.000298,0.00509659,0.01423106,-0.00628565,-0.00011409,,,,,60.86,39.14,1.56,59.88,40.12,1.49,54.81,45.19,1.21,2556756.3273,1482715.6958,3032623.83929,1742123.52896,,,,,,,,
2023-03-01,1604.73,1670,1593.03,1664.46,7331431398.2723,1558795043,1721106606,1552010755,1692421007,0.000298,0.01,-0.000619,0.01,-0.00011409,0.01125118,-0.00153628,0.01087568,,,,,62.59,37.41,1.67,61.67,38.33,1.61,54.66,45.34,1.21,3433052.89506,4285086.86321,3823925.2853,4798876.0453,,,,,,,,
2023-03-02,1664.47,1677.74,1617.83,1647.29,6547983370.2551,1692421007,1740728841,1643949014,1725990942,0.01,0.01,0.003138,0.003859,0.01087568,0.01673422,0.00433488,0.00552163,,,,,54.46,45.54,1.2,53.26,46.74,1.14,54.81,45.19,1.21,2417494.37115,1047825.3058,2929381.63322,1455043.70887,,,,,,,,
2023-03-03,1647.29,1648.78,1534.85,1568.86,8180729059.2334,1725990942,1728675330,1475657816,1487268811,0.003859,0.009898,-0.005594,0.008513,0.00552163,0.0114468,-0.01330271,0.00913662,,,,,58.98,41.02,1.44,58.48,41.52,1.41,54.7,45.3,1.21,4373086.61906,910070.67411,6818779.27349,1022751.83044,,,,,,,,
2023-03-04,1568.85,1577,1548,1566.05,2838928342.789,1487268811,1517739461,1470694788,1499351548,0.008513,0.009184,-0.00102,0.005361,0.00913662,0.00913662,-0.00651238,0.00524702,,,,,65.35,34.65,1.89,63.91,36.09,1.77,53.87,46.13,1.17,1233022.10384,483328.74953,1351286.7981,530735.24785,,,,,,,,
2023-03-05,1566.05,1588.08,1552.07,1564.06,3930213040.5692,1499351548,1510712372,1433282207,1447835355,0.005361,0.006961,0.002718,0.004558,0.00524702,0.01069389,0.00052099,0.00364509,,,,,64.45,35.55,1.81,62.13,37.87,1.64,53.5,46.5,1.15,1017849.48323,606927.48538,1130325.36716,725187.59501,,,,,,,,
2023-03-06,1564.06,1583.19,1553.29,1565.17,4310239701.45,1447835355,1503346595,1437134359,1446619958,0.004558,0.00898,0.003352,0.005323,0.00364509,0.00718861,-0.00883048,0.00559504,,,,,64.88,35.12,1.85,61.92,38.08,1.63,52.9,47.1,1.12,796231.80039,819881.73927,1018581.13822,946415.73251,,,,,,,,
2023-03-07,1565.17,1584,1524,1561.29,6464483467.3418,1446619958,1503229457,1438131572,1460267756,0.005323,0.008217,0.000206,0.008192,0.00559504,0.01074464,-0.00126709,0.00843654,,,,,63.63,36.37,1.75,61.04,38.96,1.57,53.0,47.0,1.13,1849865.82346,1531784.40889,2742694.34099,1619808.77473,,,,,,,,
2023-03-08,1561.3,1570,1520,1531.82,6153914115.1611,1460267756,1559590768,1446881532,1530103550,0.008192,0.01,0.002919,0.009103,0.00843654,0.01695,0.00106296,0.00918789,,,,,63.06,36.94,1.71,60.9,39.1,1.56,53.48,46.52,1.15,2397812.41537,1003863.28705,3113957.6789,1040620.53947,,,,,,,,
2023-03-09,1531.81,1545.78,1402.8,1436.42,9821064979.2199,1530103550,1579664060,1309087076,1328468632,0.009103,0.01,-0.00889,-0.00827,0.00918789,0.01398587,-0.00476195,-0.00429204,,,,,63.88,36.12,1.77,62.86,37.14,1.69,53.83,46.17,1.17,5460979.14973,1821146.83949,9995244.74841,1947927.36744,,,,,,,,
2023-03-10,1436.42,1438.17,1367.51,1425.79,13887008913.0215,1328468632,1328668535,1163789120,1199096579,-0.00827,0.00407,-0.009648,0.002694,-0.00429204,0.00584743,-0.01268542,-0.00580333,,,,,65.39,34.61,1.89,65.42,34.58,1.89,52.5,47.5,1.11,4673311.56926,6556633.06367,6608132.7428,7685285.41901,,,,,,,,
2023-03-11,1425.8,1478,1407.48,1471.03,10335070617.5981,1199096579,1247396204,1159697742,1195655901,0.002694,0.009867,-0.008302,-0.001074,-0.00580333,0.01372847,-0.06037971,-0.03465807,,,,,63.22,36.78,1.72,62.36,37.64,1.66,51.54,48.46,1.06,3152072.41571,3881703.51016,4009006.6795,5758580.20216,,,,,,,,
2023-03-12,1471.03,1597.29,1446.65,1579.26,10288866887.8407,1195655901,1253949545,1136917469,1207764462,-0.001074,0.01,-0.007455,0.01,-0.03465807,0.00464568,-0.0594529,-0.0228912,,,,,56.27,43.73,1.29,55.58,44.42,1.25,51.43,48.57,1.06,2349608.53033,15417500.3179,2604796.76105,18557015.1281,,,,,,,,
2023-03-13,1579.26,1700,1564.18,1673.9,14409657713.0383,1207764462,1368583266,1200424225,1341069159,0.01,0.01,0.009243,0.01,-0.0228912,0.01829801,-0.02981408,0.01097037,,,,,52.8,47.2,1.12,51.37,48.63,1.06,52.43,47.57,1.1,4520787.95761,14475218.79766,5332262.83777,16469328.78461,,,,,,,,
2023-03-14,1673.91,1779.05,1655,1699.93,15495730331.753,1341069159,1451946636,1242289081,1297064403,0.01,0.034662,0.01,0.031866,0.01097037,0.03185689,-0.00792133,0.02997406,,,,,45.69,54.31,0.84,46.57,53.43,0.87,53.07,46.93,1.13,5421143.73361,8406853.75802,7778202.09904,11378696.15834,,,,,,,,
2023-03-15,1699.93,1718.34,1611.63,1649.81,12666398311.5704,1297064403,1350910416,1236636405,1241730038,0.031866,0.031866,0.01,0.01,0.02997406,0.03109786,0.00347596,0.00352602,,,,,49.09,50.91,0.96,50.4,49.6,1.02,55.03,44.97,1.22,8803353.14341,3048278.77499,12083002.55168,3463831.36073,,,,,,,,
2023-03-16,1649.82,1693,1632,1672.56,7617203878.0153,1241730038,1340922663,1236918215,1299711656,0.01,0.01,0.001627,0.005988,0.00352602,0.01129438,-0.00506409,0.00897431,,,,,53.54,46.46,1.15,54.1,45.9,1.18,54.03,45.97,1.18,2217536.13056,1423634.91998,2523645.78558,1723876.97224,,,,,,,,
2023-03-17,1672.57,1801.22,1661.57,1789.21,11583890150.0766,1299711656,1444735371,46368787,1444735371,0.005988,0.01,0.003415,0.01,0.00897431,0.01751883,0.00269818,0.01153334,,,,,53.02,46.98,1.13,52.44,47.56,1.1,54.61,45.39,1.2,3900049.87048,5734173.42871,5206673.49338,7740146.74583,,,,,,,,
2023-03-18,1789.21,1846.15,1745,1758.52,9841406036.4502,1444735371,1529145640,1400862368,1423104017,0.01,0.01,0.01,0.01,0.01153334,0.01679701,0.00417296,0.00819585,,,,,46.17,53.83,0.86,45.83,54.17,0.85,55.44,44.56,1.24,4092459.87278,5074230.34152,5448036.99677,5654276.93222,,,,,,,,
2023-03-19,1758.52,1841.96,1757.8,1779.99,8310701173.3343,1423104017,1555747848,1423104017,1448290682,0.01,0.01,0.01,0.01,0.00819585,0.0177928,0.00287963,0.00751265,,,,,46.09,53.91,0.86,48.28,51.72,0.93,55.88,44.12,1.27,2172530.79826,3853021.71528,3155130.81785,4551889.36284,,,,,,,,
2023-03-20,1779.98,1803.37,1722.1,1731.71,9477727675.7222,1448290682,1451113260,1338788549,1348242477,0.01,0.01,-0.000805,0.007015,0.00751265,0.01069138,-0.00128007,0.00856941,,,,,48.46,51.54,0.94,48.74,51.26,0.95,55.78,44.22,1.26,5643090.54201,1900794.99625,7505650.72086,2013660.09212,,,,,,,,
2023-03-21,1731.71,1836,1716,1800.14,10019781341.4241,1348242477,1594825046,1334693696,1498189035,0.007015,0.01,0.003544,0.005178,0.00856941,0.01163906,-0.01116389,0.0087296,,,,,52.0,48.0,1.08,52.4,47.6,1.1,56.47,43.53,1.3,2342021.50479,4050811.2995,2868213.88652,5023263.70622,,,,,,,,
2023-03-22,1800.13,1819.4,1709,1733.61,10708673869.8648,1498189035,1502729200,1357967030,1376914365,0.005178,0.008786,-0.000813,0.001095,0.0087296,0.01562775,-0.00317533,-0.00140214,,,,,48.66,51.34,0.95,48.99,51.01,0.96,55.51,44.49,1.25,4046692.05474,2853199.39141,5575306.7492,3139832.40676,,,,,,,,
2023-03-23,1733.61,1860,1728.5,1813.27,9324434844.3323,1376914365,1676896318,1362311136,1533862654,0.001095,0.01,0.001095,0.01,-0.00140214,0.0164,-0.00162909,0.01020448,,,,,54.99,45.01,1.22,54.79,45.21,1.21,54.34,45.66,1.19,1546678.52271,4831614.81578,1943925.50405,6723011.73422,,,,,,,,
2023-03-24,1813.26,1818.17,1720,1748.77,8679438085.0788,1533862654,1546797509,1324666009,1353969948,0.01,0.01,-0.012017,0.002006,0.01020448,0.01142894,-0.00807324,0.00258277,,,,,45.4,54.6,0.83,45.82,54.18,0.85,54.82,45.18,1.21,2675243.72963,1640476.37585,3722010.36229,1713971.5682,,,,,,,,
2023-03-25,1748.77,1763.7,1712.02,1741.02,4073582079.001,1353969948,1376967819,1300050957,1311164164,0.002006,0.004286,-0.005021,0.000832,0.00258277,0.00633235,-0.00655603,0.00259745,,,,,55.3,44.7,1.24,55.76,44.24,1.26,55.69,44.31,1.26,1435365.94727,869590.26638,2075793.9835,967126.39829,,,,,,,,
2023-03-26,1741.02,1800,1738.29,1772.63,5109352874.7277,1311164164,1375970494,1286280658,1302614193,0.000832,0.006516,-0.000179,0.001698,0.00259745,0.01208708,-0.00342761,0.00403756,,,,,56.37,43.63,1.29,55.15,44.85,1.23,54.17,45.83,1.18,381373.07015,1219634.85531,706127.92953,1760940.68406,,,,,,,,
2023-03-27,1772.63,1779.79,1684,1714.35,7455483430.2447,1302614193,1336571456,1278192569,1293102294,0.001698,0.00426,-0.001934,-0.001417,0.00403756,0.00403756,-0.00776845,0.00035166,,,,,52.57,47.43,1.11,51.39,48.61,1.06,53.92,46.08,1.17,3606054.82545,1236632.97856,5601828.78013,1297569.03885,,,,,,,,
2023-03-28,1714.34,1797.19,1700.55,1772.09,7259278871.9639,1293102294,1406769789,1266261877,1395587448,-0.001417,0.01,-0.001522,0.01,0.00035166,0.01171849,-0.00563444,0.00944816,,,,,57.89,42.11,1.38,57.59,42.41,1.36,52.96,47.04,1.13,1197421.2833,2360780.11664,1277058.71738,3083357.49664,,,,,,,,
2023-03-29,1772.11,1828.58,1771.66,1791.89,6711602107.6816,1395587448,1548195458,1395587448,1452488775,0.01,0.01,0.003904,0.005817,0.00944816,0.01448708,0.00464775,0.00780668,,,,,47.33,52.67,0.9,46.76,53.24,0.88,52.73,47.27,1.12,896189.74095,2273912.78324,1052168.15842,2764876.07775,,,,,,,,
2023-03-30,1791.89,1829.88,1760.84,1792.77,7462757526.2176,1452488775,1483681849,1352859223,1375522903,0.005817,0.007276,-0.002961,0.007193,0.00780668,0.01225034,-0.00279742,0.00825013,,,,,45.84,54.16,0.85,47.07,52.93,0.89,53.76,46.24,1.16,2056426.61279,1359137.13556,3057883.84485,1677015.63814,,,,,,,,
2023-03-31,1792.76,1848,1777,1820.81,7182875042.1318,1375522903,1716508481,1375522903,1665271888,0.007193,0.01,0.004857,0.01,0.00825013,0.01213322,0.00185417,0.00564266,,,,,48.69,51.31,0.95,49.36,50.64,0.98,53.77,46.23,1.16,1261323.89443,2686260.80149,1391344.61759,3416277.29034,,,,,,,,
2023-04-01,1820.81,1842.8,1805.5,1819.82,3052723793.2443,1665271888,1691797320,1620811161,1624534248,0.01,0.01,0.003998,0.003998,0.00564266,0.01091962,0.00340329,0.00532511,,,,,42.01,57.99,0.72,43.59,56.41,0.77,53.13,46.87,1.13,316889.69144,387627.50167,330382.97714,451432.58148,,,,,,,,
2023-04-02,1819.83,1824.6,1770,1793.56,3949686901.9,1624534248,1639156427,1513399969,1524948899,0.003998,0.009078,-0.004653,-0.002905,0.00532511,0.00590232,-0.00420919,0.00079885,,,,,43.73,56.27,0.78,45.54,54.46,0.84,53.64,46.36,1.16,4239265.06204,591634.75124,5263134.81329,597151.38896,,,,,,,,
2023-04-03,1793.55,1840,1761.25,1809.68,8135803111.8036,1524948899,1577831395,1394276109,1448873343,-0.002905,0.01,-0.00474,0.006312,0.00079885,0.00921526,-0.01060549,0.00207393,,,,,50.54,49.46,1.02,51.2,48.8,1.05,53.74,46.26,1.16,3216549.34973,4144826.2531,4183070.26723,5197081.1688,,,,,,,,
2023-04-04,1809.68,1895,1800.69,1869.11,7917870734.021,1448873343,1894302970,1445486758,1880535580,0.006312,0.01,0.002575,0.006973,0.00207393,0.0127163,-0.01256502,0.00406965,,,,,47.74,52.26,0.91,47.62,52.38,0.91,53.23,46.77,1.14,658113.39152,1871751.45586,714343.65499,2603421.99723,,,,,,,,
2023-04-05,1869.11,1945,1863.69,1907.48,8002313990.0608,1880535580,1968688110,1852695440,1897629987,0.006973,0.01,0.005011,0.005011,0.00406965,0.01082437,0.00128283,0.00146579,,,,,38.2,61.8,0.62,38.91,61.09,0.64,53.39,46.61,1.15,1366611.28481,1996790.93476,1567632.94404,2538546.31689,,,,,,,,
2023-04-06,1907.49,1908.84,1851.6,1871.33,5695520867.2317,1897629987,1899307002,1614041831,1622519166,0.005011,0.008196,-0.002824,0.002093,0.00146579,0.00506984,-0.01135777,0.00184486,,,,,42.65,57.35,0.74,42.62,57.38,0.74,54.93,45.07,1.22,1601478.96448,684711.88402,2174137.20517,698066.17874,,,,,,,,
2023-04-07,1871.34,1881.94,1840,1862.87,3892122805.3683,1622519166,1636376581,1572995112,1616062230,0.002093,0.009075,0.001717,0.003786,0.00184486,0.01050576,-0.00999524,0.00227872,,,,,51.58,48.42,1.07,51.05,48.95,1.04,54.63,45.37,1.2,788432.19921,452664.60659,876031.60831,584824.94161,,,,,,,,
2023-04-08,1862.88,1878.81,1846,1848.02,2670482847.9066,1616062230,1650602147,1598013950,1623348535,0.003786,0.004804,-0.000713,0.000793,0.00227872,0.01067707,-0.00688802,0.00063333,,,,,54.03,45.97,1.18,52.83,47.17,1.12,54.33,45.67,1.19,521097.32015,682233.92729,607780.02307,742215.29697,,,,,,,,
2023-04-09,1848.01,1873.7,1820.31,1857.84,4411909107.9395,1623348535,1626171407,1528021171,1530050534,0.000793,0.004477,-0.002896,0.003371,0.00063333,0.00681778,-0.00270961,0.00369543,,,,,55.1,44.9,1.23,53.51,46.49,1.15,54.11,45.89,1.18,538118.96267,766981.98134,947316.86929,1045061.59116,,,,,,,,
2023-04-10,1857.84,1919.12,1845.04,1908.9,5789716393.2677,1530050534,1647168847,1505397562,1618574976,0.003371,0.004697,-0.006001,0.002648,0.00369543,0.00807341,-0.00122713,0.00654393,,,,,54.56,45.44,1.2,52.68,47.32,1.11,53.79,46.21,1.16,1691552.10446,4368586.05245,1750363.15743,5070080.84123,,,,,,,,
2023-04-11,1908.91,1938,1880.67,1888.89,5992206133.0999,1618574976,1684815008,1549046510,1554763586,0.002648,0.009418,-0.000526,0.00108,0.00654393,0.01009401,0.00073795,0.00244282,,,,,45.9,54.1,0.85,44.72,55.28,0.81,53.02,46.98,1.13,1215752.8418,1870255.13769,1579797.11899,2743294.58819,,,,,,,,
2023-04-12,1888.89,1933,1850.38,1916.86,9820417751.7548,1554763586,1902872535,1501542367,1885716580,0.00108,0.01,-0.007397,0.01,0.00244282,0.00969021,-0.00662531,0.00954043,,,,,47.2,52.8,0.89,48.09,51.91,0.93,53.27,46.73,1.14,2395673.38007,2772908.51024,3164536.1027,3325818.73989,,,,,,,,
2023-04-13,1916.86,2025,1898.01,2011.8,11737773826.9805,1885716580,2460370838,1831175360,2417697801,0.01,0.01,0.01,0.01,0.00954043,0.01193572,0.00346347,0.00810547,,,,,41.74,58.26,0.72,42.34,57.66,0.73,52.13,47.87,1.09,577964.55869,3243830.41207,618922.43179,4894661.21395,,,,,,,,
2023-04-14,2011.8,2137.64,2009,2099.77,14466690923.6664,2417697801,2489125895,2163729450,2203052067,0.01,0.01,0.01,0.01,0.00810547,0.02026581,0.00414845,0.00909417,,,,,34.48,65.52,0.53,35.1,64.9,0.54,52.79,47.21,1.12,2542971.2475,5053421.86785,3119086.21825,6603829.80355,,,,,,,,
2023-04-15,2099.77,2113.28,2071,2091.2,5490214158.7058,2203052067,2327243204,2163728689,2251072603,0.01,0.01,0.01,0.01,0.00909417,0.01381678,0.0014018,0.01170802,,,,,41.72,58.28,0.72,42.11,57.89,0.73,54.08,45.92,1.18,638640.68856,627487.44184,879844.52866,645948.35013,,,,,,,,
2023-04-16,2091.2,2146.1,2072.4,2118.09,6115268423.1524,2251072603,2258076536,2163420257,2181766638,0.01,0.01,0.01,0.01,0.01170802,0.01535502,0.00589232,0.0116118,,,,,41.72,58.28,0.72,43.11,56.89,0.76,54.02,45.98,1.18,1094190.78325,3279525.53409,1741347.32223,3521724.19974,,,,,,,,
2023-04-17,2118.09,2120.64,2055.5,2074.49,7103095954.2561,2181766638,2194551429,2102294851,2106518685,0.01,0.01,0.01,0.01,0.0116118,0.01647462,0.0060783,0.00804714,,,,,43.26,56.74,0.76,43.32,56.68,0.76,54.01,45.99,1.17,1783000.5381,982044.18707,2918326.32407,1036305.31236,,,,,,,,
2023-04-18,2074.5,2126.63,2047.64,2103.29,7413254197.0293,2106518685,2175648336,2023720103,2046225528,0.01,0.01,0.01,0.01,0.00804714,0.01423845,0.00804714,0.01153007,,,,,47.4,52.6,0.9,47.95,52.05,0.92,54.28,45.72,1.19,2347170.32614,7359954.9608,3344141.36174,8017195.14639,,,,,,,,
2023-04-19,2103.29,2104.61,1921,1932.83,11406593371.464,2046225528,2056142114,1730617030,1734545711,0.01,0.01,-0.002205,0.006419,0.01153007,0.01535923,-0.00036611,0.00523851,,,,,48.29,51.71,0.93,46.61,53.39,0.87,54.03,45.97,1.18,5475419.8212,3159173.93139,9262542.27147,3342985.07516,,,,,,,,
2023-04-20,1932.83,1983.22,1905.75,1942.11,8731954907.1883,1734545711,1792865021,1659350745,1718722798,0.006419,0.01,-0.000094,0.008669,0.00523851,0.01671222,0.00189509,0.01319536,,,,,61.62,38.38,1.61,61.51,38.49,1.6,52.24,47.76,1.09,2963247.26526,1861082.9655,3610131.1167,2031017.80595,,,,,,,,
2023-04-21,1942.1,1956.82,1822.01,1848,10453635015.8473,1718722798,1753997180,1534179976,1562865564,0.008669,0.01,0.004793,0.005506,0.01319536,0.02116742,0.00306566,0.00996458,,,,,61.68,38.32,1.61,58.54,41.46,1.41,52.39,47.61,1.1,6210297.6607,1553443.67843,8946016.35976,1800700.58172,,,,,,,,
2023-04-22,1848.01,1886.5,1839.26,1873.39,4159734016.6664,1562865564,1598579818,1542321397,1587347133,0.005506,0.009303,-0.007719,-0.007022,0.00996458,0.01382396,-0.00634293,-0.00575547,,,,,62.58,37.42,1.67,61.67,38.33,1.61,52.49,47.51,1.11,634850.79613,1266933.9898,713016.60014,1399590.12756,,,,,,,,
2023-04-23,1873.4,1882.11,1833.3,1861.3,4883694629.6442,1587347133,1651339849,1550959701,1607603965,-0.007022,0.009795,-0.007874,0.009077,-0.00575547,0.01015292,-0.00791684,0.00975888,-0.00124238,0.01277912,-0.00379788,0.01200745,63.94,36.06,1.77,60.24,39.76,1.52,51.17,48.83,1.05,959682.0624,1034220.10946,1279521.90388,1197948.91949,,,,,,,,
2023-04-24,1861.3,1891.3,1806,1841.19,8559329760.8527,1607603965,1637815882,1554768903,1587871181,0.009077,0.01,0.000606,0.00844,0.00975888,0.01168073,0.00094669,0.00950081,0.01200745,0.01483906,-0.00027587,0.01235408,63.33,36.67,1.73,61.26,38.74,1.58,52.3,47.7,1.1,3802834.18774,1308212.067,5087830.53479,1552938.47694,,,,,,,,
2023-04-25,1841.19,1877.6,1797.98,1865.4,7632268353.342,1587871181,1647157961,1580296777,1627340784,0.00844,0.01,0.003853,0.003853,0.00950081,0.01174209,0.00191022,0.0041404,0.01235408,0.01385295,0.0018106,0.00194633,64.36,35.64,1.81,62.3,37.7,1.65,51.96,48.04,1.08,1714465.58183,2807795.48732,1900482.91818,3561385.09423,,,,,,,,
2023-04-26,1865.4,1964.7,1782.03,1865.02,13832386715.6066,1627340784,1760242510,1335091955,1391590312,0.003853,0.01,-0.00243,-0.002203,0.0041404,0.01768,-0.00213452,0.000537,0.00194633,0.02032,-0.00497143,-0.000304,61.5,38.5,1.6,59.69,40.31,1.48,52.42,47.58,1.1,5051189.47637,5944685.97686,8254521.3326,7822939.57173,,,,,,,,
2023-04-27,1865.03,1939.4,1858.55,1907.67,10425488727.4686,1391590312,1461813604,1388618510,1431889723,-0.002203,0.008695,-0.002441,0.008695,0.000537,0.008578,-0.005868,0.006376,-0.000304,0.00748,-0.009876,0.005742,60.86,39.14,1.56,59.64,40.36,1.48,52.79,47.21,1.12,2922014.11162,2846682.08248,3332191.28143,3589750.68568,,,,,,,,
2023-04-28,1907.68,1923.63,1873,1890.13,5966984393.0613,1431889723,1493676211,1423978472,1464322181,0.008695,0.01,0.004383,0.004383,0.006376,0.011688,-0.001823,0.004574,0.005742,0.011204,-0.001468,0.002283,55.87,44.13,1.27,54.83,45.17,1.21,53.74,46.26,1.16,1281246.22473,870295.04609,1416814.87973,884679.0886,,,,,,,,
2023-04-29,1890.13,1917.27,1881.1,1907.01,3028671221.3985,1464322181,1510946262,1449029908,1483921243,0.004383,0.007201,0.001353,0.006285,0.004574,0.009104,0.00069,0.005737,0.002283,0.008592,-0.001008,0.006037,59.89,40.11,1.49,58.91,41.09,1.43,54.34,45.66,1.19,414708.95319,624414.76379,436508.58368,798197.0468,,,,,,,,
2023-04-30,1907.01,1940,1863.9,1868.41,5678026346.8585,1483921243,1563318830,1452505492,1454917357,0.006285,0.01,-0.002585,-0.002585,0.005737,0.014367,-0.00184,0.000141,0.006037,0.013013,-0.002671,0.000338,58.91,41.09,1.43,57.66,42.34,1.36,54.46,45.54,1.2,1744567.03742,873627.6689,2305836.55481,1437411.94901,,,,,,,,
2023-05-01,1868.42,1885.56,1805.28,1829.97,6871728831.7392,1454917357,1544471448,1399796249,1509654549,-0.002585,0.01,-0.003937,0.009917,0.000141,0.016916,-0.008342,0.01413,0.000338,0.013147,-0.007172,0.010869,61.14,38.86,1.57,59.98,40.02,1.5,54.6,45.4,1.2,2249410.92055,918406.77138,3736110.30747,975069.21392,,,,,,,,
2023-05-02,1829.97,1882.6,1821.25,1869.2,5666252108.3788,1509654549,1579439835,1509432709,1542952046,0.009917,0.01,0.002317,0.009799,0.01413,0.017097,0.002909,0.002921,0.010869,0.012695,0.002904,0.003534,66.88,33.12,2.02,64.82,35.18,1.84,54.61,45.39,1.2,330528.84314,1263557.29706,342797.32194,1696100.00826,,,,,,,,
2023-05-03,1869.21,1917.29,1841.71,1904.74,7762173153.8938,1542952046,1574747720,1492779489,1540977594,0.009799,0.01,0.005433,0.01,0.002921,0.010421,0.000177,0.007814,0.003534,0.011605,-0.000019,0.005705,59.37,40.63,1.46,56.6,43.4,1.3,53.2,46.8,1.14,2129440.54982,5275210.29863,2504199.94202,6038607.79465,,,,,,,,
2023-05-04,1904.75,1918.61,1865.72,1876.13,4990048164.3826,1540977594,1611738821,1533568765,1546436823,0.01,0.01,0.003596,0.003596,0.007814,0.012678,0.003924,0.005646,0.005705,0.015091,0.004523,0.004533,55.45,44.55,1.25,54.2,45.8,1.18,55.22,44.78,1.23,1137371.88118,423371.05292,1792460.91089,649380.47538,,,,,,,,
2023-05-05,1876.14,2004.99,1874.8,1992.56,9793283935.3836,1546436823,1934784645,1519412132,1904309587,0.003596,0.01,0.000693,0.01,0.005646,0.021205,0.000637,0.008828,0.004533,0.023769,0.001391,0.009258,57.87,42.13,1.37,57.29,42.71,1.34,55.47,44.53,1.25,508792.63528,4188251.69867,604649.26554,5104341.78913,,,,,,,,
2023-05-06,1992.55,2023.66,1850,1895.29,9391662207.8809,1904309587,1920010599,1523025315,1607651247,0.01,0.01,-0.004718,0.001519,0.008828,0.016678,-0.008329,-0.000621,0.009258,0.013985,-0.004332,-0.00064,41.97,58.03,0.72,42.02,57.98,0.73,55.46,44.54,1.25,3207737.42098,977020.54396,4268412.61929,1191502.73322,,,,,,,,
2023-05-07,1895.3,1933,1865.32,1869.5,6096392818.0445,1607651247,1631273356,1472333275,1478962336,0.001519,0.005574,-0.000561,0.005371,-0.000621,0.010653,-0.003641,0.00613,-0.00064,0.011932,-0.003035,0.00625,62.23,37.77,1.65,61.32,38.68,1.59,55.04,44.96,1.22,2038569.64565,982229.10651,3150253.57239,1234245.27823,,,,,,,,
2023-05-08,1869.51,1883.17,1810,1846.54,9079925089.2904,1478962336,1591805915,1443195868,1531978539,0.005371,0.01,0.000564,0.009703,0.00613,0.008523,-0.017121,0.008105,0.00625,0.010457,-0.008333,0.009646,58.22,41.78,1.39,57.02,42.98,1.33,54.57,45.43,1.2,2885058.21783,3150504.11945,4294440.00696,3344292.35084,,,,,,,,
2023-05-09,1846.54,1863,1830.05,1845.8,4627711968.5748,1531978539,1578720132,1524656206,1547010211,0.009703,0.01,0.002202,0.002212,0.008105,0.009384,0.001125,0.005134,0.009646,0.010373,0.001885,0.004831,65.22,34.78,1.88,62.77,37.23,1.69,53.54,46.46,1.15,983125.70018,600654.77139,996784.71881,681947.80205,,,,,,,,
2023-05-10,1845.8,1887,1785.74,1839.86,9053972507.1486,1547010211,1627836129,1457238662,1525609152,0.002212,0.009357,-0.00557,-0.000459,0.005134,0.011221,-0.004491,0.001098,0.004831,0.013201,-0.00602,0.001228,64.16,35.84,1.79,61.76,38.24,1.62,54.02,45.98,1.18,11799729.03804,4768372.87377,12476782.76832,4942318.64776,,,,,,,,
2023-05-11,1839.86,1841.54,1768.42,1793.24,7238022249.9062,1525609152,1589617213,1518504819,1572137684,-0.000459,0.006588,-0.000459,0.001918,0.001098,0.007149,-0.001138,0.004935,0.001228,0.007556,-0.003928,0.004481,64.75,35.25,1.84,62.3,37.7,1.65,53.23,46.77,1.14,1966181.36657,1062752.316,3044921.47276,1184838.11675,,,,,,,,
2023-05-12,1793.25,1820,1735.37,1806.53,7570570897.6023,1572137684,1574945325,1457052980,1509257638,0.001918,0.003666,-0.002716,0.002858,0.004935,0.005363,-0.005172,0.004902,0.004481,0.005522,-0.008083,0.005417,66.55,33.45,1.99,64.87,35.13,1.85,53.76,46.24,1.16,2178504.54638,1288747.28861,3335490.13619,1536369.53147,,,,,,,,
2023-05-13,1806.53,1816.24,1784,1794.44,3228522657.0534,1509257638,1528842469,1490932985,1504279619,0.002858,0.004666,-0.001724,-0.000548,0.004902,0.005252,0.000531,0.002773,0.005417,0.005417,0.000115,0.001345,65.27,34.73,1.88,62.92,37.08,1.7,53.35,46.65,1.14,357305.48791,610916.70397,393998.79906,683624.93219,,,,,,,,
2023-05-14,1794.44,1825.27,1789.41,1798.25,3415537630.7818,1504279619,1541723393,1490175454,1510466206,-0.000548,0.007157,-0.007007,-0.001888,0.002773,0.008439,-0.005706,-0.00219,0.001345,0.01012,-0.005642,-0.001484,62.81,37.19,1.69,62.02,37.98,1.63,53.38,46.62,1.15,507927.05283,431888.18922,683307.50677,474480.76151,,,,,,,,
2023-05-15,1798.26,1848,1783.51,1815.56,5584428012.4608,1510466206,1552472619,1460142677,1460142677,-0.001888,0.000378,-0.003275,-0.00166,-0.00219,0.00644,-0.008604,0.000883,-0.001484,0.005983,-0.009034,-0.00043,63.71,36.29,1.76,61.82,38.18,1.62,53.25,46.75,1.14,965980.74065,1630721.01729,1149270.72869,2015101.63625,,,,,,,,
2023-05-16,1815.56,1832.93,1795,1823.53,4647961057.855,1460142677,1523943367,1460142677,1474048752,-0.00166,0.008722,-0.005729,0.008718,0.000883,0.008368,-0.006059,0.005978,-0.00043,0.007531,-0.004404,0.006145,60.18,39.82,1.51,59.02,40.98,1.44,53.19,46.81,1.14,1260611.28607,415788.45427,1333786.51689,617083.86343,,,,,,,,
2023-05-17,1823.52,1837.85,1781,1821.65,5698638495.0819,1474048752,1557328692,1464771462,1483911176,0.008718,0.009897,-0.001732,0.007664,0.005978,0.009533,-0.00803,0.005142,0.006145,0.011719,-0.004634,0.003784,58.88,41.12,1.43,57.82,42.18,1.37,52.9,47.1,1.12,892730.58057,1980430.06387,1084273.18824,2243723.88631,,,,,,,,
2023-05-18,1821.65,1831.46,1770,1799.69,5507828259.0912,1483911176,1527531257,1450722566,1465370648,0.007664,0.00934,0.000727,0.004796,0.005142,0.009291,0.002333,0.007492,0.003784,0.013153,0.003116,0.006434,59.96,40.04,1.5,59.19,40.81,1.45,53.04,46.96,1.13,3226095.02544,864442.22864,4324585.67191,927507.26514,,,,,,,,
2023-05-19,1799.69,1830,1795.72,1811.38,3879976446.7829,1465370648,1494264474,1441261775,1441748747,0.004796,0.01,0.002611,0.007979,0.007492,0.012422,0.002384,0.005142,0.006434,0.013347,-0.000071,0.005371,64.06,35.94,1.78,63.34,36.66,1.73,53.37,46.63,1.15,436471.34099,1042575.13814,457796.67146,1077447.39845,,,,,,,,
2023-05-20,1811.38,1828.88,1805.96,1818.59,1872600715.1458,1441748747,1477905426,1425754412,1442841092,0.007979,0.01,-0.002526,0.004221,0.005142,0.007933,-0.002418,0.004592,0.005371,0.00994,-0.005794,0.006002,60.82,39.18,1.55,59.61,40.39,1.48,53.7,46.3,1.16,146860.37857,466317.61809,146870.37857,481806.85712,,,,,,,,
2023-05-21,1818.59,1828.91,1794.45,1803.89,2530470511.1884,1442841092,1475089458,1442841092,1474313411,0.004221,0.00426,-0.001651,0.002386,0.004592,0.006885,-0.003053,0.00664,0.006002,0.008314,-0.003057,0.005591,59.89,40.11,1.49,58.71,41.29,1.42,53.57,46.43,1.15,547354.54869,282576.12383,573606.47641,296282.43263,,,,,,,,
2023-05-22,1803.9,1827.99,1790.76,1816.67,4114996250.3786,1474313411,1578218622,1459458955,1531966866,0.002386,0.01,0.00093,0.002758,0.00664,0.010558,0.001328,0.001699,0.005591,0.011856,-0.000159,0.001934,62.47,37.53,1.67,61.49,38.51,1.6,53.26,46.74,1.14,448809.22873,989377.02656,517253.24499,1221291.4081,,,,,,,,
2023-05-23,1816.68,1874.23,1814.25,1853.36,5428836553.0161,1531966866,1722646588,1528167289,1612847696,0.002758,0.01,0.002758,0.009078,0.001699,0.013128,0.001699,0.010751,0.001934,0.014786,0.001934,0.010888,59.15,40.85,1.45,57.65,42.35,1.36,53.33,46.67,1.14,582366.2812,1884872.60806,608586.01285,2272525.62389,,,,,,,,
2023-05-24,1853.37,1853.5,1775,1798.84,6525092258.855,1612847696,1612847696,1442485459,1542818140,0.009078,0.009602,-0.001415,0.001517,0.010751,0.011739,-0.002157,0.001255,0.010888,0.014106,-0.004057,-0.000476,53.68,46.32,1.16,52.43,47.57,1.1,54.09,45.91,1.18,2836382.40579,655103.08877,4056100.92915817,835737.30699657,,,,,,,,
2023-05-25,1798.84,1819.93,1758,1804.65,5185325441.2256,1542818140,1555051708,1465771606,1507688820,0.001517,0.01,-0.002264,0.01,0.001255,0.009299,0.001255,0.005821,-0.000476,0.011125,-0.001332,0.006184,67.0,33.0,2.03,65.3,34.7,1.88,53.26,46.74,1.14,1259087.17993,737253.39084,2581938.93263,949561.09007735,,,,,,,,
2023-05-26,1804.65,1837.93,1795.99,1826.81,3956641170.2736,1507688820,1569841544,1507116371,1550410804,0.01,0.01,-0.000708,0.006425,0.005821,0.005821,-0.002596,0.000212,0.006184,0.006184,-0.004219,0.001472,62.73,37.27,1.68,60.24,39.76,1.52,53.1,46.9,1.13,247143.03856,1149370.44698,263063.03856,1278049.3464388,,,,,,,,
2023-05-27,1826.81,1835.7,1810.63,1828.85,2181720433.1519,1550410804,1575153013,1507357374,1511583811,0.006425,0.006425,-0.003859,-0.00011,0.000212,0.006571,-0.006137,-0.00383,0.001472,0.009126,-0.005563,-0.005011,54.82,45.18,1.21,53.49,46.51,1.15,52.63,47.37,1.11,50927.15756,174862.41592,61256.03277,174872.81510216,,,,,,,,
2023-05-28,1828.85,1930,1822.31,1908.36,5415391317.1318,1511583811,1585240010,1487305647,1559447642,-0.00011,-0.00011,-0.00011,-0.00011,-0.00383,-0.00383,-0.00383,-0.00383,-0.005011,-0.005011,-0.005011,-0.005011,55.78,44.22,1.26,55.12,44.88,1.23,52.11,47.89,1.09,389841.22283,3007036.22459,418840.03938467,4328613.6769755,,,,,,,,
2023-05-29,1908.36,1928.2,1872,1891.5,4641960261.208,1584896253,1667371536,1573004342,1575252912,0.01,0.01,0.01,0.01,0.008947,0.018003,0.007574,0.011729,0.007029,0.018857,0.005976,0.012569,50.4,49.6,1.02,48.64,51.36,0.95,52.35,47.65,1.1,1490571.88812,880647.23702,1729953.36171823,928785.9334,,,,,,,,
2023-05-30,1891.51,1917,1880.02,1899.81,4200115940.3937,1575252912,1656501649,1556004486,1622088205,0.01,0.01,0.003686,0.007921,0.011729,0.012961,0.000542,0.011094,0.012569,0.014006,0.001541,0.009846,50.82,49.18,1.03,51.34,48.66,1.06,53.6,46.4,1.16,666557.00533,1254446.16435,687225.25417,1348130.336142,,,,,,,,
2023-05-31,1899.81,1906.57,1845,1872.84,4964865007.0975,1622088205,1627336632,1531448960,1587580274,0.007921,0.01,-0.000248,0.006717,0.011094,0.013918,0.001017,0.006837,0.009846,0.014888,-0.000437,0.006343,50.5,49.5,1.02,50.41,49.59,1.02,52.87,47.13,1.12,1118478.90305,208537.95138,2026188.161427,272529.47358,,,,,,,,
2023-06-01,1872.85,1889.61,1837.94,1860.59,4857143175.5877,1587580274,1589606429,1504031254,1526119383,0.006717,0.01,0.004706,0.004706,0.006837,0.017033,0.004228,0.007117,0.006343,0.015367,0.00383,0.005341,59.11,40.89,1.45,57.77,42.23,1.37,53.02,46.98,1.13,1752421.00124,438945.84301,2226148.61774,645944.76748714,,,,,,,,
2023-06-02,1860.59,1911,1846,1905.58,4992858027.7946,1526119383,1660922325,1508631776,1660922325,0.004706,0.01,0.003579,0.01,0.007117,0.01293,0.002724,0.008133,0.005341,0.011952,0.001981,0.007287,59.76,40.24,1.49,58.37,41.63,1.4,53.34,46.66,1.14,500582.3007,1006026.01617,616858.08596,1422420.13272864,,,,,,,,
2023-06-03,1905.59,1907.09,1878.5,1890.91,2427980059.8237,1660922325,1688650841,1599463469,1612384977,0.01,0.01,-0.001,0.002827,0.008133,0.009029,-0.001084,0.003681,0.007287,0.010691,-0.001686,0.003675,52.44,47.56,1.1,50.6,49.4,1.02,53.64,46.36,1.16,449087.0595,101702.58052,573438.28543228,103594.36132,,,,,,,,
2023-06-04,1890.9,1914.53,1883.19,1888.54,2939608159.0487,1612384977,1670640293,1605241862,1630530869,0.002827,0.008442,0.000294,0.000294,0.003681,0.009995,0.000683,0.005947,0.003675,0.009241,-0.000463,0.003349,53.99,46.01,1.17,53.67,46.33,1.16,53.48,46.52,1.15,395190.6045,228521.67958,592236.1322803,267844.9280194,,,,,,,,
2023-06-05,1888.54,1890.01,1775,1810.03,7795427361.021,1630530869,1690179463,1537780979,1592269694,0.000294,0.01,-0.006107,-0.004988,0.005947,0.01667,-0.010211,0.004858,0.003349,0.014079,-0.009397,0.001015,53.92,46.08,1.17,52.83,47.17,1.12,52.94,47.06,1.13,3731850.07191,1023012.08454,5609408.6957014,1187606.51855488,,,,,,,,
2023-06-06,1810.03,1898,1796,1883.26,7987210144.7564,1592269694,1625579903,1503312654,1504338729,-0.004988,0.01,-0.004988,0.01,0.004858,0.019684,-0.002534,0.010966,0.001015,0.011413,-0.005515,0.010647,67.99,32.01,2.12,67.06,32.94,2.04,52.13,47.87,1.09,6164515.16409,2810494.25173,6206691.53498555,3437052.9586391,,,,,,,,
2023-06-07,1883.26,1897.2,1820,1831.31,6871013691.1972,1504338729,1557886905,1387036305,1411420824,0.01,0.01,0.002466,0.006055,0.010966,0.011172,0.002012,0.006678,0.010647,0.015509,0.001897,0.006427,54.6,45.4,1.2,51.24,48.76,1.05,54.18,45.82,1.18,2825424.00498,1264491.60582,3164244.27959274,1431314.08886,,,,,,,,
2023-06-08,1831.32,1861.41,1827.42,1844.94,3381316557.315,1411420824,1457031175,1403501117,1424712494,0.006055,0.008386,0.004058,0.007276,0.006678,0.009954,0.001455,0.006533,0.006427,0.011856,0.000761,0.007437,60.96,39.04,1.56,60.31,39.69,1.52,54.19,45.81,1.18,733846.02341,611600.78492,742776.02341,731864.51737,,,,,,,,
2023-06-09,1844.93,1854.77,1825,1839.61,3552821832.1545,1424712494,1476603824,1401530514,1445938214,0.007276,0.008048,0.000153,0.00598,0.006533,0.011727,0.000937,0.00905,0.007437,0.012912,-0.001085,0.01004,60.87,39.13,1.56,58.19,41.81,1.39,54.06,45.94,1.18,1053724.91542,459226.64718,1152258.59997,470484.75012,,,,,,,,
2023-06-10,1839.61,1844.8,1712.08,1750.64,9774097719.5552,1445938214,1536022794,1412576545,1485735317,0.00598,0.01,-0.005272,0.001797,0.00905,0.010136,0.003199,0.004899,0.01004,0.013836,0.00122,0.004963,62.12,37.88,1.64,59.82,40.18,1.49,53.85,46.15,1.17,5530397.96866,6524601.12093,9375920.54478015,6723730.02879311,,,,,,,,
2023-06-11,1750.65,1778.36,1737.29,1751.8,3559919134.6041,1485735317,1536621696,1443679022,1452139255,0.001797,0.008126,0.001747,0.007802,0.004899,0.010263,-0.000207,0.003783,0.004963,0.011731,-0.000021,0.003018,69.31,30.69,2.26,66.83,33.17,2.02,52.33,47.67,1.1,721903.65751,1075836.05244,765822.30566,1349825.121638,,,,,,,,
2023-06-12,1751.8,1759.32,1717.5,1741.61,4546659513.6501,1452139255,1515509228,1427433221,1490806869,0.007802,0.01,0.001177,0.007468,0.003783,0.015028,0.001787,0.013259,0.003018,0.016133,0.00018,0.0106,66.63,33.37,2.0,63.36,36.64,1.73,52.75,47.25,1.12,1112385.54126,1408414.01724,1516564.1594943,1455742.98536,,,,,,,,
2023-06-13,1741.6,1766.53,1722.53,1739.24,5193391572.1775,1490806869,1499031585,1398521862,1492020239,0.007468,0.01,0.004858,0.009311,0.013259,0.017791,0.00113,0.012342,0.0106,0.017983,0.000318,0.010725,68.33,31.67,2.16,65.35,34.65,1.89,52.89,47.11,1.12,1066246.52046,1331911.73363,1534629.60269,1400463.651034,,,,,,,,
2023-06-14,1739.24,1749.65,1625.5,1650.18,6743167954.8041,1492020239,1558646791,1346798256,1399928671,0.009311,0.01,-0.007765,-0.007488,0.012342,0.015381,-0.003506,-0.003415,0.010725,0.016782,-0.004653,-0.004559,67.6,32.4,2.09,64.79,35.21,1.84,53.36,46.64,1.14,14207971.90437,933802.09463,15596556.56213411,960537.17362,,,,,,,,
2023-06-15,1650.19,1680,1625.56,1665.64,5417639692.2044,1399928671,1462115611,1375925610,1378893850,-0.007488,0.006127,-0.012589,-0.007932,-0.003415,0.009856,-0.009712,-0.000194,-0.004559,0.008348,-0.012449,-0.002589,70.99,29.01,2.45,69.82,30.18,2.31,51.98,48.02,1.08,1231692.91567,1335587.65227,1369647.67762974,1591617.80921,,,,,,,,
2023-06-16,1665.64,1730,1644.65,1717.31,5225963163.506,1378893850,1402111860,1302652526,1308583947,-0.007932,0.006778,-0.010607,0.006711,-0.000194,0.007768,-0.007847,0.004927,-0.002589,0.005546,-0.014105,0.001291,69.75,30.25,2.31,66.52,33.48,1.99,50.28,49.72,1.01,899159.54362,1260370.61098,951680.42839621,1563275.5698,,,,,,,,
2023-06-17,1717.31,1775,1713.38,1727.2,3756474279.0101,1308583947,1346629896,1286877219,1321352167,0.006711,0.01,-0.000777,-0.000719,0.004927,0.015517,-0.001208,0.001006,0.001291,0.020381,-0.003495,-0.001427,61.6,38.4,1.6,59.53,40.47,1.47,52.31,47.69,1.1,501993.98377,739641.21098,698498.48385588,979479.4691167,,,,,,,,
2023-06-18,1727.19,1747.5,1710.77,1719.99,2834954535.0271,1321352167,1369102272,1306565497,1318006444,-0.000719,0.007565,-0.002244,0.003487,0.001006,0.009098,-0.001757,0.005578,-0.001427,0.010768,-0.00411,0.005777,63.13,36.87,1.71,61.7,38.3,1.61,53.05,46.95,1.13,496783.57064,506248.7406,556101.02513,513606.85268,,,,,,,,
2023-06-19,1719.99,1753,1689.29,1736.21,4467229339.5264,1318006444,1367173176,1307116125,1323172451,0.003487,0.007458,-0.001645,0.003283,0.005578,0.009868,-0.000775,0.004335,0.005777,0.011075,-0.00022,0.003081,62.56,37.44,1.67,61.32,38.68,1.59,52.63,47.37,1.11,1034641.52402,1441484.06418,2218640.319003,1739292.80503,,,,,,,,
2023-06-20,1736.2,1796.84,1713.57,1791.37,6080885151.8953,1323172451,1375421207,1307649629,1354116730,0.003283,0.01,-0.00229,0.01,0.004335,0.006553,-0.001093,0.0032,0.003081,0.006384,-0.005384,0.001959,63.78,36.22,1.76,61.88,38.12,1.62,52.14,47.86,1.09,734097.40768,2474650.24933,763681.04314442,3505604.3678,,,,,,,,
2023-06-21,1791.37,1901.6,1786.56,1888.31,9829729823.7388,1354116730,1433306924,1299289047,1408146244,0.01,0.01,-0.001481,0.01,0.0032,0.011932,-0.00806,0.011684,0.001959,0.012843,-0.011182,0.012636,56.21,43.79,1.28,55.05,44.95,1.23,53.54,46.46,1.15,3489901.63767,7265734.53671,3660068.31215392,9012685.73674172,,,,,,,,
2023-06-22,1888.3,1933.7,1862,1871.36,5950893897.7312,1408146244,1449838640,1366406768,1387199864,0.01,0.01,0.01,0.01,0.011684,0.012337,0.00423,0.008965,0.012636,0.014931,0.002917,0.008977,51.66,48.34,1.07,51.23,48.77,1.05,54.16,45.84,1.18,1802516.72964,2175300.87731,2373266.64398733,2630857.1897588,,,,,,,,
2023-06-23,1871.37,1938.48,1859.96,1892.2,6452972251.9527,1387199864,1420890854,1349327787,1376881253,0.01,0.01,0.002234,0.01,0.008965,0.011182,0.003186,0.005969,0.008977,0.013536,0.004098,0.006979,50.89,49.11,1.04,52.77,47.23,1.12,55.38,44.62,1.24,1762848.46403,2617464.10153,2192439.24685593,3151851.443335,,,,,,,,
2023-06-24,1892.2,1905.6,1863,1874.48,3321937122.2318,1376881253,1429933034,1341793770,1352096776,0.01,0.01,0.000749,0.01,0.005969,0.00813,-0.001935,0.004582,0.006979,0.009716,-0.005509,0.007415,52.65,47.35,1.11,52.9,47.1,1.12,54.56,45.44,1.2,1541772.20216,1814553.16155,1595321.9263416,1855580.01704,,,,,,,,
2023-06-25,1874.47,1929.96,1867.84,1898.27,5289288684.3882,1352096776,1513891002,1345302135,1431079770,0.01,0.01,0.01,0.01,0.004582,0.011856,0.00268,0.00972,0.007415,0.012524,0.005048,0.010096,55.35,44.65,1.24,55.64,44.36,1.25,54.64,45.36,1.21,672145.86945,1453639.35781,746805.5964012,1765654.1188916,,,,,,,,
2023-06-26,1898.26,1909.32,1836,1858.14,6370398874.5053,1431079770,1460292252,1334226443,1382881135,0.01,0.01,-0.000858,0.004477,0.00972,0.012079,-0.001671,0.001454,0.010096,0.013945,-0.002805,0.001721,53.58,46.42,1.15,53.45,46.55,1.15,55.0,45.0,1.22,2543072.82568,1840379.52598,3702949.77921268,1986350.37364,,,,,,,,
2023-06-27,1858.14,1912.65,1854.14,1889.05,5297827265.1702,1382881135,1499225879,1348789733,1466156558,0.004477,0.01,0.000572,0.01,0.001454,0.010637,0.000737,0.009952,0.001721,0.00998,-0.002744,0.00991,60.07,39.93,1.5,59.67,40.33,1.48,54.26,45.74,1.19,665019.3692,2053213.96108,688916.90598839,2317279.66877676,,,,,,,,
2023-06-28,1889.05,1889.65,1811.89,1827.26,5721680792.6307,1466156558,1467643186,1339393651,1422456896,0.01,0.01,-0.00037,0.001497,0.009952,0.010911,0.000585,0.005964,0.00991,0.01249,-0.00413,0.005272,54.77,45.23,1.21,54.41,45.59,1.19,55.24,44.76,1.23,5691245.74627,432236.86331,7023308.04400684,455716.24591,,,,,,,,
2023-06-29,1827.26,1879.98,1827.02,1851.19,4161263603.1114,1422456896,1454147355,1364534754,1376414027,0.001497,0.01,-0.000195,0.003965,0.005964,0.015199,0.000964,0.009438,0.005272,0.015695,-0.001361,0.00842,64.04,35.96,1.78,64.0,36.0,1.78,53.17,46.83,1.14,453615.2945,2357957.73195,573489.15118162,2495908.2796,,,,,,,,
2023-06-30,1851.18,1947.31,1820,1933.41,11261999385.6208,1376414027,1619946106,1325035202,1612894558,0.003965,0.01,0.002292,0.01,0.009438,0.016044,0.003198,0.014579,0.00842,0.014518,0.001158,0.012796,60.78,39.22,1.55,59.6,40.4,1.48,53.9,46.1,1.17,3226396.79687,5288845.3511,4059146.47900232,7072805.66846192,,,,,,,,
2023-07-01,1933.42,1944.69,1908.55,1924.08,3044484767.4081,1612894558,1645530495,1547993802,1608825693,0.01,0.01,0.01,0.01,0.014579,0.014579,0.007497,0.01043,0.012796,0.012939,0.006322,0.009941,50.38,49.62,1.02,50.74,49.26,1.03,55.26,44.74,1.24,603593.38098,262265.67755,623295.03590844,334265.67755,,,,,,,,
2023-07-02,1924.08,1964,1883.55,1937.69,5000249366.2919,1608825693,1613556851,1465271412,1541142302,0.01,0.01,0.01,0.01,0.01043,0.012699,0.005717,0.01226,0.009941,0.012659,0.004192,0.012375,51.9,48.1,1.08,53.55,46.45,1.15,55.76,44.24,1.26,885903.45108,1424392.68968,1421908.673635,1704665.85256248,,,,,,,,
2023-07-03,1937.69,1978,1933.04,1955,5455726918.1896,1541142302,1775033689,1541142302,1671813239,0.01,0.01,0.01,0.01,0.01226,0.01661,0.004941,0.007213,0.012375,0.016537,0.006306,0.007783,52.77,47.23,1.12,53.32,46.68,1.14,56.22,43.78,1.28,663937.9933,1804211.24405,746224.23458421,2273740.2447,,,,,,,,
2023-07-04,1955,1967.91,1930.37,1935.72,3733153988.7365,1671813239,1675657569,1540403086,1549577910,0.01,0.01,0.01,0.01,0.007213,0.013837,0.000548,0.010023,0.007783,0.014977,0.002148,0.011908,50.92,49.08,1.04,52.09,47.91,1.09,55.52,44.48,1.25,1305635.00448,269150.54531,1432982.1450525,276770.54531,,,,,,,,
2023-07-05,1935.71,1942.22,1892.9,1909.88,4386390864.1524,1549577910,1559754408,1511223655,1521672529,0.01,0.01,0.01,0.01,0.010023,0.013424,0.003951,0.008946,0.011908,0.015184,0.004419,0.007385,53.43,46.57,1.15,54.63,45.37,1.2,56.59,43.41,1.3,1400053.73289,363417.96539,1708911.36752052,368095.93626,,,,,,,,
2023-07-06,1909.88,1957.94,1844.47,1844.82,8025239720.3838,1521672529,1552713344,1386530453,1400143691,0.01,0.01,0.002165,0.007565,0.008946,0.010878,-0.003956,0.007456,0.007385,0.011394,-0.003298,0.007591,58.78,41.22,1.43,58.46,41.54,1.41,56.01,43.99,1.27,5145838.96669,2719962.9236,6283567.11013098,3266656.02795,,,,,,,,
2023-07-07,1844.81,1877.51,1823.74,1870,3993651704.4011,1400143691,1463885688,1377783823,1407109021,0.007565,0.008114,-0.001832,0.003803,0.007456,0.01149,-0.006662,0.003623,0.007591,0.010667,-0.007651,0.003369,64.16,35.84,1.79,63.88,36.12,1.77,55.83,44.17,1.26,1132627.44046,604971.79384,1511993.6972395,638812.31348,,,,,,,,
2023-07-08,1870,1873.1,1841.28,1864.45,2127599275.2723,1407109021,1430450784,1391479137,1422626331,0.003803,0.007365,-0.00084,0.003188,0.003623,0.00739,-0.000003,0.005134,0.003369,0.007244,-0.003104,0.004816,65.14,34.86,1.87,62.86,37.14,1.69,54.62,45.38,1.2,420510.16471,482732.91368,471461.19560522,487034.83348,,,,,,,,
2023-07-09,1864.45,1878.98,1855.2,1861.81,2455983212.5039,1422626331,1451624326,1395048387,1405923295,0.003188,0.007439,-0.002002,0.002726,0.005134,0.008162,0.00225,0.005245,0.004816,0.008237,-0.000499,0.004322,65.98,34.02,1.94,64.71,35.29,1.83,54.65,45.35,1.21,244225.13563,635482.78146,284943.0206005,641848.269094,,,,,,,,
2023-07-10,1861.81,1904.96,1845.09,1879.34,4599947007.5112,1405923295,1476671377,1379886533,1413827520,0.002726,0.01,0.000284,0.009527,0.005245,0.010301,-0.000429,0.00762,0.004322,0.008549,0.000497,0.007128,64.58,35.42,1.82,63.27,36.73,1.72,54.77,45.23,1.21,1317059.38565,1757712.55597,1381131.98686279,1889089.3178808,,,,,,,,
2023-07-11,1879.35,1892.32,1861.1,1877.66,3168582817.8034,1413827520,1458924667,1413525606,1429389699,0.009527,0.009527,0.001554,0.008281,0.00762,0.010954,-0.001512,0.006572,0.007128,0.014087,-0.001305,0.005599,59.64,40.36,1.48,58.37,41.63,1.4,55.06,44.94,1.23,552609.80763,808228.06211,638421.3677094,862010.78314,,,,,,,,
2023-07-12,1877.66,1901.86,1863.15,1870.81,4739009613.9256,1429389699,1499571877,1414020627,1419835136,0.008281,0.01,-0.000878,-0.000798,0.006572,0.008775,-0.000508,0.000429,0.005599,0.009635,-0.000789,0.000616,61.33,38.67,1.59,60.06,39.94,1.5,55.02,44.98,1.22,1094003.22869,1126070.1289,1260499.14731,1241157.21951,,,,,,,,
2023-07-13,1870.82,2014.8,1861.59,2004.78,9872664086.6106,1419835136,1794605269,1409862045,1791171219,-0.000798,0.01,-0.010488,0.01,0.000429,0.014807,-0.003307,0.014774,0.000616,0.013888,-0.007978,0.013766,60.63,39.37,1.54,59.97,40.03,1.5,55.02,44.98,1.22,2523868.69059,7364864.22448,2609244.4751324,10586216.29319235,,,,,,,,
2023-07-14,2004.77,2031.28,1896.8,1936.74,8269315465.7,1791171219,1860936047,1391954521,1399924195,0.01,0.01,-0.000131,-0.000131,0.014774,0.016797,0.003212,0.003212,0.013766,0.018415,0.00077,0.00077,44.4,55.6,0.8,44.02,55.98,0.79,54.58,45.42,1.2,6521088.62324,2282989.80175,7518083.88665564,2749114.99013164,,,,,,,,
2023-07-15,1936.74,1945.89,1925.54,1930.4,2150364498.4573,1399924195,1472150600,1392056453,1464844071,-0.000131,0.01,-0.001124,0.005636,0.003212,0.011866,-0.004333,0.004035,0.00077,0.008876,-0.005199,0.004462,57.61,42.39,1.36,58.67,41.33,1.42,55.35,44.65,1.24,163640.85398,205283.33554,171320.85398,232116.12148,,,,,,,,
2023-07-16,1930.4,1942.78,1912.09,1920.97,2450220645.1791,1464844071,1481965026,1436704308,1436704308,0.005636,0.006873,0.002852,0.002852,0.004035,0.006105,-0.001477,0.003915,0.004462,0.006169,-0.000195,0.003226,57.45,42.55,1.35,56.94,43.06,1.32,54.68,45.32,1.21,1453026.97687,359923.62272,1533393.94543,369749.77338,,,,,,,,
2023-07-17,1920.97,1935.45,1872,1910.37,4857521365.6191,1436704308,1451170538,1389733121,1406657345,0.002852,0.00681,-0.000141,0.006714,0.003915,0.005766,-0.001785,0.005276,0.003226,0.008872,-0.001986,0.005407,58.04,41.96,1.38,57.26,42.74,1.34,55.24,44.76,1.23,3651182.85876,2192774.53501,4228596.32116597,2289492.75897785,,,,,,,,
2023-07-18,1910.37,1916.62,1875,1896.46,3773723644.5966,1406657345,1448525016,1403935637,1427052681,0.006714,0.009101,0.003922,0.006526,0.005276,0.008411,0.002029,0.005289,0.005407,0.010871,0.00043,0.004733,62.77,37.23,1.69,61.46,38.54,1.6,55.19,44.81,1.23,906487.34065,437508.16358,1207683.647297,449672.04978,,,,,,,,
2023-07-19,1896.47,1925,1881,1887.55,3896382676.1692,1427052681,1478352081,1420183712,1431893894,0.006526,0.01,-0.000235,-0.000235,0.005289,0.011698,-0.001443,-0.000573,0.004733,0.014692,-0.001484,-0.000208,63.15,36.85,1.71,62.39,37.61,1.66,54.76,45.24,1.21,1399540.00764,679922.15011,1517304.59886612,702244.02621,,,,,,,,
2023-07-20,1887.55,1928.81,1875.6,1890.56,5094833153.0897,1431893894,1506950622,1420338462,1422642992,-0.000235,0.01,-0.001513,0.001804,-0.000573,0.011663,-0.002861,0.004004,-0.000208,0.012157,-0.000228,0.004627,64.97,35.03,1.86,63.36,36.64,1.73,54.39,45.61,1.19,1174063.26099,1437757.22929,1367270.4584,1589129.0637052,,,,,,,,
2023-07-21,1890.56,1905.97,1883.42,1890.84,2693663746.4145,1422642992,1451147880,1407686051,1410877280,0.001804,0.009163,-0.000436,0.005813,0.004004,0.009165,-0.002693,0.0051,0.004627,0.00931,-0.003309,0.00411,66.27,33.73,1.97,63.94,36.06,1.77,54.22,45.78,1.18,612902.10154,2326345.8531,623138.50274,2328199.20374,,,,,,,,
2023-07-22,1890.84,1896.85,1835.39,1865.6,2154869154.0628,1410877280,1449061479,1400411553,1438284977,0.005813,0.00725,-0.000864,0.001578,0.0051,0.006401,-0.002389,0.001421,0.00411,0.007094,-0.00225,0.001683,65.18,34.82,1.87,63.53,36.47,1.74,54.65,45.35,1.21,433354.33229,140095.59134,620510.99596032,144595.59134,,,,,,,,
2023-07-23,1865.6,1904.57,1856.68,1887.86,2907676963.0918,1438284977,1445545433,1356547837,1369006810,0.001578,0.01,-0.002645,0.01,0.001421,0.008932,-0.005488,0.007017,0.001683,0.008603,-0.00366,0.007585,67.37,32.63,2.07,66.22,33.78,1.96,53.5,46.5,1.15,387379.98847,1453624.3502,413993.20733352,1637383.8082,,,,,,,,
2023-07-24,1887.85,1890.2,1829,1849.04,3919266179.8443,1369006810,1451965029,1344708025,1423627102,0.01,0.01,-0.001386,0.008437,0.007017,0.015749,-0.001091,0.007046,0.007585,0.019787,-0.001666,0.006728,64.46,35.54,1.81,62.52,37.48,1.67,54.51,45.49,1.2,4340744.69441,140162.3876,5224344.99214834,140166.08658,,,,,,,,
2023-07-25,1849.04,1868.54,1844.5,1856.91,2451832807.9607,1423627102,1427351237,1360444157,1382888695,0.008437,0.01,0.004362,0.009083,0.007046,0.010065,0.001192,0.006559,0.006728,0.010946,-0.000507,0.005757,68.49,31.51,2.17,67.14,32.86,2.04,54.23,45.77,1.19,201634.51392,386643.98388,201997.845,397090.77647,,,,,,,,
2023-07-26,1856.91,1887.79,1846.9,1870.98,3628384385.6994,1382888695,1428836508,1347540761,1411950519,0.009083,0.01,0.003178,0.01,0.006559,0.011493,0.002769,0.00448,0.005757,0.012417,0.001839,0.004082,65.42,34.58,1.89,63.43,36.57,1.73,54.9,45.1,1.22,544272.79285,1318303.41227,578694.16037024,2010058.83989,,,,,,,,
2023-07-27,1870.97,1885.57,1854,1860.28,2978855484.8229,1411950519,1501041972,1409102448,1447920894,0.01,0.01,0.001514,0.004933,0.00448,0.008483,-0.001272,0.006205,0.004082,0.008967,-0.003714,0.007882,62.25,37.75,1.65,60.42,39.58,1.53,55.72,44.28,1.26,663406.99744,325113.10704,779362.14465,325622.89654,,,,,,,,
2023-07-28,1860.29,1883.76,1855.57,1873.39,2576729403.1521,1447920894,1530690823,1429587334,1528091935,0.004933,0.01,0.002987,0.01,0.006205,0.011105,0.001303,0.009204,0.007882,0.00946,0.001761,0.007723,64.37,35.63,1.81,63.22,36.78,1.72,55.96,44.04,1.27,65060.12833,273159.79205,73150.12833,325821.90616,,,,,,,,
2023-07-29,1873.38,1886.19,1868.56,1879.85,1405661532.6148,1528091935,1534230222,1491387512,1531057053,0.01,0.01,0.00127,0.01,0.009204,0.009571,0.002515,0.00835,0.007723,0.008419,0.002441,0.007096,60.58,39.42,1.54,59.48,40.52,1.47,55.55,44.45,1.25,16376.52812,496208.1795,16376.52812,504194.3728,,,,,,,,
2023-07-30,1879.86,1885,1845.56,1860.76,2588400429.2477,1531057053,1539901194,1400057250,1427184487,0.01,0.01,-0.001339,0.000049,0.00835,0.009673,-0.001799,0.000227,0.007096,0.007096,-0.003318,0.001105,59.17,40.83,1.45,58.3,41.7,1.4,56.03,43.97,1.27,852780.51646,323337.82725,927737.6382316,335627.82725,,,,,,,,
2023-07-31,1860.77,1876.73,1850.08,1855.39,2648009198.6298,1427184487,1468016501,1414734846,1466575338,0.000049,0.00949,-0.000737,0.008062,0.000227,0.010129,-0.003198,0.009441,0.001105,0.012227,-0.000975,0.011771,64.62,35.38,1.83,63.66,36.34,1.75,55.8,44.2,1.26,1066114.28373,633025.50458,1070099.3027804,668295.32526,,,,,,,,
2023-08-01,1855.4,1875.87,1808.47,1873.05,5253762222.9812,1466575338,1520768443,1411751799,1437108434,0.008062,0.01,0.000048,0.01,0.009441,0.015774,-0.007034,0.013496,0.011771,0.017411,-0.009963,0.010395,66.73,33.27,2.01,64.9,35.1,1.85,55.61,44.39,1.25,1171263.52178,1593400.6999,2363201.80077799,1927795.53582,,,,,,,,
2023-08-02,1873.06,1879.27,1820,1839.07,4498598372.2386,1437108434,1456997869,1366752238,1436230327,0.01,0.01,0.01,0.01,0.013496,0.019036,0.008269,0.009177,0.010395,0.017906,0.002174,0.006452,65.14,34.86,1.87,63.49,36.51,1.74,55.72,44.28,1.26,1622970.57471,547313.9008,1950080.14564542,620076.6944,,,,,,,,
2023-08-03,1839.07,1858.9,1825,1834.69,3145297187.7933,1436230327,1458941113,1427019800,1436449780,0.01,0.01,0.01,0.01,0.009177,0.015475,0.006282,0.012306,0.006452,0.017704,0.002131,0.012678,69.32,30.68,2.26,68.87,31.13,2.21,56.87,43.13,1.32,670974.51181,446806.64098,716802.60243302,510467.62798,,,,,,,,
2023-08-04,1834.69,1851,1808.77,1829.4,3512140549.3266,1436449780,1448605210,1402302305,1418594496,0.01,0.01,0.003644,0.006861,0.012306,0.01472,0.005561,0.010665,0.012678,0.012678,0.002713,0.009043,68.26,31.74,2.15,66.43,33.57,1.98,56.87,43.13,1.32,1429036.22254,214140.577,1485038.45003,229472.77208,,,,,,,,
2023-08-05,1829.4,1838.62,1826.7,1835.5,1190327890.5519,1418594496,1439436468,1412898005,1419437501,0.006861,0.01,0.006859,0.01,0.010665,0.022922,0.006877,0.009873,0.009043,0.014505,0.004448,0.008983,70.26,29.74,2.36,68.46,31.54,2.17,56.55,43.45,1.3,171737.3683,134886.6103,179234.54328158,135119.86294,,,,,,,,
2023-08-06,1835.5,1838.6,1825,1829.38,1473035579.6177,1419437501,1465051420,1416397035,1448072346,0.01,0.01,0.003231,0.01,0.009873,0.014989,0.006052,0.013612,0.008983,0.011474,0.00568,0.010479,68.91,31.09,2.22,67.37,32.63,2.07,56.8,43.2,1.32,186572.51906,107881.80159,194722.51906,108238.06854,,,,,,,,
2023-08-07,1829.39,1846.86,1800,1828.18,4078587819.0823,1448072346,1549577502,1426840380,1534405216,0.01,0.01,0.006597,0.0067,0.013612,0.020138,0.010775,0.010814,0.010479,0.024663,0.009219,0.009257,69.64,30.36,2.29,67.84,32.16,2.11,56.42,43.58,1.3,1427924.80947,569533.93186,1979467.8446578,624251.73466,,,,,,,,
2023-08-08,1828.18,1878,1825.35,1855.36,4246702789.4617,1534405216,1539542560,1446301215,1474007467,0.0067,0.01,0.004751,0.01,0.010814,0.015045,0.001969,0.006175,0.009257,0.012028,-0.00255,0.004659,70.89,29.11,2.44,69.2,30.8,2.25,56.08,43.92,1.28,370539.51435,1973037.15872,446384.01893588,2228504.5593,,,,,,,,
2023-08-09,1855.36,1871.28,1845.18,1854.7,2608828367.4474,1474007467,1509474572,1464880014,1468859769,0.01,0.01,0.001268,0.008815,0.006175,0.013598,0.002176,0.011989,0.004659,0.013115,0.000845,0.011477,60.05,39.95,1.5,59.14,40.86,1.45,57.14,42.86,1.33,720879.18751,227307.58621,776587.81851,371926.97787113,,,,,,,,
2023-08-10,1854.69,1865.38,1844.81,1851.42,2206051376.0552,1468859769,1502197040,1454249280,1464962611,0.008815,0.01,0.00375,0.003769,0.011989,0.016253,0.006958,0.007042,0.011477,0.017111,0.004163,0.006799,62.33,37.67,1.66,62.08,37.92,1.64,56.73,43.27,1.31,292633.46333,364888.56072,352396.27525,368288.56072,,,,,,,,
2023-08-11,1851.43,1857.99,1834.52,1848.04,1994538364.149,1464962611,1467669030,1426037867,1428196108,0.003769,0.006253,0.000624,0.006253,0.007042,0.010318,0.00024,0.008328,0.006799,0.010726,-0.002849,0.009108,64.04,35.96,1.78,63.28,36.72,1.72,56.56,43.44,1.3,426708.11441,61438.45697,575340.18709,84818.45697,,,,,,,,
2023-08-12,1848.04,1853.02,1845.35,1849.14,833424957.2256,1428196108,1458017024,1426630322,1434099939,0.006253,0.009411,0.003897,0.005641,0.008328,0.008744,0.003727,0.008422,0.009108,0.009108,0.00098,0.007879,65.64,34.36,1.91,64.87,35.13,1.85,56.37,43.63,1.29,13372.77488,264346.99831,13757.40115,266556.99831,,,,,,,,
2023-08-13,1849.14,1861.93,1833.4,1840.09,1554669147.5662,1434099939,1460264076,1419355361,1440333686,0.005641,0.01,0.000832,0.01,0.008422,0.015779,0.002322,0.013142,0.007879,0.015554,0.001638,0.013142,65.81,34.19,1.93,65.03,34.97,1.86,56.22,43.78,1.28,994826.34972,488334.27963,1079224.72398,491703.69701,,,,,,,,
2023-08-14,1840.09,1855.86,1834.28,1844.81,2369924279.8663,1440333686,1474876764,1434281290,1450300097,0.01,0.01,0.003745,0.007579,0.013142,0.017971,0.006227,0.010486,0.013142,0.017862,0.000608,0.00782,67.73,32.27,2.1,66.54,33.46,1.99,56.76,43.24,1.31,754378.50479,396724.00885,801884.7444901,398804.00885,,,,,,,,
2023-08-15,1844.8,1846.75,1810.92,1828.28,2224006400.6024,1450300097,1547907039,1447068230,1544312443,0.007579,0.01,0.003995,0.007285,0.010486,0.020811,0.008884,0.012615,0.00782,0.014265,0.005721,0.013203,68.19,31.81,2.14,66.52,33.48,1.99,56.19,43.81,1.28,4393036.21572,229099.24331,4853339.08295017,245383.78955124,,,,,,,,
2023-08-16,1828.27,1830.87,1791.11,1807.19,2922219816.1406,1544312443,1580976807,1533883278,1577492625,0.007285,0.01,0.006619,0.01,0.012615,0.018577,0.009211,0.011246,0.013203,0.015529,0.008692,0.012548,71.22,28.78,2.48,69.89,30.11,2.32,56.06,43.94,1.28,1776670.29134,2365626.4478,2040198.34105628,2384043.71427,,,,,,,,
2023-08-17,1807.19,1809.66,1492.66,1681,10069593284.5968,1577492625,1626017185,1185193219,1327287501,0.01,0.01,-0.034219,-0.017748,0.011246,0.01474,-0.038168,-0.027314,0.012548,0.018803,-0.042436,-0.03195,71.75,28.25,2.54,70.29,29.71,2.37,56.46,43.54,1.3,10338825.29706,3680132.10971,70590319.72377828,5043349.51268671,,,,,,,,
2023-08-18,1681,1698.98,1638.48,1660.76,4956722775.9977,1327287501,1338941201,1154182742,1154778848,-0.017748,0.01,-0.017748,-0.00458,-0.027314,0.009738,-0.027314,-0.000854,-0.03195,0.011025,-0.03195,-0.002135,67.4,32.6,2.07,67.29,32.71,2.06,48.35,51.65,0.94,1504493.28752,1827373.36568,1850443.51299,2031206.76379208,,,,,,,,
2023-08-19,1660.76,1696.14,1653.36,1668.69,2295511190.7435,1154778848,1155008175,1057193521,1057877461,-0.00458,-0.004466,-0.011521,-0.011486,-0.000854,0.00142,-0.00923,-0.006446,-0.002135,-0.001547,-0.014265,-0.010703,67.34,32.66,2.06,66.39,33.61,1.98,50.51,49.49,1.02,510422.30208,721131.87044,695076.32805,886353.28771533,,,,,,,,
2023-08-20,1668.7,1694.36,1660.22,1684.16,1950618000.9483,1057877461,1102714037,1054209441,1096018381,-0.011486,-0.000366,-0.013515,-0.00401,-0.006446,0.004065,-0.008676,-0.001179,-0.010703,0.004702,-0.012305,-0.003291,68.42,31.58,2.17,67.2,32.8,2.05,52.66,47.34,1.11,165610.25509,584666.74397,176644.78866264,618590.5689,,,,,,,,
2023-08-21,1684.15,1687.78,1647.22,1666.79,2858975001.5242,1096018381,1110239973,1059549442,1063770955,-0.00401,0.004022,-0.004969,0.003645,-0.001179,0.003751,-0.007399,0.002682,-0.003291,0.004387,-0.008399,0.002542,66.85,33.15,2.02,65.83,34.17,1.93,53.02,46.98,1.13,544841.73377,643493.95029,765197.6933,815671.05776,,,,,,,,
2023-08-22,1666.8,1668.57,1575,1634.5,4297253120.1092,1063770955,1085103166,997123573,999333485,0.003645,0.003952,-0.007256,-0.002123,0.002682,0.003441,-0.005665,-0.001424,0.002542,0.003838,-0.006855,-0.002845,67.43,32.57,2.07,67.01,32.99,2.03,53.22,46.78,1.14,2143687.75677,819223.97124,3654972.23156101,870796.93066,,,,,,,,
2023-08-23,1634.49,1703.85,1628.5,1678.8,4667997731.2538,999333485,1054814311,987503080,1015221825,-0.002123,0.00665,-0.003274,0.002611,-0.001424,0.005437,-0.006549,0.001966,-0.002845,0.004917,-0.006421,0.002074,69.77,30.23,2.31,69.06,30.94,2.23,52.24,47.76,1.09,923873.62043,4593328.35244,963326.69256,4908325.8045843,,,,,,,,
2023-08-24,1678.79,1682.88,1631.66,1660.22,2884187737.8246,1015221825,1028313062,986148238,988041009,0.002611,0.00284,-0.003917,-0.002698,0.001966,0.003198,-0.005692,-0.001889,0.002074,0.003347,-0.006728,-0.002094,64.03,35.97,1.78,63.53,36.47,1.74,52.69,47.31,1.11,1183888.47552,284614.42138,1442093.45263041,302701.43609,,,,,,,,
2023-08-25,1660.23,1676.73,1634.43,1653.24,3043876522.6297,988041009,1038864644,982520825,995940071,-0.002698,0.003477,-0.004539,0.003477,-0.001889,0.004365,-0.006541,0.002547,-0.002094,0.005213,-0.008231,0.002746,67.81,32.19,2.11,67.11,32.89,2.04,52.25,47.75,1.09,954308.15598,953363.48867,1056147.47321,1074835.66793,,,,,,,,
2023-08-26,1653.25,1654.77,1643.01,1646.28,824120366.8266,995940071,998715701,984610066,991444436,0.003477,0.00412,-0.007395,0.00038,0.002547,0.002547,-0.00346,0.00177,0.002746,0.003876,-0.006644,0.000883,67.21,32.79,2.05,66.47,33.53,1.98,52.15,47.85,1.09,27617.66972,31880.26785,27677.66972,31880.26785,,,,,,,,
2023-08-27,1646.29,1659.57,1645.38,1657.59,1086302322.5367,991444436,1006961561,986831017,1002452506,0.00038,0.002926,-0.001373,-0.000235,0.00177,0.004968,-0.00144,0.001932,0.000883,0.005243,-0.003704,-0.000772,67.62,32.38,2.09,66.77,33.23,2.01,51.38,48.62,1.06,66422.2475,143570.7718,77538.1862,160368.34315,,,,,,,,
2023-08-28,1657.59,1663.88,1618,1652.51,2751889919.566,1002452506,1022182337,990027272,997442902,-0.000235,0.006554,-0.006051,0.003128,0.001932,0.00773,-0.003926,0.003504,-0.000772,0.00926,-0.00481,0.003446,67.05,32.95,2.04,66.17,33.83,1.96,51.4,48.6,1.06,775287.94432,473302.0908,1015816.25683858,521936.42894,,,,,,,,
2023-08-29,1652.5,1747.15,1639.01,1728.51,5922298873.5371,997442902,1130848763,989254158,1098466772,0.003128,0.008324,-0.01273,0.007466,0.003504,0.006356,-0.003526,0.000555,0.003446,0.009424,-0.005045,0.000105,67.12,32.88,2.04,66.61,33.39,2.0,51.52,48.48,1.06,1576169.77125,4632216.38863,1631340.61212944,6426813.3614708,,,,,,,,
2023-08-30,1728.52,1730.37,1688,1704.39,2633147806.555,1098466772,1098466772,1038939715,1058925603,0.007466,0.007515,0.003529,0.00365,0.000555,0.00709,-0.001538,0.002136,0.000105,0.007878,0.000105,0.002952,56.95,43.05,1.32,57.3,42.7,1.34,52.42,47.58,1.1,1156066.80742,235373.595,1188838.88603515,255314.046091,,,,,,,,
2023-08-31,1704.39,1730,1628.3,1645.27,4174430140.0433,1058925603,1063506399,959298248,973013336,0.00365,0.006219,0.000856,0.003556,0.002136,0.005238,-0.003484,0.002491,0.002952,0.006057,-0.00171,0.00278,56.95,43.05,1.32,57.3,42.7,1.34,52.42,47.58,1.1,4590081.11154,549913.7877,5314285.86021744,574773.76698716,,,,,,,,
2023-09-01,1645.26,1653.89,1601.22,1628.19,3406667604.858,973013336,1004459861,931561055,945064301,0.003556,0.003921,-0.002901,0.000802,0.002491,0.005889,-0.003213,0.002254,0.00278,0.005998,-0.002794,0.001909,68.61,31.39,2.19,68.26,31.74,2.15,52.67,47.33,1.11,1951105.23913,1020474.70202,3121667.05905672,1296916.27853,,,,,,,,
2023-09-02,1628.2,1644.99,1627.05,1636.24,1233123814.0337,945064301,956752254,930567292,936685940,0.000802,0.001472,-0.005737,0.001347,0.002254,0.00322,-0.003206,0.002636,0.001909,0.004199,-0.004915,0.002616,69.72,30.28,2.3,68.27,31.73,2.15,52.07,47.93,1.09,277763.90218,141486.45004,282164.88469,163527.16411,,,,,,,,
2023-09-03,1636.24,1648.24,1623.93,1635.02,1371255502.7755,936685940,956440453,921531474,923696091,0.001347,0.002543,-0.008537,-0.000062,0.002636,0.004427,-0.009414,0.0002,0.002616,0.00525,-0.008261,-0.001158,68.84,31.16,2.21,67.39,32.61,2.07,51.84,48.16,1.08,444545.57685,630075.00595,445711.66685,671368.41099,,,,,,,,
2023-09-04,1635.03,1644.5,1614.76,1630.09,1772994173.0904,923696091,952849327,922643144,938583031,-0.000062,0.003126,-0.007881,0.003126,0.0002,0.003695,-0.003518,0.002476,-0.001158,0.00342,-0.004512,0.001919,68.47,31.53,2.17,67.11,32.89,2.04,51.89,48.11,1.08,754126.67275,235963.71676,909843.58723,236003.52676,,,,,,,,
2023-09-05,1630.08,1648,1608.45,1633.63,2353450880.4914,938583031,978854403,932171783,975416617,0.003126,0.00484,-0.001292,0.002883,0.002476,0.005476,-0.00274,0.002387,0.001919,0.004329,-0.004158,0.003272,69.33,30.67,2.26,68.02,31.98,2.13,51.88,48.12,1.08,1063349.27842,1001262.25513,1104152.64004,1201496.3128225,,,,,,,,
2023-09-06,1633.63,1680,1606.74,1632.33,2997558001.5604,975416617,1012581411,961363913,980022324,0.002883,0.007267,-0.003506,0.004541,0.002387,0.008355,-0.010289,0.008223,0.003272,0.008882,-0.011999,0.008019,68.87,31.13,2.21,67.89,32.11,2.11,51.23,48.77,1.05,527449.66576,640265.1904,581943.1347831,895104.65369527,,,,,,,,
2023-09-07,1632.33,1659.7,1622.61,1647.27,2572833662.9254,980022324,1007057657,961960531,1002268080,0.004541,0.009499,0.00109,0.005629,0.008223,0.009567,0.002345,0.005187,0.008019,0.011534,0.00357,0.003993,69.75,30.25,2.31,68.53,31.47,2.18,51.36,48.64,1.06,123054.36178,1054598.37616,146062.58535353,1081888.46474,,,,,,,,
2023-09-08,1647.25,1658.77,1615,1635.78,2422301022.0731,1002268080,1014561466,964924318,994037469,0.005629,0.006254,0.000148,0.004991,0.005187,0.005187,-0.002746,0.002355,0.003993,0.005379,-0.007042,0.002814,66.55,33.45,1.99,66.09,33.91,1.95,52.37,47.63,1.1,765476.85873,246090.24608,955045.06225,268946.43652,,,,,,,,
2023-09-09,1635.77,1636.92,1629,1634.8,671640260.1032,994037469,1005009393,989152327,1003203397,0.004991,0.005205,0.001582,0.003947,0.002355,0.005663,-0.001377,0.003724,0.002814,0.004578,-0.002423,0.003342,68.28,31.72,2.15,67.82,32.18,2.11,52.07,47.93,1.09,52518.81583,22565.41309,52518.81583,22565.41309,,,,,,,,
2023-09-10,1634.81,1635.05,1590,1616.47,2479589397.6998,1003203397,1014497884,971759595,984107108,0.003947,0.005491,-0.000825,0.004838,0.003724,0.005027,-0.003296,0.004373,0.003342,0.00573,-0.00266,0.004645,67.33,32.67,2.06,66.78,33.22,2.01,52.17,47.83,1.09,725129.79564,193995.76395,868395.63336137,361946.08001,,,,,,,,
2023-09-11,1616.46,1618.35,1528.61,1551.03,5152732477.5806,984107108,1069741513,972607325,1048757139,0.004838,0.005953,-0.005384,-0.004991,0.004373,0.006905,-0.006081,-0.002613,0.004645,0.00729,-0.008733,-0.002386,69.86,30.14,2.32,68.78,31.22,2.2,51.91,48.09,1.08,2583076.20539,982145.66437,3596407.9384991,989617.35298,,,,,,,,
2023-09-12,1551.02,1626.78,1548.7,1592.29,4756470070.9701,1048757139,1074494110,1035793108,1037180046,-0.004991,0.003249,-0.00529,0.001924,-0.002613,0.002608,-0.008859,-0.000749,-0.002386,0.002485,-0.007828,-0.000428,71.05,28.95,2.45,70.15,29.85,2.35,50.44,49.56,1.02,1298177.91709,2278813.0618,1480654.433339,3007974.0866568,,,,,,,,
2023-09-13,1592.29,1620,1580.46,1606.68,2989407844.716,1037180046,1078293513,1012318490,1069864597,0.001924,0.004536,-0.00363,-0.003586,-0.000749,0.004188,-0.01447,-0.004441,-0.000428,0.006884,-0.016749,-0.004763,66.86,33.14,2.02,65.63,34.37,1.91,50.12,49.88,1.01,1371383.4386,2568861.14468,1379815.07887,2600255.60517,,,,,,,,
2023-09-14,1606.69,1644.45,1606.02,1625.65,3445036969.6286,1069864597,1097956170,1047033008,1081557582,-0.003586,0.007344,-0.004295,0.000803,-0.004441,0.006738,-0.009751,-0.002847,-0.004763,0.007679,-0.00886,-0.003192,65.83,34.17,1.93,65.31,34.69,1.88,50.05,49.95,1.0,518618.4249,838996.03041,533168.36229292,962175.91129178,,,,,,,,
2023-09-15,1625.65,1653.91,1610,1640.67,2324102812.1684,1081557582,1101386205,1057682084,1099192390,0.000803,0.01,-0.004595,0.01,-0.002847,0.00638,-0.005499,0.00554,-0.003192,0.008229,-0.006062,0.007297,62.23,37.77,1.65,62.31,37.69,1.65,50.56,49.44,1.02,331409.8653,854381.63007,368878.35040188,964451.22783,,,,,,,,
2023-09-16,1640.66,1652.97,1630.37,1633.68,1275526426.8207,1099192390,1116434523,1073449160,1075287356,0.01,0.01,-0.001091,0.002283,0.00554,0.006012,-0.00411,-0.000386,0.007297,0.007297,-0.004449,0.000769,61.0,39.0,1.56,61.3,38.7,1.58,51.58,48.42,1.07,306481.7908,173425.39552,308411.7908,210703.46035,,,,,,,,
2023-09-17,1633.68,1634.43,1610.81,1621.62,1536971338.9214,1075287356,1080219096,1029802817,1044200160,0.002283,0.00427,-0.00123,0.000609,-0.000386,0.00476,-0.004379,-0.000486,0.000769,0.005607,-0.00741,0.000875,62.61,37.39,1.68,63.19,36.81,1.72,51.44,48.56,1.06,1371730.88412,70906.19087,1469320.8066,70948.38523,,,,,,,,
2023-09-18,1621.63,1668.64,1598.58,1635.63,3889763909.5656,1044200160,1127634970,1033422898,1092859264,0.000609,0.004177,-0.001268,-0.001268,-0.000486,0.004468,-0.003847,0.000958,0.000875,0.006548,-0.002851,0.00071,65.62,34.38,1.91,65.32,34.68,1.88,51.09,48.91,1.05,1009703.50701,1288578.50401,1180325.37474568,1537359.86492,,,,,,,,
2023-09-19,1635.63,1660.69,1625.02,1642.49,2919971033.0083,1092859264,1102740541,1058418421,1069586880,-0.001268,0.004819,-0.003323,0.004614,0.000958,0.007451,-0.003051,0.003752,0.00071,0.006231,-0.00443,0.004982,62.12,37.88,1.64,62.44,37.56,1.66,50.86,49.14,1.04,915080.52331,3155945.93959,1045706.90689461,3216171.61663,,,,,,,,
2023-09-20,1642.48,1648.68,1602,1621.6,3048153519.2589,1069586880,1089720188,1032984401,1067140697,0.004614,0.006205,0.000356,0.003784,0.003752,0.004838,-0.003809,0.002209,0.004982,0.007547,-0.003777,0.001932,63.21,36.79,1.72,63.09,36.91,1.71,50.58,49.42,1.02,1767831.72008,728435.79918,2028801.44150536,772599.36464,,,,,,,,
2023-09-21,1621.6,1624.81,1565.5,1583,3270921338.5605,1067140697,1107938445,1063754113,1089057721,0.003784,0.008114,-0.001668,0.00229,0.002209,0.007576,-0.00272,0.002142,0.001932,0.00879,-0.007418,0.000373,68.9,31.1,2.22,68.41,31.59,2.17,50.46,49.54,1.02,1494543.81499,191238.45637,3313306.85846679,192340.467444,,,,,,,,
2023-09-22,1583,1602.28,1575.46,1592.28,1785915866.4689,1089057721,1099506384,1067159961,1073492909,0.00229,0.003854,0.000518,0.002837,0.002142,0.005644,-0.000732,0.00439,0.000373,0.005301,-0.003719,0.005036,71.29,28.71,2.48,70.61,29.39,2.4,50.76,49.24,1.03,685629.55086,229276.81552,700810.5185,233020.85274,,,,,,,,
2023-09-23,1592.28,1597.6,1586.53,1592.97,816248297.9304,1073492909,1103336853,1073492909,1100660473,0.002837,0.004482,-0.001415,0.002994,0.00439,0.005009,-0.002791,0.004098,0.005036,0.005662,-0.002534,0.003563,70.46,29.54,2.39,69.36,30.64,2.26,50.54,49.46,1.02,32276.1747,116658.36554,32276.1747,116658.36554,,,,,,,,
2023-09-24,1592.97,1600.95,1568.28,1579.99,1404542353.8184,1100660473,1109287364,1080757765,1091733821,0.002994,0.006209,-0.001153,0.00288,0.004098,0.005299,-0.005249,0.000516,0.003563,0.006501,-0.003879,0.001982,69.92,30.08,2.32,69.12,30.88,2.24,50.56,49.44,1.02,601620.83179,226903.03957,751311.36465,227703.03957,,,,,,,,
2023-09-25,1579.98,1597.13,1562,1587.69,2566131601.189,1091733821,1148723161,1070325613,1141169869,0.00288,0.009713,0.00064,0.006509,0.000516,0.009465,-0.001272,0.006396,0.001982,0.010506,-0.001078,0.005478,71.04,28.96,2.45,69.97,30.03,2.33,50.76,49.24,1.03,1306255.10231,1443574.69521,1388599.48215736,1861999.5481279,,,,,,,,
2023-09-26,1587.68,1599.4,1578.61,1593.3,1884662561.7233,1141169869,1170543664,1132155427,1147654180,0.006509,0.01,0.000613,0.01,0.006396,0.007932,0.002849,0.007493,0.005478,0.008657,0.000174,0.006301,70.13,29.87,2.35,68.97,31.03,2.22,51.12,48.88,1.05,440679.68546,421645.61862,441238.09992,425604.95810264,,,,,,,,
2023-09-27,1593.3,1633.98,1582.64,1597.89,3703008520.5346,1147654180,1218910675,1085863387,1097573481,0.01,0.01,0.000012,0.000785,0.007493,0.009207,0.002839,0.004666,0.006301,0.008391,0.00085,0.001745,70.01,29.99,2.33,69.31,30.69,2.26,51.86,48.14,1.08,2245235.24082,2603456.30788,2402723.74579,3173383.92234689,,,,,,,,
2023-09-28,1597.89,1668,1597.17,1652.13,4633457063.7277,1097573481,1257116316,1093177556,1220258389,0.000785,0.004868,-0.002095,-0.000393,0.004666,0.009669,-0.004133,-0.00002,0.001745,0.01054,-0.005441,-0.001738,68.92,31.08,2.22,68.18,31.82,2.14,52.25,47.75,1.09,710129.30685,2499981.84431,743904.43822546,3375227.26417523,,,,,,,,
2023-09-29,1652.13,1687.65,1647.5,1666.61,3329510531.6387,1220258389,1263020920,1203183908,1218335342,-0.000393,0.004546,-0.002147,0.000907,-0.00002,0.005417,-0.001221,0.000579,-0.001738,0.003844,-0.003263,0.001029,55.88,44.12,1.27,57.03,42.97,1.33,52.36,47.64,1.1,809563.92027,1363469.89269,959740.79483,1579334.89821908,,,,,,,,
2023-09-30,1666.61,1694.11,1665.27,1670.18,1783654589.3718,1218335342,1316502750,1218061476,1249691362,0.000907,0.001748,-0.003185,-0.001311,0.000579,0.006173,-0.002871,-0.00088,0.001029,0.007322,-0.005578,0.000247,55.99,44.01,1.27,57.21,42.79,1.34,52.1,47.9,1.09,89280.84617,878602.03442,100135.84408,915133.9513312,,,,,,,,
2023-10-01,1670.17,1780,1666.69,1733.39,2997173870.8762,1249691362,1292872405,1233206076,1242884110,-0.001311,0.01,-0.001311,0.01,-0.00088,0.006146,-0.003049,0.006068,0.000247,0.007207,-0.003321,0.007109,56.61,43.39,1.31,57.67,42.33,1.36,51.77,48.23,1.07,427352.42473,2373208.89858,578108.96967,2931167.264528,,,,,,,,
2023-10-02,1733.4,1743.99,1619.99,1661.49,5329827651.5187,1242884110,1299571605,1113387859,1129916834,0.01,0.01,-0.000785,0.000095,0.006068,0.01018,-0.002215,0.001467,0.007109,0.011,-0.001661,0.000445,55.0,45.0,1.22,55.23,44.77,1.23,53.46,46.54,1.15,2936287.14634,736539.3481,3583938.30218487,806228.90374,,,,,,,,
2023-10-03,1661.49,1669.94,1642.03,1656.18,2606708107.7367,1129916834,1158538588,1122908539,1127621817,0.000095,0.007674,-0.000171,0.004587,0.001467,0.007701,0.000196,0.004167,0.000445,0.00857,-0.001659,0.003479,63.77,36.23,1.76,64.87,35.13,1.85,53.19,46.81,1.14,815184.77462,489647.82703,868396.08449588,498684.20441,,,,,,,,
2023-10-04,1656.19,1657.05,1615,1645.75,2888978809.866,1127621817,1147781220,1093063959,1137225643,0.004587,0.004671,-0.000071,0.00206,0.004167,0.009182,-0.00078,-0.000503,0.003479,0.011315,-0.001858,-0.00072,65.42,34.58,1.89,65.04,34.96,1.86,53.2,46.8,1.14,1310065.68804,996485.22475,1407651.55201383,1089598.44813,,,,,,,,
2023-10-05,1645.76,1655.13,1601.28,1611.23,3142395369.2268,1137225643,1180329250,1132265101,1161739712,0.00206,0.01,0.001971,0.01,-0.000503,0.007266,-0.003484,0.007099,-0.00072,0.008598,-0.006254,0.008358,67.65,32.35,2.09,67.68,32.32,2.09,53.51,46.49,1.15,1521453.35018,531716.90903,1899159.69781447,536247.91278,,,,,,,,
2023-10-06,1611.24,1664.6,1610.59,1644.33,3396841147.4668,1161739712,1218305124,1123010220,1207227043,0.01,0.01,0.00314,0.008502,0.007099,0.009464,-0.000205,0.004919,0.008358,0.009773,0.000366,0.005498,71.77,28.23,2.54,71.09,28.91,2.46,53.81,46.19,1.17,1029279.91653,1395232.57454,1126955.8413104,1528671.54216,,,,,,,,
2023-10-07,1644.32,1647.16,1629.03,1633.18,1195721406.4459,1207227043,1214912017,1163950196,1172891135,0.008502,0.009781,0.002615,0.009048,0.004919,0.007417,-0.001153,0.006733,0.005498,0.008389,-0.001328,0.008235,65.49,34.51,1.9,65.31,34.69,1.88,54.79,45.21,1.21,492399.5604,14945.71847,499393.1620536,14945.71847,,,,,,,,
2023-10-08,1633.17,1640.9,1615.19,1632.02,1878584823.2234,1172891135,1229180763,1165227486,1219724009,0.009048,0.01,0.007765,0.01,0.006733,0.009979,0.002417,0.004984,0.008235,0.012323,0.003637,0.00606,68.5,31.5,2.18,68.74,31.26,2.2,54.84,45.16,1.21,595932.40068,624868.80815,694925.76127363,624964.86531,,,,,,,,
2023-10-09,1632.03,1635.81,1544.3,1579.4,4687163301.17,1219724009,1262189678,1199130355,1211407242,0.01,0.01,0.001645,0.006268,0.004984,0.007015,-0.057873,0.003815,0.00606,0.009564,-0.032612,0.002213,69.29,30.71,2.26,68.97,31.03,2.22,55.44,44.56,1.24,4959837.7349,715406.86077,10857425.74461654,733936.86077,,,,,,,,
2023-10-10,1579.39,1594.4,1545.6,1566.89,3269769388.5427,1211407242,1261184030,1209286599,1247240681,0.006268,0.009123,0.002261,0.002261,0.003815,0.009174,0.001332,0.005529,0.002213,0.010557,0.000874,0.00539,73.36,26.64,2.75,72.93,27.07,2.69,54.91,45.09,1.22,1056189.62576,378809.51497,1132287.15030028,392147.01483764,,,,,,,,
2023-10-11,1566.89,1577.89,1541.78,1566.07,3720791582.4948,1247240681,1285639942,1224730431,1263799790,0.002261,0.009426,0.002241,0.004026,0.005529,0.007959,-0.000958,0.006328,0.00539,0.009761,0.000014,0.005506,74.68,25.32,2.95,73.48,26.52,2.77,54.91,45.09,1.22,1917688.02515,1275288.91859,2001867.8389194,1322577.49540672,,,,,,,,
2023-10-12,1566.08,1568.06,1514.5,1538.81,3548262571.9837,1263799790,1296482096,1247965914,1285397886,0.004026,0.007494,-0.000795,0.00369,0.006328,0.006871,-0.001796,0.003903,0.005506,0.005891,-0.003442,0.002863,74.64,25.36,2.94,73.41,26.59,2.76,55.34,44.66,1.24,1421380.60275,390583.42711,2083670.56215715,393551.46311,,,,,,,,
2023-10-13,1538.82,1575.53,1536.65,1551.55,2781970902.3317,1285397886,1317724488,1260199247,1267128999,0.00369,0.003951,0.000568,0.001049,0.003903,0.007342,-0.001173,0.002962,0.002863,0.005765,-0.00165,0.001725,74.87,25.13,2.98,73.94,26.06,2.84,55.12,44.88,1.23,2667373.07418,903297.27058,2683353.88098,1151016.192504,,,,,,,,
2023-10-14,1551.55,1561.7,1543.83,1554.15,1228665922.9401,1267128999,1273594609,1236868359,1243808653,0.001049,0.00768,0.000871,0.007119,0.002962,0.008556,0.001715,0.006052,0.001725,0.008376,0.000699,0.005566,73.83,26.17,2.82,72.66,27.34,2.66,54.46,45.54,1.2,68723.33067,33471.5071,72083.33067,34180.24570288,,,,,,,,
2023-10-15,1554.15,1567,1546.14,1557.25,1557409626.1263,1243808653,1266644182,1227842807,1244855530,0.007119,0.007999,0.000931,0.005091,0.006052,0.007785,0.000599,0.004249,0.005566,0.010153,0.000563,0.003672,72.77,27.23,2.67,71.76,28.24,2.54,55.47,44.53,1.25,415536.14789,649106.14686,419742.71909079,741715.33916,,,,,,,,
2023-10-16,1557.25,1642,1554.1,1598.61,5586981342.1036,1244855530,1287468126,1152701768,1221052293,0.005091,0.01,0.002015,0.002015,0.004249,0.007766,-0.002488,0.000558,0.003672,0.010907,-0.000726,-0.000726,72.93,27.07,2.69,72.04,27.96,2.58,55.73,44.27,1.26,3009919.674,7800028.9748,5142995.20379631,8266082.21629,,,,,,,,
2023-10-17,1598.61,1599.83,1541,1563.99,2869574735.8972,1221052293,1229607808,1178987847,1190682312,0.002015,0.009297,-0.000426,0.005947,0.000558,0.005765,-0.001877,0.00253,-0.000726,0.006513,-0.004415,0.00427,67.99,32.01,2.12,67.3,32.7,2.06,56.06,43.94,1.28,3238064.59279,337759.32257,3608924.44197788,338019.32257,,,,,,,,
2023-10-18,1564,1584.9,1554.7,1562.65,2706429797.9777,1190682312,1216678888,1178561929,1183693326,0.005947,0.007458,-0.000515,0.004301,0.00253,0.004966,-0.006178,-0.000241,0.00427,0.007378,-0.005328,0.002679,72.11,27.89,2.59,72.32,27.68,2.61,57.06,42.94,1.33,681601.16361,509979.38906,775915.48282672,525867.9136002,,,,,,,,
2023-10-19,1562.66,1574.34,1539,1565.89,2979513487.9638,1183693326,1220057046,1170365436,1200742507,0.004301,0.007349,0.00032,0.003868,-0.000241,0.011347,-0.002658,0.00419,0.002679,0.01348,-0.003217,0.004861,71.24,28.76,2.48,71.04,28.96,2.45,56.82,43.18,1.32,573204.80525,801952.2693,725212.08778017,886593.92721616,,,,,,,,
2023-10-20,1565.9,1630.01,1560.37,1603.14,4147073642.13,1200742507,1287563729,1197698116,1267214424,0.003868,0.008916,0.00249,0.00488,0.00419,0.009257,-0.000508,0.00494,0.004861,0.010414,-0.0017,0.002927,71.67,28.33,2.53,70.85,29.15,2.43,56.39,43.61,1.29,1354093.86396,3126152.48519,1553076.35845844,3526958.42772,,,,,,,,
2023-10-21,1603.15,1643.84,1591.25,1628.29,2637996263.9714,1267214424,1315479854,1240566898,1287388415,0.00488,0.007521,-0.000195,0.007521,0.00494,0.006471,-0.001999,0.006471,0.002927,0.006982,-0.002457,0.005757,64.09,35.91,1.79,64.95,35.05,1.85,56.73,43.27,1.31,678362.68003,2020263.3486,756195.95412921,2130203.37847,,,,,,,,
2023-10-22,1628.29,1667.5,1620,1662.83,3147813654.587,1287388415,1339835033,1276702240,1338472548,0.007521,0.009999,0.000456,0.009274,0.006471,0.009448,0.000049,0.009088,0.005757,0.009759,-0.001254,0.009026,61.57,38.43,1.6,63.11,36.89,1.71,56.89,43.11,1.32,490176.80746,1132624.0284,508335.90629556,1234157.62869269,,,,,,,,
2023-10-23,1662.82,1803,1656.25,1766.35,8602139420.2497,1338472548,1366626932,1264552737,1303233073,0.009274,0.01,-0.000984,0.01,0.009088,0.017166,0.000525,0.017166,0.009026,0.012803,-0.003897,0.012283,58.57,41.43,1.41,60.42,39.58,1.53,57.72,42.28,1.37,3191263.00839,6189449.29993,5243168.26062286,9759737.62234356,,,,,,,,
2023-10-24,1766.34,1854.87,1755.28,1784.31,9289125043.1354,1303233073,1393398554,1218345685,1230906529,0.01,0.01,0.01,0.01,0.017166,0.030943,0.009371,0.009453,0.012283,0.040561,0.006473,0.008485,58.85,41.15,1.43,59.41,40.59,1.46,58.32,41.68,1.4,5347340.89608,11411946.04922,6245693.64856407,12697896.89293,,,,,,,,
2023-10-25,1784.3,1818.55,1759.16,1786.71,4842620371.5211,1230906529,1335294560,1223345057,1262837964,0.01,0.01,0.01,0.01,0.009453,0.015388,0.005834,0.007869,0.008485,0.020465,0.001516,0.008271,59.24,40.76,1.45,61.67,38.33,1.61,58.81,41.19,1.43,3447845.04344,1984165.41733,3619584.35385584,2199229.12901,,,,,,,,
2023-10-26,1786.7,1872.64,1757.25,1803.3,7321211036.9629,1262837964,1444199114,1244747066,1295120438,0.01,0.01,0.01,0.01,0.007869,0.028084,0.006928,0.009272,0.008271,0.032061,0.004881,0.008389,59.84,40.16,1.49,61.4,38.6,1.59,58.6,41.4,1.42,6583118.74072,3464156.42431,7467490.32649817,3618233.78380769,,,,,,,,
2023-10-27,1803.31,1803.92,1735.5,1780.02,4342572404.6998,1295120438,1301836837,1238096858,1262397593,0.01,0.01,0.01,0.01,0.009272,0.013211,0.007661,0.01147,0.008389,0.015079,0.007037,0.012353,60.26,39.74,1.52,61.8,38.2,1.62,58.77,41.23,1.43,2354710.52756,956258.52519,2950636.8155803,965734.19423152,,,,,,,,
2023-10-28,1780.03,1806.23,1767.37,1776.76,1919733839.8307,1262397593,1289881901,1243397091,1245985223,0.01,0.01,0.01,0.01,0.01147,0.01543,0.010014,0.014545,0.012353,0.014414,0.007663,0.011996,59.87,40.13,1.49,61.9,38.1,1.63,58.44,41.56,1.41,208471.16831,678503.21015,476500.6490588,683964.20516,,,,,,,,
2023-10-29,1776.76,1813.1,1762.49,1795.49,2355557947.3934,1245985223,1311365813,1238806536,1288848870,0.01,0.01,0.01,0.01,0.014545,0.015731,0.006756,0.013441,0.011996,0.016586,0.001674,0.014118,61.43,38.57,1.59,62.49,37.51,1.67,58.22,41.78,1.39,736409.93547,1110500.48327,1270753.90400892,1134646.01033,,,,,,,,
2023-10-30,1795.48,1832.65,1776.94,1809.81,4215510290.6949,1288848870,1396876116,1278270939,1341586441,0.01,0.01,0.01,0.01,0.013441,0.020275,0.005831,0.012345,0.014118,0.019365,0.003197,0.011596,59.09,40.91,1.44,60.73,39.27,1.55,57.83,42.17,1.37,1192498.98303,1333884.83983,1846515.6997971,1416391.5854812,,,,,,,,
2023-10-31,1809.82,1820.91,1781,1815.67,3868897982.8751,1341586441,1378435751,1339498421,1376916059,0.01,0.01,0.01,0.01,0.012345,0.014666,0.005056,0.010829,0.011596,0.018226,0.002851,0.009563,59.73,40.27,1.48,61.38,38.62,1.59,58.17,41.83,1.39,2091294.01538,1239056.47004,2205421.33435935,1255921.73264448,,,,,,,,
2023-11-01,1815.66,1861.63,1782.73,1848.2,6543298353.1451,1376916059,1485770952,1348791715,1477257692,0.01,0.030758,0.01,0.026784,0.010829,0.029102,0.009623,0.026332,0.009563,0.030379,0.007517,0.026076,57.65,42.35,1.36,60.12,39.88,1.51,58.79,41.21,1.43,1964096.62643,6048536.00104,2361803.8096623,6834882.35432778,,,,,,,,
2023-11-02,1848.2,1876.26,1784,1800.68,5310717364.7523,1477257692,1567032377,1331337057,1343234578,0.026784,0.026854,0.01,0.01,0.026332,0.026332,0.008372,0.008795,0.026076,0.026146,0.006659,0.008046,53.27,46.73,1.14,56.86,43.14,1.32,58.94,41.06,1.44,6436434.99173,1265300.28727,7015988.32385424,1516855.79802968,,,,,,,,
2023-11-03,1800.68,1834.32,1775.36,1832.49,4119457492.2782,1343234578,1380598809,1324619904,1380569566,0.01,0.01,0.01,0.01,0.008795,0.010613,0.00352,0.006445,0.008046,0.011666,0.000145,0.004909,62.96,37.04,1.7,64.97,35.03,1.86,59.3,40.7,1.46,2499065.91725,1320389.68585,3180328.90988678,1474389.614618,,,,,,,,
2023-11-04,1832.49,1870.68,1823.32,1856.08,2518749107.8566,1380569566,1467784990,1377811761,1459651386,0.01,0.01,0.01,0.01,0.006445,0.011213,0.005682,0.009049,0.004909,0.014322,0.003585,0.011694,56.87,43.13,1.32,58.86,41.14,1.43,58.31,41.69,1.4,351664.18264,3923654.40839,382219.18053928,4191324.7260002,,,,,,,,
2023-11-05,1856.08,1914.96,1846.21,1892.49,5744702488.8618,1459651386,1621206770,1441631052,1502488323,0.01,0.01,0.01,0.01,0.009049,0.024285,0.009049,0.016008,0.011694,0.021707,0.007545,0.014237,51.36,48.64,1.06,54.92,45.08,1.22,58.4,41.6,1.4,4480151.51346,3925006.93491,4714358.23427339,4354413.91772229,,,,,,,,
2023-11-06,1892.49,1916.8,1869.13,1901.71,4471746198.3834,1502488323,1613069311,1478515741,1534203344,0.01,0.01,0.01,0.01,0.016008,0.016008,0.008758,0.010315,0.014237,0.017448,0.002064,0.010811,51.79,48.21,1.07,54.93,45.07,1.22,58.72,41.28,1.42,1500405.93266,1840151.18641,1619621.0103896,1877287.14568,,,,,,,,
2023-11-07,1901.72,1908.47,1850.1,1885.79,5170405916.4977,1534203344,1543104791,1425739490,1439448683,0.01,0.01,0.01,0.01,0.010315,0.012763,0.006683,0.009716,0.010811,0.014331,0.005199,0.009507,54.07,45.93,1.18,56.93,43.07,1.32,57.26,42.74,1.34,4598510.70589,2310876.53106,4813055.97710833,3039657.5172,,,,,,,,
2023-11-08,1885.79,1906.2,1873.13,1888.42,3158901316.2084,1439448683,1513699589,1434454446,1467746260,0.01,0.01,0.01,0.01,0.009716,0.0124,0.007043,0.011329,0.009507,0.013533,0.003891,0.009506,55.74,44.26,1.26,58.87,41.13,1.43,56.99,43.01,1.33,695286.0108,1397784.41548,713645.74645326,1495517.56866,,,,,,,,
2023-11-09,1888.42,2134.3,1881.79,2122.92,16206007631.2027,1467746260,1780352465,1464599299,1760006594,0.01,0.079958,0.01,0.027452,0.011329,0.109994,0.009978,0.031665,0.009506,0.108605,0.008203,0.027625,55.27,44.73,1.24,57.95,42.05,1.38,56.21,43.79,1.28,4627032.07794,14363440.4468,5029002.82408183,17430513.0174737,,,,,,,,
2023-11-10,2122.93,2139.6,2066,2079.1,7658219864.219,1760006594,1878102047,1695965088,1709528401,0.027452,0.049713,0.01,0.013672,0.031665,0.088426,0.012837,0.02052,0.027625,0.088276,0.008302,0.01733,50.5,49.5,1.02,52.11,47.89,1.09,59.29,40.71,1.46,2401524.82447,3413161.48413,2585076.53816942,3638067.76920558,,,,,,,,
2023-11-11,2079.1,2091.97,2021,2054.52,5117869677.2964,1709528401,1747202062,1619766868,1659848476,0.013672,0.030084,0.01,0.016325,0.02052,0.036561,0.0175,0.0182,0.01733,0.03965,0.017191,0.017978,55.64,44.36,1.25,59.76,40.24,1.49,62.21,37.79,1.65,3148187.87579,1434159.37991,3628640.9264223,1646049.542381,,,,,,,,
2023-11-12,2054.53,2068.96,2011.5,2046.08,3521190450.1434,1659848476,1688107279,1611511047,1623695001,0.016325,0.038238,0.01,0.033088,0.0182,0.058078,0.017253,0.053001,0.017978,0.067012,0.017858,0.05975,60.58,39.42,1.54,62.76,37.24,1.69,61.84,38.16,1.62,1376275.05894,1105547.88093,1882108.24444556,1120999.89791476,,,,,,,,
2023-11-13,2046.07,2120,2030,2055.18,8297652361.7202,1623695001,1879208787,1615374367,1678756779,0.033088,0.033088,0.01668,0.018862,0.053001,0.053001,0.014293,0.016978,0.05975,0.05975,0.011518,0.018261,61.85,38.15,1.62,63.21,36.79,1.72,61.32,38.68,1.59,3884237.16313,6776851.79291,4652462.06915276,7095239.18431,,,,,,,,
2023-11-14,2055.17,2066.39,1920,1980.11,7681720034.5837,1678756779,1688084224,1504307204,1546148042,0.018862,0.020641,0.01,0.01,0.016978,0.031437,0.009829,0.011507,0.018261,0.029394,0.009369,0.009773,58.94,41.06,1.44,60.49,39.51,1.53,61.62,38.38,1.61,4923556.16366,1254021.03364,6116453.63883271,1300128.85754852,,,,,,,,
2023-11-15,1980.11,2064.08,1967.85,2059.29,6137337263.8606,1546148042,1650495604,1544551721,1617193585,0.01,0.01,0.01,0.01,0.011507,0.0161,0.004164,0.015234,0.009773,0.018434,0.001052,0.014927,64.49,35.51,1.82,65.23,34.77,1.88,60.01,39.99,1.5,1645519.70039,3440288.59615,1709504.93120933,3964864.16350828,,,,,,,,
2023-11-16,2059.3,2093,1938.4,1962.13,8781969062.1111,1617193585,1680532385,1480278207,1498437939,0.01,0.012591,0.01,0.01,0.015234,0.023796,0.006528,0.00858,0.014927,0.021475,0.004764,0.007509,60.19,39.81,1.51,60.8,39.2,1.55,59.72,40.28,1.48,10027622.01474,2824335.40337,11052535.66052865,2917891.40975,,,,,,,,
2023-11-17,1962.14,1992.26,1903.81,1961.21,6299486059.9008,1498437939,1558155610,1485927386,1531067868,0.01,0.01,0.01,0.01,0.00858,0.017688,0.008116,0.008116,0.007509,0.022571,0.006692,0.008244,68.09,31.91,2.13,68.93,31.07,2.22,59.32,40.68,1.46,5176092.38486,2421960.90691,5727222.63222843,2465241.09072,,,,,,,,
2023-11-18,1961.21,1972.06,1916,1963.19,3202110782.6117,1531067868,1612217828,1518944366,1595490925,0.01,0.01,0.01,0.01,0.008116,0.014212,0.00249,0.005604,0.008244,0.01771,-0.001001,0.003779,68.64,31.36,2.19,67.36,32.64,2.06,59.22,40.78,1.45,1914224.45803,815996.67379,1986376.4374106,1076389.71101754,,,,,,,,
2023-11-19,1963.19,2016.45,1943.44,2012.46,3401707020.5906,1595490925,1640112365,1563672650,1623203890,0.01,0.01,0.01,0.01,0.005604,0.012341,0.005604,0.010271,0.003779,0.01505,0.003779,0.009163,66.9,33.1,2.02,67.15,32.85,2.04,58.68,41.32,1.42,646526.23195,3721444.26102,1055144.655192,3908902.94073,,,,,,,,
2023-11-20,2012.45,2068.8,1981.96,2022.41,6650403235.4171,1623203890,1731589311,1600908888,1675729227,0.01,0.01,0.01,0.01,0.010271,0.015536,0.009439,0.010093,0.009163,0.016213,0.007917,0.009925,63.94,36.06,1.77,63.98,36.02,1.78,59.17,40.83,1.45,2422852.58319,2672290.65167,2816470.86417224,3271990.40094285,,,,,,,,
2023-11-21,2022.41,2036.06,1929.85,1933.44,8161277205.5827,1675729227,1682993586,1544862811,1544862811,0.01,0.01,0.01,0.01,0.010093,0.015489,0.003781,0.008095,0.009925,0.020972,-0.000571,0.00701,58.96,41.04,1.44,61.31,38.69,1.59,58.96,41.04,1.44,5426578.74536,1842068.19795,6817901.77936022,1938339.83385,,,,,,,,
2023-11-22,1933.44,2093.78,1928.74,2063.91,7155330844.2459,1544862811,1882081459,1544862811,1841091849,0.01,0.01,0.01,0.01,0.008095,0.013146,0.002966,0.011794,0.00701,0.014477,-0.001272,0.013009,63.9,36.1,1.77,65.2,34.8,1.87,60.52,39.48,1.53,1031388.19736,5126117.26096,1046732.34776,5724959.41568025,,,,,,,,
2023-11-23,2063.92,2089.75,2033.5,2062.68,4333099634.6595,1841091849,1879448351,1806424085,1839203102,0.01,0.01,0.01,0.01,0.011794,0.01411,0.006784,0.010824,0.013009,0.017095,0.004746,0.011906,49.99,50.01,1.0,51.76,48.24,1.07,58.96,41.04,1.44,1191534.39245,1650017.95184,1447818.07516,1694281.05434,,,,,,,,
2023-11-24,2062.67,2135,2057.77,2081.16,6778271024.3236,1839203102,2002116304,1815409723,1830256173,0.01,0.01,0.01,0.01,0.010824,0.033739,0.007743,0.008635,0.011906,0.04866,0.006364,0.006364,50.85,49.15,1.04,54.9,45.1,1.22,60.13,39.87,1.51,1505034.61551,2360154.79264,2372711.50767357,2491415.92971556,,,,,,,,
2023-11-25,2081.16,2090.79,2065.59,2082.87,2137077834.1816,1830256173,1838353906,1782428659,1789102609,0.01,0.01,0.01,0.01,0.008635,0.012859,0.005475,0.012329,0.006364,0.012658,0.001828,0.00973,51.33,48.67,1.06,54.17,45.83,1.18,60.73,39.27,1.55,484189.95029,421424.63248,485979.95029,436147.38548,,,,,,,,
2023-11-26,2082.87,2094.96,2035,2061.97,4687560198.4086,1789102609,1848053562,1688047132,1688047132,0.01,0.01,0.01,0.01,0.012329,0.015948,0.009692,0.011855,0.00973,0.01539,0.00639,0.009862,53.28,46.72,1.14,55.86,44.14,1.27,60.78,39.22,1.55,1889343.40257,983598.90575,2196480.22675613,988132.7808338,,,,,,,,
2023-11-27,2061.97,2071,1985,2027.57,5861604299.0711,1688047132,1727453678,1658324874,1714928866,0.01,0.01,0.01,0.01,0.011855,0.012143,0.008433,0.009965,0.009862,0.014125,0.006016,0.009687,56.93,43.07,1.32,59.66,40.34,1.48,60.88,39.12,1.56,3860260.42042,1018733.18937,4010217.84608502,1029183.18937,,,,,,,,
2023-11-28,2027.57,2075.87,1994.85,2048.2,5299171779.4235,1714928866,1768537493,1636192527,1718419694,0.01,0.01,0.01,0.01,0.009965,0.013791,0.0071,0.012813,0.009687,0.014736,0.00472,0.013375,63.37,36.63,1.73,64.17,35.83,1.79,59.79,40.21,1.49,3014428.31328,7578274.23109,3024234.70017204,7632026.76443878,,,,,,,,
2023-11-29,2048.21,2077,2018.56,2028.41,4272253525.0263,1718419694,1739487985,1672122508,1690763802,0.01,0.01,0.01,0.01,0.012813,0.013257,0.004529,0.01038,0.013375,0.015023,0.000441,0.009854,56.55,43.45,1.3,57.73,42.27,1.37,60.47,39.53,1.53,2003617.80546,1348273.1149,2342763.650964,1373612.5944,,,,,,,,
2023-11-30,2028.41,2054.97,2020.4,2051.76,3467788057.1007,1690763802,1722608154,1668952786,1711482542,0.01,0.01,0.01,0.01,0.01038,0.013768,0.007002,0.01048,0.009854,0.016974,0.005014,0.011236,61.05,38.95,1.57,61.63,38.37,1.61,60.54,39.46,1.53,709729.05404,1299864.58519,738999.88637038,1401264.34240276,,,,,,,,
2023-12-01,2051.77,2111.5,2044.35,2086.99,6017545855.6395,1711482542,1919362439,1702590076,1809587807,0.01,0.01,0.01,0.01,0.01048,0.013977,0.005727,0.01166,0.011236,0.014004,0.003536,0.01039,58.54,41.46,1.41,59.05,40.95,1.44,60.7,39.3,1.55,1274899.68362,3758121.99899,1480421.91726484,4074758.56699565,,,,,,,,
2023-12-02,2086.99,2199.99,2085.63,2165.28,5771277303.7319,1809587807,2090482509,1809587807,1975306376,0.01,0.01,0.01,0.01,0.01166,0.020821,0.008363,0.020612,0.01039,0.019965,0.006977,0.019847,50.23,49.77,1.01,53.4,46.6,1.15,60.15,39.85,1.51,566699.19233,6675263.55466,627114.4955741,7213180.73787,,,,,,,,
2023-12-03,2165.26,2219.17,2148.17,2193.24,4647728773.6911,1975306376,2039495536,1969393651,2001979696,0.01,0.01,0.01,0.01,0.020612,0.03332,0.011709,0.015261,0.019847,0.029452,0.009801,0.013231,48.86,51.14,0.96,51.42,48.58,1.06,60.59,39.41,1.54,923506.7349,3292054.7246,930877.10922803,3702185.60457,,,,,,,,
2023-12-04,2193.25,2276.84,2191.52,2243.66,8452444157.3677,2001979696,2065613566,1917336328,1955255928,0.01,0.01,0.01,0.01,0.015261,0.032961,0.014613,0.014856,0.013231,0.029562,0.011385,0.014447,50.89,49.11,1.04,54.23,45.77,1.19,61.67,38.33,1.61,3316202.97738,7084892.7086,6685650.33949856,7572612.41768672,,,,,,,,
2023-12-05,2243.67,2311.51,2186,2293.97,9263997222.6901,1955255928,1979899928,1875160492,1926444756,0.01,0.01,0.01,0.01,0.014856,0.018388,0.009499,0.016735,0.014447,0.020065,0.007392,0.0177,54.77,45.23,1.21,57.36,42.64,1.35,62.09,37.91,1.64,2955159.44674,3922181.0634,4241043.13998963,6414045.33439863,,,,,,,,
2023-12-06,2293.97,2314.98,2218.49,2233.29,6656005980.2414,1926444756,1968139797,1787131928,1799614543,0.01,0.01,0.01,0.01,0.016735,0.017286,0.010685,0.010685,0.0177,0.0177,0.008834,0.010408,56.48,43.52,1.3,59.29,40.71,1.46,62.11,37.89,1.64,6510794.12156,2656634.687,10059405.41116519,3012614.340348,,,,,,,,
2023-12-07,2233.32,2387.2,2222.08,2357.04,8267176772.3452,1799614543,2125195337,1795078793,2093819616,0.01,0.024779,0.01,0.022693,0.010685,0.034821,0.007992,0.033269,0.010408,0.037195,0.005052,0.035333,60.69,39.31,1.54,63.52,36.48,1.74,62.13,37.87,1.64,2351303.90727,5637034.10785,2394031.4130024,7050293.50714795,,,,,,,,
2023-12-08,2357.05,2397.44,2333.36,2360.82,6360273774.8553,2093819616,2144397723,2024771902,2039183536,0.022693,0.022693,0.01,0.022454,0.033269,0.036954,0.01561,0.022412,0.035333,0.040078,0.012809,0.020363,53.45,46.55,1.15,55.98,44.02,1.27,60.93,39.07,1.56,3054615.75984,4576294.80029,3331333.11733714,4643094.98719,,,,,,,,
2023-12-09,2360.82,2407.63,2328,2342.4,5724964317.3583,2039183536,2132365647,2005362320,2027595343,0.022454,0.041884,0.016559,0.016617,0.022412,0.061398,0.018184,0.018191,0.020363,0.063425,0.016565,0.016565,57.14,42.86,1.33,60.07,39.93,1.5,61.18,38.82,1.58,2465221.69757,3343466.82356,2896998.64054856,3783524.9424324,,,,,,,,
2023-12-10,2342.41,2379.98,2323,2353.97,3549153798.6804,2027595343,2088909880,1981212233,2011519465,0.016617,0.026127,0.014986,0.024124,0.018191,0.025403,0.013573,0.023368,0.016565,0.027621,0.012981,0.02292,60.01,39.99,1.5,61.97,38.03,1.63,61.41,38.59,1.59,1473356.08512,1311230.33583,1498088.7553492,1658980.33583,,,,,,,,
2023-12-11,2353.99,2356.73,2114.63,2225.56,10505235679.6726,2011519465,2024884461,1707913669,1740493270,0.024124,0.024128,0.01,0.01,0.023368,0.023368,0.008068,0.019272,0.02292,0.02292,0.005047,0.019287,60.31,39.69,1.52,62.15,37.85,1.64,61.32,38.68,1.59,7964257.46191,2292217.68543,13554087.21447675,2368837.92086534,,,,,,,,
2023-12-12,2225.55,2245.37,2164.82,2204.7,6320204700.3777,1740493270,1786865601,1704926964,1784608242,0.01,0.024589,0.01,0.012911,0.019272,0.026321,0.011196,0.019102,0.019287,0.029488,0.006072,0.020059,65.99,34.01,1.94,67.95,32.05,2.12,62.95,37.05,1.7,2829741.72802,2334395.63485,3535824.44943166,2340335.63485,,,,,,,,
2023-12-13,2204.71,2285.91,2145.33,2261.44,7496980794.2282,1784608242,1805497665,1715501648,1788627303,0.012911,0.020022,0.01,0.01,0.019102,0.020669,0.009761,0.010273,0.020059,0.021247,0.006482,0.008692,68.52,31.48,2.18,68.14,31.86,2.14,62.93,37.07,1.7,3349988.17354,3836082.71069,3648451.93281113,3906922.71069,,,,,,,,
2023-12-14,2261.45,2333.29,2212.04,2316.54,7482325203.5479,1788627303,1894353898,1760438388,1847784875,0.01,0.01,0.01,0.01,0.010273,0.015708,0.009135,0.012835,0.008692,0.015216,0.004393,0.012917,63.49,36.51,1.74,63.87,36.13,1.77,63.57,36.43,1.75,1342232.80094,4769644.2765,1490676.2786987,4844390.55733446,,,,,,,,
2023-12-15,2316.53,2319.32,2195.28,2221.71,5917897875.607,1847784875,1851758853,1766284262,1768975394,0.01,0.011954,0.01,0.01,0.012835,0.024192,0.011947,0.011951,0.012917,0.028072,0.009606,0.010843,59.28,40.72,1.46,61.86,38.14,1.62,63.63,36.37,1.75,3956698.33055,854985.28893,4840229.9252705,856390.159273,,,,,,,,
2023-12-16,2221.71,2264.95,2211.16,2229.64,3624431713.1585,1768975394,1854261464,1756078044,1769738461,0.01,0.01,0.01,0.01,0.011951,0.018391,0.011239,0.01412,0.010843,0.017324,0.00809,0.010826,65.24,34.76,1.88,67.3,32.7,2.06,63.8,36.2,1.76,2399018.76999,1067392.70331,2845271.4686485,1071770.15074678,,,,,,,,
2023-12-17,2229.63,2251.24,2190,2197.93,4193330348.9341,1769738461,1849170832,1757497213,1759438775,0.01,0.020451,0.01,0.015192,0.01412,0.029142,0.013649,0.023766,0.010826,0.026925,0.009062,0.020886,66.6,33.4,1.99,66.14,33.86,1.95,62.98,37.02,1.7,6856093.58461,795900.30116,7286523.58461,799680.30116,,,,,,,,
2023-12-18,2197.93,2226.52,2116.56,2220.48,6733325306.5503,1759438775,1828517793,1751895578,1806721062,0.015192,0.015192,0.01,0.01,0.023766,0.023766,0.010834,0.01517,0.020886,0.020886,0.008347,0.012665,67.8,32.2,2.11,67.83,32.17,2.11,63.99,36.01,1.78,5287824.73016,2558620.47524,7118024.11428643,2759490.47524,,,,,,,,
2023-12-19,2220.49,2256.64,2135.03,2179.02,6442713699.543,1806721062,1841712401,1724182010,1753650950,0.01,0.01,0.01,0.01,0.01517,0.021883,0.009106,0.010471,0.012665,0.020508,0.00539,0.00922,66.43,33.57,1.98,66.16,33.84,1.96,63.4,36.6,1.73,6607479.01247,3371016.41419,7193172.97208411,3404596.75347378,,,,,,,,
2023-12-20,2179.01,2269.56,2156,2203.95,7232731577.4225,1753650950,1849416249,1747538939,1797776405,0.01,0.035445,0.01,0.026163,0.010471,0.039295,0.008934,0.030553,0.00922,0.04282,0.007328,0.032432,70.19,29.81,2.36,70.03,29.97,2.34,63.43,36.57,1.73,4300749.19709,4334489.37056,6756268.41697547,4742519.37056,,,,,,,,
2023-12-21,2203.95,2282.41,2184.9,2241.35,7068225569.521,1797776405,1984136020,1789264488,1872443323,0.026163,0.049035,0.025711,0.044206,0.030553,0.048542,0.021795,0.043417,0.032432,0.050683,0.023925,0.045456,68.36,31.64,2.16,68.12,31.88,2.14,63.36,36.64,1.73,2437664.92096,3659986.8423,2752321.38391682,3939832.67858773,,,,,,,,
2023-12-22,2241.47,2345.95,2232.56,2326.53,9424688261.3365,1872443323,2111591223,1853376871,2029035941,0.044206,0.054909,0.017742,0.018541,0.043417,0.060242,0.021199,0.021862,0.045456,0.059793,0.02001,0.020529,65.7,34.3,1.92,67.21,32.79,2.05,63.55,36.45,1.74,3271478.94478,5286376.52945,3343935.01552575,5852196.74600696,,,,,,,,
2023-12-23,2326.54,2332.75,2265,2309.86,4279556666.3021,2029035941,2033097120,1899061354,1963945135,0.018541,0.020324,0.01119,0.013168,0.021862,0.028333,0.011441,0.014711,0.020529,0.027425,0.009933,0.014945,59.79,40.21,1.49,63.21,36.79,1.72,62.31,37.69,1.65,1741223.64434,1967293.65386,1779924.8440189,2023563.65386,,,,,,,,
2023-12-24,2309.85,2328.79,2241.2,2265.43,4721395590.0159,1963945135,2017603785,1859563877,1887852185,0.013168,0.02499,0.013168,0.013876,0.014711,0.031677,0.012483,0.012539,0.014945,0.032549,0.009911,0.013704,62.75,37.25,1.69,66.66,33.34,2.0,64.0,36.0,1.78,3737875.01197,1317884.07934,4289744.88902168,1387632.91513812,,,,,,,,
2023-12-25,2265.42,2308,2254.38,2273.07,4319976649.9116,1887852185,1950951565,1858182197,1872062856,0.013876,0.058781,0.013767,0.050138,0.012539,0.049728,0.012539,0.045579,0.013704,0.050857,0.013704,0.04455,66.28,33.72,1.97,69.23,30.77,2.25,64.2,35.8,1.79,1514103.43785,3757344.95404,1552697.05043336,3821444.95404,,,,,,,,
2023-12-26,2273.08,2277.51,2178.84,2232.44,6062412615.2285,1872062856,1902399273,1778785480,1817513991,0.050138,0.05077,0.026177,0.03159,0.045579,0.045579,0.020715,0.029923,0.04455,0.04455,0.018675,0.030142,67.83,32.17,2.11,69.57,30.43,2.29,63.6,36.4,1.75,8946536.34384,963148.04318,9640449.18285222,1064901.76578552,,,,,,,,
2023-12-27,2232.45,2395,2213.68,2380.31,8260845950.1238,1817513991,2127015224,1813804862,2081846089,0.03159,0.056171,0.027215,0.027215,0.029923,0.059245,0.025031,0.037814,0.030142,0.057682,0.021408,0.035722,71.94,28.06,2.56,73.21,26.79,2.73,64.54,35.46,1.82,1715884.80094,12233656.3064,1725821.657795,12904640.52611702,,,,,,,,
2023-12-28,2380.32,2455.52,2336.02,2345.96,10170568783.0292,2081846089,2138145981,1972108503,1972108503,0.027215,0.059834,0.025941,0.044508,0.037814,0.073733,0.025356,0.039566,0.035722,0.075392,0.020094,0.040132,57.02,42.98,1.33,59.69,40.31,1.48,62.5,37.5,1.67,8096030.46329,9358925.50502,8461850.86448263,9490955.77538447,,,,,,,,
2023-12-29,2345.98,2388.74,2254.72,2300.6,9014828987.6108,1972108503,2017668831,1748224197,1793726454,0.044508,0.056407,0.027255,0.027255,0.039566,0.045513,0.029589,0.029589,0.040132,0.052443,0.030668,0.030953,62.05,37.95,1.64,66.06,33.94,1.95,63.92,36.08,1.77,7413792.74447,6588249.99057,8181033.20101372,6663331.809268,,,,,,,,
2023-12-30,2300.61,2325,2269.15,2293.26,4159237316.073,1793726454,1860311365,1779327594,1790242238,0.027255,0.035231,0.021789,0.021789,0.029589,0.034507,0.01944,0.020916,0.030953,0.033759,0.01693,0.019979,69.22,30.78,2.25,70.16,29.84,2.35,63.78,36.22,1.76,2553671.82785,1511974.77174,2640642.24869662,1544154.77174,,,,,,,,
2023-12-31,2293.26,2324.78,2258,2283.85,3840542440.5144,1790242238,1898848439,1748795631,1780512834,0.021789,0.037575,0.021569,0.027861,0.020916,0.037291,0.019161,0.028024,0.019979,0.038551,0.018904,0.028515,68.89,31.11,2.21,69.79,30.21,2.31,63.5,36.5,1.74,4128630.61692,2517999.55966,4291844.37499478,2518691.95712357,,,,,,,,
2024-01-01,2283.84,2354.95,2266.67,2354.62,3833607644.495,1780512834,1855379310,1770884488,1846972724,0.027861,0.05341,0.027846,0.05341,0.028024,0.046969,0.026661,0.046969,0.028515,0.048775,0.02635,0.046829,71.02,28.98,2.45,70.98,29.02,2.45,63.19,36.81,1.72,4164131.52129,4900184.34724,4488179.38386158,4927238.3666114,,,,,,,,
2024-01-02,2354.63,2434.49,2335,2356.93,8044076763.4397,1846972724,2018785776,1842426687,1862279708,0.05341,0.084289,0.028609,0.028609,0.046969,0.083993,0.027355,0.027355,0.046829,0.089649,0.026908,0.026918,66.71,33.29,2.0,67.75,32.25,2.1,63.69,36.31,1.75,5221522.88999,4092780.20959,5815862.27799887,4187609.17183,,,,,,,,
2024-01-03,2356.92,2387.48,2067.16,2210.39,11247341445.8184,1862279708,1955910224,1601282520,1616838038,0.028609,0.031637,0.01,0.01,0.027355,0.02918,-0.000957,0.011078,0.026918,0.030045,-0.001414,0.012539,65.48,34.52,1.9,68.98,31.02,2.22,63.37,36.63,1.73,13311335.90739,3750684.74726,16984505.07428558,3818635.84213776,,,,,,,,
2024-01-04,2210.39,2295.55,2202.1,2267.85,5656799818.3754,1616838038,1689025374,1591482026,1651863334,0.01,0.01,0.01,0.01,0.011078,0.01461,0.006913,0.009821,0.012539,0.017699,0.003796,0.009031,72.19,27.81,2.6,73.15,26.85,2.72,61.9,38.1,1.63,1765699.78756,3239623.47354,1802232.22099949,3853433.47354,,,,,,,,
2024-01-05,2267.85,2278.16,2206,2268.93,5923617104.866,1651863334,1691137397,1590518690,1688887223,0.01,0.01,0.01,0.01,0.009821,0.014179,0.003765,0.00998,0.009031,0.018066,-0.000821,0.009786,66.95,33.05,2.03,67.79,32.21,2.11,60.17,39.83,1.51,3457763.81078,1757812.31401,3606215.49539523,1808649.91876164,,,,,,,,
2024-01-06,2268.92,2270.34,2215.56,2240.36,2691373220.274,1688887223,1690873425,1652828191,1662873281,0.01,0.01,0.01,0.01,0.00998,0.010845,0.007135,0.007466,0.009786,0.011682,0.004874,0.006488,67.31,32.69,2.06,69.02,30.98,2.23,61.86,38.14,1.62,1554207.90235,419938.82587,1591877.54572036,420258.82587,,,,,,,,
2024-01-07,2240.36,2257.98,2201.06,2220.87,3600489003.1949,1662873281,1705946464,1638188433,1669869753,0.01,0.01,0.01,0.01,0.007466,0.009712,0.00476,0.007579,0.006488,0.010243,0.003674,0.006583,68.35,31.65,2.16,70.0,30.0,2.33,62.33,37.67,1.66,1684977.70988,1108678.30794,2261609.32728784,1138468.30794,,,,,,,,
2024-01-08,2220.87,2359.63,2165.43,2331.11,7863706855.2361,1669869753,1831051514,1610876171,1795289653,0.01,0.01,0.01,0.01,0.007579,0.014396,0.007579,0.013451,0.006583,0.016375,0.006583,0.013513,69.11,30.89,2.24,69.85,30.15,2.32,61.78,38.22,1.62,3156854.26496,7490804.39682,5565474.78253822,7803494.19387166,,,,,,,,
2024-01-09,2331.12,2377.36,2222.44,2344.44,10009482849.2446,1795289653,1855914459,1645935229,1802625338,0.01,0.01,0.01,0.01,0.013451,0.013851,0.005677,0.011803,0.013513,0.014198,0.003821,0.010568,60.31,39.69,1.52,62.32,37.68,1.65,61.93,38.07,1.63,8780727.73644,2893121.94663,9546955.623001,3263291.20158416,,,,,,,,
2024-01-10,2344.33,2645.65,2336.28,2585.82,18902179226.4545,1802625338,2255691482,1799126046,2194641070,0.01,0.01,0.01,0.01,0.011803,0.016739,0.01127,0.013059,0.010568,0.019739,0.00939,0.011303,62.34,37.66,1.66,64.91,35.09,1.85,62.86,37.14,1.69,8158803.05227,19300773.54085,11094811.3671347,23134594.10534484,,,,,,,,
2024-01-11,2585.81,2691.9,2565.69,2618.59,13515730351.2367,2194641070,2366727169,2117661860,2278200089,0.01,0.01,0.01,0.01,0.013059,0.021105,0.010204,0.016468,0.011303,0.024468,0.006143,0.014574,56.41,43.59,1.29,58.34,41.66,1.4,62.47,37.53,1.67,7648541.73848,11397580.39726,8422081.75266267,11883817.62408047,,,,,,,,
2024-01-12,2618.6,2719.89,2458.38,2523.3,16888671828.5386,2278200089,2568394116,2209128387,2278953890,0.01,0.01,0.01,0.01,0.016468,0.019246,0.008273,0.013101,0.014574,0.017519,0.006689,0.012585,59.22,40.78,1.45,63.6,36.4,1.75,64.97,35.03,1.86,12629580.82987,7966907.75032,15292016.76120472,10681515.84242478,,,,,,,,
2024-01-13,2523.31,2591.29,2497.79,2578.5,6396752183.4567,2278953890,2332460736,2241707951,2325271807,0.01,0.01,0.01,0.01,0.013101,0.013101,0.005563,0.007878,0.012585,0.012585,0.003236,0.005883,66.43,33.57,1.98,70.15,29.85,2.35,65.68,34.32,1.91,2061607.54383,3614296.4555,2126150.94242932,3700034.57626946,,,,,,,,
2024-01-14,2578.51,2579.13,2470,2474.36,5377127059.5545,2325271807,2334204550,2231854506,2261276427,0.01,0.01,0.01,0.01,0.007878,0.016624,0.006731,0.015728,0.005883,0.017185,0.00405,0.014729,65.46,34.54,1.9,66.7,33.3,2.0,64.85,35.15,1.85,5805886.18716,840105.86557,7160765.64574159,844869.06791536,,,,,,,,
2024-01-15,2474.3,2555,2472.04,2512.21,4582969014.0778,2261276427,2328747752,2243390791,2266216626,0.01,0.01,0.01,0.01,0.015728,0.018736,0.008302,0.010206,0.014729,0.018549,0.006111,0.009668,68.73,31.27,2.2,70.75,29.25,2.42,66.08,33.92,1.95,1974089.47667,3428328.72868,2076152.81398561,3470417.87448,,,,,,,,
2024-01-16,2512.2,2613.8,2500,2587.4,6264614167.9894,2266216626,2382260706,2228809015,2362058434,0.01,0.01,0.01,0.01,0.010206,0.013646,0.007514,0.008003,0.009668,0.013854,0.006634,0.007879,70.29,29.71,2.37,70.58,29.42,2.4,65.77,34.23,1.92,1306541.92503,6405298.69064,1403566.22398709,6491496.45253619,,,,,,,,
2024-01-17,2587.4,2593.01,2505.76,2530.62,5861698854.5466,2362058434,2366447038,2242154267,2260814143,0.01,0.01,0.01,0.01,0.008003,0.012836,0.006617,0.012435,0.007879,0.014431,0.005481,0.012331,62.09,37.91,1.64,63.99,36.01,1.78,64.29,35.71,1.8,7155380.92877,764866.0778,7403787.60052953,766335.1995308,,,,,,,,
2024-01-18,2530.61,2549.99,2428.22,2471.29,7309583057.5709,2260814143,2339446810,2221120556,2278234607,0.01,0.01,0.01,0.01,0.012435,0.01482,0.00949,0.014492,0.012331,0.014402,0.008658,0.012964,69.52,30.48,2.28,71.28,28.72,2.48,64.96,35.04,1.85,7065992.95302,1892896.54828,7805798.83173007,2006515.2143997,,,,,,,,
2024-01-19,2471.29,2505.16,2415.55,2492.46,6404253318.3264,2278234607,2339748309,2249047208,2320227968,0.01,0.01,0.01,0.01,0.014492,0.014825,0.007961,0.011409,0.012964,0.016009,0.004288,0.012813,72.66,27.34,2.66,73.16,26.84,2.73,65.74,34.26,1.92,6340128.26628,5878433.82063,6599389.10840692,5957927.37035613,,,,,,,,
2024-01-20,2492.46,2492.46,2453.79,2472.27,2321269007.972,2320227968,2320227968,2265586990,2283593525,0.01,0.01,0.01,0.01,0.011409,0.01186,0.008466,0.00874,0.012813,0.013751,0.007907,0.009097,69.65,30.35,2.3,70.52,29.48,2.39,66.74,33.26,2.01,835898.48275,146756.04136,890148.82459416,166756.04136,,,,,,,,
2024-01-21,2472.26,2482.7,2451,2457.02,1750600707.2405,2283593525,2300371995,2254400409,2260737766,0.01,0.01,0.01,0.01,0.00874,0.010178,0.005864,0.008458,0.009097,0.011669,0.006555,0.010111,71.82,28.18,2.55,72.96,27.04,2.7,67.14,32.86,2.04,525952.11572,380601.15969,582457.89504477,381281.15969,,,,,,,,
2024-01-22,2457.02,2466.46,2302.21,2314.33,8673726492.2805,2260737766,2327648864,2151058972,2171934083,0.01,0.01,0.01,0.01,0.008458,0.014158,0.007299,0.009244,0.010111,0.015801,0.006582,0.008187,71.44,28.56,2.5,72.26,27.74,2.61,66.92,33.08,2.02,12124170.7412,1936771.62867,15593321.46834324,1944490.32189284,,,,,,,,
2024-01-23,2314.33,2351.76,2167.5,2241.67,9796897100.7014,2171934083,2201804525,1916260008,1934585968,0.01,0.01,0.01,0.01,0.009244,0.014455,0.006317,0.006745,0.008187,0.017742,0.00384,0.004938,74.62,25.38,2.94,75.05,24.95,3.01,67.01,32.99,2.03,10834639.86015,7031537.73518,15516615.5529333,7062613.99938004,,,,,,,,
2024-01-24,2241.67,2264.44,2195,2234.62,5029982841.97,1934585968,1936154173,1867802799,1908267951,0.01,0.01,0.01,0.01,0.006745,0.011758,0.006214,0.009837,0.004938,0.014199,0.004938,0.010644,73.83,26.17,2.82,73.11,26.89,2.72,65.62,34.38,1.91,2218330.61696,2308067.74736,2319406.23880253,2342698.04655328,,,,,,,,
2024-01-25,2234.62,2242.55,2169.04,2218.02,4606161364.791,1908267951,1952402098,1886322184,1912007671,0.01,0.01,0.01,0.01,0.009837,0.012615,0.007151,0.009603,0.010644,0.013985,0.006441,0.009149,73.85,26.15,2.82,73.69,26.31,2.8,65.25,34.75,1.88,2784072.43721,6306543.36382,3201515.70991221,6331164.57740324,,,,,,,,
2024-01-26,2218.01,2281.96,2195.15,2266.72,5072599985.3722,1912007671,1998495248,1906749740,1956552301,0.01,0.01,0.006,0.006873,0.009603,0.011891,0.00576,0.007458,0.009149,0.015079,0.001033,0.006344,73.96,26.04,2.84,74.51,25.49,2.92,65.01,34.99,1.86,1497680.67763,6039574.17008,1703481.51561476,6049609.16211896,,,,,,,,
2024-01-27,2266.73,2283.35,2250.33,2266.99,2141771563.2284,1956552301,1965635567,1919144929,1922747924,0.006873,0.01,0.006565,0.006574,0.007458,0.011606,0.006216,0.007181,0.006344,0.013362,0.004602,0.006919,71.89,28.11,2.56,71.65,28.35,2.53,63.34,36.66,1.73,464519.33981,411227.3387,490582.754554,420828.0787,,,,,,,,
2024-01-28,2267,2308,2236.56,2256,3632645832.3924,1922747924,1939318255,1835244719,1854526065,0.006574,0.01,0.005761,0.01,0.007181,0.0093,0.000465,0.008313,0.006919,0.009397,-0.002052,0.008069,73.23,26.77,2.74,74.07,25.93,2.86,63.43,36.57,1.73,2418244.03863,3103909.82885,2534128.33354802,3124978.9485968,,,,,,,,
2024-01-29,2256,2322.53,2232,2316.52,4461192290.8607,1854526065,1972785217,1847881686,1963904684,0.01,0.01,0.01,0.01,0.008313,0.012636,0.00373,0.007784,0.008069,0.013806,-0.000279,0.006953,73.19,26.81,2.73,73.94,26.06,2.84,63.87,36.13,1.77,2455192.93371,4046546.62463,2715892.10563534,4190345.17507152,,,,,,,,
2024-01-30,2316.53,2392.84,2295.1,2341.95,5568693641.9549,1963904684,2067111490,1950830549,1971554305,0.01,0.01,0.005245,0.01,0.007784,0.008953,0.004074,0.008921,0.006953,0.007708,0.001743,0.007664,70.93,29.07,2.44,71.88,28.12,2.56,64.71,35.29,1.83,5051759.72842,4849585.92118,5108563.22174852,5226716.46022046,,,,,,,,
2024-01-31,2341.96,2351.23,2261.88,2282,6035736970.8102,1971554305,1983477057,1878441921,1901413519,0.01,0.01,0.005582,0.005582,0.008921,0.012762,0.005006,0.005023,0.007664,0.014642,0.003811,0.003905,66.45,33.55,1.98,69.32,30.68,2.26,64.45,35.55,1.81,6595718.60572,3031262.66889,7081518.53844878,3055335.17077,,,,,,,,
2024-02-01,2281.99,2311.51,2237,2303.33,4317806999.4921,1901413519,1963618102,1866394625,1961435990,0.005582,0.01,0.005231,0.01,0.005023,0.009228,0.004497,0.007754,0.003905,0.009917,0.000935,0.006725,73.1,26.9,2.72,73.61,26.39,2.79,63.68,36.32,1.75,3806761.81631,1501792.98557,3994624.325884,1533022.11297,,,,,,,,
2024-02-02,2303.32,2324.9,2280.05,2307.99,3488673056.692,1961435990,1993278614,1914176335,1928351843,0.01,0.01,0.003104,0.008076,0.007754,0.013714,-0.000192,0.00813,0.006725,0.016429,-0.004072,0.007421,70.28,29.72,2.37,71.63,28.37,2.53,63.02,36.98,1.7,1893070.05583,2053647.94233,1903226.6685,2098134.19473,,,,,,,,
2024-02-03,2308,2330.45,2291,2295.42,2167201214.0163,1928351843,1997411216,1925754287,1955259993,0.008076,0.01,0.003187,0.003187,0.00813,0.012107,0.002374,0.002772,0.007421,0.01432,-0.001306,0.001263,69.25,30.75,2.25,70.41,29.59,2.38,63.06,36.94,1.71,1221925.99629,966364.14053,1263214.55072,1025524.14053,,,,,,,,
2024-02-04,2295.41,2311,2261.51,2288.66,2738353319.7933,1955259993,1963992656,1892046163,1911480650,0.003187,0.01,0.002906,0.01,0.002772,0.009317,0.001614,0.00575,0.001263,0.010033,-0.001879,0.004857,71.22,28.78,2.48,72.66,27.34,2.66,62.67,37.33,1.68,1213713.82351,1794276.05894,1242450.6478684,1911206.99873,,,,,,,,
2024-02-05,2288.66,2338,2267.62,2300.83,3893676970.8685,1911480650,2067905648,1903639974,1946669936,0.01,0.01,0.005696,0.005696,0.00575,0.010611,-0.002159,0.007347,0.004857,0.011538,-0.003981,0.006254,72.47,27.53,2.63,73.16,26.84,2.73,63.22,36.78,1.72,3264393.04689,1574576.67199,3342419.94561,1631412.5598836,,,,,,,,
2024-02-06,2300.83,2392,2297.74,2371.74,5141782515.1639,1946669936,2122065718,1941772005,2115020866,0.005696,0.01,0.004839,0.007663,0.007347,0.010593,0.004102,0.004122,0.006254,0.010192,0.000984,0.001916,72.41,27.59,2.63,72.0,28.0,2.57,63.11,36.89,1.71,613619.75312,8353110.16233,651407.4183,8924550.85113286,,,,,,,,
2024-02-07,2371.74,2445,2352.06,2424.22,5154911272.4418,2115020866,2138733570,2029238895,2098732845,0.007663,0.01,0.00392,0.01,0.004122,0.009502,-0.000323,0.00721,0.001916,0.010536,-0.003225,0.005961,57.49,42.51,1.35,61.48,38.52,1.6,62.34,37.66,1.66,1437562.32925,3890855.53838,1497479.01555,4165521.85768074,,,,,,,,
2024-02-08,2424.21,2463.28,2410.16,2418.76,4642887391.9788,2098732845,2127648186,2028751101,2045436875,0.01,0.01,0.004604,0.007755,0.00721,0.014343,0.004569,0.010109,0.005961,0.014327,0.002314,0.009016,56.71,43.29,1.31,60.08,39.92,1.51,61.49,38.51,1.6,2431504.44056,2188249.74064,2767941.07232373,2595416.56755768,,,,,,,,
2024-02-09,2418.77,2528.66,2418.26,2485.24,7221145041.2996,2045436875,2127300354,2037529917,2038527852,0.007755,0.01,0.007664,0.007838,0.010109,0.01495,0.00096,0.008396,0.009016,0.013941,0.000971,0.008819,60.45,39.55,1.53,63.47,36.53,1.74,60.54,39.46,1.53,2695063.02464,4022746.07325,4903857.48117087,4436668.19010228,,,,,,,,
2024-02-10,2485.25,2516.12,2470.04,2499.2,3292558749.7558,2038527852,2114415850,2038527852,2078456723,0.007838,0.01,0.007817,0.01,0.008396,0.011443,0.006729,0.010416,0.008819,0.013607,0.005109,0.009042,58.92,41.08,1.43,61.32,38.68,1.59,62.37,37.63,1.66,2095476.83088,3921733.43773,2729464.49618226,3941304.9109232,,,,,,,,
2024-02-11,2499.2,2539.2,2492.16,2506.1,3827876647.1874,2078456723,2160510796,2073992646,2094585247,0.01,0.01,0.004216,0.00506,0.010416,0.013547,0.002818,0.006436,0.009042,0.011449,0.003787,0.005738,58.19,41.81,1.39,61.84,38.16,1.62,62.52,37.48,1.67,1959625.56519,1409958.29795,2028656.04118634,1560414.26421,,,,,,,,
2024-02-12,2506.11,2667.74,2470.05,2660.91,8120720972.2735,2094585247,2323786982,2049627554,2321030701,0.00506,0.01,0.005013,0.01,0.006436,0.024511,0.006436,0.024166,0.005738,0.025275,0.005738,0.024223,59.12,40.88,1.45,62.12,37.88,1.64,62.08,37.92,1.64,2746432.01785,8256924.2989,4305715.22709347,8914973.5433446,,,,,,,,
2024-02-13,2660.92,2688.8,2585.7,2640.83,8773946788.9151,2321030701,2405295623,2288032574,2301936500,0.01,0.01,0.01,0.01,0.024166,0.026327,0.013893,0.013893,0.024223,0.028222,0.013765,0.016197,56.34,43.66,1.29,58.62,41.38,1.42,61.86,38.14,1.62,12319681.72313,6514207.70051,14221095.98291614,6744926.1084617,,,,,,,,
2024-02-14,2640.88,2788.88,2619.12,2776.14,7757885365.8083,2301936500,2458275933,2288553719,2429423303,0.01,0.015365,0.01,0.01,0.013893,0.02645,0.006345,0.019074,0.016197,0.023575,0.002646,0.018998,59.42,40.58,1.46,64.99,35.01,1.86,62.13,37.87,1.64,2097222.03371,8821232.74923,2244671.65797446,10944951.0242806,,,,,,,,
2024-02-15,2776.14,2870.98,2758.57,2824.54,9686286098.499,2429423303,2562634786,2405643519,2463466199,0.01,0.016568,0.01,0.011125,0.019074,0.029016,0.013447,0.019729,0.018998,0.030997,0.011277,0.019874,55.11,44.89,1.23,58.46,41.54,1.41,62.13,37.87,1.64,4086442.44003,9387880.64137,4326975.80696195,10972371.38943669,,,,,,,,
2024-02-16,2824.53,2859.83,2732.7,2803.69,7688936548.6489,2463466199,2519083451,2369268672,2400003547,0.011125,0.01426,0.01,0.01,0.019729,0.020966,0.012977,0.013021,0.019874,0.020706,0.011035,0.01379,56.75,43.25,1.31,59.43,40.57,1.47,62.51,37.49,1.67,5504944.26458,4159136.49856,7308658.92317823,4350871.43577845,,,,,,,,
2024-02-17,2803.7,2806.09,2718.35,2787.43,4921403821.5477,2400003547,2436710592,2333939350,2418054241,0.01,0.019055,0.01,0.01,0.013021,0.019019,0.008982,0.012468,0.01379,0.02073,0.007121,0.011924,58.73,41.27,1.42,60.91,39.09,1.56,61.62,38.38,1.61,3850171.54042,2941936.77766,4763251.31178114,2993000.69158,,,,,,,,
2024-02-18,2787.44,2899,2764.8,2883.58,5955565385.0515,2418054241,2517376187,2396368753,2505962296,0.01,0.011326,0.01,0.01,0.012468,0.021125,0.008164,0.018168,0.011924,0.017229,0.005592,0.016624,57.89,42.11,1.38,60.53,39.47,1.53,62.36,37.64,1.66,2202863.96137,4541508.52029,2214496.83387,4977051.8362418,,,,,,,,
2024-02-19,2883.56,2988.22,2856.4,2946.55,8446441451.8722,2505962296,2691718074,2489750029,2596610281,0.01,0.028351,0.01,0.026476,0.018168,0.029696,0.012811,0.028031,0.016624,0.027933,0.004507,0.026575,56.45,43.55,1.3,58.73,41.27,1.42,61.52,38.48,1.6,2694792.13066,8392517.35151,2921694.65222561,9861196.43337332,,,,,,,,
2024-02-20,2946.55,3036.83,2873.6,3017.21,13548620087.9177,2596610281,2724591133,2524711879,2698403739,0.026476,0.029725,0.01,0.020319,0.028031,0.028031,0.006414,0.018173,0.026575,0.026575,0.001695,0.017971,56.21,43.79,1.28,58.57,41.43,1.41,61.4,38.6,1.59,6157364.94307,10368028.50703,7180467.00386408,11757630.33425126,,,,,,,,
2024-02-21,3017.22,3020,2867.87,2969.65,11926830804.4945,2698403739,2753364675,2567375199,2631820612,0.020319,0.025547,0.01,0.01,0.018173,0.029023,0.008592,0.014489,0.017971,0.02689,0.007994,0.013248,55.49,44.51,1.25,57.74,42.26,1.37,61.54,38.46,1.6,8160436.30675,4874650.04194,9220292.863234,5089595.76197703,,,,,,,,
2024-02-22,2969.66,3044,2907.16,2972.8,12075046447.9055,2631820612,2800070385,2542127301,2605074887,0.01,0.017585,0.01,0.01,0.014489,0.028378,0.01004,0.013399,0.013248,0.025321,0.00323,0.010674,62.74,37.26,1.68,64.22,35.78,1.8,61.51,38.49,1.6,5312939.09614,6500697.58637,5836158.11429306,6810719.33834524,,,,,,,,
2024-02-23,2972.8,2996,2906.62,2923.35,7359214877.9002,2605074887,2636574719,2520478344,2536387572,0.01,0.01,0.01,0.01,0.013399,0.013399,0.004401,0.008883,0.010674,0.01245,0.002808,0.008351,58.22,41.78,1.39,60.57,39.43,1.54,61.7,38.3,1.61,5213512.4186,1891527.57124,5964585.91362781,1915217.56082,,,,,,,,
2024-02-24,2923.36,3009.29,2907.16,2994.39,4298585169.5213,2536387572,2647745813,2536340806,2646031341,0.01,0.01,0.01,0.01,0.008883,0.013164,0.007437,0.01227,0.008351,0.013849,0.005914,0.013164,63.09,36.91,1.71,64.12,35.88,1.79,61.2,38.8,1.58,1263220.06776,3072908.58844,1304681.07392,3126883.93705,,,,,,,,
2024-02-25,2994.39,3131,2985.23,3115.24,9030291055.0371,2646031341,2989864800,2642749496,2983664632,0.01,0.061426,0.01,0.059583,0.01227,0.049235,0.011887,0.047121,0.013164,0.049157,0.010612,0.047366,55.1,44.9,1.23,56.49,43.51,1.3,60.45,39.55,1.53,1234423.97341,7096763.04813,1250448.79159,9322122.80107812,,,,,,,,
2024-02-26,3115.24,3200,3037.25,3178.6,11920200673.0674,2983664632,3020969138,2758513857,2786344902,0.059583,0.060381,0.018258,0.028572,0.047121,0.047121,0.015698,0.027451,0.047366,0.047366,0.016973,0.027948,51.85,48.15,1.08,54.16,45.84,1.18,60.47,39.53,1.53,4753135.55216,11446953.36154,5276306.7088567,13507001.7219291,,,,,,,,
2024-02-27,3178.6,3295.57,3168.29,3244.98,10999815212.3834,2786344902,2817658253,2668410044,2702502028,0.028572,0.098711,0.025906,0.033607,0.027451,0.077846,0.022827,0.025944,0.027948,0.085844,0.023404,0.028605,54.97,45.03,1.22,58.3,41.7,1.4,61.89,38.11,1.62,13987470.79645,5804750.85743,14577792.66383951,7380289.22996648,,,,,,,,
2024-02-28,3244.99,3502.07,3152.94,3387.07,21603976508.8021,2702502028,3046582069,2602208672,2714238976,0.033607,0.080355,0.030771,0.062685,0.025944,0.081444,0.023506,0.051506,0.028605,0.090927,0.026455,0.055153,59.66,40.34,1.48,61.43,38.57,1.59,64.32,35.68,1.8,10606350.42023,23821048.8302,14164695.62391264,26792192.71722379,,,,,,,,
2024-02-29,3387.08,3531,3300.39,3343.15,15658381502.0816,2714238976,3021498529,2714238976,2832038136,0.062685,0.104352,0.053244,0.053244,0.051506,0.085359,0.044493,0.050749,0.055153,0.088864,0.043513,0.05347,67.88,32.12,2.11,68.48,31.52,2.17,65.77,34.23,1.92,14125591.41345,6371562.70475,15805280.78427906,6583141.2642447,,,,,,,,
2024-03-01,3343.16,3456,3342.18,3435.82,7831071747.0642,2832038136,2873951947,2779744712,2811142410,0.053244,0.058554,0.038524,0.048991,0.050749,0.054219,0.026899,0.033265,0.05347,0.060159,0.03246,0.036865,69.52,30.48,2.28,71.85,28.15,2.55,66.37,33.63,1.97,2345526.34444,9334095.87287,2445423.152921,9550925.0359,,,,,,,,
2024-03-02,3435.83,3475,3390,3424.43,4749632537.0271,2811142410,2832545891,2755957667,2788409620,0.048991,0.0696,0.039105,0.039105,0.033265,0.052136,0.02711,0.030263,0.036865,0.05912,0.031308,0.03439,68.08,31.92,2.13,69.0,31.0,2.23,66.44,33.56,1.98,2212423.78881,1552348.79617,2278154.32543382,1559110.3225135,,,,,,,,
2024-03-03,3424.43,3496.78,3355.88,3491.77,6486743245.6004,2788409620,2840461728,2743523421,2836856520,0.039105,0.05085,0.03552,0.041838,0.030263,0.048092,0.018918,0.040847,0.03439,0.051782,0.01952,0.043172,70.95,29.05,2.44,72.27,27.73,2.61,66.88,33.12,2.02,3795571.68593,3916533.32258,5209755.67984012,4079338.999522,,,,,,,,
2024-03-04,3491.78,3644.77,3420.22,3629.72,13818014097.7059,2836856520,2856834526,2683850502,2766030460,0.041838,0.063523,0.027862,0.038959,0.040847,0.071476,0.025811,0.034571,0.043172,0.073539,0.025868,0.036415,67.53,32.47,2.08,69.9,30.1,2.32,67.28,32.72,2.06,4925169.95706,14199879.71109,5285280.50488338,14517215.76931624,,,,,,,,
2024-03-05,3629.72,3827.93,3205,3555.43,30468251915.9894,2766030460,3035932850,2352848489,2555559336,0.038959,0.123163,0.020823,0.020823,0.034571,0.119753,0.029703,0.032531,0.036415,0.120443,0.032432,0.032916,68.48,31.52,2.17,70.2,29.8,2.36,67.41,32.59,2.07,30002085.06866,18577620.27831,41814629.42007427,24952222.51238795,,,,,,,,
2024-03-06,3555.43,3906.42,3501,3822.36,18750612859.1161,2555559336,2998980945,2521032019,2865236151,0.020823,0.056758,0.01,0.035736,0.032531,0.064512,0.017214,0.02923,0.032916,0.060812,0.016144,0.030598,73.43,26.57,2.76,76.08,23.92,3.18,68.99,31.01,2.23,8859917.84227,14213388.5008,10866749.41452824,15988356.43749516,,,,,,,,
2024-03-07,3822.35,3939,3736.44,3871.69,10911337954.6881,2865236151,3024622910,2850678616,2925014375,0.035736,0.047254,0.035148,0.042987,0.02923,0.045895,0.028641,0.034107,0.030598,0.044872,0.030335,0.037396,69.12,30.88,2.24,71.06,28.94,2.46,68.9,31.1,2.22,4582765.23546,9197022.76516,5441371.15462406,9330577.40936595,,,,,,,,
2024-03-08,3871.69,4003.33,3826.08,3886.04,14152008375.7484,2925014375,3195870468,2922405943,2976946560,0.042987,0.064071,0.033201,0.033201,0.034107,0.072812,0.026629,0.026629,0.037396,0.061996,0.030636,0.030636,69.35,30.65,2.26,72.38,27.62,2.62,70.16,29.84,2.35,7660551.42828,10389620.39251,8236179.71979738,10694906.49156096,,,,,,,,
2024-03-09,3886.04,3945.88,3871.46,3908.15,4132818941.3351,2976946560,3064181106,2973811742,3052863923,0.033201,0.040517,0.028585,0.034732,0.026629,0.044378,0.023116,0.032788,0.030636,0.044992,0.028019,0.033462,71.96,28.04,2.57,74.75,25.25,2.96,69.61,30.39,2.29,2122858.10179,2120257.54655,2270052.08424,2121846.84671,,,,,,,,
2024-03-10,3908.16,3970.84,3791.19,3881.22,7102403723.3927,3052863923,3085783608,2919684574,3003229474,0.034732,0.055434,0.027798,0.029368,0.032788,0.062598,0.025959,0.03177,0.033462,0.060733,0.030683,0.035653,73.0,27.0,2.7,75.26,24.74,3.04,68.69,31.31,2.19,5067966.69411,4698728.09946,6367646.24381585,5279658.42782136,,,,,,,,
2024-03-11,3881.32,4095.16,3719,4070.52,15100194688.9482,3003229474,3214651486,2866010815,3206270485,0.029368,0.123814,0.027021,0.068027,0.03177,0.123164,0.031085,0.066743,0.035653,0.120228,0.034724,0.068279,72.33,27.67,2.61,73.43,26.57,2.76,68.15,31.85,2.14,3805238.18544,7225899.56616,4723106.88072236,9276308.37452,,,,,,,,
2024-03-12,4070.52,4098.64,3831.95,3984.18,14508620891.1145,3206270485,3244501593,3079017097,3176006988,0.068027,0.073433,0.034177,0.046923,0.066743,0.07598,0.031824,0.047056,0.068279,0.075436,0.037318,0.049267,65.91,34.09,1.93,70.52,29.48,2.39,70.28,29.72,2.37,7853382.27225,5426525.45804,11621487.74054486,6315988.81047,,,,,,,,
2024-03-13,3984.18,4091.65,3935,4008.76,9809630075.553,3176006988,3270401016,3106925601,3187785686,0.046923,0.068935,0.040982,0.040982,0.047056,0.070718,0.031696,0.035936,0.049267,0.069409,0.038696,0.041429,73.38,26.62,2.76,75.12,24.88,3.02,71.64,28.36,2.53,3867576.83412,4979441.03571,4779716.89511079,5326295.71178,,,,,,,,
2024-03-14,4008.76,4015.45,3725.03,3884.99,14848753490.6882,3187785686,3296470176,3073483497,3179811952,0.040982,0.057264,0.033963,0.040376,0.035936,0.061871,0.033504,0.039981,0.041429,0.063824,0.03912,0.039164,74.43,25.57,2.91,74.95,25.05,2.99,71.83,28.17,2.55,10074092.96369,5177505.33248,15439411.58603489,5639308.82495986,,,,,,,,
2024-03-15,3884.99,3938.16,3566,3745,20014920424.577,3179811952,3232406845,2913326880,3063597780,0.040376,0.04298,0.018856,0.018856,0.039981,0.052141,0.020113,0.020655,0.039164,0.052358,0.021815,0.021902,78.03,21.97,3.55,78.45,21.55,3.64,72.29,27.71,2.61,15636557.69721,16112701.48177,26884732.36197,18918091.708414,,,,,,,,
2024-03-16,3745.01,3784.87,3468.84,3525.58,9957867361.2754,3063597780,3109801534,2867453619,2929826883,0.018856,0.034248,0.013207,0.013396,0.020655,0.033196,0.020655,0.023326,0.021902,0.032288,0.020891,0.022033,79.36,20.64,3.85,80.39,19.61,4.1,74.18,25.82,2.87,15149025.31992,6155767.68769,19094722.68362895,6439015.00633,,,,,,,,
2024-03-17,3525.57,3682.95,3414.72,3646.99,9814353457.7815,2929826883,3071153882,2850983632,3034546227,0.013396,0.033815,0.011068,0.017276,0.023326,0.032623,0.014342,0.015391,0.022033,0.028191,0.014836,0.016123,81.25,18.75,4.33,81.9,18.1,4.53,72.03,27.97,2.58,3414181.7542,8286890.82171,4650456.61632154,8697533.50104556,,,,,,,,
2024-03-18,3646.99,3648.78,3454.72,3523.43,9959345670.0633,3034546227,3077392955,2951685631,3010630681,0.017276,0.035148,0.017276,0.028208,0.015391,0.032732,0.015391,0.02429,0.016123,0.034792,0.016123,0.028073,78.05,21.95,3.56,76.92,23.08,3.33,72.7,27.3,2.66,13903200.52094,4363525.58506,15359371.64714924,4465041.55527,,,,,,,,
2024-03-19,3523.44,3551.99,3153,3161,19521481715.4975,3010630681,3035217905,2542217223,2571796212,0.028208,0.028494,0.010863,0.01604,0.02429,0.03058,0.00776,0.010897,0.028073,0.029596,0.008038,0.009528,79.43,20.57,3.86,79.13,20.87,3.79,73.15,26.85,2.72,24335553.39037,6841618.75802,33219237.90465469,7039528.82672,,,,,,,,
2024-03-20,3160.99,3539.16,3055,3517.8,23415383456.4266,2571796212,2715609484,2440673157,2682774797,0.01604,0.020571,0.01,0.019612,0.010897,0.017576,0.00678,0.017253,0.009528,0.017439,0.005774,0.016869,82.29,17.71,4.65,82.94,17.06,4.86,69.83,30.17,2.32,12449629.3113,19083587.47106,16345572.69870983,20368836.38266506,,,,,,,,
2024-03-21,3517.81,3590.53,3414.06,3495.16,12094851222.2473,2682774797,2791530180,2617381932,2706779558,0.019612,0.025389,0.013451,0.02282,0.017253,0.024173,0.013305,0.021326,0.016869,0.02517,0.013355,0.02174,74.39,25.61,2.91,74.31,25.69,2.89,67.25,32.75,2.05,6787993.14375,6746976.70191,7279074.31320802,7155697.86380174,,,,,,,,
2024-03-22,3495.16,3545.36,3250.1,3339,13035377953.078,2706779558,2803019291,2566921398,2635098706,0.02282,0.025435,0.010455,0.010513,0.021326,0.026149,0.011593,0.012138,0.02174,0.02299,0.011015,0.012016,73.96,26.04,2.84,76.92,23.08,3.33,70.0,30.0,2.33,14988405.10747,8004100.57206,17303487.5465688,10380610.400232,,,,,,,,
2024-03-23,3338.99,3438,3271.38,3330.96,6949944625.9571,2635098706,2737042049,2599760506,2605150735,0.010513,0.015416,0.01,0.012887,0.012138,0.018381,0.011952,0.014255,0.012016,0.01796,0.011952,0.015451,81.19,18.81,4.32,81.82,18.18,4.5,70.69,29.31,2.41,3990105.55865,5300188.15606,4213874.80872288,6405131.89147611,,,,,,,,
2024-03-24,3330.98,3474.16,3301.46,3457.16,6297038101.6981,2605150735,2728642290,2593476951,2708818661,0.012887,0.022945,0.010411,0.020294,0.014255,0.021137,0.012158,0.019445,0.015451,0.021429,0.012632,0.019978,78.42,21.58,3.63,78.89,21.11,3.74,69.65,30.35,2.3,2034349.84794,10793678.37366,2405972.3422831,11048032.54436,,,,,,,,
2024-03-25,3457.16,3665.1,3422.18,3592.94,8954272774.4102,2708818661,2985907252,2677974930,2965996085,0.020294,0.043362,0.01,0.039109,0.019445,0.044637,0.010023,0.042381,0.019978,0.044036,0.010056,0.04168,75.64,24.36,3.11,75.52,24.48,3.09,69.78,30.22,2.31,2801300.48711,8127887.82072,3120084.465504,8679875.81564,,,,,,,,
2024-03-26,3592.94,3684.45,3545.63,3589.64,8786259588.2964,2965996085,3094588342,2927670379,2997078903,0.039109,0.040725,0.017647,0.024732,0.042381,0.046784,0.019496,0.03071,0.04168,0.044516,0.021488,0.030266,73.49,26.51,2.77,76.93,23.07,3.34,70.4,29.6,2.38,4352566.25305,3197715.74591,5045465.11832646,3443798.00338,,,,,,,,
2024-03-27,3589.65,3671.94,3461.18,3504.99,10365566874.6377,2997078903,3107583002,2919889636,2985007547,0.024732,0.038996,0.021293,0.038952,0.03071,0.046348,0.022952,0.040489,0.030266,0.040506,0.021156,0.03972,76.02,23.98,3.17,78.58,21.42,3.67,72.13,27.87,2.59,7968766.4624,3936516.34482,10371910.00028004,4174502.8586722,,,,,,,,
2024-03-28,3504.99,3615.83,3466.97,3563.99,7023678615.9503,2985007547,3065743331,2960447840,3006399094,0.038952,0.040464,0.03248,0.034157,0.040489,0.050729,0.031754,0.036864,0.03972,0.045173,0.033226,0.037504,78.63,21.37,3.68,79.48,20.52,3.87,72.19,27.81,2.6,2340758.92668,2592014.5964,2657704.95227125,2751878.37043796,,,,,,,,
2024-03-29,3564,3588.93,3475,3512.46,6112211895.0162,3006399094,3122177057,3002147502,3064497417,0.034157,0.042791,0.019944,0.024188,0.036864,0.04369,0.02188,0.024595,0.037504,0.04428,0.021551,0.025023,76.89,23.11,3.33,78.07,21.93,3.56,72.3,27.7,2.61,2698441.2691,2079611.60566,4130604.30545486,2157138.00346,,,,,,,,
2024-03-30,3512.47,3569.97,3486.51,3508.66,4433539603.6956,3064497417,3168112902,3059402131,3104522805,0.024188,0.046296,0.024188,0.026507,0.024595,0.049425,0.021037,0.029657,0.025023,0.048226,0.024007,0.03016,79.61,20.39,3.9,80.04,19.96,4.01,72.2,27.8,2.6,1918578.91249,1300675.72662,2253660.73779225,1457431.92212847,,,,,,,,
2024-03-31,3508.66,3661.08,3507.39,3648.79,5541962097.7039,3104522805,3388199505,3103875861,3286118543,0.026507,0.077471,0.025674,0.060936,0.029657,0.073965,0.02914,0.06583,0.03016,0.07105,0.029029,0.065719,80.12,19.88,4.03,81.63,18.37,4.44,72.14,27.86,2.59,784759.13534,4406678.10051,787436.89723076,4778451.63641348,,,,,,,,
2024-04-01,3648.8,3649.67,3413,3506.52,9690877425.6571,3286118543,3286118543,3015677260,3106013859,0.060936,0.060936,0.01506,0.01506,0.06583,0.069629,0.01877,0.019923,0.065719,0.067493,0.018134,0.018635,73.57,26.43,2.78,76.1,23.9,3.18,73.77,26.23,2.81,6693521.09476,1940500.94499,8962480.4430155,2398714.5414,,,,,,,,
2024-04-02,3506.52,3508.44,3212,3280.76,13191684159.2193,3106013859,3113119783,2781788743,2800793124,0.01506,0.02009,0.01,0.01,0.019923,0.024389,0.006688,0.007596,0.018635,0.022873,0.006351,0.007514,80.17,19.83,4.04,80.51,19.49,4.13,73.14,26.86,2.72,11697962.85085,4809300.95978,24122648.46704133,22248379.65474268,,,,,,,,
2024-04-03,3280.67,3370,3203.12,3313.29,8811379001.8976,2800793124,2850547888,2739286955,2771520938,0.01,0.010165,0.01,0.01,0.007596,0.017118,0.007378,0.010971,0.007514,0.01579,0.007514,0.012462,82.2,17.8,4.62,82.11,17.89,4.59,70.26,29.74,2.36,4090441.70101,10750658.03716,4672878.0488314,11419867.16773385,,,,,,,,
2024-04-04,3313.28,3446.48,3252.59,3329.65,8169659008.9283,2771520938,2882631572,2713052973,2767129508,0.01,0.01,0.01,0.01,0.010971,0.015794,0.008258,0.010238,0.012462,0.013691,0.007811,0.011105,79.5,20.5,3.88,78.31,21.69,3.61,68.23,31.77,2.15,5392538.38843,4999183.71795,8469182.13406051,5322762.90225,,,,,,,,
2024-04-05,3329.66,3352.07,3208,3319.66,8604060900.5535,2767129508,2886414976,2731089021,2835658784,0.01,0.017751,0.01,0.016753,0.010238,0.017391,0.00866,0.01499,0.011105,0.02,0.009205,0.017216,79.48,20.52,3.87,78.53,21.47,3.66,67.88,32.12,2.11,7220811.50669,4842128.6288,8801358.26559291,5115152.502714,,,,,,,,
2024-04-06,3319.66,3402.72,3308,3353.15,3784631190.0676,2835658784,2896263876,2809359438,2809359438,0.016753,0.017588,0.01,0.01,0.01499,0.01499,0.009081,0.00964,0.017216,0.017478,0.009105,0.009466,79.08,20.92,3.78,79.76,20.24,3.94,67.26,32.74,2.05,1742149.21003,2647944.29338,1789582.1597238,2727689.64909,,,,,,,,
2024-04-07,3353.16,3462.19,3345.51,3455.99,4908725511.0934,2809359438,2941018610,2804062022,2939500575,0.01,0.01,0.01,0.01,0.00964,0.012323,0.008287,0.010784,0.009466,0.012604,0.007634,0.009531,77.64,22.36,3.47,78.25,21.75,3.6,67.22,32.78,2.05,1088404.96592,4075231.84481,1117090.82027698,4405856.3499324,,,,,,,,
2024-04-08,3456,3735.31,3407.33,3697.6,10242502076.4382,2939500575,3346882237,2878670913,3315125537,0.01,0.041794,0.01,0.024848,0.010784,0.034783,0.009927,0.024428,0.009531,0.037985,0.008891,0.026748,73.56,26.44,2.78,74.66,25.34,2.95,66.56,33.44,1.99,1908472.16392,8515746.26613,2234128.59056857,14209987.55994327,,,,,,,,
2024-04-09,3697.59,3730,3452.3,3508.45,12375679719.8789,3315125537,3354148278,3011164868,3038465262,0.024848,0.024946,0.01,0.01872,0.024428,0.026257,0.011619,0.018835,0.026748,0.028109,0.013486,0.021308,66.17,33.83,1.96,70.1,29.9,2.34,70.09,29.91,2.34,8669025.62032,3480268.50508,11737351.47648853,3609755.62014,,,,,,,,
2024-04-10,3508.46,3567.18,3413.2,3547.64,9907338190.9041,3038465262,3053929175,2950082200,2987746832,0.01872,0.020632,0.01,0.01,0.018835,0.019773,0.009342,0.012685,0.021308,0.022029,0.010093,0.013755,78.62,21.38,3.68,81.76,18.24,4.48,71.47,28.53,2.51,5357747.77411,6440330.77108,6215073.22887172,6945432.68752,,,,,,,,
2024-04-11,3547.64,3621.74,3475.03,3504.43,7911319327.9238,2987746832,3064920504,2884140670,2895629116,0.01,0.016519,0.01,0.01,0.012685,0.014734,0.009808,0.010453,0.013755,0.015897,0.010674,0.011628,78.68,21.32,3.69,79.5,20.5,3.88,69.45,30.55,2.27,3344528.67194,3691623.26359,3877283.2009488,3768589.67118,,,,,,,,
2024-04-12,3504.42,3555,3062.04,3238.3,13037212176.0243,2895629116,2961682473,2465447306,2506889592,0.01,0.014362,0.01,0.01,0.010453,0.015385,0.006688,0.006843,0.011628,0.016633,0.007384,0.00755,78.91,21.09,3.74,79.87,20.13,3.97,69.13,30.87,2.24,12682914.14815,2328503.2523,26524591.04183182,5575729.52797938,,,,,,,,
2024-04-13,3238.31,3305.42,2791.61,3005.46,16403753870.6717,2506889592,2574877128,2061705607,2128796135,0.01,0.01,0.01,0.01,0.006843,0.008839,-0.012513,-0.012513,0.00755,0.008462,-0.004461,-0.004451,81.73,18.27,4.47,80.06,19.94,4.02,64.79,35.21,1.84,18604045.78892,9035137.523,33807966.85050171,9696062.323,,,,,,,,
2024-04-14,3005.47,3173.32,2903,3153.16,12011461410.1829,2128796135,2181591291,2029373487,2170316622,0.01,0.01,0.009942,0.01,-0.012513,0.007346,-0.019965,0.005591,-0.004451,0.006884,-0.008958,0.00588,79.29,20.71,3.83,78.73,21.27,3.7,63.99,36.01,1.78,7848929.24718,9793771.49994,9079529.02622536,10976183.68846858,,,,,,,,
2024-04-15,3153.16,3277.74,3022.08,3100.75,12155298710.6546,2170316622,2278134746,2029433975,2078614429,0.01,0.01,0.002008,0.007975,0.005591,0.008058,-0.002826,0.006621,0.00588,0.008159,-0.000281,0.006055,75.43,24.57,3.07,74.49,25.51,2.92,64.1,35.9,1.79,10116082.80661,4596414.09817,13410845.29963394,5012357.99479867,,,,,,,,
2024-04-16,3100.76,3127.41,2976.43,3082.85,10560043078.1745,2078614429,2094518217,2003879563,2041348375,0.007975,0.01,0.003341,0.00984,0.006621,0.008448,0.001963,0.007167,0.006055,0.008532,0.001481,0.007076,78.64,21.36,3.68,78.68,21.32,3.69,64.39,35.61,1.81,9664766.84868,5363249.77753,10626800.9274836,5486388.48126268,,,,,,,,
2024-04-17,3082.84,3123.12,2912.45,2983.25,9975172419.2149,2041348375,2110309661,1942174023,1956896726,0.00984,0.00984,-0.000546,0.003509,0.007167,0.007167,-0.003493,0.005551,0.007076,0.007076,-0.003245,0.003575,75.84,24.16,3.14,76.09,23.91,3.18,64.58,35.42,1.82,6411918.69705,4896134.70686,8805496.67521416,5101961.0666624,,,,,,,,
2024-04-18,2983.26,3093.59,2949.54,3062.85,8096360543.4063,1956896726,2054483539,1939696584,1990218806,0.003509,0.009985,0.000206,0.004031,0.005551,0.007735,-0.004763,0.001604,0.003575,0.008255,-0.002073,0.004338,79.82,20.18,3.96,79.61,20.39,3.9,64.0,36.0,1.78,3647670.09714,5010093.80304,4628722.8382382,5532841.2134006,,,,,,,,
2024-04-19,3062.85,3128.52,2861.76,3054.91,12152564410.0196,1990218806,2105173624,1887324023,2046106365,0.004031,0.01,-0.002618,0.01,0.001604,0.007584,-0.005361,0.004797,0.004338,0.007891,-0.002397,0.006134,74.82,25.18,2.97,75.42,24.58,3.07,65.33,34.67,1.88,8423645.86174,5907565.21935,11400959.23583046,6532476.369384,,,,,,,,
2024-04-20,3054.91,3173.83,3016.4,3154.31,5020261593.086,2046106365,2122369590,1991268286,2098251916,0.01,0.01,0.00126,0.005493,0.004797,0.006982,-0.004232,0.005682,0.006134,0.007102,-0.001219,0.004188,74.14,25.86,2.87,75.94,24.06,3.16,65.73,34.27,1.92,1458694.1214,2614772.49873,1510406.6528793,2794977.33714,,,,,,,,
2024-04-21,3154.3,3196.41,3114.15,3145.73,4973199801.3564,2098251916,2139239259,2067652807,2086328603,0.005493,0.01,-0.002315,0.003475,0.005682,0.007241,-0.000399,0.004318,0.004188,0.00841,-0.001538,0.003551,69.93,30.07,2.33,71.3,28.7,2.48,65.58,34.42,1.91,2660398.77653,2462182.26153,2763222.37886656,2743614.8239,,,,,,,,
2024-04-22,3145.74,3235,3127.14,3198.66,6532944242.9156,2086328603,2197814946,2075315394,2153198407,0.003475,0.005501,-0.002895,0.000659,0.004318,0.006111,-0.004231,0.002298,0.003551,0.004726,-0.002047,0.001969,73.51,26.49,2.78,74.67,25.33,2.95,66.15,33.85,1.95,2564113.85961,3148067.25526,3020906.64434032,3764562.2474,,,,,,,,
2024-04-23,3198.66,3266.91,3150.31,3218.04,5330074512.5503,2153198407,2227586266,2138145752,2165338110,0.000659,0.009358,-0.001249,0.004694,0.002298,0.007943,-0.002764,0.005018,0.001969,0.008815,-0.002885,0.004238,72.27,27.73,2.61,73.22,26.78,2.73,64.27,35.73,1.8,3163223.9772,2497650.58511,3772381.06641104,2747521.95159,,,,,,,,
2024-04-24,3218.03,3293.38,3102.5,3138.84,7955312676.1403,2165338110,2297648947,2108206611,2144134014,0.004694,0.007907,0.000466,0.000466,0.005018,0.008547,0.003417,0.005245,0.004238,0.008344,0.001715,0.00278,72.38,27.62,2.62,74.37,25.63,2.9,64.61,35.39,1.83,4595195.32697,2638270.52995,6781213.26153508,3016259.97095356,,,,,,,,
2024-04-25,3138.84,3189.97,3070.16,3154.44,7671600462.7913,2144134014,2197971891,2117684858,2127862270,0.000466,0.01,-0.002968,0.001664,0.005245,0.008872,-0.000245,0.002483,0.00278,0.008035,-0.001344,0.000976,78.35,21.65,3.62,77.57,22.43,3.46,63.88,36.12,1.77,3411169.58452,7820618.16748,4283170.69978225,7997044.32322309,33542245.8473,10724.365,33911651.6126,10767.282,33542245.8473,10724.365,33911651.6126,10767.282
2024-04-26,3154.44,3167.2,3100.38,3129.98,5531739048.6069,2127862270,2164083501,2096984197,2137328908,0.001664,0.01,0.000956,0.01,0.002483,0.009107,-0.000931,0.00807,0.000976,0.009074,0.000192,0.008273,75.14,24.86,3.02,75.88,24.12,3.15,63.74,36.26,1.76,3033276.91629,2168176.76993,3399855.70769325,2312476.98635,47870823.574,15243.793,35428559.6775,11193.918,47870823.574,15243.793,35428559.6775,11193.918
2024-04-27,3129.98,3283.54,3062.8,3253.97,6971864380.5495,2137328908,2289141332,2080366221,2266142851,0.01,0.01,0.001762,0.0093,0.00807,0.010902,0.002915,0.010902,0.008273,0.01003,0.000959,0.01003,75.96,24.04,3.16,76.03,23.97,3.17,64.49,35.51,1.82,4129903.25803,4175090.44836,6330068.04548512,13315946.31899807,41705562.5073,13384.712,41639953.9805,13236.138,41705562.5073,13384.712,41639953.9805,13236.138
2024-04-28,3253.97,3365.69,3248.8,3262.28,6603964511.381,2266142851,2452347142,2259647823,2340893454,0.0093,0.01,0.007082,0.00883,0.010902,0.01186,0.005456,0.007571,0.01003,0.012343,0.005955,0.00822,69.09,30.91,2.24,71.67,28.33,2.53,64.91,35.09,1.85,2732981.33868,3245536.62105,3372730.48497942,6789268.24356697,44543451.6923,13743.65,43781858.2454,13380.562,44543451.6923,13743.65,43781858.2454,13380.562
2024-04-29,3262.29,3286.29,3113.02,3215.27,9429373284.8236,2340893454,2367210189,2273346806,2302654803,0.00883,0.01,0.004812,0.007518,0.007571,0.009995,0.002535,0.006923,0.00822,0.010523,0.004298,0.005431,69.45,30.55,2.27,71.92,28.08,2.56,65.51,34.49,1.9,4569142.59282,4614885.57224,7161953.49617903,5675889.72684,58142216.4886,17894.808,34602408.4082,10569.979,58142216.4886,17894.808,34602408.4082,10569.979
2024-04-30,3215.28,3250,2918.33,3012.58,13020897619.0507,2302654803,2320131787,2139980409,2182860163,0.007518,0.009929,0.001865,0.001865,0.006923,0.009961,-0.003957,0.00573,0.005431,0.010687,-0.000382,0.003594,75.29,24.71,3.05,75.91,24.09,3.15,66.4,33.6,1.98,21535924.98449,11463688.37215,29275639.32669474,11684956.7993994,38546778.4412,12034.592,38264162.7494,11848.713,38546778.4412,12034.592,38264162.7494,11848.713
2024-05-01,3012.57,3021.94,2814.44,2970.61,12498907681.3857,2182860163,2190375917,1926337369,1964060599,0.001865,0.009394,-0.000757,-0.000056,0.00573,0.009299,-0.000557,0.003508,0.003594,0.009809,0.000525,0.000525,83.42,16.58,5.03,82.81,17.19,4.82,64.56,35.44,1.82,11683833.69913,6692825.61039,16624965.99981757,7980515.38090036,32650621.1933,10876.388,38826114.1727,12832.729,32650621.1933,10876.388,38826114.1727,12832.729
2024-05-02,2970.61,3016.38,2890,2984.8,6797323552.5182,1964060599,2173787136,1879852062,2124845490,-0.000056,0.01,-0.000221,0.004044,0.003508,0.005431,-0.002726,0.002268,0.000525,0.006599,-0.000679,0.003842,80.86,19.14,4.23,80.36,19.64,4.09,65.41,34.59,1.89,3245709.47334,2761298.47004,3568275.95377182,3811548.05788361,32650621.1933,10876.388,38826114.1727,12832.729,32650621.1933,10876.388,38826114.1727,12832.729
2024-05-03,2984.8,3126.44,2956.86,3100.83,7151691149.8289,2124845490,2282721325,2114714243,2257115798,0.004044,0.00791,-0.001859,0.004214,0.002268,0.004373,-0.003185,0.003083,0.003842,0.00604,-0.001107,0.003708,76.35,23.65,3.23,77.0,23.0,3.35,66.56,33.44,1.99,2175418.19902,15624327.48793,2822076.58933409,16581105.19753,37984945.2081,12783.36,31090872.7523,10378.975,37984945.2081,12783.36,31090872.7523,10378.975
2024-05-04,3100.83,3167.45,3090.75,3115.46,4285219314.4873,2257115798,2341676891,2248571767,2266082341,0.004214,0.01,0.004214,0.008885,0.003083,0.00888,0.001161,0.00835,0.003708,0.009237,0.003205,0.008785,71.13,28.87,2.46,71.63,28.37,2.53,65.74,34.26,1.92,1699928.31341,1558551.37409,1917592.42668916,2063191.5118236,43108508.5211,13952.508,51346059.4969,16470.086,43108508.5211,13952.508,51346059.4969,16470.086
2024-05-05,3115.46,3171.15,3071.1,3135.24,4910484765.9385,2266082341,2341462446,2214858674,2291259916,0.008885,0.01,0.00232,0.005565,0.00835,0.009536,0.003925,0.00495,0.008785,0.009941,0.004171,0.00508,72.65,27.35,2.66,74.39,25.61,2.91,67.05,32.95,2.04,1786750.04624,1960879.31808,3113216.0119538,2239383.47316832,49413037.9929,15933.664,37508940.223,11992.653,49413037.9929,15933.664,37508940.223,11992.653
2024-05-06,3135.24,3221.95,3043.92,3061.5,8247252269.0624,2291259916,2391551961,2170486729,2194461899,0.005565,0.01,0.005565,0.007333,0.00495,0.010843,0.00495,0.007342,0.00508,0.010668,0.00508,0.007332,71.94,28.06,2.56,74.41,25.59,2.91,67.02,32.98,2.03,10480909.72103,2331897.99227,11823062.01121939,3503757.40138364,41211453.2849,13201.39,34591177.1316,10992.343,41211453.2849,13201.39,34591177.1316,10992.343
2024-05-07,3061.51,3128.59,2996.53,3004.55,6751830963.0117,2194461899,2277134109,2118340820,2120476570,0.007333,0.01,0.003588,0.007764,0.007342,0.008236,0.005283,0.007301,0.007332,0.00789,0.004347,0.006626,76.4,23.6,3.24,77.5,22.5,3.44,69.14,30.86,2.24,5068899.53911,2964419.75412,6703691.10264117,3359353.43482,39578517.8026,12984.0,35787093.4666,11646.963,39578517.8026,12984.0,35787093.4666,11646.963
2024-05-08,3004.55,3037.52,2930.64,2972.93,6577135535.9307,2120476570,2225403681,2096771161,2158366751,0.007764,0.01,0.005602,0.01,0.007301,0.011359,0.006497,0.009695,0.006626,0.010629,0.006507,0.009296,79.12,20.88,3.79,78.93,21.07,3.75,67.17,32.83,2.05,4826036.51749,3047551.76794,5950174.01275117,3175382.71925,47082033.5465,15747.465,34740436.8233,11525.903,47082033.5465,15747.465,34740436.8233,11525.903
2024-05-09,2972.94,3058.23,2949,3034.75,5123060886.7981,2158366751,2264668338,2158279022,2219621291,0.01,0.01,0.008067,0.009034,0.009695,0.012176,0.008197,0.008895,0.009296,0.012207,0.007453,0.008207,81.07,18.93,4.28,80.38,19.62,4.1,67.06,32.94,2.04,2294479.29469,3650858.00363,2469823.5481835,4019067.89891,35515875.3732,11989.655,35043346.2243,11745.961,35515875.3732,11989.655,35043346.2243,11745.961
2024-05-10,3034.75,3053.52,2877,2908.85,6695556186.6807,2219621291,2263989750,2131700208,2227840358,0.009034,0.01,0.003117,0.007572,0.008895,0.010622,-0.002261,0.00777,0.008207,0.011159,0.002124,0.006937,78.78,21.22,3.71,78.45,21.55,3.64,68.08,31.92,2.13,5057699.42632,770819.00527,6960284.16271249,812001.8221405,40584878.9088,13422.431,34859668.8261,11444.423,40584878.9088,13422.431,34859668.8261,11444.423
2024-05-11,2908.85,2946.6,2884.6,2911.27,3244218298.2703,2227840358,2247051041,2168290115,2176879276,0.007572,0.01,0.00373,0.007976,0.00777,0.010798,0.006185,0.00796,0.006937,0.012047,0.005189,0.008453,84.16,15.84,5.31,82.36,17.64,4.67,66.72,33.28,2.01,964681.31852,4522694.12665,1013978.31485806,5602600.91984,38916883.9291,13432.699,54697655.7305,18710.823,38916883.9291,13432.699,54697655.7305,18710.823
2024-05-12,2911.27,2954.94,2898.97,2927.73,2935939763.4717,2176879276,2238058379,2176879276,2198957229,0.007976,0.009287,0.005166,0.005829,0.00796,0.008804,0.002596,0.005001,0.008453,0.009668,0.003017,0.004982,82.84,17.16,4.83,80.89,19.11,4.23,66.99,33.01,2.03,1353923.99526,5654005.83029,1441190.17928439,5708288.41323,46035346.8438,15883.286,36588577.1602,12526.757,46035346.8438,15883.286,36588577.1602,12526.757
2024-05-13,2927.73,2996.44,2863.8,2949.71,7308749343.3844,2198957229,2364685730,2176258634,2320703109,0.005829,0.01,0.002526,0.01,0.005001,0.010878,0.001423,0.010409,0.004982,0.012419,0.001952,0.011957,81.37,18.63,4.37,79.5,20.5,3.88,66.76,33.24,2.01,4412713.77467,4357433.39679,11729561.44111778,6127923.78369144,59364879.0009,20373.022,42014802.3553,14286.381,59364879.0009,20373.022,42014802.3553,14286.381
2024-05-14,2949.72,2959.79,2858.14,2880.87,6062587793.5275,2320703109,2344726958,2250772435,2308018069,0.01,0.01,0.005188,0.01,0.010409,0.010409,0.005643,0.009874,0.011957,0.011957,0.00563,0.01028,78.56,21.44,3.66,78.37,21.63,3.62,68.46,31.54,2.17,5019241.1966,1587986.79154,7018497.1910898,1706339.91572,42501244.437,14464.636,41662094.13,14068.764,42501244.437,14464.636,41662094.13,14068.764
2024-05-15,2880.87,3039.52,2861.71,3030.66,7490560625.2803,2308018069,2420177736,2302518979,2414812282,0.01,0.01,0.00645,0.01,0.009874,0.010567,0.004311,0.008325,0.01028,0.010683,0.005784,0.009507,82.75,17.25,4.8,81.58,18.42,4.43,69.26,30.74,2.25,1739740.44032,4438177.13098,3158386.52699768,4867069.67518,50380918.0921,17563.109,38490664.7185,13307.07,50380918.0921,17563.109,38490664.7185,13307.07
2024-05-16,3030.67,3039.95,2920.93,2943.22,6049550676.9047,2414812282,2417782013,2286740767,2318982724,0.01,0.01,0.004618,0.005401,0.008325,0.011488,0.00507,0.005491,0.009507,0.013951,0.006271,0.006271,75.53,24.47,3.09,76.15,23.85,3.19,67.91,32.09,2.12,3973194.57759,624663.75446,7058357.40137611,710720.13083805,40031767.6306,13252.6,39999783.0451,13140.713,40031767.6306,13252.6,39999783.0451,13140.713
2024-05-17,2943.22,3119,2931.36,3090.48,7838262653.5599,2318982724,2644796072,2305957198,2598306284,0.005401,0.01,0.001848,0.007565,0.005491,0.009181,0.003595,0.007442,0.006271,0.009445,0.003417,0.007595,81.97,18.03,4.55,82.83,17.17,4.82,68.28,31.72,2.15,1744220.82889,4185065.0261,2151519.53135605,7518061.39861278,47300824.9833,16136.115,46444386.9852,15722.378,47300824.9833,16136.115,46444386.9852,15722.378
2024-05-18,3090.47,3146.36,3081.59,3121.59,4156983751.9522,2598306284,2679277362,2569965865,2631821575,0.007565,0.008567,0.002763,0.007377,0.007442,0.008962,0.005621,0.008661,0.007595,0.009045,0.005172,0.008368,70.73,29.27,2.42,73.6,26.4,2.79,66.16,33.84,1.96,1505812.76345,1730266.90121,1533337.61266042,1943143.35752725,47300824.9833,16136.115,46444386.9852,15722.378,47300824.9833,16136.115,46444386.9852,15722.378
2024-05-19,3121.6,3135.58,3051.3,3069.98,4166087446.6723,2631821575,2645372710,2518771518,2529244233,0.007377,0.01,0.002925,0.009728,0.008661,0.009824,0.00605,0.009003,0.008368,0.011817,0.004925,0.010155,68.83,31.17,2.21,72.3,27.7,2.61,65.37,34.63,1.89,3023785.92075,549665.34948,3668983.44821445,624740.91103848,45258075.9858,14552.211,62528596.5181,19941.58,45258075.9858,14552.211,62528596.5181,19941.58
2024-05-20,3069.98,3698.86,3045.06,3664.39,18047933128.4435,2529244233,3553883124,2487444411,3504987998,0.009728,0.01,0.00091,0.01,0.009003,0.02016,0.004941,0.02016,0.010155,0.016547,0.004465,0.016534,73.68,26.32,2.8,76.55,23.45,3.26,66.16,33.84,1.96,5178337.49814,11848399.52144,8632713.6291575,24752622.35871696,53628066.8537,17556.926,46789443.227,15173.745,53628066.8537,17556.926,46789443.227,15173.745
2024-05-21,3664.38,3849.26,3628,3792.32,21078470460.9208,3504987998,4107702378,3504987998,4019565233,0.01,0.026127,0.01,0.012493,0.02016,0.035187,0.015269,0.021524,0.016534,0.03287,0.01152,0.022058,58.55,41.45,1.41,61.73,38.27,1.61,67.57,32.43,2.08,9052574.52708,8797962.79952,10490274.15702341,13178795.99107879,42355928.4616,11598.589,37603366.1231,10206.768,42355928.4616,11598.589,37603366.1231,10206.768
2024-05-22,3792.33,3816.84,3655,3740.25,13561415805.807,4019565233,4054409531,3798647003,3934685417,0.012493,0.016965,0.01,0.01,0.021524,0.025237,0.01038,0.014875,0.022058,0.023985,0.009065,0.012681,54.58,45.42,1.2,57.59,42.41,1.36,71.9,28.1,2.56,6394484.40068,5793236.90108,9898111.65513587,6542172.97560944,41303391.8757,10934.226,37415163.2546,9824.144,41303391.8757,10934.226,37415163.2546,9824.144
2024-05-23,3740.25,3952.89,3524.55,3784.8,27823505197.6447,3934685417,4401420259,3865923691,3911263223,0.01,0.014451,0.01,0.01,0.014875,0.02349,0.011267,0.011329,0.012681,0.02083,0.010091,0.010122,58.0,42.0,1.38,62.23,37.77,1.65,72.47,27.53,2.63,10706223.69861,11722783.55165,37209170.29080811,14539644.86760577,47686238.4248,12807.263,35597925.4993,9477.173,47686238.4248,12807.263,35597925.4993,9477.173
2024-05-24,3784.79,3832,3627,3729.61,11955909963.3882,3911263223,3972006723,3764294042,3936042025,0.01,0.01,0.01,0.01,0.011329,0.011774,0.008175,0.008304,0.010122,0.010596,0.00724,0.007446,64.36,35.64,1.81,66.72,33.28,2.01,71.21,28.79,2.47,6325357.49683,3781709.51041,11767695.15507763,4185278.31371134,36439092.2676,9661.847,34067096.5579,8959.236,36439092.2676,9661.847,34067096.5579,8959.236
2024-05-25,3729.61,3782.82,3710.14,3751.15,4299279975.4939,3936042025,4079941044,3918513948,4051292884,0.01,0.01,0.01,0.01,0.008304,0.010657,0.007614,0.01061,0.007446,0.010668,0.006746,0.010422,66.8,33.2,2.01,69.7,30.3,2.3,71.23,28.77,2.48,757011.61023,1743692.81054,825103.7120095,2058858.12263,45481371.4095,12240.848,38961784.7165,10407.425,45481371.4095,12240.848,38961784.7165,10407.425
2024-05-26,3751.16,3887.26,3732.06,3827.53,7268611401.619,4051292884,4440241352,4018576865,4328349834,0.01,0.01,0.01,0.01,0.01061,0.012345,0.009141,0.010287,0.010422,0.011484,0.006842,0.007717,65.46,34.54,1.9,68.11,31.89,2.14,70.44,29.56,2.38,1749688.9176,4277279.93107,2068090.60527416,5563878.07457244,45245727.9171,12113.276,59693483.1307,15843.182,45245727.9171,12113.276,59693483.1307,15843.182
2024-05-27,3827.54,3980,3824.7,3896.09,10831101105.8989,4328349834,4589802706,4317581839,4413652062,0.01,0.01,0.01,0.01,0.010287,0.019867,0.009114,0.014978,0.007717,0.013115,0.007036,0.012717,58.46,41.54,1.41,61.97,38.03,1.63,69.78,30.22,2.31,4475187.79657,6464545.7297,5631974.94048207,7464420.60860752,85421941.6343,22424.346,39288275.9588,10227.061,85421941.6343,22424.346,39288275.9588,10227.061
2024-05-28,3896.09,3934.42,3775.42,3847,10586845589.3862,4413652062,4447388637,4252568425,4262940704,0.01,0.022149,0.01,0.017485,0.014978,0.021475,0.010933,0.018403,0.012717,0.021414,0.012491,0.017791,59.07,40.93,1.44,62.02,37.98,1.63,69.46,30.54,2.27,11208133.82548,3882164.08978,14274577.6346008,4074309.1151932,44581221.4109,11492.365,42374862.8558,10832.401,44581221.4109,11492.365,42374862.8558,10832.401
2024-05-29,3847.01,3891.79,3746.41,3770,8840201339.0675,4262940704,4328253097,4176541612,4290730456,0.017485,0.028424,0.01,0.025421,0.018403,0.021704,0.014466,0.019821,0.017791,0.023039,0.014051,0.021518,65.2,34.8,1.87,67.52,32.48,2.08,71.17,28.83,2.47,4879093.61019,4125213.6659,8437428.09846508,4291716.38543,65863138.6759,17197.946,47300228.9455,12238.491,65863138.6759,17197.946,47300228.9455,12238.491
2024-05-30,3770.01,3828.74,3704.7,3750.39,8797088948.5745,4290730456,4307610169,4118128946,4145871788,0.025421,0.025421,0.01,0.01,0.019821,0.02101,0.009544,0.009571,0.021518,0.022143,0.008923,0.009676,69.69,30.31,2.3,70.57,29.43,2.4,70.68,29.32,2.41,2398087.43985,4592154.6207,3692215.56586977,4761569.964406,51988540.6519,13850.75,108772932.6519,28788.495,51988540.6519,13850.75,108772932.6519,28788.495
2024-05-31,3750.38,3859.53,3725.16,3764.35,8482435926.0372,4145871788,4317560376,4114305496,4242152750,0.01,0.020847,0.01,0.017293,0.009571,0.019595,0.009455,0.017024,0.009676,0.018645,0.009676,0.01641,71.75,28.25,2.54,72.27,27.73,2.61,71.46,28.54,2.5,4299866.822,2974415.14821,6901559.61565379,3336870.58671766,95731193.814,25634.21,60505148.963,16083.031,95731193.814,25634.21,60505148.963,16083.031
2024-06-01,3764.35,3837.2,3754.36,3817.49,3762257985.1415,4242152750,4414687015,4236613872,4390231163,0.017293,0.018602,0.010607,0.0158,0.017024,0.018139,0.010452,0.013659,0.01641,0.016759,0.010246,0.014033,71.45,28.55,2.5,72.36,27.64,2.62,71.34,28.66,2.49,338435.93401,1048952.12602,379529.57242255,1275219.6789582,60434286.8394,16134.557,39509945.9469,10458.374,60434286.8394,16134.557,39509945.9469,10458.374
2024-06-02,3817.5,3841.7,3753.8,3783.98,5315061564.2056,4390231163,4446512926,4223929680,4258392852,0.0158,0.0158,0.01,0.012664,0.013659,0.015908,0.008529,0.014192,0.014033,0.014823,0.008437,0.014506,65.77,34.23,1.92,68.17,31.83,2.14,70.78,29.22,2.42,7806021.01754,2817159.77414,9482801.24077497,3041316.46506748,55998797.7116,14724.387,61288377.9566,15981.131,55998797.7116,14724.387,61288377.9566,15981.131
2024-06-03,3783.98,3854,3760,3769.15,7289576038.0577,4258392852,4432605351,4231047507,4295013991,0.012664,0.020701,0.01,0.01,0.014192,0.021015,0.010193,0.010849,0.014506,0.020115,0.011994,0.012333,71.06,28.94,2.46,72.84,27.16,2.68,72.11,27.89,2.59,3303036.56629,2146643.09611,3740996.3437161,2479938.85954,57883345.0013,15361.606,85607558.4173,22541.22,57883345.0013,15361.606,85607558.4173,22541.22
2024-06-04,3769.14,3835.11,3720,3813.12,6652469161.4622,4295013991,4345110621,4255412281,4302431489,0.01,0.017498,0.01,0.01695,0.010849,0.017639,0.010849,0.01584,0.012333,0.016656,0.011797,0.016213,73.9,26.1,2.83,74.1,25.9,2.86,71.62,28.38,2.52,1596947.51088,2795806.0884,1838607.62615513,2944121.08996,118183672.6854,31477.83,53683389.5449,14198.15,118183672.6854,31477.83,53683389.5449,14198.15
2024-06-05,3813.11,3892.06,3778.91,3868.61,7418252621.8486,4302431489,4368848163,4126307254,4315016591,0.01695,0.025275,0.01,0.019546,0.01584,0.022269,0.012707,0.015595,0.016213,0.022251,0.013924,0.016589,68.84,31.16,2.21,71.59,28.41,2.52,71.75,28.25,2.54,1522336.19124,8190651.98964,11562588.11042521,9421495.85085238,61721713.053,16262.064,60732718.2203,15849.933,61721713.053,16262.064,60732718.2203,15849.933
2024-06-06,3868.6,3881.99,3760,3815.76,5943199001.1224,4315016591,4358750654,4137999849,4199366973,0.019546,0.023457,0.012727,0.016151,0.015595,0.021467,0.012844,0.013191,0.016589,0.02245,0.012392,0.01347,67.2,32.8,2.05,70.69,29.31,2.41,70.97,29.03,2.45,2013253.27343,598593.6705,13238052.41190676,645310.93396,90876489.2654,23641.872,64276207.279,16541.567,90876489.2654,23641.872,64276207.279,16541.567
2024-06-07,3815.77,3844.32,3555.02,3679.82,9796427730.0562,4199366973,4220415164,3822404860,3852349407,0.016151,0.018333,0.01,0.01,0.013191,0.020604,0.010868,0.01096,0.01347,0.019595,0.00973,0.010198,72.83,27.17,2.68,75.73,24.27,3.12,73.29,26.71,2.74,15122739.7951,2731249.08671,23630669.81901064,2878057.09245128,53520930.0596,14086.875,61508588.7667,16054.855,53520930.0596,14086.875,61508588.7667,16054.855
2024-06-08,3679.82,3711.28,3659,3682.11,2926022005.4958,3852349407,3871154517,3799230054,3809045189,0.01,0.01,0.01,0.01,0.01096,0.01278,0.008294,0.008607,0.010198,0.012821,0.007895,0.008506,76.42,23.58,3.24,77.03,22.97,3.35,72.04,27.96,2.58,1342045.57764,561183.56948,1518116.92027432,570273.51738,53520930.0596,14086.875,61508588.7667,16054.855,53520930.0596,14086.875,61508588.7667,16054.855
2024-06-09,3682.12,3724.73,3666.71,3707.67,2642214827.6082,3809045189,3885524591,3786961303,3870698749,0.01,0.01,0.01,0.01,0.008607,0.010168,0.007629,0.007784,0.008506,0.011087,0.006696,0.007088,75.65,24.35,3.11,75.65,24.35,3.11,70.84,29.16,2.43,346239.92982,408452.61845,358581.09,449352.9832808,59254256.4665,16166.363,51250877.4101,13868.848,59254256.4665,16166.363,51250877.4101,13868.848
2024-06-10,3707.67,3715.49,3642.6,3669.66,4226854338.9218,3870698749,3918968103,3828596632,3853116965,0.01,0.01,0.01,0.01,0.007784,0.009886,0.00767,0.009757,0.007088,0.010533,0.006684,0.009792,75.35,24.65,3.06,75.22,24.78,3.04,70.82,29.18,2.43,2495501.99069,901830.97336,4038902.7920469,972269.93865,81461120.3967,22033.425,70894373.5479,19046.729,81461120.3967,22033.425,70894373.5479,19046.729
2024-06-11,3669.65,3675,3427.09,3498.16,11172444054.9367,3853116965,3883564356,3572014859,3640189223,0.01,0.01,0.01,0.01,0.009757,0.01024,0.006631,0.0069,0.009792,0.01198,0.005525,0.005753,75.57,24.43,3.09,75.44,24.56,3.07,70.75,29.25,2.42,10999569.35383,1795885.65033,15372170.13697085,2258586.21446035,48425428.5634,13245.493,48940744.4122,13284.366,48425428.5634,13245.493,48940744.4122,13284.366
2024-06-12,3498.17,3657.77,3462.09,3560.45,10226716098.2662,3640189223,3743937367,3472418361,3506124067,0.01,0.01,0.01,0.01,0.0069,0.008987,0.00432,0.008781,0.005753,0.009223,0.005043,0.009075,77.97,22.03,3.54,78.43,21.57,3.64,70.21,29.79,2.36,2860565.32583,11618115.34944,3763691.95773354,12426575.31249597,40809672.0736,11704.943,57384009.6466,16335.843,40809672.0736,11704.943,57384009.6466,16335.843
2024-06-13,3560.44,3562.33,3426.01,3469.18,7883026435.4715,3506124067,3535144630,3378184948,3383396438,0.01,0.01,0.01,0.01,0.008781,0.010477,0.000714,0.009814,0.009075,0.010529,0.003469,0.009327,76.06,23.94,3.18,75.47,24.53,3.08,69.75,30.25,2.31,7755307.62932,1326667.76603,9429996.52150758,1579322.64103043,39977222.6091,11275.797,36074913.7634,10096.494,39977222.6091,11275.797,36074913.7634,10096.494
2024-06-14,3469.18,3533.82,3361.05,3480.51,8724517024.5542,3383396438,3518933602,3309652298,3353364219,0.01,0.01,0.01,0.01,0.009814,0.010476,0.000997,0.007255,0.009327,0.010491,0.003497,0.006863,78.49,21.51,3.65,77.75,22.25,3.49,69.58,30.42,2.29,5025853.59629,4437245.82242,8043652.78003362,6050174.45193522,38687310.8648,11198.344,43737340.4797,12545.775,38687310.8648,11198.344,43737340.4797,12545.775
2024-06-15,3480.5,3594.99,3472.34,3567.87,5582814975.8511,3353364219,3799732709,3348978657,3788706197,0.01,0.01,0.01,0.01,0.007255,0.008959,0.005716,0.007909,0.006863,0.008854,0.004325,0.008758,78.1,21.9,3.57,77.83,22.17,3.51,68.92,31.08,2.22,824898.31542,1695100.52534,908482.94334,2586177.5856938,37196081.1556,10724.894,36607087.3748,10471.74,37196081.1556,10724.894,36607087.3748,10471.74
2024-06-16,3567.88,3653.73,3540,3622.96,4792346125.563,3788706197,3899217507,3743979507,3858141270,0.01,0.01,0.01,0.01,0.007909,0.009222,0.004975,0.006334,0.008758,0.009579,0.005504,0.005864,72.21,27.79,2.6,73.9,26.1,2.83,69.47,30.53,2.28,1726890.88104,2221797.16069,1818705.30652256,7210897.2150418,58228884.8906,16402.42,48736035.8631,13601.999,58228884.8906,16402.42,48736035.8631,13601.999
2024-06-17,3622.96,3637.47,3464,3509.56,10383799061.0956,3858141270,3877627363,3486290438,3506106082,0.01,0.01,0.006503,0.006649,0.006334,0.008903,0.003439,0.004899,0.005864,0.008884,0.004434,0.005059,71.53,28.47,2.51,73.29,26.71,2.74,69.61,30.39,2.29,7226827.56614,5596944.64252,9169900.1112124,6165474.06356115,42366811.9297,11734.766,38782868.5763,10661.164,42366811.9297,11734.766,38782868.5763,10661.164
2024-06-18,3509.56,3515.87,3341.85,3482.34,11342806803.6549,3506106082,3519819598,3329626677,3493910786,0.006649,0.01,0.002426,0.01,0.004899,0.007854,-0.000623,0.00779,0.005059,0.00752,0.001577,0.005816,76.12,23.88,3.19,77.55,22.45,3.45,70.8,29.2,2.43,9261791.5088,6555219.68078,19674338.28002675,7313258.3815778,45454895.2772,13006.778,33447210.231,9498.33,45454895.2772,13006.778,33447210.231,9498.33
2024-06-19,3482.33,3587.63,3463.91,3558.85,8300122455.1573,3493910786,3690960270,3467356477,3670624626,0.01,0.01,0.004496,0.01,0.00779,0.009431,0.003146,0.007269,0.005816,0.009371,0.00297,0.006659,75.48,24.52,3.08,76.57,23.43,3.27,68.68,31.32,2.19,2671321.69352,3614077.18182,2818558.6722,4984571.19694761,48025522.4913,13853.916,39577072.6642,11323.498,48025522.4913,13853.916,39577072.6642,11323.498
2024-06-20,3558.84,3625,3483.63,3511.26,8897629755.9301,3670624626,3780706439,3482773638,3502868218,0.01,0.01,0.000372,0.000749,0.007269,0.007302,-0.000572,0.001886,0.006659,0.006659,0.000508,0.000739,70.32,29.68,2.37,72.11,27.89,2.59,68.55,31.45,2.18,3759910.04361,4165857.52054,4703463.33921275,4620609.09601,48452566.0415,13669.659,41757058.6372,11684.828,48452566.0415,13669.659,41757058.6372,11684.828
2024-06-21,3511.27,3546.66,3443.8,3517.18,8759196263.4965,3502868218,3640328090,3478389240,3547844102,0.000749,0.01,0.000749,0.004564,0.001886,0.009347,-0.001374,0.005193,0.000739,0.008899,-0.000365,0.00355,75.19,24.81,3.03,76.14,23.86,3.19,68.86,31.14,2.21,4352325.63786,2228161.96717,5332620.01580981,2364060.3415836,62018883.1729,17739.483,41099564.2589,11657.52,62018883.1729,17739.483,41099564.2589,11657.52
2024-06-22,3517.17,3520,3472.57,3494.26,2950947883.3885,3547844102,3552446488,3417578980,3418272739,0.004564,0.008146,0.000785,0.00673,0.005193,0.007805,0.000752,0.007601,0.00355,0.007625,0.000267,0.007405,73.24,26.76,2.74,74.31,25.69,2.89,68.81,31.19,2.21,870864.36848,317643.05212,970697.34556909,320180.76556,41150648.944,11750.545,48224351.4399,13661.542,41150648.944,11750.545,48224351.4399,13661.542
2024-06-23,3494.25,3519.7,3397.87,3419.38,4887691891.6597,3418272739,3460953113,3348909003,3403216668,0.00673,0.007817,0.002641,0.007672,0.007601,0.0083,0.002827,0.005915,0.007405,0.009093,0.00213,0.007724,76.17,23.83,3.2,75.53,24.47,3.09,68.44,31.56,2.17,1639225.97781,422339.97231,3516663.33449717,425791.53343,63802735.6918,18346.202,51872158.8764,14775.333,63802735.6918,18346.202,51872158.8764,14775.333
2024-06-24,3419.38,3434.75,3213,3352,13901749654.1507,3403216668,3480877125,3267873253,3454844793,0.007672,0.01,0.006691,0.01,0.005915,0.009341,0.00218,0.007462,0.007724,0.009964,0.003406,0.006348,78.67,21.33,3.69,78.05,21.95,3.56,65.29,34.71,1.88,8935126.32054,5110992.54379,14412203.92536228,6096724.45125342,53152338.0845,15613.966,39322589.5902,11457.986,53152338.0845,15613.966,39322589.5902,11457.986
2024-06-25,3351.99,3431.27,3335.58,3393.06,6678771577.417,3454844793,3473265557,3364429047,3426932345,0.01,0.01,0.008129,0.01,0.007462,0.008247,0.001629,0.002715,0.006348,0.00674,0.001906,0.003156,77.91,22.09,3.53,79.24,20.76,3.82,64.93,35.07,1.85,2267490.70296,1646425.13743,2430057.2291306,2237866.89972,48730837.1738,14597.24,65475227.7181,19441.967,48730837.1738,14597.24,65475227.7181,19441.967
2024-06-26,3393.07,3425,3325.54,3370.76,6063285844.2051,3426932345,3477830494,3353338297,3420179920,0.01,0.01,0.01,0.01,0.002715,0.009208,0.000613,0.007703,0.003156,0.008785,0.00194,0.006567,74.96,25.04,2.99,75.57,24.43,3.09,67.42,32.58,2.07,1838469.12411,2734909.26423,2178664.52177038,2984675.2123351,62588604.5526,18526.383,42252454.1382,12400.585,62588604.5526,18526.383,42252454.1382,12400.585
2024-06-27,3370.78,3476.6,3360.22,3450.34,5901289692.38,3420179920,3669580188,3407966795,3613341346,0.01,0.01,0.01,0.01,0.007703,0.010723,0.005026,0.008295,0.006567,0.009659,0.004885,0.0074,77.29,22.71,3.4,78.79,21.21,3.72,69.16,30.84,2.24,980039.22817,3244943.34778,1015701.88633453,3908797.13080485,49641151.2035,14780.39,40133333.6387,11860.18,49641151.2035,14780.39,40133333.6387,11860.18
2024-06-28,3450.34,3487.98,3362,3379.51,7138464495.8759,3613341346,3660112823,3500133914,3524036742,0.01,0.01,0.01,0.01,0.008295,0.010831,0.004215,0.009731,0.0074,0.011006,0.004069,0.010121,72.84,27.16,2.68,75.18,24.82,3.03,69.66,30.34,2.3,14035752.51899,1142136.50546,16184324.2311047,1308344.60579,58504538.8183,17032.627,55281325.4059,15951.5,58504538.8183,17032.627,55281325.4059,15951.5
2024-06-29,3379.5,3407,3369.07,3377.62,2493791152.8399,3524036742,3553464645,3504191710,3511750580,0.01,0.01,0.00874,0.01,0.009731,0.009731,0.005601,0.007969,0.010121,0.010121,0.006156,0.008547,78.56,21.44,3.66,80.27,19.73,4.07,71.52,28.48,2.51,424575.15027,308221.65863,466021.48773,359623.49603,57302973.4038,17030.852,46588590.2384,13728.328,57302973.4038,17030.852,46588590.2384,13728.328
2024-06-30,3377.63,3459.77,3348.5,3436.73,3992984415.8752,3511750580,3543925627,3442979287,3512005563,0.01,0.01,0.01,0.01,0.007969,0.009571,0.004435,0.006312,0.008547,0.010228,0.004417,0.006444,76.38,23.62,3.23,76.98,23.02,3.34,70.3,29.7,2.37,668706.05646,2604829.56801,841931.466828,3379983.98549,58768991.4472,17481.294,50296890.515,14820.555,58768991.4472,17481.294,50296890.515,14820.555
2024-07-01,3436.72,3524.16,3420,3440.46,5995532615.2547,3512005563,3611662331,3471948623,3484045481,0.01,0.01,0.01,0.01,0.006312,0.009312,0.002833,0.005285,0.006444,0.008737,0.004941,0.005729,74.08,25.92,2.86,75.39,24.61,3.06,70.93,29.07,2.44,1756501.15918,5281983.65608,2252195.50819272,5553410.75031,47058779.2689,13739.039,41923105.9152,12145.643,47058779.2689,13739.039,41923105.9152,12145.643
2024-07-02,3440.47,3463.84,3399.22,3420.43,4168790520.8754,3484045481,3593740690,3462558572,3501585653,0.01,0.01,0.01,0.01,0.005285,0.010454,0.002906,0.010386,0.005729,0.01155,0.004603,0.01136,74.67,25.33,2.95,76.2,23.8,3.2,72.12,27.88,2.59,1162043.25835,1033651.57998,2513346.4908,1061863.48481,59134038.5742,17273.254,37571880.353,10886.271,59134038.5742,17273.254,37571880.353,10886.271
2024-07-03,3420.43,3431.36,3250.1,3294.75,8373146152.882,3501585653,3553823444,3414653776,3461522078,0.01,0.01,0.008616,0.01,0.010386,0.010613,0.004443,0.00773,0.01136,0.011422,0.006712,0.008837,77.29,22.71,3.4,77.69,22.31,3.48,71.59,28.41,2.52,9532034.77873,859577.19306,15112812.32802251,926955.18748592,61068384.7847,17939.433,60073338.3561,17484.033,61068384.7847,17939.433,60073338.3561,17484.033
2024-07-04,3294.76,3312.59,3049.39,3059.31,12216169822.5801,3461522078,3484212558,3230631787,3240413808,0.01,0.01,0.01,0.01,0.00773,0.007824,0.001925,0.004433,0.008837,0.008837,0.004177,0.005037,81.11,18.89,4.29,81.38,18.62,4.37,71.23,28.77,2.48,30615261.51409,5427346.44051,41129960.54370153,5556100.99823,37369543.0776,11378.307,44059117.2541,13320.149,37369543.0776,11378.307,44059117.2541,13320.149
2024-07-05,3059.3,3108.28,2800,2980.43,16930820116.7412,3240413808,3287539214,2818891571,2825253988,0.01,0.01,0.004451,0.009015,0.004433,0.005554,-0.001935,0.004307,0.005037,0.006574,0.001679,0.006153,80.61,19.39,4.16,81.51,18.49,4.41,69.6,30.4,2.29,31541437.57782,6242529.74802,41479277.58344267,6931121.44725526,69476897.673,22829.789,39465079.4821,12865.558,69476897.673,22829.789,39465079.4821,12865.558
2024-07-06,2980.37,3080,2953.45,3065.5,4806659177.8729,2825253988,2932802948,2817746027,2892797270,0.009015,0.01,0.002364,0.003946,0.004307,0.005992,0.0003,0.003067,0.006153,0.007553,0.002587,0.003763,75.97,24.03,3.16,77.17,22.83,3.38,68.25,31.75,2.15,1474859.71815,2908106.35882,1539112.59651784,3694830.28601668,69476897.673,22829.789,39465079.4821,12865.558,69476897.673,22829.789,39465079.4821,12865.558
2024-07-07,3065.49,3072,2922,2930.24,5390321657.779,2892797270,2894889218,2753786776,2766673255,0.003946,0.01,0.003669,0.01,0.003067,0.008202,-0.000671,0.002814,0.003763,0.008818,0.002043,0.006366,74.84,25.16,2.98,75.24,24.76,3.04,67.44,32.56,2.07,4430219.16263,1767200.26925,5934269.61567496,1912635.2414876,36037934.6103,11797.505,44290922.688,14380.944,36037934.6103,11797.505,44290922.688,14380.944
2024-07-08,2930.23,3098,2821.26,3017.51,13619854298.3899,2766673255,2793165726,2553758966,2714121540,0.01,0.01,0.001942,0.005681,0.002814,0.009614,0.000433,0.005744,0.006366,0.008983,0.003332,0.005059,77.11,22.89,3.37,79.05,20.95,3.77,68.95,31.05,2.22,6321251.33212,11466657.19404,9691890.98300148,13082879.93450897,54369263.2728,18623.814,31985557.5267,10880.042,54369263.2728,18623.814,31985557.5267,10880.042
2024-07-09,3017.51,3115.8,3002.56,3065.06,6802252913.344,2714121540,2879386768,2708270951,2760824847,0.005681,0.008844,0.000362,0.003646,0.005744,0.007057,0.000969,0.00383,0.005059,0.00658,0.000368,0.003281,75.71,24.29,3.12,77.41,22.59,3.43,68.02,31.98,2.13,1943342.38349,8446917.83226,2359267.89070984,9456254.55331625,31007770.3601,10311.026,29061613.955,9598.197,31007770.3601,10311.026,29061613.955,9598.197
2024-07-10,3065.05,3150,3022.57,3099.12,6683854376.3828,2760824847,2927391175,2704568230,2834937735,0.003646,0.01,0.001513,0.00429,0.00383,0.009555,-0.00221,0.002193,0.003281,0.009182,0.001415,0.002774,72.54,27.46,2.64,75.7,24.3,3.12,67.24,32.76,2.05,14537047.29572,3109386.77586,15138272.1496503,3468368.17236901,40738726.0923,13337.58,40133604.7912,13041.52,40738726.0923,13337.58,40133604.7912,13041.52
2024-07-11,3099.12,3216.6,3052.75,3098.25,8152433411.6521,2834937735,3041203217,2759887000,2910779442,0.00429,0.01,0.00335,0.01,0.002193,0.008104,-0.002323,0.007155,0.002774,0.008073,0.000051,0.007848,72.93,27.07,2.69,76.09,23.91,3.18,66.87,33.13,2.02,6068976.21724,3839225.45524,7443816.78726954,4047094.78702248,40057932.4484,12977.519,32314813.6758,10386.581,40057932.4484,12977.519,32314813.6758,10386.581
2024-07-12,3098.24,3156.6,3044.51,3133.24,5986562999.2234,2910779442,2994851211,2848876559,2957782200,0.01,0.01,0.004371,0.01,0.007155,0.007865,0.000123,0.007752,0.007848,0.008307,0.00266,0.008307,72.17,27.83,2.59,74.93,25.07,2.99,66.12,33.88,1.95,4863269.94719,3629225.73429,7089404.0915623,4294961.90532433,41061803.1014,13309.594,38679198.6621,12449.447,41061803.1014,13309.594,38679198.6621,12449.447
2024-07-13,3133.24,3200.72,3112.12,3174.01,3309598690.0297,2957782200,3056240639,2952379484,3008522376,0.01,0.01,0.004892,0.01,0.007752,0.008734,0.004506,0.005885,0.008307,0.009003,0.004162,0.005804,69.7,30.3,2.3,72.39,27.61,2.62,67.07,32.93,2.04,421453.59347,1978821.2363,466132.6170195,2576419.04066,33885421.9883,10851.758,40138116.5587,12760.54,33885421.9883,10851.758,40138116.5587,12760.54
2024-07-14,3174,3268.66,3162.06,3243.56,4379640791.6296,3008522376,3095723549,2994890737,3086772173,0.01,0.01,0.000723,0.009636,0.005885,0.007008,0.000998,0.006659,0.005804,0.007821,0.001335,0.007558,66.24,33.76,1.96,69.54,30.46,2.28,66.91,33.09,2.02,1366784.92092,2684511.92735,1445807.27290246,3135562.3864231,42297127.617,13365.864,35397265.5182,11112.236,42297127.617,13365.864,35397265.5182,11112.236
2024-07-15,3243.52,3493.94,3231.03,3481.62,9168618907.838,3086772173,3286749797,3073441543,3254557404,0.009636,0.01,-0.001654,0.002697,0.006659,0.008265,-0.003585,0.003032,0.007558,0.008513,-0.000316,0.005709,64.93,35.07,1.85,69.22,30.78,2.25,66.25,33.75,1.96,2516968.8331,7887644.31668,2811917.5770474,9225141.794083,29975095.3385,9278.927,37059521.9567,11389.941,29975095.3385,9278.927,37059521.9567,11389.941
2024-07-16,3481.62,3497.74,3345,3442.83,9752306605.9524,3254557404,3267889652,3104134462,3148757773,0.002697,0.01,0.000862,0.005824,0.003032,0.015865,0.000241,0.005383,0.005709,0.014518,0.00391,0.00704,63.81,36.19,1.76,65.56,34.44,1.9,65.7,34.3,1.92,7391822.82058,6716918.30902,8619744.076587,7335060.40422,39032399.3702,11255.62,47510421.1094,13590.596,39032399.3702,11255.62,47510421.1094,13590.596
2024-07-17,3442.84,3517.14,3374.53,3386,7844596141.0861,3148757773,3288609945,3147945217,3209329233,0.005824,0.01,0.005824,0.01,0.005383,0.010433,0.003348,0.007245,0.00704,0.011782,0.006926,0.008052,64.41,35.59,1.81,69.42,30.58,2.27,67.77,32.23,2.1,5589361.86541,3417547.26062,6315281.01832967,3541719.42872,30563321.033,8909.008,31762148.3317,9195.022,30563321.033,8909.008,31762148.3317,9195.022
2024-07-18,3386.01,3487.99,3364.62,3424.99,6544880890.1212,3209329233,3311242798,3165426841,3184560872,0.01,0.01,0.000762,0.004399,0.007245,0.009683,-0.000262,0.007563,0.008052,0.010209,-0.001327,0.006576,67.64,32.36,2.09,71.41,28.59,2.5,68.86,31.14,2.21,3334756.40749,3689848.91324,3601446.97602,4224265.43877853,65088774.7301,19312.899,33723076.4004,9927.646,65088774.7301,19312.899,33723076.4004,9927.646
2024-07-19,3424.99,3539.38,3375.25,3502.18,8238609686.5806,3184560872,3361883199,3137835204,3304053321,0.004399,0.01,0.003667,0.00529,0.007563,0.010201,0.00423,0.005094,0.006576,0.010771,0.002355,0.0058,67.59,32.41,2.09,70.15,29.85,2.35,68.27,31.73,2.15,8196611.83111,5205739.48855,8582358.99886684,6022363.94075,65088774.7301,19312.899,33723076.4004,9927.646,65088774.7301,19312.899,33723076.4004,9927.646
2024-07-20,3502.18,3538.38,3478.01,3516.03,3670139852.271,3304053321,3310939321,3255407066,3307180161,0.00529,0.01,0.001112,0.01,0.005094,0.008934,0.003831,0.008917,0.0058,0.009124,0.002157,0.009124,64.58,35.42,1.82,68.49,31.51,2.17,68.41,31.59,2.17,751884.53783,1877329.97007,833406.756443,1956611.33998,47625283.222,13652.443,41099310.139,11691.387,47625283.222,13652.443,41099310.139,11691.387
2024-07-21,3516.03,3547.84,3408.13,3534.29,6134383805.4287,3307180161,3321728454,3129966894,3247060254,0.01,0.01,-0.001313,0.009871,0.008917,0.010513,0.000229,0.010513,0.009124,0.010601,0.000232,0.009582,64.18,35.82,1.79,68.69,31.31,2.19,68.2,31.8,2.15,6063417.78462,2977914.38859,7474693.8113755,3196439.1536,49166956.7567,14037.622,40700722.9381,11523.765,49166956.7567,14037.622,40700722.9381,11523.765
2024-07-22,3534.3,3562.33,3421,3438.08,6769829516.1582,3247060254,3284816715,3178300227,3224578227,0.009871,0.01,0.001254,0.007792,0.010513,0.011862,0.001775,0.008222,0.009582,0.011308,0.001634,0.008708,67.26,32.74,2.05,71.2,28.8,2.47,68.24,31.76,2.15,4412440.62034,1102273.69356,7135815.71828498,1323450.7654553,36822346.2139,10462.945,44599129.1486,12570.229,36822346.2139,10462.945,44599129.1486,12570.229
2024-07-23,3438.09,3540.94,3384.61,3481.01,13828954630.7864,3224578227,3431024791,3174358040,3316066915,0.007792,0.01,0.006683,0.007865,0.008222,0.010079,0.005222,0.007292,0.008708,0.011416,0.004728,0.006712,71.89,28.11,2.56,75.17,24.83,3.03,66.95,33.05,2.03,6378595.83065,4918492.03908,9566028.13284054,5440287.18686975,53049752.6617,15505.729,38987570.9765,11293.634,53049752.6617,15505.729,38987570.9765,11293.634
2024-07-24,3481.01,3486.73,3285.69,3334.24,7821932920.9675,3316066915,3385667449,3221111616,3313854709,0.007865,0.01,0.006338,0.009549,0.007292,0.010167,0.005043,0.009834,0.006712,0.010787,0.004906,0.009977,69.76,30.24,2.31,71.87,28.13,2.56,68.78,31.22,2.2,6778454.93997,1124339.31164,9628661.74615072,1179227.89052,50665744.181,14609.167,45238180.0183,12937.707,50665744.181,14609.167,45238180.0183,12937.707
2024-07-25,3334.23,3342.02,3085.57,3173.67,13341475194.7737,3313854709,3323682794,2950249096,2996333862,0.009549,0.00974,-0.000873,0.00395,0.009834,0.009839,0.001682,0.005541,0.009977,0.010394,-0.000819,0.002576,76.95,23.05,3.34,78.46,21.54,3.64,69.03,30.97,2.23,25859485.56405,4098181.9844,42914696.57339386,4477151.77273977,50665744.181,14609.167,45238180.0183,12937.707,50665744.181,14609.167,45238180.0183,12937.707
2024-07-26,3173.67,3284.93,3169.14,3272.82,7320892126.5565,2996333862,3066823075,2959536125,3007881649,0.00395,0.00956,0.000225,0.003079,0.005541,0.007939,0.003723,0.003723,0.002576,0.007508,0.000796,0.003151,78.99,21.01,3.76,80.02,19.98,4.01,68.63,31.37,2.19,3366950.87141,7225890.84793,3505257.02100495,7682704.31149,38031748.2805,12026.333,39494672.6014,12392.399,38031748.2805,12026.333,39494672.6014,12392.399
2024-07-27,3272.81,3326.9,3188.89,3248.17,7122453841.6835,3007881649,3043663399,2799313047,2827672231,0.003079,0.01,0.001293,0.01,0.003723,0.009333,0.001308,0.008393,0.003151,0.009966,0.001339,0.008974,75.62,24.38,3.1,76.7,23.3,3.29,67.31,32.69,2.06,4945506.84677,3629432.23454,6553776.40528154,3857847.8956,35477183.8615,10882.688,37445908.264,11395.548,35477183.8615,10882.688,37445908.264,11395.548
2024-07-28,3248.16,3284.57,3195.84,3268.03,3619613045.224,2827672231,2980922528,2801363339,2952193646,0.01,0.01,0.008162,0.008174,0.008393,0.010998,0.002164,0.008137,0.008974,0.011253,0.00365,0.005198,75.49,24.51,3.08,77.46,22.54,3.44,69.65,30.35,2.3,1998751.63491,1156767.68055,2110034.27473024,1244567.51744,32945050.8236,10186.481,33901424.0045,10407.746,32945050.8236,10186.481,33901424.0045,10407.746
2024-07-29,3268.03,3396.07,3256.56,3316.87,9642861986.8721,2952193646,3229064586,2947705152,3158907120,0.008174,0.01,0.007209,0.01,0.008137,0.013017,0.006232,0.009146,0.005198,0.014048,0.00438,0.008939,74.46,25.54,2.92,76.72,23.28,3.3,68.67,31.33,2.19,7249484.15526,6289495.01967,7613150.5547215,7215456.46735854,41468015.8374,12740.688,42345644.5861,12901.609,41468015.8374,12740.688,42345644.5861,12901.609
2024-07-30,3316.86,3365,3230.1,3278.17,6618552062.7914,3158907120,3238531153,3074738646,3118359236,0.01,0.01,0.008062,0.01,0.009146,0.010015,0.007048,0.009251,0.008939,0.010677,0.007561,0.008921,73.8,26.2,2.82,75.76,24.24,3.13,69.67,30.33,2.3,5965772.4751,2161402.96908,7175907.22603596,2333684.81554992,44780782.2078,13557.971,32010058.3808,9620.346,44780782.2078,13557.971,32010058.3808,9620.346
2024-07-31,3278.17,3348.74,3212.32,3231.48,7150139868.6236,3118359236,3226455333,3056887395,3117616534,0.01,0.01,0.007679,0.01,0.009251,0.011269,0.005557,0.008791,0.008921,0.012869,0.006158,0.008115,76.89,23.11,3.33,79.07,20.93,3.78,70.57,29.43,2.4,8126691.44951,3233872.07636,9375308.8787074,3293801.51032751,35286506.4946,10804.975,36650224.8388,11135.78,35286506.4946,10804.975,36650224.8388,11135.78
2024-08-01,3231.49,3241.83,3078.4,3201.67,8965137839.1743,3117616534,3135906370,2984973386,3054995203,0.01,0.01,0.004133,0.007688,0.008791,0.010357,0.002661,0.008593,0.008115,0.011401,0.004296,0.00703,78.92,21.08,3.74,80.46,19.54,4.12,70.64,29.36,2.41,11230078.68998,2761054.2823,14849623.70475161,3008598.1178052,64226467.7459,19995.244,37051646.3153,11427.968,64226467.7459,19995.244,37051646.3153,11427.968
2024-08-02,3201.66,3217.06,2965.27,2988.11,10491216345.6097,3054995203,3068792475,2822787591,2848361065,0.007688,0.01,0.002293,0.008442,0.008593,0.009499,-0.000813,0.007544,0.00703,0.009842,-0.000055,0.009037,78.32,21.68,3.61,78.78,21.22,3.71,71.64,28.36,2.53,8674671.76162,2529062.28276,10896864.04269422,2778105.61082462,50729709.5784,15934.906,35290942.8688,10969.027,50729709.5784,15934.906,35290942.8688,10969.027
2024-08-03,2988.1,3016.61,2855,2901.94,7707940998.7465,2848361065,2854980051,2573851405,2601184088,0.008442,0.009104,0.001248,0.004236,0.007544,0.007544,-0.003908,0.003741,0.009037,0.009758,-0.002699,0.003047,81.75,18.25,4.48,83.48,16.52,5.05,70.33,29.67,2.37,6620343.34355,5584944.60193,12493715.16421094,5772203.09079,59546199.9792,20070.293,26200026.9647,8738.652,59546199.9792,20070.293,26200026.9647,8738.652
2024-08-04,2901.95,2934.66,2613.3,2687.6,10337564317.1762,2601184088,2648835998,2401263827,2439912108,0.004236,0.009833,-0.002447,-0.0017,0.003741,0.008697,-0.002346,-0.00121,0.003047,0.009973,-0.002343,-0.001761,81.69,18.31,4.46,82.44,17.56,4.7,69.96,30.04,2.33,12351182.47497,4193393.85817,29054919.0609964,4516203.2344212,25182906.8551,8714.065,21243322.3674,7293.128,25182906.8551,8714.065,21243322.3674,7293.128
2024-08-05,2687.6,2695.93,2112,2418.6,31796202658.5588,2439912108,2450010022,1776707992,1878241376,-0.0017,0.01,-0.010387,-0.002295,-0.00121,0.003125,-0.04472,-0.002452,-0.001761,0.004992,-0.023958,-0.003498,80.35,19.65,4.09,82.2,17.8,4.62,66.78,33.22,2.01,29934311.97198,32589271.65253,73785798.70362405,36623246.15611082,36618816.5671,13695.838,26113432.3609,9688.002,36618816.5671,13695.838,26113432.3609,9688.002
2024-08-06,2418.6,2558.24,2412.35,2459.87,10852623217.1414,1878241376,2044515378,1878241376,1971042215,-0.002295,0.000289,-0.011991,-0.004313,-0.002452,0.001798,-0.012061,-0.004658,-0.003498,-0.000117,-0.011974,-0.006851,73.76,26.24,2.81,76.13,23.87,3.19,63.82,36.18,1.76,7010210.99241,7497327.80158,8699786.42343324,8147498.54643,19531171.6407,8113.85,18747040.1383,7725.151,19531171.6407,8113.85,18747040.1383,7725.151
2024-08-07,2459.86,2549.85,2307,2341.41,11944893829.0567,1971042215,2132564686,1885433460,1911681012,-0.004313,0.001479,-0.005704,-0.004412,-0.004658,0.000392,-0.00955,-0.005584,-0.006851,0.000131,-0.008258,-0.006237,74.04,25.96,2.85,75.79,24.21,3.13,61.53,38.47,1.6,8548878.77255,5889836.10757,10470110.80283688,6316693.11236,30238022.0027,12353.295,20937381.78,8482.772,30238022.0027,12353.295,20937381.78,8482.772
2024-08-08,2341.4,2723.77,2318.64,2681.59,12083798114.2189,1911681012,2193542246,1898277504,2151623010,-0.004412,0.001831,-0.007405,0.001035,-0.005584,0.001261,-0.007738,-0.001666,-0.006237,-0.000323,-0.007784,-0.001199,75.56,24.44,3.09,78.01,21.99,3.55,59.43,40.57,1.47,4115903.26769,6838359.03299,4480984.25459381,9825512.3643065,21848726.37,9372.418,22377746.343,9524.291,21848726.37,9372.418,22377746.343,9524.291
2024-08-09,2681.59,2708.8,2551.23,2597.9,8273479780.535,2151623010,2218370240,2030835981,2060180027,0.001035,0.00553,-0.00525,-0.004321,-0.001666,0.003628,-0.005922,-0.004284,-0.001199,0.004566,-0.006756,-0.004925,70.68,29.32,2.41,72.16,27.84,2.59,57.34,42.66,1.34,6217695.41967,2975169.35268,8002203.62457374,3736878.16064544,32172181.6531,12040.795,22470623.8482,8346.411,32172181.6531,12040.795,22470623.8482,8346.411
2024-08-10,2597.89,2644.43,2574.54,2608.76,3425329028.722,2060180027,2109140933,2031058661,2091356510,-0.004321,0.005935,-0.004607,-0.000895,-0.004284,0.005836,-0.005367,0.003295,-0.004925,0.004964,-0.004925,0.002498,74.14,25.86,2.87,78.47,21.53,3.65,58.43,41.57,1.41,2235442.13868,1540046.65107,2366516.94910615,1646778.17283826,27909597.9609,10784.29,29884951.5809,11454.183,27909597.9609,10784.29,29884951.5809,11454.183
2024-08-11,2608.77,2720.78,2537.76,2554.65,6903523070.5818,2091356510,2235912968,2060339796,2075101825,-0.000895,0.003506,-0.001982,0.000963,0.003295,0.003611,-0.006848,0.002596,0.002498,0.004975,-0.003218,0.002235,73.7,26.3,2.8,76.83,23.17,3.32,57.51,42.49,1.35,4426026.82287,4521155.2673,6136531.36289773,5066472.72776956,31552036.6859,12148.54,25856269.5203,9873.747,31552036.6859,12148.54,25856269.5203,9873.747
2024-08-12,2554.66,2749.97,2506.13,2721.15,10880409497.1143,2075101825,2202018051,2033873353,2163593438,0.000963,0.01,0.000963,0.007922,0.002596,0.00783,-0.000233,0.007506,0.002235,0.008618,0.000643,0.00755,72.97,27.03,2.7,76.04,23.96,3.17,57.86,42.14,1.37,6716967.88015,7478467.90162,7168970.40810187,8404539.32937626,27649498.3663,10874.469,22541737.4567,8794.673,27649498.3663,10874.469,22541737.4567,8794.673
2024-08-13,2721.15,2737.38,2610.04,2701.01,8068972694.5709,2163593438,2171934818,1978548444,2053125682,0.007922,0.007922,-0.007086,0.000555,0.007506,0.008102,-0.005483,0.002071,0.00755,0.008214,-0.005341,0.002125,69.17,30.83,2.24,72.31,27.69,2.61,59.59,40.41,1.48,3941764.90873,3241754.27551,4414539.43415337,3918131.46395,26905620.3875,9924.082,27539849.1405,10073.63,26905620.3875,9924.082,27539849.1405,10073.63
2024-08-14,2701.01,2788.88,2631,2659.82,8350455925.7494,2053125682,2155076713,2030106780,2073449619,0.000555,0.007601,-0.00498,0.005111,0.002071,0.004592,-0.010301,0.003521,0.002125,0.005789,-0.008231,0.003618,67.64,32.36,2.09,72.33,27.67,2.61,58.87,41.13,1.43,4195021.94941,4428598.54875,5684350.9633082,4610211.44258856,32743614.2688,12173.453,28271479.9517,10431.816,32743614.2688,12173.453,28271479.9517,10431.816
2024-08-15,2659.82,2674.17,2513.65,2568.73,8395022502.8676,2073449619,2097877015,1893428812,1928963757,0.005111,0.008235,-0.004259,-0.001182,0.003521,0.007145,-0.006944,-0.00468,0.003618,0.007323,-0.00617,-0.002627,72.83,27.17,2.68,75.64,24.36,3.11,60.43,39.57,1.53,6011067.72727,2199075.79665,7239725.3458976,2680640.76910701,28204138.5147,10650.909,27621889.3116,10340.46,28204138.5147,10650.909,27621889.3116,10340.46
2024-08-16,2568.73,2630.73,2549.15,2591.52,6919817736.2323,1928963757,2031607962,1926379408,1982068817,-0.001182,0.006951,-0.001182,0.002458,-0.00468,0.005104,-0.004822,0.000243,-0.002627,0.006416,-0.002627,0.000952,75.84,24.16,3.14,77.71,22.29,3.49,61.47,38.53,1.6,4399867.77611,3092017.09703,4842096.00091735,3753498.96653,28143023.9565,10997.455,24793249.2244,9614.142,28143023.9565,10997.455,24793249.2244,9614.142
2024-08-17,2591.53,2628,2585.81,2613.18,2137186874.8334,1982068817,2043973364,1967638042,1982098533,0.002458,0.002586,-0.00363,0.000803,0.000243,0.00277,-0.002479,0.00136,0.000952,0.001769,-0.003595,-0.000774,72.8,27.2,2.68,75.22,24.78,3.04,60.59,39.41,1.54,550800.12205,1098503.52667,568284.80545,1109897.88907,28229653.821,10939.797,25351665.1942,9750.064,28229653.821,10939.797,25351665.1942,9750.064
2024-08-18,2613.18,2688.25,2593,2610.67,4267428586.3866,1982098533,2111719048,1943665963,2041063366,0.000803,0.000933,-0.005956,-0.00366,0.00136,0.004287,-0.00199,-0.000872,-0.000774,0.002998,-0.00338,-0.000543,73.44,26.56,2.77,75.67,24.33,3.11,61.31,38.69,1.59,1498270.18994,2130965.39717,1989088.92358909,2450261.492255,29328192.7842,11273.07,35686723.1945,13593.627,29328192.7842,11273.07,35686723.1945,13593.627
2024-08-19,2610.67,2647.29,2560.9,2635.15,5523868084.8558,2041063366,2125260840,1982118259,2021329983,-0.00366,0.004965,-0.005233,0.000951,-0.000872,0.003509,-0.004994,0.001297,-0.000543,0.004373,-0.00387,0.000595,71.57,28.43,2.52,74.34,25.66,2.9,61.7,38.3,1.61,10419458.08277,1965470.57588,10683596.01369052,2078093.02011064,37616806.1373,14471.864,24668581.5898,9422.199,37616806.1373,14471.864,24668581.5898,9422.199
2024-08-20,2635.16,2694.96,2552.5,2571.51,6566192066.2321,2021329983,2085851931,1948574503,1993196386,0.000951,0.002526,-0.004475,0.001302,0.001297,0.002104,-0.004344,0.001051,0.000595,0.002828,-0.004359,0.00006,74.28,25.72,2.89,76.36,23.64,3.23,61.69,38.31,1.61,7058749.47316,2308545.34413,8018687.59212483,2519999.93455725,28389068.0298,10813.314,38396941.7511,14513.289,28389068.0298,10813.314,38396941.7511,14513.289
2024-08-21,2571.51,2663.55,2533.51,2629.38,6277840663.742,1993196386,2094789712,1975645655,2042426053,0.001302,0.004803,-0.000959,-0.000942,0.001051,0.005181,-0.003202,-0.000415,0.00006,0.005832,-0.002628,0.000116,78.24,21.76,3.6,79.5,20.5,3.88,62.2,37.8,1.65,5404980.08076,3297510.72921,6237239.09058818,3423357.82261,37333494.177,14583.678,28915180.5352,11201.567,37333494.177,14583.678,28915180.5352,11201.567
2024-08-22,2629.37,2644,2582.27,2622,4269091304.8915,2042426053,2068250686,1975997345,2030738964,-0.000942,0.006698,-0.001763,0.006601,-0.000415,0.006667,-0.000415,0.006561,0.000116,0.00711,-0.001255,0.00692,73.23,26.77,2.74,75.49,24.51,3.08,60.41,39.59,1.53,1690186.79677,1280014.86543,1788902.91019078,1299495.2576,35911920.3495,13712.833,28450280.5641,10783.271,35911920.3495,13712.833,28450280.5641,10783.271
2024-08-23,2622,2798.88,2619.86,2761.58,8851747719.3954,2030738964,2166220238,2017394617,2139880466,0.006601,0.007225,-0.003587,-0.00161,0.006561,0.007975,-0.003545,-0.00285,0.00692,0.008122,-0.002803,-0.001979,75.18,24.82,3.03,77.83,22.17,3.51,62.59,37.41,1.67,2086213.23416,17601849.18338,2277884.6870889,18776627.33311,32788128.6364,12559.353,39566854.2711,15026.217,32788128.6364,12559.353,39566854.2711,15026.217
2024-08-24,2761.58,2819.35,2729.15,2766.4,5889987889.032,2139880466,2297999716,2111293324,2149596758,-0.00161,0.005942,-0.004531,-0.003368,-0.00285,0.005189,-0.00285,0.003163,-0.001979,0.006342,-0.001979,0.001598,67.98,32.02,2.12,68.83,31.17,2.21,60.94,39.06,1.56,2119394.83114,1525976.59556,2411677.29605066,1968812.51154,40525637.2104,14737.949,27797467.9033,10027.741,40525637.2104,14737.949,27797467.9033,10027.741
2024-08-25,2766.4,2791.66,2731.63,2744.47,3389707544.8803,2149596758,2168056442,2101344268,2117784242,-0.003368,0.006166,-0.004758,0.002142,0.003163,0.006837,0.0003,0.000708,0.001598,0.007539,0.000362,0.001478,70.43,29.57,2.38,71.93,28.07,2.56,59.95,40.05,1.5,1634814.28486,1675418.21935,1688759.30976009,1995544.46687,30550454.9174,11083.91,28978325.8164,10431.16,30550454.9174,11083.91,28978325.8164,10431.16
2024-08-26,2744.48,2760.97,2665,2679.25,5184051188.3121,2117784242,2192506704,2100235095,2117917302,0.002142,0.01,0.000811,0.009444,0.000708,0.006839,-0.00045,0.006429,0.001478,0.010038,-0.001598,0.008821,70.87,29.13,2.43,72.11,27.89,2.59,60.88,39.12,1.56,4139204.25971,904642.19951,4771023.21094462,926594.23402,40226215.1549,14725.613,26806835.8806,9733.269,40226215.1549,14725.613,26806835.8806,9733.269
2024-08-27,2679.26,2699.11,2388,2455.98,9846498732.7905,2117917302,2288875777,1959392833,1964971514,0.009444,0.01,-0.006064,-0.006064,0.006429,0.008039,-0.004984,-0.004984,0.008821,0.01116,-0.007773,-0.007773,75.37,24.63,3.06,76.28,23.72,3.22,63.2,36.8,1.72,6161500.24532,3265912.11649,26355214.62210846,3338378.4224548,48781487.9973,18296.15,32502517.6582,12090.779,48781487.9973,18296.15,32502517.6582,12090.779
2024-08-28,2455.98,2554.19,2416.56,2527.31,9159438913.6586,1964971514,2069655745,1934106350,1966702829,-0.006064,0.008468,-0.009137,0.001119,-0.004984,0.005061,-0.008996,0.001751,-0.007773,0.006174,-0.010687,0.000404,77.7,22.3,3.48,81.57,18.43,4.43,62.04,37.96,1.63,3126707.46115,5691744.2154,3551482.0086611,7421551.72893324,26542728.9566,10851.794,28637748.9366,11621.833,26542728.9566,10851.794,28637748.9366,11621.833
2024-08-29,2527.32,2594,2504.11,2526.28,5495665086.9514,1966702829,2144586128,1957981974,2048220767,0.001119,0.00585,-0.001238,0.00549,0.001751,0.006062,-0.002881,0.005969,0.000404,0.009248,-0.002773,0.006542,76.36,23.64,3.23,78.44,21.56,3.64,60.37,39.63,1.52,5298010.07418,2273595.76727,5606618.1023887,2526046.59411875,27436171.429,10897.352,25590349.0571,10085.28,27436171.429,10897.352,25590349.0571,10085.28
2024-08-30,2526.28,2552.32,2431,2524.99,6752807977.15,2048220767,2086988562,1967482806,2009182995,0.00549,0.009196,-0.002891,0.008022,0.005969,0.009303,-0.003689,0.006956,0.006542,0.010274,-0.002472,0.006924,73.61,26.39,2.79,76.3,23.7,3.22,59.28,40.72,1.46,4071785.31987,4710371.2474,4491729.84670892,5150834.10915558,31170705.7255,12396.703,28004987.2283,11047.794,31170705.7255,12396.703,28004987.2283,11047.794
2024-08-31,2524.99,2533.29,2490.62,2511.91,1976372553.5374,2009182995,2036640608,1990429465,2017935914,0.008022,0.01,0.004182,0.004462,0.006956,0.0072,0.003048,0.005679,0.006924,0.008084,0.003878,0.007102,75.78,24.22,3.13,78.34,21.66,3.62,61.84,38.16,1.62,556229.28718,344311.49941,616837.98888175,347565.13293,29846498.1247,11867.724,30741505.2634,12132.588,29846498.1247,11867.724,30741505.2634,12132.588
2024-09-01,2511.91,2514.97,2397.23,2424.55,5659435690.6928,2017935914,2019927626,1870615158,1924568891,0.004462,0.007296,-0.004314,-0.002451,0.005679,0.006417,-0.003266,-0.002393,0.007102,0.00814,-0.003874,-0.002915,74.35,25.65,2.9,77.37,22.63,3.42,62.51,37.49,1.67,3152671.69392,3291688.22659,4587942.90588322,3374585.3722,31733989.1825,12690.442,31640567.238,12549.772,31733989.1825,12690.442,31640567.238,12549.772
2024-09-02,2424.55,2564.49,2421.8,2536.74,5708147267.1977,1924568891,2103983283,1924568891,2052551937,-0.002451,0.009538,-0.002451,0.005677,-0.002393,0.00874,-0.002393,0.004744,-0.002915,0.00905,-0.002915,0.005709,75.87,24.13,3.14,78.84,21.16,3.73,63.16,36.84,1.71,943989.75626,3066859.09604,970088.86293,3501959.91147195,28927461.7138,11984.904,26764315.3599,11000.046,28927461.7138,11984.904,26764315.3599,11000.046
2024-09-03,2536.76,2552.55,2405.14,2424.05,5085212371.6594,2052551937,2090609404,1996532769,2032094532,0.005677,0.008219,0.002942,0.008145,0.004744,0.00687,0.00197,0.00653,0.005709,0.009179,0.002641,0.007563,70.15,29.85,2.35,72.98,27.02,2.7,63.44,36.56,1.74,5306187.99212,1361079.7968,6244290.23701916,1400851.72873,28638283.2795,11331.853,34896606.7059,13700.253,28638283.2795,11331.853,34896606.7059,13700.253
2024-09-04,2424.05,2489.34,2304.87,2449.67,8140965677.2422,2032094532,2072994692,1923812111,2023385061,0.008145,0.008942,-0.002264,0.004489,0.00653,0.008108,-0.005546,0.003025,0.007563,0.008105,-0.004188,0.003251,77.07,22.93,3.36,80.1,19.9,4.03,65.66,34.34,1.91,7404291.6204,3976190.2267,8764697.59049002,4409196.85783195,35958163.5483,14886.39,32150588.87,13209.092,35958163.5483,14886.39,32150588.87,13209.092
2024-09-05,2449.67,2465.23,2346.05,2367.37,6245562608.5308,2023385061,2065280264,1957544777,1978546544,0.004489,0.005119,0.002058,0.003662,0.003025,0.004798,-0.001889,0.001854,0.003251,0.00452,-0.000039,0.002289,71.83,28.17,2.55,75.86,24.14,3.14,64.87,35.13,1.85,4511805.49257,1381637.61482,5182518.94467351,1604657.67218,39434974.5309,16650.514,50086452.1921,21009.574,39434974.5309,16650.514,50086452.1921,21009.574
2024-09-06,2367.33,2409.34,2150,2223.7,12547524453.2438,1978546544,2032371059,1916511456,2014295702,0.003662,0.007241,0.000302,0.000302,0.001854,0.007369,-0.003091,-0.002552,0.002289,0.009117,-0.004569,-0.004569,76.88,23.12,3.33,80.87,19.13,4.23,65.15,34.85,1.87,5616499.44043,4390562.89632,10804086.2790975,5022743.55737032,39789239.0391,16559.548,38683499.4285,15979.68,39789239.0391,16559.548,38683499.4285,15979.68
2024-09-07,2223.7,2310,2220.76,2272.21,4165135330.8799,2014295702,2159665531,1999038366,2081661144,0.000302,0.005487,-0.003117,0.005389,-0.002552,0.004531,-0.006017,0.001946,-0.004569,0.004536,-0.007752,0.003693,79.59,20.41,3.9,83.37,16.63,5.01,65.58,34.42,1.91,1364090.06808,2225758.11871,1442597.99346,2321063.05682,38029320.5098,17183.86,34968416.3487,15662.023,38029320.5098,17183.86,34968416.3487,15662.023
2024-09-08,2272.21,2333.98,2238.88,2295.89,4415664015.7766,2081661144,2108272517,2028562821,2032204976,0.005389,0.005534,-0.000904,0.000731,0.001946,0.005374,-0.003351,0.000157,0.003693,0.005195,-0.004516,-0.001055,75.09,24.91,3.01,78.74,21.26,3.7,63.85,36.15,1.77,1474500.21644,3665715.27315,1658633.8821,3980593.0069,27578104.7558,12187.275,26242657.6527,11508.638,27578104.7558,12187.275,26242657.6527,11508.638
2024-09-09,2295.9,2382.51,2271.22,2358.19,6805915753.9105,2032204976,2084266231,2003625180,2064013005,0.000731,0.003202,-0.002483,0.001082,0.000157,0.004782,-0.00365,0.000415,-0.001055,0.006528,-0.002512,-0.000054,75.7,24.3,3.12,79.56,20.44,3.89,64.77,35.23,1.84,1661300.17007,4600025.07402,2060246.34576461,5513016.19817,31160704.0252,13623.065,26316925.9867,11420.219,31160704.0252,13623.065,26316925.9867,11420.219
2024-09-10,2358.19,2399.99,2319.09,2387.63,5054995343.0076,2064013005,2079740727,2011921925,2040930564,0.001082,0.003699,-0.003981,0.002499,0.000415,0.006126,-0.001692,0.004084,-0.000054,0.006728,-0.003037,0.003674,71.29,28.71,2.48,75.75,24.25,3.12,62.31,37.69,1.65,1337329.53682,1247842.7852,1838414.24887419,1736132.92595,32360646.7084,13772.011,28699758.5842,12121.226,32360646.7084,13772.011,28699758.5842,12121.226
2024-09-11,2387.63,2388.39,2275.8,2339.22,7306678947.4875,2040930564,2095450634,1976230556,2060574211,0.002499,0.00492,-0.001907,0.002549,0.004084,0.006172,-0.000668,0.004358,0.003674,0.007912,-0.000285,0.006522,70.3,29.7,2.37,75.69,24.31,3.11,63.46,36.54,1.74,19205392.96053,1608093.46022,20273205.70557124,1686264.32206405,29893609.4744,12568.086,35075171.492,14627.079,29893609.4744,12568.086,35075171.492,14627.079
2024-09-12,2339.18,2392,2313.16,2360.79,5033928698.2372,2060574211,2146453362,2059786108,2118345987,0.002549,0.00522,0.000368,0.004291,0.004358,0.006846,0.002059,0.006094,0.006522,0.008909,0.002019,0.006698,73.22,26.78,2.73,78.33,21.67,3.62,62.9,37.1,1.7,1326523.7593,1886556.27303,5234201.89941388,2049939.91727,33715994.6533,14475.018,33338386.2193,14200.867,33715994.6533,14475.018,33338386.2193,14200.867
2024-09-13,2360.79,2463.77,2336.2,2438.15,5529789409.0321,2118345987,2245426309,2103036187,2244224138,0.004291,0.00778,0.000906,0.000906,0.006094,0.007474,0.000839,0.002283,0.006698,0.00847,-0.003575,-0.000212,73.41,26.59,2.76,77.74,22.26,3.49,62.44,37.56,1.66,2256687.61158,12967299.479,2377796.83595827,13578803.08866398,29757699.0584,12656.165,34808389.3538,14683.664,29757699.0584,12656.165,34808389.3538,14683.664
2024-09-14,2438.16,2439.61,2373.82,2416.65,2596020590.1763,2244224138,2290217296,2188357768,2206786135,0.000906,0.001847,-0.005874,-0.000267,0.002283,0.006814,-0.001835,0.005024,-0.000212,0.007758,-0.005824,0.005004,66.58,33.42,1.99,70.4,29.6,2.38,61.74,38.26,1.61,913576.38772,295552.1013,1035061.45350459,539546.158172,50462783.7347,20809.642,50709007.4306,20697.727,50462783.7347,20809.642,50709007.4306,20697.727
2024-09-15,2416.65,2429.44,2282,2314.85,3940360053.5627,2206786135,2223498339,2068892928,2102716031,-0.000267,0.004624,-0.000267,0.003283,0.005024,0.007755,0.000944,0.002531,0.005004,0.008507,-0.000786,0.002442,70.4,29.6,2.38,75.22,24.78,3.04,60.97,39.03,1.56,3035818.58531,695203.72878,6230089.86587825,753992.10032,31294656.58,13005.593,34524015.5392,14227.38,31294656.58,13005.593,34524015.5392,14227.38
2024-09-16,2314.85,2334.9,2251.06,2294.61,6460692526.7837,2102716031,2237126324,2074711573,2208070253,0.003283,0.007906,-0.007097,0.007751,0.002531,0.007788,-0.007133,0.007593,0.002442,0.00928,-0.005376,0.008775,76.12,23.88,3.19,81.13,18.87,4.3,62.16,37.84,1.64,4655424.52442,1510574.90447,5708670.63024789,2466111.57539817,31772002.1629,13796.872,26938801.9596,11596.908,31772002.1629,13796.872,26938801.9596,11596.908
2024-09-17,2294.61,2392.62,2262,2340.59,6111066522.6589,2208070253,2296789761,2186960034,2210545757,0.007751,0.008673,0.001872,0.004828,0.007593,0.008679,0.002071,0.007132,0.008775,0.00976,0.001976,0.005813,78.06,21.94,3.56,81.51,18.49,4.41,61.38,38.62,1.59,6198076.4701,3125633.24633,6907822.63322506,3790911.53259368,33571577.9633,14685.881,35773788.5422,15525.092,33571577.9633,14685.881,35773788.5422,15525.092
2024-09-18,2340.59,2376,2275.25,2373.93,6635180739.1953,2210545757,2222251801,2132557526,2222251801,0.004828,0.008007,0.002019,0.007716,0.007132,0.00723,-0.001219,0.00722,0.005813,0.006709,-0.001638,0.006649,74.11,25.89,2.86,77.98,22.02,3.54,59.97,40.03,1.5,4718465.0399,4109377.2849,5762709.96838698,4534498.92781091,35268909.8907,15133.455,25637612.6912,10911.939,35268909.8907,15133.455,25637612.6912,10911.939
2024-09-19,2373.93,2494.68,2371.37,2464.56,7171076242.2815,2222251801,2467072843,2222251801,2373345527,0.007716,0.01,0.00079,0.01,0.00722,0.010238,0.001717,0.008764,0.006649,0.013539,0.000097,0.009177,76.0,24.0,3.17,80.09,19.91,4.02,61.29,38.71,1.58,1556634.49232,5124700.08017,1699625.57720675,6286764.62435,25563368.4995,10811.173,37867080.42,15884.255,25563368.4995,10811.173,37867080.42,15884.255
2024-09-20,2464.55,2572.18,2436.11,2560.29,7752609341.2869,2373345527,2495939119,2341690727,2479304993,0.01,0.01,0.004677,0.006704,0.008764,0.012107,0.005575,0.008697,0.009177,0.014596,0.003137,0.008223,68.19,31.81,2.14,72.77,27.23,2.67,60.57,39.43,1.54,2834313.1236,3618540.66097,3087364.67897915,4303309.0874665,42786660.7053,17449.867,37817148.6831,15269.093,42786660.7053,17449.867,37817148.6831,15269.093
2024-09-21,2560.3,2623.85,2527.69,2611.4,3860190075.8426,2479304993,2545953085,2438172662,2533868527,0.006704,0.007162,0.000331,0.004822,0.008697,0.009132,-0.000055,0.003744,0.008223,0.009882,-0.001822,0.003586,66.34,33.66,1.97,70.63,29.37,2.41,64.3,35.7,1.8,777086.79126,2762903.57369,992771.22455552,3260629.99302057,28869878.4396,11321.235,41550519.1648,16153.516,28869878.4396,11321.235,41550519.1648,16153.516
2024-09-22,2611.4,2633.3,2522.57,2579.94,5079507049.4705,2533868527,2549078598,2359087717,2388165390,0.004822,0.01,0.002489,0.002548,0.003744,0.009427,-0.001206,0.002294,0.003586,0.009502,-0.00075,0.000338,65.78,34.22,1.92,69.2,30.8,2.25,64.2,35.8,1.79,3017804.74135,3265600.83676,4783360.33732755,3375206.70007158,34824454.5058,13387.205,48592543.9163,18503.308,34824454.5058,13387.205,48592543.9163,18503.308
2024-09-23,2579.95,2702,2538.24,2645.84,8258860313.946,2388165390,2615360915,2335950653,2502788542,0.002548,0.007634,0.001501,0.003877,0.002294,0.008497,-0.0026,0.00646,0.000338,0.008989,-0.001806,0.008162,66.49,33.51,1.98,70.64,29.36,2.41,67.01,32.99,2.03,6294818.92878,10022486.43726,6417876.07632659,10726044.95838691,28494051.8913,11080.482,24167502.1034,9329.885,28494051.8913,11080.482,24167502.1034,9329.885
2024-09-24,2645.84,2669.94,2590.1,2652,7157160031.8942,2502788542,2547034979,2430433434,2451481202,0.003877,0.01,0.002539,0.002539,0.00646,0.011694,0.004694,0.005655,0.008162,0.013612,0.004237,0.004257,66.35,33.65,1.97,67.67,32.33,2.09,65.19,34.81,1.87,7209049.27755,3364401.39268,7701993.95740716,4465368.5992432,51102017.75,19407.835,28001899.824,10534.68,51102017.75,19407.835,28001899.824,10534.68
2024-09-25,2652,2673.06,2552.44,2578.9,5567024564.0767,2451481202,2469918448,2371361290,2396339180,0.002539,0.008048,-0.001554,0.007534,0.005655,0.009166,0.00449,0.008926,0.004257,0.009519,0.002337,0.009415,68.59,31.41,2.18,70.42,29.58,2.38,67.38,32.62,2.07,3093087.26406,845074.30892,3789561.73001912,914511.85198,37204764.0368,14093.51,47195977.5596,17720.416,37204764.0368,14093.51,47195977.5596,17720.416
2024-09-26,2578.9,2666.17,2557.5,2631.11,6929860648.511,2396339180,2498388503,2359993773,2417519858,0.007534,0.01,0.006121,0.009617,0.008926,0.010329,0.002246,0.006886,0.009415,0.014296,0.003422,0.007352,72.55,27.45,2.64,74.88,25.12,2.98,67.91,32.09,2.12,2582605.68258,3143627.30381,2723022.20263083,3726339.01191092,32692430.6514,12729.395,34433233.7309,13292.337,32692430.6514,12729.395,34433233.7309,13292.337
2024-09-27,2631.16,2727.66,2614.22,2693.53,6342180085.9281,2417519858,2621952368,2416259436,2546839641,0.009617,0.01,0.003042,0.01,0.006886,0.009345,0.002853,0.007038,0.007352,0.010459,0.004147,0.005394,68.88,31.12,2.21,70.59,29.41,2.4,69.0,31.0,2.23,1648096.46092,4647424.3925,1851282.6103856,5054542.96838176,47383420.2331,18088.308,39703846.4317,15021.935,47383420.2331,18088.308,39703846.4317,15021.935
2024-09-28,2693.52,2703.3,2648.32,2673.9,3723908448.8473,2546839641,2554399618,2456768906,2479654776,0.01,0.01,0.003311,0.003417,0.007038,0.008708,0.005395,0.005544,0.005394,0.01035,0.004145,0.004688,67.2,32.8,2.05,69.4,30.6,2.27,67.08,32.92,2.04,2614573.70333,486172.77856,2770512.76344506,487197.38169,62611442.4657,23374.357,34051222.4771,12585.828,62611442.4657,23374.357,34051222.4771,12585.828
2024-09-29,2673.91,2683,2632.8,2656.3,3694240066.2755,2479654776,2507048270,2436555072,2475960838,0.003417,0.01,0.002381,0.006161,0.005544,0.01061,0.004532,0.007983,0.004688,0.012103,0.002936,0.007319,69.17,30.83,2.24,72.01,27.99,2.57,67.43,32.57,2.07,1316283.03813,2282503.92231,1364469.53636995,2332864.93732,48880586.9489,18369.846,46466984.0818,17291.274,48880586.9489,18369.846,46466984.0818,17291.274
2024-09-30,2656.3,2662.81,2572.82,2601.49,7479242880.7525,2475960838,2637986604,2448741647,2636257350,0.006161,0.01,0.005888,0.01,0.007983,0.010161,0.005194,0.008471,0.007319,0.010512,0.004264,0.009371,70.6,29.4,2.4,72.97,27.03,2.7,67.22,32.78,2.05,6802640.58695,2199056.1271,8447887.98045067,2721009.2902869,60116022.0152,22743.756,36478230.9694,13672.159,60116022.0152,22743.756,36478230.9694,13672.159
2024-10-01,2601.49,2658.63,2412.4,2446.85,11757702020.6427,2636257350,2715727973,2464629450,2536785191,0.01,0.01,0.008233,0.01,0.008471,0.011918,0.004626,0.005183,0.009371,0.013111,0.001212,0.00462,71.98,28.02,2.57,74.25,25.75,2.88,69.1,30.9,2.24,8088672.06371,9035374.98076,14248784.5740282,9117802.89547875,31234944.9864,12053.634,32477921.1505,12433.18,31234944.9864,12053.634,32477921.1505,12433.18
2024-10-02,2446.85,2498,2350,2363,8682336410.3212,2536785191,2601054142,2360562438,2377361148,0.01,0.01,0.002329,0.002468,0.005183,0.008072,0.000804,0.001048,0.00462,0.007151,-0.000146,0.000345,73.04,26.96,2.71,78.71,21.29,3.7,68.86,31.14,2.21,10456480.55021,3071713.36394,12778601.79741112,3123192.2124,43865628.1327,16690.062,61042473.6898,23002.965,43865628.1327,16690.062,61042473.6898,23002.965
2024-10-03,2363,2402.29,2308.09,2348.74,7492256045.4839,2377361148,2427709470,2255808092,2289132896,0.002468,0.008461,0.001765,0.005136,0.001048,0.005335,-0.005006,0.001211,0.000345,0.007253,-0.006078,0.000247,75.17,24.83,3.03,80.13,19.87,4.03,67.97,32.03,2.12,18920556.95038,3059841.54527,20119032.0864657,3191894.58594588,42336474.5428,17995.444,29562015.4519,12458.069,42336474.5428,17995.444,29562015.4519,12458.069
2024-10-04,2348.74,2440,2338.27,2413.38,6057104359.762,2289132896,2403625124,2286965427,2348335303,0.005136,0.01,0.00244,0.01,0.001211,0.006869,-0.001729,0.005614,0.000247,0.0105,-0.004106,0.006391,74.98,25.02,3.0,79.54,20.46,3.89,66.04,33.96,1.95,1794981.51923,1767418.46013,2227145.89182819,1997216.39413,36151677.0229,15462.455,33552932.1699,14223.213,36151677.0229,15462.455,33552932.1699,14223.213
2024-10-05,2413.38,2427.94,2388.66,2413.42,2659364172.5749,2348335303,2371413665,2312730492,2358938189,0.01,0.01,0.002478,0.009121,0.005614,0.007818,0.001246,0.007685,0.006391,0.008712,0.000507,0.00855,72.47,27.53,2.63,76.59,23.41,3.27,64.81,35.19,1.84,1939019.99312,4004659.06239,1984402.12597955,4005893.76608,47976172.3562,19961.038,34905553.2633,14405.967,47976172.3562,19961.038,34905553.2633,14405.967
2024-10-06,2413.42,2457.11,2405.76,2438.77,2965205289.0303,2358938189,2451208199,2344523916,2356684098,0.009121,0.009658,0.00155,0.00336,0.007685,0.00889,0.000273,0.001017,0.00855,0.010565,0.000415,0.000805,72.78,27.22,2.67,77.53,22.47,3.45,65.02,34.98,1.86,619813.09107,1373477.14044,636014.7490928,1551201.17694344,37197790.6988,15473.061,44887364.1793,18518.775,37197790.6988,15473.061,44887364.1793,18518.775
2024-10-07,2438.76,2520.25,2401.08,2421.75,8255845376.9821,2356684098,2371640282,2165900075,2167200920,0.00336,0.01,-0.000491,0.006508,0.001017,0.01104,0.001017,0.005202,0.000805,0.012079,-0.000631,0.00507,72.02,27.98,2.57,76.37,23.63,3.23,63.87,36.13,1.77,14543296.37258,5539544.89772,15704225.81078677,6706855.74792575,30590129.7902,12592.13,47449471.7301,19353.196,30590129.7902,12592.13,47449471.7301,19353.196
2024-10-08,2421.75,2466.63,2400.01,2439.84,5502306316.9677,2167200920,2366302181,2167200920,2302612135,0.006508,0.01,0.006508,0.01,0.005202,0.00948,0.004133,0.007456,0.00507,0.01096,0.003506,0.006782,73.96,26.04,2.84,78.69,21.31,3.69,68.26,31.74,2.15,3667239.66397,1809300.83002,3851830.07687653,2019499.03825,48119409.1748,19954.377,28742595.9724,11820.807,48119409.1748,19954.377,28742595.9724,11820.807
2024-10-09,2439.84,2472.9,2350,2369.6,6518443896.4245,2302612135,2409819262,2218646729,2404887523,0.01,0.01,0.003425,0.006663,0.007456,0.010326,0.004728,0.005125,0.006782,0.012956,0.004253,0.005392,72.82,27.18,2.68,77.12,22.88,3.37,68.43,31.57,2.17,4544812.28782,1513671.08682,5682679.8582966,1544141.60403472,37401215.6561,15397.075,35566406.9457,14517.754,37401215.6561,15397.075,35566406.9457,14517.754
2024-10-10,2369.6,2421.5,2329.44,2385.24,6818678393.3927,2404887523,2454127462,2369186061,2437049991,0.006663,0.01,0.006663,0.01,0.005125,0.011821,0.005125,0.006783,0.005392,0.014532,0.005125,0.006626,75.47,24.53,3.08,80.31,19.69,4.08,67.56,32.44,2.08,4773016.12385,2591531.08431,5178195.63310924,2673053.06944822,32460337.7205,13756.361,28037070.2884,11784.643,32460337.7205,13756.361,28037070.2884,11784.643
2024-10-11,2385.24,2470,2380.81,2438.46,5678609232.2065,2437049991,2496670554,2338695949,2345904124,0.01,0.01,-0.000813,0.004393,0.006783,0.010373,0.004933,0.006099,0.006626,0.013287,0.002982,0.004782,75.17,24.83,3.03,79.54,20.46,3.89,69.62,30.38,2.29,744800.14449,2903376.78047,772842.7198286,3151832.05666059,34079915.288,14346.698,40229546.0058,16800.163,34079915.288,14346.698,40229546.0058,16800.163
2024-10-12,2438.44,2489.95,2433.2,2475.09,2752321410.1222,2345904124,2407737295,2331744212,2390341981,0.004393,0.01,0.004393,0.007996,0.006099,0.010802,0.004771,0.009276,0.004782,0.010847,0.004586,0.008043,70.5,29.5,2.39,74.76,25.24,2.96,66.95,33.05,2.03,413619.27203,1906412.99535,430994.64203,1985717.78439,50545592.4351,20829.863,29093133.8731,11885.011,50545592.4351,20829.863,29093133.8731,11885.011
2024-10-13,2475.08,2484,2435,2467.79,3182005834.6143,2390341981,2398813173,2260104098,2299763065,0.007996,0.009222,0.000789,0.006566,0.009276,0.010087,0.002028,0.009652,0.008043,0.011464,-0.000785,0.011103,69.01,30.99,2.23,73.29,26.71,2.74,67.33,32.67,2.06,2723348.94219,1534837.66891,2878438.18630306,1668140.93739,38300574.2696,15539.559,45493782.4484,18284.667,38300574.2696,15539.559,45493782.4484,18284.667
2024-10-14,2467.79,2653.44,2442,2628.88,9413832968.8577,2299763065,2938345124,2278164691,2900373436,0.006566,0.01,0.004576,0.01,0.009652,0.013141,0.006437,0.011894,0.011103,0.015295,0.005773,0.012844,69.56,30.44,2.29,74.61,25.39,2.94,68.21,31.79,2.15,1521071.32918,12582104.16062,1590416.3574228,13123929.61364568,42416911.9844,17255.589,52545846.6028,21198.606,42416911.9844,17255.589,52545846.6028,21198.606
2024-10-15,2628.87,2688.76,2536.64,2606.53,10179180216.387,2900373436,3063118311,2782353651,2831894600,0.01,0.01,0.01,0.01,0.011894,0.012797,0.008801,0.011575,0.012844,0.015088,0.007426,0.011618,64.53,35.47,1.82,66.45,33.55,1.98,68.33,31.67,2.16,7325368.56411,3612632.74412,8538744.7049682,4133297.30511,68894874.7268,26351.345,26204917.4432,9922.206,68894874.7268,26351.345,26204917.4432,9922.206
2024-10-16,2607.95,2647.51,2588.01,2610.39,5575803408.0787,2831894600,3006475914,2815152974,2918115017,0.01,0.01,0.01,0.01,0.011575,0.01191,0.008182,0.008676,0.011618,0.012424,0.007959,0.008106,69.26,30.74,2.25,72.95,27.05,2.7,72.38,27.62,2.62,1646621.76015,2861881.12628,1818517.36197571,3049396.46576,32781015.7646,12622.473,49429267.7797,18890.906,32781015.7646,12622.473,49429267.7797,18890.906
2024-10-17,2610.39,2647.9,2573.73,2605.01,5391388698.1262,2918115017,3049731295,2918115017,2949517307,0.01,0.01,0.01,0.01,0.008676,0.011364,0.004502,0.005879,0.008106,0.012929,0.000276,0.002282,66.94,33.06,2.03,70.1,29.9,2.34,71.7,28.3,2.53,13365085.63913,1186262.03198,13937127.52129108,1400523.72162023,50563204.6138,19448.699,36441002.4594,13901.122,50563204.6138,19448.699,36441002.4594,13901.122
2024-10-18,2605,2675.12,2595.61,2641.11,6087636751.144,2949517307,3164404581,2941383938,2989916810,0.01,0.01,0.01,0.01,0.005879,0.009014,0.003827,0.006056,0.002282,0.007581,0.001154,0.003391,67.22,32.78,2.05,70.72,29.28,2.42,74.0,26.0,2.85,1023152.32127,4023067.59207,1244352.22024037,5283527.29355,57592896.1273,22211.032,38161242.8858,14586.849,57592896.1273,22211.032,38161242.8858,14586.849
2024-10-19,2641.11,2662.66,2630.05,2647.45,2145117994.8019,2989916810,3005040509,2919425609,2943427908,0.01,0.01,0.01,0.01,0.006056,0.011486,0.006056,0.010775,0.003391,0.013987,0.003391,0.012525,64.88,35.12,1.85,67.99,32.01,2.12,71.9,28.1,2.56,635821.23494,767132.61487,641968.2179892,785241.7143,53987591.6736,20545.837,39638729.3271,14945.752,53987591.6736,20545.837,39638729.3271,14945.752
2024-10-20,2647.46,2759.62,2634.53,2746.98,5086832080.6404,2943427908,3177515451,2913968896,3177515451,0.01,0.01,0.01,0.01,0.010775,0.01215,0.007926,0.012058,0.012525,0.014475,0.009878,0.012767,64.52,35.48,1.82,68.33,31.67,2.16,72.36,27.64,2.62,1779087.40791,9859084.66998,1837263.6566196,10530458.4683385,69497067.8947,26381.581,50716341.2925,19072.884,69497067.8947,26381.581,50716341.2925,19072.884
2024-10-21,2746.98,2770,2655.52,2666.63,6594021750.8702,3177515451,3203615113,3060846257,3063560894,0.01,0.01,0.01,0.01,0.012058,0.015208,0.009084,0.009161,0.012767,0.016535,0.008448,0.009316,63.57,36.43,1.75,64.94,35.06,1.85,73.26,26.74,2.74,14792157.64642,1820315.75297,15304980.891081,1839164.18355,49691162.6429,18167.625,47140667.2639,17076.602,49691162.6429,18167.625,47140667.2639,17076.602
2024-10-22,2666.62,2671.59,2606,2621.78,5872942965.1823,3063560894,3107141974,2984626173,3008802817,0.01,0.01,0.01,0.01,0.009161,0.011281,0.007719,0.009728,0.009316,0.012834,0.006782,0.009767,68.34,31.66,2.16,71.26,28.74,2.48,73.82,26.18,2.82,8055738.3779,1725535.7255,8770946.25203131,2042016.77226,68503293.396,25825.889,36617627.8561,13675.613,68503293.396,25825.889,36617627.8561,13675.613
2024-10-23,2621.79,2629.51,2443.01,2523.84,8115525582.4372,3008802817,3045413317,2881335642,2951083716,0.01,0.01,0.01,0.01,0.009728,0.011307,0.00721,0.009033,0.009767,0.013378,0.006235,0.007659,71.76,28.24,2.54,73.32,26.68,2.75,73.67,26.33,2.8,9427561.78735,1344165.80289,12042081.44393215,1542072.00851,59968796.2762,22951.65,42311745.7413,16037.016,59968796.2762,22951.65,42311745.7413,16037.016
2024-10-24,2523.85,2561.83,2506.27,2535.39,5131498391.2349,2951083716,2998239848,2885930362,2956088961,0.01,0.01,0.01,0.01,0.009033,0.012559,0.007407,0.009677,0.007659,0.016055,0.004591,0.010112,76.43,23.57,3.24,79.69,20.31,3.92,73.02,26.98,2.71,1552659.74302,3448548.09235,3543702.46657437,3501890.34216,34050422.4718,13543.962,35346074.7744,13947.462,34050422.4718,13543.962,35346074.7744,13947.462
2024-10-25,2535.39,2565.94,2380.63,2440.1,10025432987.3665,2956088961,3022948881,2737289197,2825416043,0.01,0.01,0.01,0.01,0.009677,0.013611,0.004949,0.011595,0.010112,0.01655,0.003491,0.012379,76.37,23.63,3.23,78.75,21.25,3.71,74.08,25.92,2.86,9225733.09267,2955208.72816,14041361.75643162,3189031.58680268,43007043.8501,17026.626,39536050.5668,15522.355,43007043.8501,17026.626,39536050.5668,15522.355
2024-10-26,2440.1,2507.1,2429.34,2482.04,3869013850.5738,2825416043,2998862125,2818677342,2949369558,0.01,0.01,0.01,0.01,0.011595,0.011595,0.005591,0.009777,0.012379,0.012379,0.004864,0.008651,77.86,22.14,3.52,81.48,18.52,4.4,74.04,25.96,2.85,656660.86972,3629032.6935,704509.978784,3674835.53643,34263755.3678,14099.859,37745901.7197,15419.228,34263755.3678,14099.859,37745901.7197,15419.228
2024-10-27,2482.04,2527.25,2462.86,2507.22,2791985546.1673,2949369558,3035654679,2925977249,2999719325,0.01,0.01,0.01,0.01,0.009777,0.01145,0.008109,0.010638,0.008651,0.01261,0.005665,0.010218,74.72,25.28,2.96,77.43,22.57,3.43,74.12,25.88,2.86,779757.03064,1946654.96353,793324.00832,1970658.82225,40167440.7055,16248.845,33538302.6795,13460.148,40167440.7055,16248.845,33538302.6795,13460.148
2024-10-28,2507.21,2590.78,2470.41,2566.49,7497433732.8836,2999719325,3243657876,2948374219,3215620793,0.01,0.01,0.01,0.01,0.010638,0.012206,0.006974,0.009998,0.010218,0.013205,0.007126,0.010274,75.26,24.74,3.04,78.14,21.86,3.58,74.77,25.23,2.96,3973786.65034,5003240.53467,4638828.5406454,7404393.55749176,36616178.274,14662.654,31889318.266,12667.809,36616178.274,14662.654,31889318.266,12667.809
2024-10-29,2566.48,2681.83,2560.3,2639.28,7891145267.937,3215620793,3385074585,3202965824,3284649746,0.01,0.01,0.01,0.01,0.009998,0.012699,0.006822,0.01268,0.010274,0.014287,0.007601,0.014188,73.66,26.34,2.8,76.78,23.22,3.31,75.6,24.4,3.1,2362041.04924,14727982.70816,2927369.14247843,15254263.07581467,48747342.5808,19070.333,55780381.4064,21667.601,48747342.5808,19070.333,55780381.4064,21667.601
2024-10-30,2639.28,2724.65,2599.9,2659.36,9357522286.3745,3284649746,3539882074,3207946797,3342916330,0.01,0.01,0.01,0.01,0.01268,0.017404,0.009104,0.010694,0.014188,0.019662,0.008959,0.011362,70.48,29.52,2.39,73.72,26.28,2.81,75.99,24.01,3.17,3362818.3137,4210639.12016,4047736.25108446,4720112.55220032,42677933.0072,16238.352,42044094.9265,15874.06,42677933.0072,16238.352,42044094.9265,15874.06
2024-10-31,2659.35,2669.74,2502.5,2518.37,8277805871.391,3342916330,3394940258,3228610226,3318116845,0.01,0.01,0.01,0.01,0.010694,0.011515,-0.005496,0.009403,0.011362,0.012706,0.00137,0.008479,69.31,30.69,2.26,73.17,26.83,2.73,76.6,23.4,3.27,6883991.62091,1215853.61993,8334921.79149134,1226099.51577602,34972726.8929,13205.136,33598499.2257,12585.92,34972726.8929,13205.136,33598499.2257,12585.92
2024-11-01,2518.37,2587.86,2467.3,2511.57,8699127108.8224,3318116845,3402918045,3172625812,3215048294,0.01,0.01,0.01,0.01,0.009403,0.010117,0.007002,0.00916,0.008479,0.010084,0.005886,0.009221,76.44,23.56,3.24,80.17,19.83,4.04,75.53,24.47,3.09,8933637.9713,3064738.78748,10068309.66025903,3751841.00406,60060211.4454,23978.445,48898957.286,19330.394,60060211.4454,23978.445,48898957.286,19330.394
2024-11-02,2511.57,2523.8,2467.1,2493.61,3026712773.3079,3215048294,3236522029,3150586291,3179215220,0.01,0.01,0.01,0.01,0.00916,0.009511,0.00661,0.008726,0.009221,0.009898,0.005331,0.008827,77.4,22.6,3.43,80.27,19.73,4.07,73.84,26.16,2.82,5031771.77784,491060.56862,5261877.50774126,493041.6049,37327809.8499,14919.208,34240204.412,13585.704,37327809.8499,14919.208,34240204.412,13585.704
2024-11-03,2493.61,2496.21,2410.35,2457.29,7163438365.5522,3179215220,3198286492,3089478251,3165095052,0.01,0.01,0.01,0.01,0.008726,0.011497,0.006772,0.00902,0.008827,0.012489,0.005516,0.008857,77.91,22.09,3.53,81.03,18.97,4.27,72.5,27.5,2.64,8477346.18342,2563849.64324,10928614.19655167,2577046.79523,51160026.3282,20616.872,54965240.5305,21951.827,51160026.3282,20616.872,54965240.5305,21951.827
2024-11-04,2457.3,2491,2356,2397.37,6531967619.959,3165095052,3212856831,3043548824,3069263571,0.01,0.01,0.01,0.01,0.00902,0.012498,0.006955,0.009079,0.008857,0.010122,0.004757,0.009257,78.65,21.35,3.68,82.34,17.66,4.66,73.0,27.0,2.7,5505903.00683,2528964.94391,7826203.93910249,4150428.746218,40577505.6122,16588.761,40837006.9753,16542.255,40577505.6122,16588.761,40837006.9753,16542.255
2024-11-05,2397.36,2479.6,2379.48,2421.42,6231806598.8052,3069263571,3154707916,3045878563,3063700458,0.01,0.01,0.009431,0.009523,0.009079,0.009664,0.005704,0.006383,0.009257,0.009724,0.005665,0.006384,79.22,20.78,3.81,83.02,16.98,4.89,74.15,25.85,2.87,2420427.34955,2676231.15325,3105487.76839849,2776284.77394,35995965.1704,15071.985,36230023.7937,15051.582,35995965.1704,15071.985,36230023.7937,15051.582
2024-11-06,2421.41,2746.02,2419.2,2722.49,16271974035.8091,3063700458,3585138585,3061694769,3550543245,0.009523,0.01,0.009464,0.01,0.006383,0.01738,0.006373,0.012036,0.006384,0.01824,0.006384,0.012749,79.72,20.28,3.93,82.97,17.03,4.87,73.99,26.01,2.85,5419849.79236,9960265.17579,7454099.04946523,12431447.4940327,49214040.4688,20414.93,30034884.8937,12357.298,49214040.4688,20414.93,30034884.8937,12357.298
2024-11-07,2722.5,2916.56,2700.31,2895.76,14756308643.6903,3550543245,3915702692,3503567995,3803354839,0.01,0.016234,0.01,0.01,0.012036,0.022632,0.0106,0.010743,0.012749,0.023924,0.010437,0.010995,68.14,31.86,2.14,70.23,29.77,2.36,71.45,28.55,2.5,5604183.75205,10229128.013,6100664.11887521,12163692.71605033,38822893.9941,14318.294,34182334.2227,12504.721,38822893.9941,14318.294,34182334.2227,12504.721
2024-11-08,2895.76,2982.75,2886.47,2962.12,11332085414.5855,3803354839,4044145477,3803354839,3940352288,0.01,0.01,0.01,0.01,0.010743,0.018822,0.008935,0.010279,0.010995,0.016689,0.007967,0.010231,65.66,34.34,1.91,67.82,32.18,2.11,72.24,27.76,2.6,5737536.5216,5941981.01234,7159302.30181855,7493307.09122013,38961675.6423,13509.767,43463248.1619,14946.14,38961675.6423,13509.767,43463248.1619,14946.14
2024-11-09,2962.12,3158.66,2954.1,3127.03,11173760801.9023,3940352288,4082466952,3841633561,4046355326,0.01,0.01,0.01,0.01,0.010279,0.014881,0.008405,0.011501,0.010231,0.013066,0.007338,0.011685,62.07,37.93,1.64,64.65,35.35,1.83,70.19,29.81,2.36,3441019.06953,21296799.4311,4563949.13348355,23245179.30647641,39247771.5912,13304.198,55247813.35,18560.099,39247771.5912,13304.198,55247813.35,18560.099
2024-11-10,3127.02,3252.28,3073.86,3185.19,17851093752.3685,4046355326,4167510349,3750422780,3835075922,0.01,0.035463,0.01,0.028976,0.011501,0.040493,0.009798,0.03586,0.011685,0.041549,0.009344,0.037627,62.48,37.52,1.67,63.6,36.4,1.75,72.0,28.0,2.57,12641484.41431,12916436.10116,17254808.38766096,14355735.12777559,47844451.0928,15366.678,43525109.0418,13860.569,47844451.0928,15366.678,43525109.0418,13860.569
2024-11-11,3185.18,3392.06,3107.15,3375.02,20262254873.4489,3835075922,4148474548,3759351742,4011350679,0.028976,0.037371,0.01,0.017539,0.03586,0.046842,0.013074,0.024905,0.037627,0.040291,0.013097,0.02769,67.34,32.66,2.06,68.4,31.6,2.17,73.82,26.18,2.82,7330886.7148,11924923.88717,8968273.0977124,13752952.70003385,34171685.6017,10771.799,26675425.753,8338.597,34171685.6017,10771.799,26675425.753,8338.597
2024-11-12,3375.02,3449,3211.15,3245.98,22813359113.3843,4011350679,4206353237,3825801954,3884620951,0.017539,0.069828,0.013611,0.013661,0.024905,0.068421,0.017179,0.017179,0.02769,0.068222,0.018966,0.019163,69.71,30.29,2.3,70.24,29.76,2.36,76.55,23.45,3.26,30618997.93042,13004880.20146,36005398.68509094,13896422.70053985,40235885.1505,11967.546,35927220.2255,10598.657,40235885.1505,11967.546,35927220.2255,10598.657
2024-11-13,3245.99,3335,3120,3188.9,19122552954.9751,3884620951,4075874057,3732717545,3820663828,0.013661,0.035557,0.010662,0.010662,0.017179,0.027098,0.010891,0.012642,0.019163,0.029028,0.010423,0.012161,71.72,28.28,2.54,74.86,25.14,2.98,75.98,24.02,3.16,19205670.58194,19201984.19923,28683933.30932531,19932462.69302434,56454870.8341,17485.761,27140363.56,8326.889,56454870.8341,17485.761,27140363.56,8326.889
2024-11-14,3188.9,3242.31,3031.6,3061.03,13169633833.312,3820663828,3934365056,3751950556,3788141235,0.010662,0.015162,0.01,0.013083,0.012642,0.020385,0.010417,0.015084,0.012161,0.022456,0.009406,0.015353,73.58,26.42,2.79,75.54,24.46,3.09,75.19,24.81,3.03,6854334.60685,14389160.39201,17642553.58036644,15734035.60560464,36125513.8587,11377.775,38551561.819,12045.279,36125513.8587,11377.775,38551561.819,12045.279
2024-11-15,3061.04,3133.68,3016.11,3091.75,10790843508.0456,3788141235,4048652119,3755943168,3974473478,0.013083,0.018239,0.01,0.018197,0.015084,0.019742,0.011372,0.017045,0.015353,0.019009,0.009333,0.019009,75.05,24.95,3.01,77.73,22.27,3.49,75.21,24.79,3.03,7912325.03395,8171427.83534,11743999.00446558,8373768.83745,34315735.0131,11255.731,36385740.3812,11838.076,34315735.0131,11255.731,36385740.3812,11838.076
2024-11-16,3091.75,3222.69,3073.47,3134.72,7933126116.8949,3974473478,4253202268,3949076426,3998449155,0.018197,0.018241,0.01,0.01,0.017045,0.02093,0.012413,0.013081,0.019009,0.022034,0.010517,0.012957,77.0,23.0,3.35,78.38,21.62,3.63,75.04,24.96,3.01,3932051.2668,11732321.98854,5361382.71715024,12050658.22966262,41339014.1028,13428.21,36607783.0892,11796.177,41339014.1028,13428.21,36607783.0892,11796.177
2024-11-17,3134.71,3164.8,3035,3078.09,9311038695.1216,3998449155,4051945088,3859088351,3925789584,0.01,0.022441,0.01,0.01987,0.013081,0.026473,0.009565,0.023671,0.012957,0.025604,0.009278,0.02327,77.1,22.9,3.37,78.92,21.08,3.74,74.56,25.44,2.93,7950601.69129,3970831.19016,12984556.37789258,4217018.12106159,52198301.1598,16727.194,29334288.4084,9323.663,52198301.1598,16727.194,29334288.4084,9323.663
2024-11-18,3078.09,3228,3051.5,3210.48,12964057149.4844,3925789584,4380627568,3920428154,4368642211,0.01987,0.042146,0.018183,0.040458,0.023671,0.051668,0.020356,0.03707,0.02327,0.050048,0.021122,0.038351,78.83,21.17,3.72,80.97,19.03,4.26,74.27,25.73,2.89,6149229.61105,7357836.15157,8563003.4482597,8095512.46476484,70242380.1739,22873.577,33291512.9019,10773.177,70242380.1739,22873.577,33291512.9019,10773.177
2024-11-19,3210.48,3224.83,3066.4,3109.34,9569494350.3136,4368642211,4400178127,4003147858,4053869088,0.040458,0.040696,0.014385,0.017485,0.03707,0.042303,0.01612,0.016142,0.038351,0.045192,0.014151,0.014221,74.5,25.5,2.92,77.34,22.66,3.41,75.0,25.0,3.0,5192107.71388,3007647.27512,7139964.12408287,3098156.690824,42550745.3379,13310.01,37058063.7187,11495.607,42550745.3379,13310.01,37058063.7187,11495.607
2024-11-20,3109.33,3162.25,3030.5,3071.05,9731906213.7068,4053869088,4264232781,4009921282,4194105522,0.017485,0.02359,0.01,0.01,0.016142,0.026347,0.014764,0.015674,0.014221,0.027546,0.009806,0.014466,80.13,19.87,4.03,82.41,17.59,4.69,75.06,24.94,3.01,6078175.44886,2664386.53607,15119460.46634864,2893427.55179988,37151613.8429,11999.057,35725741.2518,11442.751,37151613.8429,11999.057,35725741.2518,11442.751
2024-11-21,3071.05,3389.99,3033.32,3358.42,19501026488.6976,4194105522,4900876610,4157426052,4686883327,0.01,0.034229,0.01,0.034229,0.015674,0.034742,0.011879,0.034635,0.014466,0.035673,0.011426,0.0356,80.74,19.26,4.19,82.54,17.46,4.73,74.84,25.16,2.98,7804621.09249,12682896.38425,10320831.26836478,14320572.04581323,37678815.1099,12316.623,38012142.3653,12323.722,37678815.1099,12316.623,38012142.3653,12323.722
2024-11-22,3358.69,3429.99,3260.42,3330.05,12761376614.8829,4686883327,4812031266,4535744655,4650747733,0.034229,0.039003,0.015165,0.015165,0.034635,0.042883,0.017588,0.018855,0.0356,0.040978,0.019277,0.019626,74.38,25.62,2.9,76.54,23.46,3.26,76.7,23.3,3.29,7375956.77083,5044997.2621,9575113.04108036,5455128.48157982,50674628.0638,15152.087,42001819.2902,12443.35,50674628.0638,15152.087,42001819.2902,12443.35
2024-11-23,3330.04,3498.94,3315.28,3396.33,13912652710.3275,4650747733,5197924322,4633999215,4790904851,0.015165,0.039732,0.014483,0.027116,0.018855,0.045448,0.016813,0.029629,0.019626,0.046518,0.017581,0.031334,78.87,21.13,3.73,82.16,17.84,4.61,78.34,21.66,3.62,11964772.52679,7462578.34222,13196619.07188152,18636952.96703156,40068201.7747,12083.197,53203516.8225,15917.069,40068201.7747,12083.197,53203516.8225,15917.069
2024-11-24,3396.32,3453,3282.48,3362.98,10467981400.1489,4790904851,4875391484,4656360444,4753158289,0.027116,0.032081,0.017374,0.017374,0.029629,0.037006,0.025146,0.028155,0.031334,0.038902,0.024347,0.029051,78.14,21.86,3.58,81.76,18.24,4.48,77.62,22.38,3.47,6462018.08429,2885750.75446,8492126.44346955,3165444.59731,78127600.1772,23139.326,41075028.0573,12046.594,78127600.1772,23139.326,41075028.0573,12046.594
2024-11-25,3362.98,3549.91,3301.96,3416.92,21540192500.7567,4753158289,5273552124,4658403181,4900161336,0.017374,0.036377,0.014893,0.024586,0.028155,0.054489,0.021443,0.028456,0.029051,0.056187,0.021874,0.029859,79.9,20.1,3.98,82.94,17.06,4.86,76.96,23.04,3.34,19671109.30417,11798814.95326,23796430.62972523,13121409.24255059,38588905.9817,11515.523,59429934.9153,17585.636,38588905.9817,11515.523,59429934.9153,17585.636
2024-11-26,3416.91,3464.95,3254.19,3327.17,15396468991.2874,4900161336,5017780265,4601274747,4673590056,0.024586,0.024874,0.011505,0.021125,0.028456,0.033859,0.014244,0.027261,0.029859,0.033477,0.013557,0.029137,76.36,23.64,3.23,80.09,19.91,4.02,78.16,21.84,3.58,28885010.14173,3550190.23984,30995936.82889895,3832494.0840792,40986552.0913,12046.892,32212286.0636,9392.541,40986552.0913,12046.892,32212286.0636,9392.541
2024-11-27,3327.17,3688,3305,3655.88,16658324948.886,4673590056,5700938328,4640760394,5633773641,0.021125,0.024567,0.014922,0.015994,0.027261,0.033263,0.018543,0.025731,0.029137,0.03622,0.023013,0.026917,80.34,19.66,4.09,83.14,16.86,4.93,78.28,21.72,3.6,2179906.76205,11094412.52904,2361961.1858931,12261303.26773449,55287554.7409,16691.693,44844453.3215,13416.07,55287554.7409,16691.693,44844453.3215,13416.07
2024-11-28,3655.89,3664.31,3531,3581.58,11972539377.3388,5633773641,5644890650,5215983044,5278873327,0.015994,0.018211,0.01,0.01,0.025731,0.032008,0.015236,0.024718,0.026917,0.033496,0.018914,0.025739,68.17,31.83,2.14,70.95,29.05,2.44,75.8,24.2,3.13,7831036.65077,4331330.35543,8862145.17315819,4487625.2142585,53391651.8661,14658.922,62539986.3192,17022.377,53391651.8661,14658.922,62539986.3192,17022.377
2024-11-29,3581.59,3649.28,3535.52,3594.5,9140926145.6825,5278873327,5395079352,5172639880,5349987400,0.01,0.018058,0.01,0.017082,0.024718,0.030194,0.014787,0.019346,0.025739,0.031923,0.015195,0.020458,73.36,26.64,2.75,78.48,21.52,3.65,77.71,22.29,3.49,2563773.90784,5051473.83156,3371511.53816957,5428439.67218,47376233.1831,13284.206,60727183.1296,16865.074,47376233.1831,13284.206,60727183.1296,16865.074
2024-11-30,3594.51,3742.18,3570.2,3705.73,10530007856.0083,5349987400,5638972356,5281816620,5550359733,0.017082,0.026472,0.011863,0.011863,0.019346,0.033981,0.014932,0.01906,0.020458,0.033097,0.01709,0.021298,75.2,24.8,3.03,78.52,21.48,3.66,76.4,23.6,3.24,2550582.99295,4291997.83504,3982477.73395906,4634071.10903117,60619169.72,16943.674,59202681.2266,16395.799,60619169.72,16943.674,59202681.2266,16395.799
2024-12-01,3705.74,3750.67,3661.35,3711.24,9116372991.8231,5550359733,5705095671,5459386749,5639322512,0.011863,0.036131,0.010651,0.036131,0.01906,0.036825,0.014194,0.036825,0.021298,0.040048,0.016302,0.037041,71.77,28.23,2.54,75.52,24.48,3.09,76.27,23.73,3.21,2877033.41898,6958157.3099,3252108.87392453,7277843.54035129,51146684.7868,13857.48,49862318.6029,13406.832,51146684.7868,13857.48,49862318.6029,13406.832
2024-12-02,3711.22,3766,3557.61,3646.26,16810686241.9375,5639322512,5751012154,5351874397,5508516936,0.036131,0.052095,0.024718,0.02643,0.036825,0.059702,0.023451,0.027446,0.037041,0.061524,0.022783,0.026941,71.97,28.03,2.57,76.49,23.51,3.25,76.5,23.5,3.26,9478994.0571,7478730.93782,11804765.82248749,7740564.61109556,100522973.7024,27223.12,53999991.2901,14483.315,100522973.7024,27223.12,53999991.2901,14483.315
2024-12-03,3646.26,3673.9,3502.01,3616.82,13037687998.6547,5508516936,5756254915,5442611813,5670847658,0.02643,0.036747,0.014236,0.018799,0.027446,0.044929,0.018219,0.023986,0.026941,0.046316,0.01816,0.024643,77.02,22.98,3.35,80.52,19.48,4.13,79.13,20.87,3.79,7992497.73446,7727748.5498,11358579.57030496,7833699.53762628,40389677.6264,11119.853,50962857.197,13914.017,40389677.6264,11119.853,50962857.197,13914.017
2024-12-04,3616.83,3891,3616.82,3840.75,21470446684.3829,5670847658,6415300377,5660822507,6190174256,0.018799,0.030649,0.012494,0.0236,0.023986,0.044556,0.020132,0.03169,0.024643,0.045916,0.024643,0.031867,78.84,21.16,3.73,82.15,17.85,4.6,79.26,20.74,3.82,6081698.38844,11671631.01608,6712433.29792897,18759741.30085741,67472581.7871,19214.664,53391482.9297,15090.515,67472581.7871,19214.664,53391482.9297,15090.515
2024-12-05,3840.74,3960,3615,3787.31,23960194276.5526,6190174256,6376732874,5609970939,5715290544,0.0236,0.052778,0.014294,0.014294,0.03169,0.074541,0.023911,0.023927,0.031867,0.08143,0.024154,0.02425,72.35,27.65,2.62,76.71,23.29,3.29,77.94,22.06,3.53,18192400.79071,10206825.00282,23514069.65584539,11266433.05651823,46525563.5202,12157.018,67130293.3604,17382.548,46525563.5202,12157.018,67130293.3604,17382.548
2024-12-06,3787.3,4092.83,3780,4001.75,18350270956.5257,5715290544,6717814267,5704518457,6410697334,0.014294,0.033232,0.014041,0.030655,0.023927,0.03909,0.019534,0.030135,0.02425,0.040971,0.020132,0.03322,79.65,20.35,3.91,83.84,16.16,5.19,77.67,22.33,3.48,4769280.8504,9250170.75787,5285626.60054523,9871814.93158585,52899940.1383,14031.909,40496532.3131,10651.214,52899940.1383,14031.909,40496532.3131,10651.214
2024-12-07,4001.76,4028.69,3970,3999.79,6195486616.0903,6410697334,6444345319,6293954377,6297484650,0.030655,0.030655,0.020851,0.020885,0.030135,0.035216,0.020629,0.024865,0.03322,0.03738,0.021999,0.025894,71.48,28.52,2.51,75.86,24.14,3.14,75.5,24.5,3.08,1514552.34976,989613.01637,1655770.2379092,1041949.42914,69460136.0792,17433.189,53504668.6615,13317.609,69460136.0792,17433.189,53504668.6615,13317.609
2024-12-08,3999.8,4019.57,3926,4007.3,7113739108.6231,6297484650,6377437798,6213674223,6298680884,0.020885,0.024837,0.016759,0.020298,0.024865,0.035097,0.018746,0.02442,0.025894,0.03532,0.021285,0.02522,76.34,23.66,3.23,80.27,19.73,4.07,76.51,23.49,3.26,4917307.71552,1689824.50521,5799908.33892115,1948669.26288,84756113.2236,21292.25,57619893.3363,14338.289,84756113.2236,21292.25,57619893.3363,14338.289
2024-12-09,4007.31,4010.67,3475,3712.55,24835077889.4724,6298680884,6310106418,5432940862,5685469923,0.020298,0.020476,0.01,0.01,0.02442,0.029771,0.013056,0.01318,0.02522,0.027969,0.010069,0.010248,77.17,22.83,3.38,80.93,19.07,4.24,76.44,23.56,3.24,71686643.02989,7398791.99543,103259460.72390169,7685378.83178873,61354674.4914,15372.78,81539456.6628,20276.562,61354674.4914,15372.78,81539456.6628,20276.562
2024-12-10,3712.55,3781.29,3512.71,3628.4,20720312197.5544,5685469923,5864691652,5303436700,5520005772,0.01,0.01,0.01,0.01,0.01318,0.016676,0.007236,0.007567,0.010248,0.011616,0.005264,0.005264,82.22,17.78,4.62,85.79,14.21,6.04,77.38,22.62,3.42,26349661.27201,5315558.73561,34982298.39708544,5614866.91182,52176972.9532,14110.921,48157320.0868,12919.732,52176972.9532,14110.921,48157320.0868,12919.732
2024-12-11,3628.41,3846.95,3562.65,3830.44,11214002728.7942,5520005772,5945058560,5440268881,5864974878,0.01,0.01,0.01,0.01,0.007567,0.009856,0.006445,0.008661,0.005264,0.009857,0.002412,0.007082,82.14,17.86,4.6,84.19,15.81,5.33,76.77,23.23,3.31,2170533.77517,7074491.51842,2355221.15211804,7934843.269416,52610575.9694,14559.715,45142179.2339,12399.298,52610575.9694,14559.715,45142179.2339,12399.298
2024-12-12,3830.44,3986.94,3795.25,3880.52,15409277237.7617,5864974878,6186912265,5797638269,5911974352,0.01,0.01,0.01,0.01,0.008661,0.011815,0.008398,0.009891,0.007082,0.012868,0.006448,0.00966,77.19,22.81,3.38,79.21,20.79,3.81,75.52,24.48,3.09,8170197.79424,6605266.36124,9971964.23383623,7436250.53295127,68134253.049,17874.707,76294428.2704,19808.495,68134253.049,17874.707,76294428.2704,19808.495
2024-12-13,3880.52,3967.96,3851.8,3905.6,9833802904.7639,5911974352,6281186974,5860077066,6094578393,0.01,0.01,0.01,0.01,0.009891,0.010897,0.007955,0.00853,0.00966,0.011045,0.006093,0.006951,75.73,24.27,3.12,80.04,19.96,4.01,76.71,23.29,3.29,3181484.56944,3502148.46995,3725229.08652689,3662381.08135208,80050767.6877,20743.602,44654206.3827,11459.595,80050767.6877,20743.602,44654206.3827,11459.595
2024-12-14,3905.59,3944.99,3822.37,3868.6,7351167545.4162,6094578393,6227750365,6044086082,6150227379,0.01,0.01,0.01,0.01,0.00853,0.010649,0.008354,0.009685,0.006951,0.010959,0.006906,0.009383,74.9,25.1,2.98,78.62,21.38,3.68,76.67,23.33,3.29,4619072.9069,1364282.32317,5509872.46847773,1401075.85601663,87974038.9676,22647.411,53730662.0763,13701.78,87974038.9676,22647.411,53730662.0763,13701.78
2024-12-15,3868.6,3973.67,3829,3958.5,7507504131.1594,6150227379,6237511861,6041669892,6198576494,0.01,0.01,0.004292,0.008662,0.009685,0.011078,0.007143,0.009504,0.009383,0.011432,0.005929,0.008831,77.42,22.58,3.43,81.34,18.66,4.36,76.93,23.07,3.34,3342557.81203,5672396.33718,4208693.34308067,5831426.49138094,46412479.4985,12040.926,104529762.2871,26905.836,46412479.4985,12040.926,104529762.2871,26905.836
2024-12-16,3958.5,4109.99,3882.22,3984.76,16710837894.0585,6198576494,6862556620,6122688328,6554711494,0.008662,0.01,0.008662,0.01,0.009504,0.016097,0.009504,0.012013,0.008831,0.015759,0.008831,0.012942,76.93,23.07,3.34,79.79,20.21,3.95,76.6,23.4,3.27,15172177.87029,12906622.99563,16910143.0149122,13734039.72836192,47445542.399,12034.587,107552122.5333,27010.698,47445542.399,12034.587,107552122.5333,27010.698
2024-12-17,3984.76,4039.99,3844.59,3890.81,13360222488.3693,6554711494,6595284707,6222152189,6291426022,0.01,0.01,0.008085,0.008085,0.012013,0.012855,0.007935,0.008984,0.012942,0.01326,0.005829,0.008225,74.17,25.83,2.87,78.98,21.02,3.76,77.48,22.52,3.44,9984167.86132,2375549.45842,11989878.88522227,2448800.17671,79260344.2512,19977.1,123763346.3992,30959.102,79260344.2512,19977.1,123763346.3992,30959.102
2024-12-18,3890.81,3908,3615.01,3625.4,16816492884.9739,6291426022,6460085000,5807379152,5813990656,0.008085,0.01,0.006104,0.006104,0.008984,0.013526,0.007315,0.011047,0.008225,0.013022,0.00583,0.008898,79.65,20.35,3.91,83.09,16.91,4.91,76.94,23.06,3.34,11488140.22488,3570121.38762,23141421.70961576,3639309.4167985,46053484.7953,11880.354,50094936.678,12817.71,46053484.7953,11880.354,50094936.678,12817.71
2024-12-19,3625.41,3718.47,3322.2,3416.7,24823652861.0948,5813990656,5994080571,5324006791,5528271083,0.006104,0.01,0.001742,0.01,0.011047,0.012336,0.003853,0.005516,0.008898,0.010382,0.000922,0.003449,82.48,17.52,4.71,85.07,14.93,5.7,77.29,22.71,3.4,41829202.64211,7860567.6913,62573479.36555368,8658530.79176308,194944421.1251,53956.86,40616995.43,11152.916,194944421.1251,53956.86,40616995.43,11152.916
2024-12-20,3416.69,3496.54,3100,3470.88,26387204878.9922,5528271083,5640631848,5095884292,5222575179,0.01,0.01,0.004996,0.006352,0.005516,0.009638,0.004004,0.005424,0.003449,0.010925,0.001047,0.0044,83.1,16.9,4.92,84.97,15.03,5.65,75.86,24.14,3.14,33435187.71249,11115443.08909,58023055.73064902,14682469.00422199,53465061.4123,15708.415,41825680.2302,12196.783,53465061.4123,15708.415,41825680.2302,12196.783
2024-12-21,3470.88,3553.76,3291.03,3337.6,11644382014.2669,5222575179,5432203538,4910397642,4954345905,0.006352,0.01,0.00629,0.01,0.005424,0.009584,0.00361,0.006753,0.0044,0.009913,0.000932,0.006853,79.22,20.78,3.81,81.49,18.51,4.4,77.9,22.1,3.53,11488920.76976,3300965.96366,14407822.26047486,3639331.72162439,37547377.6256,10860.36,41712165.4803,11965.869,37547377.6256,10860.36,41712165.4803,11965.869
2024-12-22,3337.61,3402.08,3219.59,3280.8,9842953278.268,4954345905,5065874761,4864498202,4949421019,0.01,0.01,0.004554,0.005606,0.006753,0.009975,0.00233,0.004506,0.006853,0.01227,-0.000371,0.003225,80.28,19.72,4.07,83.44,16.56,5.04,80.01,19.99,4.0,8367199.41826,3355042.00245,12179162.0753022,3574220.21294,39083080.6246,11751.5,36948012.7545,11029.746,39083080.6246,11751.5,36948012.7545,11029.746
2024-12-23,3280.81,3465.75,3214.81,3420.74,13167157273.4089,4949421019,5139587751,4856933517,4998578526,0.005606,0.01,0.00181,0.01,0.004506,0.009544,0.003778,0.00925,0.003225,0.009379,0.001548,0.008307,81.36,18.64,4.37,83.81,16.19,5.18,78.87,21.13,3.73,5779290.59236,11037961.13722,6439086.97947512,12540093.53436756,40511420.816,12394.659,34039339.6838,10339.284,40511420.816,12394.659,34039339.6838,10339.284
2024-12-24,3420.75,3539.4,3356.01,3491.97,8971760989.8927,4998578526,5252441762,4884443434,5086221149,0.01,0.01,0.001778,0.004467,0.00925,0.009445,0.00534,0.0084,0.008307,0.009024,0.002188,0.008772,80.07,19.93,4.02,82.61,17.39,4.75,80.35,19.65,4.09,4607096.79935,8352429.58325,6030015.03063811,8641102.32814,63770194.6258,18711.233,44538127.1892,12975.585,63770194.6258,18711.233,44538127.1892,12975.585
2024-12-25,3491.98,3547.01,3439,3495.72,5907329132.9762,5086221149,5200639717,4997289061,5081233815,0.004467,0.01,0.000678,0.01,0.0084,0.010163,0.005128,0.009347,0.008772,0.010626,0.004127,0.008587,77.5,22.5,3.44,80.8,19.2,4.21,81.45,18.55,4.39,3492157.99764,6626461.54359,4188224.54048768,6674035.65193,54812836.0042,15758.817,51536276.6678,14700.65,54812836.0042,15758.817,51536276.6678,14700.65
2024-12-26,3495.73,3514.32,3302.73,3333.15,8516051658.0993,5081233815,5110352346,4830934893,4897172161,0.01,0.01,0.005619,0.01,0.009347,0.010195,0.003609,0.008851,0.008587,0.010457,0.000873,0.009359,78.27,21.73,3.6,81.82,18.18,4.5,80.2,19.8,4.05,13281953.86872,1026730.34661,21006701.88182966,1077540.42897,50138618.3352,14397.029,54163977.0927,15434.056,50138618.3352,14397.029,54163977.0927,15434.056
2024-12-27,3333.15,3444,3306,3332.09,9587300634.8963,4897172161,5110867699,4865225361,5024703363,0.01,0.01,0.005217,0.01,0.008851,0.010339,0.001831,0.008172,0.009359,0.011039,0.001836,0.006536,81.46,18.54,4.39,84.46,15.54,5.44,79.82,20.18,3.96,6147167.81567,4493660.67726,7070611.11416,4810773.88445982,65336581.7068,19685.529,57316624.6188,17131.768,65336581.7068,19685.529,57316624.6188,17131.768
2024-12-28,3332.1,3427.5,3320.92,3402.54,3854924408.2132,5024703363,5232833141,5003128390,5192860155,0.01,0.01,0.00517,0.005943,0.008172,0.009541,0.006161,0.008122,0.006536,0.009264,0.003763,0.006902,82.38,17.62,4.68,84.17,15.83,5.32,79.27,20.73,3.82,795082.28526,3600359.02789,799395.33205,3875793.09611,95895698.0962,28937.721,47196312.8039,14109.55,95895698.0962,28937.721,47196312.8039,14109.55
2024-12-29,3402.53,3413,3324.63,3355.46,4496507393.3165,5192860155,5196489907,5074926146,5167292281,0.005943,0.01,0.004013,0.01,0.008122,0.00937,0.004919,0.008064,0.006902,0.009334,0.004078,0.009041,80.03,19.97,4.01,82.22,17.78,4.62,78.43,21.57,3.64,6419990.33794,911785.52282,6883989.4801134,1050821.85868812,49198628.2312,14515.327,51181073.6226,14973.157,49198628.2312,14515.327,51181073.6226,14973.157
2024-12-30,3355.46,3436.86,3302.2,3360.11,9963737029.9064,5167292281,5457784467,5148786545,5317410507,0.01,0.01,0.01,0.01,0.008064,0.012622,0.007949,0.009206,0.009041,0.014458,0.008959,0.009132,80.59,19.41,4.15,83.53,16.47,5.07,80.06,19.94,4.02,6346369.96295,4414481.35637,8544515.82851328,4781354.84369132,68073163.6613,20396.371,50967941.346,15131.46,68073163.6613,20396.371,50967941.346,15131.46
2024-12-31,3360.1,3452,3313.96,3336.57,7069312808.9169,5317410507,5495342353,5208163828,5273619167,0.01,0.01,0.005771,0.01,0.009206,0.011361,0.005874,0.009102,0.009132,0.012666,0.005071,0.00965,81.17,18.83,4.31,83.49,16.51,5.06,80.38,19.62,4.1,3373479.12449,1867665.01843,3994775.22636827,2162546.00713,42490079.1796,12692.912,42159486.9984,12499.468,42490079.1796,12692.912,42159486.9984,12499.468
2025-01-01,3336.58,3374.14,3312.62,3359.36,4251757544.4278,5273619167,5469893836,5273619167,5419374703,0.01,0.01,0.01,0.01,0.009102,0.012913,0.005986,0.012244,0.00965,0.014435,0.005267,0.013407,82.37,17.63,4.67,85.08,14.92,5.7,80.33,19.67,4.08,1312203.79006,2487329.34333,1585380.25857006,2546540.97395,134483691.0705,40522.178,46013008.1646,13740.133,134483691.0705,40522.178,46013008.1646,13740.133
2025-01-02,3359.35,3511.14,3353.5,3454.83,8304898242.5802,5419374703,5746254229,5412385164,5547329510,0.01,0.01,0.01,0.01,0.012244,0.013662,0.009608,0.01104,0.013407,0.015373,0.008377,0.012202,82.49,17.51,4.71,84.34,15.66,5.39,79.74,20.26,3.94,2268904.57039,6793756.14393,2663339.1723736,7336614.78069696,68079873.4136,20349.58,67866829.4182,20120.663,68079873.4136,20349.58,67866829.4182,20120.663
2025-01-03,3454.83,3630,3421.56,3607.89,8794136712.3043,5547329510,5968614594,5489632255,5940122893,0.01,0.01,0.01,0.01,0.01104,0.01104,0.006623,0.008325,0.012202,0.012202,0.004904,0.007043,77.87,22.13,3.52,81.15,18.85,4.31,79.51,20.49,3.88,983913.67856,4387058.06323,3435152.74157,5053888.2840092,51966247.6108,15096.935,91708891.0921,26452.842,51966247.6108,15096.935,91708891.0921,26452.842
2025-01-04,3607.9,3670,3570.66,3655.99,6258387591.2704,5940122893,6031466803,5795651198,5963450686,0.01,0.01,0.01,0.01,0.008325,0.010423,0.007832,0.008963,0.007043,0.011043,0.005929,0.008316,74.21,25.79,2.88,77.85,22.15,3.52,78.48,21.52,3.65,2061566.35705,15093572.80387,2496866.29651819,15303345.88115984,68022212.8271,18931.73,67662343.0905,18677.826,68022212.8271,18931.73,67662343.0905,18677.826
2025-01-05,3655.98,3674.71,3592.14,3634.96,4607192494.3002,5963450686,5979709202,5846409427,5930620453,0.01,0.01,0.01,0.01,0.008963,0.010564,0.008308,0.008972,0.008316,0.011147,0.006571,0.007994,72.76,27.24,2.67,77.42,22.58,3.43,80.48,19.52,4.12,2634411.88254,2414789.37137,2799022.58776,2544654.21931928,54988731.8125,15101.526,64757725.6342,17619.425,54988731.8125,15101.526,64757725.6342,17619.425
2025-01-06,3634.96,3744.28,3609,3685.72,9858711003.9467,5930620453,6094734753,5876394362,5915117899,0.01,0.01,0.01,0.01,0.008972,0.01038,0.004764,0.008364,0.007994,0.010663,0.004462,0.006685,73.67,26.33,2.8,78.38,21.62,3.63,81.01,18.99,4.27,3139669.67015,5351381.70962,3614426.32385134,5833315.355,62269302.5246,17192.255,66291068.077,18149.182,62269302.5246,17192.255,66291068.077,18149.182
2025-01-07,3685.72,3700.31,3353.59,3379.38,14252747061.5786,5915117899,5969272840,5432880696,5527045270,0.01,0.01,0.009658,0.009658,0.008364,0.010111,-0.003877,0.005153,0.006685,0.010359,-0.000188,0.004435,74.06,25.94,2.86,77.68,22.32,3.48,81.51,18.49,4.41,47217478.64681,3061826.59143,52380052.96528391,3324792.97427,69896495.7661,19052.244,54635214.2802,14763.989,69896495.7661,19052.244,54635214.2802,14763.989
2025-01-08,3379.37,3413.55,3206.54,3325.38,13155227895.7049,5527045270,5625520353,5285591471,5439805076,0.009658,0.01,0.006593,0.006675,0.005153,0.008922,0.002705,0.007499,0.004435,0.009255,0.001313,0.007189,82.55,17.45,4.73,85.93,14.07,6.11,81.31,18.69,4.35,11485322.07036,15503064.225,17886291.24730584,15790842.24484712,86121214.1914,25617.31,43515713.3804,12830.292,86121214.1914,25617.31,43515713.3804,12830.292
2025-01-09,3325.38,3355.85,3156,3218.24,11896491102.6932,5439805076,5543324972,5194416608,5269412802,0.006675,0.01,0.003692,0.007566,0.007499,0.009101,0.001123,0.004087,0.007189,0.009044,0.000107,0.003654,82.91,17.09,4.85,85.37,14.63,5.84,81.38,18.62,4.37,8565865.42187,4678030.29959,12546054.41284115,4878349.06217,55397076.8538,16723.586,70372629.9835,21071.348,55397076.8538,16723.586,70372629.9835,21071.348
2025-01-10,3218.24,3323,3193.43,3265.52,9661174103.067,5269412802,5372218986,5173861387,5277327912,0.007566,0.01,0.005503,0.006574,0.004087,0.009609,0.001029,0.005722,0.003654,0.009193,0.001514,0.004418,83.34,16.66,5.0,86.05,13.95,6.17,81.12,18.88,4.3,3104649.72362,18146336.44264,4225472.5963656,22489021.4046304,48779244.1923,15213.756,44369391.3285,13736.997,48779244.1923,15213.756,44369391.3285,13736.997
2025-01-11,3265.51,3319.3,3217.36,3281.84,3857529546.7127,5277327912,5466516511,5267072518,5386474103,0.006574,0.01,0.005302,0.01,0.005722,0.009733,0.005359,0.00841,0.004418,0.009581,0.003812,0.008344,82.91,17.09,4.85,84.99,15.01,5.66,81.57,18.43,4.43,1580936.74884,1780229.48499,1947367.9042157,1824576.0924592,51641634.6939,15878.991,43544404.2117,13287.634,51641634.6939,15878.991,43544404.2117,13287.634
2025-01-12,3281.85,3299,3222.4,3265.7,4400527897.0843,5386474103,5438938774,5240603015,5300365061,0.01,0.01,0.004375,0.01,0.00841,0.010761,0.003759,0.007819,0.008344,0.011803,0.005253,0.007997,82.09,17.91,4.58,84.81,15.19,5.58,81.15,18.85,4.31,2123108.51528,1432451.85288,2871339.9770272,1475130.26542196,53598620.6592,16402.119,38860616.8299,11796.426,53598620.6592,16402.119,38860616.8299,11796.426
2025-01-13,3265.7,3338.32,2900,3136.14,18939505616.6697,5300365061,5465438497,4792291367,4934144729,0.01,0.01,-0.018825,0.005423,0.007819,0.009654,-0.001605,0.006461,0.007997,0.010308,-0.003379,0.005244,83.06,16.94,4.9,85.52,14.48,5.91,82.14,17.86,4.6,25257831.55111,6584047.04138,31552703.98387948,32045830.65608601,50607131.1125,15557.176,54227718.9359,16537.336,50607131.1125,15557.176,54227718.9359,16537.336
2025-01-14,3136.13,3255.84,3123.47,3223.99,8671361943.4229,4934144729,5036105764,4850729682,4890272825,0.005423,0.01,0.004563,0.004563,0.006461,0.009403,0.002789,0.005045,0.005244,0.009118,0.002766,0.002948,83.8,16.2,5.17,86.26,13.74,6.28,80.41,19.59,4.11,2722931.59092,12087436.46695,3011919.45455607,12526894.41664115,50203157.042,16069.714,83925144.0506,26639.645,50203157.042,16069.714,83925144.0506,26639.645
2025-01-15,3223.99,3472.93,3185.09,3449.8,10892240311.1565,4890272825,5351807457,4825002384,5280010827,0.004563,0.01,0.002794,0.01,0.005045,0.00919,-0.004192,0.009054,0.002948,0.008382,0.000302,0.008382,81.09,18.91,4.29,84.34,15.66,5.39,81.65,18.35,4.45,3107069.99761,7581657.45595,15897506.33890548,9501357.00174723,60127159.2826,18721.54,56243187.0902,17376.888,60127159.2826,18721.54,56243187.0902,17376.888
2025-01-16,3449.81,3458.99,3263.06,3306.94,10868083015.164,5280010827,5288399257,4958779665,5005263722,0.01,0.01,0.002126,0.01,0.009054,0.010318,0.007362,0.009721,0.008382,0.010392,0.005343,0.008674,76.55,23.45,3.26,80.33,19.67,4.08,81.94,18.06,4.54,6753651.36998,3463262.08232,10195943.50742248,3690384.2393,49136747.1456,14292.946,66579024.4754,19219.718,49136747.1456,14292.946,66579024.4754,19219.718
2025-01-17,3306.93,3524.85,3306.41,3472.38,10352189327.2637,5005263722,5487513238,5005208432,5432148933,0.01,0.01,0.01,0.01,0.009721,0.011729,0.008685,0.010568,0.008674,0.013241,0.007113,0.011103,82.39,17.61,4.68,86.73,13.27,6.54,82.91,17.09,4.85,3679973.4834,4196255.27722,6386129.53452132,4407899.40188625,53772436.8981,16320.6,51233812.3835,15426.037,53772436.8981,16320.6,51233812.3835,15426.037
2025-01-18,3472.38,3492.95,3225.65,3306.7,13548917338.0438,5432148933,5464478182,5169142974,5310461892,0.01,0.01,0.00761,0.01,0.010568,0.011614,0.006225,0.011001,0.011103,0.012251,0.005805,0.010875,78.18,21.82,3.58,81.81,18.19,4.5,82.58,17.42,4.74,12992917.16533,3712288.92242,19284147.66994366,3842896.1123844,55608370.6849,16079.422,52698779.8461,15125.868,55608370.6849,16079.422,52698779.8461,15125.868
2025-01-19,3306.71,3449.77,3129.63,3214.15,22763920033.5662,5310461892,5715376818,5025886295,5162251310,0.01,0.01,0.01,0.01,0.011001,0.017643,0.010231,0.010805,0.010875,0.018766,0.01012,0.011044,85.07,14.93,5.7,88.51,11.49,7.7,83.27,16.73,4.98,48739965.90438,9811523.26295,59295974.41875778,10764222.89003549,43585724.0085,13236.091,50100928.5961,15097.173,43585724.0085,13236.091,50100928.5961,15097.173
2025-01-20,3214.16,3455.76,3141.25,3283.2,21889060931.2906,5162251310,5533406281,5033247124,5110629483,0.01,0.01,0.01,0.01,0.010805,0.016956,0.008414,0.010701,0.011044,0.019955,0.008667,0.011304,85.97,14.03,6.13,89.67,10.33,8.68,84.77,15.23,5.57,10588693.60874,11775711.04008,13286527.30415656,12413005.40084981,43425678.5814,13566.042,44117021.3524,13673.956,43425678.5814,13566.042,44117021.3524,13673.956
2025-01-21,3283.21,3367.95,3203.5,3326.72,9966801300.7245,5110629483,5221913711,5000256166,5180761551,0.01,0.01,0.01,0.01,0.010701,0.010914,0.005001,0.009505,0.011304,0.011679,0.005351,0.008028,84.92,15.08,5.63,88.26,11.74,7.52,85.55,14.45,5.92,5948638.73358,2988453.27079,6732108.79781708,3473981.27388,46955493.6138,14365.261,41925495.3901,12722.989,46955493.6138,14365.261,41925495.3901,12722.989
2025-01-22,3326.71,3365.97,3220.82,3242,6660299075.0393,5180761551,5261846334,5084210613,5112851825,0.01,0.01,0.01,0.01,0.009505,0.010688,0.005551,0.008955,0.008028,0.010958,0.00533,0.008146,82.67,17.33,4.77,85.93,14.07,6.11,85.12,14.88,5.72,3957809.25836,2004612.8853,4656989.19903839,2164301.43506511,51772393.9583,15635.931,42924162.8514,12855.408,51772393.9583,15635.931,42924162.8514,12855.408
2025-01-23,3241.99,3347.7,3177,3337.88,11471827153.7882,5112851825,5453957950,5056842693,5431925785,0.01,0.01,0.01,0.01,0.008955,0.010104,0.004954,0.009991,0.008146,0.010531,0.004602,0.010531,85.61,14.39,5.95,89.05,10.95,8.13,84.84,15.16,5.6,6200299.72192,4491934.51233,7579051.1339682,4625740.33749824,60199601.5626,18675.094,47413643.1022,14573.04,60199601.5626,18675.094,47413643.1022,14573.04
2025-01-24,3337.87,3429.99,3273.94,3308.62,9802499200.0921,5431925785,5721952215,5251110353,5256900825,0.01,0.01,0.006881,0.006881,0.009991,0.010856,0.002812,0.007312,0.010531,0.012462,0.006037,0.006291,81.28,18.72,4.34,84.55,15.45,5.47,84.18,15.82,5.32,3934381.22257,5030766.11515,4642047.27341952,5303306.22956447,54655005.3574,16441.491,58839642.7876,17551.435,54655005.3574,16441.491,58839642.7876,17551.435
2025-01-25,3308.61,3349.8,3266.53,3317.91,4677740700.2542,5256900825,5308610309,5172053666,5220618307,0.006881,0.009613,0.00584,0.009556,0.007312,0.010052,0.005742,0.008256,0.006291,0.010516,0.003635,0.009245,80.25,19.75,4.06,85.04,14.96,5.68,83.79,16.21,5.17,2305265.17259,1838558.73757,2752142.41985335,2126908.20474,72010981.2022,21855.371,56003892.6848,16855.622,72010981.2022,21855.371,56003892.6848,16855.622
2025-01-26,3317.91,3363,3226.57,3230.5,5269370943.6514,5220618307,5297877154,4949045290,4951304331,0.009556,0.01,-0.000193,-0.000193,0.008256,0.010559,0.00469,0.004791,0.009245,0.012051,0.002896,0.002908,80.81,19.19,4.21,84.27,15.73,5.36,83.12,16.88,4.92,3833943.8588,398845.69091,4355369.72249092,590489.31839792,59162870.5701,17904.622,52771308.4634,15847.604,59162870.5701,17904.622,52771308.4634,15847.604
2025-01-27,3230.5,3253.19,3020.17,3180.99,15403932239.1593,4951304331,5040593299,4795046188,4879162987,-0.000193,0.01,-0.002454,0.01,0.004791,0.009726,0.000551,0.009585,0.002908,0.009988,-0.002553,0.00884,83.81,16.19,5.18,87.04,12.96,6.72,82.85,17.15,4.83,20677566.8403,23734163.92289,26570248.13608281,24009892.77157716,88473742.1389,27570.818,41030538.9655,12673.999,88473742.1389,27570.818,41030538.9655,12673.999
2025-01-28,3181,3221.98,3038,3075.96,8171942952.1649,4879162987,5002008622,4712900417,4816697653,0.01,0.01,0.003863,0.01,0.009585,0.009931,0.004369,0.007626,0.00884,0.011539,0.002074,0.006153,85.36,14.64,5.83,87.68,12.32,7.12,81.42,18.58,4.38,6768490.28157,1556908.29498,8053378.65792945,1665495.49759,53291271.5176,16821.929,46957765.1297,14708.738,53291271.5176,16821.929,46957765.1297,14708.738
2025-01-29,3075.96,3180.93,3052.88,3112.55,8927573089.2019,4816697653,4940154514,4742570991,4768466198,0.01,0.01,0.002258,0.002258,0.007626,0.009897,0.005431,0.006102,0.006153,0.010073,0.001487,0.00363,85.19,14.81,5.75,88.08,11.92,7.39,81.64,18.36,4.45,4333467.35299,8408039.09141,6318695.2498118,8698022.3756773,50320046.5325,16419.325,38963780.3109,12620.596,50320046.5325,16419.325,38963780.3109,12620.596
2025-01-30,3112.54,3282.6,3089,3245.86,7974693346.7952,4768466198,5078770589,4741805572,4931308821,0.002258,0.01,0.001283,0.009412,0.006102,0.010715,0.000141,0.007819,0.00363,0.012394,0.002767,0.007977,84.28,15.72,5.36,86.52,13.48,6.42,81.76,18.24,4.48,2140181.24374,6143312.2719,2300008.63389428,6409944.80620282,67617500.0799,21817.465,43783613.9055,14018.383,67617500.0799,21817.465,43783613.9055,14018.383
2025-01-31,3245.86,3436.39,3212.31,3299.5,13724929555.7535,4931308821,5596603565,4875657059,5136752175,0.009412,0.01,0.004875,0.00842,0.007819,0.011442,-0.001088,0.010205,0.007977,0.012943,0.005666,0.010798,78.05,21.95,3.56,81.44,18.56,4.39,80.89,19.11,4.23,7890697.29402,12477219.73404,8905737.08749456,14069556.54786478,77013520.5028,23826.197,43575363.9042,13375.504,77013520.5028,23826.197,43575363.9042,13375.504
2025-02-01,3299.5,3330.82,3100.67,3116.22,8499351384.0859,5136752175,5208910201,4823470980,4862102965,0.00842,0.01,0.002815,0.007609,0.010205,0.010205,0.003076,0.003726,0.010798,0.010798,0.000702,0.002674,79.63,20.37,3.91,83.86,16.14,5.2,81.93,18.07,4.53,22884491.05657,1717279.9589,25390932.18026281,1916697.50597,58301028.2206,17754.157,51742151.705,15616.974,58301028.2206,17754.157,51742151.705,15616.974
2025-02-02,3116.23,3161.86,2736.01,2868.05,19055246110.9464,4862102965,5009406056,4441713048,4547201530,0.007609,0.01,0.000262,0.00331,0.003726,0.00883,0.001776,0.003328,0.002674,0.006862,-0.000769,0.000873,85.12,14.88,5.72,88.95,11.05,8.05,82.96,17.04,4.87,43487069.71398,5717785.84062,57864667.93491723,6125731.26990449,81690974.5149,26344.372,54930067.6807,17555.635,81690974.5149,26344.372,54930067.6807,17555.635
2025-02-03,2868.06,2919.34,2080.19,2878.69,35522328130.3465,4547201530,4547201530,3702035822,4036662210,0.00331,0.01,-0.02691,-0.010796,0.003328,0.005114,-0.047206,-0.008721,0.000873,0.0051,-0.028636,-0.010363,85.97,14.03,6.13,89.15,10.85,8.22,79.74,20.26,3.94,54373787.33905,22630537.29081,115615997.27995446,29733389.42614424,43979001.5751,15391.85,37580029.725,13052.952,43979001.5751,15391.85,37580029.725,13052.952
2025-02-04,2878.68,2888.8,2630.5,2730.03,18187098296.6392,4036662210,4066559684,3705270461,3747274392,-0.010796,0.006608,-0.011024,-0.008329,-0.008721,0.004021,-0.008721,-0.000888,-0.010363,0.00373,-0.010363,-0.004134,80.48,19.52,4.12,83.0,17.0,4.88,78.99,21.01,3.76,17428881.11523,16270313.34884,21802673.99666675,16960359.99382681,70417184.3449,24594.2,37906743.8218,13113.085,70417184.3449,24594.2,37906743.8218,13113.085
2025-02-05,2730.06,2827.98,2697.95,2787,11224933869.9593,3747274392,3850041520,3587517774,3683567486,-0.008329,0.005976,-0.008329,0.004904,-0.000888,0.008217,-0.002565,0.004641,-0.004134,0.008437,-0.004134,0.002597,79.65,20.35,3.91,84.51,15.49,5.46,78.39,21.61,3.63,5625876.58759,4254940.20905,7486982.27716105,5209892.00195425,40675115.963,14962.831,37676072.0414,13736.675,40675115.963,14962.831,37676072.0414,13736.675
2025-02-06,2787,2857.43,2650,2685.25,10141412012.5744,3683567486,3836226209,3461463423,3486429465,0.004904,0.005489,-0.007855,0.002477,0.004641,0.005366,-0.004524,0.004194,0.002597,0.005215,-0.007057,0.001914,75.75,24.25,3.12,80.15,19.85,4.04,77.34,22.66,3.41,7650387.21387,2698838.5744,9034414.04271264,2881795.7832996,38369799.7176,13837.571,35611963.1469,12739.882,38369799.7176,13837.571,35611963.1469,12739.882
2025-02-07,2685.26,2796.12,2560.68,2620.66,10974560768.0786,3486429465,3631402871,3261450155,3357088441,0.002477,0.005565,-0.004502,-0.001887,0.004194,0.005711,-0.010154,-0.00077,0.001914,0.006256,-0.011579,-0.003369,78.94,21.06,3.75,82.76,17.24,4.8,75.57,24.43,3.09,7748781.17698,7347392.84151,11380158.04054119,7556942.50451866,44314029.4544,16568.846,38203114.4863,14169.358,44314029.4544,16568.846,38203114.4863,14169.358
2025-02-08,2620.66,2667.15,2587.05,2630.99,5096357014.6015,3357088441,3401800219,3298219072,3306199697,-0.001887,0.01,-0.001991,-0.000265,-0.00077,0.008605,-0.00077,-0.000357,-0.003369,0.008932,-0.003479,-0.001368,79.88,20.12,3.97,82.52,17.48,4.72,74.85,25.15,2.98,1469276.34139,1219733.82023,1622239.81774143,1321477.89420754,41348653.6491,15858.374,38072176.8066,14486.853,41348653.6491,15858.374,38072176.8066,14486.853
2025-02-09,2630.99,2698,2518.12,2626.07,6517077825.3885,3306199697,3485624978,3239150169,3302909533,-0.000265,0.009248,-0.00161,0.000984,-0.000357,0.006151,-0.004281,0.001431,-0.001368,0.006091,-0.003765,0.000435,79.55,20.45,3.89,82.7,17.3,4.78,77.38,22.62,3.42,4575234.31113,3112840.05761,7260015.46023756,3356700.890588,44657885.6058,17040.718,40370797.451,15286.006,44657885.6058,17040.718,40370797.451,15286.006
2025-02-10,2626.07,2692.99,2556.91,2659.99,7161364730.6085,3302909533,3457872858,3188673042,3405046597,0.000984,0.00837,-0.001923,-0.000629,0.001431,0.008304,0.000036,0.001792,0.000435,0.00804,-0.002017,0.000957,78.73,21.27,3.7,81.99,18.01,4.55,77.58,22.42,3.46,2076930.72662,2588761.96036,2247303.36890656,2720554.3926928,44317762.9524,16937.688,42208446.4299,16011.701,44317762.9524,16937.688,42208446.4299,16011.701
2025-02-11,2659.99,2724.49,2552.88,2601.03,8891249670.1666,3405046597,3503454727,3271623316,3312960440,-0.000629,0.007041,-0.001753,0.00617,0.001792,0.008829,-0.000665,0.008199,0.000957,0.008196,-0.000515,0.007199,76.42,23.58,3.24,79.89,20.11,3.97,76.12,23.88,3.19,5216358.33628,3059069.87259,7325993.8075333,3326691.62099,73049112.4823,27567.461,43371815.294,16238.497,73049112.4823,27567.461,43371815.294,16238.497
2025-02-12,2601.03,2794.99,2542.21,2737.14,11338766169.3877,3312960440,3534796339,3245093114,3453674803,0.00617,0.01,0.001772,0.009557,0.008199,0.008703,0.000121,0.006647,0.007199,0.008276,0.000979,0.007605,80.0,20.0,4.0,82.82,17.18,4.82,75.95,24.05,3.16,5179012.52182,6448166.47592,6022457.04373684,7005095.02873724,47436370.762,18309.788,43231183.5126,16558.059,47436370.762,18309.788,43231183.5126,16558.059
2025-02-13,2737.14,2756.51,2610.72,2674.52,7644814535.2574,3453674803,3509096653,3284095473,3347250096,0.009557,0.01,-0.000407,0.000242,0.006647,0.008902,-0.001567,0.004013,0.007605,0.008411,-0.001492,0.002675,76.15,23.85,3.19,79.78,20.22,3.95,76.17,23.83,3.2,3535943.50422,1758799.56445,4496494.5243491,1892755.64194226,49823872.6797,18274.742,51778218.398,18847.998,49823872.6797,18274.742,51778218.398,18847.998
2025-02-14,2674.52,2791,2662.97,2724.74,7376575655.5762,3347250096,3583574454,3326797396,3428320927,0.000242,0.01,-0.000056,0.004412,0.004013,0.008188,0.002263,0.00346,0.002675,0.008454,0.001749,0.004431,79.93,20.07,3.98,83.64,16.36,5.11,77.15,22.85,3.38,5767963.68105,3992756.70086,5898211.12383902,4375302.65431347,45756743.4421,17174.093,49094484.8652,18283.038,45756743.4421,17174.093,49094484.8652,18283.038
2025-02-15,2724.75,2738,2655.31,2691.73,3475638112.6021,3428320927,3465480606,3356041532,3369370148,0.004412,0.005113,0.000346,0.003859,0.00346,0.007133,-0.000891,0.004504,0.004431,0.006691,-0.001619,0.003631,72.74,27.26,2.67,77.29,22.71,3.4,77.72,22.28,3.49,1667399.22015,948433.77261,1763074.6591257,1051196.85773,45943357.6948,16933.485,47908639.1901,17517.46,45943357.6948,16933.485,47908639.1901,17517.46
2025-02-16,2691.74,2726.27,2643.75,2660,4018205599.4983,3369370148,3458183541,3321321258,3346044348,0.003859,0.007081,0.001954,0.003661,0.004504,0.00721,-0.002361,0.003755,0.003631,0.006569,0.000843,0.002305,76.87,23.13,3.32,81.13,18.87,4.3,78.64,21.36,3.68,2478092.26212,1004156.89009,2707941.93299985,1038721.7217234,44029964.8633,16423.988,43798124.463,16212.874,44029964.8633,16423.988,43798124.463,16212.874
2025-02-17,2660.01,2848.76,2632.81,2743,11283662724.2091,3346044348,3988995913,3327544955,3565717943,0.003661,0.01,0.001691,0.0047,0.003755,0.009776,-0.003603,0.007116,0.002305,0.009377,0.000093,0.005759,78.71,21.29,3.7,82.35,17.65,4.67,77.29,22.71,3.4,3405722.22623,7946500.18713,4239400.59685371,8807893.06025805,51706651.6215,19527.252,40993882.1488,15358.651,51706651.6215,19527.252,40993882.1488,15358.651
2025-02-18,2742.99,2755.85,2604.18,2670.57,9562328031.4901,3565717943,3576215583,3390517552,3533908991,0.0047,0.006242,-0.00321,0.004964,0.007116,0.008429,-0.007142,0.008126,0.005759,0.007227,-0.00271,0.00685,73.96,26.04,2.84,78.32,21.68,3.61,75.72,24.28,3.12,11241676.99839,4099764.38592,12905974.43080436,4249491.93948292,45447999.7779,16631.191,43051848.038,15638.315,45447999.7779,16631.191,43051848.038,15638.315
2025-02-19,2670.56,2736.12,2654.82,2714.06,6500030766.5358,3533908991,3590317529,3474545323,3529155721,0.004964,0.008234,-0.001395,-0.000207,0.008126,0.008126,0.000544,0.001514,0.00685,0.00685,-0.000216,0.000342,80.61,19.39,4.16,84.03,15.97,5.26,75.71,24.29,3.12,2262113.901,6205026.14016,2369930.61098928,6822079.34440912,48501712.9282,18236.223,63808791.5545,23804.718,48501712.9282,18236.223,63808791.5545,23804.718
2025-02-20,2714.06,2770.5,2705.64,2736.87,6466026935.2892,3529155721,3721737951,3523027671,3608408603,-0.000207,0.009121,-0.000427,0.003658,0.001514,0.007276,-0.000967,0.001312,0.000342,0.006493,-0.001127,0.00168,75.15,24.85,3.02,80.03,19.97,4.01,75.4,24.6,3.07,2968641.8376,4208195.54568,3080817.12194208,4517382.10502652,54400121.9186,20113.769,54916123.0045,20136.64,54400121.9186,20113.769,54916123.0045,20136.64
2025-02-21,2736.86,2845,2614.76,2660.85,16395689945.4345,3608408603,3889679720,3524607464,3668092275,0.003658,0.01,0.001176,0.003254,0.001312,0.013625,-0.00102,0.013151,0.00168,0.016205,0.000088,0.014584,74.49,25.51,2.92,79.84,20.16,3.96,76.11,23.89,3.19,18426149.81056,32616622.60059,19880385.26411271,33018711.58842084,55075941.4165,20207.976,47743911.2394,17380.354,55075941.4165,20207.976,47743911.2394,17380.354
2025-02-22,2660.86,2797.21,2651.24,2762.01,6842918408.2745,3668092275,3931736740,3659896059,3887392518,0.003254,0.01,-0.008776,0.00972,0.013151,0.014191,-0.002514,0.004395,0.014584,0.015405,0.000624,0.00541,80.45,19.55,4.12,84.19,15.81,5.33,77.21,22.79,3.39,716709.04265,3198664.8683,788394.90397305,4848928.36760822,38157192.2831,14400.155,41509799.5881,15554.036,38157192.2831,14400.155,41509799.5881,15554.036
2025-02-23,2762,2860.9,2743.62,2818.54,8691239630.3885,3887392518,4234933732,3855373138,4179034690,0.00972,0.01,0.000064,0.007156,0.004395,0.008247,-0.016448,0.003084,0.00541,0.00738,-0.004015,0.005297,70.56,29.44,2.4,75.1,24.9,3.02,75.16,24.84,3.03,3257723.72578,2930350.24804,3367475.60164347,3378475.76825228,51945711.9886,18876.107,41444895.6172,14953.875,51945711.9886,18876.107,41444895.6172,14953.875
2025-02-24,2818.54,2839,2466.34,2512.27,15678064599.225,4179034690,4209234355,3500799733,3560279252,0.007156,0.00788,-0.003758,-0.00362,0.003084,0.008712,-0.000641,0.000723,0.005297,0.008154,-0.002918,-0.001156,65.83,34.17,1.93,71.41,28.59,2.5,74.27,25.73,2.89,16478912.42031,2959860.70955,22250031.9932892,3332657.1489625,56502447.2814,20122.945,48300774.4934,17072.623,56502447.2814,20122.945,48300774.4934,17072.623
2025-02-25,2512.26,2532.89,2287.13,2494.45,19928698908.6284,3560279252,3650539957,3323798163,3444892242,-0.00362,0.008285,-0.003851,0.001905,0.000723,0.009413,-0.001867,0.003886,-0.001156,0.008945,-0.002573,0.002095,81.67,18.33,4.46,85.98,14.02,6.13,76.62,23.38,3.28,28306778.33844,9857262.87538,32758288.71979495,11122860.91231101,41790194.9931,16701.955,44062644.5171,17476.024,41790194.9931,16701.955,44062644.5171,17476.024
2025-02-26,2494.46,2506.45,2252.78,2335.33,15709705249.5775,3444892242,3517078743,3146953069,3238559234,0.001905,0.008449,0.000433,0.008449,0.003886,0.007969,-0.000269,0.006026,0.002095,0.007142,-0.002275,0.004889,79.8,20.2,3.95,82.5,17.5,4.71,74.64,25.36,2.94,9887425.54224,5914331.22544,13047073.19015603,6146832.309844,53241671.112,21423.436,48964488.0192,19565.543,53241671.112,21423.436,48964488.0192,19565.543
2025-02-27,2335.34,2381.44,2229,2306.66,10613578530.8763,3238559234,3398535240,3149284534,3298655942,0.008449,0.01,0.002383,0.004059,0.006026,0.008684,-0.00315,0.006946,0.004889,0.00753,-0.000021,0.00553,81.79,18.21,4.49,85.43,14.57,5.86,76.35,23.65,3.23,19524761.19795,3666009.5592,21078353.56069826,4176159.8288496,42240882.8763,18145.3,39028807.202,16644.94,42240882.8763,18145.3,39028807.202,16644.94
2025-02-28,2306.65,2313.24,2070,2236.59,20155769759.8274,3298655942,3307779669,2920306849,3047267881,0.004059,0.007068,-0.00235,0.004856,0.006946,0.00798,-0.006067,0.002582,0.00553,0.006287,-0.003955,0.00223,83.03,16.97,4.89,85.81,14.19,6.05,75.22,24.78,3.04,32198400.99623,8095968.62825,37549055.23226036,12609644.5516296,48558604.3679,21126.092,44009847.7286,19010.154,48558604.3679,21126.092,44009847.7286,19010.154
2025-03-01,2236.59,2279.75,2141.17,2216.6,7675940873.8259,3047267881,3112024637,2950394254,3059863379,0.004856,0.004856,-0.002525,0.003185,0.002582,0.00593,-0.005717,0.00486,0.00223,0.005037,-0.00447,0.002618,80.32,19.68,4.08,83.94,16.06,5.23,75.3,24.7,3.05,4457722.96288,4125467.50351,5235350.21943646,4484315.09669696,41833877.6869,18769.431,43251698.6505,19272.855,41833877.6869,18769.431,43251698.6505,19272.855
2025-03-02,2216.59,2550,2170.09,2517.12,19298748979.5933,3059863379,3672729744,3014661314,3471219159,0.003185,0.009683,-0.001078,-0.000788,0.00486,0.008615,-0.000594,-0.000227,0.002618,0.008174,-0.001315,-0.00115,80.35,19.65,4.09,83.91,16.09,5.22,73.92,26.08,2.83,13370311.71776,8482697.60014,16363448.19788454,10359959.62945541,64276486.9974,29080.69,42928087.5354,19307.13,64276486.9974,29080.69,42928087.5354,19307.13
2025-03-03,2517.12,2522.84,2094.76,2148.22,17761383423.6064,3471219159,3476229267,2846087244,2938149302,-0.000788,0.006837,-0.004655,-0.004482,-0.000227,0.007184,-0.003826,0.00336,-0.00115,0.006071,-0.003273,-0.000089,75.82,24.18,3.14,79.05,20.95,3.77,76.78,23.22,3.31,15987171.9909,7042867.95622,21535705.68323718,7605220.50672,62258626.833,24841.256,42665752.524,16876.994,62258626.833,24841.256,42665752.524,16876.994
2025-03-04,2148.21,2221.77,1979.99,2170.51,19172618394.0854,2938149302,2985974638,2769884179,2856131897,-0.004482,0.006715,-0.006705,0.006403,0.00336,0.005405,-0.001631,0.004018,-0.000089,0.003573,-0.004194,0.002758,84.64,15.36,5.51,88.47,11.53,7.67,76.23,23.77,3.21,8742879.93921,10152987.8567,13244283.59862955,12264163.12060726,39585064.0102,18493.856,35894448.1015,16655.014,39585064.0102,18493.856,35894448.1015,16655.014
2025-03-05,2170.51,2272.94,2153.7,2240.45,10203548847.6123,2856131897,3101441328,2822043704,3037390938,0.006403,0.007262,-0.004193,-0.001048,0.004018,0.005553,-0.00335,0.002422,0.002758,0.005042,-0.003912,-0.000249,81.03,18.97,4.27,83.89,16.11,5.21,73.95,26.05,2.84,3020569.17903,7250812.99607,3638161.12812733,7741271.6715966,44294451.0195,20494.364,37708639.9184,17321.777,44294451.0195,20494.364,37708639.9184,17321.777
2025-03-06,2240.44,2318.99,2175.5,2201.34,10285345865.9387,3037390938,3201547264,2984248988,3011408552,-0.001048,0.004517,-0.003201,-0.002539,0.002422,0.004377,-0.003762,-0.000117,-0.000249,0.002144,-0.006068,-0.004014,78.75,21.25,3.71,82.09,17.91,4.58,74.17,25.83,2.87,4810875.89456,3252679.74871,6247146.07167014,3879765.63348049,45439003.4793,20360.72,41393885.4756,18408.057,45439003.4793,20360.72,41393885.4756,18408.057
2025-03-07,2201.33,2259.34,2100.75,2140.72,13304175074.3054,3011408552,3105966051,2884832432,2939373164,-0.002539,0.008887,-0.005338,0.003072,-0.000117,0.006403,-0.008161,0.002663,-0.004014,0.004615,-0.009397,-0.000065,79.7,20.3,3.93,83.75,16.25,5.15,75.36,24.64,3.06,9059450.37063,7530444.46166,10596905.39228801,8103007.77763276,51892711.2463,23665.927,43409961.1718,19652.166,51892711.2463,23665.927,43409961.1718,19652.166
2025-03-08,2140.72,2234.4,2103.07,2202.84,5788946550.9117,2939373164,3164926199,2906813982,3119407730,0.003072,0.01,0.000799,0.006876,0.002663,0.007389,-0.006005,0.000475,-0.000065,0.00558,-0.001232,0.002785,83.51,16.49,5.06,86.93,13.07,6.65,74.9,25.1,2.98,2337657.49779,4091777.188,2659518.46737007,4619526.13603258,40639994.1339,19071.349,39910770.9479,18592.688,40639994.1339,19071.349,39910770.9479,18592.688
2025-03-09,2202.83,2211.27,1986.8,2019.2,9975229562.3108,3119407730,3140284069,2806059890,2850097897,0.006876,0.007582,-0.008869,-0.004247,0.000475,0.004644,-0.00812,-0.001801,0.002785,0.005477,-0.007501,-0.003607,76.8,23.2,3.31,80.79,19.21,4.21,74.14,25.86,2.87,9607576.67369,2508854.44889,12739792.3728847,2742148.691931,49197513.9225,22418.643,48113732.5042,21758.513,49197513.9225,22418.643,48113732.5042,21758.513
2025-03-10,2019.34,2152.99,1807.75,1864.51,18411730598.7411,2850097897,3010994565,2626373108,2626373108,-0.004247,0.004746,-0.005005,-0.004045,-0.001801,0.005481,-0.005434,0.000388,-0.003607,0.005078,-0.004159,-0.002028,83.07,16.93,4.91,86.0,14.0,6.14,70.64,29.36,2.41,13685263.70557,8127715.7255,20774205.99362652,9036730.49164814,39999561.0431,19885.071,42400663.3231,20911.317,39999561.0431,19885.071,42400663.3231,20911.317
2025-03-11,1864.52,1969.77,1752.5,1922.61,17227796792.0405,2626373108,2749366191,2484116259,2636122718,-0.004045,0.008056,-0.004847,0.001702,0.000388,0.007519,-0.007302,-0.000332,-0.002028,0.006943,-0.010571,-0.001862,83.59,16.41,5.09,86.49,13.51,6.4,72.7,27.3,2.66,13697923.18137,11379762.32753,17278893.53435999,12516012.96479112,44988319.7631,24223.078,36888041.6848,19707.965,44988319.7631,24223.078,36888041.6848,19707.965
2025-03-12,1922.6,1955.9,1828.87,1907.24,14203682999.3763,2636122718,2866959074,2554242178,2697680371,0.001702,0.006469,-0.005469,0.002971,-0.000332,0.012821,-0.001775,0.002389,-0.001862,0.007526,-0.004928,0.001654,78.28,21.72,3.6,81.65,18.35,4.45,73.78,26.22,2.81,5989788.86724,4871400.90432,7814511.49813969,5512147.24973008,46506462.3523,24275.87,38553551.4939,19979.88,46506462.3523,24275.87,38553551.4939,19979.88
2025-03-13,1907.23,1922,1820.2,1863.76,9948069774.8538,2697680371,2841011219,2653747799,2676360666,0.002971,0.004958,-0.001144,0.002648,0.002389,0.005379,-0.00082,0.005097,0.001654,0.004802,-0.001609,0.003342,81.05,18.95,4.28,84.09,15.91,5.29,73.23,26.77,2.74,3950855.27361,2165327.95398,6300438.36106108,2431624.81006904,42643623.9859,22450.324,48389576.8293,25272.013,42643623.9859,22450.324,48389576.8293,25272.013
2025-03-14,1863.75,1945.62,1860.41,1910.79,6671244396.4454,2676360666,2848841416,2667405393,2776308212,0.002648,0.008297,0.002067,0.002884,0.005097,0.007324,-0.007501,0.001039,0.003342,0.007226,-0.000958,0.001066,81.96,18.04,4.54,85.34,14.66,5.82,74.07,25.93,2.86,1029298.10791,3315707.07459,1271112.81037509,3614855.00031077,52266636.3878,28163.502,37684936.8767,20149.935,52266636.3878,28163.502,37684936.8767,20149.935
2025-03-15,1910.78,1957.68,1902.47,1936.27,3622201821.5827,2776308212,2913486472,2754687257,2828943662,0.002884,0.005826,-0.003042,-0.003042,0.001039,0.005561,-0.006632,-0.000856,0.001066,0.00334,-0.00315,-0.001282,75.02,24.98,3.0,79.58,20.42,3.9,73.36,26.64,2.75,568675.98976,1664832.04199,680414.63458261,2292688.24742384,58820123.8481,30922.145,40883032.4095,21312.83,58820123.8481,30922.145,40883032.4095,21312.83
2025-03-16,1936.26,1940,1857.08,1885.97,6011743604.0449,2828943662,2834774880,2636185284,2674088318,-0.003042,0.002353,-0.004556,0.002062,-0.000856,0.002598,-0.00326,-0.000233,-0.001282,0.000879,-0.003553,0.000035,76.02,23.98,3.17,80.35,19.65,4.09,72.89,27.11,2.69,13546447.04625,1679676.56489,14620534.22087003,1840402.03155,53154553.7076,27563.199,39398626.0986,20275.361,53154553.7076,27563.199,39398626.0986,20275.361
2025-03-17,1885.96,1951.76,1878.66,1925.37,6139448928.3509,2674088318,2921292416,2671301458,2872206535,0.002062,0.008234,0.002041,0.005327,-0.000233,0.005867,-0.004384,0.000025,0.000035,0.006043,-0.000767,0.001942,79.22,20.78,3.81,82.95,17.05,4.87,73.96,26.04,2.84,2141183.25959,3946396.06135,2199063.23345144,4569875.09772176,35771446.0816,19032.72,37091965.3704,19595.282,35771446.0816,19032.72,37091965.3704,19595.282
2025-03-18,1925.36,1935.44,1871.14,1930.64,6137726069.7705,2872206535,2913691284,2773134677,2909601594,0.005327,0.005988,0.000205,0.005978,0.000025,0.007019,0.000025,0.005412,0.001942,0.005436,-0.000489,0.004146,73.57,26.43,2.78,78.3,21.7,3.61,72.02,27.98,2.57,8121105.06164,3096915.90132,8599572.3798702,3646950.45668,50851378.7188,26520.169,34616840.2762,17910.554,50851378.7188,26520.169,34616840.2762,17910.554
2025-03-19,1930.63,2069.69,1927.12,2055.21,12802142796.6021,2909601594,3373392694,2903845631,3307324879,0.005978,0.01,-0.004137,-0.00171,0.005412,0.008441,-0.006259,0.000254,0.004146,0.007757,-0.001994,0.0005,78.24,21.76,3.6,82.01,17.99,4.56,73.67,26.33,2.8,3262563.71058,12148701.84146,3649353.856636,14331785.87502366,48878489.224,25415.472,74547952.7799,38440.612,48878489.224,25415.472,74547952.7799,38440.612
2025-03-20,2055.22,2067.15,1951.15,1982.72,8038289391.2002,3307324879,3323025401,2957786768,2981137883,-0.00171,0.005332,-0.002421,0.005235,0.000254,0.007949,0.000254,0.007001,0.0005,0.006244,-0.000058,0.005665,68.98,31.02,2.22,73.13,26.87,2.72,69.43,30.57,2.27,4100680.52461,2302287.7206,4851531.16503003,2821103.118424,47405554.9847,23150.315,46752404.8608,22656.42,47405554.9847,23150.315,46752404.8608,22656.42
2025-03-21,1982.73,1995.8,1932,1964.81,5564641991.6914,2981137883,3061209120,2972737618,3007179042,0.005235,0.008585,-0.001701,-0.001467,0.007001,0.007815,-0.005114,-0.000799,0.005665,0.00723,-0.002049,-0.001787,77.29,22.71,3.4,82.25,17.75,4.63,73.13,26.87,2.72,2621661.39555,1591673.13383,2954884.16082879,1747578.01169,42365054.6592,21440.071,62438676.0386,31370.739,42365054.6592,21440.071,62438676.0386,31370.739
2025-03-22,1964.81,2006,1963.41,1979.56,3416534602.889,3007179042,3099980464,3006374699,3032239277,-0.001467,0.006018,-0.002806,0.001559,-0.000799,0.006541,-0.009841,0.00081,-0.001787,0.0057,-0.006749,0.000302,77.28,22.72,3.4,80.58,19.42,4.15,73.64,26.36,2.79,1551206.11657,921713.49385,1615958.3517865,1060055.49592896,54082959.5441,27637.707,54442624.0573,27591.656,54082959.5441,27637.707,54442624.0573,27591.656
2025-03-23,1979.55,2020,1975.51,2005,4319576556.0712,3032239277,3194776270,3024649852,3059246118,0.001559,0.006637,-0.002745,-0.00129,0.00081,0.006629,-0.000393,0.00294,0.000302,0.005506,-0.000013,0.001033,74.19,25.81,2.87,77.54,22.46,3.45,73.54,26.46,2.78,1390395.29927,1478818.46726,1765760.6191169,1907307.68091,44822596.7562,22738.826,39094034.6946,19686.507,44822596.7562,22738.826,39094034.6946,19686.507
2025-03-24,2005,2104.24,1976.46,2080.41,9631402685.2664,3059246118,3440304176,3027954584,3371233701,-0.00129,0.01,-0.002536,0.006688,0.00294,0.004416,-0.003378,0.00263,0.001033,0.005851,-0.001219,0.003881,75.55,24.45,3.09,78.95,21.05,3.75,73.22,26.78,2.73,2304118.11742,3966375.19169,3079347.4111012,4898801.69638766,50387670.7346,25226.051,69210500.5143,34368.635,50387670.7346,25226.051,69210500.5143,34368.635
2025-03-25,2080.4,2097.21,2036,2065.22,6691890456.4545,3371233701,3376580900,3190528260,3212219227,0.006688,0.009037,-0.002315,0.002976,0.00263,0.005621,-0.003169,0.00282,0.003881,0.005525,-0.001797,0.002772,66.57,33.43,1.99,71.71,28.29,2.54,73.01,26.99,2.71,2503119.96022,2048013.50655,4502542.60939738,2680454.86241472,70987075.5109,34256.408,52103206.7141,24944.694,70987075.5109,34256.408,52103206.7141,24944.694
2025-03-26,2065.22,2077.7,1980.41,2008.69,7872380188.9198,3212219227,3256126090,3090583212,3212931892,0.002976,0.006394,-0.003832,0.00448,0.00282,0.006103,-0.002631,0.00509,0.002772,0.006325,-0.003858,0.003961,72.31,27.69,2.61,77.24,22.76,3.39,74.16,25.84,2.87,9000634.37266,1777010.86865,10757765.45289126,2145124.13112,56999741.4709,27727.857,53771915.0254,25937.354,56999741.4709,27727.857,53771915.0254,25937.354
2025-03-27,2008.69,2036.88,1985.71,2002.8,6574214810.5296,3212931892,3219626023,3045321268,3074803140,0.00448,0.009382,0.002373,0.006551,0.00509,0.00747,-0.002419,0.00656,0.003961,0.006491,0.001722,0.005529,77.47,22.53,3.44,80.99,19.01,4.26,72.53,27.47,2.64,2004056.9159,2079783.59046,2337924.71707191,2161054.48643,66840993.5689,33412.372,49802338.358,24693.432,66840993.5689,33412.372,49802338.358,24693.432
2025-03-28,2002.8,2015.09,1854.2,1896.02,10883215141.1064,3074803140,3116991146,2899695141,2973447323,0.006551,0.007115,-0.004263,0.000356,0.00656,0.007049,-0.001237,0.00485,0.005529,0.005633,-0.003557,0.002395,77.0,23.0,3.35,79.92,20.08,3.98,73.06,26.94,2.71,13048159.94977,4629746.47884,16604687.54029829,4917702.35119,63205082.9032,31682.732,44116647.4272,21934.722,63205082.9032,31682.732,44116647.4272,21934.722
2025-03-29,1896.03,1912.94,1796.13,1827.32,8107133934.1895,2973447323,2994491336,2784803584,2845027232,0.000356,0.008012,-0.002533,-0.001081,0.00485,0.008003,-0.001258,0.001112,0.002395,0.007523,-0.002994,-0.00003,81.1,18.9,4.29,83.79,16.21,5.17,69.05,30.95,2.23,28692926.30488,2172444.91871,29731312.28377025,2617220.91614122,47223653.6164,24999.912,48298452.4252,25375.959,47223653.6164,24999.912,48298452.4252,25375.959
2025-03-30,1827.31,1848.08,1766.04,1806.99,7004884695.2678,2845027232,2897032400,2747686006,2801790438,-0.001081,0.002107,-0.004129,-0.000325,0.001112,0.002966,-0.00704,0.001108,-0.00003,0.002733,-0.002941,0.000287,80.72,19.28,4.19,83.35,16.65,5.01,69.01,30.99,2.23,16145388.98185,2483005.03668,18465189.46007726,3078573.19338,56053003.322,30801.394,62856871.8726,34257.883,56053003.322,30801.394,62856871.8726,34257.883
2025-03-31,1806.99,1853.34,1775.92,1821.59,9460347712.9246,2801790438,2921741539,2756502433,2847682722,-0.000325,0.006028,-0.000814,-0.000652,0.001108,0.006436,-0.002726,0.003646,0.000287,0.005128,-0.000692,0.00244,81.31,18.69,4.35,83.37,16.63,5.01,69.34,30.66,2.26,16520214.13127,4345411.05793,21793913.4456985,5666792.398272,44459397.9416,24700.532,52199614.055,28757.545,44459397.9416,24700.532,52199614.055,28757.545
2025-04-01,1821.59,1927.79,1816.64,1904.21,8777527897.5835,2847682722,3028997878,2819059454,2954370778,-0.000652,0.006762,-0.000834,0.003676,0.003646,0.006849,0.000317,0.005124,0.00244,0.006332,0.00232,0.005812,79.11,20.89,3.79,81.21,18.79,4.32,68.38,31.62,2.16,2431753.01643,3810160.3992,2932741.13279476,4743605.13160095,66688011.6599,36774.397,56654642.3819,30985.191,66688011.6599,36774.397,56654642.3819,30985.191
2025-04-02,1904.21,1957.97,1780.52,1794.1,13280175192.4915,2954370778,2969130803,2740594264,2783986469,0.003676,0.005014,-0.002247,-0.000639,0.005124,0.007369,-0.003913,0.002191,0.005812,0.007101,-0.000659,0.001326,72.11,27.89,2.59,75.6,24.4,3.1,68.62,31.38,2.19,19804588.21937,3645798.546,23350529.08113448,4378211.0004852,55997938.1824,29521.731,45272353.276,23693.382,55997938.1824,29521.731,45272353.276,23693.382
2025-04-03,1794.11,1844.97,1747.47,1816.48,9300377780.419,2783986469,2989564613,2777703439,2973895683,-0.000639,0.006792,-0.001325,0.006701,0.002191,0.00741,-0.007102,0.006283,0.001326,0.00641,-0.001778,0.005285,79.49,20.51,3.88,83.14,16.86,4.93,69.98,30.02,2.33,5247740.27738,3068053.83906,6745998.3006293,3636130.19818308,49898422.8956,27928.352,46801648.4432,25986.517,49898422.8956,27928.352,46801648.4432,25986.517
2025-04-04,1816.48,1834.7,1757.52,1815.97,11189346702.3513,2973895683,2995275762,2788854080,2905888468,0.006701,0.008971,-0.003681,0.002162,0.006283,0.008396,-0.015751,0.002959,0.005285,0.007502,-0.007267,0.002833,79.48,20.52,3.87,81.12,18.88,4.3,69.79,30.21,2.31,4561185.75816,10548364.50665,5929966.72235678,11059943.0913897,51420701.855,28413.62,59057441.862,32378.115,51420701.855,28413.62,59057441.862,32378.115
2025-04-05,1815.97,1826.63,1761.18,1805.15,4240858343.4578,2905888468,2931054204,2754288272,2795751562,0.002162,0.006134,-0.0022,0.002389,0.002959,0.006752,0.000625,0.004761,0.002833,0.00695,0.001135,0.003677,77.09,22.91,3.37,80.14,19.86,4.04,69.37,30.63,2.27,1634436.83484,1345063.44053,2270578.6223632,1474138.73637,63908899.8104,35305.725,54012403.0587,29620.033,63908899.8104,35305.725,54012403.0587,29620.033
2025-04-06,1805.14,1816.38,1535.27,1579.98,15602521119.6243,2795751562,2827397997,2324623371,2395047972,0.002389,0.006565,-0.004043,-0.003797,0.004761,0.006047,-0.002571,-0.002048,0.003677,0.006102,-0.003512,-0.00321,80.38,19.62,4.1,82.33,17.67,4.66,70.95,29.05,2.44,7662755.20308,4188702.86496,16933436.2259007,10789466.53284778,41598937.5227,23125.622,67281140.5118,37100.495,41598937.5227,23125.622,67281140.5118,37100.495
2025-04-07,1579.98,1638.47,1410,1552.44,26972327328.4208,2395047972,2435927769,2103775777,2283673661,-0.003797,0.002465,-0.007155,-0.000448,-0.002048,0.004995,-0.01163,-0.001039,-0.00321,0.002797,-0.008468,-0.001961,82.64,17.36,4.76,86.14,13.86,6.22,68.49,31.51,2.17,19093998.26335,16930668.68748,25494432.14741677,20529031.65353217,37683709.926,23941.531,46767177.3006,29484.259,37683709.926,23941.531,46767177.3006,29484.259
2025-04-08,1552.43,1618,1441.62,1472.67,14045581470.8575,2283673661,2377228049,2178146589,2244959879,-0.000448,0.002081,-0.007787,-0.00482,-0.001039,0.004412,-0.005463,0.000156,-0.001961,0.00223,-0.007126,-0.001201,75.93,24.07,3.16,79.01,20.99,3.76,66.47,33.53,1.98,7721018.08154,5464379.52307,10543326.96933457,6434951.9870789,52088432.9156,33686.73,41330747.3045,26528.938,52088432.9156,33686.73,41330747.3045,26528.938
2025-04-09,1472.68,1688,1384,1668.69,24396716572.0287,2244959879,2560469806,2148345729,2516838864,-0.00482,0.01,-0.010188,0.01,0.000156,0.005404,-0.009193,0.004585,-0.001201,0.005993,-0.008639,0.005874,78.01,21.99,3.55,81.63,18.37,4.44,64.63,35.37,1.83,8071178.49978,14354002.62201,10033093.43417556,22050160.5867806,45475071.1027,31002.941,46947290.171,31739.622,45475071.1027,31002.941,46947290.171,31739.622
2025-04-10,1668.7,1669.19,1470.84,1521.57,15502622152.0092,2516838864,2528312862,2182360600,2209681603,0.01,0.01,-0.00678,-0.000918,0.004585,0.004585,-0.008324,-0.002179,0.005874,0.006266,-0.005701,-0.002929,66.03,33.97,1.94,70.32,29.68,2.37,66.01,33.99,1.94,20001429.21987,6333523.0173,22496573.25913009,7235417.84626426,50095179.4962,30140.015,45846201.3367,27366.582,50095179.4962,30140.015,45846201.3367,27366.582
2025-04-11,1521.56,1590.88,1503.63,1565.96,10065958369.0587,2209681603,2396906778,2202909594,2364850588,-0.000918,0.002593,-0.007249,0.002543,-0.002179,0.002404,-0.014471,0.000712,-0.002929,0.001778,-0.009166,0.000796,76.57,23.43,3.27,82.3,17.7,4.65,67.55,32.45,2.08,3773880.05156,6427079.8964,5052615.34950902,7095756.157598,41692823.8113,27527.197,39358523.1347,25779.784,41692823.8113,27527.197,39358523.1347,25779.784
2025-04-12,1565.97,1669.85,1545.06,1643.6,9064526997.7998,2364850588,2595360718,2346069324,2517462192,0.002543,0.007934,-0.00281,0.007639,0.000712,0.005341,-0.011949,0.005231,0.000796,0.007272,-0.004747,0.007248,72.48,27.52,2.63,76.89,23.11,3.33,65.55,34.45,1.9,2721836.65473,7631096.49655,3301278.17284892,8556937.48376748,50000814.792,32042.732,37224956.6586,23681.347,50000814.792,32042.732,37224956.6586,23681.347
2025-04-13,1643.6,1649.2,1559.4,1596.92,10425863580.6438,2517462192,2564099473,2374630356,2413395254,0.007639,0.008449,-0.000847,0.007387,0.005231,0.006373,-0.003594,0.003592,0.007248,0.008188,-0.003106,0.004901,68.03,31.97,2.13,73.55,26.45,2.78,66.22,33.78,1.96,5613815.19472,3894967.24391,7619415.54100949,4242074.12026336,46912050.779,28665.947,47520588.7959,28780.204,46912050.779,28665.947,47520588.7959,28780.204
2025-04-14,1596.93,1691.57,1594.73,1623.02,11461351320.1906,2413395254,2677993453,2371266108,2436164614,0.007387,0.01,0.001836,0.00259,0.003592,0.007445,-0.00023,0.003468,0.004901,0.007263,0.003119,0.003613,72.97,27.03,2.7,79.03,20.97,3.77,67.97,32.03,2.12,6593510.19408,3920943.30578,7162356.14866574,5126277.40620836,43381929.5631,27271.795,41652860.7153,25958.339,43381929.5631,27271.795,41652860.7153,25958.339
2025-04-15,1623.02,1660.68,1582.14,1588,8648516499.5065,2436164614,2518242917,2365319182,2388605551,0.00259,0.005164,-0.000953,0.004284,0.003468,0.004874,-0.000618,0.001903,0.003613,0.004619,-0.000487,0.003057,72.73,27.27,2.67,77.47,22.53,3.44,66.63,33.37,2.0,5774726.74342,3717139.75092,7329573.06409895,3991345.586072,46518480.085,28779.297,43423376.9789,26643.941,46518480.085,28779.297,43423376.9789,26643.941
2025-04-16,1588,1614.95,1537.56,1576.58,11399051628.4819,2388605551,2417510400,2284312154,2356830495,0.004284,0.004611,-0.005896,0.004376,0.001903,0.001903,-0.012126,0.00041,0.003057,0.003057,-0.008038,0.002021,73.26,26.74,2.74,78.37,21.63,3.62,66.68,33.32,2.0,5417019.91345,3595100.0703,7041366.23725177,4134917.28748887,70400337.319,44528.89,45036151.945,28254.074,70400337.319,44528.89,45036151.945,28254.074
2025-04-17,1576.57,1616.81,1562.26,1582.84,7867206060.0893,2356830495,2514592434,2297345534,2299746568,0.004376,0.006073,-0.003125,-0.003125,0.00041,0.007176,-0.007492,-0.001368,0.002021,0.005938,-0.004062,-0.00146,74.9,25.1,2.98,79.23,20.77,3.82,66.51,33.49,1.99,1738579.97305,2823334.48838,2518046.09576532,3227233.02657,56844863.125,36222.125,38865021.1145,24559.338,56844863.125,36222.125,38865021.1145,24559.338
2025-04-18,1582.84,1600,1572.65,1587.91,3807791239.9323,2299746568,2370648268,2289384066,2332286407,-0.003125,0.003045,-0.004796,-0.002388,-0.001368,0.003691,-0.004529,-0.00332,-0.00146,0.002785,-0.003102,-0.001737,72.98,27.02,2.7,77.08,22.92,3.36,66.03,33.97,1.94,768741.96534,520227.64902,823272.20898,635316.96666037,52809426.7115,33502.646,51850445.832,32612.553,52809426.7115,33502.646,51850445.832,32612.553
2025-04-19,1587.91,1632.29,1584.01,1612.44,4018656976.3792,2332286407,2437101238,2315797843,2430183880,-0.002388,0.009586,-0.002601,0.005764,-0.00332,0.00922,-0.00332,0.004706,-0.001737,0.008854,-0.001737,0.004462,72.94,27.06,2.7,77.02,22.98,3.35,65.5,34.5,1.9,1074219.49492,2025777.27907,1157278.12594576,2271637.10113285,59478372.8872,37610.93,44344121.8576,27814.979,59478372.8872,37610.93,44344121.8576,27814.979
2025-04-20,1612.45,1618.46,1564.69,1586.56,4922880314.1784,2430183880,2435546594,2329350837,2396157945,0.005764,0.008944,-0.00661,-0.000124,0.004706,0.007959,-0.005223,0.00035,0.004462,0.007375,-0.005764,-0.00019,69.54,30.46,2.28,74.03,25.97,2.85,66.17,33.83,1.96,2369374.22629,979503.63738,3477393.08399922,1224214.82674,53646153.9645,33413.8,49787011.5852,30767.052,53646153.9645,33413.8,49787011.5852,30767.052
2025-04-21,1586.57,1658,1560.62,1578.64,12051145767.4651,2396157945,2748691002,2391171229,2504500359,-0.000124,0.01,-0.0036,-0.0036,0.00035,0.006307,-0.000126,0.002361,-0.00019,0.007649,-0.00093,-0.00093,75.5,24.5,3.08,79.21,20.79,3.81,66.45,33.55,1.98,4913918.99678,7496805.39885,7709948.32879427,8876233.29418,47967651.7664,30359.696,62912992.8631,39502.942,47967651.7664,30359.696,62912992.8631,39502.942
2025-04-22,1578.63,1779.02,1535,1755.57,17105891546.2904,2504500359,3109213079,2423655546,3094016659,-0.0036,0.01,-0.005677,0.006679,0.002361,0.004136,-0.011532,0.000485,-0.00093,0.005879,-0.005699,0.003747,78.43,21.57,3.64,81.98,18.02,4.55,66.65,33.35,2.0,3689505.62899,14613685.64317,4981368.77827161,17487968.76535053,83485892.3321,53111.817,61108804.9086,38589.128,83485892.3321,53111.817,61108804.9086,38589.128
2025-04-23,1755.58,1838,1744.3,1794.46,14884444382.8362,3094016659,3286627250,3081441748,3176920806,0.006679,0.01,0.006191,0.01,0.000485,0.00902,0.000485,0.006441,0.003747,0.008509,0.003047,0.007781,63.38,36.62,1.73,67.37,32.63,2.07,64.96,35.04,1.85,6210879.1309,11213938.24119,10864827.51572674,12920197.70545293,41477162.5643,23729.857,33132314.0851,18771.398,41477162.5643,23729.857,33132314.0851,18771.398
2025-04-24,1794.45,1802.27,1721.22,1768.8,9233253007.8125,3176920806,3204903721,3011123171,3074789486,0.01,0.01,-0.000097,0.005891,0.006441,0.008076,0.000912,0.006128,0.007781,0.008422,0.002425,0.006565,63.1,36.9,1.71,70.47,29.53,2.39,67.86,32.14,2.11,3733967.31636,3877556.5441,5529227.15513315,4353954.87174,53900526.2646,30166.446,50928626.3659,28270.97,53900526.2646,30166.446,50928626.3659,28270.97
2025-04-25,1768.79,1826.91,1737.4,1783.77,10683191345.0162,3074789486,3147659897,2971513539,3046647306,0.005891,0.00808,-0.002322,0.00083,0.006128,0.007755,0.000577,0.001275,0.006565,0.007807,0.001517,0.002162,66.93,33.07,2.02,73.55,26.45,2.78,67.34,32.66,2.06,4023740.74169,3645215.52805,4787358.41724024,4209677.38522888,53940318.3664,30652.6,51417594.6095,28969.921,53940318.3664,30652.6,51417594.6095,28969.921
2025-04-26,1783.76,1841.49,1777.31,1820,7149980654.0067,3046647306,3189678563,3025569184,3107038879,0.00083,0.01,-0.005868,0.005731,0.001275,0.007923,-0.003315,0.004994,0.002162,0.008964,-0.002016,0.005213,64.25,35.75,1.8,70.43,29.57,2.38,63.55,36.45,1.74,1638693.47957,3336169.88782,2910327.2564968,3791455.5295398,62298191.6935,35079.515,55599410.0655,31015.104,62298191.6935,35079.515,55599410.0655,31015.104
2025-04-27,1819.99,1857,1780.25,1790.21,6545418533.2511,3107038879,3239531050,2972496608,2992092283,0.005731,0.006764,-0.007143,0.000132,0.004994,0.004994,-0.004704,0.002132,0.005213,0.005614,-0.004759,0.001376,63.25,36.75,1.72,68.93,31.07,2.22,63.19,36.81,1.72,4936135.83491,2109979.91645,6245687.24575506,2558829.47827668,54538330.5441,30071.215,63700050.5717,34799.441,54538330.5441,30071.215,63700050.5717,34799.441
2025-04-28,1790.22,1826.71,1742.15,1799.22,11348925885.7083,2992092283,3056391510,2845608742,2976787573,0.000132,0.008218,-0.011055,0.008215,0.002132,0.00725,-0.003543,0.006836,0.001376,0.006874,-0.005583,0.006874,67.11,32.89,2.04,72.23,27.77,2.6,63.16,36.84,1.71,4933732.14532,2570500.08492,7811999.81657978,3116123.4412479,91728086.046,51514.384,45823362.742,25491.575,91728086.046,51514.384,45823362.742,25491.575
2025-04-29,1799.21,1842.82,1779.36,1796.57,9636124240.9635,2976787573,3235594449,2855081936,2878748935,0.008215,0.01,-0.007409,-0.007383,0.006836,0.006836,-0.002666,-0.000863,0.006874,0.006874,-0.003587,-0.003067,69.03,30.97,2.23,73.26,26.74,2.74,67.0,33.0,2.03,4299405.92545,1882566.43317,5433884.6185475,2404486.13629472,57045415.5201,31843.04,59434993.3994,32864.782,57045415.5201,31843.04,59434993.3994,32864.782
2025-04-30,1796.57,1816,1730.6,1792.71,10016620439.2187,2878748935,3045040375,2871561731,2935179478,-0.007383,0.005995,-0.008025,0.005408,-0.000863,0.006719,-0.005594,0.006348,-0.003067,0.005705,-0.006274,0.005131,67.54,32.46,2.08,73.55,26.45,2.78,64.57,35.43,1.82,6710810.32126,3108020.64942,11457912.06964504,4239880.1205476,61106797.3173,34160.757,52302489.0154,28998.384,61106797.3173,34160.757,52302489.0154,28998.384
2025-05-01,1792.71,1872.71,1791.55,1837.19,9845482210.0555,2935179478,3358797571,2924942337,3163345132,0.005408,0.01,-0.00576,-0.000622,0.006348,0.006348,-0.004631,0.001501,0.005131,0.005778,-0.00295,0.001798,70.75,29.25,2.42,75.08,24.92,3.01,66.11,33.89,1.95,3107193.97756,5410649.0536,3272657.39012858,7387226.16961182,61148730.6683,34261.792,56515075.7752,31387.817,61148730.6683,34261.792,56515075.7752,31387.817
2025-05-02,1837.18,1871.06,1812,1841.22,7960246452.8037,3163345132,3212427591,3029878187,3110408979,-0.000622,0.005499,-0.007005,0.004915,0.001501,0.004493,-0.006982,0.003262,0.001798,0.003987,-0.003431,0.00353,60.41,39.59,1.53,66.57,33.43,1.99,63.05,36.95,1.71,2788243.87237,3068129.57075,3597685.07374721,4336559.33696185,70487190.4623,38544.321,73790018.5921,40041.309,70487190.4623,38544.321,73790018.5921,40041.309
2025-05-03,1841.22,1848,1807.75,1832.55,5123782895.124,3110408979,3110955871,2934232785,2940161404,0.004915,0.008529,0.000596,0.006696,0.003262,0.006125,-0.005644,0.003913,0.00353,0.006893,-0.001802,0.005285,63.16,36.84,1.71,68.9,31.1,2.22,64.56,35.44,1.82,3254012.83597,1023033.48728,4083371.90325967,1064853.44748,67608237.1792,36874.575,58170928.7891,31473.878,67608237.1792,36874.575,58170928.7891,31473.878
2025-05-04,1832.55,1849.53,1801.71,1807.87,5590077269.5133,2940161404,3012191863,2854378679,2858666721,0.006696,0.006722,-0.002969,0.000182,0.003913,0.005364,-0.002771,0.001643,0.005285,0.005285,-0.002396,0.00069,65.68,34.32,1.91,71.74,28.26,2.54,64.43,35.57,1.81,2870886.06777,1195411.26221,4113973.66844944,1356689.17894074,63329896.014,34710.444,164643384.7168,89533.721,63329896.014,34710.444,164643384.7168,89533.721
2025-05-05,1807.87,1832.98,1780.02,1819.43,8394290852.1798,2858666721,2934962266,2799791926,2878430865,0.000182,0.007202,-0.003075,0.006878,0.001643,0.005957,-0.00116,0.005379,0.00069,0.006135,-0.002365,0.00574,68.54,31.46,2.18,73.44,26.56,2.77,65.18,34.82,1.87,3852330.52638,2393480.92991,5164613.83882544,2840690.34493,79024941.1457,43912.111,68975560.0606,38014.991,79024941.1457,43912.111,68975560.0606,38014.991
2025-05-06,1819.43,1820.3,1750,1816.22,9539070828.8097,2878430865,2956371174,2737164549,2775070279,0.006878,0.007095,-0.004276,0.003265,0.005379,0.007287,-0.002312,0.004311,0.00574,0.006608,-0.002361,0.003366,66.28,33.72,1.97,70.95,29.05,2.44,64.22,35.78,1.8,4691261.03855,4543061.99976,5989874.76314766,5432826.2646568,82342567.0608,45430.647,64964923.1376,35546.823,82342567.0608,45430.647,64964923.1376,35546.823
2025-05-07,1816.23,1850,1786,1810.14,10500509829.0228,2775070279,2984174916,2753704693,2914441074,0.003265,0.009428,-0.00203,0.004544,0.004311,0.00591,0.000153,0.005379,0.003366,0.008144,0.000671,0.003976,70.12,29.88,2.35,74.94,25.06,2.99,65.78,34.22,1.92,4697539.6703,11902234.22996,6044114.85676186,12653584.45188,52191911.7991,28852.681,82511589.6781,45227.796,52191911.7991,28852.681,82511589.6781,45227.796
2025-05-08,1810.13,2227,1807.72,2206.54,26775019602.9901,2914441074,3938985949,2896008859,3909899392,0.004544,0.01,0.004544,0.01,0.005379,0.010998,0.00075,0.010717,0.003976,0.010797,0.003976,0.010605,70.12,29.88,2.35,74.94,25.06,2.99,65.78,34.22,1.92,6206386.26026,20185238.49405,8550711.87248278,39166933.93382759,64010843.341,35494.743,75029168.578,41269.102,64010843.341,35494.743,75029168.578,41269.102
2025-05-09,2206.53,2490.75,2183.59,2344.3,32335249001.7901,3909899392,4580341576,3859009100,4061922723,0.01,0.01,0.01,0.01,0.010717,0.011303,0.002486,0.007435,0.010605,0.01125,0.008424,0.008429,63.13,36.87,1.71,66.34,33.66,1.97,66.14,33.86,1.95,12173741.08071,18245709.95975,19374266.79417619,27759757.33200629,66755887.9432,30365.649,64767729.1319,29233.877,66755887.9432,30365.649,64767729.1319,29233.877
2025-05-10,2344.31,2600.76,2315.09,2581.91,22823603844.272,4061922723,4723514226,4015361830,4688601281,0.01,0.01,0.006085,0.01,0.007435,0.009072,0.00194,0.008726,0.008429,0.009411,0.005362,0.009003,66.07,33.93,1.95,72.64,27.36,2.66,74.62,25.38,2.94,6490630.64247,12912171.7905,10578075.54604527,24579444.4479773,61292461.3382,26257.926,67792261.5559,28810.309,61292461.3382,26257.926,67792261.5559,28810.309
2025-05-11,2581.9,2608,2434.89,2513.48,18805419403.4676,4688601281,4746375552,4195674580,4289857295,0.01,0.01,0.001935,0.007088,0.008726,0.009908,-0.00132,0.007623,0.009003,0.009595,0.000669,0.007216,63.74,36.26,1.76,67.96,32.04,2.12,73.4,26.6,2.76,11824900.1177,7541712.09375,19845356.79019336,10412990.23847434,70735211.4613,27530.042,53066251.3867,20464.007,70735211.4613,27530.042,53066251.3867,20464.007
2025-05-12,2513.48,2624.84,2406.55,2494.16,23177541048.0697,4289857295,4700977316,4173541893,4310490966,0.007088,0.01,0.004793,0.006249,0.007623,0.010008,-0.001985,0.006465,0.007216,0.009681,0.000839,0.005848,65.01,34.99,1.86,73.04,26.96,2.71,74.55,25.45,2.93,12944597.93586,9793442.90745,22807900.78315771,14237457.59000246,61995631.761,24768.205,65965798.5896,26130.197,61995631.761,24768.205,65965798.5896,26130.197
2025-05-13,2494.16,2738.62,2414.36,2678.59,22321672566.035,4310490966,4945267676,4110199273,4869969237,0.006249,0.01,0.00551,0.01,0.006465,0.008787,-0.00337,0.008787,0.005848,0.009319,0.002582,0.009319,66.71,33.29,2.0,72.0,28.0,2.57,74.46,25.54,2.92,5521436.303,24301588.88809,7665431.57662268,33068124.72149353,64130761.2433,25816.788,69716112.949,27829.203,64130761.2433,25816.788,69716112.949,27829.203
2025-05-14,2678.58,2724.96,2545,2608.74,18124926140.3873,4869969237,4961446187,4381711869,4479913405,0.01,0.01,-0.000028,0.01,0.008787,0.009478,0.002131,0.0067,0.009319,0.009764,0.002229,0.007339,60.79,39.21,1.55,66.76,33.24,2.01,74.07,25.93,2.86,11918477.14227,7506773.39218,14369967.52555361,8790099.4858749,74960797.2038,28110.838,74037916.7325,27547.678,74960797.2038,28110.838,74037916.7325,27547.678
2025-05-15,2608.75,2646.1,2475.61,2547.75,20701333336.3591,4479913405,4672095237,4343775748,4415896550,0.01,0.01,0.004563,0.006737,0.0067,0.007788,-0.000292,0.00495,0.007339,0.008325,0.002099,0.00512,65.99,34.01,1.94,72.56,27.44,2.64,75.36,24.64,3.06,15774861.09731,6472657.12478,20628542.1116851,8992520.34214318,68248341.1204,26276.089,70381622.2313,26863.341,68248341.1204,26276.089,70381622.2313,26863.341
2025-05-16,2547.76,2648.68,2527.14,2535.72,14259319038.734,4415896550,4880104783,4412930666,4475350411,0.006737,0.01,0.002526,0.002543,0.00495,0.008023,0.00164,0.003208,0.00512,0.008182,0.003525,0.003578,68.43,31.57,2.17,73.6,26.4,2.79,75.3,24.7,3.05,7752528.71826,2996684.26184,9033854.66112155,5845272.43224071,62386910.8205,24589.141,70558421.9617,27571.62,62386910.8205,24589.141,70558421.9617,27571.62
2025-05-17,2535.71,2537.63,2442.65,2474.09,12632021196.2573,4475350411,4475350411,4119334224,4156411050,0.002543,0.005393,-0.005364,0.005393,0.003208,0.007143,-0.005575,0.006856,0.003578,0.006798,-0.002934,0.006795,66.41,33.59,1.98,70.89,29.11,2.44,74.91,25.09,2.99,8626851.68294,2694425.51964,11685426.69184741,3712915.8063196,78401908.0905,31077.626,68951268.6466,27078.224,78401908.0905,31077.626,68951268.6466,27078.224
2025-05-18,2474.09,2587.52,2312.62,2496.98,19985490225.2531,4156411050,4289752272,3615438190,3841719135,0.005393,0.008316,-0.011944,-0.004923,0.006856,0.008072,-0.003632,0.003497,0.006795,0.008207,-0.00473,0.001496,71.01,28.99,2.45,74.68,25.32,2.95,72.14,27.86,2.59,6245698.43554,15549219.52174,13227512.81379552,17467022.88601608,65815266.8338,26729.93,68460368.2537,27556.009,65815266.8338,26729.93,68460368.2537,27556.009
2025-05-19,2496.98,2546.97,2346.99,2526.87,21684230902.4764,3841719135,4185931353,3633774488,4165764600,-0.004923,0.01,-0.004938,0.008038,0.003497,0.009843,-0.001198,0.005091,0.001496,0.009092,0.000217,0.006374,73.49,26.51,2.77,76.05,23.95,3.18,70.87,29.13,2.43,7017841.86213,9148563.8322,9035105.74321361,11866736.48364044,66430256.4861,26702.456,57323823.3065,22829.297,66430256.4861,26702.456,57323823.3065,22829.297
2025-05-20,2526.87,2588,2438.39,2523.09,17457128380.0239,4165764600,4448505244,3904156787,3964184506,0.008038,0.01,-0.004489,0.003628,0.005091,0.008282,-0.000297,0.005934,0.006374,0.008754,0.000138,0.005639,64.61,35.39,1.83,70.23,29.77,2.36,73.23,26.77,2.74,6456317.8799,6417618.4427,9805875.90814945,8285550.85191745,68319045.946,27149.144,74647339.1663,29397.75,68319045.946,27149.144,74647339.1663,29397.75
2025-05-21,2523.08,2615.46,2450.72,2550.26,26829295521.8609,3964184506,4277187819,3724120288,4022958189,0.003628,0.01,-0.003789,0.001028,0.005934,0.010162,-0.000446,0.004094,0.005639,0.010457,-0.001767,0.002321,67.92,32.08,2.12,72.6,27.4,2.65,73.23,26.77,2.74,10295935.4705,12485347.23565,14854142.15638825,20557387.30578349,64151349.9635,25544.473,69933706.8566,27588.097,64151349.9635,25544.473,69933706.8566,27588.097
2025-05-22,2550.27,2692.61,2543.37,2663.72,18282610481.6072,4022958189,4653799774,4009037135,4487121798,0.001028,0.01,0.001028,0.01,0.004094,0.010618,0.004094,0.008275,0.002321,0.010458,0.002321,0.008935,70.03,29.97,2.34,74.39,25.61,2.91,72.94,27.06,2.7,4074561.32994,5985649.60209,5252098.55315923,8804407.77056197,67159703.9436,26452.775,54578820.2271,21305.593,67159703.9436,26452.775,54578820.2271,21305.593
2025-05-23,2663.72,2734.3,2497,2525.39,23650937076.5606,4487121798,4832580139,4058411506,4079894951,0.01,0.01,-0.000772,0.01,0.008275,0.016367,0.000887,0.008911,0.008935,0.013497,0.000993,0.009312,64.0,36.0,1.78,69.73,30.27,2.3,73.16,26.84,2.73,13959458.39264,9556921.90078,19383347.46267318,11142175.71930677,69194194.9436,26084.627,83021188.1338,31020.474,69194194.9436,26084.627,83021188.1338,31020.474
2025-05-24,2525.38,2574.5,2511.13,2529.27,7010176808.7028,4079894951,4268140041,4078218502,4095640416,0.01,0.01,0.000115,0.006041,0.008911,0.009636,0.000004,0.007004,0.009312,0.009866,0.001982,0.007123,72.0,28.0,2.57,77.79,22.21,3.5,73.63,26.37,2.79,2422089.57639,1480186.14883,2664988.49659478,2027174.82145,68843093.7586,27426.327,54638942.2593,21538.516,68843093.7586,27426.327,54638942.2593,21538.516
2025-05-25,2529.27,2553,2457.6,2550.03,10112252637.6084,4095640416,4125298501,3961349911,4051882157,0.006041,0.009506,-0.000473,0.000385,0.007004,0.008781,0.001738,0.0034,0.007123,0.008835,0.002718,0.002794,72.44,27.56,2.63,75.76,24.24,3.13,72.62,27.38,2.65,3456432.88788,3642945.8722,4997600.46727542,4287376.359702,83053246.2435,33000.644,62621785.2712,24652.465,83053246.2435,33000.644,62621785.2712,24652.465
2025-05-26,2550.03,2598.6,2521.29,2562.43,9600977644.2665,4051882157,4142776182,4006870534,4049924956,0.000385,0.008471,-0.000037,0.004,0.0034,0.008596,0.001578,0.006962,0.002794,0.008422,0.001223,0.005964,71.59,28.41,2.52,75.36,24.64,3.06,72.68,27.32,2.66,2269395.52774,4178000.47422,3088137.20137,5436880.55388,65680202.491,25872.529,81255736.6179,31720.896,65680202.491,25872.529,81255736.6179,31720.896
2025-05-27,2562.42,2711.8,2508,2659.84,18256630043.2872,4049924956,5302657082,3979643070,5176014998,0.004,0.01,0.004,0.01,0.006962,0.009039,0.001938,0.006817,0.005964,0.008795,0.004433,0.007914,69.51,30.49,2.28,73.92,26.08,2.83,72.95,27.05,2.7,3932047.53348,6276946.3611,4885662.292489,8955120.06527622,71686858.9307,28097.902,70323052.725,27327.873,71686858.9307,28097.902,70323052.725,27327.873
2025-05-28,2659.83,2689.13,2606,2680.4,13632284358.232,5176014998,5339650807,5035971989,5282329767,0.01,0.01,0.01,0.01,0.006817,0.009518,0.004677,0.008857,0.007914,0.009596,0.006676,0.009176,55.65,44.35,1.26,62.28,37.72,1.65,72.87,27.13,2.69,4643184.84486,4823069.53801,6496501.85721984,5443814.21683168,102519996.4157,38736.363,69823433.5473,26145.314,102519996.4157,38736.363,69823433.5473,26145.314
2025-05-29,2680.4,2788.88,2617.11,2630.3,20452152152.3447,5282329767,6018915106,5066297406,5095490885,0.01,0.01,0.007355,0.007477,0.008857,0.009982,0.005256,0.00827,0.009176,0.009888,0.006579,0.007607,62.15,37.85,1.64,68.37,31.63,2.16,74.74,25.26,2.96,6519918.81423,7190222.95046,8282748.67104994,9521085.1990904,87417041.5559,32753.672,110090216.3869,40892.165,87417041.5559,32753.672,110090216.3869,40892.165
2025-05-30,2630.3,2648.42,2503.37,2529.63,18079390117.6432,5095490885,5124931836,4522215912,4555736439,0.007477,0.01,0.000666,0.003403,0.00827,0.009395,-0.0004,0.005635,0.007607,0.009398,-0.000311,0.00515,67.53,32.47,2.08,71.78,28.22,2.54,76.07,23.93,3.18,11670684.29083,4926245.55395,16970016.14111832,6109513.85425822,123747200.7523,47315.912,77900893.0144,29502.47,123747200.7523,47315.912,77900893.0144,29502.47
2025-05-31,2529.62,2550,2474,2527.08,8685268130.2336,4555736439,4690663964,4418986857,4657463614,0.003403,0.009765,0.000659,0.007499,0.005635,0.00799,0.000382,0.005876,0.00515,0.007678,-0.000251,0.005793,70.08,29.92,2.34,74.75,25.25,2.96,76.19,23.81,3.2,3795930.2289,2343088.02477,5314623.37758646,2859842.86403764,65376432.0974,25960.236,76678974.9063,30169.633,65376432.0974,25960.236,76678974.9063,30169.633
2025-06-01,2527.08,2547,2465,2537.89,8695424533.4729,4657463614,4720370113,4555058047,4601540022,0.007499,0.01,0.001176,0.001586,0.005876,0.008229,0.002188,0.0046,0.005793,0.008421,0.00183,0.003654,67.96,32.04,2.12,70.68,29.32,2.41,76.32,23.68,3.22,4511128.10415,2906672.74889,6670717.45576404,3379058.74291743,96975158.556,38548.769,91801224.3607,36124.849,96975158.556,38548.769,91801224.3607,36124.849
2025-06-02,2537.89,2614.2,2472.74,2606.48,13325178440.4182,4601540022,4972090179,4530976533,4952405719,0.001586,0.009449,0.001271,0.003263,0.0046,0.009284,0.002547,0.005759,0.003654,0.007938,0.002388,0.004174,68.98,31.02,2.22,72.32,27.68,2.61,75.97,24.03,3.16,3171062.6462,8974658.90232,4345391.03649359,11086294.70518,74123451.0533,29335.646,95768321.5791,37549.594,74123451.0533,29335.646,95768321.5791,37549.594
2025-06-03,2606.49,2654.98,2563,2592.16,13577160886.2348,4952405719,5126958454,4840233690,4856901536,0.003263,0.01,0.003249,0.00439,0.005759,0.00822,0.002962,0.004617,0.004174,0.00818,0.0017,0.004579,63.28,36.72,1.72,68.36,31.64,2.16,72.58,27.42,2.65,4285201.6796,3141817.53545,5058267.55098016,4256886.82952881,77224587.6113,29757.252,122434415.5844,46765.998,77224587.6113,29757.252,122434415.5844,46765.998
2025-06-04,2592.16,2679.64,2582.41,2606.62,13890243224.4276,4856901536,5391464562,4835898048,4990671206,0.00439,0.008911,0.001493,0.002319,0.004617,0.008173,0.001453,0.006411,0.004579,0.008028,0.003305,0.005952,64.06,35.94,1.78,70.32,29.68,2.37,74.81,25.19,2.97,4493809.91561,3184951.99661,6949639.5943165,4651176.17364609,78946597.1606,30595.074,90466384.6993,34730.349,78946597.1606,30595.074,90466384.6993,34730.349
2025-06-05,2606.62,2640,2402.55,2412.9,31590774876.999,4990671206,5144743740,4328833801,4337196832,0.002319,0.01,-0.00107,-0.00107,0.006411,0.010136,0.002412,0.002521,0.005952,0.009283,0.001638,0.001819,64.19,35.81,1.79,68.3,31.7,2.16,72.48,27.52,2.63,29653074.35402,3773616.50972,43216095.04385235,4713887.86272,115843653.1666,44655.075,74469786.3035,28450.694,115843653.1666,44655.075,74469786.3035,28450.694
2025-06-06,2412.9,2529.67,2400.48,2475.38,13011289279.0681,4337196832,4727635034,4288254081,4550158123,-0.00107,0.01,-0.001985,0.008751,0.002521,0.006474,-0.001323,0.005803,0.001819,0.007045,-0.002117,0.00657,74.05,25.95,2.85,77.88,22.12,3.52,75.69,24.31,3.11,3623851.16451,3889787.32534,4318368.08492384,4808914.96324561,88631829.8072,36911.235,84846786.0699,35031.535,88631829.8072,36911.235,84846786.0699,35031.535
2025-06-07,2475.38,2545,2455.85,2523.4,6733113036.1538,4550158123,4795152372,4496908731,4753743277,0.008751,0.01,0.003444,0.01,0.005803,0.006709,0.002661,0.005709,0.00657,0.00657,0.001885,0.005883,65.82,34.18,1.93,68.97,31.03,2.22,74.19,25.81,2.87,1853344.03916,1897065.66902,2270977.39055951,2218257.07224,89302105.6296,36238.489,99459690.1173,40013.49,89302105.6296,36238.489,99459690.1173,40013.49
2025-06-08,2523.41,2548.02,2483.28,2508.32,6619932871.9921,4753743277,4885969745,4636745290,4640901707,0.01,0.01,0.002237,0.002237,0.005709,0.007954,0.00259,0.00259,0.005883,0.007636,0.002814,0.002817,65.3,34.7,1.88,69.24,30.76,2.25,74.92,25.08,2.99,1254829.21207,2696503.50454,1513808.46214,3143114.706578,92925670.7887,36978.319,83049326.7,32765.942,92925670.7887,36978.319,83049326.7,32765.942
2025-06-09,2508.31,2693.2,2475.83,2679.12,14246892666.2515,4640901707,5208056269,4516051413,5198958938,0.002237,0.01,-0.001629,0.01,0.00259,0.007475,0.002485,0.007,0.002817,0.00804,0.002066,0.007839,66.35,33.65,1.97,71.43,28.57,2.5,75.51,24.49,3.08,2934324.18757,11250266.15888,4771511.12723703,17086408.84750664,96594185.5016,38708.757,90356109.3557,35870.245,96594185.5016,38708.757,90356109.3557,35870.245
2025-06-10,2679.13,2827,2655,2815.74,24154747932.1072,5198958938,6321426898,5193409329,6308567975,0.01,0.01,0.01,0.01,0.007,0.012619,0.004447,0.006299,0.007839,0.010673,0.007331,0.009081,59.28,40.72,1.46,64.66,35.34,1.83,74.98,25.02,3.0,7645327.28654,9153250.6889,9905825.98053704,13671438.72321329,114403543.356,42872.032,90142248.5624,33492.342,114403543.356,42872.032,90142248.5624,33492.342
2025-06-11,2815.74,2879,2742.57,2770.34,22221851410.6487,6308567975,6692310339,6040086419,6040086419,0.01,0.01,0.005948,0.006082,0.006299,0.0093,-0.003423,0.006266,0.009081,0.00979,0.002344,0.006947,54.52,45.48,1.2,63.0,37.0,1.7,74.32,25.68,2.89,9953887.84178,6578439.08366,15676048.86964319,8285186.92071161,96957366.5852,34586.444,216541266.2146,76516.298,96957366.5852,34586.444,216541266.2146,76516.298
2025-06-12,2770.35,2783.9,2614.24,2641.38,20158025807.2497,6040086419,6187244960,5492917429,5507341916,0.006082,0.01,-0.002717,-0.001266,0.006266,0.010029,-0.000768,0.001268,0.006947,0.009915,-0.00129,-0.000342,57.57,42.43,1.36,66.31,33.69,1.97,74.88,25.12,2.98,10827448.83762,9055689.39558,16832931.78479205,9598108.94890492,83980259.3237,30439.692,87599231.8952,31483.38,83980259.3237,30439.692,87599231.8952,31483.38
2025-06-13,2641.4,2644.32,2433.8,2578.09,28202596583.3365,5507341916,5510552085,4678791451,4776868036,-0.001266,0.005413,-0.007645,0.004589,0.001268,0.005233,-0.006639,0.00451,-0.000342,0.003726,-0.007581,0.003216,65.96,34.04,1.94,71.77,28.23,2.54,75.45,24.55,3.07,15563348.5102,10943706.7015,25531331.06694921,13681780.82861317,132009488.4349,50256.336,78777337.7847,29701.269,132009488.4349,50256.336,78777337.7847,29701.269
2025-06-14,2578.1,2578.18,2486.68,2529.66,9006336610.5202,4776868036,4782599508,4626416004,4674441959,0.004589,0.005106,-0.003986,0.001787,0.00451,0.007283,0.0004,0.001992,0.003216,0.006095,-0.000522,0.00134,67.6,32.4,2.09,70.18,29.82,2.35,75.1,24.9,3.02,4798052.65419,2444471.04087,5504632.17102818,3113136.70462,73437023.0876,28601.659,97048035.7985,37465.477,73437023.0876,28601.659,97048035.7985,37465.477
2025-06-15,2529.66,2559.76,2490.38,2546.32,8854576372.8066,4674441959,4935094119,4657197608,4852702241,0.001787,0.01,0.001709,0.004573,0.001992,0.007554,0.000014,0.004617,0.00134,0.007493,-0.000512,0.003257,69.22,30.78,2.25,71.98,28.02,2.57,76.33,23.67,3.23,3545272.63818,3627715.19114,4204914.60602103,4485918.4320928,79368354.7396,31502.382,83316039.3114,32774.473,79368354.7396,31502.382,83316039.3114,32774.473
2025-06-16,2546.32,2680,2513.38,2543.12,18500976960.4413,4852702241,5395982332,4771068376,4911796265,0.004573,0.01,-0.000919,-0.000906,0.004617,0.009064,0.001657,0.001657,0.003257,0.008679,0.000632,0.000662,68.18,31.82,2.14,70.93,29.07,2.44,76.46,23.54,3.25,4711112.14492,6022851.82812,8097201.98085395,8360072.78055566,72896048.2131,28755.683,95468578.6039,37320.829,72896048.2131,28755.683,95468578.6039,37320.829
2025-06-17,2543.11,2617.74,2451.97,2508.99,20276853764.1751,4911796265,5068734455,4721283871,4830931922,-0.000906,0.01,-0.004193,0.00582,0.001657,0.009399,-0.001558,0.00517,0.000662,0.009477,-0.00251,0.00483,65.06,34.94,1.86,69.24,30.76,2.25,74.45,25.55,2.91,16084061.07959,4369303.03216,19593281.62826092,5235525.45307,87416247.5896,34535.676,72250962.3797,28283.569,87416247.5896,34535.676,72250962.3797,28283.569
2025-06-18,2508.99,2547.35,2465,2523.49,16783792082.0789,4830931922,4948918758,4723315130,4815532548,0.00582,0.00812,0.000195,0.005385,0.00517,0.007211,0.000562,0.005059,0.00483,0.006584,0.000522,0.004193,72.1,27.9,2.58,74.87,25.13,2.98,78.05,21.95,3.56,9023440.03531,5606395.46666,10323907.87371365,6917311.78666,80050004.8508,32043.078,75398442.0548,29929.136,80050004.8508,32043.078,75398442.0548,29929.136
2025-06-19,2523.5,2546.29,2483.58,2520.18,9225441408.7406,4815532548,5039948419,4751229752,5018292693,0.005385,0.01,0.00307,0.008113,0.005059,0.007169,0.001008,0.006115,0.004193,0.006596,0.000734,0.005545,69.94,30.06,2.33,73.1,26.9,2.72,77.14,22.86,3.37,2085482.97358,3190718.36063,2378487.03736872,3852186.30671,77515222.7856,30846.447,86948115.7138,34294.867,77515222.7856,30846.447,86948115.7138,34294.867
2025-06-20,2520.17,2568.56,2363.88,2405.42,19117425493.244,5018292693,5290080517,4775802419,4872395265,0.008113,0.01,-0.008356,-0.005035,0.006115,0.0084,-0.006261,-0.000265,0.005545,0.008452,-0.006438,-0.001822,69.63,30.37,2.29,72.15,27.85,2.59,76.93,23.07,3.34,13305741.68531,3787818.70595,18086270.07139161,4711894.64062965,89497383.0442,35656.194,98432084.1951,38861.207,89497383.0442,35656.194,98432084.1951,38861.207
2025-06-21,2405.43,2447.96,2213.07,2294.63,14926462154.7632,4872395265,4989862979,4303749025,4408804096,-0.005035,0.01,-0.005231,-0.000734,-0.000265,0.007444,-0.001511,-0.000103,-0.001822,0.007835,-0.001951,-0.000571,75.76,24.24,3.13,77.44,22.56,3.43,74.6,25.4,2.94,11004875.08545,4498563.25634,17423292.34110833,6004585.384795,67807034.8886,28322.5,65587637.5103,27163.578,67807034.8886,28322.5,65587637.5103,27163.578
2025-06-22,2294.64,2312.96,2111,2226.33,24394993416.0489,4408804096,4435529257,4032597477,4176724434,-0.000734,0.009131,-0.007754,0.002293,-0.000103,0.008003,-0.003352,0.002937,-0.000571,0.007379,-0.004428,0.001702,74.0,26.0,2.85,76.98,23.02,3.34,75.85,24.15,3.14,9639913.04998,8402119.76215,14515890.27851316,10628790.23137412,49725756.6494,21757.596,53883194.0332,23389.857,49725756.6494,21757.596,53883194.0332,23389.857
2025-06-23,2226.33,2440,2187.01,2410.39,23160058249.1986,4176724434,4510400084,4166119378,4475704899,0.002293,0.004837,-0.003139,0.002334,0.002937,0.004867,-0.002766,-0.000195,0.001702,0.004019,-0.003397,-0.001207,71.48,28.52,2.51,76.12,23.88,3.19,76.08,23.92,3.18,7105011.29424,36900325.8223,8915123.58364316,41401833.38257355,58537765.5951,26404.598,76572998.3747,34258.397,58537765.5951,26404.598,76572998.3747,34258.397
2025-06-24,2410.4,2481.28,2374.9,2447.58,16166710523.6449,4475704899,4844274932,4442868476,4682407053,0.002334,0.005303,-0.002433,-0.000915,-0.000195,0.002628,-0.006725,-0.001502,-0.001207,0.002995,-0.006146,-0.001409,63.19,36.81,1.72,66.58,33.42,1.99,75.69,24.31,3.11,5780462.84101,5712091.20818,9131999.85395628,7103147.5632,59862010.7444,24944.235,55274830.0316,22835.096,59862010.7444,24944.235,55274830.0316,22835.096
2025-06-25,2447.58,2467.84,2388.23,2417.28,12136041868.8533,4682407053,4750389162,4400794324,4495667857,-0.000915,0.009227,-0.004831,0.00282,-0.001502,0.004188,-0.002742,0.000462,-0.001409,0.004403,-0.002311,0.001276,59.5,40.5,1.47,64.34,35.66,1.8,74.21,25.79,2.88,6869554.16682,8005122.91543,7823495.68318726,8734654.85768,56965264.5903,23361.461,59270430.1659,24112.293,56965264.5903,23361.461,59270430.1659,24112.293
2025-06-26,2417.28,2520,2392.12,2414.54,13986882958.445,4495667857,4840616019,4350782437,4406124859,0.00282,0.009904,-0.00132,0.000352,0.000462,0.005291,-0.000998,0.001357,0.001276,0.00568,-0.000994,0.001527,64.19,35.81,1.79,69.86,30.14,2.32,75.44,24.56,3.07,6422476.06478,5264460.13508,7323944.97940078,6910124.71369,67034582.7448,27857.545,52783981.102,21738.624,67034582.7448,27857.545,52783981.102,21738.624
2025-06-27,2414.59,2463.38,2377,2422.06,10621536153.7209,4406124859,4605585557,4361319105,4534792376,0.000352,0.008452,0.000145,0.008444,0.001357,0.006815,-0.002322,0.006815,0.001527,0.006439,-0.001756,0.005845,64.87,35.13,1.85,69.01,30.99,2.23,77.0,23.0,3.35,5156131.73671,5004585.67374,6247018.10485097,5660424.5704,69986274.5707,29118.498,55813032.094,23023.611,69986274.5707,29118.498,55813032.094,23023.611
2025-06-28,2422.07,2447.42,2404.75,2434.8,3722303784.5889,4534792376,4567394609,4502443178,4544325794,0.008444,0.01,-0.000233,0.006192,0.006815,0.007786,-0.000164,0.004889,0.005845,0.007135,-0.00056,0.004386,65.38,34.62,1.89,68.85,31.15,2.21,76.74,23.26,3.3,379550.69275,1298377.27852,398605.27082472,1505731.46872,66461148.2539,27551.588,65066772.8493,26746.95,66461148.2539,27551.588,65066772.8493,26746.95
2025-06-29,2434.8,2524.41,2406.45,2499.25,7537747943.6359,4544325794,4689252741,4418547190,4582467881,0.006192,0.009435,-0.002054,0.005102,0.004889,0.007653,-0.001175,0.007653,0.004386,0.006723,0.000108,0.006723,65.25,34.75,1.88,69.64,30.36,2.29,75.89,24.11,3.15,1190643.96253,4205882.10846,1453176.209365,5729207.7307404,74683448.0023,30788.191,82339609.7398,33654.196,74683448.0023,30788.191,82339609.7398,33654.196
2025-06-30,2499.25,2523.43,2431.87,2484.3,12818199457.8359,4582467881,4791687432,4537046313,4704169602,0.005102,0.01,-0.001196,0.008191,0.007653,0.009262,0.000094,0.006262,0.006723,0.009218,-0.000825,0.00551,62.4,37.6,1.66,67.81,32.19,2.11,76.83,23.17,3.32,5743423.37905,4279868.10852,7247177.08559145,5063094.34776115,83008726.1271,33347.16,70068196.2085,27923.364,83008726.1271,33347.16,70068196.2085,27923.364
2025-07-01,2484.3,2499.6,2383.33,2403.65,10982463148.2146,4704169602,4761990227,4582032823,4670643227,0.008191,0.008191,-0.002978,0.001967,0.006262,0.006262,-0.001186,0.002517,0.00551,0.00551,-0.001765,0.002298,59.48,40.52,1.47,65.69,34.31,1.92,76.6,23.4,3.27,8052917.4827,2529329.60095,9204955.18362607,2629744.40464309,79126154.6904,31966.883,82449601.435,33042.693,79126154.6904,31966.883,82449601.435,33042.693
2025-07-02,2403.66,2618.2,2367.53,2569.37,16554715295.3508,4670643227,5360126135,4580662012,5298567737,0.001967,0.01,-0.000027,0.01,0.002517,0.008613,-0.001918,0.002145,0.002298,0.007143,-0.001198,0.00514,70.26,29.74,2.36,73.52,26.48,2.78,76.28,23.72,3.22,2282994.36287,17621149.65949,2472924.4465276,21753039.87171573,95951374.5517,40131.961,75795895.0215,31426.594,95951374.5517,40131.961,75795895.0215,31426.594
2025-07-03,2569.37,2635,2555.25,2590.17,13647153464.9801,5298567737,5511665671,5262121020,5269651229,0.01,0.01,-0.002575,0.001353,0.002145,0.006679,0.001737,0.003795,0.00514,0.009052,0.002548,0.003767,52.0,48.0,1.08,58.29,41.71,1.4,74.5,25.5,2.92,3563608.70931,9086335.43167,4471436.03303466,10137377.0336739,89144955.5566,34837.859,68317260.1745,26485.738,89144955.5566,34837.859,68317260.1745,26485.738
2025-07-04,2590.18,2601.96,2473.07,2506.86,12724318098.2351,5269651229,5298658110,4888296583,4910708355,0.001353,0.01,0.001353,0.001385,0.003795,0.007842,0.002696,0.004953,0.003767,0.007895,0.002107,0.002811,55.87,44.13,1.27,62.68,37.32,1.68,74.14,25.86,2.87,5870685.86788,4001222.34491,7972703.19733504,4346634.4456,92090336.1862,35728.85,80594736.915,30983.845,92090336.1862,35728.85,80594736.915,30983.845
2025-07-05,2506.87,2528.86,2486.31,2515.25,5052102987.3744,4910708355,4992068934,4893398396,4936768180,0.001385,0.007443,0.000029,0.003944,0.004953,0.00705,0.001354,0.005625,0.002811,0.005181,0.000248,0.004207,67.64,32.36,2.09,72.22,27.78,2.6,76.25,23.75,3.21,2627624.56377,1343030.23887,3026601.10576845,1454200.41687,79668453.6221,31910.361,103797106.2679,41196.833,79668453.6221,31910.361,103797106.2679,41196.833
2025-07-06,2515.25,2607.08,2502.25,2569.14,9172599653.0489,4936768180,5297498691,4936768180,5196762872,0.003944,0.01,0.000883,0.01,0.005625,0.009025,0.001031,0.008251,0.004207,0.008597,0.002152,0.00839,64.08,35.92,1.78,67.9,32.1,2.12,76.34,23.66,3.23,2798866.72639,19546382.04404,3462370.74073,21114972.99823817,81254126.9908,32436.195,132382222.655,52390.628,81254126.9908,32436.195,132382222.655,52390.628
2025-07-07,2569.14,2589.88,2505.37,2541.37,11644254403.3981,5196762872,5335523178,4959749806,5132739929,0.01,0.01,-0.003777,0.007585,0.008251,0.009332,0.000416,0.005697,0.00839,0.009421,0.000166,0.005371,59.88,40.12,1.49,64.28,35.72,1.8,76.53,23.47,3.26,4741841.52346,2872534.71472,5607305.952945,3307607.59235,90008116.4922,35183.972,79557864.3582,30839.959,90008116.4922,35183.972,79557864.3582,30839.959
2025-07-08,2541.36,2627.83,2522.07,2613.97,11532968469.2285,5132739929,5685794159,5074147657,5616608789,0.007585,0.01,0.001655,0.004956,0.005697,0.008293,0.001839,0.002283,0.005371,0.007218,0.002055,0.003712,64.58,35.42,1.82,69.04,30.96,2.23,77.03,22.97,3.35,2290409.22679,5164821.7133,2451943.985664,6613557.77417843,97885154.5169,38685.024,85174324.8146,33358.09,97885154.5169,38685.024,85174324.8146,33358.09
2025-07-09,2613.97,2795.73,2588.49,2767.7,19408884826.9297,5616608789,6203692866,5530664215,6195694625,0.004956,0.01,0.001611,0.01,0.002283,0.00869,-0.000192,0.003903,0.003712,0.007815,0.001974,0.007655,53.62,46.38,1.16,59.4,40.6,1.46,74.41,25.59,2.91,3673083.14172,26678327.91656,4170281.60886735,32031644.98173998,76874709.8157,29541.103,109897699.4488,41842.213,76874709.8157,29541.103,109897699.4488,41842.213
2025-07-10,2767.69,3010.44,2754.08,2950.62,24169445528.2045,6195694625,6433797907,6003604469,6324666987,0.01,0.01,-0.003916,0.01,0.003903,0.010211,-0.006375,0.010209,0.007655,0.01001,-0.000901,0.010009,47.44,52.56,0.9,52.93,47.07,1.12,73.91,26.09,2.83,6797458.44591,14956015.11219,9300266.21817145,24106545.07598535,77226973.0931,28007.974,91743005.172,32985.25,77226973.0931,28007.974,91743005.172,32985.25
2025-07-11,2950.61,3040.95,2913.72,2956.93,24321404653.0678,6324666987,6558330318,5897002449,5947687994,0.01,0.01,0.008047,0.008071,0.010209,0.01212,0.008488,0.008623,0.010009,0.011518,0.008888,0.008931,51.75,48.25,1.07,57.44,42.56,1.35,76.68,23.32,3.29,11111624.71758,8865940.9008,14551299.05312798,11182993.14529777,76367947.648,25992.272,82953661.112,27991.116,76367947.648,25992.272,82953661.112,27991.116
2025-07-12,2956.94,2979,2902.8,2941.87,9646172884.5342,5947687994,6047317415,5751102815,5790419650,0.008071,0.01,0.004179,0.004179,0.008623,0.010402,0.002588,0.003508,0.008931,0.010143,0.00353,0.004105,55.52,44.48,1.25,63.76,36.24,1.76,77.22,22.78,3.39,4861332.00934,4129655.75893,6110225.44518771,4337189.30285229,61366000.316,20846.851,68786670.7196,23166.01,61366000.316,20846.851,68786670.7196,23166.01
2025-07-13,2941.88,3019.52,2930,2970.37,10415925231.4802,5790419650,6157497253,5778696730,5873853315,0.004179,0.01,0.001051,0.001051,0.003508,0.008592,-0.000924,0.004818,0.004105,0.009088,-0.000149,0.00458,55.46,44.54,1.25,63.11,36.89,1.71,76.84,23.16,3.32,3135564.42351,4227922.00276,3629591.15321153,5718508.89719278,66124807.5524,22571.442,109220203.2722,36937.037,66124807.5524,22571.442,109220203.2722,36937.037
2025-07-14,2970.37,3083,2961.44,3012.26,20170000327.937,5873853315,6444101095,5858469683,6174667274,0.001051,0.01,-0.000675,0.00613,0.004818,0.016425,0.00168,0.009777,0.00458,0.013102,0.001455,0.009004,55.58,44.42,1.25,61.67,38.33,1.61,75.85,24.15,3.14,9202334.87019,7035100.88499,10385313.89960443,10800572.42218,60325651.1511,20400.622,59289585.1389,19865.481,60325651.1511,20400.622,59289585.1389,19865.481
2025-07-15,3012.25,3144.48,2930.99,3137.62,26254167856.0576,6174667274,6670681394,5850864253,6633144578,0.00613,0.01,0.006107,0.01,0.009777,0.014336,0.003053,0.010854,0.009004,0.012198,0.004872,0.010435,58.64,41.36,1.42,63.42,36.58,1.73,71.43,28.57,2.5,15900705.60802,13975793.44099,18439647.84438941,20634430.53643033,74367042.1448,24797.565,75782751.9837,25037.198,74367042.1448,24797.565,75782751.9837,25037.198
2025-07-16,3137.62,3423.47,3099.6,3370.55,30571812910.4454,6633144578,7345820557,6608825503,7085260936,0.01,0.01,0.01,0.01,0.010854,0.014556,0.001673,0.008761,0.010435,0.012538,0.004256,0.009386,52.32,47.68,1.1,59.0,41.0,1.44,70.46,29.54,2.39,8268260.60278,13704014.07965,10041467.14175184,24172528.19282135,92998611.2572,29771.858,98971680.2864,31385.928,92998611.2572,29771.858,98971680.2864,31385.928
2025-07-17,3370.54,3524,3311,3476.65,30196476175.8694,7085260936,7231688233,6786530387,6929558562,0.01,0.01,0.01,0.01,0.008761,0.015389,0.008419,0.01362,0.009386,0.013085,0.009187,0.012029,52.27,47.73,1.1,58.75,41.25,1.42,72.03,27.97,2.58,13572010.65873,12752131.56825,17314167.25801334,15600821.62826114,88270298.4713,26302.547,77670283.3686,22941.563,88270298.4713,26302.547,77670283.3686,22941.563
2025-07-18,3476.66,3674.43,3458,3546.36,35671570045.5307,6929558562,7525265053,6905756528,7013893134,0.01,0.01,0.01,0.01,0.01362,0.022175,0.009216,0.01021,0.012029,0.01911,0.009534,0.010174,53.08,46.92,1.13,58.43,41.57,1.41,74.54,25.46,2.93,41531083.64961,14087590.84869,48619949.7712779,18581167.53651235,91689595.8932,26499.313,75906736.5044,21739.625,91689595.8932,26499.313,75906736.5044,21739.625
2025-07-19,3546.36,3608,3505,3591.31,12293192432.2861,7013893134,7198434739,6933225173,7155090253,0.01,0.01,0.01,0.01,0.01021,0.010601,0.00817,0.009082,0.010174,0.010489,0.008684,0.009322,57.67,42.33,1.36,63.7,36.3,1.76,76.67,23.33,3.29,4143534.26955,4382648.47098,4794663.696902,4853876.34612851,67085472.3133,18994.841,74592848.3561,20940.44,67085472.3133,18994.841,74592848.3561,20940.44
2025-07-20,3591.32,3826,3578.05,3755.67,26908743561.3024,7155090253,8225857814,7143804447,8080035599,0.01,0.01,0.01,0.01,0.009082,0.018183,0.006565,0.015797,0.009322,0.014206,0.008962,0.013061,55.41,44.59,1.24,60.19,39.81,1.51,75.59,24.41,3.1,7394874.20248,17572032.73139,10176897.3546225,27532244.74367734,79947509.0467,22341.414,95439676.6443,26464.118,79947509.0467,22341.414,95439676.6443,26464.118
2025-07-21,3755.68,3857.82,3700.19,3760.96,25225388265.4977,8080035599,8684676844,7944134032,8394985809,0.01,0.01,0.01,0.01,0.015797,0.018604,0.009754,0.011651,0.013061,0.01472,0.00994,0.011073,55.36,44.64,1.24,60.33,39.67,1.52,72.18,27.82,2.6,10127180.3766,14621864.26927,18639384.88747,16267553.37822424,106000997.6169,28369.278,137126599.7151,36284.846,106000997.6169,28369.278,137126599.7151,36284.846
2025-07-22,3760.95,3798.58,3616.53,3746.01,29303046603.9884,8394985809,8445109704,7673601362,7802922385,0.01,0.01,0.01,0.01,0.011651,0.017409,0.009042,0.011413,0.011073,0.015292,0.009324,0.010755,58.62,41.38,1.42,62.86,37.14,1.69,70.75,29.25,2.42,13254459.62766,14341331.66234,20920195.9648733,15834136.21294512,110485045.0087,29496.15,90974288.4516,24078.306,110485045.0087,29496.15,90974288.4516,24078.306
2025-07-23,3746.02,3764.08,3526.5,3627.49,25314485202.8871,7802922385,8117926834,7279934715,7528418618,0.01,0.01,0.01,0.01,0.011413,0.016092,0.009668,0.011997,0.010755,0.012762,0.009885,0.010907,60.37,39.63,1.52,65.72,34.28,1.92,76.47,23.53,3.25,15652114.74522,5107939.79458,29186062.72104379,5849236.83079117,85382712.1372,22883.848,102686166.7996,27288.531,85382712.1372,22883.848,102686166.7996,27288.531
2025-07-24,3627.5,3772.63,3505,3706.2,28454656315.7387,7528418618,7829734728,7269321671,7626096417,0.01,0.01,0.01,0.01,0.011997,0.011997,-0.000855,0.007234,0.010907,0.010907,0.002182,0.007833,63.18,36.82,1.72,68.9,31.1,2.22,77.6,22.4,3.46,12075044.96831,9353158.68818,16303644.77022618,12782391.70465709,71396506.3175,19770.798,96275014.5478,26428.247,71396506.3175,19770.798,96275014.5478,26428.247
2025-07-25,3706.22,3746.42,3570.13,3724.17,27167844952.8134,7626096417,7753894712,7268848322,7523754167,0.01,0.01,0.001046,0.01,0.007234,0.014918,0.005702,0.012583,0.007833,0.01254,0.005062,0.010935,57.29,42.71,1.34,62.49,37.51,1.67,76.52,23.48,3.26,14909728.73647,14625847.82506,18718316.78269044,15936656.50977299,108746831.9381,29499.468,65836493.0286,17689.083,108746831.9381,29499.468,65836493.0286,17689.083
2025-07-26,3724.18,3795.2,3694.56,3740,12459303546.128,7523754167,7950405782,7499664387,7511833092,0.01,0.01,0.009303,0.009322,0.012583,0.013501,0.003812,0.010153,0.010935,0.011649,0.005435,0.009436,57.25,42.75,1.34,62.95,37.05,1.7,77.74,22.26,3.49,2647918.84573,4245050.8657,3360416.5530788,4962998.64517469,67784895.2926,18282.504,112444078.5757,30057.793,67784895.2926,18282.504,112444078.5757,30057.793
2025-07-27,3740,3878.53,3728.36,3871.47,15477659987.5359,7511833092,8168148734,7476431155,8078085481,0.009322,0.01,0.008414,0.01,0.010153,0.016763,0.005055,0.010188,0.009436,0.012581,0.007583,0.009731,55.54,44.46,1.25,61.73,38.27,1.61,77.1,22.9,3.37,3038475.12936,7670225.17646,3276207.92506971,9080657.96020349,162012252.2748,43518.098,75724313.0921,20165.933,162012252.2748,43518.098,75724313.0921,20165.933
2025-07-28,3871.48,3940.81,3751.03,3796,24112624264.1687,8078085481,8784267127,7833852143,7868309157,0.01,0.01,0.004494,0.004494,0.010188,0.013863,0.008086,0.008086,0.009731,0.011376,0.007656,0.007656,52.18,47.82,1.09,57.14,42.86,1.33,75.59,24.41,3.1,11492977.70677,9403107.87688,15566801.41491078,12016509.17401953,79103466.2565,20521.226,129245189.9479,33233.126,79103466.2565,20521.226,129245189.9479,33233.126
2025-07-29,3795.99,3885.43,3712.24,3791.55,24860084558.4843,7868309157,8185324135,7784916309,7927282693,0.004494,0.01,-0.000709,0.002488,0.008086,0.010285,-0.005036,0.005711,0.007656,0.01032,0.00286,0.004847,59.21,40.79,1.45,64.09,35.91,1.79,75.27,24.73,3.04,8363928.23259,9035332.59188,12076677.0640927,9672687.8972792,73948702.5805,19567.643,132182864.9528,34657.824,73948702.5805,19567.643,132182864.9528,34657.824
2025-07-30,3791.56,3832.61,3670,3808.67,21736654558.116,7927282693,8056962410,7588799345,7792492795,0.002488,0.006618,0.000881,0.005133,0.005711,0.007168,-0.001261,0.00518,0.004847,0.006961,0.000791,0.004395,59.85,40.15,1.49,62.71,37.29,1.68,75.76,24.24,3.13,12352624.10142,6576352.91782,16084647.19962206,7379794.10220248,84670215.6902,22423.886,118227373.9111,31055.231,84670215.6902,22423.886,118227373.9111,31055.231
2025-07-31,3808.67,3878,3682.23,3696.58,20468179655.764,7792492795,8229884449,7568499750,7624184641,0.005133,0.01,-0.00709,-0.003768,0.00518,0.007037,-0.001639,0.002902,0.004395,0.007241,-0.00353,0.001427,58.41,41.59,1.4,63.34,36.66,1.73,76.34,23.66,3.23,14251553.00792,11870673.47652,20104630.08298684,12473423.78189533,72553169.7525,19124.021,119517554.7602,31253.195,72553169.7525,19124.021,119517554.7602,31253.195
2025-08-01,3696.57,3722.9,3428.86,3486.42,33128210568.6085,7624184641,7834874855,6964136535,7036415981,-0.003768,0.007173,-0.004018,0.005787,0.002902,0.008487,-0.002095,0.003339,0.001427,0.008289,-0.001458,0.004193,62.45,37.55,1.66,65.46,34.54,1.9,76.21,23.79,3.2,23074250.58359,8436332.87533,71522117.42964457,10541976.4977047,142022100.9749,38637.298,63153907.9641,17016.191,142022100.9749,38637.298,63153907.9641,17016.191
2025-08-02,3486.41,3536.48,3366.5,3392.42,18753408357.3682,7036415981,7181450325,6730782047,6766093192,0.005787,0.0099,0.000576,0.00676,0.003339,0.007765,-0.002425,0.006196,0.004193,0.008087,-0.002486,0.006932,67.81,32.19,2.11,70.76,29.24,2.42,76.2,23.8,3.2,15978273.65433,6944962.13492,21471680.98109161,7934359.3889607,67253063.495,19368.452,75984654.7227,21700.02,67253063.495,19368.452,75984654.7227,21700.02
2025-08-03,3392.42,3520.97,3353.51,3495,11864698006.3211,6766093192,7052830541,6698753671,6945243931,0.00676,0.007752,-0.001117,0.001729,0.006196,0.007376,-0.002091,0.000271,0.006932,0.007843,-0.002021,0.000085,66.09,33.91,1.95,68.5,31.5,2.18,76.47,23.53,3.25,5870819.07429,7338807.96722,7312388.90724088,8505143.45538155,96484679.4355,28595.698,68561830.9489,20132.683,96484679.4355,28595.698,68561830.9489,20132.683
2025-08-04,3495.01,3735,3489.28,3719.42,19111591451.2516,6945243931,7464766107,6924184264,7373780909,0.001729,0.00676,-0.002231,0.000044,0.000271,0.006494,-0.006032,0.001116,0.000085,0.00578,-0.004331,0.001064,65.84,34.16,1.93,65.77,34.23,1.92,74.83,25.17,2.97,3358103.01374,8254601.31025,4267125.2727862,13499116.62407451,81923639.6382,23524.262,80507510.8006,22907.831,81923639.6382,23524.262,80507510.8006,22907.831
2025-08-05,3719.41,3720.1,3542.58,3610.19,20710841679.2089,7373780909,7373780909,6804939829,6887077147,0.000044,0.004504,-0.000866,0.002392,0.001116,0.007868,-0.004636,0.003609,0.001064,0.007521,-0.006414,0.003494,59.64,40.36,1.48,61.23,38.77,1.58,75.18,24.82,3.03,16864071.99568,9893766.23475,21275399.97256643,11085266.73396693,94577292.2624,25540.674,116512502.2181,31170.049,94577292.2624,25540.674,116512502.2181,31170.049
2025-08-06,3610.19,3697.39,3562.34,3681.21,15216139127.94,6887077147,7129903429,6780801070,7113228308,0.002392,0.00956,0.002148,0.006237,0.003609,0.009575,-0.000837,0.005024,0.003494,0.009566,-0.00027,0.005289,64.47,35.53,1.82,68.56,31.44,2.18,77.38,22.62,3.42,4780345.84913,9990685.33017,5577813.71837,11581894.21635177,81736140.9163,22730.009,83381179.5237,23001.182,81736140.9163,22730.009,83381179.5237,23001.182
2025-08-07,3681.21,3926.38,3645.78,3908.4,22547417230.0793,7113228308,8001417607,7004568471,7981804922,0.006237,0.01,0.002063,0.004194,0.005024,0.006359,-0.001003,0.003942,0.005289,0.006205,0.001017,0.003438,57.59,42.41,1.36,61.35,38.65,1.59,76.06,23.94,3.18,5823968.84445,9674777.90501,7996486.9477236,15552427.95078369,78834025.6646,21504.516,104602484.0817,28275.955,78834025.6646,21504.516,104602484.0817,28275.955
2025-08-08,3908.4,4070,3876.7,4009.05,24345064443.3658,7981804922,8973625701,7805391044,8839277487,0.004194,0.01,0.00418,0.01,0.003942,0.01375,0.00322,0.011175,0.003438,0.012329,0.001963,0.010771,50.03,49.97,1.0,54.48,45.52,1.2,75.29,24.71,3.05,5857239.14805,9093460.34388,6647901.39556733,16941053.26964288,106000327.8239,27249.762,97936368.1349,24918.187,106000327.8239,27249.762,97936368.1349,24918.187
2025-08-09,4009.04,4325.24,4005.02,4259.1,27432344872.7502,8774944345,9621949059,8760556470,9423200594,0.01,0.01,0.009707,0.009962,0.011175,0.014495,0.009054,0.012045,0.010771,0.013105,0.00953,0.01114,44.98,55.02,0.82,51.75,48.25,1.07,75.94,24.06,3.16,5214037.49743,12102776.5004,6247588.79794972,19754136.30470414,117751053.082,29487.554,66518403.8685,16527.831,117751053.082,29487.554,66518403.8685,16527.831
2025-08-10,4259.11,4331.99,4160,4248.77,20053337846.2254,9386411470,9582182595,8982816107,9145812452,0.009962,0.01,0.006671,0.008873,0.012045,0.013016,0.008893,0.011035,0.01114,0.011593,0.009135,0.010328,47.62,52.38,0.91,52.25,47.75,1.09,74.7,25.3,2.95,11326951.38648,7097111.72753,15314798.68349434,8161885.17695226,135280524.6889,31922.554,79511474.9705,18579.39,135280524.6889,31922.554,79511474.9705,18579.39
2025-08-11,4248.77,4370,4164.23,4221.31,31097468670.3782,9138359359,9620807110,8844345742,8979732405,0.008873,0.01,0.003659,0.003659,0.011035,0.013478,0.007271,0.007271,0.010328,0.01177,0.007194,0.007194,50.02,49.98,1.0,57.12,42.88,1.33,76.35,23.65,3.23,11205433.70418,15027654.7337,14652121.24641183,19262225.14541203,72230760.7215,17065.747,95239892.234,22320.625,72230760.7215,17065.747,95239892.234,22320.625
2025-08-12,4221.31,4640,4216.61,4589.31,37479925696.0802,8979732405,10694593937,8979732405,10529771931,0.003659,0.01,0.00262,0.01,0.007271,0.011185,0.004526,0.009145,0.007194,0.010386,0.00536,0.009167,49.11,50.89,0.97,54.93,45.07,1.22,77.09,22.91,3.37,12178096.00703,14886948.45381,14056342.55267821,24781629.13165713,98163527.1128,23373.643,112496467.3107,26502.68,98163527.1128,23373.643,112496467.3107,26502.68
2025-08-13,4589.31,4783.62,4562.59,4748.37,37237158154.9917,10529771931,11141470823,10385277230,10838759439,0.01,0.01,0.01,0.01,0.009145,0.01615,0.008793,0.010538,0.009167,0.013077,0.008937,0.010031,45.86,54.14,0.85,49.82,50.18,0.99,76.09,23.91,3.18,9178240.58004,17977929.72921,11801663.0858008,23584690.66340835,106762820.5619,23364.318,77633658.9111,16847.214,106762820.5619,23364.318,77633658.9111,16847.214
2025-08-14,4748.36,4794,4451,4545.26,48290602812.072,10838759439,11131920186,9771045245,9971743915,0.01,0.01,0.01,0.01,0.010538,0.016975,0.00938,0.009685,0.010031,0.01362,0.00971,0.009822,48.69,51.31,0.95,54.01,45.99,1.17,77.18,22.82,3.38,26041679.73795,15644661.96916,37185724.87866242,19457217.38700764,99963402.7218,21151.502,100657178.8003,21085.059,99963402.7218,21151.502,100657178.8003,21085.059
2025-08-15,4545.25,4670.23,4364,4437.16,33482641888.0156,9971743915,10382963508,9328970848,9389501524,0.01,0.01,0.002819,0.005967,0.009685,0.009984,0.004531,0.006834,0.009822,0.010039,0.005112,0.007086,53.66,46.34,1.16,60.79,39.21,1.55,79.53,20.47,3.89,17353751.6079,8897011.0206,25774316.7377445,10295832.61021442,74482442.0215,16452.393,93841549.1339,20535.518,74482442.0215,16452.393,93841549.1339,20535.518
2025-08-16,4437.15,4488.33,4370,4420.22,14093828708.4378,9389501524,9819576642,9367196876,9753802903,0.005967,0.009763,0.000059,0.004669,0.006834,0.008488,0.001418,0.006008,0.007086,0.008631,0.001506,0.005324,60.04,39.96,1.5,63.44,36.56,1.74,79.14,20.86,3.79,6290140.96037,2233499.90532,7152062.34065,3058525.94907,78976561.9307,17873.575,68620223.0182,15402.579,78976561.9307,17873.575,68620223.0182,15402.579
2025-08-17,4420.22,4574.95,4392.45,4470.66,18645538893.3405,9753802903,10077157269,9699034151,9765563804,0.004669,0.005561,-0.001178,0.00062,0.006008,0.007372,0.001843,0.005834,0.005324,0.006692,0.000627,0.00499,60.43,39.57,1.53,62.56,37.44,1.67,75.71,24.29,3.12,6945440.79438,5277131.97985,7964402.07165,6646276.41097595,112448287.9355,25572.207,107938291.5406,24299.862,112448287.9355,25572.207,107938291.5406,24299.862
2025-08-18,4470.66,4480,4224.1,4311.73,35575705217.6861,9765563804,9791117877,8912968088,9224618289,0.00062,0.01,0.00062,0.01,0.005834,0.009501,0.002918,0.008672,0.00499,0.00953,0.00499,0.008753,59.42,40.58,1.46,61.72,38.28,1.61,74.43,25.57,2.91,15077052.63928,7626434.65337,23966068.82085584,14964371.22579148,103526560.8595,23279.555,74884089.3083,16701.088,103526560.8595,23279.555,74884089.3083,16701.088
2025-08-19,4311.72,4354.22,4064.96,4073.94,32204766131.4983,9224618289,9753778238,9098963792,9174474097,0.01,0.01,0.01,0.01,0.008672,0.010364,0.005982,0.009451,0.008753,0.010202,0.006848,0.009565,62.52,37.48,1.67,66.25,33.75,1.96,78.1,21.9,3.57,21460926.73921,7382704.7606,31986105.56490448,8952961.76013,106422144.8285,24790.097,65924091.4605,15234.686,106422144.8285,24790.097,65924091.4605,15234.686
2025-08-20,4073.93,4376.13,4060,4334.5,32382201723.7372,9174474097,9592069269,9026999752,9512398926,0.01,0.01,0.000236,0.00618,0.009451,0.010147,0.003538,0.006083,0.009565,0.010087,0.003067,0.005193,68.2,31.8,2.15,71.67,28.33,2.53,79.67,20.33,3.92,10064918.95698,17755865.33672,12346385.87613,20743359.04763618,210446154.2491,51954.745,200214768.0578,48875.636,210446154.2491,51954.745,200214768.0578,48875.636
2025-08-21,4334.5,4338.94,4202,4223.7,21078544746.6036,9512398926,9559932710,9026820066,9065721940,0.00618,0.01,0.000741,0.006357,0.006083,0.009148,0.004609,0.008899,0.005193,0.009032,0.003469,0.008784,60.59,39.41,1.54,62.63,37.37,1.68,79.37,20.63,3.85,12452904.72637,7491042.69988,14739899.01177499,8605680.9554258,102437928.5531,23736.995,81741219.8783,18782.538,102437928.5531,23736.995,81741219.8783,18782.538
2025-08-22,4223.69,4888.49,4206,4830.37,53324269922.4346,9065721940,11318754645,9065721940,11228914545,0.006357,0.01,0.004767,0.01,0.008899,0.01447,0.005023,0.011855,0.008784,0.012092,0.004158,0.010997,65.41,34.59,1.89,69.25,30.75,2.25,80.09,19.91,4.02,14271303.98808,25517038.97874,17352487.03553064,34681520.98822391,126356631.1364,30067.687,79301722.9536,18702.36,126356631.1364,30067.687,79301722.9536,18702.36
2025-08-23,4830.36,4830.37,4662.25,4777.26,18929643178.3639,11228914545,11269331705,10950396471,11139404974,0.01,0.01,0.01,0.01,0.011855,0.01414,0.008599,0.012125,0.010997,0.012091,0.008785,0.009838,50.61,49.39,1.03,53.98,46.02,1.17,78.68,21.32,3.69,9411544.44176,5655123.98738,11705487.658129,6730555.94487492,130474450.7064,30573.455,136236626.4071,31663.852,130474450.7064,30573.455,136236626.4071,31663.852
2025-08-24,4777.25,4957.67,4702.47,4778.32,30592940077.521,11139404974,11700272992,10718969366,10845705564,0.01,0.01,0.004939,0.00496,0.012125,0.013095,0.005931,0.006744,0.009838,0.011262,0.006919,0.006921,51.92,48.08,1.08,59.55,40.45,1.47,80.32,19.68,4.08,9781328.33491,14429875.30777,26577156.85961897,17050340.57993306,126312758.2372,26540.758,124153600.8021,25884.931,126312758.2372,26540.758,124153600.8021,25884.931
2025-08-25,4778.33,4796.8,4331.15,4374.25,41532048258.9853,10845705564,10881477528,9237948313,9281078073,0.00496,0.008238,-0.000864,-0.000722,0.006744,0.0088,0.003239,0.003664,0.006921,0.009071,0.002936,0.00335,51.94,48.06,1.08,58.13,41.87,1.39,78.96,21.04,3.75,31451679.33235,10959387.51288,50435273.05742116,11642570.78751,104688480.1869,21991.487,304767000.2553,63334.253,104688480.1869,21991.487,304767000.2553,63334.253
2025-08-26,4374.25,4632.92,4310,4598.49,30588993579.1207,9281078073,9701074131,9158361744,9439216818,-0.000722,0.004835,-0.006376,-0.000819,0.003664,0.008365,-0.004584,0.000726,0.00335,0.005964,-0.005169,-0.001588,64.96,35.04,1.85,69.15,30.85,2.24,78.82,21.18,3.72,8363346.00599,12981476.43338,10794729.14663535,16368867.67515641,84819997.4363,19469.034,92924423.885,21149.919,84819997.4363,19469.034,92924423.885,21149.919
2025-08-27,4598.5,4662.5,4479.01,4504.84,26459755847.1306,9439216818,9703167031,9025095855,9069212825,-0.000819,0.007019,-0.000819,0.005936,0.000726,0.006109,-0.002648,0.005217,-0.001588,0.006048,-0.005177,0.005021,60.18,39.82,1.51,60.73,39.27,1.55,77.06,22.94,3.36,10794743.73171,9009064.7034,16111445.3330063,10735788.57424987,106121170.1895,23182.16,129815137.5397,28099.659,106121170.1895,23182.16,129815137.5397,28099.659
2025-08-28,4504.86,4633.12,4425,4509.1,20065002468.2551,9069212825,9401755792,8895886060,9051171662,0.005936,0.008852,-0.00047,0.001663,0.005217,0.008619,0.000775,0.003045,0.005021,0.008928,-0.000615,0.003248,60.09,39.91,1.51,63.89,36.11,1.77,78.35,21.65,3.62,8604515.73734,7876726.45781,15499375.36234767,9730475.89352,113034213.084,25217.551,90166866.8446,19946.755,113034213.084,25217.551,90166866.8446,19946.755
2025-08-29,4509.1,4514.66,4264.29,4358.65,27103934691.0922,9051171662,9056924273,8622873969,8765699583,0.001663,0.007822,-0.000877,0.00418,0.003045,0.008338,-0.008454,0.006266,0.003248,0.008495,-0.011456,0.005915,65.56,34.44,1.9,67.2,32.8,2.05,77.66,22.34,3.48,12411971.14616,9659714.80599,20312916.58139302,10335985.47360769,103921462.7173,23133.084,124381646.326,27473.041,103921462.7173,23133.084,124381646.326,27473.041
2025-08-30,4358.65,4414.45,4254.97,4372,12802292130.9103,8765699583,8883580505,8409199966,8750927398,0.00418,0.006506,-0.002648,-0.001331,0.006266,0.008177,-0.002867,0.004123,0.005915,0.008119,-0.003418,0.003441,67.5,32.5,2.08,69.8,30.2,2.31,76.62,23.38,3.28,5548510.13838,3152688.379,6400719.5201115,4071939.90654,102706705.1109,23654.052,120237318.8876,27460.232,102706705.1109,23654.052,120237318.8876,27460.232
2025-08-31,4372,4498,4370.33,4389.58,14051521734.8757,8750927398,9129649295,8727497216,8739271689,-0.001331,0.006663,-0.003223,-0.002118,0.004123,0.00685,-0.003165,0.001981,0.003441,0.006155,-0.004194,0.000007,66.74,33.26,2.01,68.34,31.66,2.16,76.68,23.32,3.29,8262441.77596,4110091.55948,9141277.482252,4784424.14195055,86469825.8406,19853.022,114631599.8343,26116.058,86469825.8406,19853.022,114631599.8343,26116.058
2025-09-01,4389.59,4490,4205.49,4313,23773814168.7698,8739271689,9000716148,8423326720,8688164748,-0.002118,0.003146,-0.007981,0.000337,0.001981,0.006775,-0.000184,0.002146,0.000007,0.006484,-0.001607,0.001739,62.99,37.01,1.7,65.62,34.38,1.91,76.45,23.55,3.25,13493469.21286,18165842.85706,19199038.29647931,19736266.91689664,108765089.8925,24892.58,91833543.9012,20843.658,108765089.8925,24892.58,91833543.9012,20843.658
2025-09-02,4313,4414.73,4254.33,4324.59,22047969843.9194,8688164748,8838638867,8513300150,8627019824,0.000337,0.008977,-0.001383,0.001759,0.002146,0.008052,0.000987,0.004986,0.001739,0.008056,0.000405,0.004015,68.2,31.8,2.15,69.61,30.39,2.29,76.32,23.68,3.22,11429108.14597,8527121.47859,12879614.1620865,9989250.61814089,81953456.9828,19060.387,89611757.191,20677.191,81953456.9828,19060.387,89611757.191,20677.191
2025-09-03,4324.58,4488.36,4281,4448.22,17044100462.8443,8627019824,8914037005,8499121199,8836725747,0.001759,0.003647,-0.003057,0.002274,0.004986,0.006543,0.000339,0.004072,0.004015,0.006316,-0.001434,0.002789,68.89,31.11,2.21,69.72,30.28,2.3,77.08,22.92,3.36,3747277.28059,7381658.19128,3995601.70169,8645153.24591222,87572585.6418,20335.702,90301775.87,20794.55,87572585.6418,20335.702,90301775.87,20794.55
2025-09-04,4448.22,4480.99,4263,4295.68,21342591138.8098,8836725747,8885431305,8370633540,8506712925,0.002274,0.004752,-0.009878,-0.00554,0.004072,0.007824,0.001082,0.001082,0.002789,0.007454,-0.000172,-0.000172,57.59,42.41,1.36,61.34,38.66,1.59,74.73,25.27,2.96,11471229.16089,4669888.25633,15353476.53219996,5771186.48862,121521657.1238,27441.55,100021523.9769,22385.087,121521657.1238,27441.55,100021523.9769,22385.087
2025-09-05,4295.68,4494.45,4252.47,4305.71,27573992490.2863,8506712925,8755149586,8294603235,8370734785,-0.00554,0.01,-0.00822,-0.002104,0.001082,0.008968,-0.006941,0.003232,-0.000172,0.008838,-0.010663,0.002054,71.49,28.51,2.51,73.32,26.68,2.75,75.7,24.3,3.12,10403082.21838,5245845.57342,13238788.62164998,7041506.51906,127594676.5641,29857.675,81091857.8392,18812.317,127594676.5641,29857.675,81091857.8392,18812.317
2025-09-06,4305.71,4327,4220,4271.69,9195378105.6785,8370734785,8545780414,8296988148,8446501736,-0.002104,0.005949,-0.002104,0.005949,0.003232,0.008263,0.000753,0.006929,0.002054,0.007966,0.00105,0.006648,71.03,28.97,2.45,71.39,28.61,2.5,75.56,24.44,3.09,3071990.3507,816611.96164,3541187.86174063,911612.5388,134888971.6253,31491.539,77621396.4552,17959.963,134888971.6253,31491.539,77621396.4552,17959.963
2025-09-07,4271.68,4336.05,4267.44,4303.84,7351406416.1129,8446501736,8583477411,8445746049,8504101254,0.005949,0.009592,0.000444,0.002547,0.006929,0.009024,0.004773,0.006514,0.006648,0.008725,0.004288,0.00621,71.59,28.41,2.52,72.27,27.73,2.61,75.64,24.36,3.11,3370209.51685,3379224.67358,3505998.55425391,3519913.89475106,119747984.541,28169.703,128138936.017,29861.664,119747984.541,28169.703,128138936.017,29861.664
2025-09-08,4303.83,4382.75,4276.21,4303.98,15321658346.2532,8504101254,8756511764,8410695284,8511042890,0.002547,0.009457,0.001272,0.004706,0.006514,0.034436,0.002386,0.007911,0.00621,0.032198,0.003289,0.007772,71.47,28.53,2.51,71.66,28.34,2.53,75.61,24.39,3.1,7525816.31409,5310837.82869,8924413.34139507,6281233.0362088,130723529.4191,30515.147,88258501.8208,20418.325,130723529.4191,30515.147,88258501.8208,20418.325
2025-09-09,4303.97,4380.77,4275,4308.4,15133272108.3696,8511042890,8810987130,8404161347,8768678747,0.004706,0.01,0.002971,0.006114,0.007911,0.009605,0.006126,0.008691,0.007772,0.009532,0.005287,0.008648,71.31,28.69,2.49,72.55,27.45,2.64,77.6,22.4,3.46,7811387.60926,3245602.68359,8598796.44577792,3949671.40540464,174568764.5658,40756.591,87582449.9896,20262.932,174568764.5658,40756.591,87582449.9896,20262.932
2025-09-10,4308.41,4453.56,4283,4347.83,19320820620.5273,8768678747,8864089589,8365788715,8467120755,0.006114,0.01,0.00098,0.001286,0.008691,0.009628,0.004147,0.004658,0.008648,0.009737,0.003464,0.004149,73.43,26.57,2.76,74.49,25.51,2.92,77.01,22.99,3.35,8262837.16801,5143614.52462,10423480.39730125,7291961.6975476,168456963.8364,39309.908,128740859.5804,29744.683,168456963.8364,39309.908,128740859.5804,29744.683
2025-09-11,4347.83,4483.44,4328.88,4456.86,18709241147.354,8467120755,9064822110,8448298690,9014152515,0.001286,0.01,0.001267,0.004873,0.004658,0.010029,0.004658,0.006534,0.004149,0.00958,0.004149,0.006476,69.35,30.65,2.26,71.56,28.44,2.52,78.5,21.5,3.65,3669804.03459,7317093.70253,4562399.64471337,8341429.03469634,126216747.6769,29175.202,106276078.0811,24350.854,126216747.6769,29175.202,106276078.0811,24350.854
2025-09-12,4456.87,4750,4448.35,4710.83,22044074631.0125,9014152515,9797805897,8993474596,9797805897,0.004873,0.01,0.004629,0.01,0.006534,0.009917,0.004244,0.007199,0.006476,0.01,0.004401,0.006563,60.85,39.15,1.55,64.66,35.34,1.83,77.49,22.51,3.44,5154515.05767,18330681.94545,5438038.72232667,21636354.67564861,135157032.4864,30425.553,192162582.8403,42889.43,135157032.4864,30425.553,192162582.8403,42889.43
2025-09-13,4710.82,4768,4603,4664.74,14859966362.6242,9797805897,9982429692,9199995278,9214989097,0.01,0.01,-0.00088,0.000352,0.007199,0.011177,0.007151,0.007475,0.006563,0.010723,0.006563,0.006997,56.87,43.13,1.32,59.65,40.35,1.48,76.95,23.05,3.34,10250853.33055,4842142.91047,11766549.56164742,5475030.10576918,97490266.1583,20773.412,92987282.603,19644.578,97490266.1583,20773.412,92987282.603,19644.578
2025-09-14,4664.74,4691.3,4575,4602,11619093258.0183,9214989097,9272220404,9110438926,9150690001,0.000352,0.01,0.000352,0.007416,0.007475,0.010887,0.007475,0.009777,0.006997,0.010619,0.006997,0.009575,59.8,40.2,1.49,65.5,34.5,1.9,77.81,22.19,3.51,11510023.65264,14964848.27003,13969744.73382267,15135891.76489137,97509685.8123,20972.823,108532567.0483,23170.706,97509685.8123,20972.823,108532567.0483,23170.706
2025-09-15,4602,4668,4463,4521.54,18980526004.8178,9150690001,9422163798,8805079486,8979534036,0.007416,0.009976,0.001948,0.004558,0.009777,0.010334,0.006235,0.008054,0.009575,0.009955,0.006258,0.007815,60.8,39.2,1.55,65.76,34.24,1.92,78.51,21.49,3.65,10853299.30868,5225440.25642,21416887.70925968,5515408.46609768,155870674.385,34041.132,103418035.3323,22373.459,155870674.385,34041.132,103418035.3323,22373.459
2025-09-16,4521.54,4536.31,4421.01,4499.41,13940782705.7179,8979534036,9011315139,8699109577,8743743102,0.004558,0.006094,0.000626,0.002388,0.008054,0.008946,0.001749,0.00502,0.007815,0.008085,0.000317,0.002915,67.58,32.42,2.09,70.77,29.23,2.42,79.32,20.68,3.84,6370311.31195,3142111.15903,7752038.74520002,3613236.96838793,91661419.2527,20356.085,136344532.0747,30021.392,91661419.2527,20356.085,136344532.0747,30021.392
2025-09-17,4499.41,4615.26,4404.08,4588.3,23070604666.5683,8743743102,8944527597,8549782323,8911153383,0.002388,0.006636,0.000936,0.005114,0.00502,0.007816,0.002988,0.005873,0.002915,0.00742,0.00144,0.004431,70.01,29.99,2.33,72.43,27.57,2.63,78.88,21.12,3.74,10809539.23652,11427620.93402,12666320.2609938,13463867.97264,115806753.6473,25846.057,100591045.8537,22257.837,115806753.6473,25846.057,100591045.8537,22257.837
2025-09-18,4588.31,4642.6,4551.75,4585.31,13458737339.6565,8911153383,9063580005,8720108687,8747060244,0.005114,0.006022,0.000929,0.005745,0.005873,0.00766,0.003457,0.006674,0.004431,0.006913,0.001982,0.005507,67.0,33.0,2.03,69.8,30.2,2.31,79.17,20.83,3.8,10104039.25401,7194011.39795,11925975.15559,8123599.32015222,106925058.6269,23393.734,119079467.4188,25841.639,106925058.6269,23393.734,119079467.4188,25841.639
2025-09-19,4585.32,4619.5,4433,4466.49,15390388718.2385,8747060244,9146081815,8747060244,9074278675,0.005745,0.007724,-0.006466,-0.004366,0.006674,0.007519,-0.00069,0.004088,0.005507,0.006446,-0.001964,0.002344,64.27,35.73,1.8,68.81,31.19,2.21,78.6,21.4,3.67,24228038.69354,2120995.66682,27798916.07337018,2174357.2635,169367910.2044,37054.578,111629943.7557,24234.89,169367910.2044,37054.578,111629943.7557,24234.89
2025-09-20,4466.48,4506.75,4451.62,4478.27,5418567185.7191,9074278675,9117380723,9001227296,9006620395,-0.004366,0.004435,-0.00545,-0.002388,0.004088,0.005959,0.002104,0.002704,0.002344,0.005174,0.00033,0.001306,71.23,28.77,2.48,73.84,26.16,2.82,73.61,26.39,2.79,1940974.72109,1053894.87196,2301359.65257,1246653.33395,278075355.0356,62517.896,122074857.0523,27221.938,278075355.0356,62517.896,122074857.0523,27221.938
2025-09-21,4478.26,4497.01,4440.01,4443.01,6106266735.7035,9006620395,9154604930,8994629707,9033034638,-0.002388,0.006737,-0.002388,-0.002019,0.002704,0.008505,0.002704,0.003593,0.001306,0.0083,0.001306,0.002531,70.37,29.63,2.38,71.64,28.36,2.53,73.24,26.76,2.74,5192841.87051,1624985.61714,5781163.35343845,1712629.20983,157464057.8272,35315.968,118019460.49,26238.107,157464057.8272,35315.968,118019460.49,26238.107
2025-09-22,4443,4454.01,4000.88,4196.86,25133140580.7444,9033034638,9052967041,7970326118,8022133887,-0.002019,0.0023,-0.00883,-0.000193,0.003593,0.005906,-0.006612,-0.001811,0.002531,0.004583,-0.008949,-0.003519,70.95,29.05,2.44,72.5,27.5,2.64,72.36,27.64,2.62,27149236.85952,5864853.83361,48416716.53587975,7886871.3734838,197760886.1355,44738.555,78664099.813,17640.527,197760886.1355,44738.555,78664099.813,17640.527
2025-09-23,4196.87,4230.06,4112.43,4162.25,14583116141.5809,8022133887,8100013268,7855789866,7889060207,-0.000193,0.006877,-0.002711,0.000978,-0.001811,0.005667,-0.00337,0.005075,-0.003519,0.004914,-0.005267,0.004192,70.52,29.48,2.39,73.26,26.74,2.74,76.06,23.94,3.18,10141138.4897,4752458.12394,11615608.82077154,5615192.2195545,72510835.6117,17345.417,114332987.9893,27120.119,72510835.6117,17345.417,114332987.9893,27120.119
2025-09-24,4162.25,4204.99,4070,4150.51,12666607882.5955,7889060207,8139866453,7855380574,8068508807,0.000978,0.002373,-0.00917,-0.008658,0.005075,0.005252,-0.004176,-0.002319,0.004192,0.004418,-0.006432,-0.004539,71.4,28.6,2.5,72.79,27.21,2.68,74.45,25.55,2.91,5079364.32122,3400320.29553,6812031.80248561,4108892.21614,103811329.9922,25047.068,89313503.8813,21362.007,103811329.9922,25047.068,89313503.8813,21362.007
2025-09-25,4150.51,4158.95,3822,3873.1,32437052796.8854,8068508807,8161838782,7584202000,7726104555,-0.008658,0.01,-0.012507,0.008941,-0.002319,0.005734,-0.002944,-0.000524,-0.004539,0.004573,-0.005017,-0.001911,72.29,27.71,2.61,73.33,26.67,2.75,70.65,29.35,2.41,20951671.80351,12596323.0414,36062484.51982881,13963075.70419418,109530713.8481,26515.84,105069048.453,25202.268,109530713.8481,26515.84,105069048.453,25202.268
2025-09-26,3873.1,4066.39,3866,4030.17,18707133929.1811,7726104555,7982073165,7488799993,7695021097,0.008941,0.01,-0.004288,-0.001588,-0.000524,0.006478,-0.00572,-0.002496,-0.001911,0.005958,-0.005921,-0.003789,72.82,27.18,2.68,75.79,24.21,3.13,77.08,22.92,3.36,6641644.94515,10153990.63868,7230753.95174,12062560.409968,95174431.5248,24693.098,70088992.0207,18029.839,95174431.5248,24693.098,70088992.0207,18029.839
2025-09-27,4030.17,4038.62,3971.45,4017.01,7063334346.0548,7695021097,7816979912,7550246300,7690784990,-0.001588,0.01,-0.001687,0.007974,-0.002496,0.00877,-0.002496,0.008302,-0.003789,0.00838,-0.003789,0.007967,68.9,31.1,2.22,70.17,29.83,2.35,73.28,26.72,2.74,3794103.50168,3876426.75041,4393931.64714314,4389318.52362,99838864.349,24874.764,97128608.645,23997.789,99838864.349,24874.764,97128608.645,23997.789
2025-09-28,4017.01,4143.05,3963.1,4139.55,10149858369.6896,7690784990,7934589593,7554017999,7931763444,0.007974,0.009707,0.002326,0.00352,0.008302,0.008302,-0.001359,-0.000135,0.007967,0.007967,-0.001017,-0.001017,69.03,30.97,2.23,71.92,28.08,2.56,74.2,25.8,2.88,2279503.3796,5710328.63947,2526971.19381727,8261039.32355548,105745817.9696,26444.68,131526057.3818,32600.838,105745817.9696,26444.68,131526057.3818,32600.838
2025-09-29,4139.54,4234.27,4080,4212.98,15689589582.503,7931763444,8111458704,7751842389,7766348078,0.00352,0.004121,-0.007719,0.000916,-0.000135,0.005871,-0.001886,0.001152,-0.001017,0.005449,-0.00263,0.000797,68.84,31.16,2.21,70.64,29.36,2.41,74.69,25.31,2.95,4799622.55062,8592432.50412,5523565.66009175,10489002.12226706,73877588.6907,17896.602,154997698.2203,37269.799,73877588.6907,17896.602,154997698.2203,37269.799
2025-09-30,4212.99,4246.87,4091,4142.75,15345887131.2693,7766348078,7873607571,7480564920,7572287854,0.000916,0.007902,-0.006144,-0.001497,0.001152,0.009475,-0.002082,0.00624,0.000797,0.008318,-0.001636,0.004449,64.7,35.3,1.83,67.46,32.54,2.07,74.17,25.83,2.87,16578832.08023,7043080.55386,19629224.58817061,7544295.34091578,98164876.9216,23386.393,112698638.2349,26622.065,98164876.9216,23386.393,112698638.2349,26622.065
2025-10-01,4142.74,4356.07,4120.61,4345.85,18780119147.954,7572287854,8270325825,7517528909,8222743821,-0.001497,0.007481,-0.006032,0.001487,0.00624,0.007685,-0.002921,0.002319,0.004449,0.006661,-0.001169,0.002236,67.86,32.14,2.11,71.26,28.74,2.48,73.53,26.47,2.78,5442569.27249,23201363.57428,5799154.5420135,26077053.64501,105279815.3833,25524.508,74377648.0217,17888.923,105279815.3833,25524.508,74377648.0217,17888.923
2025-10-02,4345.84,4516.65,4330.11,4481.7,19726051761.8581,8222743821,8917977821,8178875752,8852355238,0.001487,0.005292,-0.002625,0.001383,0.002319,0.008406,0.001044,0.001044,0.002236,0.008024,0.001761,0.001761,62.57,37.43,1.67,64.65,35.35,1.83,69.98,30.02,2.33,5527953.74451,12515215.75288,6126399.2033419,16234568.72653053,79350643.7504,18321.027,105215766.6528,24099.44,79350643.7504,18321.027,105215766.6528,24099.44
2025-10-03,4481.7,4590.83,4426,4511.11,19770301080.4845,8852355238,9066549362,8733737941,8825054410,0.001383,0.009737,0.000069,0.005555,0.001044,0.009054,-0.00075,0.004318,0.001761,0.00962,-0.000047,0.004933,61.14,38.86,1.57,64.69,35.31,1.83,69.57,30.43,2.29,7328843.65566,7881739.66984,8522655.33885365,13665242.89061792,86706650.3356,19424.974,89731211.0207,19939.699,86706650.3356,19424.974,89731211.0207,19939.699
2025-10-04,4511.12,4515.8,4438,4484.79,8409505530.0117,8825054410,8896180196,8753223366,8832676468,0.005555,0.008274,-0.000522,0.005793,0.004318,0.007925,0.002203,0.007311,0.004933,0.008447,0.001726,0.007574,61.08,38.92,1.57,65.37,34.63,1.89,69.62,30.38,2.29,4139669.79573,2134283.18327,4657248.23320256,2192622.40303879,102171422.0268,22742.113,84245784.6778,18592.64,102171422.0268,22742.113,84245784.6778,18592.64
2025-10-05,4484.79,4618.44,4465.01,4512.34,15782862132.1921,8832676468,9240564142,8719973988,9041318976,0.005793,0.01,0.005516,0.007928,0.007311,0.009421,0.005258,0.006782,0.007574,0.009782,0.005394,0.005913,60.82,39.18,1.55,65.68,34.32,1.91,69.11,30.89,2.24,7289241.32482,5334441.82999,8407942.02124241,6536342.67504,86271035.4515,19319.605,118845481.4285,26386.275,86271035.4515,19319.605,118845481.4285,26386.275
2025-10-06,4512.35,4734.99,4486.05,4682.43,18340475423.3739,9041318976,9648298995,8981230341,9442630826,0.007928,0.01,0.006858,0.01,0.006782,0.009919,0.002879,0.008509,0.005913,0.011348,0.004727,0.010574,61.42,38.58,1.59,65.03,34.97,1.86,67.78,32.22,2.1,5745194.43351,13272838.42947,6058126.8173448,15757190.20461,94866224.4984,21105.648,108579910.2383,23963.552,94866224.4984,21105.648,108579910.2383,23963.552
2025-10-07,4682.42,4754,4422.44,4445.76,27299945524.5586,9442630826,9746932923,8637781071,8639576628,0.01,0.01,0.000764,0.001254,0.008509,0.009918,0.006198,0.006203,0.010574,0.010584,0.004381,0.004553,56.22,43.78,1.28,59.82,40.18,1.49,67.74,32.26,2.1,18521182.69694,7533234.91258,24092332.96772271,9847860.83510025,139254029.5831,29870.339,83763757.2991,17820.755,139254029.5831,29870.339,83763757.2991,17820.755
2025-10-08,4445.77,4556.75,4408.69,4523.67,16809580649.4958,8639576628,8796518484,8551870556,8648457163,0.001254,0.01,-0.000639,0.003675,0.006203,0.007809,0.00046,0.005505,0.004553,0.007627,0.00023,0.00485,63.89,36.11,1.77,68.58,31.42,2.18,69.36,30.64,2.26,6331680.86987,11421522.48771,8314371.92192456,16472345.3041,117945151.7279,26656.046,74739372.79,16754.227,117945151.7279,26656.046,74739372.79,16754.227
2025-10-09,4523.66,4529.15,4262.55,4365.83,22248620464.7587,8648457163,8650747208,8273294846,8372313785,0.003675,0.009126,-0.002375,0.002595,0.005505,0.009477,0.001986,0.006194,0.00485,0.00822,0.00124,0.004662,63.33,36.67,1.73,65.33,34.67,1.88,68.6,31.4,2.19,18143123.55052,5853991.92295,22900006.71145873,6569955.259,93977464.1625,20869.016,145995035.145,32114.643,93977464.1625,20869.016,145995035.145,32114.643
2025-10-10,4365.83,4392,3400,3819.99,47554522543.2203,8372313785,8516540298,5256482212,5348081568,0.002595,0.01,-0.02556,0.01,0.006194,0.00678,-0.098717,-0.049715,0.004662,0.006835,-0.101207,-0.056906,67.51,32.49,2.08,71.87,28.13,2.56,69.03,30.97,2.23,159933973.47481,121248411.30542,248950757.3097653,296722436.6349372,71879688.1467,16513.712,126738277.9123,28900.762,71879688.1467,16513.712,126738277.9123,28900.762
2025-10-11,3820,3874.28,3640,3744.99,19726303448.8164,5348081568,5577694068,5204833539,5270152194,0.01,0.01,-0.016532,-0.006987,-0.049715,0.000467,-0.049715,-0.003642,-0.056906,-0.001161,-0.056906,-0.004091,68.91,31.09,2.22,74.39,25.61,2.91,73.53,26.47,2.78,26527110.88818,12174226.40533,31092074.82087351,14644025.18193612,34371348.9065,9043.118,33896507.8458,8840.166,34371348.9065,9043.118,33896507.8458,8840.166
2025-10-12,3744.99,4200,3692.96,4149.99,37481575796.3071,5270152194,6054822080,5157014459,5985646414,-0.006987,0.005441,-0.012002,-0.002591,-0.003642,0.001064,-0.025162,-0.005466,-0.004091,0.001897,-0.020874,-0.005711,70.35,29.65,2.37,73.25,26.75,2.74,71.51,28.49,2.51,11355096.89888,19451673.97097,13722747.31587748,37425720.88753538,55815503.6662,14944.003,54279975.7118,14447.076,55815503.6662,14944.003,54279975.7118,14447.076
2025-10-13,4150,4293.03,4034.12,4239.7,32690514221.8538,5985646414,6202983243,5778526527,6063712913,-0.002591,0.006066,-0.004794,0.005557,-0.005466,0.005862,-0.008293,0.003154,-0.005711,0.004725,-0.008682,0.002915,68.24,31.76,2.15,69.03,30.97,2.23,71.82,28.18,2.55,10645597.94957,10382690.44886,12496844.77641744,12159354.95272097,64684601.8619,15648.159,59063277.042,14175.696,64684601.8619,15648.159,59063277.042,14175.696
2025-10-14,4239.7,4262,3885.09,4123.05,33752402504.3914,6063712913,6097409015,5659948229,5740003420,0.005557,0.008434,0.000023,0.00142,0.003154,0.006957,-0.000397,0.005583,0.002915,0.006181,-0.002588,0.004774,63.69,36.31,1.75,67.37,32.63,2.07,74.08,25.92,2.86,16865256.87447,28312765.30416,24498401.63544876,30191270.06718,72569911.2693,17177.614,64867980.896,15250.521,72569911.2693,17177.614,64867980.896,15250.521
2025-10-15,4123.06,4216.12,3925,3983.81,21819043559.126,5740003420,6169366873,5709851514,5767365581,0.00142,0.007512,-0.000536,-0.000491,0.005583,0.008662,-0.000506,0.001618,0.004774,0.008261,-0.002505,0.000152,67.5,32.5,2.08,71.73,28.27,2.54,73.24,26.76,2.74,14156366.59962,6567618.13449,17368126.91283234,8922715.62490699,61436305.0437,14956.309,73153954.8098,17670.783,61436305.0437,14956.309,73153954.8098,17670.783
2025-10-16,3983.8,4089.34,3822.5,3892.02,22709225908.6176,5767365581,5995745148,5572114908,5677796956,-0.000491,0.007114,-0.002728,0.003415,0.001618,0.006673,-0.008813,0.005815,0.000152,0.005734,-0.008507,0.004203,71.92,28.08,2.56,74.91,25.09,2.99,71.13,28.87,2.46,14751217.46051,9049136.94666,18486568.85941234,10254980.92835,58743841.5736,14793.296,62012667.9912,15512.856,58743841.5736,14793.296,62012667.9912,15512.856
2025-10-17,3892.01,3948.06,3671,3829.99,25224292588.0421,5677796956,5765433335,5386583681,5602488656,0.003415,0.007153,-0.001453,0.001423,0.005815,0.007438,-0.001994,0.002155,0.004203,0.006638,-0.003966,0.000091,74.48,25.52,2.92,76.93,23.07,3.34,70.53,29.47,2.39,19126859.2503,14414952.63898,23939806.57701611,16918502.66099,53532690.237,13800.801,82748738.5199,21174.658,53532690.237,13800.801,82748738.5199,21174.658
2025-10-18,3830,3926,3817.21,3887.01,7509885924.4442,5602488656,5752072019,5582982961,5696055367,0.001423,0.009998,-0.000914,0.006239,0.002155,0.008543,-0.001423,0.006353,0.000091,0.007418,-0.00304,0.005042,71.63,28.37,2.53,74.65,25.35,2.95,72.65,27.35,2.66,5028623.46832,4080240.20158,6446568.85228029,4644821.74681832,64977657.6916,17031.079,53179314.0786,13838.269,64977657.6916,17031.079,53179314.0786,13838.269
2025-10-19,3887.01,4030,3810,3980.59,13293739480.7559,5696055367,6198840862,5627586379,6100572172,0.006239,0.006484,0.00068,0.002491,0.006353,0.007144,-0.001305,0.004525,0.005042,0.007158,-0.002283,0.004198,70.24,29.76,2.36,72.89,27.11,2.69,71.59,28.41,2.52,4955444.43105,5039099.5161,5833286.60775,6643058.4238027,69307180.5482,17909.068,77790674.2876,19934.739,69307180.5482,17909.068,77790674.2876,19934.739
2025-10-20,3980.6,4085,3906.89,3977.54,15736017720.47,6100572172,6256273510,5774165343,5862234671,0.002491,0.007207,0.002361,0.00353,0.004525,0.008714,-0.007503,0.006841,0.004198,0.008281,-0.002307,0.005116,69.61,30.39,2.29,71.88,28.12,2.56,68.53,31.47,2.18,7172870.88359,7476812.13998,9358110.75416662,8787847.51441,81171215.3355,20487.94,56575094.0238,14161.192,81171215.3355,20487.94,56575094.0238,14161.192
2025-10-21,3977.54,4108.41,3838.21,3871.11,23982222727.3835,5862234671,6229290196,5685202182,5685202182,0.00353,0.008102,-0.002533,-0.002491,0.006841,0.008803,-0.005337,0.000898,0.005116,0.007888,-0.006876,-0.000284,71.16,28.84,2.47,74.07,25.93,2.86,72.72,27.28,2.67,14698673.55922,10342741.31124,19356213.01213196,12502429.56787197,81338784.3968,20544.952,62717729.4872,15705.231,81338784.3968,20544.952,62717729.4872,15705.231
2025-10-22,3871.11,3887.45,3706.31,3803.93,19162396330.3421,5685202182,5959551548,5510677602,5724109596,-0.002491,0.004897,-0.00679,0.000546,0.000898,0.00467,-0.006099,0.000925,-0.000284,0.0036,-0.007374,-0.000515,71.27,28.73,2.48,74.72,25.28,2.96,70.34,29.66,2.37,9226140.49684,8447194.86818,16953030.26323718,9782530.53848,101828198.698,26468.938,51260723.8139,13217.215,101828198.698,26468.938,51260723.8139,13217.215
2025-10-23,3803.94,3933.4,3794.89,3855.21,14306492345.1272,5724109596,5876089312,5614131034,5679146249,0.000546,0.007096,-0.000748,0.000826,0.000925,0.006189,-0.000712,0.002276,-0.000515,0.005643,-0.002191,0.000963,76.16,23.84,3.2,78.47,21.53,3.65,73.51,26.49,2.78,6374917.36283,5821177.2884,7215180.708164,7932967.04736762,65926651.0972,17404.642,43653938.817,11433.406,65926651.0972,17404.642,43653938.817,11433.406
2025-10-24,3855.22,4026.48,3844.02,3933.19,14370924249.2797,5679146249,5922633611,5668727491,5807004018,0.000826,0.009945,0.000137,0.001282,0.002276,0.008053,0.000355,0.004838,0.000963,0.007511,-0.000677,0.003611,74.25,25.75,2.88,76.21,23.79,3.2,73.19,26.81,2.73,9384335.23928,5174441.6071,11824081.07815,6675425.66092,68259143.9101,17774.073,58805789.7641,15199.461,68259143.9101,17774.073,58805789.7641,15199.461
2025-10-25,3933.2,3968.93,3910,3952.25,5100565553.1479,5807004018,5950104637,5759640165,5895976714,0.001282,0.01,0.001245,0.01,0.004838,0.008852,0.001006,0.007161,0.003611,0.008179,0.000492,0.006592,71.21,28.79,2.47,74.13,25.87,2.87,74.93,25.07,2.99,1452503.96355,1749328.3254,1561045.27039,1822405.4714,65649067.3897,16761.957,70782544.3763,17927.136,65649067.3897,16761.957,70782544.3763,17927.136
2025-10-26,3952.24,4179.27,3914.3,4156.37,11852586413.4822,5895976714,6534379360,5883821520,6500896591,0.01,0.01,0.001659,0.01,0.007161,0.008599,0.001829,0.008599,0.006592,0.00877,0.002217,0.00877,69.86,30.14,2.32,73.09,26.91,2.72,74.68,25.32,2.95,2977111.91415,6024761.2866,3358986.96295002,7996059.95236992,78671701.3651,19994.621,82607949.4152,20808.658,78671701.3651,19994.621,82607949.4152,20808.658
2025-10-27,4156.36,4253,4090.61,4118.47,17446812944.9291,6500896591,6766992092,6481953855,6554620497,0.01,0.01,0.002851,0.003949,0.008599,0.010399,0.002045,0.004766,0.00877,0.010254,0.00185,0.003539,62.77,37.23,1.69,65.36,34.64,1.89,73.13,26.87,2.72,8537920.90972,15607001.717,16685661.41198,16333907.33682,60464331.4486,14606.741,66019286.1873,15817.004,60464331.4486,14606.741,66019286.1873,15817.004
2025-10-28,4118.46,4174.08,3925.01,3977.56,17379842631.9583,6554620497,6612304758,5981857612,6112369073,0.003949,0.006224,-0.005155,-0.005131,0.004766,0.007446,-0.000104,0.000453,0.003539,0.007202,-0.003009,-0.002979,62.99,37.01,1.7,67.6,32.4,2.09,76.15,23.85,3.19,11479012.62101,4611744.01668,16326513.62981143,4905684.20796304,95330763.4902,23267.92,52885764.2982,12799.175,95330763.4902,23267.92,52885764.2982,12799.175
2025-10-29,3977.56,4034.99,3836,3900.38,17639590151.2882,6112369073,6220046889,5812846698,6029746624,-0.005131,0.006539,-0.005478,-0.003389,0.000453,0.007441,-0.001271,-0.001271,-0.002979,0.006728,-0.004167,-0.004167,71.43,28.57,2.5,74.96,25.04,2.99,75.03,24.97,3.01,11377121.76612,7687015.99376,15745156.9879065,8949655.52463,69397006.8882,17513.641,78755183.8991,19715.397,69397006.8882,17513.641,78755183.8991,19715.397
2025-10-30,3900.38,3947,3677.7,3802.8,22017080722.7443,6029746624,6203211829,5902653181,6051450776,-0.003389,0.006046,-0.007334,0.003267,-0.001271,0.00577,-0.007004,0.001003,-0.004167,0.004833,-0.007013,-0.001631,74.65,25.35,2.95,77.42,22.58,3.43,73.46,26.54,2.77,15027306.45934,7457886.01432,24914080.29747788,8801319.06735724,66086541.0671,17013.32,54795124.2816,13995.763,66086541.0671,17013.32,54795124.2816,13995.763
2025-10-31,3802.81,3904.9,3794.13,3846.42,14680192658.5129,6051450776,6244496820,5883561089,6009008189,0.003267,0.01,-0.003004,0.006035,0.001003,0.006725,-0.003715,0.002332,-0.001631,0.006724,-0.003558,0.000847,78.57,21.43,3.67,80.48,19.52,4.12,73.29,26.71,2.74,8981336.9784,8978531.37765,9861880.08901,9691831.10337,64165158.7726,16917.296,64072830.1577,16779.801,64165158.7726,16917.296,64072830.1577,16779.801
2025-11-01,3846.42,3907.61,3828.8,3872.14,4916549621.6574,6009008189,6180757570,5990627502,6139226979,0.006035,0.01,0.005466,0.006688,0.002332,0.006237,0.00181,0.005703,0.000847,0.004828,0.000358,0.004296,74.06,25.94,2.86,76.42,23.58,3.24,73.72,26.28,2.81,3147214.17745,1599076.14036,3307537.1582108,2001623.99864,76531232.0678,19975.016,54738903.7216,14176.853,76531232.0678,19975.016,54738903.7216,14176.853
2025-11-02,3872.14,3917,3837.04,3904.8,7038913219.665,6139226979,6407230039,6123693527,6393918071,0.006688,0.01,0.001912,0.008969,0.005703,0.007272,0.002576,0.007272,0.004296,0.008401,0.001456,0.007603,73.35,26.65,2.75,75.8,24.2,3.13,73.75,26.25,2.81,3374617.89663,3900754.62933,3844433.13119594,4219674.6691967,111774525.4044,29000.498,76364207.6963,19634.15,111774525.4044,29000.498,76364207.6963,19634.15
2025-11-03,3904.79,3913.34,3556,3602.15,24340947768.1754,6393918071,6418459932,6032458685,6178168486,0.008969,0.01,0.000497,0.007896,0.007272,0.008174,-0.000929,0.004605,0.007603,0.007785,-0.002329,0.004295,73.08,26.92,2.72,75.81,24.19,3.13,72.81,27.19,2.68,22816208.77339,6169282.81175,32991525.24851884,7299027.95624669,63193146.8988,16235.619,85187842.7762,21717.18,63193146.8988,16235.619,85187842.7762,21717.18
2025-11-04,3602.15,3653.65,3055,3285.28,36171308441.1659,6178168486,6407096713,4926065760,5486992599,0.007896,0.01,-0.007474,0.001147,0.004605,0.007839,-0.000595,0.001276,0.004295,0.007849,-0.001959,-0.000953,77.82,22.18,3.51,80.55,19.45,4.14,72.04,27.96,2.58,38100609.65187,15379033.68156,68498215.21681318,18578211.34040076,86499932.2994,24104.728,67731296.3647,18727.665,86499932.2994,24104.728,67731296.3647,18727.665
2025-11-05,3285.29,3479,3165.41,3423.06,18457977770.828,5486992599,5768693320,5168032028,5641783001,0.001147,0.004956,-0.001882,0.004956,0.001276,0.003616,-0.006121,-0.002363,-0.000953,0.002285,-0.010111,-0.006674,76.53,23.47,3.26,80.32,19.68,4.08,75.13,24.87,3.02,8365885.58578,11809248.37888,10074582.69224,16721919.14533154,55974044.8955,17118.219,89747405.542,27200.602,55974044.8955,17118.219,89747405.542,27200.602
2025-11-06,3423.06,3455,3245,3313.7,16485446981.3542,5641783001,5769642462,5439467835,5694887736,0.004956,0.01,-0.001645,0.007613,-0.002363,0.006069,-0.002363,0.004928,-0.006674,0.005159,-0.006674,0.004488,71.71,28.29,2.54,74.81,25.19,2.97,71.8,28.2,2.55,11183447.46838,8550550.69846,15205647.97404,9666326.78007,96624279.9239,28404.462,48716294.4815,14174.333,96624279.9239,28404.462,48716294.4815,14174.333
2025-11-07,3313.7,3472.23,3192.92,3434.36,16601815713.1719,5694887736,5940065875,5530529985,5909710842,0.007613,0.009813,0.002276,0.007722,0.004928,0.007853,-0.000268,0.002304,0.004488,0.007045,-0.000134,0.00279,72.79,27.21,2.68,77.48,22.52,3.44,73.06,26.94,2.71,11739913.86857,11448700.47178,14006415.71564944,13670001.79364635,56323129.327,17090.784,53678121.2215,16137.703,56323129.327,17090.784,53678121.2215,16137.703
2025-11-08,3434.37,3490,3353.31,3400.07,9098802065.4098,5909710842,6000188542,5738248516,5774612638,0.007722,0.01,0.001206,0.001209,0.002304,0.008629,-0.00058,0.001723,0.00279,0.007256,-0.006829,-0.00017,70.34,29.66,2.37,73.64,26.36,2.79,73.73,26.27,2.81,7472714.11748,4041123.77533,8505412.27328316,4627236.16557352,63980074.3804,18705.167,50332227.7674,14593.906,63980074.3804,18705.167,50332227.7674,14593.906
2025-11-09,3400.08,3624.4,3356.74,3581.31,11301859607.9098,5774612638,6205488650,5720008223,6091081003,0.001209,0.01,0.000038,0.003686,0.001723,0.008111,-0.003372,0.002702,-0.00017,0.008849,-0.001599,0.001924,71.65,28.35,2.53,75.97,24.03,3.16,74.63,25.37,2.94,3490862.09983,8173077.40928,4033809.83815,10803796.42204802,67776442.9415,20030.124,53225776.1596,15588.992,67776442.9415,20030.124,53225776.1596,15588.992
2025-11-10,3581.31,3658,3505.55,3566.38,13360527700.5213,6091081003,6419224720,6032906582,6186003764,0.003686,0.01,-0.000301,0.002915,0.002702,0.008062,-0.001239,0.003068,0.001924,0.008071,-0.002008,0.000866,68.26,31.74,2.15,70.01,29.99,2.33,73.74,26.26,2.81,7524452.79635,7321729.20262,8558887.770181,8194672.35126453,62915790.1076,17642.214,57330691.2266,15935.98,62915790.1076,17642.214,57330691.2266,15935.98
2025-11-11,3566.38,3647.54,3403.02,3416.32,15900368818.3446,6186003764,6351510174,5685118139,5700750792,0.002915,0.005995,-0.00292,0.003613,0.003068,0.006705,-0.00253,0.002284,0.000866,0.004859,-0.003541,-0.000047,68.88,31.12,2.21,72.04,27.96,2.58,74.57,25.43,2.93,15799535.76242,5113382.0043,20630303.07864936,5476867.69788398,47862659.6437,13469.512,48680240.1009,13596.426,47862659.6437,13469.512,48680240.1009,13596.426
2025-11-12,3416.33,3587.24,3370,3413.46,16907640832.164,5700750792,6015230074,5585058912,5843536086,0.003613,0.009829,-0.005083,0.006916,0.002284,0.005724,-0.000869,0.004251,-0.000047,0.004661,-0.002816,0.003511,71.45,28.55,2.5,74.97,25.03,3.0,73.14,26.86,2.72,14991581.68299,8237438.32949,17576374.82416954,9753716.16219593,77350360.8605,22752.823,45495157.0267,13262.26,77350360.8605,22752.823,45495157.0267,13262.26
2025-11-13,3413.45,3565,3152.49,3230.12,26083847221.5241,5843536086,6455340731,5683845421,5845221610,0.006916,0.01,-0.000453,-0.000374,0.004251,0.006981,-0.000596,0.000216,0.003511,0.006264,-0.003475,-0.003469,72.62,27.38,2.65,75.07,24.93,3.01,71.05,28.95,2.45,15664319.48292,10277805.06833,26010124.89255005,11474961.1821408,44697413.0859,13146.355,47291598.2269,13798.295,44697413.0859,13146.355,47291598.2269,13798.295
2025-11-14,3230.13,3255.95,3068,3111.2,25699688394.5293,5845221610,5845221610,5248214769,5300120111,-0.000374,0.01,-0.00056,0.004983,0.000216,0.009345,-0.001704,0.006103,-0.003469,0.0082,-0.005257,0.004595,78.16,21.84,3.58,81.37,18.63,4.37,73.16,26.84,2.73,16890436.39407,15566760.23878,21378758.91767623,19167649.27845468,54560190.9076,16960.13,50585223.0696,15600.316,54560190.9076,16960.13,50585223.0696,15600.316
2025-11-15,3111.2,3230.56,3109.16,3166.55,7562751225.9409,5300120111,5799164908,5300120111,5668864525,0.004983,0.01,0.002773,0.01,0.006103,0.008429,0.000708,0.007063,0.004595,0.008043,0.00122,0.007754,76.47,23.53,3.25,79.84,20.16,3.96,73.17,26.83,2.73,4450069.05837,3972060.93788,4762650.01068088,4300787.26784,54560190.9076,16960.13,50585223.0696,15600.316,54560190.9076,16960.13,50585223.0696,15600.316
2025-11-16,3166.56,3248.5,3001.01,3094.05,17212785738.9714,5668864525,5953508488,5470634445,5658746342,0.01,0.01,0.001314,0.01,0.007063,0.009464,0.002606,0.009024,0.007754,0.009263,0.003321,0.008858,75.7,24.3,3.12,78.36,21.64,3.62,74.04,25.96,2.85,11228922.55355,4679157.3357,14223682.16248334,5732455.8648,47172889.8559,14959.276,41985047.903,13201.989,47172889.8559,14959.276,41985047.903,13201.989
2025-11-17,3094.04,3223.22,2958,3030.06,20848046172.3845,5658746342,6122810913,5619165745,5971811980,0.01,0.01,0.004088,0.009067,0.009024,0.009024,0.002106,0.007736,0.008858,0.008858,0.002729,0.006715,77.4,22.6,3.43,80.89,19.11,4.23,73.13,26.87,2.72,16302593.50423,8524502.463,20516134.77754157,9938619.2904,43568554.5049,14134.968,47741654.2554,15361.422,43568554.5049,14134.968,47741654.2554,15361.422
2025-11-18,3030.06,3169.28,2943.31,3122.2,18979868682.2997,5971811980,6256214816,5733963075,6107894081,0.009067,0.01,0.004912,0.01,0.007736,0.009967,0.005311,0.007078,0.006715,0.009992,0.004493,0.007088,78.79,21.21,3.72,82.16,17.84,4.61,76.25,23.75,3.21,6891189.46543,7618130.78099,9179443.75035272,10225706.8707741,36668692.829,12147.369,43267848.0626,14213.301,36668692.829,12147.369,43267848.0626,14213.301
2025-11-19,3122.2,3125.05,2873,3024.09,23272843910.5583,6107894081,6166623128,5746939256,6117094732,0.01,0.01,0.001841,0.007158,0.007078,0.008903,0.003403,0.008123,0.007088,0.008919,0.002004,0.007154,71.07,28.93,2.46,74.54,25.46,2.93,76.78,23.22,3.31,22112317.56268,5880710.29309,34165414.02915002,7358496.67157094,49497519.3479,15921.364,45287534.0428,14445.425,49497519.3479,15921.364,45287534.0428,14445.425
2025-11-20,3024.08,3063,2788.01,2832.97,23455586005.4175,6117094732,6170264145,5644978041,5697546573,0.007158,0.01,-0.000587,0.003335,0.008123,0.009672,0.003326,0.006855,0.007154,0.009772,0.001252,0.004579,78.97,21.03,3.76,82.83,17.17,4.82,77.25,22.75,3.4,14670232.32928,7836649.66526,20696127.93674148,8930506.78395777,57271340.4883,19005.74,59498493.4537,19587.903,57271340.4883,19005.74,59498493.4537,19587.903
2025-11-21,2832.96,2885.84,2620,2764.69,29404513207.3452,5697546573,5873380387,5060536061,5169125479,0.003335,0.01,0.000087,0.001859,0.006855,0.009889,-0.00667,0.002694,0.004579,0.009568,-0.001297,0.002555,80.38,19.62,4.1,84.43,15.57,5.42,75.27,24.73,3.04,18686487.75589,22013288.61368,29944309.93492937,24499520.25989813,44907471.872,15920.194,39700827.6599,13961.512,44907471.872,15920.194,39700827.6599,13961.512
2025-11-22,2764.7,2798,2702.87,2769.06,7433375941.3326,5169125479,5312800975,5036531234,5263493703,0.001859,0.008364,0.001859,0.006412,0.002694,0.008249,-0.002018,0.004225,0.002555,0.00781,0.000436,0.005138,73.89,26.11,2.83,78.73,21.27,3.7,69.38,30.62,2.27,4207766.54742,4136465.95806,4756393.955,4458867.00918104,44099564.1825,16015.128,53448640.4229,19246.133,44099564.1825,16015.128,53448640.4229,19246.133
2025-11-23,2769.06,2857,2766.87,2800.73,9262309373.339,5263493703,5446052722,5186952174,5192923906,0.006412,0.00695,-0.003079,-0.000008,0.004225,0.007965,-0.004011,0.002514,0.005138,0.007139,-0.002974,0.001714,72.36,27.64,2.62,77.12,22.88,3.37,73.55,26.45,2.78,3568033.83816,5549026.64659,4442509.86313459,6255692.38617,49163702.9033,17834.427,43726615.0295,15726.433,49163702.9033,17834.427,43726615.0295,15726.433
2025-11-24,2800.74,2986.98,2761.38,2952.19,17624499385.4229,5192923906,5611653868,5111845708,5578138207,-0.000008,0.01,-0.000407,0.004005,0.002514,0.007587,0.000242,0.001791,0.001714,0.007859,0.001352,0.00219,73.03,26.97,2.71,77.16,22.84,3.38,70.8,29.2,2.43,5582870.26532,12732830.94291,6632835.57101,14593800.81083056,51659728.1892,18526.66,34673706.7231,12336.205,51659728.1892,18526.66,34673706.7231,12336.205
2025-11-25,2952.18,2979.31,2855,2958.24,13900855289.9134,5578138207,5578138207,5259276074,5386804892,0.004005,0.007254,-0.000618,0.004616,0.001791,0.006185,0.001583,0.003279,0.00219,0.005513,0.000844,0.002833,64.5,35.5,1.82,68.49,31.51,2.17,72.59,27.41,2.65,8701994.47296,7068575.87163,10933686.23436245,7886452.88113805,57769581.3955,19649.647,49228210.3095,16613.846,57769581.3955,19649.647,49228210.3095,16613.846
2025-11-26,2958.24,3044.46,2887.09,3025.02,12642884192.2833,5386804892,5800783171,5341474048,5774929284,0.004616,0.008207,-0.002098,0.002486,0.003279,0.00589,-0.001922,0.00011,0.002833,0.00636,-0.002655,0.000549,67.13,32.87,2.04,72.63,27.37,2.65,74.22,25.78,2.88,4773828.77957,5991178.99333,5064594.24748622,7982548.50454,44036726.4817,14937.288,55475832.9013,18649.102,44036726.4817,14937.288,55475832.9013,18649.102
2025-11-27,3025.01,3070,2983.81,3013.8,8947949743.6597,5774929284,5925649412,5618730271,5633387483,0.002486,0.002726,-0.00295,-0.000185,0.00011,0.005136,-0.002891,-0.000067,0.000549,0.003349,-0.003272,0.000474,62.1,37.9,1.64,66.95,33.05,2.03,74.25,25.75,2.88,4447775.4877,3780085.84763,4755057.29925925,4376459.6276,60575351.3122,20113.899,82438076.843,27117.074,60575351.3122,20113.899,82438076.843,27117.074
2025-11-28,3013.81,3099,2992.1,3029.8,11794211085.4038,5633387483,5933429675,5581144758,5710201621,-0.000185,0.00682,-0.004106,0.00259,-0.000067,0.005535,-0.008799,0.001152,0.000474,0.003816,-0.005132,0.00004,66.31,33.69,1.97,71.36,28.64,2.49,75.38,24.62,3.06,7582910.0366,7898437.28182,8769380.1048,8463950.3346856,72147546.2591,24055.568,46347269.5482,15315.193,72147546.2591,24055.568,46347269.5482,15315.193
2025-11-29,3029.8,3051.46,2960.01,2987.96,6775926301.8078,5710201621,5830271687,5588451957,5693317969,0.00259,0.009229,-0.006291,0.007916,0.001152,0.006415,-0.001406,0.005343,0.00004,0.006554,-0.002204,0.005489,66.02,33.98,1.94,70.4,29.6,2.38,74.65,25.35,2.95,8086352.8692,1850090.17906,9653845.96030727,1986398.92454,77970708.3428,25873.399,51482128.2668,16913.573,77970708.3428,25873.399,51482128.2668,16913.573
2025-11-30,2987.96,3052.21,2974,2990.02,5970409406.8893,5693317969,5821590699,5623080724,5627144490,0.007916,0.009705,-0.00012,0.005351,0.005343,0.008334,-0.000276,0.004388,0.005489,0.007805,0.000075,0.003744,67.98,32.02,2.12,72.6,27.4,2.65,74.44,25.56,2.91,3125579.28917,2047486.77751,3521342.29843073,2894871.1100634,64479593.624,21682.135,57188278.1034,19050.119,64479593.624,21682.135,57188278.1034,19050.119
2025-12-01,2990.01,2998.84,2718.07,2797.47,18971588843.9182,5627144490,5692706301,5127225864,5439817198,0.005351,0.009414,-0.00935,0.006935,0.004388,0.007384,-0.007833,0.003835,0.003744,0.006873,-0.008584,0.002421,66.64,33.36,2.0,70.46,29.54,2.39,74.71,25.29,2.95,16066545.45039,6286753.95274,37392086.99566924,9647041.48793,97815055.4206,32853.927,45243589.1779,15070.861,97815055.4206,32853.927,45243589.1779,15070.861
2025-12-02,2797.48,3034.94,2780.6,2994.63,14815157611.7845,5439817198,6122126510,5408644455,5807138974,0.006935,0.007763,-0.00065,0.004698,0.003835,0.006166,-0.003256,0.004268,0.002421,0.006453,-0.003617,0.004505,71.86,28.14,2.55,76.75,23.25,3.3,75.67,24.33,3.11,5090267.60394,9715191.92251,5576812.70504435,12919087.64173243,50859478.302,18252.496,64272443.9959,22860.61,50859478.302,18252.496,64272443.9959,22860.61
2025-12-03,2994.63,3216.53,2983.76,3187.07,16873624217.8692,5807138974,6366841303,5782820081,6298227286,0.004698,0.009454,-0.000858,0.006435,0.004268,0.005917,-0.001615,0.004464,0.004505,0.005696,-0.000776,0.004533,62.39,37.61,1.66,66.68,33.32,2.0,74.79,25.21,2.97,3690960.35958,12599337.23334,4926272.5965157,17259809.32772607,71768936.2069,24081.556,50154022.0085,16683.886,71768936.2069,24081.556,50154022.0085,16683.886
2025-12-04,3187.08,3239.27,3064.81,3132.01,15859152637.7164,6298227286,6685596177,6154696912,6264544931,0.006435,0.01,-0.000273,0.002405,0.004464,0.008498,0.001696,0.003366,0.004533,0.00788,0.000335,0.002459,62.63,37.37,1.68,66.54,33.46,1.99,73.18,26.82,2.73,10116728.19584,7023488.65595,14167013.76384218,10295790.06045293,49376442.5551,15561.032,69860948.5727,21819.014,49376442.5551,15561.032,69860948.5727,21819.014
2025-12-05,3132.01,3192.72,2978,3020.38,16628823967.6821,6264544931,6519290622,6171011579,6279606333,0.002405,0.01,0.002405,0.004481,0.003366,0.005953,-0.011303,0.002823,0.002459,0.005311,-0.00623,0.001531,60.97,39.03,1.56,67.61,32.39,2.09,75.93,24.07,3.16,8387015.17484,7806571.68398,12026692.45011,8877401.9521456,54129716.1964,17352.247,55940061.1815,17790.701,54129716.1964,17352.247,55940061.1815,17790.701
2025-12-06,3020.38,3068.58,3011,3036.53,4915211202.7574,6279606333,6363434081,6191900238,6210711093,0.004481,0.006656,-0.000151,0.00376,0.002823,0.004043,-0.001377,0.003877,0.001531,0.003574,-0.001029,0.003569,66.79,33.21,2.01,72.03,27.97,2.58,76.47,23.53,3.25,2521175.01604,1829834.6097,2638830.76548,2143674.72778,58081379.8293,19310.319,55828025.1379,18405.887,58081379.8293,19310.319,55828025.1379,18405.887
2025-12-07,3036.53,3150,2903.75,3058.14,13102186204.8811,6210711093,6293515008,5896994312,5990092842,0.00376,0.01,-0.001412,0.002807,0.003877,0.007374,0.000326,0.004481,0.003569,0.007078,0.000019,0.003115,66.26,33.74,1.96,69.98,30.02,2.33,75.16,24.84,3.03,11100438.37502,7492709.32625,12301270.34339946,10825333.7763305,69695509.7351,23067.218,51430460.3255,16873.06,69695509.7351,23067.218,51430460.3255,16873.06
2025-12-08,3058.15,3179.99,3038.76,3123.14,13429654872.7872,5990092842,6409330643,5963013692,6065188703,0.002807,0.008907,-0.000218,0.005215,0.004481,0.00816,-0.000322,0.006091,0.003115,0.00757,-0.000069,0.004842,67.81,32.19,2.11,72.5,27.5,2.64,74.17,25.83,2.87,5924116.61106,11652290.65397,6533952.3358094,13296723.28629,51521310.5173,16917.885,42494727.7879,13845.474,51521310.5173,16917.885,42494727.7879,13845.474
2025-12-09,3123.15,3397.5,3089.01,3316.49,18099809912.7821,6065188703,7073349941,6032741499,6843121462,0.005215,0.01,0.000686,0.01,0.006091,0.008406,0.000036,0.002785,0.004842,0.006918,-0.001053,0.005342,65.08,34.92,1.86,69.8,30.2,2.31,74.01,25.99,2.85,4347270.74874,8395530.50885,5213313.51159584,13043497.18552591,52243630.7,16798.701,50160388.3459,15994.625,52243630.7,16798.701,50160388.3459,15994.625
2025-12-10,3316.5,3446.12,3286.58,3322.79,16131366875.9401,6843121462,7108948727,6727923903,6806999935,0.01,0.01,0.003022,0.006936,0.002785,0.008462,0.002785,0.005107,0.005342,0.008505,0.003922,0.004714,53.71,46.29,1.16,58.26,41.74,1.4,73.48,26.52,2.77,7024017.6582,8852438.5817,8775697.75541584,11086498.40187874,59529630.0697,18023.216,47031904.0036,14123.968,59529630.0697,18023.216,47031904.0036,14123.968
2025-12-11,3322.8,3326.74,3142.92,3235.77,16622820450.4204,6806999935,6811444194,6309718428,6329493493,0.006936,0.008069,-0.000601,-0.000274,0.005107,0.007176,0.000072,0.005107,0.004714,0.006225,-0.001835,0.003834,54.6,45.4,1.2,58.46,41.54,1.41,73.84,26.16,2.82,26992279.52031,7590691.36658,33053309.85728967,9456552.38599,79830099.746,24143.28,51537728.4273,15450.244,79830099.746,24143.28,51537728.4273,15450.244
2025-12-12,3235.78,3264.78,3041.1,3083.34,14523686591.838,6329493493,6444062781,6026240616,6226174383,-0.000274,0.005233,-0.004132,0.000025,0.005107,0.007726,-0.001702,0.001231,0.003834,0.004181,-0.004061,-0.000697,63.19,36.81,1.72,66.76,33.24,2.01,75.3,24.7,3.05,7811267.22511,3876425.67622,12745577.13061996,4181447.89625,46205328.7806,14336.855,49995500.5739,15389.56,46205328.7806,14336.855,49995500.5739,15389.56
2025-12-13,3083.34,3135,3075,3113.01,4503562083.2904,6226174383,6351875478,6150077219,6239975913,0.000025,0.008779,-0.001471,0.008286,0.001231,0.00774,-0.003298,0.006619,-0.000697,0.007192,-0.004761,0.006493,72.74,27.26,2.67,75.91,24.09,3.15,74.9,25.1,2.98,2145847.90854,1613811.04301,2246806.49463375,1719139.06595,69911045.3407,22761.634,69067023.6581,22301.306,69911045.3407,22761.634,69067023.6581,22301.306
2025-12-14,3113,3128.65,3022.51,3062.02,8301728634.231,6239975913,6475132540,6187379167,6291914066,0.008286,0.009804,0.002726,0.006154,0.006619,0.007305,0.000159,0.003753,0.006493,0.006493,-0.000521,0.003211,69.14,30.86,2.24,71.68,28.32,2.53,74.24,25.76,2.88,3626149.45555,2782549.09912,4502185.08221462,2981577.05161,54766407.0645,17665.971,78901293.2087,25233.941,54766407.0645,17665.971,78901293.2087,25233.941
2025-12-15,3062.01,3177,2890.51,2963.25,18458624281.3286,6291914066,6601853253,6008194207,6275441127,0.006154,0.009848,-0.001672,-0.000641,0.003753,0.007368,0.000632,0.003709,0.003211,0.007068,0.001318,0.001756,68.14,31.86,2.14,71.85,28.15,2.55,73.74,26.26,2.81,17783915.20454,9041388.93388,23598977.62800221,9747495.94012231,41651481.9369,13652.836,61327787.6011,19945.661,41651481.9369,13652.836,61327787.6011,19945.661
2025-12-16,2963.25,2982.1,2870,2960.84,13217875102.924,6275441127,6312189115,5780164667,5844327653,-0.000641,0.004171,-0.002887,0.00035,0.003709,0.005433,-0.007688,0.003605,0.001756,0.004216,-0.007846,0.001674,74.79,25.21,2.97,76.41,23.59,3.24,72.45,27.55,2.63,8584157.70575,8703661.4569,11407692.88678248,9744853.78598,57923312.4466,19628.613,81259385.6784,27324.407,57923312.4466,19628.613,81259385.6784,27324.407
2025-12-17,2960.83,3030,2789.52,2832,17109212665.9143,5844327653,5883707878,5464384841,5628235197,0.00035,0.005479,-0.001807,-0.001807,0.003605,0.006517,-0.003267,0.001366,0.001674,0.005304,-0.004333,-0.001286,72.17,27.83,2.59,74.67,25.33,2.95,72.69,27.31,2.66,9491211.12938,6317539.44782,19873283.96616084,10961608.08408,51221420.6152,17372.841,68695902.1952,23106.044,51221420.6152,17372.841,68695902.1952,23106.044
2025-12-18,2831.99,2997.05,2772.97,2827.3,18281568218.6121,5628235197,5806352660,5356933159,5593177351,-0.001807,0.007469,-0.004501,0.005738,0.001366,0.003775,-0.003403,0.003127,-0.001286,0.005735,-0.001674,0.002388,75.21,24.79,3.03,78.26,21.74,3.6,73.12,26.88,2.72,8496787.50704,8531819.65634,11549962.10386606,10286892.0937329,48917673.1856,17344.454,123633328.6144,43457.528,48917673.1856,17344.454,123633328.6144,43457.528
2025-12-19,2827.32,3017.99,2806.15,2978.33,14783267690.5897,5593177351,6261457210,5577684553,6176566392,0.005738,0.01,0.001531,0.001938,0.003127,0.007557,-0.001911,0.000174,0.002388,0.006743,-0.001487,0.000482,72.31,27.69,2.61,74.98,25.02,3.0,72.85,27.15,2.68,4468873.84141,6869791.61036,6887159.70042,8106917.2144275,50503133.802,17923.211,63338831.8252,22291.217,50503133.802,17923.211,63338831.8252,22291.217
2025-12-20,2978.34,2992.97,2965.28,2976.54,3091907122.7489,6163752053,6287474955,6116213486,6121480579,0.002846,0.005444,-0.001565,0.001814,0.002766,0.006,-0.000418,0.002291,0.002255,0.00398,-0.001232,0.001276,57.45,42.55,1.35,60.23,39.77,1.51,71.37,28.63,2.49,500316.41228,1001098.26936,662862.909,1032748.90155,68203795.6411,23000.375,61649614.6088,20608.491,68203795.6411,23000.375,61649614.6088,20608.491
2025-12-21,2976.55,3011.99,2943,3000.62,5603772653.2145,6121480579,6121480579,6121480579,6121480579,0.001814,0.005967,-0.00419,-0.002319,0.002291,0.007293,-0.002707,-0.00159,0.001276,0.006108,-0.003441,-0.002134,59.46,40.54,1.47,63.82,36.18,1.76,72.46,27.54,2.63,1572640.38133,2565067.01769,1866324.33200088,3297053.001,87272102.7824,29462.284,116495384.2931,38895.746,87272102.7824,29462.284,116495384.2931,38895.746
2025-12-22,3000.61,3077.99,2961,3008.49,12173769396.6239,6085720893,6267335506,5876703848,5998269864,-0.002319,0.003866,-0.002319,0.003835,-0.00159,0.006889,-0.002037,0.004496,-0.002134,0.004735,-0.002134,0.003973,60.11,39.89,1.51,63.55,36.45,1.74,72.57,27.43,2.65,5402842.6178,7427266.22878,8656864.4275799,8063917.06028639,53817632.5933,18006.63,216824084.2369,71881.874,53817632.5933,18006.63,216824084.2369,71881.874
2025-12-23,3008.5,3035,2899.3,2963.29,11896188692.0271,5998269864,6359038509,5873028834,6234359301,0.003835,0.009942,0.000067,0.002584,0.004496,0.008666,-0.003111,0.000773,0.003973,0.007825,-0.003046,-0.001458,65.82,34.18,1.93,68.54,31.46,2.18,73.01,26.99,2.71,5160603.96532,2967369.23058,7483556.18079348,4413705.1844,46458256.4419,15502.826,60851461.6232,20150.175,46458256.4419,15502.826,60851461.6232,20150.175
2025-12-24,2963.29,2976.48,2886.75,2938.71,6764489689.64657,6234359301,6234359301,6234359301,6234359301,0.002492,0.009219,-0.000002,0.006164,-0.001489,0.008701,-0.002319,0.004649,-0.001458,-0.001458,-0.001458,-0.001458,68.92,31.08,2.22,71.36,28.64,2.49,72.55,27.45,2.64,4530205.78,1318441.38,5264647.53,1440102.27,52503925.082,17791.173,69076080.6587,23206.215,52503925.082,17791.173,69076080.6587,23206.215
