time,fear_greed_index,price
2018-02-01 00:00:00,30.0,10114.49508623
2018-02-02 00:00:00,15.0,9070.55544937
2018-02-03 00:00:00,40.0,8830.16351005
2018-02-04 00:00:00,24.0,8994.91486608
2018-02-05 00:00:00,11.0,8315.51749144
2018-02-06 00:00:00,8.0,6852.05270051
2018-02-07 00:00:00,36.0,7711.22032894
2018-02-08 00:00:00,30.0,7611.0
2018-02-09 00:00:00,44.0,8208.5720845
2018-02-10 00:00:00,54.0,8650.71675043
2018-02-11 00:00:00,31.0,8574.67763849
2018-02-12 00:00:00,42.0,8168.6377798
2018-02-13 00:00:00,35.0,8911.39857421
2018-02-14 00:00:00,55.0,8518.26907619
2018-02-15 00:00:00,71.0,9428.02560716
2018-02-16 00:00:00,67.0,10112.58014345
2018-02-17 00:00:00,74.0,10155.27705553
2018-02-18 00:00:00,63.0,11006.64768596
2018-02-19 00:00:00,67.0,10523.4293058
2018-02-20 00:00:00,74.0,11103.09003615
2018-02-21 00:00:00,54.0,11502.37704964
2018-02-22 00:00:00,44.0,9973.59211952
2018-02-23 00:00:00,39.0,10032.86311231
2018-02-24 00:00:00,31.0,10301.88360934
2018-02-25 00:00:00,33.0,9742.62819007
2018-02-26 00:00:00,37.0,9699.51718152
2018-02-27 00:00:00,44.0,10355.57812649
2018-02-28 00:00:00,41.0,10709.38843105
2018-03-01 00:00:00,38.0,10346.66493104
2018-03-02 00:00:00,47.0,10859.55219439
2018-03-03 00:00:00,56.0,11098.07580925
2018-03-04 00:00:00,44.0,11356.04160167
2018-03-05 00:00:00,55.0,11286.67628917
2018-03-06 00:00:00,59.0,11526.42093029
2018-03-07 00:00:00,37.0,10727.71624921
2018-03-08 00:00:00,39.0,9999.68248605
2018-03-09 00:00:00,37.0,9420.85488959
2018-03-10 00:00:00,39.0,9276.33759031
2018-03-11 00:00:00,40.0,8890.865804
2018-03-12 00:00:00,41.0,9512.45611286
2018-03-13 00:00:00,41.0,9232.7058798
2018-03-14 00:00:00,40.0,9216.53097627
2018-03-15 00:00:00,32.0,8307.22338627
2018-03-16 00:00:00,33.0,8359.36528334
2018-03-17 00:00:00,31.0,8520.00815917
2018-03-18 00:00:00,29.0,8063.40979212
2018-03-19 00:00:00,29.0,8217.84219996
2018-03-20 00:00:00,37.0,8640.52143024
2018-03-21 00:00:00,36.0,8926.8204962
2018-03-22 00:00:00,36.0,8970.31790628
2018-03-23 00:00:00,28.0,8736.3857691
2018-03-24 00:00:00,32.0,8824.59283178
2018-03-25 00:00:00,30.0,8621.15079226
2018-03-26 00:00:00,31.0,8478.63819559
2018-03-27 00:00:00,24.0,8186.19606281
2018-03-28 00:00:00,24.0,7836.76304425
2018-03-29 00:00:00,18.0,7930.77954093
2018-03-30 00:00:00,12.0,7126.89519257
2018-03-31 00:00:00,16.0,6897.26857787
2018-04-01 00:00:00,16.0,6975.27531402
2018-04-02 00:00:00,11.0,6836.5723273
2018-04-03 00:00:00,22.0,7080.41723231
2018-04-04 00:00:00,22.0,7464.35609407
2018-04-05 00:00:00,17.0,6845.31597827
2018-04-06 00:00:00,19.0,6855.42230461
2018-04-07 00:00:00,20.0,6628.75445586
2018-04-08 00:00:00,17.0,6884.47723506
2018-04-09 00:00:00,21.0,6984.80896597
2018-04-10 00:00:00,18.0,6778.49157008
2018-04-11 00:00:00,20.0,6829.3165038
2018-04-12 00:00:00,18.0,6925.10199548
2018-04-13 00:00:00,23.0,7836.396994
2018-04-17 00:00:00,26.0,8030.99926195
2018-04-18 00:00:00,24.0,7873.6355101
2018-04-19 00:00:00,25.0,8097.4182331
2018-04-20 00:00:00,26.0,8277.46063916
2018-04-21 00:00:00,32.0,8499.45000871
2018-04-22 00:00:00,31.0,8878.4282603
2018-04-23 00:00:00,28.0,8769.01199947
2018-04-24 00:00:00,29.0,8881.39170435
2018-04-25 00:00:00,64.0,9716.48975733
2018-04-26 00:00:00,47.0,8825.20250007
2018-04-27 00:00:00,55.0,9221.86802618
2018-04-28 00:00:00,54.0,8940.38112201
2018-04-29 00:00:00,61.0,9249.65952509
2018-04-30 00:00:00,59.0,9325.62885105
2018-05-01 00:00:00,56.0,9198.18950997
2018-05-02 00:00:00,52.0,9024.38751178
2018-05-03 00:00:00,55.0,9122.65301383
2018-05-04 00:00:00,56.0,9551.13518382
2018-05-05 00:00:00,63.0,9634.53822597
2018-05-06 00:00:00,67.0,9766.24448549
2018-05-07 00:00:00,56.0,9583.8717455
2018-05-08 00:00:00,62.0,9308.26502572
2018-05-09 00:00:00,53.0,9149.51783315
2018-05-10 00:00:00,63.0,9248.96039558
2018-05-11 00:00:00,41.0,8969.94037574
2018-05-12 00:00:00,44.0,8405.56056324
2018-05-13 00:00:00,40.0,8480.58037613
2018-05-14 00:00:00,40.0,8683.98620314
2018-05-15 00:00:00,40.0,8696.97400387
2018-05-16 00:00:00,32.0,8473.34864905
2018-05-17 00:00:00,31.0,8343.1252217
2018-05-18 00:00:00,37.0,8056.05319237
2018-05-19 00:00:00,31.0,8202.82540955
2018-05-20 00:00:00,32.0,8180.62700991
2018-05-21 00:00:00,41.0,8443.26024592
2018-05-22 00:00:00,30.0,8354.99633592
2018-05-23 00:00:00,26.0,8009.29950678
2018-05-24 00:00:00,27.0,7556.31604292
2018-05-25 00:00:00,25.0,7563.43546544
2018-05-26 00:00:00,23.0,7472.02260175
2018-05-27 00:00:00,19.0,7328.87167436
2018-05-28 00:00:00,22.0,7326.64394018
2018-05-29 00:00:00,16.0,7111.06892467
2018-05-30 00:00:00,38.0,7451.23083727
2018-05-31 00:00:00,25.0,7380.85155771
2018-06-01 00:00:00,24.0,7460.16694987
2018-06-02 00:00:00,27.0,7487.07630454
2018-06-03 00:00:00,40.0,7567.51293762
2018-06-04 00:00:00,41.0,7639.87944568
2018-06-05 00:00:00,26.0,7463.65499555
2018-06-06 00:00:00,42.0,7569.01133989
2018-06-07 00:00:00,38.0,7605.57848861
2018-06-08 00:00:00,40.0,7613.77739338
2018-06-09 00:00:00,39.0,7561.16610052
2018-06-10 00:00:00,24.0,7415.00137859
2018-06-11 00:00:00,15.0,6767.49948455
2018-06-12 00:00:00,19.0,6880.13364876
2018-06-13 00:00:00,19.0,6581.82807523
2018-06-14 00:00:00,17.0,6334.09890643
2018-06-15 00:00:00,26.0,6644.72067974
2018-06-16 00:00:00,22.0,6406.80704951
2018-06-17 00:00:00,23.0,6478.81592433
2018-06-18 00:00:00,27.0,6418.85000189
2018-06-19 00:00:00,32.0,6677.53340291
2018-06-20 00:00:00,34.0,6708.68182028
2018-06-21 00:00:00,37.0,6714.37546123
2018-06-22 00:00:00,28.0,6690.83215161
2018-06-23 00:00:00,17.0,6088.57944239
2018-06-24 00:00:00,15.0,6169.43726386
2018-06-25 00:00:00,16.0,6159.70719379
2018-06-26 00:00:00,21.0,6241.84871171
2018-06-27 00:00:00,18.0,6069.87260617
2018-06-28 00:00:00,20.0,6117.03640962
2018-06-29 00:00:00,16.0,5879.98897441
2018-06-30 00:00:00,22.0,6182.25674792
2018-07-01 00:00:00,27.0,6366.49946751
2018-07-02 00:00:00,27.0,6312.87724313
2018-07-03 00:00:00,31.0,6595.54731281
2018-07-04 00:00:00,33.0,6497.60735494
2018-07-05 00:00:00,37.0,6562.72173712
2018-07-06 00:00:00,34.0,6537.74087162
2018-07-07 00:00:00,34.0,6603.29470397
2018-07-08 00:00:00,38.0,6759.83608915
2018-07-09 00:00:00,39.0,6700.63547905
2018-07-10 00:00:00,37.0,6648.2567959
2018-07-11 00:00:00,29.0,6303.38066473
2018-07-12 00:00:00,33.0,6373.23480469
2018-07-13 00:00:00,29.0,6230.5901971
2018-07-14 00:00:00,29.0,6248.39731303
2018-07-15 00:00:00,32.0,6246.13741163
2018-07-16 00:00:00,36.0,6349.69583671
2018-07-17 00:00:00,39.0,6741.69196029
2018-07-18 00:00:00,42.0,7303.3730598
2018-07-19 00:00:00,44.0,7334.77137208
2018-07-20 00:00:00,47.0,7442.80073875
2018-07-21 00:00:00,43.0,7331.87152324
2018-07-22 00:00:00,46.0,7379.13727182
2018-07-23 00:00:00,44.0,7395.86640544
2018-07-24 00:00:00,49.0,7704.9956789
2018-07-25 00:00:00,54.0,8422.37392335
2018-07-26 00:00:00,53.0,8144.55348204
2018-07-27 00:00:00,47.0,7929.0792436
2018-07-28 00:00:00,54.0,8145.33316812
2018-07-29 00:00:00,54.0,8192.13570224
2018-07-30 00:00:00,53.0,8197.59357581
2018-07-31 00:00:00,48.0,8185.9211383
2018-08-01 00:00:00,39.0,7738.24930459
2018-08-02 00:00:00,39.0,7612.30075368
2018-08-03 00:00:00,36.0,7540.63315062
2018-08-04 00:00:00,31.0,7411.66638248
2018-08-05 00:00:00,23.0,7009.01201179
2018-08-06 00:00:00,25.0,7036.60933127
2018-08-07 00:00:00,25.0,6926.11677877
2018-08-08 00:00:00,23.0,6711.73242236
2018-08-09 00:00:00,19.0,6259.52770967
2018-08-10 00:00:00,21.0,6531.24978674
2018-08-11 00:00:00,18.0,6166.5904175
2018-08-12 00:00:00,18.0,6205.21847994
2018-08-13 00:00:00,21.0,6318.40722177
2018-08-14 00:00:00,16.0,6283.99625058
2018-08-15 00:00:00,18.0,6212.22604006
2018-08-16 00:00:00,21.0,6267.76870877
2018-08-17 00:00:00,19.0,6309.38522622
2018-08-18 00:00:00,24.0,6566.71516338
2018-08-19 00:00:00,27.0,6382.06059141
2018-08-20 00:00:00,26.0,6475.49401967
2018-08-21 00:00:00,19.0,6242.8824384
2018-08-22 00:00:00,21.0,6467.27173031
2018-08-23 00:00:00,18.0,6336.65632711
2018-08-24 00:00:00,19.0,6521.06571827
2018-08-25 00:00:00,22.0,6684.37914421
2018-08-26 00:00:00,19.0,6736.03605752
2018-08-27 00:00:00,18.0,6728.28800263
2018-08-28 00:00:00,19.0,6911.09602895
2018-08-29 00:00:00,19.0,7075.98340511
2018-08-30 00:00:00,22.0,7046.74894728
2018-08-31 00:00:00,17.0,7024.14510718
2018-09-01 00:00:00,21.0,7027.6312794
2018-09-02 00:00:00,18.0,7211.27076787
2018-09-03 00:00:00,19.0,7305.272801
2018-09-04 00:00:00,26.0,7260.89751665
2018-09-05 00:00:00,17.0,7359.46299292
2018-09-06 00:00:00,14.0,6764.92677378
2018-09-07 00:00:00,17.0,6498.27961261
2018-09-08 00:00:00,18.0,6397.81887024
2018-09-09 00:00:00,13.0,6181.19445075
2018-09-10 00:00:00,15.0,6260.76480606
2018-09-11 00:00:00,18.0,6308.13547462
2018-09-12 00:00:00,14.0,6278.91706963
2018-09-13 00:00:00,20.0,6330.57423802
2018-09-14 00:00:00,23.0,6486.46163039
2018-09-15 00:00:00,24.0,6500.01225462
2018-09-16 00:00:00,28.0,6530.22114623
2018-09-17 00:00:00,25.0,6506.24849322
2018-09-18 00:00:00,21.0,6250.12172732
2018-09-19 00:00:00,24.0,6347.06925545
2018-09-20 00:00:00,24.0,6383.75384116
2018-09-21 00:00:00,31.0,6491.88524228
2018-09-22 00:00:00,35.0,6753.83447214
2018-09-23 00:00:00,38.0,6747.03217296
2018-09-24 00:00:00,43.0,6711.02945182
2018-09-25 00:00:00,37.0,6596.18731305
2018-09-26 00:00:00,37.0,6441.31154454
2018-09-27 00:00:00,42.0,6462.79563529
2018-09-28 00:00:00,42.0,6704.70424573
2018-09-29 00:00:00,37.0,6634.76596457
2018-09-30 00:00:00,34.0,6606.07379542
2018-10-01 00:00:00,35.0,6626.0379561
2018-10-02 00:00:00,33.0,6598.84125976
2018-10-03 00:00:00,36.0,6524.60769792
2018-10-04 00:00:00,29.0,6499.26237912
2018-10-05 00:00:00,37.0,6578.70180928
2018-10-06 00:00:00,34.0,6621.18936392
2018-10-07 00:00:00,29.0,6589.12468168
2018-10-08 00:00:00,26.0,6584.83215305
2018-10-09 00:00:00,31.0,6653.08945083
2018-10-10 00:00:00,28.0,6633.74572992
2018-10-11 00:00:00,19.0,6582.45508239
2018-10-12 00:00:00,13.0,6234.36764145
2018-10-13 00:00:00,15.0,6285.5929828
2018-10-14 00:00:00,18.0,6314.88338442
2018-10-15 00:00:00,20.0,6328.55476003
2018-10-16 00:00:00,24.0,6659.87550841
2018-10-17 00:00:00,23.0,6635.12566752
2018-10-18 00:00:00,26.0,6635.74183249
2018-10-19 00:00:00,24.0,6517.51108771
2018-10-20 00:00:00,21.0,6483.82776947
2018-10-21 00:00:00,21.0,6532.67875038
2018-10-22 00:00:00,27.0,6529.67002137
2018-10-23 00:00:00,24.0,6512.5890593
2018-10-24 00:00:00,23.0,6472.79966064
2018-10-25 00:00:00,25.0,6481.44358956
2018-10-26 00:00:00,29.0,6458.19152184
2018-10-27 00:00:00,33.0,6468.82642497
2018-10-28 00:00:00,35.0,6457.05863519
2018-10-29 00:00:00,34.0,6481.32314167
2018-10-30 00:00:00,31.0,6292.64792393
2018-10-31 00:00:00,32.0,6331.78180791
2018-11-01 00:00:00,29.0,6366.72010955
2018-11-02 00:00:00,36.0,6379.97297217
2018-11-03 00:00:00,36.0,6425.44158304
2018-11-04 00:00:00,41.0,6388.18978831
2018-11-05 00:00:00,42.0,6351.06194106
2018-11-06 00:00:00,42.0,6415.44340854
2018-11-07 00:00:00,48.0,6474.84729034
2018-11-08 00:00:00,51.0,6574.80118029
2018-11-09 00:00:00,47.0,6490.45473076
2018-11-10 00:00:00,52.0,6413.78203857
2018-11-11 00:00:00,54.0,6429.89879207
2018-11-12 00:00:00,52.0,6434.28459693
2018-11-13 00:00:00,56.0,6411.35343621
2018-11-14 00:00:00,49.0,6394.28927626
2018-11-15 00:00:00,28.0,5788.61249405
2018-11-16 00:00:00,23.0,5686.54113106
2018-11-17 00:00:00,24.0,5609.95618233
2018-11-18 00:00:00,26.0,5599.19159569
2018-11-19 00:00:00,28.0,5638.86148145
2018-11-20 00:00:00,21.0,4889.19785924
2018-11-21 00:00:00,15.0,4450.71145442
2018-11-22 00:00:00,14.0,4613.44841218
2018-11-23 00:00:00,12.0,4307.38873172
2018-11-24 00:00:00,15.0,4376.9049468
2018-11-25 00:00:00,9.0,3895.83681296
2018-11-26 00:00:00,17.0,4039.83655114
2018-11-27 00:00:00,11.0,3811.92352927
2018-11-28 00:00:00,14.0,3832.9245159
2018-11-29 00:00:00,18.0,4267.24362899
2018-11-30 00:00:00,19.0,4279.47559255
2018-12-01 00:00:00,13.0,4009.68957983
2018-12-02 00:00:00,15.0,4189.573823
2018-12-03 00:00:00,17.0,4124.59354864
2018-12-04 00:00:00,12.0,3878.83923478
2018-12-05 00:00:00,19.0,3943.69281207
2018-12-06 00:00:00,13.0,3751.6919664
2018-12-07 00:00:00,11.0,3466.76386377
2018-12-08 00:00:00,11.0,3408.52361704
2018-12-09 00:00:00,14.0,3424.70586066
2018-12-10 00:00:00,19.0,3550.5464339
2018-12-11 00:00:00,15.0,3433.80844043
2018-12-12 00:00:00,14.0,3378.80877841
2018-12-13 00:00:00,14.0,3438.10007353
2018-12-14 00:00:00,10.0,3294.63615655
2018-12-15 00:00:00,11.0,3216.62714991
2018-12-16 00:00:00,13.0,3221.97620371
2018-12-17 00:00:00,17.0,3217.04683497
2018-12-18 00:00:00,23.0,3506.21701328
2018-12-19 00:00:00,21.0,3655.77504573
2018-12-20 00:00:00,27.0,3687.75055319
2018-12-21 00:00:00,35.0,4065.09723801
2018-12-22 00:00:00,28.0,3846.22749799
2018-12-23 00:00:00,31.0,3960.56777341
2018-12-24 00:00:00,25.0,3941.61774016
2018-12-25 00:00:00,33.0,4021.99025535
2018-12-26 00:00:00,26.0,3759.1784269
2018-12-27 00:00:00,29.0,3781.61308159
2018-12-28 00:00:00,21.0,3587.70388014
2018-12-29 00:00:00,24.0,3854.42109698
2018-12-30 00:00:00,23.0,3778.19393989
2018-12-31 00:00:00,26.0,3809.72822864
2019-01-01 00:00:00,24.0,3692.53156552
2019-01-02 00:00:00,30.0,3794.26425374
2019-01-03 00:00:00,33.0,3872.17218422
2019-01-04 00:00:00,48.0,3776.52580769
2019-01-05 00:00:00,36.0,3815.26807988
2019-01-06 00:00:00,31.0,3787.30785712
2019-01-07 00:00:00,39.0,4013.5200913
2019-01-08 00:00:00,39.0,3989.66871754
2019-01-09 00:00:00,42.0,3973.59125462
2019-01-10 00:00:00,37.0,3982.22591276
2019-01-11 00:00:00,19.0,3623.84772911
2019-01-12 00:00:00,22.0,3632.84930643
2019-01-13 00:00:00,21.0,3598.43634656
2019-01-14 00:00:00,16.0,3495.83231131
2019-01-15 00:00:00,27.0,3648.04828566
2019-01-16 00:00:00,24.0,3567.8012432
2019-01-17 00:00:00,28.0,3597.64732333
2019-01-18 00:00:00,29.0,3620.98128115
2019-01-19 00:00:00,31.0,3597.79325177
2019-01-20 00:00:00,35.0,3674.58727086
2019-01-21 00:00:00,30.0,3539.16753104
2019-01-22 00:00:00,27.0,3531.0041828
2019-01-23 00:00:00,33.0,3571.26690809
2019-01-24 00:00:00,37.0,3555.70000252
2019-01-25 00:00:00,35.0,3565.64200462
2019-01-26 00:00:00,41.0,3564.82241711
2019-01-27 00:00:00,39.0,3563.61456342
2019-01-28 00:00:00,35.0,3553.12168113
2019-01-29 00:00:00,21.0,3432.2156683
2019-01-30 00:00:00,22.0,3413.37548325
2019-01-31 00:00:00,17.0,3457.88264918
2019-02-01 00:00:00,23.0,3431.94363786
2019-02-02 00:00:00,22.0,3464.49014756
2019-02-03 00:00:00,19.0,3486.58161626
2019-02-04 00:00:00,27.0,3454.02584383
2019-02-05 00:00:00,21.0,3464.00350886
2019-02-06 00:00:00,14.0,3469.89467708
2019-02-07 00:00:00,18.0,3405.83686126
2019-02-08 00:00:00,37.0,3394.01465296
2019-02-09 00:00:00,42.0,3664.28210266
2019-02-10 00:00:00,40.0,3667.40826429
2019-02-11 00:00:00,46.0,3675.69162912
2019-02-12 00:00:00,38.0,3631.44453973
2019-02-13 00:00:00,48.0,3633.96504675
2019-02-14 00:00:00,48.0,3610.06227306
2019-02-15 00:00:00,43.0,3589.66182963
2019-02-16 00:00:00,43.0,3601.2291914
2019-02-17 00:00:00,38.0,3622.59165308
2019-02-18 00:00:00,63.0,3665.0755308
2019-02-19 00:00:00,65.0,3886.52020048
2019-02-20 00:00:00,59.0,3915.00997128
2019-02-21 00:00:00,59.0,3976.80890653
2019-02-22 00:00:00,61.0,3934.81359389
2019-02-23 00:00:00,63.0,3973.64132277
2019-02-24 00:00:00,69.0,4115.33792679
2019-02-25 00:00:00,47.0,3742.8689467
2019-02-26 00:00:00,40.0,3824.68350422
2019-02-27 00:00:00,39.0,3809.20977468
2019-02-28 00:00:00,39.0,3813.37789188
2019-03-01 00:00:00,42.0,3815.60760752
2019-03-02 00:00:00,41.0,3815.75393992
2019-03-03 00:00:00,44.0,3819.64573058
2019-03-04 00:00:00,36.0,3806.9542738
2019-03-05 00:00:00,35.0,3712.8124573
2019-03-06 00:00:00,42.0,3852.46166579
2019-03-07 00:00:00,56.0,3860.51076238
2019-03-08 00:00:00,54.0,3871.63724797
2019-03-09 00:00:00,55.0,3861.8793074
2019-03-10 00:00:00,55.0,3941.60087327
2019-03-11 00:00:00,56.0,3923.55978881
2019-03-12 00:00:00,56.0,3860.35923003
2019-03-13 00:00:00,54.0,3876.48085275
2019-03-14 00:00:00,55.0,3865.81778266
2019-03-15 00:00:00,55.0,3876.69870803
2019-03-16 00:00:00,54.0,3925.4605797
2019-03-17 00:00:00,58.0,4007.70946382
2019-03-18 00:00:00,56.0,3980.99010473
2019-03-19 00:00:00,56.0,3986.70689405
2019-03-20 00:00:00,55.0,4013.57696935
2019-03-21 00:00:00,62.0,4045.57263351
2019-03-22 00:00:00,56.0,3983.3177813
2019-03-23 00:00:00,50.0,3989.15849122
2019-03-24 00:00:00,44.0,4008.94538631
2019-03-25 00:00:00,46.0,3993.39490046
2019-03-26 00:00:00,43.0,3927.57729652
2019-03-27 00:00:00,44.0,3938.65974316
2019-03-28 00:00:00,49.0,4036.16091792
2019-03-29 00:00:00,50.0,4028.39130118
2019-03-30 00:00:00,57.0,4103.32285951
2019-03-31 00:00:00,56.0,4103.85642133
2019-04-01 00:00:00,62.0,4103.52173855
2019-04-02 00:00:00,60.0,4146.32192771
2019-04-03 00:00:00,71.0,4862.23042777
2019-04-04 00:00:00,61.0,4955.83182402
2019-04-05 00:00:00,59.0,4899.02155378
2019-04-06 00:00:00,65.0,5014.95582689
2019-04-07 00:00:00,69.0,5041.86907589
2019-04-08 00:00:00,65.0,5176.97788362
2019-04-09 00:00:00,64.0,5266.89477647
2019-04-10 00:00:00,62.0,5172.17526476
2019-04-11 00:00:00,65.0,5308.90568316
2019-04-12 00:00:00,42.0,5047.79316241
2019-04-13 00:00:00,62.0,5082.46515242
2019-04-14 00:00:00,51.0,5072.98719134
2019-04-15 00:00:00,60.0,5149.3144928
2019-04-16 00:00:00,50.0,5039.8810174
2019-04-17 00:00:00,61.0,5213.59837696
2019-04-18 00:00:00,64.0,5218.95715038
2019-04-19 00:00:00,61.0,5274.76701334
2019-04-20 00:00:00,62.0,5280.35444438
2019-04-21 00:00:00,62.0,5307.68918344
2019-04-22 00:00:00,61.0,5311.1648403
2019-04-23 00:00:00,68.0,5380.93578958
2019-04-24 00:00:00,65.0,5557.92572761
2019-04-25 00:00:00,58.0,5452.10175339
2019-04-26 00:00:00,41.0,5203.08859873
2019-04-27 00:00:00,42.0,5295.84732005
2019-04-28 00:00:00,40.0,5256.97780247
2019-04-29 00:00:00,42.0,5257.80324923
2019-04-30 00:00:00,42.0,5199.75500856
2019-05-01 00:00:00,51.0,5292.80397456
2019-05-02 00:00:00,50.0,5354.58680017
2019-05-03 00:00:00,63.0,5450.70662049
2019-05-04 00:00:00,66.0,5731.49309961
2019-05-05 00:00:00,67.0,5803.94330905
2019-05-06 00:00:00,57.0,5749.32378046
2019-05-07 00:00:00,69.0,5715.75713597
2019-05-08 00:00:00,63.0,5841.05377127
2019-05-09 00:00:00,69.0,5957.85673286
2019-05-10 00:00:00,71.0,6168.2689964
2019-05-11 00:00:00,76.0,6370.23375861
2019-05-12 00:00:00,75.0,7258.26128066
2019-05-13 00:00:00,78.0,6953.75138859
2019-05-14 00:00:00,78.0,7805.98164949
2019-05-15 00:00:00,77.0,7990.05555353
2019-05-16 00:00:00,75.0,8192.22313895
2019-05-17 00:00:00,65.0,7875.91319953
2019-05-18 00:00:00,67.0,7343.37145716
2019-05-19 00:00:00,70.0,7300.65515834
2019-05-20 00:00:00,73.0,8168.73068978
2019-05-21 00:00:00,68.0,7976.8517129
2019-05-22 00:00:00,69.0,7958.36552608
2019-05-23 00:00:00,65.0,7665.79685383
2019-05-24 00:00:00,64.0,7861.81279247
2019-05-25 00:00:00,69.0,7977.24488247
2019-05-26 00:00:00,67.0,8037.62743186
2019-05-27 00:00:00,70.0,8631.08057784
2019-05-28 00:00:00,71.0,8816.03391493
2019-05-29 00:00:00,71.0,8726.97811046
2019-05-30 00:00:00,73.0,8650.67740597
2019-05-31 00:00:00,61.0,8310.89106306
2019-06-01 00:00:00,62.0,8575.64635335
2019-06-02 00:00:00,63.0,8554.26172809
2019-06-03 00:00:00,66.0,8743.70546913
2019-06-04 00:00:00,42.0,8173.6327618
2019-06-05 00:00:00,27.0,7683.63626142
2019-06-06 00:00:00,34.0,7812.44885473
2019-06-07 00:00:00,27.0,7821.12389709
2019-06-08 00:00:00,62.0,8036.10815912
2019-06-09 00:00:00,62.0,7942.53928406
2019-06-10 00:00:00,46.0,7668.02962786
2019-06-11 00:00:00,61.0,8002.72998289
2019-06-12 00:00:00,60.0,7897.9754766
2019-06-13 00:00:00,63.0,8145.05909812
2019-06-14 00:00:00,67.0,8227.62572559
2019-06-15 00:00:00,75.0,8671.50538866
2019-06-16 00:00:00,80.0,8818.60950693
2019-06-17 00:00:00,84.0,8978.77258781
2019-06-18 00:00:00,83.0,9312.86829481
2019-06-19 00:00:00,82.0,9094.02174608
2019-06-20 00:00:00,81.0,9285.92867425
2019-06-21 00:00:00,84.0,9548.31456526
2019-06-22 00:00:00,83.0,10118.35945563
2019-06-23 00:00:00,84.0,10704.92214812
2019-06-24 00:00:00,80.0,10846.12509965
2019-06-25 00:00:00,87.0,11045.55041981
2019-06-26 00:00:00,95.0,11808.41990408
2019-06-27 00:00:00,92.0,12996.12434279
2019-06-28 00:00:00,62.0,11178.68299819
2019-06-29 00:00:00,74.0,12352.19686591
2019-06-30 00:00:00,78.0,11972.55566722
2019-07-01 00:00:00,65.0,10888.09718168
2019-07-02 00:00:00,63.0,10639.04629223
2019-07-03 00:00:00,79.0,10822.76417838
2019-07-04 00:00:00,76.0,11975.63739382
2019-07-05 00:00:00,67.0,11229.60561912
2019-07-06 00:00:00,72.0,10987.24885621
2019-07-07 00:00:00,67.0,11279.47637767
2019-07-08 00:00:00,74.0,11436.43074692
2019-07-09 00:00:00,84.0,12260.28269787
2019-07-10 00:00:00,83.0,12544.16726171
2019-07-11 00:00:00,62.0,12166.39828887
2019-07-12 00:00:00,33.0,11385.06049056
2019-07-13 00:00:00,65.0,11804.56279391
2019-07-14 00:00:00,61.0,11418.51185549
2019-07-15 00:00:00,16.0,10285.46110907
2019-07-16 00:00:00,34.0,10911.34515831
2019-07-17 00:00:00,19.0,9538.82712424
2019-07-18 00:00:00,40.0,9657.30310132
2019-07-19 00:00:00,42.0,10636.15572836
2019-07-20 00:00:00,34.0,10536.56584958
2019-07-21 00:00:00,42.0,10774.28113763
2019-07-22 00:00:00,42.0,10607.4635607
2019-07-23 00:00:00,40.0,10343.3181396
2019-07-24 00:00:00,20.0,9936.38076235
2019-07-25 00:00:00,42.0,9799.30631297
2019-07-26 00:00:00,24.0,9878.23193291
2019-07-27 00:00:00,47.0,9845.99944708
2019-07-28 00:00:00,16.0,9447.67840141
2019-07-29 00:00:00,19.0,9534.75542683
2019-07-30 00:00:00,22.0,9510.59355218
2019-07-31 00:00:00,31.0,9568.43745216
2019-08-01 00:00:00,57.0,10062.99628566
2019-08-02 00:00:00,61.0,10361.31200008
2019-08-03 00:00:00,61.0,10529.17190743
2019-08-04 00:00:00,62.0,10791.20052316
2019-08-05 00:00:00,64.0,10951.59383484
2019-08-06 00:00:00,66.0,11818.52553107
2019-08-07 00:00:00,45.0,11510.16415473
2019-08-08 00:00:00,61.0,11970.65755645
2019-08-09 00:00:00,60.0,12024.331571
2019-08-10 00:00:00,59.0,11852.561607
2019-08-11 00:00:00,45.0,11327.84264223
2019-08-12 00:00:00,48.0,11549.99835432
2019-08-13 00:00:00,45.0,11381.24135568
2019-08-14 00:00:00,11.0,10903.65499188
2019-08-15 00:00:00,13.0,10016.21738928
2019-08-16 00:00:00,31.0,10295.87714291
2019-08-17 00:00:00,20.0,10324.99359742
2019-08-18 00:00:00,14.0,10224.21870663
2019-08-19 00:00:00,30.0,10309.87243593
2019-08-20 00:00:00,39.0,10895.97184443
2019-08-21 00:00:00,11.0,10743.7893133
2019-08-22 00:00:00,5.0,10124.05821417
2019-08-23 00:00:00,33.0,10127.78985768
2019-08-24 00:00:00,39.0,10385.50909003
2019-08-25 00:00:00,33.0,10145.01247971
2019-08-26 00:00:00,41.0,10090.06157603
2019-08-27 00:00:00,30.0,10334.91185447
2019-08-28 00:00:00,32.0,10167.88939002
2019-08-29 00:00:00,20.0,9753.4870489
2019-08-30 00:00:00,24.0,9485.14142378
2019-08-31 00:00:00,20.0,9588.98750206
2019-09-01 00:00:00,24.0,9607.2892643
2019-09-02 00:00:00,28.0,9729.26623187
2019-09-03 00:00:00,41.0,10323.02266038
2019-09-04 00:00:00,43.0,10620.16518936
2019-09-05 00:00:00,41.0,10573.51517903
2019-09-06 00:00:00,43.0,10570.24994079
2019-09-07 00:00:00,39.0,10350.74832572
2019-09-08 00:00:00,43.0,10461.5477312
2019-09-09 00:00:00,41.0,10404.33390045
2019-09-10 00:00:00,41.0,10321.93161353
2019-09-11 00:00:00,38.0,10121.10229721
2019-09-12 00:00:00,39.0,10150.71002364
2019-09-13 00:00:00,38.0,10401.31991934
2019-09-14 00:00:00,39.0,10355.62689862
2019-09-15 00:00:00,38.0,10349.55195823
2019-09-16 00:00:00,38.0,10305.67502016
2019-09-17 00:00:00,41.0,10268.42169688
2019-09-18 00:00:00,38.0,10203.07104682
2019-09-19 00:00:00,31.0,10158.85451738
2019-09-20 00:00:00,41.0,10253.23237468
2019-09-21 00:00:00,37.0,10178.4425727
2019-09-22 00:00:00,37.0,9997.19988782
2019-09-23 00:00:00,41.0,10041.30420062
2019-09-24 00:00:00,39.0,9699.5049381
2019-09-25 00:00:00,15.0,8702.71352803
2019-09-26 00:00:00,12.0,8446.24411555
2019-09-27 00:00:00,24.0,8098.80982049
2019-09-28 00:00:00,32.0,8183.48234757
2019-09-29 00:00:00,33.0,8225.11037185
2019-09-30 00:00:00,27.0,8064.38098339
2019-10-01 00:00:00,38.0,8271.29085547
2019-10-02 00:00:00,39.0,8366.50390566
2019-10-03 00:00:00,37.0,8350.13216324
2019-10-04 00:00:00,30.0,8176.35467941
2019-10-05 00:00:00,31.0,8156.51955384
2019-10-06 00:00:00,32.0,8140.24248427
2019-10-07 00:00:00,27.0,7890.23434986
2019-10-08 00:00:00,39.0,8182.25159308
2019-10-09 00:00:00,37.0,8180.69113018
2019-10-10 00:00:00,41.0,8573.06008645
2019-10-11 00:00:00,39.0,8561.51932922
2019-10-12 00:00:00,38.0,8277.84835109
2019-10-13 00:00:00,38.0,8308.47096743
2019-10-14 00:00:00,37.0,8289.49723662
2019-10-15 00:00:00,39.0,8347.35035009
2019-10-16 00:00:00,40.0,8175.86311211
2019-10-17 00:00:00,40.0,8010.30217979
2019-10-18 00:00:00,40.0,8079.93145948
2019-10-19 00:00:00,41.0,7957.314094
2019-10-20 00:00:00,37.0,7949.80226861
2019-10-21 00:00:00,37.0,8208.36262176
2019-10-22 00:00:00,39.0,8220.91853113
2019-10-23 00:00:00,33.0,8045.29424681
2019-10-24 00:00:00,20.0,7468.53253244
2019-10-25 00:00:00,24.0,7433.91534568
2019-10-26 00:00:00,53.0,8652.03002987
2019-10-27 00:00:00,50.0,9217.23603154
2019-10-28 00:00:00,52.0,9502.02011444
2019-10-29 00:00:00,54.0,9239.89728378
2019-10-30 00:00:00,53.0,9407.16335146
2019-10-31 00:00:00,50.0,9171.87447405
2019-11-01 00:00:00,49.0,9151.82459446
2019-11-02 00:00:00,51.0,9233.41380161
2019-11-03 00:00:00,56.0,9302.83461784
2019-11-04 00:00:00,49.0,9204.28635045
2019-11-05 00:00:00,54.0,9378.95391433
2019-11-06 00:00:00,53.0,9300.37396305
2019-11-07 00:00:00,54.0,9340.04865157
2019-11-08 00:00:00,42.0,9221.07378498
2019-11-09 00:00:00,38.0,8795.8960694
2019-11-10 00:00:00,39.0,8809.78367389
2019-11-11 00:00:00,40.0,9043.6732924
2019-11-12 00:00:00,39.0,8729.91741849
2019-11-13 00:00:00,38.0,8806.75199895
2019-11-14 00:00:00,41.0,8770.78082523
2019-11-15 00:00:00,38.0,8652.02528827
2019-11-16 00:00:00,41.0,8480.43554187
2019-11-17 00:00:00,38.0,8496.37695915
2019-11-18 00:00:00,38.0,8508.49943405
2019-11-19 00:00:00,32.0,8202.83444611
2019-11-20 00:00:00,32.0,8138.83160536
2019-11-21 00:00:00,30.0,8095.86563801
2019-11-22 00:00:00,20.0,7632.4947655
2019-11-23 00:00:00,23.0,7293.01394917
2019-11-24 00:00:00,21.0,7309.68924357
2019-11-25 00:00:00,17.0,6935.7386274
2019-11-26 00:00:00,21.0,7118.26488339
2019-11-27 00:00:00,20.0,7157.68473105
2019-11-28 00:00:00,32.0,7483.75419218
2019-11-29 00:00:00,31.0,7438.62176931
2019-11-30 00:00:00,38.0,7720.86501126
2019-12-01 00:00:00,25.0,7556.39758582
2019-12-02 00:00:00,28.0,7405.80847875
2019-12-03 00:00:00,28.0,7308.98244442
2019-12-04 00:00:00,24.0,7286.08095151
2019-12-05 00:00:00,21.0,7209.97141745
2019-12-06 00:00:00,29.0,7373.78249858
2019-12-07 00:00:00,32.0,7530.9228304
2019-12-08 00:00:00,28.0,7493.54515456
2019-12-09 00:00:00,32.0,7508.31566914
2019-12-10 00:00:00,26.0,7347.03695125
2019-12-11 00:00:00,20.0,7233.95048717
2019-12-12 00:00:00,23.0,7197.42682588
2019-12-13 00:00:00,22.0,7200.70701803
2019-12-14 00:00:00,27.0,7247.35027701
2019-12-15 00:00:00,21.0,7081.74025527
2019-12-16 00:00:00,24.0,7108.56302178
2019-12-17 00:00:00,23.0,6901.03691534
2019-12-18 00:00:00,15.0,6627.16251455
2019-12-19 00:00:00,21.0,7274.76850379
2019-12-20 00:00:00,23.0,7152.55869163
2019-12-21 00:00:00,23.0,7185.43917963
2019-12-22 00:00:00,20.0,7141.55485705
2019-12-23 00:00:00,33.0,7488.1961746
2019-12-24 00:00:00,25.0,7335.20761618
2019-12-25 00:00:00,22.0,7266.60819663
2019-12-26 00:00:00,39.0,7204.18487569
2019-12-27 00:00:00,38.0,7208.48930789
2019-12-28 00:00:00,37.0,7247.62371237
2019-12-29 00:00:00,37.0,7307.88752268
2019-12-30 00:00:00,40.0,7394.02928553
2019-12-31 00:00:00,38.0,7240.42891225
2020-01-01 00:00:00,37.0,7195.15389543
2020-01-02 00:00:00,39.0,7193.75466796
2020-01-03 00:00:00,38.0,6963.85335398
2020-01-04 00:00:00,38.0,7300.34693531
2020-01-05 00:00:00,39.0,7351.37705317
2020-01-06 00:00:00,41.0,7349.97224805
2020-01-07 00:00:00,40.0,7734.67551579
2020-01-08 00:00:00,51.0,8147.41523764
2020-01-09 00:00:00,44.0,8045.78912459
2020-01-10 00:00:00,41.0,7832.79564384
2020-01-11 00:00:00,50.0,8180.5131698
2020-01-12 00:00:00,45.0,8012.08578181
2020-01-13 00:00:00,49.0,8171.40118532
2020-01-14 00:00:00,56.0,8110.6479645
2020-01-15 00:00:00,54.0,8801.87121314
2020-01-16 00:00:00,55.0,8820.850106
2020-01-17 00:00:00,54.0,8720.91950137
2020-01-18 00:00:00,51.0,8902.56899523
2020-01-19 00:00:00,53.0,8906.90267515
2020-01-20 00:00:00,48.0,8690.38056954
2020-01-21 00:00:00,49.0,8631.25395433
2020-01-22 00:00:00,52.0,8724.81862293
2020-01-23 00:00:00,49.0,8665.4369141
2020-01-24 00:00:00,40.0,8415.95602734
2020-01-25 00:00:00,41.0,8432.09667579
2020-01-26 00:00:00,42.0,8348.66566508
2020-01-27 00:00:00,50.0,8595.72829849
2020-01-28 00:00:00,54.0,8879.33554871
2020-01-29 00:00:00,57.0,9320.80585387
2020-01-30 00:00:00,57.0,9276.89382109
2020-01-31 00:00:00,55.0,9509.80513558
2020-02-01 00:00:00,57.0,9308.06028556
2020-02-02 00:00:00,57.0,9363.2242068
2020-02-03 00:00:00,59.0,9338.41663194
2020-02-04 00:00:00,56.0,9308.91270229
2020-02-05 00:00:00,53.0,9179.95928108
2020-02-06 00:00:00,61.0,9592.1838739
2020-02-07 00:00:00,56.0,9744.63657816
2020-02-08 00:00:00,56.0,9799.44845582
2020-02-09 00:00:00,56.0,9890.70165819
2020-02-10 00:00:00,57.0,10148.37971913
2020-02-11 00:00:00,52.0,9890.12122402
2020-02-12 00:00:00,61.0,10226.92576922
2020-02-13 00:00:00,65.0,10328.89756584
2020-02-14 00:00:00,63.0,10221.2603092
2020-02-15 00:00:00,64.0,10320.15714051
2020-02-16 00:00:00,59.0,9894.13612379
2020-02-17 00:00:00,49.0,9943.67360258
2020-02-18 00:00:00,53.0,9723.60502642
2020-02-19 00:00:00,50.0,10133.81741708
2020-02-20 00:00:00,44.0,9618.40924825
2020-02-21 00:00:00,44.0,9608.16918128
2020-02-22 00:00:00,43.0,9673.01180027
2020-02-23 00:00:00,46.0,9658.60605838
2020-02-24 00:00:00,46.0,9946.71612347
2020-02-25 00:00:00,44.0,9670.96080647
2020-02-26 00:00:00,41.0,9345.34270173
2020-02-27 00:00:00,39.0,8801.65712947
2020-02-28 00:00:00,40.0,8781.1752822
2020-02-29 00:00:00,38.0,8717.33143136
2020-03-01 00:00:00,39.0,8552.98911858
2020-03-02 00:00:00,38.0,8567.80224868
2020-03-03 00:00:00,38.0,8905.87610426
2020-03-04 00:00:00,40.0,8756.71857674
2020-03-05 00:00:00,41.0,8758.64699319
2020-03-06 00:00:00,39.0,9038.87032323
2020-03-07 00:00:00,38.0,9135.84506603
2020-03-08 00:00:00,33.0,8902.20195011
2020-03-09 00:00:00,17.0,8041.36553807
2020-03-10 00:00:00,16.0,7921.33200691
2020-03-11 00:00:00,17.0,7906.73152851
2020-03-12 00:00:00,14.0,7935.52204017
2020-03-13 00:00:00,10.0,5142.99045902
2020-03-14 00:00:00,8.0,5542.81954237
2020-03-15 00:00:00,12.0,5214.18911238
2020-03-16 00:00:00,9.0,5397.93335744
2020-03-17 00:00:00,8.0,5032.50135149
2020-03-18 00:00:00,11.0,5389.41577503
2020-03-19 00:00:00,12.0,5376.28074785
2020-03-20 00:00:00,9.0,6170.20060024
2020-03-21 00:00:00,9.0,6195.60350526
2020-03-22 00:00:00,11.0,6145.77089125
2020-03-23 00:00:00,10.0,5859.6474303
2020-03-24 00:00:00,12.0,6456.34748596
2020-03-25 00:00:00,13.0,6730.17378237
2020-03-26 00:00:00,14.0,6695.9006184
2020-03-27 00:00:00,12.0,6765.56207893
2020-03-28 00:00:00,8.0,6397.82632833
2020-03-29 00:00:00,12.0,6255.00039869
2020-03-30 00:00:00,10.0,5915.33715479
2020-03-31 00:00:00,12.0,6403.14123557
2020-04-01 00:00:00,12.0,6421.70541389
2020-04-02 00:00:00,14.0,6640.79766631
2020-04-03 00:00:00,14.0,6807.89701789
2020-04-04 00:00:00,12.0,6732.85201839
2020-04-05 00:00:00,12.0,6859.42492372
2020-04-06 00:00:00,12.0,6788.04827261
2020-04-07 00:00:00,20.0,7297.63555829
2020-04-08 00:00:00,21.0,7196.78220244
2020-04-09 00:00:00,22.0,7342.29160115
2020-04-10 00:00:00,15.0,7294.48887512
2020-04-11 00:00:00,15.0,6864.69425701
2020-04-12 00:00:00,10.0,6878.78121259
2020-04-13 00:00:00,11.0,6913.15878747
2020-04-14 00:00:00,15.0,6857.53853751
2020-04-15 00:00:00,18.0,6860.1785357
2020-04-16 00:00:00,13.0,6629.43173803
2020-04-17 00:00:00,15.0,7059.92622476
2020-04-18 00:00:00,18.0,7035.26150399
2020-04-19 00:00:00,16.0,7242.51092949
2020-04-20 00:00:00,15.0,7127.51194969
2020-04-21 00:00:00,17.0,6856.45627835
2020-04-22 00:00:00,19.0,6842.03859763
2020-04-23 00:00:00,19.0,7109.99529118
2020-04-24 00:00:00,20.0,7382.79314412
2020-04-25 00:00:00,24.0,7495.3935875
2020-04-26 00:00:00,21.0,7538.55768728
2020-04-27 00:00:00,28.0,7683.86741508
2020-04-28 00:00:00,26.0,7774.28155445
2020-04-29 00:00:00,26.0,7758.23025519
2020-04-30 00:00:00,44.0,8744.43028702
2020-05-01 00:00:00,40.0,8610.63580374
2020-05-02 00:00:00,40.0,8824.81841355
2020-05-03 00:00:00,45.0,8966.30701469
2020-05-04 00:00:00,44.0,8888.67191269
2020-05-05 00:00:00,40.0,8884.40781358
2020-05-06 00:00:00,42.0,9003.24055762
2020-05-07 00:00:00,49.0,9144.68703972
2020-05-08 00:00:00,55.0,9959.16641626
2020-05-09 00:00:00,56.0,9821.8113153
2020-05-10 00:00:00,48.0,9566.77718721
2020-05-11 00:00:00,40.0,8752.61708775
2020-05-12 00:00:00,39.0,8604.75159102
2020-05-13 00:00:00,41.0,8788.46674941
2020-05-14 00:00:00,40.0,9283.08601266
2020-05-15 00:00:00,44.0,9796.49452702
2020-05-16 00:00:00,41.0,9309.29535941
2020-05-17 00:00:00,40.0,9375.29710843
2020-05-18 00:00:00,50.0,9666.3271934
2020-05-19 00:00:00,50.0,9708.43985879
2020-05-20 00:00:00,52.0,9760.19893716
2020-05-21 00:00:00,49.0,9526.50759301
2020-05-22 00:00:00,42.0,9059.96250687
2020-05-23 00:00:00,40.0,9131.76727508
2020-05-24 00:00:00,43.0,9170.36106351
2020-05-25 00:00:00,41.0,8731.84852587
2020-05-26 00:00:00,39.0,8883.69176986
2020-05-27 00:00:00,39.0,8839.13066327
2020-05-28 00:00:00,41.0,9174.118564
2020-05-29 00:00:00,48.0,9546.04563504
2020-05-30 00:00:00,48.0,9427.12037339
2020-05-31 00:00:00,51.0,9662.70587255
2020-06-01 00:00:00,50.0,9466.96178143
2020-06-02 00:00:00,56.0,10167.93069333
2020-06-03 00:00:00,48.0,9515.24385866
2020-06-04 00:00:00,54.0,9645.22786936
2020-06-05 00:00:00,53.0,9776.20299179
2020-06-06 00:00:00,54.0,9636.96552705
2020-06-07 00:00:00,54.0,9662.858709
2020-06-08 00:00:00,53.0,9738.60335683
2020-06-09 00:00:00,52.0,9773.0295131
2020-06-10 00:00:00,54.0,9767.00531666
2020-06-11 00:00:00,52.0,9874.89868183
2020-06-12 00:00:00,38.0,9325.9968562
2020-06-13 00:00:00,38.0,9469.53329751
2020-06-14 00:00:00,40.0,9469.47345616
2020-06-15 00:00:00,37.0,9345.96090772
2020-06-16 00:00:00,39.0,9431.7192622
2020-06-17 00:00:00,38.0,9524.92661691
2020-06-18 00:00:00,40.0,9463.36141431
2020-06-19 00:00:00,39.0,9399.76721713
2020-06-20 00:00:00,38.0,9312.7801045
2020-06-21 00:00:00,37.0,9360.2479682
2020-06-22 00:00:00,38.0,9298.36082912
2020-06-23 00:00:00,41.0,9678.68320898
2020-06-24 00:00:00,50.0,9624.68429183
2020-06-25 00:00:00,43.0,9288.06177449
2020-06-26 00:00:00,40.0,9258.66716101
2020-06-27 00:00:00,43.0,9166.48636042
2020-06-28 00:00:00,40.0,9013.90556468
2020-06-29 00:00:00,41.0,9139.9032763
2020-06-30 00:00:00,44.0,9185.16654065
2020-07-01 00:00:00,42.0,9149.72199676
2020-07-02 00:00:00,42.0,9230.67299859
2020-07-03 00:00:00,41.0,9094.31807217
2020-07-04 00:00:00,40.0,9071.38504278
2020-07-05 00:00:00,38.0,9132.90836953
2020-07-06 00:00:00,40.0,9087.40731258
2020-07-07 00:00:00,43.0,9342.37649263
2020-07-08 00:00:00,44.0,9253.63098024
2020-07-09 00:00:00,44.0,9432.17251583
2020-07-10 00:00:00,41.0,9235.71630206
2020-07-11 00:00:00,44.0,9282.91363884
2020-07-12 00:00:00,41.0,9234.31467471
2020-07-13 00:00:00,43.0,9297.47963587
2020-07-14 00:00:00,43.0,9240.76251972
2020-07-15 00:00:00,44.0,9247.06069596
2020-07-16 00:00:00,43.0,9203.37143518
2020-07-17 00:00:00,41.0,9136.48337636
2020-07-18 00:00:00,44.0,9156.27658312
2020-07-19 00:00:00,41.0,9168.40273656
2020-07-20 00:00:00,44.0,9202.6158395
2020-07-21 00:00:00,44.0,9163.15965458
2020-07-22 00:00:00,50.0,9384.3797519
2020-07-23 00:00:00,55.0,9514.30498763
2020-07-24 00:00:00,53.0,9589.81771944
2020-07-25 00:00:00,55.0,9535.93879574
2020-07-26 00:00:00,55.0,9691.82513892
2020-07-27 00:00:00,58.0,9925.75139748
2020-07-28 00:00:00,76.0,10962.25848121
2020-07-29 00:00:00,71.0,10904.91652692
2020-07-30 00:00:00,76.0,11093.61224044
2020-07-31 00:00:00,75.0,11116.30716369
2020-08-01 00:00:00,75.0,11325.55152727
2020-08-02 00:00:00,80.0,11812.09430727
2020-08-03 00:00:00,75.0,11066.30624059
2020-08-04 00:00:00,72.0,11230.90776275
2020-08-05 00:00:00,75.0,11181.91750803
2020-08-06 00:00:00,79.0,11719.26352395
2020-08-07 00:00:00,77.0,11768.12774224
2020-08-08 00:00:00,77.0,11571.48798068
2020-08-09 00:00:00,79.0,11739.13100641
2020-08-10 00:00:00,78.0,11682.85146915
2020-08-11 00:00:00,84.0,11862.9380127
2020-08-12 00:00:00,75.0,11398.6710609
2020-08-13 00:00:00,75.0,11579.8679516
2020-08-14 00:00:00,78.0,11817.1640388
2020-08-15 00:00:00,79.0,11777.39132249
2020-08-16 00:00:00,82.0,11864.90581016
2020-08-17 00:00:00,83.0,11901.7764883
2020-08-18 00:00:00,82.0,12272.46580816
2020-08-19 00:00:00,80.0,11949.61097063
2020-08-20 00:00:00,75.0,11733.27897086
2020-08-21 00:00:00,81.0,11861.83657728
2020-08-22 00:00:00,78.0,11515.12429873
2020-08-23 00:00:00,76.0,11676.38530508
2020-08-24 00:00:00,78.0,11647.92812093
2020-08-25 00:00:00,75.0,11758.82812037
2020-08-26 00:00:00,76.0,11350.75347321
2020-08-27 00:00:00,75.0,11465.00256403
2020-08-28 00:00:00,74.0,11300.39836381
2020-08-29 00:00:00,79.0,11519.11838816
2020-08-30 00:00:00,75.0,11481.48182332
2020-08-31 00:00:00,75.0,11701.00400866
2020-09-01 00:00:00,75.0,11672.32410494
2020-09-02 00:00:00,83.0,11895.22534535
2020-09-03 00:00:00,79.0,11418.25475692
2020-09-04 00:00:00,40.0,10197.45982277
2020-09-05 00:00:00,41.0,10484.47039227
2020-09-06 00:00:00,41.0,10177.78971805
2020-09-07 00:00:00,41.0,10260.01772775
2020-09-08 00:00:00,41.0,10359.44521699
2020-09-09 00:00:00,38.0,10125.01495607
2020-09-10 00:00:00,38.0,10230.15469936
2020-09-11 00:00:00,41.0,10342.15939121
2020-09-12 00:00:00,41.0,10378.22304458
2020-09-13 00:00:00,38.0,10439.38467226
2020-09-14 00:00:00,39.0,10328.86606599
2020-09-15 00:00:00,47.0,10661.09623514
2020-09-16 00:00:00,43.0,10787.58020808
2020-09-17 00:00:00,48.0,10952.24996911
2020-09-18 00:00:00,49.0,10937.99639696
2020-09-19 00:00:00,48.0,10927.15031029
2020-09-20 00:00:00,52.0,11083.9983612
2020-09-21 00:00:00,48.0,10923.32666818
2020-09-22 00:00:00,39.0,10439.52248879
2020-09-23 00:00:00,43.0,10527.58784674
2020-09-24 00:00:00,39.0,10223.78410639
2020-09-25 00:00:00,46.0,10726.53008332
2020-09-26 00:00:00,45.0,10681.99384811
2020-09-27 00:00:00,47.0,10743.19287976
2020-09-28 00:00:00,43.0,10765.30052166
2020-09-29 00:00:00,45.0,10672.02854426
2020-09-30 00:00:00,49.0,10837.51658651
2020-10-01 00:00:00,45.0,10770.88134747
2020-10-02 00:00:00,41.0,10627.97606396
2020-10-03 00:00:00,40.0,10572.67484301
2020-10-04 00:00:00,42.0,10546.65625538
2020-10-05 00:00:00,42.0,10670.70081134
2020-10-06 00:00:00,47.0,10784.94940309
2020-10-07 00:00:00,43.0,10605.95779131
2020-10-08 00:00:00,46.0,10668.0110108
2020-10-09 00:00:00,48.0,10888.66654684
2020-10-10 00:00:00,53.0,11063.25238626
2020-10-11 00:00:00,55.0,11286.54194204
2020-10-12 00:00:00,52.0,11377.81487676
2020-10-13 00:00:00,56.0,11543.18376077
2020-10-14 00:00:00,53.0,11426.10554422
2020-10-15 00:00:00,56.0,11435.57243758
2020-10-16 00:00:00,52.0,11495.58499573
2020-10-17 00:00:00,56.0,11319.09778568
2020-10-18 00:00:00,55.0,11365.81413103
2020-10-19 00:00:00,55.0,11495.89997569
2020-10-20 00:00:00,56.0,11752.14686392
2020-10-21 00:00:00,61.0,11908.70892325
2020-10-22 00:00:00,73.0,12806.43572673
2020-10-23 00:00:00,74.0,12951.04406004
2020-10-24 00:00:00,73.0,12928.07229635
2020-10-25 00:00:00,76.0,13106.04601926
2020-10-26 00:00:00,75.0,13021.41084212
2020-10-27 00:00:00,61.0,13060.79221208
2020-10-28 00:00:00,70.0,13655.18541588
2020-10-29 00:00:00,67.0,13282.99934829
2020-10-30 00:00:00,74.0,13441.87849603
2020-10-31 00:00:00,73.0,13537.17427152
2020-11-01 00:00:00,72.0,13778.63763835
2020-11-02 00:00:00,71.0,13720.36146515
2020-11-03 00:00:00,71.0,13558.36179552
2020-11-04 00:00:00,74.0,13989.97635818
2020-11-05 00:00:00,72.0,14101.71605081
2020-11-06 09:30:58,90.0,15333.0
2020-11-07 00:20:02,88.0,15642.0
2020-11-08 00:20:02,82.0,14789.0
2020-11-09 00:20:01,90.0,15455.5
2020-11-10 00:20:01,90.0,15260.0
2020-11-11 02:44:12,86.0,15399.5
2020-11-12 00:20:02,87.0,15573.5
2020-11-13 00:20:02,89.0,16330.0
2020-11-14 00:20:01,90.0,16298.5
2020-11-15 00:20:02,86.0,16083.0
2020-11-16 00:20:01,90.0,15917.0
2020-11-17 00:20:02,86.0,16750.0
2020-11-18 00:20:03,91.0,17796.5
2020-11-19 00:20:01,94.0,17665.0
2020-11-20 00:20:04,86.0,17925.5
2020-11-21 00:20:02,91.0,18729.0
2020-11-22 00:20:02,94.0,18765.5
2020-11-23 00:20:02,90.0,18476.5
2020-11-24 00:20:01,88.0,18368.5
2020-11-25 00:20:04,94.0,19198.0
2020-11-26 00:20:01,93.0,18814.5
2020-11-27 00:20:01,86.0,17049.0
2020-11-28 00:20:01,87.0,17047.0
2020-11-29 00:20:01,89.0,17688.0
2020-11-30 00:20:02,88.0,18309.5
2020-12-01 00:20:01,95.0,19690.5
2020-12-02 00:20:02,92.0,18709.0
2020-12-03 00:20:04,92.0,19264.0
2020-12-04 00:20:03,92.0,19473.0
2020-12-05 00:20:01,93.0,18618.5
2020-12-06 00:20:04,95.0,19195.5
2020-12-07 00:20:02,94.0,19365.5
2020-12-08 00:20:04,95.0,19163.5
2020-12-09 00:20:02,86.0,18345.5
2020-12-10 00:20:02,94.0,18468.0
2020-12-11 00:20:02,89.0,18194.0
2020-12-12 00:20:04,90.0,18180.0
2020-12-13 00:20:02,91.0,18855.5
2020-12-14 00:20:02,95.0,19100.5
2020-12-15 00:20:02,91.0,19269.5
2020-12-16 00:20:03,92.0,19389.5
2020-12-17 00:20:03,92.0,21386.0
2020-12-18 00:20:02,95.0,22660.0
2020-12-19 00:20:01,93.0,23066.0
2020-12-20 00:20:01,92.0,23671.0
2020-12-21 00:20:03,92.0,23556.5
2020-12-22 00:20:04,88.0,22896.0
2020-12-23 00:20:01,93.0,23769.5
2020-12-24 00:20:01,86.0,22980.5
2020-12-25 00:20:01,94.0,23600.0
2020-12-26 00:20:01,93.0,24604.0
2020-12-27 00:20:02,91.0,26527.5
2020-12-28 00:20:02,92.0,26567.5
2020-12-29 00:20:02,91.0,26918.0
2020-12-30 00:20:02,91.0,27713.5
2020-12-31 00:20:01,95.0,29344.5
2021-01-01 00:20:01,94.0,28870.0
2021-01-02 00:20:02,94.0,29261.0
2021-01-03 00:20:01,93.0,32079.5
2021-01-04 00:20:01,94.0,33138.5
2021-01-05 00:20:01,93.0,32479.0
2021-01-06 00:20:02,95.0,33745.5
2021-01-07 00:20:01,91.0,36764.5
2021-01-08 00:20:01,93.0,39549.5
2021-01-09 00:20:02,93.0,40941.5
2021-01-10 00:20:02,94.0,40585.0
2021-01-11 00:20:02,90.0,37746.5
2021-01-12 00:20:02,84.0,34577.5
2021-01-13 00:20:02,78.0,33568.0
2021-01-14 00:20:02,83.0,37766.0
2021-01-15 00:20:02,88.0,39549.0
2021-01-16 00:20:01,84.0,37212.5
2021-01-17 00:20:02,79.0,35699.5
2021-01-18 00:20:02,79.0,35900.0
2021-01-19 00:20:02,80.0,36715.5
2021-01-20 00:20:02,78.0,36045.0
2021-01-21 00:20:02,75.0,35409.5
2021-01-22 00:20:02,40.0,30204.5
2021-01-23 00:20:02,74.0,32553.0
2021-01-24 00:20:02,70.0,31872.5
2021-01-25 00:20:02,74.0,32537.5
2021-01-26 00:20:02,71.0,32484.0
2021-01-27 00:20:02,78.0,32284.0
2021-01-28 00:20:02,55.0,29976.0
2021-01-29 00:20:02,77.0,34056.0
2021-01-30 00:20:02,76.0,34652.0
2021-01-31 00:20:02,78.0,34210.5
2021-02-01 00:20:02,77.0,32479.0
2021-02-02 00:20:02,76.0,34100.0
2021-02-03 00:20:02,78.0,35945.5
2021-02-04 00:20:02,80.0,38046.0
2021-02-05 00:20:02,81.0,37110.0
2021-02-06 00:20:02,84.0,38443.0
2021-02-07 00:20:02,86.0,39367.5
2021-02-08 00:20:02,83.0,39076.0
2021-02-09 00:20:02,95.0,46680.5
2021-02-10 00:20:02,92.0,46777.0
2021-02-11 00:20:02,93.0,44703.0
2021-02-12 00:20:02,92.0,48768.0
2021-02-13 00:20:02,92.0,47449.5
2021-02-14 00:20:02,95.0,47599.5
2021-02-15 00:20:02,93.0,48789.0
2021-02-16 00:20:02,95.0,47797.0
2021-02-17 00:20:02,95.0,49525.0
2021-02-18 00:20:02,91.0,52397.5
2021-02-19 00:20:02,93.0,51734.0
2021-02-20 00:20:02,91.0,55491.5
2021-02-21 00:20:02,91.0,55677.5
2021-02-22 00:20:02,94.0,56865.5
2021-02-23 00:20:02,94.0,53235.0
2021-02-24 00:20:01,76.0,47818.5
2021-02-25 00:20:01,79.0,49961.5
2021-02-26 00:20:01,55.0,47027.0
2021-02-27 00:20:01,56.0,46578.5
2021-02-28 00:20:01,55.0,46486.0
2021-03-01 00:20:01,38.0,46260.5
2021-03-02 00:20:01,78.0,49962.5
2021-03-03 00:20:01,78.0,48613.0
2021-03-04 00:20:01,84.0,50391.0
2021-03-05 00:20:02,77.0,47078.5
2021-03-06 00:20:01,77.0,48984.0
2021-03-07 00:20:01,76.0,49060.5
2021-03-08 00:20:02,81.0,51612.5
2021-03-09 00:20:01,81.0,52370.5
2021-03-10 00:20:01,68.0,55633.0
2021-03-11 00:20:01,73.0,56285.0
2021-03-12 00:20:01,70.0,57788.5
2021-03-13 00:20:01,74.0,56620.0
2021-03-14 00:20:01,78.0,61465.0
2021-03-15 00:20:01,76.0,59664.0
2021-03-16 00:20:01,71.0,55814.0
2021-03-17 00:20:01,71.0,56738.0
2021-03-18 00:20:02,72.0,59340.0
2021-03-19 00:20:02,71.0,56386.0
2021-03-20 00:20:02,75.0,58324.0
2021-03-21 00:20:02,73.0,58496.5
2021-03-22 00:20:01,70.0,57310.0
2021-03-23 00:20:02,66.0,54661.5
2021-03-24 00:20:01,65.0,54010.5
2021-03-25 00:20:01,60.0,52507.5
2021-03-26 00:20:01,54.0,51826.5
2021-03-27 00:20:01,65.0,55540.0
2021-03-28 00:20:02,74.0,55869.0
2021-03-29 00:20:01,72.0,55778.5
2021-03-30 00:20:02,72.0,57549.5
2021-03-31 00:20:01,76.0,58950.0
2021-04-01 00:20:01,74.0,58954.0
2021-04-02 00:20:01,74.0,58783.5
2021-04-03 00:20:02,73.0,59400.0
2021-04-04 00:20:01,74.0,57000.0
2021-04-05 00:20:02,71.0,58187.5
2021-04-06 00:20:02,75.0,59290.0
2021-04-07 00:20:02,72.0,58190.0
2021-04-08 00:20:01,73.0,56297.5
2021-04-09 00:20:01,70.0,58190.0
2021-04-10 00:20:01,70.0,58210.5
2021-04-11 00:20:01,76.0,60330.0
2021-04-12 00:20:01,74.0,59839.5
2021-04-13 00:20:01,74.0,60251.0
2021-04-14 00:20:03,75.0,63351.0
2021-04-15 00:20:01,79.0,63286.0
2021-04-16 00:20:02,78.0,63490.5
2021-04-17 00:20:01,76.0,61584.0
2021-04-18 00:20:01,79.0,60259.0
2021-04-19 00:20:01,74.0,56046.0
2021-04-20 00:20:01,73.0,55287.0
2021-04-21 00:20:01,73.0,56647.0
2021-04-22 00:20:02,65.0,53806.5
2021-04-23 00:20:01,55.0,52081.5
2021-04-24 00:20:02,37.0,50525.0
2021-04-25 00:20:01,31.0,50280.0
2021-04-26 00:20:02,27.0,50188.0
2021-04-27 00:20:01,50.0,53807.0
2021-04-28 00:20:01,59.0,55263.5
2021-04-29 00:20:01,52.0,55064.5
2021-04-30 00:20:02,51.0,53149.0
2021-05-01 00:20:02,68.0,58116.5
2021-05-02 00:20:02,66.0,57640.5
2021-05-03 00:20:01,61.0,57356.0
2021-05-04 00:20:02,68.0,56819.5
2021-05-05 00:20:01,48.0,53834.5
2021-05-06 00:20:01,65.0,57421.5
2021-05-07 00:20:01,64.0,57028.5
2021-05-08 00:20:02,67.0,57421.5
2021-05-09 00:20:01,73.0,58945.0
2021-05-10 00:20:02,72.0,58190.5
2021-05-11 00:20:01,61.0,55664.0
2021-05-12 00:20:03,68.0,56967.5
2021-05-13 00:20:01,31.0,49032.0
2021-05-14 00:20:01,26.0,50038.0
2021-05-15 00:20:03,27.0,50012.5
2021-05-16 00:20:01,20.0,47608.0
2021-05-17 00:20:02,27.0,46207.5
2021-05-18 00:20:01,21.0,44553.0
2021-05-19 00:20:02,23.0,43232.0
2021-05-20 00:20:01,11.0,37881.0
2021-05-21 00:20:01,19.0,41025.5
2021-05-22 00:20:02,12.0,37085.0
2021-05-23 00:20:01,14.0,37350.0
2021-05-24 00:20:01,10.0,35689.0
2021-05-25 00:20:01,22.0,39055.0
2021-05-26 00:20:01,22.0,38263.0
2021-05-27 00:20:01,27.0,38812.5
2021-05-28 00:20:02,21.0,38843.0
2021-05-29 00:20:03,18.0,35965.0
2021-05-30 00:20:03,10.0,33939.0
2021-05-31 00:20:02,18.0,35455.0
2021-06-01 00:20:02,20.0,37488.5
2021-06-02 00:20:01,23.0,36489.0
2021-06-03 00:20:01,24.0,37406.0
2021-06-04 00:20:01,27.0,38812.5
2021-06-05 00:20:02,24.0,37237.0
2021-06-06 00:20:01,17.0,35542.5
2021-06-07 00:20:01,15.0,36139.5
2021-06-08 00:20:01,13.0,33900.5
2021-06-09 00:20:02,14.0,33015.5
2021-06-10 00:20:02,21.0,37006.5
2021-06-11 00:20:03,21.0,36997.0
2021-06-12 00:20:01,28.0,37220.0
2021-06-13 00:20:01,23.0,35474.0
2021-06-14 00:20:01,28.0,38928.5
2021-06-15 00:20:01,38.0,40687.5
2021-06-16 00:20:01,33.0,40069.0
2021-06-17 00:20:02,26.0,38453.5
2021-06-18 00:20:01,25.0,38091.0
2021-06-19 00:20:01,23.0,35819.5
2021-06-20 00:20:04,21.0,35260.0
2021-06-21 00:20:01,23.0,35270.0
2021-06-22 00:20:01,10.0,31297.0
2021-06-23 00:20:01,14.0,31806.0
2021-06-24 00:20:03,22.0,33624.0
2021-06-25 00:20:03,27.0,34904.5
2021-06-26 00:20:01,20.0,31796.5
2021-06-27 00:20:01,22.0,32400.0
2021-06-28 00:20:01,25.0,34521.0
2021-06-29 00:20:01,25.0,34586.0
2021-06-30 00:20:01,28.0,35880.0
2021-07-01 00:20:01,28.0,34811.0
2021-07-02 00:20:01,21.0,33838.0
2021-07-03 00:20:05,24.0,33672.5
2021-07-04 00:20:03,27.0,34579.5
2021-07-05 00:20:02,29.0,34903.0
2021-07-06 00:20:01,20.0,33931.0
2021-07-07 00:20:01,28.0,34250.0
2021-07-08 00:20:01,20.0,33690.0
2021-07-09 00:20:01,20.0,32789.5
2021-07-10 00:20:01,20.0,33968.5
2021-07-11 00:20:02,20.0,33745.5
2021-07-12 00:20:01,25.0,34145.0
2021-07-13 00:20:01,20.0,32843.0
2021-07-14 00:20:01,21.0,32620.5
2021-07-15 00:20:01,20.0,32730.0
2021-07-16 00:20:02,22.0,31743.5
2021-07-17 00:20:01,15.0,31222.5
2021-07-18 00:20:02,19.0,31599.0
2021-07-19 00:20:02,24.0,31800.0
2021-07-20 00:20:01,19.0,30901.0
2021-07-21 00:20:01,10.0,29776.5
2021-07-22 00:20:01,21.0,31374.5
2021-07-23 00:20:01,23.0,32298.0
2021-07-24 00:20:01,22.0,33498.0
2021-07-25 00:20:01,27.0,34391.0
2021-07-26 00:20:01,26.0,35663.0
2021-07-27 00:20:02,32.0,37264.0
2021-07-28 00:20:02,50.0,39247.5
2021-07-29 00:20:01,50.0,40039.5
2021-07-30 00:20:01,53.0,40109.5
2021-07-31 00:20:01,60.0,42040.0
2021-08-01 00:20:01,60.0,41538.0
2021-08-02 00:20:03,48.0,39940.0
2021-08-03 00:20:01,48.0,39002.5
2021-08-04 00:20:02,42.0,38100.0
2021-08-05 00:20:01,50.0,39698.5
2021-08-06 00:20:01,52.0,40840.0
2021-08-07 00:20:01,69.0,42840.0
2021-08-08 00:20:01,74.0,44619.5
2021-08-09 00:20:02,65.0,43460.0
2021-08-10 00:20:01,71.0,46090.0
2021-08-11 00:20:01,70.0,45709.5
2021-08-12 00:20:04,70.0,45803.0
2021-08-13 00:20:01,70.0,44285.5
2021-08-14 00:20:01,76.0,47671.5
2021-08-15 00:20:01,71.0,47205.0
2021-08-16 00:20:02,72.0,47749.5
2021-08-17 00:20:02,72.0,45717.0
2021-08-18 00:20:01,73.0,44868.5
2021-08-19 00:20:01,70.0,44579.0
2021-08-20 00:20:01,70.0,47017.0
2021-08-21 00:20:01,78.0,49051.5
2021-08-22 00:20:01,76.0,48775.0
2021-08-23 00:20:01,79.0,49391.5
2021-08-24 00:20:01,79.0,49611.0
2021-08-25 00:20:01,73.0,47938.5
2021-08-26 00:20:01,75.0,48892.0
2021-08-27 00:20:01,71.0,46410.0
2021-08-28 00:20:01,78.0,48940.5
2021-08-29 00:20:01,72.0,48834.5
2021-08-30 00:20:01,73.0,48721.5
2021-08-31 00:20:01,73.0,46906.5
2021-09-01 00:20:01,71.0,47057.0
2021-09-02 00:20:01,74.0,48930.0
2021-09-03 00:20:01,74.0,49350.0
2021-09-04 00:20:01,72.0,49984.0
2021-09-05 00:20:01,73.0,49865.0
2021-09-06 00:20:01,79.0,51910.0
2021-09-07 00:20:01,79.0,52611.0
2021-09-08 00:20:01,47.0,46596.5
2021-09-09 00:20:01,45.0,46095.5
2021-09-10 00:20:01,46.0,46381.5
2021-09-11 00:20:02,31.0,45000.0
2021-09-12 00:20:01,32.0,45167.5
2021-09-13 00:20:01,44.0,46230.0
2021-09-14 00:20:01,30.0,45060.5
2021-09-15 00:20:01,49.0,47049.0
2021-09-16 00:20:01,53.0,48030.0
2021-09-17 00:20:01,48.0,47810.0
2021-09-18 00:20:01,50.0,47252.0
2021-09-19 00:20:01,53.0,48201.5
2021-09-20 00:20:01,50.0,47077.5
2021-09-21 00:20:01,27.0,41245.5
2021-09-22 00:20:01,21.0,41150.0
2021-09-23 00:20:01,27.0,43480.5
2021-09-24 00:20:01,33.0,44780.0
2021-09-25 00:20:01,28.0,42800.0
2021-09-26 00:20:01,27.0,42483.0
2021-09-27 00:20:01,26.0,42995.5
2021-09-28 00:20:01,25.0,42257.5
2021-09-29 00:20:01,24.0,40802.0
2021-09-30 00:20:01,20.0,41739.5
2021-10-01 00:20:01,27.0,43775.0
2021-10-02 00:20:01,54.0,47779.0
2021-10-03 00:20:01,49.0,47685.5
2021-10-04 00:20:01,54.0,48039.5
2021-10-05 00:20:01,59.0,49451.0
2021-10-06 00:20:01,68.0,51366.0
2021-10-07 00:20:01,76.0,55157.0
2021-10-08 00:20:02,74.0,53991.0
2021-10-09 00:20:01,72.0,54100.0
2021-10-10 00:20:01,71.0,55059.0
2021-10-11 00:20:01,71.0,54665.0
2021-10-12 00:20:01,78.0,56939.5
2021-10-13 00:20:01,70.0,56099.5
2021-10-14 00:20:01,70.0,57460.0
2021-10-15 00:20:01,71.0,57275.5
2021-10-16 00:20:01,78.0,61388.5
2021-10-17 00:20:01,79.0,60777.5
2021-10-18 00:20:01,78.0,61501.0
2021-10-19 00:20:01,75.0,62171.0
2021-10-20 00:20:01,82.0,64150.5
2021-10-21 00:20:01,84.0,65832.0
2021-10-22 00:20:01,75.0,62325.5
2021-10-23 00:20:01,74.0,60467.5
2021-10-24 00:20:01,73.0,61246.0
2021-10-25 00:20:01,72.0,60980.5
2021-10-26 00:20:01,76.0,63079.5
2021-10-27 00:20:01,73.0,60643.0
2021-10-28 00:20:01,66.0,58880.5
2021-10-29 00:20:01,70.0,60470.0
2021-10-30 00:20:01,73.0,62211.5
2021-10-31 00:20:01,74.0,62349.5
2021-11-01 00:20:01,74.0,61699.5
2021-11-02 00:20:02,73.0,61370.5
2021-11-03 00:20:01,76.0,63137.5
2021-11-04 00:20:01,73.0,63095.0
2021-11-05 00:20:01,73.0,61120.5
2021-11-06 00:20:01,71.0,61212.5
2021-11-07 00:20:01,73.0,61539.5
2021-11-08 00:20:01,75.0,64246.5
2021-11-09 00:20:01,84.0,67391.5
2021-11-10 00:20:01,75.0,67393.0
2021-11-11 00:20:01,77.0,64385.0
2021-11-12 00:20:01,74.0,64745.5
2021-11-13 00:20:01,72.0,64320.5
2021-11-14 00:20:01,74.0,64816.5
2021-11-15 00:20:01,72.0,66065.5
2021-11-16 00:20:01,71.0,62748.5
2021-11-17 00:20:01,52.0,59870.5
2021-11-18 00:20:01,54.0,60650.5
2021-11-19 00:20:01,34.0,57156.5
2021-11-20 00:20:01,43.0,58472.0
2021-11-21 00:20:01,49.0,59585.5
2021-11-22 00:20:01,50.0,58261.5
2021-11-23 00:20:01,33.0,56251.0
2021-11-24 00:20:02,42.0,57493.5
2021-11-25 00:20:01,32.0,57414.0
2021-11-26 00:20:01,47.0,58990.0
2021-11-27 00:20:01,21.0,54245.5
2021-11-28 00:20:01,27.0,54769.5
2021-11-29 00:20:01,33.0,57276.5
2021-11-30 00:20:01,40.0,57925.0
2021-12-01 00:20:01,34.0,57444.5
2021-12-02 00:20:01,32.0,56958.0
2021-12-03 00:20:01,31.0,56586.0
2021-12-04 00:20:01,25.0,53817.0
2021-12-05 00:20:01,18.0,49638.0
2021-12-06 00:20:01,16.0,48780.5
2021-12-07 00:20:01,25.0,50461.0
2021-12-08 00:20:01,28.0,50432.5
2021-12-09 00:20:01,29.0,50726.5
2021-12-10 00:20:01,24.0,47873.5
2021-12-11 00:20:01,16.0,46972.5
2021-12-12 00:20:01,27.0,49548.5
2021-12-13 00:20:01,28.0,50086.5
2021-12-14 00:20:01,21.0,46396.5
2021-12-15 00:20:01,28.0,48277.5
2021-12-16 00:20:01,29.0,48984.0
2021-12-17 00:20:01,23.0,47776.0
2021-12-18 00:20:02,24.0,45968.5
2021-12-19 00:20:01,29.0,46766.0
2021-12-20 00:20:01,25.0,46285.0
2021-12-21 00:20:01,27.0,46952.5
2021-12-22 00:20:01,45.0,48910.0
2021-12-23 00:20:01,34.0,48173.0
2021-12-24 00:20:01,41.0,50784.5
2021-12-25 00:20:01,39.0,50885.0
2021-12-26 00:20:01,37.0,50386.0
2021-12-27 00:20:01,40.0,50850.0
2021-12-28 00:20:01,41.0,50323.5
2021-12-29 00:20:01,27.0,47828.0
2021-12-30 00:20:01,22.0,46074.5
2021-12-31 00:20:01,28.0,47276.0
2022-01-01 00:20:01,21.0,46268.0
2022-01-02 00:20:01,29.0,47425.5
2022-01-03 00:20:01,29.0,47155.0
2022-01-04 00:20:01,23.0,46273.5
2022-01-05 00:20:01,24.0,46071.0
2022-01-06 00:20:01,15.0,43433.5
2022-01-07 00:20:01,18.0,42845.5
2022-01-08 00:20:01,10.0,41781.5
2022-01-09 00:20:01,23.0,41544.0
2022-01-10 00:20:01,23.0,41947.5
2022-01-11 00:20:01,21.0,41687.0
2022-01-12 00:20:01,22.0,42802.5
2022-01-13 00:20:01,21.0,43851.0
2022-01-14 00:20:01,21.0,42681.5
2022-01-15 00:20:01,23.0,43027.0
2022-01-16 00:20:02,21.0,43061.0
2022-01-17 00:20:01,22.0,43011.0
2022-01-18 00:20:01,24.0,42303.5
2022-01-19 00:20:01,24.0,42249.5
2022-01-20 00:20:01,24.0,41813.0
2022-01-21 00:20:01,19.0,40749.0
2022-01-22 00:20:01,13.0,36161.0
2022-01-23 00:20:01,11.0,35125.0
2022-01-24 00:20:01,13.0,35950.0
2022-01-25 00:20:01,12.0,36606.5
2022-01-26 00:20:01,23.0,36752.0
2022-01-27 00:20:01,20.0,36970.0
2022-01-28 00:20:01,24.0,37268.0
2022-01-29 00:20:01,24.0,37886.5
2022-01-30 00:20:01,29.0,38223.5
2022-01-31 00:20:01,20.0,37656.0
2022-02-01 00:20:01,26.0,38342.0
2022-02-02 00:20:01,28.0,38803.5
2022-02-03 00:20:01,20.0,36872.0
2022-02-04 00:20:01,20.0,37198.5
2022-02-05 00:20:01,33.0,41631.0
2022-02-06 00:20:01,37.0,41410.5
2022-02-07 00:20:01,45.0,41968.0
2022-02-08 00:20:01,48.0,43722.5
2022-02-09 00:20:01,54.0,44163.0
2022-02-10 00:20:01,50.0,44124.0
2022-02-11 00:20:01,50.0,43269.0
2022-02-12 00:20:01,44.0,42344.5
2022-02-13 00:20:01,44.0,42155.5
2022-02-14 00:20:01,46.0,42160.0
2022-02-15 00:20:01,46.0,42547.5
2022-02-16 00:20:01,51.0,44234.0
2022-02-17 00:20:01,52.0,43871.5
2022-02-18 00:20:01,30.0,40459.0
2022-02-19 00:20:01,25.0,40137.5
2022-02-20 00:20:01,27.0,40050.0
2022-02-21 00:20:01,25.0,38388.5
2022-02-22 00:20:01,20.0,37051.5
2022-02-23 00:20:01,25.0,38251.0
2022-02-24 00:20:01,23.0,37257.0
2022-02-25 00:20:01,27.0,38473.0
2022-02-26 00:20:01,26.0,39323.5
2022-02-27 00:20:01,26.0,39200.5
2022-02-28 00:20:01,20.0,37741.5
2022-03-01 00:20:01,51.0,43272.5
2022-03-02 00:20:01,52.0,44563.0
2022-03-03 00:20:01,39.0,43816.5
2022-03-04 00:20:02,33.0,42180.5
2022-03-05 00:20:02,22.0,38995.0
2022-03-06 00:20:02,22.0,39500.0
2022-03-07 00:20:02,23.0,38249.5
2022-03-08 00:20:02,21.0,38087.5
2022-03-09 00:20:02,22.0,38740.0
2022-03-10 00:20:02,28.0,42020.0
2022-03-11 00:20:02,22.0,39339.5
2022-03-12 00:20:02,22.0,38847.5
2022-03-13 00:20:02,21.0,38907.5
2022-03-14 00:20:02,23.0,37801.0
2022-03-15 00:20:02,21.0,39428.5
2022-03-16 00:20:01,24.0,39298.0
2022-03-17 00:20:02,27.0,41030.0
2022-03-18 00:20:02,25.0,40833.5
2022-03-19 00:20:02,28.0,41825.0
2022-03-20 00:20:02,31.0,42253.5
2022-03-21 00:20:02,30.0,41256.5
2022-03-22 00:20:02,26.0,40949.5
2022-03-23 00:20:02,31.0,42440.0
2022-03-24 00:20:02,40.0,43050.5
2022-03-25 00:20:02,47.0,43905.0
2022-03-26 00:20:02,51.0,44410.5
2022-03-27 00:20:02,49.0,44531.0
2022-03-28 00:20:02,60.0,46736.0
2022-03-29 00:20:02,56.0,47253.5
2022-03-30 00:20:02,55.0,47367.5
2022-03-31 00:20:02,52.0,47121.0
2022-04-01 00:20:02,50.0,45556.5
2022-04-02 00:20:02,52.0,46171.0
2022-04-03 00:20:02,48.0,45930.0
2022-04-04 00:20:02,52.0,46245.0
2022-04-05 00:20:02,53.0,46609.5
2022-04-06 00:20:02,48.0,44804.0
2022-04-07 00:20:02,34.0,43394.5
2022-04-08 00:20:02,37.0,43469.5
2022-04-09 00:20:02,30.0,42266.0
2022-04-10 00:20:02,34.0,42669.5
2022-04-11 00:20:02,32.0,42039.5
2022-04-12 00:20:02,20.0,39611.5
2022-04-13 00:20:02,25.0,40130.5
2022-04-14 00:20:02,28.0,41090.5
2022-04-15 00:20:02,22.0,39971.0
2022-04-16 00:20:02,28.0,40475.0
2022-04-17 00:20:02,28.0,40369.0
2022-04-18 00:20:02,24.0,39713.5
2022-04-19 00:20:02,27.0,40891.5
2022-04-20 00:20:02,27.0,41483.5
2022-04-21 00:20:02,27.0,41430.0
2022-04-22 00:20:02,26.0,40371.0
2022-04-23 00:20:02,24.0,39735.5
2022-04-24 00:20:02,24.0,39546.5
2022-04-25 00:20:02,23.0,39210.0
2022-04-26 00:20:02,27.0,40403.5
2022-04-27 00:20:02,21.0,38078.0
2022-04-28 00:20:02,24.0,39192.0
2022-04-29 00:20:02,23.0,39818.0
2022-04-30 00:20:02,20.0,38641.5
2022-05-01 00:20:02,22.0,37651.0
2022-05-02 00:20:02,28.0,38585.0
2022-05-03 00:20:02,27.0,38479.5
2022-05-04 00:20:02,21.0,37772.5
2022-05-05 00:20:02,27.0,39572.0
2022-05-06 00:20:02,22.0,36440.0
2022-05-07 00:20:02,23.0,35966.0
2022-05-08 00:20:02,18.0,35333.0
2022-05-09 00:20:02,11.0,34042.5
2022-05-10 00:20:02,10.0,30060.0
2022-05-11 00:20:02,12.0,31092.0
2022-05-12 00:20:02,12.0,29153.5
2022-05-13 00:20:02,10.0,28670.5
2022-05-14 00:20:02,9.0,29391.5
2022-05-15 00:20:02,10.0,30129.5
2022-05-16 00:20:02,14.0,31041.5
2022-05-17 00:20:02,8.0,30021.0
2022-05-18 00:20:01,12.0,30575.0
2022-05-19 00:20:02,13.0,28869.5
2022-05-20 00:20:02,13.0,30214.0
2022-05-21 00:20:02,13.0,29244.5
2022-05-22 00:20:02,14.0,29397.0
2022-05-23 00:20:02,10.0,30390.5
2022-05-24 00:20:02,12.0,29170.5
2022-05-25 00:20:02,11.0,29557.5
2022-05-26 00:20:02,12.0,29693.0
2022-05-27 00:20:02,12.0,29253.5
2022-05-28 00:20:02,13.0,28727.5
2022-05-29 00:20:02,14.0,28982.5
2022-05-30 00:20:02,10.0,29325.5
2022-05-31 00:20:02,16.0,31626.5
2022-06-01 00:20:02,17.0,31810.0
2022-06-02 00:20:02,13.0,29700.0
2022-06-03 00:20:02,10.0,30438.0
2022-06-04 00:20:02,14.0,29684.0
2022-06-05 00:20:02,10.0,29855.0
2022-06-06 00:20:02,13.0,29949.5
2022-06-07 00:20:02,15.0,31148.0
2022-06-08 00:20:02,17.0,31135.5
2022-06-09 00:20:02,11.0,30114.5
2022-06-10 00:20:02,13.0,29653.0
2022-06-11 00:20:02,12.0,29140.5
2022-06-12 00:20:02,14.0,28417.0
2022-06-13 00:20:02,11.0,26637.0
2022-06-14 00:20:02,8.0,22494.5
2022-06-15 00:20:02,7.0,21986.5
2022-06-16 00:20:02,7.0,22506.0
2022-06-17 00:20:02,9.0,20512.0
2022-06-18 00:20:02,6.0,20620.5
2022-06-19 00:20:02,6.0,19001.5
2022-06-20 00:20:02,9.0,20356.0
2022-06-21 00:20:02,9.0,20479.5
2022-06-22 00:20:02,11.0,20530.0
2022-06-23 00:20:02,11.0,20153.5
2022-06-24 00:20:01,11.0,21145.5
2022-06-25 00:20:02,14.0,21225.0
2022-06-26 00:20:02,14.0,21384.0
2022-06-27 00:20:02,12.0,21000.5
2022-06-28 00:20:02,10.0,20813.5
2022-06-29 00:20:02,13.0,20293.0
2022-06-30 00:20:01,11.0,20082.5
2022-07-01 00:20:01,11.0,19754.5
2022-07-02 00:20:01,14.0,19330.0
2022-07-03 00:20:01,11.0,19185.5
2022-07-04 00:20:01,14.0,19270.0
2022-07-05 00:20:01,19.0,20254.0
2022-07-06 00:20:01,18.0,20158.5
2022-07-07 00:20:01,18.0,20512.5
2022-07-08 00:20:01,20.0,21611.5
2022-07-09 00:20:01,24.0,21513.5
2022-07-10 00:20:01,24.0,21502.0
2022-07-11 00:20:01,22.0,20663.5
2022-07-12 00:20:01,16.0,19930.5
2022-07-13 00:20:01,15.0,19288.5
2022-07-14 00:20:01,18.0,20209.5
2022-07-15 00:20:01,15.0,20470.0
2022-07-16 00:20:01,21.0,20803.5
2022-07-17 00:20:01,24.0,21274.0
2022-07-18 00:20:01,20.0,20866.0
2022-07-19 00:20:01,30.0,22633.5
2022-07-20 00:20:01,31.0,23254.5
2022-07-21 00:20:01,34.0,23341.5
2022-07-22 00:20:01,33.0,23171.0
2022-07-23 00:20:01,31.0,22705.0
2022-07-24 00:20:01,30.0,22597.5
2022-07-25 00:20:01,30.0,22594.0
2022-07-26 00:20:01,26.0,21124.5
2022-07-27 00:20:01,28.0,21215.0
2022-07-28 00:20:01,32.0,22856.5
2022-07-29 00:20:01,39.0,23731.0
2022-07-30 00:20:01,42.0,23892.0
2022-07-31 00:20:01,39.0,23672.0
2022-08-01 00:20:01,33.0,23275.5
2022-08-02 00:20:02,31.0,23289.0
2022-08-03 00:20:02,34.0,22895.5
2022-08-04 00:20:02,30.0,22875.0
2022-08-05 00:20:02,31.0,22628.0
2022-08-06 00:20:02,31.0,23255.0
2022-08-07 00:20:02,30.0,22958.0
2022-08-08 00:20:02,30.0,23308.0
2022-08-09 00:20:02,42.0,23815.5
2022-08-10 00:20:02,31.0,23037.5
2022-08-11 00:20:02,41.0,24035.5
2022-08-12 00:20:02,42.0,23827.0
2022-08-13 00:20:02,46.0,24362.0
2022-08-14 00:20:02,47.0,24354.0
2022-08-15 00:20:02,45.0,24245.5
2022-08-16 00:20:02,44.0,24018.5
2022-08-17 00:20:02,41.0,24017.0
2022-08-18 00:20:02,30.0,23385.5
2022-08-19 00:20:02,33.0,23014.5
2022-08-20 00:20:02,29.0,20956.5
2022-08-21 00:20:02,27.0,21196.5
2022-08-22 00:20:02,29.0,21459.5
2022-08-23 00:20:02,28.0,21373.0
2022-08-24 00:20:02,25.0,21475.5
2022-08-25 00:20:02,25.0,21342.5
2022-08-26 00:20:02,27.0,21465.5
2022-08-27 00:20:02,28.0,20202.0
2022-08-28 00:20:02,28.0,20002.0
2022-08-29 00:20:02,24.0,19561.5
2022-08-30 00:20:02,27.0,20204.5
2022-08-31 00:20:02,23.0,19869.5
2022-09-01 00:20:02,20.0,20066.5
2022-09-02 00:20:02,25.0,20082.5
2022-09-03 00:20:02,21.0,19960.0
2022-09-04 00:20:02,20.0,19827.5
2022-09-05 00:20:02,23.0,19925.0
2022-09-06 00:20:02,22.0,19907.5
2022-09-07 00:20:02,24.0,18715.0
2022-09-08 00:20:02,20.0,19348.0
2022-09-09 00:20:02,22.0,19388.5
2022-09-10 00:20:02,28.0,21317.0
2022-09-11 00:20:02,26.0,21596.0
2022-09-12 00:20:02,25.0,21774.5
2022-09-13 00:20:02,34.0,22315.0
2022-09-14 00:20:02,27.0,20100.0
2022-09-15 00:20:02,28.0,20239.5
2022-09-16 00:20:02,20.0,19613.0
2022-09-17 00:20:02,22.0,19788.0
2022-09-18 00:20:02,27.0,19954.0
2022-09-19 00:20:02,21.0,19406.5
2022-09-20 00:20:02,23.0,19500.5
2022-09-21 00:20:02,23.0,18925.0
2022-09-22 00:20:02,22.0,18376.0
2022-09-23 00:20:02,20.0,19380.0
2022-09-24 00:20:02,24.0,19147.0
2022-09-25 00:20:02,24.0,18933.5
2022-09-26 00:20:02,21.0,18888.0
2022-09-27 00:20:02,20.0,19345.5
2022-09-28 00:20:02,20.0,19181.5
2022-09-29 00:20:02,22.0,19452.0
2022-09-30 00:20:02,21.0,19509.0
2022-10-01 00:20:02,20.0,19450.0
2022-10-02 00:20:02,24.0,19297.5
2022-10-03 00:20:02,24.0,19032.0
2022-10-04 00:20:02,20.0,19667.5
2022-10-05 00:20:02,25.0,20185.0
2022-10-06 00:20:02,26.0,20269.5
2022-10-07 00:20:02,23.0,20021.0
2022-10-08 00:20:02,24.0,19568.5
2022-10-09 00:20:02,22.0,19425.5
2022-10-10 00:20:02,22.0,19421.5
2022-10-11 00:20:02,24.0,18983.5
2022-10-12 00:20:03,20.0,19068.0
2022-10-13 00:20:02,20.0,19142.0
2022-10-14 00:20:02,24.0,19342.5
2022-10-15 00:20:02,24.0,19199.0
2022-10-16 00:20:02,24.0,19094.0
2022-10-17 00:20:02,20.0,19232.0
2022-10-18 00:20:02,22.0,19567.0
2022-10-19 00:20:02,23.0,19279.0
2022-10-20 00:20:01,23.0,19136.5
2022-10-21 00:20:01,23.0,19016.5
2022-10-22 00:20:02,20.0,19147.0
2022-10-23 00:20:02,23.0,19200.0
2022-10-24 00:20:02,22.0,19555.5
2022-10-25 00:20:02,20.0,19295.5
2022-10-26 00:20:02,33.0,20139.5
2022-10-27 00:20:02,32.0,20835.0
2022-10-28 00:20:02,30.0,20228.0
2022-10-29 00:20:02,34.0,20587.0
2022-10-30 00:20:02,34.0,20791.0
2022-10-31 00:20:02,31.0,20659.5
2022-11-01 00:20:02,30.0,20471.0
2022-11-02 00:20:02,30.0,20465.5
2022-11-03 00:20:02,30.0,20128.0
2022-11-04 00:20:02,30.0,20246.0
2022-11-05 00:20:02,38.0,21114.5
2022-11-06 00:20:02,40.0,21292.0
2022-11-07 00:20:02,33.0,20938.0
2022-11-08 00:20:02,31.0,20545.0
2022-11-10 00:20:02,22.0,15952.5
2022-11-11 00:20:02,25.0,17400.5
2022-11-12 00:20:02,21.0,16905.0
2022-11-13 00:20:02,22.0,16796.0
2022-11-14 00:20:02,24.0,16338.5
2022-11-15 00:20:02,22.0,16560.0
2022-11-16 00:20:02,23.0,16854.5
2022-11-17 00:20:02,20.0,16693.5
2022-11-18 00:20:02,23.0,16834.0
2022-11-19 00:20:02,23.0,16654.5
2022-11-20 00:20:02,24.0,16673.5
2022-11-21 00:20:02,21.0,16203.0
2022-11-22 00:20:02,22.0,15830.5
2022-11-23 00:20:02,22.0,16159.0
2022-11-24 00:20:02,20.0,16537.5
2022-11-25 00:20:02,20.0,16538.5
2022-11-26 00:20:02,22.0,16523.5
2022-11-27 00:20:02,26.0,16440.5
2022-11-28 00:20:02,28.0,16475.5
2022-11-29 00:20:02,26.0,16109.0
2022-11-30 00:20:02,29.0,16448.0
2022-12-01 00:20:02,27.0,17163.5
2022-12-02 00:20:02,27.0,16954.5
2022-12-03 00:20:02,27.0,17037.5
2022-12-04 00:20:02,26.0,16953.5
2022-12-05 00:20:02,26.0,17095.0
2022-12-06 00:20:02,25.0,16977.5
2022-12-07 00:20:02,29.0,17035.5
2022-12-08 00:20:02,25.0,16844.5
2022-12-09 00:20:02,26.0,17230.0
2022-12-10 00:20:02,27.0,17130.0
2022-12-11 00:20:02,26.0,17122.0
2022-12-12 00:20:02,27.0,16980.5
2022-12-13 00:20:02,27.0,17175.0
2022-12-14 00:20:02,30.0,17765.0
2022-12-15 00:20:02,31.0,17845.5
2022-12-16 00:20:02,29.0,17366.5
2022-12-17 00:20:02,28.0,16660.0
2022-12-18 00:20:02,26.0,16742.5
2022-12-19 00:20:02,29.0,16768.5
2022-12-20 00:20:02,29.0,16414.5
2022-12-21 00:20:02,26.0,16865.5
2022-12-22 00:20:02,28.0,16806.5
2022-12-23 00:20:02,27.0,16783.0
2022-12-24 00:20:02,29.0,16804.0
2022-12-25 00:20:02,29.0,16831.0
2022-12-26 00:20:02,28.0,16811.0
2022-12-27 00:20:02,27.0,16927.5
2022-12-28 00:20:02,28.0,16691.5
2022-12-29 00:20:02,28.0,16544.5
2022-12-30 00:20:02,28.0,16604.0
2022-12-31 00:20:02,25.0,16583.0
2023-01-01 00:20:02,26.0,16520.5
2023-01-02 00:20:02,27.0,16601.5
2023-01-03 00:20:02,26.0,16682.5
2023-01-04 00:20:02,29.0,16656.0
2023-01-05 00:20:02,29.0,16859.5
2023-01-06 00:20:02,26.0,16820.0
2023-01-07 00:20:02,25.0,16938.5
2023-01-08 00:20:02,25.0,16939.5
2023-01-09 00:20:02,25.0,17129.5
2023-01-10 00:20:02,26.0,17177.5
2023-01-11 00:20:02,26.0,17448.0
2023-01-12 00:20:02,30.0,17919.0
2023-01-13 00:20:02,31.0,18850.5
2023-01-14 00:20:02,46.0,20221.5
2023-01-15 00:20:02,52.0,20907.0
2023-01-16 00:20:02,45.0,20832.0
2023-01-17 00:20:02,51.0,21265.5
2023-01-18 00:20:02,52.0,21149.5
2023-01-19 00:20:02,45.0,20725.5
2023-01-20 00:20:02,51.0,21033.5
2023-01-21 00:20:02,53.0,22526.5
2023-01-22 00:20:02,53.0,22845.0
2023-01-23 00:20:02,50.0,22702.0
2023-01-24 00:20:02,52.0,22948.5
2023-01-25 00:20:02,51.0,22570.5
2023-01-26 00:20:02,54.0,23096.5
2023-01-27 00:20:02,55.0,22967.0
2023-01-28 00:20:02,52.0,23074.5
2023-01-29 00:20:02,55.0,22973.0
2023-01-30 00:20:02,61.0,23715.0
2023-01-31 00:20:02,51.0,22786.0
2023-02-01 00:20:02,56.0,23055.5
2023-02-02 00:20:02,60.0,23721.0
2023-02-03 00:20:02,60.0,23550.5
2023-02-04 00:20:02,58.0,23409.0
2023-02-05 00:20:02,58.0,23316.5
2023-02-06 00:20:02,56.0,23013.5
2023-02-07 00:20:02,54.0,22804.5
2023-02-08 00:20:02,58.0,23228.5
2023-02-09 00:20:02,55.0,22943.5
2023-02-10 00:20:02,48.0,21840.0
2023-02-11 00:20:02,49.0,21598.5
2023-02-12 00:20:02,50.0,21838.0
2023-02-13 00:20:02,48.0,21727.5
2023-02-14 00:20:02,50.0,21761.0
2023-02-15 00:20:02,53.0,22166.5
2023-02-16 00:20:02,62.0,24819.0
2023-02-17 00:20:02,61.0,23623.5
2023-02-18 00:20:02,60.0,24703.0
2023-02-19 00:20:02,60.0,24652.0
2023-02-20 00:20:02,58.0,24385.5
2023-02-21 00:20:02,60.0,24790.5
2023-02-22 00:20:02,59.0,24432.0
2023-02-23 00:20:02,56.0,24241.5
2023-02-24 00:20:02,53.0,24004.0
2023-02-25 00:20:02,52.0,23181.0
2023-02-26 00:20:02,51.0,23124.5
2023-02-27 00:20:02,50.0,23513.0
2023-02-28 00:20:02,53.0,23502.5
2023-03-01 00:20:02,50.0,23173.0
2023-03-02 00:20:02,51.0,23723.0
2023-03-03 00:20:02,50.0,23421.5
2023-03-04 00:20:02,50.0,22333.5
2023-03-05 00:20:02,47.0,22339.5
2023-03-06 00:20:02,48.0,22417.5
2023-03-07 00:20:02,49.0,22385.5
2023-03-08 00:20:02,50.0,22241.5
2023-03-09 00:20:02,44.0,21694.0
2023-03-10 00:20:02,34.0,20151.5
2023-03-11 00:20:02,33.0,20198.5
2023-03-12 00:20:02,33.0,20524.5
2023-03-13 00:20:02,49.0,22254.0
2023-03-14 00:20:02,56.0,24168.5
2023-03-15 00:20:02,50.0,24637.5
2023-03-16 00:20:02,52.0,24392.0
2023-03-17 00:20:02,51.0,25020.0
2023-03-18 00:20:02,64.0,27126.5
2023-03-19 00:20:02,63.0,27070.5
2023-03-20 00:20:02,66.0,28017.5
2023-03-21 00:20:02,68.0,27860.5
2023-03-22 00:20:02,62.0,28150.0
2023-03-23 00:20:02,57.0,27393.0
2023-03-24 00:20:02,61.0,28380.5
2023-03-25 00:20:02,64.0,27493.0
2023-03-26 00:20:02,64.0,27470.0
2023-03-27 00:20:02,64.0,27955.0
2023-03-28 00:20:02,59.0,27080.5
2023-03-29 00:20:02,57.0,27290.5
2023-03-30 00:20:02,60.0,28412.0
2023-03-31 00:20:02,63.0,27962.5
2023-04-01 00:20:02,61.0,28531.5
2023-04-02 00:20:02,63.0,28482.0
2023-04-03 00:20:02,63.0,28145.0
2023-04-04 00:20:02,62.0,27825.0
2023-04-05 00:20:02,62.0,28152.0
2023-04-06 00:20:02,63.0,28093.0
2023-04-07 00:20:02,64.0,27992.0
2023-04-08 00:20:02,61.0,27880.5
2023-04-09 00:20:02,61.0,27975.5
2023-04-10 00:20:02,62.0,28364.0
2023-04-11 00:20:02,68.0,29667.0
2023-04-12 00:20:02,65.0,30265.5
2023-04-13 00:20:02,61.0,29870.0
2023-04-14 00:20:02,68.0,30362.0
2023-04-15 00:20:02,68.0,30452.0
2023-04-16 00:20:02,68.0,30310.0
2023-04-17 00:20:02,69.0,30246.5
2023-04-18 00:20:02,58.0,29384.0
2023-04-19 00:20:02,63.0,30382.5
2023-04-20 00:20:02,52.0,28792.5
2023-04-21 00:20:02,50.0,28283.0
2023-04-22 00:20:02,53.0,27290.5
2023-04-23 00:20:02,56.0,27756.5
2023-04-24 00:20:02,53.0,27519.5
2023-04-25 00:20:02,53.0,27540.0
2023-04-26 00:20:02,56.0,28413.5
2023-04-27 00:20:02,59.0,28851.0
2023-04-28 00:20:02,64.0,29425.5
2023-04-29 00:20:02,64.0,29315.5
2023-04-30 00:20:02,60.0,29210.0
2023-05-01 00:20:02,63.0,29277.5
2023-05-02 00:20:02,55.0,28003.5
2023-05-03 00:20:02,64.0,28610.0
2023-05-04 00:20:02,64.0,29078.5
2023-05-05 00:20:02,61.0,28860.0
2023-05-06 00:20:02,60.0,29539.5
2023-05-07 00:20:02,64.0,28891.0
2023-05-08 00:20:02,60.0,28675.5
2023-05-09 00:20:02,51.0,27736.0
2023-05-10 00:20:02,52.0,27698.5
2023-05-11 00:20:02,52.0,27584.5
2023-05-12 00:20:02,49.0,26964.0
2023-05-13 00:20:02,48.0,26730.0
2023-05-15 00:20:02,50.0,26793.0
2023-05-16 00:20:02,54.0,27256.0
2023-05-17 00:20:02,50.0,26987.0
2023-05-18 00:20:02,51.0,27438.5
2023-05-19 00:20:02,48.0,26868.0
2023-05-20 00:20:02,48.0,26869.0
2023-05-21 00:20:02,52.0,27060.0
2023-05-22 00:20:02,49.0,26767.5
2023-05-23 00:20:02,50.0,26858.0
2023-05-24 00:20:02,50.0,27181.5
2023-05-25 00:20:02,51.0,26278.0
2023-05-26 00:20:02,49.0,26456.0
2023-05-27 00:20:02,48.0,26680.5
2023-05-28 00:20:02,50.0,26787.5
2023-05-29 00:20:02,52.0,28358.5
2023-05-30 00:20:02,51.0,27740.5
2023-05-31 00:20:02,51.0,27691.5
2023-06-01 00:20:02,52.0,27280.5
2023-06-02 00:20:02,50.0,26764.5
2023-06-03 00:20:02,53.0,27197.0
2023-06-04 00:20:02,52.0,27061.5
2023-06-05 00:20:02,53.0,27054.5
2023-06-06 00:20:02,44.0,25738.5
2023-06-07 00:20:02,53.0,27170.5
2023-06-08 00:20:02,50.0,26347.5
2023-06-09 00:20:02,50.0,26474.5
2023-06-10 00:20:02,49.0,26458.5
2023-06-11 00:20:02,47.0,25784.0
2023-06-12 00:20:02,47.0,25898.0
2023-06-13 00:20:02,45.0,25989.0
2023-06-14 00:20:02,46.0,25940.5
2023-06-15 00:20:02,41.0,25125.0
2023-06-16 00:20:02,47.0,25495.5
2023-06-17 00:20:02,47.0,26344.0
2023-06-18 00:20:02,49.0,26502.5
2023-06-19 00:20:02,47.0,26364.5
2023-06-20 00:20:02,49.0,26805.0
2023-06-21 00:20:02,59.0,28284.5
2023-06-22 00:20:02,65.0,29975.0
2023-06-23 00:20:02,65.0,30022.5
2023-06-24 00:20:02,62.0,30622.5
2023-06-25 00:20:02,64.0,30562.0
2023-06-26 00:20:02,55.0,30442.5
2023-06-27 00:20:02,59.0,30275.5
2023-06-28 00:20:02,62.0,30500.0
2023-06-29 00:20:02,54.0,30085.0
2023-06-30 00:20:01,56.0,30422.5
2023-07-01 00:20:01,59.0,30469.0
2023-07-02 00:20:01,63.0,30567.5
2023-07-03 00:20:01,62.0,30683.5
2023-07-04 00:20:01,64.0,31134.5
2023-07-05 00:20:01,61.0,30802.0
2023-07-06 00:20:01,56.0,30443.5
2023-07-07 00:20:02,55.0,29966.0
2023-07-08 00:20:02,58.0,30326.0
2023-07-09 00:20:02,55.0,30265.5
2023-07-10 00:20:02,56.0,30020.0
2023-07-11 00:20:02,57.0,30485.0
2023-07-12 00:20:02,64.0,30566.0
2023-07-13 00:20:01,57.0,30411.0
2023-07-14 00:20:01,60.0,31409.0
2023-07-15 00:20:01,56.0,30259.5
2023-07-16 00:20:01,57.0,30287.0
2023-07-17 00:20:01,54.0,30290.5
2023-07-18 00:20:01,56.0,30119.0
2023-07-19 00:20:01,50.0,29882.5
2023-07-20 00:20:01,56.0,29909.5
2023-07-21 00:20:01,50.0,29758.0
2023-07-22 00:20:01,52.0,29918.0
2023-07-23 00:20:01,54.0,29777.5
2023-07-24 00:20:01,55.0,30065.0
2023-07-25 00:20:01,50.0,29142.0
2023-07-26 00:20:01,51.0,29181.0
2023-07-27 00:20:01,51.0,29299.0
2023-07-28 00:20:01,52.0,29211.0
2023-07-29 00:20:01,52.0,29305.0
2023-07-30 00:20:01,52.0,29343.0
2023-07-31 00:20:01,50.0,29259.0
2023-08-01 00:20:01,53.0,29216.0
2023-08-02 00:20:01,53.0,29688.5
2023-08-03 00:20:01,52.0,29182.0
2023-08-04 00:20:01,54.0,29206.5
2023-08-05 00:20:01,50.0,29064.0
2023-08-06 00:20:01,49.0,29038.5
2023-08-07 00:20:01,49.0,29053.0
2023-08-08 00:20:01,54.0,29170.5
2023-08-09 00:20:01,50.0,29797.5
2023-08-10 00:20:01,53.0,29582.0
2023-08-11 00:20:03,51.0,29443.0
2023-08-12 00:20:01,54.0,29379.0
2023-08-13 00:20:01,54.0,29404.0
2023-08-14 00:20:01,50.0,29270.0
2023-08-15 00:20:01,53.0,29397.0
2023-08-16 00:20:01,52.0,29192.0
2023-08-17 00:20:01,50.0,28685.0
2023-09-01 00:20:01,40.0,25992.0
2023-09-02 00:20:01,39.0,25788.0
2023-09-03 00:20:01,40.0,25852.5
2023-09-04 00:20:01,40.0,25928.5
2023-09-05 00:20:01,40.0,25780.5
2023-09-06 00:20:01,42.0,25791.0
2023-09-07 00:20:01,41.0,25747.5
2023-09-08 00:20:01,46.0,26229.0
2023-09-09 00:20:01,41.0,25879.5
2023-09-10 00:20:01,40.0,25866.5
2023-09-11 00:20:01,40.0,25835.0
2023-09-12 00:20:01,30.0,25146.5
2023-09-13 00:20:01,41.0,25866.5
2023-09-14 00:20:01,45.0,26193.5
2023-09-15 00:20:01,45.0,26484.0
2023-09-16 00:20:01,43.0,26639.5
2023-09-17 00:20:01,46.0,26500.0
2023-09-18 00:20:01,46.0,26513.0
2023-09-19 00:20:01,46.0,26719.0
2023-09-20 00:20:01,47.0,27217.0
2023-09-21 00:20:01,47.0,27077.0
2023-09-22 00:20:01,43.0,26531.5
2023-09-23 00:20:01,47.0,26587.5
2023-09-24 00:20:01,44.0,26573.0
2023-09-25 00:20:01,47.0,26111.5
2023-09-26 00:20:01,46.0,26260.0
2023-09-27 00:20:01,44.0,26213.5
2023-09-28 00:20:01,46.0,26399.5
2023-09-29 00:20:01,48.0,27088.0
2023-09-30 00:20:01,47.0,26911.0
2023-10-01 00:20:01,48.0,26970.0
2023-10-02 00:20:01,50.0,27944.5
2023-10-03 00:20:01,50.0,27510.5
2023-10-04 00:20:01,49.0,27359.0
2023-10-05 00:20:01,48.0,27727.5
2023-10-06 00:20:01,50.0,27395.5
2023-10-07 00:20:01,49.0,27915.0
2023-10-08 00:20:01,50.0,27960.5
2023-10-09 00:20:01,50.0,27862.0
2023-10-10 00:20:01,50.0,27584.0
2023-10-11 00:20:01,47.0,27381.5
2023-10-12 00:20:03,45.0,26810.5
2023-10-13 00:20:02,44.0,26812.5
2023-10-14 00:20:02,47.0,26850.5
2023-10-15 00:20:02,45.0,26830.0
2023-10-16 00:20:02,47.0,27122.0
2023-10-17 00:20:02,52.0,28441.5
2023-10-18 00:20:02,50.0,28422.0
2023-10-19 00:20:02,52.0,28301.5
2023-10-20 00:20:03,53.0,28686.5
2023-10-21 00:20:02,63.0,29666.5
2023-10-22 00:20:02,53.0,29953.0
2023-10-23 00:20:02,53.0,29958.5
2023-10-24 00:20:02,66.0,33039.0
2023-10-25 00:20:02,72.0,33950.0
2023-10-26 00:20:03,71.0,34560.5
2023-10-27 00:20:02,70.0,34090.0
2023-10-28 00:20:02,65.0,33892.0
2023-10-29 00:20:02,72.0,34111.0
2023-10-30 00:20:02,68.0,34563.0
2023-10-31 00:20:02,66.0,34560.0
2023-11-01 00:20:02,66.0,34652.5
2023-11-02 00:20:02,72.0,35566.5
2023-11-03 00:20:02,65.0,34870.0
2023-11-04 00:20:02,68.0,34727.0
2023-11-05 00:20:02,70.0,35029.0
2023-11-06 00:20:02,74.0,35019.5
2023-11-07 00:20:02,68.0,35071.0
2023-11-08 00:20:02,66.0,35394.5
2023-11-09 00:20:02,69.0,35725.0
2023-11-10 00:20:01,70.0,36683.5
2023-11-11 00:20:02,70.0,37378.5
2023-11-12 00:20:02,73.0,37094.0
2023-11-13 00:20:02,72.0,37105.0
2023-11-14 00:20:02,69.0,36312.0
2023-11-15 00:20:02,60.0,35632.5
2023-11-16 00:20:02,70.0,37908.5
2023-11-17 00:20:02,63.0,36134.0
2023-11-18 00:20:02,69.0,36480.0
2023-11-19 00:20:03,66.0,36549.5
2023-11-20 00:20:02,69.0,37255.0
2023-11-21 00:20:02,71.0,37507.5
2023-11-22 00:20:02,62.0,35949.0
2023-11-23 00:20:02,66.0,37430.0
2023-11-24 00:20:02,66.0,37278.0
2023-11-25 00:20:02,73.0,37743.5
2023-11-26 00:20:02,73.0,37760.0
2023-11-27 00:20:02,66.0,37486.5
2023-11-28 00:20:02,68.0,37208.5
2023-11-29 00:20:02,72.0,37714.0
2023-11-30 00:20:02,74.0,37773.0
2023-12-01 00:20:02,71.0,37625.5
2023-12-02 00:20:02,74.0,38696.5
2023-12-03 00:20:03,73.0,39511.5
2023-12-04 00:20:02,74.0,40173.5
2023-12-05 00:20:02,75.0,41779.0
2023-12-06 00:20:02,72.0,43990.0
2023-12-07 00:20:02,72.0,43771.5
2023-12-08 00:20:02,72.0,43369.5
2023-12-09 00:20:02,73.0,44175.0
2023-12-10 00:20:02,74.0,43776.5
2023-12-11 00:20:02,74.0,43775.0
2023-12-12 00:20:02,67.0,41376.5
2023-12-13 00:20:02,65.0,41363.0
2023-12-14 00:20:02,72.0,42826.5
2023-12-15 00:20:02,70.0,43095.0
2023-12-16 00:20:02,67.0,42015.0
2023-12-17 00:20:02,73.0,42257.5
2023-12-18 00:20:02,65.0,41255.0
2023-12-19 00:20:02,73.0,42638.5
2023-12-20 00:20:02,74.0,42383.0
2023-12-21 00:20:02,70.0,43593.5
2023-12-22 00:20:02,74.0,43886.0
2023-12-23 00:20:02,70.0,43983.0
2023-12-24 00:20:03,71.0,43642.0
2023-12-25 00:20:02,73.0,42951.5
2023-12-26 00:20:02,71.0,43596.0
2023-12-27 00:20:02,73.0,42487.5
2023-12-28 00:20:02,73.0,43505.5
2023-12-29 00:20:02,65.0,42713.0
2023-12-30 00:20:02,68.0,42133.5
2023-12-31 00:20:02,67.0,42362.5
2024-01-01 00:20:02,65.0,42481.0
2024-01-02 00:20:02,71.0,44655.5
2024-01-03 00:20:02,70.0,44977.5
2024-01-04 00:20:02,68.0,42927.0
2024-01-05 00:20:02,72.0,44228.5
2024-01-06 00:20:02,70.0,44088.5
2024-01-07 00:20:02,71.0,44004.0
2024-01-08 00:20:02,71.0,43803.0
2024-01-09 00:20:02,76.0,47094.5
2024-01-10 00:20:02,73.0,46185.0
2024-01-11 00:20:02,76.0,46331.5
2024-01-12 00:20:02,71.0,46220.5
2024-01-13 00:20:02,64.0,42795.0
2024-01-14 00:20:02,60.0,42795.5
2024-01-15 00:20:02,52.0,42106.0
2024-01-16 00:20:02,64.0,42566.0
2024-01-17 00:20:02,60.0,43056.5
2024-01-18 00:20:02,63.0,42633.5
2024-01-19 00:20:02,51.0,41200.0
2024-01-20 00:20:02,52.0,41533.5
2024-01-21 00:20:02,56.0,41644.0
2024-01-22 00:20:03,55.0,41600.0
2024-01-23 00:20:02,50.0,39733.0
2024-01-24 00:20:02,48.0,39800.0
2024-01-25 00:20:02,52.0,40040.0
2024-01-26 00:20:02,49.0,39880.5
2024-01-27 00:20:02,55.0,41777.5
2024-01-28 00:20:02,54.0,42002.5
2024-01-29 00:20:03,55.0,41872.0
2024-01-30 00:20:02,61.0,43230.0
2024-01-31 00:20:04,60.0,42838.5
2024-02-01 00:20:03,63.0,42511.0
2024-02-02 00:20:02,63.0,43306.5
2024-02-03 00:20:03,60.0,43258.0
2024-02-04 00:20:02,60.0,42968.5
2024-02-05 00:20:02,60.0,42434.5
2024-02-06 00:20:02,64.0,42622.0
2024-02-07 00:20:04,62.0,43064.0
2024-02-08 00:20:02,66.0,44397.5
2024-02-09 00:20:02,72.0,45384.0
2024-02-10 00:20:03,74.0,47212.0
2024-02-11 00:20:06,71.0,47674.0
2024-02-12 00:20:02,70.0,48372.5
2024-02-13 00:20:02,79.0,50084.5
2024-02-14 00:20:04,74.0,49617.5
2024-02-15 00:20:02,72.0,52000.5
2024-02-16 00:20:04,72.0,52000.5
2024-02-17 00:20:04,76.0,52195.0
2024-02-18 00:20:02,72.0,51740.0
2024-02-19 00:20:02,75.0,52183.5
2024-02-20 00:20:02,72.0,51811.0
2024-02-21 00:20:02,78.0,52333.5
2024-02-22 00:20:02,74.0,51766.5
2024-02-23 00:20:04,76.0,51317.5
2024-02-24 00:20:02,72.0,50753.0
2024-02-25 00:20:02,74.0,51526.0
2024-02-26 00:20:02,72.0,51722.5
2024-02-27 00:20:07,79.0,54561.5
2024-02-28 00:20:02,82.0,56948.5
2024-02-29 00:20:03,80.0,61802.0
2024-03-01 00:20:01,80.0,61529.5
2024-03-02 00:20:02,80.0,62321.0
2024-03-03 00:20:03,83.0,61913.0
2024-03-04 00:20:01,82.0,63509.0
2024-03-05 00:20:01,90.0,68430.0
2024-03-06 00:20:01,75.0,63963.5
2024-03-07 00:20:03,82.0,66142.0
2024-03-08 00:20:01,81.0,66955.5
2024-03-09 00:20:01,84.0,68281.5
2024-03-10 00:20:01,79.0,68487.0
2024-03-11 00:20:01,82.0,68815.5
2024-03-12 00:20:01,81.0,72353.5
2024-03-13 00:20:02,81.0,71389.5
2024-03-14 00:20:02,88.0,73157.5
2024-03-15 00:20:01,83.0,71573.0
2024-03-16 00:20:01,81.0,69937.5
2024-03-17 00:20:01,79.0,66085.0
2024-03-18 00:20:03,77.0,68026.0
2024-03-19 00:20:01,79.0,68133.5
2024-03-20 00:20:04,74.0,62557.0
2024-03-21 00:20:01,78.0,67901.5
2024-03-22 00:20:01,75.0,65945.5
2024-03-23 00:20:01,73.0,63722.0
2024-03-24 00:20:01,74.0,64300.0
2024-03-25 00:20:01,75.0,66887.0
2024-03-26 00:20:01,81.0,69943.5
2024-03-27 00:20:01,83.0,70045.0
2024-03-28 00:20:01,80.0,69878.0
2024-03-29 00:20:06,79.0,70740.0
2024-03-30 00:20:01,75.0,69886.5
2024-03-31 00:20:05,75.0,69909.0
2024-04-01 00:20:04,79.0,71283.5
2024-04-02 00:20:03,79.0,69439.0
2024-04-03 00:20:04,71.0,65500.0
2024-04-04 00:20:06,70.0,66119.0
2024-04-05 00:20:03,79.0,68247.5
2024-04-06 00:20:07,75.0,67838.5
2024-04-07 00:20:01,78.0,69133.5
2024-04-08 00:20:09,76.0,69298.5
2024-04-09 00:20:08,80.0,71692.5
2024-04-10 00:20:05,78.0,69194.5
2024-04-11 00:20:01,76.0,70426.0
2024-04-12 00:20:03,79.0,70266.0
2024-04-13 00:20:13,72.0,66904.5
2024-04-14 00:20:01,72.0,63676.5
2024-04-15 00:20:01,74.0,65630.5
2024-04-16 00:20:01,65.0,63382.0
2024-04-17 00:20:07,67.0,63666.5
2024-04-18 00:20:05,57.0,61010.0
2024-04-19 00:20:06,66.0,63052.0
2024-04-20 00:20:07,66.0,63462.0
2024-04-21 00:20:02,72.0,64888.5
2024-04-22 00:20:01,73.0,65120.0
2024-04-23 00:20:10,71.0,66734.5
2024-04-24 00:20:11,72.0,66439.5
2024-04-25 00:20:07,72.0,64359.5
2024-04-26 00:20:07,70.0,64422.5
2024-04-27 00:20:11,67.0,63749.5
2024-04-28 00:20:14,65.0,63416.5
2024-04-29 00:20:06,67.0,63228.0
2024-04-30 00:20:05,67.0,63740.5
2024-05-01 00:20:02,54.0,60464.5
2024-05-02 00:20:04,43.0,58233.5
2024-05-03 00:20:01,48.0,58985.0
2024-05-04 00:20:02,67.0,62907.0
2024-05-05 00:20:12,69.0,63997.5
2024-05-06 00:20:01,71.0,64134.0
2024-05-07 00:20:01,68.0,62972.0
2024-05-08 00:20:01,64.0,62501.0
2024-05-09 00:20:13,55.0,61201.0
2024-05-10 00:20:09,66.0,62836.5
2024-05-11 00:20:01,53.0,60856.0
2024-05-12 00:20:19,56.0,60914.0
2024-05-13 00:20:01,57.0,61497.0
2024-05-14 00:20:11,66.0,62873.5
2024-05-15 00:20:01,64.0,61584.5
2024-05-16 00:20:03,70.0,66335.0
2024-05-17 00:20:04,74.0,65413.0
2024-05-18 00:20:07,73.0,66912.5
2024-05-19 00:20:03,72.0,66919.5
2024-05-20 00:20:05,70.0,66165.0
2024-05-21 00:20:01,76.0,71796.5
2024-05-22 00:20:15,76.0,70145.0
2024-05-23 00:20:02,76.0,69403.0
2024-05-24 00:20:12,74.0,67755.0
2024-05-25 00:20:08,76.0,68658.0
2024-05-26 00:20:08,75.0,69216.5
2024-05-27 00:20:01,74.0,68568.0
2024-05-28 00:20:06,72.0,69324.5
2024-05-29 00:20:04,72.0,68371.0
2024-05-30 00:20:01,73.0,67696.5
2024-05-31 00:20:07,73.0,68424.0
2024-06-01 00:20:05,72.0,67463.5
2024-06-02 00:20:12,73.0,67750.0
2024-06-03 00:20:06,73.0,67730.5
2024-06-04 00:20:10,73.0,68710.5
2024-06-05 00:20:01,75.0,70531.0
2024-06-06 00:20:15,78.0,71131.5
2024-06-07 00:20:05,77.0,70801.0
2024-06-08 00:20:04,72.0,69342.0
2024-06-09 00:20:03,75.0,69285.0
2024-06-10 00:20:02,72.0,69520.5
2024-06-11 00:20:05,74.0,69518.5
2024-06-12 00:20:01,72.0,67320.0
2024-06-13 00:20:10,70.0,67951.5
2024-06-14 00:20:01,74.0,66664.5
2024-06-15 00:20:02,74.0,66037.5
2024-06-16 00:20:02,71.0,66154.0
2024-06-17 00:20:04,71.0,66536.0
2024-06-18 00:20:07,74.0,66286.0
2024-06-19 00:20:04,64.0,64878.5
2024-06-20 00:20:11,60.0,64854.5
2024-06-21 00:20:03,63.0,64605.5
2024-06-22 00:20:09,53.0,64096.5
2024-06-23 00:20:08,55.0,64305.0
2024-06-24 00:20:01,51.0,63009.0
2024-06-25 00:20:01,30.0,60375.5
2024-06-26 00:20:06,46.0,61734.5
2024-06-27 00:20:01,40.0,60870.0
2024-06-28 00:20:03,47.0,61594.0
2024-06-29 00:20:01,30.0,60428.5
2024-06-30 00:20:03,47.0,60812.0
2024-07-01 00:20:03,53.0,62599.0
2024-07-02 00:20:01,51.0,62753.5
2024-07-03 00:20:09,50.0,62138.5
2024-07-04 00:20:01,44.0,60301.5
2024-07-05 00:20:11,29.0,56919.0
2024-07-06 00:20:08,26.0,56485.0
2024-07-07 00:20:05,29.0,58038.5
2024-07-08 00:20:02,28.0,55748.0
2024-07-09 00:20:02,27.0,56618.5
2024-07-10 00:20:01,28.0,57722.5
2024-07-11 00:20:08,29.0,57502.0
2024-07-12 00:20:02,25.0,57270.5
2024-07-13 00:20:02,25.0,57876.0
2024-07-14 00:20:02,33.0,59476.5
2024-07-15 00:20:01,52.0,60713.0
2024-07-16 00:20:03,65.0,64636.5
2024-07-17 00:20:01,69.0,65355.0
2024-07-18 00:20:04,61.0,63964.0
2024-07-19 00:20:01,60.0,63677.0
2024-07-20 00:20:08,74.0,66754.5
2024-07-21 00:20:01,74.0,67332.0
2024-07-22 00:20:07,70.0,68167.5
2024-07-23 00:20:02,71.0,67674.0
2024-07-24 00:20:05,69.0,66016.0
2024-07-25 00:20:03,68.0,65456.0
2024-07-26 00:20:04,68.0,66109.5
2024-07-27 00:20:01,72.0,67898.0
2024-07-28 00:20:05,71.0,67647.0
2024-07-29 00:20:02,74.0,68871.5
2024-07-30 00:20:05,67.0,66523.5
2024-07-31 00:20:01,61.0,66008.0
2024-08-01 00:20:01,52.0,64625.0
2024-08-02 00:20:02,57.0,65470.0
2024-08-03 00:20:03,37.0,61520.0
2024-08-04 00:20:03,34.0,60768.0
2024-08-05 00:20:07,26.0,57883.6
2024-08-06 00:20:01,17.0,55370.0
2024-08-07 00:20:02,29.0,55900.3
2024-08-08 00:20:09,20.0,55125.1
2024-08-09 00:20:03,48.0,61594.0
2024-08-10 00:20:10,40.0,61067.1
2024-08-11 00:20:05,39.0,61073.2
2024-08-12 00:20:01,25.0,59076.9
2024-08-13 00:20:06,31.0,59414.4
2024-08-14 00:20:01,30.0,60574.0
2024-08-15 00:20:02,29.0,58771.9
2024-08-16 00:20:01,27.0,57543.9
2024-08-17 00:20:01,25.0,58869.8
2024-08-18 00:20:01,31.0,59482.9
2024-08-19 00:20:05,28.0,58599.9
2024-08-20 00:20:01,30.0,59477.6
2024-08-21 00:20:05,26.0,59236.6
2024-08-22 00:20:01,39.0,61111.0
2024-08-23 00:20:10,34.0,60554.1
2024-08-24 00:20:01,56.0,63977.1
2024-08-25 00:20:03,54.0,64369.2
2024-08-26 00:20:09,55.0,64251.5
2024-08-27 00:20:01,48.0,62952.2
2024-08-28 00:20:07,30.0,59200.6
2024-08-29 00:20:01,29.0,59112.1
2024-08-30 00:20:08,34.0,59137.5
2024-08-31 00:20:08,29.0,59187.4
2024-09-01 00:20:02,26.0,59019.1
2024-09-02 00:20:03,26.0,57415.4
2024-09-03 00:20:09,26.0,59103.6
2024-09-04 00:20:03,27.0,57883.6
2024-09-05 00:20:03,29.0,58138.0
2024-09-06 00:20:03,22.0,56319.2
2024-09-07 00:20:04,23.0,53877.0
2024-09-08 00:20:06,29.0,54086.0
2024-09-09 00:20:02,26.0,55085.5
2024-09-10 00:20:03,33.0,56804.3
2024-09-11 00:20:09,37.0,57511.1
2024-09-12 00:20:02,31.0,57512.5
2024-09-13 00:20:08,32.0,58125.7
2024-09-14 00:20:09,50.0,60637.8
2024-09-15 00:20:05,51.0,60027.2
2024-09-16 00:20:07,39.0,58827.5
2024-09-17 00:20:06,33.0,58280.0
2024-09-18 00:20:06,45.0,60074.6
2024-09-19 00:20:12,49.0,62018.5
2024-09-20 00:20:01,54.0,62831.4
2024-09-21 00:20:05,54.0,63097.9
2024-09-22 00:20:01,52.0,63266.0
2024-09-23 00:20:01,50.0,62805.6
2024-09-24 00:20:04,54.0,63306.7
2024-09-25 00:20:06,59.0,64105.2
2024-09-26 00:20:01,50.0,63218.9
2024-09-27 00:20:01,61.0,65179.1
2024-09-28 00:20:01,64.0,65816.0
2024-09-29 00:20:01,63.0,65888.1
2024-09-30 00:20:10,61.0,65429.6
2024-10-01 00:20:03,50.0,63042.0
2024-10-02 00:20:09,42.0,60846.7
2024-10-03 00:20:05,37.0,60624.2
2024-10-04 00:20:03,41.0,60621.7
2024-10-05 00:20:06,49.0,62077.0
2024-10-06 00:20:06,50.0,61913.0
2024-10-07 00:20:10,50.0,62882.2
2024-10-08 00:20:10,49.0,62233.5
2024-10-09 00:20:01,49.0,62137.6
2024-10-10 00:20:03,39.0,60387.2
2024-10-11 00:20:06,32.0,60229.0
2024-10-12 00:20:01,49.0,62621.1
2024-10-13 00:20:08,50.0,63159.5
2024-10-14 00:20:01,48.0,62571.8
2024-10-15 00:20:01,65.0,66079.2
2024-10-16 00:20:02,73.0,66989.8
2024-10-17 00:20:10,71.0,67666.3
2024-10-18 00:20:11,73.0,67254.0
2024-10-19 00:20:04,72.0,68350.4
2024-10-20 00:20:01,73.0,68415.3
2024-10-21 00:20:01,72.0,69390.5
2024-10-22 00:20:06,70.0,67100.8
2024-10-23 00:20:01,71.0,67153.9
2024-10-24 00:20:01,69.0,66537.0
2024-10-25 00:20:03,72.0,68195.3
2024-10-27 00:20:03,74.0,66940.0
2024-10-28 00:20:06,72.0,67979.9
2024-10-29 00:20:07,72.0,69825.1
2024-10-30 00:20:02,77.0,72503.8
2024-10-31 00:20:01,77.0,72340.9
2024-11-01 00:20:01,75.0,70377.1
2024-11-02 00:20:04,72.0,69526.6
2024-11-03 00:20:03,74.0,69282.2
2024-11-04 00:20:06,70.0,68524.9
2024-11-05 00:20:09,70.0,67957.8
2024-11-06 00:20:01,70.0,69812.9
2024-11-07 00:20:11,77.0,75481.1
2024-11-08 00:20:01,75.0,76000.3
2024-11-09 00:20:01,75.0,76583.9
2024-11-10 00:20:01,78.0,76756.9
2024-11-11 00:20:01,76.0,80550.3
2024-11-12 00:20:04,80.0,86828.9
2024-11-13 00:20:11,84.0,87812.1
2024-11-14 00:20:01,88.0,90226.8
2024-11-15 00:20:01,80.0,88272.6
2024-11-16 00:20:04,86.0,91147.3
2024-11-17 00:20:01,90.0,90887.4
2024-11-18 00:20:06,83.0,89812.8
2024-11-19 00:20:02,90.0,90714.5
2024-11-20 00:20:01,83.0,92254.8
2024-11-21 00:20:06,82.0,94495.8
2024-11-22 00:20:01,94.0,98529.6
2024-11-23 00:20:01,93.0,98938.5
2024-11-24 00:20:05,80.0,98044.9
2024-11-25 00:20:01,82.0,98087.9
2024-11-26 00:20:10,79.0,93607.7
2024-11-27 00:20:01,75.0,92305.0
2024-11-28 00:20:08,77.0,96129.8
2024-11-29 00:20:05,78.0,95597.1
2024-11-30 00:20:06,84.0,97322.4
2024-12-01 00:20:01,81.0,96675.0
2024-12-02 00:20:01,80.0,97337.1
2024-12-03 00:20:02,76.0,96095.0
2024-12-04 00:20:01,78.0,95973.1
2024-12-05 00:20:03,84.0,98822.6
2024-12-06 00:20:02,72.0,97296.6
2024-12-07 00:20:07,75.0,100235.9
2024-12-08 00:20:03,79.0,99795.1
2024-12-09 00:20:10,78.0,100600.0
2024-12-10 00:20:07,78.0,97500.3
2024-12-11 00:20:07,74.0,96667.7
2024-12-12 00:20:10,83.0,101217.8
2024-12-13 00:20:01,76.0,100326.1
2024-12-14 00:20:05,83.0,101459.9
2024-12-15 00:20:04,80.0,101449.5
2024-12-16 00:20:09,83.0,104861.1
2024-12-17 00:20:03,87.0,106260.4
2024-12-18 00:20:09,81.0,106256.0
2024-12-19 00:20:09,75.0,100691.0
2024-12-20 00:20:07,74.0,97081.0
2024-12-21 00:20:01,73.0,97253.9
2024-12-22 00:20:06,73.0,97092.7
2024-12-23 00:20:10,70.0,94642.0
2024-12-24 00:20:06,73.0,94396.1
2024-12-25 00:20:02,73.0,98442.5
2024-12-26 00:20:08,79.0,99695.3
2024-12-27 00:20:03,74.0,95309.5
2024-12-28 00:20:01,72.0,94323.0
2024-12-29 00:20:05,73.0,95034.4
2024-12-30 00:20:08,65.0,93586.9
2024-12-31 00:20:01,64.0,92524.9
2025-01-01 00:20:01,66.0,93622.0
2025-01-02 00:20:01,70.0,94313.8
2025-01-03 00:20:03,74.0,96800.0
2025-01-04 00:20:03,73.0,98111.0
2025-01-05 00:20:06,72.0,98351.8
2025-01-06 00:20:02,76.0,98351.4
2025-01-07 00:20:04,78.0,102121.4
2025-01-08 00:20:02,70.0,97089.1
2025-01-09 00:20:01,69.0,95000.0
2025-01-10 00:20:06,50.0,92556.9
2025-01-11 00:20:01,69.0,94465.1
2025-01-12 00:20:04,62.0,94520.0
2025-01-13 00:20:07,61.0,94390.1
2025-01-14 00:20:02,63.0,94590.0
2025-01-15 00:20:08,70.0,96780.1
2025-01-16 00:20:05,75.0,100253.2
2025-01-17 00:20:03,75.0,100259.5
2025-01-18 00:20:09,77.0,104385.1
2025-01-19 00:20:01,77.0,104284.0
2025-01-20 00:20:07,76.0,100906.9
2025-01-21 00:20:01,76.0,102189.5
2025-01-22 00:20:01,84.0,106185.9
2025-01-23 00:20:03,75.0,103444.7
2025-01-24 00:20:02,75.0,103557.5
2025-01-25 00:20:07,75.0,104733.2
2025-01-26 00:20:10,73.0,104700.0
2025-01-27 00:20:10,71.0,102712.5
2025-01-28 00:20:07,72.0,102269.9
2025-01-29 00:20:07,72.0,101467.9
2025-01-30 00:20:06,70.0,103563.4
2025-01-31 00:20:11,76.0,104420.0
2025-02-01 00:20:06,68.0,102289.6
2025-02-02 00:20:01,60.0,100864.3
2025-02-03 00:20:10,44.0,96547.3
2025-02-04 00:20:10,72.0,101498.7
2025-02-05 00:20:07,54.0,97832.8
2025-02-06 00:20:09,49.0,96673.5
2025-02-07 00:20:04,44.0,96610.0
2025-02-08 00:20:10,44.0,96500.0
2025-02-09 00:20:13,46.0,96410.0
2025-02-10 00:20:06,43.0,96900.0
2025-02-11 00:20:03,47.0,97737.0
2025-02-12 00:20:01,46.0,95769.9
2025-02-13 00:20:02,50.0,97675.3
2025-02-14 00:20:05,48.0,96666.0
2025-02-15 00:20:01,50.0,97400.8
2025-02-16 00:20:01,54.0,97660.0
2025-02-17 00:20:09,51.0,96240.5
2025-02-18 00:20:01,47.0,95809.9
2025-02-19 00:20:10,44.0,95589.2
2025-02-20 00:20:09,49.0,96470.2
2025-02-21 00:20:10,55.0,98347.2
2025-02-22 00:20:07,49.0,95840.1
2025-02-23 00:20:01,50.0,96488.5
2025-02-24 00:20:02,49.0,96389.8
2025-02-25 00:20:01,25.0,91823.7
2025-02-26 00:20:04,21.0,88174.1
2025-02-27 00:20:03,10.0,84475.6
2025-02-28 00:20:09,16.0,84676.6
2025-03-01 00:20:01,20.0,84410.5
2025-03-02 00:20:01,26.0,85941.1
2025-03-03 00:20:03,33.0,93731.8
2025-03-04 00:20:02,15.0,86440.0
2025-03-05 00:20:05,20.0,86810.3
2025-03-06 00:20:11,25.0,90495.5
2025-03-07 00:20:07,34.0,88004.0
2025-03-08 00:20:06,28.0,86714.0
2025-03-09 00:20:03,27.0,86243.5
2025-03-10 00:20:02,20.0,80532.4
2025-03-11 00:20:08,24.0,78300.0
2025-03-12 00:20:09,34.0,82788.7
2025-03-13 00:20:14,45.0,83580.4
2025-03-14 00:20:09,27.0,80968.5
2025-03-15 00:20:09,46.0,84169.6
2025-03-16 00:20:09,30.0,84250.7
2025-03-17 00:20:01,32.0,82760.0
2025-03-18 00:20:08,34.0,83880.1
2025-03-19 00:20:06,32.0,82739.8
2025-03-20 00:20:03,49.0,87100.4
2025-03-21 00:20:06,31.0,84338.3
2025-03-22 00:20:08,32.0,84095.4
2025-03-23 00:20:09,30.0,83892.4
2025-03-24 00:20:10,45.0,86104.7
2025-03-25 00:20:10,46.0,87480.0
2025-03-26 00:20:03,47.0,87439.8
2025-03-27 00:20:07,40.0,86811.2
2025-03-28 00:20:10,44.0,87052.8
2025-03-29 00:20:13,26.0,84417.8
2025-03-30 00:20:12,32.0,82668.9
2025-03-31 00:20:04,34.0,82128.8
2025-04-01 00:20:04,34.0,82548.7
2025-04-02 00:20:03,44.0,85080.0
2025-04-03 00:20:10,25.0,83035.6
2025-04-04 00:20:06,28.0,83182.4
2025-04-05 00:20:08,30.0,83728.7
2025-04-06 00:20:08,34.0,83433.7
2025-04-07 00:20:10,23.0,77883.9
2025-04-08 00:20:10,24.0,79455.3
2025-04-09 00:20:12,18.0,76542.4
2025-04-10 00:20:03,39.0,82395.4
2025-04-11 00:20:08,25.0,79403.7
2025-04-12 00:20:14,43.0,83253.2
2025-04-13 00:20:13,45.0,85375.0
2025-04-14 00:20:04,31.0,84411.0
2025-04-15 00:20:08,38.0,84297.4
2025-04-16 00:20:01,29.0,83231.8
2025-04-17 00:20:13,30.0,83930.4
2025-04-18 00:20:07,33.0,84842.5
2025-04-19 00:20:06,32.0,84331.3
2025-04-20 00:20:12,37.0,85152.7
2025-04-21 00:20:05,39.0,85457.0
2025-04-22 00:20:10,47.0,87521.8
2025-04-23 00:20:08,72.0,93636.2
2025-04-24 00:20:03,63.0,93522.4
2025-04-25 00:20:14,60.0,93694.5
2025-04-26 00:20:03,65.0,94805.7
2025-04-27 00:20:01,61.0,94969.1
2025-04-28 00:20:03,54.0,93490.0
2025-04-29 00:20:11,60.0,94830.0
2025-04-30 00:20:01,56.0,94332.2
2025-05-01 00:20:08,53.0,94202.2
2025-05-02 00:20:04,67.0,96555.6
2025-05-03 00:20:01,65.0,96835.0
2025-05-04 00:20:05,64.0,95936.5
2025-05-05 00:20:01,52.0,94429.9
2025-05-06 00:20:05,59.0,94573.9
2025-05-07 00:20:01,67.0,97017.0
2025-05-08 00:20:05,65.0,97129.9
2025-05-09 00:20:01,73.0,103127.5
2025-05-10 00:20:06,70.0,102995.6
2025-05-11 00:20:05,75.0,104440.0
2025-05-12 00:20:06,73.0,104353.6
2025-05-13 00:20:08,71.0,102553.7
2025-05-14 00:20:04,74.0,103943.6
2025-05-15 00:20:02,71.0,103751.4
2025-05-16 00:20:00,69.0,103908.0
2025-05-17 00:20:04,68.0,103380.0
2025-05-18 00:20:04,66.0,103230.0
2025-05-19 00:20:03,71.0,106519.7
2025-05-20 00:20:09,68.0,106473.3
2025-05-21 00:20:05,69.0,106850.0
2025-05-22 00:20:00,73.0,109960.1
2025-05-23 00:20:03,76.0,111600.0
2025-05-24 00:20:05,67.0,107379.0
2025-05-25 00:20:00,67.0,107814.4
2025-05-26 00:20:02,69.0,108920.1
2025-05-27 00:20:01,68.0,109448.0
2025-05-28 00:20:07,68.0,108730.2
2025-05-29 00:20:00,65.0,107605.4
2025-05-30 00:20:01,61.0,105891.2
2025-05-31 00:20:03,55.0,103623.1
2025-06-01 00:20:05,56.0,104461.4
2025-06-02 00:20:06,57.0,105519.5
2025-06-03 00:20:01,58.0,106258.6
2025-06-04 00:20:02,57.0,105490.6
2025-06-05 00:20:06,55.0,104675.7
2025-06-06 00:20:02,46.0,101298.4
2025-06-07 00:20:05,52.0,104030.0
2025-06-08 00:20:02,55.0,105523.3
2025-06-09 00:20:03,55.0,105684.0
2025-06-10 00:20:06,64.0,109950.4
2025-06-11 00:20:03,65.0,109941.3
2025-06-12 00:20:00,61.0,108625.3
2025-06-13 00:20:02,54.0,104431.3
2025-06-14 00:20:00,52.0,105920.0
2025-06-15 00:20:05,50.0,105478.6
2025-06-16 00:20:01,50.0,105367.4
2025-06-17 00:20:00,53.0,106637.2
2025-06-18 00:20:02,48.0,104538.2
2025-06-19 00:20:00,48.0,104740.0
2025-06-20 00:20:03,48.0,104649.2
2025-06-21 00:20:00,43.0,103166.0
2025-06-22 00:20:00,40.0,102323.8
2025-06-23 00:20:01,37.0,100636.3
2025-06-24 00:20:00,47.0,105205.2
2025-06-25 00:20:04,48.0,106273.3
2025-06-26 00:20:04,50.0,107454.2
2025-06-27 00:20:00,49.0,107110.0
2025-06-28 00:20:10,49.0,106944.6
2025-06-29 00:20:07,50.0,107276.3
2025-06-30 00:20:06,52.0,108400.0
2025-07-01 00:20:14,63.0,107410.6
2025-07-02 00:20:07,62.0,105710.0
2025-07-03 00:20:01,74.0,108830.4
2025-07-04 00:20:01,72.0,109549.8
2025-07-05 00:20:14,68.0,108054.1
2025-07-06 00:20:08,67.0,108110.0
2025-07-07 00:20:04,74.0,109128.4
2025-07-08 00:20:03,64.0,108180.0
2025-07-09 00:20:15,67.0,108818.3
2025-07-10 00:20:01,72.0,111306.9
2025-07-11 00:20:01,72.0,115455.0
2025-07-12 00:20:08,78.0,117520.0
2025-07-13 00:20:01,73.0,117336.9
2025-07-14 00:20:01,75.0,119178.6
2025-07-15 00:20:03,72.0,119709.0
2025-07-16 00:20:01,71.0,117619.9
2025-07-17 00:20:03,73.0,119000.1
2025-07-18 00:20:01,72.0,119302.1
2025-07-19 00:20:03,73.0,117977.0
2025-07-20 00:20:04,71.0,117891.5
2025-07-21 00:20:01,72.0,116740.7
2025-07-22 00:20:01,71.0,117528.8
2025-07-23 00:20:01,75.0,119986.0
2025-07-24 00:20:02,70.0,118990.4
2025-07-25 00:20:02,71.0,118206.1
2025-07-26 00:20:01,71.0,117520.0
2025-07-27 00:20:03,74.0,118000.0
2025-07-28 00:20:01,74.0,119714.2
2025-07-29 00:20:03,74.0,118387.0
2025-07-30 00:20:01,73.0,117884.3
2025-07-31 00:20:01,71.0,117940.5
2025-08-01 00:20:03,66.0,115799.5
2025-08-02 00:20:02,54.0,113419.0
2025-08-03 00:20:04,52.0,112670.0
2025-08-04 00:20:09,65.0,114156.7
2025-08-05 00:20:01,61.0,114846.0
2025-08-06 00:20:08,55.0,113959.9
2025-08-07 00:20:05,63.0,114920.0
2025-08-08 00:20:07,75.0,116928.7
2025-08-09 00:20:07,68.0,116701.9
2025-08-10 00:20:03,70.0,116638.5
2025-08-11 00:20:11,69.0,119300.0
2025-08-12 00:20:02,69.0,118973.0
2025-08-13 00:20:02,74.0,119990.5
2025-08-14 00:20:08,74.0,123985.3
2025-08-15 00:20:02,59.0,118468.0
2025-08-16 00:20:04,57.0,117460.0
2025-08-17 00:20:03,63.0,117320.0
2025-08-18 00:20:02,61.0,117364.0
2025-08-19 00:20:03,57.0,116252.6
2025-08-20 00:20:06,45.0,113086.0
2025-08-21 00:20:02,51.0,113998.9
2025-08-22 00:20:01,51.0,112692.0
2025-08-23 00:20:01,59.0,116729.1
2025-08-24 00:20:06,52.0,115331.0
2025-08-25 00:20:01,46.0,113254.4
2025-08-26 00:20:01,47.0,109750.0
2025-08-27 00:20:01,52.0,111727.9
2025-08-28 00:20:01,49.0,111389.7
2025-08-29 00:20:01,49.0,112520.0
2025-08-30 00:20:01,40.0,108320.0
2025-08-31 00:20:01,49.0,108811.0
2025-09-01 00:20:01,47.0,107899.1
2025-09-02 00:20:05,48.0,109152.9
2025-09-03 00:20:01,56.0,111544.3
2025-09-04 00:20:01,52.0,111885.0
2025-09-05 00:20:01,47.0,110643.6
2025-09-06 00:20:06,49.0,110591.6
2025-09-07 00:20:01,43.0,110237.0
2025-09-08 00:20:01,50.0,110974.0
2025-09-09 00:20:06,47.0,111883.9
2025-09-10 00:20:03,48.0,111307.9
2025-09-11 00:20:01,53.0,113790.0
2025-09-12 00:20:07,58.0,115497.9
2025-09-13 00:20:01,53.0,116075.0
2025-09-14 00:20:01,54.0,116006.0
2025-09-15 00:20:05,52.0,114983.0
2025-09-16 00:20:01,51.0,115228.0
2025-09-17 00:20:02,54.0,116700.0
2025-09-18 00:20:01,51.0,116266.9
2025-09-19 00:20:01,52.0,117167.1
2025-09-20 00:20:06,49.0,115623.0
2025-09-21 00:20:01,50.0,115698.0
2025-09-22 00:20:04,44.0,115234.3
2025-09-23 00:20:01,42.0,112677.4
2025-09-24 00:20:01,45.0,112194.0
2025-09-25 00:20:01,45.0,113335.9
2025-09-26 00:20:03,29.0,109284.1
2025-09-27 00:20:01,32.0,109661.0
2025-09-28 00:20:01,38.0,109661.1
2025-09-29 00:20:02,49.0,111988.5
2025-09-30 00:20:01,49.0,114139.9
2025-10-01 00:20:05,48.0,114140.6
2025-10-02 00:20:01,63.0,119016.0
2025-10-03 00:20:10,62.0,120200.0
2025-10-04 00:20:04,72.0,122254.0
2025-10-05 00:20:04,75.0,122355.0
2025-10-06 00:20:01,70.0,124397.8
2025-10-07 00:20:02,69.0,124855.0
2025-10-08 00:20:02,59.0,121804.5
2025-10-09 00:20:01,71.0,123239.9
2025-10-10 00:20:05,65.0,121771.0
2025-10-11 00:20:13,28.0,112041.1
2025-10-12 00:20:01,25.0,110365.0
2025-10-13 00:20:01,37.0,115679.4
2025-10-14 00:20:04,39.0,115318.0
2025-10-15 00:20:01,35.0,112742.9
2025-10-16 00:20:01,29.0,110656.1
2025-10-17 00:20:01,23.0,108292.0
2025-10-18 00:20:07,22.0,106474.0
2025-10-19 00:20:02,30.0,107052.6
2025-10-20 00:20:03,28.0,107988.3
2025-10-21 00:20:02,33.0,110338.1
2025-10-22 00:20:01,24.0,108306.1
2025-10-23 00:20:01,26.0,107803.6
2025-10-24 00:20:01,31.0,110395.4
2025-10-25 00:20:01,38.0,110810.0
2025-10-26 00:20:06,39.0,111575.0
2025-10-27 00:20:01,50.0,114911.0
2025-10-28 00:20:01,51.0,114111.0
2025-10-29 00:20:03,50.0,112670.9
2025-10-30 00:20:05,33.0,110270.1
2025-10-31 00:20:01,28.0,108561.9
2025-11-01 00:20:01,32.0,109376.7
2025-11-02 00:20:01,36.0,109895.3
2025-11-03 00:20:01,43.0,110609.4
2025-11-04 00:20:01,22.0,106231.6
2025-11-05 00:20:01,24.0,101351.3
2025-11-06 00:20:01,28.0,103554.6
2025-11-07 00:20:07,23.0,100914.4
2025-11-08 00:20:07,21.0,103311.3
2025-11-09 00:20:01,23.0,101604.2
2025-11-10 00:20:02,30.0,105237.0
2025-11-11 00:20:01,27.0,105800.0
2025-11-12 00:20:01,23.0,103120.1
2025-11-13 00:20:03,14.0,101711.1
2025-11-14 00:20:03,15.0,99078.1
2025-11-15 00:20:09,11.0,95023.7
2025-11-16 00:20:01,9.0,95193.0
2025-11-17 00:20:04,15.0,93749.4
2025-11-18 00:20:05,12.0,91910.3
2025-11-19 00:20:01,16.0,91872.2
2025-11-20 00:20:08,10.0,91572.5
2025-11-21 00:20:08,15.0,87059.8
2025-11-22 00:20:07,10.0,85120.7
2025-11-23 00:20:07,12.0,85074.3
2025-11-24 00:20:03,20.0,86029.6
2025-11-25 00:20:04,21.0,87946.2
2025-11-26 00:20:07,14.0,87466.3
2025-11-27 00:20:01,23.0,90180.9
2025-11-28 00:20:01,24.0,91082.5
2025-11-29 00:20:01,27.0,90752.6
2025-11-30 00:20:01,29.0,90865.5
2025-12-01 00:20:06,23.0,88694.6
2025-12-02 00:20:02,22.0,86340.0
2025-12-03 00:20:05,27.0,91429.6
2025-12-04 00:20:01,27.0,93082.3
2025-12-05 00:20:07,27.0,92130.9
2025-12-06 00:20:03,22.0,89081.4
2025-12-07 00:20:04,21.0,89202.6
2025-12-08 00:20:02,19.0,89877.0
2025-12-09 00:20:01,23.0,90720.0
2025-12-10 00:20:01,25.0,92338.4
2025-12-11 00:20:01,28.0,91865.1
2025-12-12 00:20:07,28.0,92564.7
2025-12-13 00:20:06,24.0,90340.0
2025-12-14 00:20:03,20.0,90284.3
2025-12-15 00:20:01,17.0,88367.3
2025-12-16 00:20:01,10.0,86247.5
2025-12-17 00:20:07,15.0,87480.5
2025-12-18 00:20:01,18.0,86041.6
2025-12-19 00:20:01,17.0,85400.0
2025-12-21 00:20:07,21.0,88304.3
2025-12-22 00:20:01,24.0,89103.2
2025-12-23 00:20:02,25.0,88533.0
2025-12-24 00:20:04,25.0,87234.4
