time,open,high,low,close,volume_usd,open_interest_open,open_interest_high,open_interest_low,open_interest_close,funding_rate_open,funding_rate_high,funding_rate_low,funding_rate_close,funding_rate_oi_weight_open,funding_rate_oi_weight_high,funding_rate_oi_weight_low,funding_rate_oi_weight_close,funding_rate_vol_weight_open,funding_rate_vol_weight_high,funding_rate_vol_weight_low,funding_rate_vol_weight_close,global_long_short_account_ratio_global_account_long_percent,global_long_short_account_ratio_global_account_short_percent,global_long_short_account_ratio_global_account_long_short_ratio,top_long_short_account_ratio_top_account_long_percent,top_long_short_account_ratio_top_account_short_percent,top_long_short_account_ratio_top_account_long_short_ratio,top_long_short_position_ratio_top_position_long_percent,top_long_short_position_ratio_top_position_short_percent,top_long_short_position_ratio_top_position_long_short_ratio,liquidation_long_liquidation_usd,liquidation_short_liquidation_usd,liquidation_aggregated_aggregated_long_liquidation_usd,liquidation_aggregated_aggregated_short_liquidation_usd,ask_bids_bids_usd,ask_bids_bids_quantity,ask_bids_asks_usd,ask_bids_asks_quantity,aggregated_ask_bids_aggregated_bids_usd,aggregated_ask_bids_aggregated_bids_quantity,aggregated_ask_bids_aggregated_asks_usd,aggregated_ask_bids_aggregated_asks_quantity
2024-04-25,147.7,149.525,142.041,144.786,2769612249.164,615871029,626454393,598551716,598868707,0.01,0.01,-0.001089,0.006159,0.010029,0.010808,-0.006259,0.009194,0.009274,0.010335,-0.003162,0.008522,74.52,25.48,2.93,75.16,24.84,3.03,68.18,31.82,2.14,2358510.6218,2185594.5424,2624280.151194,2310841.232117,7133246.437,48508.0,7342938.922,49491.0,7133246.437,48508.0,7342938.922,49491.0
2024-04-26,144.786,146.12,138.456,139.202,2204038401.922,598868707,633153130,590529863,605154332,0.006159,0.01,0.004801,0.005384,0.009194,0.011183,0.001321,0.006904,0.008522,0.010983,0.002863,0.005881,75.56,24.44,3.09,74.78,25.22,2.97,68.85,31.15,2.21,4401558.4688,1198348.0939,4735080.667646,1258825.727424,9906554.702,68766.0,7396462.027,50861.0,9906554.702,68766.0,7396462.027,50861.0
2024-04-27,139.202,142.965,132.385,141.242,2032356975.404,605154332,608642818,580918003,595429941,0.005384,0.008617,-0.002592,0.00273,0.006904,0.00853,-0.005853,0.003945,0.005881,0.007723,-0.004337,0.002688,76.9,23.1,3.33,74.53,25.47,2.93,67.92,32.08,2.12,1515595.2085,1864858.2443,2229738.564845,2140962.199986,8319313.54,60077.0,8068256.585,57669.0,8319313.54,60077.0,8068256.585,57669.0
2024-04-28,141.245,144.679,136.956,137.922,1394970125.546,595429941,613162866,578297755,581181643,0.00273,0.01,-0.000171,0.01,0.003945,0.014089,0.001891,0.007271,0.002688,0.014175,0.000688,0.007574,74.29,25.71,2.89,71.93,28.07,2.56,68.1,31.9,2.14,918163.603,995840.2339,1276815.054245,1258786.437779,8105945.581,57663.0,6321403.736,44571.0,8105945.581,57663.0,6321403.736,44571.0
2024-04-29,137.922,138.885,133.212,137.725,2263973299.949,581181643,615107189,576049333,610013593,0.01,0.01,0.005915,0.006399,0.007271,0.010522,0.00068,0.007124,0.007574,0.010245,0.002059,0.005621,75.38,24.62,3.06,74.34,25.66,2.9,69.69,30.31,2.3,1615717.2497,830961.7114,2778067.337981,911236.048617,6697193.907,48847.0,7047351.42,50932.0,6697193.907,48847.0,7047351.42,50932.0
2024-04-30,137.726,139.721,121.049,126.685,3521306798.951,610013593,615001703,571149959,596527143,0.006399,0.01,-0.003541,-0.003526,0.007124,0.01131,-0.000694,-0.000612,0.005621,0.010515,-0.001292,-0.001247,76.14,23.86,3.19,73.47,26.53,2.77,69.86,30.14,2.32,4574131.6471,2147113.1894,6415760.306438,2269590.212439,7449925.364,54344.0,6605863.058,47677.0,7449925.364,54344.0,6605863.058,47677.0
2024-05-01,126.685,135.943,118.265,134.541,3855646513.577,596527143,614660211,567885094,583867649,-0.003526,0.01,-0.003614,0.000378,-0.000612,0.010424,-0.002837,0.000078,-0.001247,0.009044,-0.002924,-0.000883,78.92,21.08,3.74,76.77,23.23,3.31,66.79,33.21,2.01,3398731.9162,3275289.095,3918582.652804,3581836.763068,6435651.865,51029.0,4706969.142,36974.0,6435651.865,51029.0,4706969.142,36974.0
2024-05-02,134.542,140.952,128.227,137.538,3244974290.463,583867649,620769032,540383099,594157138,0.000378,0.01,-0.002112,0.005813,0.000078,0.013739,-0.003587,0.005026,-0.000883,0.012708,-0.003486,0.004198,71.13,28.87,2.46,70.05,29.95,2.34,68.08,31.92,2.13,1483834.3389,1896901.0702,1640704.315614,2253630.565863,5832159.427,43556.0,6167511.151,45638.0,5832159.427,43556.0,6167511.151,45638.0
2024-05-03,137.537,144.968,135.84,143.607,2720301524.895,594157138,631867519,584754274,618206232,0.005813,0.007886,-0.009104,-0.008843,0.005026,0.007196,-0.007117,-0.004204,0.004198,0.005993,-0.006693,-0.004676,66.72,33.28,2.01,68.98,31.02,2.22,65.83,34.17,1.93,1925185.5597,2122658.1764,2070751.58887,2261027.949861,7122871.722,52062.0,5065233.606,36662.0,7122871.722,52062.0,5065233.606,36662.0
2024-05-04,143.607,149.08,142.148,146.007,1735481550.303,618206232,640313781,614648177,622169822,-0.008843,0.005576,-0.008952,0.005576,-0.004204,0.006495,-0.007685,0.004196,-0.004676,0.003952,-0.006853,0.003522,66.2,33.8,1.96,68.11,31.89,2.14,64.44,35.56,1.81,616732.8511,2157025.758,685059.773274,2280925.08072,8056759.565,56368.0,8807179.324,61007.0,8056759.565,56368.0,8807179.324,61007.0
2024-05-05,146.008,147.976,143.15,145.673,1398279236.816,622169822,626795743,594921957,614609701,0.005576,0.01,0.004071,0.005864,0.004196,0.010146,0.000655,0.007415,0.003522,0.010229,0.001926,0.006327,66.34,33.66,1.97,69.04,30.96,2.23,63.9,36.1,1.77,824332.8767,439061.8158,1065789.725974,471898.353574,10629097.185,73137.0,8706157.643,59337.0,10629097.185,73137.0,8706157.643,59337.0
2024-05-06,145.673,156.85,145.316,152.784,3202173672.78,614609701,673587527,611394472,634947538,0.005864,0.01,0.003685,0.007714,0.007415,0.0116,0.000741,0.00865,0.006327,0.011596,0.001732,0.008044,65.88,34.12,1.93,69.24,30.76,2.25,64.63,35.37,1.83,1436702.7461,2523169.5665,1481813.320943,3447735.308805,9755206.46,67283.0,7822353.251,53431.0,9755206.46,67283.0,7822353.251,53431.0
2024-05-07,152.779,159.194,147.525,148.011,2873293820.598,634947538,674394669,606897020,608862262,0.007714,0.01,-0.003373,0.01,0.00865,0.010692,0.002129,0.010278,0.008044,0.010293,0.0021,0.010146,61.74,38.26,1.61,65.95,34.05,1.94,66.31,33.69,1.97,3062015.5763,1681748.3669,3268180.382335,1847776.288286,9535702.042,62659.0,7961018.701,51869.0,9535702.042,62659.0,7961018.701,51869.0
2024-05-08,148.012,149.885,139.892,142.118,2574646135.837,608862262,640293295,559456874,581218551,0.01,0.01,0.004045,0.005322,0.010278,0.011822,0.006299,0.006924,0.010146,0.011876,0.005641,0.006004,66.88,33.12,2.02,70.36,29.64,2.37,65.84,34.16,1.93,2591806.4945,1275880.4879,3141980.790325,1362159.949104,9717124.485,66012.0,7765276.673,52249.0,9717124.485,66012.0,7765276.673,52249.0
2024-05-09,142.119,153.36,140.535,152.459,2280629778.577,581218551,637344853,581218551,625691434,0.005322,0.01,0.001338,0.00215,0.006924,0.010226,-0.001114,0.004405,0.006004,0.010147,0.000469,0.00331,72.92,27.08,2.69,74.29,25.71,2.89,65.83,34.17,1.93,1196371.7988,2757312.4842,1236001.029963,3545350.626811,10003045.927,70787.0,7039150.527,49347.0,10003045.927,70787.0,7039150.527,49347.0
2024-05-10,152.46,155.7,144.177,145.966,2640713080.069,625691434,650451202,608859368,618260935,0.00215,0.01,0.000967,0.004704,0.004405,0.010547,-0.002226,0.006271,0.00331,0.010543,-0.001441,0.005136,66.5,33.5,1.99,67.89,32.11,2.11,64.53,35.47,1.82,2188736.7504,850775.6811,2900432.436921,1017492.364157,8165305.363,53788.0,7658247.166,49981.0,8165305.363,53788.0,7658247.166,49981.0
2024-05-11,145.966,147.657,143.068,145.355,1277699272.681,618260935,627175373,597012992,602679871,0.004704,0.01,-0.004251,0.004537,0.006271,0.010547,-0.004079,0.002316,0.005136,0.009537,-0.003514,0.00219,71.43,28.57,2.5,74.56,25.44,2.93,66.22,33.78,1.96,670767.711,931853.1763,757904.168071,989189.272923,8338343.701,57430.0,7041947.131,48052.0,8338343.701,57430.0,7041947.131,48052.0
2024-05-12,145.355,147.755,142.198,143.364,1153011046.952,602679871,622066990,582201968,596319085,0.004537,0.01,-0.004035,-0.000724,0.002316,0.007503,-0.002157,0.003533,0.00219,0.007604,-0.000094,0.003527,71.98,28.02,2.57,72.27,27.73,2.61,65.01,34.99,1.86,440520.6093,360345.4859,521781.706553,418191.104436,10369789.009,71734.0,9464474.012,64827.0,10369789.009,71734.0,9464474.012,64827.0
2024-05-13,143.364,150.78,137.78,147.496,2816495956.839,596319085,632389386,575137079,613655668,-0.000724,0.01,-0.002505,0.01,0.003533,0.01088,-0.006941,0.005566,0.003527,0.011171,-0.001376,0.007264,73.47,26.53,2.77,72.84,27.16,2.68,65.3,34.7,1.88,2280897.9902,2456993.9311,2746667.07191,2683038.619549,7244789.076,50724.0,8130658.386,56383.0,7244789.076,50724.0,8130658.386,56383.0
2024-05-14,147.495,149.036,141.762,141.963,2165766646.047,613655668,618045147,576752325,580568336,0.01,0.01,0.00152,0.001772,0.005566,0.011945,0.003947,0.004889,0.007264,0.011005,0.003499,0.003967,65.05,34.95,1.86,66.92,33.08,2.02,66.2,33.8,1.96,1397749.3411,1072509.071,1834210.505917,1120963.348926,7553388.12,51432.0,8189065.441,55264.0,7553388.12,51432.0,8189065.441,55264.0
2024-05-15,141.964,158.741,141.1,158.423,2893851450.212,580568336,697032556,574935637,696865399,0.001772,0.01,-0.000027,0.01,0.004889,0.009399,-0.004927,0.00913,0.003967,0.008048,-0.004551,0.007887,72.7,27.3,2.66,73.27,26.73,2.74,67.31,32.69,2.06,1032814.9518,3564957.0846,1079795.536442,5069825.537946,9954744.297,70467.0,7439811.569,52200.0,9954744.297,70467.0,7439811.569,52200.0
2024-05-16,158.424,164.769,156.4,159.303,2899144613.795,696865399,772051311,693351906,743850962,0.01,0.01,0.007472,0.007472,0.00913,0.01106,0.004984,0.008583,0.007887,0.010764,0.005338,0.008037,61.53,38.47,1.6,64.95,35.05,1.85,66.53,33.47,1.99,1568413.3522,2308235.9968,2333437.957511,3501155.598881,8252714.362,52289.0,11389136.912,71476.0,8252714.362,52289.0,11389136.912,71476.0
2024-05-17,159.302,172,159.251,169.351,2767836074.37,743850962,822689828,737081617,785697427,0.007472,0.00758,-0.001326,0.004256,0.008583,0.011021,0.000926,0.009726,0.008037,0.011124,0.000166,0.010118,61.47,38.53,1.6,68.06,31.94,2.13,68.16,31.84,2.14,856501.0911,2703533.1711,879834.661027,3088684.380088,8533493.023,53834.0,10062242.674,62895.0,8533493.023,53834.0,10062242.674,62895.0
2024-05-18,169.352,175.9,168.534,172.299,2027994388.532,785697427,842618960,780320849,803766737,0.004256,0.01,-0.001997,0.003902,0.009726,0.013457,0.000444,0.009571,0.010118,0.014068,-0.000236,0.009334,57.08,42.92,1.33,61.11,38.89,1.57,66.25,33.75,1.96,639338.1622,1605526.0353,666387.832125,1839616.009504,9542260.681,56613.0,9604545.592,56454.0,9542260.681,56613.0,9604545.592,56454.0
2024-05-19,172.298,175.495,165.968,169.853,2264060600.852,803766737,828029502,757172691,777699144,0.003902,0.01,-0.006332,0.01,0.009571,0.011714,0.00248,0.010516,0.009334,0.012126,0.000714,0.009428,53.19,46.81,1.14,58.24,41.76,1.4,64.95,35.05,1.85,1992501.7727,1147484.1225,2587208.710855,1203441.489765,10799704.512,62917.0,12455637.447,71963.0,10799704.512,62917.0,12455637.447,71963.0
2024-05-20,169.852,188.587,167.555,186.701,4345913065.653,777699144,916261276,766190282,864402452,0.01,0.01,-0.002044,0.01,0.010516,0.01161,0.003296,0.010434,0.009428,0.011256,0.001488,0.009012,57.8,42.2,1.37,63.26,36.74,1.72,65.49,34.51,1.9,1567055.3664,7788504.9607,1666988.194295,9136407.643752,8729063.053,51595.0,8674204.86,50787.0,8729063.053,51595.0,8674204.86,50787.0
2024-05-21,186.701,188.955,174.338,178.15,3037211614.5,864402452,869033229,768886692,772015288,0.01,0.01,0.01,0.01,0.010434,0.024943,0.010365,0.013048,0.009012,0.023254,0.009012,0.012847,52.05,47.95,1.09,55.28,44.72,1.24,66.48,33.52,1.98,2873803.5782,979487.5017,3627371.892468,1081328.00924,8822320.184,47473.0,8453018.644,45077.0,8822320.184,47473.0,8453018.644,45077.0
2024-05-22,178.15,183.649,175.05,177.03,3023383631.204,772015288,814666997,754045886,756076498,0.01,0.01,0.01,0.01,0.013048,0.020258,0.008878,0.015917,0.012847,0.019976,0.007591,0.01398,65.78,34.22,1.92,65.98,34.02,1.94,70.81,29.19,2.43,2774391.2471,1315672.3171,2988423.774309,1392036.512136,9717956.995,54819.0,8130117.513,45440.0,9717956.995,54819.0,8130117.513,45440.0
2024-05-23,177.02,181.365,164.6,176.182,3400517975.563,756076498,786582771,711959135,766640592,0.01,0.01,0.01,0.01,0.015917,0.026089,0.011414,0.011449,0.01398,0.02306,0.010394,0.010478,66.27,33.73,1.97,67.27,32.73,2.06,70.58,29.42,2.4,3502706.0548,1543995.0634,5724413.728481,1736016.877194,10379232.233,58918.0,7880558.2,44312.0,10379232.233,58918.0,7880558.2,44312.0
2024-05-24,176.181,176.181,162.432,167.657,2698391026.787,766640592,807909759,755960890,786002506,0.01,0.01,0.01,0.01,0.011449,0.019094,0.008219,0.008883,0.010478,0.019663,0.007369,0.007892,70.25,29.75,2.36,71.05,28.95,2.45,72.4,27.6,2.62,2736074.0089,655909.0514,3175092.33374,684413.781878,8554392.05,48776.0,7974747.616,45073.0,8554392.05,48776.0,7974747.616,45073.0
2024-05-25,167.657,170.561,165.845,168.356,1239752784.918,786002506,806191477,781644290,798169062,0.01,0.01,0.01,0.01,0.008883,0.012392,0.008474,0.011829,0.007892,0.011228,0.007579,0.010775,76.5,23.5,3.26,76.28,23.72,3.22,71.96,28.04,2.57,348842.5992,399178.8079,482574.385517,430828.348367,10123829.206,60688.0,8198562.815,48699.0,10123829.206,60688.0,8198562.815,48699.0
2024-05-26,168.356,168.408,161.002,163.505,1714610388.453,798169062,832456044,788225737,828475906,0.01,0.01,0.01,0.01,0.011829,0.02106,0.01108,0.019328,0.010775,0.01879,0.010437,0.017807,76.49,23.51,3.25,74.82,25.18,2.97,70.43,29.57,2.38,1820463.4983,503864.3489,1994344.317192,506529.52573,13922781.039,83022.0,11037268.924,65243.0,13922781.039,83022.0,11037268.924,65243.0
2024-05-27,163.506,172.412,163.407,170.249,2037953650.375,828475906,842285217,792991700,807933260,0.01,0.01,0.01,0.01,0.019328,0.031074,0.012849,0.014662,0.017807,0.026489,0.012642,0.014408,80.52,19.48,4.13,79.11,20.89,3.79,70.69,29.31,2.41,814813.551,1263499.8658,1340769.44551,1422001.240194,9201644.586,56543.0,10955009.79,66653.0,9201644.586,56543.0,10955009.79,66653.0
2024-05-28,170.248,173.364,165.009,168.807,2557628020.234,807933260,825681277,776491000,798855275,0.01,0.02039,0.01,0.018529,0.014662,0.024793,0.004955,0.022495,0.014408,0.023776,0.011959,0.021862,76.84,23.16,3.32,76.85,23.15,3.32,71.15,28.85,2.47,2315479.5118,878828.7108,2490790.302246,947929.336985,8048415.762,47509.0,7302222.047,42709.0,8048415.762,47509.0,7302222.047,42709.0
2024-05-29,168.807,174.06,167.259,168.418,2187423017.976,798855275,836824266,783025021,787968717,0.018529,0.018549,0.01,0.01,0.022495,0.022667,0.011001,0.011285,0.021862,0.021862,0.010596,0.010607,77.28,22.72,3.4,78.04,21.96,3.55,72.29,27.71,2.61,1188213.5647,1370882.2071,1283833.925959,1396057.558459,8048415.762,47509.0,7302222.047,42709.0,8048415.762,47509.0,7302222.047,42709.0
2024-05-30,168.419,172.735,163.64,166.986,2074877600.458,787968717,816736389,774669992,784278214,0.01,0.013666,0.01,0.01,0.011285,0.016146,0.009156,0.011545,0.010607,0.016568,0.009073,0.011904,77.62,22.38,3.47,77.61,22.39,3.47,70.65,29.35,2.41,2912607.3143,667937.0864,3342176.491049,723002.91232,22606559.859,134749.0,8436539.145,49871.0,22606559.859,134749.0,8436539.145,49871.0
2024-05-31,166.985,171.074,164,165.762,1684173034.025,784278214,823152068,781649889,813887384,0.01,0.016656,0.01,0.016168,0.011545,0.01908,0.011289,0.016943,0.011904,0.018141,0.011259,0.017653,77.26,22.74,3.4,77.47,22.53,3.44,70.02,29.98,2.34,1494468.6969,382603.7099,1619664.704345,404274.049519,13599821.133,81865.0,8557485.982,51017.0,13599821.133,81865.0,8557485.982,51017.0
2024-06-01,165.761,168,165.761,166.281,759585491.727,813887384,820910719,797901804,801305469,0.016168,0.022127,0.01,0.016633,0.016943,0.020639,0.010251,0.015191,0.017653,0.019107,0.009451,0.014086,78.46,21.54,3.64,78.33,21.67,3.62,69.11,30.89,2.24,136619.5509,122687.8571,142110.576075,123898.209041,13562473.949,82210.0,9748860.09,58572.0,13562473.949,82210.0,9748860.09,58572.0
2024-06-02,166.28,167.245,161.357,163.251,1190584965.062,801305469,830884301,800674409,815119056,0.016633,0.019394,0.01,0.012187,0.015191,0.021604,0.011603,0.0199,0.014086,0.023171,0.011667,0.02307,77.5,22.5,3.44,77.08,22.92,3.36,69.45,30.55,2.27,1535825.5616,193782.5109,2787432.995574,197744.812465,18774723.284,113543.0,10875593.775,65140.0,18774723.284,113543.0,10875593.775,65140.0
2024-06-03,163.252,167.405,161.904,164.995,1742293045.585,815119056,830350591,800155675,804509529,0.012187,0.016211,0.01,0.015508,0.0199,0.027565,0.010351,0.01498,0.02307,0.02821,0.010309,0.015149,78.43,21.57,3.64,76.31,23.69,3.22,67.19,32.81,2.05,845895.6469,628535.3369,882509.691572,659666.983946,10458115.844,64350.0,10807738.733,65916.0,10458115.844,64350.0,10807738.733,65916.0
2024-06-04,164.995,172.038,164.348,171.888,1463180791.65,804509529,871686024,803188730,869605363,0.015508,0.021039,0.010618,0.02103,0.01498,0.028119,0.013174,0.015826,0.015149,0.026492,0.013546,0.015325,78.81,21.19,3.72,77.07,22.93,3.36,67.54,32.46,2.08,461860.8755,966212.3877,465126.155705,1019864.625976,15276319.339,93054.0,10391296.539,62733.0,15276319.339,93054.0,10391296.539,62733.0
2024-06-05,171.889,175.784,171.2,173.668,1746464324.975,869605363,900422233,862169396,869359887,0.02103,0.028685,0.015781,0.016214,0.015826,0.026291,0.01447,0.014996,0.015325,0.025268,0.014346,0.014519,74.53,25.47,2.93,75.49,24.51,3.08,67.45,32.55,2.07,387950.7921,1190692.5232,440202.287511,1283245.138292,11650575.966,68068.0,18671954.123,108193.0,11650575.966,68068.0,18671954.123,108193.0
2024-06-06,173.667,174.49,167.495,170.271,1263733083.452,869359887,876098056,836604844,847653684,0.016214,0.021837,0.01,0.01,0.014996,0.025988,0.013912,0.014074,0.014519,0.024073,0.013663,0.01382,74.08,25.92,2.86,77.46,22.54,3.44,69.49,30.51,2.28,1187255.9161,107739.616,2683440.419941,125456.348431,12777646.337,73929.0,14786202.612,84753.0,12777646.337,73929.0,14786202.612,84753.0
2024-06-07,170.272,173,152.22,162.524,2530154684.117,847653684,863011392,719836593,723144448,0.01,0.019727,0.01,0.01,0.014074,0.022672,0.008029,0.008115,0.01382,0.020681,0.006522,0.006649,77.77,22.23,3.5,79.92,20.08,3.98,69.97,30.03,2.33,4015236.4066,528604.0511,6426656.536128,572623.642025,11537863.768,68068.0,10608571.268,62036.0,11537863.768,68068.0,10608571.268,62036.0
2024-06-08,162.525,163.819,157.4,157.838,1181055261.34,723144448,743203267,721336932,724737599,0.01,0.01,0.01,0.01,0.008115,0.011869,0.00596,0.008956,0.006649,0.011537,0.003533,0.009026,76.67,23.33,3.29,76.27,23.73,3.21,68.88,31.12,2.21,1409984.2227,190414.5352,1530656.004275,202025.440502,11595756.714,71769.0,9274430.942,56901.0,11595756.714,71769.0,9274430.942,56901.0
2024-06-09,157.841,163.078,156.504,162.116,1000505199.891,724737599,746046813,722070040,740576147,0.01,0.01,0.01,0.01,0.008956,0.011412,0.007701,0.008849,0.009026,0.012078,0.007488,0.008825,75.94,24.06,3.16,74.31,25.69,2.89,66.85,33.15,2.02,269766.4139,501194.7753,298120.42758,618060.579193,11852946.214,75450.0,8877396.758,56016.0,11852946.214,75450.0,8877396.758,56016.0
2024-06-10,162.117,163.2,157.466,159.096,1405936859.172,740576147,742667402,722447997,732604715,0.01,0.01,0.01,0.01,0.008849,0.01134,0.008595,0.00989,0.008825,0.011607,0.008582,0.009628,75.11,24.89,3.02,73.39,26.61,2.76,65.39,34.61,1.89,2101776.7288,668696.676,2441069.414349,768901.548188,10703724.897,66292.0,10494018.055,64417.0,10703724.897,66292.0,10494018.055,64417.0
2024-06-11,159.096,159.772,145.121,149.245,2497834081.589,732604715,736028393,682859409,689745581,0.01,0.01,0.01,0.01,0.00989,0.010481,0.005249,0.00542,0.009628,0.010204,0.004561,0.004829,76.9,23.1,3.33,76.06,23.94,3.18,65.45,34.55,1.89,3660796.717,442626.6233,4677208.310423,497816.533336,11827448.592,74715.0,9301255.516,58206.0,11827448.592,74715.0,9301255.516,58206.0
2024-06-12,149.245,161.749,145.4,155.173,2704028827.902,689745581,714667363,670114350,690305757,0.01,0.01,0.01,0.01,0.00542,0.010784,0.000708,0.010345,0.004829,0.010619,0.001766,0.010162,77.04,22.96,3.36,75.17,24.83,3.03,62.95,37.05,1.7,1955448.4238,1396129.918,2837737.097137,2046367.640745,7335650.958,49363.0,6915742.925,46128.0,7335650.958,49363.0,6915742.925,46128.0
2024-06-13,155.173,155.186,146,147.209,1776194243.073,690305757,694811692,648648638,655064366,0.01,0.01,0.006506,0.01,0.010345,0.010785,0.003805,0.007561,0.010162,0.010692,0.004559,0.007514,77.03,22.97,3.35,75.36,24.64,3.06,64.25,35.75,1.8,2725099.8566,382193.6812,3297819.499955,390632.26284,7374563.563,47749.0,8306586.338,53307.0,7374563.563,47749.0,8306586.338,53307.0
2024-06-14,147.216,149.711,139.5,142.974,2040385063.525,655064366,672078802,642370569,653769635,0.01,0.01,0.003413,0.01,0.007561,0.010631,-0.000837,0.005251,0.007514,0.010653,0.002975,0.005932,80.57,19.43,4.15,79.05,20.95,3.77,62.43,37.57,1.66,2954197.6205,472018.3977,4710318.017476,516622.123014,9241888.254,63069.0,7782453.972,52584.0,9241888.254,63069.0,7782453.972,52584.0
2024-06-15,142.973,145.74,142.854,145.45,796044774.031,653769635,673656643,653228928,668375331,0.01,0.01,0.009938,0.01,0.005251,0.009586,-0.001257,0.002992,0.005932,0.00938,0.002299,0.00501,78.24,21.76,3.6,74.87,25.13,2.98,62.87,37.13,1.69,203877.3508,308143.0695,218648.886959,316555.908812,7714772.47,54198.0,6490578.771,45193.0,7714772.47,54198.0,6490578.771,45193.0
2024-06-16,145.45,151.347,143.02,151.245,1082041041.437,668375331,702333684,659254711,702333684,0.01,0.01,0.001738,0.01,0.002992,0.010552,0.000759,0.008228,0.00501,0.010147,0.002077,0.008735,79.07,20.93,3.78,77.07,22.93,3.36,63.3,36.7,1.73,525434.4932,921567.9449,539083.957996,1094676.084269,8636821.039,59657.0,10847140.568,74263.0,8636821.039,59657.0,10847140.568,74263.0
2024-06-17,151.244,151.747,139.765,143.197,2086151531.73,702333684,702333684,653934141,667361664,0.01,0.01,0.005732,0.007592,0.008228,0.011266,-0.000723,0.005149,0.008735,0.010223,0.003046,0.005015,75.44,24.56,3.07,74.27,25.73,2.89,62.34,37.66,1.66,3581076.3478,782638.4105,3974107.497332,829168.585717,8303761.411,55156.0,12382375.823,81543.0,8303761.411,55156.0,12382375.823,81543.0
2024-06-18,143.197,143.749,127,137.359,3416999091.903,667361664,670800322,584977720,614949379,0.007592,0.01,-0.013772,0.01,0.005149,0.009426,-0.013099,0.007028,0.005015,0.008874,-0.011315,0.006121,80.23,19.77,4.06,79.97,20.03,3.99,62.65,37.35,1.68,4119083.1505,1845051.3758,7936861.196515,2050859.671627,9080012.725,63703.0,7327502.622,50945.0,9080012.725,63703.0,7327502.622,50945.0
2024-06-19,137.359,141.876,134.402,135.557,1894246548.248,614949379,630802675,598929232,614844802,0.01,0.01,0.003563,0.007405,0.007028,0.008912,-0.000126,0.005203,0.006121,0.008434,0.000902,0.005855,76.53,23.47,3.26,76.39,23.61,3.24,61.48,38.52,1.6,1504581.168,1051994.3562,1670791.848848,1133679.837236,6983269.349,51090.0,7404358.349,53704.0,6983269.349,51090.0,7404358.349,53704.0
2024-06-20,135.557,141.255,131.8,133.5,2249419567.721,614844802,638578684,596931764,611874870,0.007405,0.007405,-0.004549,0.000815,0.005203,0.008446,-0.010994,0.004907,0.005855,0.008088,-0.00853,0.004265,76.9,23.1,3.33,75.92,24.08,3.15,62.85,37.15,1.69,1627472.5037,1566389.7448,2038623.577988,1640665.507943,7409084.084,54903.0,5869005.77,43114.0,7409084.084,54903.0,5869005.77,43114.0
2024-06-21,133.5,135.35,128.639,134.534,2134266709.666,611874870,629627748,603660216,615609165,0.000815,0.008766,0.000744,0.007106,0.004907,0.009086,-0.008874,0.00735,0.004265,0.009156,-0.00566,0.006703,80.37,19.63,4.09,79.33,20.67,3.84,62.11,37.89,1.64,2867452.2761,1477550.5269,3991507.50296,1511357.518194,7409084.084,54903.0,5869005.77,43114.0,7409084.084,54903.0,5869005.77,43114.0
2024-06-22,134.534,136.679,132.937,133.627,837361278.216,615609165,629872458,607089724,607862823,0.007106,0.01,-0.002654,0.007933,0.00735,0.009443,-0.002316,0.007369,0.006703,0.009696,-0.002546,0.007527,78.83,21.17,3.72,78.91,21.09,3.74,64.08,35.92,1.78,605990.3615,289571.5358,637789.478834,416241.627484,7409084.084,54903.0,5869005.77,43114.0,7409084.084,54903.0,5869005.77,43114.0
2024-06-23,133.628,135.064,128.164,128.661,1063481326.466,607862823,614370802,597978030,608153908,0.007933,0.01,0.001923,0.01,0.007369,0.010244,0.001799,0.010004,0.007527,0.01002,0.002869,0.009681,77.72,22.28,3.49,78.81,21.19,3.72,63.77,36.23,1.76,996695.8413,189174.9602,1280281.089798,199233.682017,9125389.055,68600.0,7596970.818,56628.0,9125389.055,68600.0,7596970.818,56628.0
2024-06-24,128.66,132.579,121.4,132.237,3181508650.428,608153908,620156189,578601006,602981630,0.01,0.01,-0.002133,0.001182,0.010004,0.010377,-0.008032,0.003729,0.009681,0.009942,-0.005312,0.002863,80.96,19.04,4.25,79.08,20.92,3.78,64.24,35.76,1.8,3575031.6288,2386541.192,5233571.998237,2603792.151758,12757900.293,99671.0,6899496.46,53408.0,12757900.293,99671.0,6899496.46,53408.0
2024-06-25,132.237,139.857,131.143,136.544,2017592996.076,602981630,644085181,595201786,621875587,0.001182,0.01,-0.004444,0.01,0.003729,0.009644,-0.006585,0.003128,0.002863,0.007814,-0.005836,0.004747,76.99,23.01,3.35,76.74,23.26,3.3,63.6,36.4,1.75,754588.0768,2460466.2446,812772.874445,2664865.915549,7956469.18,60439.0,8600246.314,64764.0,7956469.18,60439.0,8600246.314,64764.0
2024-06-26,136.543,140.38,134.8,136.808,1494795972.649,621875587,641418835,614352252,635153838,0.01,0.01,0.01,0.01,0.003128,0.009087,-0.003524,0.004364,0.004747,0.008889,-0.000409,0.004934,76.28,23.72,3.22,77.7,22.3,3.48,65.12,34.88,1.87,857454.7308,1280069.4122,946562.553838,1418844.442997,9242040.755,68014.0,10881518.971,79436.0,9242040.755,68014.0,10881518.971,79436.0
2024-06-27,136.815,151.25,135.179,149.651,3009698041.822,635153838,735862272,628036525,692527155,0.01,0.01,0.009961,0.01,0.004364,0.013138,-0.001064,0.011127,0.004934,0.010596,0.002548,0.00987,76.43,23.57,3.24,78.25,21.75,3.6,67.4,32.6,2.07,769820.2859,2593118.8537,844646.733209,3581311.998442,8578282.437,63015.0,8282257.64,60285.0,8578282.437,63015.0,8282257.64,60285.0
2024-06-28,149.65,150.899,138.937,139.98,2682088425.853,692527155,693689473,643156846,650743105,0.01,0.01,-0.006119,0.01,0.011127,0.014635,-0.00347,0.014493,0.00987,0.012158,-0.004183,0.012011,68.14,31.86,2.14,72.0,28.0,2.57,65.28,34.72,1.88,3628370.7559,771792.9411,4256645.255594,897458.808714,8356292.23,56111.0,8734471.74,58092.0,8356292.23,56111.0,8734471.74,58092.0
2024-06-29,139.979,143.17,139.626,140.234,939087492.069,650743105,656023736,627805933,632498716,0.01,0.01,0.000093,0.01,0.014493,0.014493,0.003845,0.012951,0.012011,0.012175,0.002064,0.011673,79.56,20.44,3.89,81.57,18.43,4.43,66.2,33.8,1.96,505534.507,207393.4331,573250.704371,233104.733993,8356292.23,56111.0,8734471.74,58092.0,8356292.23,56111.0,8734471.74,58092.0
2024-06-30,140.236,147.574,137.1,146.582,1538757955.852,632498716,667003841,619265778,659994638,0.01,0.01,0.001731,0.008734,0.012951,0.014458,-0.005347,0.003279,0.011673,0.012967,-0.002208,0.004075,76.48,23.52,3.25,75.55,24.45,3.09,65.97,34.03,1.94,634450.6149,1395682.1936,1513614.999368,1671147.291528,10901332.393,78139.0,9273029.667,65842.0,10901332.393,78139.0,9273029.667,65842.0
2024-07-01,146.582,149.396,145.802,146.625,1594088034.545,659994638,676240572,654750825,659973348,0.008734,0.01,0.003707,0.01,0.003279,0.010616,0.001698,0.010544,0.004075,0.010349,0.002129,0.010272,73.83,26.17,2.82,73.97,26.03,2.84,66.25,33.75,1.96,867822.791,755857.7387,932905.471699,823551.134266,9316841.523,63826.0,9960632.299,67626.0,9316841.523,63826.0,9960632.299,67626.0
2024-07-02,146.627,154.915,146.096,153.97,2061805856.484,659973348,721547280,658585185,717404658,0.01,0.01,0.002625,0.01,0.010544,0.010544,-0.003133,0.009658,0.010272,0.010272,-0.000665,0.009589,70.49,29.51,2.39,73.25,26.75,2.74,67.42,32.58,2.07,513776.194,1483738.5265,535980.893677,1656661.32633,11676963.589,80030.0,9299511.589,63128.0,11676963.589,80030.0,9299511.589,63128.0
2024-07-03,153.97,154.417,139.107,140.737,2918861741.497,717404658,719762045,634986267,637301416,0.01,0.01,0.009424,0.01,0.009658,0.011293,0.003731,0.004712,0.009589,0.010653,0.005075,0.005714,63.16,36.84,1.71,65.92,34.08,1.93,64.5,35.5,1.82,4119663.9806,560090.8127,5943170.216536,601610.618709,10328589.833,67401.0,11664101.707,75386.0,10328589.833,67401.0,11664101.707,75386.0
2024-07-04,140.737,142.685,127,127.76,3368326674.257,637301416,644920318,583152334,586632274,0.01,0.01,-0.005377,-0.000797,0.004712,0.010492,-0.010086,-0.006446,0.005714,0.010438,-0.008238,-0.004522,79.29,20.71,3.83,80.5,19.5,4.13,65.99,34.01,1.94,8406007.9503,1747860.1557,11342415.947032,1812902.501903,9356452.752,66794.0,8024468.949,56751.0,9356452.752,66794.0,8024468.949,56751.0
2024-07-05,127.751,136.388,120.069,134.23,4615049614.428,586632274,626782999,538931441,603880879,-0.000797,0.009586,-0.014268,0.007464,-0.006446,0.004779,-0.01954,0.001351,-0.004522,0.004116,-0.017943,0.00175,80.33,19.67,4.08,81.12,18.88,4.3,62.08,37.92,1.64,4494995.7851,3819616.6098,5572608.10659,4278026.769499,9132543.592,71877.0,7593343.577,59177.0,9132543.592,71877.0,7593343.577,59177.0
2024-07-06,134.215,144.5,132.261,142.996,2029657024.425,603880879,664050225,591228082,642794724,0.007464,0.01,-0.01384,0.000271,0.001351,0.005871,-0.013579,-0.000012,0.00175,0.006242,-0.011757,0.001297,73.68,26.32,2.8,73.73,26.27,2.81,60.32,39.68,1.52,809373.1935,2449273.8782,833880.665228,2602132.624147,9013407.828,67491.0,7481688.534,55518.0,9013407.828,67491.0,7481688.534,55518.0
2024-07-07,142.995,143.29,131.178,131.599,1950907260.345,642794724,643134218,569855440,570691721,0.000271,0.01,0.000271,0.01,-0.000012,0.010322,-0.000012,0.005856,0.001297,0.010279,0.001297,0.007093,71.11,28.89,2.46,71.93,28.07,2.56,60.53,39.47,1.53,3974856.7545,665040.337,4340375.065062,681609.718539,11213439.75,78728.0,8405692.883,58477.0,11213439.75,78728.0,8405692.883,58477.0
2024-07-08,131.6,141.955,127.669,139.74,3708324854.252,570691721,620115906,542960753,614954081,0.01,0.01,-0.007663,0.01,0.005856,0.011432,-0.010232,0.009383,0.007093,0.011483,-0.008958,0.009077,74.03,25.97,2.85,77.37,22.63,3.42,65.53,34.47,1.9,4978168.2013,2835801.7398,6371545.768273,3158320.354508,7986485.104,60998.0,7783143.906,58900.0,7986485.104,60998.0,7783143.906,58900.0
2024-07-09,139.741,144.291,136.387,141.391,2271345097.28,614954081,634878808,597076511,612513665,0.01,0.01,0.001913,0.008694,0.009383,0.009443,0.000343,0.007465,0.009077,0.009077,0.000454,0.007615,71.9,28.1,2.56,74.3,25.7,2.89,65.12,34.88,1.87,1317470.8901,1307014.4957,1393541.880006,1377910.053781,7986485.104,60998.0,7783143.906,58900.0,7986485.104,60998.0,7783143.906,58900.0
2024-07-10,141.391,146.148,138.51,141.927,1746786684.936,612513665,640892743,605344994,636385072,0.008694,0.01,0.003292,0.01,0.007465,0.00872,-0.004329,0.00672,0.007615,0.008664,-0.002137,0.007116,69.03,30.97,2.23,72.87,27.13,2.69,65.2,34.8,1.87,1534868.492,2861285.5685,1645794.451863,2917099.845864,9609407.081,68307.0,7577617.894,53368.0,9609407.081,68307.0,7577617.894,53368.0
2024-07-11,141.927,146.071,135.602,135.702,2210520216.377,636385072,639465813,602002950,605068994,0.01,0.01,-0.003362,0.01,0.00672,0.009602,-0.005806,0.004413,0.007116,0.009213,-0.004732,0.005738,70.99,29.01,2.45,72.58,27.42,2.65,65.37,34.63,1.89,1944196.6058,1192314.228,2243183.00231,1249285.90433,9609407.081,68307.0,7577617.894,53368.0,9609407.081,68307.0,7577617.894,53368.0
2024-07-12,135.702,140.5,133.78,139.379,1919789589.743,605068994,621186070,588999260,607034849,0.01,0.01,-0.001983,0.001668,0.004413,0.007357,-0.009396,-0.003976,0.005738,0.007699,-0.006813,-0.002597,73.8,26.2,2.82,74.78,25.22,2.97,64.33,35.67,1.8,1733185.4728,1373055.1356,1970362.450013,1616212.440855,13194542.336,97679.0,8436848.611,61913.0,13194542.336,97679.0,8436848.611,61913.0
2024-07-13,139.378,143.571,137.87,141.811,1080353822.173,607034849,616844840,595892474,609315912,0.001668,0.00929,0.000108,0.00819,-0.003976,0.006511,-0.004009,0.006262,-0.002597,0.007018,-0.002678,0.006906,73.42,26.58,2.76,74.09,25.91,2.86,64.02,35.98,1.78,249715.6671,953611.9851,257306.09817,993798.215206,13194542.336,97679.0,8436848.611,61913.0,13194542.336,97679.0,8436848.611,61913.0
2024-07-14,141.803,148.5,141.788,147.575,1788642132.291,609315912,673456062,609315912,666745931,0.00819,0.009699,-0.001026,-0.001026,0.006262,0.007668,-0.006069,0.000858,0.006906,0.008082,-0.004729,0.000817,70.38,29.62,2.38,72.28,27.72,2.61,63.72,36.28,1.76,655661.755,2504248.0367,663793.144284,2678118.937452,10228593.346,72441.0,8542062.388,59924.0,10228593.346,72441.0,8542062.388,59924.0
2024-07-15,147.572,159.85,146.914,159.294,2230498490.571,666745931,725556575,661454615,723364101,-0.001026,0.01,-0.003655,-0.003655,0.000858,0.008338,-0.005406,-0.000411,0.000817,0.007881,-0.004996,-0.001525,64.5,35.5,1.82,67.71,32.29,2.1,62.45,37.55,1.66,386551.4442,5230070.1216,401041.4136,6297044.288856,9622816.404,65512.0,10195100.209,68766.0,9622816.404,65512.0,10195100.209,68766.0
2024-07-16,159.294,162.447,152.502,160.592,2750432010.144,723364101,751172634,692761404,744165200,-0.003655,0.01,-0.003799,0.01,-0.000411,0.010395,-0.007993,0.009689,-0.001525,0.010077,-0.006987,0.009424,61.97,38.03,1.63,64.52,35.48,1.82,61.0,39.0,1.56,1768789.5292,2221532.1734,1982065.120246,2424529.873348,9805930.344,61839.0,10552507.946,65935.0,9805930.344,61839.0,10552507.946,65935.0
2024-07-17,160.592,163.722,154.576,155.467,2080056261.579,744165200,763342362,719015249,721424927,0.01,0.01,0.003438,0.006362,0.009689,0.011956,0.004564,0.006859,0.009424,0.012102,0.004221,0.006081,60.65,39.35,1.54,65.24,34.76,1.88,62.1,37.9,1.64,2604658.1908,891389.0131,3251824.284638,945798.874646,9604465.517,60095.0,8872874.681,55007.0,9604465.517,60095.0,8872874.681,55007.0
2024-07-18,155.466,161.576,155.07,159.146,1796194511.02,721424927,763105789,714023663,731838259,0.006362,0.01,0.003343,0.007391,0.006859,0.01167,0.002119,0.010611,0.006081,0.011499,0.002091,0.010462,65.07,34.93,1.86,68.8,31.2,2.21,62.03,37.97,1.63,1383878.6235,1245941.3908,1609055.879081,1283481.736974,12075664.768,78075.0,8409994.764,53889.0,12075664.768,78075.0,8409994.764,53889.0
2024-07-19,159.147,172.585,156.068,169.064,3305200916.747,731838259,858892262,714430172,838916532,0.007391,0.01,0.003147,0.01,0.010611,0.012011,0.003161,0.010637,0.010462,0.012017,0.003072,0.011046,62.93,37.07,1.7,65.8,34.2,1.92,62.77,37.23,1.69,1589195.8592,3034429.9404,1704453.156404,3431541.648672,10059955.198,63508.0,9432719.007,58996.0,10059955.198,63508.0,9432719.007,58996.0
2024-07-20,169.064,175.497,167.187,173.532,1636437721.448,838916532,871574470,821281385,860382039,0.01,0.01,-0.002091,0.01,0.010637,0.01173,-0.001514,0.011606,0.011046,0.011947,-0.001305,0.011598,56.0,44.0,1.27,60.69,39.31,1.54,62.42,37.58,1.66,597253.569,1441813.7005,614218.777434,1509068.839174,9416637.744,55955.0,10165294.36,59851.0,9416637.744,55955.0,10165294.36,59851.0
2024-07-21,173.546,185.32,170.458,184.473,2925206965.633,860382039,973351217,848930055,972510900,0.01,0.01,0.004784,0.01,0.011606,0.014121,0.006414,0.014031,0.011598,0.014123,0.005876,0.013962,54.43,45.57,1.19,60.17,39.83,1.51,63.04,36.96,1.71,1925997.6583,3004686.3951,2016761.589639,3523854.577013,9730539.719,56331.0,7770423.064,44558.0,9730539.719,56331.0,7770423.064,44558.0
2024-07-22,184.473,185.015,176.667,178.823,2464535530.404,972510900,975038349,911256048,929091653,0.01,0.01,0.001528,0.01,0.014031,0.014268,0.002056,0.011708,0.013962,0.014033,0.002305,0.011637,53.77,46.23,1.16,59.33,40.67,1.46,66.4,33.6,1.98,2545421.7385,934704.1397,2639879.561054,1013563.651262,10390382.073,56586.0,11013505.77,59426.0,10390382.073,56586.0,11013505.77,59426.0
2024-07-23,178.82,180.5,170.35,172.912,2996804323.89,929091653,938305018,855072007,862642575,0.01,0.01,0.004584,0.004584,0.011708,0.012398,0.007291,0.010131,0.011637,0.012458,0.007358,0.010439,57.44,42.56,1.35,62.31,37.69,1.65,67.77,32.23,2.1,2797040.0223,980575.2883,3345497.228781,1032921.768609,9020503.194,50675.0,8517246.12,47427.0,9020503.194,50675.0,8517246.12,47427.0
2024-07-24,172.925,182.5,170.878,177.983,2906983432.889,862642575,955777689,855065983,914911953,0.004584,0.01,0.0042,0.008117,0.010131,0.013625,0.005616,0.011614,0.010439,0.013981,0.00494,0.011917,62.94,37.06,1.7,66.08,33.92,1.95,68.14,31.86,2.14,1253513.6748,1292180.1833,1336578.516411,1449143.511673,8279635.584,48102.0,9560176.688,55043.0,8279635.584,48102.0,9560176.688,55043.0
2024-07-25,177.983,179.5,165.304,171.759,3902333466.495,914911953,923485964,851834501,878883499,0.008117,0.01,0.005701,0.0076,0.011614,0.013016,0.003273,0.007414,0.011917,0.0134,0.003207,0.006747,56.33,43.67,1.29,59.71,40.29,1.48,66.64,33.36,2.0,3413186.3055,1341489.3344,4624425.694245,1474744.133524,10053448.987,56752.0,9700144.575,54264.0,10053448.987,56752.0,9700144.575,54264.0
2024-07-26,171.76,184,171.582,182.991,2469555449.522,878883499,963713594,877598582,959742106,0.0076,0.008378,0.000398,0.004708,0.007414,0.00854,0.003669,0.007554,0.006747,0.008058,0.00297,0.00702,61.9,38.1,1.63,64.29,35.71,1.8,66.03,33.97,1.94,265277.6617,2430018.0384,269393.397538,2610057.392419,9602649.117,56153.0,10348557.513,59955.0,9602649.117,56153.0,10348557.513,59955.0
2024-07-27,182.991,188.34,178.027,183.903,3337965925.631,959742106,1033937802,921744635,947782160,0.004708,0.01,0.00282,0.01,0.007554,0.01277,0.00298,0.012548,0.00702,0.013043,0.002904,0.012607,50.98,49.02,1.04,54.84,45.16,1.21,64.03,35.97,1.78,1748868.7187,2881278.0974,1875083.948516,3059524.360643,11441877.093,62792.0,13461761.627,73185.0,11441877.093,62792.0,13461761.627,73185.0
2024-07-28,183.902,186.647,181.11,184.808,1798577272.561,947782160,1002740593,938755015,972723098,0.01,0.01,0.003281,0.003694,0.012548,0.013218,0.007681,0.00906,0.012607,0.013379,0.007759,0.009272,52.35,47.65,1.1,58.19,41.81,1.39,65.88,34.12,1.93,1201826.8643,765261.6955,1227989.30096,790476.276411,11853288.352,64844.0,7483019.826,40563.0,11853288.352,64844.0,7483019.826,40563.0
2024-07-29,184.808,193.893,181.444,182.509,3721645745.806,972723098,1104122334,970790017,973675216,0.003694,0.01,0.003126,0.007783,0.00906,0.013975,0.00563,0.012374,0.009272,0.014583,0.006367,0.012415,49.64,50.36,0.99,54.5,45.5,1.2,65.38,34.62,1.89,1350063.2707,2080241.5718,1506078.505639,2258197.906405,10998879.607,59771.0,16602121.123,89405.0,10998879.607,59771.0,16602121.123,89405.0
2024-07-30,182.509,184.773,175.213,179.072,2788985962.098,973675216,993139787,927419990,935545724,0.007783,0.01,0.003261,0.003261,0.012374,0.014756,0.004702,0.004702,0.012415,0.014407,0.004255,0.004255,57.57,42.43,1.36,60.8,39.2,1.55,65.4,34.6,1.89,2840925.9112,1041120.8388,3444674.14254,1285694.867479,13605898.816,74915.0,10241727.29,55867.0,13605898.816,74915.0,10241727.29,55867.0
2024-07-31,179.072,184.572,171.53,171.632,2881147024.767,935545724,978197483,888204186,890906527,0.003261,0.01,0.003136,0.009291,0.004702,0.011296,0.002084,0.006075,0.004255,0.01137,0.001866,0.006328,62.96,37.04,1.7,65.09,34.91,1.87,66.45,33.55,1.98,3691195.4983,1924417.7643,4154665.219416,1980837.416943,11349099.874,63644.0,11130430.681,61817.0,11349099.874,63644.0,11130430.681,61817.0
2024-08-01,171.632,172.859,157.828,167.294,3942114356.182,890906527,945819998,825284522,870125084,0.009291,0.01,0.00079,0.003682,0.006075,0.00933,-0.006521,-0.00071,0.006328,0.008963,-0.004744,-0.001134,67.36,32.64,2.06,68.35,31.65,2.16,66.07,33.93,1.95,5530611.5186,2353011.1161,7813586.955673,2446271.621589,22796418.538,133529.0,9002834.654,52239.0,22796418.538,133529.0,9002834.654,52239.0
2024-08-02,167.3,169.357,149.735,152.711,4460679553.038,870125084,893460098,786957557,796985936,0.003682,0.01,0.003384,0.009786,-0.00071,0.009717,-0.002104,0.008202,-0.001134,0.009261,-0.002026,0.007653,72.83,27.17,2.68,72.2,27.8,2.6,64.92,35.08,1.85,8510567.5614,2316430.3119,10187266.971937,2399152.991387,11395735.061,68446.0,9664940.798,57474.0,11395735.061,68446.0,9664940.798,57474.0
2024-08-03,152.711,153.996,139.412,142.456,3668380568.318,796985936,815390360,717246697,718021735,0.009786,0.01,-0.001644,-0.001644,0.008202,0.010067,-0.003126,-0.003126,0.007653,0.009216,-0.002586,-0.002586,76.43,23.57,3.24,77.31,22.69,3.41,66.0,34.0,1.94,4749270.8444,960813.955,6955223.815275,1045522.549847,10548184.781,69431.0,7964386.768,51923.0,10548184.781,69431.0,7964386.768,51923.0
2024-08-04,142.455,145.984,131,138.291,4293406195.781,718021735,741237183,680584602,692260828,-0.001644,0.01,-0.001792,0.006211,-0.003126,0.010233,-0.005657,0.00517,-0.002586,0.010014,-0.004295,0.004959,78.08,21.92,3.56,78.12,21.88,3.57,66.11,33.89,1.95,4589716.638,2921686.1157,7842008.184547,3165446.960077,9060362.239,63903.0,6624716.838,46299.0,9060362.239,63903.0,6624716.838,46299.0
2024-08-05,138.291,139.343,109.162,129.768,12164522182.757,692260828,702386227,483868686,569416405,0.006211,0.01,-0.005463,0.00789,0.00517,0.007389,-0.021299,0.00074,0.004959,0.007276,-0.020243,0.000987,74.27,25.73,2.89,74.98,25.02,3.0,64.92,35.08,1.85,13305011.416,8842850.0571,17615037.374872,10441238.360565,9484969.261,68989.0,7114601.941,51246.0,9484969.261,68989.0,7114601.941,51246.0
2024-08-06,129.775,149.5,129.352,144.328,5324306635.02,569416405,721473549,568786489,684167023,0.00789,0.01,-0.012842,0.002236,0.00074,0.0021,-0.017161,-0.001589,0.000987,0.002403,-0.017018,-0.002485,69.45,30.55,2.27,70.27,29.73,2.36,62.05,37.95,1.64,3222497.6802,3681348.6056,3399570.11063,4110937.04099,5506174.635,42639.0,5000311.638,38414.0,5506174.635,42639.0,5000311.638,38414.0
2024-08-07,144.329,154.888,142.1,144.736,5579138302.553,684167023,811128680,664278587,677444277,0.002236,0.01,-0.014345,0.007046,-0.001589,0.012043,-0.012758,0.008973,-0.002485,0.010454,-0.013158,0.008121,65.46,34.54,1.9,66.26,33.74,1.96,59.71,40.29,1.48,4265527.2763,2936770.3203,5000676.80356,3147141.22419,9611844.661,67048.0,6603710.861,45601.0,9611844.661,67048.0,6603710.861,45601.0
2024-08-08,144.732,163.712,141.315,163.069,5456740345.382,677444277,799989409,663213661,770678983,0.007046,0.007385,-0.008832,0.002944,0.008973,0.008992,-0.012962,0.004525,0.008121,0.008121,-0.013113,0.003912,64.2,35.8,1.79,66.56,33.44,1.99,59.57,40.43,1.47,2003122.0492,5713068.2984,2072432.650588,6791363.606434,7746336.785,53795.0,7452405.62,51273.0,7746336.785,53795.0,7452405.62,51273.0
2024-08-09,163.069,163.496,150.632,156.188,3317402022.275,770678983,771469074,706235536,729678400,0.002944,0.01,-0.008141,-0.006639,0.004525,0.010948,-0.00053,0.002579,0.003912,0.009918,-0.001054,0.001892,58.19,41.81,1.39,58.81,41.19,1.43,57.06,42.94,1.33,2818264.8236,1381388.1485,3120199.857823,1417846.878561,8305729.185,51139.0,8332830.539,50825.0,8305729.185,51139.0,8332830.539,50825.0
2024-08-10,156.188,158.705,152.54,153.932,1650063349.729,729678400,742014433,713138821,731501606,-0.006639,0.00584,-0.00812,-0.003875,0.002579,0.009616,-0.001624,0.002043,0.001892,0.008689,-0.002413,0.001693,67.52,32.48,2.08,70.04,29.96,2.34,57.81,42.19,1.37,858915.2929,533671.4775,884212.664963,578772.678196,7689042.757,49464.0,6715943.686,42817.0,7689042.757,49464.0,6715943.686,42817.0
2024-08-11,153.933,157.95,141.038,141.492,2626976499.801,731501606,751962835,687855523,698805215,-0.003875,0.01,-0.00563,0.009914,0.002043,0.00955,-0.004921,0.006217,0.001693,0.009076,-0.004879,0.005266,68.28,31.72,2.15,69.39,30.61,2.27,57.23,42.77,1.34,4184196.4081,1009158.822,5522400.372306,1029758.053588,10140783.848,66204.0,11086654.844,71773.0,10140783.848,66204.0,11086654.844,71773.0
2024-08-12,141.493,150.727,141.128,146.241,3992100510.648,698805215,737117831,669851670,684160626,0.009914,0.01,-0.003787,-0.000706,0.006217,0.006346,-0.008476,-0.007333,0.005266,0.005266,-0.009658,-0.008528,70.95,29.05,2.44,73.45,26.55,2.77,60.1,39.9,1.51,3153366.9772,3462012.5343,3396060.210485,3709143.653979,15879951.6,112993.0,9073212.349,63898.0,15879951.6,112993.0,9073212.349,63898.0
2024-08-13,146.241,149.776,142.853,146.565,2550900426.768,684160626,714670959,667333638,669219974,-0.000706,0.009222,-0.003322,-0.00001,-0.007333,0.009011,-0.008664,-0.001676,-0.008528,0.007887,-0.009742,-0.002277,72.97,27.03,2.7,71.94,28.06,2.56,58.29,41.71,1.4,1841840.0733,1277572.1546,1919700.303128,1370249.271346,7078658.898,48598.0,7114549.359,48406.0,7078658.898,48598.0,7114549.359,48406.0
2024-08-14,146.566,152.13,142.215,143.644,2941403670.48,669219974,704881809,638952676,646671818,-0.00001,0.004863,-0.003828,0.00058,-0.001676,0.005346,-0.009507,0.004074,-0.002277,0.004551,-0.009211,0.002849,71.31,28.69,2.49,72.1,27.9,2.58,58.82,41.18,1.43,1735304.2844,1078162.1977,2040374.71092,1123325.021336,9939653.204,68125.0,11179614.312,75902.0,9939653.204,68125.0,11179614.312,75902.0
2024-08-15,143.643,147.66,137.65,142.538,3477056485.866,646671818,686212677,634318383,640532882,0.00058,0.008389,-0.009128,-0.006592,0.004074,0.006046,-0.007318,-0.003029,0.002849,0.005081,-0.007354,-0.003326,74.3,25.7,2.89,73.76,26.24,2.81,57.84,42.16,1.37,1977942.486,1378222.6147,2383182.344185,1497268.137163,9869677.999,69022.0,9072255.36,62878.0,9869677.999,69022.0,9072255.36,62878.0
2024-08-16,142.538,144.863,136.05,138.986,3061898621.411,640532882,647192865,617063593,623186609,-0.006592,0.006033,-0.006592,0.002046,-0.003029,0.006711,-0.008268,0.001718,-0.003326,0.006042,-0.007868,0.001898,74.13,25.87,2.87,74.22,25.78,2.88,57.35,42.65,1.35,1902044.9512,888612.1558,2700243.171844,982471.418051,8721142.589,61474.0,6754858.078,47182.0,8721142.589,61474.0,6754858.078,47182.0
2024-08-17,138.985,141.9,137.519,141.83,1331149511.197,623186609,650018236,620351491,649569303,0.002046,0.002046,-0.003947,0.00049,0.001718,0.00476,-0.0111,0.004568,0.001898,0.003792,-0.010531,0.003618,74.02,25.98,2.85,73.47,26.53,2.77,57.87,42.13,1.37,421567.5857,522790.5295,438745.331357,616751.639402,9994595.236,72243.0,8351302.343,59815.0,9994595.236,72243.0,8351302.343,59815.0
2024-08-18,141.831,147.445,140.462,142.354,1994619573.476,649569303,680934643,611977117,612169761,0.00049,0.001862,-0.011906,0.001862,0.004568,0.005997,-0.010221,-0.000621,0.003618,0.004778,-0.009962,-0.000597,73.16,26.84,2.73,73.03,26.97,2.71,57.52,42.48,1.35,1133774.8199,852990.0511,1173370.830043,889472.62296,8779100.105,62180.0,15784462.366,110883.0,8779100.105,62180.0,15784462.366,110883.0
2024-08-19,142.348,146.2,140.252,144.201,2190799200.733,612169761,650949606,608805746,629534750,0.001862,0.007302,-0.006909,0.003815,-0.000621,0.00607,-0.013499,0.000138,-0.000597,0.005641,-0.011417,-0.000092,70.96,29.04,2.44,72.33,27.67,2.61,57.83,42.17,1.37,2198497.473,653067.2327,2241718.727504,710409.334604,15909957.673,112335.0,9391676.306,65742.0,15909957.673,112335.0,9391676.306,65742.0
2024-08-20,144.2,148.778,140.885,142.21,2266787901.495,629534750,652266440,618084300,621698195,0.003815,0.004732,-0.006785,0.00267,0.000138,0.00603,-0.013518,0.00381,-0.000092,0.005365,-0.012931,0.0028,73.17,26.83,2.73,73.23,26.77,2.74,59.37,40.63,1.46,1476143.472,852740.5224,1535106.707631,930521.7639,8492758.107,59160.0,11382809.801,78592.0,8492758.107,59160.0,11382809.801,78592.0
2024-08-21,142.209,144.3,138.689,142.726,2139999237.428,621698195,657754218,616640622,645146415,0.00267,0.004159,-0.003636,0.000519,0.00381,0.006283,-0.009138,0.001539,0.0028,0.005372,-0.008205,0.000874,75.54,24.46,3.09,75.39,24.61,3.06,57.93,42.07,1.38,1882536.407,774742.2329,1955770.722848,817119.812423,24888446.202,175684.0,8494945.769,59481.0,24888446.202,175684.0,8494945.769,59481.0
2024-08-22,142.726,144.828,140.51,143.159,1326275287.644,645146415,647795356,624840372,632348167,0.000519,0.009682,0.000519,0.004612,0.001539,0.008394,-0.001718,0.004009,0.000874,0.007493,-0.001682,0.003246,74.87,25.13,2.98,74.41,25.59,2.91,58.22,41.78,1.39,497135.285,179389.9219,511046.703886,204021.931988,9065229.286,63770.0,9190622.274,64069.0,9065229.286,63770.0,9190622.274,64069.0
2024-08-23,143.158,153.999,142.589,153.228,2683507296.526,632348167,704030374,621336799,704030374,0.004612,0.00696,-0.006998,0.00696,0.004009,0.006618,-0.004847,0.004719,0.003246,0.005427,-0.004997,0.005348,76.43,23.57,3.24,76.97,23.03,3.34,58.77,41.23,1.43,831081.7668,2526463.4261,857000.381234,2929435.557956,11352793.787,79665.0,11404835.241,79295.0,11352793.787,79665.0,11404835.241,79295.0
2024-08-24,153.228,162.325,151.894,160.558,2560668864.62,704030374,798790107,704030374,766696178,0.00696,0.01,0.000055,0.009882,0.004719,0.009883,0.002729,0.009776,0.005348,0.009171,0.002605,0.009142,69.19,30.81,2.25,70.55,29.45,2.4,58.55,41.45,1.41,1510088.8125,3556010.0014,1565236.986732,4093769.946876,9553903.396,62633.0,13577041.127,88263.0,9553903.396,62633.0,13577041.127,88263.0
2024-08-25,160.559,161.89,155.21,158.88,2072250884.037,766696178,796663972,747628510,781269204,0.009882,0.01,-0.001791,0.000978,0.009776,0.011184,0.002856,0.004303,0.009142,0.01115,0.000932,0.002697,62.86,37.14,1.69,66.74,33.26,2.01,60.12,39.88,1.51,1664643.4065,1135384.0577,1740773.365863,1152290.270714,9357569.986,58514.0,11745038.82,72861.0,9357569.986,58514.0,11745038.82,72861.0
2024-08-26,158.881,162,155.451,157.052,2970317566.028,781269204,851939867,769176203,783181532,0.000978,0.01,0.0005,0.01,0.004303,0.0095,0.003967,0.009144,0.002697,0.00855,0.002697,0.008214,62.86,37.14,1.69,67.38,32.62,2.07,59.48,40.52,1.47,1631879.4898,849660.4092,1736344.24352,911111.106469,11231059.574,70981.0,8121368.314,50923.0,11231059.574,70981.0,8121368.314,50923.0
2024-08-27,157.053,159.622,145,146.727,3103859089.304,783181532,809511894,664302966,683811159,0.01,0.01,-0.002665,-0.001858,0.009144,0.009467,-0.002311,-0.002248,0.008214,0.008615,-0.002088,-0.002024,62.08,37.92,1.64,65.97,34.03,1.94,61.99,38.01,1.63,3041456.187,725969.2227,3670298.198773,796856.388818,12299022.871,78695.0,11886090.98,75329.0,12299022.871,78695.0,11886090.98,75329.0
2024-08-28,146.733,148.846,140.422,143.892,3258422459.455,683811159,695143228,649602038,661478411,-0.001858,0.004606,-0.005686,-0.001813,-0.002248,0.004127,-0.012882,-0.001885,-0.002024,0.003408,-0.010604,-0.00152,70.51,29.49,2.39,72.04,27.96,2.58,64.07,35.93,1.78,2253209.9571,1200519.9763,2767209.423269,1255548.479958,11352186.357,77687.0,12095956.176,82030.0,11352186.357,77687.0,12095956.176,82030.0
2024-08-29,143.892,147.332,137.952,139.948,2448167569.937,661478411,700271947,645398732,658695181,-0.001813,0.003304,-0.010963,-0.003891,-0.001885,0.005445,-0.020778,-0.003328,-0.00152,0.004456,-0.0171,-0.003066,74.83,25.17,2.97,74.13,25.87,2.87,62.17,37.83,1.64,1557008.1733,437078.0175,2257465.213541,448013.654645,10182506.958,71111.0,8314813.879,57553.0,10182506.958,71111.0,8314813.879,57553.0
2024-08-30,139.948,141.046,132.002,137.921,2758570945.324,658695181,681988648,638888275,644409778,-0.003891,0.006762,-0.008147,-0.006174,-0.003328,0.005574,-0.011789,-0.004785,-0.003066,0.00534,-0.010676,-0.004569,77.31,22.69,3.41,76.12,23.88,3.19,58.64,41.36,1.42,2764715.8171,1121282.9452,3155520.080784,1151364.630193,8731273.867,62722.0,7999682.457,56966.0,8731273.867,62722.0,7999682.457,56966.0
2024-08-31,137.92,139.16,134.402,135.266,975432249.773,644409778,648828891,627555744,632239172,-0.006174,0.008211,-0.007809,-0.000956,-0.004785,0.005687,-0.005708,0.003455,-0.004569,0.005395,-0.005542,0.003645,77.56,22.44,3.46,76.47,23.53,3.25,58.33,41.67,1.4,926952.9536,326144.1333,949238.876134,339033.43975,15063432.272,109754.0,8339689.954,60228.0,15063432.272,109754.0,8339689.954,60228.0
2024-09-01,135.266,136.133,127.6,128.411,2524287347.665,632239172,676694562,612225255,617633425,-0.000956,0.004045,-0.006582,-0.004377,0.003455,0.003455,-0.011556,-0.009464,0.003645,0.003645,-0.007904,-0.007904,76.78,23.22,3.31,76.59,23.41,3.27,59.0,41.0,1.44,3336225.9564,1191952.2403,3774119.735768,1260535.714768,10110736.292,75077.0,8593760.191,63272.0,10110736.292,75077.0,8593760.191,63272.0
2024-09-02,128.411,135.343,126.756,134.865,2533187962.212,617633425,647639800,616217447,643821338,-0.004377,0.002757,-0.008328,-0.00825,-0.009464,0.002547,-0.021293,-0.012116,-0.007904,0.002108,-0.017237,-0.011158,78.46,21.54,3.64,78.07,21.93,3.56,58.19,41.81,1.39,2010171.5223,1882910.5337,2063100.879897,1980849.507369,9284184.384,72617.0,7064074.204,54790.0,9284184.384,72617.0,7064074.204,54790.0
2024-09-03,134.865,137.5,127.082,127.506,2127102767.504,643821338,653623298,628775941,633080590,-0.00825,0.008841,-0.009183,0.008841,-0.012116,0.007552,-0.012116,0.002816,-0.011158,0.006388,-0.011158,0.003785,73.26,26.74,2.74,72.78,27.22,2.67,56.85,43.15,1.32,2097740.8716,959928.0082,2222441.097726,1010913.166933,9617623.395,71626.0,13720064.147,101228.0,9617623.395,71626.0,13720064.147,101228.0
2024-09-04,127.505,134.91,122,133.564,2982843728.179,633080590,647555864,596150714,632426480,0.008841,0.009529,-0.006104,0.006648,0.002816,0.009512,-0.01318,0.001768,0.003785,0.008953,-0.011345,0.000737,77.0,23.0,3.35,76.89,23.11,3.33,58.99,41.01,1.44,3327554.7792,4667499.9222,3768887.020493,4768916.210064,15296084.807,120510.0,8419757.594,65757.0,15296084.807,120510.0,8419757.594,65757.0
2024-09-05,133.564,135.511,127.777,129.337,2505923120.082,632426480,650091578,617686999,644574816,0.006648,0.01,-0.001418,0.005678,0.001768,0.010319,-0.005293,0.002566,0.000737,0.009902,-0.003879,0.002432,72.0,28.0,2.57,72.8,27.2,2.68,59.1,40.9,1.45,2461796.803,736203.7357,2547078.842968,748739.998256,8902969.432,66962.0,9721127.476,72530.0,8902969.432,66962.0,9721127.476,72530.0
2024-09-06,129.337,134.22,120.479,124.959,3943295522.258,644574816,661428986,589384852,598123929,0.005678,0.01,-0.00302,-0.002193,0.002566,0.01063,-0.006237,-0.004849,0.002432,0.010373,-0.006078,-0.004802,77.15,22.85,3.38,76.67,23.33,3.29,59.82,40.18,1.49,5598702.1086,1360247.5325,5978540.138369,1456737.087234,8823703.067,68500.0,9092208.884,70011.0,8823703.067,68500.0,9092208.884,70011.0
2024-09-07,124.959,129.4,124.1,127.656,1411491388.51,598123929,635883710,593638578,621653227,-0.002193,0.00847,-0.005352,0.008167,-0.004849,0.006102,-0.007692,0.005628,-0.004802,0.005902,-0.007709,0.00566,80.47,19.53,4.12,79.1,20.9,3.79,60.32,39.68,1.52,519443.5612,1086638.0143,531026.255558,1112585.21916,10103763.824,81256.0,8488981.701,67678.0,10103763.824,81256.0,8488981.701,67678.0
2024-09-08,127.657,131.673,126.542,130.073,1666008269.162,621653227,652407937,615779133,651002227,0.008167,0.0096,0.001145,0.003962,0.005628,0.010009,0.000631,0.00683,0.00566,0.009922,0.000297,0.006953,76.35,23.65,3.23,75.29,24.71,3.05,59.53,40.47,1.47,911131.3357,1615099.2391,990007.424638,1647592.088027,9517800.902,74893.0,9262938.42,72235.0,9517800.902,74893.0,9262938.42,72235.0
2024-09-09,130.074,137.064,126.847,135.014,2728985676.472,651002227,666031777,629463771,665045747,0.003962,0.009549,-0.008673,0.009549,0.00683,0.008206,-0.003487,0.008206,0.006953,0.007719,-0.003526,0.007719,76.1,23.9,3.18,76.2,23.8,3.2,60.18,39.82,1.51,1280586.8254,2175134.4989,1352448.087559,2584843.204973,10900273.413,84156.0,10531804.468,80574.0,10900273.413,84156.0,10531804.468,80574.0
2024-09-10,135.014,137.983,132.434,135.563,1881456950.665,665045747,690601067,642290111,669667257,0.009549,0.01,-0.007171,-0.006603,0.008206,0.00859,-0.002573,-0.002479,0.007719,0.00787,-0.003173,-0.003087,70.77,29.23,2.42,72.06,27.94,2.58,60.4,39.6,1.53,676394.9481,1685834.0416,735526.246274,1758668.585534,10025090.921,74559.0,7801828.362,57559.0,10025090.921,74559.0,7801828.362,57559.0
2024-09-11,135.564,135.815,128.113,132.346,2499397914.576,669667257,671857242,642570045,649651273,-0.006603,0.006053,-0.006603,-0.002849,-0.002479,0.004411,-0.009538,-0.005142,-0.003087,0.003548,-0.007538,-0.004733,70.94,29.06,2.44,72.98,27.02,2.7,60.01,39.99,1.5,2073811.4274,587479.1218,2259090.831906,681119.940355,11099367.196,82240.0,8858010.563,65095.0,11099367.196,82240.0,8858010.563,65095.0
2024-09-12,132.345,136.712,132.298,135.997,1775296135.809,649651273,680032069,644407935,664836695,-0.002849,0.003714,-0.004257,0.002611,-0.005142,0.007178,-0.007871,0.004926,-0.004733,0.00713,-0.007042,0.004186,75.83,24.17,3.14,76.5,23.5,3.26,59.29,40.71,1.46,430650.4097,1677077.9755,439474.681129,1704621.953835,12606216.986,95699.0,10154832.562,76441.0,12606216.986,95699.0,10154832.562,76441.0
2024-09-13,135.997,139.828,131.605,138.916,2026795920.491,664836695,697752526,643842813,694883116,0.002611,0.007217,-0.002964,-0.00012,0.004926,0.008029,-0.003721,-0.000474,0.004186,0.007697,-0.003367,-0.000501,70.89,29.11,2.44,72.19,27.81,2.6,58.72,41.28,1.42,960122.2529,1918832.204,1005823.641767,2052264.563325,10685084.924,78924.0,14070670.792,102962.0,10685084.924,78924.0,14070670.792,102962.0
2024-09-14,138.916,139.747,135.4,137.068,1088210573.374,694883116,698150480,665016139,676882248,-0.00012,0.007665,-0.001134,0.001432,-0.000474,0.005187,-0.006505,0.003582,-0.000501,0.005166,-0.005688,0.003586,68.78,31.22,2.2,71.55,28.45,2.52,59.93,40.07,1.5,701890.9296,218587.1858,753876.72702,221834.87048,11025437.733,79735.0,18036162.679,129103.0,11025437.733,79735.0,18036162.679,129103.0
2024-09-15,137.062,137.873,130.322,131.319,1407226185.925,676882248,679935570,651036880,654758878,0.001432,0.005846,-0.001855,0.00198,0.003582,0.005811,-0.004989,0.00496,0.003586,0.005668,-0.003475,0.004216,71.84,28.16,2.55,74.53,25.47,2.93,60.1,39.9,1.51,2058046.4124,248625.6963,2332883.339336,249615.31564,14933323.244,109581.0,12769417.304,92732.0,14933323.244,109581.0,12769417.304,92732.0
2024-09-16,131.32,132.345,128.84,131.412,1721503621.382,654758878,698736458,649015334,695916644,0.00198,0.01,-0.007,0.01,0.00496,0.008344,-0.005667,0.007132,0.004216,0.008,-0.005228,0.007366,78.09,21.91,3.56,78.27,21.73,3.6,59.63,40.37,1.48,2404147.8783,396734.9782,2495265.666293,410759.745011,9566446.106,73110.0,9242495.496,69972.0,9566446.106,73110.0,9242495.496,69972.0
2024-09-17,131.411,135.5,129.84,131.467,1983574939.487,695916644,722952856,669358143,674347632,0.01,0.01,-0.005575,-0.000126,0.007132,0.009583,-0.003696,0.00476,0.007366,0.009311,-0.003342,0.004959,77.84,22.16,3.51,77.21,22.79,3.39,59.44,40.56,1.47,1714370.2556,1612352.6215,1744631.810121,1649276.273783,9200902.431,70365.0,10109564.515,76634.0,9200902.431,70365.0,10109564.515,76634.0
2024-09-18,131.468,134.387,126.96,134.299,2444014716.086,674347632,687694823,649571437,675690865,-0.000126,0.006334,-0.003912,0.006334,0.00476,0.009322,-0.004815,0.009322,0.004959,0.009547,-0.003638,0.009547,78.72,21.28,3.7,77.55,22.45,3.45,58.97,41.03,1.44,2629709.3328,2470642.8127,3552139.301297,2519446.877058,10640284.754,81286.0,9298329.078,70477.0,10640284.754,81286.0,9298329.078,70477.0
2024-09-19,134.3,144,134.13,142.82,2821141749.761,675690865,767827360,662907634,751253052,0.006334,0.01,-0.001866,0.01,0.009322,0.010905,-0.001468,0.009825,0.009547,0.010673,-0.001083,0.009375,79.86,20.14,3.97,78.66,21.34,3.69,59.03,40.97,1.44,489898.2228,3434713.6355,514782.403063,3609109.34883,7723134.797,57715.0,11773542.989,87216.0,7723134.797,57715.0,11773542.989,87216.0
2024-09-20,142.819,152.5,141.131,146.627,3675896461.845,751253052,897698931,748232653,858561358,0.01,0.01,0.01,0.01,0.009825,0.010897,0.00508,0.008259,0.009375,0.010704,0.005493,0.007177,63.12,36.88,1.71,67.05,32.95,2.04,59.99,40.01,1.5,2626874.2065,4481942.5289,2954188.670591,4852641.610932,9007872.636,63313.0,11092711.707,77254.0,9007872.636,63313.0,11092711.707,77254.0
2024-09-21,146.626,149.775,144.54,149.372,1385956889.912,858561358,889577898,841724111,878143350,0.01,0.01,0.00176,0.01,0.008259,0.010063,0.001214,0.009807,0.007177,0.009509,0.000392,0.009509,65.24,34.76,1.88,68.74,31.26,2.2,62.71,37.29,1.68,493985.4212,1255232.5465,511600.257522,1306838.308464,9246906.95,63340.0,8590676.868,58362.0,9246906.95,63340.0,8590676.868,58362.0
2024-09-22,149.372,149.871,140.935,144.587,2056316614.304,878143350,880469565,750618801,768814945,0.01,0.01,-0.005714,-0.004467,0.009807,0.010352,0.000037,0.002581,0.009509,0.010228,-0.00084,0.001839,65.74,34.26,1.92,68.74,31.26,2.2,62.32,37.68,1.65,2711497.1922,552916.8631,3300986.276642,569009.046492,9575947.319,64385.0,15260622.801,101721.0,9575947.319,64385.0,15260622.801,101721.0
2024-09-23,144.588,149,142.024,144.691,2406924236.059,768814945,769464191,727353449,741068004,-0.004467,0.007493,-0.004828,0.004907,0.002581,0.00969,0.000802,0.006406,0.001839,0.009349,0.000655,0.006202,70.2,29.8,2.36,73.45,26.55,2.77,60.83,39.17,1.55,1713648.3986,1654853.6535,1881833.843945,1681405.516354,7410607.511,51436.0,7815101.979,53816.0,7410607.511,51436.0,7815101.979,53816.0
2024-09-24,144.691,154.074,143.006,152.712,3107792463.193,741068004,857136965,734145780,855051212,0.004907,0.01,-0.0001,0.01,0.006406,0.010917,0.002702,0.010724,0.006202,0.010631,0.002624,0.010551,73.2,26.8,2.73,73.6,26.4,2.79,60.55,39.45,1.54,1153918.4398,2039550.0225,1228022.29731,2208067.976603,8410883.111,58389.0,9432648.673,64873.0,8410883.111,58389.0,9432648.673,64873.0
2024-09-25,152.712,153.868,147.21,147.88,2107370703.744,855051212,860031740,787466672,791213852,0.01,0.01,0.00086,0.003676,0.010724,0.011324,0.002821,0.005383,0.010551,0.01128,0.003087,0.005346,64.74,35.26,1.84,67.5,32.5,2.08,63.11,36.89,1.71,1584749.9426,720767.1277,1702802.727821,766501.735914,12408586.658,81625.0,9949104.169,64876.0,12408586.658,81625.0,9949104.169,64876.0
2024-09-26,147.895,158.265,146.505,155.48,3087156379.601,791213852,898185317,783802670,882403884,0.003676,0.01,0.003604,0.01,0.005383,0.011857,0.005383,0.007845,0.005346,0.012252,0.005346,0.007268,68.36,31.64,2.16,71.97,28.03,2.57,63.26,36.74,1.72,1239986.1516,2721571.2456,1265065.208136,3096302.681926,13462670.125,91431.0,8854559.425,59610.0,13462670.125,91431.0,8854559.425,59610.0
2024-09-27,155.48,161.288,153.756,157.591,2739070304.762,882403884,943745409,863586824,910791762,0.01,0.01,-0.003099,0.01,0.007845,0.009562,0.002114,0.008612,0.007268,0.008778,0.00108,0.008529,62.11,37.89,1.64,65.23,34.77,1.88,64.9,35.1,1.85,1165588.7904,1846215.2408,1183576.380325,2022614.672779,9778161.446,63185.0,10840088.215,69402.0,9778161.446,63185.0,10840088.215,69402.0
2024-09-28,157.591,159.376,154.831,156.682,1342506223.132,910791762,917255335,882887149,903572977,0.01,0.01,0.009338,0.009383,0.008612,0.010974,0.0037,0.008129,0.008529,0.011184,0.004743,0.008466,63.47,36.53,1.74,66.19,33.81,1.96,64.25,35.75,1.8,888066.4373,309259.2344,904166.982123,311243.984338,14314264.354,91290.0,9845787.221,62193.0,14314264.354,91290.0,9845787.221,62193.0
2024-09-29,156.683,161.761,155,158.385,1918982165.725,903572977,969989112,897220715,937920017,0.009383,0.01,0.008956,0.01,0.008129,0.011219,0.003865,0.009947,0.008466,0.011612,0.005351,0.00972,63.78,36.22,1.76,67.07,32.93,2.04,64.05,35.95,1.78,587197.8788,1119670.7951,609253.260687,1187303.439281,11713406.422,75101.0,15448374.827,98082.0,11713406.422,75101.0,15448374.827,98082.0
2024-09-30,158.386,159.744,151.658,152.428,2745964267.868,937920017,947805663,872416520,876448958,0.01,0.01,0.01,0.01,0.009947,0.012888,0.006929,0.011238,0.00972,0.013258,0.007503,0.01114,61.78,38.22,1.62,65.3,34.7,1.88,64.72,35.28,1.83,4430767.4455,722067.0754,4767688.418057,733708.289224,13268325.969,84153.0,10623411.926,66773.0,13268325.969,84153.0,10623411.926,66773.0
2024-10-01,152.428,157.288,142.2,145.071,3904816929.647,876448958,920099794,799994001,815025584,0.01,0.01,0.01,0.01,0.011238,0.012763,0.007541,0.007792,0.01114,0.013271,0.006947,0.007084,66.12,33.88,1.95,69.12,30.88,2.24,65.52,34.48,1.9,9165768.8788,1762443.0399,10347632.187569,1798503.238092,22207110.582,146570.0,10937879.135,71406.0,22207110.582,146570.0,10937879.135,71406.0
2024-10-02,145.069,148.883,138.5,140.082,3005773525.866,815025584,821835749,677635523,684355226,0.01,0.01,-0.002372,0.00018,0.007792,0.008841,-0.000806,0.000634,0.007084,0.008059,-0.00143,-0.000067,69.99,30.01,2.33,71.33,28.67,2.49,68.13,31.87,2.14,3304531.5826,1867441.4105,3664601.873732,1889789.843072,10430146.649,72330.0,10004137.104,68734.0,10430146.649,72330.0,10004137.104,68734.0
2024-10-03,140.083,142.875,133.002,136.733,3160999640.562,684355226,713832358,638799874,645054518,0.00018,0.00534,-0.000765,0.003765,0.000634,0.007135,-0.005766,0.002037,-0.000067,0.006742,-0.005826,0.001257,75.23,24.77,3.04,75.65,24.35,3.11,64.08,35.92,1.78,3491469.3514,1226509.3385,4596622.109096,1269078.061861,12732293.109,91278.0,8929045.541,63441.0,12732293.109,91278.0,8929045.541,63441.0
2024-10-04,136.727,144.498,135.864,143.159,2235550608.14,645054518,662991382,633201748,654078165,0.003765,0.0058,-0.007059,0.0058,0.002037,0.005874,-0.005431,0.005203,0.001257,0.005053,-0.006251,0.004719,75.64,24.36,3.11,76.09,23.91,3.18,61.5,38.5,1.6,521193.2132,1773260.227,575122.101843,1871476.177709,10392357.277,76356.0,10996917.843,80031.0,10392357.277,76356.0,10996917.843,80031.0
2024-10-05,143.158,144.893,141.004,142.538,1151561793.583,654078165,677264634,643430329,649895304,0.0058,0.01,-0.001211,0.01,0.005203,0.011248,-0.002794,0.007926,0.004719,0.011377,-0.000391,0.009797,69.47,30.53,2.28,69.17,30.83,2.24,58.74,41.26,1.42,811836.8743,369485.2833,844433.515522,412183.525832,14670039.739,102941.0,10472989.713,72845.0,14670039.739,102941.0,10472989.713,72845.0
2024-10-06,142.541,146.744,141.929,146.412,1161021816.384,649895304,684799973,648817017,671940425,0.01,0.01,-0.003341,0.003973,0.007926,0.012105,-0.00543,0.000304,0.009797,0.012176,-0.005537,0.000924,69.7,30.3,2.3,70.78,29.22,2.42,59.88,40.12,1.49,371471.3933,1594769.2377,391141.162883,1627672.179477,11819196.189,83291.0,10335374.905,72180.0,11819196.189,83291.0,10335374.905,72180.0
2024-10-07,146.399,152.28,143.353,143.909,2785392932.047,671940425,698698783,641301349,641652316,0.003973,0.008148,-0.003649,-0.000075,0.000304,0.00933,-0.003055,-0.001218,0.000924,0.008986,-0.004123,-0.002163,68.22,31.78,2.15,69.3,30.7,2.26,59.5,40.5,1.47,2449854.629,2095569.6124,2719415.250995,2173193.101516,10938090.439,75040.0,15490230.854,105266.0,10938090.439,75040.0,15490230.854,105266.0
2024-10-08,143.909,145.521,141.04,143.417,1762560351.562,641652316,676021061,641127771,648320128,-0.000075,0.01,-0.003523,0.000893,-0.001218,0.009743,-0.006287,-0.000762,-0.002163,0.009262,-0.005777,-0.000924,71.64,28.36,2.53,73.58,26.42,2.79,60.36,39.64,1.52,2040202.7182,1466317.668,2183964.29514,1467678.970282,20192286.84,141094.0,9656816.319,66799.0,20192286.84,141094.0,9656816.319,66799.0
2024-10-09,143.417,145.285,138.611,139.266,1745667791.639,648320128,679365551,634492731,666962162,0.000893,0.01,-0.00405,0.01,-0.000762,0.010975,-0.001972,0.00961,-0.000924,0.010802,-0.001929,0.009187,73.86,26.14,2.83,74.2,25.8,2.88,59.56,40.44,1.47,1773280.5193,885644.0927,2069052.150165,890550.17044,10957306.607,76749.0,9944400.99,68992.0,10957306.607,76749.0,9944400.99,68992.0
2024-10-10,139.265,140.9,135.427,138.963,1933948045.921,666962162,698329931,660760794,683139395,0.01,0.01,-0.00422,0.000616,0.00961,0.009723,-0.004527,0.00024,0.009187,0.009241,-0.005251,-0.000344,76.03,23.97,3.17,76.24,23.76,3.21,60.29,39.71,1.52,2066761.7382,312403.4515,2613572.840099,334688.960623,19455941.179,140516.0,9437559.331,67447.0,19455941.179,140516.0,9437559.331,67447.0
2024-10-11,138.962,146.448,138.648,145.47,1751262539.96,683139395,713640656,672991637,707663399,0.000616,0.003888,-0.010649,-0.003321,0.00024,0.006099,-0.002956,0.003371,-0.000344,0.005475,-0.003675,0.002662,79.19,20.81,3.81,78.36,21.64,3.62,59.96,40.04,1.5,214442.5121,1794865.3198,223922.760122,1854118.391577,10072968.004,72815.0,12230800.134,87616.0,10072968.004,72815.0,12230800.134,87616.0
2024-10-12,145.464,147.2,144.639,146.318,974318492.25,707663399,720418893,703355962,703355962,-0.003321,0.007149,-0.007008,0.000613,0.003371,0.008862,0.001782,0.005125,0.002662,0.008322,0.000981,0.004529,69.53,30.47,2.28,70.44,29.56,2.38,55.92,44.08,1.27,356214.1306,792635.4144,383102.185391,804058.781186,19392505.844,134162.0,11173399.898,76465.0,19392505.844,134162.0,11173399.898,76465.0
2024-10-13,146.318,148.829,144.382,147.645,1393637852.521,703355962,722797469,680564864,700103221,0.000613,0.01,-0.001242,0.001675,0.005125,0.01099,0.00117,0.005945,0.004529,0.010941,0.000822,0.005034,69.94,30.06,2.33,71.98,28.02,2.57,55.49,44.51,1.25,1024569.6919,1066796.9854,1044274.472152,1090550.62427,16778319.709,115184.0,11133477.523,75714.0,16778319.709,115184.0,11133477.523,75714.0
2024-10-14,147.646,159,146.705,157.52,2325656977.561,700103221,770998519,696371152,757173079,0.001675,0.01,0.000728,0.01,0.005945,0.01063,0.002599,0.010326,0.005034,0.010621,0.002377,0.009846,69.89,30.11,2.32,71.97,28.03,2.57,56.25,43.75,1.29,255157.0542,4906888.6898,264555.827477,5634310.834516,12253437.022,83385.0,11259539.519,75905.0,12253437.022,83385.0,11259539.519,75905.0
2024-10-15,157.52,159.98,150.19,154.69,2997372288.428,757173079,771231934,698582270,703872174,0.01,0.01,0.006929,0.006929,0.010326,0.013223,0.008364,0.008405,0.009846,0.013667,0.007721,0.007884,61.34,38.66,1.59,64.16,35.84,1.79,58.25,41.75,1.4,3696997.6163,1950828.2021,4024733.785284,2198388.740553,9876636.79,62973.0,11517925.549,72731.0,9876636.79,62973.0,11517925.549,72731.0
2024-10-16,154.7,158.36,152.9,154.19,1945367436.664,703872174,742717386,697755216,726235823,0.006929,0.01,-0.000205,0.00457,0.008405,0.011132,0.002079,0.007185,0.007884,0.010987,0.001912,0.006353,65.21,34.79,1.87,68.78,31.22,2.2,60.43,39.57,1.53,757995.8329,4224938.4378,773960.818344,4338164.22294,9620979.183,62498.0,10209259.319,65702.0,9620979.183,62498.0,10209259.319,65702.0
2024-10-17,154.19,155.7,147.62,150.45,1826702989.524,726235823,731999559,684593420,688571513,0.00457,0.01,0.00457,0.007589,0.007185,0.011171,0.006097,0.007047,0.006353,0.010991,0.005929,0.006686,64.54,35.46,1.82,67.27,32.73,2.06,59.94,40.06,1.5,3029721.1931,323478.1183,3152987.625631,329700.4857,13176956.569,85876.0,8966039.484,57879.0,13176956.569,85876.0,8966039.484,57879.0
2024-10-18,150.45,156.64,149.55,154.86,1458667834.917,688571513,718759588,684313764,711017352,0.007589,0.01,0.002751,0.003918,0.007047,0.010305,0.005968,0.007341,0.006686,0.009978,0.00502,0.006879,69.66,30.34,2.3,71.45,28.55,2.5,61.15,38.85,1.57,354691.4971,1570846.9906,392319.808698,1672161.450303,14139978.785,94488.0,12105819.319,80099.0,14139978.785,94488.0,12105819.319,80099.0
2024-10-19,154.86,159.78,153.51,159.7,1043583798.179,711017352,789326090,705479520,789326090,0.003918,0.01,0.002234,0.01,0.007341,0.011622,0.005201,0.011541,0.006879,0.011986,0.005055,0.011986,66.4,33.6,1.98,68.3,31.7,2.16,60.58,39.42,1.54,303130.6895,1184215.1863,304609.07622,1307799.711928,11382889.953,73836.0,9512141.945,61155.0,11382889.953,73836.0,9512141.945,61155.0
2024-10-20,159.7,167.95,157.54,167.42,2341025212.616,789326090,888406874,789245261,885603396,0.01,0.01,0.002659,0.01,0.011541,0.013485,0.006565,0.013485,0.011986,0.013766,0.006674,0.013766,61.66,38.34,1.61,65.3,34.7,1.88,60.31,39.69,1.52,553651.4557,3124582.4092,574684.467624,3905271.68892,11237931.671,70659.0,15422481.807,96112.0,11237931.671,70659.0,15422481.807,96112.0
2024-10-21,167.42,171.93,161.35,166.13,3430366910.745,885603396,948187798,877405447,907302283,0.01,0.01,0.01,0.01,0.013485,0.01976,0.00851,0.008781,0.013766,0.02077,0.008034,0.008298,59.5,40.5,1.47,62.26,37.74,1.65,61.02,38.98,1.57,1731067.8976,1377549.4698,2157314.210791,1529715.556625,18880072.167,113454.0,13675032.886,81256.0,18880072.167,113454.0,13675032.886,81256.0
2024-10-22,166.12,170.95,162.96,167.56,3099993509.072,907302283,1025551437,885729746,970354641,0.01,0.01,0.01,0.01,0.008781,0.012648,0.00739,0.00923,0.008298,0.012946,0.00731,0.00858,59.92,40.08,1.5,64.22,35.78,1.8,61.35,38.65,1.59,1928488.6978,1979571.0813,2059849.744749,2019236.63807,18318993.943,110865.0,10592312.279,63470.0,18318993.943,110865.0,10592312.279,63470.0
2024-10-23,167.56,174.32,164.1,170.81,3343284129.367,970354641,1097183465,940217535,1071771741,0.01,0.01,0.01,0.01,0.00923,0.011046,0.007643,0.010396,0.00858,0.010648,0.007643,0.010411,57.94,42.06,1.38,61.26,38.74,1.58,62.13,37.87,1.64,2605082.9257,3406845.9387,2761611.661629,3915213.183946,12646328.551,75794.0,11716720.126,69480.0,12646328.551,75794.0,11716720.126,69480.0
2024-10-24,170.82,179.3,170.46,177.1,2982899996.383,1071771741,1151780552,1070689646,1132700322,0.01,0.01,0.009931,0.01,0.010396,0.010659,0.004991,0.009008,0.010411,0.010702,0.004464,0.008452,53.71,46.29,1.16,57.19,42.81,1.34,62.13,37.87,1.64,583368.4926,2058883.1547,591554.15681,2923860.334127,13734672.294,80774.0,12449622.244,72519.0,13734672.294,80774.0,12449622.244,72519.0
2024-10-25,177.1,177.56,159.12,164.8,4782644106.693,1132700322,1133935802,936569731,964270460,0.01,0.01,0.001209,0.005924,0.009008,0.010839,-0.000077,0.00726,0.008452,0.010722,-0.000352,0.006496,47.81,52.19,0.92,51.32,48.68,1.05,61.12,38.88,1.57,8167411.1096,1603010.1289,9120308.821616,1665157.814644,13721142.291,77805.0,12420500.954,69821.0,13721142.291,77805.0,12420500.954,69821.0
2024-10-26,164.81,173.2,162.41,170.81,2237928905.933,964270460,1069260168,940322182,1047742036,0.005924,0.01,0.002707,0.01,0.00726,0.010557,0.003543,0.00879,0.006496,0.008512,0.002802,0.008057,61.57,38.43,1.6,64.69,35.31,1.83,62.67,37.33,1.68,776253.5397,1652310.3423,790591.517113,1760210.807783,15059526.022,91885.0,13460144.742,81302.0,15059526.022,91885.0,13460144.742,81302.0
2024-10-27,170.81,178.22,170.2,176.58,2161046085.525,1047742036,1134554315,1042356817,1127357240,0.01,0.01,-0.002151,0.0086,0.00879,0.008964,-0.001673,0.008196,0.008057,0.008392,-0.002026,0.007395,53.46,46.54,1.15,54.5,45.5,1.2,62.12,37.88,1.64,269294.8036,2224816.9914,274090.437902,2286800.088481,12918885.498,75959.0,9748678.806,56821.0,12918885.498,75959.0,9748678.806,56821.0
2024-10-28,176.58,179.8,172.31,178.2,3314305084.28,1127357240,1141098403,1094811986,1127205880,0.0086,0.01,0.002061,0.01,0.008196,0.010201,-0.001468,0.010026,0.007395,0.009864,-0.000909,0.009733,46.44,53.56,0.87,49.32,50.68,0.97,60.89,39.11,1.56,2219410.4769,2640478.8691,2367854.212488,2959412.558452,13741786.38,78190.0,12960692.634,72995.0,13741786.38,78190.0,12960692.634,72995.0
2024-10-29,178.2,183.34,176.31,179.4,3451539225.911,1127205880,1203662751,1115348454,1149549453,0.01,0.01,0.01,0.01,0.010026,0.012185,0.008592,0.008938,0.009733,0.012281,0.007726,0.008078,46.9,53.1,0.88,50.49,49.51,1.02,61.52,38.48,1.6,1235070.8466,10107024.1062,1355262.423267,10268984.796231,10647928.545,60015.0,14579667.84,81410.0,10647928.545,60015.0,14579667.84,81410.0
2024-10-30,179.4,181.39,171.7,174.83,2557781213.166,1149549453,1180507404,1084275219,1106070501,0.01,0.01,0.01,0.01,0.008938,0.012368,0.008872,0.00952,0.008078,0.012392,0.008078,0.009301,50.73,49.27,1.03,53.37,46.63,1.15,62.53,37.47,1.67,2981748.5019,620690.6841,3059184.125928,644934.42683,12476095.039,69847.0,11240458.498,62366.0,12476095.039,69847.0,11240458.498,62366.0
2024-10-31,174.82,176.55,167.46,168.62,2451454764.061,1106070501,1109952797,1007607614,1011664860,0.01,0.01,0.01,0.01,0.00952,0.012086,0.005384,0.011715,0.009301,0.012021,0.005718,0.011401,58.66,41.34,1.42,60.95,39.05,1.56,62.53,37.47,1.67,3381547.9363,296426.3494,3577469.161173,307760.239065,16948516.58,97434.0,11009830.932,62714.0,16948516.58,97434.0,11009830.932,62714.0
2024-11-01,168.62,173.99,163,166.01,3057074285.058,1011664860,1042401784,940770584,953968356,0.01,0.01,0.006793,0.006813,0.011715,0.012032,0.008068,0.008535,0.011401,0.011502,0.007475,0.00784,62.33,37.67,1.66,64.51,35.49,1.82,62.94,37.06,1.7,5566885.0456,1971849.6326,7259393.200859,1984640.025668,15292551.54,91141.0,13999735.261,82592.0,15292551.54,91141.0,13999735.261,82592.0
2024-11-02,166.01,168.57,162.1,166.09,1344892662.388,953968356,981374912,939589943,952892124,0.006813,0.01,-0.001671,0.003981,0.008535,0.010286,0.002897,0.004416,0.00784,0.009952,0.003702,0.003943,67.74,32.26,2.1,68.48,31.52,2.17,62.67,37.33,1.68,1414281.2493,716546.0493,1736364.494032,742427.370268,12218189.401,73907.0,10086219.604,60494.0,12218189.401,73907.0,10086219.604,60494.0
2024-11-03,166.09,166.54,157.77,162.44,2666615672.669,952892124,956535978,885372242,904616543,0.003981,0.008951,0.001103,0.004751,0.004416,0.009754,0.000619,0.007464,0.003943,0.009354,0.001147,0.007079,67.41,32.59,2.07,68.61,31.39,2.19,63.79,36.21,1.76,4718614.0409,1399905.2295,5063955.526274,1478074.775792,10451256.453,63204.0,10435209.219,62569.0,10451256.453,63204.0,10435209.219,62569.0
2024-11-04,162.45,164.953,155.03,157.87,2320385730.092,904616543,919369796,838072550,859681937,0.004751,0.01,0.003175,0.005864,0.007464,0.010385,0.000592,0.006509,0.007079,0.010207,0.001598,0.006414,69.07,30.93,2.23,70.21,29.79,2.36,63.15,36.85,1.71,4171785.427,653267.5964,4985232.846557,712421.416291,11448270.155,70806.0,10352110.022,63457.0,11448270.155,70806.0,10352110.022,63457.0
2024-11-05,157.86,169.2,156.81,166.55,2710331760.313,859681937,921517827,855314075,890072042,0.005864,0.01,-0.007876,-0.001922,0.006509,0.010802,-0.004709,-0.001772,0.006414,0.010569,-0.004526,-0.001508,72.16,27.84,2.59,72.67,27.33,2.66,63.26,36.74,1.72,1383706.3934,4126341.8153,1476534.808601,4179511.02527,11590801.62,73755.0,10947912.867,69038.0,11590801.62,73755.0,10947912.867,69038.0
2024-11-06,166.55,190.18,166.27,186.61,7731828134.078,890072042,1271585260,887346555,1217150843,-0.001922,0.01,-0.002416,0.01,-0.001772,0.024218,-0.001772,0.012663,-0.001508,0.023302,-0.001508,0.012708,66.53,33.47,1.99,66.5,33.5,1.99,63.61,36.39,1.75,3534749.6958,10854037.5999,3707400.651839,11607787.284639,15423243.772,92971.0,11009990.952,65745.0,15423243.772,92971.0,11009990.952,65745.0
2024-11-07,186.6,197.94,185.8,196.47,4291768281.461,1217150843,1374247670,1214596740,1371788368,0.01,0.01,0.01,0.01,0.012663,0.019616,0.010743,0.011085,0.012708,0.018182,0.010591,0.011055,51.95,48.05,1.08,54.24,45.76,1.19,67.28,32.72,2.06,1929860.7628,5667890.9815,1986552.452352,5985126.578904,17628465.467,94892.0,10944274.896,58402.0,17628465.467,94892.0,10944274.896,58402.0
2024-11-08,196.46,205.33,195.69,199.92,4668953724.553,1371788368,1526313098,1371788368,1398798617,0.01,0.01,0.01,0.01,0.011085,0.017587,0.0093,0.009522,0.011055,0.015911,0.00837,0.008539,45.84,54.16,0.85,49.62,50.38,0.99,67.07,32.93,2.04,2714398.9229,3288915.5935,3015639.327393,3493965.288282,14455418.233,73900.0,17482191.486,88538.0,14455418.233,73900.0,17482191.486,88538.0
2024-11-09,199.93,203.56,195.02,199.94,2739123071.984,1398798617,1458810488,1353816264,1353944295,0.01,0.01,0.01,0.01,0.009522,0.01498,0.009522,0.011374,0.008539,0.014182,0.008516,0.011188,47.23,52.77,0.9,50.8,49.2,1.03,67.17,32.83,2.05,1598709.1937,3679947.1815,1683355.681537,3739355.921257,13022848.291,65407.0,16313431.025,81197.0,13022848.291,65407.0,16313431.025,81197.0
2024-11-10,199.95,215.64,198.74,210.29,6291849057.502,1353944295,1474908897,1342206092,1391600867,0.01,0.057479,0.01,0.034627,0.011374,0.055594,0.011287,0.036891,0.011188,0.054436,0.011106,0.036968,52.35,47.65,1.1,55.83,44.17,1.26,66.51,33.49,1.99,6005994.0835,8419950.8799,6821811.750593,9097061.193125,14315526.03,71893.0,11528202.919,57399.0,14315526.03,71893.0,11528202.919,57399.0
2024-11-11,210.29,224.35,204.26,222.33,6501793867.267,1391600867,1555557520,1354250884,1489862455,0.034627,0.048732,0.01,0.03599,0.036891,0.053395,0.012224,0.029671,0.036968,0.051396,0.012553,0.030111,53.96,46.04,1.17,56.52,43.48,1.3,71.2,28.8,2.47,2290948.0034,6821339.9539,2390580.859027,7176755.461667,9640703.095,46045.0,9504412.503,44979.0,9640703.095,46045.0,9504412.503,44979.0
2024-11-12,222.33,225.69,205.01,211.77,6979642433.709,1489862455,1506911922,1385898374,1434790918,0.03599,0.073037,0.03026,0.033038,0.029671,0.079268,0.029671,0.036289,0.030111,0.078013,0.030111,0.036184,56.91,43.09,1.32,60.36,39.64,1.52,73.04,26.96,2.71,9971110.677,4569781.0509,11674408.903769,4774808.999751,14480753.077,65422.0,13844665.771,61965.0,14480753.077,65422.0,13844665.771,61965.0
2024-11-13,211.77,220.77,200.85,215.28,7368147000.976,1434790918,1557697442,1378664312,1503664514,0.033038,0.049168,0.01,0.020857,0.036289,0.05047,0.012034,0.021768,0.036184,0.047575,0.012127,0.022355,62.17,37.83,1.64,66.76,33.24,2.01,74.63,25.37,2.94,8797057.4504,3363415.0771,9700071.707805,3454662.395087,14608324.853,69294.0,10306499.412,48419.0,14608324.853,69294.0,10306499.412,48419.0
2024-11-14,215.29,223.04,206.85,209.65,4880971863.962,1503664514,1632710180,1454908503,1468593357,0.020857,0.028722,0.01,0.01,0.021768,0.038803,0.01038,0.010938,0.022355,0.036263,0.01037,0.011,61.94,38.06,1.63,65.27,34.73,1.88,73.81,26.19,2.82,3504500.3685,2672004.2592,3812120.520363,2743076.407984,11916714.966,55614.0,14862426.631,68682.0,11916714.966,55614.0,14862426.631,68682.0
2024-11-15,209.64,221.05,204.51,218.68,3831143902.961,1468593357,1556554578,1395964395,1551127992,0.01,0.01,0.01,0.01,0.010938,0.020553,0.010675,0.020553,0.011,0.019927,0.010465,0.019927,62.03,37.97,1.63,65.44,34.56,1.89,73.78,26.22,2.81,1599444.0323,5319756.2966,2180429.406513,5384851.511535,11994938.139,57510.0,10950082.222,52003.0,11994938.139,57510.0,10950082.222,52003.0
2024-11-16,218.69,222.16,213.45,215.87,2950425723.925,1551127992,1632064059,1522914189,1531329188,0.01,0.025613,0.01,0.01,0.020553,0.030567,0.012427,0.013944,0.019927,0.029398,0.0124,0.013561,58.85,41.15,1.43,61.94,38.06,1.63,73.46,26.54,2.77,1028811.3342,1027694.4606,1091905.68574,1108779.78201,13470149.312,61861.0,12291780.519,55955.0,13470149.312,61861.0,12291780.519,55955.0
2024-11-17,215.86,242.49,212.18,237.61,6679883592.307,1531329188,2008143172,1508189020,1878381302,0.01,0.055232,0.01,0.023826,0.013944,0.05855,0.011708,0.025999,0.013561,0.053024,0.011782,0.025803,63.29,36.71,1.72,66.42,33.58,1.98,72.9,27.1,2.69,2866865.21,6127374.4147,3068076.366635,6962444.669181,12401283.756,57711.0,13468534.974,62063.0,12401283.756,57711.0,13468534.974,62063.0
2024-11-18,237.62,248.66,234.12,239.96,5936197816.603,1878381302,1994087261,1790831129,1833586088,0.023826,0.0349,0.01242,0.022015,0.025999,0.048032,0.018786,0.024321,0.025803,0.042758,0.018971,0.023966,58.19,41.81,1.39,61.87,38.13,1.62,73.53,26.47,2.78,7963873.1603,3724164.6954,8202559.696761,4091675.509314,14006171.39,59216.0,15329754.32,64211.0,14006171.39,59216.0,15329754.32,64211.0
2024-11-19,239.97,247.82,233.47,237.69,4535909725.514,1833586088,1967939260,1731635146,1761875536,0.022015,0.029928,0.01,0.01,0.024321,0.0386,0.015308,0.01578,0.023966,0.037283,0.015669,0.016055,60.81,39.19,1.55,64.04,35.96,1.78,74.87,25.13,2.98,2418102.2904,2518187.6839,2641083.802033,2555445.234918,13809732.164,57820.0,14867796.45,61654.0,13809732.164,57820.0,14867796.45,61654.0
2024-11-20,237.68,242.58,230.56,235.47,4299427926.106,1761875536,1761875536,1595147904,1597284997,0.01,0.01,0.01,0.01,0.01578,0.020123,0.009811,0.010209,0.016055,0.019412,0.009067,0.010218,64.77,35.23,1.84,67.14,32.86,2.04,73.95,26.05,2.84,3301229.7085,1708917.9665,3816195.788527,1796906.846916,16859297.353,71249.0,20932710.856,87590.0,16859297.353,71249.0,20932710.856,87590.0
2024-11-21,235.46,260.28,229.35,256.59,7636955875.239,1597284997,2027942185,1563511487,1978997488,0.01,0.047097,0.01,0.044067,0.010209,0.046755,0.010209,0.044859,0.010218,0.046578,0.010111,0.044563,64.9,35.1,1.85,66.99,33.01,2.03,73.11,26.89,2.72,2325032.2555,6526707.6474,3216874.718963,6861794.918998,14105877.385,60211.0,10407547.431,44005.0,14105877.385,60211.0,10407547.431,44005.0
2024-11-22,256.59,264.64,251.51,257.1,4521334814.538,1978997488,2029634476,1848802512,1865011370,0.044067,0.044067,0.01,0.01,0.044859,0.049367,0.012467,0.014895,0.044563,0.048645,0.012698,0.014913,58.14,41.86,1.39,61.73,38.27,1.61,74.49,25.51,2.92,2432235.0577,2400333.9814,2554783.382684,2570237.83941,14744128.698,57701.0,13591928.162,52694.0,14744128.698,57701.0,13591928.162,52694.0
2024-11-23,257.11,264.4,252.84,255.07,4304164100.976,1865011370,1981275568,1831611470,1844536407,0.01,0.03654,0.01,0.018238,0.014895,0.050941,0.014895,0.023895,0.014913,0.045175,0.014913,0.023661,65.38,34.62,1.89,69.44,30.56,2.27,76.64,23.36,3.28,3433328.4321,3994360.4913,4057203.89519,10201689.586755,13399774.6,52375.0,16699752.338,64649.0,13399774.6,52375.0,16699752.338,64649.0
2024-11-24,255.07,260.09,241.1,252.94,3244163659.71,1844536407,1882064645,1734796228,1817448470,0.018238,0.037356,0.011527,0.014445,0.023895,0.042912,0.022237,0.022772,0.023661,0.039828,0.021114,0.021539,67.8,32.2,2.11,70.83,29.17,2.43,76.68,23.32,3.29,6799811.7239,2157398.5251,8112836.950465,2346335.182115,16516431.104,65095.0,15757504.876,61484.0,16516431.104,65095.0,15757504.876,61484.0
2024-11-25,252.95,257.04,231.28,234.29,4353192799.106,1817448470,1843292032,1665254119,1685332496,0.014445,0.021739,0.01,0.01,0.022772,0.036744,0.017616,0.017837,0.021539,0.033256,0.017911,0.018097,67.61,32.39,2.09,70.57,29.43,2.4,77.46,22.54,3.44,8523087.3182,1747040.0206,11092894.179167,1808451.044408,15372972.359,61069.0,13653920.289,53701.0,15372972.359,61069.0,13653920.289,53701.0
2024-11-26,234.28,239.74,221.71,230.73,4180555057.596,1685332496,1718929416,1539976688,1582208014,0.01,0.01,0.01,0.01,0.017837,0.021816,0.0115,0.013575,0.018097,0.021353,0.011717,0.012985,74.49,25.51,2.92,76.92,23.08,3.33,77.26,22.74,3.4,4917532.6869,2283179.8178,8039029.037089,2328281.302478,15087188.643,64698.0,11577062.243,49187.0,15087188.643,64698.0,11577062.243,49187.0
2024-11-27,230.72,243.42,227.45,242.05,3054446811.87,1582208014,1597589790,1548036294,1566192434,0.01,0.01,0.01,0.01,0.013575,0.023862,0.009591,0.019807,0.012985,0.020316,0.009113,0.017957,74.5,25.5,2.92,76.35,23.65,3.23,76.41,23.59,3.24,784784.1159,1863141.0895,823003.928332,1958198.657915,13160415.593,57296.0,12601825.041,54326.0,13160415.593,57296.0,12601825.041,54326.0
2024-11-28,242.04,245.38,232.78,237.6,2437136773.046,1566192434,1603672245,1495999760,1530131870,0.01,0.01,0.01,0.01,0.019807,0.027894,0.011544,0.013248,0.017957,0.023807,0.011744,0.012618,72.85,27.15,2.68,73.88,26.12,2.83,75.41,24.59,3.07,2134565.8778,1585027.9523,2666324.481148,1648319.629224,16104028.241,66845.0,16485576.314,67750.0,16104028.241,66845.0,16485576.314,67750.0
2024-11-29,237.6,246.88,236.52,243.44,2590878996.106,1530131870,1615450591,1519469331,1591759164,0.01,0.01,0.01,0.01,0.013248,0.029811,0.013248,0.023553,0.012618,0.025415,0.012618,0.021392,73.72,26.28,2.81,76.14,23.86,3.19,76.14,23.86,3.19,949895.3224,1351409.6724,1105128.473788,1387737.291582,16003960.66,67649.0,13655448.215,57217.0,16003960.66,67649.0,13655448.215,57217.0
2024-11-30,243.44,245.59,237.55,237.73,1937366989.883,1591759164,1635578315,1564280478,1620090642,0.01,0.016016,0.01,0.011639,0.023553,0.032782,0.01511,0.026165,0.021392,0.0306,0.015678,0.024888,71.69,28.31,2.53,74.39,25.61,2.91,77.22,22.78,3.39,1337416.737,559433.6022,1371208.962373,568149.321218,16413619.599,67738.0,12778215.557,52245.0,16413619.599,67738.0,12778215.557,52245.0
2024-12-01,237.73,240.06,234.18,237.06,2005630499.057,1620090642,1670373776,1589017959,1656487895,0.011639,0.037518,0.01,0.037518,0.026165,0.045024,0.014539,0.045024,0.024888,0.043606,0.015471,0.043606,74.91,25.09,2.99,77.06,22.94,3.36,75.17,24.83,3.03,2610426.1097,488184.5379,2752744.435323,502446.724388,23090948.26,97597.0,14554389.419,60940.0,23090948.26,97597.0,14554389.419,60940.0
2024-12-02,237.06,238.59,220.11,225.88,4557885914.106,1656487895,1710049707,1617627525,1674666838,0.037518,0.047963,0.025242,0.032825,0.045024,0.06745,0.03348,0.043699,0.043606,0.063342,0.034625,0.042235,76.85,23.15,3.32,77.62,22.38,3.47,74.81,25.19,2.97,5948288.5663,1062812.9808,7837156.960323,1097716.358268,19772959.984,83803.0,14599350.993,61294.0,19772959.984,83803.0,14599350.993,61294.0
2024-12-03,225.87,239.81,215.11,234.1,5111707127.996,1674666838,1796353351,1623255423,1728449529,0.032825,0.039961,0.030026,0.035452,0.043699,0.062153,0.034498,0.04869,0.042235,0.058527,0.034372,0.04628,82.59,17.41,4.74,83.17,16.83,4.94,73.87,26.13,2.83,8893419.72,2342291.0811,10199477.35464,3541608.155028,11378417.586,50575.0,17655319.193,77830.0,11378417.586,50575.0,17655319.193,77830.0
2024-12-04,234.12,241.07,224.82,229.32,4290350261.638,1728449529,1779527811,1682968560,1710531890,0.035452,0.041244,0.02316,0.02714,0.04869,0.059331,0.027812,0.03812,0.04628,0.054757,0.027831,0.036736,81.26,18.74,4.34,82.54,17.46,4.73,75.09,24.91,3.01,2739550.8902,1640698.0854,2957791.860888,1664937.755744,19567431.925,90704.0,16395235.466,75205.0,19567431.925,90704.0,16395235.466,75205.0
2024-12-05,229.32,245.12,223.11,236.05,6402404141.405,1710531890,1853134172,1640552938,1749314855,0.02714,0.061219,0.02714,0.032297,0.03812,0.080376,0.03812,0.048489,0.036736,0.075079,0.036736,0.04624,84.67,15.33,5.52,85.7,14.3,5.99,76.27,23.73,3.21,6789730.4158,5572693.5754,7630067.457644,5635577.994788,19822389.163,86735.0,9968036.207,43224.0,19822389.163,86735.0,9968036.207,43224.0
2024-12-06,236.05,247.32,231.03,237.08,4159943464.044,1749314855,1839963453,1709855597,1780440032,0.032297,0.042206,0.011063,0.041568,0.048489,0.080053,0.015051,0.049771,0.04624,0.069501,0.015959,0.048159,82.79,17.21,4.81,84.28,15.72,5.36,78.85,21.15,3.73,2298842.4925,833650.325,2376101.753744,1000028.067364,16246738.134,69120.0,10867179.255,45815.0,16246738.134,69120.0,10867179.255,45815.0
2024-12-07,237.08,243.89,234.21,238.3,2439592468.316,1780440032,1890324698,1768293165,1847970074,0.041568,0.050854,0.02804,0.045215,0.049771,0.059835,0.029353,0.047541,0.048159,0.057392,0.033077,0.047589,82.13,17.87,4.6,83.87,16.13,5.2,76.87,23.13,3.32,902786.0372,485784.0738,959869.309306,511888.024402,20812033.863,88230.0,16071955.465,67515.0,20812033.863,88230.0,16071955.465,67515.0
2024-12-08,238.29,241.76,233.33,237.24,2039898945.927,1847970074,1877687255,1805448204,1841548879,0.045215,0.045215,0.01,0.025896,0.047541,0.048553,0.018675,0.030486,0.047589,0.047589,0.019609,0.032009,82.11,17.89,4.59,84.19,15.81,5.33,76.99,23.01,3.35,2685974.9378,445920.6664,2956819.621346,459409.022284,26564776.001,112081.0,20711983.145,86450.0,26564776.001,112081.0,20711983.145,86450.0
2024-12-09,237.23,237.5,200,216.65,6406031375.169,1841548879,1842613109,1530049171,1558840635,0.025896,0.026497,0.01,0.01,0.030486,0.032763,0.008093,0.008932,0.032009,0.033703,0.00928,0.009802,83.17,16.83,4.94,84.68,15.32,5.53,75.64,24.36,3.11,15147383.1349,1339849.2205,21783038.484209,1460630.371857,16617970.728,70357.0,17506341.611,73436.0,16617970.728,70357.0,17506341.611,73436.0
2024-12-10,216.66,221.02,203.17,213.58,5384861682.194,1558840635,1587770218,1441311404,1490178754,0.01,0.01,0.01,0.01,0.008932,0.010294,0.007539,0.008628,0.009802,0.010323,0.007464,0.00884,82.35,17.65,4.67,84.45,15.55,5.43,77.21,22.79,3.39,5637493.996,1976236.4039,6374355.818979,2028879.771048,17892792.287,82929.0,14493594.48,66577.0,17892792.287,82929.0,14493594.48,66577.0
2024-12-11,213.58,230.65,211.43,227.29,3302836899.949,1490178754,1663883830,1478763045,1611917739,0.01,0.01,0.005953,0.01,0.008628,0.009715,0.005805,0.009673,0.00884,0.010517,0.004909,0.010517,82.03,17.97,4.57,83.38,16.62,5.02,77.47,22.53,3.44,545046.9685,2660825.3033,550701.29429,2986789.501958,29195365.287,137437.0,15770458.652,73527.0,29195365.287,137437.0,15770458.652,73527.0
2024-12-12,227.29,234.66,225.65,226.88,3121189387.77,1611917739,1675702157,1589139035,1599165063,0.01,0.01,0.01,0.01,0.009673,0.011198,0.007585,0.009897,0.010517,0.011507,0.008064,0.009939,77.55,22.45,3.45,79.73,20.27,3.93,76.46,23.54,3.25,1622779.727,1744303.5436,1740082.528377,1812954.295618,31031407.264,137256.0,19428566.677,85208.0,31031407.264,137256.0,19428566.677,85208.0
2024-12-13,226.88,228.4,220.5,224.71,2442245232.885,1599165063,1662407956,1582098903,1660039538,0.01,0.01,0.01,0.01,0.009897,0.012018,0.007979,0.011336,0.009939,0.012481,0.007921,0.011568,79.25,20.75,3.82,82.39,17.61,4.68,78.85,21.15,3.73,1477253.7627,415124.4608,1570112.492999,429521.000027,21113975.763,93491.0,11999789.356,52634.0,21113975.763,93491.0,11999789.356,52634.0
2024-12-14,224.71,227.4,215.04,219.84,1993265199.811,1660039538,1676213419,1595971005,1633196873,0.01,0.01,0.01,0.01,0.011336,0.01148,0.008911,0.009488,0.011568,0.011695,0.008292,0.008764,80.48,19.52,4.12,82.56,17.44,4.73,77.66,22.34,3.48,2852585.6226,779874.6954,3077258.385996,797588.489033,14739310.388,65917.0,16476589.726,73021.0,14739310.388,65917.0,16476589.726,73021.0
2024-12-15,219.85,225.51,215.55,224.21,2017939440.105,1633196873,1696687235,1592347261,1684128398,0.01,0.01,0.00662,0.01,0.009488,0.013556,0.009289,0.011521,0.008764,0.012959,0.008597,0.010734,81.6,18.4,4.44,83.64,16.36,5.11,77.76,22.24,3.5,1603182.0972,880436.3379,1649293.814747,909624.021278,17225027.689,78672.0,14726114.497,66704.0,17225027.689,78672.0,14726114.497,66704.0
2024-12-16,224.21,227.41,213.12,216.08,3200964541.802,1684128398,1716839561,1616281577,1651720434,0.01,0.01,0.009555,0.01,0.011521,0.013706,0.010894,0.011115,0.010734,0.01405,0.010603,0.011237,82.37,17.63,4.67,84.02,15.98,5.26,77.09,22.91,3.37,2555767.0435,754253.1171,2976700.728651,785755.139452,14026389.713,62850.0,14150667.19,62724.0,14026389.713,62850.0,14150667.19,62724.0
2024-12-17,216.09,228.9,211.15,223.16,4449838214.038,1651720434,1798424452,1604803489,1761027362,0.01,0.01,0.002222,0.01,0.011115,0.012436,0.008134,0.010329,0.011237,0.012626,0.007221,0.010223,84.17,15.83,5.32,86.06,13.94,6.17,77.89,22.11,3.52,3511239.1481,2168929.199,4722688.439069,2327249.140277,32499270.457,151059.0,13119790.563,60454.0,32499270.457,151059.0,13119790.563,60454.0
2024-12-18,223.17,225.99,204.61,206.46,4946079274.689,1761027362,1785108229,1630085110,1655688580,0.01,0.01,-0.004595,-0.003703,0.010329,0.010794,0.004269,0.005189,0.010223,0.010541,0.002688,0.003904,80.47,19.53,4.12,84.04,15.96,5.27,78.04,21.96,3.55,4785855.3906,1131659.0549,6377203.515273,1158614.575759,17336452.917,78066.0,15256577.891,68064.0,17336452.917,78066.0,15256577.891,68064.0
2024-12-19,206.46,211.99,187,193.71,6209830136.249,1655688580,1732442766,1554428133,1596703297,-0.003703,0.009012,-0.005767,-0.001795,0.005189,0.009708,0.000826,0.001448,0.003904,0.00938,0.000588,0.000656,84.82,15.18,5.59,86.2,13.8,6.25,76.65,23.35,3.28,9421147.6477,2595280.5138,12412285.65823,2863307.325088,16437186.35,80004.0,12999798.844,62684.0,16437186.35,80004.0,12999798.844,62684.0
2024-12-20,193.71,199.61,175.2,194.28,6918727735.406,1596703297,1650539702,1450420302,1547813921,-0.001795,0.01,-0.025753,-0.018484,0.001448,0.006457,-0.01037,-0.006531,0.000656,0.00506,-0.01345,-0.008557,83.13,16.87,4.93,84.46,15.54,5.44,75.52,24.48,3.09,13648645.358,3539452.5327,17449495.859442,3640087.473892,15551730.713,80603.0,14279950.706,73405.0,15551730.713,80603.0,14279950.706,73405.0
2024-12-21,194.28,201.94,178.31,181.37,4158416364.608,1547813921,1580677043,1424854536,1451659147,-0.018484,-0.002294,-0.025624,-0.011602,-0.006531,0.005244,-0.012525,-0.003559,-0.008557,0.003286,-0.01307,-0.005693,82.01,17.99,4.56,83.25,16.75,4.97,75.1,24.9,3.02,6039922.5191,1920592.0369,6720982.707675,2034860.876456,14882770.348,76921.0,21593546.587,110632.0,14882770.348,76921.0,21593546.587,110632.0
2024-12-22,181.36,187.77,176.77,180.44,3162878023.174,1451659147,1481887075,1378246191,1405121646,-0.011602,0.003509,-0.015426,-0.005839,-0.003559,0.004692,-0.012296,-0.001145,-0.005693,0.003263,-0.011548,-0.002812,83.57,16.43,5.09,85.02,14.98,5.68,72.63,27.37,2.65,2939586.9262,1379257.7765,3061300.761128,1408800.879251,12738691.834,70563.0,15088356.456,82815.0,12738691.834,70563.0,15088356.456,82815.0
2024-12-23,180.43,193.38,176.36,190.06,3794706148.602,1405121646,1491658185,1382388363,1420089185,-0.005839,0.009114,-0.00923,0.000378,-0.001145,0.009983,-0.001577,0.006387,-0.002812,0.009285,-0.003217,0.004748,83.93,16.07,5.22,84.65,15.35,5.52,74.97,25.03,3.0,2814520.3117,3356972.4569,2893240.681181,3670314.753685,14194587.16,79030.0,12083339.847,66706.0,14194587.16,79030.0,12083339.847,66706.0
2024-12-24,190.06,198.9,186.05,196.99,2551544278.447,1420089185,1476338585,1383984964,1437064865,0.000378,0.00561,-0.007851,-0.001032,0.006387,0.008125,0.002908,0.005118,0.004748,0.006901,0.000727,0.003614,82.28,17.72,4.64,83.48,16.52,5.05,74.04,25.96,2.85,830152.5569,1716232.7774,861505.362868,1743990.81085,15530255.094,82054.0,11777476.648,61724.0,15530255.094,82054.0,11777476.648,61724.0
2024-12-25,196.98,201.77,194.95,197.35,1831554518.556,1437064865,1469238898,1400049220,1411639322,-0.001032,0.006062,-0.004188,0.002784,0.005118,0.008619,0.000121,0.005143,0.003614,0.007688,-0.001196,0.004312,80.72,19.28,4.19,82.99,17.01,4.88,73.55,26.45,2.78,1368477.0046,918319.6555,1395923.149535,930090.052837,15044120.362,76702.0,17394401.662,87987.0,15044120.362,76702.0,17394401.662,87987.0
2024-12-26,197.36,199.63,186.53,188.37,2294984767.39,1411639322,1432139097,1321850556,1329337572,0.002784,0.01,-0.000697,0.003721,0.005143,0.01046,0.001671,0.006931,0.004312,0.010122,0.001175,0.005792,80.16,19.84,4.04,82.77,17.23,4.8,74.27,25.73,2.89,2711765.8534,473063.8963,4884113.588166,535711.671021,17095660.425,86999.0,14144456.351,71368.0,17095660.425,86999.0,14144456.351,71368.0
2024-12-27,188.37,194.29,182.66,184.18,2242989257.019,1329337572,1391675428,1302160980,1317063202,0.003721,0.009146,-0.009337,0.009146,0.006931,0.00975,-0.006552,0.00682,0.005792,0.00793,-0.006913,0.005983,81.48,18.52,4.4,83.54,16.46,5.08,75.93,24.07,3.16,2735443.394,871485.284,3050794.333633,981932.846484,15844876.893,84487.0,14188611.277,75032.0,15844876.893,84487.0,14188611.277,75032.0
2024-12-28,184.18,195.98,183.71,195.39,1408298033.155,1317063202,1415474737,1315992525,1397559953,0.009146,0.01,-0.001935,0.000778,0.00682,0.00911,0.000292,0.003932,0.005983,0.008348,-0.000485,0.003853,82.72,17.28,4.79,83.59,16.41,5.09,76.27,23.73,3.21,211790.5063,1090179.302,216555.703816,1179161.5723,16723464.807,91200.0,12932447.772,69940.0,16723464.807,91200.0,12932447.772,69940.0
2024-12-29,195.39,197.68,188.5,189.85,1746524939.225,1397559953,1433914516,1344552288,1353302033,0.000778,0.01,-0.006547,0.01,0.003932,0.009431,-0.000747,0.008316,0.003853,0.009159,-0.000971,0.008219,79.18,20.82,3.8,81.0,19.0,4.26,75.75,24.25,3.12,2697735.3868,490424.9967,2831238.749669,518667.499446,14092627.773,72431.0,14787947.39,75411.0,14092627.773,72431.0,14787947.39,75411.0
2024-12-30,189.85,196.4,185.81,191.26,2470389161.18,1353302033,1409580867,1322285594,1358309256,0.01,0.01,0.003695,0.008417,0.008316,0.010563,0.004435,0.005646,0.008219,0.009524,0.004126,0.005644,81.15,18.85,4.31,84.51,15.49,5.46,76.92,23.08,3.33,2480255.6521,1540438.0319,2894630.07808,1875574.500717,15073293.461,79811.0,12073715.009,63396.0,15073293.461,79811.0,12073715.009,63396.0
2024-12-31,191.26,199.16,187.91,189.22,2133803372.857,1358309256,1441986608,1336361955,1339309316,0.008417,0.009625,-0.005587,-0.005587,0.005646,0.009418,-0.000642,-0.000523,0.005644,0.008698,-0.00081,-0.00075,80.92,19.08,4.24,82.63,17.37,4.76,77.27,22.73,3.4,1497054.8838,752913.9628,1549229.955073,886858.102551,13508816.278,70907.0,12668582.0,65950.0,13508816.278,70907.0,12668582.0,65950.0
2025-01-01,189.22,195.29,187.82,194.22,1525018095.51,1339309316,1396766874,1325717794,1378611513,-0.005587,0.01,-0.006208,0.01,-0.000523,0.011919,-0.002539,0.009978,-0.00075,0.010606,-0.002497,0.009471,82.77,17.23,4.8,85.04,14.96,5.68,75.63,24.37,3.1,570000.6898,632989.4643,649182.800094,668417.582484,25985968.763,137911.0,13820212.606,72731.0,25985968.763,137911.0,13820212.606,72731.0
2025-01-02,194.22,210.47,193.34,208.17,3174524023.99,1378611513,1534444294,1372248549,1496956605,0.01,0.01,0.004554,0.01,0.009978,0.011206,0.002379,0.010803,0.009471,0.011208,0.002238,0.01082,80.34,19.66,4.09,82.35,17.65,4.67,75.73,24.27,3.12,671815.3063,2505221.5254,695172.212276,2802331.778084,17590279.477,90929.0,16591143.206,85079.0,17590279.477,90929.0,16591143.206,85079.0
2025-01-03,208.17,219.69,205.51,217.91,2905442158.018,1496956605,1577268383,1471989258,1566445397,0.01,0.01,-0.01251,-0.00745,0.010803,0.010803,-0.009658,-0.002848,0.01082,0.01082,-0.009165,-0.002833,72.77,27.23,2.67,76.95,23.05,3.34,76.49,23.51,3.25,436305.6006,3354921.6145,454046.23634,4223825.683563,16968203.412,81793.0,17172585.882,82132.0,16968203.412,81793.0,17172585.882,82132.0
2025-01-04,217.92,218.08,213.45,216.56,1532617360.996,1566445397,1582594827,1542427887,1574231520,-0.00745,0.009911,-0.00745,0.009591,-0.002848,0.008657,-0.002848,0.006777,-0.002833,0.008664,-0.002851,0.007095,72.0,28.0,2.57,75.71,24.29,3.12,78.08,21.92,3.56,666078.4711,472145.313,693848.56413,488977.455777,17868505.697,82318.0,27860740.765,127174.0,17868505.697,82318.0,27860740.765,127174.0
2025-01-05,216.57,218.98,211.27,213.3,1596447733.573,1574231520,1593673081,1549150319,1569717538,0.009591,0.01,-0.005622,-0.000079,0.006777,0.010095,-0.004788,0.003426,0.007095,0.009626,-0.004574,0.002864,74.5,25.5,2.92,79.42,20.58,3.86,78.69,21.31,3.69,1509803.5693,319005.5627,1604438.580621,365488.165156,18314020.663,84925.0,19710028.327,90612.0,18314020.663,84925.0,19710028.327,90612.0
2025-01-06,213.31,223.14,211.41,218.11,2556409918.089,1569717538,1632634279,1555793183,1588115791,-0.000079,0.008631,-0.005334,-0.002492,0.003426,0.007982,-0.001735,0.002024,0.002864,0.008108,-0.002261,0.00236,75.31,24.69,3.05,79.03,20.97,3.77,78.71,21.29,3.7,1092167.0868,2680199.8814,1120294.24752,2831421.082998,18392315.675,86491.0,13013518.868,60699.0,18392315.675,86491.0,13013518.868,60699.0
2025-01-07,218.1,219.04,201.36,202.07,3385561012.228,1588115791,1593066967,1447986941,1452061602,-0.002492,0.008924,-0.003022,0.000914,0.002024,0.011619,-0.000929,0.00473,0.00236,0.010734,-0.00019,0.004645,75.45,24.55,3.07,78.61,21.39,3.68,77.36,22.64,3.42,6934851.5759,207067.2959,7746766.750774,212122.311285,23291001.381,107261.0,14509165.067,66252.0,23291001.381,107261.0,14509165.067,66252.0
2025-01-08,202.06,203.2,188.23,197.37,4208935892.425,1452061602,1457592976,1348839489,1405767302,0.000914,0.01,-0.007055,-0.00436,0.00473,0.008854,-0.00727,-0.002168,0.004645,0.009079,-0.003113,-0.002279,81.04,18.96,4.27,83.48,16.52,5.05,76.28,23.72,3.22,5196368.6883,1128985.2982,7561888.196238,1159150.485993,21421012.586,106518.0,15421394.536,76008.0,21421012.586,106518.0,15421394.536,76008.0
2025-01-09,197.37,198.98,181.85,184.88,3116387254.476,1405767302,1416734299,1271747452,1281958940,-0.00436,0.01,-0.004863,0.000859,-0.002168,0.010239,-0.006571,0.001093,-0.002279,0.009835,-0.006333,0.000678,83.19,16.81,4.95,84.48,15.52,5.44,75.2,24.8,3.03,5939661.9619,748303.143,6683597.420157,770933.451829,16899869.945,85956.0,15396766.329,77688.0,16899869.945,85956.0,15396766.329,77688.0
2025-01-10,184.87,192.93,183.38,187.59,2763073805.943,1281958940,1329281287,1257016214,1282376203,0.000859,0.00812,-0.012357,0.000989,0.001093,0.009151,-0.007633,0.002851,0.000678,0.008319,-0.004612,0.001165,84.49,15.51,5.45,85.73,14.27,6.01,76.14,23.86,3.19,1771044.3576,1705838.6622,1894773.335165,1752157.631446,14806395.886,80434.0,13936735.709,75056.0,14806395.886,80434.0,13936735.709,75056.0
2025-01-11,187.59,191.82,184.01,187.99,1368401923.89,1282376203,1352099715,1267151505,1323332498,0.000989,0.003171,-0.00628,0.002103,0.002851,0.006951,-0.00291,0.005918,0.001165,0.00625,-0.002218,0.005005,83.21,16.79,4.96,83.7,16.3,5.14,75.45,24.55,3.07,1117696.4991,799187.3005,1136342.73184,848151.242351,14506389.192,77667.0,12082387.383,64208.0,14506389.192,77667.0,12082387.383,64208.0
2025-01-12,187.99,190.98,185.04,188.43,1204371819.559,1323332498,1351918433,1307885100,1329549017,0.002103,0.01,-0.004988,0.01,0.005918,0.009518,-0.002209,0.009272,0.005005,0.009998,-0.00482,0.009871,84.17,15.83,5.32,84.77,15.23,5.57,74.97,25.03,3.0,1093424.8373,563486.7675,1110707.304056,590432.562843,15424725.445,82381.0,11970325.795,63425.0,15424725.445,82381.0,11970325.795,63425.0
2025-01-13,188.43,191.94,167.71,182.78,4463941355.261,1329549017,1353200045,1257790535,1283724662,0.01,0.01,-0.005553,-0.004601,0.009272,0.010929,0.001214,0.001715,0.009871,0.011257,-0.000204,0.000326,83.74,16.26,5.15,84.91,15.09,5.63,74.57,25.43,2.93,6702162.9768,1879163.847,9166642.965437,1937884.257434,13901263.593,74063.0,12789814.187,67647.0,13901263.593,74063.0,12789814.187,67647.0
2025-01-14,182.77,190.08,181.77,187.46,2090450499.094,1283724662,1337310368,1271215537,1279335292,-0.004601,0.005442,-0.006317,0.003362,0.001715,0.008182,-0.004132,0.006569,0.000326,0.00725,-0.00265,0.005461,83.15,16.85,4.94,84.04,15.96,5.27,75.65,24.35,3.11,756946.2676,2187978.8732,765957.0729,2199903.88419,14298192.415,78523.0,11863012.97,64640.0,14298192.415,78523.0,11863012.97,64640.0
2025-01-15,187.45,205.94,185.76,205.76,3171397814.541,1279335292,1436359121,1272425444,1435408488,0.003362,0.01,-0.010571,0.01,0.006569,0.008829,-0.005343,0.008765,0.005461,0.009399,-0.003845,0.009348,81.74,18.26,4.48,83.16,16.84,4.94,74.74,25.26,2.96,820380.6258,3557144.2908,839086.996364,3718757.044469,15043954.507,80588.0,13953945.146,74165.0,15043954.507,80588.0,13953945.146,74165.0
2025-01-16,205.76,217.14,198.42,211.02,4718270070.68,1435408488,1618348759,1407770716,1515913558,0.01,0.01,0.009995,0.01,0.008765,0.01468,0.004395,0.007806,0.009348,0.012889,0.006461,0.009877,78.48,21.52,3.65,80.2,19.8,4.05,75.14,24.86,3.02,4063240.5213,3205453.8025,4244767.020345,3337893.896721,17199274.793,83923.0,15055097.87,72850.0,17199274.793,83923.0,15055097.87,72850.0
2025-01-17,211.03,222.09,209.71,219.46,3984455541.553,1515913558,1725774536,1493774006,1700307483,0.01,0.01,0.005983,0.01,0.007806,0.010421,0.004875,0.007711,0.009877,0.010952,0.007378,0.007716,76.56,23.44,3.27,80.2,19.8,4.05,77.71,22.29,3.49,987570.5775,1613657.0271,1068727.65677,1680250.335721,14601054.814,69438.0,12976242.999,61227.0,14601054.814,69438.0,12976242.999,61227.0
2025-01-18,219.46,270.7,217.18,261.9,15676396264.104,1700307483,2321986634,1691113753,2248092017,0.01,0.01,-0.002309,0.01,0.007711,0.023126,-0.012812,0.00926,0.007716,0.020377,-0.008351,0.010809,74.48,25.52,2.92,77.65,22.35,3.47,75.65,24.35,3.11,8738101.8991,15545537.4957,9726361.19022,16940707.686896,20351985.142,93120.0,16776857.322,76109.0,20351985.142,93120.0,16776857.322,76109.0
2025-01-19,261.91,295.6,237.69,252.52,19674223353.703,2248092017,2549800487,1883105057,1989694923,0.01,0.01,-0.071044,-0.071044,0.00926,0.018627,-0.100638,-0.093611,0.010809,0.015139,-0.091411,-0.086499,61.35,38.65,1.59,65.4,34.6,1.89,74.48,25.52,2.92,24986450.2801,15904229.1529,28425146.325391,17841825.091409,16039582.897,61523.0,18438125.068,70118.0,16039582.897,61523.0,18438125.068,70118.0
2025-01-20,252.49,273,229.27,241.89,12943434031.235,1989694923,1989694923,1661942257,1691605416,-0.071044,0.01,-0.084633,-0.027185,-0.093611,0.012901,-0.150731,-0.007601,-0.086499,0.014942,-0.117462,-0.010628,68.48,31.52,2.17,72.16,27.84,2.59,76.59,23.41,3.27,10616387.1644,5968826.7022,12496458.526439,6293948.664361,8139840.682,32381.0,13222138.942,52039.0,8139840.682,32381.0,13222138.942,52039.0
2025-01-21,241.88,259.89,230.3,250.26,6741174177.496,1691605416,1836296557,1634010112,1752005443,-0.027185,0.01,-0.032772,0.01,-0.007601,0.010166,-0.024158,0.007644,-0.010628,0.009178,-0.023422,0.00736,75.41,24.59,3.07,77.22,22.78,3.39,73.42,26.58,2.76,3078965.3366,3559006.2746,4993337.015801,3729167.157785,12879470.234,53511.0,11845867.732,48743.0,12879470.234,53511.0,11845867.732,48743.0
2025-01-22,250.25,272.05,248.24,257.3,6627520850.758,1752005443,2029359236,1739917348,1956024762,0.01,0.01,-0.00303,0.01,0.007644,0.01012,-0.008768,0.009899,0.00736,0.009128,-0.00146,0.009061,72.95,27.05,2.7,74.89,25.11,2.98,74.96,25.04,2.99,2339806.6615,2308906.6798,2545966.982406,3042106.356302,10880393.152,43714.0,10961825.273,43647.0,10880393.152,43714.0,10961825.273,43647.0
2025-01-23,257.31,258.38,242.01,253.01,6686828651.524,1956024762,1957206383,1704152636,1763043866,0.01,0.01,-0.019698,0.006844,0.009899,0.010243,-0.017772,0.004944,0.009061,0.009403,-0.018376,0.003837,67.3,32.7,2.06,70.68,29.32,2.41,75.23,24.77,3.04,9104812.6963,2394127.6276,9435545.162851,2597399.685131,13827973.776,54001.0,11442511.379,44231.0,13827973.776,54001.0,11442511.379,44231.0
2025-01-24,253.01,270.11,247.09,253.22,5353618454.53,1763043866,2015046142,1739348460,1858030004,0.006844,0.01,-0.00146,-0.00146,0.004944,0.010304,0.000817,0.001666,0.003837,0.009393,0.000034,0.001238,70.77,29.23,2.42,72.82,27.18,2.68,74.31,25.69,2.89,4291327.2541,2181467.2354,4489775.171349,2264308.039352,15903901.68,63172.0,16192925.665,63678.0,15903901.68,63172.0,16192925.665,63678.0
2025-01-25,253.22,260.76,246.09,256.32,3632281526.798,1858030004,1910585291,1780269416,1844541893,-0.00146,0.01,-0.012767,0.01,0.001666,0.010553,-0.006813,0.010457,0.001238,0.010728,-0.007958,0.010728,66.08,33.92,1.95,69.01,30.99,2.23,73.47,26.53,2.77,2292388.7036,2762464.7571,2517026.496233,2847785.059615,23187438.624,92103.0,13360301.483,52524.0,23187438.624,92103.0,13360301.483,52524.0
2025-01-26,256.32,259.99,240.16,240.32,3144993119.453,1844541893,1877288961,1685531864,1687331420,0.01,0.01,-0.005618,-0.003642,0.010457,0.011375,-0.002544,-0.000846,0.010728,0.011771,-0.002905,-0.001758,66.37,33.63,1.97,67.73,32.27,2.1,72.4,27.6,2.62,4012698.7242,1062810.0153,5357464.127931,1112025.176133,15161950.401,59466.0,21876174.582,84994.0,15161950.401,59466.0,21876174.582,84994.0
2025-01-27,240.32,242.53,220.76,234.77,8050440296.302,1687331420,1745311418,1557102219,1632245442,-0.003642,0.01,-0.025698,0.008042,-0.000846,0.010661,-0.015054,0.009535,-0.001758,0.010009,-0.018828,0.008877,74.14,25.86,2.87,75.98,24.02,3.16,73.39,26.61,2.76,13141281.2353,5184229.11,14986016.060466,5362378.815845,25170021.183,105215.0,10845924.069,44940.0,25170021.183,105215.0,10845924.069,44940.0
2025-01-28,234.79,243.77,225,226.91,4173248404.357,1632245442,1684942693,1488263333,1504228466,0.008042,0.01,-0.005965,0.008777,0.009535,0.009535,-0.002651,0.00862,0.008877,0.008877,-0.003131,0.007892,76.37,23.63,3.23,76.92,23.08,3.33,71.04,28.96,2.45,3549277.24,1330426.2715,4757402.936071,1382622.688643,14593773.297,62430.0,14703211.009,62300.0,14593773.297,62430.0,14703211.009,62300.0
2025-01-29,226.92,238.59,222.45,228.04,4558915039.853,1504228466,1570542586,1484623297,1504523117,0.008777,0.01,-0.002325,0.001761,0.00862,0.00886,-0.000003,0.005438,0.007892,0.00804,-0.000885,0.004876,79.19,20.81,3.81,80.85,19.15,4.22,72.97,27.03,2.7,2968566.3047,2393449.9061,3185448.997557,2482584.972756,16790634.178,74318.0,15702046.62,68889.0,16790634.178,74318.0,15702046.62,68889.0
2025-01-30,228.04,244.59,226.71,238.15,3361746754.386,1504523117,1610255431,1491718527,1566219377,0.001761,0.01,-0.004244,-0.000732,0.005438,0.01014,-0.003651,0.002373,0.004876,0.00938,-0.000834,0.001432,79.06,20.94,3.78,80.14,19.86,4.04,71.37,28.63,2.49,1801647.856,1504990.379,1839313.229016,1552131.642517,33371566.25,147028.0,11989110.068,52343.0,33371566.25,147028.0,11989110.068,52343.0
2025-01-31,238.15,241.8,228.1,231.59,3121442376.798,1566219377,1581344142,1508641481,1557799454,-0.000732,0.009941,-0.010889,-0.006809,0.002373,0.009971,-0.002602,-0.001504,0.001432,0.009246,-0.003379,-0.003361,71.99,28.01,2.57,73.97,26.03,2.84,71.88,28.12,2.56,4953129.9058,1186371.4603,5614245.418962,1209446.711852,29068384.762,122456.0,10427222.059,43581.0,29068384.762,122456.0,10427222.059,43581.0
2025-02-01,231.6,234.02,212.58,212.89,2801626077.931,1557799454,1571374095,1466314792,1466314792,-0.006809,0.005946,-0.010389,-0.005307,-0.001504,0.007398,-0.004265,-0.000703,-0.003361,0.006146,-0.006627,-0.002975,79.24,20.76,3.82,80.08,19.92,4.02,71.3,28.7,2.48,6891224.4967,815612.5104,8158240.66954,845204.972212,22123512.167,95953.0,19500192.525,83896.0,22123512.167,95953.0,19500192.525,83896.0
2025-02-02,212.88,218.71,191.85,203.42,6781258673.78,1466314792,1505315436,1308543519,1390757086,-0.005307,0.008229,-0.007072,0.000699,-0.000703,0.006979,-0.007712,-0.00171,-0.002975,0.005815,-0.006582,-0.003341,82.34,17.66,4.66,83.98,16.02,5.24,70.77,29.23,2.42,9334523.1546,2432808.3924,14766286.849018,2579095.293532,22345351.575,105466.0,11818732.065,55267.0,22345351.575,105466.0,11818732.065,55267.0
2025-02-03,203.42,218.42,173.33,216.2,9524850552.669,1390757086,1438296810,1180091355,1422648289,0.000699,0.007738,-0.066363,-0.056204,-0.00171,0.005124,-0.061334,-0.044386,-0.003341,0.000731,-0.06163,-0.045786,82.64,17.36,4.76,84.26,15.74,5.35,71.96,28.04,2.57,11202898.5921,9239563.2637,16265543.534206,10033089.881669,12473707.458,61630.0,13311342.531,65140.0,12473707.458,61630.0,13311342.531,65140.0
2025-02-04,216.19,219.89,201.756,206.48,5724973623.291,1422648289,1437568901,1253224980,1281487461,-0.056204,0.01,-0.056204,-0.003571,-0.044386,0.009362,-0.044386,-0.000023,-0.045786,0.008928,-0.045786,-0.001021,78.23,21.77,3.59,78.61,21.39,3.68,69.75,30.25,2.31,4738226.1171,2298830.4825,5165113.877066,2451549.257886,13539080.937,62917.0,12826977.873,59071.0,13539080.937,62917.0,12826977.873,59071.0
2025-02-05,206.49,209.26,195.05,196.03,3195017079.912,1281487461,1298099073,1227316237,1232762084,-0.003571,0.000007,-0.011234,-0.004538,-0.000023,0.002505,-0.011499,-0.002334,-0.001021,0.001491,-0.011411,-0.002079,80.45,19.55,4.12,82.54,17.46,4.73,70.61,29.39,2.4,2158234.3723,751356.6982,2431156.117165,781971.769174,12815950.855,62345.0,11316345.319,54567.0,12815950.855,62345.0,11316345.319,54567.0
2025-02-06,196.03,203.86,187.16,189.45,3431264944.857,1232762084,1318604215,1232762084,1286490624,-0.004538,0.009421,-0.00509,0.002683,-0.002334,0.007174,-0.005186,0.00054,-0.002079,0.006437,-0.003311,-0.001508,79.24,20.76,3.82,80.27,19.73,4.07,68.87,31.13,2.21,2589694.6873,1134990.2506,4069953.334415,1199709.215736,32019433.411,163751.0,11533310.783,58527.0,32019433.411,163751.0,11533310.783,58527.0
2025-02-07,189.45,203.31,188,191.84,3844931674.657,1286490624,1381347174,1241714865,1277380327,0.002683,0.005699,-0.004219,-0.002424,0.00054,0.004419,-0.008712,-0.001067,-0.001508,0.0033,-0.00815,-0.002925,80.65,19.35,4.17,80.98,19.02,4.26,67.64,32.36,2.09,2435217.0143,2523351.5746,2645597.93186,2843849.535639,29136012.089,154750.0,12954530.511,68073.0,29136012.089,154750.0,12954530.511,68073.0
2025-02-08,191.84,200.75,189.67,199.21,1847903295.317,1277380327,1315764288,1262631841,1298621838,-0.002424,0.008082,-0.011,-0.011,-0.001067,0.008544,-0.009275,-0.009275,-0.002925,0.007891,-0.008933,-0.008421,81.47,18.53,4.4,81.96,18.04,4.54,67.55,32.45,2.08,453459.7174,966971.2246,474949.967521,1119066.514129,13555446.087,71152.0,10275890.434,53491.0,13555446.087,71152.0,10275890.434,53491.0
2025-02-09,199.22,207.26,193.22,200.32,2827112217.832,1298621838,1368207380,1232144641,1265372015,-0.011,-0.003963,-0.02907,-0.016154,-0.009275,-0.00488,-0.023802,-0.011443,-0.008421,-0.00395,-0.023166,-0.011995,75.89,24.11,3.15,76.44,23.56,3.24,67.2,32.8,2.05,2429944.138,1479732.4594,3356916.929678,1638880.565779,15100212.047,76032.0,20163659.697,100581.0,15100212.047,76032.0,20163659.697,100581.0
2025-02-10,200.31,208.9,195.71,200.32,3109433899.018,1265372015,1305309209,1219619970,1229221937,-0.016154,0.002874,-0.018436,-0.018131,-0.011443,0.002565,-0.015008,-0.013875,-0.011995,0.002617,-0.015365,-0.014105,75.49,24.51,3.08,76.45,23.55,3.25,67.6,32.4,2.09,1262549.2786,1290895.7404,1322956.011729,1317676.953839,14041960.821,70391.0,12601724.212,62586.0,14041960.821,70391.0,12601724.212,62586.0
2025-02-11,200.32,206.07,194.94,197.87,2853670462.235,1229221937,1279826983,1219347706,1256010170,-0.018131,-0.009354,-0.029624,-0.022441,-0.013875,-0.000981,-0.023034,-0.013178,-0.014105,-0.001647,-0.022148,-0.014648,78.01,21.99,3.55,79.6,20.4,3.9,68.85,31.15,2.21,2408978.1925,716786.7029,3455135.274107,741043.403468,14551960.447,72994.0,10717999.395,53259.0,14551960.447,72994.0,10717999.395,53259.0
2025-02-12,197.86,198.49,188.3,196.71,3226987777.077,1256010170,1258949387,1145527802,1190756609,-0.022441,0.009395,-0.022441,0.003604,-0.013178,0.009119,-0.013178,0.004698,-0.014648,0.008081,-0.014648,0.004518,79.09,20.91,3.78,78.96,21.04,3.75,66.02,33.98,1.94,3299311.0612,1794138.253,4563358.051804,1834399.068036,14015484.984,71145.0,12518108.931,63017.0,14015484.984,71145.0,12518108.931,63017.0
2025-02-13,196.71,198.4,188.7,194.12,2150927149.35,1190756609,1197487936,1159777950,1167771126,0.003604,0.003611,-0.01433,-0.001576,0.004698,0.006219,-0.009746,-0.000507,0.004518,0.005816,-0.011842,-0.000561,82.94,17.06,4.86,83.85,16.15,5.19,68.24,31.76,2.15,1362224.8831,1055993.0828,1430398.805076,1145833.985,16589194.91,84713.0,14879227.186,75287.0,16589194.91,84713.0,14879227.186,75287.0
2025-02-14,194.12,205.3,194.02,199.31,2642668189.838,1167771126,1208265702,1149936727,1165450386,-0.001576,0.01,-0.001635,0.00862,-0.000507,0.008674,-0.001728,0.005233,-0.000561,0.008757,-0.001564,0.006819,80.87,19.13,4.23,80.87,19.13,4.23,66.65,33.35,2.0,853654.8126,3448741.7799,932575.48488,3588620.487098,16662410.885,86079.0,14921994.558,76469.0,16662410.885,86079.0,14921994.558,76469.0
2025-02-15,199.31,200.21,192.3,194.35,1473301783.862,1165450386,1167156948,1114726440,1120078311,0.00862,0.009255,-0.007445,-0.005811,0.005233,0.007734,-0.002959,0.001439,0.006819,0.007225,-0.004358,0.000452,74.83,25.17,2.97,76.31,23.69,3.22,69.87,30.13,2.32,1206715.8282,129927.3528,2326076.572156,140991.513508,15187171.392,76555.0,14078463.396,70368.0,15187171.392,76555.0,14078463.396,70368.0
2025-02-16,194.35,196.18,186,188.14,2095136818.156,1120078311,1238199480,1106499747,1223067530,-0.005811,0.000732,-0.022613,-0.015588,0.001439,0.00541,-0.012183,-0.008436,0.000452,0.004355,-0.015513,-0.010608,80.26,19.74,4.07,80.62,19.38,4.16,68.6,31.4,2.19,1379035.575,243802.9949,2572496.021033,273355.079575,15832123.622,81812.0,14216654.236,72864.0,15832123.622,81812.0,14216654.236,72864.0
2025-02-17,188.15,189.61,174.55,177.47,3913263479.995,1223067530,1237636152,1139002068,1144524307,-0.015588,0.003612,-0.022601,0.003404,-0.008436,0.007023,-0.017398,0.002258,-0.010608,0.006347,-0.020416,0.002091,83.35,16.65,5.01,82.66,17.34,4.77,62.81,37.19,1.69,3552261.6996,1835141.4275,6082947.243387,1884486.710287,16801222.621,89744.0,13166506.498,69725.0,16801222.621,89744.0,13166506.498,69725.0
2025-02-18,177.47,178.99,160.77,169.21,5875341774.95,1144524307,1174750940,1118623271,1151129524,0.003404,0.01,-0.001072,-0.001072,0.002258,0.00854,-0.006849,0.001107,0.002091,0.008535,0.002091,0.002214,82.66,17.34,4.77,82.14,17.86,4.6,63.76,36.24,1.76,5945330.3342,2564597.7384,8246370.933846,2753817.58708,15536935.898,87902.0,13893681.578,77986.0,15536935.898,87902.0,13893681.578,77986.0
2025-02-19,169.22,174.24,163.64,168.85,3653775803.028,1151129524,1214012630,1121886958,1123795307,-0.001072,0.003785,-0.006024,-0.006024,0.001107,0.003992,-0.005512,0.000278,0.002214,0.003254,-0.003099,-0.000147,80.91,19.09,4.24,81.55,18.45,4.42,64.51,35.49,1.82,1870438.5319,3156296.0723,1990413.046161,3214823.440594,16577607.784,98369.0,17938233.254,105472.0,16577607.784,98369.0,17938233.254,105472.0
2025-02-20,168.86,176.59,167.52,175.9,2710200220.524,1123795307,1165216042,1108319625,1151738159,-0.006024,0.009186,-0.006024,0.007556,0.000278,0.006072,-0.006597,0.005726,-0.000147,0.005939,-0.004896,0.005875,81.53,18.47,4.41,81.38,18.62,4.37,63.76,36.24,1.76,1235455.9204,2053506.3009,1306297.514922,2209638.187953,15248874.287,90606.0,12821255.21,75543.0,15248874.287,90606.0,12821255.21,75543.0
2025-02-21,175.9,180.48,167.1,168.83,4116071344.034,1151738159,1190858517,1103563539,1119694963,0.007556,0.007556,-0.011947,-0.011947,0.005726,0.017249,-0.006465,0.01692,0.005875,0.022866,-0.005886,0.022723,78.66,21.34,3.69,79.41,20.59,3.86,64.08,35.92,1.78,4000311.4699,2646233.3205,4394033.168037,2705801.420965,14328055.576,81767.0,16410679.245,92921.0,14328055.576,81767.0,16410679.245,92921.0
2025-02-22,168.84,174.67,167.98,171.98,1643188678.466,1119694963,1161553511,1114584955,1119195106,-0.011947,0.01,-0.017281,0.009153,0.01692,0.025541,-0.008731,0.005307,0.022723,0.035255,-0.003097,0.006564,82.41,17.59,4.69,83.98,16.02,5.24,65.52,34.48,1.9,387311.1218,487463.8271,395909.79178,496391.092084,14053655.548,83589.0,12048873.121,71052.0,14053655.548,83589.0,12048873.121,71052.0
2025-02-23,171.99,172.99,166.32,167.84,1443069220.95,1119195106,1142849600,1111952117,1135652240,0.009153,0.009687,-0.008052,-0.006041,0.005307,0.00847,-0.005602,-0.002285,0.006564,0.008335,-0.004914,-0.002983,80.94,19.06,4.25,81.79,18.21,4.49,64.69,35.31,1.83,1899997.4791,304686.3977,1971252.443973,305669.0128,21792734.476,127349.0,12334983.994,71425.0,21792734.476,127349.0,12334983.994,71425.0
2025-02-24,167.84,169.58,137.16,141.73,6266374903.078,1135652240,1199498555,1020229324,1037578883,-0.006041,0.006042,-0.008259,0.00277,-0.002285,0.006877,-0.009517,0.000864,-0.002983,0.005126,-0.007408,0.001868,82.25,17.75,4.63,82.08,17.92,4.58,64.53,35.47,1.82,8667020.3075,2439565.655,12559971.25278,2517617.350437,16293594.21,97540.0,15639191.624,92796.0,16293594.21,97540.0,15639191.624,92796.0
2025-02-25,141.72,147,131.72,144.24,8135240910.705,1037578883,1050721285,951003718,971231262,0.00277,0.004158,-0.010582,-0.010571,0.000864,0.005185,-0.005336,-0.002976,0.001868,0.004029,-0.003241,-0.003241,82.7,17.3,4.78,84.75,15.25,5.56,64.68,35.32,1.83,13190981.2078,6813231.9098,14437712.28072,7268079.783087,11161649.373,79123.0,11537332.855,81042.0,11161649.373,79123.0,11537332.855,81042.0
2025-02-26,144.25,145.16,130.54,135.27,4857871235.98,971231262,977409072,904736843,960082696,-0.010571,0.009524,-0.01149,0.007665,-0.002976,0.007391,-0.00791,0.006542,-0.003241,0.007803,-0.004433,0.006594,80.76,19.24,4.2,80.8,19.2,4.21,64.1,35.9,1.79,3822687.0236,1760601.8992,5155947.273343,1911067.318413,14424198.418,100463.0,12501614.272,86322.0,14424198.418,100463.0,12501614.272,86322.0
2025-02-27,135.28,142.8,134.61,137.6,3490909303.44,960082696,1023659536,956174802,984973295,0.007665,0.01,0.001302,0.01,0.006542,0.010722,-0.006017,0.010294,0.006594,0.010779,0.003254,0.01015,81.57,18.43,4.43,82.96,17.04,4.87,64.06,35.94,1.78,2131431.8593,1764706.4384,2205124.253399,2127814.042426,13887735.509,103063.0,12323297.048,90711.0,13887735.509,103063.0,12323297.048,90711.0
2025-02-28,137.6,148.69,125.52,148.1,6913092665.223,984973295,1203148152,931530957,1187416257,0.01,0.01,0.007134,0.01,0.010294,0.010563,-0.002141,0.001989,0.01015,0.010193,0.001448,0.00311,80.44,19.56,4.11,81.63,18.37,4.44,66.88,33.12,2.02,6947318.2938,6579593.9306,8291181.848448,7599750.029494,15853820.382,115650.0,15629355.664,113132.0,15853820.382,115650.0,15629355.664,113132.0
2025-03-01,148.1,151.15,138.5,143.58,3260327550.925,1187416257,1213674450,1040306587,1059973200,0.01,0.01,-0.008884,-0.008137,0.001989,0.008763,-0.000445,0.000272,0.00311,0.00781,-0.000663,-0.000543,73.07,26.93,2.71,75.9,24.1,3.15,69.08,30.92,2.23,3279014.6031,1478077.6466,3384520.559904,1574554.987903,16490200.71,111796.0,17026691.67,114464.0,16490200.71,111796.0,17026691.67,114464.0
2025-03-02,143.57,180,139.96,178.64,9234335145.862,1059973200,1346279680,1014657542,1216809475,-0.008137,0.01,-0.014991,-0.003892,0.000272,0.009522,-0.009579,-0.002696,-0.000543,0.008725,-0.009951,-0.004515,78.24,21.76,3.6,80.71,19.29,4.18,68.36,31.64,2.16,4358424.8401,9593168.9768,5159234.329211,10936834.806259,15347098.46,107303.0,18636161.666,129091.0,15347098.46,107303.0,18636161.666,129091.0
2025-03-03,178.64,179.44,139.19,142.05,8486391032.451,1216809475,1220341832,920791958,922550727,-0.003892,0.01,-0.01328,-0.007084,-0.002696,0.009111,-0.014241,-0.004748,-0.004515,0.007828,-0.010016,-0.006243,72.27,27.73,2.61,73.76,26.24,2.81,69.74,30.26,2.31,14195314.7155,3571699.6438,18046245.280849,3874025.105481,18400339.124,103377.0,15737712.024,87676.0,18400339.124,103377.0,15737712.024,87676.0
2025-03-04,142.05,146.8,130.52,144.7,7037997102.314,922550727,967536858,869348958,888602928,-0.007084,0.006043,-0.014905,-0.014905,-0.004748,0.004166,-0.013711,-0.011772,-0.006243,0.003034,-0.012367,-0.012367,83.34,16.66,5.0,86.42,13.58,6.36,69.41,30.59,2.27,4298897.6038,4754053.6449,5096089.2683,5223512.974316,12330795.141,87208.0,13448107.6,94295.0,12330795.141,87208.0,13448107.6,94295.0
2025-03-05,144.69,149.66,140.12,146.16,3710961451.163,888602928,950731706,871064900,904832214,-0.014905,0.006852,-0.015058,-0.011843,-0.011772,0.004219,-0.017623,-0.009887,-0.012367,0.003721,-0.014521,-0.011478,81.32,18.68,4.35,82.91,17.09,4.85,64.04,35.96,1.78,2569752.5863,1863282.2195,2780166.834948,1994244.262261,11579717.08,80364.0,12076794.997,83083.0,11579717.08,80364.0,12076794.997,83083.0
2025-03-06,146.17,152.85,142.32,143.22,3535617520.749,904832214,950459838,880030432,885008340,-0.011843,0.000508,-0.0133,-0.011191,-0.009887,0.001848,-0.028801,-0.007843,-0.011478,0.001306,-0.015166,-0.010007,80.99,19.01,4.26,82.6,17.4,4.75,64.22,35.78,1.8,3240953.9893,1918620.1897,3561840.754438,2105840.747644,12882332.548,88617.0,14768605.53,100667.0,12882332.548,88617.0,14768605.53,100667.0
2025-03-07,143.22,150.86,135,139.31,5248705203.848,885008340,1005057257,847725900,902815558,-0.011191,0.01,-0.011544,0.006317,-0.007843,0.007819,-0.01684,0.005595,-0.010007,0.008064,-0.015674,0.005694,80.94,19.06,4.25,81.79,18.21,4.49,64.48,35.52,1.82,3921069.8424,2541061.8792,4948197.614774,2746245.167354,12663724.781,88813.0,9991203.42,69475.0,12663724.781,88813.0,9991203.42,69475.0
2025-03-08,139.31,140.99,135.19,136.92,1660939224.829,902815558,914594475,880603935,899315545,0.006317,0.006317,-0.011297,-0.010555,0.005595,0.006174,-0.011458,-0.005967,0.005694,0.005694,-0.009202,-0.006308,84.97,15.03,5.65,86.37,13.63,6.34,66.86,33.14,2.02,1988415.921,429577.4328,2127176.4053,431696.967,10487319.4,75737.0,9500592.05,67992.0,10487319.4,75737.0,9500592.05,67992.0
2025-03-09,136.93,139.79,125.37,126.42,2901135651.346,899315545,916337954,858496623,869674618,-0.010555,0.008599,-0.010555,-0.005642,-0.005967,0.006949,-0.016145,-0.001499,-0.006308,0.006808,-0.009572,-0.002118,85.78,14.22,6.03,86.36,13.64,6.33,66.07,33.93,1.95,5756482.813,726022.9725,6946289.259036,802427.825832,18553417.26,136184.0,11413908.186,83012.0,18553417.26,136184.0,11413908.186,83012.0
2025-03-10,126.42,131.5,115.43,118.26,4761306633.552,869674618,895182541,819958505,819958505,-0.005642,0.001567,-0.014541,-0.011653,-0.001499,0.001916,-0.019803,-0.007284,-0.002118,0.002556,-0.015918,-0.005297,82.07,17.93,4.58,82.07,17.93,4.58,64.97,35.03,1.86,6308977.1952,2482210.8024,8668590.664421,2577732.741192,12086462.04,96090.0,10199085.89,80320.0,12086462.04,96090.0,10199085.89,80320.0
2025-03-11,118.27,128.36,111.83,125.28,4560385415.026,819958505,914156728,795568964,881958378,-0.011653,0.01,-0.011995,-0.00074,-0.007284,0.006496,-0.007934,-0.00698,-0.005297,0.005989,-0.0086,-0.005303,83.26,16.74,4.97,83.49,16.51,5.06,63.65,36.35,1.75,4463871.2521,3063753.9851,5132657.336097,3354004.10267,10881840.006,92395.0,10691614.89,89964.0,10881840.006,92395.0,10691614.89,89964.0
2025-03-12,125.27,131.26,121.16,126.55,3566589700.964,881958378,884502567,831323711,839332462,-0.00074,0.001185,-0.011127,0.00117,-0.00698,0.00158,-0.012292,-0.000903,-0.005303,0.000592,-0.010115,-0.001034,78.77,21.23,3.71,79.91,20.09,3.98,66.72,33.28,2.01,1657345.4065,1768676.9537,1967895.426898,2083489.206048,13086793.697,104909.0,10814275.81,85993.0,13086793.697,104909.0,10814275.81,85993.0
2025-03-13,126.54,128.79,120.66,123.32,2694723663.521,839332462,875159194,824448827,849585707,0.00117,0.01,-0.008077,0.003339,-0.000903,0.005084,-0.017989,0.004535,-0.001034,0.005212,-0.011578,0.002453,81.73,18.27,4.47,82.61,17.39,4.75,67.4,32.6,2.07,1916245.9997,903120.2866,2065961.790419,971441.972771,10275383.3,81571.0,10817482.21,85227.0,10275383.3,81571.0,10817482.21,85227.0
2025-03-14,123.32,136.07,122.89,133.49,2785703895.264,849585707,1006692372,847483100,985780317,0.003339,0.01,0.000606,0.01,0.004535,0.009127,-0.013731,0.001581,0.002453,0.008349,-0.000444,0.004834,82.08,17.92,4.58,82.86,17.14,4.83,70.5,29.5,2.39,701335.2426,3023256.8227,748402.180044,3434377.89813,12277814.07,99935.0,9316542.28,75200.0,12277814.07,99935.0,9316542.28,75200.0
2025-03-15,133.48,136.47,132.36,135.79,1576852669.225,985780317,998827896,935038492,946638608,0.01,0.01,-0.007966,0.000391,0.001581,0.007037,-0.006284,-0.000386,0.004834,0.007381,-0.007322,-0.000073,72.12,27.88,2.59,75.66,24.34,3.11,69.53,30.47,2.28,484094.8002,923789.0994,584680.399785,983810.907093,12114111.307,91007.0,10879620.124,81049.0,12114111.307,91007.0,10879620.124,81049.0
2025-03-16,135.8,136.68,125.11,126.05,2623649347.659,946638608,959117268,820353295,826077609,0.000391,0.007903,-0.009077,-0.007945,-0.000386,0.004811,-0.011571,-0.004792,-0.000073,0.004329,-0.009725,-0.007074,72.06,27.94,2.58,75.15,24.85,3.02,69.49,30.51,2.28,3762635.5875,481100.7043,4537619.311839,556544.99258,11593606.294,85754.0,14268697.651,104570.0,11593606.294,85754.0,14268697.651,104570.0
2025-03-17,126.05,130.56,125.44,127.93,2396366445.996,826077609,867715198,812625770,843016930,-0.007945,-0.002302,-0.011722,-0.006332,-0.004792,0.004639,-0.012083,-0.005379,-0.007074,0.001964,-0.013334,-0.006699,80.09,19.91,4.02,82.8,17.2,4.81,69.52,30.48,2.28,1100928.919,1713570.1563,1160030.475918,1762965.237768,11999796.409,95681.0,8650596.15,68370.0,11999796.409,95681.0,8650596.15,68370.0
2025-03-18,127.92,128.1,121.66,125.25,2205642676.779,843016930,872256371,834335844,867892704,-0.006332,0.001115,-0.011126,-0.006801,-0.005379,0.004655,-0.015717,-0.000021,-0.006699,0.001463,-0.013159,-0.002717,79.03,20.97,3.77,79.63,20.37,3.91,67.91,32.09,2.12,2179133.6329,917258.3094,2525486.784993,970377.529732,10776542.69,84533.0,9359202.62,72800.0,10776542.69,84533.0,9359202.62,72800.0
2025-03-19,125.25,136.06,124.14,135.3,3159668612.938,867892704,995135076,848374527,992931535,-0.006801,0.01,-0.006801,0.01,-0.000021,0.006699,-0.013171,0.004487,-0.002717,0.007238,-0.005914,0.006786,81.17,18.83,4.31,81.48,18.52,4.4,66.93,33.07,2.02,1282846.5639,12488909.9227,1339077.483432,12854803.741692,12548889.52,100587.0,12110840.9,96319.0,12548889.52,100587.0,12110840.9,96319.0
2025-03-20,135.3,136.08,126.56,127.53,2145708398.013,992931535,999867705,908202486,911889146,0.01,0.01,-0.003987,-0.003955,0.004487,0.008136,-0.002365,0.000572,0.006786,0.007444,-0.005407,-0.001097,72.92,27.08,2.69,75.16,24.84,3.03,69.25,30.75,2.25,1452407.6971,420636.4346,1767413.326492,438887.505166,14441257.1,107209.0,13689769.94,100711.0,14441257.1,107209.0,13689769.94,100711.0
2025-03-21,127.53,130.38,124.74,128.38,2059127259.915,911889146,947289487,881368000,921624463,-0.003955,0.000216,-0.006984,-0.003726,0.000572,0.004593,-0.008102,0.000129,-0.001097,0.002777,-0.00595,-0.000598,81.11,18.89,4.29,83.73,16.27,5.15,69.84,30.16,2.32,1036294.3746,939578.1176,1151372.65958,968910.246891,13229573.45,104195.0,10899958.771,85157.0,13229573.45,104195.0,10899958.771,85157.0
2025-03-22,128.39,131.77,127.71,128.44,1255584067.207,921624463,952531326,889970010,892720044,-0.003726,0.000335,-0.006627,-0.006482,0.000129,0.002491,-0.00596,-0.000841,-0.000598,0.001405,-0.003029,-0.00187,79.75,20.25,3.94,80.39,19.61,4.1,69.91,30.09,2.32,265806.362,400544.8322,284913.302137,443529.907848,12970371.95,101516.0,11930107.89,92576.0,12970371.95,101516.0,11930107.89,92576.0
2025-03-23,128.43,133.99,128.12,132.77,1476761830.31,892720044,967268232,890721740,926053064,-0.006482,0.00673,-0.006482,-0.002538,-0.000841,0.005628,-0.004087,-0.000169,-0.00187,0.0048,-0.00187,-0.000894,78.66,21.34,3.69,79.98,20.02,4.0,69.85,30.15,2.32,414608.7936,1293872.7522,436591.094836,1328025.488973,16595874.46,129916.0,11844071.29,91902.0,16595874.46,129916.0,11844071.29,91902.0
2025-03-24,132.77,144.9,131.95,140.95,3624378034.477,926053064,1116838199,921413473,1075628495,-0.002538,0.01,-0.002706,0.01,-0.000169,0.0064,-0.003593,0.0064,-0.000894,0.007702,-0.001851,0.007261,77.37,22.63,3.42,78.99,21.01,3.76,70.7,29.3,2.41,984208.9604,4167715.2363,1046039.877775,4695279.755913,13085709.49,98898.0,17095303.49,128181.0,13085709.49,98898.0,17095303.49,128181.0
2025-03-25,140.95,147.41,138.09,143.59,3318998271.545,1075628495,1123385195,1028002903,1083282931,0.01,0.01,-0.003491,0.000616,0.0064,0.008214,-0.008613,0.002244,0.007261,0.007999,-0.003755,0.000977,66.12,33.88,1.95,71.25,28.75,2.48,70.57,29.43,2.4,1367803.2187,1657881.6329,1470836.107526,1840891.297366,16677391.02,118836.0,15786746.076,111579.0,16677391.02,118836.0,15786746.076,111579.0
2025-03-26,143.6,145.41,135.78,137.26,2894156274.14,1083282931,1093120954,955355580,966020095,0.000616,0.001667,-0.014998,-0.013674,0.002244,0.006091,-0.007317,0.000556,0.000977,0.00449,-0.008859,-0.002301,67.01,32.99,2.03,70.68,29.32,2.41,69.06,30.94,2.23,3742422.8168,1424569.7775,4152057.214485,1461262.306257,15532388.83,108637.0,13995609.096,97020.0,15532388.83,108637.0,13995609.096,97020.0
2025-03-27,137.27,140.14,135.5,138.37,2217761196.056,966020095,1000256706,963513605,975537696,-0.013674,0.001741,-0.019662,-0.003227,0.000556,0.005707,-0.007896,0.001186,-0.002301,0.004109,-0.006191,-0.000209,78.41,21.59,3.63,80.75,19.25,4.2,68.9,31.1,2.22,801736.635,1220563.3562,875081.88354,1245667.60284,12678492.13,92752.0,12680180.416,92010.0,12678492.13,92752.0,12680180.416,92010.0
2025-03-28,138.36,138.98,127.48,129.39,2979827083.964,975537696,984599810,860318887,876588525,-0.003227,-0.001181,-0.013683,-0.004899,0.001186,0.00218,-0.006543,-0.003005,-0.000209,0.000283,-0.012174,-0.006048,75.77,24.23,3.13,76.95,23.06,3.34,68.98,31.02,2.22,3765263.3042,312299.8369,4655102.367171,434794.214456,14118957.656,102532.0,13119242.83,94416.0,14118957.656,102532.0,13119242.83,94416.0
2025-03-29,129.39,130.45,122.52,124.5,2312356046.668,876588525,888464955,840373895,849634291,-0.004899,0.002922,-0.025833,-0.025763,-0.003005,0.004311,-0.01353,-0.013075,-0.006048,0.00445,-0.01471,-0.014412,82.48,17.52,4.71,83.81,16.19,5.18,68.69,31.31,2.19,2648497.1115,722854.9006,3324858.401796,752007.651088,13410110.84,104079.0,14683770.209,112973.0,13410110.84,104079.0,14683770.209,112973.0
2025-03-30,124.49,127.01,122.81,124.73,1740825776.594,849634291,873364421,843608537,860715413,-0.025763,-0.016321,-0.043119,-0.023406,-0.013075,-0.008189,-0.025475,-0.01259,-0.014412,-0.006232,-0.027409,-0.013529,82.46,17.54,4.7,83.06,16.94,4.9,67.36,32.64,2.06,1285189.9909,1043918.8374,1490118.663612,1073116.881649,12252662.39,98807.0,13542921.967,108360.0,12252662.39,98807.0,13542921.967,108360.0
2025-03-31,124.74,127.81,122.58,124.48,2804193000.561,860715413,890569299,851669907,853935918,-0.023406,0.001267,-0.02424,-0.009179,-0.01259,0.004452,-0.019926,-0.007728,-0.013529,0.004524,-0.023911,-0.011616,81.68,18.32,4.46,80.8,19.2,4.21,66.24,33.76,1.96,1711203.6173,1370275.3173,2059600.8577,1456635.555074,12194863.74,98179.0,12335801.33,98486.0,12194863.74,98179.0,12335801.33,98486.0
2025-04-01,124.47,130.39,123.65,126.6,2670479996.355,853935918,892881176,845541301,865050670,-0.009179,0.00309,-0.010625,-0.006427,-0.007728,0.005063,-0.008383,0.000388,-0.011616,0.004782,-0.011616,-0.002853,83.4,16.6,5.02,83.54,16.46,5.08,67.61,32.39,2.09,1400495.2244,1562323.0369,1571419.826413,1775518.100315,16562162.57,133649.0,9958564.18,79715.0,16562162.57,133649.0,9958564.18,79715.0
2025-04-02,126.6,136.2,117.02,117.34,4310824675.236,865050670,930237652,801642784,801642784,-0.006427,0.01,-0.013682,-0.007645,0.000388,0.007534,-0.003335,-0.003062,-0.002853,0.008621,-0.007473,-0.007473,81.15,18.85,4.31,80.42,19.58,4.11,65.03,34.97,1.86,4507665.4497,3177015.6752,5949333.755058,3455829.901805,14724869.49,116768.0,12168248.79,95723.0,14724869.49,116768.0,12168248.79,95723.0
2025-04-03,117.36,120.89,112.17,117.08,3477501007.88,801642784,896424674,801177293,894357304,-0.007645,-0.007223,-0.035385,-0.033632,-0.003062,0.003152,-0.021466,-0.019713,-0.007473,0.001515,-0.027602,-0.025809,83.35,16.65,5.01,83.97,16.03,5.24,66.15,33.85,1.95,2099258.2728,2292304.1107,3052981.496022,2409757.943064,19940872.29,170700.0,11277473.73,95701.0,19940872.29,170700.0,11277473.73,95701.0
2025-04-04,117.09,123.96,113.19,122.72,4266282533.913,894357304,913352577,842270970,894838897,-0.033632,0.004041,-0.034065,0.004025,-0.019713,0.005051,-0.020397,0.001512,-0.025809,0.006144,-0.028026,0.005163,83.15,16.85,4.94,81.82,18.18,4.5,60.71,39.29,1.55,2825731.265,3952153.7162,3120726.921187,4743759.398368,10719225.08,91956.0,13769113.28,117070.0,10719225.08,91956.0,13769113.28,117070.0
2025-04-05,122.72,122.8,117.08,120.24,1558377770.164,894838897,895495497,834278414,869728385,0.004025,0.01,-0.006637,-0.005619,0.001512,0.008339,-0.003945,0.003833,0.005163,0.00903,0.000471,0.004837,71.1,28.9,2.46,72.06,27.94,2.58,64.06,35.94,1.78,1889038.5336,903661.67,2036687.874483,931616.069084,13794605.39,112895.0,14100081.25,114391.0,13794605.39,112895.0,14100081.25,114391.0
2025-04-06,120.25,121.08,103.76,105.84,3962233471.567,869728385,873133106,781257162,812811933,-0.005619,0.01,-0.006042,-0.000591,0.003833,0.008548,0.000222,0.002305,0.004837,0.008985,-0.000042,0.000481,78.0,22.0,3.55,78.43,21.57,3.64,65.4,34.6,1.89,5442437.6788,1137269.0003,7249716.890579,1442134.332493,12386281.07,103429.0,11605507.59,96102.0,12386281.07,103429.0,11605507.59,96102.0
2025-04-07,105.84,113.18,95.19,106.91,7822287910.885,812811933,849603366,738700913,796525335,-0.000591,0.005598,-0.011726,-0.011717,0.002305,0.005852,-0.008967,0.000046,0.000481,0.005851,-0.010417,0.000387,81.93,18.07,4.53,82.22,17.78,4.62,65.02,34.98,1.86,4891866.1857,7262073.3112,7357361.339306,8867002.045092,12466046.874,118311.0,9210904.0,86625.0,12466046.874,118311.0,9210904.0,86625.0
2025-04-08,106.9,112.5,102.87,105.32,4156407502.673,796525335,864783424,769070931,796682608,-0.011717,-0.003029,-0.025281,-0.00809,0.000046,0.00342,-0.012661,-0.006582,0.000387,0.002514,-0.015153,-0.010793,79.14,20.86,3.79,78.71,21.29,3.7,60.31,39.69,1.52,2732060.5884,2634938.4402,3226498.087261,3177265.569592,10722760.04,100824.0,9830223.3,91552.0,10722760.04,100824.0,9830223.3,91552.0
2025-04-09,105.32,120.69,101.23,119.01,6113816466.8037,796682608,928746349,756271158,907756538,-0.00809,0.01,-0.01267,0.01,-0.006582,0.008019,-0.013879,0.006615,-0.010793,0.008152,-0.017588,0.007475,78.51,21.49,3.65,79.86,20.14,3.97,62.15,37.85,1.64,2628490.271185,5870139.7029,3064929.133621,7383288.783988,8690719.215,82822.0,10503811.87,99219.0,8690719.215,82822.0,10503811.87,99219.0
2025-04-10,119,119.29,108.21,112.73,3187886912.0624,907756538,908789343,804375866,805680387,0.01,0.01,-0.006353,-0.006109,0.006615,0.00923,-0.002461,-0.00173,0.007475,0.00951,-0.007199,-0.005606,68.04,31.96,2.13,71.01,28.99,2.45,63.25,36.75,1.72,2640335.10896,1405380.356396,2962326.378383,1494242.03432,15052945.4441,127150.96,10808187.9381,90446.88,15052945.4441,127150.96,10808187.9381,90446.88
2025-04-11,112.73,122.65,112.09,121.33,3225921744.1446,805680387,956787017,797512343,942677014,-0.006109,0.01,-0.006761,0.006029,-0.00173,0.008722,-0.011876,0.006407,-0.005606,0.009184,-0.013924,0.00808,76.85,23.15,3.32,78.75,21.25,3.71,65.34,34.66,1.89,843508.683121,4325646.710798,935359.833049,4953217.654944,10261107.3234,91425.03,8889580.9251,78537.93,10261107.3234,91425.03,8889580.9251,78537.93
2025-04-12,121.33,134,119.29,132.17,3639129914.2472,942677014,1081843366,938855057,1065164751,0.006029,0.007478,-0.00383,-0.000357,0.006407,0.008543,-0.006867,0.003433,0.00808,0.008711,-0.004542,0.004102,62.2,37.8,1.65,66.86,33.14,2.02,64.83,35.17,1.84,732433.684142,5209681.748899,791907.61847,6136132.288406,11563383.855,95606.64,9852363.3707,80739.85,11563383.855,95606.64,9852363.3707,80739.85
2025-04-13,132.16,133.94,125.28,128.3,3549705099.5165,1065164751,1081652311,980802075,997473637,-0.000357,0.01,-0.001265,0.009053,0.003433,0.009924,0.002487,0.009592,0.004102,0.009926,-0.000606,0.009546,59.74,40.26,1.48,63.42,36.58,1.73,63.47,36.53,1.74,2567066.747471,1479062.556027,3013005.797842,1694993.977306,13331151.6272,101273.0,11293262.4306,85088.47,13331151.6272,101273.0,11293262.4306,85088.47
2025-04-14,128.3,136.09,127.9,129.34,3946675592.4842,997473637,1048324366,934544649,941100533,0.009053,0.009053,-0.012856,-0.005917,0.009592,0.009592,-0.009604,-0.001201,0.009546,0.009546,-0.01049,-0.002534,61.77,38.23,1.62,66.77,33.23,2.01,66.69,33.31,2.0,2274818.065444,3386586.280822,2538401.560148,3823772.15494,12070918.4914,94479.2,10013046.8983,77700.85,12070918.4914,94479.2,10013046.8983,77700.85
2025-04-15,129.33,134.41,125.73,126.05,3049801182.0626,941100533,1005983286,911167723,915651142,-0.005917,0.004691,-0.0138,-0.009216,-0.001201,0.005669,-0.006879,-0.00331,-0.002534,0.007335,-0.012899,-0.007049,65.1,34.9,1.87,66.96,33.04,2.03,64.96,35.04,1.85,1709034.5544,924384.435643,2091375.506022,1056447.83501,12891447.5019,100095.63,11855690.8926,91292.86,12891447.5019,100095.63,11855690.8926,91292.86
2025-04-16,126.05,133.88,123.41,131.3,4267991232.2094,915651142,1008680070,900667471,999240776,-0.009216,0.01,-0.011396,0.01,-0.00331,0.005086,-0.00678,0.004136,-0.007049,0.007143,-0.016478,0.006853,69.21,30.79,2.25,72.4,27.6,2.62,63.81,36.19,1.76,3143906.657623,3120775.853329,3933552.817213,3845724.522154,20465448.2661,163268.38,11686143.6033,92346.15,20465448.2661,163268.38,11686143.6033,92346.15
2025-04-17,131.29,136.26,129.4,134.76,3443934228.6261,999240776,1102984532,985162827,1069026593,0.01,0.01,0.000116,0.000184,0.004136,0.008712,-0.001464,-0.001463,0.006853,0.009188,-0.001363,-0.001363,61.71,38.29,1.61,66.46,33.54,1.98,65.6,34.4,1.91,1291475.05739,2203667.677813,1376348.716853,2367099.05062,12427885.7193,95125.31,12351991.3145,93603.78,12427885.7193,95125.31,12351991.3145,93603.78
2025-04-18,134.77,135.95,132.36,133.97,1948442148.06,1069026593,1083366982,1024251966,1030515551,0.000184,0.006642,-0.009692,-0.005708,-0.001463,0.002658,-0.010191,-0.002842,-0.001363,0.003905,-0.014014,-0.004332,54.39,45.61,1.19,60.23,39.77,1.51,64.4,35.6,1.81,441443.670936,556991.597339,496660.427236,623898.660028,12409106.6667,92466.27,31954288.6226,235627.05,12409106.6667,92466.27,31954288.6226,235627.05
2025-04-19,133.97,140.71,133.5,139.77,2458285585.5685,1030515551,1154231728,1028473941,1106121385,-0.005708,-0.001504,-0.014304,-0.007935,-0.002842,-0.000563,-0.019411,-0.01164,-0.004332,0.000584,-0.021383,-0.013795,56.49,43.51,1.3,61.94,38.06,1.63,63.47,36.53,1.74,329363.6181,1422185.302233,357907.1664,1700590.727804,13803583.9962,103469.16,17966554.1838,133464.16,13803583.9962,103469.16,17966554.1838,133464.16
2025-04-20,139.77,141.87,135.5,137.76,2540662291.2265,1106121385,1132057410,1013081444,1036699975,-0.007935,-0.007541,-0.02114,-0.019655,-0.01164,-0.006828,-0.02357,-0.009599,-0.013795,-0.004074,-0.030046,-0.01421,52.6,47.4,1.11,58.93,41.07,1.44,61.95,38.05,1.63,1565290.902502,1771623.138182,2052504.945679,1924404.921164,14686070.5236,105499.96,17003050.4773,121094.31,14686070.5236,105499.96,17003050.4773,121094.31
2025-04-21,137.77,143.25,133.75,136.44,3909053995.1653,1036699975,1103966353,1021486887,1047156647,-0.019655,-0.010031,-0.034184,-0.025936,-0.009599,-0.000829,-0.017775,-0.011492,-0.01421,-0.000311,-0.018756,-0.012245,61.76,38.24,1.62,65.59,34.41,1.91,61.05,38.95,1.57,3014035.611498,1541966.009157,3611160.531065,1752616.139678,14683525.9915,107060.27,15473755.5959,111837.44,14683525.9915,107060.27,15473755.5959,111837.44
2025-04-22,136.44,150.29,134.4,148.71,4278616766.709,1047156647,1170021683,1032041128,1149428523,-0.025936,0.01,-0.026813,0.01,-0.011492,0.0045,-0.014752,0.004368,-0.012245,0.007799,-0.016589,0.007554,65.3,34.7,1.88,67.03,32.97,2.03,59.6,40.4,1.48,663864.39455,4862809.059315,712963.790012,5949631.022166,17408692.3867,128130.34,13341426.1925,97335.87,17408692.3867,128130.34,13341426.1925,97335.87
2025-04-23,148.72,154.14,147,151.05,4122694349.2831,1149428523,1219360456,1143820451,1182795904,0.01,0.01,-0.006498,0.01,0.004368,0.007554,-0.00139,0.00687,0.007554,0.008972,-0.002195,0.008251,57.53,42.47,1.36,61.19,38.81,1.58,62.42,37.58,1.66,1756598.361617,3022399.962933,2052269.929557,3471411.277733,13060183.7735,88202.45,61393293.5678,410461.86,13060183.7735,88202.45,61393293.5678,410461.86
2025-04-24,151.05,152.96,145.06,152.48,3320738367.7497,1182795904,1207269303,1164677567,1206984377,0.01,0.01,0.004685,0.01,0.00687,0.009159,-0.002843,0.005678,0.008251,0.009718,0.001967,0.007904,59.05,40.95,1.44,64.6,35.4,1.83,64.29,35.71,1.8,2064195.894703,1131080.422189,2407604.245237,1329742.244808,16576181.2293,110217.57,18663067.4721,122924.6,16576181.2293,110217.57,18663067.4721,122924.6
2025-04-25,152.48,157.24,149.75,150.76,3745221905.2286,1206984377,1284955590,1145393410,1155746426,0.01,0.01,-0.007211,0.000988,0.005678,0.008849,-0.004473,0.001142,0.007904,0.009291,-0.005742,0.000308,57.23,42.77,1.34,62.13,37.87,1.64,66.5,33.5,1.99,2452996.923349,1528816.664806,2596261.2812,1775385.327056,15760051.7042,103836.85,12464401.2329,81411.29,15760051.7042,103836.85,12464401.2329,81411.29
2025-04-26,150.75,153.15,147.66,149.14,1809740494.2675,1155746426,1168313638,1114031034,1125008222,0.000988,0.002681,-0.010722,0.001359,0.001142,0.005137,-0.004636,0.004967,0.000308,0.003271,-0.00566,0.003088,59.57,40.43,1.47,62.75,37.25,1.69,64.96,35.04,1.85,1873059.435773,584519.950877,2137092.642694,606243.402177,18742891.4923,124949.25,13879293.6132,91682.82,18742891.4923,124949.25,13879293.6132,91682.82
2025-04-27,149.15,150.37,145.39,147.91,1924401945.8262,1125008222,1144858876,1098612134,1112108611,0.001359,0.006954,-0.008436,-0.0023,0.004967,0.006895,-0.001998,-0.0006,0.003088,0.007048,-0.005331,-0.001188,63.82,36.18,1.76,65.33,34.67,1.88,63.87,36.13,1.77,991545.161228,547496.195878,1211533.726757,569929.014178,18702651.9517,125914.34,16110298.4436,107429.44,18702651.9517,125914.34,16110298.4436,107429.44
2025-04-28,147.9,153.35,144.53,147.76,3553474371.3413,1112108611,1165584751,1078738664,1108327965,-0.0023,0.007484,-0.020068,-0.016079,-0.0006,0.005651,-0.008233,-0.00634,-0.001188,0.006718,-0.013289,-0.010507,62.68,37.32,1.68,64.91,35.09,1.85,64.07,35.93,1.78,2691085.645249,1431649.369491,3562378.281461,1496697.993369,24161353.5018,164161.4,12956038.7448,87225.29,24161353.5018,164161.4,12956038.7448,87225.29
2025-04-29,147.76,150.37,144.79,146.18,2493263144.6353,1108327965,1124891474,1074682912,1088934033,-0.016079,0.006639,-0.016279,-0.006163,-0.00634,0.005795,-0.014173,-0.000975,-0.010507,0.006264,-0.013969,-0.003293,68.25,31.75,2.15,67.82,32.18,2.11,63.14,36.86,1.71,1709411.66041,645382.520411,1890061.672449,677956.930911,16023647.5287,108884.0,12088250.7423,81464.21,16023647.5287,108884.0,12088250.7423,81464.21
2025-04-30,146.19,148.64,140.25,147.47,3165731170.2713,1088934033,1109085062,1041137207,1067649230,-0.006163,0.004892,-0.016335,0.004892,-0.000975,0.006856,-0.008292,0.006856,-0.003293,0.006023,-0.011198,0.006023,67.93,32.07,2.12,68.34,31.66,2.16,63.12,36.88,1.71,1942524.764188,2353463.126069,2480517.655853,2540739.721321,14287708.7817,98172.24,14302611.3046,97379.84,14287708.7817,98172.24,14302611.3046,97379.84
2025-05-01,147.47,153.88,147.47,150.73,2826928278.596,1067649230,1148920174,1067649230,1119347510,0.004892,0.008751,-0.001552,0.002505,0.006856,0.006975,-0.003466,0.002334,0.006023,0.007876,-0.001485,0.002572,67.6,32.4,2.09,69.52,30.48,2.28,62.86,37.14,1.69,725358.201076,2186337.389592,773307.062476,2589192.466286,10539318.0793,71751.68,13334969.5623,90052.16,10539318.0793,71751.68,13334969.5623,90052.16
2025-05-02,150.73,151.86,147.2,147.93,2278345551.4758,1119347510,1120441279,1087108914,1091596580,0.002505,0.002505,-0.012522,-0.012522,0.002334,0.004185,-0.005098,-0.003039,0.002572,0.002572,-0.005467,-0.005435,59.09,40.91,1.44,63.26,36.74,1.72,62.73,37.27,1.68,1156681.191638,570250.769545,1363187.062592,657771.271077,19987191.9512,133226.11,24879398.3241,164118.84,19987191.9512,133226.11,24879398.3241,164118.84
2025-05-03,147.93,149,145.74,146.62,1500516467.3683,1091596580,1114259633,1081175599,1083251060,-0.012522,0.000357,-0.012715,-0.000415,-0.003039,0.004459,-0.005301,0.003619,-0.005435,0.002722,-0.007717,0.002488,65.95,34.05,1.94,68.81,31.19,2.21,62.34,37.66,1.66,1575149.28901,350171.9429,1730904.102641,555602.228645,21801933.0108,148088.06,13439581.0842,90488.07,21801933.0108,148088.06,13439581.0842,90488.07
2025-05-04,146.62,147.79,143.55,143.87,1776616934.6354,1083251060,1108833088,1060901529,1065679818,-0.000415,-0.000227,-0.013146,-0.006793,0.003619,0.004566,-0.007416,-0.001667,0.002488,0.002806,-0.007806,-0.002786,66.88,33.12,2.02,68.66,31.34,2.19,61.01,38.99,1.57,1427004.599869,337598.944715,1575418.562662,390829.134889,29231408.246,200333.05,15210709.0832,103329.75,29231408.246,200333.05,15210709.0832,103329.75
2025-05-05,143.86,147.67,142.42,146.66,2394005706.5145,1065679818,1106816804,1061125377,1099164500,-0.006793,0.006317,-0.009944,0.006317,-0.001667,0.006112,-0.014617,0.004575,-0.002786,0.005508,-0.010123,0.005508,68.01,31.99,2.13,68.41,31.59,2.17,62.0,38.0,1.63,1104055.633777,907505.589511,1413998.761315,993890.583238,20530031.3368,143362.78,13268959.7813,91864.54,20530031.3368,143362.78,13268959.7813,91864.54
2025-05-06,146.66,147.17,141.3,146.83,2466734211.1104,1099164500,1115586080,1068767681,1104739253,0.006317,0.008915,-0.006831,0.008915,0.004575,0.008118,-0.004109,0.007455,0.005508,0.008129,-0.003303,0.008041,66.38,33.62,1.97,68.03,31.97,2.13,61.39,38.61,1.59,1861674.814363,966852.017949,2185085.342045,1090512.959739,19724689.3698,135070.28,15479695.1553,105066.4,19724689.3698,135070.28,15479695.1553,105066.4
2025-05-07,146.83,149.47,144.59,147.27,2755627654.3681,1104739253,1125574333,1068717258,1090014674,0.008915,0.01,-0.002131,0.002362,0.007455,0.009102,-0.010245,0.00528,0.008041,0.009456,-0.001116,0.004653,69.03,30.97,2.23,70.43,29.57,2.38,62.94,37.06,1.7,951429.316129,853424.785685,1040523.327064,1072669.259598,12729156.0479,87018.85,14598600.3236,98923.68,12729156.0479,87018.85,14598600.3236,98923.68
2025-05-08,147.27,164.61,147.01,164.42,4897154434.9359,1090014674,1277864982,1085692441,1226547446,0.002362,0.01,0.002362,0.01,0.00528,0.015515,0.000928,0.010578,0.004653,0.015011,0.003261,0.010852,69.03,30.97,2.23,70.43,29.57,2.38,62.94,37.06,1.7,1127188.648088,5614755.814675,1223939.199304,8864292.619947,17870562.5742,121857.72,15614247.3156,105583.23,17870562.5742,121857.72,15614247.3156,105583.23
2025-05-09,164.41,176.16,161.02,172.74,5808956673.3959,1226547446,1342665214,1212515374,1311919171,0.01,0.01,0.01,0.01,0.010578,0.016628,0.009212,0.012173,0.010852,0.015533,0.009642,0.012053,64.25,35.75,1.8,66.43,33.57,1.98,65.61,34.39,1.91,2567512.307403,7353644.421687,3033033.893886,8008301.370772,22679564.7177,138427.64,28412355.2244,172118.1,22679564.7177,138427.64,28412355.2244,172118.1
2025-05-10,172.74,178.93,168.68,177.86,3323427488.1489,1311919171,1380499187,1281918551,1356232063,0.01,0.01,0.008732,0.01,0.012173,0.013441,0.009147,0.012967,0.012053,0.012376,0.009389,0.011834,63.77,36.23,1.76,68.11,31.89,2.14,69.87,30.13,2.32,794562.530303,3407380.395714,895238.99106,3815736.359336,15195924.9756,88318.24,15510452.8442,89427.48,15195924.9756,88318.24,15510452.8442,89427.48
2025-05-11,177.85,180.29,169.13,173.11,3887119771.4797,1356232063,1394905991,1269953531,1281938740,0.01,0.01,0.003521,0.003571,0.012967,0.015964,0.006467,0.007527,0.011834,0.014002,0.005856,0.006589,66.49,33.51,1.98,69.99,30.01,2.33,70.46,29.54,2.39,2616663.840989,1239211.000103,3774750.80471,1357890.708199,18452094.2449,104162.38,19574200.6561,109599.99,18452094.2449,104162.38,19574200.6561,109599.99
2025-05-12,173.1,181.44,168.27,174.14,5913565967.7651,1281938740,1414864785,1263518886,1321019688,0.003571,0.01,0.000619,0.008247,0.007527,0.017866,0.000327,0.014845,0.006589,0.014351,0.004051,0.012081,66.48,33.52,1.98,69.96,30.04,2.33,69.93,30.07,2.33,2725136.391364,2235031.571482,3616881.265731,2419764.078189,17727129.8234,102812.29,19160539.65,110267.02,17727129.8234,102812.29,19160539.65,110267.02
2025-05-13,174.15,184.8,166.12,183.7,4712088623.1478,1321019688,1446169357,1253693579,1439597765,0.008247,0.01,0.004369,0.01,0.014845,0.018506,0.000588,0.01241,0.012081,0.014847,0.004433,0.011344,66.75,33.25,2.01,68.57,31.43,2.18,69.9,30.1,2.32,1247177.455835,7979562.722212,1772564.608919,8428813.45361,22781138.6871,131335.0,24976339.5984,142786.25,22781138.6871,131335.0,24976339.5984,142786.25
2025-05-14,183.7,184.87,173.15,176.51,4053483941.2994,1439597765,1476516642,1318929123,1329237960,0.01,0.01,-0.002229,-0.002225,0.01241,0.01241,0.001097,0.002756,0.011344,0.011344,0.000082,0.001083,61.03,38.97,1.57,65.33,34.67,1.88,69.84,30.16,2.32,2138493.587493,1588717.686211,2432053.485258,1642862.974431,21050365.2668,115076.38,26365389.1072,142780.25,21050365.2668,115076.38,26365389.1072,142780.25
2025-05-15,176.51,178.23,166.55,169.06,4368653188.8517,1329237960,1338900217,1239749830,1254842127,-0.002225,0.003723,-0.005759,-0.001228,0.002756,0.007186,-0.002258,0.002266,0.001083,0.00558,-0.002956,0.0007,68.43,31.57,2.17,72.78,27.22,2.67,70.97,29.03,2.45,4417681.236351,1206925.00798,5131826.945338,1314776.205319,21631361.9079,123079.57,19179944.2953,108150.7,21631361.9079,123079.57,19179944.2953,108150.7
2025-05-16,169.06,174.16,166.22,167.33,3092424086.6749,1254842127,1312274982,1252086488,1279365293,-0.001228,0.008845,-0.006637,-0.004807,0.002266,0.008368,-0.000475,0.000953,0.0007,0.007678,-0.001288,-0.000084,73.37,26.63,2.76,74.81,25.19,2.97,70.06,29.94,2.34,2088249.370042,748953.071466,2333306.788501,1004156.142269,21047899.878,125061.56,21268257.2709,125276.7,21047899.878,125061.56,21268257.2709,125276.7
2025-05-17,167.33,169.95,163.91,165.87,2791983025.6034,1279365293,1310532596,1254403513,1272994370,-0.004807,0.01,-0.004945,0.001982,0.000953,0.009449,-0.008831,0.00543,-0.000084,0.008926,-0.00432,0.004754,70.6,29.4,2.4,71.69,28.31,2.53,70.05,29.95,2.34,2015307.26016,508086.71575,2296838.358665,605198.396684,23774602.8197,142822.05,18398231.0996,109499.24,23774602.8197,142822.05,18398231.0996,109499.24
2025-05-18,165.87,176.73,164.5,173.24,3770914206.1446,1272994370,1360906532,1216195025,1258999274,0.001982,0.01,-0.00365,-0.00117,0.00543,0.009649,-0.000427,0.000715,0.004754,0.009703,-0.001664,-0.000337,71.27,28.73,2.48,72.54,27.46,2.64,68.3,31.7,2.16,2604611.72314,2094240.646314,3601271.838386,2449085.449542,20067565.5464,121534.57,19395562.0288,116392.07,20067565.5464,121534.57,19395562.0288,116392.07
2025-05-19,173.25,173.87,159.28,166.76,4478284837.7262,1258999274,1261760765,1169263685,1187408610,-0.00117,0.008288,-0.018653,0.007249,0.000715,0.008818,-0.010753,0.008237,-0.000337,0.008183,-0.009226,0.007632,69.91,30.09,2.32,70.23,29.77,2.36,70.23,29.77,2.36,3878763.227794,942761.372184,4310503.309735,1093720.126118,18048514.3429,104480.76,17049270.7675,97781.91,18048514.3429,104480.76,17049270.7675,97781.91
2025-05-20,166.76,173.06,164.4,168.51,3679388612.417,1187408610,1239880628,1173442036,1191838229,0.007249,0.01,-0.006492,0.006901,0.008237,0.009683,-0.003233,0.006751,0.007632,0.009601,-0.001657,0.005841,71.41,28.59,2.5,71.86,28.14,2.55,68.08,31.92,2.13,1286575.719811,1576078.789502,1460291.904902,1774314.050861,20806188.3984,125313.53,21884884.3743,130565.53,20806188.3984,125313.53,21884884.3743,130565.53
2025-05-21,168.51,175.92,165.34,173.5,5613813437.1229,1191838229,1266732769,1179989192,1247498886,0.006901,0.01,0.001195,0.007448,0.006751,0.01382,0.005281,0.013085,0.005841,0.011485,0.004752,0.011254,69.36,30.64,2.26,70.44,29.56,2.38,69.47,30.53,2.28,1464713.573645,2029935.975725,1876552.864021,2223296.06834,19172343.1046,114296.27,19236305.5166,113633.13,19172343.1046,114296.27,19236305.5166,113633.13
2025-05-22,173.5,180.82,172.4,179.6,4085528049.1172,1247498886,1399862195,1246077114,1359101822,0.007448,0.01,0.007448,0.01,0.013085,0.015017,0.005243,0.008868,0.011254,0.012641,0.007793,0.009454,66.19,33.81,1.96,69.79,30.21,2.31,69.68,30.32,2.3,493203.397782,3647873.347189,533427.307338,3844277.240839,20208682.9737,117014.54,18933901.0947,108611.46,20208682.9737,117014.54,18933901.0947,108611.46
2025-05-23,179.61,187.67,173.18,173.92,6744031051.4765,1359101822,1509335953,1331000829,1339758446,0.01,0.01,0.01,0.01,0.008868,0.015417,0.007092,0.009766,0.009454,0.013709,0.008299,0.009674,63.22,36.78,1.72,68.68,31.32,2.19,69.42,30.58,2.27,11975673.437649,3728741.584421,13057295.31844,4838758.756155,21484780.1879,120133.16,29503742.8609,163435.32,21484780.1879,120133.16,29503742.8609,163435.32
2025-05-24,173.92,178.22,172.52,175.81,2504295635.9932,1339758446,1351973559,1295320590,1307488353,0.01,0.01,-0.006323,0.006352,0.009766,0.009766,0.001847,0.005835,0.009674,0.009674,0.000791,0.004937,67.65,32.35,2.09,72.77,27.23,2.67,71.44,28.56,2.5,1174951.606495,504095.980934,1307782.208468,525280.793434,20693876.124,119605.65,18161105.068,103995.3,20693876.124,119605.65,18161105.068,103995.3
2025-05-25,175.82,176.82,169.05,175.65,3118928034.6901,1307488353,1313242182,1248942129,1293252492,0.006352,0.00654,-0.007644,-0.00099,0.005835,0.008374,-0.00266,0.002965,0.004937,0.007425,-0.001568,0.00158,67.08,32.92,2.04,68.24,31.76,2.15,70.92,29.08,2.44,2681388.866164,755678.413969,3660310.697533,898377.688874,23788642.6125,135944.5,25649916.5466,145269.98,23788642.6125,135944.5,25649916.5466,145269.98
2025-05-26,175.64,178.96,173.37,174.8,2613947065.5542,1293252492,1342129141,1285730515,1292531759,-0.00099,0.009022,-0.00886,-0.00886,0.002965,0.006971,-0.003518,-0.003456,0.00158,0.007158,-0.004674,-0.004674,69.62,30.38,2.29,69.99,30.01,2.33,69.63,30.37,2.29,603888.330927,827198.262111,645339.404227,1025396.446556,19485401.6767,111408.93,23531878.6037,133274.98,19485401.6767,111408.93,23531878.6037,133274.98
2025-05-27,174.8,179.37,171.06,176.64,3297415978.8841,1292531759,1372998785,1280518958,1344907018,-0.00886,0.01,-0.0133,0.01,-0.003456,0.008727,-0.011971,0.006284,-0.004674,0.009253,-0.010849,0.00736,68.55,31.45,2.18,71.22,28.78,2.48,69.38,30.62,2.27,1561803.827111,1106688.152109,2202286.297586,1280843.862909,23789534.7779,136741.56,21872697.086,124637.95,23789534.7779,136741.56,21872697.086,124637.95
2025-05-28,176.64,177.38,168.8,172.11,2915393055.9759,1344907018,1363801899,1306836961,1355155983,0.01,0.01,-0.017058,-0.00864,0.006284,0.008492,-0.00703,-0.001506,0.00736,0.009156,-0.008588,-0.002748,66.59,33.41,1.99,70.08,29.92,2.34,70.38,29.62,2.38,2472667.134128,662557.661318,2820087.468486,733890.238674,25182403.2811,143271.41,21760517.2098,122684.06,25182403.2811,143271.41,21760517.2098,122684.06
2025-05-29,172.12,175.28,165.87,166.62,3162342377.0752,1355155983,1360210579,1280663572,1306791991,-0.00864,0.009059,-0.00864,-0.001149,-0.001506,0.006644,-0.005664,0.002158,-0.002748,0.007396,-0.006342,0.002654,75.07,24.93,3.01,73.73,26.27,2.81,68.16,31.84,2.14,1909588.3706,474992.88349,2834484.320264,498561.890966,20852719.9794,121658.56,21930766.0676,126864.63,20852719.9794,121658.56,21930766.0676,126864.63
2025-05-30,166.61,167.41,155.01,156.12,4077465520.8653,1306791991,1316019513,1198555846,1201441517,-0.001149,0.004186,-0.01002,0.003439,0.002158,0.00539,-0.005848,0.003068,0.002654,0.004791,-0.004667,0.003917,74.6,25.4,2.94,73.46,26.54,2.77,68.44,31.56,2.17,3705972.663773,751170.089453,5361115.504217,780576.214075,34763974.592,209987.13,20832937.12,124510.43,34763974.592,209987.13,20832937.12,124510.43
2025-05-31,156.11,157.92,152.06,156.35,2572620507.7658,1201441517,1239104710,1172079108,1209898931,0.003439,0.007487,-0.010909,-0.00624,0.003068,0.006476,-0.005749,-0.004028,0.003917,0.005736,-0.005407,-0.00477,76.42,23.58,3.24,77.11,22.89,3.37,68.48,31.52,2.17,2093998.461171,594387.62187,3458932.306283,723541.140178,23612171.0636,151956.61,19516737.0352,124496.7,23612171.0636,151956.61,19516737.0352,124496.7
2025-06-01,156.36,157.85,150.48,157.62,2379875317.697,1209898931,1234889968,1184210891,1217593909,-0.00624,0.004401,-0.011133,0.004401,-0.004028,0.004116,-0.007664,0.003796,-0.00477,0.004373,-0.008019,0.004169,73.65,26.35,2.8,71.35,28.65,2.49,66.04,33.96,1.95,2394384.628119,1266573.516153,3790362.310909,1395216.069446,21736168.9762,139660.07,18535232.589,118056.33,21736168.9762,139660.07,18535232.589,118056.33
2025-06-02,157.61,158.84,151.52,156.74,2937008967.2259,1217593909,1225525159,1163302655,1201518505,0.004401,0.006449,-0.002132,0.004371,0.003796,0.00626,-0.002033,0.004636,0.004169,0.005881,-0.000888,0.004566,74.41,25.59,2.91,73.89,26.11,2.83,66.13,33.87,1.95,1313996.28221,916428.78682,1522370.236757,1011474.901276,19869838.0159,126609.91,25643315.5865,161851.21,19869838.0159,126609.91,25643315.5865,161851.21
2025-06-03,156.75,163.57,154,155.08,3467151622.8424,1201518505,1246106699,1162244849,1174036008,0.004371,0.01,-0.004581,-0.004581,0.004636,0.007853,-0.010377,-0.001226,0.004566,0.008619,-0.004511,-0.001657,76.22,23.78,3.21,75.75,24.25,3.12,67.26,32.74,2.05,2249027.255956,1607844.400388,2642811.587273,2004934.359025,20705110.7754,132653.35,30133325.8918,191333.77,20705110.7754,132653.35,30133325.8918,191333.77
2025-06-04,155.08,157.93,152.78,153.18,2448718871.0232,1174036008,1234522272,1168389441,1189053941,-0.004581,0.007042,-0.006633,0.001311,-0.001226,0.006894,-0.004997,0.004256,-0.001657,0.006546,-0.004237,0.003736,74.99,25.01,3.0,75.03,24.97,3.01,66.2,33.8,1.96,1465787.21628,525998.97956,2111403.189603,600301.22844,23354844.4606,151250.32,21829405.4172,140171.9,23354844.4606,151250.32,21829405.4172,140171.9
2025-06-05,153.18,154.59,141.7,144.21,4436769908.903,1189053941,1233918435,1104907260,1130296363,0.001311,0.00989,-0.006493,-0.00648,0.004256,0.008633,-0.002197,-0.000461,0.003736,0.008433,-0.002345,-0.002345,74.39,25.61,2.91,72.53,27.47,2.64,64.86,35.14,1.85,13287676.678816,1032504.975554,18031928.274584,1058852.167822,27620130.8971,181190.55,19828309.5176,128909.88,27620130.8971,181190.55,19828309.5176,128909.88
2025-06-06,144.2,152.56,144.12,147.76,2698507211.9852,1130296363,1205969297,1126754693,1168747923,-0.00648,0.006476,-0.01247,0.006233,-0.000461,0.005656,-0.010682,0.002646,-0.002345,0.004628,-0.010493,0.002923,76.29,23.71,3.22,74.27,25.73,2.89,65.37,34.63,1.89,880517.412226,1694466.062945,1271566.169322,1904555.574642,22468535.5673,156506.84,19593793.7232,135286.47,22468535.5673,156506.84,19593793.7232,135286.47
2025-06-07,147.77,152.8,146.84,149.98,1708349293.5168,1168747923,1199387144,1159166230,1170490652,0.006233,0.007992,-0.00393,-0.000053,0.002646,0.006237,-0.004816,-0.003195,0.002923,0.00641,-0.004461,-0.003013,73.27,26.73,2.74,73.86,26.14,2.83,63.94,36.06,1.77,488072.5157,671467.363458,558401.1539,772349.850088,23250768.4584,158080.28,20743077.0224,139800.52,23250768.4584,158080.28,20743077.0224,139800.52
2025-06-08,149.97,155.3,147.59,152.37,1898543212.4036,1170490652,1222710773,1162572170,1196530810,-0.000053,0.01,-0.005895,0.01,-0.003195,0.006701,-0.007421,0.006701,-0.003013,0.007615,-0.00536,0.007615,73.57,26.43,2.78,73.66,26.34,2.8,64.7,35.3,1.83,570690.811634,694979.570127,681165.219378,911376.766735,24460624.7868,163857.67,18874405.5794,125345.66,24460624.7868,163857.67,18874405.5794,125345.66
2025-06-09,152.37,161.7,149.5,161.09,3241582117.227,1196530810,1258303067,1164961468,1254628575,0.01,0.01,-0.000947,0.009077,0.006701,0.009264,-0.003547,0.007375,0.007615,0.009014,-0.000898,0.007729,69.88,30.12,2.32,72.33,27.67,2.61,65.65,34.35,1.91,664934.674688,3399163.089653,733959.122964,4048362.733062,27466498.4279,181101.23,20889142.5383,136536.55,27466498.4279,181101.23,20889142.5383,136536.55
2025-06-10,161.09,165.62,156.23,165.06,4554996729.1429,1254628575,1314342181,1216184724,1310610505,0.009077,0.01,-0.001922,0.01,0.007375,0.010039,-0.000473,0.008968,0.007729,0.009923,-0.00097,0.009563,66.74,33.26,2.01,68.61,31.39,2.19,66.82,33.18,2.01,1849620.78805,2706038.41453,1981967.077312,3239926.999283,22208617.4759,138453.96,22755001.4964,140637.93,22208617.4759,138453.96,22755001.4964,140637.93
2025-06-11,165.06,168.3,159.14,160.88,4356174033.0617,1310610505,1368861405,1293569273,1313090631,0.01,0.01,0.004254,0.00521,0.008968,0.013023,0.004073,0.004934,0.009563,0.012227,0.004086,0.004957,65.61,34.39,1.91,70.42,29.58,2.38,68.96,31.04,2.22,2641063.535718,1349070.338686,3098953.39521,1687673.687331,23803431.3355,144852.66,25068765.4908,151298.53,23803431.3355,144852.66,25068765.4908,151298.53
2025-06-12,160.88,161.24,151.92,152.23,3557528369.452,1313090631,1325102175,1229913202,1243880245,0.00521,0.009087,-0.002614,-0.001618,0.004934,0.008144,-0.002114,0.002292,0.004957,0.007749,0.00015,0.000501,70.99,29.01,2.45,74.27,25.73,2.89,72.1,27.9,2.58,4541245.348024,2726254.230581,5137308.455336,2758525.658881,22684662.998,141548.82,22639122.0396,140145.9,22684662.998,141548.82,22639122.0396,140145.9
2025-06-13,152.24,152.55,140.73,148.54,5164558091.8446,1243880245,1246586976,1130059384,1169219221,-0.001618,0.009515,-0.010557,0.008942,0.002292,0.007506,-0.005804,0.007325,0.000501,0.007613,-0.006771,0.007287,74.56,25.44,2.93,74.28,25.72,2.89,69.95,30.05,2.33,4056826.925395,3069026.519462,5965358.126682,3287707.456432,28686318.9857,189298.54,20523630.7146,134234.76,28686318.9857,189298.54,20523630.7146,134234.76
2025-06-14,148.54,148.65,141.87,144.55,1734822405.2272,1169219221,1170188934,1132486863,1146754456,0.008942,0.009768,-0.003663,-0.003663,0.007325,0.008799,-0.004164,-0.004164,0.007287,0.007984,-0.004215,-0.004215,72.55,27.45,2.64,70.63,29.37,2.41,67.01,32.99,2.03,1376290.169413,425582.399615,1510127.653007,582105.176644,28446107.1577,192276.75,23775321.6225,159323.28,28446107.1577,192276.75,23775321.6225,159323.28
2025-06-15,144.55,153.66,144.15,152.89,3234432681.9608,1146754456,1281333667,1146163558,1243359645,-0.003663,0.01,-0.006795,0.01,-0.004164,0.007508,-0.006972,0.007402,-0.004215,0.00846,-0.0065,0.008341,73.77,26.23,2.81,72.24,27.76,2.6,67.56,32.44,2.08,1188773.792898,1721164.175028,1255616.867882,1993955.361121,20090231.1386,139526.78,20933911.2171,144150.18,20090231.1386,139526.78,20933911.2171,144150.18
2025-06-16,152.88,158.68,150.24,150.67,3828878278.1601,1243359645,1334526454,1230432525,1232988795,0.01,0.01,-0.004599,0.000996,0.007402,0.008999,-0.00471,0.00057,0.008341,0.009281,-0.003717,0.00031,66.83,33.17,2.02,67.26,32.74,2.05,66.78,33.22,2.01,1456639.643479,2046124.246893,1720973.869134,2268865.827514,19683165.8664,129338.45,24611994.1903,160281.09,19683165.8664,129338.45,24611994.1903,160281.09
2025-06-17,150.67,154.29,145.55,147.49,4172082541.8968,1232988795,1243907328,1190864229,1219791683,0.000996,0.01,0.000996,0.005613,0.00057,0.009586,0.00057,0.006346,0.00031,0.009538,-0.000322,0.006038,68.35,31.65,2.16,71.15,28.85,2.47,68.09,31.91,2.13,9290326.542108,884683.404198,10058950.038402,940060.063061,31167046.7371,207860.18,21534033.3835,142391.63,31167046.7371,207860.18,21534033.3835,142391.63
2025-06-18,147.5,149.2,143.58,146.28,2936341785.5231,1219791683,1226131340,1185595642,1190082319,0.005613,0.005613,-0.004107,0.002834,0.006346,0.007415,-0.003905,0.002751,0.006038,0.006717,-0.002173,0.002655,73.38,26.62,2.76,73.77,26.23,2.81,68.12,31.88,2.14,2358269.675017,630743.158415,2955508.014601,673071.022115,20291640.5617,138143.92,20359863.795,137487.38,20291640.5617,138143.92,20359863.795,137487.38
2025-06-19,146.29,147.83,142.83,146.96,2117605734.0393,1190082319,1252128471,1180545511,1241470909,0.002834,0.005505,-0.001279,0.005505,0.002751,0.006693,0.001283,0.005621,0.002655,0.005695,0.000685,0.00557,74.17,25.83,2.87,72.55,27.45,2.64,68.43,31.57,2.17,688545.360056,431596.636386,830523.404534,496354.608084,21031265.6714,144392.35,19428598.2362,132303.3,21031265.6714,144392.35,19428598.2362,132303.3
2025-06-20,146.96,148.75,135.57,140.02,3999865871.6244,1241470909,1263565404,1168449172,1238353782,0.005505,0.009636,-0.012261,-0.005102,0.005621,0.007587,-0.005048,-0.000286,0.00557,0.008241,-0.006845,-0.001929,73.55,26.45,2.78,71.85,28.15,2.55,67.91,32.09,2.12,3500328.044385,954593.213463,4882765.219136,1131151.357241,22664495.7405,154876.4,23336249.4911,158145.35,22664495.7405,154876.4,23336249.4911,158145.35
2025-06-21,140.01,142.53,130.46,135.32,3099046810.2066,1238353782,1241967460,1085868032,1113831929,-0.005102,0.005092,-0.008248,-0.003476,-0.000286,0.004394,-0.008901,-0.001667,-0.001929,0.005017,-0.008112,-0.001897,75.99,24.01,3.17,73.87,26.13,2.83,64.59,35.41,1.82,4410868.458534,984244.210469,5206339.668303,1124531.274569,21564714.0523,154649.75,19449435.0522,138317.24,21564714.0523,154649.75,19449435.0522,138317.24
2025-06-22,135.32,137.52,125.83,131.64,4586884945.1242,1113831929,1122392029,1044616588,1082831967,-0.003476,0.006331,-0.006866,0.004899,-0.001667,0.006755,-0.014734,0.003169,-0.001897,0.00645,-0.007569,0.003999,76.0,24.0,3.17,74.25,25.75,2.88,65.29,34.71,1.88,2017922.399448,1366780.297428,2728372.546307,1743090.144649,18200564.1724,135044.75,19157842.9935,140948.46,18200564.1724,135044.75,19157842.9935,140948.46
2025-06-23,131.64,146.88,130.6,144.41,4936943759.3031,1082831967,1219536861,1082210538,1190472824,0.004899,0.01,-0.00581,0.008804,0.003169,0.004336,-0.00898,0.003448,0.003999,0.005374,-0.007358,0.004351,74.84,25.16,2.98,75.33,24.67,3.05,64.02,35.98,1.78,4611275.380921,6488143.117296,4952732.062898,7226264.449454,17243003.6629,131526.72,17053950.2515,129009.99,17243003.6629,131526.72,17053950.2515,129009.99
2025-06-24,144.41,146.66,142.21,145.83,2795509081.6013,1190472824,1216576598,1158103585,1189400057,0.008804,0.008804,-0.003072,-0.001299,0.003448,0.006255,-0.005117,0.000591,0.004351,0.006537,-0.003048,0.00038,68.77,31.23,2.2,68.77,31.23,2.2,66.25,33.75,1.96,1030183.303512,1412521.772463,1136061.348152,1567210.683207,18542186.6002,128944.76,17703016.2132,122083.2,18542186.6002,128944.76,17703016.2132,122083.2
2025-06-25,145.83,147.93,142.12,143.48,2578184524.1203,1189400057,1225628006,1176690625,1190709814,-0.001299,0.01,-0.001753,0.003447,0.000591,0.008572,-0.005759,-0.000408,0.00038,0.009144,-0.005025,0.000261,68.3,31.7,2.16,72.42,27.58,2.63,67.05,32.95,2.04,2091910.437297,1564635.257563,2260774.669591,1620785.816163,16881280.9332,116277.7,18336287.2624,125226.49,16881280.9332,116277.7,18336287.2624,125226.49
2025-06-26,143.49,147.99,138.54,138.98,2982910468.5901,1190709814,1229714179,1161180245,1165153453,0.003447,0.006053,-0.008596,-0.006473,-0.000408,0.004133,-0.008146,-0.003789,0.000261,0.00349,-0.007812,-0.003908,69.2,30.8,2.25,72.59,27.41,2.65,67.72,32.28,2.1,3582133.220119,681264.369407,3928841.482843,754287.697307,19531040.1373,136745.34,17165907.8878,119164.28,19531040.1373,136745.34,17165907.8878,119164.28
2025-06-27,138.98,145,137,142.05,2704504943.4776,1165153453,1212933070,1161562707,1181273370,-0.006473,0.006914,-0.006473,0.006914,-0.003789,0.005544,-0.003789,0.004239,-0.003908,0.004891,-0.003908,0.004891,72.42,27.58,2.63,74.68,25.32,2.95,67.91,32.09,2.12,1714167.028266,969496.890088,1814001.822051,1115303.354866,22913460.2405,165602.23,16491194.9063,118173.76,22913460.2405,165602.23,16491194.9063,118173.76
2025-06-28,142.05,152.68,141.07,150.67,2611863451.6299,1181273370,1420588347,1167774282,1416307843,0.006914,0.01,0.006877,0.01,0.004239,0.006491,-0.00237,0.003706,0.004891,0.007501,-0.000824,0.004776,67.3,32.7,2.06,68.69,31.31,2.19,68.02,31.98,2.13,349576.747268,1965691.996412,370737.59129,2381004.940177,20903445.7335,147829.64,17697766.3894,124103.13,20903445.7335,147829.64,17697766.3894,124103.13
2025-06-29,150.67,154.77,149.3,153.21,2145063461.0526,1416307843,1424957034,1377273072,1394935772,0.01,0.01,0.001741,0.006987,0.003706,0.009302,0.001803,0.0048,0.004776,0.009309,0.001045,0.004655,55.83,44.17,1.26,60.09,39.91,1.51,66.37,33.63,1.97,601409.825551,1866040.171261,618144.771851,2042215.752508,21443931.4825,142871.02,19200625.0641,126790.48,21443931.4825,142871.02,19200625.0641,126790.48
2025-06-30,153.22,160,149.36,154.73,4402102992.3483,1394935772,1548698197,1335456109,1468368401,0.006987,0.01,-0.004233,0.009123,0.0048,0.009852,-0.00177,0.008575,0.004655,0.00983,-0.002136,0.00853,58.15,41.85,1.39,62.23,37.77,1.65,67.45,32.55,2.07,1205899.270155,2106116.186542,1352531.104721,2682460.544639,20356609.6462,133421.98,21700919.5069,141072.08,20356609.6462,133421.98,21700919.5069,141072.08
2025-07-01,154.74,155.58,144.67,146.79,3271664828.7935,1468368401,1475763751,1313761140,1328601371,0.009123,0.009476,-0.009458,-0.00582,0.008575,0.008575,-0.004406,-0.002341,0.00853,0.00853,-0.006172,-0.003555,57.35,42.65,1.35,63.92,36.08,1.77,67.97,32.03,2.12,3007284.647096,312944.651672,3794191.020915,371512.171672,25046875.4598,162589.31,21737262.6256,139929.38,25046875.4598,162589.31,21737262.6256,139929.38
2025-07-02,146.78,154.44,145.64,152.21,3424789907.0464,1328601371,1363710828,1303163726,1324413174,-0.00582,0.00749,-0.009183,0.00749,-0.002341,0.001893,-0.010222,0.001893,-0.003555,0.003521,-0.008151,0.003521,71.72,28.28,2.54,72.39,27.61,2.62,67.87,32.13,2.11,986633.746076,2512674.098276,1055787.526298,2750030.162417,22717089.9907,155479.85,22275602.5693,151247.99,22717089.9907,155479.85,22275602.5693,151247.99
2025-07-03,152.21,156.33,149.59,152.29,3061894611.3273,1324413174,1378179891,1267087802,1277538501,0.00749,0.009128,-0.009934,-0.001398,0.001893,0.00709,-0.005754,-0.000375,0.003521,0.00738,-0.006275,-0.001102,65.49,34.51,1.9,65.51,34.49,1.9,68.44,31.56,2.17,1071224.975876,1980415.363759,1292479.704005,2105184.646568,24196609.1259,159650.99,19754581.8402,129236.76,24196609.1259,159650.99,19754581.8402,129236.76
2025-07-04,152.29,153.84,145.11,147.6,2646971458.9014,1277538501,1287839544,1204128537,1241351011,-0.001398,0.01,-0.015433,-0.015112,-0.000375,0.00617,-0.012261,-0.003651,-0.001102,0.007379,-0.01007,-0.006498,68.49,31.51,2.17,72.17,27.83,2.59,68.45,31.55,2.17,3253148.831763,531885.711027,3958736.243138,682902.150245,45814625.7275,302125.81,20685121.5408,135319.64,45814625.7275,302125.81,20685121.5408,135319.64
2025-07-05,147.6,148.63,145.79,147.5,1288858739.5104,1241351011,1248216798,1226441621,1240636456,-0.015112,-0.003414,-0.01826,-0.003414,-0.003651,-0.000891,-0.009871,-0.000891,-0.006498,-0.001871,-0.012277,-0.001871,71.39,28.61,2.5,71.41,28.59,2.5,67.43,32.57,2.07,1002606.677871,382075.54186,1084324.807351,386582.82186,20203376.4124,137523.26,26095975.541,176084.59,20203376.4124,137523.26,26095975.541,176084.59
2025-07-06,147.5,154,146.66,151.8,2345154296.8815,1240636456,1270353092,1231175363,1260753483,-0.003414,0.01,-0.012061,0.01,-0.000891,0.004734,-0.009847,0.004645,-0.001871,0.006234,-0.010645,0.006111,70.69,29.31,2.41,69.92,30.08,2.32,67.93,32.07,2.12,540292.161954,1886725.303421,554281.181754,2129620.312616,22309468.8837,151853.03,28683495.0776,193572.68,22309468.8837,151853.03,28683495.0776,193572.68
2025-07-07,151.8,153.55,147.6,148.82,2766579022.1767,1260753483,1308294931,1227982098,1247876524,0.01,0.01,-0.004213,0.003421,0.004645,0.007703,-0.004479,0.00261,0.006111,0.008509,-0.003173,0.003323,65.94,34.06,1.94,68.85,31.15,2.21,68.76,31.24,2.2,1705049.132036,633798.786778,1808596.771806,660403.096952,24718973.1998,163550.56,20716801.0104,135942.87,24718973.1998,163550.56,20716801.0104,135942.87
2025-07-08,148.82,152.83,147.75,151.59,2446063111.9501,1247876524,1306540659,1246400664,1282085642,0.003421,0.009419,-0.010174,0.002141,0.00261,0.006835,-0.0089,0.004098,0.003323,0.007863,-0.009148,0.004214,71.66,28.34,2.53,73.83,26.17,2.82,68.3,31.7,2.16,644457.051672,713199.173538,721612.700711,739415.642238,26442095.243,178410.76,21571610.1944,144398.22,26442095.243,178410.76,21571610.1944,144398.22
2025-07-09,151.59,157.9,150.44,156.99,3236855748.4766,1282085642,1404948742,1271735046,1394823852,0.002141,0.01,-0.004865,0.01,0.004098,0.006947,-0.004336,0.006246,0.004214,0.00779,-0.003355,0.007082,68.28,31.72,2.15,69.97,30.03,2.33,68.92,31.08,2.22,486329.897197,2660659.227886,551521.792425,3245570.777438,21119139.6702,139888.43,25993475.4001,170672.03,21119139.6702,139888.43,25993475.4001,170672.03
2025-07-10,157,165.36,155.5,164.29,3688423280.4142,1394823852,1429387928,1381644660,1409110176,0.01,0.01,-0.000607,0.01,0.006246,0.008965,0.000447,0.008961,0.007082,0.009448,0.001107,0.009447,61.55,38.45,1.6,66.42,33.58,1.98,67.87,32.13,2.11,1168719.055914,3179740.450517,1201625.823738,3956332.983095,24477655.3093,156375.34,18852441.8594,119527.34,24477655.3093,156375.34,18852441.8594,119527.34
2025-07-11,164.3,168.18,159.49,162.87,4755330294.1094,1409110176,1477731330,1391022369,1450555745,0.01,0.01,0.000319,0.01,0.008961,0.010342,0.00397,0.005592,0.009447,0.010381,0.003197,0.004768,63.91,36.09,1.77,68.32,31.68,2.16,70.71,29.29,2.41,2958029.527426,3638537.211756,3618746.894992,4011857.169289,23888527.8738,146004.82,19112248.1779,115922.51,23888527.8738,146004.82,19112248.1779,115922.51
2025-07-12,162.87,163.87,157.66,160.63,2266040852.8858,1450555745,1472284571,1438677722,1456910483,0.01,0.01,0.01,0.01,0.005592,0.012656,0.004091,0.010813,0.004768,0.010625,0.003425,0.010066,67.21,32.79,2.05,72.63,27.37,2.65,72.77,27.23,2.67,1517062.187912,381558.737194,1684520.836891,406202.762272,20388916.923,125663.88,16304210.975,99780.13,20388916.923,125663.88,16304210.975,99780.13
2025-07-13,160.64,164.12,159.55,161.04,1989246685.1769,1456910483,1503851326,1445819477,1461808361,0.01,0.01,0.003689,0.003689,0.010813,0.012896,-0.000545,0.005008,0.010066,0.010999,-0.000706,0.003929,66.66,33.34,2.0,70.28,29.72,2.37,73.46,26.54,2.77,1375884.832117,1065866.981954,1490244.874191,1126634.602369,20288039.528,126814.9,18835353.8995,116784.69,20288039.528,126814.9,18835353.8995,116784.69
2025-07-14,161.05,169.76,160.53,162.13,4054561866.7719,1461808361,1619988983,1457850178,1510861439,0.003689,0.01,0.001722,0.007821,0.005008,0.014484,-0.001952,0.006435,0.003929,0.012257,-0.001813,0.0063,67.87,32.13,2.11,69.99,30.01,2.33,73.61,26.39,2.79,2446792.773075,1893955.900356,2680576.321973,2303479.052064,18153019.7084,113228.67,17910837.9257,110753.57,18153019.7084,113228.67,17910837.9257,110753.57
2025-07-15,162.12,164.26,157.11,163.99,3705548109.6127,1510861439,1525125734,1460838689,1503196551,0.007821,0.01,-0.000576,0.01,0.006435,0.010268,-0.001111,0.008433,0.0063,0.009066,-0.000315,0.009051,68.47,31.53,2.17,70.77,29.23,2.42,73.59,26.41,2.79,2738991.097528,1998684.607244,3699041.264,2138738.223423,23739505.438,147140.58,22962944.9331,141010.36,23739505.438,147140.58,22962944.9331,141010.36
2025-07-16,163.98,176,161.5,173.64,5183014011.1031,1503196551,1763379933,1488199843,1747085383,0.01,0.01,0.01,0.01,0.008433,0.018458,0.008346,0.013143,0.009051,0.014907,0.009051,0.01252,69.62,30.38,2.29,71.17,28.83,2.47,73.53,26.47,2.78,1121163.232482,4711965.714171,1173908.81838,5272797.725388,26679396.8088,163284.44,20210408.742,122691.74,26679396.8088,163284.44,20210408.742,122691.74
2025-07-17,173.65,178.17,168.71,175.82,5587310595.4113,1747085383,1812647503,1696762095,1734637271,0.01,0.01,0.01,0.01,0.013143,0.018099,0.00991,0.014177,0.01252,0.015133,0.010309,0.012657,65.69,34.31,1.92,70.92,29.08,2.44,75.35,24.65,3.06,4848802.689543,2588007.096178,5301949.574707,2742009.233556,23797344.8785,137623.7,20774969.1308,119145.47,23797344.8785,137623.7,20774969.1308,119145.47
2025-07-18,175.81,185,173.136,177.21,6082842435.0362,1734637271,1849623282,1646300377,1664196824,0.01,0.025421,0.01,0.01,0.014177,0.044263,0.008602,0.008621,0.012657,0.035491,0.009063,0.009152,69.64,30.36,2.29,73.16,26.84,2.73,74.59,25.41,2.94,8691622.881558,25049286.669624,9485236.353674,27225437.615296,23483636.1573,134119.84,21241341.486,120331.89,23483636.1573,134119.84,21241341.486,120331.89
2025-07-19,177.22,178.62,173.94,176.93,2605807738.7041,1664196824,1717554248,1638373556,1689449076,0.01,0.01,0.01,0.01,0.008621,0.01293,0.00801,0.011147,0.009152,0.011549,0.008734,0.010098,71.92,28.08,2.56,76.59,23.41,3.27,74.05,25.95,2.85,1236532.892497,413050.640512,1298698.400501,451695.799412,22446038.6093,127140.57,19376477.0479,108905.83,22446038.6093,127140.57,19376477.0479,108905.83
2025-07-20,176.93,183.67,176.3,181.42,5170433405.7553,1689449076,1836063435,1677482807,1705237693,0.01,0.01,0.01,0.01,0.011147,0.014206,0.009131,0.012464,0.010098,0.011548,0.009562,0.011022,71.4,28.6,2.5,73.7,26.3,2.8,74.93,25.07,2.99,2450334.29877,1916913.099999,2531096.980811,2212564.397066,19432961.7977,110262.83,21645046.7066,121828.08,19432961.7977,110262.83,21645046.7066,121828.08
2025-07-21,181.42,199.48,178.18,195.75,7682180067.1679,1705237693,2064639936,1675927414,1989042846,0.01,0.013452,0.01,0.01,0.012464,0.033202,0.009236,0.009236,0.011022,0.026817,0.009973,0.01001,73.06,26.94,2.71,76.3,23.7,3.22,74.21,25.79,2.88,2513608.765447,5616121.384875,2706946.446822,6433929.428014,20854697.74,115444.62,22964367.5155,126096.82,20854697.74,115444.62,22964367.5155,126096.82
2025-07-22,195.76,206.44,193.74,205.78,10326761958.8754,1989042846,2132777689,1956231721,2111159554,0.01,0.01,0.01,0.01,0.009236,0.015391,0.008245,0.014288,0.01001,0.014314,0.009477,0.013266,69.67,30.33,2.3,74.06,25.94,2.86,75.35,24.65,3.06,4138796.870494,6573661.23135,4607019.912639,7748840.402378,24756079.2798,127014.92,22411609.4502,114026.35,24756079.2798,127014.92,22411609.4502,114026.35
2025-07-23,205.79,205.86,184,189.4,7212588418.0705,2111159554,2115009763,1812196746,1856843360,0.01,0.01,0.01,0.01,0.014288,0.026151,0.011491,0.013722,0.013266,0.021145,0.010961,0.011992,65.63,34.37,1.91,70.19,29.81,2.36,75.54,24.46,3.09,5317130.162752,1578388.685715,7568422.378848,1632908.450015,24005601.0724,117172.73,29902682.7286,144638.1,24005601.0724,117172.73,29902682.7286,144638.1
2025-07-24,189.4,191.87,179.2,182.8,6689563390.356,1856843360,1888359322,1698454438,1705847261,0.01,0.01,0.01,0.01,0.013722,0.017342,0.005841,0.010791,0.011992,0.013504,0.007465,0.010176,74.75,25.25,2.96,79.13,20.87,3.79,77.17,22.83,3.38,5104788.727497,2673561.331535,6477400.122444,2885148.814307,25206290.5797,133631.14,23285981.4012,122425.15,25206290.5797,133631.14,23285981.4012,122425.15
2025-07-25,182.81,186.79,175.5,186.69,5518569939.7201,1705847261,1731437379,1614423596,1679173172,0.01,0.01,0.005338,0.01,0.010791,0.014815,0.008048,0.013234,0.010176,0.011961,0.007588,0.011235,76.23,23.77,3.21,78.82,21.18,3.72,75.33,24.67,3.05,14061364.203241,5185590.87385,15788903.352808,5400523.778244,23144758.4053,127267.57,23765163.0094,129376.22,23144758.4053,127267.57,23765163.0094,129376.22
2025-07-26,186.69,189.75,184.19,184.82,2394445764.472,1679173172,1729187687,1646431963,1656320399,0.01,0.01,0.01,0.01,0.013234,0.014831,0.006687,0.011478,0.011235,0.011811,0.008443,0.010509,75.02,24.98,3.0,77.29,22.71,3.4,73.81,26.19,2.82,757644.625236,1882948.29307,1450770.782793,1968821.95287,20691489.6205,111281.95,22621516.5915,120686.4,20691489.6205,111281.95,22621516.5915,120686.4
2025-07-27,184.82,190.67,184.47,188.55,2715565885.4507,1656320399,1703707949,1649895932,1689954808,0.01,0.01,0.01,0.01,0.011478,0.019212,0.010521,0.012803,0.010509,0.012429,0.010036,0.010915,73.52,26.48,2.78,77.6,22.4,3.46,74.57,25.43,2.93,923174.722277,1184020.795068,1163378.626615,1366421.584079,24717301.2642,134373.3,22119030.2871,119248.55,24717301.2642,134373.3,22119030.2871,119248.55
2025-07-28,188.56,195.32,182.06,183.03,4888276894.631,1689954808,1791281787,1602599770,1608835001,0.01,0.01,-0.000348,-0.000347,0.012803,0.016947,0.006036,0.006044,0.010915,0.012994,0.003035,0.003054,74.4,25.6,2.91,75.65,24.35,3.11,74.45,25.55,2.91,6697098.194085,1168758.766802,7938823.832585,1575023.884201,22540010.8493,120024.61,21173834.7269,111871.77,22540010.8493,120024.61,21173834.7269,111871.77
2025-07-29,183.03,186.5,178.18,181.39,3825297576.2984,1608835001,1662393336,1586090493,1625630404,-0.000347,0.004218,-0.003811,0.001098,0.006044,0.008293,-0.011007,0.00608,0.003054,0.006189,-0.001639,0.003424,74.65,25.35,2.95,76.33,23.67,3.23,76.0,24.0,3.17,3617329.681463,1761549.358625,4169375.530311,1800308.555299,30545019.755,167685.63,24920845.5614,135620.99,30545019.755,167685.63,24920845.5614,135620.99
2025-07-30,181.38,182.48,170,177.68,4212717668.2192,1625630404,1657560423,1532944523,1579193708,0.001098,0.00871,-0.002242,-0.000763,0.00608,0.026405,-0.004326,0.00191,0.003424,0.010301,-0.000514,0.000022,76.46,23.54,3.25,76.35,23.65,3.23,73.41,26.59,2.76,5252775.60265,1562158.056422,7262723.421074,1620431.479855,23298013.5846,128968.15,21363380.9328,117329.31,23298013.5846,128968.15,21363380.9328,117329.31
2025-07-31,177.67,182.66,171.36,172.15,3691203193.533,1579193708,1630201548,1534739004,1537508432,-0.000763,0.008617,-0.003187,0.004019,0.00191,0.007998,0.00191,0.007628,0.000022,0.007945,0.000022,0.005676,77.35,22.65,3.42,78.92,21.08,3.74,73.59,26.41,2.79,3838185.090517,1178991.62831,4629906.136333,1277682.314552,21839765.4507,123373.11,23649361.0535,132581.6,21839765.4507,123373.11,23649361.0535,132581.6
2025-08-01,172.15,172.19,159.02,162.61,5841882580.4198,1537508432,1573378838,1436438397,1468591212,0.004019,0.01,-0.006397,-0.003765,0.007628,0.008905,-0.005474,-0.005352,0.005676,0.007967,-0.00436,-0.00436,76.37,23.63,3.23,76.39,23.61,3.24,74.0,26.0,2.85,14424101.478313,1008175.892861,18925855.624953,1066187.036161,32978183.3017,192589.7,28925903.1627,167329.98,32978183.3017,192589.7,28925903.1627,167329.98
2025-08-02,162.61,165.19,155.72,158.4,3265127442.8128,1468591212,1508337387,1425164158,1466619712,-0.003765,0.005315,-0.010158,-0.010068,-0.005352,0.00843,-0.006689,-0.004205,-0.00436,0.006165,-0.007665,-0.007345,79.88,20.12,3.97,81.06,18.94,4.28,72.31,27.69,2.61,5798617.748619,1643951.442461,6838075.842663,1741370.12008,19476762.9827,120244.05,22407848.5237,137260.69,19476762.9827,120244.05,22407848.5237,137260.69
2025-08-03,158.4,163.07,156.17,161.84,2057777405.2123,1466619712,1522022667,1447816286,1506983432,-0.010068,-0.005089,-0.014477,-0.014477,-0.004205,0.002518,-0.011414,-0.009734,-0.007345,-0.00183,-0.012152,-0.011994,78.05,21.95,3.56,79.01,20.99,3.76,71.02,28.98,2.45,555705.933806,971505.134198,642479.963596,1085944.963882,18190950.0676,115357.19,16764394.8251,105429.81,18190950.0676,115357.19,16764394.8251,105429.81
2025-08-04,161.85,169.73,161.16,169.46,3429616582.5424,1506983432,1566817549,1500985012,1566225800,-0.014477,-0.00196,-0.021774,-0.003594,-0.009734,0.002461,-0.015098,0.000589,-0.011994,-0.001626,-0.016626,-0.001704,78.75,21.25,3.71,78.33,21.67,3.62,68.5,31.5,2.18,1651673.281076,2336565.95395,1728005.567476,2568202.735412,29034286.3371,180188.01,17896564.3231,110130.0,29034286.3371,180188.01,17896564.3231,110130.0
2025-08-05,169.47,171.66,161.17,163.99,3625496315.0392,1566225800,1578218876,1481303734,1511547038,-0.003594,0.003321,-0.006966,-0.006813,0.000589,0.00521,-0.002444,-0.001005,-0.001704,0.003733,-0.00376,-0.003752,75.95,24.05,3.16,75.07,24.93,3.01,68.66,31.34,2.19,3506877.502396,891048.483382,4463905.206152,954032.68607,20219573.0449,119787.86,39497985.7711,232000.43,20219573.0449,119787.86,39497985.7711,232000.43
2025-08-06,163.99,169.88,161.04,168.03,2824681344.1997,1511547038,1548106457,1488765988,1517128987,-0.006813,0.01,-0.008202,0.01,-0.001005,0.006196,-0.00345,0.005562,-0.003752,0.008022,-0.005031,0.007479,77.18,22.82,3.38,77.4,22.6,3.43,69.3,30.7,2.26,1467880.476627,1442804.683305,1519228.945771,1863544.965672,19584217.5515,119897.86,21877941.3289,132868.52,19584217.5515,119897.86,21877941.3289,132868.52
2025-08-07,168.04,175.45,166.61,175.26,3515793876.1635,1517128987,1558371779,1476475411,1550232499,0.01,0.01,-0.00205,0.006378,0.005562,0.009254,-0.00049,0.004517,0.007479,0.009187,-0.001557,0.00488,73.76,26.24,2.81,74.78,25.22,2.97,69.94,30.06,2.33,1669786.155936,3477746.63773,1861093.035521,3849162.373402,29763294.4443,177957.68,29172910.8165,172891.82,29763294.4443,177957.68,29172910.8165,172891.82
2025-08-08,175.27,179.61,173.36,176.7,3920596345.7433,1550232499,1592903509,1520154362,1571065635,0.006378,0.01,0.000001,0.01,0.004517,0.010799,0.002659,0.008935,0.00488,0.010215,0.001914,0.009158,74.78,25.22,2.97,76.27,23.73,3.21,71.95,28.05,2.57,1298885.012811,3613078.403222,1474810.139309,3906444.813422,25719967.66,147327.61,30134947.8605,171218.01,25719967.66,147327.61,30134947.8605,171218.01
2025-08-09,176.69,183.49,176.53,179.85,3392870947.9649,1552166510,1639042885,1545928139,1604624093,0.01,0.01,0.001919,0.009672,0.008935,0.011192,0.006231,0.010975,0.009158,0.0104,0.00474,0.010113,72.93,27.07,2.69,76.4,23.6,3.24,72.19,27.81,2.6,1117224.590405,2109084.912229,1424928.348777,2378528.991541,26928929.9452,153089.52,22944287.6137,129389.91,26928929.9452,153089.52,22944287.6137,129389.91
2025-08-10,179.86,186.13,177.42,182.59,4154878286.1374,1608565372,1677911677,1558200227,1644930565,0.009672,0.01,0.005819,0.009508,0.010975,0.011791,0.008126,0.010297,0.010113,0.010541,0.007441,0.009851,74.13,25.87,2.87,76.95,23.05,3.34,73.05,26.95,2.71,2464122.355865,1296476.578321,2914414.191248,1442388.659839,36817877.8974,205627.6,27947460.955,154469.3,36817877.8974,205627.6,27947460.955,154469.3
2025-08-11,182.58,186.76,173.34,174.75,5181405018.447,1638594852,1688370660,1557036081,1580811732,0.009508,0.01,-0.002394,-0.002394,0.010297,0.014772,0.001716,0.005239,0.009851,0.010353,0.000456,0.001447,73.61,26.39,2.79,77.39,22.61,3.42,73.72,26.28,2.81,4689037.612325,1188976.744449,6853748.67717,1269255.053361,27066467.8437,148844.05,30273325.8088,165090.57,27066467.8437,148844.05,30273325.8088,165090.57
2025-08-12,174.74,193.79,173.49,191.76,5820109245.1004,1580811732,1852909546,1580811732,1840307803,-0.002394,0.01,-0.009275,0.01,0.005239,0.014154,-0.000611,0.014121,0.001447,0.011638,-0.004725,0.01163,76.46,23.54,3.25,79.94,20.06,3.99,72.81,27.19,2.68,1995531.340045,8041117.22126,2061002.603055,8570197.019331,25263377.9062,145141.05,34296775.7743,195376.52,25263377.9062,145141.05,34296775.7743,195376.52
2025-08-13,191.77,205.07,191.47,201.58,9463465131.3414,1840307803,2248718498,1838235038,2119936426,0.01,0.01,0.01,0.01,0.014121,0.019472,0.010288,0.014893,0.01163,0.014088,0.010057,0.012189,70.96,29.04,2.44,74.95,25.05,2.99,73.21,26.79,2.73,2946177.054293,5764417.591632,4055591.117994,6264562.407352,25546089.5331,133784.3,24784838.2445,128725.11,25546089.5331,133784.3,24784838.2445,128725.11
2025-08-14,201.57,210.1,186.47,192.39,11842377172.5199,2119936426,2372598627,1987994011,2036906662,0.01,0.026757,0.01,0.01,0.014893,0.026118,0.007737,0.008484,0.012189,0.024643,0.009207,0.009576,68.35,31.65,2.16,74.76,25.24,2.96,75.02,24.98,3.0,10295905.427542,5883402.544026,15243646.493577,6738355.739859,27405801.6657,136550.42,22650927.1721,111902.74,27405801.6657,136550.42,22650927.1721,111902.74
2025-08-15,192.4,197.98,183.23,185.62,6300693065.9031,2036906662,2078569537,1903547999,1918250426,0.01,0.01,-0.004364,-0.004219,0.008484,0.009671,-0.006273,0.001903,0.009576,0.010236,-0.00214,-0.001671,71.61,28.39,2.52,78.45,21.55,3.64,76.14,23.86,3.19,4655819.165828,1964004.341345,7486407.932391,2351461.873904,22830752.3082,119033.12,23093866.0514,119456.33,22830752.3082,119033.12,23093866.0514,119456.33
2025-08-16,185.61,190,185.09,189.52,2933472186.8178,1918250426,1966126536,1908171619,1954562455,-0.004219,0.01,-0.004258,0.01,0.001903,0.008779,-0.004098,0.007511,-0.001671,0.009008,-0.004764,0.008416,76.93,23.07,3.34,79.56,20.44,3.89,73.52,26.48,2.78,865262.637318,802655.451253,1175123.572025,997621.756573,22325971.1614,120782.15,23501423.4632,126189.72,22325971.1614,120782.15,23501423.4632,126189.72
2025-08-17,189.53,195.75,187.26,190.92,3706373181.3303,1954562455,2035965280,1930754162,1966159399,0.01,0.01,0.000627,0.008877,0.007511,0.009948,0.00085,0.009849,0.008416,0.009689,-0.00022,0.009178,72.79,27.21,2.68,75.93,24.07,3.16,73.27,26.73,2.74,764885.617594,1954102.18657,864153.380905,2182411.312853,28192282.3076,149263.53,27327201.6639,143619.88,28192282.3076,149263.53,27327201.6639,143619.88
2025-08-18,190.92,191.26,179.84,182.84,5162167416.3691,1966159399,1967524078,1807073979,1807073979,0.008877,0.009711,-0.010643,-0.001986,0.009849,0.010564,-0.001833,0.000771,0.009178,0.009561,-0.006018,-0.001118,73.01,26.99,2.71,75.99,24.01,3.17,72.88,27.12,2.69,4726359.523963,770373.114448,5785520.767369,814954.890648,36344579.8632,191273.24,22809586.3149,119084.91,36344579.8632,191273.24,22809586.3149,119084.91
2025-08-19,182.84,185.79,175.57,176.13,4894044088.8408,1807073979,1829016364,1714937564,1716696528,-0.001986,0.009367,-0.001986,0.002581,0.000771,0.009809,-0.000649,0.004688,-0.001118,0.009354,-0.001259,0.003672,78.2,21.8,3.59,80.35,19.65,4.09,71.31,28.69,2.49,6144507.97544,2210766.168208,7093325.119424,2245660.810408,25811509.1877,141791.76,22258630.004,121333.25,25811509.1877,141791.76,22258630.004,121333.25
2025-08-20,176.12,187.91,175.92,187.9,5114196390.4009,1716696528,1843500055,1712705957,1843500055,0.002581,0.01,0.000947,0.01,0.004688,0.009711,0.001768,0.007819,0.003672,0.009728,0.002379,0.008914,77.34,22.66,3.41,79.7,20.3,3.93,70.59,29.41,2.4,1563827.98819,2340387.277912,1645273.423531,2827886.414303,32419070.178,184925.27,24871215.3223,140574.82,32419070.178,184925.27,24871215.3223,140574.82
2025-08-21,187.89,190.08,179.33,180.25,4921879156.1572,1843500055,1863179034,1787502762,1791963374,0.01,0.01,0.000576,0.003301,0.007819,0.010229,-0.003644,0.002431,0.008914,0.010252,-0.001935,0.002482,72.96,27.04,2.7,74.88,25.12,2.98,71.06,28.94,2.46,3493416.730007,1610462.969595,3774225.941219,1794247.328939,30384447.0394,162334.21,28530963.2454,151273.44,30384447.0394,162334.21,28530963.2454,151273.44
2025-08-22,180.24,202.5,177.14,200.68,8130490949.0389,1791963374,2075429587,1741358537,2069659946,0.003301,0.01,0.002079,0.01,0.002431,0.014364,-0.002704,0.01159,0.002482,0.011745,-0.000741,0.010874,76.54,23.46,3.26,78.64,21.36,3.68,72.98,27.02,2.7,2626041.192461,4935622.519791,3042144.019872,6102312.28786,27038948.6662,150775.74,18405061.0913,101700.32,27038948.6662,150775.74,18405061.0913,101700.32
2025-08-23,200.68,208.82,195.31,204.21,5748732230.9346,2069659946,2321813837,2014839425,2307664126,0.01,0.01,0.01,0.01,0.01159,0.015925,0.010492,0.013892,0.010874,0.01268,0.010358,0.01164,68.31,31.69,2.16,71.57,28.43,2.52,73.76,26.24,2.81,1924013.181593,4099334.850023,2029996.751305,5512318.981909,25347290.2842,126886.04,23063476.9267,114320.55,25347290.2842,126886.04,23063476.9267,114320.55
2025-08-24,204.22,212.22,201.01,206.09,8862067052.5807,2307664126,2575879428,2307664126,2461229715,0.01,0.01,0.01,0.01,0.013892,0.016153,0.008703,0.012953,0.01164,0.012897,0.009846,0.011604,64.04,35.96,1.78,71.27,28.73,2.48,75.98,24.02,3.16,2662127.496012,5288681.250832,3981558.349069,6150693.635405,29997637.0086,147469.99,27418004.4589,133675.9,29997637.0086,147469.99,27418004.4589,133675.9
2025-08-25,206.09,213.66,185.12,187.09,10582087729.8772,2461229715,2593738821,2023568984,2043165267,0.01,0.01,0.002934,0.002934,0.012953,0.015677,0.002952,0.003301,0.011604,0.012806,0.002135,0.002135,63.84,36.16,1.77,70.25,29.75,2.36,74.8,25.2,2.97,12060212.086763,1767251.075394,14424258.083626,1949351.556384,24362344.2371,118682.87,24158692.4056,116696.29,24362344.2371,118682.87,24158692.4056,116696.29
2025-08-26,187.08,198.07,185.44,195.77,5723846646.0804,2043165267,2195150822,2022592428,2164234661,0.002934,0.01,-0.001891,0.01,0.003301,0.00748,-0.002877,0.005893,0.002135,0.007944,-0.002366,0.007713,73.2,26.8,2.73,77.16,22.84,3.38,74.38,25.62,2.9,2002528.39463,2368100.091208,2371111.92355,2688461.955344,25292566.1923,135733.83,27925533.9335,148614.98,25292566.1923,135733.83,27925533.9335,148614.98
2025-08-27,195.78,212.11,193.71,202.94,9677639972.2358,2164234661,2626520760,2119890061,2456926779,0.01,0.01,0.01,0.01,0.005893,0.010238,0.001862,0.010091,0.007713,0.010349,0.005223,0.00957,71.32,28.68,2.49,71.96,28.04,2.57,69.38,30.62,2.27,4655499.208568,3087050.423441,5129179.886852,3679475.852267,32027596.2765,164204.24,23614310.3333,120145.93,32027596.2765,164204.24,23614310.3333,120145.93
2025-08-28,202.94,216.87,201.66,214.29,9713929305.0621,2456926779,2728834044,2434203079,2659758254,0.01,0.01,0.008562,0.008562,0.010091,0.010928,0.005066,0.006248,0.00957,0.010385,0.006709,0.007031,59.54,40.46,1.47,65.0,35.0,1.86,72.95,27.05,2.7,3141522.148281,3958829.717163,3483468.249703,4380809.683897,35994684.5384,178130.14,22396387.9808,109859.31,35994684.5384,178130.14,22396387.9808,109859.31
2025-08-29,214.3,217.95,199.74,204.98,11504980728.8455,2659758254,2775584907,2356207793,2406973360,0.008562,0.01,-0.001277,-0.001277,0.006248,0.009843,-0.008743,0.005207,0.007031,0.009858,-0.003582,0.002772,54.74,45.26,1.21,60.23,39.77,1.51,71.34,28.66,2.49,8706750.511013,2623005.178937,10387507.242145,2983918.629084,32240979.5756,151048.88,36074431.6281,167531.32,32240979.5756,151048.88,36074431.6281,167531.32
2025-08-30,204.97,206.99,197.43,202.59,4743142495.6906,2406973360,2433951529,2274218392,2324000108,-0.001277,0.008614,-0.003347,0.001829,0.005207,0.009553,-0.001193,0.005957,0.002772,0.008957,-0.002217,0.004067,67.27,32.73,2.06,71.6,28.4,2.52,73.66,26.34,2.8,1813428.18987,1235152.064272,2306894.408458,1298092.394272,41874632.1776,205167.41,37532392.4537,182329.86,41874632.1776,205167.41,37532392.4537,182329.86
2025-08-31,202.59,206.64,200.2,200.57,3981439700.1791,2324000108,2395529740,2267395738,2276323682,0.001829,0.00968,0.000769,0.009008,0.005957,0.009039,0.002004,0.007136,0.004067,0.008695,0.001484,0.007718,70.13,29.87,2.35,71.96,28.04,2.57,72.08,27.92,2.58,1485425.014085,974063.144906,2145669.848419,1079173.585206,43562237.0785,215751.9,36937968.6978,181628.5,43562237.0785,215751.9,36937968.6978,181628.5
2025-09-01,200.57,204.45,194.06,197.22,6163041958.4523,2276323682,2312350870,2072545959,2124575760,0.009008,0.01,0.000549,0.004597,0.007136,0.009201,0.001918,0.003926,0.007718,0.009348,0.00181,0.003954,68.38,31.62,2.16,71.19,28.81,2.47,72.08,27.92,2.58,4998636.958784,3107507.151546,5995471.386293,3184210.699386,56074709.669,280651.27,27087571.1134,134494.74,56074709.669,280651.27,27087571.1134,134494.74
2025-09-02,197.21,209.59,196.67,209.54,7372505167.1318,2124575760,2362964740,2115813121,2362964740,0.004597,0.01,0.004418,0.01,0.003926,0.009752,0.002384,0.00652,0.003954,0.009823,0.003558,0.007406,74.06,25.94,2.86,75.43,24.57,3.07,73.54,26.46,2.78,2178761.14138,4461910.645676,2480878.16192,4801636.967846,27813680.1238,141469.8,33716884.3203,170349.86,27813680.1238,141469.8,33716884.3203,170349.86
2025-09-03,209.54,212.95,207.29,210.65,5331659205.2675,2362964740,2495579648,2347584734,2425721586,0.01,0.01,-0.000464,0.003064,0.00652,0.009542,-0.003171,0.002615,0.007406,0.009437,-0.002718,0.00229,61.92,38.08,1.63,65.16,34.84,1.87,72.32,27.68,2.61,1004379.747564,2897838.873028,1512903.68621,3059283.468928,31458953.8546,150733.29,44241820.1178,210432.24,31458953.8546,150733.29,44241820.1178,210432.24
2025-09-04,210.65,211.87,201.7,202.23,4577890258.9098,2425721586,2440177829,2242943847,2260597753,0.003064,0.008951,-0.000457,-0.000457,0.002615,0.009517,-0.00057,0.005023,0.00229,0.009096,-0.000055,0.003111,58.9,41.1,1.43,64.05,35.95,1.78,73.26,26.74,2.74,4395686.207616,851630.158036,5098265.792411,905752.823336,30134600.7106,143604.71,38287061.1484,180984.83,30134600.7106,143604.71,38287061.1484,180984.83
2025-09-05,202.22,209.95,200.8,203.3,6094414772.8701,2260597753,2339506428,2197323644,2227051981,-0.000457,0.0089,-0.000553,0.0089,0.005023,0.009784,-0.008317,0.009121,0.003111,0.008892,-0.007045,0.008728,69.39,30.61,2.27,73.48,26.52,2.77,75.1,24.9,3.02,3509519.557257,2322393.637559,3834266.123326,2521969.141295,40592365.5305,201530.73,28248202.2054,139082.66,40592365.5305,201530.73,28248202.2054,139082.66
2025-09-06,203.29,204.6,199.13,200.06,2157089759.0835,2227051981,2282229586,2227051981,2277020381,0.0089,0.01,-0.003556,0.000003,0.009121,0.013396,0.005392,0.007898,0.008728,0.011329,0.003968,0.006429,71.4,28.6,2.5,72.55,27.45,2.64,72.76,27.24,2.67,1193078.572201,244859.420834,1788311.011011,251675.598334,41204062.6964,203607.3,26214134.8485,128432.96,41204062.6964,203607.3,26214134.8485,128432.96
2025-09-07,200.06,207.93,200,206.29,2949568517.8091,2277020381,2322935264,2249612583,2308839831,0.000003,0.01,-0.00006,0.01,0.007898,0.009819,0.004178,0.009394,0.006429,0.0096,0.003792,0.009587,74.99,25.01,3.0,75.74,24.26,3.12,72.56,27.44,2.64,1664811.077729,1297326.07382,1728376.863329,1467674.716269,40929390.3732,205445.49,29495682.3659,146823.69,40929390.3732,205445.49,29495682.3659,146823.69
2025-09-08,206.28,216.97,205.53,214.02,6183434469.4294,2308839831,2727011243,2300381222,2653608868,0.01,0.01,0.008666,0.008916,0.009394,0.023342,-0.00025,0.004036,0.009587,0.034662,0.00049,0.004083,68.79,31.21,2.2,70.14,29.86,2.35,74.29,25.71,2.89,1131614.480195,3710199.028071,1308926.659401,5509099.128635,42395463.2538,206235.64,32533661.1471,157019.49,42395463.2538,206235.64,32533661.1471,157019.49
2025-09-09,214.02,219.74,210.8,217.11,6160018492.0054,2653608868,2815190232,2603895197,2715015160,0.008916,0.01,0.003677,0.003677,0.004036,0.014226,0.004036,0.006254,0.004083,0.012029,0.004083,0.005437,52.78,47.22,1.12,59.67,40.33,1.48,73.52,26.48,2.78,5236864.385874,2081267.954323,5497624.526474,2569935.245427,39660187.1835,186086.04,33315075.4458,154944.89,39660187.1835,186086.04,33315075.4458,154944.89
2025-09-10,217.11,225.95,215.02,223.94,6517760478.7454,2715015160,3013954243,2662794569,2928918550,0.003677,0.01,0.003054,0.005014,0.006254,0.0098,-0.003766,0.003041,0.005437,0.00993,-0.001518,0.003417,56.4,43.6,1.29,63.59,36.41,1.75,73.91,26.09,2.83,1175766.510244,2752619.66017,1260470.710144,3721053.487917,57179768.9002,264667.24,45881847.6571,210212.26,57179768.9002,264667.24,45881847.6571,210212.26
2025-09-11,223.94,229,221.59,228.62,6262080481.2835,2928918550,3114138688,2866865287,3040200232,0.005014,0.01,-0.004772,0.000204,0.003041,0.006535,-0.005668,-0.002116,0.003417,0.007447,-0.006819,-0.002615,50.91,49.09,1.04,57.91,42.09,1.38,71.84,28.16,2.55,864122.753288,2481692.842964,975487.451939,2857355.351494,33505212.2118,150205.46,42065722.7188,187048.27,33505212.2118,150205.46,42065722.7188,187048.27
2025-09-12,228.61,244,228,242.07,8386057244.1733,3040200232,3245337709,3030199262,3181150857,0.000204,0.006359,-0.000392,0.001717,-0.002116,0.00377,-0.008008,0.000612,-0.002615,0.003463,-0.006536,0.000778,50.16,49.84,1.01,56.85,43.15,1.32,70.46,29.54,2.39,1149990.797374,7895926.254507,1225045.21232,9464784.390948,43426295.0376,190624.91,54818991.7195,238864.78,43426295.0376,190624.91,54818991.7195,238864.78
2025-09-13,242.07,244,235.54,242.25,4836968066.7068,3181150857,3220746443,2964456031,3009287379,0.001717,0.01,-0.000332,-0.000332,0.000612,0.009205,-0.000472,0.005348,0.000778,0.009904,0.000435,0.00378,52.82,47.18,1.12,57.73,42.27,1.37,70.76,29.24,2.42,1540959.102992,5953467.889476,2135229.026326,6103298.774726,41052707.2324,170271.43,42927029.669,176509.9,41052707.2324,170271.43,42927029.669,176509.9
2025-09-14,242.24,249.55,239.07,239.63,6269671844.7847,3009287379,3150464542,2956959605,2958363496,-0.000332,0.01,-0.001003,-0.000712,0.005348,0.008471,-0.002276,0.001952,0.00378,0.008885,-0.002276,0.000727,53.92,46.08,1.17,60.69,39.31,1.54,72.22,27.78,2.6,4053271.360814,2779163.215585,4483515.203224,3254018.124595,53404707.5815,221572.58,40727255.7868,167418.25,53404707.5815,221572.58,40727255.7868,167418.25
2025-09-15,239.62,243.92,230.02,234.18,7144773256.938,2958363496,3004750738,2774401395,2847714916,-0.000712,0.01,-0.001484,0.006442,0.001952,0.012563,-0.00817,0.009143,0.000727,0.010974,-0.008665,0.009011,55.39,44.61,1.24,61.03,38.97,1.57,71.75,28.25,2.54,5046429.369545,1386680.976109,6731484.22308,1447958.738009,52270185.5142,219081.46,31249560.7691,129914.78,52270185.5142,219081.46,31249560.7691,129914.78
2025-09-16,234.19,240.87,231.18,236.86,5055429663.2403,2847714916,2929502484,2764707308,2828896074,0.006442,0.01,-0.003618,-0.002021,0.009143,0.011778,-0.000477,0.000613,0.009011,0.01092,-0.002344,-0.001224,61.32,38.68,1.59,65.57,34.43,1.9,74.03,25.97,2.85,1118549.583098,1670289.412842,1444848.261425,1839141.795616,33904206.121,145330.18,43883934.3084,186732.77,33904206.121,145330.18,43883934.3084,186732.77
2025-09-17,236.86,246.55,231.53,244.75,7190254948.7523,2828896074,2910973138,2754797439,2895686579,-0.002021,0.008685,-0.002021,0.008685,0.000613,0.010335,0.000613,0.006453,-0.001224,0.008732,-0.001224,0.006915,61.97,38.03,1.63,64.61,35.39,1.83,74.44,25.56,2.91,3652623.273573,5213279.347973,3980222.183942,5951336.199959,45593962.6765,193292.52,53172727.9294,223433.51,45593962.6765,193292.52,53172727.9294,223433.51
2025-09-18,244.74,253.49,242.48,247.34,6104830729.1475,2895686579,3181636896,2886949094,3114127720,0.008685,0.01,0.001091,0.01,0.006453,0.011368,-0.004203,0.011313,0.006915,0.010122,-0.003164,0.010066,61.35,38.65,1.59,64.85,35.15,1.85,75.58,24.42,3.1,2407193.472546,2504913.475637,2537450.811116,2778540.251467,38523092.0114,158054.72,31220413.1076,127067.02,38523092.0114,158054.72,31220413.1076,127067.02
2025-09-19,247.35,248.42,234.97,238.4,5276999834.0225,3114127720,3124276843,2911305383,2960455453,0.01,0.01,-0.006309,-0.003324,0.011313,0.012162,0.002719,0.006716,0.010066,0.010863,0.000122,0.003532,57.34,42.66,1.34,62.89,37.11,1.7,74.59,25.41,2.94,8926108.154571,681436.030704,9897173.489021,690114.208804,41497969.999,168494.31,50434459.4495,202940.61,41497969.999,168494.31,50434459.4495,202940.61
2025-09-20,238.39,241.13,236.72,239.38,2279246426.7181,2960455453,3011022545,2933963454,2978826668,-0.003324,-0.000126,-0.010594,-0.000439,0.006716,0.008079,-0.003287,0.00203,0.003532,0.004062,-0.005867,0.000449,65.47,34.53,1.9,68.71,31.29,2.2,73.8,26.2,2.82,719714.537891,1118187.82872,820868.679323,1201027.602986,34675448.0112,145986.02,47433180.2128,198254.21,34675448.0112,145986.02,47433180.2128,198254.21
2025-09-21,239.37,241.73,235.22,236.05,2389788567.6636,2978826668,3011839859,2909876413,2918568422,-0.000439,0.005352,-0.004368,0.000408,0.00203,0.009104,0.000033,0.007394,0.000449,0.008327,-0.000179,0.005373,66.23,33.77,1.96,67.34,32.66,2.06,73.09,26.91,2.72,2192879.87517,579503.300048,2354552.066279,609450.211218,44611810.84,187251.49,37971713.6139,158024.51,44611810.84,187251.49,37971713.6139,158024.51
2025-09-22,236.04,236.87,212.29,220.28,8096363635.5072,2918568422,2928021139,2459986962,2496413933,0.000408,0.007576,-0.012018,0.004622,0.007394,0.009012,-0.002401,0.007714,0.005373,0.008064,-0.001624,0.006324,67.04,32.96,2.03,68.23,31.77,2.15,73.09,26.91,2.72,11284314.782162,1025555.811282,15668793.140153,1119313.580671,66942257.4593,284937.83,37146274.1051,156695.64,66942257.4593,284937.83,37146274.1051,156695.64
2025-09-23,220.28,221.66,212.28,213.18,5255419422.8635,2496413933,2561625363,2431929106,2470303693,0.004622,0.009679,-0.004021,0.002837,0.007714,0.009336,-0.001543,0.007697,0.006324,0.008917,-0.00264,0.006817,70.51,29.49,2.39,72.19,27.81,2.6,73.53,26.47,2.78,5141436.828777,2485539.764975,6850822.938003,2891409.038851,26199530.211,119531.82,28455233.003,128625.16,26199530.211,119531.82,28455233.003,128625.16
2025-09-24,213.18,216.35,204.73,211.45,5673062417.7329,2470303693,2521502284,2376098579,2462849855,0.002837,0.005997,-0.012982,-0.012843,0.007697,0.009342,-0.00697,-0.006456,0.006817,0.008792,-0.008207,-0.007915,74.16,25.84,2.87,74.06,25.94,2.86,71.41,28.59,2.5,2556530.395743,1948886.605854,3482063.214805,2285905.427898,64016778.3364,301625.69,28030779.5177,130985.17,64016778.3364,301625.69,28030779.5177,130985.17
2025-09-25,211.44,212.33,191.12,192.6,8796057828.679,2462849855,2472153314,2192420802,2213987372,-0.012843,0.01,-0.012856,0.003805,-0.006456,0.00657,-0.00736,0.000535,-0.007915,0.006774,-0.008662,0.001744,74.49,25.51,2.92,74.5,25.5,2.92,70.79,29.21,2.42,11329536.2599,1869584.01857,15747478.684377,1959265.407606,37138761.7148,176419.1,29864060.7959,140668.22,37138761.7148,176419.1,29864060.7959,140668.22
2025-09-26,192.6,205.34,190.72,205.01,6268545862.3932,2213987372,2347139315,2172025834,2344307369,0.003805,0.003805,-0.015895,-0.009767,0.000535,0.007031,-0.015634,-0.00968,0.001744,0.005608,-0.013259,-0.010795,77.35,22.65,3.42,79.2,20.8,3.81,74.15,25.85,2.87,1826400.728789,5722772.588053,2647524.476869,6553630.699284,32093856.0874,167449.3,25338989.8099,131059.99,32093856.0874,167449.3,25338989.8099,131059.99
2025-09-27,205,205.3,199.77,203.32,2524889859.4253,2344307369,2344307369,2256756743,2277003732,-0.009767,0.007606,-0.011006,0.002172,-0.00968,0.007133,-0.016249,0.004087,-0.010795,0.007064,-0.016703,0.003842,75.97,24.03,3.16,74.84,25.16,2.98,69.28,30.72,2.26,957944.830735,908485.343893,1170181.18655,973056.121405,35401912.3056,173594.65,35940348.0899,174674.98,35401912.3056,173594.65,35940348.0899,174674.98
2025-09-28,203.33,210.88,197.85,210.7,3241677944.3915,2277003732,2316234822,2204159024,2315771351,0.002172,0.00792,-0.006343,0.004766,0.004087,0.004636,-0.005444,-0.00143,0.003842,0.003844,-0.004202,-0.000701,75.55,24.45,3.09,76.75,23.25,3.3,70.69,29.31,2.41,780650.1528,1842215.708156,901065.942992,2126472.267046,37368091.1293,184495.54,36012457.2573,176344.0,37368091.1293,184495.54,36012457.2573,176344.0
2025-09-29,210.7,214.68,204.46,212.59,4859622888.4911,2315771351,2315771351,2188360105,2246697846,0.004766,0.01,-0.014747,-0.005066,-0.00143,0.00584,-0.007214,-0.002146,-0.000701,0.007162,-0.00592,-0.002575,75.4,24.6,3.07,75.39,24.61,3.06,71.42,28.58,2.5,2155187.799339,3244994.281797,2438458.431739,3494182.328559,30650148.0692,146029.57,51039981.0636,241132.19,30650148.0692,146029.57,51039981.0636,241132.19
2025-09-30,212.59,213.52,204.17,208.6,4584502044.725,2246697846,2271715446,2138658727,2193702475,-0.005066,0.007495,-0.018372,0.007094,-0.002146,0.009269,-0.007525,0.009127,-0.002575,0.008693,-0.008945,0.008645,73.29,26.71,2.74,75.38,24.62,3.06,71.97,28.03,2.57,3437378.179542,1953936.655018,3808833.953263,2242548.310479,38410832.5975,181376.48,32758398.5793,153509.59,38410832.5975,181376.48,32758398.5793,153509.59
2025-10-01,208.61,222.69,206.26,221.91,5335593174.5114,2193702475,2364023161,2177436961,2336234246,0.007094,0.01,-0.004241,0.007943,0.009127,0.009495,-0.007271,0.002259,0.008645,0.0096,-0.00652,0.002725,75.15,24.85,3.02,77.27,22.73,3.4,71.6,28.4,2.52,862185.525596,5296827.763648,897558.745796,5929516.395048,31543460.4684,151759.52,30018852.5443,143322.05,31543460.4684,151759.52,30018852.5443,143322.05
2025-10-02,221.92,234.91,219.38,234.6,5931616000.7438,2336234246,2459803687,2304043999,2443993155,0.007943,0.007943,-0.0107,-0.009937,0.002259,0.005934,-0.011776,-0.007164,0.002725,0.005349,-0.012385,-0.008047,69.06,30.94,2.23,70.87,29.13,2.43,71.9,28.1,2.56,1083775.154731,5525310.60934,1314799.29731,6325165.66856,29974120.4612,135560.19,32281070.9496,144737.53,29974120.4612,135560.19,32281070.9496,144737.53
2025-10-03,234.61,236.88,227,232.74,6276868737.0931,2443993155,2443993155,2314619225,2353901757,-0.009937,0.008226,-0.010209,0.007745,-0.007164,0.009188,-0.007164,0.007832,-0.008047,0.008936,-0.008047,0.007201,67.6,32.4,2.09,70.01,29.99,2.33,71.75,28.25,2.54,2520901.400228,3094781.270797,2962996.831226,3757403.167853,34317988.303,146907.42,36669315.6891,155729.29,34317988.303,146907.42,36669315.6891,155729.29
2025-10-04,232.74,233.98,224,227.72,3389544862.718,2353901757,2367988645,2261883697,2317225714,0.007745,0.01,-0.000018,0.001048,0.007832,0.010005,0.004999,0.007664,0.007201,0.00949,0.002995,0.006094,67.56,32.44,2.08,71.69,28.31,2.53,74.53,25.47,2.93,3187905.094898,647239.874839,3688600.90447,659734.828339,32006337.8307,138073.0,28621790.1949,122424.29,32006337.8307,138073.0,28621790.1949,122424.29
2025-10-05,227.72,237.24,226.38,228.45,5160072792.7179,2317225714,2473190577,2306478914,2388324279,0.001048,0.009302,-0.008103,-0.007269,0.007664,0.008712,0.003716,0.005186,0.006094,0.008378,0.001444,0.002631,67.86,32.14,2.11,72.48,27.52,2.63,73.84,26.16,2.82,2718598.437807,1617060.73115,3064966.332724,2194798.350156,30906201.3099,136250.14,36239976.9968,158414.16,30906201.3099,136250.14,36239976.9968,158414.16
2025-10-06,228.45,237.74,227.4,232.27,5165544757.6765,2388324279,2481599216,2379093453,2453206096,-0.007269,0.009582,-0.007539,0.001768,0.005186,0.009798,0.002601,0.007531,0.002631,0.011056,0.000181,0.007406,69.48,30.52,2.28,71.74,28.26,2.54,69.73,30.27,2.3,1058563.876381,3966689.464196,1229409.740738,4456759.406023,33457897.4638,147083.93,27788425.5401,121150.53,33457897.4638,147083.93,27788425.5401,121150.53
2025-10-07,232.27,235.17,219.57,219.84,6384373288.7581,2453206096,2555661971,2391522680,2392873377,0.001768,0.001914,-0.014376,-0.006781,0.007531,0.008305,0.001585,0.00414,0.007406,0.007406,-0.001259,0.00081,66.79,33.21,2.01,70.19,29.81,2.36,69.04,30.96,2.23,4651491.532864,941010.910928,7059304.96805,1159112.187742,45985517.088,199061.85,29759614.0196,127657.64,45985517.088,199061.85,29759614.0196,127657.64
2025-10-08,219.84,229.69,217.2,228.95,4738884455.3822,2392873377,2488485549,2375090718,2393927566,-0.006781,0.01,-0.00692,0.01,0.00414,0.006155,-0.006051,0.004579,0.00081,0.006002,-0.005248,0.006002,72.64,27.36,2.66,75.62,24.38,3.1,69.04,30.96,2.23,4633153.712164,2908012.309879,4891094.83218,3253178.927318,44829774.3606,204922.16,28742622.8662,130232.63,44829774.3606,204922.16,28742622.8662,130232.63
2025-10-09,228.96,229.61,216.17,220.8,5917804737.6968,2393927566,2397075415,2250696783,2294548409,0.01,0.01,-0.003959,-0.002343,0.004579,0.007462,0.000697,0.006437,0.006002,0.007299,-0.001545,0.00377,70.29,29.71,2.37,72.11,27.89,2.59,70.8,29.2,2.43,5174125.887856,965279.244619,5868356.575983,1055895.28667,36180045.4187,158683.36,47083650.4635,204554.82,36180045.4187,158683.36,47083650.4635,204554.82
2025-10-10,220.81,224.35,141.28,187.65,12328326970.6253,2294548409,2341664559,1426978618,1479100810,-0.002343,0.009341,-0.302761,-0.302761,0.006437,0.009865,-0.487678,-0.375274,0.00377,0.009534,-0.462734,-0.375152,75.34,24.66,3.06,77.62,22.38,3.47,73.09,26.91,2.72,111430016.227971,72785863.657301,129283099.900219,136110911.472253,35924238.1069,163340.68,31352477.6755,141434.07,35924238.1069,163340.68,31352477.6755,141434.07
2025-10-11,187.66,190.64,172.32,177.22,6939307579.1248,1479100810,1709941431,1457435097,1551702513,-0.302761,-0.08048,-0.304605,-0.124596,-0.375274,-0.032573,-0.375274,-0.096641,-0.375152,-0.039527,-0.375152,-0.100071,73.89,26.11,2.83,76.3,23.7,3.22,64.36,35.64,1.81,7181546.035601,5036080.700777,9093400.462943,5205851.306697,6696526.0434,35975.95,3048402.9777,16174.46,6696526.0434,35975.95,3048402.9777,16174.46
2025-10-12,177.23,198.83,172.6,196.88,9428140778.9368,1551702513,1776238652,1510192984,1726249968,-0.124596,-0.056933,-0.152082,-0.060725,-0.096641,-0.030721,-0.123453,-0.044881,-0.100071,-0.034205,-0.124215,-0.046796,78.24,21.76,3.6,78.51,21.49,3.65,66.37,33.63,1.97,8359742.717219,4049214.130719,8909283.013405,8025830.379491,12530289.0507,70962.07,12441290.0117,69949.12,12530289.0507,70962.07,12441290.0117,69949.12
2025-10-13,196.88,209.22,190,208.57,10693271815.1979,1726249968,1810303655,1696164979,1765924840,-0.060725,0.002619,-0.060725,0.000568,-0.044881,0.004983,-0.044881,0.001441,-0.046796,0.004255,-0.046796,0.001154,78.3,21.7,3.61,77.34,22.66,3.41,63.88,36.12,1.77,2931176.292826,3681449.85372,3243262.857937,3989803.134766,19417731.6412,99141.05,20493956.08,103650.55,19417731.6412,99141.05,20493956.08,103650.55
2025-10-14,208.58,211.29,190.95,202.34,10547477729.1263,1765924840,1778676397,1543018482,1600243324,0.000568,0.006925,-0.02818,-0.006187,0.001441,0.01107,-0.011919,0.002382,0.001154,0.008449,-0.014857,0.00076,73.34,26.66,2.75,74.76,25.24,2.96,65.07,34.93,1.86,5815995.853314,2735799.895878,6658255.560916,3443160.218787,22801176.7889,109787.11,36438493.5169,173797.29,22801176.7889,109787.11,36438493.5169,173797.29
2025-10-15,202.35,208.85,191.91,193.73,6036501652.0153,1600243324,1620603877,1471185211,1491695515,-0.006187,0.006554,-0.006784,-0.006784,0.002382,0.007251,-0.005859,0.000033,0.00076,0.006987,-0.002734,-0.002011,76.88,23.12,3.33,78.32,21.68,3.61,68.42,31.58,2.17,7681306.771115,1815750.264393,8536836.956785,1962365.220638,21821503.0595,108325.32,27498172.3574,135242.8,21821503.0595,108325.32,27498172.3574,135242.8
2025-10-16,193.73,198.34,181.93,184.76,6606412445.493,1491695515,1550536262,1391127341,1402490736,-0.006784,-0.001357,-0.009708,-0.003047,0.000033,0.003091,-0.011789,0.003091,-0.002011,0.000921,-0.010099,0.000763,78.27,21.73,3.6,79.22,20.78,3.81,68.58,31.42,2.18,4910868.892456,2438704.718813,7303149.351687,2584770.168548,30417951.0285,157891.28,25356106.2307,130316.53,30417951.0285,157891.28,25356106.2307,130316.53
2025-10-17,184.76,187.43,174,181.89,6908507444.9832,1402490736,1424687146,1324575497,1325968209,-0.003047,0.01,-0.009803,-0.008545,0.003091,0.009817,-0.002772,-0.001354,0.000763,0.008536,-0.003843,-0.003481,80.41,19.59,4.11,81.32,18.68,4.35,68.88,31.12,2.21,5084947.389517,3176877.517834,6388596.019283,3503581.032846,17680839.1273,96108.18,17234106.5775,92960.93,17680839.1273,96108.18,17234106.5775,92960.93
2025-10-18,181.89,188.21,181.66,187.47,2460178940.0287,1325968209,1369562572,1299874656,1325192121,-0.008545,0.01,-0.008545,0.01,-0.001354,0.009118,-0.007317,0.008475,-0.003481,0.009339,-0.014311,0.009005,78.77,21.23,3.71,79.94,20.06,3.99,67.34,32.66,2.06,696102.359333,741965.906479,928607.440723,894669.193463,21279329.3519,117485.89,19617977.1559,107460.36,21279329.3519,117485.89,19617977.1559,107460.36
2025-10-19,187.47,192.15,183.06,187.78,3220870292.8992,1325192121,1377853890,1291217560,1355644516,0.01,0.01,-0.011687,-0.008604,0.008475,0.009478,-0.016282,-0.001974,0.009005,0.009714,-0.014178,-0.00332,76.68,23.32,3.29,78.44,21.56,3.64,68.16,31.84,2.14,1037290.217504,2759695.069007,1183194.288475,3129644.687199,19467928.4445,104316.07,20299907.0204,107872.19,19467928.4445,104316.07,20299907.0204,107872.19
2025-10-20,187.77,194.44,183.68,189.63,4187940758.9073,1355644516,1388670502,1317379516,1349171213,-0.008604,0.00579,-0.009147,-0.000342,-0.001974,0.006449,-0.014181,0.005699,-0.00332,0.005941,-0.015999,0.00391,77.87,22.13,3.52,79.23,20.77,3.82,65.75,34.25,1.92,2620533.657378,998605.799176,3314593.414708,1162642.823458,20441209.7947,109423.73,19785516.882,104997.61,20441209.7947,109423.73,19785516.882,104997.61
2025-10-21,189.63,197.69,182.65,185.54,5671467192.6532,1349171213,1437874657,1319391138,1320762741,-0.000342,0.01,-0.012449,0.01,0.005699,0.008989,-0.016642,0.007996,0.00391,0.009227,-0.0194,0.00851,77.78,22.22,3.5,79.14,20.86,3.79,67.66,32.34,2.09,4257194.799704,2730945.079392,5190283.133825,3350358.262397,22295897.5994,118080.86,20255895.0723,106377.2,22295897.5994,118080.86,20255895.0723,106377.2
2025-10-22,185.53,187.36,176.85,180.01,5150587727.2201,1320762741,1384706084,1241044570,1273128503,0.01,0.01,-0.013988,-0.003149,0.007996,0.007996,-0.006505,-0.001503,0.00851,0.00851,-0.00883,-0.003552,75.89,24.11,3.15,78.64,21.36,3.68,68.97,31.03,2.22,4281452.77385,705393.51025,5105378.444406,789019.420409,30183179.2757,163531.79,17570192.5282,94368.49,30183179.2757,163531.79,17570192.5282,94368.49
2025-10-23,180,193.44,179.54,191.27,4284380132.243,1273128503,1394621447,1269517346,1392066941,-0.003149,0.01,-0.010763,0.01,-0.001503,0.008659,-0.007422,0.005583,-0.003552,0.008358,-0.008503,0.006205,80.56,19.44,4.14,81.45,18.55,4.39,71.52,28.48,2.51,988151.904371,1520423.90109,1180406.177008,1959989.283842,22916506.4274,127902.12,19695677.0117,109008.11,22916506.4274,127902.12,19695677.0117,109008.11
2025-10-24,191.27,196.8,188.66,193.5,3668732529.2039,1392066941,1413627994,1368246743,1407843319,0.01,0.01,-0.001029,0.01,0.005583,0.007448,-0.004678,0.005714,0.006205,0.00678,-0.004727,0.006142,70.73,29.27,2.42,73.39,26.61,2.76,71.61,28.39,2.52,2347284.130166,1530323.569344,2454309.068665,1840258.05546,26039112.5514,136712.94,23267011.9451,121141.05,26039112.5514,136712.94,23267011.9451,121141.05
2025-10-25,193.49,195.18,191,193.72,1781564229.2,1407843319,1432690219,1399253064,1416348593,0.01,0.01,0.004016,0.006688,0.005714,0.009,0.00269,0.005064,0.006142,0.008812,0.004749,0.00527,70.13,29.87,2.35,74.08,25.92,2.86,69.96,30.04,2.33,443885.89169,463060.623675,554884.647724,567812.188884,19647582.4111,102041.12,25957975.5654,133588.29,19647582.4111,102041.12,25957975.5654,133588.29
2025-10-26,193.71,202.55,191.75,199.93,2931586725.0892,1416348593,1505227110,1396120633,1485557151,0.006688,0.01,0.004122,0.01,0.005064,0.009592,-0.003236,0.009548,0.00527,0.009246,0.000144,0.009221,69.57,30.43,2.29,73.95,26.05,2.84,68.17,31.83,2.14,937177.535432,2301020.995268,1092583.34958,2564069.502452,23850968.4189,123695.19,25859568.9333,132854.77,23850968.4189,123695.19,25859568.9333,132854.77
2025-10-27,199.92,205.3,197.23,198.61,3929419835.5148,1485557151,1514091435,1456705991,1469223027,0.01,0.01,-0.000126,0.001834,0.009548,0.01021,0.001845,0.007133,0.009221,0.009978,0.004638,0.005842,69.69,30.31,2.3,72.72,27.28,2.67,68.1,31.9,2.14,2435661.255489,2280055.485327,2832793.447956,2579188.917143,23471020.8097,117860.15,30907969.1429,153917.52,23471020.8097,117860.15,30907969.1429,153917.52
2025-10-28,198.6,203.89,190.02,194.05,5724097207.876,1469223027,1565154913,1450040843,1493156943,0.001834,0.009894,-0.014014,-0.013859,0.007133,0.009098,-0.001142,-0.000003,0.005842,0.008185,-0.004464,-0.003965,69.87,30.13,2.32,73.92,26.08,2.83,70.58,29.42,2.4,4498605.001166,810704.323152,5430754.70136,884229.540427,35980315.9957,182185.39,21528615.2298,107959.94,35980315.9957,182185.39,21528615.2298,107959.94
2025-10-29,194.04,201.66,188.88,193.81,5868749566.7248,1493156943,1585065282,1490025152,1549695207,-0.013859,0.009192,-0.01553,0.000071,-0.000003,0.009363,-0.007061,0.004598,-0.003965,0.009202,-0.008526,0.002182,75.73,24.27,3.12,78.41,21.59,3.63,68.05,31.95,2.13,2753373.306598,1660419.17011,4041220.855453,1761527.845655,25452425.2504,131764.51,24354239.6835,125007.03,25452425.2504,131764.51,24354239.6835,125007.03
2025-10-30,193.8,198.1,178.5,184.55,6883297841.7678,1549695207,1595799267,1462435708,1504696844,0.000071,0.00587,-0.022026,-0.022026,0.004598,0.008655,-0.016476,-0.010762,0.002182,0.008082,-0.016083,-0.016083,75.75,24.25,3.12,78.12,21.88,3.57,65.52,34.48,1.9,6497079.153199,1008559.086415,11166064.408349,1115203.832714,23053024.5491,119448.82,24794544.9726,127413.06,23053024.5491,119448.82,24794544.9726,127413.06
2025-10-31,184.55,190.26,183.57,187.13,3997180808.4198,1504696844,1532454624,1445176799,1468840035,-0.022026,0.000242,-0.023483,0.000095,-0.010762,0.004376,-0.017215,0.001798,-0.016083,0.00087,-0.020002,-0.000789,82.46,17.54,4.7,83.35,16.65,5.01,65.5,34.5,1.9,1665647.193431,2267411.614567,1753556.351763,2410998.627337,20361716.1941,110797.77,20186409.3195,108964.63,20361716.1941,110797.77,20186409.3195,108964.63
2025-11-01,187.12,187.47,183.58,186.29,1749118818.445,1468840035,1499390024,1456928626,1485216178,0.000095,0.005263,-0.006964,0.005263,0.001798,0.00643,-0.00547,0.00643,-0.000789,0.006354,-0.003193,0.006354,79.63,20.37,3.91,80.65,19.35,4.17,66.23,33.77,1.96,1162712.699862,284749.396776,1328705.305946,297069.605376,21003687.6678,112701.0,22251188.114,118378.07,21003687.6678,112701.0,22251188.114,118378.07
2025-11-02,186.28,188.27,181.91,187.65,2498279738.7594,1485216178,1531175889,1473107037,1525785047,0.005263,0.005267,-0.010044,0.002774,0.00643,0.008464,-0.00362,0.006009,0.006354,0.007933,-0.005506,0.005351,80.04,19.96,4.01,81.08,18.92,4.29,66.95,33.05,2.03,1576003.162087,746731.371687,1793941.026613,797876.415154,21443479.4293,115646.98,24818235.6751,132690.54,21443479.4293,115646.98,24818235.6751,132690.54
2025-11-03,187.64,189.1,163.12,165.95,7084336701.5719,1525785047,1581668020,1377618260,1394795127,0.002774,0.01,-0.021746,-0.005015,0.006009,0.009779,-0.022022,-0.007971,0.005351,0.009576,-0.017025,-0.008222,80.27,19.73,4.07,80.9,19.1,4.24,66.1,33.9,1.95,7072324.315397,1184732.500139,9690307.809107,1263134.597477,19201971.3495,102739.35,26286499.4647,139427.69,19201971.3495,102739.35,26286499.4647,139427.69
2025-11-04,165.96,168.28,145.67,154.94,8721830498.5468,1394795127,1421911275,1174233579,1241472105,-0.005015,0.005856,-0.02245,0.003366,-0.007971,0.006307,-0.01413,0.004009,-0.008222,0.00591,-0.014977,0.003801,81.67,18.33,4.46,83.15,16.85,4.94,65.91,34.09,1.93,9247334.340853,4071285.332109,12540278.355136,4472620.049789,19089284.0328,115524.1,18159070.8216,108942.69,19089284.0328,115524.1,18159070.8216,108942.69
2025-11-05,154.95,163.88,147.2,162.28,4680194068.6515,1241472105,1353143843,1176622951,1322716040,0.003366,0.008148,-0.025632,-0.010481,0.004009,0.008328,-0.025269,-0.009501,0.003801,0.008033,-0.026387,-0.009519,80.07,19.93,4.02,82.14,17.86,4.6,65.03,34.97,1.86,4932292.045838,2738636.713358,5211130.454768,2974139.045754,16396179.0554,106304.29,19556249.5883,125652.58,16396179.0554,106304.29,19556249.5883,125652.58
2025-11-06,162.29,162.87,153.34,155.2,3634170677.4919,1322716040,1333866344,1252031709,1268590802,-0.010481,0.009961,-0.010481,-0.001978,-0.009501,0.007928,-0.009501,-0.00098,-0.009519,0.008278,-0.009519,-0.001202,80.16,19.84,4.04,80.49,19.51,4.13,62.29,37.71,1.65,3408010.661109,992364.801173,3996080.80001,1088206.22978,17651460.2732,109244.94,19671863.9408,120657.87,17651460.2732,109244.94,19671863.9408,120657.87
2025-11-07,155.2,164.4,149.69,161.72,4223558122.9821,1268590802,1292114964,1226027176,1275744664,-0.001978,0.008925,-0.007379,0.008925,-0.00098,0.00477,-0.012265,0.002208,-0.001202,0.004384,-0.007659,0.004384,80.48,19.52,4.12,82.5,17.5,4.71,65.65,34.35,1.91,2725157.562185,2897661.445995,3228859.309861,3314654.306058,15428241.2353,99887.18,18095752.4382,116128.33,15428241.2353,99887.18,18095752.4382,116128.33
2025-11-08,161.72,164.82,155.7,157.94,2216747305.9142,1275744664,1297215960,1231054522,1238607678,0.008925,0.01,-0.010406,-0.009562,0.002208,0.007616,-0.011298,-0.007676,0.004384,0.008223,-0.009205,-0.00866,79.23,20.77,3.82,80.49,19.51,4.13,65.73,34.27,1.92,3094309.869579,583401.289324,3360015.72341,607821.597903,19445407.9205,120768.55,20811014.2902,128044.05,19445407.9205,120768.55,20811014.2902,128044.05
2025-11-09,157.94,166.55,155.01,164.45,2835487389.7021,1238607678,1345014199,1225317152,1308835282,-0.009562,0.01,-0.009562,0.01,-0.007676,0.008153,-0.008191,0.007487,-0.00866,0.008128,-0.00866,0.007948,81.08,18.92,4.29,82.5,17.5,4.71,64.5,35.5,1.82,1356112.229004,1606397.574877,1476888.555482,2232321.332573,16690897.6951,106166.61,18522045.6885,116781.2,16690897.6951,106166.61,18522045.6885,116781.2
2025-11-10,164.46,170.4,163.35,167.24,3224510632.4181,1308835282,1356060112,1299741552,1328907130,0.01,0.01,-0.012063,-0.004539,0.007487,0.008873,-0.007082,-0.00074,0.007948,0.008916,-0.006956,-0.001437,78.86,21.14,3.73,80.15,19.85,4.04,64.87,35.13,1.85,1800229.835029,1648139.358866,1897282.073344,1774378.35404,16633807.5434,101599.28,15678581.7523,94919.45,16633807.5434,101599.28,15678581.7523,94919.45
2025-11-11,167.24,171.87,153.8,154.5,4148127843.431,1328907130,1378916017,1233829654,1239266606,-0.004539,0.005248,-0.02102,-0.001886,-0.00074,0.00697,-0.00728,-0.000438,-0.001437,0.006554,-0.009226,-0.000921,78.16,21.84,3.58,79.8,20.2,3.95,63.78,36.22,1.76,5234577.944864,750861.693966,6884624.968262,811138.984381,17440701.8099,104745.92,21205803.5556,126230.57,17440701.8099,104745.92,21205803.5556,126230.57
2025-11-12,154.51,161,151.06,153.32,4081592897.0099,1239266606,1348978520,1221727154,1226410122,-0.001886,-0.001633,-0.022268,-0.008193,-0.000438,0.004117,-0.015397,-0.004306,-0.000921,0.00454,-0.017605,-0.006763,80.75,19.25,4.2,82.57,17.43,4.74,62.39,37.61,1.66,2163997.480919,1094280.404449,4132499.409466,1203960.94186,20923597.0347,136090.05,25199447.076,162432.66,20923597.0347,136090.05,25199447.076,162432.66
2025-11-13,153.32,157.159,140.94,144.62,5372941319.9273,1226410122,1286357112,1158928320,1229542814,-0.008193,0.004533,-0.018977,-0.018977,-0.004306,0.006965,-0.01055,-0.010549,-0.006763,0.005946,-0.016516,-0.016516,81.69,18.31,4.46,82.0,18.0,4.56,61.24,38.76,1.58,6549719.805218,1399659.959425,9260887.142741,1546680.837329,17264455.3234,113149.61,17805967.4618,115652.61,17264455.3234,113149.61,17805967.4618,115652.61
2025-11-14,144.63,145.6,135.67,138.83,5356400051.7106,1229542814,1238123025,1088217170,1101521762,-0.018977,0.01,-0.024356,0.01,-0.010549,0.010066,-0.0172,0.009568,-0.016516,0.009912,-0.020505,0.009184,83.44,16.56,5.04,84.18,15.82,5.32,62.08,37.92,1.64,4828668.906942,3016022.910597,7227342.019174,3410076.424521,17784881.4779,123525.16,17660302.9901,121627.9,17784881.4779,123525.16,17660302.9901,121627.9
2025-11-15,138.84,144.64,138.51,139.55,1949402281.7004,1101521762,1176512860,1101521762,1117555436,0.01,0.01,-0.002078,0.004071,0.009568,0.009794,-0.003306,0.004327,0.009184,0.009713,-0.000402,0.003611,81.76,18.24,4.48,83.4,16.6,5.02,62.6,37.4,1.67,1645216.93465,528500.65553,1839770.294949,746041.752587,17784881.4779,123525.16,17660302.9901,121627.9,17784881.4779,123525.16,17660302.9901,121627.9
2025-11-16,139.54,143.33,134.3,137.12,3137837343.5207,1117555436,1156166220,1101347617,1131544777,0.004071,0.01,-0.003461,0.01,0.004327,0.008276,-0.009633,0.008276,0.003611,0.008654,-0.004486,0.008654,82.54,17.46,4.73,83.23,16.77,4.96,63.19,36.81,1.72,3468182.418246,638738.491533,4056583.451435,765075.023539,15124302.0635,108907.35,16510018.3874,117824.19,15124302.0635,108907.35,16510018.3874,117824.19
2025-11-17,137.12,143.3,128.7,130.9,4908353430.7412,1131544777,1180902653,1096653768,1176652211,0.01,0.01,-0.004335,0.002108,0.008276,0.010021,-0.004375,0.000126,0.008654,0.010011,-0.005171,-0.000457,83.0,17.0,4.88,84.09,15.91,5.29,63.7,36.3,1.76,4698652.244766,3555993.858387,6933714.806435,3646913.302857,18616024.7534,136386.57,17079629.2586,124010.63,18616024.7534,136386.57,17079629.2586,124010.63
2025-11-18,130.9,142.08,128.9,140.61,4814660747.9668,1176652211,1242256178,1173080083,1188797019,0.002108,0.01,0.001792,0.002849,0.000126,0.009951,-0.001224,-0.000574,-0.000457,0.009608,-0.000457,0.002193,84.41,15.59,5.41,85.25,14.75,5.78,65.37,34.63,1.89,1476860.601491,2418304.576866,1812133.943303,2767900.162144,20672441.031,158605.21,19583067.7716,148939.97,20672441.031,158605.21,19583067.7716,148939.97
2025-11-19,140.61,142.75,130.44,136.96,4084194006.7808,1188797019,1215764377,1107189687,1141242778,0.002849,0.01,-0.01013,-0.01013,-0.000574,0.00844,-0.009677,-0.00672,0.002193,0.009295,-0.008182,-0.00815,76.89,23.11,3.33,79.0,21.0,3.76,63.5,36.5,1.74,4959291.789996,862925.556696,6192724.380205,957975.339867,20010218.5243,142928.66,19529676.3243,138285.33,20010218.5243,142928.66,19529676.3243,138285.33
2025-11-20,136.95,144.78,131.03,133.6,5902167363.0298,1141242778,1291919574,1099697926,1125974894,-0.01013,0.01,-0.013206,-0.009397,-0.00672,0.010029,-0.007751,-0.003885,-0.00815,0.010029,-0.009319,-0.006549,83.56,16.44,5.08,85.5,14.5,5.9,67.17,32.83,2.05,3554109.60145,2795229.933171,4549823.066929,3304898.432338,18833571.6256,138107.98,18719020.0162,136066.26,18833571.6256,138107.98,18719020.0162,136066.26
2025-11-21,133.61,134.99,121.02,128.61,7486355202.3347,1125974894,1137015668,1035239993,1065595525,-0.009397,0.01,-0.01495,-0.005419,-0.003885,0.007531,-0.017326,-0.005911,-0.006549,0.00822,-0.014379,-0.004923,84.62,15.38,5.5,85.99,14.01,6.14,66.26,33.74,1.96,8996028.683581,2018007.33785,11349409.50106,2376610.914972,21411769.7456,160987.61,18783205.0062,140047.45,21411769.7456,160987.61,18783205.0062,140047.45
2025-11-22,128.6,129.87,125,127.5,2417872706.2821,1065595525,1078532043,1022599182,1033863210,-0.005419,0.005174,-0.010864,0.004311,-0.005911,0.002183,-0.01272,0.0008,-0.004923,0.003339,-0.011087,0.002182,81.37,18.63,4.37,83.33,16.67,5.0,65.17,34.83,1.87,1428209.765623,769949.220543,1512000.943685,881963.177946,19575384.1187,152755.65,19627464.0715,151936.92,19575384.1187,152755.65,19627464.0715,151936.92
2025-11-23,127.5,133.5,127.48,130.51,2595897474.6306,1033863210,1090453644,1025264283,1061126265,0.004311,0.007393,-0.010812,0.001449,0.0008,0.003334,-0.013521,-0.00487,0.002182,0.002877,-0.011709,-0.001814,81.11,18.89,4.29,83.2,16.8,4.95,65.84,34.16,1.93,1188008.190972,1214825.939174,1236901.278982,1395471.947017,17409251.6043,137138.19,16486877.7101,128752.14,17409251.6043,137138.19,16486877.7101,128752.14
2025-11-24,130.52,139.78,128.34,138.38,4169603169.2298,1061126265,1113201265,1029677341,1090457306,0.001449,0.01,-0.005864,-0.004945,-0.00487,0.006812,-0.023979,-0.00649,-0.001814,0.007085,-0.010074,-0.005577,80.56,19.44,4.14,81.92,18.08,4.53,65.31,34.69,1.88,1852893.62933,2097019.807815,2155530.028216,2438239.448986,22986573.5637,176905.19,16577152.7464,126448.84,22986573.5637,176905.19,16577152.7464,126448.84
2025-11-25,138.38,140.45,133,138.9,3227343817.1935,1090457306,1101456498,1028525889,1070978313,-0.004945,0.009663,-0.020066,-0.000775,-0.00649,0.007589,-0.012477,0.000332,-0.005577,0.007269,-0.014365,0.000054,76.96,23.04,3.34,78.88,21.12,3.74,66.5,33.5,1.99,1820475.142307,1564543.779212,2022417.49729,1840972.00068,29714563.4768,215934.7,18633152.7665,134101.33,29714563.4768,215934.7,18633152.7665,134101.33
2025-11-26,138.9,144.7,135.42,142.95,4059130503.8757,1070978313,1163854335,1017565657,1131935458,-0.000775,0.01,-0.009957,0.00886,0.000332,0.007475,-0.00377,0.001953,0.000054,0.008007,-0.006713,0.005323,78.09,21.91,3.56,80.82,19.18,4.21,68.23,31.77,2.15,789110.31257,3633148.046213,872813.293365,4247477.318462,19844187.8759,143379.39,17914373.1218,128354.15,19844187.8759,143379.39,17914373.1218,128354.15
2025-11-27,142.95,144.22,140.34,140.77,2025202102.5851,1131935458,1154554444,1042472996,1046242330,0.00886,0.00886,-0.008795,-0.00646,0.001953,0.005053,-0.011536,-0.002522,0.005323,0.005323,-0.007262,-0.003913,73.91,26.09,2.83,77.24,22.76,3.39,68.15,31.85,2.14,984583.475785,809448.02882,1049107.839069,852389.640894,23676568.4654,166400.53,20953870.6911,145943.16,23676568.4654,166400.53,20953870.6911,145943.16
2025-11-28,140.77,143.56,135.87,137.28,2972841813.0533,1046242330,1075063088,1002882181,1025892450,-0.00646,0.0071,-0.015786,-0.008384,-0.002522,0.007019,-0.011221,-0.003516,-0.003913,0.005961,-0.013122,-0.005796,76.41,23.59,3.24,79.81,20.19,3.95,68.02,31.98,2.13,2691094.573911,751654.157101,3070926.901905,843246.832615,25105638.1457,179116.15,23542159.9451,166555.23,25105638.1457,179116.15,23542159.9451,166555.23
2025-11-29,137.27,137.99,134.61,135.84,1292116953.7699,1025892450,1031675189,993121732,1001571609,-0.008384,0.01,-0.008486,0.007173,-0.003516,0.009712,-0.003516,0.004628,-0.005796,0.009565,-0.005796,0.00569,79.79,20.21,3.95,82.08,17.92,4.58,65.28,34.72,1.88,934100.889668,351613.59448,1424592.552972,361553.17588,24684933.1337,180734.49,18827814.5915,136599.3,24684933.1337,180734.49,18827814.5915,136599.3
2025-11-30,135.85,140.15,133.16,133.38,1881167686.4416,1001571609,1051016734,985615391,987745032,0.007173,0.01,0.001645,0.01,0.004628,0.009624,-0.00558,0.006584,0.00569,0.00962,-0.001652,0.007756,79.17,20.83,3.8,81.12,18.88,4.3,65.78,34.22,1.92,2183325.744287,555483.89785,2561912.749127,752023.290366,20925624.675,154739.69,18956535.74,138944.2,20925624.675,154739.69,18956535.74,138944.2
2025-12-01,133.37,133.66,123.05,126.57,3970268405.4906,987745032,994110786,918865938,972915827,0.01,0.01,-0.015689,-0.00608,0.006584,0.009512,-0.015755,-0.000152,0.007756,0.009228,-0.012345,-0.003221,79.86,20.14,3.97,81.71,18.29,4.47,65.61,34.39,1.91,4643163.73304,1170389.755683,6096157.383015,1261818.577518,22208127.5861,167324.95,20287441.4362,151519.97,22208127.5861,167324.95,20287441.4362,151519.97
2025-12-02,126.57,141.5,125.89,138.65,4037915436.7817,972915827,1107502710,944673965,1100296979,-0.00608,0.01,-0.010611,0.01,-0.000152,0.009178,-0.014882,0.00859,-0.003221,0.009278,-0.012042,0.008838,81.22,18.78,4.33,82.34,17.66,4.66,64.97,35.03,1.86,653337.137454,2536486.703145,674443.841354,2964638.159872,20311551.3563,161154.93,18337436.7111,144219.68,20311551.3563,161154.93,18337436.7111,144219.68
2025-12-03,138.65,146.04,137.71,144.62,3750878397.6837,1100296979,1162372459,1091497282,1146808494,0.01,0.01,0.003496,0.01,0.00859,0.008879,-0.002798,0.008557,0.008838,0.009202,0.002612,0.008895,71.61,28.39,2.52,74.22,25.78,2.88,66.01,33.99,1.94,1312687.131677,2597119.092118,1386920.489347,3087103.323621,22353243.0619,161942.43,19635774.4273,140976.16,22353243.0619,161942.43,19635774.4273,140976.16
2025-12-04,144.62,146.87,137.7,138.96,2839951124.266,1146808494,1177096405,1109921875,1123576267,0.01,0.01,0.001678,0.002583,0.008557,0.008922,-0.00788,0.002116,0.008895,0.00931,-0.00011,0.0024,72.85,27.15,2.68,76.08,23.92,3.18,66.19,33.81,1.96,2108110.575404,544162.265036,2679846.023628,642362.557768,20480925.8901,142204.06,19245652.8726,132452.67,20480925.8901,142204.06,19245652.8726,132452.67
2025-12-05,138.95,140.72,130.5,133.22,3153706528.835,1123576267,1158911403,1086853429,1096711573,0.002583,0.01,-0.004418,-0.002519,0.002116,0.007223,-0.005949,-0.001046,0.0024,0.007919,-0.003241,-0.001331,72.35,27.65,2.62,77.26,22.74,3.4,69.2,30.8,2.25,2990905.359581,1108318.653895,3586825.240144,1151282.714651,23541934.5019,170148.77,19072835.5072,136704.21,23541934.5019,170148.77,19072835.5072,136704.21
2025-12-06,133.22,134.07,131.22,132.14,1239623887.2713,1096711573,1104981838,1079780640,1088536702,-0.002519,0.005915,-0.003605,0.005018,-0.001046,0.004927,-0.006061,-0.000914,-0.001331,0.003173,-0.004287,0.000514,77.83,22.17,3.51,80.78,19.22,4.2,68.36,31.64,2.16,792340.993978,285494.056,907207.343609,318436.0839,22930117.7388,172909.12,20495246.3695,153208.83,22930117.7388,172909.12,20495246.3695,153208.83
2025-12-07,132.13,136.33,127.55,132.16,2661171324.4885,1088536702,1108940961,1033257956,1058566888,0.005018,0.005211,-0.009579,-0.004676,-0.000914,0.005857,-0.017591,-0.004085,0.000514,0.005239,-0.011836,-0.003327,78.45,21.55,3.64,80.63,19.37,4.16,68.31,31.69,2.16,5186171.562915,1048581.210262,5609392.809185,1193166.470222,21528170.4622,163685.0,19382432.0705,146007.17,21528170.4622,163685.0,19382432.0705,146007.17
2025-12-08,132.17,139.3,131.41,133.19,3213490314.3589,1058566888,1134565529,1042513500,1052287492,-0.004676,0.01,-0.005809,-0.004393,-0.004085,0.008327,-0.006228,-0.003461,-0.003327,0.008728,-0.005884,-0.003811,79.87,20.13,3.97,81.44,18.56,4.39,66.1,33.9,1.95,1133810.128233,1216561.448763,1370000.419252,1565119.82214,19756114.542,150099.39,19081665.9437,143791.71,19756114.542,150099.39,19081665.9437,143791.71
2025-12-09,133.18,144.9,131.52,137.82,3949729031.3505,1052287492,1156965350,1039974414,1085144368,-0.004393,0.01,-0.004393,0.01,-0.003461,0.007612,-0.004483,0.003887,-0.003811,0.008462,-0.004702,0.00645,79.31,20.69,3.83,81.59,18.41,4.43,67.5,32.5,2.08,2497504.168758,1952889.116059,2889174.479011,2251683.483422,22672153.9434,171024.66,18802446.8249,140582.77,22672153.9434,171024.66,18802446.8249,140582.77
2025-12-10,137.82,142.57,135.26,136.18,3876894760.1447,1085144368,1101246815,1030742927,1037674652,0.01,0.01,-0.000779,0.000991,0.003887,0.005751,-0.000737,-0.000737,0.00645,0.006461,-0.001492,-0.000951,72.26,27.74,2.61,75.62,24.38,3.1,69.03,30.97,2.23,1545565.314359,1025377.412469,2267556.646842,1175105.8525,21370664.1989,155834.99,18683455.3793,134994.46,21370664.1989,155834.99,18683455.3793,134994.46
2025-12-11,136.18,137.76,128.91,136.36,3607385527.9571,1037674652,1061047276,988668165,1018585161,0.000991,0.009369,-0.018763,0.009369,-0.000737,0.005751,-0.015775,0.005751,-0.000951,0.006092,-0.014428,0.006092,77.72,22.28,3.49,80.54,19.46,4.14,68.84,31.16,2.21,4234465.204668,1329635.57577,4631383.264183,1711473.373583,23719990.487,175045.38,18872772.6918,138056.43,23719990.487,175045.38,18872772.6918,138056.43
2025-12-12,136.36,140.09,130.24,132.19,3523509576.6114,1018585161,1078299396,1011454434,1015620249,0.009369,0.01,-0.009281,-0.0077,0.005751,0.009962,-0.00734,-0.005701,0.006092,0.01,-0.007027,-0.005513,76.92,23.08,3.33,78.27,21.73,3.6,67.39,32.61,2.07,6507400.025125,1360207.159054,7064709.191959,1553469.194414,20676391.2395,152306.09,17545813.3189,128127.07,20676391.2395,152306.09,17545813.3189,128127.07
2025-12-13,132.2,134.2,131.51,133.04,1065340035.8301,1015620249,1034933115,998644139,1006375907,-0.0077,0.004051,-0.009828,-0.001412,-0.005701,0.007397,-0.007461,0.003759,-0.005513,0.006171,-0.006534,0.001731,80.02,19.98,4.01,80.88,19.12,4.23,68.76,31.24,2.2,473102.14068,302343.050248,526145.958444,314207.691048,22123060.3829,168053.55,18780447.7452,141375.6,22123060.3829,168053.55,18780447.7452,141375.6
2025-12-14,133.04,133.58,127.73,129.31,1745136164.9859,1006375907,1014121439,967622108,985449609,-0.001412,-0.001412,-0.013508,-0.009823,0.003759,0.003759,-0.007362,-0.003654,0.001731,0.001731,-0.009101,-0.005529,78.98,21.02,3.76,78.97,21.03,3.76,68.86,31.14,2.21,2448213.029852,171228.62841,2764812.08031,176370.18711,19867531.8263,149953.46,20998099.118,157163.27,19867531.8263,149953.46,20998099.118,157163.27
2025-12-15,129.3,135.4,123.53,127.73,3857757388.0702,985449609,1039633855,959434368,1027377488,-0.009823,0.01,-0.01313,-0.012938,-0.003654,0.007696,-0.011308,-0.007624,-0.005529,0.00881,-0.011556,-0.009472,80.77,19.23,4.2,81.93,18.07,4.53,66.02,33.98,1.94,7556479.218629,1420140.984029,8626421.676949,1531784.104526,16606126.6449,129010.8,17540934.9621,135148.39,16606126.6449,129010.8,17540934.9621,135148.39
2025-12-16,127.72,130.1,124.76,129.09,2878951841.5129,1027377488,1030499101,958551478,979613605,-0.012938,0.008489,-0.014114,0.003672,-0.007624,0.004992,-0.012125,0.003946,-0.009472,0.006266,-0.010171,0.003653,83.61,16.39,5.1,83.06,16.94,4.9,65.08,34.92,1.86,1709923.843639,2157269.403908,1923886.364724,2265730.235606,21158156.371,166427.45,22943333.397,178953.21,21158156.371,166427.45,22943333.397,178953.21
2025-12-17,129.09,133.96,121.24,123.17,4460968574.801,979613605,1048294667,952365176,1014362174,0.003672,0.006389,-0.017816,-0.017388,0.003946,0.007481,-0.012201,-0.007563,0.003653,0.006437,-0.011461,-0.010143,80.81,19.19,4.21,80.75,19.25,4.2,64.41,35.59,1.81,4548184.061508,5074335.368917,5285890.023583,5487495.589899,20142075.6959,156715.95,27158331.9292,209416.06,20142075.6959,156715.95,27158331.9292,209416.06
2025-12-18,123.17,129,116.71,119.54,4749816184.0129,1014362174,1037818047,950304186,980898382,-0.017388,0.01,-0.017388,-0.003311,-0.007563,0.005713,-0.012394,-0.006253,-0.010143,0.006433,-0.010642,-0.005601,83.38,16.62,5.02,83.39,16.61,5.02,64.29,35.71,1.8,2602826.775208,1763961.270917,3917210.847319,1863550.551111,20031694.5769,163356.79,20020624.1083,161811.45,20031694.5769,163356.79,20020624.1083,161811.45
2025-12-19,119.55,127.86,117.55,126.22,3599753297.0356,980898382,1023914977,954199695,1006839315,-0.003311,0.01,-0.003325,0.01,-0.006253,0.009145,-0.008423,0.00568,-0.005601,0.009182,-0.006277,0.007136,82.11,17.89,4.59,82.65,17.35,4.76,66.32,33.68,1.97,870772.792479,2191593.289105,910591.347715,2667557.487067,23749384.1309,199555.22,21476940.4544,178794.46,23749384.1309,199555.22,21476940.4544,178794.46
2025-12-20,126.23,126.87,125.2,125.74,856771764.9505,999014856,1016918411,992897798,994019592,0.01,0.01,0.005383,0.008036,0.003419,0.009585,0.000798,0.006988,0.006152,0.00971,0.00249,0.007489,71.15,28.85,2.47,72.75,27.25,2.67,66.16,33.84,1.96,208720.307456,94467.709,223045.037491,99093.4313,24367868.8715,194012.78,17993559.8898,141938.66,24367868.8715,194012.78,17993559.8898,141938.66
2025-12-21,125.75,126.56,123.3,125.96,1634258779.9937,994019592,994019592,994019592,994019592,0.008036,0.01,-0.002346,0.003534,0.006988,0.009226,-0.003977,0.00014,0.007489,0.009469,-0.002373,0.00199,72.96,27.04,2.7,75.53,24.47,3.09,67.91,32.09,2.12,934850.702392,445459.192914,971533.799942,476140.80842,23102875.8724,184536.62,21250446.7846,168178.19,23102875.8724,184536.62,21250446.7846,168178.19
2025-12-22,125.97,128.74,124.11,125.87,2891011981.1208,1013338444,1052199883,995452689,1029440073,0.003534,0.008733,-0.006192,-0.006192,0.00014,0.008028,-0.004322,-0.003528,0.00199,0.007156,-0.005023,-0.004901,75.09,24.91,3.01,76.97,23.03,3.34,66.34,33.66,1.97,1002364.503851,998253.686731,1112810.010236,1114266.575619,19339846.8453,154196.75,25677819.1743,202944.31,19339846.8453,154196.75,25677819.1743,202944.31
2025-12-23,125.87,126.87,122.04,123.95,2334568469.5032,1029440073,1046363414,1002430071,1021005279,-0.006192,0.007105,-0.009751,0.007105,-0.003528,0.006438,-0.011318,0.002813,-0.004901,0.004882,-0.007239,0.004882,77.26,22.74,3.4,78.76,21.24,3.71,67.76,32.24,2.1,1450060.998887,393054.366065,1557925.833503,435042.287884,22821476.2974,182200.09,40812381.5752,322794.71,22821476.2974,182200.09,40812381.5752,322794.71
2025-12-24,123.96,124.25,120.51,122.49,1703132603.0183,1021005279,1055502585,1016818185,1039751751,0.007105,0.01,-0.006973,0.01,0.002813,0.008936,-0.00767,0.007901,0.004882,0.009499,-0.005336,0.008795,80.31,19.69,4.08,81.46,18.54,4.39,68.46,31.54,2.17,1240969.100375,350374.72428,1512464.314376,366391.57068,27188012.7183,220271.77,20918449.0785,168048.03,27188012.7183,220271.77,20918449.0785,168048.03
2025-12-25,122.48,124.42,119.58,119.95,1638850144.1242,1039751751,1067531852,1016645810,1047919046,0.01,0.01,0.002834,0.00835,0.007901,0.010151,-0.003771,0.003579,0.008795,0.010066,0.000098,0.005773,79.81,20.19,3.95,80.72,19.28,4.19,68.44,31.56,2.17,2525990.413892,473569.029862,2674172.165012,493217.871062,29761015.0107,243956.52,21355242.8962,173612.79,29761015.0107,243956.52,21355242.8962,173612.79
2025-12-26,119.95,125.12,119.15,122.22,2950999192.3726,1047919046,1102870187,1023110654,1031561398,0.00835,0.01,-0.00781,0.000489,0.003579,0.00969,-0.00555,0.004125,0.005773,0.009835,-0.006676,0.002057,80.26,19.74,4.07,81.54,18.46,4.42,66.42,33.58,1.98,1956390.527493,791760.196843,2664582.151396,892269.306477,23722560.761,198747.22,22480922.9477,186654.47,23722560.761,198747.22,22480922.9477,186654.47
2025-12-27,122.22,125.04,121.82,124.67,1206799613.2218,1031561398,1081513936,1030015391,1079418109,0.000489,0.01,0.000489,0.01,0.004125,0.009191,0.003055,0.005205,0.002057,0.008947,0.002057,0.007398,80.87,19.13,4.23,81.56,18.44,4.42,67.21,32.79,2.05,74322.9741,804083.664382,76756.8035,882837.526438,23741983.9791,195228.53,18933501.1255,154241.09,23741983.9791,195228.53,18933501.1255,154241.09
2025-12-28,124.68,125.6,123.01,125.21,1229896587.0753,1079418109,1116836340,1073393459,1115134048,0.01,0.01,0.004528,0.005464,0.005205,0.008688,0.000966,0.005918,0.007398,0.008785,0.004482,0.005056,77.51,22.49,3.45,78.6,21.4,3.67,66.73,33.27,2.01,609469.837622,338201.941743,615742.012422,398131.063063,21764121.6304,175345.48,22743359.7533,181574.48,21764121.6304,175345.48,22743359.7533,181574.48
2025-12-29,125.22,130.21,122.15,123.19,3513325789.6982,1115134048,1237170533,1100830294,1118254064,0.005464,0.01,-0.005832,-0.002134,0.005918,0.009128,-0.006444,0.001419,0.005056,0.009702,-0.002999,-0.000633,77.34,22.66,3.41,79.01,20.99,3.76,67.79,32.21,2.11,1444505.647806,1177884.076423,1916295.930194,1375066.639953,22827874.0505,183019.97,21624084.6281,171917.14,22827874.0505,183019.97,21624084.6281,171917.14
2025-12-30,123.19,126.49,122.5,124.92,2297516889.4577,1118254064,1146103462,1073545478,1082664519,-0.002134,0.01,-0.004324,0.01,0.001419,0.010033,0.000943,0.009162,-0.000633,0.009989,-0.000958,0.009416,82.94,17.06,4.86,84.06,15.94,5.27,69.92,30.08,2.32,717330.986681,519094.663625,769763.572759,587030.518925,27415482.3259,223558.08,21112620.0069,170651.91,27415482.3259,223558.08,21112620.0069,170651.91
2025-12-31,124.93,127.4,123.42,124.59,2113893576.1176,1082664519,1122403907,1073212379,1110734126,0.01,0.01,0.000393,0.002787,0.009162,0.0107,-0.001948,0.008174,0.009416,0.010656,-0.000115,0.006658,79.62,20.38,3.91,81.0,19.0,4.26,68.11,31.89,2.14,1626481.37243,620685.083246,1740018.574875,670474.79551,20540781.6627,165104.8,20287970.6681,161643.27,20540781.6627,165104.8,20287970.6681,161643.27
2026-01-01,124.58,127.21,124.08,126.83,1194114187.2613,1110734126,1141652313,1094977438,1137632302,0.002787,0.01,-0.00233,0.01,0.008174,0.008733,0.000714,0.005743,0.006658,0.007874,0.001065,0.007238,81.06,18.94,4.28,82.8,17.2,4.81,68.4,31.6,2.17,248775.4089,971741.466712,253797.1951,998580.475012,21230096.5629,171136.91,15888632.0564,126972.52,21230096.5629,171136.91,15888632.0564,126972.52
2026-01-02,126.84,133.29,125.81,132.24,2995901691.7214,1137632302,1294433506,1128669822,1286155313,0.01,0.01,0.01,0.01,0.005743,0.009781,-0.004919,0.004225,0.007238,0.009686,0.000877,0.005792,78.46,21.54,3.64,80.28,19.72,4.07,69.38,30.62,2.27,1254220.61275,3902037.253605,1298741.339545,4264326.616219,22779466.0474,180352.46,24123485.1243,189332.43,22779466.0474,180352.46,24123485.1243,189332.43
2026-01-03,132.23,133.99,129.52,133.31,1466083693.2477,1286155313,1292786189,1250073673,1288906469,0.01,0.01,0.004159,0.01,0.004225,0.007614,0.001176,0.005195,0.005792,0.007426,0.002713,0.006259,70.58,29.42,2.4,72.92,27.08,2.69,69.04,30.96,2.23,1144905.199986,740172.122362,1210975.674976,809184.597178,19984224.451,151800.56,18626585.8491,140222.33,19984224.451,151800.56,18626585.8491,140222.33
2026-01-04,133.3,135.5,133.03,134.04,1838789030.2698,1288906469,1327946414,1288544848,1296737197,0.01,0.01,0.002979,0.005164,0.005195,0.005634,-0.017021,0.00068,0.006259,0.006738,-0.005021,0.000592,71.0,29.0,2.45,74.38,25.62,2.9,69.33,30.67,2.26,331464.135466,2019300.646606,343989.512866,2141975.267971,21847750.7018,164615.65,22834315.2539,170485.42,21847750.7018,164615.65,22834315.2539,170485.42
2026-01-05,134.05,139.83,133.09,137.84,3696038167.2636,1296737197,1313863562,1232328963,1292627271,0.005164,0.01,-0.00442,0.01,0.00068,0.00785,-0.003419,0.006173,0.000592,0.008438,-0.003798,0.007317,70.78,29.22,2.42,73.54,26.46,2.78,69.27,30.73,2.25,1264131.103008,5629587.381958,1472390.585382,6287483.274351,25201847.929,188982.52,21591342.957,160349.47,25201847.929,188982.52,21591342.957,160349.47
2026-01-06,137.84,143.45,136.12,141.03,4428712469.1655,1292627271,1488331665,1284713166,1396478362,0.01,0.01,-0.001213,0.01,0.006173,0.007889,-0.004337,0.005816,0.007317,0.007753,-0.004267,0.006117,70.02,29.98,2.34,72.07,27.93,2.58,68.65,31.35,2.19,2865905.923563,8988705.441041,3690323.416563,9904887.845473,24716398.5547,180131.29,21881035.5792,158033.15,24716398.5547,180131.29,21881035.5792,158033.15
2026-01-07,141.04,141.35,134.33,136.32,3047223750.2484,1396478362,1398210710,1262365292,1311615788,0.01,0.01,-0.010671,0.002772,0.005816,0.008485,-0.007145,0.003116,0.006117,0.00834,-0.005824,0.002841,71.99,28.01,2.57,74.3,25.7,2.89,71.99,28.01,2.57,3379956.597484,274725.239435,3604607.752721,292432.328523,19821131.561,141221.39,21680109.3002,153103.93,19821131.561,141221.39,21680109.3002,153103.93
2026-01-08,136.31,140,132.5,138.3,3957985811.8728,1311615788,1424775573,1309866718,1408903060,0.002772,0.01,-0.000653,0.01,0.003116,0.008787,-0.007728,0.006409,0.002841,0.009392,-0.003678,0.007332,75.81,24.19,3.13,78.53,21.47,3.66,71.75,28.25,2.54,1851308.383306,1306055.328562,2182397.837351,1420426.280364,27231579.826,200758.43,20984448.5338,153156.95,27231579.826,200758.43,20984448.5338,153156.95
2026-01-09,138.29,141.14,134.86,135.88,3699129371.5197,1408903060,1510688405,1400974246,1449897302,0.01,0.01,-0.009714,-0.009714,0.006409,0.009251,-0.003421,-0.003249,0.007332,0.008883,-0.005429,-0.005339,71.6,28.4,2.52,73.96,26.04,2.84,73.01,26.99,2.71,1642724.702905,1250952.938954,1924636.288589,1452839.804244,20978548.4757,152332.33,18881115.2344,136005.58,20978548.4757,152332.33,18881115.2344,136005.58
2026-01-10,135.89,136.99,135.3,135.78,955093939.2732,1449897302,1458942050,1416531765,1423810476,-0.009714,0.01,-0.010847,0.008722,-0.003249,0.007876,-0.00379,0.006694,-0.005339,0.008133,-0.005459,0.007262,76.38,23.62,3.23,78.13,21.87,3.57,74.11,25.89,2.86,224536.615414,42617.9917,271796.505714,42672.6637,25212263.929,186421.48,18817494.1394,137850.45,25212263.929,186421.48,18817494.1394,137850.45
2026-01-11,135.79,141.65,135.68,139.65,2163927620.4567,1423810476,1547209167,1423087524,1496462626,0.008722,0.01,0.001621,0.01,0.006694,0.009876,-0.000519,0.009799,0.007262,0.009867,0.002242,0.009708,76.98,23.02,3.34,78.32,21.68,3.61,72.5,27.5,2.64,790972.382566,736350.512888,804448.997066,1009387.754072,27298029.837,202044.69,21251527.211,155823.11,27298029.837,202044.69,21251527.211,155823.11
2026-01-12,139.65,144.4,138.23,139.13,4339539421.4655,1496462626,1590443626,1483771124,1490826582,0.01,0.01,0.001108,0.003758,0.009799,0.009799,-0.001044,0.001228,0.009708,0.009708,-0.000686,0.001009,71.45,28.55,2.5,73.03,26.97,2.71,74.89,25.11,2.98,2485959.689295,2959565.933937,2638206.045093,4074160.125497,17360403.7722,124876.08,16665219.1764,118787.88,17360403.7722,124876.08,16665219.1764,118787.88
2026-01-13,139.13,148.8,137.75,145.48,4637030844.9342,1490826582,1630020310,1484384784,1611803310,0.003758,0.01,-0.001256,0.01,0.001228,0.007382,-0.004099,0.004839,0.001009,0.00811,-0.003352,0.006432,71.13,28.87,2.46,72.88,27.12,2.69,74.23,25.77,2.88,411571.110096,7436270.98277,474202.125896,7865548.29591,27394097.4533,197799.92,21498735.8694,153910.02,27394097.4533,197799.92,21498735.8694,153910.02
2026-01-14,145.47,148.4,143.3,146.61,3530854814.0643,1611803310,1629043726,1522310742,1593755858,0.01,0.01,0.004805,0.01,0.004839,0.009843,0.002234,0.005715,0.006432,0.009834,0.004339,0.006472,64.32,35.68,1.8,65.59,34.41,1.91,71.73,28.27,2.54,750703.012867,1563100.032573,905058.094994,1672925.324082,23019445.7638,158960.09,20670585.8653,141477.23,23019445.7638,158960.09,20670585.8653,141477.23
2026-01-15,146.62,146.65,140.77,142.32,2959532951.0649,1593755858,1593755858,1484504282,1503295340,0.01,0.01,-0.004316,-0.00419,0.005715,0.006349,-0.009637,0.002223,0.006472,0.00673,-0.00625,0.000445,63.75,36.25,1.76,66.52,33.48,1.99,72.71,27.29,2.66,4715829.865716,540705.363624,5099471.640791,609596.149125,22639037.2385,155116.44,22440402.497,152394.42,22639037.2385,155116.44,22440402.497,152394.42
2026-01-16,142.33,145.5,140.17,144.85,2298988808.4144,1503295340,1517207171,1460591603,1486322543,-0.00419,0.01,-0.006318,0.01,0.002223,0.007606,-0.002615,0.007397,0.000445,0.008404,-0.002594,0.007825,74.27,25.73,2.89,76.7,23.3,3.29,72.19,27.81,2.6,505172.080188,491327.8654,723016.541771,626013.803442,23711883.5883,167307.5,22516967.1714,157558.44,23711883.5883,167307.5,22516967.1714,157558.44
2026-01-17,144.84,144.95,143.18,143.64,1011342315.1466,1486322543,1487062293,1442272121,1443982685,0.01,0.01,-0.002258,0.00158,0.007397,0.008499,-0.00071,0.00345,0.007825,0.008425,-0.001581,0.001268,67.53,32.47,2.08,69.9,30.1,2.32,70.57,29.43,2.4,62781.6506,65905.1992,87745.939057,73602.0068,24445173.2674,169528.86,26979902.8925,185413.71,24445173.2674,169528.86,26979902.8925,185413.71
2026-01-18,143.65,143.92,137.65,137.79,1790917387.2077,1443982685,1444968258,1361206442,1361612596,0.00158,0.001686,-0.010809,-0.001218,0.00345,0.005002,-0.001388,0.001528,0.001268,0.001931,-0.004109,-0.000046,68.72,31.28,2.2,70.99,29.01,2.45,70.54,29.46,2.39,3145645.995429,76061.1624,4070808.618548,82551.5055,24835939.9596,173633.86,23010876.6991,159436.47,24835939.9596,173633.86,23010876.6991,159436.47
2026-01-19,137.79,137.79,129.82,133.38,2901280727.0264,1361612596,1429525071,1256924286,1398241411,-0.001218,0.009979,-0.003387,0.002274,0.001528,0.008015,-0.020739,0.000771,-0.000046,0.00807,-0.010685,0.001602,76.83,23.17,3.32,78.37,21.63,3.62,70.09,29.91,2.34,1669500.577387,755271.349615,5026650.228943,904500.144029,22959434.7883,167377.57,19087676.9127,137998.08,22959434.7883,167377.57,19087676.9127,137998.08
2026-01-20,133.39,134.6,124.25,125.72,3610374458.1198,1398241411,1437273716,1214319968,1232118630,0.002274,0.009143,-0.007308,0.00029,0.000771,0.009416,-0.003667,0.005355,0.001602,0.008871,-0.003193,0.003795,79.13,20.87,3.79,80.43,19.57,4.11,68.87,31.13,2.21,6439155.858413,299715.5797,8095205.321015,330489.6086,24605725.4774,185379.97,17686350.2519,132003.07,24605725.4774,185379.97,17686350.2519,132003.07
2026-01-21,125.72,131.13,125.66,130.44,1841876589.1288,1232118630,1295796953,1228714692,1291472337.6198,0.000276,0.003053,-0.004014,0.000416,0.002923,0.005784,-0.007603,0.003618,0.003795,0.003795,0.003795,0.003795,80.01,19.99,4.0,80.63,19.37,4.16,66.82,33.18,2.01,1033173.16,761489.45,1147367.11,784995.56,18904641.6476,151050.24,19279310.2632,152688.01,18904641.6476,151050.24,19279310.2632,152688.01
