2026-04-07 03:34:19,701 | INFO | Cycle 1 started
2026-04-07 03:34:19,701 | INFO | Target end_time=2026-04-07 03:34:19.701637
2026-04-07 03:34:20,043 | INFO | Fetching BTCUSDT from 2026-04-06 19:30:00 to 2026-04-07 03:34:19.701637
2026-04-07 03:34:22,291 | INFO | Saved Data/BTCUSDT_futures_volume_5years_5min.csv, rows=239334
2026-04-07 03:34:22,291 | INFO | [BinanceService] Stats avg_volume=753.92 avg_buy=374.33 avg_sell=379.59 avg_ratio=1.12
2026-04-07 03:34:23,620 | INFO | Fetching ETHUSDT from 2026-04-06 19:30:00 to 2026-04-07 03:34:19.701637
2026-04-07 03:34:26,230 | INFO | Saved Data/ETHUSDT_futures_volume_5years_5min.csv, rows=239334
2026-04-07 03:34:26,232 | INFO | [BinanceService] Stats avg_volume=14308.50 avg_buy=7068.60 avg_sell=7239.91 avg_ratio=1.09
2026-04-07 03:34:27,640 | INFO | Fetching SOLUSDT from 2026-04-06 19:30:00 to 2026-04-07 03:34:19.701637
2026-04-07 03:34:30,105 | INFO | Saved Data/SOLUSDT_futures_volume_5years_5min.csv, rows=239334
2026-04-07 03:34:30,107 | INFO | [BinanceService] Stats avg_volume=79134.69 avg_buy=38909.68 avg_sell=40225.01 avg_ratio=1.06
2026-04-07 03:34:31,484 | INFO | Fetching DOGEUSDT from 2026-04-06 19:30:00 to 2026-04-07 03:34:19.701637
2026-04-07 03:34:33,576 | INFO | Saved Data/DOGEUSDT_futures_volume_5years_5min.csv, rows=239334
2026-04-07 03:34:33,578 | INFO | [BinanceService] Stats avg_volume=24288729.32 avg_buy=11868612.78 avg_sell=12420116.55 avg_ratio=1.08
2026-04-07 03:34:34,892 | INFO | Fetching 1000PEPEUSDT from 2026-04-06 19:30:00 to 2026-04-07 03:34:19.701637
2026-04-07 03:34:37,019 | INFO | Saved Data/1000PEPEUSDT_futures_volume_5years_5min.csv, rows=239334
2026-04-07 03:34:37,031 | INFO | [BinanceService] Stats avg_volume=384990351.43 avg_buy=189112532.28 avg_sell=195877819.15 avg_ratio=1.06
2026-04-07 03:34:38,032 | INFO | Sleeping 300s
2026-04-07 03:39:38,033 | INFO | Cycle 2 started
2026-04-07 03:39:38,033 | INFO | Target end_time=2026-04-07 03:39:38.033781
2026-04-07 03:39:38,292 | INFO | Fetching BTCUSDT from 2026-04-06 19:35:00 to 2026-04-07 03:39:38.033781
2026-04-07 03:39:41,317 | INFO | Saved Data/BTCUSDT_futures_volume_5years_5min.csv, rows=239335
2026-04-07 03:39:41,320 | INFO | [BinanceService] Stats avg_volume=753.92 avg_buy=374.33 avg_sell=379.58 avg_ratio=1.12
2026-04-07 03:39:42,666 | INFO | Fetching ETHUSDT from 2026-04-06 19:35:00 to 2026-04-07 03:39:38.033781
2026-04-07 03:39:45,893 | INFO | Saved Data/ETHUSDT_futures_volume_5years_5min.csv, rows=239335
2026-04-07 03:39:45,900 | INFO | [BinanceService] Stats avg_volume=14308.46 avg_buy=7068.57 avg_sell=7239.88 avg_ratio=1.09
2026-04-07 03:39:47,249 | INFO | Fetching SOLUSDT from 2026-04-06 19:35:00 to 2026-04-07 03:39:38.033781
2026-04-07 03:39:50,364 | INFO | Saved Data/SOLUSDT_futures_volume_5years_5min.csv, rows=239335
2026-04-07 03:39:50,370 | INFO | [BinanceService] Stats avg_volume=79134.50 avg_buy=38909.59 avg_sell=40224.91 avg_ratio=1.06
2026-04-07 03:39:51,679 | INFO | Fetching DOGEUSDT from 2026-04-06 19:35:00 to 2026-04-07 03:39:38.033781
2026-04-07 03:39:54,900 | INFO | Saved Data/DOGEUSDT_futures_volume_5years_5min.csv, rows=239335
2026-04-07 03:39:54,907 | INFO | [BinanceService] Stats avg_volume=24288670.56 avg_buy=11868585.19 avg_sell=12420085.37 avg_ratio=1.08
2026-04-07 03:39:56,265 | INFO | Fetching 1000PEPEUSDT from 2026-04-06 19:35:00 to 2026-04-07 03:39:38.033781
2026-04-07 03:39:59,663 | INFO | Saved Data/1000PEPEUSDT_futures_volume_5years_5min.csv, rows=239335
2026-04-07 03:39:59,670 | INFO | [BinanceService] Stats avg_volume=384990185.72 avg_buy=189112208.22 avg_sell=195877977.50 avg_ratio=1.06
2026-04-07 03:40:00,672 | INFO | Sleeping 300s
2026-04-07 03:45:00,672 | INFO | Cycle 3 started
2026-04-07 03:45:00,672 | INFO | Target end_time=2026-04-07 03:45:00.672880
2026-04-07 03:45:01,021 | INFO | Fetching BTCUSDT from 2026-04-06 19:40:00 to 2026-04-07 03:45:00.672880
2026-04-07 03:45:04,287 | INFO | Saved Data/BTCUSDT_futures_volume_5years_5min.csv, rows=239336
2026-04-07 03:45:04,291 | INFO | [BinanceService] Stats avg_volume=753.91 avg_buy=374.33 avg_sell=379.58 avg_ratio=1.12
2026-04-07 03:45:05,650 | INFO | Fetching ETHUSDT from 2026-04-06 19:40:00 to 2026-04-07 03:45:00.672880
2026-04-07 03:45:09,113 | INFO | Saved Data/ETHUSDT_futures_volume_5years_5min.csv, rows=239337
2026-04-07 03:45:09,115 | INFO | [BinanceService] Stats avg_volume=14308.36 avg_buy=7068.52 avg_sell=7239.84 avg_ratio=1.09
2026-04-07 03:45:10,477 | INFO | Fetching SOLUSDT from 2026-04-06 19:40:00 to 2026-04-07 03:45:00.672880
2026-04-07 03:45:13,743 | INFO | Saved Data/SOLUSDT_futures_volume_5years_5min.csv, rows=239337
2026-04-07 03:45:13,746 | INFO | [BinanceService] Stats avg_volume=79133.96 avg_buy=38909.32 avg_sell=40224.65 avg_ratio=1.07
2026-04-07 03:45:15,080 | INFO | Fetching DOGEUSDT from 2026-04-06 19:40:00 to 2026-04-07 03:45:00.672880
2026-04-07 03:45:18,161 | INFO | Saved Data/DOGEUSDT_futures_volume_5years_5min.csv, rows=239337
2026-04-07 03:45:18,164 | INFO | [BinanceService] Stats avg_volume=24288498.98 avg_buy=11868497.93 avg_sell=12420001.05 avg_ratio=1.08
2026-04-07 03:45:19,534 | INFO | Fetching 1000PEPEUSDT from 2026-04-06 19:40:00 to 2026-04-07 03:45:00.672880
2026-04-07 03:45:23,688 | INFO | Saved Data/1000PEPEUSDT_futures_volume_5years_5min.csv, rows=239337
2026-04-07 03:45:23,691 | INFO | [BinanceService] Stats avg_volume=384987645.14 avg_buy=189110993.03 avg_sell=195876652.11 avg_ratio=1.06
2026-04-07 03:45:24,692 | INFO | Sleeping 300s
2026-04-07 03:50:24,695 | INFO | Cycle 4 started
2026-04-07 03:50:24,695 | INFO | Target end_time=2026-04-07 03:50:24.695776
2026-04-07 03:50:25,036 | INFO | Fetching BTCUSDT from 2026-04-06 19:45:00 to 2026-04-07 03:50:24.695776
2026-04-07 03:50:28,228 | INFO | Saved Data/BTCUSDT_futures_volume_5years_5min.csv, rows=239338
2026-04-07 03:50:28,232 | INFO | [BinanceService] Stats avg_volume=753.91 avg_buy=374.33 avg_sell=379.58 avg_ratio=1.12
2026-04-07 03:50:29,577 | INFO | Fetching ETHUSDT from 2026-04-06 19:50:00 to 2026-04-07 03:50:24.695776
2026-04-07 03:50:33,056 | INFO | Saved Data/ETHUSDT_futures_volume_5years_5min.csv, rows=239338
2026-04-07 03:50:33,059 | INFO | [BinanceService] Stats avg_volume=14308.32 avg_buy=7068.50 avg_sell=7239.82 avg_ratio=1.09
2026-04-07 03:50:34,398 | INFO | Fetching SOLUSDT from 2026-04-06 19:50:00 to 2026-04-07 03:50:24.695776
2026-04-07 03:50:37,762 | INFO | Saved Data/SOLUSDT_futures_volume_5years_5min.csv, rows=239338
2026-04-07 03:50:37,766 | INFO | [BinanceService] Stats avg_volume=79133.74 avg_buy=38909.20 avg_sell=40224.54 avg_ratio=1.06
2026-04-07 03:50:39,119 | INFO | Fetching DOGEUSDT from 2026-04-06 19:50:00 to 2026-04-07 03:50:24.695776
2026-04-07 03:50:42,395 | INFO | Saved Data/DOGEUSDT_futures_volume_5years_5min.csv, rows=239338
2026-04-07 03:50:42,398 | INFO | [BinanceService] Stats avg_volume=24288427.56 avg_buy=11868466.45 avg_sell=12419961.11 avg_ratio=1.08
2026-04-07 03:50:43,760 | INFO | Fetching 1000PEPEUSDT from 2026-04-06 19:50:00 to 2026-04-07 03:50:24.695776
2026-04-07 03:50:47,194 | INFO | Saved Data/1000PEPEUSDT_futures_volume_5years_5min.csv, rows=239338
2026-04-07 03:50:47,197 | INFO | [BinanceService] Stats avg_volume=384986366.67 avg_buy=189110348.39 avg_sell=195876018.28 avg_ratio=1.06
2026-04-07 03:50:48,199 | INFO | Sleeping 300s
2026-04-07 03:55:48,200 | INFO | Cycle 5 started
2026-04-07 03:55:48,200 | INFO | Target end_time=2026-04-07 03:55:48.200465
2026-04-07 03:55:48,562 | INFO | Fetching BTCUSDT from 2026-04-06 19:55:00 to 2026-04-07 03:55:48.200465
2026-04-07 03:55:51,739 | INFO | Saved Data/BTCUSDT_futures_volume_5years_5min.csv, rows=239339
2026-04-07 03:55:51,743 | INFO | [BinanceService] Stats avg_volume=753.91 avg_buy=374.33 avg_sell=379.58 avg_ratio=1.12
2026-04-07 03:55:53,082 | INFO | Fetching ETHUSDT from 2026-04-06 19:55:00 to 2026-04-07 03:55:48.200465
2026-04-07 03:55:56,350 | INFO | Saved Data/ETHUSDT_futures_volume_5years_5min.csv, rows=239339
2026-04-07 03:55:56,353 | INFO | [BinanceService] Stats avg_volume=14308.32 avg_buy=7068.51 avg_sell=7239.81 avg_ratio=1.09
2026-04-07 03:55:57,683 | INFO | Fetching SOLUSDT from 2026-04-06 19:55:00 to 2026-04-07 03:55:48.200465
2026-04-07 03:56:01,102 | INFO | Saved Data/SOLUSDT_futures_volume_5years_5min.csv, rows=239339
2026-04-07 03:56:01,104 | INFO | [BinanceService] Stats avg_volume=79133.50 avg_buy=38909.09 avg_sell=40224.41 avg_ratio=1.06
2026-04-07 03:56:02,459 | INFO | Fetching DOGEUSDT from 2026-04-06 19:55:00 to 2026-04-07 03:55:48.200465
2026-04-07 03:56:05,793 | INFO | Saved Data/DOGEUSDT_futures_volume_5years_5min.csv, rows=239339
2026-04-07 03:56:05,797 | INFO | [BinanceService] Stats avg_volume=24288357.76 avg_buy=11868437.75 avg_sell=12419920.01 avg_ratio=1.08
2026-04-07 03:56:07,184 | INFO | Fetching 1000PEPEUSDT from 2026-04-06 19:55:00 to 2026-04-07 03:55:48.200465
2026-04-07 03:56:10,441 | INFO | Saved Data/1000PEPEUSDT_futures_volume_5years_5min.csv, rows=239339
2026-04-07 03:56:10,445 | INFO | [BinanceService] Stats avg_volume=384985201.79 avg_buy=189109770.14 avg_sell=195875431.66 avg_ratio=1.06
2026-04-07 03:56:11,446 | INFO | Sleeping 300s
2026-04-07 04:01:11,447 | INFO | Cycle 6 started
2026-04-07 04:01:11,447 | INFO | Target end_time=2026-04-07 04:01:11.447760
2026-04-07 04:01:11,831 | INFO | Fetching BTCUSDT from 2026-04-06 20:00:00 to 2026-04-07 04:01:11.447760
2026-04-07 04:01:15,052 | INFO | Saved Data/BTCUSDT_futures_volume_5years_5min.csv, rows=239340
2026-04-07 04:01:15,056 | INFO | [BinanceService] Stats avg_volume=753.91 avg_buy=374.33 avg_sell=379.58 avg_ratio=1.12
2026-04-07 04:01:16,424 | INFO | Fetching ETHUSDT from 2026-04-06 20:00:00 to 2026-04-07 04:01:11.447760
2026-04-07 04:01:19,795 | INFO | Saved Data/ETHUSDT_futures_volume_5years_5min.csv, rows=239340
2026-04-07 04:01:19,800 | INFO | [BinanceService] Stats avg_volume=14308.37 avg_buy=7068.54 avg_sell=7239.83 avg_ratio=1.09
2026-04-07 04:01:21,127 | INFO | Fetching SOLUSDT from 2026-04-06 20:00:00 to 2026-04-07 04:01:11.447760
2026-04-07 04:01:24,201 | INFO | Saved Data/SOLUSDT_futures_volume_5years_5min.csv, rows=239340
2026-04-07 04:01:24,204 | INFO | [BinanceService] Stats avg_volume=79133.58 avg_buy=38909.16 avg_sell=40224.43 avg_ratio=1.06
2026-04-07 04:01:25,544 | INFO | Fetching DOGEUSDT from 2026-04-06 20:00:00 to 2026-04-07 04:01:11.447760
2026-04-07 04:01:28,793 | INFO | Saved Data/DOGEUSDT_futures_volume_5years_5min.csv, rows=239340
2026-04-07 04:01:28,796 | INFO | [BinanceService] Stats avg_volume=24288307.45 avg_buy=11868415.47 avg_sell=12419891.98 avg_ratio=1.08
2026-04-07 04:01:30,165 | INFO | Fetching 1000PEPEUSDT from 2026-04-06 20:00:00 to 2026-04-07 04:01:11.447760
2026-04-07 04:01:33,310 | INFO | Saved Data/1000PEPEUSDT_futures_volume_5years_5min.csv, rows=239340
2026-04-07 04:01:33,314 | INFO | [BinanceService] Stats avg_volume=384984436.51 avg_buy=189109417.31 avg_sell=195875019.20 avg_ratio=1.06
2026-04-07 04:01:34,316 | INFO | Sleeping 300s
2026-04-07 04:06:34,317 | INFO | Cycle 7 started
2026-04-07 04:06:34,317 | INFO | Target end_time=2026-04-07 04:06:34.317952
2026-04-07 04:06:34,657 | INFO | Fetching BTCUSDT from 2026-04-06 20:05:00 to 2026-04-07 04:06:34.317952
2026-04-07 04:06:37,902 | INFO | Saved Data/BTCUSDT_futures_volume_5years_5min.csv, rows=239341
2026-04-07 04:06:37,905 | INFO | [BinanceService] Stats avg_volume=753.90 avg_buy=374.32 avg_sell=379.58 avg_ratio=1.12
2026-04-07 04:06:39,297 | INFO | Fetching ETHUSDT from 2026-04-06 20:05:00 to 2026-04-07 04:06:34.317952
2026-04-07 04:06:42,727 | INFO | Saved Data/ETHUSDT_futures_volume_5years_5min.csv, rows=239341
2026-04-07 04:06:42,729 | INFO | [BinanceService] Stats avg_volume=14308.32 avg_buy=7068.51 avg_sell=7239.81 avg_ratio=1.09
2026-04-07 04:06:44,083 | INFO | Fetching SOLUSDT from 2026-04-06 20:05:00 to 2026-04-07 04:06:34.317952
2026-04-07 04:06:47,054 | INFO | Saved Data/SOLUSDT_futures_volume_5years_5min.csv, rows=239341
2026-04-07 04:06:47,057 | INFO | [BinanceService] Stats avg_volume=79133.37 avg_buy=38909.06 avg_sell=40224.31 avg_ratio=1.06
2026-04-07 04:06:48,415 | INFO | Fetching DOGEUSDT from 2026-04-06 20:05:00 to 2026-04-07 04:06:34.317952
2026-04-07 04:06:51,746 | INFO | Saved Data/DOGEUSDT_futures_volume_5years_5min.csv, rows=239341
2026-04-07 04:06:51,749 | INFO | [BinanceService] Stats avg_volume=24288242.24 avg_buy=11868380.47 avg_sell=12419861.77 avg_ratio=1.08
2026-04-07 04:06:53,136 | INFO | Fetching 1000PEPEUSDT from 2026-04-06 20:05:00 to 2026-04-07 04:06:34.317952
2026-04-07 04:06:56,460 | INFO | Saved Data/1000PEPEUSDT_futures_volume_5years_5min.csv, rows=239341
2026-04-07 04:06:56,463 | INFO | [BinanceService] Stats avg_volume=384983263.63 avg_buy=189108835.11 avg_sell=195874428.52 avg_ratio=1.06
2026-04-07 04:06:57,463 | INFO | Sleeping 300s
2026-04-07 04:11:57,465 | INFO | Cycle 8 started
2026-04-07 04:11:57,465 | INFO | Target end_time=2026-04-07 04:11:57.465121
2026-04-07 04:11:57,811 | INFO | Fetching BTCUSDT from 2026-04-06 20:10:00 to 2026-04-07 04:11:57.465121
2026-04-07 04:12:00,948 | INFO | Saved Data/BTCUSDT_futures_volume_5years_5min.csv, rows=239342
2026-04-07 04:12:00,951 | INFO | [BinanceService] Stats avg_volume=753.90 avg_buy=374.33 avg_sell=379.58 avg_ratio=1.12
2026-04-07 04:12:02,296 | INFO | Fetching ETHUSDT from 2026-04-06 20:10:00 to 2026-04-07 04:11:57.465121
2026-04-07 04:12:05,455 | INFO | Saved Data/ETHUSDT_futures_volume_5years_5min.csv, rows=239342
2026-04-07 04:12:05,459 | INFO | [BinanceService] Stats avg_volume=14308.28 avg_buy=7068.49 avg_sell=7239.78 avg_ratio=1.09
2026-04-07 04:12:06,795 | INFO | Fetching SOLUSDT from 2026-04-06 20:10:00 to 2026-04-07 04:11:57.465121
2026-04-07 04:12:09,797 | INFO | Saved Data/SOLUSDT_futures_volume_5years_5min.csv, rows=239342
2026-04-07 04:12:09,800 | INFO | [BinanceService] Stats avg_volume=79133.21 avg_buy=38908.95 avg_sell=40224.27 avg_ratio=1.06
2026-04-07 04:12:11,137 | INFO | Fetching DOGEUSDT from 2026-04-06 20:10:00 to 2026-04-07 04:11:57.465121
2026-04-07 04:12:14,440 | INFO | Saved Data/DOGEUSDT_futures_volume_5years_5min.csv, rows=239342
2026-04-07 04:12:14,444 | INFO | [BinanceService] Stats avg_volume=24288168.93 avg_buy=11868341.98 avg_sell=12419826.95 avg_ratio=1.08
2026-04-07 04:12:15,787 | INFO | Fetching 1000PEPEUSDT from 2026-04-06 20:10:00 to 2026-04-07 04:11:57.465121
2026-04-07 04:12:19,332 | INFO | Saved Data/1000PEPEUSDT_futures_volume_5years_5min.csv, rows=239342
2026-04-07 04:12:19,336 | INFO | [BinanceService] Stats avg_volume=384982178.22 avg_buy=189108314.66 avg_sell=195873863.56 avg_ratio=1.06
2026-04-07 04:12:20,338 | INFO | Sleeping 300s
2026-04-07 04:17:20,341 | INFO | Cycle 9 started
2026-04-07 04:17:20,341 | INFO | Target end_time=2026-04-07 04:17:20.341957
2026-04-07 04:17:20,696 | INFO | Fetching BTCUSDT from 2026-04-06 20:15:00 to 2026-04-07 04:17:20.341957
2026-04-07 04:17:23,820 | INFO | Saved Data/BTCUSDT_futures_volume_5years_5min.csv, rows=239343
2026-04-07 04:17:23,824 | INFO | [BinanceService] Stats avg_volume=753.90 avg_buy=374.32 avg_sell=379.58 avg_ratio=1.12
2026-04-07 04:17:25,180 | INFO | Fetching ETHUSDT from 2026-04-06 20:15:00 to 2026-04-07 04:17:20.341957
2026-04-07 04:17:28,452 | INFO | Saved Data/ETHUSDT_futures_volume_5years_5min.csv, rows=239343
2026-04-07 04:17:28,456 | INFO | [BinanceService] Stats avg_volume=14308.26 avg_buy=7068.49 avg_sell=7239.77 avg_ratio=1.09
2026-04-07 04:17:29,788 | INFO | Fetching SOLUSDT from 2026-04-06 20:15:00 to 2026-04-07 04:17:20.341957
2026-04-07 04:17:32,966 | INFO | Saved Data/SOLUSDT_futures_volume_5years_5min.csv, rows=239343
2026-04-07 04:17:32,969 | INFO | [BinanceService] Stats avg_volume=79133.01 avg_buy=38908.83 avg_sell=40224.18 avg_ratio=1.06
2026-04-07 04:17:34,290 | INFO | Fetching DOGEUSDT from 2026-04-06 20:15:00 to 2026-04-07 04:17:20.341957
2026-04-07 04:17:37,430 | INFO | Saved Data/DOGEUSDT_futures_volume_5years_5min.csv, rows=239343
2026-04-07 04:17:37,434 | INFO | [BinanceService] Stats avg_volume=24288114.30 avg_buy=11868325.54 avg_sell=12419788.76 avg_ratio=1.08
2026-04-07 04:17:38,806 | INFO | Fetching 1000PEPEUSDT from 2026-04-06 20:15:00 to 2026-04-07 04:17:20.341957
2026-04-07 04:17:42,009 | INFO | Saved Data/1000PEPEUSDT_futures_volume_5years_5min.csv, rows=239343
2026-04-07 04:17:42,012 | INFO | [BinanceService] Stats avg_volume=384981057.27 avg_buy=189107795.73 avg_sell=195873261.54 avg_ratio=1.06
2026-04-07 04:17:43,013 | INFO | Sleeping 300s
2026-04-07 04:22:43,015 | INFO | Cycle 10 started
2026-04-07 04:22:43,015 | INFO | Target end_time=2026-04-07 04:22:43.015170
2026-04-07 04:22:43,351 | INFO | Fetching BTCUSDT from 2026-04-06 20:20:00 to 2026-04-07 04:22:43.015170
2026-04-07 04:22:46,520 | INFO | Saved Data/BTCUSDT_futures_volume_5years_5min.csv, rows=239344
2026-04-07 04:22:46,523 | INFO | [BinanceService] Stats avg_volume=753.90 avg_buy=374.32 avg_sell=379.58 avg_ratio=1.12
2026-04-07 04:22:47,870 | INFO | Fetching ETHUSDT from 2026-04-06 20:20:00 to 2026-04-07 04:22:43.015170
2026-04-07 04:22:51,006 | INFO | Saved Data/ETHUSDT_futures_volume_5years_5min.csv, rows=239344
2026-04-07 04:22:51,009 | INFO | [BinanceService] Stats avg_volume=14308.23 avg_buy=7068.48 avg_sell=7239.75 avg_ratio=1.09
2026-04-07 04:22:52,348 | INFO | Fetching SOLUSDT from 2026-04-06 20:20:00 to 2026-04-07 04:22:43.015170
2026-04-07 04:22:55,458 | INFO | Saved Data/SOLUSDT_futures_volume_5years_5min.csv, rows=239344
2026-04-07 04:22:55,462 | INFO | [BinanceService] Stats avg_volume=79132.79 avg_buy=38908.72 avg_sell=40224.08 avg_ratio=1.06
2026-04-07 04:22:56,808 | INFO | Fetching DOGEUSDT from 2026-04-06 20:20:00 to 2026-04-07 04:22:43.015170
2026-04-07 04:23:00,083 | INFO | Saved Data/DOGEUSDT_futures_volume_5years_5min.csv, rows=239344
2026-04-07 04:23:00,086 | INFO | [BinanceService] Stats avg_volume=24288032.31 avg_buy=11868288.60 avg_sell=12419743.71 avg_ratio=1.08
2026-04-07 04:23:01,439 | INFO | Fetching 1000PEPEUSDT from 2026-04-06 20:20:00 to 2026-04-07 04:22:43.015170
2026-04-07 04:23:04,652 | INFO | Saved Data/1000PEPEUSDT_futures_volume_5years_5min.csv, rows=239344
2026-04-07 04:23:04,654 | INFO | [BinanceService] Stats avg_volume=384979895.40 avg_buy=189107197.05 avg_sell=195872698.36 avg_ratio=1.06
2026-04-07 04:23:05,655 | INFO | Sleeping 300s
2026-04-07 04:28:05,656 | INFO | Cycle 11 started
2026-04-07 04:28:05,656 | INFO | Target end_time=2026-04-07 04:28:05.656115
2026-04-07 04:28:06,003 | INFO | Fetching BTCUSDT from 2026-04-06 20:25:00 to 2026-04-07 04:28:05.656115
2026-04-07 04:28:09,229 | INFO | Saved Data/BTCUSDT_futures_volume_5years_5min.csv, rows=239345
2026-04-07 04:28:09,233 | INFO | [BinanceService] Stats avg_volume=753.90 avg_buy=374.32 avg_sell=379.57 avg_ratio=1.12
2026-04-07 04:28:10,591 | INFO | Fetching ETHUSDT from 2026-04-06 20:25:00 to 2026-04-07 04:28:05.656115
2026-04-07 04:28:13,975 | INFO | Saved Data/ETHUSDT_futures_volume_5years_5min.csv, rows=239345
2026-04-07 04:28:13,978 | INFO | [BinanceService] Stats avg_volume=14308.30 avg_buy=7068.54 avg_sell=7239.76 avg_ratio=1.09
2026-04-07 04:28:15,332 | INFO | Fetching SOLUSDT from 2026-04-06 20:25:00 to 2026-04-07 04:28:05.656115
2026-04-07 04:28:18,363 | INFO | Saved Data/SOLUSDT_futures_volume_5years_5min.csv, rows=239345
2026-04-07 04:28:18,366 | INFO | [BinanceService] Stats avg_volume=79132.63 avg_buy=38908.67 avg_sell=40223.96 avg_ratio=1.06
2026-04-07 04:28:19,721 | INFO | Fetching DOGEUSDT from 2026-04-06 20:25:00 to 2026-04-07 04:28:05.656115
2026-04-07 04:28:22,920 | INFO | Saved Data/DOGEUSDT_futures_volume_5years_5min.csv, rows=239345
2026-04-07 04:28:22,924 | INFO | [BinanceService] Stats avg_volume=24287966.07 avg_buy=11868265.07 avg_sell=12419701.01 avg_ratio=1.08
2026-04-07 04:28:24,293 | INFO | Fetching 1000PEPEUSDT from 2026-04-06 20:25:00 to 2026-04-07 04:28:05.656115
2026-04-07 04:28:27,476 | INFO | Saved Data/1000PEPEUSDT_futures_volume_5years_5min.csv, rows=239345
2026-04-07 04:28:27,479 | INFO | [BinanceService] Stats avg_volume=384979322.81 avg_buy=189107141.14 avg_sell=195872181.67 avg_ratio=1.06
2026-04-07 04:28:28,483 | INFO | Sleeping 300s
2026-04-07 04:33:28,484 | INFO | Cycle 12 started
2026-04-07 04:33:28,484 | INFO | Target end_time=2026-04-07 04:33:28.484090
2026-04-07 04:33:28,825 | INFO | Fetching BTCUSDT from 2026-04-06 20:30:00 to 2026-04-07 04:33:28.484090
2026-04-07 04:33:32,041 | INFO | Saved Data/BTCUSDT_futures_volume_5years_5min.csv, rows=239346
2026-04-07 04:33:32,044 | INFO | [BinanceService] Stats avg_volume=753.89 avg_buy=374.32 avg_sell=379.57 avg_ratio=1.12
2026-04-07 04:33:33,381 | INFO | Fetching ETHUSDT from 2026-04-06 20:30:00 to 2026-04-07 04:33:28.484090
2026-04-07 04:33:36,772 | INFO | Saved Data/ETHUSDT_futures_volume_5years_5min.csv, rows=239346
2026-04-07 04:33:36,775 | INFO | [BinanceService] Stats avg_volume=14308.27 avg_buy=7068.52 avg_sell=7239.75 avg_ratio=1.09
2026-04-07 04:33:38,120 | INFO | Fetching SOLUSDT from 2026-04-06 20:30:00 to 2026-04-07 04:33:28.484090
2026-04-07 04:33:41,192 | INFO | Saved Data/SOLUSDT_futures_volume_5years_5min.csv, rows=239346
2026-04-07 04:33:41,195 | INFO | [BinanceService] Stats avg_volume=79132.35 avg_buy=38908.53 avg_sell=40223.82 avg_ratio=1.06
2026-04-07 04:33:42,558 | INFO | Fetching DOGEUSDT from 2026-04-06 20:30:00 to 2026-04-07 04:33:28.484090
2026-04-07 04:33:45,675 | INFO | Saved Data/DOGEUSDT_futures_volume_5years_5min.csv, rows=239346
2026-04-07 04:33:45,678 | INFO | [BinanceService] Stats avg_volume=24287875.92 avg_buy=11868221.20 avg_sell=12419654.72 avg_ratio=1.08
2026-04-07 04:33:47,042 | INFO | Fetching 1000PEPEUSDT from 2026-04-06 20:30:00 to 2026-04-07 04:33:28.484090
2026-04-07 04:33:50,197 | INFO | Saved Data/1000PEPEUSDT_futures_volume_5years_5min.csv, rows=239346
2026-04-07 04:33:50,200 | INFO | [BinanceService] Stats avg_volume=384977985.64 avg_buy=189106478.35 avg_sell=195871507.29 avg_ratio=1.06
2026-04-07 04:33:51,202 | INFO | Sleeping 300s
2026-04-07 04:38:51,203 | INFO | Cycle 13 started
2026-04-07 04:38:51,203 | INFO | Target end_time=2026-04-07 04:38:51.203243
2026-04-07 04:38:51,577 | INFO | Fetching BTCUSDT from 2026-04-06 20:35:00 to 2026-04-07 04:38:51.203243
2026-04-07 04:38:54,943 | INFO | Saved Data/BTCUSDT_futures_volume_5years_5min.csv, rows=239347
2026-04-07 04:38:54,946 | INFO | [BinanceService] Stats avg_volume=753.89 avg_buy=374.32 avg_sell=379.57 avg_ratio=1.12
2026-04-07 04:38:56,304 | INFO | Fetching ETHUSDT from 2026-04-06 20:35:00 to 2026-04-07 04:38:51.203243
2026-04-07 04:38:59,491 | INFO | Saved Data/ETHUSDT_futures_volume_5years_5min.csv, rows=239347
2026-04-07 04:38:59,494 | INFO | [BinanceService] Stats avg_volume=14308.23 avg_buy=7068.51 avg_sell=7239.73 avg_ratio=1.09
2026-04-07 04:39:00,837 | INFO | Fetching SOLUSDT from 2026-04-06 20:35:00 to 2026-04-07 04:38:51.203243
2026-04-07 04:39:03,933 | INFO | Saved Data/SOLUSDT_futures_volume_5years_5min.csv, rows=239347
2026-04-07 04:39:03,937 | INFO | [BinanceService] Stats avg_volume=79132.06 avg_buy=38908.39 avg_sell=40223.67 avg_ratio=1.06
2026-04-07 04:39:05,276 | INFO | Fetching DOGEUSDT from 2026-04-06 20:35:00 to 2026-04-07 04:38:51.203243
2026-04-07 04:39:08,465 | INFO | Saved Data/DOGEUSDT_futures_volume_5years_5min.csv, rows=239347
2026-04-07 04:39:08,468 | INFO | [BinanceService] Stats avg_volume=24287789.66 avg_buy=11868182.89 avg_sell=12419606.77 avg_ratio=1.08
2026-04-07 04:39:09,831 | INFO | Fetching 1000PEPEUSDT from 2026-04-06 20:35:00 to 2026-04-07 04:38:51.203243
2026-04-07 04:39:13,064 | INFO | Saved Data/1000PEPEUSDT_futures_volume_5years_5min.csv, rows=239347
2026-04-07 04:39:13,067 | INFO | [BinanceService] Stats avg_volume=384976824.59 avg_buy=189105978.73 avg_sell=195870845.86 avg_ratio=1.06
2026-04-07 04:39:14,068 | INFO | Sleeping 300s
2026-04-07 04:44:14,070 | INFO | Cycle 14 started
2026-04-07 04:44:14,070 | INFO | Target end_time=2026-04-07 04:44:14.070179
2026-04-07 04:44:14,418 | INFO | Fetching BTCUSDT from 2026-04-06 20:40:00 to 2026-04-07 04:44:14.070179
2026-04-07 04:44:17,604 | INFO | Saved Data/BTCUSDT_futures_volume_5years_5min.csv, rows=239348
2026-04-07 04:44:17,607 | INFO | [BinanceService] Stats avg_volume=753.89 avg_buy=374.32 avg_sell=379.57 avg_ratio=1.12
2026-04-07 04:44:18,932 | INFO | Fetching ETHUSDT from 2026-04-06 20:40:00 to 2026-04-07 04:44:14.070179
2026-04-07 04:44:22,236 | INFO | Saved Data/ETHUSDT_futures_volume_5years_5min.csv, rows=239348
2026-04-07 04:44:22,239 | INFO | [BinanceService] Stats avg_volume=14308.19 avg_buy=7068.48 avg_sell=7239.71 avg_ratio=1.09
2026-04-07 04:44:23,611 | INFO | Fetching SOLUSDT from 2026-04-06 20:40:00 to 2026-04-07 04:44:14.070179
2026-04-07 04:44:26,765 | INFO | Saved Data/SOLUSDT_futures_volume_5years_5min.csv, rows=239348
2026-04-07 04:44:26,769 | INFO | [BinanceService] Stats avg_volume=79131.77 avg_buy=38908.25 avg_sell=40223.52 avg_ratio=1.06
2026-04-07 04:44:28,125 | INFO | Fetching DOGEUSDT from 2026-04-06 20:40:00 to 2026-04-07 04:44:14.070179
2026-04-07 04:44:32,086 | INFO | Saved Data/DOGEUSDT_futures_volume_5years_5min.csv, rows=239348
2026-04-07 04:44:32,089 | INFO | [BinanceService] Stats avg_volume=24287697.81 avg_buy=11868138.36 avg_sell=12419559.45 avg_ratio=1.08
2026-04-07 04:44:33,438 | INFO | Fetching 1000PEPEUSDT from 2026-04-06 20:40:00 to 2026-04-07 04:44:14.070179
2026-04-07 04:44:36,633 | INFO | Saved Data/1000PEPEUSDT_futures_volume_5years_5min.csv, rows=239348
2026-04-07 04:44:36,637 | INFO | [BinanceService] Stats avg_volume=384975470.33 avg_buy=189105294.33 avg_sell=195870175.99 avg_ratio=1.06
2026-04-07 04:44:37,639 | INFO | Sleeping 300s
2026-04-07 04:49:37,640 | INFO | Cycle 15 started
2026-04-07 04:49:37,640 | INFO | Target end_time=2026-04-07 04:49:37.640406
2026-04-07 04:49:38,043 | INFO | Fetching BTCUSDT from 2026-04-06 20:45:00 to 2026-04-07 04:49:37.640406
2026-04-07 04:49:41,225 | INFO | Saved Data/BTCUSDT_futures_volume_5years_5min.csv, rows=239349
2026-04-07 04:49:41,230 | INFO | [BinanceService] Stats avg_volume=753.89 avg_buy=374.32 avg_sell=379.57 avg_ratio=1.12
2026-04-07 04:49:42,597 | INFO | Fetching ETHUSDT from 2026-04-06 20:45:00 to 2026-04-07 04:49:37.640406
2026-04-07 04:49:45,863 | INFO | Saved Data/ETHUSDT_futures_volume_5years_5min.csv, rows=239349
2026-04-07 04:49:45,866 | INFO | [BinanceService] Stats avg_volume=14308.14 avg_buy=7068.46 avg_sell=7239.68 avg_ratio=1.09
2026-04-07 04:49:47,210 | INFO | Fetching SOLUSDT from 2026-04-06 20:45:00 to 2026-04-07 04:49:37.640406
2026-04-07 04:49:50,342 | INFO | Saved Data/SOLUSDT_futures_volume_5years_5min.csv, rows=239349
2026-04-07 04:49:50,345 | INFO | [BinanceService] Stats avg_volume=79131.48 avg_buy=38908.10 avg_sell=40223.38 avg_ratio=1.06
2026-04-07 04:49:51,701 | INFO | Fetching DOGEUSDT from 2026-04-06 20:45:00 to 2026-04-07 04:49:37.640406
2026-04-07 04:49:54,968 | INFO | Saved Data/DOGEUSDT_futures_volume_5years_5min.csv, rows=239349
2026-04-07 04:49:54,971 | INFO | [BinanceService] Stats avg_volume=24287606.29 avg_buy=11868092.16 avg_sell=12419514.13 avg_ratio=1.08
2026-04-07 04:49:56,330 | INFO | Fetching 1000PEPEUSDT from 2026-04-06 20:45:00 to 2026-04-07 04:49:37.640406
2026-04-07 04:49:59,554 | INFO | Saved Data/1000PEPEUSDT_futures_volume_5years_5min.csv, rows=239349
2026-04-07 04:49:59,556 | INFO | [BinanceService] Stats avg_volume=384974253.21 avg_buy=189104711.39 avg_sell=195869541.82 avg_ratio=1.06
2026-04-07 04:50:00,558 | INFO | Sleeping 300s
2026-04-07 04:55:00,559 | INFO | Cycle 16 started
2026-04-07 04:55:00,559 | INFO | Target end_time=2026-04-07 04:55:00.559091
2026-04-07 04:55:00,938 | INFO | Fetching BTCUSDT from 2026-04-06 20:50:00 to 2026-04-07 04:55:00.559091
2026-04-07 04:55:04,119 | INFO | Saved Data/BTCUSDT_futures_volume_5years_5min.csv, rows=239350
2026-04-07 04:55:04,121 | INFO | [BinanceService] Stats avg_volume=753.88 avg_buy=374.32 avg_sell=379.57 avg_ratio=1.12
2026-04-07 04:55:05,468 | INFO | Fetching ETHUSDT from 2026-04-06 20:50:00 to 2026-04-07 04:55:00.559091
2026-04-07 04:55:08,705 | INFO | Saved Data/ETHUSDT_futures_volume_5years_5min.csv, rows=239351
2026-04-07 04:55:08,709 | INFO | [BinanceService] Stats avg_volume=14308.05 avg_buy=7068.41 avg_sell=7239.64 avg_ratio=1.09
2026-04-07 04:55:10,059 | INFO | Fetching SOLUSDT from 2026-04-06 20:50:00 to 2026-04-07 04:55:00.559091
2026-04-07 04:55:13,171 | INFO | Saved Data/SOLUSDT_futures_volume_5years_5min.csv, rows=239351
2026-04-07 04:55:13,174 | INFO | [BinanceService] Stats avg_volume=79130.93 avg_buy=38907.82 avg_sell=40223.10 avg_ratio=1.06
2026-04-07 04:55:14,529 | INFO | Fetching DOGEUSDT from 2026-04-06 20:50:00 to 2026-04-07 04:55:00.559091
2026-04-07 04:55:17,855 | INFO | Saved Data/DOGEUSDT_futures_volume_5years_5min.csv, rows=239351
2026-04-07 04:55:17,859 | INFO | [BinanceService] Stats avg_volume=24287417.96 avg_buy=11867997.51 avg_sell=12419420.44 avg_ratio=1.08
2026-04-07 04:55:19,224 | INFO | Fetching 1000PEPEUSDT from 2026-04-06 20:50:00 to 2026-04-07 04:55:00.559091
2026-04-07 04:55:22,452 | INFO | Saved Data/1000PEPEUSDT_futures_volume_5years_5min.csv, rows=239351
2026-04-07 04:55:22,456 | INFO | [BinanceService] Stats avg_volume=384971296.40 avg_buy=189103205.20 avg_sell=195868091.20 avg_ratio=1.06
2026-04-07 04:55:23,458 | INFO | Sleeping 300s
2026-04-07 05:00:23,459 | INFO | Cycle 17 started
2026-04-07 05:00:23,459 | INFO | Target end_time=2026-04-07 05:00:23.459109
2026-04-07 05:00:23,813 | INFO | Fetching BTCUSDT from 2026-04-06 20:55:00 to 2026-04-07 05:00:23.459109
2026-04-07 05:00:27,298 | INFO | Saved Data/BTCUSDT_futures_volume_5years_5min.csv, rows=239352
2026-04-07 05:00:27,301 | INFO | [BinanceService] Stats avg_volume=753.88 avg_buy=374.31 avg_sell=379.57 avg_ratio=1.12
2026-04-07 05:00:28,654 | INFO | Fetching ETHUSDT from 2026-04-06 21:00:00 to 2026-04-07 05:00:23.459109
2026-04-07 05:00:32,190 | INFO | Saved Data/ETHUSDT_futures_volume_5years_5min.csv, rows=239352
2026-04-07 05:00:32,193 | INFO | [BinanceService] Stats avg_volume=14308.00 avg_buy=7068.38 avg_sell=7239.62 avg_ratio=1.09
2026-04-07 05:00:33,542 | INFO | Fetching SOLUSDT from 2026-04-06 21:00:00 to 2026-04-07 05:00:23.459109
2026-04-07 05:00:36,812 | INFO | Saved Data/SOLUSDT_futures_volume_5years_5min.csv, rows=239352
2026-04-07 05:00:36,815 | INFO | [BinanceService] Stats avg_volume=79130.67 avg_buy=38907.69 avg_sell=40222.98 avg_ratio=1.06
2026-04-07 05:00:38,175 | INFO | Fetching DOGEUSDT from 2026-04-06 21:00:00 to 2026-04-07 05:00:23.459109
2026-04-07 05:00:41,623 | INFO | Saved Data/DOGEUSDT_futures_volume_5years_5min.csv, rows=239352
2026-04-07 05:00:41,626 | INFO | [BinanceService] Stats avg_volume=24287332.21 avg_buy=11867953.51 avg_sell=12419378.71 avg_ratio=1.08
2026-04-07 05:00:42,981 | INFO | Fetching 1000PEPEUSDT from 2026-04-06 21:00:00 to 2026-04-07 05:00:23.459109
2026-04-07 05:00:46,236 | INFO | Saved Data/1000PEPEUSDT_futures_volume_5years_5min.csv, rows=239352
2026-04-07 05:00:46,240 | INFO | [BinanceService] Stats avg_volume=384970428.46 avg_buy=189102800.27 avg_sell=195867628.19 avg_ratio=1.06
2026-04-07 05:00:47,242 | INFO | Sleeping 300s
2026-04-07 05:05:47,243 | INFO | Cycle 18 started
2026-04-07 05:05:47,243 | INFO | Target end_time=2026-04-07 05:05:47.243769
2026-04-07 05:05:47,597 | INFO | Fetching BTCUSDT from 2026-04-06 21:05:00 to 2026-04-07 05:05:47.243769
2026-04-07 05:05:50,981 | INFO | Saved Data/BTCUSDT_futures_volume_5years_5min.csv, rows=239353
2026-04-07 05:05:50,983 | INFO | [BinanceService] Stats avg_volume=753.88 avg_buy=374.31 avg_sell=379.57 avg_ratio=1.12
2026-04-07 05:05:52,338 | INFO | Fetching ETHUSDT from 2026-04-06 21:05:00 to 2026-04-07 05:05:47.243769
2026-04-07 05:05:55,623 | INFO | Saved Data/ETHUSDT_futures_volume_5years_5min.csv, rows=239353
2026-04-07 05:05:55,626 | INFO | [BinanceService] Stats avg_volume=14307.97 avg_buy=7068.36 avg_sell=7239.60 avg_ratio=1.09
2026-04-07 05:05:56,952 | INFO | Fetching SOLUSDT from 2026-04-06 21:05:00 to 2026-04-07 05:05:47.243769
2026-04-07 05:06:00,182 | INFO | Saved Data/SOLUSDT_futures_volume_5years_5min.csv, rows=239353
2026-04-07 05:06:00,186 | INFO | [BinanceService] Stats avg_volume=79130.44 avg_buy=38907.57 avg_sell=40222.86 avg_ratio=1.06
2026-04-07 05:06:01,551 | INFO | Fetching DOGEUSDT from 2026-04-06 21:05:00 to 2026-04-07 05:05:47.243769
2026-04-07 05:06:04,782 | INFO | Saved Data/DOGEUSDT_futures_volume_5years_5min.csv, rows=239353
2026-04-07 05:06:04,786 | INFO | [BinanceService] Stats avg_volume=24287283.96 avg_buy=11867923.88 avg_sell=12419360.08 avg_ratio=1.08
2026-04-07 05:06:06,160 | INFO | Fetching 1000PEPEUSDT from 2026-04-06 21:05:00 to 2026-04-07 05:05:47.243769
2026-04-07 05:06:09,342 | INFO | Saved Data/1000PEPEUSDT_futures_volume_5years_5min.csv, rows=239353
2026-04-07 05:06:09,345 | INFO | [BinanceService] Stats avg_volume=384969421.32 avg_buy=189102182.71 avg_sell=195867238.60 avg_ratio=1.06
2026-04-07 05:06:10,347 | INFO | Sleeping 300s
2026-04-07 05:11:10,348 | INFO | Cycle 19 started
2026-04-07 05:11:10,348 | INFO | Target end_time=2026-04-07 05:11:10.348119
2026-04-07 05:11:10,736 | INFO | Fetching BTCUSDT from 2026-04-06 21:10:00 to 2026-04-07 05:11:10.348119
2026-04-07 05:11:14,060 | INFO | Saved Data/BTCUSDT_futures_volume_5years_5min.csv, rows=239354
2026-04-07 05:11:14,063 | INFO | [BinanceService] Stats avg_volume=753.88 avg_buy=374.31 avg_sell=379.56 avg_ratio=1.12
2026-04-07 05:11:15,427 | INFO | Fetching ETHUSDT from 2026-04-06 21:10:00 to 2026-04-07 05:11:10.348119
2026-04-07 05:11:18,706 | INFO | Saved Data/ETHUSDT_futures_volume_5years_5min.csv, rows=239354
2026-04-07 05:11:18,709 | INFO | [BinanceService] Stats avg_volume=14307.92 avg_buy=7068.34 avg_sell=7239.58 avg_ratio=1.09
2026-04-07 05:11:20,050 | INFO | Fetching SOLUSDT from 2026-04-06 21:10:00 to 2026-04-07 05:11:10.348119
2026-04-07 05:11:23,262 | INFO | Saved Data/SOLUSDT_futures_volume_5years_5min.csv, rows=239354
2026-04-07 05:11:23,266 | INFO | [BinanceService] Stats avg_volume=79130.17 avg_buy=38907.42 avg_sell=40222.75 avg_ratio=1.06
2026-04-07 05:11:24,616 | INFO | Fetching DOGEUSDT from 2026-04-06 21:10:00 to 2026-04-07 05:11:10.348119
2026-04-07 05:11:27,851 | INFO | Saved Data/DOGEUSDT_futures_volume_5years_5min.csv, rows=239354
2026-04-07 05:11:27,855 | INFO | [BinanceService] Stats avg_volume=24287364.79 avg_buy=11867923.56 avg_sell=12419441.23 avg_ratio=1.08
2026-04-07 05:11:29,218 | INFO | Fetching 1000PEPEUSDT from 2026-04-06 21:10:00 to 2026-04-07 05:11:10.348119
2026-04-07 05:11:32,486 | INFO | Saved Data/1000PEPEUSDT_futures_volume_5years_5min.csv, rows=239354
2026-04-07 05:11:32,490 | INFO | [BinanceService] Stats avg_volume=384968298.39 avg_buy=189101571.59 avg_sell=195866726.80 avg_ratio=1.06
2026-04-07 05:11:33,491 | INFO | Sleeping 300s
2026-04-07 05:16:33,492 | INFO | Cycle 20 started
2026-04-07 05:16:33,492 | INFO | Target end_time=2026-04-07 05:16:33.492533
2026-04-07 05:16:33,857 | INFO | Fetching BTCUSDT from 2026-04-06 21:15:00 to 2026-04-07 05:16:33.492533
2026-04-07 05:16:37,231 | INFO | Saved Data/BTCUSDT_futures_volume_5years_5min.csv, rows=239355
2026-04-07 05:16:37,235 | INFO | [BinanceService] Stats avg_volume=753.87 avg_buy=374.31 avg_sell=379.56 avg_ratio=1.12
2026-04-07 05:16:38,594 | INFO | Fetching ETHUSDT from 2026-04-06 21:15:00 to 2026-04-07 05:16:33.492533
2026-04-07 05:16:41,803 | INFO | Saved Data/ETHUSDT_futures_volume_5years_5min.csv, rows=239355
2026-04-07 05:16:41,807 | INFO | [BinanceService] Stats avg_volume=14307.89 avg_buy=7068.33 avg_sell=7239.56 avg_ratio=1.09
2026-04-07 05:16:43,167 | INFO | Fetching SOLUSDT from 2026-04-06 21:15:00 to 2026-04-07 05:16:33.492533
2026-04-07 05:16:46,368 | INFO | Saved Data/SOLUSDT_futures_volume_5years_5min.csv, rows=239355
2026-04-07 05:16:46,372 | INFO | [BinanceService] Stats avg_volume=79129.97 avg_buy=38907.33 avg_sell=40222.64 avg_ratio=1.06
2026-04-07 05:16:47,730 | INFO | Fetching DOGEUSDT from 2026-04-06 21:15:00 to 2026-04-07 05:16:33.492533
2026-04-07 05:16:51,035 | INFO | Saved Data/DOGEUSDT_futures_volume_5years_5min.csv, rows=239355
2026-04-07 05:16:51,039 | INFO | [BinanceService] Stats avg_volume=24287315.86 avg_buy=11867901.52 avg_sell=12419414.34 avg_ratio=1.08
2026-04-07 05:16:52,396 | INFO | Fetching 1000PEPEUSDT from 2026-04-06 21:15:00 to 2026-04-07 05:16:33.492533
2026-04-07 05:16:55,680 | INFO | Saved Data/1000PEPEUSDT_futures_volume_5years_5min.csv, rows=239355
2026-04-07 05:16:55,693 | INFO | [BinanceService] Stats avg_volume=384967316.22 avg_buy=189101085.03 avg_sell=195866231.19 avg_ratio=1.06
2026-04-07 05:16:56,695 | INFO | Sleeping 300s
2026-04-07 05:21:56,696 | INFO | Cycle 21 started
2026-04-07 05:21:56,696 | INFO | Target end_time=2026-04-07 05:21:56.696869
2026-04-07 05:21:57,086 | INFO | Fetching BTCUSDT from 2026-04-06 21:20:00 to 2026-04-07 05:21:56.696869
2026-04-07 05:22:00,285 | INFO | Saved Data/BTCUSDT_futures_volume_5years_5min.csv, rows=239356
2026-04-07 05:22:00,289 | INFO | [BinanceService] Stats avg_volume=753.87 avg_buy=374.31 avg_sell=379.56 avg_ratio=1.12
2026-04-07 05:22:01,643 | INFO | Fetching ETHUSDT from 2026-04-06 21:20:00 to 2026-04-07 05:21:56.696869
2026-04-07 05:22:04,942 | INFO | Saved Data/ETHUSDT_futures_volume_5years_5min.csv, rows=239356
2026-04-07 05:22:04,946 | INFO | [BinanceService] Stats avg_volume=14307.85 avg_buy=7068.32 avg_sell=7239.53 avg_ratio=1.09
2026-04-07 05:22:06,285 | INFO | Fetching SOLUSDT from 2026-04-06 21:20:00 to 2026-04-07 05:21:56.696869
2026-04-07 05:22:09,394 | INFO | Saved Data/SOLUSDT_futures_volume_5years_5min.csv, rows=239356
2026-04-07 05:22:09,397 | INFO | [BinanceService] Stats avg_volume=79129.73 avg_buy=38907.22 avg_sell=40222.51 avg_ratio=1.06
2026-04-07 05:22:10,725 | INFO | Fetching DOGEUSDT from 2026-04-06 21:20:00 to 2026-04-07 05:21:56.696869
2026-04-07 05:22:14,054 | INFO | Saved Data/DOGEUSDT_futures_volume_5years_5min.csv, rows=239356
2026-04-07 05:22:14,057 | INFO | [BinanceService] Stats avg_volume=24287245.88 avg_buy=11867875.30 avg_sell=12419370.59 avg_ratio=1.08
2026-04-07 05:22:15,420 | INFO | Fetching 1000PEPEUSDT from 2026-04-06 21:20:00 to 2026-04-07 05:21:56.696869
2026-04-07 05:22:18,575 | INFO | Saved Data/1000PEPEUSDT_futures_volume_5years_5min.csv, rows=239356
2026-04-07 05:22:18,579 | INFO | [BinanceService] Stats avg_volume=384966030.77 avg_buy=189100436.80 avg_sell=195865593.97 avg_ratio=1.06
2026-04-07 05:22:19,580 | INFO | Sleeping 300s
2026-04-07 05:27:19,581 | INFO | Cycle 22 started
2026-04-07 05:27:19,581 | INFO | Target end_time=2026-04-07 05:27:19.581903
2026-04-07 05:27:19,810 | INFO | Fetching BTCUSDT from 2026-04-06 21:25:00 to 2026-04-07 05:27:19.581903
2026-04-07 05:27:23,004 | INFO | Saved Data/BTCUSDT_futures_volume_5years_5min.csv, rows=239357
2026-04-07 05:27:23,007 | INFO | [BinanceService] Stats avg_volume=753.87 avg_buy=374.31 avg_sell=379.56 avg_ratio=1.12
2026-04-07 05:27:24,353 | INFO | Fetching ETHUSDT from 2026-04-06 21:25:00 to 2026-04-07 05:27:19.581903
2026-04-07 05:27:27,587 | INFO | Saved Data/ETHUSDT_futures_volume_5years_5min.csv, rows=239357
2026-04-07 05:27:27,590 | INFO | [BinanceService] Stats avg_volume=14307.81 avg_buy=7068.30 avg_sell=7239.51 avg_ratio=1.09
2026-04-07 05:27:28,936 | INFO | Fetching SOLUSDT from 2026-04-06 21:25:00 to 2026-04-07 05:27:19.581903
2026-04-07 05:27:32,082 | INFO | Saved Data/SOLUSDT_futures_volume_5years_5min.csv, rows=239357
2026-04-07 05:27:32,087 | INFO | [BinanceService] Stats avg_volume=79129.50 avg_buy=38907.09 avg_sell=40222.40 avg_ratio=1.06
2026-04-07 05:27:33,466 | INFO | Fetching DOGEUSDT from 2026-04-06 21:25:00 to 2026-04-07 05:27:19.581903
2026-04-07 05:27:36,543 | INFO | Saved Data/DOGEUSDT_futures_volume_5years_5min.csv, rows=239357
2026-04-07 05:27:36,546 | INFO | [BinanceService] Stats avg_volume=24287171.61 avg_buy=11867833.70 avg_sell=12419337.91 avg_ratio=1.08
2026-04-07 05:27:37,895 | INFO | Fetching 1000PEPEUSDT from 2026-04-06 21:25:00 to 2026-04-07 05:27:19.581903
2026-04-07 05:27:40,971 | INFO | Saved Data/1000PEPEUSDT_futures_volume_5years_5min.csv, rows=239357
2026-04-07 05:27:40,974 | INFO | [BinanceService] Stats avg_volume=384964755.60 avg_buy=189099836.70 avg_sell=195864918.90 avg_ratio=1.06
2026-04-07 05:27:41,975 | INFO | Sleeping 300s
2026-04-07 05:32:41,976 | INFO | Cycle 23 started
2026-04-07 05:32:41,976 | INFO | Target end_time=2026-04-07 05:32:41.976863
2026-04-07 05:32:42,328 | INFO | Fetching BTCUSDT from 2026-04-06 21:30:00 to 2026-04-07 05:32:41.976863
2026-04-07 05:32:45,462 | INFO | Saved Data/BTCUSDT_futures_volume_5years_5min.csv, rows=239358
2026-04-07 05:32:45,466 | INFO | [BinanceService] Stats avg_volume=753.86 avg_buy=374.31 avg_sell=379.56 avg_ratio=1.12
2026-04-07 05:32:46,815 | INFO | Fetching ETHUSDT from 2026-04-06 21:30:00 to 2026-04-07 05:32:41.976863
2026-04-07 05:32:49,988 | INFO | Saved Data/ETHUSDT_futures_volume_5years_5min.csv, rows=239358
2026-04-07 05:32:49,992 | INFO | [BinanceService] Stats avg_volume=14307.76 avg_buy=7068.27 avg_sell=7239.49 avg_ratio=1.09
2026-04-07 05:32:51,334 | INFO | Fetching SOLUSDT from 2026-04-06 21:30:00 to 2026-04-07 05:32:41.976863
2026-04-07 05:32:54,549 | INFO | Saved Data/SOLUSDT_futures_volume_5years_5min.csv, rows=239358
2026-04-07 05:32:54,552 | INFO | [BinanceService] Stats avg_volume=79129.20 avg_buy=38906.95 avg_sell=40222.25 avg_ratio=1.06
2026-04-07 05:32:55,917 | INFO | Fetching DOGEUSDT from 2026-04-06 21:30:00 to 2026-04-07 05:32:41.976863
2026-04-07 05:32:59,092 | INFO | Saved Data/DOGEUSDT_futures_volume_5years_5min.csv, rows=239358
2026-04-07 05:32:59,095 | INFO | [BinanceService] Stats avg_volume=24287086.82 avg_buy=11867793.76 avg_sell=12419293.06 avg_ratio=1.08
2026-04-07 05:33:00,455 | INFO | Fetching 1000PEPEUSDT from 2026-04-06 21:30:00 to 2026-04-07 05:32:41.976863
2026-04-07 05:33:03,740 | INFO | Saved Data/1000PEPEUSDT_futures_volume_5years_5min.csv, rows=239358
2026-04-07 05:33:03,743 | INFO | [BinanceService] Stats avg_volume=384963422.35 avg_buy=189099172.37 avg_sell=195864249.98 avg_ratio=1.06
2026-04-07 05:33:04,744 | INFO | Sleeping 300s
2026-04-07 05:38:04,745 | INFO | Cycle 24 started
2026-04-07 05:38:04,745 | INFO | Target end_time=2026-04-07 05:38:04.745329
2026-04-07 05:38:05,062 | INFO | Fetching BTCUSDT from 2026-04-06 21:35:00 to 2026-04-07 05:38:04.745329
2026-04-07 05:38:08,380 | INFO | Saved Data/BTCUSDT_futures_volume_5years_5min.csv, rows=239359
2026-04-07 05:38:08,384 | INFO | [BinanceService] Stats avg_volume=753.86 avg_buy=374.30 avg_sell=379.56 avg_ratio=1.12
2026-04-07 05:38:09,736 | INFO | Fetching ETHUSDT from 2026-04-06 21:35:00 to 2026-04-07 05:38:04.745329
2026-04-07 05:38:13,000 | INFO | Saved Data/ETHUSDT_futures_volume_5years_5min.csv, rows=239359
2026-04-07 05:38:13,004 | INFO | [BinanceService] Stats avg_volume=14307.74 avg_buy=7068.26 avg_sell=7239.48 avg_ratio=1.09
2026-04-07 05:38:14,348 | INFO | Fetching SOLUSDT from 2026-04-06 21:35:00 to 2026-04-07 05:38:04.745329
2026-04-07 05:38:17,498 | INFO | Saved Data/SOLUSDT_futures_volume_5years_5min.csv, rows=239359
2026-04-07 05:38:17,502 | INFO | [BinanceService] Stats avg_volume=79129.05 avg_buy=38906.86 avg_sell=40222.19 avg_ratio=1.06
2026-04-07 05:38:18,833 | INFO | Fetching DOGEUSDT from 2026-04-06 21:35:00 to 2026-04-07 05:38:04.745329
2026-04-07 05:38:28,846 | ERROR | Fetch failed for DOGEUSDT: HTTPSConnectionPool(host='api.binance.com', port=443): Max retries exceeded with url: /api/v3/ping (Caused by ConnectTimeoutError(<urllib3.connection.HTTPSConnection object at 0x000001E43F720C10>, 'Connection to api.binance.com timed out. (connect timeout=10)'))
Traceback (most recent call last):
  File "C:\Users\User\Desktop\python\TradeTrainMode\.conda\Lib\site-packages\urllib3\connection.py", line 198, in _new_conn
    sock = connection.create_connection(
           ^^^^^^^^^^^^^^^^^^^^^^^^^^^^^
  File "C:\Users\User\Desktop\python\TradeTrainMode\.conda\Lib\site-packages\urllib3\util\connection.py", line 85, in create_connection
    raise err
  File "C:\Users\User\Desktop\python\TradeTrainMode\.conda\Lib\site-packages\urllib3\util\connection.py", line 73, in create_connection
    sock.connect(sa)
TimeoutError: timed out

The above exception was the direct cause of the following exception:

Traceback (most recent call last):
  File "C:\Users\User\Desktop\python\TradeTrainMode\.conda\Lib\site-packages\urllib3\connectionpool.py", line 787, in urlopen
    response = self._make_request(
               ^^^^^^^^^^^^^^^^^^^
  File "C:\Users\User\Desktop\python\TradeTrainMode\.conda\Lib\site-packages\urllib3\connectionpool.py", line 488, in _make_request
    raise new_e
  File "C:\Users\User\Desktop\python\TradeTrainMode\.conda\Lib\site-packages\urllib3\connectionpool.py", line 464, in _make_request
    self._validate_conn(conn)
  File "C:\Users\User\Desktop\python\TradeTrainMode\.conda\Lib\site-packages\urllib3\connectionpool.py", line 1093, in _validate_conn
    conn.connect()
  File "C:\Users\User\Desktop\python\TradeTrainMode\.conda\Lib\site-packages\urllib3\connection.py", line 704, in connect
    self.sock = sock = self._new_conn()
                       ^^^^^^^^^^^^^^^^
  File "C:\Users\User\Desktop\python\TradeTrainMode\.conda\Lib\site-packages\urllib3\connection.py", line 207, in _new_conn
    raise ConnectTimeoutError(
urllib3.exceptions.ConnectTimeoutError: (<urllib3.connection.HTTPSConnection object at 0x000001E43F720C10>, 'Connection to api.binance.com timed out. (connect timeout=10)')

The above exception was the direct cause of the following exception:

Traceback (most recent call last):
  File "C:\Users\User\Desktop\python\TradeTrainMode\.conda\Lib\site-packages\requests\adapters.py", line 667, in send
    resp = conn.urlopen(
           ^^^^^^^^^^^^^
  File "C:\Users\User\Desktop\python\TradeTrainMode\.conda\Lib\site-packages\urllib3\connectionpool.py", line 841, in urlopen
    retries = retries.increment(
              ^^^^^^^^^^^^^^^^^^
  File "C:\Users\User\Desktop\python\TradeTrainMode\.conda\Lib\site-packages\urllib3\util\retry.py", line 519, in increment
    raise MaxRetryError(_pool, url, reason) from reason  # type: ignore[arg-type]
    ^^^^^^^^^^^^^^^^^^^^^^^^^^^^^^^^^^^^^^^^^^^^^^^^^^^
urllib3.exceptions.MaxRetryError: HTTPSConnectionPool(host='api.binance.com', port=443): Max retries exceeded with url: /api/v3/ping (Caused by ConnectTimeoutError(<urllib3.connection.HTTPSConnection object at 0x000001E43F720C10>, 'Connection to api.binance.com timed out. (connect timeout=10)'))

During handling of the above exception, another exception occurred:

Traceback (most recent call last):
  File "C:\Users\User\Desktop\python\TradeTrainMode\services\data_fetch\binance_service.py", line 72, in run_once
    df = fetch_futures_data(symbol, interval, start_time, end_time)
         ^^^^^^^^^^^^^^^^^^^^^^^^^^^^^^^^^^^^^^^^^^^^^^^^^^^^^^^^^^
  File "C:\Users\User\Desktop\python\TradeTrainMode\GetTradeData.py", line 13, in fetch_futures_data
    client = Client()
             ^^^^^^^^
  File "C:\Users\User\Desktop\python\TradeTrainMode\.conda\Lib\site-packages\binance\client.py", line 51, in __init__
    self.ping()
  File "C:\Users\User\Desktop\python\TradeTrainMode\.conda\Lib\site-packages\binance\client.py", line 344, in ping
    return self._get("ping", version=self.PRIVATE_API_VERSION)
           ^^^^^^^^^^^^^^^^^^^^^^^^^^^^^^^^^^^^^^^^^^^^^^^^^^^
  File "C:\Users\User\Desktop\python\TradeTrainMode\.conda\Lib\site-packages\binance\client.py", line 180, in _get
    return self._request_api("get", path, signed, version, **kwargs)
           ^^^^^^^^^^^^^^^^^^^^^^^^^^^^^^^^^^^^^^^^^^^^^^^^^^^^^^^^^
  File "C:\Users\User\Desktop\python\TradeTrainMode\.conda\Lib\site-packages\binance\client.py", line 117, in _request_api
    return self._request(method, uri, signed, **kwargs)
           ^^^^^^^^^^^^^^^^^^^^^^^^^^^^^^^^^^^^^^^^^^^^
  File "C:\Users\User\Desktop\python\TradeTrainMode\.conda\Lib\site-packages\binance\client.py", line 88, in _request
    self.response = getattr(self.session, method)(uri, headers=headers, data=data, **kwargs)
                    ^^^^^^^^^^^^^^^^^^^^^^^^^^^^^^^^^^^^^^^^^^^^^^^^^^^^^^^^^^^^^^^^^^^^^^^^
  File "C:\Users\User\Desktop\python\TradeTrainMode\.conda\Lib\site-packages\requests\sessions.py", line 602, in get
    return self.request("GET", url, **kwargs)
           ^^^^^^^^^^^^^^^^^^^^^^^^^^^^^^^^^^
  File "C:\Users\User\Desktop\python\TradeTrainMode\.conda\Lib\site-packages\requests\sessions.py", line 589, in request
    resp = self.send(prep, **send_kwargs)
           ^^^^^^^^^^^^^^^^^^^^^^^^^^^^^^
  File "C:\Users\User\Desktop\python\TradeTrainMode\.conda\Lib\site-packages\requests\sessions.py", line 703, in send
    r = adapter.send(request, **kwargs)
        ^^^^^^^^^^^^^^^^^^^^^^^^^^^^^^^
  File "C:\Users\User\Desktop\python\TradeTrainMode\.conda\Lib\site-packages\requests\adapters.py", line 688, in send
    raise ConnectTimeout(e, request=request)
requests.exceptions.ConnectTimeout: HTTPSConnectionPool(host='api.binance.com', port=443): Max retries exceeded with url: /api/v3/ping (Caused by ConnectTimeoutError(<urllib3.connection.HTTPSConnection object at 0x000001E43F720C10>, 'Connection to api.binance.com timed out. (connect timeout=10)'))
2026-04-07 05:38:29,266 | INFO | Fetching 1000PEPEUSDT from 2026-04-06 21:35:00 to 2026-04-07 05:38:04.745329
2026-04-07 05:38:33,568 | INFO | Saved Data/1000PEPEUSDT_futures_volume_5years_5min.csv, rows=239359
2026-04-07 05:38:33,571 | INFO | [BinanceService] Stats avg_volume=384962345.33 avg_buy=189098670.23 avg_sell=195863675.09 avg_ratio=1.06
2026-04-07 05:38:34,573 | INFO | Sleeping 300s
2026-04-07 05:43:34,574 | INFO | Cycle 25 started
2026-04-07 05:43:34,574 | INFO | Target end_time=2026-04-07 05:43:34.574427
2026-04-07 05:43:34,888 | INFO | Fetching BTCUSDT from 2026-04-06 21:40:00 to 2026-04-07 05:43:34.574427
2026-04-07 05:43:38,317 | INFO | Saved Data/BTCUSDT_futures_volume_5years_5min.csv, rows=239360
2026-04-07 05:43:38,321 | INFO | [BinanceService] Stats avg_volume=753.86 avg_buy=374.30 avg_sell=379.56 avg_ratio=1.12
2026-04-07 05:43:39,678 | INFO | Fetching ETHUSDT from 2026-04-06 21:40:00 to 2026-04-07 05:43:34.574427
2026-04-07 05:43:43,025 | INFO | Saved Data/ETHUSDT_futures_volume_5years_5min.csv, rows=239360
2026-04-07 05:43:43,028 | INFO | [BinanceService] Stats avg_volume=14307.72 avg_buy=7068.25 avg_sell=7239.47 avg_ratio=1.09
2026-04-07 05:43:44,374 | INFO | Fetching SOLUSDT from 2026-04-06 21:40:00 to 2026-04-07 05:43:34.574427
2026-04-07 05:43:47,451 | INFO | Saved Data/SOLUSDT_futures_volume_5years_5min.csv, rows=239360
2026-04-07 05:43:47,455 | INFO | [BinanceService] Stats avg_volume=79128.81 avg_buy=38906.75 avg_sell=40222.06 avg_ratio=1.06
2026-04-07 05:43:48,779 | INFO | Fetching DOGEUSDT from 2026-04-06 21:35:00 to 2026-04-07 05:43:34.574427
2026-04-07 05:43:51,957 | INFO | Saved Data/DOGEUSDT_futures_volume_5years_5min.csv, rows=239360
2026-04-07 05:43:51,960 | INFO | [BinanceService] Stats avg_volume=24286968.99 avg_buy=11867737.47 avg_sell=12419231.52 avg_ratio=1.08
2026-04-07 05:43:53,318 | INFO | Fetching 1000PEPEUSDT from 2026-04-06 21:40:00 to 2026-04-07 05:43:34.574427
2026-04-07 05:43:56,407 | INFO | Saved Data/1000PEPEUSDT_futures_volume_5years_5min.csv, rows=239360
2026-04-07 05:43:56,410 | INFO | [BinanceService] Stats avg_volume=384962708.61 avg_buy=189098378.16 avg_sell=195864330.45 avg_ratio=1.06
2026-04-07 05:43:57,412 | INFO | Sleeping 300s
2026-04-07 05:48:57,413 | INFO | Cycle 26 started
2026-04-07 05:48:57,413 | INFO | Target end_time=2026-04-07 05:48:57.413094
2026-04-07 05:48:57,786 | INFO | Fetching BTCUSDT from 2026-04-06 21:45:00 to 2026-04-07 05:48:57.413094
2026-04-07 05:49:01,118 | INFO | Saved Data/BTCUSDT_futures_volume_5years_5min.csv, rows=239361
2026-04-07 05:49:01,121 | INFO | [BinanceService] Stats avg_volume=753.86 avg_buy=374.30 avg_sell=379.56 avg_ratio=1.12
2026-04-07 05:49:02,447 | INFO | Fetching ETHUSDT from 2026-04-06 21:45:00 to 2026-04-07 05:48:57.413094
2026-04-07 05:49:05,668 | INFO | Saved Data/ETHUSDT_futures_volume_5years_5min.csv, rows=239361
2026-04-07 05:49:05,672 | INFO | [BinanceService] Stats avg_volume=14307.69 avg_buy=7068.24 avg_sell=7239.46 avg_ratio=1.09
2026-04-07 05:49:07,017 | INFO | Fetching SOLUSDT from 2026-04-06 21:45:00 to 2026-04-07 05:48:57.413094
2026-04-07 05:49:10,090 | INFO | Saved Data/SOLUSDT_futures_volume_5years_5min.csv, rows=239361
2026-04-07 05:49:10,094 | INFO | [BinanceService] Stats avg_volume=79128.61 avg_buy=38906.65 avg_sell=40221.96 avg_ratio=1.06
2026-04-07 05:49:11,456 | INFO | Fetching DOGEUSDT from 2026-04-06 21:45:00 to 2026-04-07 05:48:57.413094
2026-04-07 05:49:14,697 | INFO | Saved Data/DOGEUSDT_futures_volume_5years_5min.csv, rows=239361
2026-04-07 05:49:14,701 | INFO | [BinanceService] Stats avg_volume=24286905.71 avg_buy=11867710.34 avg_sell=12419195.37 avg_ratio=1.08
2026-04-07 05:49:16,063 | INFO | Fetching 1000PEPEUSDT from 2026-04-06 21:45:00 to 2026-04-07 05:48:57.413094
2026-04-07 05:49:19,175 | INFO | Saved Data/1000PEPEUSDT_futures_volume_5years_5min.csv, rows=239361
2026-04-07 05:49:19,179 | INFO | [BinanceService] Stats avg_volume=384961655.09 avg_buy=189097969.82 avg_sell=195863685.27 avg_ratio=1.06
2026-04-07 05:49:20,180 | INFO | Sleeping 300s
2026-04-07 05:54:20,181 | INFO | Cycle 27 started
2026-04-07 05:54:20,181 | INFO | Target end_time=2026-04-07 05:54:20.181712
2026-04-07 05:54:20,547 | INFO | Fetching BTCUSDT from 2026-04-06 21:50:00 to 2026-04-07 05:54:20.181712
2026-04-07 05:54:23,743 | INFO | Saved Data/BTCUSDT_futures_volume_5years_5min.csv, rows=239362
2026-04-07 05:54:23,747 | INFO | [BinanceService] Stats avg_volume=753.86 avg_buy=374.30 avg_sell=379.55 avg_ratio=1.12
2026-04-07 05:54:25,108 | INFO | Fetching ETHUSDT from 2026-04-06 21:50:00 to 2026-04-07 05:54:20.181712
2026-04-07 05:54:28,375 | INFO | Saved Data/ETHUSDT_futures_volume_5years_5min.csv, rows=239362
2026-04-07 05:54:28,378 | INFO | [BinanceService] Stats avg_volume=14307.65 avg_buy=7068.22 avg_sell=7239.44 avg_ratio=1.09
2026-04-07 05:54:29,725 | INFO | Fetching SOLUSDT from 2026-04-06 21:50:00 to 2026-04-07 05:54:20.181712
2026-04-07 05:54:33,016 | INFO | Saved Data/SOLUSDT_futures_volume_5years_5min.csv, rows=239362
2026-04-07 05:54:33,019 | INFO | [BinanceService] Stats avg_volume=79128.44 avg_buy=38906.56 avg_sell=40221.88 avg_ratio=1.06
2026-04-07 05:54:34,370 | INFO | Fetching DOGEUSDT from 2026-04-06 21:50:00 to 2026-04-07 05:54:20.181712
2026-04-07 05:54:37,550 | INFO | Saved Data/DOGEUSDT_futures_volume_5years_5min.csv, rows=239362
2026-04-07 05:54:37,554 | INFO | [BinanceService] Stats avg_volume=24286821.20 avg_buy=11867668.97 avg_sell=12419152.23 avg_ratio=1.08
2026-04-07 05:54:38,918 | INFO | Fetching 1000PEPEUSDT from 2026-04-06 21:50:00 to 2026-04-07 05:54:20.181712
2026-04-07 05:54:42,137 | INFO | Saved Data/1000PEPEUSDT_futures_volume_5years_5min.csv, rows=239362
2026-04-07 05:54:42,139 | INFO | [BinanceService] Stats avg_volume=384960586.78 avg_buy=189097474.70 avg_sell=195863112.08 avg_ratio=1.06
2026-04-07 05:54:43,141 | INFO | Sleeping 300s
2026-04-07 05:59:43,143 | INFO | Cycle 28 started
2026-04-07 05:59:43,143 | INFO | Target end_time=2026-04-07 05:59:43.143099
2026-04-07 05:59:43,538 | INFO | Fetching BTCUSDT from 2026-04-06 21:55:00 to 2026-04-07 05:59:43.143099
2026-04-07 05:59:46,678 | INFO | Saved Data/BTCUSDT_futures_volume_5years_5min.csv, rows=239363
2026-04-07 05:59:46,682 | INFO | [BinanceService] Stats avg_volume=753.85 avg_buy=374.30 avg_sell=379.55 avg_ratio=1.12
2026-04-07 05:59:48,026 | INFO | Fetching ETHUSDT from 2026-04-06 21:55:00 to 2026-04-07 05:59:43.143099
2026-04-07 05:59:51,249 | INFO | Saved Data/ETHUSDT_futures_volume_5years_5min.csv, rows=239363
2026-04-07 05:59:51,253 | INFO | [BinanceService] Stats avg_volume=14307.61 avg_buy=7068.20 avg_sell=7239.41 avg_ratio=1.09
2026-04-07 05:59:52,607 | INFO | Fetching SOLUSDT from 2026-04-06 21:55:00 to 2026-04-07 05:59:43.143099
2026-04-07 05:59:55,635 | INFO | Saved Data/SOLUSDT_futures_volume_5years_5min.csv, rows=239363
2026-04-07 05:59:55,638 | INFO | [BinanceService] Stats avg_volume=79128.23 avg_buy=38906.47 avg_sell=40221.76 avg_ratio=1.06
2026-04-07 05:59:56,989 | INFO | Fetching DOGEUSDT from 2026-04-06 21:55:00 to 2026-04-07 05:59:43.143099
2026-04-07 06:00:00,143 | INFO | Saved Data/DOGEUSDT_futures_volume_5years_5min.csv, rows=239363
2026-04-07 06:00:00,147 | INFO | [BinanceService] Stats avg_volume=24286748.84 avg_buy=11867633.17 avg_sell=12419115.66 avg_ratio=1.08
2026-04-07 06:00:01,515 | INFO | Fetching 1000PEPEUSDT from 2026-04-06 21:55:00 to 2026-04-07 05:59:43.143099
2026-04-07 06:00:04,824 | INFO | Saved Data/1000PEPEUSDT_futures_volume_5years_5min.csv, rows=239363
2026-04-07 06:00:04,827 | INFO | [BinanceService] Stats avg_volume=384959270.24 avg_buy=189096857.56 avg_sell=195862412.68 avg_ratio=1.06
2026-04-07 06:00:05,829 | INFO | Sleeping 300s
2026-04-07 06:05:05,829 | INFO | Cycle 29 started
2026-04-07 06:05:05,829 | INFO | Target end_time=2026-04-07 06:05:05.829923
2026-04-07 06:05:06,202 | INFO | Fetching BTCUSDT from 2026-04-06 22:00:00 to 2026-04-07 06:05:05.829923
2026-04-07 06:05:09,481 | INFO | Saved Data/BTCUSDT_futures_volume_5years_5min.csv, rows=239365
2026-04-07 06:05:09,484 | INFO | [BinanceService] Stats avg_volume=753.85 avg_buy=374.30 avg_sell=379.55 avg_ratio=1.12
2026-04-07 06:05:10,841 | INFO | Fetching ETHUSDT from 2026-04-06 22:00:00 to 2026-04-07 06:05:05.829923
2026-04-07 06:05:14,116 | INFO | Saved Data/ETHUSDT_futures_volume_5years_5min.csv, rows=239365
2026-04-07 06:05:14,120 | INFO | [BinanceService] Stats avg_volume=14307.55 avg_buy=7068.16 avg_sell=7239.39 avg_ratio=1.09
2026-04-07 06:05:15,472 | INFO | Fetching SOLUSDT from 2026-04-06 22:00:00 to 2026-04-07 06:05:05.829923
2026-04-07 06:05:18,631 | INFO | Saved Data/SOLUSDT_futures_volume_5years_5min.csv, rows=239365
2026-04-07 06:05:18,634 | INFO | [BinanceService] Stats avg_volume=79127.77 avg_buy=38906.24 avg_sell=40221.52 avg_ratio=1.06
2026-04-07 06:05:19,992 | INFO | Fetching DOGEUSDT from 2026-04-06 22:00:00 to 2026-04-07 06:05:05.829923
2026-04-07 06:05:23,102 | INFO | Saved Data/DOGEUSDT_futures_volume_5years_5min.csv, rows=239365
2026-04-07 06:05:23,106 | INFO | [BinanceService] Stats avg_volume=24286705.28 avg_buy=11867595.74 avg_sell=12419109.54 avg_ratio=1.08
2026-04-07 06:05:24,466 | INFO | Fetching 1000PEPEUSDT from 2026-04-06 22:00:00 to 2026-04-07 06:05:05.829923
2026-04-07 06:05:27,696 | INFO | Saved Data/1000PEPEUSDT_futures_volume_5years_5min.csv, rows=239365
2026-04-07 06:05:27,700 | INFO | [BinanceService] Stats avg_volume=384959543.81 avg_buy=189096506.92 avg_sell=195863036.89 avg_ratio=1.06
2026-04-07 06:05:28,701 | INFO | Sleeping 300s
2026-04-07 06:10:28,702 | INFO | Cycle 30 started
2026-04-07 06:10:28,702 | INFO | Target end_time=2026-04-07 06:10:28.702002
2026-04-07 06:10:29,085 | INFO | Fetching BTCUSDT from 2026-04-06 22:10:00 to 2026-04-07 06:10:28.702002
2026-04-07 06:10:32,553 | INFO | Saved Data/BTCUSDT_futures_volume_5years_5min.csv, rows=239366
2026-04-07 06:10:32,557 | INFO | [BinanceService] Stats avg_volume=753.85 avg_buy=374.30 avg_sell=379.55 avg_ratio=1.12
2026-04-07 06:10:33,915 | INFO | Fetching ETHUSDT from 2026-04-06 22:10:00 to 2026-04-07 06:10:28.702002
2026-04-07 06:10:37,516 | INFO | Saved Data/ETHUSDT_futures_volume_5years_5min.csv, rows=239366
2026-04-07 06:10:37,518 | INFO | [BinanceService] Stats avg_volume=14307.51 avg_buy=7068.14 avg_sell=7239.36 avg_ratio=1.09
2026-04-07 06:10:38,869 | INFO | Fetching SOLUSDT from 2026-04-06 22:10:00 to 2026-04-07 06:10:28.702002
2026-04-07 06:10:42,173 | INFO | Saved Data/SOLUSDT_futures_volume_5years_5min.csv, rows=239366
2026-04-07 06:10:42,177 | INFO | [BinanceService] Stats avg_volume=79127.56 avg_buy=38906.17 avg_sell=40221.39 avg_ratio=1.06
2026-04-07 06:10:43,531 | INFO | Fetching DOGEUSDT from 2026-04-06 22:10:00 to 2026-04-07 06:10:28.702002
2026-04-07 06:10:47,184 | INFO | Saved Data/DOGEUSDT_futures_volume_5years_5min.csv, rows=239366
2026-04-07 06:10:47,187 | INFO | [BinanceService] Stats avg_volume=24286641.62 avg_buy=11867567.83 avg_sell=12419073.80 avg_ratio=1.08
2026-04-07 06:10:48,538 | INFO | Fetching 1000PEPEUSDT from 2026-04-06 22:10:00 to 2026-04-07 06:10:28.702002
2026-04-07 06:10:51,851 | INFO | Saved Data/1000PEPEUSDT_futures_volume_5years_5min.csv, rows=239366
2026-04-07 06:10:51,854 | INFO | [BinanceService] Stats avg_volume=384960016.46 avg_buy=189096580.04 avg_sell=195863436.42 avg_ratio=1.06
2026-04-07 06:10:52,856 | INFO | Sleeping 300s
2026-04-07 06:15:52,857 | INFO | Cycle 31 started
2026-04-07 06:15:52,857 | INFO | Target end_time=2026-04-07 06:15:52.857516
2026-04-07 06:15:53,226 | INFO | Fetching BTCUSDT from 2026-04-06 22:15:00 to 2026-04-07 06:15:52.857516
2026-04-07 06:15:56,466 | INFO | Saved Data/BTCUSDT_futures_volume_5years_5min.csv, rows=239367
2026-04-07 06:15:56,469 | INFO | [BinanceService] Stats avg_volume=753.85 avg_buy=374.30 avg_sell=379.55 avg_ratio=1.12
2026-04-07 06:15:57,820 | INFO | Fetching ETHUSDT from 2026-04-06 22:15:00 to 2026-04-07 06:15:52.857516
2026-04-07 06:16:01,108 | INFO | Saved Data/ETHUSDT_futures_volume_5years_5min.csv, rows=239367
2026-04-07 06:16:01,111 | INFO | [BinanceService] Stats avg_volume=14307.48 avg_buy=7068.13 avg_sell=7239.35 avg_ratio=1.09
2026-04-07 06:16:02,454 | INFO | Fetching SOLUSDT from 2026-04-06 22:15:00 to 2026-04-07 06:15:52.857516
2026-04-07 06:16:05,680 | INFO | Saved Data/SOLUSDT_futures_volume_5years_5min.csv, rows=239367
2026-04-07 06:16:05,683 | INFO | [BinanceService] Stats avg_volume=79127.39 avg_buy=38906.08 avg_sell=40221.31 avg_ratio=1.06
2026-04-07 06:16:07,047 | INFO | Fetching DOGEUSDT from 2026-04-06 22:15:00 to 2026-04-07 06:15:52.857516
2026-04-07 06:16:10,376 | INFO | Saved Data/DOGEUSDT_futures_volume_5years_5min.csv, rows=239367
2026-04-07 06:16:10,380 | INFO | [BinanceService] Stats avg_volume=24286564.83 avg_buy=11867533.75 avg_sell=12419031.08 avg_ratio=1.08
2026-04-07 06:16:11,712 | INFO | Fetching 1000PEPEUSDT from 2026-04-06 22:15:00 to 2026-04-07 06:15:52.857516
2026-04-07 06:16:14,981 | INFO | Saved Data/1000PEPEUSDT_futures_volume_5years_5min.csv, rows=239367
2026-04-07 06:16:14,985 | INFO | [BinanceService] Stats avg_volume=384959778.15 avg_buy=189096614.33 avg_sell=195863163.81 avg_ratio=1.06
2026-04-07 06:16:15,986 | INFO | Sleeping 300s
2026-04-07 06:21:15,987 | INFO | Cycle 32 started
2026-04-07 06:21:15,988 | INFO | Target end_time=2026-04-07 06:21:15.988224
2026-04-07 06:21:16,367 | INFO | Fetching BTCUSDT from 2026-04-06 22:20:00 to 2026-04-07 06:21:15.988224
2026-04-07 06:21:19,505 | INFO | Saved Data/BTCUSDT_futures_volume_5years_5min.csv, rows=239368
2026-04-07 06:21:19,508 | INFO | [BinanceService] Stats avg_volume=753.84 avg_buy=374.30 avg_sell=379.55 avg_ratio=1.12
2026-04-07 06:21:20,869 | INFO | Fetching ETHUSDT from 2026-04-06 22:20:00 to 2026-04-07 06:21:15.988224
2026-04-07 06:21:24,120 | INFO | Saved Data/ETHUSDT_futures_volume_5years_5min.csv, rows=239368
2026-04-07 06:21:24,124 | INFO | [BinanceService] Stats avg_volume=14307.50 avg_buy=7068.16 avg_sell=7239.34 avg_ratio=1.09
2026-04-07 06:21:25,448 | INFO | Fetching SOLUSDT from 2026-04-06 22:20:00 to 2026-04-07 06:21:15.988224
2026-04-07 06:21:28,709 | INFO | Saved Data/SOLUSDT_futures_volume_5years_5min.csv, rows=239368
2026-04-07 06:21:28,714 | INFO | [BinanceService] Stats avg_volume=79127.30 avg_buy=38906.03 avg_sell=40221.27 avg_ratio=1.06
2026-04-07 06:21:30,043 | INFO | Fetching DOGEUSDT from 2026-04-06 22:20:00 to 2026-04-07 06:21:15.988224
2026-04-07 06:21:33,340 | INFO | Saved Data/DOGEUSDT_futures_volume_5years_5min.csv, rows=239368
2026-04-07 06:21:33,343 | INFO | [BinanceService] Stats avg_volume=24286525.49 avg_buy=11867510.05 avg_sell=12419015.44 avg_ratio=1.08
2026-04-07 06:21:34,705 | INFO | Fetching 1000PEPEUSDT from 2026-04-06 22:20:00 to 2026-04-07 06:21:15.988224
2026-04-07 06:21:37,916 | INFO | Saved Data/1000PEPEUSDT_futures_volume_5years_5min.csv, rows=239368
2026-04-07 06:21:37,919 | INFO | [BinanceService] Stats avg_volume=384962308.93 avg_buy=189097501.44 avg_sell=195864807.49 avg_ratio=1.06
2026-04-07 06:21:38,920 | INFO | Sleeping 300s
2026-04-07 06:26:38,921 | INFO | Cycle 33 started
2026-04-07 06:26:38,921 | INFO | Target end_time=2026-04-07 06:26:38.921752
2026-04-07 06:26:39,324 | INFO | Fetching BTCUSDT from 2026-04-06 22:25:00 to 2026-04-07 06:26:38.921752
2026-04-07 06:26:42,616 | INFO | Saved Data/BTCUSDT_futures_volume_5years_5min.csv, rows=239369
2026-04-07 06:26:42,621 | INFO | [BinanceService] Stats avg_volume=753.84 avg_buy=374.29 avg_sell=379.55 avg_ratio=1.12
2026-04-07 06:26:43,963 | INFO | Fetching ETHUSDT from 2026-04-06 22:25:00 to 2026-04-07 06:26:38.921752
2026-04-07 06:26:47,210 | INFO | Saved Data/ETHUSDT_futures_volume_5years_5min.csv, rows=239369
2026-04-07 06:26:47,214 | INFO | [BinanceService] Stats avg_volume=14307.58 avg_buy=7068.20 avg_sell=7239.38 avg_ratio=1.09
2026-04-07 06:26:48,553 | INFO | Fetching SOLUSDT from 2026-04-06 22:25:00 to 2026-04-07 06:26:38.921752
2026-04-07 06:26:51,686 | INFO | Saved Data/SOLUSDT_futures_volume_5years_5min.csv, rows=239369
2026-04-07 06:26:51,689 | INFO | [BinanceService] Stats avg_volume=79127.34 avg_buy=38906.03 avg_sell=40221.31 avg_ratio=1.06
2026-04-07 06:26:53,040 | INFO | Fetching DOGEUSDT from 2026-04-06 22:25:00 to 2026-04-07 06:26:38.921752
2026-04-07 06:26:56,186 | INFO | Saved Data/DOGEUSDT_futures_volume_5years_5min.csv, rows=239369
2026-04-07 06:26:56,190 | INFO | [BinanceService] Stats avg_volume=24286604.05 avg_buy=11867519.68 avg_sell=12419084.37 avg_ratio=1.08
2026-04-07 06:26:57,540 | INFO | Fetching 1000PEPEUSDT from 2026-04-06 22:25:00 to 2026-04-07 06:26:38.921752
2026-04-07 06:27:00,712 | INFO | Saved Data/1000PEPEUSDT_futures_volume_5years_5min.csv, rows=239369
2026-04-07 06:27:00,716 | INFO | [BinanceService] Stats avg_volume=384965544.29 avg_buy=189098381.92 avg_sell=195867162.37 avg_ratio=1.06
2026-04-07 06:27:01,717 | INFO | Sleeping 300s
2026-04-07 06:32:01,724 | INFO | Cycle 34 started
2026-04-07 06:32:01,724 | INFO | Target end_time=2026-04-07 06:32:01.724701
2026-04-07 06:32:02,015 | INFO | Fetching BTCUSDT from 2026-04-06 22:30:00 to 2026-04-07 06:32:01.724701
2026-04-07 06:32:05,340 | INFO | Saved Data/BTCUSDT_futures_volume_5years_5min.csv, rows=239370
2026-04-07 06:32:05,344 | INFO | [BinanceService] Stats avg_volume=753.84 avg_buy=374.29 avg_sell=379.55 avg_ratio=1.12
2026-04-07 06:32:06,693 | INFO | Fetching ETHUSDT from 2026-04-06 22:30:00 to 2026-04-07 06:32:01.724701
2026-04-07 06:32:09,883 | INFO | Saved Data/ETHUSDT_futures_volume_5years_5min.csv, rows=239370
2026-04-07 06:32:09,886 | INFO | [BinanceService] Stats avg_volume=14307.60 avg_buy=7068.21 avg_sell=7239.39 avg_ratio=1.09
2026-04-07 06:32:11,231 | INFO | Fetching SOLUSDT from 2026-04-06 22:30:00 to 2026-04-07 06:32:01.724701
2026-04-07 06:32:14,444 | INFO | Saved Data/SOLUSDT_futures_volume_5years_5min.csv, rows=239370
2026-04-07 06:32:14,447 | INFO | [BinanceService] Stats avg_volume=79127.23 avg_buy=38905.95 avg_sell=40221.27 avg_ratio=1.06
2026-04-07 06:32:15,781 | INFO | Fetching DOGEUSDT from 2026-04-06 22:30:00 to 2026-04-07 06:32:01.724701
2026-04-07 06:32:18,959 | INFO | Saved Data/DOGEUSDT_futures_volume_5years_5min.csv, rows=239370
2026-04-07 06:32:18,963 | INFO | [BinanceService] Stats avg_volume=24286628.10 avg_buy=11867520.05 avg_sell=12419108.05 avg_ratio=1.08
2026-04-07 06:32:20,321 | INFO | Fetching 1000PEPEUSDT from 2026-04-06 22:30:00 to 2026-04-07 06:32:01.724701
2026-04-07 06:32:23,458 | INFO | Saved Data/1000PEPEUSDT_futures_volume_5years_5min.csv, rows=239370
2026-04-07 06:32:23,460 | INFO | [BinanceService] Stats avg_volume=384968917.70 avg_buy=189099545.51 avg_sell=195869372.19 avg_ratio=1.06
2026-04-07 06:32:24,462 | INFO | Sleeping 300s
2026-04-07 06:37:24,462 | INFO | Cycle 35 started
2026-04-07 06:37:24,462 | INFO | Target end_time=2026-04-07 06:37:24.462857
2026-04-07 06:37:24,788 | INFO | Fetching BTCUSDT from 2026-04-06 22:35:00 to 2026-04-07 06:37:24.462857
2026-04-07 06:37:28,011 | INFO | Saved Data/BTCUSDT_futures_volume_5years_5min.csv, rows=239371
2026-04-07 06:37:28,015 | INFO | [BinanceService] Stats avg_volume=753.84 avg_buy=374.29 avg_sell=379.55 avg_ratio=1.12
2026-04-07 06:37:29,382 | INFO | Fetching ETHUSDT from 2026-04-06 22:35:00 to 2026-04-07 06:37:24.462857
2026-04-07 06:37:32,651 | INFO | Saved Data/ETHUSDT_futures_volume_5years_5min.csv, rows=239371
2026-04-07 06:37:32,654 | INFO | [BinanceService] Stats avg_volume=14307.60 avg_buy=7068.21 avg_sell=7239.39 avg_ratio=1.09
2026-04-07 06:37:34,003 | INFO | Fetching SOLUSDT from 2026-04-06 22:35:00 to 2026-04-07 06:37:24.462857
2026-04-07 06:37:37,065 | INFO | Saved Data/SOLUSDT_futures_volume_5years_5min.csv, rows=239371
2026-04-07 06:37:37,069 | INFO | [BinanceService] Stats avg_volume=79127.62 avg_buy=38905.97 avg_sell=40221.65 avg_ratio=1.06
2026-04-07 06:37:38,439 | INFO | Fetching DOGEUSDT from 2026-04-06 22:35:00 to 2026-04-07 06:37:24.462857
2026-04-07 06:37:41,689 | INFO | Saved Data/DOGEUSDT_futures_volume_5years_5min.csv, rows=239371
2026-04-07 06:37:41,694 | INFO | [BinanceService] Stats avg_volume=24286612.15 avg_buy=11867506.64 avg_sell=12419105.51 avg_ratio=1.08
2026-04-07 06:37:43,047 | INFO | Fetching 1000PEPEUSDT from 2026-04-06 22:35:00 to 2026-04-07 06:37:24.462857
2026-04-07 06:37:46,240 | INFO | Saved Data/1000PEPEUSDT_futures_volume_5years_5min.csv, rows=239371
2026-04-07 06:37:46,244 | INFO | [BinanceService] Stats avg_volume=384972191.22 avg_buy=189101417.73 avg_sell=195870773.49 avg_ratio=1.06
2026-04-07 06:37:47,249 | INFO | Sleeping 300s
2026-04-07 06:42:47,250 | INFO | Cycle 36 started
2026-04-07 06:42:47,250 | INFO | Target end_time=2026-04-07 06:42:47.250356
2026-04-07 06:42:47,642 | INFO | Fetching BTCUSDT from 2026-04-06 22:40:00 to 2026-04-07 06:42:47.250356
2026-04-07 06:42:50,881 | INFO | Saved Data/BTCUSDT_futures_volume_5years_5min.csv, rows=239372
2026-04-07 06:42:50,885 | INFO | [BinanceService] Stats avg_volume=753.84 avg_buy=374.29 avg_sell=379.55 avg_ratio=1.12
2026-04-07 06:42:52,234 | INFO | Fetching ETHUSDT from 2026-04-06 22:40:00 to 2026-04-07 06:42:47.250356
2026-04-07 06:42:55,415 | INFO | Saved Data/ETHUSDT_futures_volume_5years_5min.csv, rows=239372
2026-04-07 06:42:55,419 | INFO | [BinanceService] Stats avg_volume=14307.56 avg_buy=7068.19 avg_sell=7239.36 avg_ratio=1.09
2026-04-07 06:42:56,759 | INFO | Fetching SOLUSDT from 2026-04-06 22:40:00 to 2026-04-07 06:42:47.250356
2026-04-07 06:42:59,844 | INFO | Saved Data/SOLUSDT_futures_volume_5years_5min.csv, rows=239372
2026-04-07 06:42:59,847 | INFO | [BinanceService] Stats avg_volume=79127.56 avg_buy=38905.92 avg_sell=40221.65 avg_ratio=1.06
2026-04-07 06:43:01,202 | INFO | Fetching DOGEUSDT from 2026-04-06 22:40:00 to 2026-04-07 06:42:47.250356
2026-04-07 06:43:04,393 | INFO | Saved Data/DOGEUSDT_futures_volume_5years_5min.csv, rows=239372
2026-04-07 06:43:04,397 | INFO | [BinanceService] Stats avg_volume=24286618.79 avg_buy=11867487.87 avg_sell=12419130.92 avg_ratio=1.08
2026-04-07 06:43:05,758 | INFO | Fetching 1000PEPEUSDT from 2026-04-06 22:40:00 to 2026-04-07 06:42:47.250356
2026-04-07 06:43:08,923 | INFO | Saved Data/1000PEPEUSDT_futures_volume_5years_5min.csv, rows=239372
2026-04-07 06:43:08,926 | INFO | [BinanceService] Stats avg_volume=384972668.65 avg_buy=189101456.60 avg_sell=195871212.04 avg_ratio=1.06
2026-04-07 06:43:09,927 | INFO | Sleeping 300s
2026-04-07 06:48:09,928 | INFO | Cycle 37 started
2026-04-07 06:48:09,928 | INFO | Target end_time=2026-04-07 06:48:09.928081
2026-04-07 06:48:10,300 | INFO | Fetching BTCUSDT from 2026-04-06 22:45:00 to 2026-04-07 06:48:09.928081
2026-04-07 06:48:13,472 | INFO | Saved Data/BTCUSDT_futures_volume_5years_5min.csv, rows=239373
2026-04-07 06:48:13,475 | INFO | [BinanceService] Stats avg_volume=753.84 avg_buy=374.29 avg_sell=379.54 avg_ratio=1.12
2026-04-07 06:48:14,839 | INFO | Fetching ETHUSDT from 2026-04-06 22:45:00 to 2026-04-07 06:48:09.928081
2026-04-07 06:48:18,253 | INFO | Saved Data/ETHUSDT_futures_volume_5years_5min.csv, rows=239373
2026-04-07 06:48:18,256 | INFO | [BinanceService] Stats avg_volume=14307.55 avg_buy=7068.18 avg_sell=7239.37 avg_ratio=1.09
2026-04-07 06:48:19,604 | INFO | Fetching SOLUSDT from 2026-04-06 22:45:00 to 2026-04-07 06:48:09.928081
2026-04-07 06:48:22,831 | INFO | Saved Data/SOLUSDT_futures_volume_5years_5min.csv, rows=239373
2026-04-07 06:48:22,835 | INFO | [BinanceService] Stats avg_volume=79128.13 avg_buy=38906.14 avg_sell=40221.99 avg_ratio=1.06
2026-04-07 06:48:24,179 | INFO | Fetching DOGEUSDT from 2026-04-06 22:45:00 to 2026-04-07 06:48:09.928081
2026-04-07 06:48:27,405 | INFO | Saved Data/DOGEUSDT_futures_volume_5years_5min.csv, rows=239373
2026-04-07 06:48:27,409 | INFO | [BinanceService] Stats avg_volume=24286599.66 avg_buy=11867471.77 avg_sell=12419127.89 avg_ratio=1.08
2026-04-07 06:48:28,776 | INFO | Fetching 1000PEPEUSDT from 2026-04-06 22:45:00 to 2026-04-07 06:48:09.928081
2026-04-07 06:48:31,985 | INFO | Saved Data/1000PEPEUSDT_futures_volume_5years_5min.csv, rows=239373
2026-04-07 06:48:31,988 | INFO | [BinanceService] Stats avg_volume=384974265.53 avg_buy=189102422.36 avg_sell=195871843.17 avg_ratio=1.06
2026-04-07 06:48:32,989 | INFO | Sleeping 300s
2026-04-07 06:53:32,990 | INFO | Cycle 38 started
2026-04-07 06:53:32,990 | INFO | Target end_time=2026-04-07 06:53:32.990963
2026-04-07 06:53:33,363 | INFO | Fetching BTCUSDT from 2026-04-06 22:50:00 to 2026-04-07 06:53:32.990963
2026-04-07 06:53:36,615 | INFO | Saved Data/BTCUSDT_futures_volume_5years_5min.csv, rows=239374
2026-04-07 06:53:36,618 | INFO | [BinanceService] Stats avg_volume=753.84 avg_buy=374.29 avg_sell=379.55 avg_ratio=1.12
2026-04-07 06:53:37,970 | INFO | Fetching ETHUSDT from 2026-04-06 22:50:00 to 2026-04-07 06:53:32.990963
2026-04-07 06:53:41,196 | INFO | Saved Data/ETHUSDT_futures_volume_5years_5min.csv, rows=239374
2026-04-07 06:53:41,199 | INFO | [BinanceService] Stats avg_volume=14307.69 avg_buy=7068.23 avg_sell=7239.47 avg_ratio=1.09
2026-04-07 06:53:42,542 | INFO | Fetching SOLUSDT from 2026-04-06 22:50:00 to 2026-04-07 06:53:32.990963
2026-04-07 06:53:45,759 | INFO | Saved Data/SOLUSDT_futures_volume_5years_5min.csv, rows=239374
2026-04-07 06:53:45,762 | INFO | [BinanceService] Stats avg_volume=79128.58 avg_buy=38906.33 avg_sell=40222.25 avg_ratio=1.06
2026-04-07 06:53:47,110 | INFO | Fetching DOGEUSDT from 2026-04-06 22:50:00 to 2026-04-07 06:53:32.990963
2026-04-07 06:53:50,462 | INFO | Saved Data/DOGEUSDT_futures_volume_5years_5min.csv, rows=239374
2026-04-07 06:53:50,467 | INFO | [BinanceService] Stats avg_volume=24287041.68 avg_buy=11867809.27 avg_sell=12419232.41 avg_ratio=1.08
2026-04-07 06:53:51,821 | INFO | Fetching 1000PEPEUSDT from 2026-04-06 22:50:00 to 2026-04-07 06:53:32.990963
2026-04-07 06:53:55,114 | INFO | Saved Data/1000PEPEUSDT_futures_volume_5years_5min.csv, rows=239374
2026-04-07 06:53:55,117 | INFO | [BinanceService] Stats avg_volume=384976249.91 avg_buy=189103483.19 avg_sell=195872766.72 avg_ratio=1.06
2026-04-07 06:53:56,118 | INFO | Sleeping 300s
2026-04-07 06:58:56,120 | INFO | Cycle 39 started
2026-04-07 06:58:56,120 | INFO | Target end_time=2026-04-07 06:58:56.120418
2026-04-07 06:58:56,363 | INFO | Fetching BTCUSDT from 2026-04-06 22:55:00 to 2026-04-07 06:58:56.120418
2026-04-07 06:58:59,573 | INFO | Saved Data/BTCUSDT_futures_volume_5years_5min.csv, rows=239375
2026-04-07 06:58:59,576 | INFO | [BinanceService] Stats avg_volume=753.84 avg_buy=374.29 avg_sell=379.55 avg_ratio=1.12
2026-04-07 06:59:00,920 | INFO | Fetching ETHUSDT from 2026-04-06 22:55:00 to 2026-04-07 06:58:56.120418
2026-04-07 06:59:04,100 | INFO | Saved Data/ETHUSDT_futures_volume_5years_5min.csv, rows=239375
2026-04-07 06:59:04,104 | INFO | [BinanceService] Stats avg_volume=14307.94 avg_buy=7068.35 avg_sell=7239.59 avg_ratio=1.09
2026-04-07 06:59:05,443 | INFO | Fetching SOLUSDT from 2026-04-06 22:55:00 to 2026-04-07 06:58:56.120418
2026-04-07 06:59:08,711 | INFO | Saved Data/SOLUSDT_futures_volume_5years_5min.csv, rows=239375
2026-04-07 06:59:08,715 | INFO | [BinanceService] Stats avg_volume=79128.79 avg_buy=38906.43 avg_sell=40222.36 avg_ratio=1.06
2026-04-07 06:59:10,067 | INFO | Fetching DOGEUSDT from 2026-04-06 22:55:00 to 2026-04-07 06:58:56.120418
2026-04-07 06:59:13,206 | INFO | Saved Data/DOGEUSDT_futures_volume_5years_5min.csv, rows=239375
2026-04-07 06:59:13,209 | INFO | [BinanceService] Stats avg_volume=24287460.60 avg_buy=11868122.65 avg_sell=12419337.95 avg_ratio=1.08
2026-04-07 06:59:14,565 | INFO | Fetching 1000PEPEUSDT from 2026-04-06 22:55:00 to 2026-04-07 06:58:56.120418
2026-04-07 06:59:17,846 | INFO | Saved Data/1000PEPEUSDT_futures_volume_5years_5min.csv, rows=239375
2026-04-07 06:59:17,850 | INFO | [BinanceService] Stats avg_volume=384977347.93 avg_buy=189103929.69 avg_sell=195873418.23 avg_ratio=1.06
2026-04-07 06:59:18,851 | INFO | Sleeping 300s
2026-04-07 07:04:18,852 | INFO | Cycle 40 started
2026-04-07 07:04:18,852 | INFO | Target end_time=2026-04-07 07:04:18.852323
2026-04-07 07:04:19,228 | INFO | Fetching BTCUSDT from 2026-04-06 23:00:00 to 2026-04-07 07:04:18.852323
2026-04-07 07:04:22,559 | INFO | Saved Data/BTCUSDT_futures_volume_5years_5min.csv, rows=239376
2026-04-07 07:04:22,563 | INFO | [BinanceService] Stats avg_volume=753.86 avg_buy=374.30 avg_sell=379.56 avg_ratio=1.12
2026-04-07 07:04:23,913 | INFO | Fetching ETHUSDT from 2026-04-06 23:00:00 to 2026-04-07 07:04:18.852323
2026-04-07 07:04:27,210 | INFO | Saved Data/ETHUSDT_futures_volume_5years_5min.csv, rows=239376
2026-04-07 07:04:27,214 | INFO | [BinanceService] Stats avg_volume=14308.54 avg_buy=7068.60 avg_sell=7239.94 avg_ratio=1.09
2026-04-07 07:04:28,541 | INFO | Fetching SOLUSDT from 2026-04-06 23:00:00 to 2026-04-07 07:04:18.852323
2026-04-07 07:04:31,746 | INFO | Saved Data/SOLUSDT_futures_volume_5years_5min.csv, rows=239376
2026-04-07 07:04:31,749 | INFO | [BinanceService] Stats avg_volume=79130.52 avg_buy=38907.29 avg_sell=40223.23 avg_ratio=1.06
2026-04-07 07:04:33,098 | INFO | Fetching DOGEUSDT from 2026-04-06 23:00:00 to 2026-04-07 07:04:18.852323
2026-04-07 07:04:36,269 | INFO | Saved Data/DOGEUSDT_futures_volume_5years_5min.csv, rows=239376
2026-04-07 07:04:36,272 | INFO | [BinanceService] Stats avg_volume=24288172.27 avg_buy=11868413.22 avg_sell=12419759.05 avg_ratio=1.08
2026-04-07 07:04:37,644 | INFO | Fetching 1000PEPEUSDT from 2026-04-06 23:00:00 to 2026-04-07 07:04:18.852323
2026-04-07 07:04:40,972 | INFO | Saved Data/1000PEPEUSDT_futures_volume_5years_5min.csv, rows=239376
2026-04-07 07:04:40,975 | INFO | [BinanceService] Stats avg_volume=384983423.58 avg_buy=189106535.35 avg_sell=195876888.23 avg_ratio=1.06
2026-04-07 07:04:41,975 | INFO | Sleeping 300s
2026-04-07 07:09:41,976 | INFO | Cycle 41 started
2026-04-07 07:09:41,976 | INFO | Target end_time=2026-04-07 07:09:41.976417
2026-04-07 07:09:42,333 | INFO | Fetching BTCUSDT from 2026-04-06 23:05:00 to 2026-04-07 07:09:41.976417
2026-04-07 07:09:45,741 | INFO | Saved Data/BTCUSDT_futures_volume_5years_5min.csv, rows=239377
2026-04-07 07:09:45,743 | INFO | [BinanceService] Stats avg_volume=753.87 avg_buy=374.30 avg_sell=379.57 avg_ratio=1.12
2026-04-07 07:09:47,104 | INFO | Fetching ETHUSDT from 2026-04-06 23:05:00 to 2026-04-07 07:09:41.976417
2026-04-07 07:09:50,455 | INFO | Saved Data/ETHUSDT_futures_volume_5years_5min.csv, rows=239377
2026-04-07 07:09:50,459 | INFO | [BinanceService] Stats avg_volume=14308.92 avg_buy=7068.79 avg_sell=7240.13 avg_ratio=1.09
2026-04-07 07:09:51,810 | INFO | Fetching SOLUSDT from 2026-04-06 23:05:00 to 2026-04-07 07:09:41.976417
2026-04-07 07:09:55,022 | INFO | Saved Data/SOLUSDT_futures_volume_5years_5min.csv, rows=239377
2026-04-07 07:09:55,026 | INFO | [BinanceService] Stats avg_volume=79131.19 avg_buy=38907.59 avg_sell=40223.59 avg_ratio=1.06
2026-04-07 07:09:56,384 | INFO | Fetching DOGEUSDT from 2026-04-06 23:05:00 to 2026-04-07 07:09:41.976417
2026-04-07 07:09:59,744 | INFO | Saved Data/DOGEUSDT_futures_volume_5years_5min.csv, rows=239377
2026-04-07 07:09:59,747 | INFO | [BinanceService] Stats avg_volume=24288534.30 avg_buy=11868602.36 avg_sell=12419931.94 avg_ratio=1.08
2026-04-07 07:10:01,097 | INFO | Fetching 1000PEPEUSDT from 2026-04-06 23:05:00 to 2026-04-07 07:09:41.976417
2026-04-07 07:10:04,372 | INFO | Saved Data/1000PEPEUSDT_futures_volume_5years_5min.csv, rows=239377
2026-04-07 07:10:04,375 | INFO | [BinanceService] Stats avg_volume=384987789.44 avg_buy=189108239.08 avg_sell=195879550.36 avg_ratio=1.06
2026-04-07 07:10:05,377 | INFO | Sleeping 300s
2026-04-07 07:15:05,378 | INFO | Cycle 42 started
2026-04-07 07:15:05,378 | INFO | Target end_time=2026-04-07 07:15:05.378252
2026-04-07 07:15:05,761 | INFO | Fetching BTCUSDT from 2026-04-06 23:10:00 to 2026-04-07 07:15:05.378252
2026-04-07 07:15:09,075 | INFO | Saved Data/BTCUSDT_futures_volume_5years_5min.csv, rows=239379
2026-04-07 07:15:09,078 | INFO | [BinanceService] Stats avg_volume=753.87 avg_buy=374.30 avg_sell=379.57 avg_ratio=1.12
2026-04-07 07:15:10,422 | INFO | Fetching ETHUSDT from 2026-04-06 23:10:00 to 2026-04-07 07:15:05.378252
2026-04-07 07:15:13,576 | INFO | Saved Data/ETHUSDT_futures_volume_5years_5min.csv, rows=239379
2026-04-07 07:15:13,579 | INFO | [BinanceService] Stats avg_volume=14309.03 avg_buy=7068.85 avg_sell=7240.18 avg_ratio=1.09
2026-04-07 07:15:14,921 | INFO | Fetching SOLUSDT from 2026-04-06 23:10:00 to 2026-04-07 07:15:05.378252
2026-04-07 07:15:18,074 | INFO | Saved Data/SOLUSDT_futures_volume_5years_5min.csv, rows=239379
2026-04-07 07:15:18,078 | INFO | [BinanceService] Stats avg_volume=79131.39 avg_buy=38907.73 avg_sell=40223.67 avg_ratio=1.06
2026-04-07 07:15:19,437 | INFO | Fetching DOGEUSDT from 2026-04-06 23:10:00 to 2026-04-07 07:15:05.378252
2026-04-07 07:15:22,837 | INFO | Saved Data/DOGEUSDT_futures_volume_5years_5min.csv, rows=239379
2026-04-07 07:15:22,841 | INFO | [BinanceService] Stats avg_volume=24288547.57 avg_buy=11868594.88 avg_sell=12419952.70 avg_ratio=1.08
2026-04-07 07:15:24,193 | INFO | Fetching 1000PEPEUSDT from 2026-04-06 23:10:00 to 2026-04-07 07:15:05.378252
2026-04-07 07:15:27,393 | INFO | Saved Data/1000PEPEUSDT_futures_volume_5years_5min.csv, rows=239379
2026-04-07 07:15:27,395 | INFO | [BinanceService] Stats avg_volume=384994900.26 avg_buy=189111868.52 avg_sell=195883031.75 avg_ratio=1.06
2026-04-07 07:15:28,396 | INFO | Sleeping 300s
2026-04-07 07:20:28,397 | INFO | Cycle 43 started
2026-04-07 07:20:28,397 | INFO | Target end_time=2026-04-07 07:20:28.397390
2026-04-07 07:20:28,781 | INFO | Fetching BTCUSDT from 2026-04-06 23:20:00 to 2026-04-07 07:20:28.397390
2026-04-07 07:20:32,043 | INFO | Saved Data/BTCUSDT_futures_volume_5years_5min.csv, rows=239380
2026-04-07 07:20:32,046 | INFO | [BinanceService] Stats avg_volume=753.87 avg_buy=374.30 avg_sell=379.57 avg_ratio=1.12
2026-04-07 07:20:33,403 | INFO | Fetching ETHUSDT from 2026-04-06 23:20:00 to 2026-04-07 07:20:28.397390
2026-04-07 07:20:36,589 | INFO | Saved Data/ETHUSDT_futures_volume_5years_5min.csv, rows=239380
2026-04-07 07:20:36,592 | INFO | [BinanceService] Stats avg_volume=14309.07 avg_buy=7068.88 avg_sell=7240.20 avg_ratio=1.09
2026-04-07 07:20:37,927 | INFO | Fetching SOLUSDT from 2026-04-06 23:20:00 to 2026-04-07 07:20:28.397390
2026-04-07 07:20:41,124 | INFO | Saved Data/SOLUSDT_futures_volume_5years_5min.csv, rows=239380
2026-04-07 07:20:41,128 | INFO | [BinanceService] Stats avg_volume=79131.43 avg_buy=38907.75 avg_sell=40223.68 avg_ratio=1.06
2026-04-07 07:20:42,488 | INFO | Fetching DOGEUSDT from 2026-04-06 23:20:00 to 2026-04-07 07:20:28.397390
2026-04-07 07:20:45,600 | INFO | Saved Data/DOGEUSDT_futures_volume_5years_5min.csv, rows=239380
2026-04-07 07:20:45,603 | INFO | [BinanceService] Stats avg_volume=24288570.66 avg_buy=11868603.75 avg_sell=12419966.91 avg_ratio=1.08
2026-04-07 07:20:46,965 | INFO | Fetching 1000PEPEUSDT from 2026-04-06 23:20:00 to 2026-04-07 07:20:28.397390
2026-04-07 07:20:49,984 | INFO | Saved Data/1000PEPEUSDT_futures_volume_5years_5min.csv, rows=239380
2026-04-07 07:20:49,988 | INFO | [BinanceService] Stats avg_volume=384995439.77 avg_buy=189111849.32 avg_sell=195883590.45 avg_ratio=1.06
2026-04-07 07:20:50,989 | INFO | Sleeping 300s
2026-04-07 07:25:50,990 | INFO | Cycle 44 started
2026-04-07 07:25:50,990 | INFO | Target end_time=2026-04-07 07:25:50.990810
2026-04-07 07:25:51,330 | INFO | Fetching BTCUSDT from 2026-04-06 23:25:00 to 2026-04-07 07:25:50.990810
2026-04-07 07:25:54,532 | INFO | Saved Data/BTCUSDT_futures_volume_5years_5min.csv, rows=239381
2026-04-07 07:25:54,535 | INFO | [BinanceService] Stats avg_volume=753.87 avg_buy=374.30 avg_sell=379.57 avg_ratio=1.12
2026-04-07 07:25:55,897 | INFO | Fetching ETHUSDT from 2026-04-06 23:25:00 to 2026-04-07 07:25:50.990810
2026-04-07 07:25:59,107 | INFO | Saved Data/ETHUSDT_futures_volume_5years_5min.csv, rows=239381
2026-04-07 07:25:59,110 | INFO | [BinanceService] Stats avg_volume=14309.15 avg_buy=7068.91 avg_sell=7240.24 avg_ratio=1.09
2026-04-07 07:26:00,444 | INFO | Fetching SOLUSDT from 2026-04-06 23:25:00 to 2026-04-07 07:25:50.990810
2026-04-07 07:26:03,654 | INFO | Saved Data/SOLUSDT_futures_volume_5years_5min.csv, rows=239381
2026-04-07 07:26:03,658 | INFO | [BinanceService] Stats avg_volume=79131.41 avg_buy=38907.76 avg_sell=40223.65 avg_ratio=1.06
2026-04-07 07:26:05,012 | INFO | Fetching DOGEUSDT from 2026-04-06 23:25:00 to 2026-04-07 07:25:50.990810
2026-04-07 07:26:08,164 | INFO | Saved Data/DOGEUSDT_futures_volume_5years_5min.csv, rows=239381
2026-04-07 07:26:08,167 | INFO | [BinanceService] Stats avg_volume=24288605.34 avg_buy=11868637.86 avg_sell=12419967.49 avg_ratio=1.08
2026-04-07 07:26:09,531 | INFO | Fetching 1000PEPEUSDT from 2026-04-06 23:25:00 to 2026-04-07 07:25:50.990810
2026-04-07 07:26:12,756 | INFO | Saved Data/1000PEPEUSDT_futures_volume_5years_5min.csv, rows=239381
2026-04-07 07:26:12,759 | INFO | [BinanceService] Stats avg_volume=384996363.56 avg_buy=189112116.83 avg_sell=195884246.73 avg_ratio=1.06
2026-04-07 07:26:13,761 | INFO | Sleeping 300s
2026-04-07 07:31:13,761 | INFO | Cycle 45 started
2026-04-07 07:31:13,761 | INFO | Target end_time=2026-04-07 07:31:13.761767
2026-04-07 07:31:14,118 | INFO | Fetching BTCUSDT from 2026-04-06 23:30:00 to 2026-04-07 07:31:13.761767
2026-04-07 07:31:17,346 | INFO | Saved Data/BTCUSDT_futures_volume_5years_5min.csv, rows=239382
2026-04-07 07:31:17,350 | INFO | [BinanceService] Stats avg_volume=753.87 avg_buy=374.30 avg_sell=379.57 avg_ratio=1.12
2026-04-07 07:31:18,705 | INFO | Fetching ETHUSDT from 2026-04-06 23:30:00 to 2026-04-07 07:31:13.761767
2026-04-07 07:31:21,906 | INFO | Saved Data/ETHUSDT_futures_volume_5years_5min.csv, rows=239382
2026-04-07 07:31:21,909 | INFO | [BinanceService] Stats avg_volume=14309.15 avg_buy=7068.91 avg_sell=7240.24 avg_ratio=1.09
2026-04-07 07:31:23,244 | INFO | Fetching SOLUSDT from 2026-04-06 23:30:00 to 2026-04-07 07:31:13.761767
2026-04-07 07:31:26,495 | INFO | Saved Data/SOLUSDT_futures_volume_5years_5min.csv, rows=239382
2026-04-07 07:31:26,498 | INFO | [BinanceService] Stats avg_volume=79131.33 avg_buy=38907.74 avg_sell=40223.60 avg_ratio=1.06
2026-04-07 07:31:27,849 | INFO | Fetching DOGEUSDT from 2026-04-06 23:30:00 to 2026-04-07 07:31:13.761767
2026-04-07 07:31:30,950 | INFO | Saved Data/DOGEUSDT_futures_volume_5years_5min.csv, rows=239382
2026-04-07 07:31:30,953 | INFO | [BinanceService] Stats avg_volume=24288587.70 avg_buy=11868628.27 avg_sell=12419959.43 avg_ratio=1.08
2026-04-07 07:31:32,308 | INFO | Fetching 1000PEPEUSDT from 2026-04-06 23:30:00 to 2026-04-07 07:31:13.761767
2026-04-07 07:31:35,545 | INFO | Saved Data/1000PEPEUSDT_futures_volume_5years_5min.csv, rows=239382
2026-04-07 07:31:35,549 | INFO | [BinanceService] Stats avg_volume=384996899.09 avg_buy=189112348.16 avg_sell=195884550.93 avg_ratio=1.06
2026-04-07 07:31:36,550 | INFO | Sleeping 300s
2026-04-07 07:36:36,551 | INFO | Cycle 46 started
2026-04-07 07:36:36,551 | INFO | Target end_time=2026-04-07 07:36:36.551664
2026-04-07 07:36:36,920 | INFO | Fetching BTCUSDT from 2026-04-06 23:35:00 to 2026-04-07 07:36:36.551664
2026-04-07 07:36:40,173 | INFO | Saved Data/BTCUSDT_futures_volume_5years_5min.csv, rows=239383
2026-04-07 07:36:40,177 | INFO | [BinanceService] Stats avg_volume=753.87 avg_buy=374.30 avg_sell=379.57 avg_ratio=1.12
2026-04-07 07:36:41,553 | INFO | Fetching ETHUSDT from 2026-04-06 23:35:00 to 2026-04-07 07:36:36.551664
2026-04-07 07:36:44,820 | INFO | Saved Data/ETHUSDT_futures_volume_5years_5min.csv, rows=239383
2026-04-07 07:36:44,823 | INFO | [BinanceService] Stats avg_volume=14309.20 avg_buy=7068.95 avg_sell=7240.25 avg_ratio=1.09
2026-04-07 07:36:46,161 | INFO | Fetching SOLUSDT from 2026-04-06 23:35:00 to 2026-04-07 07:36:36.551664
2026-04-07 07:36:49,340 | INFO | Saved Data/SOLUSDT_futures_volume_5years_5min.csv, rows=239383
2026-04-07 07:36:49,343 | INFO | [BinanceService] Stats avg_volume=79131.53 avg_buy=38907.83 avg_sell=40223.70 avg_ratio=1.06
2026-04-07 07:36:50,711 | INFO | Fetching DOGEUSDT from 2026-04-06 23:35:00 to 2026-04-07 07:36:36.551664
2026-04-07 07:36:53,818 | INFO | Saved Data/DOGEUSDT_futures_volume_5years_5min.csv, rows=239383
2026-04-07 07:36:53,821 | INFO | [BinanceService] Stats avg_volume=24288562.33 avg_buy=11868612.43 avg_sell=12419949.90 avg_ratio=1.08
2026-04-07 07:36:55,184 | INFO | Fetching 1000PEPEUSDT from 2026-04-06 23:35:00 to 2026-04-07 07:36:36.551664
2026-04-07 07:36:58,480 | INFO | Saved Data/1000PEPEUSDT_futures_volume_5years_5min.csv, rows=239383
2026-04-07 07:36:58,485 | INFO | [BinanceService] Stats avg_volume=384996928.79 avg_buy=189112509.87 avg_sell=195884418.92 avg_ratio=1.06
2026-04-07 07:36:59,487 | INFO | Sleeping 300s
2026-04-07 07:41:59,488 | INFO | Cycle 47 started
2026-04-07 07:41:59,488 | INFO | Target end_time=2026-04-07 07:41:59.488514
2026-04-07 07:41:59,869 | INFO | Fetching BTCUSDT from 2026-04-06 23:40:00 to 2026-04-07 07:41:59.488514
2026-04-07 07:42:03,043 | INFO | Saved Data/BTCUSDT_futures_volume_5years_5min.csv, rows=239384
2026-04-07 07:42:03,046 | INFO | [BinanceService] Stats avg_volume=753.87 avg_buy=374.30 avg_sell=379.57 avg_ratio=1.12
2026-04-07 07:42:04,404 | INFO | Fetching ETHUSDT from 2026-04-06 23:40:00 to 2026-04-07 07:41:59.488514
2026-04-07 07:42:07,662 | INFO | Saved Data/ETHUSDT_futures_volume_5years_5min.csv, rows=239384
2026-04-07 07:42:07,665 | INFO | [BinanceService] Stats avg_volume=14309.27 avg_buy=7069.00 avg_sell=7240.26 avg_ratio=1.09
2026-04-07 07:42:09,002 | INFO | Fetching SOLUSDT from 2026-04-06 23:40:00 to 2026-04-07 07:41:59.488514
2026-04-07 07:42:12,132 | INFO | Saved Data/SOLUSDT_futures_volume_5years_5min.csv, rows=239384
2026-04-07 07:42:12,135 | INFO | [BinanceService] Stats avg_volume=79132.07 avg_buy=38908.27 avg_sell=40223.81 avg_ratio=1.06
2026-04-07 07:42:13,478 | INFO | Fetching DOGEUSDT from 2026-04-06 23:40:00 to 2026-04-07 07:41:59.488514
2026-04-07 07:42:16,654 | INFO | Saved Data/DOGEUSDT_futures_volume_5years_5min.csv, rows=239384
2026-04-07 07:42:16,657 | INFO | [BinanceService] Stats avg_volume=24288561.02 avg_buy=11868628.79 avg_sell=12419932.23 avg_ratio=1.08
2026-04-07 07:42:18,017 | INFO | Fetching 1000PEPEUSDT from 2026-04-06 23:40:00 to 2026-04-07 07:41:59.488514
2026-04-07 07:42:21,094 | INFO | Saved Data/1000PEPEUSDT_futures_volume_5years_5min.csv, rows=239384
2026-04-07 07:42:21,097 | INFO | [BinanceService] Stats avg_volume=384996875.89 avg_buy=189112529.14 avg_sell=195884346.75 avg_ratio=1.06
2026-04-07 07:42:22,098 | INFO | Sleeping 300s
2026-04-07 07:47:22,099 | INFO | Cycle 48 started
2026-04-07 07:47:22,099 | INFO | Target end_time=2026-04-07 07:47:22.099727
2026-04-07 07:47:22,476 | INFO | Fetching BTCUSDT from 2026-04-06 23:45:00 to 2026-04-07 07:47:22.099727
2026-04-07 07:47:25,645 | INFO | Saved Data/BTCUSDT_futures_volume_5years_5min.csv, rows=239385
2026-04-07 07:47:25,649 | INFO | [BinanceService] Stats avg_volume=753.87 avg_buy=374.30 avg_sell=379.57 avg_ratio=1.12
2026-04-07 07:47:26,949 | INFO | Fetching ETHUSDT from 2026-04-06 23:45:00 to 2026-04-07 07:47:22.099727
2026-04-07 07:47:30,094 | INFO | Saved Data/ETHUSDT_futures_volume_5years_5min.csv, rows=239385
2026-04-07 07:47:30,098 | INFO | [BinanceService] Stats avg_volume=14309.36 avg_buy=7069.07 avg_sell=7240.29 avg_ratio=1.09
2026-04-07 07:47:31,436 | INFO | Fetching SOLUSDT from 2026-04-06 23:45:00 to 2026-04-07 07:47:22.099727
2026-04-07 07:47:34,617 | INFO | Saved Data/SOLUSDT_futures_volume_5years_5min.csv, rows=239385
2026-04-07 07:47:34,620 | INFO | [BinanceService] Stats avg_volume=79132.60 avg_buy=38908.39 avg_sell=40224.21 avg_ratio=1.06
2026-04-07 07:47:35,962 | INFO | Fetching DOGEUSDT from 2026-04-06 23:45:00 to 2026-04-07 07:47:22.099727
2026-04-07 07:47:39,252 | INFO | Saved Data/DOGEUSDT_futures_volume_5years_5min.csv, rows=239385
2026-04-07 07:47:39,255 | INFO | [BinanceService] Stats avg_volume=24288546.57 avg_buy=11868628.76 avg_sell=12419917.80 avg_ratio=1.08
2026-04-07 07:47:40,603 | INFO | Fetching 1000PEPEUSDT from 2026-04-06 23:45:00 to 2026-04-07 07:47:22.099727
2026-04-07 07:47:43,813 | INFO | Saved Data/1000PEPEUSDT_futures_volume_5years_5min.csv, rows=239385
2026-04-07 07:47:43,817 | INFO | [BinanceService] Stats avg_volume=384997074.19 avg_buy=189112538.63 avg_sell=195884535.57 avg_ratio=1.06
2026-04-07 07:47:44,817 | INFO | Sleeping 300s
2026-04-07 07:52:44,819 | INFO | Cycle 49 started
2026-04-07 07:52:44,819 | INFO | Target end_time=2026-04-07 07:52:44.819224
2026-04-07 07:52:45,195 | INFO | Fetching BTCUSDT from 2026-04-06 23:50:00 to 2026-04-07 07:52:44.819224
2026-04-07 07:52:48,503 | INFO | Saved Data/BTCUSDT_futures_volume_5years_5min.csv, rows=239386
2026-04-07 07:52:48,506 | INFO | [BinanceService] Stats avg_volume=753.87 avg_buy=374.30 avg_sell=379.57 avg_ratio=1.12
2026-04-07 07:52:49,855 | INFO | Fetching ETHUSDT from 2026-04-06 23:50:00 to 2026-04-07 07:52:44.819224
2026-04-07 07:52:53,034 | INFO | Saved Data/ETHUSDT_futures_volume_5years_5min.csv, rows=239386
2026-04-07 07:52:53,037 | INFO | [BinanceService] Stats avg_volume=14309.35 avg_buy=7069.08 avg_sell=7240.28 avg_ratio=1.09
2026-04-07 07:52:54,383 | INFO | Fetching SOLUSDT from 2026-04-06 23:50:00 to 2026-04-07 07:52:44.819224
2026-04-07 07:52:57,639 | INFO | Saved Data/SOLUSDT_futures_volume_5years_5min.csv, rows=239386
2026-04-07 07:52:57,642 | INFO | [BinanceService] Stats avg_volume=79132.60 avg_buy=38908.46 avg_sell=40224.13 avg_ratio=1.06
2026-04-07 07:52:59,006 | INFO | Fetching DOGEUSDT from 2026-04-06 23:50:00 to 2026-04-07 07:52:44.819224
2026-04-07 07:53:02,175 | INFO | Saved Data/DOGEUSDT_futures_volume_5years_5min.csv, rows=239386
2026-04-07 07:53:02,178 | INFO | [BinanceService] Stats avg_volume=24288505.08 avg_buy=11868612.73 avg_sell=12419892.35 avg_ratio=1.08
2026-04-07 07:53:03,537 | INFO | Fetching 1000PEPEUSDT from 2026-04-06 23:50:00 to 2026-04-07 07:52:44.819224
2026-04-07 07:53:06,833 | INFO | Saved Data/1000PEPEUSDT_futures_volume_5years_5min.csv, rows=239386
2026-04-07 07:53:06,836 | INFO | [BinanceService] Stats avg_volume=384996922.34 avg_buy=189112357.99 avg_sell=195884564.34 avg_ratio=1.06
2026-04-07 07:53:07,837 | INFO | Sleeping 300s
2026-04-07 07:58:07,838 | INFO | Cycle 50 started
2026-04-07 07:58:07,838 | INFO | Target end_time=2026-04-07 07:58:07.838459
2026-04-07 07:58:08,176 | INFO | Fetching BTCUSDT from 2026-04-06 23:55:00 to 2026-04-07 07:58:07.838459
2026-04-07 07:58:11,372 | INFO | Saved Data/BTCUSDT_futures_volume_5years_5min.csv, rows=239387
2026-04-07 07:58:11,376 | INFO | [BinanceService] Stats avg_volume=753.87 avg_buy=374.30 avg_sell=379.57 avg_ratio=1.12
2026-04-07 07:58:12,728 | INFO | Fetching ETHUSDT from 2026-04-06 23:55:00 to 2026-04-07 07:58:07.838459
2026-04-07 07:58:15,881 | INFO | Saved Data/ETHUSDT_futures_volume_5years_5min.csv, rows=239387
2026-04-07 07:58:15,884 | INFO | [BinanceService] Stats avg_volume=14309.37 avg_buy=7069.09 avg_sell=7240.28 avg_ratio=1.09
2026-04-07 07:58:17,217 | INFO | Fetching SOLUSDT from 2026-04-06 23:55:00 to 2026-04-07 07:58:07.838459
2026-04-07 07:58:20,306 | INFO | Saved Data/SOLUSDT_futures_volume_5years_5min.csv, rows=239387
2026-04-07 07:58:20,309 | INFO | [BinanceService] Stats avg_volume=79132.66 avg_buy=38908.48 avg_sell=40224.18 avg_ratio=1.06
2026-04-07 07:58:21,661 | INFO | Fetching DOGEUSDT from 2026-04-06 23:55:00 to 2026-04-07 07:58:07.838459
2026-04-07 07:58:24,949 | INFO | Saved Data/DOGEUSDT_futures_volume_5years_5min.csv, rows=239387
2026-04-07 07:58:24,952 | INFO | [BinanceService] Stats avg_volume=24288441.41 avg_buy=11868584.35 avg_sell=12419857.06 avg_ratio=1.08
2026-04-07 07:58:26,310 | INFO | Fetching 1000PEPEUSDT from 2026-04-06 23:55:00 to 2026-04-07 07:58:07.838459
2026-04-07 07:58:29,457 | INFO | Saved Data/1000PEPEUSDT_futures_volume_5years_5min.csv, rows=239387
2026-04-07 07:58:29,460 | INFO | [BinanceService] Stats avg_volume=384996828.04 avg_buy=189112402.91 avg_sell=195884425.13 avg_ratio=1.06
2026-04-07 07:58:30,461 | INFO | Sleeping 300s
2026-04-07 08:03:30,462 | INFO | Cycle 51 started
2026-04-07 08:03:30,462 | INFO | Target end_time=2026-04-07 08:03:30.462796
2026-04-07 08:03:30,834 | INFO | Fetching BTCUSDT from 2026-04-07 00:00:00 to 2026-04-07 08:03:30.462796
2026-04-07 08:03:33,960 | INFO | Saved Data/BTCUSDT_futures_volume_5years_5min.csv, rows=239388
2026-04-07 08:03:33,964 | INFO | [BinanceService] Stats avg_volume=753.87 avg_buy=374.30 avg_sell=379.57 avg_ratio=1.12
2026-04-07 08:03:35,315 | INFO | Fetching ETHUSDT from 2026-04-07 00:00:00 to 2026-04-07 08:03:30.462796
2026-04-07 08:03:38,672 | INFO | Saved Data/ETHUSDT_futures_volume_5years_5min.csv, rows=239388
2026-04-07 08:03:38,676 | INFO | [BinanceService] Stats avg_volume=14309.45 avg_buy=7069.14 avg_sell=7240.31 avg_ratio=1.09
2026-04-07 08:03:40,021 | INFO | Fetching SOLUSDT from 2026-04-07 00:00:00 to 2026-04-07 08:03:30.462796
2026-04-07 08:03:43,170 | INFO | Saved Data/SOLUSDT_futures_volume_5years_5min.csv, rows=239388
2026-04-07 08:03:43,174 | INFO | [BinanceService] Stats avg_volume=79133.17 avg_buy=38908.69 avg_sell=40224.48 avg_ratio=1.06
2026-04-07 08:03:44,518 | INFO | Fetching DOGEUSDT from 2026-04-07 00:00:00 to 2026-04-07 08:03:30.462796
2026-04-07 08:03:47,771 | INFO | Saved Data/DOGEUSDT_futures_volume_5years_5min.csv, rows=239388
2026-04-07 08:03:47,775 | INFO | [BinanceService] Stats avg_volume=24288448.59 avg_buy=11868574.92 avg_sell=12419873.67 avg_ratio=1.08
2026-04-07 08:03:49,124 | INFO | Fetching 1000PEPEUSDT from 2026-04-07 00:00:00 to 2026-04-07 08:03:30.462796
2026-04-07 08:03:52,312 | INFO | Saved Data/1000PEPEUSDT_futures_volume_5years_5min.csv, rows=239388
2026-04-07 08:03:52,314 | INFO | [BinanceService] Stats avg_volume=384997337.24 avg_buy=189112581.03 avg_sell=195884756.21 avg_ratio=1.06
2026-04-07 08:03:53,316 | INFO | Sleeping 300s
2026-04-07 08:08:53,316 | INFO | Cycle 52 started
2026-04-07 08:08:53,316 | INFO | Target end_time=2026-04-07 08:08:53.316952
2026-04-07 08:08:53,706 | INFO | Fetching BTCUSDT from 2026-04-07 00:05:00 to 2026-04-07 08:08:53.316952
2026-04-07 08:08:56,896 | INFO | Saved Data/BTCUSDT_futures_volume_5years_5min.csv, rows=239389
2026-04-07 08:08:56,900 | INFO | [BinanceService] Stats avg_volume=753.87 avg_buy=374.30 avg_sell=379.57 avg_ratio=1.12
2026-04-07 08:08:58,269 | INFO | Fetching ETHUSDT from 2026-04-07 00:05:00 to 2026-04-07 08:08:53.316952
2026-04-07 08:09:01,658 | INFO | Saved Data/ETHUSDT_futures_volume_5years_5min.csv, rows=239389
2026-04-07 08:09:01,661 | INFO | [BinanceService] Stats avg_volume=14309.58 avg_buy=7069.22 avg_sell=7240.36 avg_ratio=1.09
2026-04-07 08:09:03,009 | INFO | Fetching SOLUSDT from 2026-04-07 00:05:00 to 2026-04-07 08:08:53.316952
2026-04-07 08:09:06,283 | INFO | Saved Data/SOLUSDT_futures_volume_5years_5min.csv, rows=239389
2026-04-07 08:09:06,286 | INFO | [BinanceService] Stats avg_volume=79133.53 avg_buy=38908.91 avg_sell=40224.62 avg_ratio=1.06
2026-04-07 08:09:07,648 | INFO | Fetching DOGEUSDT from 2026-04-07 00:05:00 to 2026-04-07 08:08:53.316952
2026-04-07 08:09:10,936 | INFO | Saved Data/DOGEUSDT_futures_volume_5years_5min.csv, rows=239389
2026-04-07 08:09:10,940 | INFO | [BinanceService] Stats avg_volume=24288446.00 avg_buy=11868584.66 avg_sell=12419861.34 avg_ratio=1.08
2026-04-07 08:09:12,273 | INFO | Fetching 1000PEPEUSDT from 2026-04-07 00:05:00 to 2026-04-07 08:08:53.316952
2026-04-07 08:09:15,521 | INFO | Saved Data/1000PEPEUSDT_futures_volume_5years_5min.csv, rows=239389
2026-04-07 08:09:15,524 | INFO | [BinanceService] Stats avg_volume=384997813.53 avg_buy=189112794.11 avg_sell=195885019.42 avg_ratio=1.06
2026-04-07 08:09:16,526 | INFO | Sleeping 300s
2026-04-07 08:14:16,527 | INFO | Cycle 53 started
2026-04-07 08:14:16,527 | INFO | Target end_time=2026-04-07 08:14:16.527379
2026-04-07 08:14:16,903 | INFO | Fetching BTCUSDT from 2026-04-07 00:10:00 to 2026-04-07 08:14:16.527379
2026-04-07 08:14:20,090 | INFO | Saved Data/BTCUSDT_futures_volume_5years_5min.csv, rows=239390
2026-04-07 08:14:20,094 | INFO | [BinanceService] Stats avg_volume=753.87 avg_buy=374.30 avg_sell=379.56 avg_ratio=1.12
2026-04-07 08:14:21,452 | INFO | Fetching ETHUSDT from 2026-04-07 00:10:00 to 2026-04-07 08:14:16.527379
2026-04-07 08:14:24,832 | INFO | Saved Data/ETHUSDT_futures_volume_5years_5min.csv, rows=239390
2026-04-07 08:14:24,836 | INFO | [BinanceService] Stats avg_volume=14309.61 avg_buy=7069.25 avg_sell=7240.37 avg_ratio=1.09
2026-04-07 08:14:26,184 | INFO | Fetching SOLUSDT from 2026-04-07 00:10:00 to 2026-04-07 08:14:16.527379
2026-04-07 08:14:29,537 | INFO | Saved Data/SOLUSDT_futures_volume_5years_5min.csv, rows=239390
2026-04-07 08:14:29,540 | INFO | [BinanceService] Stats avg_volume=79133.60 avg_buy=38908.97 avg_sell=40224.64 avg_ratio=1.06
2026-04-07 08:14:30,899 | INFO | Fetching DOGEUSDT from 2026-04-07 00:10:00 to 2026-04-07 08:14:16.527379
2026-04-07 08:14:34,161 | INFO | Saved Data/DOGEUSDT_futures_volume_5years_5min.csv, rows=239390
2026-04-07 08:14:34,165 | INFO | [BinanceService] Stats avg_volume=24288459.77 avg_buy=11868607.87 avg_sell=12419851.90 avg_ratio=1.08
2026-04-07 08:14:35,524 | INFO | Fetching 1000PEPEUSDT from 2026-04-07 00:10:00 to 2026-04-07 08:14:16.527379
2026-04-07 08:14:38,803 | INFO | Saved Data/1000PEPEUSDT_futures_volume_5years_5min.csv, rows=239390
2026-04-07 08:14:38,806 | INFO | [BinanceService] Stats avg_volume=384997375.91 avg_buy=189112514.63 avg_sell=195884861.28 avg_ratio=1.06
2026-04-07 08:14:39,808 | INFO | Sleeping 300s
2026-04-07 08:19:39,810 | INFO | Cycle 54 started
2026-04-07 08:19:39,810 | INFO | Target end_time=2026-04-07 08:19:39.810005
2026-04-07 08:19:40,165 | INFO | Fetching BTCUSDT from 2026-04-07 00:15:00 to 2026-04-07 08:19:39.810005
2026-04-07 08:19:43,316 | INFO | Saved Data/BTCUSDT_futures_volume_5years_5min.csv, rows=239391
2026-04-07 08:19:43,319 | INFO | [BinanceService] Stats avg_volume=753.87 avg_buy=374.30 avg_sell=379.56 avg_ratio=1.12
2026-04-07 08:19:44,651 | INFO | Fetching ETHUSDT from 2026-04-07 00:15:00 to 2026-04-07 08:19:39.810005
2026-04-07 08:19:47,860 | INFO | Saved Data/ETHUSDT_futures_volume_5years_5min.csv, rows=239391
2026-04-07 08:19:47,864 | INFO | [BinanceService] Stats avg_volume=14309.67 avg_buy=7069.28 avg_sell=7240.38 avg_ratio=1.09
2026-04-07 08:19:49,203 | INFO | Fetching SOLUSDT from 2026-04-07 00:15:00 to 2026-04-07 08:19:39.810005
2026-04-07 08:19:52,364 | INFO | Saved Data/SOLUSDT_futures_volume_5years_5min.csv, rows=239391
2026-04-07 08:19:52,367 | INFO | [BinanceService] Stats avg_volume=79133.71 avg_buy=38909.03 avg_sell=40224.68 avg_ratio=1.06
2026-04-07 08:19:53,716 | INFO | Fetching DOGEUSDT from 2026-04-07 00:15:00 to 2026-04-07 08:19:39.810005
2026-04-07 08:19:56,980 | INFO | Saved Data/DOGEUSDT_futures_volume_5years_5min.csv, rows=239391
2026-04-07 08:19:56,983 | INFO | [BinanceService] Stats avg_volume=24288457.62 avg_buy=11868600.56 avg_sell=12419857.07 avg_ratio=1.08
2026-04-07 08:19:58,356 | INFO | Fetching 1000PEPEUSDT from 2026-04-07 00:15:00 to 2026-04-07 08:19:39.810005
2026-04-07 08:20:01,648 | INFO | Saved Data/1000PEPEUSDT_futures_volume_5years_5min.csv, rows=239391
2026-04-07 08:20:01,652 | INFO | [BinanceService] Stats avg_volume=384997587.41 avg_buy=189112669.83 avg_sell=195884917.59 avg_ratio=1.06
2026-04-07 08:20:02,654 | INFO | Sleeping 300s
2026-04-07 08:25:02,655 | INFO | Cycle 55 started
2026-04-07 08:25:02,655 | INFO | Target end_time=2026-04-07 08:25:02.655821
2026-04-07 08:25:02,994 | INFO | Fetching BTCUSDT from 2026-04-07 00:20:00 to 2026-04-07 08:25:02.655821
2026-04-07 08:25:06,287 | INFO | Saved Data/BTCUSDT_futures_volume_5years_5min.csv, rows=239393
2026-04-07 08:25:06,290 | INFO | [BinanceService] Stats avg_volume=753.87 avg_buy=374.30 avg_sell=379.56 avg_ratio=1.12
2026-04-07 08:25:07,630 | INFO | Fetching ETHUSDT from 2026-04-07 00:20:00 to 2026-04-07 08:25:02.655821
2026-04-07 08:25:10,996 | INFO | Saved Data/ETHUSDT_futures_volume_5years_5min.csv, rows=239393
2026-04-07 08:25:11,000 | INFO | [BinanceService] Stats avg_volume=14309.62 avg_buy=7069.27 avg_sell=7240.36 avg_ratio=1.09
2026-04-07 08:25:12,334 | INFO | Fetching SOLUSDT from 2026-04-07 00:20:00 to 2026-04-07 08:25:02.655821
2026-04-07 08:25:15,625 | INFO | Saved Data/SOLUSDT_futures_volume_5years_5min.csv, rows=239393
2026-04-07 08:25:15,629 | INFO | [BinanceService] Stats avg_volume=79133.83 avg_buy=38909.28 avg_sell=40224.55 avg_ratio=1.06
2026-04-07 08:25:16,972 | INFO | Fetching DOGEUSDT from 2026-04-07 00:20:00 to 2026-04-07 08:25:02.655821
2026-04-07 08:25:20,172 | INFO | Saved Data/DOGEUSDT_futures_volume_5years_5min.csv, rows=239393
2026-04-07 08:25:20,175 | INFO | [BinanceService] Stats avg_volume=24288348.24 avg_buy=11868548.54 avg_sell=12419799.70 avg_ratio=1.08
2026-04-07 08:25:21,536 | INFO | Fetching 1000PEPEUSDT from 2026-04-07 00:20:00 to 2026-04-07 08:25:02.655821
2026-04-07 08:25:24,733 | INFO | Saved Data/1000PEPEUSDT_futures_volume_5years_5min.csv, rows=239393
2026-04-07 08:25:24,736 | INFO | [BinanceService] Stats avg_volume=384995360.54 avg_buy=189111485.91 avg_sell=195883874.63 avg_ratio=1.06
2026-04-07 08:25:25,737 | INFO | Sleeping 300s
2026-04-07 08:30:25,738 | INFO | Cycle 56 started
2026-04-07 08:30:25,738 | INFO | Target end_time=2026-04-07 08:30:25.738301
2026-04-07 08:30:26,080 | INFO | Fetching BTCUSDT from 2026-04-07 00:30:00 to 2026-04-07 08:30:25.738301
2026-04-07 08:30:29,265 | INFO | Saved Data/BTCUSDT_futures_volume_5years_5min.csv, rows=239394
2026-04-07 08:30:29,269 | INFO | [BinanceService] Stats avg_volume=753.86 avg_buy=374.30 avg_sell=379.56 avg_ratio=1.12
2026-04-07 08:30:30,607 | INFO | Fetching ETHUSDT from 2026-04-07 00:30:00 to 2026-04-07 08:30:25.738301
2026-04-07 08:30:33,763 | INFO | Saved Data/ETHUSDT_futures_volume_5years_5min.csv, rows=239394
2026-04-07 08:30:33,766 | INFO | [BinanceService] Stats avg_volume=14309.62 avg_buy=7069.26 avg_sell=7240.36 avg_ratio=1.09
2026-04-07 08:30:35,093 | INFO | Fetching SOLUSDT from 2026-04-07 00:30:00 to 2026-04-07 08:30:25.738301
2026-04-07 08:30:38,091 | INFO | Saved Data/SOLUSDT_futures_volume_5years_5min.csv, rows=239394
2026-04-07 08:30:38,094 | INFO | [BinanceService] Stats avg_volume=79133.74 avg_buy=38909.22 avg_sell=40224.52 avg_ratio=1.06
2026-04-07 08:30:39,438 | INFO | Fetching DOGEUSDT from 2026-04-07 00:30:00 to 2026-04-07 08:30:25.738301
2026-04-07 08:30:42,507 | INFO | Saved Data/DOGEUSDT_futures_volume_5years_5min.csv, rows=239394
2026-04-07 08:30:42,511 | INFO | [BinanceService] Stats avg_volume=24288303.10 avg_buy=11868519.97 avg_sell=12419783.12 avg_ratio=1.08
2026-04-07 08:30:43,857 | INFO | Fetching 1000PEPEUSDT from 2026-04-07 00:30:00 to 2026-04-07 08:30:25.738301
2026-04-07 08:30:47,058 | INFO | Saved Data/1000PEPEUSDT_futures_volume_5years_5min.csv, rows=239394
2026-04-07 08:30:47,062 | INFO | [BinanceService] Stats avg_volume=384995121.10 avg_buy=189111437.71 avg_sell=195883683.39 avg_ratio=1.06
2026-04-07 08:30:48,064 | INFO | Sleeping 300s
2026-04-07 08:35:48,065 | INFO | Cycle 57 started
2026-04-07 08:35:48,065 | INFO | Target end_time=2026-04-07 08:35:48.065643
2026-04-07 08:35:48,411 | INFO | Fetching BTCUSDT from 2026-04-07 00:35:00 to 2026-04-07 08:35:48.065643
2026-04-07 08:35:51,495 | INFO | Saved Data/BTCUSDT_futures_volume_5years_5min.csv, rows=239395
2026-04-07 08:35:51,499 | INFO | [BinanceService] Stats avg_volume=753.86 avg_buy=374.30 avg_sell=379.56 avg_ratio=1.12
2026-04-07 08:35:52,838 | INFO | Fetching ETHUSDT from 2026-04-07 00:35:00 to 2026-04-07 08:35:48.065643
2026-04-07 08:35:55,947 | INFO | Saved Data/ETHUSDT_futures_volume_5years_5min.csv, rows=239395
2026-04-07 08:35:55,950 | INFO | [BinanceService] Stats avg_volume=14309.67 avg_buy=7069.28 avg_sell=7240.38 avg_ratio=1.09
2026-04-07 08:35:57,294 | INFO | Fetching SOLUSDT from 2026-04-07 00:35:00 to 2026-04-07 08:35:48.065643
2026-04-07 08:36:00,339 | INFO | Saved Data/SOLUSDT_futures_volume_5years_5min.csv, rows=239395
2026-04-07 08:36:00,343 | INFO | [BinanceService] Stats avg_volume=79133.97 avg_buy=38909.34 avg_sell=40224.63 avg_ratio=1.06
2026-04-07 08:36:01,681 | INFO | Fetching DOGEUSDT from 2026-04-07 00:35:00 to 2026-04-07 08:35:48.065643
2026-04-07 08:36:04,702 | INFO | Saved Data/DOGEUSDT_futures_volume_5years_5min.csv, rows=239395
2026-04-07 08:36:04,705 | INFO | [BinanceService] Stats avg_volume=24288255.64 avg_buy=11868495.27 avg_sell=12419760.38 avg_ratio=1.08
2026-04-07 08:36:06,059 | INFO | Fetching 1000PEPEUSDT from 2026-04-07 00:35:00 to 2026-04-07 08:35:48.065643
2026-04-07 08:36:09,398 | INFO | Saved Data/1000PEPEUSDT_futures_volume_5years_5min.csv, rows=239395
2026-04-07 08:36:09,404 | INFO | [BinanceService] Stats avg_volume=384995571.53 avg_buy=189111465.18 avg_sell=195884106.35 avg_ratio=1.06
2026-04-07 08:36:10,406 | INFO | Sleeping 300s
2026-04-07 08:41:10,407 | INFO | Cycle 58 started
2026-04-07 08:41:10,407 | INFO | Target end_time=2026-04-07 08:41:10.407429
2026-04-07 08:41:10,756 | INFO | Fetching BTCUSDT from 2026-04-07 00:40:00 to 2026-04-07 08:41:10.407429
2026-04-07 08:41:13,926 | INFO | Saved Data/BTCUSDT_futures_volume_5years_5min.csv, rows=239396
2026-04-07 08:41:13,929 | INFO | [BinanceService] Stats avg_volume=753.86 avg_buy=374.30 avg_sell=379.56 avg_ratio=1.12
2026-04-07 08:41:15,275 | INFO | Fetching ETHUSDT from 2026-04-07 00:40:00 to 2026-04-07 08:41:10.407429
2026-04-07 08:41:18,402 | INFO | Saved Data/ETHUSDT_futures_volume_5years_5min.csv, rows=239396
2026-04-07 08:41:18,405 | INFO | [BinanceService] Stats avg_volume=14309.72 avg_buy=7069.33 avg_sell=7240.39 avg_ratio=1.09
2026-04-07 08:41:19,720 | INFO | Fetching SOLUSDT from 2026-04-07 00:40:00 to 2026-04-07 08:41:10.407429
2026-04-07 08:41:22,718 | INFO | Saved Data/SOLUSDT_futures_volume_5years_5min.csv, rows=239396
2026-04-07 08:41:22,721 | INFO | [BinanceService] Stats avg_volume=79133.87 avg_buy=38909.29 avg_sell=40224.58 avg_ratio=1.06
2026-04-07 08:41:24,069 | INFO | Fetching DOGEUSDT from 2026-04-07 00:40:00 to 2026-04-07 08:41:10.407429
2026-04-07 08:41:27,208 | INFO | Saved Data/DOGEUSDT_futures_volume_5years_5min.csv, rows=239396
2026-04-07 08:41:27,211 | INFO | [BinanceService] Stats avg_volume=24288212.31 avg_buy=11868474.68 avg_sell=12419737.62 avg_ratio=1.08
2026-04-07 08:41:28,560 | INFO | Fetching 1000PEPEUSDT from 2026-04-07 00:40:00 to 2026-04-07 08:41:10.407429
2026-04-07 08:41:31,840 | INFO | Saved Data/1000PEPEUSDT_futures_volume_5years_5min.csv, rows=239396
2026-04-07 08:41:31,844 | INFO | [BinanceService] Stats avg_volume=384995618.63 avg_buy=189111345.83 avg_sell=195884272.80 avg_ratio=1.06
2026-04-07 08:41:32,848 | INFO | Sleeping 300s
2026-04-07 08:46:32,849 | INFO | Cycle 59 started
2026-04-07 08:46:32,849 | INFO | Target end_time=2026-04-07 08:46:32.849487
2026-04-07 08:46:33,196 | INFO | Fetching BTCUSDT from 2026-04-07 00:45:00 to 2026-04-07 08:46:32.849487
2026-04-07 08:46:36,416 | INFO | Saved Data/BTCUSDT_futures_volume_5years_5min.csv, rows=239397
2026-04-07 08:46:36,419 | INFO | [BinanceService] Stats avg_volume=753.86 avg_buy=374.30 avg_sell=379.56 avg_ratio=1.12
2026-04-07 08:46:37,769 | INFO | Fetching ETHUSDT from 2026-04-07 00:45:00 to 2026-04-07 08:46:32.849487
2026-04-07 08:46:40,985 | INFO | Saved Data/ETHUSDT_futures_volume_5years_5min.csv, rows=239397
2026-04-07 08:46:40,989 | INFO | [BinanceService] Stats avg_volume=14309.70 avg_buy=7069.32 avg_sell=7240.38 avg_ratio=1.09
2026-04-07 08:46:42,327 | INFO | Fetching SOLUSDT from 2026-04-07 00:45:00 to 2026-04-07 08:46:32.849487
2026-04-07 08:46:45,372 | INFO | Saved Data/SOLUSDT_futures_volume_5years_5min.csv, rows=239397
2026-04-07 08:46:45,375 | INFO | [BinanceService] Stats avg_volume=79133.86 avg_buy=38909.31 avg_sell=40224.55 avg_ratio=1.06
2026-04-07 08:46:46,732 | INFO | Fetching DOGEUSDT from 2026-04-07 00:45:00 to 2026-04-07 08:46:32.849487
2026-04-07 08:46:49,906 | INFO | Saved Data/DOGEUSDT_futures_volume_5years_5min.csv, rows=239397
2026-04-07 08:46:49,910 | INFO | [BinanceService] Stats avg_volume=24288151.17 avg_buy=11868452.76 avg_sell=12419698.41 avg_ratio=1.08
2026-04-07 08:46:51,262 | INFO | Fetching 1000PEPEUSDT from 2026-04-07 00:45:00 to 2026-04-07 08:46:32.849487
2026-04-07 08:46:54,587 | INFO | Saved Data/1000PEPEUSDT_futures_volume_5years_5min.csv, rows=239397
2026-04-07 08:46:54,590 | INFO | [BinanceService] Stats avg_volume=384995945.68 avg_buy=189111602.07 avg_sell=195884343.61 avg_ratio=1.06
2026-04-07 08:46:55,593 | INFO | Sleeping 300s
2026-04-07 08:51:55,594 | INFO | Cycle 60 started
2026-04-07 08:51:55,594 | INFO | Target end_time=2026-04-07 08:51:55.594038
2026-04-07 08:51:55,945 | INFO | Fetching BTCUSDT from 2026-04-07 00:50:00 to 2026-04-07 08:51:55.594038
2026-04-07 08:51:59,044 | INFO | Saved Data/BTCUSDT_futures_volume_5years_5min.csv, rows=239398
2026-04-07 08:51:59,047 | INFO | [BinanceService] Stats avg_volume=753.86 avg_buy=374.30 avg_sell=379.56 avg_ratio=1.12
2026-04-07 08:52:00,397 | INFO | Fetching ETHUSDT from 2026-04-07 00:50:00 to 2026-04-07 08:51:55.594038
2026-04-07 08:52:03,531 | INFO | Saved Data/ETHUSDT_futures_volume_5years_5min.csv, rows=239398
2026-04-07 08:52:03,534 | INFO | [BinanceService] Stats avg_volume=14309.67 avg_buy=7069.31 avg_sell=7240.36 avg_ratio=1.09
2026-04-07 08:52:04,872 | INFO | Fetching SOLUSDT from 2026-04-07 00:50:00 to 2026-04-07 08:51:55.594038
2026-04-07 08:52:07,834 | INFO | Saved Data/SOLUSDT_futures_volume_5years_5min.csv, rows=239398
2026-04-07 08:52:07,837 | INFO | [BinanceService] Stats avg_volume=79133.70 avg_buy=38909.27 avg_sell=40224.44 avg_ratio=1.06
2026-04-07 08:52:09,189 | INFO | Fetching DOGEUSDT from 2026-04-07 00:50:00 to 2026-04-07 08:51:55.594038
2026-04-07 08:52:12,334 | INFO | Saved Data/DOGEUSDT_futures_volume_5years_5min.csv, rows=239398
2026-04-07 08:52:12,337 | INFO | [BinanceService] Stats avg_volume=24288092.61 avg_buy=11868432.44 avg_sell=12419660.18 avg_ratio=1.08
2026-04-07 08:52:13,689 | INFO | Fetching 1000PEPEUSDT from 2026-04-07 00:50:00 to 2026-04-07 08:51:55.594038
2026-04-07 08:52:16,945 | INFO | Saved Data/1000PEPEUSDT_futures_volume_5years_5min.csv, rows=239398
2026-04-07 08:52:16,948 | INFO | [BinanceService] Stats avg_volume=384995258.25 avg_buy=189111202.20 avg_sell=195884056.05 avg_ratio=1.06
2026-04-07 08:52:17,952 | INFO | Sleeping 300s
2026-04-07 08:57:17,953 | INFO | Cycle 61 started
2026-04-07 08:57:17,953 | INFO | Target end_time=2026-04-07 08:57:17.953908
2026-04-07 08:57:18,285 | INFO | Fetching BTCUSDT from 2026-04-07 00:55:00 to 2026-04-07 08:57:17.953908
2026-04-07 08:57:21,383 | INFO | Saved Data/BTCUSDT_futures_volume_5years_5min.csv, rows=239399
2026-04-07 08:57:21,386 | INFO | [BinanceService] Stats avg_volume=753.86 avg_buy=374.30 avg_sell=379.56 avg_ratio=1.12
2026-04-07 08:57:22,728 | INFO | Fetching ETHUSDT from 2026-04-07 00:55:00 to 2026-04-07 08:57:17.953908
2026-04-07 08:57:25,804 | INFO | Saved Data/ETHUSDT_futures_volume_5years_5min.csv, rows=239399
2026-04-07 08:57:25,807 | INFO | [BinanceService] Stats avg_volume=14309.65 avg_buy=7069.29 avg_sell=7240.35 avg_ratio=1.09
2026-04-07 08:57:27,135 | INFO | Fetching SOLUSDT from 2026-04-07 00:55:00 to 2026-04-07 08:57:17.953908
2026-04-07 08:57:30,163 | INFO | Saved Data/SOLUSDT_futures_volume_5years_5min.csv, rows=239399
2026-04-07 08:57:30,167 | INFO | [BinanceService] Stats avg_volume=79133.57 avg_buy=38909.20 avg_sell=40224.36 avg_ratio=1.06
2026-04-07 08:57:31,503 | INFO | Fetching DOGEUSDT from 2026-04-07 00:55:00 to 2026-04-07 08:57:17.953908
2026-04-07 08:57:34,565 | INFO | Saved Data/DOGEUSDT_futures_volume_5years_5min.csv, rows=239399
2026-04-07 08:57:34,569 | INFO | [BinanceService] Stats avg_volume=24288021.08 avg_buy=11868395.19 avg_sell=12419625.89 avg_ratio=1.08
2026-04-07 08:57:35,922 | INFO | Fetching 1000PEPEUSDT from 2026-04-07 00:55:00 to 2026-04-07 08:57:17.953908
2026-04-07 08:57:39,165 | INFO | Saved Data/1000PEPEUSDT_futures_volume_5years_5min.csv, rows=239399
2026-04-07 08:57:39,171 | INFO | [BinanceService] Stats avg_volume=384994954.31 avg_buy=189111301.08 avg_sell=195883653.23 avg_ratio=1.06
2026-04-07 08:57:40,172 | INFO | Sleeping 300s
2026-04-07 09:02:40,173 | INFO | Cycle 62 started
2026-04-07 09:02:40,173 | INFO | Target end_time=2026-04-07 09:02:40.173687
2026-04-07 09:02:40,527 | INFO | Fetching BTCUSDT from 2026-04-07 01:00:00 to 2026-04-07 09:02:40.173687
2026-04-07 09:02:43,638 | INFO | Saved Data/BTCUSDT_futures_volume_5years_5min.csv, rows=239400
2026-04-07 09:02:43,642 | INFO | [BinanceService] Stats avg_volume=753.86 avg_buy=374.30 avg_sell=379.56 avg_ratio=1.12
2026-04-07 09:02:44,995 | INFO | Fetching ETHUSDT from 2026-04-07 01:00:00 to 2026-04-07 09:02:40.173687
2026-04-07 09:02:48,155 | INFO | Saved Data/ETHUSDT_futures_volume_5years_5min.csv, rows=239400
2026-04-07 09:02:48,158 | INFO | [BinanceService] Stats avg_volume=14309.64 avg_buy=7069.29 avg_sell=7240.36 avg_ratio=1.09
2026-04-07 09:02:49,486 | INFO | Fetching SOLUSDT from 2026-04-07 01:00:00 to 2026-04-07 09:02:40.173687
2026-04-07 09:02:52,479 | INFO | Saved Data/SOLUSDT_futures_volume_5years_5min.csv, rows=239400
2026-04-07 09:02:52,482 | INFO | [BinanceService] Stats avg_volume=79133.70 avg_buy=38909.30 avg_sell=40224.40 avg_ratio=1.06
2026-04-07 09:02:53,821 | INFO | Fetching DOGEUSDT from 2026-04-07 01:00:00 to 2026-04-07 09:02:40.173687
2026-04-07 09:02:56,883 | INFO | Saved Data/DOGEUSDT_futures_volume_5years_5min.csv, rows=239400
2026-04-07 09:02:56,886 | INFO | [BinanceService] Stats avg_volume=24287980.56 avg_buy=11868372.46 avg_sell=12419608.10 avg_ratio=1.08
2026-04-07 09:02:58,237 | INFO | Fetching 1000PEPEUSDT from 2026-04-07 01:00:00 to 2026-04-07 09:02:40.173687
2026-04-07 09:03:01,632 | INFO | Saved Data/1000PEPEUSDT_futures_volume_5years_5min.csv, rows=239400
2026-04-07 09:03:01,636 | INFO | [BinanceService] Stats avg_volume=384994674.08 avg_buy=189111135.42 avg_sell=195883538.66 avg_ratio=1.06
2026-04-07 09:03:02,638 | INFO | Sleeping 300s
2026-04-07 09:08:02,638 | INFO | Cycle 63 started
2026-04-07 09:08:02,638 | INFO | Target end_time=2026-04-07 09:08:02.638958
2026-04-07 09:08:02,994 | INFO | Fetching BTCUSDT from 2026-04-07 01:05:00 to 2026-04-07 09:08:02.638958
2026-04-07 09:08:06,174 | INFO | Saved Data/BTCUSDT_futures_volume_5years_5min.csv, rows=239401
2026-04-07 09:08:06,178 | INFO | [BinanceService] Stats avg_volume=753.86 avg_buy=374.30 avg_sell=379.56 avg_ratio=1.12
2026-04-07 09:08:07,522 | INFO | Fetching ETHUSDT from 2026-04-07 01:05:00 to 2026-04-07 09:08:02.638958
2026-04-07 09:08:10,661 | INFO | Saved Data/ETHUSDT_futures_volume_5years_5min.csv, rows=239401
2026-04-07 09:08:10,665 | INFO | [BinanceService] Stats avg_volume=14309.64 avg_buy=7069.28 avg_sell=7240.36 avg_ratio=1.09
2026-04-07 09:08:11,997 | INFO | Fetching SOLUSDT from 2026-04-07 01:05:00 to 2026-04-07 09:08:02.638958
2026-04-07 09:08:14,999 | INFO | Saved Data/SOLUSDT_futures_volume_5years_5min.csv, rows=239401
2026-04-07 09:08:15,002 | INFO | [BinanceService] Stats avg_volume=79133.64 avg_buy=38909.26 avg_sell=40224.38 avg_ratio=1.06
2026-04-07 09:08:16,343 | INFO | Fetching DOGEUSDT from 2026-04-07 01:05:00 to 2026-04-07 09:08:02.638958
2026-04-07 09:08:19,457 | INFO | Saved Data/DOGEUSDT_futures_volume_5years_5min.csv, rows=239401
2026-04-07 09:08:19,460 | INFO | [BinanceService] Stats avg_volume=24287934.66 avg_buy=11868351.35 avg_sell=12419583.31 avg_ratio=1.08
2026-04-07 09:08:20,814 | INFO | Fetching 1000PEPEUSDT from 2026-04-07 01:05:00 to 2026-04-07 09:08:02.638958
2026-04-07 09:08:24,079 | INFO | Saved Data/1000PEPEUSDT_futures_volume_5years_5min.csv, rows=239401
2026-04-07 09:08:24,084 | INFO | [BinanceService] Stats avg_volume=384994051.22 avg_buy=189110819.51 avg_sell=195883231.71 avg_ratio=1.06
2026-04-07 09:08:25,087 | INFO | Sleeping 300s
2026-04-07 09:13:25,089 | INFO | Cycle 64 started
2026-04-07 09:13:25,090 | INFO | Target end_time=2026-04-07 09:13:25.090083
2026-04-07 09:13:25,440 | INFO | Fetching BTCUSDT from 2026-04-07 01:10:00 to 2026-04-07 09:13:25.090083
2026-04-07 09:13:28,627 | INFO | Saved Data/BTCUSDT_futures_volume_5years_5min.csv, rows=239402
2026-04-07 09:13:28,631 | INFO | [BinanceService] Stats avg_volume=753.86 avg_buy=374.30 avg_sell=379.56 avg_ratio=1.12
2026-04-07 09:13:29,979 | INFO | Fetching ETHUSDT from 2026-04-07 01:10:00 to 2026-04-07 09:13:25.090083
2026-04-07 09:13:33,215 | INFO | Saved Data/ETHUSDT_futures_volume_5years_5min.csv, rows=239402
2026-04-07 09:13:33,219 | INFO | [BinanceService] Stats avg_volume=14309.64 avg_buy=7069.28 avg_sell=7240.36 avg_ratio=1.09
2026-04-07 09:13:34,570 | INFO | Fetching SOLUSDT from 2026-04-07 01:10:00 to 2026-04-07 09:13:25.090083
2026-04-07 09:13:37,648 | INFO | Saved Data/SOLUSDT_futures_volume_5years_5min.csv, rows=239402
2026-04-07 09:13:37,651 | INFO | [BinanceService] Stats avg_volume=79133.52 avg_buy=38909.19 avg_sell=40224.33 avg_ratio=1.06
2026-04-07 09:13:38,995 | INFO | Fetching DOGEUSDT from 2026-04-07 01:10:00 to 2026-04-07 09:13:25.090083
2026-04-07 09:13:42,116 | INFO | Saved Data/DOGEUSDT_futures_volume_5years_5min.csv, rows=239402
2026-04-07 09:13:42,119 | INFO | [BinanceService] Stats avg_volume=24287866.95 avg_buy=11868320.55 avg_sell=12419546.40 avg_ratio=1.08
2026-04-07 09:13:43,466 | INFO | Fetching 1000PEPEUSDT from 2026-04-07 01:10:00 to 2026-04-07 09:13:25.090083
2026-04-07 09:13:46,797 | INFO | Saved Data/1000PEPEUSDT_futures_volume_5years_5min.csv, rows=239402
2026-04-07 09:13:46,802 | INFO | [BinanceService] Stats avg_volume=384993612.21 avg_buy=189110605.00 avg_sell=195883007.21 avg_ratio=1.06
2026-04-07 09:13:47,806 | INFO | Sleeping 300s
2026-04-07 09:18:47,807 | INFO | Cycle 65 started
2026-04-07 09:18:47,807 | INFO | Target end_time=2026-04-07 09:18:47.807543
2026-04-07 09:18:48,158 | INFO | Fetching BTCUSDT from 2026-04-07 01:15:00 to 2026-04-07 09:18:47.807543
2026-04-07 09:18:51,292 | INFO | Saved Data/BTCUSDT_futures_volume_5years_5min.csv, rows=239403
2026-04-07 09:18:51,295 | INFO | [BinanceService] Stats avg_volume=753.86 avg_buy=374.30 avg_sell=379.56 avg_ratio=1.12
2026-04-07 09:18:52,639 | INFO | Fetching ETHUSDT from 2026-04-07 01:15:00 to 2026-04-07 09:18:47.807543
2026-04-07 09:18:55,716 | INFO | Saved Data/ETHUSDT_futures_volume_5years_5min.csv, rows=239403
2026-04-07 09:18:55,719 | INFO | [BinanceService] Stats avg_volume=14309.69 avg_buy=7069.30 avg_sell=7240.39 avg_ratio=1.09
2026-04-07 09:18:57,049 | INFO | Fetching SOLUSDT from 2026-04-07 01:15:00 to 2026-04-07 09:18:47.807543
2026-04-07 09:19:00,105 | INFO | Saved Data/SOLUSDT_futures_volume_5years_5min.csv, rows=239403
2026-04-07 09:19:00,109 | INFO | [BinanceService] Stats avg_volume=79133.65 avg_buy=38909.28 avg_sell=40224.38 avg_ratio=1.06
2026-04-07 09:19:01,456 | INFO | Fetching DOGEUSDT from 2026-04-07 01:15:00 to 2026-04-07 09:18:47.807543
2026-04-07 09:19:04,509 | INFO | Saved Data/DOGEUSDT_futures_volume_5years_5min.csv, rows=239403
2026-04-07 09:19:04,513 | INFO | [BinanceService] Stats avg_volume=24287830.17 avg_buy=11868304.90 avg_sell=12419525.27 avg_ratio=1.08
2026-04-07 09:19:05,875 | INFO | Fetching 1000PEPEUSDT from 2026-04-07 01:15:00 to 2026-04-07 09:18:47.807543
2026-04-07 09:19:09,104 | INFO | Saved Data/1000PEPEUSDT_futures_volume_5years_5min.csv, rows=239403
2026-04-07 09:19:09,108 | INFO | [BinanceService] Stats avg_volume=384993915.53 avg_buy=189110678.78 avg_sell=195883236.76 avg_ratio=1.06
2026-04-07 09:19:10,109 | INFO | Sleeping 300s
2026-04-07 09:24:10,110 | INFO | Cycle 66 started
2026-04-07 09:24:10,111 | INFO | Target end_time=2026-04-07 09:24:10.111402
2026-04-07 09:24:10,452 | INFO | Fetching BTCUSDT from 2026-04-07 01:20:00 to 2026-04-07 09:24:10.111402
2026-04-07 09:24:13,586 | INFO | Saved Data/BTCUSDT_futures_volume_5years_5min.csv, rows=239404
2026-04-07 09:24:13,589 | INFO | [BinanceService] Stats avg_volume=753.86 avg_buy=374.30 avg_sell=379.56 avg_ratio=1.12
2026-04-07 09:24:14,927 | INFO | Fetching ETHUSDT from 2026-04-07 01:20:00 to 2026-04-07 09:24:10.111402
2026-04-07 09:24:18,096 | INFO | Saved Data/ETHUSDT_futures_volume_5years_5min.csv, rows=239404
2026-04-07 09:24:18,099 | INFO | [BinanceService] Stats avg_volume=14309.82 avg_buy=7069.34 avg_sell=7240.48 avg_ratio=1.09
2026-04-07 09:24:19,431 | INFO | Fetching SOLUSDT from 2026-04-07 01:20:00 to 2026-04-07 09:24:10.111402
2026-04-07 09:24:22,614 | INFO | Saved Data/SOLUSDT_futures_volume_5years_5min.csv, rows=239404
2026-04-07 09:24:22,617 | INFO | [BinanceService] Stats avg_volume=79133.67 avg_buy=38909.33 avg_sell=40224.34 avg_ratio=1.06
2026-04-07 09:24:23,946 | INFO | Fetching DOGEUSDT from 2026-04-07 01:20:00 to 2026-04-07 09:24:10.111402
2026-04-07 09:24:27,187 | INFO | Saved Data/DOGEUSDT_futures_volume_5years_5min.csv, rows=239404
2026-04-07 09:24:27,191 | INFO | [BinanceService] Stats avg_volume=24287806.55 avg_buy=11868297.16 avg_sell=12419509.39 avg_ratio=1.08
2026-04-07 09:24:28,534 | INFO | Fetching 1000PEPEUSDT from 2026-04-07 01:20:00 to 2026-04-07 09:24:10.111402
2026-04-07 09:24:31,768 | INFO | Saved Data/1000PEPEUSDT_futures_volume_5years_5min.csv, rows=239404
2026-04-07 09:24:31,771 | INFO | [BinanceService] Stats avg_volume=384993769.12 avg_buy=189110562.37 avg_sell=195883206.76 avg_ratio=1.06
2026-04-07 09:24:32,773 | INFO | Sleeping 300s
2026-04-07 09:29:32,774 | INFO | Cycle 67 started
2026-04-07 09:29:32,774 | INFO | Target end_time=2026-04-07 09:29:32.774369
2026-04-07 09:29:33,111 | INFO | Fetching BTCUSDT from 2026-04-07 01:25:00 to 2026-04-07 09:29:32.774369
2026-04-07 09:29:36,196 | INFO | Saved Data/BTCUSDT_futures_volume_5years_5min.csv, rows=239405
2026-04-07 09:29:36,199 | INFO | [BinanceService] Stats avg_volume=753.86 avg_buy=374.30 avg_sell=379.56 avg_ratio=1.12
2026-04-07 09:29:37,549 | INFO | Fetching ETHUSDT from 2026-04-07 01:25:00 to 2026-04-07 09:29:32.774369
2026-04-07 09:29:40,641 | INFO | Saved Data/ETHUSDT_futures_volume_5years_5min.csv, rows=239405
2026-04-07 09:29:40,644 | INFO | [BinanceService] Stats avg_volume=14309.80 avg_buy=7069.33 avg_sell=7240.47 avg_ratio=1.09
2026-04-07 09:29:41,974 | INFO | Fetching SOLUSDT from 2026-04-07 01:25:00 to 2026-04-07 09:29:32.774369
2026-04-07 09:29:44,929 | INFO | Saved Data/SOLUSDT_futures_volume_5years_5min.csv, rows=239405
2026-04-07 09:29:44,933 | INFO | [BinanceService] Stats avg_volume=79133.48 avg_buy=38909.24 avg_sell=40224.24 avg_ratio=1.06
2026-04-07 09:29:46,262 | INFO | Fetching DOGEUSDT from 2026-04-07 01:25:00 to 2026-04-07 09:29:32.774369
2026-04-07 09:29:49,351 | INFO | Saved Data/DOGEUSDT_futures_volume_5years_5min.csv, rows=239405
2026-04-07 09:29:49,354 | INFO | [BinanceService] Stats avg_volume=24287748.30 avg_buy=11868263.02 avg_sell=12419485.28 avg_ratio=1.08
2026-04-07 09:29:50,702 | INFO | Fetching 1000PEPEUSDT from 2026-04-07 01:25:00 to 2026-04-07 09:29:32.774369
2026-04-07 09:29:53,943 | INFO | Saved Data/1000PEPEUSDT_futures_volume_5years_5min.csv, rows=239405
2026-04-07 09:29:53,947 | INFO | [BinanceService] Stats avg_volume=384993885.87 avg_buy=189110525.47 avg_sell=195883360.40 avg_ratio=1.06
2026-04-07 09:29:54,948 | INFO | Sleeping 300s
2026-04-07 09:34:54,950 | INFO | Cycle 68 started
2026-04-07 09:34:54,950 | INFO | Target end_time=2026-04-07 09:34:54.950164
2026-04-07 09:34:55,293 | INFO | Fetching BTCUSDT from 2026-04-07 01:30:00 to 2026-04-07 09:34:54.950164
2026-04-07 09:34:58,475 | INFO | Saved Data/BTCUSDT_futures_volume_5years_5min.csv, rows=239406
2026-04-07 09:34:58,478 | INFO | [BinanceService] Stats avg_volume=753.86 avg_buy=374.30 avg_sell=379.56 avg_ratio=1.12
2026-04-07 09:34:59,831 | INFO | Fetching ETHUSDT from 2026-04-07 01:30:00 to 2026-04-07 09:34:54.950164
2026-04-07 09:35:02,942 | INFO | Saved Data/ETHUSDT_futures_volume_5years_5min.csv, rows=239406
2026-04-07 09:35:02,947 | INFO | [BinanceService] Stats avg_volume=14309.79 avg_buy=7069.32 avg_sell=7240.46 avg_ratio=1.09
2026-04-07 09:35:04,280 | INFO | Fetching SOLUSDT from 2026-04-07 01:30:00 to 2026-04-07 09:34:54.950164
2026-04-07 09:35:07,344 | INFO | Saved Data/SOLUSDT_futures_volume_5years_5min.csv, rows=239406
2026-04-07 09:35:07,347 | INFO | [BinanceService] Stats avg_volume=79133.50 avg_buy=38909.28 avg_sell=40224.22 avg_ratio=1.06
2026-04-07 09:35:08,687 | INFO | Fetching DOGEUSDT from 2026-04-07 01:30:00 to 2026-04-07 09:34:54.950164
2026-04-07 09:35:11,836 | INFO | Saved Data/DOGEUSDT_futures_volume_5years_5min.csv, rows=239406
2026-04-07 09:35:11,840 | INFO | [BinanceService] Stats avg_volume=24287695.81 avg_buy=11868234.36 avg_sell=12419461.44 avg_ratio=1.08
2026-04-07 09:35:13,191 | INFO | Fetching 1000PEPEUSDT from 2026-04-07 01:30:00 to 2026-04-07 09:34:54.950164
2026-04-07 09:35:16,471 | INFO | Saved Data/1000PEPEUSDT_futures_volume_5years_5min.csv, rows=239406
2026-04-07 09:35:16,475 | INFO | [BinanceService] Stats avg_volume=384993170.19 avg_buy=189110112.17 avg_sell=195883058.02 avg_ratio=1.06
2026-04-07 09:35:17,477 | INFO | Sleeping 300s
2026-04-07 09:40:17,478 | INFO | Cycle 69 started
2026-04-07 09:40:17,478 | INFO | Target end_time=2026-04-07 09:40:17.478676
2026-04-07 09:40:17,833 | INFO | Fetching BTCUSDT from 2026-04-07 01:35:00 to 2026-04-07 09:40:17.478676
2026-04-07 09:40:21,027 | INFO | Saved Data/BTCUSDT_futures_volume_5years_5min.csv, rows=239408
2026-04-07 09:40:21,030 | INFO | [BinanceService] Stats avg_volume=753.85 avg_buy=374.29 avg_sell=379.56 avg_ratio=1.12
2026-04-07 09:40:22,378 | INFO | Fetching ETHUSDT from 2026-04-07 01:35:00 to 2026-04-07 09:40:17.478676
2026-04-07 09:40:25,594 | INFO | Saved Data/ETHUSDT_futures_volume_5years_5min.csv, rows=239408
2026-04-07 09:40:25,598 | INFO | [BinanceService] Stats avg_volume=14309.74 avg_buy=7069.31 avg_sell=7240.43 avg_ratio=1.09
2026-04-07 09:40:26,935 | INFO | Fetching SOLUSDT from 2026-04-07 01:35:00 to 2026-04-07 09:40:17.478676
2026-04-07 09:40:29,958 | INFO | Saved Data/SOLUSDT_futures_volume_5years_5min.csv, rows=239408
2026-04-07 09:40:29,961 | INFO | [BinanceService] Stats avg_volume=79133.10 avg_buy=38909.08 avg_sell=40224.03 avg_ratio=1.06
2026-04-07 09:40:31,303 | INFO | Fetching DOGEUSDT from 2026-04-07 01:35:00 to 2026-04-07 09:40:17.478676
2026-04-07 09:40:34,490 | INFO | Saved Data/DOGEUSDT_futures_volume_5years_5min.csv, rows=239408
2026-04-07 09:40:34,493 | INFO | [BinanceService] Stats avg_volume=24287548.65 avg_buy=11868152.99 avg_sell=12419395.67 avg_ratio=1.08
2026-04-07 09:40:35,844 | INFO | Fetching 1000PEPEUSDT from 2026-04-07 01:35:00 to 2026-04-07 09:40:17.478676
2026-04-07 09:40:39,151 | INFO | Saved Data/1000PEPEUSDT_futures_volume_5years_5min.csv, rows=239408
2026-04-07 09:40:39,155 | INFO | [BinanceService] Stats avg_volume=384990941.12 avg_buy=189109130.27 avg_sell=195881810.85 avg_ratio=1.06
2026-04-07 09:40:40,157 | INFO | Sleeping 300s
2026-04-07 09:45:40,158 | INFO | Cycle 70 started
2026-04-07 09:45:40,159 | INFO | Target end_time=2026-04-07 09:45:40.159471
2026-04-07 09:45:40,505 | INFO | Fetching BTCUSDT from 2026-04-07 01:45:00 to 2026-04-07 09:45:40.159471
2026-04-07 09:45:43,604 | INFO | Saved Data/BTCUSDT_futures_volume_5years_5min.csv, rows=239409
2026-04-07 09:45:43,607 | INFO | [BinanceService] Stats avg_volume=753.85 avg_buy=374.29 avg_sell=379.56 avg_ratio=1.12
2026-04-07 09:45:44,954 | INFO | Fetching ETHUSDT from 2026-04-07 01:45:00 to 2026-04-07 09:45:40.159471
2026-04-07 09:45:48,078 | INFO | Saved Data/ETHUSDT_futures_volume_5years_5min.csv, rows=239409
2026-04-07 09:45:48,081 | INFO | [BinanceService] Stats avg_volume=14309.71 avg_buy=7069.30 avg_sell=7240.41 avg_ratio=1.09
2026-04-07 09:45:49,417 | INFO | Fetching SOLUSDT from 2026-04-07 01:45:00 to 2026-04-07 09:45:40.159471
2026-04-07 09:45:52,486 | INFO | Saved Data/SOLUSDT_futures_volume_5years_5min.csv, rows=239409
2026-04-07 09:45:52,489 | INFO | [BinanceService] Stats avg_volume=79132.88 avg_buy=38908.99 avg_sell=40223.89 avg_ratio=1.06
2026-04-07 09:45:53,823 | INFO | Fetching DOGEUSDT from 2026-04-07 01:45:00 to 2026-04-07 09:45:40.159471
2026-04-07 09:45:56,940 | INFO | Saved Data/DOGEUSDT_futures_volume_5years_5min.csv, rows=239409
2026-04-07 09:45:56,944 | INFO | [BinanceService] Stats avg_volume=24287467.69 avg_buy=11868112.76 avg_sell=12419354.93 avg_ratio=1.08
2026-04-07 09:45:58,297 | INFO | Fetching 1000PEPEUSDT from 2026-04-07 01:45:00 to 2026-04-07 09:45:40.159471
2026-04-07 09:46:01,539 | INFO | Saved Data/1000PEPEUSDT_futures_volume_5years_5min.csv, rows=239409
2026-04-07 09:46:01,543 | INFO | [BinanceService] Stats avg_volume=384989829.67 avg_buy=189108582.66 avg_sell=195881247.01 avg_ratio=1.06
2026-04-07 09:46:02,545 | INFO | Sleeping 300s
2026-04-07 09:51:02,546 | INFO | Cycle 71 started
2026-04-07 09:51:02,546 | INFO | Target end_time=2026-04-07 09:51:02.546205
2026-04-07 09:51:02,903 | INFO | Fetching BTCUSDT from 2026-04-07 01:50:00 to 2026-04-07 09:51:02.546205
2026-04-07 09:51:06,030 | INFO | Saved Data/BTCUSDT_futures_volume_5years_5min.csv, rows=239410
2026-04-07 09:51:06,033 | INFO | [BinanceService] Stats avg_volume=753.85 avg_buy=374.29 avg_sell=379.56 avg_ratio=1.12
2026-04-07 09:51:07,373 | INFO | Fetching ETHUSDT from 2026-04-07 01:50:00 to 2026-04-07 09:51:02.546205
2026-04-07 09:51:10,542 | INFO | Saved Data/ETHUSDT_futures_volume_5years_5min.csv, rows=239410
2026-04-07 09:51:10,546 | INFO | [BinanceService] Stats avg_volume=14309.71 avg_buy=7069.29 avg_sell=7240.42 avg_ratio=1.09
2026-04-07 09:51:11,876 | INFO | Fetching SOLUSDT from 2026-04-07 01:50:00 to 2026-04-07 09:51:02.546205
2026-04-07 09:51:14,894 | INFO | Saved Data/SOLUSDT_futures_volume_5years_5min.csv, rows=239410
2026-04-07 09:51:14,897 | INFO | [BinanceService] Stats avg_volume=79132.84 avg_buy=38908.97 avg_sell=40223.87 avg_ratio=1.06
2026-04-07 09:51:16,234 | INFO | Fetching DOGEUSDT from 2026-04-07 01:50:00 to 2026-04-07 09:51:02.546205
2026-04-07 09:51:19,378 | INFO | Saved Data/DOGEUSDT_futures_volume_5years_5min.csv, rows=239410
2026-04-07 09:51:19,381 | INFO | [BinanceService] Stats avg_volume=24287413.30 avg_buy=11868072.17 avg_sell=12419341.13 avg_ratio=1.08
2026-04-07 09:51:20,736 | INFO | Fetching 1000PEPEUSDT from 2026-04-07 01:50:00 to 2026-04-07 09:51:02.546205
2026-04-07 09:51:23,991 | INFO | Saved Data/1000PEPEUSDT_futures_volume_5years_5min.csv, rows=239410
2026-04-07 09:51:23,994 | INFO | [BinanceService] Stats avg_volume=384989187.52 avg_buy=189108201.31 avg_sell=195880986.20 avg_ratio=1.06
2026-04-07 09:51:24,997 | INFO | Sleeping 300s
2026-04-07 09:56:24,997 | INFO | Cycle 72 started
2026-04-07 09:56:24,998 | INFO | Target end_time=2026-04-07 09:56:24.998937
2026-04-07 09:56:25,347 | INFO | Fetching BTCUSDT from 2026-04-07 01:55:00 to 2026-04-07 09:56:24.998937
2026-04-07 09:56:28,511 | INFO | Saved Data/BTCUSDT_futures_volume_5years_5min.csv, rows=239411
2026-04-07 09:56:28,514 | INFO | [BinanceService] Stats avg_volume=753.85 avg_buy=374.29 avg_sell=379.56 avg_ratio=1.12
2026-04-07 09:56:29,850 | INFO | Fetching ETHUSDT from 2026-04-07 01:55:00 to 2026-04-07 09:56:24.998937
2026-04-07 09:56:32,969 | INFO | Saved Data/ETHUSDT_futures_volume_5years_5min.csv, rows=239411
2026-04-07 09:56:32,972 | INFO | [BinanceService] Stats avg_volume=14309.80 avg_buy=7069.34 avg_sell=7240.47 avg_ratio=1.09
2026-04-07 09:56:34,313 | INFO | Fetching SOLUSDT from 2026-04-07 01:55:00 to 2026-04-07 09:56:24.998937
2026-04-07 09:56:37,390 | INFO | Saved Data/SOLUSDT_futures_volume_5years_5min.csv, rows=239411
2026-04-07 09:56:37,393 | INFO | [BinanceService] Stats avg_volume=79133.29 avg_buy=38909.13 avg_sell=40224.16 avg_ratio=1.06
2026-04-07 09:56:38,730 | INFO | Fetching DOGEUSDT from 2026-04-07 01:55:00 to 2026-04-07 09:56:24.998937
2026-04-07 09:56:41,838 | INFO | Saved Data/DOGEUSDT_futures_volume_5years_5min.csv, rows=239411
2026-04-07 09:56:41,841 | INFO | [BinanceService] Stats avg_volume=24287409.40 avg_buy=11868050.11 avg_sell=12419359.28 avg_ratio=1.08
2026-04-07 09:56:43,206 | INFO | Fetching 1000PEPEUSDT from 2026-04-07 01:55:00 to 2026-04-07 09:56:24.998937
2026-04-07 09:56:46,453 | INFO | Saved Data/1000PEPEUSDT_futures_volume_5years_5min.csv, rows=239411
2026-04-07 09:56:46,456 | INFO | [BinanceService] Stats avg_volume=384988812.31 avg_buy=189107889.72 avg_sell=195880922.59 avg_ratio=1.06
2026-04-07 09:56:47,457 | INFO | Sleeping 300s
2026-04-07 10:01:47,459 | INFO | Cycle 73 started
2026-04-07 10:01:47,459 | INFO | Target end_time=2026-04-07 10:01:47.459474
2026-04-07 10:01:47,811 | INFO | Fetching BTCUSDT from 2026-04-07 02:00:00 to 2026-04-07 10:01:47.459474
2026-04-07 10:01:50,941 | INFO | Saved Data/BTCUSDT_futures_volume_5years_5min.csv, rows=239412
2026-04-07 10:01:50,945 | INFO | [BinanceService] Stats avg_volume=753.85 avg_buy=374.29 avg_sell=379.56 avg_ratio=1.12
2026-04-07 10:01:52,287 | INFO | Fetching ETHUSDT from 2026-04-07 02:00:00 to 2026-04-07 10:01:47.459474
2026-04-07 10:01:55,425 | INFO | Saved Data/ETHUSDT_futures_volume_5years_5min.csv, rows=239412
2026-04-07 10:01:55,428 | INFO | [BinanceService] Stats avg_volume=14309.79 avg_buy=7069.33 avg_sell=7240.46 avg_ratio=1.09
2026-04-07 10:01:56,767 | INFO | Fetching SOLUSDT from 2026-04-07 02:00:00 to 2026-04-07 10:01:47.459474
2026-04-07 10:01:59,760 | INFO | Saved Data/SOLUSDT_futures_volume_5years_5min.csv, rows=239412
2026-04-07 10:01:59,763 | INFO | [BinanceService] Stats avg_volume=79133.14 avg_buy=38909.06 avg_sell=40224.08 avg_ratio=1.06
2026-04-07 10:02:01,109 | INFO | Fetching DOGEUSDT from 2026-04-07 02:00:00 to 2026-04-07 10:01:47.459474
2026-04-07 10:02:04,265 | INFO | Saved Data/DOGEUSDT_futures_volume_5years_5min.csv, rows=239412
2026-04-07 10:02:04,269 | INFO | [BinanceService] Stats avg_volume=24287356.05 avg_buy=11868020.86 avg_sell=12419335.19 avg_ratio=1.08
2026-04-07 10:02:05,625 | INFO | Fetching 1000PEPEUSDT from 2026-04-07 02:00:00 to 2026-04-07 10:01:47.459474
2026-04-07 10:02:08,886 | INFO | Saved Data/1000PEPEUSDT_futures_volume_5years_5min.csv, rows=239412
2026-04-07 10:02:08,889 | INFO | [BinanceService] Stats avg_volume=384987923.17 avg_buy=189107417.09 avg_sell=195880506.08 avg_ratio=1.06
2026-04-07 10:02:09,891 | INFO | Sleeping 300s
2026-04-07 10:07:09,892 | INFO | Cycle 74 started
2026-04-07 10:07:09,892 | INFO | Target end_time=2026-04-07 10:07:09.892061
2026-04-07 10:07:10,242 | INFO | Fetching BTCUSDT from 2026-04-07 02:05:00 to 2026-04-07 10:07:09.892061
2026-04-07 10:07:13,402 | INFO | Saved Data/BTCUSDT_futures_volume_5years_5min.csv, rows=239413
2026-04-07 10:07:13,406 | INFO | [BinanceService] Stats avg_volume=753.85 avg_buy=374.29 avg_sell=379.56 avg_ratio=1.12
2026-04-07 10:07:14,747 | INFO | Fetching ETHUSDT from 2026-04-07 02:05:00 to 2026-04-07 10:07:09.892061
2026-04-07 10:07:17,853 | INFO | Saved Data/ETHUSDT_futures_volume_5years_5min.csv, rows=239413
2026-04-07 10:07:17,857 | INFO | [BinanceService] Stats avg_volume=14309.77 avg_buy=7069.32 avg_sell=7240.45 avg_ratio=1.09
2026-04-07 10:07:19,194 | INFO | Fetching SOLUSDT from 2026-04-07 02:05:00 to 2026-04-07 10:07:09.892061
2026-04-07 10:07:22,214 | INFO | Saved Data/SOLUSDT_futures_volume_5years_5min.csv, rows=239413
2026-04-07 10:07:22,218 | INFO | [BinanceService] Stats avg_volume=79132.98 avg_buy=38909.01 avg_sell=40223.97 avg_ratio=1.06
2026-04-07 10:07:23,565 | INFO | Fetching DOGEUSDT from 2026-04-07 02:05:00 to 2026-04-07 10:07:09.892061
2026-04-07 10:07:26,703 | INFO | Saved Data/DOGEUSDT_futures_volume_5years_5min.csv, rows=239413
2026-04-07 10:07:26,707 | INFO | [BinanceService] Stats avg_volume=24287295.53 avg_buy=11867988.71 avg_sell=12419306.83 avg_ratio=1.08
2026-04-07 10:07:28,059 | INFO | Fetching 1000PEPEUSDT from 2026-04-07 02:05:00 to 2026-04-07 10:07:09.892061
2026-04-07 10:07:31,358 | INFO | Saved Data/1000PEPEUSDT_futures_volume_5years_5min.csv, rows=239413
2026-04-07 10:07:31,361 | INFO | [BinanceService] Stats avg_volume=384987312.19 avg_buy=189107012.72 avg_sell=195880299.47 avg_ratio=1.06
2026-04-07 10:07:32,363 | INFO | Sleeping 300s
2026-04-07 10:12:32,364 | INFO | Cycle 75 started
2026-04-07 10:12:32,364 | INFO | Target end_time=2026-04-07 10:12:32.364047
2026-04-07 10:12:32,716 | INFO | Fetching BTCUSDT from 2026-04-07 02:10:00 to 2026-04-07 10:12:32.364047
2026-04-07 10:12:35,859 | INFO | Saved Data/BTCUSDT_futures_volume_5years_5min.csv, rows=239414
2026-04-07 10:12:35,863 | INFO | [BinanceService] Stats avg_volume=753.85 avg_buy=374.29 avg_sell=379.56 avg_ratio=1.12
2026-04-07 10:12:37,211 | INFO | Fetching ETHUSDT from 2026-04-07 02:10:00 to 2026-04-07 10:12:32.364047
2026-04-07 10:12:40,369 | INFO | Saved Data/ETHUSDT_futures_volume_5years_5min.csv, rows=239414
2026-04-07 10:12:40,373 | INFO | [BinanceService] Stats avg_volume=14309.80 avg_buy=7069.33 avg_sell=7240.46 avg_ratio=1.09
2026-04-07 10:12:41,706 | INFO | Fetching SOLUSDT from 2026-04-07 02:10:00 to 2026-04-07 10:12:32.364047
2026-04-07 10:12:44,729 | INFO | Saved Data/SOLUSDT_futures_volume_5years_5min.csv, rows=239414
2026-04-07 10:12:44,732 | INFO | [BinanceService] Stats avg_volume=79132.96 avg_buy=38909.00 avg_sell=40223.96 avg_ratio=1.06
2026-04-07 10:12:46,078 | INFO | Fetching DOGEUSDT from 2026-04-07 02:10:00 to 2026-04-07 10:12:32.364047
2026-04-07 10:12:49,210 | INFO | Saved Data/DOGEUSDT_futures_volume_5years_5min.csv, rows=239414
2026-04-07 10:12:49,213 | INFO | [BinanceService] Stats avg_volume=24287260.22 avg_buy=11867968.12 avg_sell=12419292.11 avg_ratio=1.08
2026-04-07 10:12:50,566 | INFO | Fetching 1000PEPEUSDT from 2026-04-07 02:10:00 to 2026-04-07 10:12:32.364047
2026-04-07 10:12:53,861 | INFO | Saved Data/1000PEPEUSDT_futures_volume_5years_5min.csv, rows=239414
2026-04-07 10:12:53,865 | INFO | [BinanceService] Stats avg_volume=384986771.05 avg_buy=189106628.18 avg_sell=195880142.87 avg_ratio=1.06
2026-04-07 10:12:54,866 | INFO | Sleeping 300s
2026-04-07 10:17:54,867 | INFO | Cycle 76 started
2026-04-07 10:17:54,867 | INFO | Target end_time=2026-04-07 10:17:54.867388
2026-04-07 10:17:55,214 | INFO | Fetching BTCUSDT from 2026-04-07 02:15:00 to 2026-04-07 10:17:54.867388
2026-04-07 10:17:58,454 | INFO | Saved Data/BTCUSDT_futures_volume_5years_5min.csv, rows=239415
2026-04-07 10:17:58,457 | INFO | [BinanceService] Stats avg_volume=753.85 avg_buy=374.29 avg_sell=379.56 avg_ratio=1.12
2026-04-07 10:17:59,804 | INFO | Fetching ETHUSDT from 2026-04-07 02:15:00 to 2026-04-07 10:17:54.867388
2026-04-07 10:18:02,936 | INFO | Saved Data/ETHUSDT_futures_volume_5years_5min.csv, rows=239415
2026-04-07 10:18:02,939 | INFO | [BinanceService] Stats avg_volume=14309.77 avg_buy=7069.32 avg_sell=7240.44 avg_ratio=1.09
2026-04-07 10:18:04,273 | INFO | Fetching SOLUSDT from 2026-04-07 02:15:00 to 2026-04-07 10:17:54.867388
2026-04-07 10:18:07,297 | INFO | Saved Data/SOLUSDT_futures_volume_5years_5min.csv, rows=239415
2026-04-07 10:18:07,301 | INFO | [BinanceService] Stats avg_volume=79132.83 avg_buy=38908.92 avg_sell=40223.90 avg_ratio=1.06
2026-04-07 10:18:08,642 | INFO | Fetching DOGEUSDT from 2026-04-07 02:15:00 to 2026-04-07 10:17:54.867388
2026-04-07 10:18:11,738 | INFO | Saved Data/DOGEUSDT_futures_volume_5years_5min.csv, rows=239415
2026-04-07 10:18:11,741 | INFO | [BinanceService] Stats avg_volume=24287186.25 avg_buy=11867936.61 avg_sell=12419249.64 avg_ratio=1.08
2026-04-07 10:18:13,095 | INFO | Fetching 1000PEPEUSDT from 2026-04-07 02:15:00 to 2026-04-07 10:17:54.867388
2026-04-07 10:18:16,408 | INFO | Saved Data/1000PEPEUSDT_futures_volume_5years_5min.csv, rows=239415
2026-04-07 10:18:16,413 | INFO | [BinanceService] Stats avg_volume=384985911.80 avg_buy=189106201.34 avg_sell=195879710.46 avg_ratio=1.06
2026-04-07 10:18:17,417 | INFO | Sleeping 300s
2026-04-07 10:23:17,418 | INFO | Cycle 77 started
2026-04-07 10:23:17,418 | INFO | Target end_time=2026-04-07 10:23:17.418748
2026-04-07 10:23:17,773 | INFO | Fetching BTCUSDT from 2026-04-07 02:20:00 to 2026-04-07 10:23:17.418748
2026-04-07 10:23:21,117 | INFO | Saved Data/BTCUSDT_futures_volume_5years_5min.csv, rows=239416
2026-04-07 10:23:21,120 | INFO | [BinanceService] Stats avg_volume=753.85 avg_buy=374.29 avg_sell=379.56 avg_ratio=1.12
2026-04-07 10:23:22,433 | INFO | Fetching ETHUSDT from 2026-04-07 02:20:00 to 2026-04-07 10:23:17.418748
2026-04-07 10:23:25,612 | INFO | Saved Data/ETHUSDT_futures_volume_5years_5min.csv, rows=239416
2026-04-07 10:23:25,615 | INFO | [BinanceService] Stats avg_volume=14309.86 avg_buy=7069.34 avg_sell=7240.52 avg_ratio=1.09
2026-04-07 10:23:26,953 | INFO | Fetching SOLUSDT from 2026-04-07 02:20:00 to 2026-04-07 10:23:17.418748
2026-04-07 10:23:29,984 | INFO | Saved Data/SOLUSDT_futures_volume_5years_5min.csv, rows=239416
2026-04-07 10:23:29,987 | INFO | [BinanceService] Stats avg_volume=79132.83 avg_buy=38908.95 avg_sell=40223.89 avg_ratio=1.06
2026-04-07 10:23:31,332 | INFO | Fetching DOGEUSDT from 2026-04-07 02:20:00 to 2026-04-07 10:23:17.418748
2026-04-07 10:23:34,625 | INFO | Saved Data/DOGEUSDT_futures_volume_5years_5min.csv, rows=239416
2026-04-07 10:23:34,629 | INFO | [BinanceService] Stats avg_volume=24287133.62 avg_buy=11867911.08 avg_sell=12419222.53 avg_ratio=1.08
2026-04-07 10:23:35,971 | INFO | Fetching 1000PEPEUSDT from 2026-04-07 02:20:00 to 2026-04-07 10:23:17.418748
2026-04-07 10:23:39,201 | INFO | Saved Data/1000PEPEUSDT_futures_volume_5years_5min.csv, rows=239416
2026-04-07 10:23:39,205 | INFO | [BinanceService] Stats avg_volume=384985740.78 avg_buy=189106098.85 avg_sell=195879641.93 avg_ratio=1.06
2026-04-07 10:23:40,207 | INFO | Sleeping 300s
2026-04-07 10:28:40,208 | INFO | Cycle 78 started
2026-04-07 10:28:40,208 | INFO | Target end_time=2026-04-07 10:28:40.208088
2026-04-07 10:28:40,566 | INFO | Fetching BTCUSDT from 2026-04-07 02:25:00 to 2026-04-07 10:28:40.208088
2026-04-07 10:28:43,784 | INFO | Saved Data/BTCUSDT_futures_volume_5years_5min.csv, rows=239417
2026-04-07 10:28:43,788 | INFO | [BinanceService] Stats avg_volume=753.85 avg_buy=374.29 avg_sell=379.55 avg_ratio=1.12
2026-04-07 10:28:45,132 | INFO | Fetching ETHUSDT from 2026-04-07 02:25:00 to 2026-04-07 10:28:40.208088
2026-04-07 10:28:48,269 | INFO | Saved Data/ETHUSDT_futures_volume_5years_5min.csv, rows=239417
2026-04-07 10:28:48,273 | INFO | [BinanceService] Stats avg_volume=14309.83 avg_buy=7069.33 avg_sell=7240.50 avg_ratio=1.09
2026-04-07 10:28:49,605 | INFO | Fetching SOLUSDT from 2026-04-07 02:25:00 to 2026-04-07 10:28:40.208088
2026-04-07 10:28:53,109 | INFO | Saved Data/SOLUSDT_futures_volume_5years_5min.csv, rows=239417
2026-04-07 10:28:53,112 | INFO | [BinanceService] Stats avg_volume=79132.70 avg_buy=38908.86 avg_sell=40223.84 avg_ratio=1.06
2026-04-07 10:28:54,458 | INFO | Fetching DOGEUSDT from 2026-04-07 02:25:00 to 2026-04-07 10:28:40.208088
2026-04-07 10:28:57,579 | INFO | Saved Data/DOGEUSDT_futures_volume_5years_5min.csv, rows=239417
2026-04-07 10:28:57,582 | INFO | [BinanceService] Stats avg_volume=24287053.15 avg_buy=11867870.07 avg_sell=12419183.07 avg_ratio=1.08
2026-04-07 10:28:58,948 | INFO | Fetching 1000PEPEUSDT from 2026-04-07 02:25:00 to 2026-04-07 10:28:40.208088
2026-04-07 10:29:02,250 | INFO | Saved Data/1000PEPEUSDT_futures_volume_5years_5min.csv, rows=239417
2026-04-07 10:29:02,254 | INFO | [BinanceService] Stats avg_volume=384984797.11 avg_buy=189105739.64 avg_sell=195879057.46 avg_ratio=1.06
2026-04-07 10:29:03,256 | INFO | Sleeping 300s
2026-04-07 10:34:03,256 | INFO | Cycle 79 started
2026-04-07 10:34:03,259 | INFO | Target end_time=2026-04-07 10:34:03.259011
2026-04-07 10:34:03,608 | INFO | Fetching BTCUSDT from 2026-04-07 02:30:00 to 2026-04-07 10:34:03.259011
2026-04-07 10:34:06,721 | INFO | Saved Data/BTCUSDT_futures_volume_5years_5min.csv, rows=239418
2026-04-07 10:34:06,725 | INFO | [BinanceService] Stats avg_volume=753.84 avg_buy=374.29 avg_sell=379.55 avg_ratio=1.12
2026-04-07 10:34:08,070 | INFO | Fetching ETHUSDT from 2026-04-07 02:30:00 to 2026-04-07 10:34:03.259011
2026-04-07 10:34:11,241 | INFO | Saved Data/ETHUSDT_futures_volume_5years_5min.csv, rows=239418
2026-04-07 10:34:11,244 | INFO | [BinanceService] Stats avg_volume=14309.79 avg_buy=7069.31 avg_sell=7240.48 avg_ratio=1.09
2026-04-07 10:34:12,578 | INFO | Fetching SOLUSDT from 2026-04-07 02:30:00 to 2026-04-07 10:34:03.259011
2026-04-07 10:34:15,628 | INFO | Saved Data/SOLUSDT_futures_volume_5years_5min.csv, rows=239418
2026-04-07 10:34:15,632 | INFO | [BinanceService] Stats avg_volume=79132.82 avg_buy=38908.85 avg_sell=40223.98 avg_ratio=1.06
2026-04-07 10:34:16,978 | INFO | Fetching DOGEUSDT from 2026-04-07 02:30:00 to 2026-04-07 10:34:03.259011
2026-04-07 10:34:20,096 | INFO | Saved Data/DOGEUSDT_futures_volume_5years_5min.csv, rows=239418
2026-04-07 10:34:20,099 | INFO | [BinanceService] Stats avg_volume=24286979.41 avg_buy=11867830.60 avg_sell=12419148.81 avg_ratio=1.08
2026-04-07 10:34:21,447 | INFO | Fetching 1000PEPEUSDT from 2026-04-07 02:30:00 to 2026-04-07 10:34:03.259011
2026-04-07 10:34:24,735 | INFO | Saved Data/1000PEPEUSDT_futures_volume_5years_5min.csv, rows=239418
2026-04-07 10:34:24,738 | INFO | [BinanceService] Stats avg_volume=384984598.22 avg_buy=189105527.24 avg_sell=195879070.98 avg_ratio=1.06
2026-04-07 10:34:25,741 | INFO | Sleeping 300s
2026-04-07 10:39:25,742 | INFO | Cycle 80 started
2026-04-07 10:39:25,742 | INFO | Target end_time=2026-04-07 10:39:25.742918
2026-04-07 10:39:26,103 | INFO | Fetching BTCUSDT from 2026-04-07 02:35:00 to 2026-04-07 10:39:25.742918
2026-04-07 10:39:29,280 | INFO | Saved Data/BTCUSDT_futures_volume_5years_5min.csv, rows=239419
2026-04-07 10:39:29,284 | INFO | [BinanceService] Stats avg_volume=753.84 avg_buy=374.29 avg_sell=379.55 avg_ratio=1.12
2026-04-07 10:39:30,630 | INFO | Fetching ETHUSDT from 2026-04-07 02:35:00 to 2026-04-07 10:39:25.742918
2026-04-07 10:39:33,774 | INFO | Saved Data/ETHUSDT_futures_volume_5years_5min.csv, rows=239419
2026-04-07 10:39:33,778 | INFO | [BinanceService] Stats avg_volume=14309.82 avg_buy=7069.34 avg_sell=7240.49 avg_ratio=1.09
2026-04-07 10:39:35,114 | INFO | Fetching SOLUSDT from 2026-04-07 02:35:00 to 2026-04-07 10:39:25.742918
2026-04-07 10:39:38,165 | INFO | Saved Data/SOLUSDT_futures_volume_5years_5min.csv, rows=239419
2026-04-07 10:39:38,168 | INFO | [BinanceService] Stats avg_volume=79132.71 avg_buy=38908.84 avg_sell=40223.87 avg_ratio=1.06
2026-04-07 10:39:39,507 | INFO | Fetching DOGEUSDT from 2026-04-07 02:35:00 to 2026-04-07 10:39:25.742918
2026-04-07 10:39:42,632 | INFO | Saved Data/DOGEUSDT_futures_volume_5years_5min.csv, rows=239419
2026-04-07 10:39:42,635 | INFO | [BinanceService] Stats avg_volume=24286920.11 avg_buy=11867803.67 avg_sell=12419116.44 avg_ratio=1.08
2026-04-07 10:39:43,996 | INFO | Fetching 1000PEPEUSDT from 2026-04-07 02:35:00 to 2026-04-07 10:39:25.742918
2026-04-07 10:39:47,249 | INFO | Saved Data/1000PEPEUSDT_futures_volume_5years_5min.csv, rows=239419
2026-04-07 10:39:47,254 | INFO | [BinanceService] Stats avg_volume=384983965.02 avg_buy=189105264.59 avg_sell=195878700.43 avg_ratio=1.06
2026-04-07 10:39:48,256 | INFO | Sleeping 300s
2026-04-07 10:44:48,257 | INFO | Cycle 81 started
2026-04-07 10:44:48,257 | INFO | Target end_time=2026-04-07 10:44:48.257653
2026-04-07 10:44:48,603 | INFO | Fetching BTCUSDT from 2026-04-07 02:40:00 to 2026-04-07 10:44:48.257653
2026-04-07 10:44:51,759 | INFO | Saved Data/BTCUSDT_futures_volume_5years_5min.csv, rows=239420
2026-04-07 10:44:51,762 | INFO | [BinanceService] Stats avg_volume=753.84 avg_buy=374.29 avg_sell=379.55 avg_ratio=1.12
2026-04-07 10:44:53,105 | INFO | Fetching ETHUSDT from 2026-04-07 02:40:00 to 2026-04-07 10:44:48.257653
2026-04-07 10:44:56,261 | INFO | Saved Data/ETHUSDT_futures_volume_5years_5min.csv, rows=239420
2026-04-07 10:44:56,265 | INFO | [BinanceService] Stats avg_volume=14309.81 avg_buy=7069.32 avg_sell=7240.49 avg_ratio=1.09
2026-04-07 10:44:57,610 | INFO | Fetching SOLUSDT from 2026-04-07 02:40:00 to 2026-04-07 10:44:48.257653
2026-04-07 10:45:00,766 | INFO | Saved Data/SOLUSDT_futures_volume_5years_5min.csv, rows=239420
2026-04-07 10:45:00,769 | INFO | [BinanceService] Stats avg_volume=79132.63 avg_buy=38908.80 avg_sell=40223.83 avg_ratio=1.06
2026-04-07 10:45:02,115 | INFO | Fetching DOGEUSDT from 2026-04-07 02:40:00 to 2026-04-07 10:44:48.257653
2026-04-07 10:45:05,415 | INFO | Saved Data/DOGEUSDT_futures_volume_5years_5min.csv, rows=239420
2026-04-07 10:45:05,419 | INFO | [BinanceService] Stats avg_volume=24286842.93 avg_buy=11867765.41 avg_sell=12419077.52 avg_ratio=1.08
2026-04-07 10:45:06,770 | INFO | Fetching 1000PEPEUSDT from 2026-04-07 02:40:00 to 2026-04-07 10:44:48.257653
2026-04-07 10:45:10,069 | INFO | Saved Data/1000PEPEUSDT_futures_volume_5years_5min.csv, rows=239420
2026-04-07 10:45:10,072 | INFO | [BinanceService] Stats avg_volume=384983003.70 avg_buy=189104822.72 avg_sell=195878180.98 avg_ratio=1.06
2026-04-07 10:45:11,075 | INFO | Sleeping 300s
2026-04-07 10:50:11,076 | INFO | Cycle 82 started
2026-04-07 10:50:11,076 | INFO | Target end_time=2026-04-07 10:50:11.076831
2026-04-07 10:50:11,414 | INFO | Fetching BTCUSDT from 2026-04-07 02:45:00 to 2026-04-07 10:50:11.076831
2026-04-07 10:50:14,559 | INFO | Saved Data/BTCUSDT_futures_volume_5years_5min.csv, rows=239422
2026-04-07 10:50:14,562 | INFO | [BinanceService] Stats avg_volume=753.84 avg_buy=374.29 avg_sell=379.55 avg_ratio=1.12
2026-04-07 10:50:15,908 | INFO | Fetching ETHUSDT from 2026-04-07 02:45:00 to 2026-04-07 10:50:11.076831
2026-04-07 10:50:19,006 | INFO | Saved Data/ETHUSDT_futures_volume_5years_5min.csv, rows=239422
2026-04-07 10:50:19,009 | INFO | [BinanceService] Stats avg_volume=14309.71 avg_buy=7069.28 avg_sell=7240.44 avg_ratio=1.09
2026-04-07 10:50:20,338 | INFO | Fetching SOLUSDT from 2026-04-07 02:45:00 to 2026-04-07 10:50:11.076831
2026-04-07 10:50:23,385 | INFO | Saved Data/SOLUSDT_futures_volume_5years_5min.csv, rows=239422
2026-04-07 10:50:23,389 | INFO | [BinanceService] Stats avg_volume=79132.16 avg_buy=38908.55 avg_sell=40223.60 avg_ratio=1.06
2026-04-07 10:50:24,734 | INFO | Fetching DOGEUSDT from 2026-04-07 02:45:00 to 2026-04-07 10:50:11.076831
2026-04-07 10:50:27,886 | INFO | Saved Data/DOGEUSDT_futures_volume_5years_5min.csv, rows=239422
2026-04-07 10:50:27,890 | INFO | [BinanceService] Stats avg_volume=24286672.79 avg_buy=11867680.74 avg_sell=12418992.06 avg_ratio=1.08
2026-04-07 10:50:29,248 | INFO | Fetching 1000PEPEUSDT from 2026-04-07 02:45:00 to 2026-04-07 10:50:11.076831
2026-04-07 10:50:32,548 | INFO | Saved Data/1000PEPEUSDT_futures_volume_5years_5min.csv, rows=239422
2026-04-07 10:50:32,552 | INFO | [BinanceService] Stats avg_volume=384980811.46 avg_buy=189103754.84 avg_sell=195877056.62 avg_ratio=1.06
2026-04-07 10:50:33,554 | INFO | Sleeping 300s
2026-04-07 10:55:33,554 | INFO | Cycle 83 started
2026-04-07 10:55:33,554 | INFO | Target end_time=2026-04-07 10:55:33.554934
2026-04-07 10:55:33,904 | INFO | Fetching BTCUSDT from 2026-04-07 02:55:00 to 2026-04-07 10:55:33.554934
2026-04-07 10:55:36,992 | INFO | Saved Data/BTCUSDT_futures_volume_5years_5min.csv, rows=239423
2026-04-07 10:55:36,995 | INFO | [BinanceService] Stats avg_volume=753.83 avg_buy=374.29 avg_sell=379.55 avg_ratio=1.12
2026-04-07 10:55:38,347 | INFO | Fetching ETHUSDT from 2026-04-07 02:55:00 to 2026-04-07 10:55:33.554934
2026-04-07 10:55:41,515 | INFO | Saved Data/ETHUSDT_futures_volume_5years_5min.csv, rows=239423
2026-04-07 10:55:41,518 | INFO | [BinanceService] Stats avg_volume=14309.69 avg_buy=7069.26 avg_sell=7240.43 avg_ratio=1.09
2026-04-07 10:55:42,857 | INFO | Fetching SOLUSDT from 2026-04-07 02:55:00 to 2026-04-07 10:55:33.554934
2026-04-07 10:55:45,942 | INFO | Saved Data/SOLUSDT_futures_volume_5years_5min.csv, rows=239423
2026-04-07 10:55:45,946 | INFO | [BinanceService] Stats avg_volume=79132.13 avg_buy=38908.50 avg_sell=40223.63 avg_ratio=1.06
2026-04-07 10:55:47,290 | INFO | Fetching DOGEUSDT from 2026-04-07 02:55:00 to 2026-04-07 10:55:33.554934
2026-04-07 10:55:50,423 | INFO | Saved Data/DOGEUSDT_futures_volume_5years_5min.csv, rows=239423
2026-04-07 10:55:50,426 | INFO | [BinanceService] Stats avg_volume=24286597.06 avg_buy=11867645.72 avg_sell=12418951.34 avg_ratio=1.08
2026-04-07 10:55:51,772 | INFO | Fetching 1000PEPEUSDT from 2026-04-07 02:55:00 to 2026-04-07 10:55:33.554934
2026-04-07 10:55:55,077 | INFO | Saved Data/1000PEPEUSDT_futures_volume_5years_5min.csv, rows=239423
2026-04-07 10:55:55,081 | INFO | [BinanceService] Stats avg_volume=384980103.42 avg_buy=189103575.80 avg_sell=195876527.63 avg_ratio=1.06
2026-04-07 10:55:56,083 | INFO | Sleeping 300s
2026-04-07 11:00:56,084 | INFO | Cycle 84 started
2026-04-07 11:00:56,084 | INFO | Target end_time=2026-04-07 11:00:56.084890
2026-04-07 11:00:56,451 | INFO | Fetching BTCUSDT from 2026-04-07 03:00:00 to 2026-04-07 11:00:56.084890
2026-04-07 11:00:59,964 | INFO | Saved Data/BTCUSDT_futures_volume_5years_5min.csv, rows=239424
2026-04-07 11:00:59,968 | INFO | [BinanceService] Stats avg_volume=753.83 avg_buy=374.29 avg_sell=379.55 avg_ratio=1.12
2026-04-07 11:01:01,322 | INFO | Fetching ETHUSDT from 2026-04-07 03:00:00 to 2026-04-07 11:00:56.084890
2026-04-07 11:01:04,913 | INFO | Saved Data/ETHUSDT_futures_volume_5years_5min.csv, rows=239424
2026-04-07 11:01:04,916 | INFO | [BinanceService] Stats avg_volume=14309.69 avg_buy=7069.27 avg_sell=7240.42 avg_ratio=1.09
2026-04-07 11:01:06,244 | INFO | Fetching SOLUSDT from 2026-04-07 03:00:00 to 2026-04-07 11:00:56.084890
2026-04-07 11:01:10,539 | INFO | Saved Data/SOLUSDT_futures_volume_5years_5min.csv, rows=239424
2026-04-07 11:01:10,543 | INFO | [BinanceService] Stats avg_volume=79131.98 avg_buy=38908.42 avg_sell=40223.56 avg_ratio=1.06
2026-04-07 11:01:11,890 | INFO | Fetching DOGEUSDT from 2026-04-07 03:00:00 to 2026-04-07 11:00:56.084890
2026-04-07 11:01:15,471 | INFO | Saved Data/DOGEUSDT_futures_volume_5years_5min.csv, rows=239424
2026-04-07 11:01:15,474 | INFO | [BinanceService] Stats avg_volume=24286533.43 avg_buy=11867623.00 avg_sell=12418910.43 avg_ratio=1.08
2026-04-07 11:01:16,830 | INFO | Fetching 1000PEPEUSDT from 2026-04-07 03:00:00 to 2026-04-07 11:00:56.084890
2026-04-07 11:01:20,911 | INFO | Saved Data/1000PEPEUSDT_futures_volume_5years_5min.csv, rows=239424
2026-04-07 11:01:20,915 | INFO | [BinanceService] Stats avg_volume=384979157.97 avg_buy=189103154.37 avg_sell=195876003.60 avg_ratio=1.06
2026-04-07 11:01:21,917 | INFO | Sleeping 300s
2026-04-07 11:06:21,918 | INFO | Cycle 85 started
2026-04-07 11:06:21,918 | INFO | Target end_time=2026-04-07 11:06:21.918457
2026-04-07 11:06:22,273 | INFO | Fetching BTCUSDT from 2026-04-07 03:05:00 to 2026-04-07 11:06:21.918457
2026-04-07 11:06:25,378 | INFO | Saved Data/BTCUSDT_futures_volume_5years_5min.csv, rows=239425
2026-04-07 11:06:25,382 | INFO | [BinanceService] Stats avg_volume=753.83 avg_buy=374.28 avg_sell=379.55 avg_ratio=1.12
2026-04-07 11:06:26,727 | INFO | Fetching ETHUSDT from 2026-04-07 03:05:00 to 2026-04-07 11:06:21.918457
2026-04-07 11:06:30,275 | INFO | Saved Data/ETHUSDT_futures_volume_5years_5min.csv, rows=239425
2026-04-07 11:06:30,278 | INFO | [BinanceService] Stats avg_volume=14309.66 avg_buy=7069.25 avg_sell=7240.41 avg_ratio=1.09
2026-04-07 11:06:31,624 | INFO | Fetching SOLUSDT from 2026-04-07 03:05:00 to 2026-04-07 11:06:21.918457
2026-04-07 11:06:34,621 | INFO | Saved Data/SOLUSDT_futures_volume_5years_5min.csv, rows=239425
2026-04-07 11:06:34,624 | INFO | [BinanceService] Stats avg_volume=79131.76 avg_buy=38908.32 avg_sell=40223.44 avg_ratio=1.06
2026-04-07 11:06:35,970 | INFO | Fetching DOGEUSDT from 2026-04-07 03:05:00 to 2026-04-07 11:06:21.918457
2026-04-07 11:06:39,126 | INFO | Saved Data/DOGEUSDT_futures_volume_5years_5min.csv, rows=239425
2026-04-07 11:06:39,130 | INFO | [BinanceService] Stats avg_volume=24286469.58 avg_buy=11867591.24 avg_sell=12418878.33 avg_ratio=1.08
2026-04-07 11:06:40,484 | INFO | Fetching 1000PEPEUSDT from 2026-04-07 03:05:00 to 2026-04-07 11:06:21.918457
2026-04-07 11:06:43,847 | INFO | Saved Data/1000PEPEUSDT_futures_volume_5years_5min.csv, rows=239425
2026-04-07 11:06:43,851 | INFO | [BinanceService] Stats avg_volume=384978120.56 avg_buy=189102697.35 avg_sell=195875423.22 avg_ratio=1.06
2026-04-07 11:06:44,855 | INFO | Sleeping 300s
2026-04-07 11:11:44,856 | INFO | Cycle 86 started
2026-04-07 11:11:44,856 | INFO | Target end_time=2026-04-07 11:11:44.856190
2026-04-07 11:11:45,212 | INFO | Fetching BTCUSDT from 2026-04-07 03:10:00 to 2026-04-07 11:11:44.856190
2026-04-07 11:11:48,370 | INFO | Saved Data/BTCUSDT_futures_volume_5years_5min.csv, rows=239426
2026-04-07 11:11:48,374 | INFO | [BinanceService] Stats avg_volume=753.83 avg_buy=374.28 avg_sell=379.55 avg_ratio=1.12
2026-04-07 11:11:49,720 | INFO | Fetching ETHUSDT from 2026-04-07 03:10:00 to 2026-04-07 11:11:44.856190
2026-04-07 11:11:52,817 | INFO | Saved Data/ETHUSDT_futures_volume_5years_5min.csv, rows=239426
2026-04-07 11:11:52,821 | INFO | [BinanceService] Stats avg_volume=14309.62 avg_buy=7069.23 avg_sell=7240.38 avg_ratio=1.09
2026-04-07 11:11:54,142 | INFO | Fetching SOLUSDT from 2026-04-07 03:10:00 to 2026-04-07 11:11:44.856190
2026-04-07 11:11:57,160 | INFO | Saved Data/SOLUSDT_futures_volume_5years_5min.csv, rows=239426
2026-04-07 11:11:57,163 | INFO | [BinanceService] Stats avg_volume=79131.50 avg_buy=38908.19 avg_sell=40223.31 avg_ratio=1.06
2026-04-07 11:11:58,496 | INFO | Fetching DOGEUSDT from 2026-04-07 03:10:00 to 2026-04-07 11:11:44.856190
2026-04-07 11:12:01,635 | INFO | Saved Data/DOGEUSDT_futures_volume_5years_5min.csv, rows=239426
2026-04-07 11:12:01,638 | INFO | [BinanceService] Stats avg_volume=24286388.73 avg_buy=11867550.03 avg_sell=12418838.69 avg_ratio=1.08
2026-04-07 11:12:02,992 | INFO | Fetching 1000PEPEUSDT from 2026-04-07 03:10:00 to 2026-04-07 11:11:44.856190
2026-04-07 11:12:06,195 | INFO | Saved Data/1000PEPEUSDT_futures_volume_5years_5min.csv, rows=239426
2026-04-07 11:12:06,199 | INFO | [BinanceService] Stats avg_volume=384976989.69 avg_buy=189102269.92 avg_sell=195874719.77 avg_ratio=1.06
2026-04-07 11:12:07,201 | INFO | Sleeping 300s
2026-04-07 11:17:07,202 | INFO | Cycle 87 started
2026-04-07 11:17:07,202 | INFO | Target end_time=2026-04-07 11:17:07.202615
2026-04-07 11:17:07,552 | INFO | Fetching BTCUSDT from 2026-04-07 03:15:00 to 2026-04-07 11:17:07.202615
2026-04-07 11:17:10,745 | INFO | Saved Data/BTCUSDT_futures_volume_5years_5min.csv, rows=239427
2026-04-07 11:17:10,748 | INFO | [BinanceService] Stats avg_volume=753.83 avg_buy=374.28 avg_sell=379.55 avg_ratio=1.12
2026-04-07 11:17:12,096 | INFO | Fetching ETHUSDT from 2026-04-07 03:15:00 to 2026-04-07 11:17:07.202615
2026-04-07 11:17:15,202 | INFO | Saved Data/ETHUSDT_futures_volume_5years_5min.csv, rows=239427
2026-04-07 11:17:15,206 | INFO | [BinanceService] Stats avg_volume=14309.58 avg_buy=7069.22 avg_sell=7240.36 avg_ratio=1.09
2026-04-07 11:17:16,555 | INFO | Fetching SOLUSDT from 2026-04-07 03:15:00 to 2026-04-07 11:17:07.202615
2026-04-07 11:17:19,563 | INFO | Saved Data/SOLUSDT_futures_volume_5years_5min.csv, rows=239427
2026-04-07 11:17:19,566 | INFO | [BinanceService] Stats avg_volume=79131.33 avg_buy=38908.15 avg_sell=40223.19 avg_ratio=1.06
2026-04-07 11:17:20,911 | INFO | Fetching DOGEUSDT from 2026-04-07 03:15:00 to 2026-04-07 11:17:07.202615
2026-04-07 11:17:24,039 | INFO | Saved Data/DOGEUSDT_futures_volume_5years_5min.csv, rows=239427
2026-04-07 11:17:24,043 | INFO | [BinanceService] Stats avg_volume=24286306.23 avg_buy=11867506.21 avg_sell=12418800.02 avg_ratio=1.08
2026-04-07 11:17:25,398 | INFO | Fetching 1000PEPEUSDT from 2026-04-07 03:15:00 to 2026-04-07 11:17:07.202615
2026-04-07 11:17:28,718 | INFO | Saved Data/1000PEPEUSDT_futures_volume_5years_5min.csv, rows=239427
2026-04-07 11:17:28,723 | INFO | [BinanceService] Stats avg_volume=384975861.49 avg_buy=189101841.85 avg_sell=195874019.65 avg_ratio=1.06
2026-04-07 11:17:29,725 | INFO | Sleeping 300s
2026-04-07 11:22:29,726 | INFO | Cycle 88 started
2026-04-07 11:22:29,726 | INFO | Target end_time=2026-04-07 11:22:29.726770
2026-04-07 11:22:30,083 | INFO | Fetching BTCUSDT from 2026-04-07 03:20:00 to 2026-04-07 11:22:29.726770
2026-04-07 11:22:33,285 | INFO | Saved Data/BTCUSDT_futures_volume_5years_5min.csv, rows=239428
2026-04-07 11:22:33,288 | INFO | [BinanceService] Stats avg_volume=753.83 avg_buy=374.28 avg_sell=379.54 avg_ratio=1.12
2026-04-07 11:22:34,631 | INFO | Fetching ETHUSDT from 2026-04-07 03:20:00 to 2026-04-07 11:22:29.726770
2026-04-07 11:22:38,100 | INFO | Saved Data/ETHUSDT_futures_volume_5years_5min.csv, rows=239428
2026-04-07 11:22:38,103 | INFO | [BinanceService] Stats avg_volume=14309.54 avg_buy=7069.20 avg_sell=7240.34 avg_ratio=1.09
2026-04-07 11:22:39,438 | INFO | Fetching SOLUSDT from 2026-04-07 03:20:00 to 2026-04-07 11:22:29.726770
2026-04-07 11:22:42,539 | INFO | Saved Data/SOLUSDT_futures_volume_5years_5min.csv, rows=239428
2026-04-07 11:22:42,543 | INFO | [BinanceService] Stats avg_volume=79131.15 avg_buy=38908.08 avg_sell=40223.07 avg_ratio=1.06
2026-04-07 11:22:43,884 | INFO | Fetching DOGEUSDT from 2026-04-07 03:20:00 to 2026-04-07 11:22:29.726770
2026-04-07 11:22:47,038 | INFO | Saved Data/DOGEUSDT_futures_volume_5years_5min.csv, rows=239428
2026-04-07 11:22:47,041 | INFO | [BinanceService] Stats avg_volume=24286230.44 avg_buy=11867471.32 avg_sell=12418759.11 avg_ratio=1.08
2026-04-07 11:22:48,385 | INFO | Fetching 1000PEPEUSDT from 2026-04-07 03:20:00 to 2026-04-07 11:22:29.726770
2026-04-07 11:22:51,747 | INFO | Saved Data/1000PEPEUSDT_futures_volume_5years_5min.csv, rows=239428
2026-04-07 11:22:51,750 | INFO | [BinanceService] Stats avg_volume=384974609.86 avg_buy=189101265.22 avg_sell=195873344.63 avg_ratio=1.06
2026-04-07 11:22:52,753 | INFO | Sleeping 300s
2026-04-07 11:27:52,753 | INFO | Cycle 89 started
2026-04-07 11:27:52,755 | INFO | Target end_time=2026-04-07 11:27:52.755733
2026-04-07 11:27:53,099 | INFO | Fetching BTCUSDT from 2026-04-07 03:25:00 to 2026-04-07 11:27:52.755733
2026-04-07 11:27:56,215 | INFO | Saved Data/BTCUSDT_futures_volume_5years_5min.csv, rows=239429
2026-04-07 11:27:56,218 | INFO | [BinanceService] Stats avg_volume=753.83 avg_buy=374.28 avg_sell=379.54 avg_ratio=1.12
2026-04-07 11:27:57,563 | INFO | Fetching ETHUSDT from 2026-04-07 03:25:00 to 2026-04-07 11:27:52.755733
2026-04-07 11:28:00,700 | INFO | Saved Data/ETHUSDT_futures_volume_5years_5min.csv, rows=239429
2026-04-07 11:28:00,703 | INFO | [BinanceService] Stats avg_volume=14309.52 avg_buy=7069.19 avg_sell=7240.32 avg_ratio=1.09
2026-04-07 11:28:02,036 | INFO | Fetching SOLUSDT from 2026-04-07 03:25:00 to 2026-04-07 11:27:52.755733
2026-04-07 11:28:05,079 | INFO | Saved Data/SOLUSDT_futures_volume_5years_5min.csv, rows=239429
2026-04-07 11:28:05,083 | INFO | [BinanceService] Stats avg_volume=79130.99 avg_buy=38908.00 avg_sell=40222.98 avg_ratio=1.06
2026-04-07 11:28:06,427 | INFO | Fetching DOGEUSDT from 2026-04-07 03:25:00 to 2026-04-07 11:27:52.755733
2026-04-07 11:28:09,581 | INFO | Saved Data/DOGEUSDT_futures_volume_5years_5min.csv, rows=239429
2026-04-07 11:28:09,584 | INFO | [BinanceService] Stats avg_volume=24286154.25 avg_buy=11867433.10 avg_sell=12418721.15 avg_ratio=1.08
2026-04-07 11:28:10,939 | INFO | Fetching 1000PEPEUSDT from 2026-04-07 03:25:00 to 2026-04-07 11:27:52.755733
2026-04-07 11:28:14,197 | INFO | Saved Data/1000PEPEUSDT_futures_volume_5years_5min.csv, rows=239429
2026-04-07 11:28:14,200 | INFO | [BinanceService] Stats avg_volume=384973324.06 avg_buy=189100675.31 avg_sell=195872648.75 avg_ratio=1.06
2026-04-07 11:28:15,202 | INFO | Sleeping 300s
2026-04-07 11:33:15,203 | INFO | Cycle 90 started
2026-04-07 11:33:15,203 | INFO | Target end_time=2026-04-07 11:33:15.203626
2026-04-07 11:33:15,561 | INFO | Fetching BTCUSDT from 2026-04-07 03:30:00 to 2026-04-07 11:33:15.203626
2026-04-07 11:33:18,732 | INFO | Saved Data/BTCUSDT_futures_volume_5years_5min.csv, rows=239430
2026-04-07 11:33:18,736 | INFO | [BinanceService] Stats avg_volume=753.82 avg_buy=374.28 avg_sell=379.54 avg_ratio=1.12
2026-04-07 11:33:20,088 | INFO | Fetching ETHUSDT from 2026-04-07 03:30:00 to 2026-04-07 11:33:15.203626
2026-04-07 11:33:23,216 | INFO | Saved Data/ETHUSDT_futures_volume_5years_5min.csv, rows=239430
2026-04-07 11:33:23,220 | INFO | [BinanceService] Stats avg_volume=14309.49 avg_buy=7069.18 avg_sell=7240.31 avg_ratio=1.09
2026-04-07 11:33:24,563 | INFO | Fetching SOLUSDT from 2026-04-07 03:30:00 to 2026-04-07 11:33:15.203626
2026-04-07 11:33:27,760 | INFO | Saved Data/SOLUSDT_futures_volume_5years_5min.csv, rows=239430
2026-04-07 11:33:27,763 | INFO | [BinanceService] Stats avg_volume=79130.77 avg_buy=38907.90 avg_sell=40222.88 avg_ratio=1.06
2026-04-07 11:33:29,114 | INFO | Fetching DOGEUSDT from 2026-04-07 03:30:00 to 2026-04-07 11:33:15.203626
2026-04-07 11:33:32,750 | INFO | Saved Data/DOGEUSDT_futures_volume_5years_5min.csv, rows=239430
2026-04-07 11:33:32,753 | INFO | [BinanceService] Stats avg_volume=24286079.80 avg_buy=11867394.72 avg_sell=12418685.08 avg_ratio=1.08
2026-04-07 11:33:34,103 | INFO | Fetching 1000PEPEUSDT from 2026-04-07 03:30:00 to 2026-04-07 11:33:15.203626
2026-04-07 11:33:37,464 | INFO | Saved Data/1000PEPEUSDT_futures_volume_5years_5min.csv, rows=239430
2026-04-07 11:33:37,469 | INFO | [BinanceService] Stats avg_volume=384972069.72 avg_buy=189100063.74 avg_sell=195872005.97 avg_ratio=1.06
2026-04-07 11:33:38,470 | INFO | Sleeping 300s
2026-04-07 11:38:38,471 | INFO | Cycle 91 started
2026-04-07 11:38:38,471 | INFO | Target end_time=2026-04-07 11:38:38.471668
2026-04-07 11:38:38,832 | INFO | Fetching BTCUSDT from 2026-04-07 03:35:00 to 2026-04-07 11:38:38.471668
2026-04-07 11:38:41,927 | INFO | Saved Data/BTCUSDT_futures_volume_5years_5min.csv, rows=239431
2026-04-07 11:38:41,930 | INFO | [BinanceService] Stats avg_volume=753.82 avg_buy=374.28 avg_sell=379.54 avg_ratio=1.12
2026-04-07 11:38:43,278 | INFO | Fetching ETHUSDT from 2026-04-07 03:35:00 to 2026-04-07 11:38:38.471668
2026-04-07 11:38:46,480 | INFO | Saved Data/ETHUSDT_futures_volume_5years_5min.csv, rows=239431
2026-04-07 11:38:46,484 | INFO | [BinanceService] Stats avg_volume=14309.45 avg_buy=7069.15 avg_sell=7240.30 avg_ratio=1.09
2026-04-07 11:38:47,818 | INFO | Fetching SOLUSDT from 2026-04-07 03:35:00 to 2026-04-07 11:38:38.471668
2026-04-07 11:38:50,842 | INFO | Saved Data/SOLUSDT_futures_volume_5years_5min.csv, rows=239431
2026-04-07 11:38:50,847 | INFO | [BinanceService] Stats avg_volume=79130.54 avg_buy=38907.76 avg_sell=40222.78 avg_ratio=1.06
2026-04-07 11:38:52,198 | INFO | Fetching DOGEUSDT from 2026-04-07 03:35:00 to 2026-04-07 11:38:38.471668
2026-04-07 11:38:55,338 | INFO | Saved Data/DOGEUSDT_futures_volume_5years_5min.csv, rows=239431
2026-04-07 11:38:55,342 | INFO | [BinanceService] Stats avg_volume=24285999.08 avg_buy=11867356.65 avg_sell=12418642.42 avg_ratio=1.08
2026-04-07 11:38:56,690 | INFO | Fetching 1000PEPEUSDT from 2026-04-07 03:35:00 to 2026-04-07 11:38:38.471668
2026-04-07 11:38:59,999 | INFO | Saved Data/1000PEPEUSDT_futures_volume_5years_5min.csv, rows=239431
2026-04-07 11:39:00,002 | INFO | [BinanceService] Stats avg_volume=384970751.39 avg_buy=189099416.34 avg_sell=195871335.06 avg_ratio=1.06
2026-04-07 11:39:01,004 | INFO | Sleeping 300s
2026-04-07 11:44:01,005 | INFO | Cycle 92 started
2026-04-07 11:44:01,005 | INFO | Target end_time=2026-04-07 11:44:01.005135
2026-04-07 11:44:01,364 | INFO | Fetching BTCUSDT from 2026-04-07 03:40:00 to 2026-04-07 11:44:01.005135
2026-04-07 11:44:04,547 | INFO | Saved Data/BTCUSDT_futures_volume_5years_5min.csv, rows=239432
2026-04-07 11:44:04,550 | INFO | [BinanceService] Stats avg_volume=753.82 avg_buy=374.28 avg_sell=379.54 avg_ratio=1.12
2026-04-07 11:44:05,889 | INFO | Fetching ETHUSDT from 2026-04-07 03:40:00 to 2026-04-07 11:44:01.005135
2026-04-07 11:44:08,974 | INFO | Saved Data/ETHUSDT_futures_volume_5years_5min.csv, rows=239432
2026-04-07 11:44:08,977 | INFO | [BinanceService] Stats avg_volume=14309.41 avg_buy=7069.13 avg_sell=7240.28 avg_ratio=1.09
2026-04-07 11:44:10,311 | INFO | Fetching SOLUSDT from 2026-04-07 03:40:00 to 2026-04-07 11:44:01.005135
2026-04-07 11:44:13,329 | INFO | Saved Data/SOLUSDT_futures_volume_5years_5min.csv, rows=239432
2026-04-07 11:44:13,333 | INFO | [BinanceService] Stats avg_volume=79130.27 avg_buy=38907.63 avg_sell=40222.64 avg_ratio=1.06
2026-04-07 11:44:14,678 | INFO | Fetching DOGEUSDT from 2026-04-07 03:40:00 to 2026-04-07 11:44:01.005135
2026-04-07 11:44:17,817 | INFO | Saved Data/DOGEUSDT_futures_volume_5years_5min.csv, rows=239432
2026-04-07 11:44:17,820 | INFO | [BinanceService] Stats avg_volume=24285924.07 avg_buy=11867317.81 avg_sell=12418606.26 avg_ratio=1.08
2026-04-07 11:44:19,177 | INFO | Fetching 1000PEPEUSDT from 2026-04-07 03:40:00 to 2026-04-07 11:44:01.005135
2026-04-07 11:44:22,460 | INFO | Saved Data/1000PEPEUSDT_futures_volume_5years_5min.csv, rows=239432
2026-04-07 11:44:22,464 | INFO | [BinanceService] Stats avg_volume=384969457.18 avg_buy=189098774.09 avg_sell=195870683.09 avg_ratio=1.06
2026-04-07 11:44:23,465 | INFO | Sleeping 300s
2026-04-07 11:49:23,467 | INFO | Cycle 93 started
2026-04-07 11:49:23,467 | INFO | Target end_time=2026-04-07 11:49:23.467046
2026-04-07 11:49:23,826 | INFO | Fetching BTCUSDT from 2026-04-07 03:45:00 to 2026-04-07 11:49:23.467046
2026-04-07 11:49:26,975 | INFO | Saved Data/BTCUSDT_futures_volume_5years_5min.csv, rows=239433
2026-04-07 11:49:26,979 | INFO | [BinanceService] Stats avg_volume=753.82 avg_buy=374.28 avg_sell=379.54 avg_ratio=1.12
2026-04-07 11:49:28,331 | INFO | Fetching ETHUSDT from 2026-04-07 03:45:00 to 2026-04-07 11:49:23.467046
2026-04-07 11:49:31,543 | INFO | Saved Data/ETHUSDT_futures_volume_5years_5min.csv, rows=239433
2026-04-07 11:49:31,546 | INFO | [BinanceService] Stats avg_volume=14309.36 avg_buy=7069.10 avg_sell=7240.26 avg_ratio=1.09
2026-04-07 11:49:32,886 | INFO | Fetching SOLUSDT from 2026-04-07 03:45:00 to 2026-04-07 11:49:23.467046
2026-04-07 11:49:35,944 | INFO | Saved Data/SOLUSDT_futures_volume_5years_5min.csv, rows=239433
2026-04-07 11:49:35,947 | INFO | [BinanceService] Stats avg_volume=79130.03 avg_buy=38907.50 avg_sell=40222.52 avg_ratio=1.06
2026-04-07 11:49:37,292 | INFO | Fetching DOGEUSDT from 2026-04-07 03:45:00 to 2026-04-07 11:49:23.467046
2026-04-07 11:49:40,467 | INFO | Saved Data/DOGEUSDT_futures_volume_5years_5min.csv, rows=239433
2026-04-07 11:49:40,470 | INFO | [BinanceService] Stats avg_volume=24285841.22 avg_buy=11867280.34 avg_sell=12418560.88 avg_ratio=1.08
2026-04-07 11:49:41,840 | INFO | Fetching 1000PEPEUSDT from 2026-04-07 03:45:00 to 2026-04-07 11:49:23.467046
2026-04-07 11:49:45,165 | INFO | Saved Data/1000PEPEUSDT_futures_volume_5years_5min.csv, rows=239433
2026-04-07 11:49:45,168 | INFO | [BinanceService] Stats avg_volume=384968266.76 avg_buy=189098221.25 avg_sell=195870045.51 avg_ratio=1.06
2026-04-07 11:49:46,169 | INFO | Sleeping 300s
2026-04-07 11:54:46,171 | INFO | Cycle 94 started
2026-04-07 11:54:46,171 | INFO | Target end_time=2026-04-07 11:54:46.171260
2026-04-07 11:54:46,517 | INFO | Fetching BTCUSDT from 2026-04-07 03:50:00 to 2026-04-07 11:54:46.171260
2026-04-07 11:54:49,572 | INFO | Saved Data/BTCUSDT_futures_volume_5years_5min.csv, rows=239434
2026-04-07 11:54:49,575 | INFO | [BinanceService] Stats avg_volume=753.81 avg_buy=374.28 avg_sell=379.54 avg_ratio=1.12
2026-04-07 11:54:50,910 | INFO | Fetching ETHUSDT from 2026-04-07 03:50:00 to 2026-04-07 11:54:46.171260
2026-04-07 11:54:54,005 | INFO | Saved Data/ETHUSDT_futures_volume_5years_5min.csv, rows=239434
2026-04-07 11:54:54,008 | INFO | [BinanceService] Stats avg_volume=14309.32 avg_buy=7069.08 avg_sell=7240.24 avg_ratio=1.09
2026-04-07 11:54:55,337 | INFO | Fetching SOLUSDT from 2026-04-07 03:50:00 to 2026-04-07 11:54:46.171260
2026-04-07 11:54:58,325 | INFO | Saved Data/SOLUSDT_futures_volume_5years_5min.csv, rows=239434
2026-04-07 11:54:58,328 | INFO | [BinanceService] Stats avg_volume=79129.85 avg_buy=38907.41 avg_sell=40222.43 avg_ratio=1.06
2026-04-07 11:54:59,662 | INFO | Fetching DOGEUSDT from 2026-04-07 03:50:00 to 2026-04-07 11:54:46.171260
2026-04-07 11:55:02,751 | INFO | Saved Data/DOGEUSDT_futures_volume_5years_5min.csv, rows=239434
2026-04-07 11:55:02,754 | INFO | [BinanceService] Stats avg_volume=24285756.02 avg_buy=11867240.80 avg_sell=12418515.22 avg_ratio=1.08
2026-04-07 11:55:04,108 | INFO | Fetching 1000PEPEUSDT from 2026-04-07 03:50:00 to 2026-04-07 11:54:46.171260
2026-04-07 11:55:07,255 | INFO | Saved Data/1000PEPEUSDT_futures_volume_5years_5min.csv, rows=239434
2026-04-07 11:55:07,258 | INFO | [BinanceService] Stats avg_volume=384967372.86 avg_buy=189097986.75 avg_sell=195869386.11 avg_ratio=1.06
2026-04-07 11:55:08,261 | INFO | Sleeping 300s
2026-04-07 12:00:08,262 | INFO | Cycle 95 started
2026-04-07 12:00:08,262 | INFO | Target end_time=2026-04-07 12:00:08.262589
2026-04-07 12:00:08,642 | INFO | Fetching BTCUSDT from 2026-04-07 03:55:00 to 2026-04-07 12:00:08.262589
2026-04-07 12:00:12,057 | INFO | Saved Data/BTCUSDT_futures_volume_5years_5min.csv, rows=239436
2026-04-07 12:00:12,061 | INFO | [BinanceService] Stats avg_volume=753.81 avg_buy=374.27 avg_sell=379.54 avg_ratio=1.12
2026-04-07 12:00:13,406 | INFO | Fetching ETHUSDT from 2026-04-07 03:55:00 to 2026-04-07 12:00:08.262589
2026-04-07 12:00:16,815 | INFO | Saved Data/ETHUSDT_futures_volume_5years_5min.csv, rows=239436
2026-04-07 12:00:16,819 | INFO | [BinanceService] Stats avg_volume=14309.22 avg_buy=7069.04 avg_sell=7240.19 avg_ratio=1.09
2026-04-07 12:00:18,170 | INFO | Fetching SOLUSDT from 2026-04-07 03:55:00 to 2026-04-07 12:00:08.262589
2026-04-07 12:00:21,410 | INFO | Saved Data/SOLUSDT_futures_volume_5years_5min.csv, rows=239436
2026-04-07 12:00:21,414 | INFO | [BinanceService] Stats avg_volume=79129.39 avg_buy=38907.22 avg_sell=40222.17 avg_ratio=1.06
2026-04-07 12:00:22,779 | INFO | Fetching DOGEUSDT from 2026-04-07 03:55:00 to 2026-04-07 12:00:08.262589
2026-04-07 12:00:26,194 | INFO | Saved Data/DOGEUSDT_futures_volume_5years_5min.csv, rows=239436
2026-04-07 12:00:26,196 | INFO | [BinanceService] Stats avg_volume=24285579.66 avg_buy=11867156.85 avg_sell=12418422.81 avg_ratio=1.08
2026-04-07 12:00:27,561 | INFO | Fetching 1000PEPEUSDT from 2026-04-07 03:55:00 to 2026-04-07 12:00:08.262589
2026-04-07 12:00:30,776 | INFO | Saved Data/1000PEPEUSDT_futures_volume_5years_5min.csv, rows=239436
2026-04-07 12:00:30,779 | INFO | [BinanceService] Stats avg_volume=384964741.88 avg_buy=189096750.60 avg_sell=195867991.27 avg_ratio=1.06
2026-04-07 12:00:31,780 | INFO | Sleeping 300s
2026-04-07 12:05:31,781 | INFO | Cycle 96 started
2026-04-07 12:05:31,781 | INFO | Target end_time=2026-04-07 12:05:31.781255
2026-04-07 12:05:32,150 | INFO | Fetching BTCUSDT from 2026-04-07 04:05:00 to 2026-04-07 12:05:31.781255
2026-04-07 12:05:35,371 | INFO | Saved Data/BTCUSDT_futures_volume_5years_5min.csv, rows=239437
2026-04-07 12:05:35,374 | INFO | [BinanceService] Stats avg_volume=753.81 avg_buy=374.27 avg_sell=379.53 avg_ratio=1.12
2026-04-07 12:05:36,732 | INFO | Fetching ETHUSDT from 2026-04-07 04:05:00 to 2026-04-07 12:05:31.781255
2026-04-07 12:05:39,900 | INFO | Saved Data/ETHUSDT_futures_volume_5years_5min.csv, rows=239437
2026-04-07 12:05:39,903 | INFO | [BinanceService] Stats avg_volume=14309.20 avg_buy=7069.02 avg_sell=7240.18 avg_ratio=1.09
2026-04-07 12:05:41,235 | INFO | Fetching SOLUSDT from 2026-04-07 04:05:00 to 2026-04-07 12:05:31.781255
2026-04-07 12:05:44,377 | INFO | Saved Data/SOLUSDT_futures_volume_5years_5min.csv, rows=239437
2026-04-07 12:05:44,381 | INFO | [BinanceService] Stats avg_volume=79129.15 avg_buy=38907.09 avg_sell=40222.06 avg_ratio=1.06
2026-04-07 12:05:45,732 | INFO | Fetching DOGEUSDT from 2026-04-07 04:05:00 to 2026-04-07 12:05:31.781255
2026-04-07 12:05:48,932 | INFO | Saved Data/DOGEUSDT_futures_volume_5years_5min.csv, rows=239437
2026-04-07 12:05:48,936 | INFO | [BinanceService] Stats avg_volume=24285516.17 avg_buy=11867119.25 avg_sell=12418396.92 avg_ratio=1.08
2026-04-07 12:05:50,291 | INFO | Fetching 1000PEPEUSDT from 2026-04-07 04:05:00 to 2026-04-07 12:05:31.781255
2026-04-07 12:05:53,558 | INFO | Saved Data/1000PEPEUSDT_futures_volume_5years_5min.csv, rows=239437
2026-04-07 12:05:53,561 | INFO | [BinanceService] Stats avg_volume=384964308.69 avg_buy=189096382.09 avg_sell=195867926.60 avg_ratio=1.06
2026-04-07 12:05:54,563 | INFO | Sleeping 300s
2026-04-07 12:10:54,564 | INFO | Cycle 97 started
2026-04-07 12:10:54,564 | INFO | Target end_time=2026-04-07 12:10:54.564483
2026-04-07 12:10:54,934 | INFO | Fetching BTCUSDT from 2026-04-07 04:10:00 to 2026-04-07 12:10:54.564483
2026-04-07 12:10:58,100 | INFO | Saved Data/BTCUSDT_futures_volume_5years_5min.csv, rows=239438
2026-04-07 12:10:58,105 | INFO | [BinanceService] Stats avg_volume=753.80 avg_buy=374.27 avg_sell=379.53 avg_ratio=1.12
2026-04-07 12:10:59,419 | INFO | Fetching ETHUSDT from 2026-04-07 04:10:00 to 2026-04-07 12:10:54.564483
2026-04-07 12:11:02,595 | INFO | Saved Data/ETHUSDT_futures_volume_5years_5min.csv, rows=239438
2026-04-07 12:11:02,598 | INFO | [BinanceService] Stats avg_volume=14309.16 avg_buy=7069.00 avg_sell=7240.16 avg_ratio=1.09
2026-04-07 12:11:03,935 | INFO | Fetching SOLUSDT from 2026-04-07 04:10:00 to 2026-04-07 12:10:54.564483
2026-04-07 12:11:07,062 | INFO | Saved Data/SOLUSDT_futures_volume_5years_5min.csv, rows=239438
2026-04-07 12:11:07,063 | INFO | [BinanceService] Stats avg_volume=79128.93 avg_buy=38906.99 avg_sell=40221.94 avg_ratio=1.06
2026-04-07 12:11:08,424 | INFO | Fetching DOGEUSDT from 2026-04-07 04:10:00 to 2026-04-07 12:10:54.564483
2026-04-07 12:11:11,644 | INFO | Saved Data/DOGEUSDT_futures_volume_5years_5min.csv, rows=239438
2026-04-07 12:11:11,647 | INFO | [BinanceService] Stats avg_volume=24285432.64 avg_buy=11867077.71 avg_sell=12418354.93 avg_ratio=1.08
2026-04-07 12:11:13,008 | INFO | Fetching 1000PEPEUSDT from 2026-04-07 04:10:00 to 2026-04-07 12:10:54.564483
2026-04-07 12:11:16,194 | INFO | Saved Data/1000PEPEUSDT_futures_volume_5years_5min.csv, rows=239438
2026-04-07 12:11:16,198 | INFO | [BinanceService] Stats avg_volume=384963166.00 avg_buy=189095821.63 avg_sell=195867344.37 avg_ratio=1.06
2026-04-07 12:11:17,199 | INFO | Sleeping 300s
2026-04-07 12:16:17,200 | INFO | Cycle 98 started
2026-04-07 12:16:17,200 | INFO | Target end_time=2026-04-07 12:16:17.200840
2026-04-07 12:16:17,551 | INFO | Fetching BTCUSDT from 2026-04-07 04:15:00 to 2026-04-07 12:16:17.200840
2026-04-07 12:16:20,734 | INFO | Saved Data/BTCUSDT_futures_volume_5years_5min.csv, rows=239439
2026-04-07 12:16:20,737 | INFO | [BinanceService] Stats avg_volume=753.80 avg_buy=374.27 avg_sell=379.53 avg_ratio=1.12
2026-04-07 12:16:22,054 | INFO | Fetching ETHUSDT from 2026-04-07 04:15:00 to 2026-04-07 12:16:17.200840
2026-04-07 12:16:25,501 | INFO | Saved Data/ETHUSDT_futures_volume_5years_5min.csv, rows=239439
2026-04-07 12:16:25,505 | INFO | [BinanceService] Stats avg_volume=14309.13 avg_buy=7068.98 avg_sell=7240.15 avg_ratio=1.09
2026-04-07 12:16:26,846 | INFO | Fetching SOLUSDT from 2026-04-07 04:15:00 to 2026-04-07 12:16:17.200840
2026-04-07 12:16:30,453 | INFO | Saved Data/SOLUSDT_futures_volume_5years_5min.csv, rows=239439
2026-04-07 12:16:30,456 | INFO | [BinanceService] Stats avg_volume=79128.70 avg_buy=38906.87 avg_sell=40221.83 avg_ratio=1.06
2026-04-07 12:16:31,794 | INFO | Fetching DOGEUSDT from 2026-04-07 04:15:00 to 2026-04-07 12:16:17.200840
2026-04-07 12:16:35,539 | INFO | Saved Data/DOGEUSDT_futures_volume_5years_5min.csv, rows=239439
2026-04-07 12:16:35,542 | INFO | [BinanceService] Stats avg_volume=24285375.84 avg_buy=11867043.12 avg_sell=12418332.72 avg_ratio=1.08
2026-04-07 12:16:36,901 | INFO | Fetching 1000PEPEUSDT from 2026-04-07 04:15:00 to 2026-04-07 12:16:17.200840
2026-04-07 12:16:40,852 | INFO | Saved Data/1000PEPEUSDT_futures_volume_5years_5min.csv, rows=239439
2026-04-07 12:16:40,856 | INFO | [BinanceService] Stats avg_volume=384961996.82 avg_buy=189095320.27 avg_sell=195866676.55 avg_ratio=1.06
2026-04-07 12:16:41,859 | INFO | Sleeping 300s
2026-04-07 12:21:41,860 | INFO | Cycle 99 started
2026-04-07 12:21:41,860 | INFO | Target end_time=2026-04-07 12:21:41.860065
2026-04-07 12:21:42,266 | INFO | Fetching BTCUSDT from 2026-04-07 04:20:00 to 2026-04-07 12:21:41.860065
2026-04-07 12:21:45,555 | INFO | Saved Data/BTCUSDT_futures_volume_5years_5min.csv, rows=239440
2026-04-07 12:21:45,558 | INFO | [BinanceService] Stats avg_volume=753.80 avg_buy=374.27 avg_sell=379.53 avg_ratio=1.12
2026-04-07 12:21:46,924 | INFO | Fetching ETHUSDT from 2026-04-07 04:20:00 to 2026-04-07 12:21:41.860065
2026-04-07 12:21:50,199 | INFO | Saved Data/ETHUSDT_futures_volume_5years_5min.csv, rows=239440
2026-04-07 12:21:50,203 | INFO | [BinanceService] Stats avg_volume=14309.10 avg_buy=7068.97 avg_sell=7240.13 avg_ratio=1.09
2026-04-07 12:21:51,551 | INFO | Fetching SOLUSDT from 2026-04-07 04:20:00 to 2026-04-07 12:21:41.860065
2026-04-07 12:22:01,611 | ERROR | Fetch failed for SOLUSDT: HTTPSConnectionPool(host='api.binance.com', port=443): Read timed out. (read timeout=10)
Traceback (most recent call last):
  File "C:\Users\User\Desktop\python\TradeTrainMode\.conda\Lib\site-packages\urllib3\connectionpool.py", line 464, in _make_request
    self._validate_conn(conn)
  File "C:\Users\User\Desktop\python\TradeTrainMode\.conda\Lib\site-packages\urllib3\connectionpool.py", line 1093, in _validate_conn
    conn.connect()
  File "C:\Users\User\Desktop\python\TradeTrainMode\.conda\Lib\site-packages\urllib3\connection.py", line 741, in connect
    sock_and_verified = _ssl_wrap_socket_and_match_hostname(
                        ^^^^^^^^^^^^^^^^^^^^^^^^^^^^^^^^^^^^
  File "C:\Users\User\Desktop\python\TradeTrainMode\.conda\Lib\site-packages\urllib3\connection.py", line 920, in _ssl_wrap_socket_and_match_hostname
    ssl_sock = ssl_wrap_socket(
               ^^^^^^^^^^^^^^^^
  File "C:\Users\User\Desktop\python\TradeTrainMode\.conda\Lib\site-packages\urllib3\util\ssl_.py", line 480, in ssl_wrap_socket
    ssl_sock = _ssl_wrap_socket_impl(sock, context, tls_in_tls, server_hostname)
               ^^^^^^^^^^^^^^^^^^^^^^^^^^^^^^^^^^^^^^^^^^^^^^^^^^^^^^^^^^^^^^^^^
  File "C:\Users\User\Desktop\python\TradeTrainMode\.conda\Lib\site-packages\urllib3\util\ssl_.py", line 524, in _ssl_wrap_socket_impl
    return ssl_context.wrap_socket(sock, server_hostname=server_hostname)
           ^^^^^^^^^^^^^^^^^^^^^^^^^^^^^^^^^^^^^^^^^^^^^^^^^^^^^^^^^^^^^^
  File "C:\Users\User\Desktop\python\TradeTrainMode\.conda\Lib\ssl.py", line 517, in wrap_socket
    return self.sslsocket_class._create(
           ^^^^^^^^^^^^^^^^^^^^^^^^^^^^^
  File "C:\Users\User\Desktop\python\TradeTrainMode\.conda\Lib\ssl.py", line 1104, in _create
    self.do_handshake()
  File "C:\Users\User\Desktop\python\TradeTrainMode\.conda\Lib\ssl.py", line 1382, in do_handshake
    self._sslobj.do_handshake()
TimeoutError: _ssl.c:989: The handshake operation timed out

The above exception was the direct cause of the following exception:

Traceback (most recent call last):
  File "C:\Users\User\Desktop\python\TradeTrainMode\.conda\Lib\site-packages\requests\adapters.py", line 667, in send
    resp = conn.urlopen(
           ^^^^^^^^^^^^^
  File "C:\Users\User\Desktop\python\TradeTrainMode\.conda\Lib\site-packages\urllib3\connectionpool.py", line 841, in urlopen
    retries = retries.increment(
              ^^^^^^^^^^^^^^^^^^
  File "C:\Users\User\Desktop\python\TradeTrainMode\.conda\Lib\site-packages\urllib3\util\retry.py", line 474, in increment
    raise reraise(type(error), error, _stacktrace)
          ^^^^^^^^^^^^^^^^^^^^^^^^^^^^^^^^^^^^^^^^
  File "C:\Users\User\Desktop\python\TradeTrainMode\.conda\Lib\site-packages\urllib3\util\util.py", line 39, in reraise
    raise value
  File "C:\Users\User\Desktop\python\TradeTrainMode\.conda\Lib\site-packages\urllib3\connectionpool.py", line 787, in urlopen
    response = self._make_request(
               ^^^^^^^^^^^^^^^^^^^
  File "C:\Users\User\Desktop\python\TradeTrainMode\.conda\Lib\site-packages\urllib3\connectionpool.py", line 488, in _make_request
    raise new_e
  File "C:\Users\User\Desktop\python\TradeTrainMode\.conda\Lib\site-packages\urllib3\connectionpool.py", line 466, in _make_request
    self._raise_timeout(err=e, url=url, timeout_value=conn.timeout)
  File "C:\Users\User\Desktop\python\TradeTrainMode\.conda\Lib\site-packages\urllib3\connectionpool.py", line 367, in _raise_timeout
    raise ReadTimeoutError(
urllib3.exceptions.ReadTimeoutError: HTTPSConnectionPool(host='api.binance.com', port=443): Read timed out. (read timeout=10)

During handling of the above exception, another exception occurred:

Traceback (most recent call last):
  File "C:\Users\User\Desktop\python\TradeTrainMode\services\data_fetch\binance_service.py", line 72, in run_once
    df = fetch_futures_data(symbol, interval, start_time, end_time)
         ^^^^^^^^^^^^^^^^^^^^^^^^^^^^^^^^^^^^^^^^^^^^^^^^^^^^^^^^^^
  File "C:\Users\User\Desktop\python\TradeTrainMode\GetTradeData.py", line 13, in fetch_futures_data
    client = Client()
             ^^^^^^^^
  File "C:\Users\User\Desktop\python\TradeTrainMode\.conda\Lib\site-packages\binance\client.py", line 51, in __init__
    self.ping()
  File "C:\Users\User\Desktop\python\TradeTrainMode\.conda\Lib\site-packages\binance\client.py", line 344, in ping
    return self._get("ping", version=self.PRIVATE_API_VERSION)
           ^^^^^^^^^^^^^^^^^^^^^^^^^^^^^^^^^^^^^^^^^^^^^^^^^^^
  File "C:\Users\User\Desktop\python\TradeTrainMode\.conda\Lib\site-packages\binance\client.py", line 180, in _get
    return self._request_api("get", path, signed, version, **kwargs)
           ^^^^^^^^^^^^^^^^^^^^^^^^^^^^^^^^^^^^^^^^^^^^^^^^^^^^^^^^^
  File "C:\Users\User\Desktop\python\TradeTrainMode\.conda\Lib\site-packages\binance\client.py", line 117, in _request_api
    return self._request(method, uri, signed, **kwargs)
           ^^^^^^^^^^^^^^^^^^^^^^^^^^^^^^^^^^^^^^^^^^^^
  File "C:\Users\User\Desktop\python\TradeTrainMode\.conda\Lib\site-packages\binance\client.py", line 88, in _request
    self.response = getattr(self.session, method)(uri, headers=headers, data=data, **kwargs)
                    ^^^^^^^^^^^^^^^^^^^^^^^^^^^^^^^^^^^^^^^^^^^^^^^^^^^^^^^^^^^^^^^^^^^^^^^^
  File "C:\Users\User\Desktop\python\TradeTrainMode\.conda\Lib\site-packages\requests\sessions.py", line 602, in get
    return self.request("GET", url, **kwargs)
           ^^^^^^^^^^^^^^^^^^^^^^^^^^^^^^^^^^
  File "C:\Users\User\Desktop\python\TradeTrainMode\.conda\Lib\site-packages\requests\sessions.py", line 589, in request
    resp = self.send(prep, **send_kwargs)
           ^^^^^^^^^^^^^^^^^^^^^^^^^^^^^^
  File "C:\Users\User\Desktop\python\TradeTrainMode\.conda\Lib\site-packages\requests\sessions.py", line 703, in send
    r = adapter.send(request, **kwargs)
        ^^^^^^^^^^^^^^^^^^^^^^^^^^^^^^^
  File "C:\Users\User\Desktop\python\TradeTrainMode\.conda\Lib\site-packages\requests\adapters.py", line 713, in send
    raise ReadTimeout(e, request=request)
requests.exceptions.ReadTimeout: HTTPSConnectionPool(host='api.binance.com', port=443): Read timed out. (read timeout=10)
2026-04-07 12:22:02,024 | INFO | Fetching DOGEUSDT from 2026-04-07 04:20:00 to 2026-04-07 12:21:41.860065
2026-04-07 12:22:05,320 | INFO | Saved Data/DOGEUSDT_futures_volume_5years_5min.csv, rows=239440
2026-04-07 12:22:05,323 | INFO | [BinanceService] Stats avg_volume=24285317.25 avg_buy=11867004.95 avg_sell=12418312.30 avg_ratio=1.08
2026-04-07 12:22:06,689 | INFO | Fetching 1000PEPEUSDT from 2026-04-07 04:20:00 to 2026-04-07 12:21:41.860065
2026-04-07 12:22:09,964 | INFO | Saved Data/1000PEPEUSDT_futures_volume_5years_5min.csv, rows=239440
2026-04-07 12:22:09,967 | INFO | [BinanceService] Stats avg_volume=384961777.43 avg_buy=189095283.70 avg_sell=195866493.73 avg_ratio=1.06
2026-04-07 12:22:10,970 | INFO | Sleeping 300s
2026-04-07 12:27:10,971 | INFO | Cycle 100 started
2026-04-07 12:27:10,971 | INFO | Target end_time=2026-04-07 12:27:10.971441
2026-04-07 12:27:11,322 | INFO | Fetching BTCUSDT from 2026-04-07 04:25:00 to 2026-04-07 12:27:10.971441
2026-04-07 12:27:14,480 | INFO | Saved Data/BTCUSDT_futures_volume_5years_5min.csv, rows=239441
2026-04-07 12:27:14,483 | INFO | [BinanceService] Stats avg_volume=753.80 avg_buy=374.27 avg_sell=379.53 avg_ratio=1.12
2026-04-07 12:27:15,795 | INFO | Fetching ETHUSDT from 2026-04-07 04:25:00 to 2026-04-07 12:27:10.971441
2026-04-07 12:27:18,916 | INFO | Saved Data/ETHUSDT_futures_volume_5years_5min.csv, rows=239441
2026-04-07 12:27:18,919 | INFO | [BinanceService] Stats avg_volume=14309.06 avg_buy=7068.95 avg_sell=7240.11 avg_ratio=1.09
2026-04-07 12:27:20,216 | INFO | Fetching SOLUSDT from 2026-04-07 04:20:00 to 2026-04-07 12:27:10.971441
2026-04-07 12:27:23,422 | INFO | Saved Data/SOLUSDT_futures_volume_5years_5min.csv, rows=239441
2026-04-07 12:27:23,426 | INFO | [BinanceService] Stats avg_volume=79128.27 avg_buy=38906.63 avg_sell=40221.64 avg_ratio=1.06
2026-04-07 12:27:24,768 | INFO | Fetching DOGEUSDT from 2026-04-07 04:25:00 to 2026-04-07 12:27:10.971441
2026-04-07 12:27:27,947 | INFO | Saved Data/DOGEUSDT_futures_volume_5years_5min.csv, rows=239441
2026-04-07 12:27:27,951 | INFO | [BinanceService] Stats avg_volume=24285236.87 avg_buy=11866968.97 avg_sell=12418267.90 avg_ratio=1.08
2026-04-07 12:27:29,316 | INFO | Fetching 1000PEPEUSDT from 2026-04-07 04:25:00 to 2026-04-07 12:27:10.971441
2026-04-07 12:27:32,571 | INFO | Saved Data/1000PEPEUSDT_futures_volume_5years_5min.csv, rows=239441
2026-04-07 12:27:32,575 | INFO | [BinanceService] Stats avg_volume=384960881.97 avg_buy=189094813.90 avg_sell=195866068.06 avg_ratio=1.06
2026-04-07 12:27:33,576 | INFO | Sleeping 300s
2026-04-07 12:32:33,577 | INFO | Cycle 101 started
2026-04-07 12:32:33,577 | INFO | Target end_time=2026-04-07 12:32:33.577919
2026-04-07 12:32:33,926 | INFO | Fetching BTCUSDT from 2026-04-07 04:30:00 to 2026-04-07 12:32:33.577919
2026-04-07 12:32:37,108 | INFO | Saved Data/BTCUSDT_futures_volume_5years_5min.csv, rows=239442
2026-04-07 12:32:37,111 | INFO | [BinanceService] Stats avg_volume=753.80 avg_buy=374.27 avg_sell=379.53 avg_ratio=1.12
2026-04-07 12:32:38,454 | INFO | Fetching ETHUSDT from 2026-04-07 04:30:00 to 2026-04-07 12:32:33.577919
2026-04-07 12:32:41,648 | INFO | Saved Data/ETHUSDT_futures_volume_5years_5min.csv, rows=239442
2026-04-07 12:32:41,651 | INFO | [BinanceService] Stats avg_volume=14309.04 avg_buy=7068.94 avg_sell=7240.10 avg_ratio=1.09
2026-04-07 12:32:42,997 | INFO | Fetching SOLUSDT from 2026-04-07 04:30:00 to 2026-04-07 12:32:33.577919
2026-04-07 12:32:46,171 | INFO | Saved Data/SOLUSDT_futures_volume_5years_5min.csv, rows=239442
2026-04-07 12:32:46,175 | INFO | [BinanceService] Stats avg_volume=79128.04 avg_buy=38906.53 avg_sell=40221.51 avg_ratio=1.06
2026-04-07 12:32:47,526 | INFO | Fetching DOGEUSDT from 2026-04-07 04:30:00 to 2026-04-07 12:32:33.577919
2026-04-07 12:32:50,675 | INFO | Saved Data/DOGEUSDT_futures_volume_5years_5min.csv, rows=239442
2026-04-07 12:32:50,678 | INFO | [BinanceService] Stats avg_volume=24285158.39 avg_buy=11866934.92 avg_sell=12418223.47 avg_ratio=1.08
2026-04-07 12:32:52,007 | INFO | Fetching 1000PEPEUSDT from 2026-04-07 04:30:00 to 2026-04-07 12:32:33.577919
2026-04-07 12:32:55,128 | INFO | Saved Data/1000PEPEUSDT_futures_volume_5years_5min.csv, rows=239442
2026-04-07 12:32:55,132 | INFO | [BinanceService] Stats avg_volume=384959753.38 avg_buy=189094348.51 avg_sell=195865404.87 avg_ratio=1.06
2026-04-07 12:32:56,133 | INFO | Sleeping 300s
2026-04-07 12:37:56,134 | INFO | Cycle 102 started
2026-04-07 12:37:56,134 | INFO | Target end_time=2026-04-07 12:37:56.134534
2026-04-07 12:37:56,478 | INFO | Fetching BTCUSDT from 2026-04-07 04:35:00 to 2026-04-07 12:37:56.134534
2026-04-07 12:37:59,647 | INFO | Saved Data/BTCUSDT_futures_volume_5years_5min.csv, rows=239443
2026-04-07 12:37:59,650 | INFO | [BinanceService] Stats avg_volume=753.80 avg_buy=374.27 avg_sell=379.53 avg_ratio=1.12
2026-04-07 12:38:01,006 | INFO | Fetching ETHUSDT from 2026-04-07 04:35:00 to 2026-04-07 12:37:56.134534
2026-04-07 12:38:04,239 | INFO | Saved Data/ETHUSDT_futures_volume_5years_5min.csv, rows=239443
2026-04-07 12:38:04,242 | INFO | [BinanceService] Stats avg_volume=14309.04 avg_buy=7068.94 avg_sell=7240.10 avg_ratio=1.09
2026-04-07 12:38:05,584 | INFO | Fetching SOLUSDT from 2026-04-07 04:35:00 to 2026-04-07 12:37:56.134534
2026-04-07 12:38:08,678 | INFO | Saved Data/SOLUSDT_futures_volume_5years_5min.csv, rows=239443
2026-04-07 12:38:08,682 | INFO | [BinanceService] Stats avg_volume=79127.93 avg_buy=38906.49 avg_sell=40221.45 avg_ratio=1.06
2026-04-07 12:38:10,024 | INFO | Fetching DOGEUSDT from 2026-04-07 04:35:00 to 2026-04-07 12:37:56.134534
2026-04-07 12:38:13,157 | INFO | Saved Data/DOGEUSDT_futures_volume_5years_5min.csv, rows=239443
2026-04-07 12:38:13,161 | INFO | [BinanceService] Stats avg_volume=24285095.59 avg_buy=11866908.26 avg_sell=12418187.32 avg_ratio=1.08
2026-04-07 12:38:14,507 | INFO | Fetching 1000PEPEUSDT from 2026-04-07 04:35:00 to 2026-04-07 12:37:56.134534
2026-04-07 12:38:17,651 | INFO | Saved Data/1000PEPEUSDT_futures_volume_5years_5min.csv, rows=239443
2026-04-07 12:38:17,654 | INFO | [BinanceService] Stats avg_volume=384958950.00 avg_buy=189094011.56 avg_sell=195864938.44 avg_ratio=1.06
2026-04-07 12:38:18,656 | INFO | Sleeping 300s
2026-04-07 12:43:18,657 | INFO | Cycle 103 started
2026-04-07 12:43:18,657 | INFO | Target end_time=2026-04-07 12:43:18.657495
2026-04-07 12:43:19,010 | INFO | Fetching BTCUSDT from 2026-04-07 04:40:00 to 2026-04-07 12:43:18.657495
2026-04-07 12:43:22,113 | INFO | Saved Data/BTCUSDT_futures_volume_5years_5min.csv, rows=239444
2026-04-07 12:43:22,116 | INFO | [BinanceService] Stats avg_volume=753.80 avg_buy=374.27 avg_sell=379.53 avg_ratio=1.12
2026-04-07 12:43:23,458 | INFO | Fetching ETHUSDT from 2026-04-07 04:40:00 to 2026-04-07 12:43:18.657495
2026-04-07 12:43:26,673 | INFO | Saved Data/ETHUSDT_futures_volume_5years_5min.csv, rows=239444
2026-04-07 12:43:26,676 | INFO | [BinanceService] Stats avg_volume=14309.02 avg_buy=7068.93 avg_sell=7240.09 avg_ratio=1.09
2026-04-07 12:43:28,009 | INFO | Fetching SOLUSDT from 2026-04-07 04:40:00 to 2026-04-07 12:43:18.657495
2026-04-07 12:43:31,071 | INFO | Saved Data/SOLUSDT_futures_volume_5years_5min.csv, rows=239444
2026-04-07 12:43:31,074 | INFO | [BinanceService] Stats avg_volume=79127.73 avg_buy=38906.40 avg_sell=40221.33 avg_ratio=1.06
2026-04-07 12:43:32,420 | INFO | Fetching DOGEUSDT from 2026-04-07 04:40:00 to 2026-04-07 12:43:18.657495
2026-04-07 12:43:35,574 | INFO | Saved Data/DOGEUSDT_futures_volume_5years_5min.csv, rows=239444
2026-04-07 12:43:35,577 | INFO | [BinanceService] Stats avg_volume=24285025.24 avg_buy=11866872.37 avg_sell=12418152.87 avg_ratio=1.08
2026-04-07 12:43:36,930 | INFO | Fetching 1000PEPEUSDT from 2026-04-07 04:40:00 to 2026-04-07 12:43:18.657495
2026-04-07 12:43:40,075 | INFO | Saved Data/1000PEPEUSDT_futures_volume_5years_5min.csv, rows=239444
2026-04-07 12:43:40,078 | INFO | [BinanceService] Stats avg_volume=384957882.86 avg_buy=189093457.61 avg_sell=195864425.25 avg_ratio=1.06
2026-04-07 12:43:41,079 | INFO | Sleeping 300s
2026-04-07 12:48:41,080 | INFO | Cycle 104 started
2026-04-07 12:48:41,080 | INFO | Target end_time=2026-04-07 12:48:41.080488
2026-04-07 12:48:41,409 | INFO | Fetching BTCUSDT from 2026-04-07 04:45:00 to 2026-04-07 12:48:41.080488
2026-04-07 12:48:44,479 | INFO | Saved Data/BTCUSDT_futures_volume_5years_5min.csv, rows=239445
2026-04-07 12:48:44,482 | INFO | [BinanceService] Stats avg_volume=753.80 avg_buy=374.27 avg_sell=379.53 avg_ratio=1.12
2026-04-07 12:48:45,845 | INFO | Fetching ETHUSDT from 2026-04-07 04:45:00 to 2026-04-07 12:48:41.080488
2026-04-07 12:48:49,088 | INFO | Saved Data/ETHUSDT_futures_volume_5years_5min.csv, rows=239445
2026-04-07 12:48:49,091 | INFO | [BinanceService] Stats avg_volume=14309.03 avg_buy=7068.95 avg_sell=7240.07 avg_ratio=1.09
2026-04-07 12:48:50,423 | INFO | Fetching SOLUSDT from 2026-04-07 04:45:00 to 2026-04-07 12:48:41.080488
2026-04-07 12:48:53,430 | INFO | Saved Data/SOLUSDT_futures_volume_5years_5min.csv, rows=239445
2026-04-07 12:48:53,433 | INFO | [BinanceService] Stats avg_volume=79127.86 avg_buy=38906.53 avg_sell=40221.33 avg_ratio=1.06
2026-04-07 12:48:54,770 | INFO | Fetching DOGEUSDT from 2026-04-07 04:45:00 to 2026-04-07 12:48:41.080488
2026-04-07 12:48:57,895 | INFO | Saved Data/DOGEUSDT_futures_volume_5years_5min.csv, rows=239445
2026-04-07 12:48:57,898 | INFO | [BinanceService] Stats avg_volume=24284971.67 avg_buy=11866850.88 avg_sell=12418120.80 avg_ratio=1.08
2026-04-07 12:48:59,253 | INFO | Fetching 1000PEPEUSDT from 2026-04-07 04:45:00 to 2026-04-07 12:48:41.080488
2026-04-07 12:49:02,377 | INFO | Saved Data/1000PEPEUSDT_futures_volume_5years_5min.csv, rows=239445
2026-04-07 12:49:02,380 | INFO | [BinanceService] Stats avg_volume=384957688.02 avg_buy=189093593.09 avg_sell=195864094.93 avg_ratio=1.06
2026-04-07 12:49:03,382 | INFO | Sleeping 300s
2026-04-07 12:54:03,383 | INFO | Cycle 105 started
2026-04-07 12:54:03,383 | INFO | Target end_time=2026-04-07 12:54:03.383228
2026-04-07 12:54:03,708 | INFO | Fetching BTCUSDT from 2026-04-07 04:50:00 to 2026-04-07 12:54:03.383228
2026-04-07 12:54:06,977 | INFO | Saved Data/BTCUSDT_futures_volume_5years_5min.csv, rows=239446
2026-04-07 12:54:06,980 | INFO | [BinanceService] Stats avg_volume=753.79 avg_buy=374.27 avg_sell=379.53 avg_ratio=1.12
2026-04-07 12:54:08,330 | INFO | Fetching ETHUSDT from 2026-04-07 04:50:00 to 2026-04-07 12:54:03.383228
2026-04-07 12:54:11,549 | INFO | Saved Data/ETHUSDT_futures_volume_5years_5min.csv, rows=239446
2026-04-07 12:54:11,552 | INFO | [BinanceService] Stats avg_volume=14309.02 avg_buy=7068.95 avg_sell=7240.07 avg_ratio=1.09
2026-04-07 12:54:12,890 | INFO | Fetching SOLUSDT from 2026-04-07 04:50:00 to 2026-04-07 12:54:03.383228
2026-04-07 12:54:15,791 | INFO | Saved Data/SOLUSDT_futures_volume_5years_5min.csv, rows=239446
2026-04-07 12:54:15,794 | INFO | [BinanceService] Stats avg_volume=79127.83 avg_buy=38906.52 avg_sell=40221.32 avg_ratio=1.06
2026-04-07 12:54:17,099 | INFO | Fetching DOGEUSDT from 2026-04-07 04:50:00 to 2026-04-07 12:54:03.383228
2026-04-07 12:54:20,195 | INFO | Saved Data/DOGEUSDT_futures_volume_5years_5min.csv, rows=239446
2026-04-07 12:54:20,198 | INFO | [BinanceService] Stats avg_volume=24284942.13 avg_buy=11866832.60 avg_sell=12418109.53 avg_ratio=1.08
2026-04-07 12:54:21,544 | INFO | Fetching 1000PEPEUSDT from 2026-04-07 04:50:00 to 2026-04-07 12:54:03.383228
2026-04-07 12:54:24,761 | INFO | Saved Data/1000PEPEUSDT_futures_volume_5years_5min.csv, rows=239446
2026-04-07 12:54:24,765 | INFO | [BinanceService] Stats avg_volume=384956712.06 avg_buy=189093201.61 avg_sell=195863510.45 avg_ratio=1.06
2026-04-07 12:54:25,768 | INFO | Sleeping 300s
2026-04-07 12:59:25,768 | INFO | Cycle 106 started
2026-04-07 12:59:25,768 | INFO | Target end_time=2026-04-07 12:59:25.768870
2026-04-07 12:59:26,128 | INFO | Fetching BTCUSDT from 2026-04-07 04:55:00 to 2026-04-07 12:59:25.768870
2026-04-07 12:59:29,294 | INFO | Saved Data/BTCUSDT_futures_volume_5years_5min.csv, rows=239447
2026-04-07 12:59:29,298 | INFO | [BinanceService] Stats avg_volume=753.79 avg_buy=374.26 avg_sell=379.53 avg_ratio=1.12
2026-04-07 12:59:30,649 | INFO | Fetching ETHUSDT from 2026-04-07 04:55:00 to 2026-04-07 12:59:25.768870
2026-04-07 12:59:33,812 | INFO | Saved Data/ETHUSDT_futures_volume_5years_5min.csv, rows=239447
2026-04-07 12:59:33,815 | INFO | [BinanceService] Stats avg_volume=14308.99 avg_buy=7068.94 avg_sell=7240.05 avg_ratio=1.09
2026-04-07 12:59:35,156 | INFO | Fetching SOLUSDT from 2026-04-07 04:55:00 to 2026-04-07 12:59:25.768870
2026-04-07 12:59:38,305 | INFO | Saved Data/SOLUSDT_futures_volume_5years_5min.csv, rows=239447
2026-04-07 12:59:38,309 | INFO | [BinanceService] Stats avg_volume=79127.66 avg_buy=38906.43 avg_sell=40221.23 avg_ratio=1.06
2026-04-07 12:59:39,658 | INFO | Fetching DOGEUSDT from 2026-04-07 04:55:00 to 2026-04-07 12:59:25.768870
2026-04-07 12:59:42,750 | INFO | Saved Data/DOGEUSDT_futures_volume_5years_5min.csv, rows=239447
2026-04-07 12:59:42,753 | INFO | [BinanceService] Stats avg_volume=24284862.79 avg_buy=11866789.90 avg_sell=12418072.89 avg_ratio=1.08
2026-04-07 12:59:44,096 | INFO | Fetching 1000PEPEUSDT from 2026-04-07 04:55:00 to 2026-04-07 12:59:25.768870
2026-04-07 12:59:47,294 | INFO | Saved Data/1000PEPEUSDT_futures_volume_5years_5min.csv, rows=239447
2026-04-07 12:59:47,298 | INFO | [BinanceService] Stats avg_volume=384955647.17 avg_buy=189092706.28 avg_sell=195862940.88 avg_ratio=1.06
2026-04-07 12:59:48,299 | INFO | Sleeping 300s
2026-04-07 13:04:48,300 | INFO | Cycle 107 started
2026-04-07 13:04:48,300 | INFO | Target end_time=2026-04-07 13:04:48.300907
2026-04-07 13:04:48,682 | INFO | Fetching BTCUSDT from 2026-04-07 05:00:00 to 2026-04-07 13:04:48.300907
2026-04-07 13:04:51,893 | INFO | Saved Data/BTCUSDT_futures_volume_5years_5min.csv, rows=239448
2026-04-07 13:04:51,896 | INFO | [BinanceService] Stats avg_volume=753.79 avg_buy=374.26 avg_sell=379.53 avg_ratio=1.12
2026-04-07 13:04:53,251 | INFO | Fetching ETHUSDT from 2026-04-07 05:00:00 to 2026-04-07 13:04:48.300907
2026-04-07 13:04:56,526 | INFO | Saved Data/ETHUSDT_futures_volume_5years_5min.csv, rows=239448
2026-04-07 13:04:56,530 | INFO | [BinanceService] Stats avg_volume=14308.96 avg_buy=7068.92 avg_sell=7240.04 avg_ratio=1.09
2026-04-07 13:04:57,867 | INFO | Fetching SOLUSDT from 2026-04-07 05:00:00 to 2026-04-07 13:04:48.300907
2026-04-07 13:05:01,039 | INFO | Saved Data/SOLUSDT_futures_volume_5years_5min.csv, rows=239448
2026-04-07 13:05:01,043 | INFO | [BinanceService] Stats avg_volume=79127.45 avg_buy=38906.31 avg_sell=40221.14 avg_ratio=1.06
2026-04-07 13:05:02,359 | INFO | Fetching DOGEUSDT from 2026-04-07 05:00:00 to 2026-04-07 13:04:48.300907
2026-04-07 13:05:05,656 | INFO | Saved Data/DOGEUSDT_futures_volume_5years_5min.csv, rows=239448
2026-04-07 13:05:05,659 | INFO | [BinanceService] Stats avg_volume=24284808.24 avg_buy=11866753.40 avg_sell=12418054.84 avg_ratio=1.08
2026-04-07 13:05:07,012 | INFO | Fetching 1000PEPEUSDT from 2026-04-07 05:00:00 to 2026-04-07 13:04:48.300907
2026-04-07 13:05:10,180 | INFO | Saved Data/1000PEPEUSDT_futures_volume_5years_5min.csv, rows=239448
2026-04-07 13:05:10,184 | INFO | [BinanceService] Stats avg_volume=384954983.47 avg_buy=189092392.23 avg_sell=195862591.23 avg_ratio=1.06
2026-04-07 13:05:11,184 | INFO | Sleeping 300s
2026-04-07 13:10:11,185 | INFO | Cycle 108 started
2026-04-07 13:10:11,185 | INFO | Target end_time=2026-04-07 13:10:11.185869
2026-04-07 13:10:11,501 | INFO | Fetching BTCUSDT from 2026-04-07 05:05:00 to 2026-04-07 13:10:11.185869
2026-04-07 13:10:14,776 | INFO | Saved Data/BTCUSDT_futures_volume_5years_5min.csv, rows=239450
2026-04-07 13:10:14,779 | INFO | [BinanceService] Stats avg_volume=753.78 avg_buy=374.26 avg_sell=379.52 avg_ratio=1.12
2026-04-07 13:10:16,137 | INFO | Fetching ETHUSDT from 2026-04-07 05:05:00 to 2026-04-07 13:10:11.185869
2026-04-07 13:10:19,600 | INFO | Saved Data/ETHUSDT_futures_volume_5years_5min.csv, rows=239450
2026-04-07 13:10:19,603 | INFO | [BinanceService] Stats avg_volume=14308.86 avg_buy=7068.87 avg_sell=7239.99 avg_ratio=1.09
2026-04-07 13:10:20,932 | INFO | Fetching SOLUSDT from 2026-04-07 05:05:00 to 2026-04-07 13:10:11.185869
2026-04-07 13:10:24,140 | INFO | Saved Data/SOLUSDT_futures_volume_5years_5min.csv, rows=239450
2026-04-07 13:10:24,143 | INFO | [BinanceService] Stats avg_volume=79126.91 avg_buy=38906.02 avg_sell=40220.88 avg_ratio=1.06
2026-04-07 13:10:25,462 | INFO | Fetching DOGEUSDT from 2026-04-07 05:05:00 to 2026-04-07 13:10:11.185869
2026-04-07 13:10:28,872 | INFO | Saved Data/DOGEUSDT_futures_volume_5years_5min.csv, rows=239450
2026-04-07 13:10:28,876 | INFO | [BinanceService] Stats avg_volume=24284630.77 avg_buy=11866666.66 avg_sell=12417964.11 avg_ratio=1.08
2026-04-07 13:10:30,226 | INFO | Fetching 1000PEPEUSDT from 2026-04-07 05:05:00 to 2026-04-07 13:10:11.185869
2026-04-07 13:10:33,387 | INFO | Saved Data/1000PEPEUSDT_futures_volume_5years_5min.csv, rows=239450
2026-04-07 13:10:33,393 | INFO | [BinanceService] Stats avg_volume=384952450.05 avg_buy=189091152.56 avg_sell=195861297.48 avg_ratio=1.06
2026-04-07 13:10:34,395 | INFO | Sleeping 300s
2026-04-07 13:15:34,396 | INFO | Cycle 109 started
2026-04-07 13:15:34,396 | INFO | Target end_time=2026-04-07 13:15:34.396375
2026-04-07 13:15:34,749 | INFO | Fetching BTCUSDT from 2026-04-07 05:15:00 to 2026-04-07 13:15:34.396375
2026-04-07 13:15:38,015 | INFO | Saved Data/BTCUSDT_futures_volume_5years_5min.csv, rows=239451
2026-04-07 13:15:38,018 | INFO | [BinanceService] Stats avg_volume=753.78 avg_buy=374.26 avg_sell=379.52 avg_ratio=1.12
2026-04-07 13:15:39,362 | INFO | Fetching ETHUSDT from 2026-04-07 05:15:00 to 2026-04-07 13:15:34.396375
2026-04-07 13:15:42,758 | INFO | Saved Data/ETHUSDT_futures_volume_5years_5min.csv, rows=239451
2026-04-07 13:15:42,761 | INFO | [BinanceService] Stats avg_volume=14308.82 avg_buy=7068.85 avg_sell=7239.97 avg_ratio=1.09
2026-04-07 13:15:44,071 | INFO | Fetching SOLUSDT from 2026-04-07 05:15:00 to 2026-04-07 13:15:34.396375
2026-04-07 13:15:47,182 | INFO | Saved Data/SOLUSDT_futures_volume_5years_5min.csv, rows=239451
2026-04-07 13:15:47,185 | INFO | [BinanceService] Stats avg_volume=79126.81 avg_buy=38905.94 avg_sell=40220.87 avg_ratio=1.06
2026-04-07 13:15:48,535 | INFO | Fetching DOGEUSDT from 2026-04-07 05:15:00 to 2026-04-07 13:15:34.396375
2026-04-07 13:15:51,675 | INFO | Saved Data/DOGEUSDT_futures_volume_5years_5min.csv, rows=239451
2026-04-07 13:15:51,678 | INFO | [BinanceService] Stats avg_volume=24284567.18 avg_buy=11866628.45 avg_sell=12417938.73 avg_ratio=1.08
2026-04-07 13:15:53,042 | INFO | Fetching 1000PEPEUSDT from 2026-04-07 05:15:00 to 2026-04-07 13:15:34.396375
2026-04-07 13:15:56,208 | INFO | Saved Data/1000PEPEUSDT_futures_volume_5years_5min.csv, rows=239451
2026-04-07 13:15:56,211 | INFO | [BinanceService] Stats avg_volume=384951227.16 avg_buy=189090536.99 avg_sell=195860690.18 avg_ratio=1.06
2026-04-07 13:15:57,212 | INFO | Sleeping 300s
2026-04-07 13:20:57,214 | INFO | Cycle 110 started
2026-04-07 13:20:57,214 | INFO | Target end_time=2026-04-07 13:20:57.214131
2026-04-07 13:20:57,580 | INFO | Fetching BTCUSDT from 2026-04-07 05:20:00 to 2026-04-07 13:20:57.214131
2026-04-07 13:21:00,895 | INFO | Saved Data/BTCUSDT_futures_volume_5years_5min.csv, rows=239452
2026-04-07 13:21:00,898 | INFO | [BinanceService] Stats avg_volume=753.78 avg_buy=374.26 avg_sell=379.52 avg_ratio=1.12
2026-04-07 13:21:02,240 | INFO | Fetching ETHUSDT from 2026-04-07 05:20:00 to 2026-04-07 13:20:57.214131
2026-04-07 13:21:05,632 | INFO | Saved Data/ETHUSDT_futures_volume_5years_5min.csv, rows=239452
2026-04-07 13:21:05,635 | INFO | [BinanceService] Stats avg_volume=14308.79 avg_buy=7068.84 avg_sell=7239.95 avg_ratio=1.09
2026-04-07 13:21:06,982 | INFO | Fetching SOLUSDT from 2026-04-07 05:20:00 to 2026-04-07 13:20:57.214131
2026-04-07 13:21:10,209 | INFO | Saved Data/SOLUSDT_futures_volume_5years_5min.csv, rows=239452
2026-04-07 13:21:10,213 | INFO | [BinanceService] Stats avg_volume=79126.99 avg_buy=38906.03 avg_sell=40220.96 avg_ratio=1.06
2026-04-07 13:21:11,569 | INFO | Fetching DOGEUSDT from 2026-04-07 05:20:00 to 2026-04-07 13:20:57.214131
2026-04-07 13:21:15,089 | INFO | Saved Data/DOGEUSDT_futures_volume_5years_5min.csv, rows=239452
2026-04-07 13:21:15,093 | INFO | [BinanceService] Stats avg_volume=24284522.27 avg_buy=11866606.18 avg_sell=12417916.08 avg_ratio=1.08
2026-04-07 13:21:16,442 | INFO | Fetching 1000PEPEUSDT from 2026-04-07 05:20:00 to 2026-04-07 13:20:57.214131
2026-04-07 13:21:19,750 | INFO | Saved Data/1000PEPEUSDT_futures_volume_5years_5min.csv, rows=239452
2026-04-07 13:21:19,753 | INFO | [BinanceService] Stats avg_volume=384950167.67 avg_buy=189090031.62 avg_sell=195860136.05 avg_ratio=1.06
2026-04-07 13:21:20,754 | INFO | Sleeping 300s
2026-04-07 13:26:20,755 | INFO | Cycle 111 started
2026-04-07 13:26:20,755 | INFO | Target end_time=2026-04-07 13:26:20.755732
2026-04-07 13:26:21,129 | INFO | Fetching BTCUSDT from 2026-04-07 05:25:00 to 2026-04-07 13:26:20.755732
2026-04-07 13:26:24,575 | INFO | Saved Data/BTCUSDT_futures_volume_5years_5min.csv, rows=239453
2026-04-07 13:26:24,579 | INFO | [BinanceService] Stats avg_volume=753.78 avg_buy=374.26 avg_sell=379.52 avg_ratio=1.12
2026-04-07 13:26:25,925 | INFO | Fetching ETHUSDT from 2026-04-07 05:25:00 to 2026-04-07 13:26:20.755732
2026-04-07 13:26:29,032 | INFO | Saved Data/ETHUSDT_futures_volume_5years_5min.csv, rows=239453
2026-04-07 13:26:29,035 | INFO | [BinanceService] Stats avg_volume=14308.75 avg_buy=7068.82 avg_sell=7239.93 avg_ratio=1.09
2026-04-07 13:26:30,371 | INFO | Fetching SOLUSDT from 2026-04-07 05:25:00 to 2026-04-07 13:26:20.755732
2026-04-07 13:26:33,572 | INFO | Saved Data/SOLUSDT_futures_volume_5years_5min.csv, rows=239453
2026-04-07 13:26:33,574 | INFO | [BinanceService] Stats avg_volume=79126.74 avg_buy=38905.91 avg_sell=40220.83 avg_ratio=1.06
2026-04-07 13:26:34,926 | INFO | Fetching DOGEUSDT from 2026-04-07 05:25:00 to 2026-04-07 13:26:20.755732
2026-04-07 13:26:38,288 | INFO | Saved Data/DOGEUSDT_futures_volume_5years_5min.csv, rows=239453
2026-04-07 13:26:38,292 | INFO | [BinanceService] Stats avg_volume=24284456.09 avg_buy=11866575.18 avg_sell=12417880.91 avg_ratio=1.08
2026-04-07 13:26:39,647 | INFO | Fetching 1000PEPEUSDT from 2026-04-07 05:25:00 to 2026-04-07 13:26:20.755732
2026-04-07 13:26:42,895 | INFO | Saved Data/1000PEPEUSDT_futures_volume_5years_5min.csv, rows=239453
2026-04-07 13:26:42,898 | INFO | [BinanceService] Stats avg_volume=384948909.39 avg_buy=189089422.28 avg_sell=195859487.11 avg_ratio=1.06
2026-04-07 13:26:43,899 | INFO | Sleeping 300s
2026-04-07 13:31:43,900 | INFO | Cycle 112 started
2026-04-07 13:31:43,900 | INFO | Target end_time=2026-04-07 13:31:43.900655
2026-04-07 13:31:44,253 | INFO | Fetching BTCUSDT from 2026-04-07 05:30:00 to 2026-04-07 13:31:43.900655
2026-04-07 13:31:47,579 | INFO | Saved Data/BTCUSDT_futures_volume_5years_5min.csv, rows=239454
2026-04-07 13:31:47,583 | INFO | [BinanceService] Stats avg_volume=753.77 avg_buy=374.26 avg_sell=379.52 avg_ratio=1.12
2026-04-07 13:31:48,933 | INFO | Fetching ETHUSDT from 2026-04-07 05:30:00 to 2026-04-07 13:31:43.900655
2026-04-07 13:31:52,157 | INFO | Saved Data/ETHUSDT_futures_volume_5years_5min.csv, rows=239454
2026-04-07 13:31:52,161 | INFO | [BinanceService] Stats avg_volume=14308.75 avg_buy=7068.81 avg_sell=7239.94 avg_ratio=1.09
2026-04-07 13:31:53,508 | INFO | Fetching SOLUSDT from 2026-04-07 05:30:00 to 2026-04-07 13:31:43.900655
2026-04-07 13:31:56,905 | INFO | Saved Data/SOLUSDT_futures_volume_5years_5min.csv, rows=239454
2026-04-07 13:31:56,908 | INFO | [BinanceService] Stats avg_volume=79126.57 avg_buy=38905.81 avg_sell=40220.76 avg_ratio=1.06
2026-04-07 13:31:58,232 | INFO | Fetching DOGEUSDT from 2026-04-07 05:30:00 to 2026-04-07 13:31:43.900655
2026-04-07 13:32:01,637 | INFO | Saved Data/DOGEUSDT_futures_volume_5years_5min.csv, rows=239454
2026-04-07 13:32:01,641 | INFO | [BinanceService] Stats avg_volume=24284384.89 avg_buy=11866534.50 avg_sell=12417850.39 avg_ratio=1.08
2026-04-07 13:32:03,008 | INFO | Fetching 1000PEPEUSDT from 2026-04-07 05:30:00 to 2026-04-07 13:31:43.900655
2026-04-07 13:32:06,317 | INFO | Saved Data/1000PEPEUSDT_futures_volume_5years_5min.csv, rows=239454
2026-04-07 13:32:06,321 | INFO | [BinanceService] Stats avg_volume=384947851.73 avg_buy=189088868.15 avg_sell=195858983.58 avg_ratio=1.06
2026-04-07 13:32:07,323 | INFO | Sleeping 300s
2026-04-07 13:37:07,323 | INFO | Cycle 113 started
2026-04-07 13:37:07,323 | INFO | Target end_time=2026-04-07 13:37:07.323753
2026-04-07 13:37:07,669 | INFO | Fetching BTCUSDT from 2026-04-07 05:35:00 to 2026-04-07 13:37:07.323753
2026-04-07 13:37:10,813 | INFO | Saved Data/BTCUSDT_futures_volume_5years_5min.csv, rows=239455
2026-04-07 13:37:10,816 | INFO | [BinanceService] Stats avg_volume=753.77 avg_buy=374.26 avg_sell=379.52 avg_ratio=1.12
2026-04-07 13:37:12,167 | INFO | Fetching ETHUSDT from 2026-04-07 05:35:00 to 2026-04-07 13:37:07.323753
2026-04-07 13:37:15,272 | INFO | Saved Data/ETHUSDT_futures_volume_5years_5min.csv, rows=239455
2026-04-07 13:37:15,274 | INFO | [BinanceService] Stats avg_volume=14308.72 avg_buy=7068.79 avg_sell=7239.93 avg_ratio=1.09
2026-04-07 13:37:16,613 | INFO | Fetching SOLUSDT from 2026-04-07 05:35:00 to 2026-04-07 13:37:07.323753
2026-04-07 13:37:19,652 | INFO | Saved Data/SOLUSDT_futures_volume_5years_5min.csv, rows=239455
2026-04-07 13:37:19,657 | INFO | [BinanceService] Stats avg_volume=79126.34 avg_buy=38905.70 avg_sell=40220.64 avg_ratio=1.06
2026-04-07 13:37:20,994 | INFO | Fetching DOGEUSDT from 2026-04-07 05:35:00 to 2026-04-07 13:37:07.323753
2026-04-07 13:37:24,205 | INFO | Saved Data/DOGEUSDT_futures_volume_5years_5min.csv, rows=239455
2026-04-07 13:37:24,209 | INFO | [BinanceService] Stats avg_volume=24284319.38 avg_buy=11866504.05 avg_sell=12417815.33 avg_ratio=1.08
2026-04-07 13:37:25,561 | INFO | Fetching 1000PEPEUSDT from 2026-04-07 05:35:00 to 2026-04-07 13:37:07.323753
2026-04-07 13:37:28,886 | INFO | Saved Data/1000PEPEUSDT_futures_volume_5years_5min.csv, rows=239455
2026-04-07 13:37:28,889 | INFO | [BinanceService] Stats avg_volume=384946629.13 avg_buy=189088269.01 avg_sell=195858360.11 avg_ratio=1.06
2026-04-07 13:37:29,892 | INFO | Sleeping 300s
2026-04-07 13:42:29,892 | INFO | Cycle 114 started
2026-04-07 13:42:29,892 | INFO | Target end_time=2026-04-07 13:42:29.892876
2026-04-07 13:42:30,240 | INFO | Fetching BTCUSDT from 2026-04-07 05:40:00 to 2026-04-07 13:42:29.892876
2026-04-07 13:42:33,377 | INFO | Saved Data/BTCUSDT_futures_volume_5years_5min.csv, rows=239456
2026-04-07 13:42:33,381 | INFO | [BinanceService] Stats avg_volume=753.77 avg_buy=374.25 avg_sell=379.52 avg_ratio=1.12
2026-04-07 13:42:34,729 | INFO | Fetching ETHUSDT from 2026-04-07 05:40:00 to 2026-04-07 13:42:29.892876
2026-04-07 13:42:37,853 | INFO | Saved Data/ETHUSDT_futures_volume_5years_5min.csv, rows=239456
2026-04-07 13:42:37,857 | INFO | [BinanceService] Stats avg_volume=14308.68 avg_buy=7068.77 avg_sell=7239.91 avg_ratio=1.09
2026-04-07 13:42:39,192 | INFO | Fetching SOLUSDT from 2026-04-07 05:40:00 to 2026-04-07 13:42:29.892876
2026-04-07 13:42:42,327 | INFO | Saved Data/SOLUSDT_futures_volume_5years_5min.csv, rows=239456
2026-04-07 13:42:42,330 | INFO | [BinanceService] Stats avg_volume=79126.18 avg_buy=38905.58 avg_sell=40220.60 avg_ratio=1.06
2026-04-07 13:42:43,681 | INFO | Fetching DOGEUSDT from 2026-04-07 05:40:00 to 2026-04-07 13:42:29.892876
2026-04-07 13:42:46,821 | INFO | Saved Data/DOGEUSDT_futures_volume_5years_5min.csv, rows=239456
2026-04-07 13:42:46,825 | INFO | [BinanceService] Stats avg_volume=24284263.94 avg_buy=11866478.66 avg_sell=12417785.28 avg_ratio=1.08
2026-04-07 13:42:48,178 | INFO | Fetching 1000PEPEUSDT from 2026-04-07 05:40:00 to 2026-04-07 13:42:29.892876
2026-04-07 13:42:51,455 | INFO | Saved Data/1000PEPEUSDT_futures_volume_5years_5min.csv, rows=239456
2026-04-07 13:42:51,458 | INFO | [BinanceService] Stats avg_volume=384945667.53 avg_buy=189087735.21 avg_sell=195857932.32 avg_ratio=1.06
2026-04-07 13:42:52,462 | INFO | Sleeping 300s
2026-04-07 13:47:52,463 | INFO | Cycle 115 started
2026-04-07 13:47:52,464 | INFO | Target end_time=2026-04-07 13:47:52.464366
2026-04-07 13:47:52,816 | INFO | Fetching BTCUSDT from 2026-04-07 05:45:00 to 2026-04-07 13:47:52.464366
2026-04-07 13:47:56,024 | INFO | Saved Data/BTCUSDT_futures_volume_5years_5min.csv, rows=239457
2026-04-07 13:47:56,028 | INFO | [BinanceService] Stats avg_volume=753.77 avg_buy=374.25 avg_sell=379.51 avg_ratio=1.12
2026-04-07 13:47:57,375 | INFO | Fetching ETHUSDT from 2026-04-07 05:45:00 to 2026-04-07 13:47:52.464366
2026-04-07 13:48:00,581 | INFO | Saved Data/ETHUSDT_futures_volume_5years_5min.csv, rows=239457
2026-04-07 13:48:00,585 | INFO | [BinanceService] Stats avg_volume=14308.65 avg_buy=7068.75 avg_sell=7239.90 avg_ratio=1.09
2026-04-07 13:48:01,917 | INFO | Fetching SOLUSDT from 2026-04-07 05:45:00 to 2026-04-07 13:47:52.464366
2026-04-07 13:48:05,015 | INFO | Saved Data/SOLUSDT_futures_volume_5years_5min.csv, rows=239457
2026-04-07 13:48:05,020 | INFO | [BinanceService] Stats avg_volume=79126.87 avg_buy=38905.85 avg_sell=40221.02 avg_ratio=1.06
2026-04-07 13:48:06,360 | INFO | Fetching DOGEUSDT from 2026-04-07 05:45:00 to 2026-04-07 13:47:52.464366
2026-04-07 13:48:09,541 | INFO | Saved Data/DOGEUSDT_futures_volume_5years_5min.csv, rows=239457
2026-04-07 13:48:09,544 | INFO | [BinanceService] Stats avg_volume=24284183.40 avg_buy=11866438.57 avg_sell=12417744.83 avg_ratio=1.08
2026-04-07 13:48:10,900 | INFO | Fetching 1000PEPEUSDT from 2026-04-07 05:45:00 to 2026-04-07 13:47:52.464366
2026-04-07 13:48:14,246 | INFO | Saved Data/1000PEPEUSDT_futures_volume_5years_5min.csv, rows=239457
2026-04-07 13:48:14,249 | INFO | [BinanceService] Stats avg_volume=384944454.96 avg_buy=189087200.42 avg_sell=195857254.55 avg_ratio=1.06
2026-04-07 13:48:15,252 | INFO | Sleeping 300s
2026-04-07 13:53:15,253 | INFO | Cycle 116 started
2026-04-07 13:53:15,254 | INFO | Target end_time=2026-04-07 13:53:15.254673
2026-04-07 13:53:15,628 | INFO | Fetching BTCUSDT from 2026-04-07 05:50:00 to 2026-04-07 13:53:15.254673
2026-04-07 13:53:18,869 | INFO | Saved Data/BTCUSDT_futures_volume_5years_5min.csv, rows=239458
2026-04-07 13:53:18,872 | INFO | [BinanceService] Stats avg_volume=753.77 avg_buy=374.25 avg_sell=379.51 avg_ratio=1.12
2026-04-07 13:53:20,222 | INFO | Fetching ETHUSDT from 2026-04-07 05:50:00 to 2026-04-07 13:53:15.254673
2026-04-07 13:53:23,493 | INFO | Saved Data/ETHUSDT_futures_volume_5years_5min.csv, rows=239458
2026-04-07 13:53:23,497 | INFO | [BinanceService] Stats avg_volume=14308.61 avg_buy=7068.73 avg_sell=7239.88 avg_ratio=1.09
2026-04-07 13:53:24,831 | INFO | Fetching SOLUSDT from 2026-04-07 05:50:00 to 2026-04-07 13:53:15.254673
2026-04-07 13:53:27,952 | INFO | Saved Data/SOLUSDT_futures_volume_5years_5min.csv, rows=239458
2026-04-07 13:53:27,956 | INFO | [BinanceService] Stats avg_volume=79126.76 avg_buy=38905.78 avg_sell=40220.98 avg_ratio=1.06
2026-04-07 13:53:29,304 | INFO | Fetching DOGEUSDT from 2026-04-07 05:50:00 to 2026-04-07 13:53:15.254673
2026-04-07 13:53:32,565 | INFO | Saved Data/DOGEUSDT_futures_volume_5years_5min.csv, rows=239458
2026-04-07 13:53:32,568 | INFO | [BinanceService] Stats avg_volume=24284107.43 avg_buy=11866401.79 avg_sell=12417705.64 avg_ratio=1.08
2026-04-07 13:53:33,914 | INFO | Fetching 1000PEPEUSDT from 2026-04-07 05:50:00 to 2026-04-07 13:53:15.254673
2026-04-07 13:53:37,241 | INFO | Saved Data/1000PEPEUSDT_futures_volume_5years_5min.csv, rows=239458
2026-04-07 13:53:37,244 | INFO | [BinanceService] Stats avg_volume=384943341.15 avg_buy=189086724.70 avg_sell=195856616.45 avg_ratio=1.06
2026-04-07 13:53:38,245 | INFO | Sleeping 300s
2026-04-07 13:58:38,249 | INFO | Cycle 117 started
2026-04-07 13:58:38,249 | INFO | Target end_time=2026-04-07 13:58:38.249227
2026-04-07 13:58:38,600 | INFO | Fetching BTCUSDT from 2026-04-07 05:55:00 to 2026-04-07 13:58:38.249227
2026-04-07 13:58:41,717 | INFO | Saved Data/BTCUSDT_futures_volume_5years_5min.csv, rows=239459
2026-04-07 13:58:41,721 | INFO | [BinanceService] Stats avg_volume=753.76 avg_buy=374.25 avg_sell=379.51 avg_ratio=1.12
2026-04-07 13:58:43,067 | INFO | Fetching ETHUSDT from 2026-04-07 05:55:00 to 2026-04-07 13:58:38.249227
2026-04-07 13:58:46,183 | INFO | Saved Data/ETHUSDT_futures_volume_5years_5min.csv, rows=239459
2026-04-07 13:58:46,187 | INFO | [BinanceService] Stats avg_volume=14308.57 avg_buy=7068.71 avg_sell=7239.86 avg_ratio=1.09
2026-04-07 13:58:47,520 | INFO | Fetching SOLUSDT from 2026-04-07 05:55:00 to 2026-04-07 13:58:38.249227
2026-04-07 13:58:50,596 | INFO | Saved Data/SOLUSDT_futures_volume_5years_5min.csv, rows=239459
2026-04-07 13:58:50,600 | INFO | [BinanceService] Stats avg_volume=79126.64 avg_buy=38905.73 avg_sell=40220.91 avg_ratio=1.06
2026-04-07 13:58:51,944 | INFO | Fetching DOGEUSDT from 2026-04-07 05:55:00 to 2026-04-07 13:58:38.249227
2026-04-07 13:58:55,218 | INFO | Saved Data/DOGEUSDT_futures_volume_5years_5min.csv, rows=239459
2026-04-07 13:58:55,221 | INFO | [BinanceService] Stats avg_volume=24284026.95 avg_buy=11866364.06 avg_sell=12417662.89 avg_ratio=1.08
2026-04-07 13:58:56,573 | INFO | Fetching 1000PEPEUSDT from 2026-04-07 05:55:00 to 2026-04-07 13:58:38.249227
2026-04-07 13:58:59,864 | INFO | Saved Data/1000PEPEUSDT_futures_volume_5years_5min.csv, rows=239459
2026-04-07 13:58:59,868 | INFO | [BinanceService] Stats avg_volume=384942472.71 avg_buy=189086215.20 avg_sell=195856257.51 avg_ratio=1.06
2026-04-07 13:59:00,870 | INFO | Sleeping 300s
2026-04-07 14:04:00,870 | INFO | Cycle 118 started
2026-04-07 14:04:00,871 | INFO | Target end_time=2026-04-07 14:04:00.871772
2026-04-07 14:04:01,220 | INFO | Fetching BTCUSDT from 2026-04-07 06:00:00 to 2026-04-07 14:04:00.871772
2026-04-07 14:04:04,368 | INFO | Saved Data/BTCUSDT_futures_volume_5years_5min.csv, rows=239460
2026-04-07 14:04:04,372 | INFO | [BinanceService] Stats avg_volume=753.76 avg_buy=374.25 avg_sell=379.51 avg_ratio=1.12
2026-04-07 14:04:05,714 | INFO | Fetching ETHUSDT from 2026-04-07 06:00:00 to 2026-04-07 14:04:00.871772
2026-04-07 14:04:08,893 | INFO | Saved Data/ETHUSDT_futures_volume_5years_5min.csv, rows=239460
2026-04-07 14:04:08,896 | INFO | [BinanceService] Stats avg_volume=14308.55 avg_buy=7068.70 avg_sell=7239.85 avg_ratio=1.09
2026-04-07 14:04:10,224 | INFO | Fetching SOLUSDT from 2026-04-07 06:00:00 to 2026-04-07 14:04:00.871772
2026-04-07 14:04:13,313 | INFO | Saved Data/SOLUSDT_futures_volume_5years_5min.csv, rows=239460
2026-04-07 14:04:13,316 | INFO | [BinanceService] Stats avg_volume=79126.49 avg_buy=38905.68 avg_sell=40220.80 avg_ratio=1.06
2026-04-07 14:04:14,664 | INFO | Fetching DOGEUSDT from 2026-04-07 06:00:00 to 2026-04-07 14:04:00.871772
2026-04-07 14:04:17,758 | INFO | Saved Data/DOGEUSDT_futures_volume_5years_5min.csv, rows=239460
2026-04-07 14:04:17,761 | INFO | [BinanceService] Stats avg_volume=24283959.93 avg_buy=11866331.41 avg_sell=12417628.52 avg_ratio=1.08
2026-04-07 14:04:19,116 | INFO | Fetching 1000PEPEUSDT from 2026-04-07 06:00:00 to 2026-04-07 14:04:00.871772
2026-04-07 14:04:22,399 | INFO | Saved Data/1000PEPEUSDT_futures_volume_5years_5min.csv, rows=239460
2026-04-07 14:04:22,403 | INFO | [BinanceService] Stats avg_volume=384941841.43 avg_buy=189085852.09 avg_sell=195855989.34 avg_ratio=1.06
2026-04-07 14:04:23,406 | INFO | Sleeping 300s
2026-04-07 14:09:23,407 | INFO | Cycle 119 started
2026-04-07 14:09:23,407 | INFO | Target end_time=2026-04-07 14:09:23.407275
2026-04-07 14:09:23,751 | INFO | Fetching BTCUSDT from 2026-04-07 06:05:00 to 2026-04-07 14:09:23.407275
2026-04-07 14:09:26,864 | INFO | Saved Data/BTCUSDT_futures_volume_5years_5min.csv, rows=239461
2026-04-07 14:09:26,867 | INFO | [BinanceService] Stats avg_volume=753.76 avg_buy=374.25 avg_sell=379.51 avg_ratio=1.12
2026-04-07 14:09:28,210 | INFO | Fetching ETHUSDT from 2026-04-07 06:05:00 to 2026-04-07 14:09:23.407275
2026-04-07 14:09:31,386 | INFO | Saved Data/ETHUSDT_futures_volume_5years_5min.csv, rows=239461
2026-04-07 14:09:31,390 | INFO | [BinanceService] Stats avg_volume=14308.53 avg_buy=7068.68 avg_sell=7239.84 avg_ratio=1.09
2026-04-07 14:09:32,719 | INFO | Fetching SOLUSDT from 2026-04-07 06:05:00 to 2026-04-07 14:09:23.407275
2026-04-07 14:09:35,844 | INFO | Saved Data/SOLUSDT_futures_volume_5years_5min.csv, rows=239461
2026-04-07 14:09:35,848 | INFO | [BinanceService] Stats avg_volume=79126.31 avg_buy=38905.57 avg_sell=40220.75 avg_ratio=1.06
2026-04-07 14:09:37,177 | INFO | Fetching DOGEUSDT from 2026-04-07 06:05:00 to 2026-04-07 14:09:23.407275
2026-04-07 14:09:40,296 | INFO | Saved Data/DOGEUSDT_futures_volume_5years_5min.csv, rows=239461
2026-04-07 14:09:40,299 | INFO | [BinanceService] Stats avg_volume=24283896.91 avg_buy=11866297.20 avg_sell=12417599.71 avg_ratio=1.08
2026-04-07 14:09:41,644 | INFO | Fetching 1000PEPEUSDT from 2026-04-07 06:05:00 to 2026-04-07 14:09:23.407275
2026-04-07 14:09:44,969 | INFO | Saved Data/1000PEPEUSDT_futures_volume_5years_5min.csv, rows=239461
2026-04-07 14:09:44,972 | INFO | [BinanceService] Stats avg_volume=384941086.30 avg_buy=189085414.47 avg_sell=195855671.83 avg_ratio=1.06
2026-04-07 14:09:45,973 | INFO | Sleeping 300s
2026-04-07 14:14:45,974 | INFO | Cycle 120 started
2026-04-07 14:14:45,974 | INFO | Target end_time=2026-04-07 14:14:45.974530
2026-04-07 14:14:46,331 | INFO | Fetching BTCUSDT from 2026-04-07 06:10:00 to 2026-04-07 14:14:45.974530
2026-04-07 14:14:49,451 | INFO | Saved Data/BTCUSDT_futures_volume_5years_5min.csv, rows=239462
2026-04-07 14:14:49,455 | INFO | [BinanceService] Stats avg_volume=753.76 avg_buy=374.25 avg_sell=379.51 avg_ratio=1.12
2026-04-07 14:14:50,799 | INFO | Fetching ETHUSDT from 2026-04-07 06:10:00 to 2026-04-07 14:14:45.974530
2026-04-07 14:14:53,925 | INFO | Saved Data/ETHUSDT_futures_volume_5years_5min.csv, rows=239462
2026-04-07 14:14:53,928 | INFO | [BinanceService] Stats avg_volume=14308.55 avg_buy=7068.68 avg_sell=7239.87 avg_ratio=1.09
2026-04-07 14:14:55,264 | INFO | Fetching SOLUSDT from 2026-04-07 06:10:00 to 2026-04-07 14:14:45.974530
2026-04-07 14:14:58,290 | INFO | Saved Data/SOLUSDT_futures_volume_5years_5min.csv, rows=239462
2026-04-07 14:14:58,293 | INFO | [BinanceService] Stats avg_volume=79126.29 avg_buy=38905.49 avg_sell=40220.79 avg_ratio=1.06
2026-04-07 14:14:59,636 | INFO | Fetching DOGEUSDT from 2026-04-07 06:10:00 to 2026-04-07 14:14:45.974530
2026-04-07 14:15:02,790 | INFO | Saved Data/DOGEUSDT_futures_volume_5years_5min.csv, rows=239462
2026-04-07 14:15:02,794 | INFO | [BinanceService] Stats avg_volume=24283907.99 avg_buy=11866294.08 avg_sell=12417613.92 avg_ratio=1.08
2026-04-07 14:15:04,142 | INFO | Fetching 1000PEPEUSDT from 2026-04-07 06:10:00 to 2026-04-07 14:14:45.974530
2026-04-07 14:15:07,470 | INFO | Saved Data/1000PEPEUSDT_futures_volume_5years_5min.csv, rows=239462
2026-04-07 14:15:07,474 | INFO | [BinanceService] Stats avg_volume=384940799.40 avg_buy=189085259.10 avg_sell=195855540.30 avg_ratio=1.06
2026-04-07 14:15:08,475 | INFO | Sleeping 300s
2026-04-07 14:20:08,477 | INFO | Cycle 121 started
2026-04-07 14:20:08,477 | INFO | Target end_time=2026-04-07 14:20:08.477090
2026-04-07 14:20:08,833 | INFO | Fetching BTCUSDT from 2026-04-07 06:15:00 to 2026-04-07 14:20:08.477090
2026-04-07 14:20:11,997 | INFO | Saved Data/BTCUSDT_futures_volume_5years_5min.csv, rows=239464
2026-04-07 14:20:12,000 | INFO | [BinanceService] Stats avg_volume=753.75 avg_buy=374.25 avg_sell=379.51 avg_ratio=1.12
2026-04-07 14:20:13,347 | INFO | Fetching ETHUSDT from 2026-04-07 06:15:00 to 2026-04-07 14:20:08.477090
2026-04-07 14:20:16,524 | INFO | Saved Data/ETHUSDT_futures_volume_5years_5min.csv, rows=239464
2026-04-07 14:20:16,528 | INFO | [BinanceService] Stats avg_volume=14308.45 avg_buy=7068.64 avg_sell=7239.82 avg_ratio=1.09
2026-04-07 14:20:17,863 | INFO | Fetching SOLUSDT from 2026-04-07 06:15:00 to 2026-04-07 14:20:08.477090
2026-04-07 14:20:20,964 | INFO | Saved Data/SOLUSDT_futures_volume_5years_5min.csv, rows=239464
2026-04-07 14:20:20,967 | INFO | [BinanceService] Stats avg_volume=79126.05 avg_buy=38905.34 avg_sell=40220.72 avg_ratio=1.06
2026-04-07 14:20:22,318 | INFO | Fetching DOGEUSDT from 2026-04-07 06:15:00 to 2026-04-07 14:20:08.477090
2026-04-07 14:20:25,554 | INFO | Saved Data/DOGEUSDT_futures_volume_5years_5min.csv, rows=239464
2026-04-07 14:20:25,557 | INFO | [BinanceService] Stats avg_volume=24283769.66 avg_buy=11866218.10 avg_sell=12417551.56 avg_ratio=1.08
2026-04-07 14:20:26,915 | INFO | Fetching 1000PEPEUSDT from 2026-04-07 06:15:00 to 2026-04-07 14:20:08.477090
2026-04-07 14:20:30,190 | INFO | Saved Data/1000PEPEUSDT_futures_volume_5years_5min.csv, rows=239464
2026-04-07 14:20:30,193 | INFO | [BinanceService] Stats avg_volume=384938347.79 avg_buy=189084115.49 avg_sell=195854232.29 avg_ratio=1.06
2026-04-07 14:20:31,195 | INFO | Sleeping 300s
2026-04-07 14:25:31,196 | INFO | Cycle 122 started
2026-04-07 14:25:31,196 | INFO | Target end_time=2026-04-07 14:25:31.196560
2026-04-07 14:25:31,538 | INFO | Fetching BTCUSDT from 2026-04-07 06:25:00 to 2026-04-07 14:25:31.196560
2026-04-07 14:25:34,687 | INFO | Saved Data/BTCUSDT_futures_volume_5years_5min.csv, rows=239465
2026-04-07 14:25:34,692 | INFO | [BinanceService] Stats avg_volume=753.75 avg_buy=374.25 avg_sell=379.51 avg_ratio=1.12
2026-04-07 14:25:36,037 | INFO | Fetching ETHUSDT from 2026-04-07 06:25:00 to 2026-04-07 14:25:31.196560
2026-04-07 14:25:39,200 | INFO | Saved Data/ETHUSDT_futures_volume_5years_5min.csv, rows=239465
2026-04-07 14:25:39,203 | INFO | [BinanceService] Stats avg_volume=14308.49 avg_buy=7068.65 avg_sell=7239.84 avg_ratio=1.09
2026-04-07 14:25:40,545 | INFO | Fetching SOLUSDT from 2026-04-07 06:25:00 to 2026-04-07 14:25:31.196560
2026-04-07 14:25:43,587 | INFO | Saved Data/SOLUSDT_futures_volume_5years_5min.csv, rows=239465
2026-04-07 14:25:43,590 | INFO | [BinanceService] Stats avg_volume=79125.94 avg_buy=38905.29 avg_sell=40220.65 avg_ratio=1.06
2026-04-07 14:25:44,937 | INFO | Fetching DOGEUSDT from 2026-04-07 06:25:00 to 2026-04-07 14:25:31.196560
2026-04-07 14:25:48,079 | INFO | Saved Data/DOGEUSDT_futures_volume_5years_5min.csv, rows=239465
2026-04-07 14:25:48,083 | INFO | [BinanceService] Stats avg_volume=24283737.28 avg_buy=11866207.20 avg_sell=12417530.08 avg_ratio=1.08
2026-04-07 14:25:49,439 | INFO | Fetching 1000PEPEUSDT from 2026-04-07 06:25:00 to 2026-04-07 14:25:31.196560
2026-04-07 14:25:52,751 | INFO | Saved Data/1000PEPEUSDT_futures_volume_5years_5min.csv, rows=239465
2026-04-07 14:25:52,754 | INFO | [BinanceService] Stats avg_volume=384937518.08 avg_buy=189083771.88 avg_sell=195853746.19 avg_ratio=1.06
2026-04-07 14:25:53,756 | INFO | Sleeping 300s
2026-04-07 14:30:53,757 | INFO | Cycle 123 started
2026-04-07 14:30:53,757 | INFO | Target end_time=2026-04-07 14:30:53.757180
2026-04-07 14:30:54,098 | INFO | Fetching BTCUSDT from 2026-04-07 06:30:00 to 2026-04-07 14:30:53.757180
2026-04-07 14:30:57,184 | INFO | Saved Data/BTCUSDT_futures_volume_5years_5min.csv, rows=239466
2026-04-07 14:30:57,188 | INFO | [BinanceService] Stats avg_volume=753.75 avg_buy=374.24 avg_sell=379.51 avg_ratio=1.12
2026-04-07 14:30:58,529 | INFO | Fetching ETHUSDT from 2026-04-07 06:30:00 to 2026-04-07 14:30:53.757180
2026-04-07 14:31:01,662 | INFO | Saved Data/ETHUSDT_futures_volume_5years_5min.csv, rows=239466
2026-04-07 14:31:01,665 | INFO | [BinanceService] Stats avg_volume=14308.47 avg_buy=7068.64 avg_sell=7239.82 avg_ratio=1.09
2026-04-07 14:31:03,000 | INFO | Fetching SOLUSDT from 2026-04-07 06:30:00 to 2026-04-07 14:30:53.757180
2026-04-07 14:31:06,107 | INFO | Saved Data/SOLUSDT_futures_volume_5years_5min.csv, rows=239466
2026-04-07 14:31:06,110 | INFO | [BinanceService] Stats avg_volume=79125.83 avg_buy=38905.26 avg_sell=40220.58 avg_ratio=1.06
2026-04-07 14:31:07,449 | INFO | Fetching DOGEUSDT from 2026-04-07 06:30:00 to 2026-04-07 14:30:53.757180
2026-04-07 14:31:10,591 | INFO | Saved Data/DOGEUSDT_futures_volume_5years_5min.csv, rows=239466
2026-04-07 14:31:10,594 | INFO | [BinanceService] Stats avg_volume=24283664.13 avg_buy=11866175.31 avg_sell=12417488.82 avg_ratio=1.08
2026-04-07 14:31:11,943 | INFO | Fetching 1000PEPEUSDT from 2026-04-07 06:30:00 to 2026-04-07 14:30:53.757180
2026-04-07 14:31:15,210 | INFO | Saved Data/1000PEPEUSDT_futures_volume_5years_5min.csv, rows=239466
2026-04-07 14:31:15,213 | INFO | [BinanceService] Stats avg_volume=384936300.71 avg_buy=189083192.64 avg_sell=195853108.07 avg_ratio=1.06
2026-04-07 14:31:16,215 | INFO | Sleeping 300s
2026-04-07 14:36:16,217 | INFO | Cycle 124 started
2026-04-07 14:36:16,217 | INFO | Target end_time=2026-04-07 14:36:16.217184
2026-04-07 14:36:16,578 | INFO | Fetching BTCUSDT from 2026-04-07 06:35:00 to 2026-04-07 14:36:16.217184
2026-04-07 14:36:19,693 | INFO | Saved Data/BTCUSDT_futures_volume_5years_5min.csv, rows=239467
2026-04-07 14:36:19,696 | INFO | [BinanceService] Stats avg_volume=753.75 avg_buy=374.24 avg_sell=379.51 avg_ratio=1.12
2026-04-07 14:36:21,037 | INFO | Fetching ETHUSDT from 2026-04-07 06:35:00 to 2026-04-07 14:36:16.217184
2026-04-07 14:36:24,232 | INFO | Saved Data/ETHUSDT_futures_volume_5years_5min.csv, rows=239467
2026-04-07 14:36:24,236 | INFO | [BinanceService] Stats avg_volume=14308.43 avg_buy=7068.62 avg_sell=7239.80 avg_ratio=1.09
2026-04-07 14:36:25,569 | INFO | Fetching SOLUSDT from 2026-04-07 06:35:00 to 2026-04-07 14:36:16.217184
2026-04-07 14:36:28,672 | INFO | Saved Data/SOLUSDT_futures_volume_5years_5min.csv, rows=239467
2026-04-07 14:36:28,675 | INFO | [BinanceService] Stats avg_volume=79125.67 avg_buy=38905.17 avg_sell=40220.49 avg_ratio=1.06
2026-04-07 14:36:30,024 | INFO | Fetching DOGEUSDT from 2026-04-07 06:35:00 to 2026-04-07 14:36:16.217184
2026-04-07 14:36:33,199 | INFO | Saved Data/DOGEUSDT_futures_volume_5years_5min.csv, rows=239467
2026-04-07 14:36:33,202 | INFO | [BinanceService] Stats avg_volume=24283595.85 avg_buy=11866142.35 avg_sell=12417453.50 avg_ratio=1.08
2026-04-07 14:36:34,558 | INFO | Fetching 1000PEPEUSDT from 2026-04-07 06:35:00 to 2026-04-07 14:36:16.217184
2026-04-07 14:36:37,877 | INFO | Saved Data/1000PEPEUSDT_futures_volume_5years_5min.csv, rows=239467
2026-04-07 14:36:37,881 | INFO | [BinanceService] Stats avg_volume=384935176.15 avg_buy=189082661.44 avg_sell=195852514.71 avg_ratio=1.06
2026-04-07 14:36:38,882 | INFO | Sleeping 300s
2026-04-07 14:41:38,884 | INFO | Cycle 125 started
2026-04-07 14:41:38,885 | INFO | Target end_time=2026-04-07 14:41:38.885146
2026-04-07 14:41:39,244 | INFO | Fetching BTCUSDT from 2026-04-07 06:40:00 to 2026-04-07 14:41:38.885146
2026-04-07 14:41:42,441 | INFO | Saved Data/BTCUSDT_futures_volume_5years_5min.csv, rows=239468
2026-04-07 14:41:42,444 | INFO | [BinanceService] Stats avg_volume=753.75 avg_buy=374.24 avg_sell=379.50 avg_ratio=1.12
2026-04-07 14:41:43,788 | INFO | Fetching ETHUSDT from 2026-04-07 06:40:00 to 2026-04-07 14:41:38.885146
2026-04-07 14:41:46,988 | INFO | Saved Data/ETHUSDT_futures_volume_5years_5min.csv, rows=239468
2026-04-07 14:41:46,991 | INFO | [BinanceService] Stats avg_volume=14308.39 avg_buy=7068.61 avg_sell=7239.78 avg_ratio=1.09
2026-04-07 14:41:48,316 | INFO | Fetching SOLUSDT from 2026-04-07 06:40:00 to 2026-04-07 14:41:38.885146
2026-04-07 14:41:51,457 | INFO | Saved Data/SOLUSDT_futures_volume_5years_5min.csv, rows=239468
2026-04-07 14:41:51,460 | INFO | [BinanceService] Stats avg_volume=79125.57 avg_buy=38905.16 avg_sell=40220.41 avg_ratio=1.06
2026-04-07 14:41:52,805 | INFO | Fetching DOGEUSDT from 2026-04-07 06:40:00 to 2026-04-07 14:41:38.885146
2026-04-07 14:41:55,898 | INFO | Saved Data/DOGEUSDT_futures_volume_5years_5min.csv, rows=239468
2026-04-07 14:41:55,902 | INFO | [BinanceService] Stats avg_volume=24283528.73 avg_buy=11866113.43 avg_sell=12417415.30 avg_ratio=1.08
2026-04-07 14:41:57,245 | INFO | Fetching 1000PEPEUSDT from 2026-04-07 06:40:00 to 2026-04-07 14:41:38.885146
2026-04-07 14:42:00,492 | INFO | Saved Data/1000PEPEUSDT_futures_volume_5years_5min.csv, rows=239468
2026-04-07 14:42:00,495 | INFO | [BinanceService] Stats avg_volume=384934144.40 avg_buy=189082200.61 avg_sell=195851943.79 avg_ratio=1.06
2026-04-07 14:42:01,497 | INFO | Sleeping 300s
2026-04-07 14:47:01,498 | INFO | Cycle 126 started
2026-04-07 14:47:01,498 | INFO | Target end_time=2026-04-07 14:47:01.498699
2026-04-07 14:47:01,864 | INFO | Fetching BTCUSDT from 2026-04-07 06:45:00 to 2026-04-07 14:47:01.498699
2026-04-07 14:47:05,042 | INFO | Saved Data/BTCUSDT_futures_volume_5years_5min.csv, rows=239469
2026-04-07 14:47:05,046 | INFO | [BinanceService] Stats avg_volume=753.75 avg_buy=374.24 avg_sell=379.50 avg_ratio=1.12
2026-04-07 14:47:06,390 | INFO | Fetching ETHUSDT from 2026-04-07 06:45:00 to 2026-04-07 14:47:01.498699
2026-04-07 14:47:09,502 | INFO | Saved Data/ETHUSDT_futures_volume_5years_5min.csv, rows=239469
2026-04-07 14:47:09,506 | INFO | [BinanceService] Stats avg_volume=14308.38 avg_buy=7068.61 avg_sell=7239.77 avg_ratio=1.09
2026-04-07 14:47:10,843 | INFO | Fetching SOLUSDT from 2026-04-07 06:45:00 to 2026-04-07 14:47:01.498699
2026-04-07 14:47:13,895 | INFO | Saved Data/SOLUSDT_futures_volume_5years_5min.csv, rows=239469
2026-04-07 14:47:13,898 | INFO | [BinanceService] Stats avg_volume=79125.65 avg_buy=38905.15 avg_sell=40220.50 avg_ratio=1.06
2026-04-07 14:47:15,242 | INFO | Fetching DOGEUSDT from 2026-04-07 06:45:00 to 2026-04-07 14:47:01.498699
2026-04-07 14:47:18,397 | INFO | Saved Data/DOGEUSDT_futures_volume_5years_5min.csv, rows=239469
2026-04-07 14:47:18,400 | INFO | [BinanceService] Stats avg_volume=24283681.14 avg_buy=11866274.19 avg_sell=12417406.96 avg_ratio=1.08
2026-04-07 14:47:19,745 | INFO | Fetching 1000PEPEUSDT from 2026-04-07 06:45:00 to 2026-04-07 14:47:01.498699
2026-04-07 14:47:22,966 | INFO | Saved Data/1000PEPEUSDT_futures_volume_5years_5min.csv, rows=239469
2026-04-07 14:47:22,970 | INFO | [BinanceService] Stats avg_volume=384933439.21 avg_buy=189081966.76 avg_sell=195851472.45 avg_ratio=1.06
2026-04-07 14:47:23,973 | INFO | Sleeping 300s
2026-04-07 14:52:23,974 | INFO | Cycle 127 started
2026-04-07 14:52:23,974 | INFO | Target end_time=2026-04-07 14:52:23.974153
2026-04-07 14:52:24,317 | INFO | Fetching BTCUSDT from 2026-04-07 06:50:00 to 2026-04-07 14:52:23.974153
2026-04-07 14:52:27,419 | INFO | Saved Data/BTCUSDT_futures_volume_5years_5min.csv, rows=239470
2026-04-07 14:52:27,422 | INFO | [BinanceService] Stats avg_volume=753.74 avg_buy=374.24 avg_sell=379.50 avg_ratio=1.12
2026-04-07 14:52:28,763 | INFO | Fetching ETHUSDT from 2026-04-07 06:50:00 to 2026-04-07 14:52:23.974153
2026-04-07 14:52:31,900 | INFO | Saved Data/ETHUSDT_futures_volume_5years_5min.csv, rows=239470
2026-04-07 14:52:31,903 | INFO | [BinanceService] Stats avg_volume=14308.37 avg_buy=7068.61 avg_sell=7239.76 avg_ratio=1.09
2026-04-07 14:52:33,236 | INFO | Fetching SOLUSDT from 2026-04-07 06:50:00 to 2026-04-07 14:52:23.974153
2026-04-07 14:52:36,346 | INFO | Saved Data/SOLUSDT_futures_volume_5years_5min.csv, rows=239470
2026-04-07 14:52:36,350 | INFO | [BinanceService] Stats avg_volume=79125.40 avg_buy=38905.03 avg_sell=40220.37 avg_ratio=1.06
2026-04-07 14:52:37,696 | INFO | Fetching DOGEUSDT from 2026-04-07 06:50:00 to 2026-04-07 14:52:23.974153
2026-04-07 14:52:40,850 | INFO | Saved Data/DOGEUSDT_futures_volume_5years_5min.csv, rows=239470
2026-04-07 14:52:40,854 | INFO | [BinanceService] Stats avg_volume=24283629.08 avg_buy=11866254.66 avg_sell=12417374.43 avg_ratio=1.08
2026-04-07 14:52:42,215 | INFO | Fetching 1000PEPEUSDT from 2026-04-07 06:50:00 to 2026-04-07 14:52:23.974153
2026-04-07 14:52:45,569 | INFO | Saved Data/1000PEPEUSDT_futures_volume_5years_5min.csv, rows=239470
2026-04-07 14:52:45,572 | INFO | [BinanceService] Stats avg_volume=384932393.92 avg_buy=189081517.07 avg_sell=195850876.85 avg_ratio=1.06
2026-04-07 14:52:46,576 | INFO | Sleeping 300s
2026-04-07 14:57:46,577 | INFO | Cycle 128 started
2026-04-07 14:57:46,577 | INFO | Target end_time=2026-04-07 14:57:46.577084
2026-04-07 14:57:46,934 | INFO | Fetching BTCUSDT from 2026-04-07 06:55:00 to 2026-04-07 14:57:46.577084
2026-04-07 14:57:50,129 | INFO | Saved Data/BTCUSDT_futures_volume_5years_5min.csv, rows=239471
2026-04-07 14:57:50,132 | INFO | [BinanceService] Stats avg_volume=753.74 avg_buy=374.24 avg_sell=379.50 avg_ratio=1.12
2026-04-07 14:57:51,475 | INFO | Fetching ETHUSDT from 2026-04-07 06:55:00 to 2026-04-07 14:57:46.577084
2026-04-07 14:57:54,701 | INFO | Saved Data/ETHUSDT_futures_volume_5years_5min.csv, rows=239471
2026-04-07 14:57:54,704 | INFO | [BinanceService] Stats avg_volume=14308.34 avg_buy=7068.60 avg_sell=7239.74 avg_ratio=1.09
2026-04-07 14:57:56,038 | INFO | Fetching SOLUSDT from 2026-04-07 06:55:00 to 2026-04-07 14:57:46.577084
2026-04-07 14:57:59,127 | INFO | Saved Data/SOLUSDT_futures_volume_5years_5min.csv, rows=239471
2026-04-07 14:57:59,130 | INFO | [BinanceService] Stats avg_volume=79125.21 avg_buy=38904.97 avg_sell=40220.25 avg_ratio=1.06
2026-04-07 14:58:00,481 | INFO | Fetching DOGEUSDT from 2026-04-07 06:55:00 to 2026-04-07 14:57:46.577084
2026-04-07 14:58:03,699 | INFO | Saved Data/DOGEUSDT_futures_volume_5years_5min.csv, rows=239471
2026-04-07 14:58:03,703 | INFO | [BinanceService] Stats avg_volume=24283577.94 avg_buy=11866228.58 avg_sell=12417349.35 avg_ratio=1.08
2026-04-07 14:58:05,053 | INFO | Fetching 1000PEPEUSDT from 2026-04-07 06:55:00 to 2026-04-07 14:57:46.577084
2026-04-07 14:58:08,355 | INFO | Saved Data/1000PEPEUSDT_futures_volume_5years_5min.csv, rows=239471
2026-04-07 14:58:08,358 | INFO | [BinanceService] Stats avg_volume=384931393.37 avg_buy=189081034.10 avg_sell=195850359.27 avg_ratio=1.06
2026-04-07 14:58:09,362 | INFO | Sleeping 300s
2026-04-07 15:03:09,362 | INFO | Cycle 129 started
2026-04-07 15:03:09,363 | INFO | Target end_time=2026-04-07 15:03:09.363857
2026-04-07 15:03:09,714 | INFO | Fetching BTCUSDT from 2026-04-07 07:00:00 to 2026-04-07 15:03:09.363857
2026-04-07 15:03:12,823 | INFO | Saved Data/BTCUSDT_futures_volume_5years_5min.csv, rows=239472
2026-04-07 15:03:12,827 | INFO | [BinanceService] Stats avg_volume=753.74 avg_buy=374.24 avg_sell=379.50 avg_ratio=1.12
2026-04-07 15:03:14,167 | INFO | Fetching ETHUSDT from 2026-04-07 07:00:00 to 2026-04-07 15:03:09.363857
2026-04-07 15:03:17,395 | INFO | Saved Data/ETHUSDT_futures_volume_5years_5min.csv, rows=239472
2026-04-07 15:03:17,398 | INFO | [BinanceService] Stats avg_volume=14308.30 avg_buy=7068.58 avg_sell=7239.72 avg_ratio=1.09
2026-04-07 15:03:18,725 | INFO | Fetching SOLUSDT from 2026-04-07 07:00:00 to 2026-04-07 15:03:09.363857
2026-04-07 15:03:21,825 | INFO | Saved Data/SOLUSDT_futures_volume_5years_5min.csv, rows=239472
2026-04-07 15:03:21,828 | INFO | [BinanceService] Stats avg_volume=79125.04 avg_buy=38904.88 avg_sell=40220.16 avg_ratio=1.06
2026-04-07 15:03:23,174 | INFO | Fetching DOGEUSDT from 2026-04-07 07:00:00 to 2026-04-07 15:03:09.363857
2026-04-07 15:03:26,287 | INFO | Saved Data/DOGEUSDT_futures_volume_5years_5min.csv, rows=239472
2026-04-07 15:03:26,290 | INFO | [BinanceService] Stats avg_volume=24283507.17 avg_buy=11866190.70 avg_sell=12417316.46 avg_ratio=1.08
2026-04-07 15:03:27,643 | INFO | Fetching 1000PEPEUSDT from 2026-04-07 07:00:00 to 2026-04-07 15:03:09.363857
2026-04-07 15:03:30,983 | INFO | Saved Data/1000PEPEUSDT_futures_volume_5years_5min.csv, rows=239472
2026-04-07 15:03:30,986 | INFO | [BinanceService] Stats avg_volume=384930373.72 avg_buy=189080478.96 avg_sell=195849894.76 avg_ratio=1.06
2026-04-07 15:03:31,988 | INFO | Sleeping 300s
2026-04-07 15:08:31,989 | INFO | Cycle 130 started
2026-04-07 15:08:31,990 | INFO | Target end_time=2026-04-07 15:08:31.990742
2026-04-07 15:08:32,337 | INFO | Fetching BTCUSDT from 2026-04-07 07:05:00 to 2026-04-07 15:08:31.990742
2026-04-07 15:08:35,515 | INFO | Saved Data/BTCUSDT_futures_volume_5years_5min.csv, rows=239473
2026-04-07 15:08:35,518 | INFO | [BinanceService] Stats avg_volume=753.74 avg_buy=374.24 avg_sell=379.50 avg_ratio=1.12
2026-04-07 15:08:36,863 | INFO | Fetching ETHUSDT from 2026-04-07 07:05:00 to 2026-04-07 15:08:31.990742
2026-04-07 15:08:40,446 | INFO | Saved Data/ETHUSDT_futures_volume_5years_5min.csv, rows=239473
2026-04-07 15:08:40,449 | INFO | [BinanceService] Stats avg_volume=14308.27 avg_buy=7068.56 avg_sell=7239.70 avg_ratio=1.09
2026-04-07 15:08:41,784 | INFO | Fetching SOLUSDT from 2026-04-07 07:05:00 to 2026-04-07 15:08:31.990742
2026-04-07 15:08:44,826 | INFO | Saved Data/SOLUSDT_futures_volume_5years_5min.csv, rows=239473
2026-04-07 15:08:44,829 | INFO | [BinanceService] Stats avg_volume=79124.84 avg_buy=38904.78 avg_sell=40220.06 avg_ratio=1.06
2026-04-07 15:08:46,182 | INFO | Fetching DOGEUSDT from 2026-04-07 07:05:00 to 2026-04-07 15:08:31.990742
2026-04-07 15:08:49,362 | INFO | Saved Data/DOGEUSDT_futures_volume_5years_5min.csv, rows=239473
2026-04-07 15:08:49,365 | INFO | [BinanceService] Stats avg_volume=24283456.26 avg_buy=11866170.21 avg_sell=12417286.05 avg_ratio=1.08
2026-04-07 15:08:50,711 | INFO | Fetching 1000PEPEUSDT from 2026-04-07 07:05:00 to 2026-04-07 15:08:31.990742
2026-04-07 15:08:53,994 | INFO | Saved Data/1000PEPEUSDT_futures_volume_5years_5min.csv, rows=239473
2026-04-07 15:08:53,997 | INFO | [BinanceService] Stats avg_volume=384929100.14 avg_buy=189079846.18 avg_sell=195849253.96 avg_ratio=1.06
2026-04-07 15:08:54,999 | INFO | Sleeping 300s
2026-04-07 15:13:55,000 | INFO | Cycle 131 started
2026-04-07 15:13:55,000 | INFO | Target end_time=2026-04-07 15:13:55.000305
2026-04-07 15:13:55,348 | INFO | Fetching BTCUSDT from 2026-04-07 07:10:00 to 2026-04-07 15:13:55.000305
2026-04-07 15:13:58,530 | INFO | Saved Data/BTCUSDT_futures_volume_5years_5min.csv, rows=239474
2026-04-07 15:13:58,534 | INFO | [BinanceService] Stats avg_volume=753.73 avg_buy=374.24 avg_sell=379.50 avg_ratio=1.12
2026-04-07 15:13:59,876 | INFO | Fetching ETHUSDT from 2026-04-07 07:10:00 to 2026-04-07 15:13:55.000305
2026-04-07 15:14:03,011 | INFO | Saved Data/ETHUSDT_futures_volume_5years_5min.csv, rows=239474
2026-04-07 15:14:03,015 | INFO | [BinanceService] Stats avg_volume=14308.23 avg_buy=7068.54 avg_sell=7239.69 avg_ratio=1.09
2026-04-07 15:14:04,357 | INFO | Fetching SOLUSDT from 2026-04-07 07:10:00 to 2026-04-07 15:13:55.000305
2026-04-07 15:14:07,423 | INFO | Saved Data/SOLUSDT_futures_volume_5years_5min.csv, rows=239474
2026-04-07 15:14:07,427 | INFO | [BinanceService] Stats avg_volume=79124.69 avg_buy=38904.74 avg_sell=40219.95 avg_ratio=1.06
2026-04-07 15:14:08,761 | INFO | Fetching DOGEUSDT from 2026-04-07 07:10:00 to 2026-04-07 15:13:55.000305
2026-04-07 15:14:11,863 | INFO | Saved Data/DOGEUSDT_futures_volume_5years_5min.csv, rows=239474
2026-04-07 15:14:11,866 | INFO | [BinanceService] Stats avg_volume=24283429.83 avg_buy=11866139.70 avg_sell=12417290.14 avg_ratio=1.08
2026-04-07 15:14:13,205 | INFO | Fetching 1000PEPEUSDT from 2026-04-07 07:10:00 to 2026-04-07 15:13:55.000305
2026-04-07 15:14:16,511 | INFO | Saved Data/1000PEPEUSDT_futures_volume_5years_5min.csv, rows=239474
2026-04-07 15:14:16,515 | INFO | [BinanceService] Stats avg_volume=384927948.81 avg_buy=189079338.64 avg_sell=195848610.18 avg_ratio=1.06
2026-04-07 15:14:17,518 | INFO | Sleeping 300s
2026-04-07 15:19:17,519 | INFO | Cycle 132 started
2026-04-07 15:19:17,519 | INFO | Target end_time=2026-04-07 15:19:17.519519
2026-04-07 15:19:17,864 | INFO | Fetching BTCUSDT from 2026-04-07 07:15:00 to 2026-04-07 15:19:17.519519
2026-04-07 15:19:20,940 | INFO | Saved Data/BTCUSDT_futures_volume_5years_5min.csv, rows=239475
2026-04-07 15:19:20,944 | INFO | [BinanceService] Stats avg_volume=753.73 avg_buy=374.23 avg_sell=379.50 avg_ratio=1.12
2026-04-07 15:19:22,291 | INFO | Fetching ETHUSDT from 2026-04-07 07:15:00 to 2026-04-07 15:19:17.519519
2026-04-07 15:19:25,405 | INFO | Saved Data/ETHUSDT_futures_volume_5years_5min.csv, rows=239475
2026-04-07 15:19:25,409 | INFO | [BinanceService] Stats avg_volume=14308.19 avg_buy=7068.52 avg_sell=7239.67 avg_ratio=1.09
2026-04-07 15:19:26,733 | INFO | Fetching SOLUSDT from 2026-04-07 07:15:00 to 2026-04-07 15:19:17.519519
2026-04-07 15:19:29,722 | INFO | Saved Data/SOLUSDT_futures_volume_5years_5min.csv, rows=239475
2026-04-07 15:19:29,726 | INFO | [BinanceService] Stats avg_volume=79124.72 avg_buy=38904.76 avg_sell=40219.95 avg_ratio=1.06
2026-04-07 15:19:31,076 | INFO | Fetching DOGEUSDT from 2026-04-07 07:15:00 to 2026-04-07 15:19:17.519519
2026-04-07 15:19:34,073 | INFO | Saved Data/DOGEUSDT_futures_volume_5years_5min.csv, rows=239475
2026-04-07 15:19:34,076 | INFO | [BinanceService] Stats avg_volume=24283350.39 avg_buy=11866099.91 avg_sell=12417250.48 avg_ratio=1.08
2026-04-07 15:19:35,422 | INFO | Fetching 1000PEPEUSDT from 2026-04-07 07:15:00 to 2026-04-07 15:19:17.519519
2026-04-07 15:19:38,589 | INFO | Saved Data/1000PEPEUSDT_futures_volume_5years_5min.csv, rows=239475
2026-04-07 15:19:38,593 | INFO | [BinanceService] Stats avg_volume=384926751.61 avg_buy=189078801.14 avg_sell=195847950.47 avg_ratio=1.06
2026-04-07 15:19:39,595 | INFO | Sleeping 300s
2026-04-07 15:24:39,596 | INFO | Cycle 133 started
2026-04-07 15:24:39,596 | INFO | Target end_time=2026-04-07 15:24:39.596935
2026-04-07 15:24:39,944 | INFO | Fetching BTCUSDT from 2026-04-07 07:20:00 to 2026-04-07 15:24:39.596935
2026-04-07 15:24:43,115 | INFO | Saved Data/BTCUSDT_futures_volume_5years_5min.csv, rows=239476
2026-04-07 15:24:43,118 | INFO | [BinanceService] Stats avg_volume=753.73 avg_buy=374.23 avg_sell=379.49 avg_ratio=1.12
2026-04-07 15:24:44,456 | INFO | Fetching ETHUSDT from 2026-04-07 07:20:00 to 2026-04-07 15:24:39.596935
2026-04-07 15:24:47,673 | INFO | Saved Data/ETHUSDT_futures_volume_5years_5min.csv, rows=239476
2026-04-07 15:24:47,676 | INFO | [BinanceService] Stats avg_volume=14308.15 avg_buy=7068.51 avg_sell=7239.65 avg_ratio=1.09
2026-04-07 15:24:49,001 | INFO | Fetching SOLUSDT from 2026-04-07 07:20:00 to 2026-04-07 15:24:39.596935
2026-04-07 15:24:52,022 | INFO | Saved Data/SOLUSDT_futures_volume_5years_5min.csv, rows=239476
2026-04-07 15:24:52,026 | INFO | [BinanceService] Stats avg_volume=79124.60 avg_buy=38904.72 avg_sell=40219.87 avg_ratio=1.06
2026-04-07 15:24:53,373 | INFO | Fetching DOGEUSDT from 2026-04-07 07:20:00 to 2026-04-07 15:24:39.596935
2026-04-07 15:24:56,457 | INFO | Saved Data/DOGEUSDT_futures_volume_5years_5min.csv, rows=239476
2026-04-07 15:24:56,460 | INFO | [BinanceService] Stats avg_volume=24283291.09 avg_buy=11866060.65 avg_sell=12417230.44 avg_ratio=1.08
2026-04-07 15:24:57,808 | INFO | Fetching 1000PEPEUSDT from 2026-04-07 07:20:00 to 2026-04-07 15:24:39.596935
2026-04-07 15:25:00,976 | INFO | Saved Data/1000PEPEUSDT_futures_volume_5years_5min.csv, rows=239476
2026-04-07 15:25:00,980 | INFO | [BinanceService] Stats avg_volume=384925538.76 avg_buy=189078211.89 avg_sell=195847326.87 avg_ratio=1.06
2026-04-07 15:25:01,981 | INFO | Sleeping 300s
2026-04-07 15:30:01,982 | INFO | Cycle 134 started
2026-04-07 15:30:01,984 | INFO | Target end_time=2026-04-07 15:30:01.984608
2026-04-07 15:30:02,355 | INFO | Fetching BTCUSDT from 2026-04-07 07:25:00 to 2026-04-07 15:30:01.984608
2026-04-07 15:30:05,422 | INFO | Saved Data/BTCUSDT_futures_volume_5years_5min.csv, rows=239478
2026-04-07 15:30:05,426 | INFO | [BinanceService] Stats avg_volume=753.72 avg_buy=374.23 avg_sell=379.49 avg_ratio=1.12
2026-04-07 15:30:06,767 | INFO | Fetching ETHUSDT from 2026-04-07 07:25:00 to 2026-04-07 15:30:01.984608
2026-04-07 15:30:09,828 | INFO | Saved Data/ETHUSDT_futures_volume_5years_5min.csv, rows=239478
2026-04-07 15:30:09,831 | INFO | [BinanceService] Stats avg_volume=14308.06 avg_buy=7068.46 avg_sell=7239.60 avg_ratio=1.09
2026-04-07 15:30:11,161 | INFO | Fetching SOLUSDT from 2026-04-07 07:25:00 to 2026-04-07 15:30:01.984608
2026-04-07 15:30:14,138 | INFO | Saved Data/SOLUSDT_futures_volume_5years_5min.csv, rows=239478
2026-04-07 15:30:14,142 | INFO | [BinanceService] Stats avg_volume=79124.52 avg_buy=38904.59 avg_sell=40219.94 avg_ratio=1.06
2026-04-07 15:30:15,482 | INFO | Fetching DOGEUSDT from 2026-04-07 07:25:00 to 2026-04-07 15:30:01.984608
2026-04-07 15:30:18,518 | INFO | Saved Data/DOGEUSDT_futures_volume_5years_5min.csv, rows=239478
2026-04-07 15:30:18,521 | INFO | [BinanceService] Stats avg_volume=24283127.13 avg_buy=11865980.11 avg_sell=12417147.03 avg_ratio=1.08
2026-04-07 15:30:19,863 | INFO | Fetching 1000PEPEUSDT from 2026-04-07 07:25:00 to 2026-04-07 15:30:01.984608
2026-04-07 15:30:23,020 | INFO | Saved Data/1000PEPEUSDT_futures_volume_5years_5min.csv, rows=239478
2026-04-07 15:30:23,023 | INFO | [BinanceService] Stats avg_volume=384922870.90 avg_buy=189076926.01 avg_sell=195845944.89 avg_ratio=1.06
2026-04-07 15:30:24,024 | INFO | Sleeping 300s
2026-04-07 15:35:24,026 | INFO | Cycle 135 started
2026-04-07 15:35:24,026 | INFO | Target end_time=2026-04-07 15:35:24.026542
2026-04-07 15:35:24,361 | INFO | Fetching BTCUSDT from 2026-04-07 07:35:00 to 2026-04-07 15:35:24.026542
2026-04-07 15:35:27,548 | INFO | Saved Data/BTCUSDT_futures_volume_5years_5min.csv, rows=239479
2026-04-07 15:35:27,551 | INFO | [BinanceService] Stats avg_volume=753.72 avg_buy=374.23 avg_sell=379.49 avg_ratio=1.12
2026-04-07 15:35:28,890 | INFO | Fetching ETHUSDT from 2026-04-07 07:35:00 to 2026-04-07 15:35:24.026542
2026-04-07 15:35:32,067 | INFO | Saved Data/ETHUSDT_futures_volume_5years_5min.csv, rows=239479
2026-04-07 15:35:32,071 | INFO | [BinanceService] Stats avg_volume=14308.03 avg_buy=7068.45 avg_sell=7239.58 avg_ratio=1.09
2026-04-07 15:35:33,398 | INFO | Fetching SOLUSDT from 2026-04-07 07:35:00 to 2026-04-07 15:35:24.026542
2026-04-07 15:35:36,476 | INFO | Saved Data/SOLUSDT_futures_volume_5years_5min.csv, rows=239479
2026-04-07 15:35:36,479 | INFO | [BinanceService] Stats avg_volume=79124.37 avg_buy=38904.52 avg_sell=40219.84 avg_ratio=1.06
2026-04-07 15:35:37,824 | INFO | Fetching DOGEUSDT from 2026-04-07 07:35:00 to 2026-04-07 15:35:24.026542
2026-04-07 15:35:40,940 | INFO | Saved Data/DOGEUSDT_futures_volume_5years_5min.csv, rows=239479
2026-04-07 15:35:40,944 | INFO | [BinanceService] Stats avg_volume=24283053.02 avg_buy=11865950.49 avg_sell=12417102.53 avg_ratio=1.08
2026-04-07 15:35:42,287 | INFO | Fetching 1000PEPEUSDT from 2026-04-07 07:35:00 to 2026-04-07 15:35:24.026542
2026-04-07 15:35:45,528 | INFO | Saved Data/1000PEPEUSDT_futures_volume_5years_5min.csv, rows=239479
2026-04-07 15:35:45,532 | INFO | [BinanceService] Stats avg_volume=384922171.62 avg_buy=189076773.78 avg_sell=195845397.84 avg_ratio=1.06
2026-04-07 15:35:46,534 | INFO | Sleeping 300s
2026-04-07 15:40:46,535 | INFO | Cycle 136 started
2026-04-07 15:40:46,535 | INFO | Target end_time=2026-04-07 15:40:46.535630
2026-04-07 15:40:46,878 | INFO | Fetching BTCUSDT from 2026-04-07 07:40:00 to 2026-04-07 15:40:46.535630
2026-04-07 15:40:49,975 | INFO | Saved Data/BTCUSDT_futures_volume_5years_5min.csv, rows=239480
2026-04-07 15:40:49,978 | INFO | [BinanceService] Stats avg_volume=753.72 avg_buy=374.23 avg_sell=379.49 avg_ratio=1.12
2026-04-07 15:40:51,324 | INFO | Fetching ETHUSDT from 2026-04-07 07:40:00 to 2026-04-07 15:40:46.535630
2026-04-07 15:40:54,451 | INFO | Saved Data/ETHUSDT_futures_volume_5years_5min.csv, rows=239480
2026-04-07 15:40:54,454 | INFO | [BinanceService] Stats avg_volume=14307.99 avg_buy=7068.43 avg_sell=7239.56 avg_ratio=1.09
2026-04-07 15:40:55,789 | INFO | Fetching SOLUSDT from 2026-04-07 07:40:00 to 2026-04-07 15:40:46.535630
2026-04-07 15:40:58,813 | INFO | Saved Data/SOLUSDT_futures_volume_5years_5min.csv, rows=239480
2026-04-07 15:40:58,816 | INFO | [BinanceService] Stats avg_volume=79124.14 avg_buy=38904.41 avg_sell=40219.73 avg_ratio=1.06
2026-04-07 15:41:00,162 | INFO | Fetching DOGEUSDT from 2026-04-07 07:40:00 to 2026-04-07 15:40:46.535630
2026-04-07 15:41:03,341 | INFO | Saved Data/DOGEUSDT_futures_volume_5years_5min.csv, rows=239480
2026-04-07 15:41:03,344 | INFO | [BinanceService] Stats avg_volume=24282971.11 avg_buy=11865907.31 avg_sell=12417063.79 avg_ratio=1.08
2026-04-07 15:41:04,685 | INFO | Fetching 1000PEPEUSDT from 2026-04-07 07:40:00 to 2026-04-07 15:40:46.535630
2026-04-07 15:41:07,830 | INFO | Saved Data/1000PEPEUSDT_futures_volume_5years_5min.csv, rows=239480
2026-04-07 15:41:07,834 | INFO | [BinanceService] Stats avg_volume=384920960.26 avg_buy=189076148.16 avg_sell=195844812.10 avg_ratio=1.06
2026-04-07 15:41:08,836 | INFO | Sleeping 300s
2026-04-07 15:46:08,837 | INFO | Cycle 137 started
2026-04-07 15:46:08,839 | INFO | Target end_time=2026-04-07 15:46:08.839133
2026-04-07 15:46:09,184 | INFO | Fetching BTCUSDT from 2026-04-07 07:45:00 to 2026-04-07 15:46:08.839133
2026-04-07 15:46:12,376 | INFO | Saved Data/BTCUSDT_futures_volume_5years_5min.csv, rows=239481
2026-04-07 15:46:12,379 | INFO | [BinanceService] Stats avg_volume=753.72 avg_buy=374.23 avg_sell=379.49 avg_ratio=1.12
2026-04-07 15:46:13,720 | INFO | Fetching ETHUSDT from 2026-04-07 07:45:00 to 2026-04-07 15:46:08.839133
2026-04-07 15:46:16,894 | INFO | Saved Data/ETHUSDT_futures_volume_5years_5min.csv, rows=239481
2026-04-07 15:46:16,897 | INFO | [BinanceService] Stats avg_volume=14307.95 avg_buy=7068.41 avg_sell=7239.54 avg_ratio=1.09
2026-04-07 15:46:18,227 | INFO | Fetching SOLUSDT from 2026-04-07 07:45:00 to 2026-04-07 15:46:08.839133
2026-04-07 15:46:21,307 | INFO | Saved Data/SOLUSDT_futures_volume_5years_5min.csv, rows=239481
2026-04-07 15:46:21,310 | INFO | [BinanceService] Stats avg_volume=79123.88 avg_buy=38904.29 avg_sell=40219.59 avg_ratio=1.06
2026-04-07 15:46:22,650 | INFO | Fetching DOGEUSDT from 2026-04-07 07:45:00 to 2026-04-07 15:46:08.839133
2026-04-07 15:46:25,733 | INFO | Saved Data/DOGEUSDT_futures_volume_5years_5min.csv, rows=239481
2026-04-07 15:46:25,736 | INFO | [BinanceService] Stats avg_volume=24282895.06 avg_buy=11865870.54 avg_sell=12417024.52 avg_ratio=1.08
2026-04-07 15:46:27,078 | INFO | Fetching 1000PEPEUSDT from 2026-04-07 07:45:00 to 2026-04-07 15:46:08.839133
2026-04-07 15:46:30,332 | INFO | Saved Data/1000PEPEUSDT_futures_volume_5years_5min.csv, rows=239481
2026-04-07 15:46:30,335 | INFO | [BinanceService] Stats avg_volume=384919842.28 avg_buy=189075540.98 avg_sell=195844301.30 avg_ratio=1.06
2026-04-07 15:46:31,336 | INFO | Sleeping 300s
2026-04-07 15:51:31,338 | INFO | Cycle 138 started
2026-04-07 15:51:31,338 | INFO | Target end_time=2026-04-07 15:51:31.338209
2026-04-07 15:51:31,678 | INFO | Fetching BTCUSDT from 2026-04-07 07:50:00 to 2026-04-07 15:51:31.338209
2026-04-07 15:51:35,244 | INFO | Saved Data/BTCUSDT_futures_volume_5years_5min.csv, rows=239482
2026-04-07 15:51:35,247 | INFO | [BinanceService] Stats avg_volume=753.71 avg_buy=374.23 avg_sell=379.49 avg_ratio=1.12
2026-04-07 15:51:36,583 | INFO | Fetching ETHUSDT from 2026-04-07 07:50:00 to 2026-04-07 15:51:31.338209
2026-04-07 15:51:39,901 | INFO | Saved Data/ETHUSDT_futures_volume_5years_5min.csv, rows=239482
2026-04-07 15:51:39,904 | INFO | [BinanceService] Stats avg_volume=14307.91 avg_buy=7068.39 avg_sell=7239.52 avg_ratio=1.09
2026-04-07 15:51:41,244 | INFO | Fetching SOLUSDT from 2026-04-07 07:50:00 to 2026-04-07 15:51:31.338209
2026-04-07 15:51:44,459 | INFO | Saved Data/SOLUSDT_futures_volume_5years_5min.csv, rows=239482
2026-04-07 15:51:44,464 | INFO | [BinanceService] Stats avg_volume=79123.64 avg_buy=38904.19 avg_sell=40219.45 avg_ratio=1.06
2026-04-07 15:51:45,799 | INFO | Fetching DOGEUSDT from 2026-04-07 07:50:00 to 2026-04-07 15:51:31.338209
2026-04-07 15:51:48,898 | INFO | Saved Data/DOGEUSDT_futures_volume_5years_5min.csv, rows=239482
2026-04-07 15:51:48,902 | INFO | [BinanceService] Stats avg_volume=24282841.57 avg_buy=11865856.18 avg_sell=12416985.39 avg_ratio=1.08
2026-04-07 15:51:50,250 | INFO | Fetching 1000PEPEUSDT from 2026-04-07 07:50:00 to 2026-04-07 15:51:31.338209
2026-04-07 15:51:53,479 | INFO | Saved Data/1000PEPEUSDT_futures_volume_5years_5min.csv, rows=239482
2026-04-07 15:51:53,482 | INFO | [BinanceService] Stats avg_volume=384918549.36 avg_buy=189074931.43 avg_sell=195843617.93 avg_ratio=1.06
2026-04-07 15:51:54,485 | INFO | Sleeping 300s
2026-04-07 15:56:54,485 | INFO | Cycle 139 started
2026-04-07 15:56:54,485 | INFO | Target end_time=2026-04-07 15:56:54.485892
2026-04-07 15:56:54,820 | INFO | Fetching BTCUSDT from 2026-04-07 07:55:00 to 2026-04-07 15:56:54.485892
2026-04-07 15:56:57,918 | INFO | Saved Data/BTCUSDT_futures_volume_5years_5min.csv, rows=239483
2026-04-07 15:56:57,922 | INFO | [BinanceService] Stats avg_volume=753.71 avg_buy=374.23 avg_sell=379.49 avg_ratio=1.12
2026-04-07 15:56:59,265 | INFO | Fetching ETHUSDT from 2026-04-07 07:55:00 to 2026-04-07 15:56:54.485892
2026-04-07 15:57:02,378 | INFO | Saved Data/ETHUSDT_futures_volume_5years_5min.csv, rows=239483
2026-04-07 15:57:02,381 | INFO | [BinanceService] Stats avg_volume=14307.89 avg_buy=7068.39 avg_sell=7239.50 avg_ratio=1.09
2026-04-07 15:57:03,705 | INFO | Fetching SOLUSDT from 2026-04-07 07:55:00 to 2026-04-07 15:56:54.485892
2026-04-07 15:57:06,704 | INFO | Saved Data/SOLUSDT_futures_volume_5years_5min.csv, rows=239483
2026-04-07 15:57:06,708 | INFO | [BinanceService] Stats avg_volume=79123.44 avg_buy=38904.09 avg_sell=40219.35 avg_ratio=1.06
2026-04-07 15:57:08,045 | INFO | Fetching DOGEUSDT from 2026-04-07 07:55:00 to 2026-04-07 15:56:54.485892
2026-04-07 15:57:11,132 | INFO | Saved Data/DOGEUSDT_futures_volume_5years_5min.csv, rows=239483
2026-04-07 15:57:11,135 | INFO | [BinanceService] Stats avg_volume=24282779.67 avg_buy=11865821.81 avg_sell=12416957.86 avg_ratio=1.08
2026-04-07 15:57:12,485 | INFO | Fetching 1000PEPEUSDT from 2026-04-07 07:55:00 to 2026-04-07 15:56:54.485892
2026-04-07 15:57:15,662 | INFO | Saved Data/1000PEPEUSDT_futures_volume_5years_5min.csv, rows=239483
2026-04-07 15:57:15,666 | INFO | [BinanceService] Stats avg_volume=384917357.33 avg_buy=189074359.80 avg_sell=195842997.53 avg_ratio=1.06
2026-04-07 15:57:16,668 | INFO | Sleeping 300s
2026-04-07 16:02:16,669 | INFO | Cycle 140 started
2026-04-07 16:02:16,670 | INFO | Target end_time=2026-04-07 16:02:16.670920
2026-04-07 16:02:17,020 | INFO | Fetching BTCUSDT from 2026-04-07 08:00:00 to 2026-04-07 16:02:16.670920
2026-04-07 16:02:20,089 | INFO | Saved Data/BTCUSDT_futures_volume_5years_5min.csv, rows=239484
2026-04-07 16:02:20,092 | INFO | [BinanceService] Stats avg_volume=753.71 avg_buy=374.23 avg_sell=379.48 avg_ratio=1.12
2026-04-07 16:02:21,440 | INFO | Fetching ETHUSDT from 2026-04-07 08:00:00 to 2026-04-07 16:02:16.670920
2026-04-07 16:02:24,566 | INFO | Saved Data/ETHUSDT_futures_volume_5years_5min.csv, rows=239484
2026-04-07 16:02:24,569 | INFO | [BinanceService] Stats avg_volume=14307.90 avg_buy=7068.41 avg_sell=7239.50 avg_ratio=1.09
2026-04-07 16:02:25,905 | INFO | Fetching SOLUSDT from 2026-04-07 08:00:00 to 2026-04-07 16:02:16.670920
2026-04-07 16:02:28,881 | INFO | Saved Data/SOLUSDT_futures_volume_5years_5min.csv, rows=239484
2026-04-07 16:02:28,884 | INFO | [BinanceService] Stats avg_volume=79123.57 avg_buy=38904.19 avg_sell=40219.38 avg_ratio=1.06
2026-04-07 16:02:30,223 | INFO | Fetching DOGEUSDT from 2026-04-07 08:00:00 to 2026-04-07 16:02:16.670920
2026-04-07 16:02:33,326 | INFO | Saved Data/DOGEUSDT_futures_volume_5years_5min.csv, rows=239484
2026-04-07 16:02:33,329 | INFO | [BinanceService] Stats avg_volume=24282775.61 avg_buy=11865821.05 avg_sell=12416954.56 avg_ratio=1.08
2026-04-07 16:02:34,677 | INFO | Fetching 1000PEPEUSDT from 2026-04-07 08:00:00 to 2026-04-07 16:02:16.670920
2026-04-07 16:02:37,864 | INFO | Saved Data/1000PEPEUSDT_futures_volume_5years_5min.csv, rows=239484
2026-04-07 16:02:37,867 | INFO | [BinanceService] Stats avg_volume=384917460.54 avg_buy=189074201.51 avg_sell=195843259.03 avg_ratio=1.06
2026-04-07 16:02:38,869 | INFO | Sleeping 300s
2026-04-07 16:07:38,870 | INFO | Cycle 141 started
2026-04-07 16:07:38,871 | INFO | Target end_time=2026-04-07 16:07:38.871721
2026-04-07 16:07:39,221 | INFO | Fetching BTCUSDT from 2026-04-07 08:05:00 to 2026-04-07 16:07:38.871721
2026-04-07 16:07:42,323 | INFO | Saved Data/BTCUSDT_futures_volume_5years_5min.csv, rows=239485
2026-04-07 16:07:42,327 | INFO | [BinanceService] Stats avg_volume=753.71 avg_buy=374.22 avg_sell=379.48 avg_ratio=1.12
2026-04-07 16:07:43,674 | INFO | Fetching ETHUSDT from 2026-04-07 08:05:00 to 2026-04-07 16:07:38.871721
2026-04-07 16:07:46,807 | INFO | Saved Data/ETHUSDT_futures_volume_5years_5min.csv, rows=239485
2026-04-07 16:07:46,810 | INFO | [BinanceService] Stats avg_volume=14307.92 avg_buy=7068.42 avg_sell=7239.50 avg_ratio=1.09
2026-04-07 16:07:48,150 | INFO | Fetching SOLUSDT from 2026-04-07 08:05:00 to 2026-04-07 16:07:38.871721
2026-04-07 16:07:51,272 | INFO | Saved Data/SOLUSDT_futures_volume_5years_5min.csv, rows=239485
2026-04-07 16:07:51,276 | INFO | [BinanceService] Stats avg_volume=79123.58 avg_buy=38904.19 avg_sell=40219.39 avg_ratio=1.06
2026-04-07 16:07:52,624 | INFO | Fetching DOGEUSDT from 2026-04-07 08:05:00 to 2026-04-07 16:07:38.871721
2026-04-07 16:07:55,721 | INFO | Saved Data/DOGEUSDT_futures_volume_5years_5min.csv, rows=239485
2026-04-07 16:07:55,724 | INFO | [BinanceService] Stats avg_volume=24282734.69 avg_buy=11865799.24 avg_sell=12416935.45 avg_ratio=1.08
2026-04-07 16:07:57,074 | INFO | Fetching 1000PEPEUSDT from 2026-04-07 08:05:00 to 2026-04-07 16:07:38.871721
2026-04-07 16:08:00,266 | INFO | Saved Data/1000PEPEUSDT_futures_volume_5years_5min.csv, rows=239485
2026-04-07 16:08:00,270 | INFO | [BinanceService] Stats avg_volume=384916506.95 avg_buy=189073784.74 avg_sell=195842722.21 avg_ratio=1.06
2026-04-07 16:08:01,272 | INFO | Sleeping 300s
2026-04-07 16:13:01,272 | INFO | Cycle 142 started
2026-04-07 16:13:01,272 | INFO | Target end_time=2026-04-07 16:13:01.272921
2026-04-07 16:13:01,631 | INFO | Fetching BTCUSDT from 2026-04-07 08:10:00 to 2026-04-07 16:13:01.272921
2026-04-07 16:13:04,694 | INFO | Saved Data/BTCUSDT_futures_volume_5years_5min.csv, rows=239486
2026-04-07 16:13:04,697 | INFO | [BinanceService] Stats avg_volume=753.71 avg_buy=374.22 avg_sell=379.48 avg_ratio=1.12
2026-04-07 16:13:06,043 | INFO | Fetching ETHUSDT from 2026-04-07 08:10:00 to 2026-04-07 16:13:01.272921
2026-04-07 16:13:09,116 | INFO | Saved Data/ETHUSDT_futures_volume_5years_5min.csv, rows=239486
2026-04-07 16:13:09,119 | INFO | [BinanceService] Stats avg_volume=14307.90 avg_buy=7068.41 avg_sell=7239.48 avg_ratio=1.09
2026-04-07 16:13:10,449 | INFO | Fetching SOLUSDT from 2026-04-07 08:10:00 to 2026-04-07 16:13:01.272921
2026-04-07 16:13:13,483 | INFO | Saved Data/SOLUSDT_futures_volume_5years_5min.csv, rows=239486
2026-04-07 16:13:13,486 | INFO | [BinanceService] Stats avg_volume=79123.53 avg_buy=38904.19 avg_sell=40219.34 avg_ratio=1.06
2026-04-07 16:13:14,830 | INFO | Fetching DOGEUSDT from 2026-04-07 08:10:00 to 2026-04-07 16:13:01.272921
2026-04-07 16:13:17,901 | INFO | Saved Data/DOGEUSDT_futures_volume_5years_5min.csv, rows=239486
2026-04-07 16:13:17,904 | INFO | [BinanceService] Stats avg_volume=24282669.37 avg_buy=11865775.77 avg_sell=12416893.60 avg_ratio=1.08
2026-04-07 16:13:19,249 | INFO | Fetching 1000PEPEUSDT from 2026-04-07 08:10:00 to 2026-04-07 16:13:01.272921
2026-04-07 16:13:22,472 | INFO | Saved Data/1000PEPEUSDT_futures_volume_5years_5min.csv, rows=239486
2026-04-07 16:13:22,476 | INFO | [BinanceService] Stats avg_volume=384915350.03 avg_buy=189073238.81 avg_sell=195842111.22 avg_ratio=1.06
2026-04-07 16:13:23,476 | INFO | Sleeping 300s
2026-04-07 16:18:23,477 | INFO | Cycle 143 started
2026-04-07 16:18:23,477 | INFO | Target end_time=2026-04-07 16:18:23.477955
2026-04-07 16:18:23,839 | INFO | Fetching BTCUSDT from 2026-04-07 08:15:00 to 2026-04-07 16:18:23.477955
2026-04-07 16:18:26,893 | INFO | Saved Data/BTCUSDT_futures_volume_5years_5min.csv, rows=239487
2026-04-07 16:18:26,895 | INFO | [BinanceService] Stats avg_volume=753.70 avg_buy=374.22 avg_sell=379.48 avg_ratio=1.12
2026-04-07 16:18:28,239 | INFO | Fetching ETHUSDT from 2026-04-07 08:15:00 to 2026-04-07 16:18:23.477955
2026-04-07 16:18:31,375 | INFO | Saved Data/ETHUSDT_futures_volume_5years_5min.csv, rows=239487
2026-04-07 16:18:31,379 | INFO | [BinanceService] Stats avg_volume=14307.86 avg_buy=7068.39 avg_sell=7239.47 avg_ratio=1.09
2026-04-07 16:18:32,705 | INFO | Fetching SOLUSDT from 2026-04-07 08:15:00 to 2026-04-07 16:18:23.477955
2026-04-07 16:18:35,707 | INFO | Saved Data/SOLUSDT_futures_volume_5years_5min.csv, rows=239487
2026-04-07 16:18:35,711 | INFO | [BinanceService] Stats avg_volume=79123.45 avg_buy=38904.13 avg_sell=40219.32 avg_ratio=1.06
2026-04-07 16:18:37,053 | INFO | Fetching DOGEUSDT from 2026-04-07 08:15:00 to 2026-04-07 16:18:23.477955
2026-04-07 16:18:40,140 | INFO | Saved Data/DOGEUSDT_futures_volume_5years_5min.csv, rows=239487
2026-04-07 16:18:40,143 | INFO | [BinanceService] Stats avg_volume=24282588.85 avg_buy=11865735.15 avg_sell=12416853.70 avg_ratio=1.08
2026-04-07 16:18:41,498 | INFO | Fetching 1000PEPEUSDT from 2026-04-07 08:15:00 to 2026-04-07 16:18:23.477955
2026-04-07 16:18:44,694 | INFO | Saved Data/1000PEPEUSDT_futures_volume_5years_5min.csv, rows=239487
2026-04-07 16:18:44,698 | INFO | [BinanceService] Stats avg_volume=384913977.86 avg_buy=189072543.48 avg_sell=195841434.38 avg_ratio=1.06
2026-04-07 16:18:45,701 | INFO | Sleeping 300s
2026-04-07 16:23:45,701 | INFO | Cycle 144 started
2026-04-07 16:23:45,701 | INFO | Target end_time=2026-04-07 16:23:45.701853
2026-04-07 16:23:46,050 | INFO | Fetching BTCUSDT from 2026-04-07 08:20:00 to 2026-04-07 16:23:45.701853
2026-04-07 16:23:49,147 | INFO | Saved Data/BTCUSDT_futures_volume_5years_5min.csv, rows=239488
2026-04-07 16:23:49,151 | INFO | [BinanceService] Stats avg_volume=753.70 avg_buy=374.22 avg_sell=379.48 avg_ratio=1.12
2026-04-07 16:23:50,484 | INFO | Fetching ETHUSDT from 2026-04-07 08:20:00 to 2026-04-07 16:23:45.701853
2026-04-07 16:23:53,589 | INFO | Saved Data/ETHUSDT_futures_volume_5years_5min.csv, rows=239488
2026-04-07 16:23:53,592 | INFO | [BinanceService] Stats avg_volume=14307.86 avg_buy=7068.40 avg_sell=7239.46 avg_ratio=1.09
2026-04-07 16:23:54,920 | INFO | Fetching SOLUSDT from 2026-04-07 08:20:00 to 2026-04-07 16:23:45.701853
2026-04-07 16:23:57,893 | INFO | Saved Data/SOLUSDT_futures_volume_5years_5min.csv, rows=239488
2026-04-07 16:23:57,896 | INFO | [BinanceService] Stats avg_volume=79123.46 avg_buy=38904.18 avg_sell=40219.27 avg_ratio=1.06
2026-04-07 16:23:59,241 | INFO | Fetching DOGEUSDT from 2026-04-07 08:20:00 to 2026-04-07 16:23:45.701853
2026-04-07 16:24:02,341 | INFO | Saved Data/DOGEUSDT_futures_volume_5years_5min.csv, rows=239488
2026-04-07 16:24:02,344 | INFO | [BinanceService] Stats avg_volume=24282511.04 avg_buy=11865697.62 avg_sell=12416813.42 avg_ratio=1.08
2026-04-07 16:24:03,683 | INFO | Fetching 1000PEPEUSDT from 2026-04-07 08:20:00 to 2026-04-07 16:23:45.701853
2026-04-07 16:24:06,836 | INFO | Saved Data/1000PEPEUSDT_futures_volume_5years_5min.csv, rows=239488
2026-04-07 16:24:06,839 | INFO | [BinanceService] Stats avg_volume=384912685.36 avg_buy=189071984.99 avg_sell=195840700.38 avg_ratio=1.06
2026-04-07 16:24:07,841 | INFO | Sleeping 300s
2026-04-07 16:29:07,841 | INFO | Cycle 145 started
2026-04-07 16:29:07,841 | INFO | Target end_time=2026-04-07 16:29:07.841862
2026-04-07 16:29:08,185 | INFO | Fetching BTCUSDT from 2026-04-07 08:25:00 to 2026-04-07 16:29:07.841862
2026-04-07 16:29:11,357 | INFO | Saved Data/BTCUSDT_futures_volume_5years_5min.csv, rows=239489
2026-04-07 16:29:11,361 | INFO | [BinanceService] Stats avg_volume=753.70 avg_buy=374.22 avg_sell=379.48 avg_ratio=1.12
2026-04-07 16:29:12,692 | INFO | Fetching ETHUSDT from 2026-04-07 08:25:00 to 2026-04-07 16:29:07.841862
2026-04-07 16:29:15,792 | INFO | Saved Data/ETHUSDT_futures_volume_5years_5min.csv, rows=239489
2026-04-07 16:29:15,795 | INFO | [BinanceService] Stats avg_volume=14307.86 avg_buy=7068.40 avg_sell=7239.46 avg_ratio=1.09
2026-04-07 16:29:17,130 | INFO | Fetching SOLUSDT from 2026-04-07 08:25:00 to 2026-04-07 16:29:07.841862
2026-04-07 16:29:20,147 | INFO | Saved Data/SOLUSDT_futures_volume_5years_5min.csv, rows=239489
2026-04-07 16:29:20,151 | INFO | [BinanceService] Stats avg_volume=79124.26 avg_buy=38904.57 avg_sell=40219.69 avg_ratio=1.06
2026-04-07 16:29:21,486 | INFO | Fetching DOGEUSDT from 2026-04-07 08:25:00 to 2026-04-07 16:29:07.841862
2026-04-07 16:29:24,637 | INFO | Saved Data/DOGEUSDT_futures_volume_5years_5min.csv, rows=239489
2026-04-07 16:29:24,641 | INFO | [BinanceService] Stats avg_volume=24282455.01 avg_buy=11865669.01 avg_sell=12416786.00 avg_ratio=1.08
2026-04-07 16:29:25,976 | INFO | Fetching 1000PEPEUSDT from 2026-04-07 08:25:00 to 2026-04-07 16:29:07.841862
2026-04-07 16:29:29,180 | INFO | Saved Data/1000PEPEUSDT_futures_volume_5years_5min.csv, rows=239489
2026-04-07 16:29:29,183 | INFO | [BinanceService] Stats avg_volume=384912047.93 avg_buy=189071688.61 avg_sell=195840359.32 avg_ratio=1.06
2026-04-07 16:29:30,185 | INFO | Sleeping 300s
2026-04-07 16:34:30,186 | INFO | Cycle 146 started
2026-04-07 16:34:30,186 | INFO | Target end_time=2026-04-07 16:34:30.186391
2026-04-07 16:34:30,515 | INFO | Fetching BTCUSDT from 2026-04-07 08:30:00 to 2026-04-07 16:34:30.186391
2026-04-07 16:34:33,555 | INFO | Saved Data/BTCUSDT_futures_volume_5years_5min.csv, rows=239490
2026-04-07 16:34:33,558 | INFO | [BinanceService] Stats avg_volume=753.70 avg_buy=374.22 avg_sell=379.48 avg_ratio=1.12
2026-04-07 16:34:34,901 | INFO | Fetching ETHUSDT from 2026-04-07 08:30:00 to 2026-04-07 16:34:30.186391
2026-04-07 16:34:37,946 | INFO | Saved Data/ETHUSDT_futures_volume_5years_5min.csv, rows=239490
2026-04-07 16:34:37,950 | INFO | [BinanceService] Stats avg_volume=14307.84 avg_buy=7068.39 avg_sell=7239.45 avg_ratio=1.09
2026-04-07 16:34:39,279 | INFO | Fetching SOLUSDT from 2026-04-07 08:30:00 to 2026-04-07 16:34:30.186391
2026-04-07 16:34:42,260 | INFO | Saved Data/SOLUSDT_futures_volume_5years_5min.csv, rows=239490
2026-04-07 16:34:42,263 | INFO | [BinanceService] Stats avg_volume=79124.14 avg_buy=38904.49 avg_sell=40219.64 avg_ratio=1.06
2026-04-07 16:34:43,604 | INFO | Fetching DOGEUSDT from 2026-04-07 08:30:00 to 2026-04-07 16:34:30.186391
2026-04-07 16:34:46,637 | INFO | Saved Data/DOGEUSDT_futures_volume_5years_5min.csv, rows=239490
2026-04-07 16:34:46,640 | INFO | [BinanceService] Stats avg_volume=24282377.94 avg_buy=11865631.29 avg_sell=12416746.65 avg_ratio=1.08
2026-04-07 16:34:47,995 | INFO | Fetching 1000PEPEUSDT from 2026-04-07 08:30:00 to 2026-04-07 16:34:30.186391
2026-04-07 16:34:51,201 | INFO | Saved Data/1000PEPEUSDT_futures_volume_5years_5min.csv, rows=239490
2026-04-07 16:34:51,204 | INFO | [BinanceService] Stats avg_volume=384910940.15 avg_buy=189071103.07 avg_sell=195839837.09 avg_ratio=1.06
2026-04-07 16:34:52,206 | INFO | Sleeping 300s
2026-04-07 16:39:52,207 | INFO | Cycle 147 started
2026-04-07 16:39:52,207 | INFO | Target end_time=2026-04-07 16:39:52.207618
2026-04-07 16:39:52,551 | INFO | Fetching BTCUSDT from 2026-04-07 08:35:00 to 2026-04-07 16:39:52.207618
2026-04-07 16:39:55,618 | INFO | Saved Data/BTCUSDT_futures_volume_5years_5min.csv, rows=239491
2026-04-07 16:39:55,623 | INFO | [BinanceService] Stats avg_volume=753.70 avg_buy=374.22 avg_sell=379.48 avg_ratio=1.12
2026-04-07 16:39:56,957 | INFO | Fetching ETHUSDT from 2026-04-07 08:35:00 to 2026-04-07 16:39:52.207618
2026-04-07 16:40:00,072 | INFO | Saved Data/ETHUSDT_futures_volume_5years_5min.csv, rows=239491
2026-04-07 16:40:00,076 | INFO | [BinanceService] Stats avg_volume=14307.80 avg_buy=7068.37 avg_sell=7239.43 avg_ratio=1.09
2026-04-07 16:40:01,402 | INFO | Fetching SOLUSDT from 2026-04-07 08:35:00 to 2026-04-07 16:39:52.207618
2026-04-07 16:40:04,432 | INFO | Saved Data/SOLUSDT_futures_volume_5years_5min.csv, rows=239491
2026-04-07 16:40:04,436 | INFO | [BinanceService] Stats avg_volume=79124.11 avg_buy=38904.51 avg_sell=40219.60 avg_ratio=1.06
2026-04-07 16:40:05,770 | INFO | Fetching DOGEUSDT from 2026-04-07 08:35:00 to 2026-04-07 16:39:52.207618
2026-04-07 16:40:08,845 | INFO | Saved Data/DOGEUSDT_futures_volume_5years_5min.csv, rows=239491
2026-04-07 16:40:08,849 | INFO | [BinanceService] Stats avg_volume=24282297.99 avg_buy=11865594.75 avg_sell=12416703.24 avg_ratio=1.08
2026-04-07 16:40:10,191 | INFO | Fetching 1000PEPEUSDT from 2026-04-07 08:35:00 to 2026-04-07 16:39:52.207618
2026-04-07 16:40:13,359 | INFO | Saved Data/1000PEPEUSDT_futures_volume_5years_5min.csv, rows=239491
2026-04-07 16:40:13,362 | INFO | [BinanceService] Stats avg_volume=384910193.08 avg_buy=189070729.11 avg_sell=195839463.97 avg_ratio=1.06
2026-04-07 16:40:14,364 | INFO | Sleeping 300s
2026-04-07 16:45:14,366 | INFO | Cycle 148 started
2026-04-07 16:45:14,366 | INFO | Target end_time=2026-04-07 16:45:14.366337
2026-04-07 16:45:14,713 | INFO | Fetching BTCUSDT from 2026-04-07 08:40:00 to 2026-04-07 16:45:14.366337
2026-04-07 16:45:17,871 | INFO | Saved Data/BTCUSDT_futures_volume_5years_5min.csv, rows=239493
2026-04-07 16:45:17,875 | INFO | [BinanceService] Stats avg_volume=753.69 avg_buy=374.22 avg_sell=379.48 avg_ratio=1.12
2026-04-07 16:45:19,223 | INFO | Fetching ETHUSDT from 2026-04-07 08:40:00 to 2026-04-07 16:45:14.366337
2026-04-07 16:45:22,409 | INFO | Saved Data/ETHUSDT_futures_volume_5years_5min.csv, rows=239493
2026-04-07 16:45:22,413 | INFO | [BinanceService] Stats avg_volume=14307.75 avg_buy=7068.36 avg_sell=7239.39 avg_ratio=1.09
2026-04-07 16:45:23,745 | INFO | Fetching SOLUSDT from 2026-04-07 08:40:00 to 2026-04-07 16:45:14.366337
2026-04-07 16:45:26,783 | INFO | Saved Data/SOLUSDT_futures_volume_5years_5min.csv, rows=239493
2026-04-07 16:45:26,786 | INFO | [BinanceService] Stats avg_volume=79123.62 avg_buy=38904.26 avg_sell=40219.36 avg_ratio=1.06
2026-04-07 16:45:28,124 | INFO | Fetching DOGEUSDT from 2026-04-07 08:40:00 to 2026-04-07 16:45:14.366337
2026-04-07 16:45:31,237 | INFO | Saved Data/DOGEUSDT_futures_volume_5years_5min.csv, rows=239493
2026-04-07 16:45:31,240 | INFO | [BinanceService] Stats avg_volume=24282123.50 avg_buy=11865515.71 avg_sell=12416607.79 avg_ratio=1.08
2026-04-07 16:45:32,591 | INFO | Fetching 1000PEPEUSDT from 2026-04-07 08:40:00 to 2026-04-07 16:45:14.366337
2026-04-07 16:45:35,821 | INFO | Saved Data/1000PEPEUSDT_futures_volume_5years_5min.csv, rows=239493
2026-04-07 16:45:35,824 | INFO | [BinanceService] Stats avg_volume=384907983.86 avg_buy=189069655.14 avg_sell=195838328.72 avg_ratio=1.06
2026-04-07 16:45:36,826 | INFO | Sleeping 300s
2026-04-07 16:50:36,827 | INFO | Cycle 149 started
2026-04-07 16:50:36,827 | INFO | Target end_time=2026-04-07 16:50:36.827656
2026-04-07 16:50:37,201 | INFO | Fetching BTCUSDT from 2026-04-07 08:50:00 to 2026-04-07 16:50:36.827656
2026-04-07 16:50:40,574 | INFO | Saved Data/BTCUSDT_futures_volume_5years_5min.csv, rows=239494
2026-04-07 16:50:40,578 | INFO | [BinanceService] Stats avg_volume=753.69 avg_buy=374.22 avg_sell=379.48 avg_ratio=1.12
2026-04-07 16:50:41,928 | INFO | Fetching ETHUSDT from 2026-04-07 08:50:00 to 2026-04-07 16:50:36.827656
2026-04-07 16:50:45,222 | INFO | Saved Data/ETHUSDT_futures_volume_5years_5min.csv, rows=239494
2026-04-07 16:50:45,226 | INFO | [BinanceService] Stats avg_volume=14307.76 avg_buy=7068.36 avg_sell=7239.39 avg_ratio=1.09
2026-04-07 16:50:46,581 | INFO | Fetching SOLUSDT from 2026-04-07 08:50:00 to 2026-04-07 16:50:36.827656
2026-04-07 16:50:49,897 | INFO | Saved Data/SOLUSDT_futures_volume_5years_5min.csv, rows=239494
2026-04-07 16:50:49,900 | INFO | [BinanceService] Stats avg_volume=79123.51 avg_buy=38904.18 avg_sell=40219.33 avg_ratio=1.06
2026-04-07 16:50:51,258 | INFO | Fetching DOGEUSDT from 2026-04-07 08:50:00 to 2026-04-07 16:50:36.827656
2026-04-07 16:50:54,575 | INFO | Saved Data/DOGEUSDT_futures_volume_5years_5min.csv, rows=239494
2026-04-07 16:50:54,580 | INFO | [BinanceService] Stats avg_volume=24282044.43 avg_buy=11865477.53 avg_sell=12416566.89 avg_ratio=1.08
2026-04-07 16:50:55,955 | INFO | Fetching 1000PEPEUSDT from 2026-04-07 08:50:00 to 2026-04-07 16:50:36.827656
2026-04-07 16:50:59,257 | INFO | Saved Data/1000PEPEUSDT_futures_volume_5years_5min.csv, rows=239494
2026-04-07 16:50:59,261 | INFO | [BinanceService] Stats avg_volume=384906760.90 avg_buy=189069055.07 avg_sell=195837705.82 avg_ratio=1.06
2026-04-07 16:51:00,263 | INFO | Sleeping 300s
2026-04-07 16:56:00,264 | INFO | Cycle 150 started
2026-04-07 16:56:00,264 | INFO | Target end_time=2026-04-07 16:56:00.264502
2026-04-07 16:56:00,615 | INFO | Fetching BTCUSDT from 2026-04-07 08:55:00 to 2026-04-07 16:56:00.264502
2026-04-07 16:56:03,907 | INFO | Saved Data/BTCUSDT_futures_volume_5years_5min.csv, rows=239495
2026-04-07 16:56:03,910 | INFO | [BinanceService] Stats avg_volume=753.69 avg_buy=374.22 avg_sell=379.48 avg_ratio=1.12
2026-04-07 16:56:05,236 | INFO | Fetching ETHUSDT from 2026-04-07 08:55:00 to 2026-04-07 16:56:00.264502
2026-04-07 16:56:08,624 | INFO | Saved Data/ETHUSDT_futures_volume_5years_5min.csv, rows=239495
2026-04-07 16:56:08,628 | INFO | [BinanceService] Stats avg_volume=14307.72 avg_buy=7068.34 avg_sell=7239.37 avg_ratio=1.09
2026-04-07 16:56:09,981 | INFO | Fetching SOLUSDT from 2026-04-07 08:55:00 to 2026-04-07 16:56:00.264502
2026-04-07 16:56:13,206 | INFO | Saved Data/SOLUSDT_futures_volume_5years_5min.csv, rows=239495
2026-04-07 16:56:13,209 | INFO | [BinanceService] Stats avg_volume=79123.52 avg_buy=38904.14 avg_sell=40219.38 avg_ratio=1.06
2026-04-07 16:56:14,524 | INFO | Fetching DOGEUSDT from 2026-04-07 08:55:00 to 2026-04-07 16:56:00.264502
2026-04-07 16:56:17,769 | INFO | Saved Data/DOGEUSDT_futures_volume_5years_5min.csv, rows=239495
2026-04-07 16:56:17,771 | INFO | [BinanceService] Stats avg_volume=24282014.50 avg_buy=11865458.74 avg_sell=12416555.76 avg_ratio=1.08
2026-04-07 16:56:19,135 | INFO | Fetching 1000PEPEUSDT from 2026-04-07 08:55:00 to 2026-04-07 16:56:00.264502
2026-04-07 16:56:22,456 | INFO | Saved Data/1000PEPEUSDT_futures_volume_5years_5min.csv, rows=239495
2026-04-07 16:56:22,460 | INFO | [BinanceService] Stats avg_volume=384905510.69 avg_buy=189068452.51 avg_sell=195837058.18 avg_ratio=1.06
2026-04-07 16:56:23,462 | INFO | Sleeping 300s
2026-04-07 17:01:23,463 | INFO | Cycle 151 started
2026-04-07 17:01:23,463 | INFO | Target end_time=2026-04-07 17:01:23.463392
2026-04-07 17:01:23,834 | INFO | Fetching BTCUSDT from 2026-04-07 09:00:00 to 2026-04-07 17:01:23.463392
2026-04-07 17:01:27,248 | INFO | Saved Data/BTCUSDT_futures_volume_5years_5min.csv, rows=239496
2026-04-07 17:01:27,252 | INFO | [BinanceService] Stats avg_volume=753.69 avg_buy=374.22 avg_sell=379.47 avg_ratio=1.12
2026-04-07 17:01:28,573 | INFO | Fetching ETHUSDT from 2026-04-07 09:00:00 to 2026-04-07 17:01:23.463392
2026-04-07 17:01:32,093 | INFO | Saved Data/ETHUSDT_futures_volume_5years_5min.csv, rows=239496
2026-04-07 17:01:32,096 | INFO | [BinanceService] Stats avg_volume=14307.71 avg_buy=7068.34 avg_sell=7239.37 avg_ratio=1.09
2026-04-07 17:01:33,416 | INFO | Fetching SOLUSDT from 2026-04-07 09:00:00 to 2026-04-07 17:01:23.463392
2026-04-07 17:01:36,617 | INFO | Saved Data/SOLUSDT_futures_volume_5years_5min.csv, rows=239496
2026-04-07 17:01:36,620 | INFO | [BinanceService] Stats avg_volume=79123.60 avg_buy=38904.27 avg_sell=40219.33 avg_ratio=1.06
2026-04-07 17:01:37,963 | INFO | Fetching DOGEUSDT from 2026-04-07 09:00:00 to 2026-04-07 17:01:23.463392
2026-04-07 17:01:41,233 | INFO | Saved Data/DOGEUSDT_futures_volume_5years_5min.csv, rows=239496
2026-04-07 17:01:41,236 | INFO | [BinanceService] Stats avg_volume=24281993.19 avg_buy=11865458.88 avg_sell=12416534.31 avg_ratio=1.08
2026-04-07 17:01:42,596 | INFO | Fetching 1000PEPEUSDT from 2026-04-07 09:00:00 to 2026-04-07 17:01:23.463392
2026-04-07 17:01:45,820 | INFO | Saved Data/1000PEPEUSDT_futures_volume_5years_5min.csv, rows=239496
2026-04-07 17:01:45,823 | INFO | [BinanceService] Stats avg_volume=384904549.81 avg_buy=189068035.85 avg_sell=195836513.96 avg_ratio=1.06
2026-04-07 17:01:46,825 | INFO | Sleeping 300s
2026-04-07 17:06:46,826 | INFO | Cycle 152 started
2026-04-07 17:06:46,826 | INFO | Target end_time=2026-04-07 17:06:46.826538
2026-04-07 17:06:47,224 | INFO | Fetching BTCUSDT from 2026-04-07 09:05:00 to 2026-04-07 17:06:46.826538
2026-04-07 17:06:50,587 | INFO | Saved Data/BTCUSDT_futures_volume_5years_5min.csv, rows=239497
2026-04-07 17:06:50,590 | INFO | [BinanceService] Stats avg_volume=753.69 avg_buy=374.22 avg_sell=379.47 avg_ratio=1.12
2026-04-07 17:06:51,957 | INFO | Fetching ETHUSDT from 2026-04-07 09:05:00 to 2026-04-07 17:06:46.826538
2026-04-07 17:06:55,167 | INFO | Saved Data/ETHUSDT_futures_volume_5years_5min.csv, rows=239497
2026-04-07 17:06:55,169 | INFO | [BinanceService] Stats avg_volume=14307.73 avg_buy=7068.36 avg_sell=7239.37 avg_ratio=1.09
2026-04-07 17:06:56,509 | INFO | Fetching SOLUSDT from 2026-04-07 09:05:00 to 2026-04-07 17:06:46.826538
2026-04-07 17:06:59,702 | INFO | Saved Data/SOLUSDT_futures_volume_5years_5min.csv, rows=239497
2026-04-07 17:06:59,706 | INFO | [BinanceService] Stats avg_volume=79123.66 avg_buy=38904.24 avg_sell=40219.41 avg_ratio=1.06
2026-04-07 17:07:01,072 | INFO | Fetching DOGEUSDT from 2026-04-07 09:05:00 to 2026-04-07 17:06:46.826538
2026-04-07 17:07:04,356 | INFO | Saved Data/DOGEUSDT_futures_volume_5years_5min.csv, rows=239497
2026-04-07 17:07:04,359 | INFO | [BinanceService] Stats avg_volume=24282005.49 avg_buy=11865444.10 avg_sell=12416561.38 avg_ratio=1.08
2026-04-07 17:07:05,723 | INFO | Fetching 1000PEPEUSDT from 2026-04-07 09:05:00 to 2026-04-07 17:06:46.826538
2026-04-07 17:07:09,027 | INFO | Saved Data/1000PEPEUSDT_futures_volume_5years_5min.csv, rows=239497
2026-04-07 17:07:09,031 | INFO | [BinanceService] Stats avg_volume=384903743.98 avg_buy=189067686.42 avg_sell=195836057.56 avg_ratio=1.06
2026-04-07 17:07:10,032 | INFO | Sleeping 300s
2026-04-07 17:12:10,034 | INFO | Cycle 153 started
2026-04-07 17:12:10,034 | INFO | Target end_time=2026-04-07 17:12:10.034036
2026-04-07 17:12:10,300 | INFO | Fetching BTCUSDT from 2026-04-07 09:10:00 to 2026-04-07 17:12:10.034036
2026-04-07 17:12:13,910 | INFO | Saved Data/BTCUSDT_futures_volume_5years_5min.csv, rows=239498
2026-04-07 17:12:13,913 | INFO | [BinanceService] Stats avg_volume=753.69 avg_buy=374.22 avg_sell=379.47 avg_ratio=1.12
2026-04-07 17:12:15,255 | INFO | Fetching ETHUSDT from 2026-04-07 09:10:00 to 2026-04-07 17:12:10.034036
2026-04-07 17:12:18,522 | INFO | Saved Data/ETHUSDT_futures_volume_5years_5min.csv, rows=239498
2026-04-07 17:12:18,525 | INFO | [BinanceService] Stats avg_volume=14308.07 avg_buy=7068.58 avg_sell=7239.49 avg_ratio=1.09
2026-04-07 17:12:19,881 | INFO | Fetching SOLUSDT from 2026-04-07 09:10:00 to 2026-04-07 17:12:10.034036
2026-04-07 17:12:23,024 | INFO | Saved Data/SOLUSDT_futures_volume_5years_5min.csv, rows=239498
2026-04-07 17:12:23,028 | INFO | [BinanceService] Stats avg_volume=79124.10 avg_buy=38904.55 avg_sell=40219.55 avg_ratio=1.06
2026-04-07 17:12:24,388 | INFO | Fetching DOGEUSDT from 2026-04-07 09:10:00 to 2026-04-07 17:12:10.034036
2026-04-07 17:12:27,730 | INFO | Saved Data/DOGEUSDT_futures_volume_5years_5min.csv, rows=239498
2026-04-07 17:12:27,734 | INFO | [BinanceService] Stats avg_volume=24282133.58 avg_buy=11865536.48 avg_sell=12416597.10 avg_ratio=1.08
2026-04-07 17:12:29,087 | INFO | Fetching 1000PEPEUSDT from 2026-04-07 09:10:00 to 2026-04-07 17:12:10.034036
2026-04-07 17:12:32,346 | INFO | Saved Data/1000PEPEUSDT_futures_volume_5years_5min.csv, rows=239498
2026-04-07 17:12:32,349 | INFO | [BinanceService] Stats avg_volume=384905071.56 avg_buy=189068708.75 avg_sell=195836362.82 avg_ratio=1.06
2026-04-07 17:12:33,352 | INFO | Sleeping 300s
2026-04-07 17:17:33,353 | INFO | Cycle 154 started
2026-04-07 17:17:33,354 | INFO | Target end_time=2026-04-07 17:17:33.354035
2026-04-07 17:17:33,692 | INFO | Fetching BTCUSDT from 2026-04-07 09:15:00 to 2026-04-07 17:17:33.354035
2026-04-07 17:17:36,731 | INFO | Saved Data/BTCUSDT_futures_volume_5years_5min.csv, rows=239499
2026-04-07 17:17:36,734 | INFO | [BinanceService] Stats avg_volume=753.69 avg_buy=374.22 avg_sell=379.47 avg_ratio=1.12
2026-04-07 17:17:38,087 | INFO | Fetching ETHUSDT from 2026-04-07 09:15:00 to 2026-04-07 17:17:33.354035
2026-04-07 17:17:41,278 | INFO | Saved Data/ETHUSDT_futures_volume_5years_5min.csv, rows=239499
2026-04-07 17:17:41,280 | INFO | [BinanceService] Stats avg_volume=14308.12 avg_buy=7068.60 avg_sell=7239.52 avg_ratio=1.09
2026-04-07 17:17:42,625 | INFO | Fetching SOLUSDT from 2026-04-07 09:15:00 to 2026-04-07 17:17:33.354035
2026-04-07 17:17:45,756 | INFO | Saved Data/SOLUSDT_futures_volume_5years_5min.csv, rows=239499
2026-04-07 17:17:45,760 | INFO | [BinanceService] Stats avg_volume=79124.19 avg_buy=38904.58 avg_sell=40219.61 avg_ratio=1.06
2026-04-07 17:17:47,108 | INFO | Fetching DOGEUSDT from 2026-04-07 09:15:00 to 2026-04-07 17:17:33.354035
2026-04-07 17:17:50,280 | INFO | Saved Data/DOGEUSDT_futures_volume_5years_5min.csv, rows=239499
2026-04-07 17:17:50,283 | INFO | [BinanceService] Stats avg_volume=24282144.78 avg_buy=11865535.45 avg_sell=12416609.32 avg_ratio=1.08
2026-04-07 17:17:51,642 | INFO | Fetching 1000PEPEUSDT from 2026-04-07 09:15:00 to 2026-04-07 17:17:33.354035
2026-04-07 17:17:54,931 | INFO | Saved Data/1000PEPEUSDT_futures_volume_5years_5min.csv, rows=239499
2026-04-07 17:17:54,935 | INFO | [BinanceService] Stats avg_volume=384904461.97 avg_buy=189068384.56 avg_sell=195836077.42 avg_ratio=1.06
2026-04-07 17:17:55,936 | INFO | Sleeping 300s
2026-04-07 17:22:55,938 | INFO | Cycle 155 started
2026-04-07 17:22:55,938 | INFO | Target end_time=2026-04-07 17:22:55.938242
2026-04-07 17:22:56,216 | INFO | Fetching BTCUSDT from 2026-04-07 09:20:00 to 2026-04-07 17:22:55.938242
2026-04-07 17:22:59,362 | INFO | Saved Data/BTCUSDT_futures_volume_5years_5min.csv, rows=239500
2026-04-07 17:22:59,365 | INFO | [BinanceService] Stats avg_volume=753.69 avg_buy=374.22 avg_sell=379.47 avg_ratio=1.12
2026-04-07 17:23:00,720 | INFO | Fetching ETHUSDT from 2026-04-07 09:20:00 to 2026-04-07 17:22:55.938242
2026-04-07 17:23:03,898 | INFO | Saved Data/ETHUSDT_futures_volume_5years_5min.csv, rows=239500
2026-04-07 17:23:03,901 | INFO | [BinanceService] Stats avg_volume=14308.13 avg_buy=7068.60 avg_sell=7239.52 avg_ratio=1.09
2026-04-07 17:23:05,236 | INFO | Fetching SOLUSDT from 2026-04-07 09:20:00 to 2026-04-07 17:22:55.938242
2026-04-07 17:23:08,451 | INFO | Saved Data/SOLUSDT_futures_volume_5years_5min.csv, rows=239500
2026-04-07 17:23:08,455 | INFO | [BinanceService] Stats avg_volume=79124.13 avg_buy=38904.58 avg_sell=40219.55 avg_ratio=1.06
2026-04-07 17:23:09,799 | INFO | Fetching DOGEUSDT from 2026-04-07 09:20:00 to 2026-04-07 17:22:55.938242
2026-04-07 17:23:12,939 | INFO | Saved Data/DOGEUSDT_futures_volume_5years_5min.csv, rows=239500
2026-04-07 17:23:12,943 | INFO | [BinanceService] Stats avg_volume=24282071.36 avg_buy=11865496.26 avg_sell=12416575.10 avg_ratio=1.08
2026-04-07 17:23:14,294 | INFO | Fetching 1000PEPEUSDT from 2026-04-07 09:20:00 to 2026-04-07 17:22:55.938242
2026-04-07 17:23:17,613 | INFO | Saved Data/1000PEPEUSDT_futures_volume_5years_5min.csv, rows=239500
2026-04-07 17:23:17,617 | INFO | [BinanceService] Stats avg_volume=384903598.00 avg_buy=189068033.91 avg_sell=195835564.09 avg_ratio=1.06
2026-04-07 17:23:18,619 | INFO | Sleeping 300s
2026-04-07 17:28:18,620 | INFO | Cycle 156 started
2026-04-07 17:28:18,620 | INFO | Target end_time=2026-04-07 17:28:18.620713
2026-04-07 17:28:18,992 | INFO | Fetching BTCUSDT from 2026-04-07 09:25:00 to 2026-04-07 17:28:18.620713
2026-04-07 17:28:22,166 | INFO | Saved Data/BTCUSDT_futures_volume_5years_5min.csv, rows=239501
2026-04-07 17:28:22,169 | INFO | [BinanceService] Stats avg_volume=753.69 avg_buy=374.22 avg_sell=379.47 avg_ratio=1.12
2026-04-07 17:28:23,527 | INFO | Fetching ETHUSDT from 2026-04-07 09:25:00 to 2026-04-07 17:28:18.620713
2026-04-07 17:28:26,848 | INFO | Saved Data/ETHUSDT_futures_volume_5years_5min.csv, rows=239501
2026-04-07 17:28:26,851 | INFO | [BinanceService] Stats avg_volume=14308.11 avg_buy=7068.59 avg_sell=7239.52 avg_ratio=1.09
2026-04-07 17:28:28,192 | INFO | Fetching SOLUSDT from 2026-04-07 09:25:00 to 2026-04-07 17:28:18.620713
2026-04-07 17:28:31,359 | INFO | Saved Data/SOLUSDT_futures_volume_5years_5min.csv, rows=239501
2026-04-07 17:28:31,363 | INFO | [BinanceService] Stats avg_volume=79124.02 avg_buy=38904.51 avg_sell=40219.51 avg_ratio=1.06
2026-04-07 17:28:32,708 | INFO | Fetching DOGEUSDT from 2026-04-07 09:25:00 to 2026-04-07 17:28:18.620713
2026-04-07 17:28:35,998 | INFO | Saved Data/DOGEUSDT_futures_volume_5years_5min.csv, rows=239501
2026-04-07 17:28:36,002 | INFO | [BinanceService] Stats avg_volume=24282005.81 avg_buy=11865467.63 avg_sell=12416538.18 avg_ratio=1.08
2026-04-07 17:28:37,355 | INFO | Fetching 1000PEPEUSDT from 2026-04-07 09:25:00 to 2026-04-07 17:28:18.620713
2026-04-07 17:28:40,641 | INFO | Saved Data/1000PEPEUSDT_futures_volume_5years_5min.csv, rows=239501
2026-04-07 17:28:40,645 | INFO | [BinanceService] Stats avg_volume=384902903.01 avg_buy=189067747.78 avg_sell=195835155.23 avg_ratio=1.06
2026-04-07 17:28:41,646 | INFO | Sleeping 300s
2026-04-07 17:33:41,647 | INFO | Cycle 157 started
2026-04-07 17:33:41,647 | INFO | Target end_time=2026-04-07 17:33:41.647498
2026-04-07 17:33:42,007 | INFO | Fetching BTCUSDT from 2026-04-07 09:30:00 to 2026-04-07 17:33:41.647498
2026-04-07 17:33:45,317 | INFO | Saved Data/BTCUSDT_futures_volume_5years_5min.csv, rows=239502
2026-04-07 17:33:45,320 | INFO | [BinanceService] Stats avg_volume=753.69 avg_buy=374.22 avg_sell=379.47 avg_ratio=1.12
2026-04-07 17:33:46,659 | INFO | Fetching ETHUSDT from 2026-04-07 09:30:00 to 2026-04-07 17:33:41.647498
2026-04-07 17:33:49,874 | INFO | Saved Data/ETHUSDT_futures_volume_5years_5min.csv, rows=239502
2026-04-07 17:33:49,878 | INFO | [BinanceService] Stats avg_volume=14308.15 avg_buy=7068.63 avg_sell=7239.52 avg_ratio=1.09
2026-04-07 17:33:51,202 | INFO | Fetching SOLUSDT from 2026-04-07 09:30:00 to 2026-04-07 17:33:41.647498
2026-04-07 17:33:54,384 | INFO | Saved Data/SOLUSDT_futures_volume_5years_5min.csv, rows=239502
2026-04-07 17:33:54,388 | INFO | [BinanceService] Stats avg_volume=79124.06 avg_buy=38904.62 avg_sell=40219.44 avg_ratio=1.06
2026-04-07 17:33:55,727 | INFO | Fetching DOGEUSDT from 2026-04-07 09:30:00 to 2026-04-07 17:33:41.647498
2026-04-07 17:33:58,825 | INFO | Saved Data/DOGEUSDT_futures_volume_5years_5min.csv, rows=239502
2026-04-07 17:33:58,829 | INFO | [BinanceService] Stats avg_volume=24281950.52 avg_buy=11865441.81 avg_sell=12416508.71 avg_ratio=1.08
2026-04-07 17:34:00,178 | INFO | Fetching 1000PEPEUSDT from 2026-04-07 09:30:00 to 2026-04-07 17:33:41.647498
2026-04-07 17:34:03,405 | INFO | Saved Data/1000PEPEUSDT_futures_volume_5years_5min.csv, rows=239502
2026-04-07 17:34:03,408 | INFO | [BinanceService] Stats avg_volume=384902227.04 avg_buy=189067533.90 avg_sell=195834693.14 avg_ratio=1.06
2026-04-07 17:34:04,409 | INFO | Sleeping 300s
2026-04-07 17:39:04,410 | INFO | Cycle 158 started
2026-04-07 17:39:04,410 | INFO | Target end_time=2026-04-07 17:39:04.410078
2026-04-07 17:39:04,794 | INFO | Fetching BTCUSDT from 2026-04-07 09:35:00 to 2026-04-07 17:39:04.410078
2026-04-07 17:39:07,912 | INFO | Saved Data/BTCUSDT_futures_volume_5years_5min.csv, rows=239503
2026-04-07 17:39:07,915 | INFO | [BinanceService] Stats avg_volume=753.69 avg_buy=374.22 avg_sell=379.47 avg_ratio=1.12
2026-04-07 17:39:09,253 | INFO | Fetching ETHUSDT from 2026-04-07 09:35:00 to 2026-04-07 17:39:04.410078
2026-04-07 17:39:12,429 | INFO | Saved Data/ETHUSDT_futures_volume_5years_5min.csv, rows=239503
2026-04-07 17:39:12,432 | INFO | [BinanceService] Stats avg_volume=14308.13 avg_buy=7068.62 avg_sell=7239.51 avg_ratio=1.09
2026-04-07 17:39:13,775 | INFO | Fetching SOLUSDT from 2026-04-07 09:35:00 to 2026-04-07 17:39:04.410078
2026-04-07 17:39:16,772 | INFO | Saved Data/SOLUSDT_futures_volume_5years_5min.csv, rows=239503
2026-04-07 17:39:16,775 | INFO | [BinanceService] Stats avg_volume=79123.93 avg_buy=38904.54 avg_sell=40219.39 avg_ratio=1.06
2026-04-07 17:39:18,131 | INFO | Fetching DOGEUSDT from 2026-04-07 09:35:00 to 2026-04-07 17:39:04.410078
2026-04-07 17:39:21,311 | INFO | Saved Data/DOGEUSDT_futures_volume_5years_5min.csv, rows=239503
2026-04-07 17:39:21,315 | INFO | [BinanceService] Stats avg_volume=24281874.95 avg_buy=11865409.56 avg_sell=12416465.39 avg_ratio=1.08
2026-04-07 17:39:22,676 | INFO | Fetching 1000PEPEUSDT from 2026-04-07 09:35:00 to 2026-04-07 17:39:04.410078
2026-04-07 17:39:25,891 | INFO | Saved Data/1000PEPEUSDT_futures_volume_5years_5min.csv, rows=239503
2026-04-07 17:39:25,894 | INFO | [BinanceService] Stats avg_volume=384902603.00 avg_buy=189068114.72 avg_sell=195834488.28 avg_ratio=1.06
2026-04-07 17:39:26,895 | INFO | Sleeping 300s
2026-04-07 17:44:26,897 | INFO | Cycle 159 started
2026-04-07 17:44:26,897 | INFO | Target end_time=2026-04-07 17:44:26.897048
2026-04-07 17:44:27,229 | INFO | Fetching BTCUSDT from 2026-04-07 09:40:00 to 2026-04-07 17:44:26.897048
2026-04-07 17:44:30,369 | INFO | Saved Data/BTCUSDT_futures_volume_5years_5min.csv, rows=239504
2026-04-07 17:44:30,372 | INFO | [BinanceService] Stats avg_volume=753.69 avg_buy=374.22 avg_sell=379.47 avg_ratio=1.12
2026-04-07 17:44:31,714 | INFO | Fetching ETHUSDT from 2026-04-07 09:40:00 to 2026-04-07 17:44:26.897048
2026-04-07 17:44:34,834 | INFO | Saved Data/ETHUSDT_futures_volume_5years_5min.csv, rows=239504
2026-04-07 17:44:34,837 | INFO | [BinanceService] Stats avg_volume=14308.12 avg_buy=7068.62 avg_sell=7239.50 avg_ratio=1.09
2026-04-07 17:44:36,166 | INFO | Fetching SOLUSDT from 2026-04-07 09:40:00 to 2026-04-07 17:44:26.897048
2026-04-07 17:44:39,422 | INFO | Saved Data/SOLUSDT_futures_volume_5years_5min.csv, rows=239504
2026-04-07 17:44:39,425 | INFO | [BinanceService] Stats avg_volume=79123.72 avg_buy=38904.45 avg_sell=40219.27 avg_ratio=1.06
2026-04-07 17:44:40,751 | INFO | Fetching DOGEUSDT from 2026-04-07 09:40:00 to 2026-04-07 17:44:26.897048
2026-04-07 17:44:44,029 | INFO | Saved Data/DOGEUSDT_futures_volume_5years_5min.csv, rows=239504
2026-04-07 17:44:44,033 | INFO | [BinanceService] Stats avg_volume=24281837.19 avg_buy=11865399.53 avg_sell=12416437.66 avg_ratio=1.08
2026-04-07 17:44:45,400 | INFO | Fetching 1000PEPEUSDT from 2026-04-07 09:40:00 to 2026-04-07 17:44:26.897048
2026-04-07 17:44:48,540 | INFO | Saved Data/1000PEPEUSDT_futures_volume_5years_5min.csv, rows=239504
2026-04-07 17:44:48,543 | INFO | [BinanceService] Stats avg_volume=384902564.77 avg_buy=189068121.43 avg_sell=195834443.33 avg_ratio=1.06
2026-04-07 17:44:49,545 | INFO | Sleeping 300s
2026-04-07 17:49:53,860 | INFO | Cycle 160 started
2026-04-07 17:49:53,860 | INFO | Target end_time=2026-04-07 17:49:53.860341
2026-04-07 17:49:54,223 | INFO | Fetching BTCUSDT from 2026-04-07 09:45:00 to 2026-04-07 17:49:53.860341
2026-04-07 17:49:57,293 | INFO | Saved Data/BTCUSDT_futures_volume_5years_5min.csv, rows=239505
2026-04-07 17:49:57,297 | INFO | [BinanceService] Stats avg_volume=753.69 avg_buy=374.21 avg_sell=379.47 avg_ratio=1.12
2026-04-07 17:49:58,647 | INFO | Fetching ETHUSDT from 2026-04-07 09:45:00 to 2026-04-07 17:49:53.860341
2026-04-07 17:50:01,887 | INFO | Saved Data/ETHUSDT_futures_volume_5years_5min.csv, rows=239505
2026-04-07 17:50:01,890 | INFO | [BinanceService] Stats avg_volume=14308.12 avg_buy=7068.61 avg_sell=7239.50 avg_ratio=1.09
2026-04-07 17:50:03,227 | INFO | Fetching SOLUSDT from 2026-04-07 09:45:00 to 2026-04-07 17:49:53.860341
2026-04-07 17:50:06,336 | INFO | Saved Data/SOLUSDT_futures_volume_5years_5min.csv, rows=239505
2026-04-07 17:50:06,340 | INFO | [BinanceService] Stats avg_volume=79123.51 avg_buy=38904.33 avg_sell=40219.18 avg_ratio=1.06
2026-04-07 17:50:07,683 | INFO | Fetching DOGEUSDT from 2026-04-07 09:45:00 to 2026-04-07 17:49:53.860341
2026-04-07 17:50:10,855 | INFO | Saved Data/DOGEUSDT_futures_volume_5years_5min.csv, rows=239505
2026-04-07 17:50:10,858 | INFO | [BinanceService] Stats avg_volume=24281793.79 avg_buy=11865370.67 avg_sell=12416423.12 avg_ratio=1.08
2026-04-07 17:50:12,217 | INFO | Fetching 1000PEPEUSDT from 2026-04-07 09:45:00 to 2026-04-07 17:49:53.860341
2026-04-07 17:50:15,450 | INFO | Saved Data/1000PEPEUSDT_futures_volume_5years_5min.csv, rows=239505
2026-04-07 17:50:15,453 | INFO | [BinanceService] Stats avg_volume=384902279.67 avg_buy=189068068.53 avg_sell=195834211.14 avg_ratio=1.06
2026-04-07 17:50:16,456 | INFO | Sleeping 300s
2026-04-07 17:55:16,456 | INFO | Cycle 161 started
2026-04-07 17:55:16,456 | INFO | Target end_time=2026-04-07 17:55:16.456995
2026-04-07 17:55:16,791 | INFO | Fetching BTCUSDT from 2026-04-07 09:50:00 to 2026-04-07 17:55:16.456995
2026-04-07 17:55:20,153 | INFO | Saved Data/BTCUSDT_futures_volume_5years_5min.csv, rows=239507
2026-04-07 17:55:20,157 | INFO | [BinanceService] Stats avg_volume=753.68 avg_buy=374.21 avg_sell=379.47 avg_ratio=1.12
2026-04-07 17:55:21,515 | INFO | Fetching ETHUSDT from 2026-04-07 09:50:00 to 2026-04-07 17:55:16.456995
2026-04-07 17:55:24,784 | INFO | Saved Data/ETHUSDT_futures_volume_5years_5min.csv, rows=239507
2026-04-07 17:55:24,788 | INFO | [BinanceService] Stats avg_volume=14308.02 avg_buy=7068.56 avg_sell=7239.45 avg_ratio=1.09
2026-04-07 17:55:26,133 | INFO | Fetching SOLUSDT from 2026-04-07 09:50:00 to 2026-04-07 17:55:16.456995
2026-04-07 17:55:29,117 | INFO | Saved Data/SOLUSDT_futures_volume_5years_5min.csv, rows=239507
2026-04-07 17:55:29,120 | INFO | [BinanceService] Stats avg_volume=79122.97 avg_buy=38904.04 avg_sell=40218.93 avg_ratio=1.06
2026-04-07 17:55:30,481 | INFO | Fetching DOGEUSDT from 2026-04-07 09:50:00 to 2026-04-07 17:55:16.456995
2026-04-07 17:55:33,916 | INFO | Saved Data/DOGEUSDT_futures_volume_5years_5min.csv, rows=239507
2026-04-07 17:55:33,920 | INFO | [BinanceService] Stats avg_volume=24281635.79 avg_buy=11865293.25 avg_sell=12416342.54 avg_ratio=1.08
2026-04-07 17:55:35,254 | INFO | Fetching 1000PEPEUSDT from 2026-04-07 09:50:00 to 2026-04-07 17:55:16.456995
2026-04-07 17:55:38,458 | INFO | Saved Data/1000PEPEUSDT_futures_volume_5years_5min.csv, rows=239507
2026-04-07 17:55:38,461 | INFO | [BinanceService] Stats avg_volume=384900800.84 avg_buy=189067477.96 avg_sell=195833322.88 avg_ratio=1.06
2026-04-07 17:55:39,463 | INFO | Sleeping 300s
2026-04-07 18:00:39,464 | INFO | Cycle 162 started
2026-04-07 18:00:39,465 | INFO | Target end_time=2026-04-07 18:00:39.465313
2026-04-07 18:00:39,817 | INFO | Fetching BTCUSDT from 2026-04-07 10:00:00 to 2026-04-07 18:00:39.465313
2026-04-07 18:00:42,995 | INFO | Saved Data/BTCUSDT_futures_volume_5years_5min.csv, rows=239508
2026-04-07 18:00:42,999 | INFO | [BinanceService] Stats avg_volume=753.68 avg_buy=374.21 avg_sell=379.47 avg_ratio=1.12
2026-04-07 18:00:44,345 | INFO | Fetching ETHUSDT from 2026-04-07 10:00:00 to 2026-04-07 18:00:39.465313
2026-04-07 18:00:47,652 | INFO | Saved Data/ETHUSDT_futures_volume_5years_5min.csv, rows=239508
2026-04-07 18:00:47,655 | INFO | [BinanceService] Stats avg_volume=14307.98 avg_buy=7068.55 avg_sell=7239.43 avg_ratio=1.09
2026-04-07 18:00:49,004 | INFO | Fetching SOLUSDT from 2026-04-07 10:00:00 to 2026-04-07 18:00:39.465313
2026-04-07 18:00:52,361 | INFO | Saved Data/SOLUSDT_futures_volume_5years_5min.csv, rows=239508
2026-04-07 18:00:52,365 | INFO | [BinanceService] Stats avg_volume=79122.73 avg_buy=38903.94 avg_sell=40218.80 avg_ratio=1.06
2026-04-07 18:00:53,716 | INFO | Fetching DOGEUSDT from 2026-04-07 10:00:00 to 2026-04-07 18:00:39.465313
2026-04-07 18:00:57,024 | INFO | Saved Data/DOGEUSDT_futures_volume_5years_5min.csv, rows=239508
2026-04-07 18:00:57,027 | INFO | [BinanceService] Stats avg_volume=24281559.42 avg_buy=11865256.89 avg_sell=12416302.54 avg_ratio=1.08
2026-04-07 18:00:58,405 | INFO | Fetching 1000PEPEUSDT from 2026-04-07 10:00:00 to 2026-04-07 18:00:39.465313
2026-04-07 18:01:01,562 | INFO | Saved Data/1000PEPEUSDT_futures_volume_5years_5min.csv, rows=239508
2026-04-07 18:01:01,566 | INFO | [BinanceService] Stats avg_volume=384900476.35 avg_buy=189067356.85 avg_sell=195833119.50 avg_ratio=1.06
2026-04-07 18:01:02,567 | INFO | Sleeping 300s
2026-04-07 18:06:02,569 | INFO | Cycle 163 started
2026-04-07 18:06:02,569 | INFO | Target end_time=2026-04-07 18:06:02.569781
2026-04-07 18:06:02,923 | INFO | Fetching BTCUSDT from 2026-04-07 10:05:00 to 2026-04-07 18:06:02.569781
2026-04-07 18:06:06,620 | INFO | Saved Data/BTCUSDT_futures_volume_5years_5min.csv, rows=239509
2026-04-07 18:06:06,623 | INFO | [BinanceService] Stats avg_volume=753.68 avg_buy=374.21 avg_sell=379.47 avg_ratio=1.12
2026-04-07 18:06:07,991 | INFO | Fetching ETHUSDT from 2026-04-07 10:05:00 to 2026-04-07 18:06:02.569781
2026-04-07 18:06:11,980 | INFO | Saved Data/ETHUSDT_futures_volume_5years_5min.csv, rows=239509
2026-04-07 18:06:11,983 | INFO | [BinanceService] Stats avg_volume=14308.02 avg_buy=7068.55 avg_sell=7239.47 avg_ratio=1.09
2026-04-07 18:06:13,327 | INFO | Fetching SOLUSDT from 2026-04-07 10:05:00 to 2026-04-07 18:06:02.569781
2026-04-07 18:06:16,674 | INFO | Saved Data/SOLUSDT_futures_volume_5years_5min.csv, rows=239509
2026-04-07 18:06:16,678 | INFO | [BinanceService] Stats avg_volume=79122.67 avg_buy=38903.87 avg_sell=40218.81 avg_ratio=1.06
2026-04-07 18:06:18,045 | INFO | Fetching DOGEUSDT from 2026-04-07 10:05:00 to 2026-04-07 18:06:02.569781
2026-04-07 18:06:21,503 | INFO | Saved Data/DOGEUSDT_futures_volume_5years_5min.csv, rows=239509
2026-04-07 18:06:21,506 | INFO | [BinanceService] Stats avg_volume=24281531.74 avg_buy=11865238.60 avg_sell=12416293.14 avg_ratio=1.08
2026-04-07 18:06:22,881 | INFO | Fetching 1000PEPEUSDT from 2026-04-07 10:05:00 to 2026-04-07 18:06:02.569781
2026-04-07 18:06:26,219 | INFO | Saved Data/1000PEPEUSDT_futures_volume_5years_5min.csv, rows=239509
2026-04-07 18:06:26,225 | INFO | [BinanceService] Stats avg_volume=384899961.76 avg_buy=189067175.97 avg_sell=195832785.79 avg_ratio=1.06
2026-04-07 18:06:27,226 | INFO | Sleeping 300s
2026-04-07 18:11:27,227 | INFO | Cycle 164 started
2026-04-07 18:11:27,227 | INFO | Target end_time=2026-04-07 18:11:27.227223
2026-04-07 18:11:27,616 | INFO | Fetching BTCUSDT from 2026-04-07 10:10:00 to 2026-04-07 18:11:27.227223
2026-04-07 18:11:31,279 | INFO | Saved Data/BTCUSDT_futures_volume_5years_5min.csv, rows=239510
2026-04-07 18:11:31,282 | INFO | [BinanceService] Stats avg_volume=753.68 avg_buy=374.21 avg_sell=379.47 avg_ratio=1.12
2026-04-07 18:11:32,643 | INFO | Fetching ETHUSDT from 2026-04-07 10:10:00 to 2026-04-07 18:11:27.227223
2026-04-07 18:11:36,080 | INFO | Saved Data/ETHUSDT_futures_volume_5years_5min.csv, rows=239510
2026-04-07 18:11:36,084 | INFO | [BinanceService] Stats avg_volume=14308.21 avg_buy=7068.61 avg_sell=7239.60 avg_ratio=1.09
2026-04-07 18:11:37,434 | INFO | Fetching SOLUSDT from 2026-04-07 10:10:00 to 2026-04-07 18:11:27.227223
2026-04-07 18:11:40,649 | INFO | Saved Data/SOLUSDT_futures_volume_5years_5min.csv, rows=239510
2026-04-07 18:11:40,653 | INFO | [BinanceService] Stats avg_volume=79123.30 avg_buy=38904.08 avg_sell=40219.22 avg_ratio=1.06
2026-04-07 18:11:42,020 | INFO | Fetching DOGEUSDT from 2026-04-07 10:10:00 to 2026-04-07 18:11:27.227223
2026-04-07 18:11:45,352 | INFO | Saved Data/DOGEUSDT_futures_volume_5years_5min.csv, rows=239510
2026-04-07 18:11:45,356 | INFO | [BinanceService] Stats avg_volume=24281642.37 avg_buy=11865268.77 avg_sell=12416373.59 avg_ratio=1.08
2026-04-07 18:11:46,724 | INFO | Fetching 1000PEPEUSDT from 2026-04-07 10:10:00 to 2026-04-07 18:11:27.227223
2026-04-07 18:11:50,066 | INFO | Saved Data/1000PEPEUSDT_futures_volume_5years_5min.csv, rows=239510
2026-04-07 18:11:50,080 | INFO | [BinanceService] Stats avg_volume=384902100.77 avg_buy=189068124.20 avg_sell=195833976.57 avg_ratio=1.06
2026-04-07 18:11:51,082 | INFO | Sleeping 300s
2026-04-07 18:16:51,083 | INFO | Cycle 165 started
2026-04-07 18:16:51,083 | INFO | Target end_time=2026-04-07 18:16:51.083604
2026-04-07 18:16:51,453 | INFO | Fetching BTCUSDT from 2026-04-07 10:15:00 to 2026-04-07 18:16:51.083604
2026-04-07 18:16:54,941 | INFO | Saved Data/BTCUSDT_futures_volume_5years_5min.csv, rows=239511
2026-04-07 18:16:54,945 | INFO | [BinanceService] Stats avg_volume=753.68 avg_buy=374.21 avg_sell=379.47 avg_ratio=1.12
2026-04-07 18:16:56,306 | INFO | Fetching ETHUSDT from 2026-04-07 10:15:00 to 2026-04-07 18:16:51.083604
2026-04-07 18:16:59,540 | INFO | Saved Data/ETHUSDT_futures_volume_5years_5min.csv, rows=239511
2026-04-07 18:16:59,543 | INFO | [BinanceService] Stats avg_volume=14308.22 avg_buy=7068.62 avg_sell=7239.60 avg_ratio=1.09
2026-04-07 18:17:00,890 | INFO | Fetching SOLUSDT from 2026-04-07 10:15:00 to 2026-04-07 18:16:51.083604
2026-04-07 18:17:04,276 | INFO | Saved Data/SOLUSDT_futures_volume_5years_5min.csv, rows=239511
2026-04-07 18:17:04,280 | INFO | [BinanceService] Stats avg_volume=79123.85 avg_buy=38904.57 avg_sell=40219.27 avg_ratio=1.06
2026-04-07 18:17:05,629 | INFO | Fetching DOGEUSDT from 2026-04-07 10:15:00 to 2026-04-07 18:16:51.083604
2026-04-07 18:17:09,198 | INFO | Saved Data/DOGEUSDT_futures_volume_5years_5min.csv, rows=239511
2026-04-07 18:17:09,202 | INFO | [BinanceService] Stats avg_volume=24281617.30 avg_buy=11865262.05 avg_sell=12416355.25 avg_ratio=1.08
2026-04-07 18:17:10,547 | INFO | Fetching 1000PEPEUSDT from 2026-04-07 10:15:00 to 2026-04-07 18:16:51.083604
2026-04-07 18:17:13,869 | INFO | Saved Data/1000PEPEUSDT_futures_volume_5years_5min.csv, rows=239511
2026-04-07 18:17:13,872 | INFO | [BinanceService] Stats avg_volume=384901899.27 avg_buy=189068026.20 avg_sell=195833873.07 avg_ratio=1.06
2026-04-07 18:17:14,873 | INFO | Sleeping 300s
2026-04-07 18:22:14,874 | INFO | Cycle 166 started
2026-04-07 18:22:14,874 | INFO | Target end_time=2026-04-07 18:22:14.874339
2026-04-07 18:22:15,336 | INFO | Fetching BTCUSDT from 2026-04-07 10:20:00 to 2026-04-07 18:22:14.874339
2026-04-07 18:22:18,984 | INFO | Saved Data/BTCUSDT_futures_volume_5years_5min.csv, rows=239512
2026-04-07 18:22:18,988 | INFO | [BinanceService] Stats avg_volume=753.68 avg_buy=374.21 avg_sell=379.47 avg_ratio=1.12
2026-04-07 18:22:20,368 | INFO | Fetching ETHUSDT from 2026-04-07 10:20:00 to 2026-04-07 18:22:14.874339
2026-04-07 18:22:24,183 | INFO | Saved Data/ETHUSDT_futures_volume_5years_5min.csv, rows=239512
2026-04-07 18:22:24,187 | INFO | [BinanceService] Stats avg_volume=14308.22 avg_buy=7068.63 avg_sell=7239.59 avg_ratio=1.09
2026-04-07 18:22:25,560 | INFO | Fetching SOLUSDT from 2026-04-07 10:20:00 to 2026-04-07 18:22:14.874339
2026-04-07 18:22:28,898 | INFO | Saved Data/SOLUSDT_futures_volume_5years_5min.csv, rows=239512
2026-04-07 18:22:28,901 | INFO | [BinanceService] Stats avg_volume=79123.78 avg_buy=38904.56 avg_sell=40219.21 avg_ratio=1.06
2026-04-07 18:22:30,268 | INFO | Fetching DOGEUSDT from 2026-04-07 10:20:00 to 2026-04-07 18:22:14.874339
2026-04-07 18:22:34,062 | INFO | Saved Data/DOGEUSDT_futures_volume_5years_5min.csv, rows=239512
2026-04-07 18:22:34,066 | INFO | [BinanceService] Stats avg_volume=24281551.06 avg_buy=11865234.79 avg_sell=12416316.27 avg_ratio=1.08
2026-04-07 18:22:35,441 | INFO | Fetching 1000PEPEUSDT from 2026-04-07 10:20:00 to 2026-04-07 18:22:14.874339
2026-04-07 18:22:38,821 | INFO | Saved Data/1000PEPEUSDT_futures_volume_5years_5min.csv, rows=239512
2026-04-07 18:22:38,825 | INFO | [BinanceService] Stats avg_volume=384900896.79 avg_buy=189067567.64 avg_sell=195833329.15 avg_ratio=1.06
2026-04-07 18:22:39,825 | INFO | Sleeping 300s
2026-04-07 18:27:39,826 | INFO | Cycle 167 started
2026-04-07 18:27:39,826 | INFO | Target end_time=2026-04-07 18:27:39.826631
2026-04-07 18:27:40,212 | INFO | Fetching BTCUSDT from 2026-04-07 10:25:00 to 2026-04-07 18:27:39.826631
2026-04-07 18:27:43,713 | INFO | Saved Data/BTCUSDT_futures_volume_5years_5min.csv, rows=239513
2026-04-07 18:27:43,716 | INFO | [BinanceService] Stats avg_volume=753.68 avg_buy=374.21 avg_sell=379.47 avg_ratio=1.12
2026-04-07 18:27:45,083 | INFO | Fetching ETHUSDT from 2026-04-07 10:25:00 to 2026-04-07 18:27:39.826631
2026-04-07 18:27:48,350 | INFO | Saved Data/ETHUSDT_futures_volume_5years_5min.csv, rows=239513
2026-04-07 18:27:48,354 | INFO | [BinanceService] Stats avg_volume=14308.38 avg_buy=7068.68 avg_sell=7239.70 avg_ratio=1.09
2026-04-07 18:27:49,702 | INFO | Fetching SOLUSDT from 2026-04-07 10:25:00 to 2026-04-07 18:27:39.826631
2026-04-07 18:27:52,856 | INFO | Saved Data/SOLUSDT_futures_volume_5years_5min.csv, rows=239513
2026-04-07 18:27:52,860 | INFO | [BinanceService] Stats avg_volume=79124.09 avg_buy=38904.67 avg_sell=40219.41 avg_ratio=1.06
2026-04-07 18:27:54,208 | INFO | Fetching DOGEUSDT from 2026-04-07 10:25:00 to 2026-04-07 18:27:39.826631
2026-04-07 18:27:57,680 | INFO | Saved Data/DOGEUSDT_futures_volume_5years_5min.csv, rows=239513
2026-04-07 18:27:57,683 | INFO | [BinanceService] Stats avg_volume=24281670.80 avg_buy=11865271.27 avg_sell=12416399.53 avg_ratio=1.08
2026-04-07 18:27:59,039 | INFO | Fetching 1000PEPEUSDT from 2026-04-07 10:25:00 to 2026-04-07 18:27:39.826631
2026-04-07 18:28:02,397 | INFO | Saved Data/1000PEPEUSDT_futures_volume_5years_5min.csv, rows=239513
2026-04-07 18:28:02,400 | INFO | [BinanceService] Stats avg_volume=384903292.70 avg_buy=189068125.63 avg_sell=195835167.07 avg_ratio=1.06
2026-04-07 18:28:03,402 | INFO | Sleeping 300s
2026-04-07 18:33:03,403 | INFO | Cycle 168 started
2026-04-07 18:33:03,403 | INFO | Target end_time=2026-04-07 18:33:03.403121
2026-04-07 18:33:03,776 | INFO | Fetching BTCUSDT from 2026-04-07 10:30:00 to 2026-04-07 18:33:03.403121
2026-04-07 18:33:07,086 | INFO | Saved Data/BTCUSDT_futures_volume_5years_5min.csv, rows=239514
2026-04-07 18:33:07,089 | INFO | [BinanceService] Stats avg_volume=753.68 avg_buy=374.21 avg_sell=379.47 avg_ratio=1.12
2026-04-07 18:33:08,437 | INFO | Fetching ETHUSDT from 2026-04-07 10:30:00 to 2026-04-07 18:33:03.403121
2026-04-07 18:33:12,235 | INFO | Saved Data/ETHUSDT_futures_volume_5years_5min.csv, rows=239514
2026-04-07 18:33:12,238 | INFO | [BinanceService] Stats avg_volume=14308.47 avg_buy=7068.73 avg_sell=7239.73 avg_ratio=1.09
2026-04-07 18:33:13,592 | INFO | Fetching SOLUSDT from 2026-04-07 10:30:00 to 2026-04-07 18:33:03.403121
2026-04-07 18:33:16,996 | INFO | Saved Data/SOLUSDT_futures_volume_5years_5min.csv, rows=239514
2026-04-07 18:33:17,000 | INFO | [BinanceService] Stats avg_volume=79124.16 avg_buy=38904.74 avg_sell=40219.42 avg_ratio=1.06
2026-04-07 18:33:18,367 | INFO | Fetching DOGEUSDT from 2026-04-07 10:30:00 to 2026-04-07 18:33:03.403121
2026-04-07 18:33:21,887 | INFO | Saved Data/DOGEUSDT_futures_volume_5years_5min.csv, rows=239514
2026-04-07 18:33:21,891 | INFO | [BinanceService] Stats avg_volume=24281747.53 avg_buy=11865352.39 avg_sell=12416395.14 avg_ratio=1.08
2026-04-07 18:33:23,273 | INFO | Fetching 1000PEPEUSDT from 2026-04-07 10:30:00 to 2026-04-07 18:33:03.403121
2026-04-07 18:33:26,505 | INFO | Saved Data/1000PEPEUSDT_futures_volume_5years_5min.csv, rows=239514
2026-04-07 18:33:26,509 | INFO | [BinanceService] Stats avg_volume=384903128.92 avg_buy=189068177.06 avg_sell=195834951.86 avg_ratio=1.06
2026-04-07 18:33:27,511 | INFO | Sleeping 300s
2026-04-07 18:38:27,512 | INFO | Cycle 169 started
2026-04-07 18:38:27,512 | INFO | Target end_time=2026-04-07 18:38:27.512114
2026-04-07 18:38:27,893 | INFO | Fetching BTCUSDT from 2026-04-07 10:35:00 to 2026-04-07 18:38:27.512114
2026-04-07 18:38:31,477 | INFO | Saved Data/BTCUSDT_futures_volume_5years_5min.csv, rows=239515
2026-04-07 18:38:31,480 | INFO | [BinanceService] Stats avg_volume=753.68 avg_buy=374.21 avg_sell=379.47 avg_ratio=1.12
2026-04-07 18:38:32,824 | INFO | Fetching ETHUSDT from 2026-04-07 10:35:00 to 2026-04-07 18:38:27.512114
2026-04-07 18:38:36,604 | INFO | Saved Data/ETHUSDT_futures_volume_5years_5min.csv, rows=239515
2026-04-07 18:38:36,608 | INFO | [BinanceService] Stats avg_volume=14308.57 avg_buy=7068.76 avg_sell=7239.81 avg_ratio=1.09
2026-04-07 18:38:37,945 | INFO | Fetching SOLUSDT from 2026-04-07 10:35:00 to 2026-04-07 18:38:27.512114
2026-04-07 18:38:41,443 | INFO | Saved Data/SOLUSDT_futures_volume_5years_5min.csv, rows=239515
2026-04-07 18:38:41,446 | INFO | [BinanceService] Stats avg_volume=79124.69 avg_buy=38904.76 avg_sell=40219.93 avg_ratio=1.06
2026-04-07 18:38:42,800 | INFO | Fetching DOGEUSDT from 2026-04-07 10:35:00 to 2026-04-07 18:38:27.512114
2026-04-07 18:38:46,589 | INFO | Saved Data/DOGEUSDT_futures_volume_5years_5min.csv, rows=239515
2026-04-07 18:38:46,593 | INFO | [BinanceService] Stats avg_volume=24281737.65 avg_buy=11865336.10 avg_sell=12416401.54 avg_ratio=1.08
2026-04-07 18:38:47,970 | INFO | Fetching 1000PEPEUSDT from 2026-04-07 10:35:00 to 2026-04-07 18:38:27.512114
2026-04-07 18:38:51,342 | INFO | Saved Data/1000PEPEUSDT_futures_volume_5years_5min.csv, rows=239515
2026-04-07 18:38:51,345 | INFO | [BinanceService] Stats avg_volume=384902687.47 avg_buy=189067848.45 avg_sell=195834839.02 avg_ratio=1.06
2026-04-07 18:38:52,347 | INFO | Sleeping 300s
2026-04-07 18:43:52,347 | INFO | Cycle 170 started
2026-04-07 18:43:52,347 | INFO | Target end_time=2026-04-07 18:43:52.347935
2026-04-07 18:43:52,719 | INFO | Fetching BTCUSDT from 2026-04-07 10:40:00 to 2026-04-07 18:43:52.347935
2026-04-07 18:43:56,263 | INFO | Saved Data/BTCUSDT_futures_volume_5years_5min.csv, rows=239516
2026-04-07 18:43:56,267 | INFO | [BinanceService] Stats avg_volume=753.69 avg_buy=374.21 avg_sell=379.47 avg_ratio=1.12
2026-04-07 18:43:57,643 | INFO | Fetching ETHUSDT from 2026-04-07 10:40:00 to 2026-04-07 18:43:52.347935
2026-04-07 18:44:01,211 | INFO | Saved Data/ETHUSDT_futures_volume_5years_5min.csv, rows=239516
2026-04-07 18:44:01,215 | INFO | [BinanceService] Stats avg_volume=14308.64 avg_buy=7068.80 avg_sell=7239.84 avg_ratio=1.09
2026-04-07 18:44:02,571 | INFO | Fetching SOLUSDT from 2026-04-07 10:40:00 to 2026-04-07 18:43:52.347935
2026-04-07 18:44:05,917 | INFO | Saved Data/SOLUSDT_futures_volume_5years_5min.csv, rows=239516
2026-04-07 18:44:05,920 | INFO | [BinanceService] Stats avg_volume=79124.87 avg_buy=38904.84 avg_sell=40220.03 avg_ratio=1.06
2026-04-07 18:44:07,289 | INFO | Fetching DOGEUSDT from 2026-04-07 10:40:00 to 2026-04-07 18:43:52.347935
2026-04-07 18:44:11,051 | INFO | Saved Data/DOGEUSDT_futures_volume_5years_5min.csv, rows=239516
2026-04-07 18:44:11,055 | INFO | [BinanceService] Stats avg_volume=24281765.75 avg_buy=11865325.01 avg_sell=12416440.74 avg_ratio=1.08
2026-04-07 18:44:12,432 | INFO | Fetching 1000PEPEUSDT from 2026-04-07 10:40:00 to 2026-04-07 18:43:52.347935
2026-04-07 18:44:15,760 | INFO | Saved Data/1000PEPEUSDT_futures_volume_5years_5min.csv, rows=239516
2026-04-07 18:44:15,763 | INFO | [BinanceService] Stats avg_volume=384902428.53 avg_buy=189067805.56 avg_sell=195834622.97 avg_ratio=1.06
2026-04-07 18:44:16,765 | INFO | Sleeping 300s
2026-04-07 18:49:16,766 | INFO | Cycle 171 started
2026-04-07 18:49:16,766 | INFO | Target end_time=2026-04-07 18:49:16.766928
2026-04-07 18:49:17,206 | INFO | Fetching BTCUSDT from 2026-04-07 10:45:00 to 2026-04-07 18:49:16.766928
2026-04-07 18:49:22,061 | INFO | Saved Data/BTCUSDT_futures_volume_5years_5min.csv, rows=239517
2026-04-07 18:49:22,064 | INFO | [BinanceService] Stats avg_volume=753.69 avg_buy=374.21 avg_sell=379.47 avg_ratio=1.12
2026-04-07 18:49:23,428 | INFO | Fetching ETHUSDT from 2026-04-07 10:45:00 to 2026-04-07 18:49:16.766928
2026-04-07 18:49:27,261 | INFO | Saved Data/ETHUSDT_futures_volume_5years_5min.csv, rows=239517
2026-04-07 18:49:27,263 | INFO | [BinanceService] Stats avg_volume=14308.70 avg_buy=7068.82 avg_sell=7239.88 avg_ratio=1.09
2026-04-07 18:49:28,598 | INFO | Fetching SOLUSDT from 2026-04-07 10:45:00 to 2026-04-07 18:49:16.766928
2026-04-07 18:49:32,196 | INFO | Saved Data/SOLUSDT_futures_volume_5years_5min.csv, rows=239517
2026-04-07 18:49:32,200 | INFO | [BinanceService] Stats avg_volume=79124.85 avg_buy=38904.82 avg_sell=40220.04 avg_ratio=1.06
2026-04-07 18:49:33,566 | INFO | Fetching DOGEUSDT from 2026-04-07 10:45:00 to 2026-04-07 18:49:16.766928
2026-04-07 18:49:37,295 | INFO | Saved Data/DOGEUSDT_futures_volume_5years_5min.csv, rows=239517
2026-04-07 18:49:37,298 | INFO | [BinanceService] Stats avg_volume=24281742.84 avg_buy=11865313.40 avg_sell=12416429.44 avg_ratio=1.08
2026-04-07 18:49:38,662 | INFO | Fetching 1000PEPEUSDT from 2026-04-07 10:45:00 to 2026-04-07 18:49:16.766928
2026-04-07 18:49:42,529 | INFO | Saved Data/1000PEPEUSDT_futures_volume_5years_5min.csv, rows=239517
2026-04-07 18:49:42,532 | INFO | [BinanceService] Stats avg_volume=384901447.29 avg_buy=189067231.26 avg_sell=195834216.03 avg_ratio=1.06
2026-04-07 18:49:43,533 | INFO | Sleeping 300s
2026-04-07 18:54:43,535 | INFO | Cycle 172 started
2026-04-07 18:54:43,535 | INFO | Target end_time=2026-04-07 18:54:43.535172
2026-04-07 18:54:43,956 | INFO | Fetching BTCUSDT from 2026-04-07 10:50:00 to 2026-04-07 18:54:43.535172
2026-04-07 18:54:47,440 | INFO | Saved Data/BTCUSDT_futures_volume_5years_5min.csv, rows=239518
2026-04-07 18:54:47,444 | INFO | [BinanceService] Stats avg_volume=753.70 avg_buy=374.22 avg_sell=379.48 avg_ratio=1.12
2026-04-07 18:54:48,803 | INFO | Fetching ETHUSDT from 2026-04-07 10:50:00 to 2026-04-07 18:54:43.535172
2026-04-07 18:54:52,515 | INFO | Saved Data/ETHUSDT_futures_volume_5years_5min.csv, rows=239518
2026-04-07 18:54:52,519 | INFO | [BinanceService] Stats avg_volume=14308.92 avg_buy=7068.91 avg_sell=7240.00 avg_ratio=1.09
2026-04-07 18:54:53,866 | INFO | Fetching SOLUSDT from 2026-04-07 10:50:00 to 2026-04-07 18:54:43.535172
2026-04-07 18:54:57,405 | INFO | Saved Data/SOLUSDT_futures_volume_5years_5min.csv, rows=239518
2026-04-07 18:54:57,409 | INFO | [BinanceService] Stats avg_volume=79125.29 avg_buy=38905.01 avg_sell=40220.29 avg_ratio=1.06
2026-04-07 18:54:58,759 | INFO | Fetching DOGEUSDT from 2026-04-07 10:50:00 to 2026-04-07 18:54:43.535172
2026-04-07 18:55:02,222 | INFO | Saved Data/DOGEUSDT_futures_volume_5years_5min.csv, rows=239518
2026-04-07 18:55:02,226 | INFO | [BinanceService] Stats avg_volume=24281975.57 avg_buy=11865389.90 avg_sell=12416585.67 avg_ratio=1.08
2026-04-07 18:55:03,597 | INFO | Fetching 1000PEPEUSDT from 2026-04-07 10:50:00 to 2026-04-07 18:54:43.535172
2026-04-07 18:55:06,949 | INFO | Saved Data/1000PEPEUSDT_futures_volume_5years_5min.csv, rows=239518
2026-04-07 18:55:06,952 | INFO | [BinanceService] Stats avg_volume=384901577.10 avg_buy=189067092.54 avg_sell=195834484.56 avg_ratio=1.06
2026-04-07 18:55:07,954 | INFO | Sleeping 300s
2026-04-07 19:00:07,955 | INFO | Cycle 173 started
2026-04-07 19:00:07,955 | INFO | Target end_time=2026-04-07 19:00:07.955223
2026-04-07 19:00:08,333 | INFO | Fetching BTCUSDT from 2026-04-07 10:55:00 to 2026-04-07 19:00:07.955223
2026-04-07 19:00:11,620 | INFO | Saved Data/BTCUSDT_futures_volume_5years_5min.csv, rows=239520
2026-04-07 19:00:11,624 | INFO | [BinanceService] Stats avg_volume=753.70 avg_buy=374.22 avg_sell=379.48 avg_ratio=1.12
2026-04-07 19:00:12,986 | INFO | Fetching ETHUSDT from 2026-04-07 10:55:00 to 2026-04-07 19:00:07.955223
2026-04-07 19:00:16,685 | INFO | Saved Data/ETHUSDT_futures_volume_5years_5min.csv, rows=239520
2026-04-07 19:00:16,688 | INFO | [BinanceService] Stats avg_volume=14309.01 avg_buy=7068.95 avg_sell=7240.07 avg_ratio=1.09
2026-04-07 19:00:18,046 | INFO | Fetching SOLUSDT from 2026-04-07 10:55:00 to 2026-04-07 19:00:07.955223
2026-04-07 19:00:21,386 | INFO | Saved Data/SOLUSDT_futures_volume_5years_5min.csv, rows=239520
2026-04-07 19:00:21,393 | INFO | [BinanceService] Stats avg_volume=79125.00 avg_buy=38904.86 avg_sell=40220.14 avg_ratio=1.06
2026-04-07 19:00:22,753 | INFO | Fetching DOGEUSDT from 2026-04-07 10:55:00 to 2026-04-07 19:00:07.955223
2026-04-07 19:00:26,442 | INFO | Saved Data/DOGEUSDT_futures_volume_5years_5min.csv, rows=239520
2026-04-07 19:00:26,449 | INFO | [BinanceService] Stats avg_volume=24281878.29 avg_buy=11865339.66 avg_sell=12416538.63 avg_ratio=1.08
2026-04-07 19:00:27,859 | INFO | Fetching 1000PEPEUSDT from 2026-04-07 10:55:00 to 2026-04-07 19:00:07.955223
2026-04-07 19:00:31,152 | INFO | Saved Data/1000PEPEUSDT_futures_volume_5years_5min.csv, rows=239520
2026-04-07 19:00:31,155 | INFO | [BinanceService] Stats avg_volume=384899842.42 avg_buy=189066352.35 avg_sell=195833490.07 avg_ratio=1.06
2026-04-07 19:00:32,157 | INFO | Sleeping 300s
2026-04-07 19:05:32,157 | INFO | Cycle 174 started
2026-04-07 19:05:32,157 | INFO | Target end_time=2026-04-07 19:05:32.157987
2026-04-07 19:05:32,574 | INFO | Fetching BTCUSDT from 2026-04-07 11:05:00 to 2026-04-07 19:05:32.157987
2026-04-07 19:05:36,370 | INFO | Saved Data/BTCUSDT_futures_volume_5years_5min.csv, rows=239521
2026-04-07 19:05:36,373 | INFO | [BinanceService] Stats avg_volume=753.70 avg_buy=374.22 avg_sell=379.48 avg_ratio=1.12
2026-04-07 19:05:37,729 | INFO | Fetching ETHUSDT from 2026-04-07 11:05:00 to 2026-04-07 19:05:32.157987
2026-04-07 19:05:41,159 | INFO | Saved Data/ETHUSDT_futures_volume_5years_5min.csv, rows=239521
2026-04-07 19:05:41,163 | INFO | [BinanceService] Stats avg_volume=14309.24 avg_buy=7069.05 avg_sell=7240.19 avg_ratio=1.09
2026-04-07 19:05:42,516 | INFO | Fetching SOLUSDT from 2026-04-07 11:05:00 to 2026-04-07 19:05:32.157987
2026-04-07 19:05:45,895 | INFO | Saved Data/SOLUSDT_futures_volume_5years_5min.csv, rows=239521
2026-04-07 19:05:45,899 | INFO | [BinanceService] Stats avg_volume=79125.32 avg_buy=38904.99 avg_sell=40220.33 avg_ratio=1.06
2026-04-07 19:05:47,256 | INFO | Fetching DOGEUSDT from 2026-04-07 11:05:00 to 2026-04-07 19:05:32.157987
2026-04-07 19:05:50,626 | INFO | Saved Data/DOGEUSDT_futures_volume_5years_5min.csv, rows=239521
2026-04-07 19:05:50,630 | INFO | [BinanceService] Stats avg_volume=24281903.59 avg_buy=11865356.52 avg_sell=12416547.08 avg_ratio=1.08
2026-04-07 19:05:52,004 | INFO | Fetching 1000PEPEUSDT from 2026-04-07 11:05:00 to 2026-04-07 19:05:32.157987
2026-04-07 19:05:55,508 | INFO | Saved Data/1000PEPEUSDT_futures_volume_5years_5min.csv, rows=239521
2026-04-07 19:05:55,511 | INFO | [BinanceService] Stats avg_volume=384900405.72 avg_buy=189066756.40 avg_sell=195833649.32 avg_ratio=1.06
2026-04-07 19:05:56,514 | INFO | Sleeping 300s
2026-04-07 19:10:56,516 | INFO | Cycle 175 started
2026-04-07 19:10:56,516 | INFO | Target end_time=2026-04-07 19:10:56.516862
2026-04-07 19:10:56,943 | INFO | Fetching BTCUSDT from 2026-04-07 11:10:00 to 2026-04-07 19:10:56.516862
2026-04-07 19:11:00,559 | INFO | Saved Data/BTCUSDT_futures_volume_5years_5min.csv, rows=239522
2026-04-07 19:11:00,563 | INFO | [BinanceService] Stats avg_volume=753.71 avg_buy=374.22 avg_sell=379.48 avg_ratio=1.12
2026-04-07 19:11:01,927 | INFO | Fetching ETHUSDT from 2026-04-07 11:10:00 to 2026-04-07 19:10:56.516862
2026-04-07 19:11:05,722 | INFO | Saved Data/ETHUSDT_futures_volume_5years_5min.csv, rows=239522
2026-04-07 19:11:05,725 | INFO | [BinanceService] Stats avg_volume=14309.34 avg_buy=7069.10 avg_sell=7240.23 avg_ratio=1.09
2026-04-07 19:11:07,072 | INFO | Fetching SOLUSDT from 2026-04-07 11:10:00 to 2026-04-07 19:10:56.516862
2026-04-07 19:11:10,541 | INFO | Saved Data/SOLUSDT_futures_volume_5years_5min.csv, rows=239522
2026-04-07 19:11:10,544 | INFO | [BinanceService] Stats avg_volume=79125.50 avg_buy=38905.10 avg_sell=40220.40 avg_ratio=1.06
2026-04-07 19:11:11,887 | INFO | Fetching DOGEUSDT from 2026-04-07 11:10:00 to 2026-04-07 19:10:56.516862
2026-04-07 19:11:15,213 | INFO | Saved Data/DOGEUSDT_futures_volume_5years_5min.csv, rows=239522
2026-04-07 19:11:15,217 | INFO | [BinanceService] Stats avg_volume=24281850.53 avg_buy=11865335.40 avg_sell=12416515.13 avg_ratio=1.08
2026-04-07 19:11:16,586 | INFO | Fetching 1000PEPEUSDT from 2026-04-07 11:10:00 to 2026-04-07 19:10:56.516862
2026-04-07 19:11:19,971 | INFO | Saved Data/1000PEPEUSDT_futures_volume_5years_5min.csv, rows=239522
2026-04-07 19:11:19,974 | INFO | [BinanceService] Stats avg_volume=384899675.70 avg_buy=189066589.38 avg_sell=195833086.32 avg_ratio=1.06
2026-04-07 19:11:20,975 | INFO | Sleeping 300s
2026-04-07 19:16:20,975 | INFO | Cycle 176 started
2026-04-07 19:16:20,975 | INFO | Target end_time=2026-04-07 19:16:20.975991
2026-04-07 19:16:21,326 | INFO | Fetching BTCUSDT from 2026-04-07 11:15:00 to 2026-04-07 19:16:20.975991
2026-04-07 19:16:24,627 | INFO | Saved Data/BTCUSDT_futures_volume_5years_5min.csv, rows=239523
2026-04-07 19:16:24,630 | INFO | [BinanceService] Stats avg_volume=753.71 avg_buy=374.22 avg_sell=379.48 avg_ratio=1.12
2026-04-07 19:16:25,989 | INFO | Fetching ETHUSDT from 2026-04-07 11:15:00 to 2026-04-07 19:16:20.975991
2026-04-07 19:16:29,247 | INFO | Saved Data/ETHUSDT_futures_volume_5years_5min.csv, rows=239523
2026-04-07 19:16:29,250 | INFO | [BinanceService] Stats avg_volume=14309.41 avg_buy=7069.16 avg_sell=7240.25 avg_ratio=1.09
2026-04-07 19:16:30,592 | INFO | Fetching SOLUSDT from 2026-04-07 11:15:00 to 2026-04-07 19:16:20.975991
2026-04-07 19:16:33,714 | INFO | Saved Data/SOLUSDT_futures_volume_5years_5min.csv, rows=239523
2026-04-07 19:16:33,718 | INFO | [BinanceService] Stats avg_volume=79125.44 avg_buy=38905.08 avg_sell=40220.36 avg_ratio=1.06
2026-04-07 19:16:35,061 | INFO | Fetching DOGEUSDT from 2026-04-07 11:15:00 to 2026-04-07 19:16:20.975991
2026-04-07 19:16:38,242 | INFO | Saved Data/DOGEUSDT_futures_volume_5years_5min.csv, rows=239523
2026-04-07 19:16:38,246 | INFO | [BinanceService] Stats avg_volume=24281846.80 avg_buy=11865350.56 avg_sell=12416496.25 avg_ratio=1.08
2026-04-07 19:16:39,604 | INFO | Fetching 1000PEPEUSDT from 2026-04-07 11:15:00 to 2026-04-07 19:16:20.975991
2026-04-07 19:16:42,882 | INFO | Saved Data/1000PEPEUSDT_futures_volume_5years_5min.csv, rows=239523
2026-04-07 19:16:42,885 | INFO | [BinanceService] Stats avg_volume=384898902.99 avg_buy=189066266.05 avg_sell=195832636.94 avg_ratio=1.06
2026-04-07 19:16:43,888 | INFO | Sleeping 300s
2026-04-07 19:21:43,889 | INFO | Cycle 177 started
2026-04-07 19:21:43,889 | INFO | Target end_time=2026-04-07 19:21:43.889049
2026-04-07 19:21:44,282 | INFO | Fetching BTCUSDT from 2026-04-07 11:20:00 to 2026-04-07 19:21:43.889049
2026-04-07 19:21:47,726 | INFO | Saved Data/BTCUSDT_futures_volume_5years_5min.csv, rows=239524
2026-04-07 19:21:47,729 | INFO | [BinanceService] Stats avg_volume=753.71 avg_buy=374.22 avg_sell=379.48 avg_ratio=1.12
2026-04-07 19:21:49,096 | INFO | Fetching ETHUSDT from 2026-04-07 11:20:00 to 2026-04-07 19:21:43.889049
2026-04-07 19:21:52,597 | INFO | Saved Data/ETHUSDT_futures_volume_5years_5min.csv, rows=239524
2026-04-07 19:21:52,599 | INFO | [BinanceService] Stats avg_volume=14309.42 avg_buy=7069.16 avg_sell=7240.26 avg_ratio=1.09
2026-04-07 19:21:53,950 | INFO | Fetching SOLUSDT from 2026-04-07 11:20:00 to 2026-04-07 19:21:43.889049
2026-04-07 19:21:57,659 | INFO | Saved Data/SOLUSDT_futures_volume_5years_5min.csv, rows=239524
2026-04-07 19:21:57,661 | INFO | [BinanceService] Stats avg_volume=79127.26 avg_buy=38905.58 avg_sell=40221.68 avg_ratio=1.06
2026-04-07 19:21:59,031 | INFO | Fetching DOGEUSDT from 2026-04-07 11:20:00 to 2026-04-07 19:21:43.889049
2026-04-07 19:22:02,391 | INFO | Saved Data/DOGEUSDT_futures_volume_5years_5min.csv, rows=239524
2026-04-07 19:22:02,396 | INFO | [BinanceService] Stats avg_volume=24281797.36 avg_buy=11865315.46 avg_sell=12416481.90 avg_ratio=1.08
2026-04-07 19:22:03,762 | INFO | Fetching 1000PEPEUSDT from 2026-04-07 11:20:00 to 2026-04-07 19:21:43.889049
2026-04-07 19:22:07,118 | INFO | Saved Data/1000PEPEUSDT_futures_volume_5years_5min.csv, rows=239524
2026-04-07 19:22:07,122 | INFO | [BinanceService] Stats avg_volume=384898130.87 avg_buy=189065874.89 avg_sell=195832255.98 avg_ratio=1.06
2026-04-07 19:22:08,122 | INFO | Sleeping 300s
2026-04-07 19:27:08,124 | INFO | Cycle 178 started
2026-04-07 19:27:08,124 | INFO | Target end_time=2026-04-07 19:27:08.124065
2026-04-07 19:27:08,533 | INFO | Fetching BTCUSDT from 2026-04-07 11:25:00 to 2026-04-07 19:27:08.124065
2026-04-07 19:27:11,954 | INFO | Saved Data/BTCUSDT_futures_volume_5years_5min.csv, rows=239525
2026-04-07 19:27:11,957 | INFO | [BinanceService] Stats avg_volume=753.71 avg_buy=374.22 avg_sell=379.48 avg_ratio=1.12
2026-04-07 19:27:13,321 | INFO | Fetching ETHUSDT from 2026-04-07 11:25:00 to 2026-04-07 19:27:08.124065
2026-04-07 19:27:16,786 | INFO | Saved Data/ETHUSDT_futures_volume_5years_5min.csv, rows=239525
2026-04-07 19:27:16,789 | INFO | [BinanceService] Stats avg_volume=14309.44 avg_buy=7069.18 avg_sell=7240.26 avg_ratio=1.09
2026-04-07 19:27:18,135 | INFO | Fetching SOLUSDT from 2026-04-07 11:25:00 to 2026-04-07 19:27:08.124065
2026-04-07 19:27:21,479 | INFO | Saved Data/SOLUSDT_futures_volume_5years_5min.csv, rows=239525
2026-04-07 19:27:21,482 | INFO | [BinanceService] Stats avg_volume=79127.55 avg_buy=38905.76 avg_sell=40221.79 avg_ratio=1.06
2026-04-07 19:27:22,828 | INFO | Fetching DOGEUSDT from 2026-04-07 11:25:00 to 2026-04-07 19:27:08.124065
2026-04-07 19:27:26,309 | INFO | Saved Data/DOGEUSDT_futures_volume_5years_5min.csv, rows=239525
2026-04-07 19:27:26,312 | INFO | [BinanceService] Stats avg_volume=24281754.85 avg_buy=11865293.79 avg_sell=12416461.06 avg_ratio=1.08
2026-04-07 19:27:27,668 | INFO | Fetching 1000PEPEUSDT from 2026-04-07 11:25:00 to 2026-04-07 19:27:08.124065
2026-04-07 19:27:31,520 | INFO | Saved Data/1000PEPEUSDT_futures_volume_5years_5min.csv, rows=239525
2026-04-07 19:27:31,524 | INFO | [BinanceService] Stats avg_volume=384897668.14 avg_buy=189065403.33 avg_sell=195832264.81 avg_ratio=1.06
2026-04-07 19:27:32,526 | INFO | Sleeping 300s
2026-04-07 19:32:32,526 | INFO | Cycle 179 started
2026-04-07 19:32:32,526 | INFO | Target end_time=2026-04-07 19:32:32.526930
2026-04-07 19:32:32,878 | INFO | Fetching BTCUSDT from 2026-04-07 11:30:00 to 2026-04-07 19:32:32.526930
2026-04-07 19:32:36,093 | INFO | Saved Data/BTCUSDT_futures_volume_5years_5min.csv, rows=239526
2026-04-07 19:32:36,096 | INFO | [BinanceService] Stats avg_volume=753.70 avg_buy=374.22 avg_sell=379.48 avg_ratio=1.12
2026-04-07 19:32:37,446 | INFO | Fetching ETHUSDT from 2026-04-07 11:30:00 to 2026-04-07 19:32:32.526930
2026-04-07 19:32:40,636 | INFO | Saved Data/ETHUSDT_futures_volume_5years_5min.csv, rows=239526
2026-04-07 19:32:40,639 | INFO | [BinanceService] Stats avg_volume=14309.44 avg_buy=7069.17 avg_sell=7240.27 avg_ratio=1.09
2026-04-07 19:32:41,989 | INFO | Fetching SOLUSDT from 2026-04-07 11:30:00 to 2026-04-07 19:32:32.526930
2026-04-07 19:32:45,096 | INFO | Saved Data/SOLUSDT_futures_volume_5years_5min.csv, rows=239526
2026-04-07 19:32:45,099 | INFO | [BinanceService] Stats avg_volume=79127.55 avg_buy=38905.73 avg_sell=40221.82 avg_ratio=1.06
2026-04-07 19:32:46,449 | INFO | Fetching DOGEUSDT from 2026-04-07 11:30:00 to 2026-04-07 19:32:32.526930
2026-04-07 19:32:49,700 | INFO | Saved Data/DOGEUSDT_futures_volume_5years_5min.csv, rows=239526
2026-04-07 19:32:49,704 | INFO | [BinanceService] Stats avg_volume=24281708.05 avg_buy=11865250.15 avg_sell=12416457.90 avg_ratio=1.08
2026-04-07 19:32:51,064 | INFO | Fetching 1000PEPEUSDT from 2026-04-07 11:30:00 to 2026-04-07 19:32:32.526930
2026-04-07 19:32:54,392 | INFO | Saved Data/1000PEPEUSDT_futures_volume_5years_5min.csv, rows=239526
2026-04-07 19:32:54,396 | INFO | [BinanceService] Stats avg_volume=384897134.11 avg_buy=189065118.83 avg_sell=195832015.28 avg_ratio=1.06
2026-04-07 19:32:55,398 | INFO | Sleeping 300s
2026-04-07 19:37:55,399 | INFO | Cycle 180 started
2026-04-07 19:37:55,399 | INFO | Target end_time=2026-04-07 19:37:55.399806
2026-04-07 19:37:55,765 | INFO | Fetching BTCUSDT from 2026-04-07 11:35:00 to 2026-04-07 19:37:55.399806
2026-04-07 19:37:58,950 | INFO | Saved Data/BTCUSDT_futures_volume_5years_5min.csv, rows=239527
2026-04-07 19:37:58,953 | INFO | [BinanceService] Stats avg_volume=753.70 avg_buy=374.22 avg_sell=379.48 avg_ratio=1.12
2026-04-07 19:38:00,298 | INFO | Fetching ETHUSDT from 2026-04-07 11:35:00 to 2026-04-07 19:37:55.399806
2026-04-07 19:38:03,492 | INFO | Saved Data/ETHUSDT_futures_volume_5years_5min.csv, rows=239527
2026-04-07 19:38:03,495 | INFO | [BinanceService] Stats avg_volume=14309.44 avg_buy=7069.17 avg_sell=7240.26 avg_ratio=1.09
2026-04-07 19:38:04,823 | INFO | Fetching SOLUSDT from 2026-04-07 11:35:00 to 2026-04-07 19:37:55.399806
2026-04-07 19:38:07,965 | INFO | Saved Data/SOLUSDT_futures_volume_5years_5min.csv, rows=239527
2026-04-07 19:38:07,968 | INFO | [BinanceService] Stats avg_volume=79127.57 avg_buy=38905.75 avg_sell=40221.82 avg_ratio=1.06
2026-04-07 19:38:09,300 | INFO | Fetching DOGEUSDT from 2026-04-07 11:35:00 to 2026-04-07 19:37:55.399806
2026-04-07 19:38:12,521 | INFO | Saved Data/DOGEUSDT_futures_volume_5years_5min.csv, rows=239527
2026-04-07 19:38:12,524 | INFO | [BinanceService] Stats avg_volume=24281683.16 avg_buy=11865250.98 avg_sell=12416432.17 avg_ratio=1.08
2026-04-07 19:38:13,878 | INFO | Fetching 1000PEPEUSDT from 2026-04-07 11:35:00 to 2026-04-07 19:37:55.399806
2026-04-07 19:38:17,162 | INFO | Saved Data/1000PEPEUSDT_futures_volume_5years_5min.csv, rows=239527
2026-04-07 19:38:17,165 | INFO | [BinanceService] Stats avg_volume=384896821.84 avg_buy=189065212.36 avg_sell=195831609.47 avg_ratio=1.06
2026-04-07 19:38:18,167 | INFO | Sleeping 300s
2026-04-07 19:43:18,168 | INFO | Cycle 181 started
2026-04-07 19:43:18,168 | INFO | Target end_time=2026-04-07 19:43:18.168306
2026-04-07 19:43:18,517 | INFO | Fetching BTCUSDT from 2026-04-07 11:40:00 to 2026-04-07 19:43:18.168306
2026-04-07 19:43:21,855 | INFO | Saved Data/BTCUSDT_futures_volume_5years_5min.csv, rows=239528
2026-04-07 19:43:21,858 | INFO | [BinanceService] Stats avg_volume=753.70 avg_buy=374.22 avg_sell=379.48 avg_ratio=1.12
2026-04-07 19:43:23,212 | INFO | Fetching ETHUSDT from 2026-04-07 11:40:00 to 2026-04-07 19:43:18.168306
2026-04-07 19:43:26,591 | INFO | Saved Data/ETHUSDT_futures_volume_5years_5min.csv, rows=239528
2026-04-07 19:43:26,594 | INFO | [BinanceService] Stats avg_volume=14309.43 avg_buy=7069.18 avg_sell=7240.25 avg_ratio=1.09
2026-04-07 19:43:27,940 | INFO | Fetching SOLUSDT from 2026-04-07 11:40:00 to 2026-04-07 19:43:18.168306
2026-04-07 19:43:31,377 | INFO | Saved Data/SOLUSDT_futures_volume_5years_5min.csv, rows=239528
2026-04-07 19:43:31,380 | INFO | [BinanceService] Stats avg_volume=79127.61 avg_buy=38905.75 avg_sell=40221.86 avg_ratio=1.06
2026-04-07 19:43:32,737 | INFO | Fetching DOGEUSDT from 2026-04-07 11:40:00 to 2026-04-07 19:43:18.168306
2026-04-07 19:43:35,990 | INFO | Saved Data/DOGEUSDT_futures_volume_5years_5min.csv, rows=239528
2026-04-07 19:43:35,993 | INFO | [BinanceService] Stats avg_volume=24281615.92 avg_buy=11865215.43 avg_sell=12416400.50 avg_ratio=1.08
2026-04-07 19:43:37,377 | INFO | Fetching 1000PEPEUSDT from 2026-04-07 11:40:00 to 2026-04-07 19:43:18.168306
2026-04-07 19:43:40,674 | INFO | Saved Data/1000PEPEUSDT_futures_volume_5years_5min.csv, rows=239528
2026-04-07 19:43:40,678 | INFO | [BinanceService] Stats avg_volume=384896009.39 avg_buy=189064777.03 avg_sell=195831232.36 avg_ratio=1.06
2026-04-07 19:43:41,681 | INFO | Sleeping 300s
2026-04-07 19:48:41,682 | INFO | Cycle 182 started
2026-04-07 19:48:41,682 | INFO | Target end_time=2026-04-07 19:48:41.682823
2026-04-07 19:48:42,066 | INFO | Fetching BTCUSDT from 2026-04-07 11:45:00 to 2026-04-07 19:48:41.682823
2026-04-07 19:48:45,399 | INFO | Saved Data/BTCUSDT_futures_volume_5years_5min.csv, rows=239529
2026-04-07 19:48:45,403 | INFO | [BinanceService] Stats avg_volume=753.70 avg_buy=374.22 avg_sell=379.48 avg_ratio=1.12
2026-04-07 19:48:46,763 | INFO | Fetching ETHUSDT from 2026-04-07 11:45:00 to 2026-04-07 19:48:41.682823
2026-04-07 19:48:50,021 | INFO | Saved Data/ETHUSDT_futures_volume_5years_5min.csv, rows=239529
2026-04-07 19:48:50,024 | INFO | [BinanceService] Stats avg_volume=14309.41 avg_buy=7069.17 avg_sell=7240.24 avg_ratio=1.09
2026-04-07 19:48:51,382 | INFO | Fetching SOLUSDT from 2026-04-07 11:45:00 to 2026-04-07 19:48:41.682823
2026-04-07 19:48:54,700 | INFO | Saved Data/SOLUSDT_futures_volume_5years_5min.csv, rows=239529
2026-04-07 19:48:54,704 | INFO | [BinanceService] Stats avg_volume=79127.42 avg_buy=38905.66 avg_sell=40221.75 avg_ratio=1.06
2026-04-07 19:48:56,055 | INFO | Fetching DOGEUSDT from 2026-04-07 11:45:00 to 2026-04-07 19:48:41.682823
2026-04-07 19:48:59,465 | INFO | Saved Data/DOGEUSDT_futures_volume_5years_5min.csv, rows=239529
2026-04-07 19:48:59,468 | INFO | [BinanceService] Stats avg_volume=24281535.89 avg_buy=11865173.19 avg_sell=12416362.70 avg_ratio=1.08
2026-04-07 19:49:00,855 | INFO | Fetching 1000PEPEUSDT from 2026-04-07 11:45:00 to 2026-04-07 19:48:41.682823
2026-04-07 19:49:04,062 | INFO | Saved Data/1000PEPEUSDT_futures_volume_5years_5min.csv, rows=239529
2026-04-07 19:49:04,066 | INFO | [BinanceService] Stats avg_volume=384895331.47 avg_buy=189064578.72 avg_sell=195830752.75 avg_ratio=1.06
2026-04-07 19:49:05,067 | INFO | Sleeping 300s
2026-04-07 19:54:05,068 | INFO | Cycle 183 started
2026-04-07 19:54:05,068 | INFO | Target end_time=2026-04-07 19:54:05.068814
2026-04-07 19:54:05,474 | INFO | Fetching BTCUSDT from 2026-04-07 11:50:00 to 2026-04-07 19:54:05.068814
2026-04-07 19:54:08,902 | INFO | Saved Data/BTCUSDT_futures_volume_5years_5min.csv, rows=239530
2026-04-07 19:54:08,906 | INFO | [BinanceService] Stats avg_volume=753.70 avg_buy=374.22 avg_sell=379.48 avg_ratio=1.12
2026-04-07 19:54:10,254 | INFO | Fetching ETHUSDT from 2026-04-07 11:50:00 to 2026-04-07 19:54:05.068814
2026-04-07 19:54:13,965 | INFO | Saved Data/ETHUSDT_futures_volume_5years_5min.csv, rows=239530
2026-04-07 19:54:13,969 | INFO | [BinanceService] Stats avg_volume=14309.38 avg_buy=7069.16 avg_sell=7240.22 avg_ratio=1.09
2026-04-07 19:54:15,295 | INFO | Fetching SOLUSDT from 2026-04-07 11:50:00 to 2026-04-07 19:54:05.068814
2026-04-07 19:54:18,554 | INFO | Saved Data/SOLUSDT_futures_volume_5years_5min.csv, rows=239530
2026-04-07 19:54:18,557 | INFO | [BinanceService] Stats avg_volume=79127.30 avg_buy=38905.59 avg_sell=40221.72 avg_ratio=1.06
2026-04-07 19:54:19,917 | INFO | Fetching DOGEUSDT from 2026-04-07 11:50:00 to 2026-04-07 19:54:05.068814
2026-04-07 19:54:23,717 | INFO | Saved Data/DOGEUSDT_futures_volume_5years_5min.csv, rows=239530
2026-04-07 19:54:23,720 | INFO | [BinanceService] Stats avg_volume=24281471.99 avg_buy=11865140.11 avg_sell=12416331.89 avg_ratio=1.08
2026-04-07 19:54:25,096 | INFO | Fetching 1000PEPEUSDT from 2026-04-07 11:50:00 to 2026-04-07 19:54:05.068814
2026-04-07 19:54:28,459 | INFO | Saved Data/1000PEPEUSDT_futures_volume_5years_5min.csv, rows=239530
2026-04-07 19:54:28,462 | INFO | [BinanceService] Stats avg_volume=384894382.18 avg_buy=189063995.64 avg_sell=195830386.54 avg_ratio=1.06
2026-04-07 19:54:29,463 | INFO | Sleeping 300s
2026-04-07 19:59:29,464 | INFO | Cycle 184 started
2026-04-07 19:59:29,464 | INFO | Target end_time=2026-04-07 19:59:29.464828
2026-04-07 19:59:29,881 | INFO | Fetching BTCUSDT from 2026-04-07 11:55:00 to 2026-04-07 19:59:29.464828
2026-04-07 19:59:33,464 | INFO | Saved Data/BTCUSDT_futures_volume_5years_5min.csv, rows=239531
2026-04-07 19:59:33,468 | INFO | [BinanceService] Stats avg_volume=753.70 avg_buy=374.22 avg_sell=379.48 avg_ratio=1.12
2026-04-07 19:59:34,804 | INFO | Fetching ETHUSDT from 2026-04-07 11:55:00 to 2026-04-07 19:59:29.464828
2026-04-07 19:59:38,151 | INFO | Saved Data/ETHUSDT_futures_volume_5years_5min.csv, rows=239531
2026-04-07 19:59:38,154 | INFO | [BinanceService] Stats avg_volume=14309.35 avg_buy=7069.15 avg_sell=7240.20 avg_ratio=1.09
2026-04-07 19:59:39,508 | INFO | Fetching SOLUSDT from 2026-04-07 11:55:00 to 2026-04-07 19:59:29.464828
2026-04-07 19:59:42,728 | INFO | Saved Data/SOLUSDT_futures_volume_5years_5min.csv, rows=239531
2026-04-07 19:59:42,732 | INFO | [BinanceService] Stats avg_volume=79127.23 avg_buy=38905.54 avg_sell=40221.68 avg_ratio=1.06
2026-04-07 19:59:44,095 | INFO | Fetching DOGEUSDT from 2026-04-07 11:55:00 to 2026-04-07 19:59:29.464828
2026-04-07 19:59:47,572 | INFO | Saved Data/DOGEUSDT_futures_volume_5years_5min.csv, rows=239531
2026-04-07 19:59:47,576 | INFO | [BinanceService] Stats avg_volume=24281383.23 avg_buy=11865099.74 avg_sell=12416283.49 avg_ratio=1.08
2026-04-07 19:59:48,949 | INFO | Fetching 1000PEPEUSDT from 2026-04-07 11:55:00 to 2026-04-07 19:59:29.464828
2026-04-07 19:59:52,299 | INFO | Saved Data/1000PEPEUSDT_futures_volume_5years_5min.csv, rows=239531
2026-04-07 19:59:52,302 | INFO | [BinanceService] Stats avg_volume=384893506.39 avg_buy=189063461.05 avg_sell=195830045.34 avg_ratio=1.06
2026-04-07 19:59:53,303 | INFO | Sleeping 300s
2026-04-07 20:04:53,304 | INFO | Cycle 185 started
2026-04-07 20:04:53,308 | INFO | Target end_time=2026-04-07 20:04:53.308063
2026-04-07 20:04:53,659 | INFO | Fetching BTCUSDT from 2026-04-07 12:00:00 to 2026-04-07 20:04:53.308063
2026-04-07 20:04:56,998 | INFO | Saved Data/BTCUSDT_futures_volume_5years_5min.csv, rows=239532
2026-04-07 20:04:57,001 | INFO | [BinanceService] Stats avg_volume=753.69 avg_buy=374.22 avg_sell=379.48 avg_ratio=1.12
2026-04-07 20:04:58,354 | INFO | Fetching ETHUSDT from 2026-04-07 12:00:00 to 2026-04-07 20:04:53.308063
2026-04-07 20:05:02,011 | INFO | Saved Data/ETHUSDT_futures_volume_5years_5min.csv, rows=239532
2026-04-07 20:05:02,014 | INFO | [BinanceService] Stats avg_volume=14309.33 avg_buy=7069.14 avg_sell=7240.19 avg_ratio=1.09
2026-04-07 20:05:03,378 | INFO | Fetching SOLUSDT from 2026-04-07 12:00:00 to 2026-04-07 20:04:53.308063
2026-04-07 20:05:07,135 | INFO | Saved Data/SOLUSDT_futures_volume_5years_5min.csv, rows=239532
2026-04-07 20:05:07,138 | INFO | [BinanceService] Stats avg_volume=79127.09 avg_buy=38905.48 avg_sell=40221.61 avg_ratio=1.06
2026-04-07 20:05:08,504 | INFO | Fetching DOGEUSDT from 2026-04-07 12:00:00 to 2026-04-07 20:04:53.308063
2026-04-07 20:05:12,128 | INFO | Saved Data/DOGEUSDT_futures_volume_5years_5min.csv, rows=239532
2026-04-07 20:05:12,131 | INFO | [BinanceService] Stats avg_volume=24281309.49 avg_buy=11865065.05 avg_sell=12416244.44 avg_ratio=1.08
2026-04-07 20:05:13,494 | INFO | Fetching 1000PEPEUSDT from 2026-04-07 12:00:00 to 2026-04-07 20:04:53.308063
2026-04-07 20:05:16,878 | INFO | Saved Data/1000PEPEUSDT_futures_volume_5years_5min.csv, rows=239532
2026-04-07 20:05:16,882 | INFO | [BinanceService] Stats avg_volume=384892538.35 avg_buy=189062934.39 avg_sell=195829603.96 avg_ratio=1.06
2026-04-07 20:05:17,883 | INFO | Sleeping 300s
2026-04-07 20:10:17,885 | INFO | Cycle 186 started
2026-04-07 20:10:17,885 | INFO | Target end_time=2026-04-07 20:10:17.885296
2026-04-07 20:10:18,302 | INFO | Fetching BTCUSDT from 2026-04-07 12:05:00 to 2026-04-07 20:10:17.885296
2026-04-07 20:10:21,783 | INFO | Saved Data/BTCUSDT_futures_volume_5years_5min.csv, rows=239534
2026-04-07 20:10:21,787 | INFO | [BinanceService] Stats avg_volume=753.70 avg_buy=374.22 avg_sell=379.48 avg_ratio=1.12
2026-04-07 20:10:23,140 | INFO | Fetching ETHUSDT from 2026-04-07 12:05:00 to 2026-04-07 20:10:17.885296
2026-04-07 20:10:26,453 | INFO | Saved Data/ETHUSDT_futures_volume_5years_5min.csv, rows=239534
2026-04-07 20:10:26,457 | INFO | [BinanceService] Stats avg_volume=14309.71 avg_buy=7069.29 avg_sell=7240.42 avg_ratio=1.09
2026-04-07 20:10:27,834 | INFO | Fetching SOLUSDT from 2026-04-07 12:05:00 to 2026-04-07 20:10:17.885296
2026-04-07 20:10:31,295 | INFO | Saved Data/SOLUSDT_futures_volume_5years_5min.csv, rows=239534
2026-04-07 20:10:31,299 | INFO | [BinanceService] Stats avg_volume=79128.42 avg_buy=38905.95 avg_sell=40222.46 avg_ratio=1.06
2026-04-07 20:10:32,656 | INFO | Fetching DOGEUSDT from 2026-04-07 12:05:00 to 2026-04-07 20:10:17.885296
2026-04-07 20:10:36,020 | INFO | Saved Data/DOGEUSDT_futures_volume_5years_5min.csv, rows=239534
2026-04-07 20:10:36,024 | INFO | [BinanceService] Stats avg_volume=24281378.80 avg_buy=11865084.33 avg_sell=12416294.47 avg_ratio=1.08
2026-04-07 20:10:37,403 | INFO | Fetching 1000PEPEUSDT from 2026-04-07 12:05:00 to 2026-04-07 20:10:17.885296
2026-04-07 20:10:40,645 | INFO | Saved Data/1000PEPEUSDT_futures_volume_5years_5min.csv, rows=239534
2026-04-07 20:10:40,647 | INFO | [BinanceService] Stats avg_volume=384895665.15 avg_buy=189063730.87 avg_sell=195831934.28 avg_ratio=1.06
2026-04-07 20:10:41,648 | INFO | Sleeping 300s
2026-04-07 20:15:41,649 | INFO | Cycle 187 started
2026-04-07 20:15:41,649 | INFO | Target end_time=2026-04-07 20:15:41.649985
2026-04-07 20:15:42,038 | INFO | Fetching BTCUSDT from 2026-04-07 12:15:00 to 2026-04-07 20:15:41.649985
2026-04-07 20:15:45,417 | INFO | Saved Data/BTCUSDT_futures_volume_5years_5min.csv, rows=239535
2026-04-07 20:15:45,419 | INFO | [BinanceService] Stats avg_volume=753.70 avg_buy=374.22 avg_sell=379.48 avg_ratio=1.12
2026-04-07 20:15:46,794 | INFO | Fetching ETHUSDT from 2026-04-07 12:15:00 to 2026-04-07 20:15:41.649985
2026-04-07 20:15:50,208 | INFO | Saved Data/ETHUSDT_futures_volume_5years_5min.csv, rows=239535
2026-04-07 20:15:50,212 | INFO | [BinanceService] Stats avg_volume=14309.79 avg_buy=7069.33 avg_sell=7240.46 avg_ratio=1.09
2026-04-07 20:15:51,571 | INFO | Fetching SOLUSDT from 2026-04-07 12:15:00 to 2026-04-07 20:15:41.649985
2026-04-07 20:15:55,123 | INFO | Saved Data/SOLUSDT_futures_volume_5years_5min.csv, rows=239535
2026-04-07 20:15:55,127 | INFO | [BinanceService] Stats avg_volume=79128.76 avg_buy=38906.21 avg_sell=40222.55 avg_ratio=1.06
2026-04-07 20:15:56,474 | INFO | Fetching DOGEUSDT from 2026-04-07 12:15:00 to 2026-04-07 20:15:41.649985
2026-04-07 20:15:59,901 | INFO | Saved Data/DOGEUSDT_futures_volume_5years_5min.csv, rows=239535
2026-04-07 20:15:59,904 | INFO | [BinanceService] Stats avg_volume=24281381.19 avg_buy=11865082.54 avg_sell=12416298.65 avg_ratio=1.08
2026-04-07 20:16:01,280 | INFO | Fetching 1000PEPEUSDT from 2026-04-07 12:15:00 to 2026-04-07 20:15:41.649985
2026-04-07 20:16:04,635 | INFO | Saved Data/1000PEPEUSDT_futures_volume_5years_5min.csv, rows=239535
2026-04-07 20:16:04,638 | INFO | [BinanceService] Stats avg_volume=384895683.05 avg_buy=189063609.29 avg_sell=195832073.77 avg_ratio=1.06
2026-04-07 20:16:05,640 | INFO | Sleeping 300s
2026-04-07 20:21:05,642 | INFO | Cycle 188 started
2026-04-07 20:21:05,642 | INFO | Target end_time=2026-04-07 20:21:05.642003
2026-04-07 20:21:05,991 | INFO | Fetching BTCUSDT from 2026-04-07 12:20:00 to 2026-04-07 20:21:05.642003
2026-04-07 20:21:09,141 | INFO | Saved Data/BTCUSDT_futures_volume_5years_5min.csv, rows=239536
2026-04-07 20:21:09,144 | INFO | [BinanceService] Stats avg_volume=753.70 avg_buy=374.22 avg_sell=379.48 avg_ratio=1.12
2026-04-07 20:21:10,500 | INFO | Fetching ETHUSDT from 2026-04-07 12:20:00 to 2026-04-07 20:21:05.642003
2026-04-07 20:21:13,799 | INFO | Saved Data/ETHUSDT_futures_volume_5years_5min.csv, rows=239536
2026-04-07 20:21:13,803 | INFO | [BinanceService] Stats avg_volume=14309.85 avg_buy=7069.35 avg_sell=7240.50 avg_ratio=1.09
2026-04-07 20:21:15,143 | INFO | Fetching SOLUSDT from 2026-04-07 12:20:00 to 2026-04-07 20:21:05.642003
2026-04-07 20:21:18,670 | INFO | Saved Data/SOLUSDT_futures_volume_5years_5min.csv, rows=239536
2026-04-07 20:21:18,673 | INFO | [BinanceService] Stats avg_volume=79129.13 avg_buy=38906.43 avg_sell=40222.70 avg_ratio=1.06
2026-04-07 20:21:19,939 | INFO | Fetching DOGEUSDT from 2026-04-07 12:20:00 to 2026-04-07 20:21:05.642003
2026-04-07 20:21:23,297 | INFO | Saved Data/DOGEUSDT_futures_volume_5years_5min.csv, rows=239536
2026-04-07 20:21:23,300 | INFO | [BinanceService] Stats avg_volume=24281367.21 avg_buy=11865079.56 avg_sell=12416287.65 avg_ratio=1.08
2026-04-07 20:21:24,665 | INFO | Fetching 1000PEPEUSDT from 2026-04-07 12:20:00 to 2026-04-07 20:21:05.642003
2026-04-07 20:21:28,033 | INFO | Saved Data/1000PEPEUSDT_futures_volume_5years_5min.csv, rows=239536
2026-04-07 20:21:28,037 | INFO | [BinanceService] Stats avg_volume=384895194.30 avg_buy=189063378.72 avg_sell=195831815.58 avg_ratio=1.06
2026-04-07 20:21:29,038 | INFO | Sleeping 300s
2026-04-07 20:26:29,038 | INFO | Cycle 189 started
2026-04-07 20:26:29,038 | INFO | Target end_time=2026-04-07 20:26:29.038948
2026-04-07 20:26:29,397 | INFO | Fetching BTCUSDT from 2026-04-07 12:25:00 to 2026-04-07 20:26:29.038948
2026-04-07 20:26:32,640 | INFO | Saved Data/BTCUSDT_futures_volume_5years_5min.csv, rows=239537
2026-04-07 20:26:32,643 | INFO | [BinanceService] Stats avg_volume=753.70 avg_buy=374.22 avg_sell=379.48 avg_ratio=1.12
2026-04-07 20:26:33,991 | INFO | Fetching ETHUSDT from 2026-04-07 12:25:00 to 2026-04-07 20:26:29.038948
2026-04-07 20:26:37,288 | INFO | Saved Data/ETHUSDT_futures_volume_5years_5min.csv, rows=239537
2026-04-07 20:26:37,291 | INFO | [BinanceService] Stats avg_volume=14309.86 avg_buy=7069.36 avg_sell=7240.49 avg_ratio=1.09
2026-04-07 20:26:38,630 | INFO | Fetching SOLUSDT from 2026-04-07 12:25:00 to 2026-04-07 20:26:29.038948
2026-04-07 20:26:42,031 | INFO | Saved Data/SOLUSDT_futures_volume_5years_5min.csv, rows=239537
2026-04-07 20:26:42,035 | INFO | [BinanceService] Stats avg_volume=79129.95 avg_buy=38906.92 avg_sell=40223.03 avg_ratio=1.06
2026-04-07 20:26:43,377 | INFO | Fetching DOGEUSDT from 2026-04-07 12:25:00 to 2026-04-07 20:26:29.038948
2026-04-07 20:26:46,644 | INFO | Saved Data/DOGEUSDT_futures_volume_5years_5min.csv, rows=239537
2026-04-07 20:26:46,647 | INFO | [BinanceService] Stats avg_volume=24281321.60 avg_buy=11865060.53 avg_sell=12416261.07 avg_ratio=1.08
2026-04-07 20:26:48,020 | INFO | Fetching 1000PEPEUSDT from 2026-04-07 12:25:00 to 2026-04-07 20:26:29.038948
2026-04-07 20:26:51,216 | INFO | Saved Data/1000PEPEUSDT_futures_volume_5years_5min.csv, rows=239537
2026-04-07 20:26:51,220 | INFO | [BinanceService] Stats avg_volume=384894440.76 avg_buy=189063081.77 avg_sell=195831358.99 avg_ratio=1.06
2026-04-07 20:26:52,221 | INFO | Sleeping 300s
2026-04-07 20:31:52,221 | INFO | Cycle 190 started
2026-04-07 20:31:52,221 | INFO | Target end_time=2026-04-07 20:31:52.221936
2026-04-07 20:31:52,622 | INFO | Fetching BTCUSDT from 2026-04-07 12:30:00 to 2026-04-07 20:31:52.221936
2026-04-07 20:31:55,914 | INFO | Saved Data/BTCUSDT_futures_volume_5years_5min.csv, rows=239538
2026-04-07 20:31:55,918 | INFO | [BinanceService] Stats avg_volume=753.69 avg_buy=374.22 avg_sell=379.48 avg_ratio=1.12
2026-04-07 20:31:57,263 | INFO | Fetching ETHUSDT from 2026-04-07 12:30:00 to 2026-04-07 20:31:52.221936
2026-04-07 20:32:00,530 | INFO | Saved Data/ETHUSDT_futures_volume_5years_5min.csv, rows=239538
2026-04-07 20:32:00,534 | INFO | [BinanceService] Stats avg_volume=14309.85 avg_buy=7069.36 avg_sell=7240.49 avg_ratio=1.09
2026-04-07 20:32:01,887 | INFO | Fetching SOLUSDT from 2026-04-07 12:30:00 to 2026-04-07 20:31:52.221936
2026-04-07 20:32:05,024 | INFO | Saved Data/SOLUSDT_futures_volume_5years_5min.csv, rows=239538
2026-04-07 20:32:05,028 | INFO | [BinanceService] Stats avg_volume=79129.79 avg_buy=38906.84 avg_sell=40222.95 avg_ratio=1.06
2026-04-07 20:32:06,368 | INFO | Fetching DOGEUSDT from 2026-04-07 12:30:00 to 2026-04-07 20:31:52.221936
2026-04-07 20:32:09,873 | INFO | Saved Data/DOGEUSDT_futures_volume_5years_5min.csv, rows=239538
2026-04-07 20:32:09,875 | INFO | [BinanceService] Stats avg_volume=24281251.67 avg_buy=11865029.78 avg_sell=12416221.89 avg_ratio=1.08
2026-04-07 20:32:11,239 | INFO | Fetching 1000PEPEUSDT from 2026-04-07 12:30:00 to 2026-04-07 20:31:52.221936
2026-04-07 20:32:14,361 | INFO | Saved Data/1000PEPEUSDT_futures_volume_5years_5min.csv, rows=239538
2026-04-07 20:32:14,364 | INFO | [BinanceService] Stats avg_volume=384893542.64 avg_buy=189062682.14 avg_sell=195830860.50 avg_ratio=1.06
2026-04-07 20:32:15,365 | INFO | Sleeping 300s
2026-04-07 20:37:15,367 | INFO | Cycle 191 started
2026-04-07 20:37:15,367 | INFO | Target end_time=2026-04-07 20:37:15.367313
2026-04-07 20:37:15,686 | INFO | Fetching BTCUSDT from 2026-04-07 12:35:00 to 2026-04-07 20:37:15.367313
2026-04-07 20:37:19,002 | INFO | Saved Data/BTCUSDT_futures_volume_5years_5min.csv, rows=239539
2026-04-07 20:37:19,006 | INFO | [BinanceService] Stats avg_volume=753.69 avg_buy=374.22 avg_sell=379.47 avg_ratio=1.12
2026-04-07 20:37:20,367 | INFO | Fetching ETHUSDT from 2026-04-07 12:35:00 to 2026-04-07 20:37:15.367313
2026-04-07 20:37:23,787 | INFO | Saved Data/ETHUSDT_futures_volume_5years_5min.csv, rows=239539
2026-04-07 20:37:23,792 | INFO | [BinanceService] Stats avg_volume=14309.84 avg_buy=7069.36 avg_sell=7240.49 avg_ratio=1.09
2026-04-07 20:37:25,149 | INFO | Fetching SOLUSDT from 2026-04-07 12:35:00 to 2026-04-07 20:37:15.367313
2026-04-07 20:37:28,507 | INFO | Saved Data/SOLUSDT_futures_volume_5years_5min.csv, rows=239539
2026-04-07 20:37:28,511 | INFO | [BinanceService] Stats avg_volume=79129.77 avg_buy=38906.78 avg_sell=40222.99 avg_ratio=1.06
2026-04-07 20:37:29,866 | INFO | Fetching DOGEUSDT from 2026-04-07 12:35:00 to 2026-04-07 20:37:15.367313
2026-04-07 20:37:33,273 | INFO | Saved Data/DOGEUSDT_futures_volume_5years_5min.csv, rows=239539
2026-04-07 20:37:33,276 | INFO | [BinanceService] Stats avg_volume=24281171.38 avg_buy=11864990.99 avg_sell=12416180.39 avg_ratio=1.08
2026-04-07 20:37:34,638 | INFO | Fetching 1000PEPEUSDT from 2026-04-07 12:35:00 to 2026-04-07 20:37:15.367313
2026-04-07 20:37:37,934 | INFO | Saved Data/1000PEPEUSDT_futures_volume_5years_5min.csv, rows=239539
2026-04-07 20:37:37,937 | INFO | [BinanceService] Stats avg_volume=384892374.43 avg_buy=189062137.45 avg_sell=195830236.98 avg_ratio=1.06
2026-04-07 20:37:38,938 | INFO | Sleeping 300s
2026-04-07 20:42:38,939 | INFO | Cycle 192 started
2026-04-07 20:42:38,939 | INFO | Target end_time=2026-04-07 20:42:38.939856
2026-04-07 20:42:39,329 | INFO | Fetching BTCUSDT from 2026-04-07 12:40:00 to 2026-04-07 20:42:38.939856
2026-04-07 20:42:42,606 | INFO | Saved Data/BTCUSDT_futures_volume_5years_5min.csv, rows=239540
2026-04-07 20:42:42,609 | INFO | [BinanceService] Stats avg_volume=753.69 avg_buy=374.22 avg_sell=379.47 avg_ratio=1.12
2026-04-07 20:42:43,971 | INFO | Fetching ETHUSDT from 2026-04-07 12:40:00 to 2026-04-07 20:42:38.939856
2026-04-07 20:42:47,359 | INFO | Saved Data/ETHUSDT_futures_volume_5years_5min.csv, rows=239540
2026-04-07 20:42:47,362 | INFO | [BinanceService] Stats avg_volume=14309.83 avg_buy=7069.35 avg_sell=7240.48 avg_ratio=1.09
2026-04-07 20:42:48,716 | INFO | Fetching SOLUSDT from 2026-04-07 12:40:00 to 2026-04-07 20:42:38.939856
2026-04-07 20:42:52,176 | INFO | Saved Data/SOLUSDT_futures_volume_5years_5min.csv, rows=239540
2026-04-07 20:42:52,179 | INFO | [BinanceService] Stats avg_volume=79129.60 avg_buy=38906.70 avg_sell=40222.90 avg_ratio=1.06
2026-04-07 20:42:53,520 | INFO | Fetching DOGEUSDT from 2026-04-07 12:40:00 to 2026-04-07 20:42:38.939856
2026-04-07 20:42:56,803 | INFO | Saved Data/DOGEUSDT_futures_volume_5years_5min.csv, rows=239540
2026-04-07 20:42:56,806 | INFO | [BinanceService] Stats avg_volume=24281110.46 avg_buy=11864970.70 avg_sell=12416139.76 avg_ratio=1.08
2026-04-07 20:42:58,173 | INFO | Fetching 1000PEPEUSDT from 2026-04-07 12:40:00 to 2026-04-07 20:42:38.939856
2026-04-07 20:43:01,321 | INFO | Saved Data/1000PEPEUSDT_futures_volume_5years_5min.csv, rows=239540
2026-04-07 20:43:01,325 | INFO | [BinanceService] Stats avg_volume=384891174.82 avg_buy=189061565.23 avg_sell=195829609.60 avg_ratio=1.06
2026-04-07 20:43:02,325 | INFO | Sleeping 300s
2026-04-07 20:48:02,327 | INFO | Cycle 193 started
2026-04-07 20:48:02,327 | INFO | Target end_time=2026-04-07 20:48:02.327390
2026-04-07 20:48:02,707 | INFO | Fetching BTCUSDT from 2026-04-07 12:45:00 to 2026-04-07 20:48:02.327390
2026-04-07 20:48:05,988 | INFO | Saved Data/BTCUSDT_futures_volume_5years_5min.csv, rows=239541
2026-04-07 20:48:05,991 | INFO | [BinanceService] Stats avg_volume=753.69 avg_buy=374.22 avg_sell=379.47 avg_ratio=1.12
2026-04-07 20:48:07,330 | INFO | Fetching ETHUSDT from 2026-04-07 12:45:00 to 2026-04-07 20:48:02.327390
2026-04-07 20:48:10,518 | INFO | Saved Data/ETHUSDT_futures_volume_5years_5min.csv, rows=239541
2026-04-07 20:48:10,521 | INFO | [BinanceService] Stats avg_volume=14309.98 avg_buy=7069.41 avg_sell=7240.58 avg_ratio=1.09
2026-04-07 20:48:11,873 | INFO | Fetching SOLUSDT from 2026-04-07 12:45:00 to 2026-04-07 20:48:02.327390
2026-04-07 20:48:15,002 | INFO | Saved Data/SOLUSDT_futures_volume_5years_5min.csv, rows=239541
2026-04-07 20:48:15,005 | INFO | [BinanceService] Stats avg_volume=79129.67 avg_buy=38906.71 avg_sell=40222.96 avg_ratio=1.06
2026-04-07 20:48:16,377 | INFO | Fetching DOGEUSDT from 2026-04-07 12:45:00 to 2026-04-07 20:48:02.327390
2026-04-07 20:48:19,774 | INFO | Saved Data/DOGEUSDT_futures_volume_5years_5min.csv, rows=239541
2026-04-07 20:48:19,778 | INFO | [BinanceService] Stats avg_volume=24281062.43 avg_buy=11864940.83 avg_sell=12416121.60 avg_ratio=1.08
2026-04-07 20:48:21,148 | INFO | Fetching 1000PEPEUSDT from 2026-04-07 12:45:00 to 2026-04-07 20:48:02.327390
2026-04-07 20:48:24,348 | INFO | Saved Data/1000PEPEUSDT_futures_volume_5years_5min.csv, rows=239541
2026-04-07 20:48:24,351 | INFO | [BinanceService] Stats avg_volume=384890692.31 avg_buy=189061140.96 avg_sell=195829551.35 avg_ratio=1.06
2026-04-07 20:48:25,353 | INFO | Sleeping 300s
2026-04-07 20:53:25,354 | INFO | Cycle 194 started
2026-04-07 20:53:25,354 | INFO | Target end_time=2026-04-07 20:53:25.354037
2026-04-07 20:53:25,760 | INFO | Fetching BTCUSDT from 2026-04-07 12:50:00 to 2026-04-07 20:53:25.354037
2026-04-07 20:53:29,038 | INFO | Saved Data/BTCUSDT_futures_volume_5years_5min.csv, rows=239542
2026-04-07 20:53:29,042 | INFO | [BinanceService] Stats avg_volume=753.69 avg_buy=374.21 avg_sell=379.47 avg_ratio=1.12
2026-04-07 20:53:30,397 | INFO | Fetching ETHUSDT from 2026-04-07 12:50:00 to 2026-04-07 20:53:25.354037
2026-04-07 20:53:33,778 | INFO | Saved Data/ETHUSDT_futures_volume_5years_5min.csv, rows=239542
2026-04-07 20:53:33,781 | INFO | [BinanceService] Stats avg_volume=14309.98 avg_buy=7069.41 avg_sell=7240.57 avg_ratio=1.09
2026-04-07 20:53:35,112 | INFO | Fetching SOLUSDT from 2026-04-07 12:50:00 to 2026-04-07 20:53:25.354037
2026-04-07 20:53:38,384 | INFO | Saved Data/SOLUSDT_futures_volume_5years_5min.csv, rows=239542
2026-04-07 20:53:38,388 | INFO | [BinanceService] Stats avg_volume=79129.54 avg_buy=38906.67 avg_sell=40222.87 avg_ratio=1.06
2026-04-07 20:53:39,739 | INFO | Fetching DOGEUSDT from 2026-04-07 12:50:00 to 2026-04-07 20:53:25.354037
2026-04-07 20:53:42,940 | INFO | Saved Data/DOGEUSDT_futures_volume_5years_5min.csv, rows=239542
2026-04-07 20:53:42,943 | INFO | [BinanceService] Stats avg_volume=24280990.39 avg_buy=11864907.63 avg_sell=12416082.76 avg_ratio=1.08
2026-04-07 20:53:44,308 | INFO | Fetching 1000PEPEUSDT from 2026-04-07 12:50:00 to 2026-04-07 20:53:25.354037
2026-04-07 20:53:47,671 | INFO | Saved Data/1000PEPEUSDT_futures_volume_5years_5min.csv, rows=239542
2026-04-07 20:53:47,674 | INFO | [BinanceService] Stats avg_volume=384889666.87 avg_buy=189060603.83 avg_sell=195829063.05 avg_ratio=1.06
2026-04-07 20:53:48,676 | INFO | Sleeping 300s
2026-04-07 20:58:48,677 | INFO | Cycle 195 started
2026-04-07 20:58:48,677 | INFO | Target end_time=2026-04-07 20:58:48.677073
2026-04-07 20:58:49,079 | INFO | Fetching BTCUSDT from 2026-04-07 12:55:00 to 2026-04-07 20:58:48.677073
2026-04-07 20:58:52,418 | INFO | Saved Data/BTCUSDT_futures_volume_5years_5min.csv, rows=239543
2026-04-07 20:58:52,422 | INFO | [BinanceService] Stats avg_volume=753.69 avg_buy=374.22 avg_sell=379.47 avg_ratio=1.12
2026-04-07 20:58:53,777 | INFO | Fetching ETHUSDT from 2026-04-07 12:55:00 to 2026-04-07 20:58:48.677073
2026-04-07 20:58:57,046 | INFO | Saved Data/ETHUSDT_futures_volume_5years_5min.csv, rows=239543
2026-04-07 20:58:57,049 | INFO | [BinanceService] Stats avg_volume=14310.19 avg_buy=7069.54 avg_sell=7240.65 avg_ratio=1.09
2026-04-07 20:58:58,400 | INFO | Fetching SOLUSDT from 2026-04-07 12:55:00 to 2026-04-07 20:58:48.677073
2026-04-07 20:59:01,778 | INFO | Saved Data/SOLUSDT_futures_volume_5years_5min.csv, rows=239543
2026-04-07 20:59:01,781 | INFO | [BinanceService] Stats avg_volume=79130.24 avg_buy=38906.87 avg_sell=40223.38 avg_ratio=1.06
2026-04-07 20:59:03,120 | INFO | Fetching DOGEUSDT from 2026-04-07 12:55:00 to 2026-04-07 20:58:48.677073
2026-04-07 20:59:07,218 | INFO | Saved Data/DOGEUSDT_futures_volume_5years_5min.csv, rows=239543
2026-04-07 20:59:07,221 | INFO | [BinanceService] Stats avg_volume=24281049.80 avg_buy=11864964.10 avg_sell=12416085.70 avg_ratio=1.08
2026-04-07 20:59:08,590 | INFO | Fetching 1000PEPEUSDT from 2026-04-07 12:55:00 to 2026-04-07 20:58:48.677073
2026-04-07 20:59:11,811 | INFO | Saved Data/1000PEPEUSDT_futures_volume_5years_5min.csv, rows=239543
2026-04-07 20:59:11,821 | INFO | [BinanceService] Stats avg_volume=384890953.08 avg_buy=189061325.23 avg_sell=195829627.85 avg_ratio=1.06
2026-04-07 20:59:12,822 | INFO | Sleeping 300s
2026-04-07 21:04:12,823 | INFO | Cycle 196 started
2026-04-07 21:04:12,823 | INFO | Target end_time=2026-04-07 21:04:12.823710
2026-04-07 21:04:13,213 | INFO | Fetching BTCUSDT from 2026-04-07 13:00:00 to 2026-04-07 21:04:12.823710
2026-04-07 21:04:16,648 | INFO | Saved Data/BTCUSDT_futures_volume_5years_5min.csv, rows=239544
2026-04-07 21:04:16,651 | INFO | [BinanceService] Stats avg_volume=753.69 avg_buy=374.22 avg_sell=379.47 avg_ratio=1.12
2026-04-07 21:04:18,007 | INFO | Fetching ETHUSDT from 2026-04-07 13:00:00 to 2026-04-07 21:04:12.823710
2026-04-07 21:04:21,323 | INFO | Saved Data/ETHUSDT_futures_volume_5years_5min.csv, rows=239544
2026-04-07 21:04:21,325 | INFO | [BinanceService] Stats avg_volume=14310.21 avg_buy=7069.54 avg_sell=7240.66 avg_ratio=1.09
2026-04-07 21:04:22,674 | INFO | Fetching SOLUSDT from 2026-04-07 13:00:00 to 2026-04-07 21:04:12.823710
2026-04-07 21:04:25,933 | INFO | Saved Data/SOLUSDT_futures_volume_5years_5min.csv, rows=239544
2026-04-07 21:04:25,936 | INFO | [BinanceService] Stats avg_volume=79130.25 avg_buy=38906.88 avg_sell=40223.37 avg_ratio=1.06
2026-04-07 21:04:27,291 | INFO | Fetching DOGEUSDT from 2026-04-07 13:00:00 to 2026-04-07 21:04:12.823710
2026-04-07 21:04:30,693 | INFO | Saved Data/DOGEUSDT_futures_volume_5years_5min.csv, rows=239544
2026-04-07 21:04:30,696 | INFO | [BinanceService] Stats avg_volume=24281011.07 avg_buy=11864937.78 avg_sell=12416073.28 avg_ratio=1.08
2026-04-07 21:04:32,068 | INFO | Fetching 1000PEPEUSDT from 2026-04-07 13:00:00 to 2026-04-07 21:04:12.823710
2026-04-07 21:04:35,283 | INFO | Saved Data/1000PEPEUSDT_futures_volume_5years_5min.csv, rows=239544
2026-04-07 21:04:35,286 | INFO | [BinanceService] Stats avg_volume=384891031.84 avg_buy=189061458.81 avg_sell=195829573.03 avg_ratio=1.06
2026-04-07 21:04:36,287 | INFO | Sleeping 300s
2026-04-07 21:09:36,288 | INFO | Cycle 197 started
2026-04-07 21:09:36,288 | INFO | Target end_time=2026-04-07 21:09:36.288591
2026-04-07 21:09:36,683 | INFO | Fetching BTCUSDT from 2026-04-07 13:05:00 to 2026-04-07 21:09:36.288591
2026-04-07 21:09:39,921 | INFO | Saved Data/BTCUSDT_futures_volume_5years_5min.csv, rows=239545
2026-04-07 21:09:39,925 | INFO | [BinanceService] Stats avg_volume=753.69 avg_buy=374.22 avg_sell=379.47 avg_ratio=1.12
2026-04-07 21:09:41,275 | INFO | Fetching ETHUSDT from 2026-04-07 13:05:00 to 2026-04-07 21:09:36.288591
2026-04-07 21:09:44,524 | INFO | Saved Data/ETHUSDT_futures_volume_5years_5min.csv, rows=239545
2026-04-07 21:09:44,528 | INFO | [BinanceService] Stats avg_volume=14310.28 avg_buy=7069.60 avg_sell=7240.69 avg_ratio=1.09
2026-04-07 21:09:45,863 | INFO | Fetching SOLUSDT from 2026-04-07 13:05:00 to 2026-04-07 21:09:36.288591
2026-04-07 21:09:49,239 | INFO | Saved Data/SOLUSDT_futures_volume_5years_5min.csv, rows=239545
2026-04-07 21:09:49,243 | INFO | [BinanceService] Stats avg_volume=79130.38 avg_buy=38907.01 avg_sell=40223.38 avg_ratio=1.06
2026-04-07 21:09:50,607 | INFO | Fetching DOGEUSDT from 2026-04-07 13:05:00 to 2026-04-07 21:09:36.288591
2026-04-07 21:09:54,069 | INFO | Saved Data/DOGEUSDT_futures_volume_5years_5min.csv, rows=239545
2026-04-07 21:09:54,071 | INFO | [BinanceService] Stats avg_volume=24281030.93 avg_buy=11864982.50 avg_sell=12416048.43 avg_ratio=1.08
2026-04-07 21:09:55,441 | INFO | Fetching 1000PEPEUSDT from 2026-04-07 13:05:00 to 2026-04-07 21:09:36.288591
2026-04-07 21:09:58,787 | INFO | Saved Data/1000PEPEUSDT_futures_volume_5years_5min.csv, rows=239545
2026-04-07 21:09:58,790 | INFO | [BinanceService] Stats avg_volume=384890937.78 avg_buy=189061516.10 avg_sell=195829421.68 avg_ratio=1.06
2026-04-07 21:09:59,792 | INFO | Sleeping 300s
2026-04-07 21:14:59,793 | INFO | Cycle 198 started
2026-04-07 21:14:59,793 | INFO | Target end_time=2026-04-07 21:14:59.793018
2026-04-07 21:15:00,156 | INFO | Fetching BTCUSDT from 2026-04-07 13:10:00 to 2026-04-07 21:14:59.793018
2026-04-07 21:15:03,639 | INFO | Saved Data/BTCUSDT_futures_volume_5years_5min.csv, rows=239546
2026-04-07 21:15:03,643 | INFO | [BinanceService] Stats avg_volume=753.69 avg_buy=374.22 avg_sell=379.47 avg_ratio=1.12
2026-04-07 21:15:04,996 | INFO | Fetching ETHUSDT from 2026-04-07 13:10:00 to 2026-04-07 21:14:59.793018
2026-04-07 21:15:08,322 | INFO | Saved Data/ETHUSDT_futures_volume_5years_5min.csv, rows=239546
2026-04-07 21:15:08,326 | INFO | [BinanceService] Stats avg_volume=14310.28 avg_buy=7069.60 avg_sell=7240.68 avg_ratio=1.09
2026-04-07 21:15:09,662 | INFO | Fetching SOLUSDT from 2026-04-07 13:10:00 to 2026-04-07 21:14:59.793018
2026-04-07 21:15:12,987 | INFO | Saved Data/SOLUSDT_futures_volume_5years_5min.csv, rows=239546
2026-04-07 21:15:12,990 | INFO | [BinanceService] Stats avg_volume=79130.36 avg_buy=38906.97 avg_sell=40223.39 avg_ratio=1.06
2026-04-07 21:15:14,354 | INFO | Fetching DOGEUSDT from 2026-04-07 13:10:00 to 2026-04-07 21:14:59.793018
2026-04-07 21:15:17,623 | INFO | Saved Data/DOGEUSDT_futures_volume_5years_5min.csv, rows=239546
2026-04-07 21:15:17,626 | INFO | [BinanceService] Stats avg_volume=24280983.00 avg_buy=11864953.15 avg_sell=12416029.85 avg_ratio=1.08
2026-04-07 21:15:18,997 | INFO | Fetching 1000PEPEUSDT from 2026-04-07 13:10:00 to 2026-04-07 21:14:59.793018
2026-04-07 21:15:22,322 | INFO | Saved Data/1000PEPEUSDT_futures_volume_5years_5min.csv, rows=239546
2026-04-07 21:15:22,325 | INFO | [BinanceService] Stats avg_volume=384890312.13 avg_buy=189061185.62 avg_sell=195829126.52 avg_ratio=1.06
2026-04-07 21:15:23,326 | INFO | Sleeping 300s
2026-04-07 21:20:23,327 | INFO | Cycle 199 started
2026-04-07 21:20:23,327 | INFO | Target end_time=2026-04-07 21:20:23.327991
2026-04-07 21:20:23,725 | INFO | Fetching BTCUSDT from 2026-04-07 13:15:00 to 2026-04-07 21:20:23.327991
2026-04-07 21:20:27,174 | INFO | Saved Data/BTCUSDT_futures_volume_5years_5min.csv, rows=239548
2026-04-07 21:20:27,178 | INFO | [BinanceService] Stats avg_volume=753.69 avg_buy=374.22 avg_sell=379.47 avg_ratio=1.12
2026-04-07 21:20:28,528 | INFO | Fetching ETHUSDT from 2026-04-07 13:15:00 to 2026-04-07 21:20:23.327991
2026-04-07 21:20:31,782 | INFO | Saved Data/ETHUSDT_futures_volume_5years_5min.csv, rows=239548
2026-04-07 21:20:31,785 | INFO | [BinanceService] Stats avg_volume=14310.22 avg_buy=7069.56 avg_sell=7240.67 avg_ratio=1.09
2026-04-07 21:20:33,132 | INFO | Fetching SOLUSDT from 2026-04-07 13:15:00 to 2026-04-07 21:20:23.327991
2026-04-07 21:20:36,540 | INFO | Saved Data/SOLUSDT_futures_volume_5years_5min.csv, rows=239548
2026-04-07 21:20:36,543 | INFO | [BinanceService] Stats avg_volume=79129.91 avg_buy=38906.76 avg_sell=40223.14 avg_ratio=1.06
2026-04-07 21:20:37,870 | INFO | Fetching DOGEUSDT from 2026-04-07 13:15:00 to 2026-04-07 21:20:23.327991
2026-04-07 21:20:41,094 | INFO | Saved Data/DOGEUSDT_futures_volume_5years_5min.csv, rows=239548
2026-04-07 21:20:41,097 | INFO | [BinanceService] Stats avg_volume=24280814.82 avg_buy=11864868.56 avg_sell=12415946.26 avg_ratio=1.08
2026-04-07 21:20:42,460 | INFO | Fetching 1000PEPEUSDT from 2026-04-07 13:15:00 to 2026-04-07 21:20:23.327991
2026-04-07 21:20:45,650 | INFO | Saved Data/1000PEPEUSDT_futures_volume_5years_5min.csv, rows=239548
2026-04-07 21:20:45,655 | INFO | [BinanceService] Stats avg_volume=384888158.89 avg_buy=189060027.34 avg_sell=195828131.55 avg_ratio=1.06
2026-04-07 21:20:46,657 | INFO | Sleeping 300s
2026-04-07 21:25:46,658 | INFO | Cycle 200 started
2026-04-07 21:25:46,658 | INFO | Target end_time=2026-04-07 21:25:46.658159
2026-04-07 21:25:47,008 | INFO | Fetching BTCUSDT from 2026-04-07 13:25:00 to 2026-04-07 21:25:46.658159
2026-04-07 21:25:50,286 | INFO | Saved Data/BTCUSDT_futures_volume_5years_5min.csv, rows=239549
2026-04-07 21:25:50,289 | INFO | [BinanceService] Stats avg_volume=753.69 avg_buy=374.22 avg_sell=379.47 avg_ratio=1.12
2026-04-07 21:25:51,655 | INFO | Fetching ETHUSDT from 2026-04-07 13:25:00 to 2026-04-07 21:25:46.658159
2026-04-07 21:25:54,984 | INFO | Saved Data/ETHUSDT_futures_volume_5years_5min.csv, rows=239549
2026-04-07 21:25:54,988 | INFO | [BinanceService] Stats avg_volume=14310.21 avg_buy=7069.56 avg_sell=7240.66 avg_ratio=1.09
2026-04-07 21:25:56,318 | INFO | Fetching SOLUSDT from 2026-04-07 13:25:00 to 2026-04-07 21:25:46.658159
2026-04-07 21:25:59,597 | INFO | Saved Data/SOLUSDT_futures_volume_5years_5min.csv, rows=239549
2026-04-07 21:25:59,601 | INFO | [BinanceService] Stats avg_volume=79129.81 avg_buy=38906.67 avg_sell=40223.14 avg_ratio=1.06
2026-04-07 21:26:00,939 | INFO | Fetching DOGEUSDT from 2026-04-07 13:25:00 to 2026-04-07 21:25:46.658159
2026-04-07 21:26:04,219 | INFO | Saved Data/DOGEUSDT_futures_volume_5years_5min.csv, rows=239549
2026-04-07 21:26:04,222 | INFO | [BinanceService] Stats avg_volume=24280739.67 avg_buy=11864830.28 avg_sell=12415909.39 avg_ratio=1.08
2026-04-07 21:26:05,578 | INFO | Fetching 1000PEPEUSDT from 2026-04-07 13:25:00 to 2026-04-07 21:25:46.658159
2026-04-07 21:26:08,883 | INFO | Saved Data/1000PEPEUSDT_futures_volume_5years_5min.csv, rows=239549
2026-04-07 21:26:08,886 | INFO | [BinanceService] Stats avg_volume=384887999.68 avg_buy=189059636.83 avg_sell=195828362.85 avg_ratio=1.06
2026-04-07 21:26:09,888 | INFO | Sleeping 300s
2026-04-07 21:31:09,888 | INFO | Cycle 201 started
2026-04-07 21:31:09,888 | INFO | Target end_time=2026-04-07 21:31:09.888753
2026-04-07 21:31:10,237 | INFO | Fetching BTCUSDT from 2026-04-07 13:30:00 to 2026-04-07 21:31:09.888753
2026-04-07 21:31:13,573 | INFO | Saved Data/BTCUSDT_futures_volume_5years_5min.csv, rows=239550
2026-04-07 21:31:13,577 | INFO | [BinanceService] Stats avg_volume=753.69 avg_buy=374.21 avg_sell=379.47 avg_ratio=1.12
2026-04-07 21:31:14,947 | INFO | Fetching ETHUSDT from 2026-04-07 13:30:00 to 2026-04-07 21:31:09.888753
2026-04-07 21:31:18,608 | INFO | Saved Data/ETHUSDT_futures_volume_5years_5min.csv, rows=239550
2026-04-07 21:31:18,612 | INFO | [BinanceService] Stats avg_volume=14310.20 avg_buy=7069.56 avg_sell=7240.65 avg_ratio=1.09
2026-04-07 21:31:19,972 | INFO | Fetching SOLUSDT from 2026-04-07 13:30:00 to 2026-04-07 21:31:09.888753
2026-04-07 21:31:23,359 | INFO | Saved Data/SOLUSDT_futures_volume_5years_5min.csv, rows=239550
2026-04-07 21:31:23,362 | INFO | [BinanceService] Stats avg_volume=79129.92 avg_buy=38906.76 avg_sell=40223.17 avg_ratio=1.06
2026-04-07 21:31:24,719 | INFO | Fetching DOGEUSDT from 2026-04-07 13:30:00 to 2026-04-07 21:31:09.888753
2026-04-07 21:31:28,196 | INFO | Saved Data/DOGEUSDT_futures_volume_5years_5min.csv, rows=239550
2026-04-07 21:31:28,199 | INFO | [BinanceService] Stats avg_volume=24280688.29 avg_buy=11864809.32 avg_sell=12415878.98 avg_ratio=1.08
2026-04-07 21:31:29,556 | INFO | Fetching 1000PEPEUSDT from 2026-04-07 13:30:00 to 2026-04-07 21:31:09.888753
2026-04-07 21:31:32,789 | INFO | Saved Data/1000PEPEUSDT_futures_volume_5years_5min.csv, rows=239550
2026-04-07 21:31:32,792 | INFO | [BinanceService] Stats avg_volume=384887916.99 avg_buy=189059665.24 avg_sell=195828251.75 avg_ratio=1.06
2026-04-07 21:31:33,793 | INFO | Sleeping 300s
2026-04-07 21:36:33,794 | INFO | Cycle 202 started
2026-04-07 21:36:33,794 | INFO | Target end_time=2026-04-07 21:36:33.794751
2026-04-07 21:36:34,135 | INFO | Fetching BTCUSDT from 2026-04-07 13:35:00 to 2026-04-07 21:36:33.794751
2026-04-07 21:36:37,488 | INFO | Saved Data/BTCUSDT_futures_volume_5years_5min.csv, rows=239551
2026-04-07 21:36:37,492 | INFO | [BinanceService] Stats avg_volume=753.69 avg_buy=374.21 avg_sell=379.47 avg_ratio=1.12
2026-04-07 21:36:38,868 | INFO | Fetching ETHUSDT from 2026-04-07 13:35:00 to 2026-04-07 21:36:33.794751
2026-04-07 21:36:42,195 | INFO | Saved Data/ETHUSDT_futures_volume_5years_5min.csv, rows=239551
2026-04-07 21:36:42,198 | INFO | [BinanceService] Stats avg_volume=14310.26 avg_buy=7069.58 avg_sell=7240.68 avg_ratio=1.09
2026-04-07 21:36:43,555 | INFO | Fetching SOLUSDT from 2026-04-07 13:35:00 to 2026-04-07 21:36:33.794751
2026-04-07 21:36:46,892 | INFO | Saved Data/SOLUSDT_futures_volume_5years_5min.csv, rows=239551
2026-04-07 21:36:46,894 | INFO | [BinanceService] Stats avg_volume=79129.85 avg_buy=38906.76 avg_sell=40223.09 avg_ratio=1.06
2026-04-07 21:36:48,247 | INFO | Fetching DOGEUSDT from 2026-04-07 13:35:00 to 2026-04-07 21:36:33.794751
2026-04-07 21:36:51,452 | INFO | Saved Data/DOGEUSDT_futures_volume_5years_5min.csv, rows=239551
2026-04-07 21:36:51,456 | INFO | [BinanceService] Stats avg_volume=24280619.38 avg_buy=11864774.00 avg_sell=12415845.37 avg_ratio=1.08
2026-04-07 21:36:52,777 | INFO | Fetching 1000PEPEUSDT from 2026-04-07 13:35:00 to 2026-04-07 21:36:33.794751
2026-04-07 21:36:56,055 | INFO | Saved Data/1000PEPEUSDT_futures_volume_5years_5min.csv, rows=239551
2026-04-07 21:36:56,058 | INFO | [BinanceService] Stats avg_volume=384887077.51 avg_buy=189059221.00 avg_sell=195827856.51 avg_ratio=1.06
2026-04-07 21:36:57,059 | INFO | Sleeping 300s
